Execute       source -notrace -encoding utf-8 /home/abdullah/Xilinx/2025.2/Vitis/tps/tcl/tcl8.6/clock.tcl 
Execute         source -encoding utf-8 /home/abdullah/Xilinx/2025.2/tps/tcl/tcl8/8.5/msgcat-1.6.1.tm 
INFO-FLOW: Workspace /home/abdullah/Desktop/CNN-on-FPGA/hls_component/top/hls opened at Sun Mar 15 23:46:13 PKT 2026
Execute       send_msg_by_id INFO @200-1505@%s%s default  vivado 
INFO: [HLS 200-1505] Using default flow_target 'vivado'
Execute       send_msg_by_id INFO @200-2174@%s%s component hls_config.cfg 
INFO: [HLS 200-2174] Applying component config ini file hls_config.cfg
Execute       apply_ini hls_config.cfg 
Execute         send_msg_by_id INFO @200-1465@%s 'syn.file=../src/dense.h' from hls_config.cfg(8) 
INFO: [HLS 200-1465] Applying config ini 'syn.file=../src/dense.h' from hls_config.cfg(8)
Execute         add_files /home/abdullah/Desktop/CNN-on-FPGA/src/dense.h 
INFO: [HLS 200-10] Adding design file '/home/abdullah/Desktop/CNN-on-FPGA/src/dense.h' to the project
Execute         send_msg_by_id INFO @200-1465@%s 'syn.file=../src/conv.h' from hls_config.cfg(9) 
INFO: [HLS 200-1465] Applying config ini 'syn.file=../src/conv.h' from hls_config.cfg(9)
Execute         add_files /home/abdullah/Desktop/CNN-on-FPGA/src/conv.h 
INFO: [HLS 200-10] Adding design file '/home/abdullah/Desktop/CNN-on-FPGA/src/conv.h' to the project
Execute         send_msg_by_id INFO @200-1465@%s 'syn.file=../src/pool.h' from hls_config.cfg(10) 
INFO: [HLS 200-1465] Applying config ini 'syn.file=../src/pool.h' from hls_config.cfg(10)
Execute         add_files /home/abdullah/Desktop/CNN-on-FPGA/src/pool.h 
INFO: [HLS 200-10] Adding design file '/home/abdullah/Desktop/CNN-on-FPGA/src/pool.h' to the project
Execute         send_msg_by_id INFO @200-1465@%s 'syn.file=../src/labels.h' from hls_config.cfg(11) 
INFO: [HLS 200-1465] Applying config ini 'syn.file=../src/labels.h' from hls_config.cfg(11)
Execute         add_files /home/abdullah/Desktop/CNN-on-FPGA/src/labels.h 
INFO: [HLS 200-10] Adding design file '/home/abdullah/Desktop/CNN-on-FPGA/src/labels.h' to the project
Execute         send_msg_by_id INFO @200-1465@%s 'syn.file=../src/mnist_dataset.h' from hls_config.cfg(12) 
INFO: [HLS 200-1465] Applying config ini 'syn.file=../src/mnist_dataset.h' from hls_config.cfg(12)
Execute         add_files /home/abdullah/Desktop/CNN-on-FPGA/src/mnist_dataset.h 
INFO: [HLS 200-10] Adding design file '/home/abdullah/Desktop/CNN-on-FPGA/src/mnist_dataset.h' to the project
Execute         send_msg_by_id INFO @200-1465@%s 'syn.file=../src/fc1_weight.h' from hls_config.cfg(13) 
INFO: [HLS 200-1465] Applying config ini 'syn.file=../src/fc1_weight.h' from hls_config.cfg(13)
Execute         add_files /home/abdullah/Desktop/CNN-on-FPGA/src/fc1_weight.h 
INFO: [HLS 200-10] Adding design file '/home/abdullah/Desktop/CNN-on-FPGA/src/fc1_weight.h' to the project
Execute         send_msg_by_id INFO @200-1465@%s 'syn.file=../src/fc1_bias.h' from hls_config.cfg(14) 
INFO: [HLS 200-1465] Applying config ini 'syn.file=../src/fc1_bias.h' from hls_config.cfg(14)
Execute         add_files /home/abdullah/Desktop/CNN-on-FPGA/src/fc1_bias.h 
INFO: [HLS 200-10] Adding design file '/home/abdullah/Desktop/CNN-on-FPGA/src/fc1_bias.h' to the project
Execute         send_msg_by_id INFO @200-1465@%s 'syn.file=../src/conv2_weight.h' from hls_config.cfg(15) 
INFO: [HLS 200-1465] Applying config ini 'syn.file=../src/conv2_weight.h' from hls_config.cfg(15)
Execute         add_files /home/abdullah/Desktop/CNN-on-FPGA/src/conv2_weight.h 
INFO: [HLS 200-10] Adding design file '/home/abdullah/Desktop/CNN-on-FPGA/src/conv2_weight.h' to the project
Execute         send_msg_by_id INFO @200-1465@%s 'syn.file=../src/conv2_bias.h' from hls_config.cfg(16) 
INFO: [HLS 200-1465] Applying config ini 'syn.file=../src/conv2_bias.h' from hls_config.cfg(16)
Execute         add_files /home/abdullah/Desktop/CNN-on-FPGA/src/conv2_bias.h 
INFO: [HLS 200-10] Adding design file '/home/abdullah/Desktop/CNN-on-FPGA/src/conv2_bias.h' to the project
Execute         send_msg_by_id INFO @200-1465@%s 'syn.file=../src/conv1_weight.h' from hls_config.cfg(17) 
INFO: [HLS 200-1465] Applying config ini 'syn.file=../src/conv1_weight.h' from hls_config.cfg(17)
Execute         add_files /home/abdullah/Desktop/CNN-on-FPGA/src/conv1_weight.h 
INFO: [HLS 200-10] Adding design file '/home/abdullah/Desktop/CNN-on-FPGA/src/conv1_weight.h' to the project
Execute         send_msg_by_id INFO @200-1465@%s 'syn.file=../src/conv1_bias.h' from hls_config.cfg(18) 
INFO: [HLS 200-1465] Applying config ini 'syn.file=../src/conv1_bias.h' from hls_config.cfg(18)
Execute         add_files /home/abdullah/Desktop/CNN-on-FPGA/src/conv1_bias.h 
INFO: [HLS 200-10] Adding design file '/home/abdullah/Desktop/CNN-on-FPGA/src/conv1_bias.h' to the project
Execute         send_msg_by_id INFO @200-1465@%s 'syn.file=../src/conv.cpp' from hls_config.cfg(19) 
INFO: [HLS 200-1465] Applying config ini 'syn.file=../src/conv.cpp' from hls_config.cfg(19)
Execute         add_files /home/abdullah/Desktop/CNN-on-FPGA/src/conv.cpp 
INFO: [HLS 200-10] Adding design file '/home/abdullah/Desktop/CNN-on-FPGA/src/conv.cpp' to the project
Execute         send_msg_by_id INFO @200-1465@%s 'syn.file=../src/dense.cpp' from hls_config.cfg(20) 
INFO: [HLS 200-1465] Applying config ini 'syn.file=../src/dense.cpp' from hls_config.cfg(20)
Execute         add_files /home/abdullah/Desktop/CNN-on-FPGA/src/dense.cpp 
INFO: [HLS 200-10] Adding design file '/home/abdullah/Desktop/CNN-on-FPGA/src/dense.cpp' to the project
Execute         send_msg_by_id INFO @200-1465@%s 'syn.file=../src/eight.cpp' from hls_config.cfg(21) 
INFO: [HLS 200-1465] Applying config ini 'syn.file=../src/eight.cpp' from hls_config.cfg(21)
Execute         add_files /home/abdullah/Desktop/CNN-on-FPGA/src/eight.cpp 
INFO: [HLS 200-10] Adding design file '/home/abdullah/Desktop/CNN-on-FPGA/src/eight.cpp' to the project
Execute         send_msg_by_id INFO @200-1465@%s 'syn.file=../src/pool.cpp' from hls_config.cfg(22) 
INFO: [HLS 200-1465] Applying config ini 'syn.file=../src/pool.cpp' from hls_config.cfg(22)
Execute         add_files /home/abdullah/Desktop/CNN-on-FPGA/src/pool.cpp 
INFO: [HLS 200-10] Adding design file '/home/abdullah/Desktop/CNN-on-FPGA/src/pool.cpp' to the project
Execute         send_msg_by_id INFO @200-1465@%s 'tb.file=../src/testbench.cpp' from hls_config.cfg(23) 
INFO: [HLS 200-1465] Applying config ini 'tb.file=../src/testbench.cpp' from hls_config.cfg(23)
Execute         add_files -tb /home/abdullah/Desktop/CNN-on-FPGA/src/testbench.cpp 
INFO: [HLS 200-10] Adding test bench file '/home/abdullah/Desktop/CNN-on-FPGA/src/testbench.cpp' to the project
Execute         send_msg_by_id INFO @200-1465@%s 'syn.top=top' from hls_config.cfg(7) 
INFO: [HLS 200-1465] Applying config ini 'syn.top=top' from hls_config.cfg(7)
Execute         set_top top 
Execute         send_msg_by_id INFO @200-1465@%s 'flow_target=vivado' from hls_config.cfg(4) 
INFO: [HLS 200-1465] Applying config ini 'flow_target=vivado' from hls_config.cfg(4)
Execute         send_msg_by_id INFO @200-1505@%s%s  vivado 
INFO: [HLS 200-1505] Using flow_target 'vivado'
Execute         send_msg_by_id INFO @200-1465@%s 'part=xc7z020clg484-1' from hls_config.cfg(1) 
INFO: [HLS 200-1465] Applying config ini 'part=xc7z020clg484-1' from hls_config.cfg(1)
Execute         set_part xc7z020clg484-1 
Execute           create_platform xc7z020clg484-1 -board  
DBG:HLSDevice: Trying to load device library: /home/abdullah/Xilinx/2025.2/Vitis/lib/lnx64.o/libxv_hlsvwrap.so
DBG:HLSDevice: first parts/arch.xml in RDI_DATADIR: /home/abdullah/Xilinx/2025.2/Vivado/data/parts/arch.xml
DBG:HLSDevice: init success
INFO: [HLS 200-1611] Setting target device to 'xc7z020-clg484-1'
Command           create_platform done; 0.14 sec.
Execute           source /home/abdullah/Xilinx/2025.2/Vitis/common/technology/xilinx/common/xilinx.gen 
Execute             source /home/abdullah/Xilinx/2025.2/Vitis/common/technology/xilinx/interface/plb46.gen 
Execute             source /home/abdullah/Xilinx/2025.2/Vitis/common/technology/xilinx/interface/axi4.gen 
Execute             source /home/abdullah/Xilinx/2025.2/Vitis/common/technology/xilinx/interface/nativeAXI4.gen 
Execute               source /home/abdullah/Xilinx/2025.2/Vitis/common/technology/xilinx/interface/saxilite.gen 
Execute             source /home/abdullah/Xilinx/2025.2/Vitis/common/technology/xilinx/scripts/xilinxcoregen.gen 
Execute             source /home/abdullah/Xilinx/2025.2/Vitis/common/technology/xilinx/interface/XilEDKCoreGen.gen 
Execute             source /home/abdullah/Xilinx/2025.2/Vitis/common/technology/xilinx/ip/util.gen 
Execute             source /home/abdullah/Xilinx/2025.2/Vitis/common/technology/xilinx/ip/dds_compiler.gen 
Execute             source /home/abdullah/Xilinx/2025.2/Vitis/common/technology/xilinx/ip/xfft.gen 
Execute             source /home/abdullah/Xilinx/2025.2/Vitis/common/technology/xilinx/ip/xfir.gen 
Execute             source /home/abdullah/Xilinx/2025.2/Vitis/common/technology/xilinx/DSP48/dsp48.gen 
Execute           ap_part_info -name xc7z020-clg484-1 -data info 
Execute           config_compile -quiet -complex-mul-dsp=0 
Command         set_part done; 0.2 sec.
Execute         send_msg_by_id INFO @200-1465@%s 'clock=100MHz' from hls_config.cfg(24) 
INFO: [HLS 200-1465] Applying config ini 'clock=100MHz' from hls_config.cfg(24)
Execute         create_clock -period 100mhz 
Execute           ap_set_clock -name default -period 10 -unit ns -default=false 
INFO: [SYN 201-201] Setting up clock 'default' with a period of 10ns.
Execute         send_msg_by_id INFO @200-1465@%s 'clock_uncertainty=12.5%' from hls_config.cfg(25) 
INFO: [HLS 200-1465] Applying config ini 'clock_uncertainty=12.5%' from hls_config.cfg(25)
Execute         set_clock_uncertainty 12.5% 
Execute           ap_set_clock -name default -uncertainty 1.25 -unit % 
INFO: [SYN 201-201] Setting up clock 'default' with an uncertainty of 1.25ns.
Execute         send_msg_by_id INFO @200-1465@%s 'cosim.random_stall=1' from hls_config.cfg(26) 
INFO: [HLS 200-1465] Applying config ini 'cosim.random_stall=1' from hls_config.cfg(26)
Execute         config_cosim -random_stall=1 
Execute         send_msg_by_id INFO @200-1465@%s 'package.output.format=ip_catalog' from hls_config.cfg(5) 
INFO: [HLS 200-1465] Applying config ini 'package.output.format=ip_catalog' from hls_config.cfg(5)
Execute         config_export -format=ip_catalog 
Command       apply_ini done; 0.23 sec.
Execute       write_component -config /home/abdullah/Desktop/CNN-on-FPGA/hls_component/hls_config.cfg 
Execute         send_msg_by_id INFO @200-2176@%s /home/abdullah/Desktop/CNN-on-FPGA/hls_component/top/vitis-comp.json 
INFO: [HLS 200-2176] Writing Vitis IDE component file /home/abdullah/Desktop/CNN-on-FPGA/hls_component/top/vitis-comp.json
Command     open_solution done; 0.25 sec.
Command   open_component done; 0.25 sec.
Execute   apply_ini /home/abdullah/Desktop/CNN-on-FPGA/hls_component/top/hls/config.cmdline -iscmdline 
Execute   ::AP::init_summary_file csynth 
Execute     AP::app_get_file_relativeroot [AP::app_get_root] {}
Execute   csynth_design 
Execute     AP::msg_collection_file -open /home/abdullah/Desktop/CNN-on-FPGA/hls_component/top/hls/.autopilot/db/be_messages.xml 
Execute     ap_part_info -name xc7z020-clg484-1 -data info 
INFO-FLOW: run_clang pool.cpp.xilinx-performance-pragma-detector exec: /home/abdullah/Xilinx/2025.2/Vitis/lnx64/tools/clang-16/bin/xilinx-performance-pragma-detector ../src/pool.cpp -- -fhls -D__VITIS_HLS__ -DAESL_SYN -D__SYNTHESIS__ -D__HLS_SYN__ -I /home/abdullah/Xilinx/2025.2/Vitis/common/technology/autopilot -I /home/abdullah/Xilinx/2025.2/Vitis/common/technology/autopilot/ap_sysc -include etc/autopilot_ssdm_op.h -D__DSP48E1__ -target fpga64-xilinx-linux-gnu -I /usr/include/x86_64-linux-gnu --gcc-toolchain=/home/abdullah/Xilinx/2025.2/Vitis/tps/lnx64/gcc-8.3.0 -hls-platform-db-name=/home/abdullah/Xilinx/2025.2/Vitis/common/technology/xilinx/common/platform.db -hls-platform-name=zynq_slow -device-resource-info=BRAM_280.000000_DSP_220.000000_FF_106400.000000_LUT_53200.000000_SLICE_13300.000000_URAM_0.000000 -device-name-info=xc7z020clg484-1 > /home/abdullah/Desktop/CNN-on-FPGA/hls_component/top/hls/.autopilot/db/pool.cpp.xilinx-performance-pragma-detector.out.log 2> /home/abdullah/Desktop/CNN-on-FPGA/hls_component/top/hls/.autopilot/db/pool.cpp.xilinx-performance-pragma-detector.err.log
INFO-FLOW: run_clang result=success num-err-msgs=0 num-stderr-lines=1
Execute     ap_part_info -name xc7z020-clg484-1 -data info 
INFO-FLOW: run_clang eight.cpp.xilinx-performance-pragma-detector exec: /home/abdullah/Xilinx/2025.2/Vitis/lnx64/tools/clang-16/bin/xilinx-performance-pragma-detector ../src/eight.cpp -- -fhls -D__VITIS_HLS__ -DAESL_SYN -D__SYNTHESIS__ -D__HLS_SYN__ -I /home/abdullah/Xilinx/2025.2/Vitis/common/technology/autopilot -I /home/abdullah/Xilinx/2025.2/Vitis/common/technology/autopilot/ap_sysc -include etc/autopilot_ssdm_op.h -D__DSP48E1__ -target fpga64-xilinx-linux-gnu -I /usr/include/x86_64-linux-gnu --gcc-toolchain=/home/abdullah/Xilinx/2025.2/Vitis/tps/lnx64/gcc-8.3.0 -hls-platform-db-name=/home/abdullah/Xilinx/2025.2/Vitis/common/technology/xilinx/common/platform.db -hls-platform-name=zynq_slow -device-resource-info=BRAM_280.000000_DSP_220.000000_FF_106400.000000_LUT_53200.000000_SLICE_13300.000000_URAM_0.000000 -device-name-info=xc7z020clg484-1 > /home/abdullah/Desktop/CNN-on-FPGA/hls_component/top/hls/.autopilot/db/eight.cpp.xilinx-performance-pragma-detector.out.log 2> /home/abdullah/Desktop/CNN-on-FPGA/hls_component/top/hls/.autopilot/db/eight.cpp.xilinx-performance-pragma-detector.err.log
INFO-FLOW: run_clang result=success num-err-msgs=0 num-stderr-lines=1
Execute     ap_part_info -name xc7z020-clg484-1 -data info 
INFO-FLOW: run_clang dense.cpp.xilinx-performance-pragma-detector exec: /home/abdullah/Xilinx/2025.2/Vitis/lnx64/tools/clang-16/bin/xilinx-performance-pragma-detector ../src/dense.cpp -- -fhls -D__VITIS_HLS__ -DAESL_SYN -D__SYNTHESIS__ -D__HLS_SYN__ -I /home/abdullah/Xilinx/2025.2/Vitis/common/technology/autopilot -I /home/abdullah/Xilinx/2025.2/Vitis/common/technology/autopilot/ap_sysc -include etc/autopilot_ssdm_op.h -D__DSP48E1__ -target fpga64-xilinx-linux-gnu -I /usr/include/x86_64-linux-gnu --gcc-toolchain=/home/abdullah/Xilinx/2025.2/Vitis/tps/lnx64/gcc-8.3.0 -hls-platform-db-name=/home/abdullah/Xilinx/2025.2/Vitis/common/technology/xilinx/common/platform.db -hls-platform-name=zynq_slow -device-resource-info=BRAM_280.000000_DSP_220.000000_FF_106400.000000_LUT_53200.000000_SLICE_13300.000000_URAM_0.000000 -device-name-info=xc7z020clg484-1 > /home/abdullah/Desktop/CNN-on-FPGA/hls_component/top/hls/.autopilot/db/dense.cpp.xilinx-performance-pragma-detector.out.log 2> /home/abdullah/Desktop/CNN-on-FPGA/hls_component/top/hls/.autopilot/db/dense.cpp.xilinx-performance-pragma-detector.err.log
INFO-FLOW: run_clang result=success num-err-msgs=0 num-stderr-lines=1
Execute     ap_part_info -name xc7z020-clg484-1 -data info 
INFO-FLOW: run_clang conv.cpp.xilinx-performance-pragma-detector exec: /home/abdullah/Xilinx/2025.2/Vitis/lnx64/tools/clang-16/bin/xilinx-performance-pragma-detector ../src/conv.cpp -- -fhls -D__VITIS_HLS__ -DAESL_SYN -D__SYNTHESIS__ -D__HLS_SYN__ -I /home/abdullah/Xilinx/2025.2/Vitis/common/technology/autopilot -I /home/abdullah/Xilinx/2025.2/Vitis/common/technology/autopilot/ap_sysc -include etc/autopilot_ssdm_op.h -D__DSP48E1__ -target fpga64-xilinx-linux-gnu -I /usr/include/x86_64-linux-gnu --gcc-toolchain=/home/abdullah/Xilinx/2025.2/Vitis/tps/lnx64/gcc-8.3.0 -hls-platform-db-name=/home/abdullah/Xilinx/2025.2/Vitis/common/technology/xilinx/common/platform.db -hls-platform-name=zynq_slow -device-resource-info=BRAM_280.000000_DSP_220.000000_FF_106400.000000_LUT_53200.000000_SLICE_13300.000000_URAM_0.000000 -device-name-info=xc7z020clg484-1 > /home/abdullah/Desktop/CNN-on-FPGA/hls_component/top/hls/.autopilot/db/conv.cpp.xilinx-performance-pragma-detector.out.log 2> /home/abdullah/Desktop/CNN-on-FPGA/hls_component/top/hls/.autopilot/db/conv.cpp.xilinx-performance-pragma-detector.err.log
INFO-FLOW: run_clang result=success num-err-msgs=0 num-stderr-lines=1
Execute     elaborate -effort=medium -skip_syncheck=0 -keep_printf=0 -skip_cdt=0 -skip_transform=0 -ng=0 -g=0 -from_csynth_design=1 
INFO: [HLS 200-111] Finished File checks and directory preparation: CPU user time: 3.41 seconds. CPU system time: 0.46 seconds. Elapsed time: 3.73 seconds; current allocated memory: 257.000 MB.
Execute       send_msg_by_id INFO @200-2191@%s%s C-Synthesis clang-16 
INFO: [HLS 200-2191] C-Synthesis will use clang-16 as the compiler
Execute       set_directive_top top -name=top 
INFO: [HLS 200-10] Analyzing design file '../src/pool.cpp' ... 
INFO-FLOW: Compiling one TU...
INFO-FLOW: Handling ../src/pool.cpp as C++
Execute       ap_part_info -name xc7z020-clg484-1 -data info 
INFO-FLOW: Running: GCC PP 39
INFO-FLOW: Source preprocessing
INFO-FLOW: run_clang pool.cpp.clang exec: /home/abdullah/Xilinx/2025.2/Vitis/lnx64/tools/clang-16/bin/clang ../src/pool.cpp -foptimization-record-file=/home/abdullah/Desktop/CNN-on-FPGA/hls_component/top/hls/.autopilot/db/pool.cpp.clang.diag.yml -mllvm -pass-remarks-missed=reflow|pasta|unroll|inline -mllvm -pass-remarks=reflow|pasta|unroll|inline -fno-limit-debug-info --gcc-toolchain=/home/abdullah/Xilinx/2025.2/Vitis/tps/lnx64/gcc-8.3.0 -fhls -fno-exceptions -insert-hls-directive=/home/abdullah/Desktop/CNN-on-FPGA/hls_component/top/hls/.autopilot/db/all.directive.json -hls-directive-location -E -fno-math-errno -c -emit-llvm -mllvm -disable-llvm-optzns -Xclang -no-opaque-pointers -Xclang -fmerge-all-constants -Werror=implicit-hls-streams -Werror=return-type -Wpragmas -Wunused-parameter -Wdump-hls-pragmas -Wno-error=dump-hls-pragmas -hls-clock-period=10 -fno-threadsafe-statics -fno-use-cxa-atexit -target fpga64-xilinx-linux-gnu -fno-threadsafe-statics -fno-use-cxa-atexit -D__VITIS_HLS__ -DAESL_SYN -D__SYNTHESIS__ -D__HLS_SYN__ -I /home/abdullah/Xilinx/2025.2/Vitis/common/technology/autopilot -I /home/abdullah/Xilinx/2025.2/Vitis/common/technology/autopilot/ap_sysc -include etc/autopilot_ssdm_op.h -D__DSP48E1__ -I /usr/include/x86_64-linux-gnu -o /home/abdullah/Desktop/CNN-on-FPGA/hls_component/top/hls/.autopilot/db/pool.pp.0.cpp -hls-platform-db-name=/home/abdullah/Xilinx/2025.2/Vitis/common/technology/xilinx/common/platform.db -hls-platform-name=zynq_slow -device-resource-info=BRAM_280.000000_DSP_220.000000_FF_106400.000000_LUT_53200.000000_SLICE_13300.000000_URAM_0.000000 -device-name-info=xc7z020clg484-1 > /home/abdullah/Desktop/CNN-on-FPGA/hls_component/top/hls/.autopilot/db/pool.cpp.clang.out.log 2> /home/abdullah/Desktop/CNN-on-FPGA/hls_component/top/hls/.autopilot/db/pool.cpp.clang.err.log
INFO-FLOW: run_clang result=success num-err-msgs=0 num-stderr-lines=0
INFO-FLOW: Done: GCC PP 39 time: 0.2 seconds 
INFO-FLOW: Source syntax check for synthesis
INFO-FLOW: run_clang clang exec: /home/abdullah/Xilinx/2025.2/Vitis/lnx64/tools/clang-16/bin/clang -foptimization-record-file=/home/abdullah/Desktop/CNN-on-FPGA/hls_component/top/hls/.autopilot/db/clang.diag.yml -mllvm -pass-remarks-missed=reflow|pasta|unroll|inline -mllvm -pass-remarks=reflow|pasta|unroll|inline -fsyntax-only -fhls -target fpga64-xilinx-linux-gnu /home/abdullah/Desktop/CNN-on-FPGA/hls_component/top/hls/.autopilot/db/pool.pp.0.cpp -hls-platform-db-name=/home/abdullah/Xilinx/2025.2/Vitis/common/technology/xilinx/common/platform.db -hls-platform-name=zynq_slow -device-resource-info=BRAM_280.000000_DSP_220.000000_FF_106400.000000_LUT_53200.000000_SLICE_13300.000000_URAM_0.000000 -device-name-info=xc7z020clg484-1 > /home/abdullah/Desktop/CNN-on-FPGA/hls_component/top/hls/.autopilot/db/clang.out.log 2> /home/abdullah/Desktop/CNN-on-FPGA/hls_component/top/hls/.autopilot/db/clang.err.log
INFO-FLOW: run_clang result=success num-err-msgs=0 num-stderr-lines=0
Execute       clang_tidy xilinx-systemc-detector -desc systemc-detector /home/abdullah/Desktop/CNN-on-FPGA/hls_component/top/hls/.autopilot/db/pool.pp.0.cpp  -target fpga -directive=/home/abdullah/Desktop/CNN-on-FPGA/hls_component/top/hls/.autopilot/db/.systemc_flag 
INFO-FLOW: exec /home/abdullah/Xilinx/2025.2/Vitis/lnx64/tools/clang-16/bin/clang-tidy -header-filter=.* --checks=-*,xilinx-systemc-detector -import-directive=/home/abdullah/Desktop/CNN-on-FPGA/hls_component/top/hls/.autopilot/db/.systemc_flag -fix-errors /home/abdullah/Desktop/CNN-on-FPGA/hls_component/top/hls/.autopilot/db/pool.pp.0.cpp -- - -target fpga -fhls -ferror-limit=0
Command       clang_tidy done; 0.64 sec.
INFO-FLOW: Running: clang-tidy CDT preprocess 39
Execute       clang_tidy xilinx-directive2pragma -desc directive2pragma /home/abdullah/Desktop/CNN-on-FPGA/hls_component/top/hls/.autopilot/db/pool.pp.0.cpp  -target fpga -directive=/home/abdullah/Desktop/CNN-on-FPGA/hls_component/top/hls/.autopilot/db/all.directive.json 
INFO-FLOW: exec /home/abdullah/Xilinx/2025.2/Vitis/lnx64/tools/clang-16/bin/clang-tidy -header-filter=.* --checks=-*,xilinx-directive2pragma -import-directive=/home/abdullah/Desktop/CNN-on-FPGA/hls_component/top/hls/.autopilot/db/all.directive.json -fix-errors /home/abdullah/Desktop/CNN-on-FPGA/hls_component/top/hls/.autopilot/db/pool.pp.0.cpp -- - -target fpga -fhls -ferror-limit=0
Command       clang_tidy done; 0.55 sec.
INFO-FLOW: Done: clang-tidy CDT preprocess 39 time: 0.5 seconds 
INFO-FLOW: Calling xilinx-label-all-loops ... 
INFO-FLOW: Calling xilinx-aggregate-on-hls-vector ... 
Execute       clang_tidy -errorcheck -desc loop-label xilinx-label-all-loops,xilinx-aggregate-on-hls-vector,,xilinx-warn-mayneed-no-ctor-attribute /home/abdullah/Desktop/CNN-on-FPGA/hls_component/top/hls/.autopilot/db/pool.pp.0.cpp  -target fpga 
INFO-FLOW: run_clang loop-label exec: /home/abdullah/Xilinx/2025.2/Vitis/lnx64/tools/clang-16/bin/clang-tidy -export-fixes=/home/abdullah/Desktop/CNN-on-FPGA/hls_component/top/hls/.autopilot/db/pool.pp.0.cpp.clang-tidy.loop-label.diag.yml -header-filter=.* --checks=-*,xilinx-label-all-loops,xilinx-aggregate-on-hls-vector,,xilinx-warn-mayneed-no-ctor-attribute -fix-errors /home/abdullah/Desktop/CNN-on-FPGA/hls_component/top/hls/.autopilot/db/pool.pp.0.cpp -- - -target fpga -fhls -ferror-limit=0 > /home/abdullah/Desktop/CNN-on-FPGA/hls_component/top/hls/.autopilot/db/pool.pp.0.cpp.clang-tidy.loop-label.out.log 2> /home/abdullah/Desktop/CNN-on-FPGA/hls_component/top/hls/.autopilot/db/pool.pp.0.cpp.clang-tidy.loop-label.err.log
Execute         source /home/abdullah/Xilinx/2025.2/Vitis/tps/tcl/tcllib2.0/yaml/yaml.tcl 
Execute           source /home/abdullah/Xilinx/2025.2/Vitis/tps/tcl/tcllib2.0/cmdline/cmdline.tcl 
INFO-FLOW: run_clang result=success num-err-msgs=0 num-stderr-lines=33
Command       clang_tidy done; 1.07 sec.
INFO-FLOW: run_clang pool.pp.0.cpp.xilinx-dataflow-lawyer exec: /home/abdullah/Xilinx/2025.2/Vitis/lnx64/tools/clang-16/bin/xilinx-dataflow-lawyer -export-fixes=/home/abdullah/Desktop/CNN-on-FPGA/hls_component/top/hls/.autopilot/db/pool.pp.0.cpp.xilinx-dataflow-lawyer.diag.yml /home/abdullah/Desktop/CNN-on-FPGA/hls_component/top/hls/.autopilot/db/pool.pp.0.cpp -- - -target fpga -fhls -ferror-limit=0 -fstrict-dataflow > /home/abdullah/Desktop/CNN-on-FPGA/hls_component/top/hls/.autopilot/db/pool.pp.0.cpp.xilinx-dataflow-lawyer.out.log 2> /home/abdullah/Desktop/CNN-on-FPGA/hls_component/top/hls/.autopilot/db/pool.pp.0.cpp.xilinx-dataflow-lawyer.err.log
INFO-FLOW: run_clang result=success num-err-msgs=0 num-stderr-lines=0
Execute       ap_part_info -name xc7z020-clg484-1 -data info 
INFO-FLOW: compiling source code to llvm bc
INFO-FLOW: run_clang pool.pp.0.cpp.clang exec: /home/abdullah/Xilinx/2025.2/Vitis/lnx64/tools/clang-16/bin/clang -foptimization-record-file=/home/abdullah/Desktop/CNN-on-FPGA/hls_component/top/hls/.autopilot/db/pool.pp.0.cpp.clang.diag.yml -mllvm -pass-remarks-missed=reflow|pasta|unroll|inline -mllvm -pass-remarks=reflow|pasta|unroll|inline -flto -fno-exceptions -Wno-error=c++11-narrowing -fno-limit-debug-info -fhls -hls-emit-hint-scope /home/abdullah/Desktop/CNN-on-FPGA/hls_component/top/hls/.autopilot/db/pool.pp.0.cpp -fno-math-errno -c -emit-llvm -mllvm -disable-llvm-optzns -Xclang -no-opaque-pointers -Xclang -fmerge-all-constants -Werror=implicit-hls-streams -Werror=return-type -Wpragmas -Wunused-parameter -Wdump-hls-pragmas -Wno-error=dump-hls-pragmas -hls-clock-period=10 -fno-threadsafe-statics -fno-use-cxa-atexit -target fpga64-xilinx-linux-gnu -D__VITIS_HLS__ -DAESL_SYN -D__SYNTHESIS__ -D__HLS_SYN__ -I /home/abdullah/Xilinx/2025.2/Vitis/common/technology/autopilot -I /home/abdullah/Xilinx/2025.2/Vitis/common/technology/autopilot/ap_sysc -include etc/autopilot_ssdm_op.h -D__DSP48E1__ -g -o /home/abdullah/Desktop/CNN-on-FPGA/hls_component/top/hls/.autopilot/db/pool.pre.g.bc -hls-platform-db-name=/home/abdullah/Xilinx/2025.2/Vitis/common/technology/xilinx/common/platform.db -hls-platform-name=zynq_slow -device-resource-info=BRAM_280.000000_DSP_220.000000_FF_106400.000000_LUT_53200.000000_SLICE_13300.000000_URAM_0.000000 -device-name-info=xc7z020clg484-1 > /home/abdullah/Desktop/CNN-on-FPGA/hls_component/top/hls/.autopilot/db/pool.pp.0.cpp.clang.out.log 2> /home/abdullah/Desktop/CNN-on-FPGA/hls_component/top/hls/.autopilot/db/pool.pp.0.cpp.clang.err.log
INFO-FLOW: run_clang result=success num-err-msgs=0 num-stderr-lines=0
INFO-FLOW: converting llvm 16.0.4 bc to downstrem bc
INFO-FLOW: run_clang pool.bc.llvm-converter exec: /home/abdullah/Xilinx/2025.2/Vitis/lnx64/tools/clang-16/bin/llvm-converter -opaque-pointers=0 /home/abdullah/Desktop/CNN-on-FPGA/hls_component/top/hls/.autopilot/db/pool.pre.g.bc -o /home/abdullah/Desktop/CNN-on-FPGA/hls_component/top/hls/.autopilot/db/pool.bc > /home/abdullah/Desktop/CNN-on-FPGA/hls_component/top/hls/.autopilot/db/pool.bc.llvm-converter.out.log 2> /home/abdullah/Desktop/CNN-on-FPGA/hls_component/top/hls/.autopilot/db/pool.bc.llvm-converter.err.log
INFO-FLOW: run_clang result=success num-err-msgs=0 num-stderr-lines=0
INFO: [HLS 200-10] Analyzing design file '../src/eight.cpp' ... 
INFO-FLOW: Compiling one TU...
INFO-FLOW: Handling ../src/eight.cpp as C++
Execute       ap_part_info -name xc7z020-clg484-1 -data info 
INFO-FLOW: Running: GCC PP 39
INFO-FLOW: Source preprocessing
INFO-FLOW: run_clang eight.cpp.clang exec: /home/abdullah/Xilinx/2025.2/Vitis/lnx64/tools/clang-16/bin/clang ../src/eight.cpp -foptimization-record-file=/home/abdullah/Desktop/CNN-on-FPGA/hls_component/top/hls/.autopilot/db/eight.cpp.clang.diag.yml -mllvm -pass-remarks-missed=reflow|pasta|unroll|inline -mllvm -pass-remarks=reflow|pasta|unroll|inline -fno-limit-debug-info --gcc-toolchain=/home/abdullah/Xilinx/2025.2/Vitis/tps/lnx64/gcc-8.3.0 -fhls -fno-exceptions -insert-hls-directive=/home/abdullah/Desktop/CNN-on-FPGA/hls_component/top/hls/.autopilot/db/all.directive.json -hls-directive-location -E -fno-math-errno -c -emit-llvm -mllvm -disable-llvm-optzns -Xclang -no-opaque-pointers -Xclang -fmerge-all-constants -Werror=implicit-hls-streams -Werror=return-type -Wpragmas -Wunused-parameter -Wdump-hls-pragmas -Wno-error=dump-hls-pragmas -hls-clock-period=10 -fno-threadsafe-statics -fno-use-cxa-atexit -target fpga64-xilinx-linux-gnu -fno-threadsafe-statics -fno-use-cxa-atexit -D__VITIS_HLS__ -DAESL_SYN -D__SYNTHESIS__ -D__HLS_SYN__ -I /home/abdullah/Xilinx/2025.2/Vitis/common/technology/autopilot -I /home/abdullah/Xilinx/2025.2/Vitis/common/technology/autopilot/ap_sysc -include etc/autopilot_ssdm_op.h -D__DSP48E1__ -I /usr/include/x86_64-linux-gnu -o /home/abdullah/Desktop/CNN-on-FPGA/hls_component/top/hls/.autopilot/db/eight.pp.0.cpp -hls-platform-db-name=/home/abdullah/Xilinx/2025.2/Vitis/common/technology/xilinx/common/platform.db -hls-platform-name=zynq_slow -device-resource-info=BRAM_280.000000_DSP_220.000000_FF_106400.000000_LUT_53200.000000_SLICE_13300.000000_URAM_0.000000 -device-name-info=xc7z020clg484-1 > /home/abdullah/Desktop/CNN-on-FPGA/hls_component/top/hls/.autopilot/db/eight.cpp.clang.out.log 2> /home/abdullah/Desktop/CNN-on-FPGA/hls_component/top/hls/.autopilot/db/eight.cpp.clang.err.log
INFO-FLOW: run_clang result=success num-err-msgs=0 num-stderr-lines=0
INFO-FLOW: Done: GCC PP 39 time: 0.2 seconds 
INFO-FLOW: Source syntax check for synthesis
INFO-FLOW: run_clang clang exec: /home/abdullah/Xilinx/2025.2/Vitis/lnx64/tools/clang-16/bin/clang -foptimization-record-file=/home/abdullah/Desktop/CNN-on-FPGA/hls_component/top/hls/.autopilot/db/clang.diag.yml -mllvm -pass-remarks-missed=reflow|pasta|unroll|inline -mllvm -pass-remarks=reflow|pasta|unroll|inline -fsyntax-only -fhls -target fpga64-xilinx-linux-gnu /home/abdullah/Desktop/CNN-on-FPGA/hls_component/top/hls/.autopilot/db/eight.pp.0.cpp -hls-platform-db-name=/home/abdullah/Xilinx/2025.2/Vitis/common/technology/xilinx/common/platform.db -hls-platform-name=zynq_slow -device-resource-info=BRAM_280.000000_DSP_220.000000_FF_106400.000000_LUT_53200.000000_SLICE_13300.000000_URAM_0.000000 -device-name-info=xc7z020clg484-1 > /home/abdullah/Desktop/CNN-on-FPGA/hls_component/top/hls/.autopilot/db/clang.out.log 2> /home/abdullah/Desktop/CNN-on-FPGA/hls_component/top/hls/.autopilot/db/clang.err.log
INFO-FLOW: run_clang result=success num-err-msgs=0 num-stderr-lines=0
Execute       clang_tidy xilinx-systemc-detector -desc systemc-detector /home/abdullah/Desktop/CNN-on-FPGA/hls_component/top/hls/.autopilot/db/eight.pp.0.cpp  -target fpga -directive=/home/abdullah/Desktop/CNN-on-FPGA/hls_component/top/hls/.autopilot/db/.systemc_flag 
INFO-FLOW: exec /home/abdullah/Xilinx/2025.2/Vitis/lnx64/tools/clang-16/bin/clang-tidy -header-filter=.* --checks=-*,xilinx-systemc-detector -import-directive=/home/abdullah/Desktop/CNN-on-FPGA/hls_component/top/hls/.autopilot/db/.systemc_flag -fix-errors /home/abdullah/Desktop/CNN-on-FPGA/hls_component/top/hls/.autopilot/db/eight.pp.0.cpp -- - -target fpga -fhls -ferror-limit=0
Command       clang_tidy done; 0.6 sec.
INFO-FLOW: Running: clang-tidy CDT preprocess 39
Execute       clang_tidy xilinx-directive2pragma -desc directive2pragma /home/abdullah/Desktop/CNN-on-FPGA/hls_component/top/hls/.autopilot/db/eight.pp.0.cpp  -target fpga -directive=/home/abdullah/Desktop/CNN-on-FPGA/hls_component/top/hls/.autopilot/db/all.directive.json 
INFO-FLOW: exec /home/abdullah/Xilinx/2025.2/Vitis/lnx64/tools/clang-16/bin/clang-tidy -header-filter=.* --checks=-*,xilinx-directive2pragma -import-directive=/home/abdullah/Desktop/CNN-on-FPGA/hls_component/top/hls/.autopilot/db/all.directive.json -fix-errors /home/abdullah/Desktop/CNN-on-FPGA/hls_component/top/hls/.autopilot/db/eight.pp.0.cpp -- - -target fpga -fhls -ferror-limit=0
Command       clang_tidy done; 0.77 sec.
INFO-FLOW: Done: clang-tidy CDT preprocess 39 time: 0.8 seconds 
INFO-FLOW: Calling xilinx-label-all-loops ... 
INFO-FLOW: Calling xilinx-aggregate-on-hls-vector ... 
Execute       clang_tidy -errorcheck -desc loop-label xilinx-label-all-loops,xilinx-aggregate-on-hls-vector,,xilinx-warn-mayneed-no-ctor-attribute /home/abdullah/Desktop/CNN-on-FPGA/hls_component/top/hls/.autopilot/db/eight.pp.0.cpp  -target fpga 
INFO-FLOW: run_clang loop-label exec: /home/abdullah/Xilinx/2025.2/Vitis/lnx64/tools/clang-16/bin/clang-tidy -export-fixes=/home/abdullah/Desktop/CNN-on-FPGA/hls_component/top/hls/.autopilot/db/eight.pp.0.cpp.clang-tidy.loop-label.diag.yml -header-filter=.* --checks=-*,xilinx-label-all-loops,xilinx-aggregate-on-hls-vector,,xilinx-warn-mayneed-no-ctor-attribute -fix-errors /home/abdullah/Desktop/CNN-on-FPGA/hls_component/top/hls/.autopilot/db/eight.pp.0.cpp -- - -target fpga -fhls -ferror-limit=0 > /home/abdullah/Desktop/CNN-on-FPGA/hls_component/top/hls/.autopilot/db/eight.pp.0.cpp.clang-tidy.loop-label.out.log 2> /home/abdullah/Desktop/CNN-on-FPGA/hls_component/top/hls/.autopilot/db/eight.pp.0.cpp.clang-tidy.loop-label.err.log
INFO-FLOW: run_clang result=success num-err-msgs=0 num-stderr-lines=23
Command       clang_tidy done; 1.03 sec.
INFO-FLOW: run_clang eight.pp.0.cpp.xilinx-dataflow-lawyer exec: /home/abdullah/Xilinx/2025.2/Vitis/lnx64/tools/clang-16/bin/xilinx-dataflow-lawyer -export-fixes=/home/abdullah/Desktop/CNN-on-FPGA/hls_component/top/hls/.autopilot/db/eight.pp.0.cpp.xilinx-dataflow-lawyer.diag.yml /home/abdullah/Desktop/CNN-on-FPGA/hls_component/top/hls/.autopilot/db/eight.pp.0.cpp -- - -target fpga -fhls -ferror-limit=0 -fstrict-dataflow > /home/abdullah/Desktop/CNN-on-FPGA/hls_component/top/hls/.autopilot/db/eight.pp.0.cpp.xilinx-dataflow-lawyer.out.log 2> /home/abdullah/Desktop/CNN-on-FPGA/hls_component/top/hls/.autopilot/db/eight.pp.0.cpp.xilinx-dataflow-lawyer.err.log
INFO-FLOW: run_clang result=success num-err-msgs=0 num-stderr-lines=0
Execute       ap_part_info -name xc7z020-clg484-1 -data info 
INFO-FLOW: compiling source code to llvm bc
INFO-FLOW: run_clang eight.pp.0.cpp.clang exec: /home/abdullah/Xilinx/2025.2/Vitis/lnx64/tools/clang-16/bin/clang -foptimization-record-file=/home/abdullah/Desktop/CNN-on-FPGA/hls_component/top/hls/.autopilot/db/eight.pp.0.cpp.clang.diag.yml -mllvm -pass-remarks-missed=reflow|pasta|unroll|inline -mllvm -pass-remarks=reflow|pasta|unroll|inline -flto -fno-exceptions -Wno-error=c++11-narrowing -fno-limit-debug-info -fhls -hls-emit-hint-scope /home/abdullah/Desktop/CNN-on-FPGA/hls_component/top/hls/.autopilot/db/eight.pp.0.cpp -fno-math-errno -c -emit-llvm -mllvm -disable-llvm-optzns -Xclang -no-opaque-pointers -Xclang -fmerge-all-constants -Werror=implicit-hls-streams -Werror=return-type -Wpragmas -Wunused-parameter -Wdump-hls-pragmas -Wno-error=dump-hls-pragmas -hls-clock-period=10 -fno-threadsafe-statics -fno-use-cxa-atexit -target fpga64-xilinx-linux-gnu -D__VITIS_HLS__ -DAESL_SYN -D__SYNTHESIS__ -D__HLS_SYN__ -I /home/abdullah/Xilinx/2025.2/Vitis/common/technology/autopilot -I /home/abdullah/Xilinx/2025.2/Vitis/common/technology/autopilot/ap_sysc -include etc/autopilot_ssdm_op.h -D__DSP48E1__ -g -o /home/abdullah/Desktop/CNN-on-FPGA/hls_component/top/hls/.autopilot/db/eight.pre.g.bc -hls-platform-db-name=/home/abdullah/Xilinx/2025.2/Vitis/common/technology/xilinx/common/platform.db -hls-platform-name=zynq_slow -device-resource-info=BRAM_280.000000_DSP_220.000000_FF_106400.000000_LUT_53200.000000_SLICE_13300.000000_URAM_0.000000 -device-name-info=xc7z020clg484-1 > /home/abdullah/Desktop/CNN-on-FPGA/hls_component/top/hls/.autopilot/db/eight.pp.0.cpp.clang.out.log 2> /home/abdullah/Desktop/CNN-on-FPGA/hls_component/top/hls/.autopilot/db/eight.pp.0.cpp.clang.err.log
INFO-FLOW: run_clang result=success num-err-msgs=0 num-stderr-lines=0
INFO-FLOW: converting llvm 16.0.4 bc to downstrem bc
INFO-FLOW: run_clang eight.bc.llvm-converter exec: /home/abdullah/Xilinx/2025.2/Vitis/lnx64/tools/clang-16/bin/llvm-converter -opaque-pointers=0 /home/abdullah/Desktop/CNN-on-FPGA/hls_component/top/hls/.autopilot/db/eight.pre.g.bc -o /home/abdullah/Desktop/CNN-on-FPGA/hls_component/top/hls/.autopilot/db/eight.bc > /home/abdullah/Desktop/CNN-on-FPGA/hls_component/top/hls/.autopilot/db/eight.bc.llvm-converter.out.log 2> /home/abdullah/Desktop/CNN-on-FPGA/hls_component/top/hls/.autopilot/db/eight.bc.llvm-converter.err.log
INFO-FLOW: run_clang result=success num-err-msgs=0 num-stderr-lines=0
INFO: [HLS 200-10] Analyzing design file '../src/dense.cpp' ... 
INFO-FLOW: Compiling one TU...
INFO-FLOW: Handling ../src/dense.cpp as C++
Execute       ap_part_info -name xc7z020-clg484-1 -data info 
INFO-FLOW: Running: GCC PP 39
INFO-FLOW: Source preprocessing
INFO-FLOW: run_clang dense.cpp.clang exec: /home/abdullah/Xilinx/2025.2/Vitis/lnx64/tools/clang-16/bin/clang ../src/dense.cpp -foptimization-record-file=/home/abdullah/Desktop/CNN-on-FPGA/hls_component/top/hls/.autopilot/db/dense.cpp.clang.diag.yml -mllvm -pass-remarks-missed=reflow|pasta|unroll|inline -mllvm -pass-remarks=reflow|pasta|unroll|inline -fno-limit-debug-info --gcc-toolchain=/home/abdullah/Xilinx/2025.2/Vitis/tps/lnx64/gcc-8.3.0 -fhls -fno-exceptions -insert-hls-directive=/home/abdullah/Desktop/CNN-on-FPGA/hls_component/top/hls/.autopilot/db/all.directive.json -hls-directive-location -E -fno-math-errno -c -emit-llvm -mllvm -disable-llvm-optzns -Xclang -no-opaque-pointers -Xclang -fmerge-all-constants -Werror=implicit-hls-streams -Werror=return-type -Wpragmas -Wunused-parameter -Wdump-hls-pragmas -Wno-error=dump-hls-pragmas -hls-clock-period=10 -fno-threadsafe-statics -fno-use-cxa-atexit -target fpga64-xilinx-linux-gnu -fno-threadsafe-statics -fno-use-cxa-atexit -D__VITIS_HLS__ -DAESL_SYN -D__SYNTHESIS__ -D__HLS_SYN__ -I /home/abdullah/Xilinx/2025.2/Vitis/common/technology/autopilot -I /home/abdullah/Xilinx/2025.2/Vitis/common/technology/autopilot/ap_sysc -include etc/autopilot_ssdm_op.h -D__DSP48E1__ -I /usr/include/x86_64-linux-gnu -o /home/abdullah/Desktop/CNN-on-FPGA/hls_component/top/hls/.autopilot/db/dense.pp.0.cpp -hls-platform-db-name=/home/abdullah/Xilinx/2025.2/Vitis/common/technology/xilinx/common/platform.db -hls-platform-name=zynq_slow -device-resource-info=BRAM_280.000000_DSP_220.000000_FF_106400.000000_LUT_53200.000000_SLICE_13300.000000_URAM_0.000000 -device-name-info=xc7z020clg484-1 > /home/abdullah/Desktop/CNN-on-FPGA/hls_component/top/hls/.autopilot/db/dense.cpp.clang.out.log 2> /home/abdullah/Desktop/CNN-on-FPGA/hls_component/top/hls/.autopilot/db/dense.cpp.clang.err.log
INFO-FLOW: run_clang result=success num-err-msgs=0 num-stderr-lines=0
INFO-FLOW: Done: GCC PP 39 time: 0.2 seconds 
INFO-FLOW: Source syntax check for synthesis
INFO-FLOW: run_clang clang exec: /home/abdullah/Xilinx/2025.2/Vitis/lnx64/tools/clang-16/bin/clang -foptimization-record-file=/home/abdullah/Desktop/CNN-on-FPGA/hls_component/top/hls/.autopilot/db/clang.diag.yml -mllvm -pass-remarks-missed=reflow|pasta|unroll|inline -mllvm -pass-remarks=reflow|pasta|unroll|inline -fsyntax-only -fhls -target fpga64-xilinx-linux-gnu /home/abdullah/Desktop/CNN-on-FPGA/hls_component/top/hls/.autopilot/db/dense.pp.0.cpp -hls-platform-db-name=/home/abdullah/Xilinx/2025.2/Vitis/common/technology/xilinx/common/platform.db -hls-platform-name=zynq_slow -device-resource-info=BRAM_280.000000_DSP_220.000000_FF_106400.000000_LUT_53200.000000_SLICE_13300.000000_URAM_0.000000 -device-name-info=xc7z020clg484-1 > /home/abdullah/Desktop/CNN-on-FPGA/hls_component/top/hls/.autopilot/db/clang.out.log 2> /home/abdullah/Desktop/CNN-on-FPGA/hls_component/top/hls/.autopilot/db/clang.err.log
INFO-FLOW: run_clang result=success num-err-msgs=0 num-stderr-lines=0
Execute       clang_tidy xilinx-systemc-detector -desc systemc-detector /home/abdullah/Desktop/CNN-on-FPGA/hls_component/top/hls/.autopilot/db/dense.pp.0.cpp  -target fpga -directive=/home/abdullah/Desktop/CNN-on-FPGA/hls_component/top/hls/.autopilot/db/.systemc_flag 
INFO-FLOW: exec /home/abdullah/Xilinx/2025.2/Vitis/lnx64/tools/clang-16/bin/clang-tidy -header-filter=.* --checks=-*,xilinx-systemc-detector -import-directive=/home/abdullah/Desktop/CNN-on-FPGA/hls_component/top/hls/.autopilot/db/.systemc_flag -fix-errors /home/abdullah/Desktop/CNN-on-FPGA/hls_component/top/hls/.autopilot/db/dense.pp.0.cpp -- - -target fpga -fhls -ferror-limit=0
Command       clang_tidy done; 0.73 sec.
INFO-FLOW: Running: clang-tidy CDT preprocess 39
Execute       clang_tidy xilinx-directive2pragma -desc directive2pragma /home/abdullah/Desktop/CNN-on-FPGA/hls_component/top/hls/.autopilot/db/dense.pp.0.cpp  -target fpga -directive=/home/abdullah/Desktop/CNN-on-FPGA/hls_component/top/hls/.autopilot/db/all.directive.json 
INFO-FLOW: exec /home/abdullah/Xilinx/2025.2/Vitis/lnx64/tools/clang-16/bin/clang-tidy -header-filter=.* --checks=-*,xilinx-directive2pragma -import-directive=/home/abdullah/Desktop/CNN-on-FPGA/hls_component/top/hls/.autopilot/db/all.directive.json -fix-errors /home/abdullah/Desktop/CNN-on-FPGA/hls_component/top/hls/.autopilot/db/dense.pp.0.cpp -- - -target fpga -fhls -ferror-limit=0
Command       clang_tidy done; 0.83 sec.
INFO-FLOW: Done: clang-tidy CDT preprocess 39 time: 0.8 seconds 
INFO-FLOW: Calling xilinx-label-all-loops ... 
INFO-FLOW: Calling xilinx-aggregate-on-hls-vector ... 
Execute       clang_tidy -errorcheck -desc loop-label xilinx-label-all-loops,xilinx-aggregate-on-hls-vector,,xilinx-warn-mayneed-no-ctor-attribute /home/abdullah/Desktop/CNN-on-FPGA/hls_component/top/hls/.autopilot/db/dense.pp.0.cpp  -target fpga 
INFO-FLOW: run_clang loop-label exec: /home/abdullah/Xilinx/2025.2/Vitis/lnx64/tools/clang-16/bin/clang-tidy -export-fixes=/home/abdullah/Desktop/CNN-on-FPGA/hls_component/top/hls/.autopilot/db/dense.pp.0.cpp.clang-tidy.loop-label.diag.yml -header-filter=.* --checks=-*,xilinx-label-all-loops,xilinx-aggregate-on-hls-vector,,xilinx-warn-mayneed-no-ctor-attribute -fix-errors /home/abdullah/Desktop/CNN-on-FPGA/hls_component/top/hls/.autopilot/db/dense.pp.0.cpp -- - -target fpga -fhls -ferror-limit=0 > /home/abdullah/Desktop/CNN-on-FPGA/hls_component/top/hls/.autopilot/db/dense.pp.0.cpp.clang-tidy.loop-label.out.log 2> /home/abdullah/Desktop/CNN-on-FPGA/hls_component/top/hls/.autopilot/db/dense.pp.0.cpp.clang-tidy.loop-label.err.log
INFO-FLOW: run_clang result=success num-err-msgs=0 num-stderr-lines=23
Command       clang_tidy done; 1.3 sec.
INFO-FLOW: run_clang dense.pp.0.cpp.xilinx-dataflow-lawyer exec: /home/abdullah/Xilinx/2025.2/Vitis/lnx64/tools/clang-16/bin/xilinx-dataflow-lawyer -export-fixes=/home/abdullah/Desktop/CNN-on-FPGA/hls_component/top/hls/.autopilot/db/dense.pp.0.cpp.xilinx-dataflow-lawyer.diag.yml /home/abdullah/Desktop/CNN-on-FPGA/hls_component/top/hls/.autopilot/db/dense.pp.0.cpp -- - -target fpga -fhls -ferror-limit=0 -fstrict-dataflow > /home/abdullah/Desktop/CNN-on-FPGA/hls_component/top/hls/.autopilot/db/dense.pp.0.cpp.xilinx-dataflow-lawyer.out.log 2> /home/abdullah/Desktop/CNN-on-FPGA/hls_component/top/hls/.autopilot/db/dense.pp.0.cpp.xilinx-dataflow-lawyer.err.log
INFO-FLOW: run_clang result=success num-err-msgs=0 num-stderr-lines=0
Execute       ap_part_info -name xc7z020-clg484-1 -data info 
INFO-FLOW: compiling source code to llvm bc
INFO-FLOW: run_clang dense.pp.0.cpp.clang exec: /home/abdullah/Xilinx/2025.2/Vitis/lnx64/tools/clang-16/bin/clang -foptimization-record-file=/home/abdullah/Desktop/CNN-on-FPGA/hls_component/top/hls/.autopilot/db/dense.pp.0.cpp.clang.diag.yml -mllvm -pass-remarks-missed=reflow|pasta|unroll|inline -mllvm -pass-remarks=reflow|pasta|unroll|inline -flto -fno-exceptions -Wno-error=c++11-narrowing -fno-limit-debug-info -fhls -hls-emit-hint-scope /home/abdullah/Desktop/CNN-on-FPGA/hls_component/top/hls/.autopilot/db/dense.pp.0.cpp -fno-math-errno -c -emit-llvm -mllvm -disable-llvm-optzns -Xclang -no-opaque-pointers -Xclang -fmerge-all-constants -Werror=implicit-hls-streams -Werror=return-type -Wpragmas -Wunused-parameter -Wdump-hls-pragmas -Wno-error=dump-hls-pragmas -hls-clock-period=10 -fno-threadsafe-statics -fno-use-cxa-atexit -target fpga64-xilinx-linux-gnu -D__VITIS_HLS__ -DAESL_SYN -D__SYNTHESIS__ -D__HLS_SYN__ -I /home/abdullah/Xilinx/2025.2/Vitis/common/technology/autopilot -I /home/abdullah/Xilinx/2025.2/Vitis/common/technology/autopilot/ap_sysc -include etc/autopilot_ssdm_op.h -D__DSP48E1__ -g -o /home/abdullah/Desktop/CNN-on-FPGA/hls_component/top/hls/.autopilot/db/dense.pre.g.bc -hls-platform-db-name=/home/abdullah/Xilinx/2025.2/Vitis/common/technology/xilinx/common/platform.db -hls-platform-name=zynq_slow -device-resource-info=BRAM_280.000000_DSP_220.000000_FF_106400.000000_LUT_53200.000000_SLICE_13300.000000_URAM_0.000000 -device-name-info=xc7z020clg484-1 > /home/abdullah/Desktop/CNN-on-FPGA/hls_component/top/hls/.autopilot/db/dense.pp.0.cpp.clang.out.log 2> /home/abdullah/Desktop/CNN-on-FPGA/hls_component/top/hls/.autopilot/db/dense.pp.0.cpp.clang.err.log
INFO-FLOW: run_clang result=success num-err-msgs=0 num-stderr-lines=0
INFO-FLOW: converting llvm 16.0.4 bc to downstrem bc
INFO-FLOW: run_clang dense.bc.llvm-converter exec: /home/abdullah/Xilinx/2025.2/Vitis/lnx64/tools/clang-16/bin/llvm-converter -opaque-pointers=0 /home/abdullah/Desktop/CNN-on-FPGA/hls_component/top/hls/.autopilot/db/dense.pre.g.bc -o /home/abdullah/Desktop/CNN-on-FPGA/hls_component/top/hls/.autopilot/db/dense.bc > /home/abdullah/Desktop/CNN-on-FPGA/hls_component/top/hls/.autopilot/db/dense.bc.llvm-converter.out.log 2> /home/abdullah/Desktop/CNN-on-FPGA/hls_component/top/hls/.autopilot/db/dense.bc.llvm-converter.err.log
INFO-FLOW: run_clang result=success num-err-msgs=0 num-stderr-lines=0
INFO: [HLS 200-10] Analyzing design file '../src/conv.cpp' ... 
INFO-FLOW: Compiling one TU...
INFO-FLOW: Handling ../src/conv.cpp as C++
Execute       ap_part_info -name xc7z020-clg484-1 -data info 
INFO-FLOW: Running: GCC PP 39
INFO-FLOW: Source preprocessing
INFO-FLOW: run_clang conv.cpp.clang exec: /home/abdullah/Xilinx/2025.2/Vitis/lnx64/tools/clang-16/bin/clang ../src/conv.cpp -foptimization-record-file=/home/abdullah/Desktop/CNN-on-FPGA/hls_component/top/hls/.autopilot/db/conv.cpp.clang.diag.yml -mllvm -pass-remarks-missed=reflow|pasta|unroll|inline -mllvm -pass-remarks=reflow|pasta|unroll|inline -fno-limit-debug-info --gcc-toolchain=/home/abdullah/Xilinx/2025.2/Vitis/tps/lnx64/gcc-8.3.0 -fhls -fno-exceptions -insert-hls-directive=/home/abdullah/Desktop/CNN-on-FPGA/hls_component/top/hls/.autopilot/db/all.directive.json -hls-directive-location -E -fno-math-errno -c -emit-llvm -mllvm -disable-llvm-optzns -Xclang -no-opaque-pointers -Xclang -fmerge-all-constants -Werror=implicit-hls-streams -Werror=return-type -Wpragmas -Wunused-parameter -Wdump-hls-pragmas -Wno-error=dump-hls-pragmas -hls-clock-period=10 -fno-threadsafe-statics -fno-use-cxa-atexit -target fpga64-xilinx-linux-gnu -fno-threadsafe-statics -fno-use-cxa-atexit -D__VITIS_HLS__ -DAESL_SYN -D__SYNTHESIS__ -D__HLS_SYN__ -I /home/abdullah/Xilinx/2025.2/Vitis/common/technology/autopilot -I /home/abdullah/Xilinx/2025.2/Vitis/common/technology/autopilot/ap_sysc -include etc/autopilot_ssdm_op.h -D__DSP48E1__ -I /usr/include/x86_64-linux-gnu -o /home/abdullah/Desktop/CNN-on-FPGA/hls_component/top/hls/.autopilot/db/conv.pp.0.cpp -hls-platform-db-name=/home/abdullah/Xilinx/2025.2/Vitis/common/technology/xilinx/common/platform.db -hls-platform-name=zynq_slow -device-resource-info=BRAM_280.000000_DSP_220.000000_FF_106400.000000_LUT_53200.000000_SLICE_13300.000000_URAM_0.000000 -device-name-info=xc7z020clg484-1 > /home/abdullah/Desktop/CNN-on-FPGA/hls_component/top/hls/.autopilot/db/conv.cpp.clang.out.log 2> /home/abdullah/Desktop/CNN-on-FPGA/hls_component/top/hls/.autopilot/db/conv.cpp.clang.err.log
INFO-FLOW: run_clang result=success num-err-msgs=0 num-stderr-lines=0
INFO-FLOW: Done: GCC PP 39 time: 0.2 seconds 
INFO-FLOW: Source syntax check for synthesis
INFO-FLOW: run_clang clang exec: /home/abdullah/Xilinx/2025.2/Vitis/lnx64/tools/clang-16/bin/clang -foptimization-record-file=/home/abdullah/Desktop/CNN-on-FPGA/hls_component/top/hls/.autopilot/db/clang.diag.yml -mllvm -pass-remarks-missed=reflow|pasta|unroll|inline -mllvm -pass-remarks=reflow|pasta|unroll|inline -fsyntax-only -fhls -target fpga64-xilinx-linux-gnu /home/abdullah/Desktop/CNN-on-FPGA/hls_component/top/hls/.autopilot/db/conv.pp.0.cpp -hls-platform-db-name=/home/abdullah/Xilinx/2025.2/Vitis/common/technology/xilinx/common/platform.db -hls-platform-name=zynq_slow -device-resource-info=BRAM_280.000000_DSP_220.000000_FF_106400.000000_LUT_53200.000000_SLICE_13300.000000_URAM_0.000000 -device-name-info=xc7z020clg484-1 > /home/abdullah/Desktop/CNN-on-FPGA/hls_component/top/hls/.autopilot/db/clang.out.log 2> /home/abdullah/Desktop/CNN-on-FPGA/hls_component/top/hls/.autopilot/db/clang.err.log
INFO-FLOW: run_clang result=success num-err-msgs=0 num-stderr-lines=0
Execute       clang_tidy xilinx-systemc-detector -desc systemc-detector /home/abdullah/Desktop/CNN-on-FPGA/hls_component/top/hls/.autopilot/db/conv.pp.0.cpp  -target fpga -directive=/home/abdullah/Desktop/CNN-on-FPGA/hls_component/top/hls/.autopilot/db/.systemc_flag 
INFO-FLOW: exec /home/abdullah/Xilinx/2025.2/Vitis/lnx64/tools/clang-16/bin/clang-tidy -header-filter=.* --checks=-*,xilinx-systemc-detector -import-directive=/home/abdullah/Desktop/CNN-on-FPGA/hls_component/top/hls/.autopilot/db/.systemc_flag -fix-errors /home/abdullah/Desktop/CNN-on-FPGA/hls_component/top/hls/.autopilot/db/conv.pp.0.cpp -- - -target fpga -fhls -ferror-limit=0
Command       clang_tidy done; 0.74 sec.
INFO-FLOW: Running: clang-tidy CDT preprocess 39
Execute       clang_tidy xilinx-directive2pragma -desc directive2pragma /home/abdullah/Desktop/CNN-on-FPGA/hls_component/top/hls/.autopilot/db/conv.pp.0.cpp  -target fpga -directive=/home/abdullah/Desktop/CNN-on-FPGA/hls_component/top/hls/.autopilot/db/all.directive.json 
INFO-FLOW: exec /home/abdullah/Xilinx/2025.2/Vitis/lnx64/tools/clang-16/bin/clang-tidy -header-filter=.* --checks=-*,xilinx-directive2pragma -import-directive=/home/abdullah/Desktop/CNN-on-FPGA/hls_component/top/hls/.autopilot/db/all.directive.json -fix-errors /home/abdullah/Desktop/CNN-on-FPGA/hls_component/top/hls/.autopilot/db/conv.pp.0.cpp -- - -target fpga -fhls -ferror-limit=0
Command       clang_tidy done; 0.76 sec.
INFO-FLOW: Done: clang-tidy CDT preprocess 39 time: 0.8 seconds 
INFO-FLOW: Calling xilinx-label-all-loops ... 
INFO-FLOW: Calling xilinx-aggregate-on-hls-vector ... 
Execute       clang_tidy -errorcheck -desc loop-label xilinx-label-all-loops,xilinx-aggregate-on-hls-vector,,xilinx-warn-mayneed-no-ctor-attribute /home/abdullah/Desktop/CNN-on-FPGA/hls_component/top/hls/.autopilot/db/conv.pp.0.cpp  -target fpga 
INFO-FLOW: run_clang loop-label exec: /home/abdullah/Xilinx/2025.2/Vitis/lnx64/tools/clang-16/bin/clang-tidy -export-fixes=/home/abdullah/Desktop/CNN-on-FPGA/hls_component/top/hls/.autopilot/db/conv.pp.0.cpp.clang-tidy.loop-label.diag.yml -header-filter=.* --checks=-*,xilinx-label-all-loops,xilinx-aggregate-on-hls-vector,,xilinx-warn-mayneed-no-ctor-attribute -fix-errors /home/abdullah/Desktop/CNN-on-FPGA/hls_component/top/hls/.autopilot/db/conv.pp.0.cpp -- - -target fpga -fhls -ferror-limit=0 > /home/abdullah/Desktop/CNN-on-FPGA/hls_component/top/hls/.autopilot/db/conv.pp.0.cpp.clang-tidy.loop-label.out.log 2> /home/abdullah/Desktop/CNN-on-FPGA/hls_component/top/hls/.autopilot/db/conv.pp.0.cpp.clang-tidy.loop-label.err.log
INFO-FLOW: run_clang result=success num-err-msgs=0 num-stderr-lines=43
Command       clang_tidy done; 1.15 sec.
INFO-FLOW: run_clang conv.pp.0.cpp.xilinx-dataflow-lawyer exec: /home/abdullah/Xilinx/2025.2/Vitis/lnx64/tools/clang-16/bin/xilinx-dataflow-lawyer -export-fixes=/home/abdullah/Desktop/CNN-on-FPGA/hls_component/top/hls/.autopilot/db/conv.pp.0.cpp.xilinx-dataflow-lawyer.diag.yml /home/abdullah/Desktop/CNN-on-FPGA/hls_component/top/hls/.autopilot/db/conv.pp.0.cpp -- - -target fpga -fhls -ferror-limit=0 -fstrict-dataflow > /home/abdullah/Desktop/CNN-on-FPGA/hls_component/top/hls/.autopilot/db/conv.pp.0.cpp.xilinx-dataflow-lawyer.out.log 2> /home/abdullah/Desktop/CNN-on-FPGA/hls_component/top/hls/.autopilot/db/conv.pp.0.cpp.xilinx-dataflow-lawyer.err.log
INFO-FLOW: run_clang result=success num-err-msgs=0 num-stderr-lines=0
Execute       ap_part_info -name xc7z020-clg484-1 -data info 
INFO-FLOW: compiling source code to llvm bc
INFO-FLOW: run_clang conv.pp.0.cpp.clang exec: /home/abdullah/Xilinx/2025.2/Vitis/lnx64/tools/clang-16/bin/clang -foptimization-record-file=/home/abdullah/Desktop/CNN-on-FPGA/hls_component/top/hls/.autopilot/db/conv.pp.0.cpp.clang.diag.yml -mllvm -pass-remarks-missed=reflow|pasta|unroll|inline -mllvm -pass-remarks=reflow|pasta|unroll|inline -flto -fno-exceptions -Wno-error=c++11-narrowing -fno-limit-debug-info -fhls -hls-emit-hint-scope /home/abdullah/Desktop/CNN-on-FPGA/hls_component/top/hls/.autopilot/db/conv.pp.0.cpp -fno-math-errno -c -emit-llvm -mllvm -disable-llvm-optzns -Xclang -no-opaque-pointers -Xclang -fmerge-all-constants -Werror=implicit-hls-streams -Werror=return-type -Wpragmas -Wunused-parameter -Wdump-hls-pragmas -Wno-error=dump-hls-pragmas -hls-clock-period=10 -fno-threadsafe-statics -fno-use-cxa-atexit -target fpga64-xilinx-linux-gnu -D__VITIS_HLS__ -DAESL_SYN -D__SYNTHESIS__ -D__HLS_SYN__ -I /home/abdullah/Xilinx/2025.2/Vitis/common/technology/autopilot -I /home/abdullah/Xilinx/2025.2/Vitis/common/technology/autopilot/ap_sysc -include etc/autopilot_ssdm_op.h -D__DSP48E1__ -g -o /home/abdullah/Desktop/CNN-on-FPGA/hls_component/top/hls/.autopilot/db/conv.pre.g.bc -hls-platform-db-name=/home/abdullah/Xilinx/2025.2/Vitis/common/technology/xilinx/common/platform.db -hls-platform-name=zynq_slow -device-resource-info=BRAM_280.000000_DSP_220.000000_FF_106400.000000_LUT_53200.000000_SLICE_13300.000000_URAM_0.000000 -device-name-info=xc7z020clg484-1 > /home/abdullah/Desktop/CNN-on-FPGA/hls_component/top/hls/.autopilot/db/conv.pp.0.cpp.clang.out.log 2> /home/abdullah/Desktop/CNN-on-FPGA/hls_component/top/hls/.autopilot/db/conv.pp.0.cpp.clang.err.log
INFO-FLOW: run_clang result=success num-err-msgs=0 num-stderr-lines=0
INFO-FLOW: converting llvm 16.0.4 bc to downstrem bc
INFO-FLOW: run_clang conv.bc.llvm-converter exec: /home/abdullah/Xilinx/2025.2/Vitis/lnx64/tools/clang-16/bin/llvm-converter -opaque-pointers=0 /home/abdullah/Desktop/CNN-on-FPGA/hls_component/top/hls/.autopilot/db/conv.pre.g.bc -o /home/abdullah/Desktop/CNN-on-FPGA/hls_component/top/hls/.autopilot/db/conv.bc > /home/abdullah/Desktop/CNN-on-FPGA/hls_component/top/hls/.autopilot/db/conv.bc.llvm-converter.out.log 2> /home/abdullah/Desktop/CNN-on-FPGA/hls_component/top/hls/.autopilot/db/conv.bc.llvm-converter.err.log
INFO-FLOW: run_clang result=success num-err-msgs=0 num-stderr-lines=0
INFO: [HLS 200-111] Finished Source Code Analysis and Preprocessing: CPU user time: 17.68 seconds. CPU system time: 1.76 seconds. Elapsed time: 19.49 seconds; current allocated memory: 258.969 MB.
INFO-FLOW: Linking Debug ...
INFO-FLOW: Linking dut bc code.
Execute       run_link_or_opt -out /home/abdullah/Desktop/CNN-on-FPGA/hls_component/top/hls/.autopilot/db/a.g.ld.0.bc -args /home/abdullah/Desktop/CNN-on-FPGA/hls_component/top/hls/.autopilot/db/pool.bc /home/abdullah/Desktop/CNN-on-FPGA/hls_component/top/hls/.autopilot/db/eight.bc /home/abdullah/Desktop/CNN-on-FPGA/hls_component/top/hls/.autopilot/db/dense.bc /home/abdullah/Desktop/CNN-on-FPGA/hls_component/top/hls/.autopilot/db/conv.bc 
INFO-FLOW: run_clang a.g.ld.0.bc.llvm-link exec: /home/abdullah/Xilinx/2025.2/Vitis/lnx64/tools/clang-3.9-csynth/bin/llvm-link /home/abdullah/Desktop/CNN-on-FPGA/hls_component/top/hls/.autopilot/db/pool.bc /home/abdullah/Desktop/CNN-on-FPGA/hls_component/top/hls/.autopilot/db/eight.bc /home/abdullah/Desktop/CNN-on-FPGA/hls_component/top/hls/.autopilot/db/dense.bc /home/abdullah/Desktop/CNN-on-FPGA/hls_component/top/hls/.autopilot/db/conv.bc -o /home/abdullah/Desktop/CNN-on-FPGA/hls_component/top/hls/.autopilot/db/a.g.ld.0.bc > /home/abdullah/Desktop/CNN-on-FPGA/hls_component/top/hls/.autopilot/db/a.g.ld.0.bc.llvm-link.out.log 2> /home/abdullah/Desktop/CNN-on-FPGA/hls_component/top/hls/.autopilot/db/a.g.ld.0.bc.llvm-link.err.log
INFO-FLOW: run_clang result=success num-err-msgs=0 num-stderr-lines=0
Execute       run_link_or_opt -opt -out /home/abdullah/Desktop/CNN-on-FPGA/hls_component/top/hls/.autopilot/db/a.g.ld.1.lower.bc -args /home/abdullah/Desktop/CNN-on-FPGA/hls_component/top/hls/.autopilot/db/a.g.ld.0.bc -reflow-lower-math-intrinsics 
INFO-FLOW: run_clang a.g.ld.1.lower.bc.opt exec: /home/abdullah/Xilinx/2025.2/Vitis/lnx64/tools/clang-3.9-csynth/bin/opt -pass-remarks-missed=reflow|pasta|unroll|inline -pass-remarks=reflow|pasta|unroll|inline -pass-remarks-output=/home/abdullah/Desktop/CNN-on-FPGA/hls_component/top/hls/.autopilot/db/a.g.ld.1.lower.bc.opt.diag.yml /home/abdullah/Desktop/CNN-on-FPGA/hls_component/top/hls/.autopilot/db/a.g.ld.0.bc -reflow-lower-math-intrinsics -o /home/abdullah/Desktop/CNN-on-FPGA/hls_component/top/hls/.autopilot/db/a.g.ld.1.lower.bc > /home/abdullah/Desktop/CNN-on-FPGA/hls_component/top/hls/.autopilot/db/a.g.ld.1.lower.bc.opt.out.log 2> /home/abdullah/Desktop/CNN-on-FPGA/hls_component/top/hls/.autopilot/db/a.g.ld.1.lower.bc.opt.err.log
INFO-FLOW: run_clang result=success num-err-msgs=0 num-stderr-lines=0
INFO-FLOW: Running: gen_design_size_report post-opt
INFO-FLOW: Done: gen_design_size_report post-opt time: 0 seconds 
INFO-FLOW: Linking math bc lib
Execute       run_link_or_opt -out /home/abdullah/Desktop/CNN-on-FPGA/hls_component/top/hls/.autopilot/db/a.g.ld.2.m1.bc -args /home/abdullah/Desktop/CNN-on-FPGA/hls_component/top/hls/.autopilot/db/a.g.ld.1.lower.bc -only-needed /home/abdullah/Xilinx/2025.2/Vitis/lnx64/lib/libhlsm_39.bc /home/abdullah/Xilinx/2025.2/Vitis/lnx64/lib/libhlsmc++_39.bc 
INFO-FLOW: run_clang a.g.ld.2.m1.bc.llvm-link exec: /home/abdullah/Xilinx/2025.2/Vitis/lnx64/tools/clang-3.9-csynth/bin/llvm-link /home/abdullah/Desktop/CNN-on-FPGA/hls_component/top/hls/.autopilot/db/a.g.ld.1.lower.bc -only-needed /home/abdullah/Xilinx/2025.2/Vitis/lnx64/lib/libhlsm_39.bc /home/abdullah/Xilinx/2025.2/Vitis/lnx64/lib/libhlsmc++_39.bc -o /home/abdullah/Desktop/CNN-on-FPGA/hls_component/top/hls/.autopilot/db/a.g.ld.2.m1.bc > /home/abdullah/Desktop/CNN-on-FPGA/hls_component/top/hls/.autopilot/db/a.g.ld.2.m1.bc.llvm-link.out.log 2> /home/abdullah/Desktop/CNN-on-FPGA/hls_component/top/hls/.autopilot/db/a.g.ld.2.m1.bc.llvm-link.err.log
INFO-FLOW: run_clang result=success num-err-msgs=0 num-stderr-lines=0
Command       run_link_or_opt done; 1.23 sec.
Execute       run_link_or_opt -opt -out /home/abdullah/Desktop/CNN-on-FPGA/hls_component/top/hls/.autopilot/db/a.g.ld.3.fpc.bc -args /home/abdullah/Desktop/CNN-on-FPGA/hls_component/top/hls/.autopilot/db/a.g.ld.2.m1.bc -reflow-globaldce -hls-top-function-name=top -reflow-float-conversion 
INFO-FLOW: run_clang a.g.ld.3.fpc.bc.opt exec: /home/abdullah/Xilinx/2025.2/Vitis/lnx64/tools/clang-3.9-csynth/bin/opt -pass-remarks-missed=reflow|pasta|unroll|inline -pass-remarks=reflow|pasta|unroll|inline -pass-remarks-output=/home/abdullah/Desktop/CNN-on-FPGA/hls_component/top/hls/.autopilot/db/a.g.ld.3.fpc.bc.opt.diag.yml /home/abdullah/Desktop/CNN-on-FPGA/hls_component/top/hls/.autopilot/db/a.g.ld.2.m1.bc -reflow-globaldce -hls-top-function-name=top -reflow-float-conversion -o /home/abdullah/Desktop/CNN-on-FPGA/hls_component/top/hls/.autopilot/db/a.g.ld.3.fpc.bc > /home/abdullah/Desktop/CNN-on-FPGA/hls_component/top/hls/.autopilot/db/a.g.ld.3.fpc.bc.opt.out.log 2> /home/abdullah/Desktop/CNN-on-FPGA/hls_component/top/hls/.autopilot/db/a.g.ld.3.fpc.bc.opt.err.log
INFO-FLOW: run_clang result=success num-err-msgs=0 num-stderr-lines=0
INFO-FLOW: Running: gen_design_size_report post-opt
INFO-FLOW: Done: gen_design_size_report post-opt time: 0 seconds 
Command       run_link_or_opt done; 0.53 sec.
Execute       run_link_or_opt -out /home/abdullah/Desktop/CNN-on-FPGA/hls_component/top/hls/.autopilot/db/a.g.ld.4.m2.bc -args /home/abdullah/Desktop/CNN-on-FPGA/hls_component/top/hls/.autopilot/db/a.g.ld.3.fpc.bc -only-needed /home/abdullah/Xilinx/2025.2/Vitis/lnx64/lib/libfloatconversion_39.bc 
INFO-FLOW: run_clang a.g.ld.4.m2.bc.llvm-link exec: /home/abdullah/Xilinx/2025.2/Vitis/lnx64/tools/clang-3.9-csynth/bin/llvm-link /home/abdullah/Desktop/CNN-on-FPGA/hls_component/top/hls/.autopilot/db/a.g.ld.3.fpc.bc -only-needed /home/abdullah/Xilinx/2025.2/Vitis/lnx64/lib/libfloatconversion_39.bc -o /home/abdullah/Desktop/CNN-on-FPGA/hls_component/top/hls/.autopilot/db/a.g.ld.4.m2.bc > /home/abdullah/Desktop/CNN-on-FPGA/hls_component/top/hls/.autopilot/db/a.g.ld.4.m2.bc.llvm-link.out.log 2> /home/abdullah/Desktop/CNN-on-FPGA/hls_component/top/hls/.autopilot/db/a.g.ld.4.m2.bc.llvm-link.err.log
INFO-FLOW: run_clang result=success num-err-msgs=0 num-stderr-lines=0
Execute       run_link_or_opt -opt -out /home/abdullah/Desktop/CNN-on-FPGA/hls_component/top/hls/.autopilot/db/a.g.ld.5.gdce.bc -args /home/abdullah/Desktop/CNN-on-FPGA/hls_component/top/hls/.autopilot/db/a.g.ld.4.m2.bc -reflow-globaldce -hls-top-function-name=top 
INFO-FLOW: run_clang a.g.ld.5.gdce.bc.opt exec: /home/abdullah/Xilinx/2025.2/Vitis/lnx64/tools/clang-3.9-csynth/bin/opt -pass-remarks-missed=reflow|pasta|unroll|inline -pass-remarks=reflow|pasta|unroll|inline -pass-remarks-output=/home/abdullah/Desktop/CNN-on-FPGA/hls_component/top/hls/.autopilot/db/a.g.ld.5.gdce.bc.opt.diag.yml /home/abdullah/Desktop/CNN-on-FPGA/hls_component/top/hls/.autopilot/db/a.g.ld.4.m2.bc -reflow-globaldce -hls-top-function-name=top -o /home/abdullah/Desktop/CNN-on-FPGA/hls_component/top/hls/.autopilot/db/a.g.ld.5.gdce.bc > /home/abdullah/Desktop/CNN-on-FPGA/hls_component/top/hls/.autopilot/db/a.g.ld.5.gdce.bc.opt.out.log 2> /home/abdullah/Desktop/CNN-on-FPGA/hls_component/top/hls/.autopilot/db/a.g.ld.5.gdce.bc.opt.err.log
INFO-FLOW: run_clang result=success num-err-msgs=0 num-stderr-lines=0
INFO-FLOW: Running: gen_design_size_report post-opt
INFO-FLOW: Done: gen_design_size_report post-opt time: 0 seconds 
Execute       send_msg_by_id INFO @200-777@%s Vivado 
INFO: [HLS 200-777] Using interface defaults for 'Vivado' flow target.
Execute       is_m_axi_addr64 
INFO-FLOW: Doing LTO.
INFO-FLOW: run_clang reflow (background poll_ms 5000) exec: /home/abdullah/Xilinx/2025.2/Vitis/lnx64/tools/clang-3.9-csynth/bin/clang -foptimization-record-file=/home/abdullah/Desktop/CNN-on-FPGA/hls_component/top/hls/.autopilot/db/a.g.ld.0.bc.clang.reflow.diag.yml -mllvm -pass-remarks-missed=reflow|pasta|unroll|inline -mllvm -pass-remarks=reflow|pasta|unroll|inline -fhls -mllvm -hls-top-function-name=top -mllvm -hls-db-dir -mllvm /home/abdullah/Desktop/CNN-on-FPGA/hls_component/top/hls/.autopilot/db -emit-llvm -c -target fpga64-xilinx-none -mllvm -xcl-xmlinfo=/home/abdullah/Desktop/CNN-on-FPGA/hls_component/top/hls/.autopilot/db/kernel.internal.xml -mllvm -top-io-mapping-info=/home/abdullah/Desktop/CNN-on-FPGA/hls_component/top/hls/.autopilot/db/top-io-fe.xml -mllvm -hls-bitcode-version=3.1 -mllvm -reflow-enable-slave-interface-default-setting=true -mllvm -gen-kernel-xml=false -mllvm -default-maxi-offset=slave -mllvm -reflow-unroll-size-threshold=10000 -mllvm -reflow-unroll-cost-threshold=1000000 -mllvm -maxi-latency=0 -mllvm -hls-maxi-data-size-in-bits=8 -mllvm -hls-maxi-max-data-size-in-bits=1024 -mllvm -hls-max-widen-size-in-bits=0 -mllvm -xcl-kernel-max-mem-ports=0 -mllvm -maxi-read-trans=16 -mllvm -maxi-write-trans=16 -mllvm -maxi-read-burst-len=16 -mllvm -maxi-write-burst-len=16 -mllvm -reflow-enable-saxi-64bits=0 -mllvm -reflow-basic-block-instr-threshold=200000 -mllvm -reflow-auto-pipeline-threshold=64 -mllvm -reflow-enable-maxi-auto-id-channel=0 -mllvm -reflow-bdd-simplify-threshold=1048576 -mllvm -reflow-fanout-threshold=16 -mllvm -reflow-force-aggressive-unroll=0 -mllvm -reflow-aggressive-unroll-adjust-factor=1.000000 -mllvm -reflow-complete-threshold=4 -mllvm -reflow-array-promotion-threshold=64 -mllvm -reflow-enable-critical-path-for-performance=1 -mllvm -assume-maxi-align=1 -mllvm -reflow-enable-dataflow-strict-mode-checking=1 -ftime-report -mllvm -time-passes -mllvm -reflow-auto-array-partition-mode=default -mllvm -reflow-enable-auto-small-array-partition=true -mllvm -reflow-enable-auto-array-promotion=true -mllvm -reflow-enable-auto-array-partition-for-flatten=true -mllvm -reflow-enable-auto-parallel-performance-driven=true -mllvm -reflow-enable-partition-for-automation=true -mllvm -reflow-aggregate-bitwidth-threshold=4096 -mllvm -reflow-reserved-saxilite-registers=0 -mllvm -enable-reflow-auto-loop-pipeline -mllvm -reflow-max-unroll-threshold=409600 -mllvm -auto-unroll-tripcount-threshold=0 -mllvm -reflow-assume-no-address-wrap=true -mllvm -reflow-enable-occurrence-inference=true -mllvm -reflow-emit-hint-scope=true -mllvm -reflow-enable-codegen-with-if=true -mllvm -reflow-enable-dataflow-canon=true -mllvm -reflow-enable-dataflow-canon2=true -mllvm -reflow-dump-extra-complexity-metric=true -mllvm -reflow-enable-dse-loop-nest-extraction=false -mllvm -hls -mllvm -disable-inlined-alloca-merging=true -mllvm -default-clock-period=10 -mllvm -use_read_first_ram_in_loop=1 -mllvm -default-clock-uncertainty=1.25 -x ir /home/abdullah/Desktop/CNN-on-FPGA/hls_component/top/hls/.autopilot/db/a.g.ld.5.gdce.bc -o /home/abdullah/Desktop/CNN-on-FPGA/hls_component/top/hls/.autopilot/db/a.g.lto.bc -hls-platform-db-name=/home/abdullah/Xilinx/2025.2/Vitis/common/technology/xilinx/common/platform.db -hls-platform-name=zynq_slow -device-resource-info=BRAM_280.000000_DSP_220.000000_FF_106400.000000_LUT_53200.000000_SLICE_13300.000000_URAM_0.000000 -device-name-info=xc7z020clg484-1 2> /home/abdullah/Desktop/CNN-on-FPGA/hls_component/top/hls/.autopilot/db/a.g.ld.0.bc.clang.reflow.err.log bg_poll_cmd: ::AP::poll_clang_39_closed_source
Execute       send_msg_by_id INFO @200-1995@%s%s%s 2,407 Compile/Link (/home/abdullah/Desktop/CNN-on-FPGA/hls_component/top/hls/syn/report/csynth_design_size.rpt:2) 
INFO: [HLS 200-1995] There were 2,407 instructions in the design after the 'Compile/Link' phase of compilation. See the Design Size Report for more details (/home/abdullah/Desktop/CNN-on-FPGA/hls_component/top/hls/syn/report/csynth_design_size.rpt:2)
Execute       send_msg_by_id INFO @200-1995@%s%s%s 1,841 Unroll/Inline (step 1) (/home/abdullah/Desktop/CNN-on-FPGA/hls_component/top/hls/syn/report/csynth_design_size.rpt:2) 
INFO: [HLS 200-1995] There were 1,841 instructions in the design after the 'Unroll/Inline (step 1)' phase of compilation. See the Design Size Report for more details (/home/abdullah/Desktop/CNN-on-FPGA/hls_component/top/hls/syn/report/csynth_design_size.rpt:2)
Execute       send_msg_by_id INFO @200-1995@%s%s%s 1,046 Unroll/Inline (step 2) (/home/abdullah/Desktop/CNN-on-FPGA/hls_component/top/hls/syn/report/csynth_design_size.rpt:2) 
INFO: [HLS 200-1995] There were 1,046 instructions in the design after the 'Unroll/Inline (step 2)' phase of compilation. See the Design Size Report for more details (/home/abdullah/Desktop/CNN-on-FPGA/hls_component/top/hls/syn/report/csynth_design_size.rpt:2)
Execute       send_msg_by_id INFO @200-1995@%s%s%s 948 Unroll/Inline (step 3) (/home/abdullah/Desktop/CNN-on-FPGA/hls_component/top/hls/syn/report/csynth_design_size.rpt:2) 
INFO: [HLS 200-1995] There were 948 instructions in the design after the 'Unroll/Inline (step 3)' phase of compilation. See the Design Size Report for more details (/home/abdullah/Desktop/CNN-on-FPGA/hls_component/top/hls/syn/report/csynth_design_size.rpt:2)
Execute       send_msg_by_id INFO @200-1995@%s%s%s 948 Unroll/Inline (step 4) (/home/abdullah/Desktop/CNN-on-FPGA/hls_component/top/hls/syn/report/csynth_design_size.rpt:2) 
INFO: [HLS 200-1995] There were 948 instructions in the design after the 'Unroll/Inline (step 4)' phase of compilation. See the Design Size Report for more details (/home/abdullah/Desktop/CNN-on-FPGA/hls_component/top/hls/syn/report/csynth_design_size.rpt:2)
Execute       send_msg_by_id INFO @200-1995@%s%s%s 2,443 Array/Struct (step 1) (/home/abdullah/Desktop/CNN-on-FPGA/hls_component/top/hls/syn/report/csynth_design_size.rpt:2) 
INFO: [HLS 200-1995] There were 2,443 instructions in the design after the 'Array/Struct (step 1)' phase of compilation. See the Design Size Report for more details (/home/abdullah/Desktop/CNN-on-FPGA/hls_component/top/hls/syn/report/csynth_design_size.rpt:2)
Execute       send_msg_by_id INFO @200-1995@%s%s%s 2,029 Array/Struct (step 2) (/home/abdullah/Desktop/CNN-on-FPGA/hls_component/top/hls/syn/report/csynth_design_size.rpt:2) 
INFO: [HLS 200-1995] There were 2,029 instructions in the design after the 'Array/Struct (step 2)' phase of compilation. See the Design Size Report for more details (/home/abdullah/Desktop/CNN-on-FPGA/hls_component/top/hls/syn/report/csynth_design_size.rpt:2)
Execute       send_msg_by_id INFO @200-1995@%s%s%s 2,029 Array/Struct (step 3) (/home/abdullah/Desktop/CNN-on-FPGA/hls_component/top/hls/syn/report/csynth_design_size.rpt:2) 
INFO: [HLS 200-1995] There were 2,029 instructions in the design after the 'Array/Struct (step 3)' phase of compilation. See the Design Size Report for more details (/home/abdullah/Desktop/CNN-on-FPGA/hls_component/top/hls/syn/report/csynth_design_size.rpt:2)
Execute       send_msg_by_id INFO @200-1995@%s%s%s 2,021 Array/Struct (step 4) (/home/abdullah/Desktop/CNN-on-FPGA/hls_component/top/hls/syn/report/csynth_design_size.rpt:2) 
INFO: [HLS 200-1995] There were 2,021 instructions in the design after the 'Array/Struct (step 4)' phase of compilation. See the Design Size Report for more details (/home/abdullah/Desktop/CNN-on-FPGA/hls_component/top/hls/syn/report/csynth_design_size.rpt:2)
Execute       send_msg_by_id INFO @200-1995@%s%s%s 2,029 Array/Struct (step 5) (/home/abdullah/Desktop/CNN-on-FPGA/hls_component/top/hls/syn/report/csynth_design_size.rpt:2) 
INFO: [HLS 200-1995] There were 2,029 instructions in the design after the 'Array/Struct (step 5)' phase of compilation. See the Design Size Report for more details (/home/abdullah/Desktop/CNN-on-FPGA/hls_component/top/hls/syn/report/csynth_design_size.rpt:2)
Execute       send_msg_by_id INFO @200-1995@%s%s%s 2,028 Performance (step 1) (/home/abdullah/Desktop/CNN-on-FPGA/hls_component/top/hls/syn/report/csynth_design_size.rpt:2) 
INFO: [HLS 200-1995] There were 2,028 instructions in the design after the 'Performance (step 1)' phase of compilation. See the Design Size Report for more details (/home/abdullah/Desktop/CNN-on-FPGA/hls_component/top/hls/syn/report/csynth_design_size.rpt:2)
Execute       send_msg_by_id INFO @200-1995@%s%s%s 2,024 Performance (step 2) (/home/abdullah/Desktop/CNN-on-FPGA/hls_component/top/hls/syn/report/csynth_design_size.rpt:2) 
INFO: [HLS 200-1995] There were 2,024 instructions in the design after the 'Performance (step 2)' phase of compilation. See the Design Size Report for more details (/home/abdullah/Desktop/CNN-on-FPGA/hls_component/top/hls/syn/report/csynth_design_size.rpt:2)
Execute       send_msg_by_id INFO @200-1995@%s%s%s 2,244 Performance (step 3) (/home/abdullah/Desktop/CNN-on-FPGA/hls_component/top/hls/syn/report/csynth_design_size.rpt:2) 
INFO: [HLS 200-1995] There were 2,244 instructions in the design after the 'Performance (step 3)' phase of compilation. See the Design Size Report for more details (/home/abdullah/Desktop/CNN-on-FPGA/hls_component/top/hls/syn/report/csynth_design_size.rpt:2)
Execute       send_msg_by_id INFO @200-1995@%s%s%s 2,150 Performance (step 4) (/home/abdullah/Desktop/CNN-on-FPGA/hls_component/top/hls/syn/report/csynth_design_size.rpt:2) 
INFO: [HLS 200-1995] There were 2,150 instructions in the design after the 'Performance (step 4)' phase of compilation. See the Design Size Report for more details (/home/abdullah/Desktop/CNN-on-FPGA/hls_component/top/hls/syn/report/csynth_design_size.rpt:2)
Execute       send_msg_by_id INFO @200-1995@%s%s%s 2,146 HW Transforms (step 1) (/home/abdullah/Desktop/CNN-on-FPGA/hls_component/top/hls/syn/report/csynth_design_size.rpt:2) 
INFO: [HLS 200-1995] There were 2,146 instructions in the design after the 'HW Transforms (step 1)' phase of compilation. See the Design Size Report for more details (/home/abdullah/Desktop/CNN-on-FPGA/hls_component/top/hls/syn/report/csynth_design_size.rpt:2)
Execute       send_msg_by_id INFO @200-1995@%s%s%s 2,199 HW Transforms (step 2) (/home/abdullah/Desktop/CNN-on-FPGA/hls_component/top/hls/syn/report/csynth_design_size.rpt:2) 
INFO: [HLS 200-1995] There were 2,199 instructions in the design after the 'HW Transforms (step 2)' phase of compilation. See the Design Size Report for more details (/home/abdullah/Desktop/CNN-on-FPGA/hls_component/top/hls/syn/report/csynth_design_size.rpt:2)
INFO: [HLS 214-291] Loop 'KH_2' is marked as complete unroll implied by the pipeline pragma (../src/conv.cpp:80:27)
INFO: [HLS 214-291] Loop 'KW_2' is marked as complete unroll implied by the pipeline pragma (../src/conv.cpp:81:31)
INFO: [HLS 214-291] Loop 'VITIS_LOOP_23_1' is marked as complete unroll implied by the pipeline pragma (../src/pool.cpp:23:34)
INFO: [HLS 214-291] Loop 'VITIS_LOOP_24_2' is marked as complete unroll implied by the pipeline pragma (../src/pool.cpp:24:38)
INFO: [HLS 214-291] Loop 'KH_1' is marked as complete unroll implied by the pipeline pragma (../src/conv.cpp:33:23)
INFO: [HLS 214-291] Loop 'KW_1' is marked as complete unroll implied by the pipeline pragma (../src/conv.cpp:34:27)
INFO: [HLS 214-186] Unrolling loop 'VITIS_LOOP_73_3' (../src/conv.cpp:73:34) in function 'conv2' completely with a factor of 8 (../src/conv.cpp:54:0)
INFO: [HLS 214-186] Unrolling loop 'KH_2' (../src/conv.cpp:80:27) in function 'conv2' completely with a factor of 3 (../src/conv.cpp:54:0)
INFO: [HLS 214-186] Unrolling loop 'KW_2' (../src/conv.cpp:81:31) in function 'conv2' completely with a factor of 3 (../src/conv.cpp:54:0)
INFO: [HLS 214-186] Unrolling loop 'VITIS_LOOP_99_4' (../src/conv.cpp:99:34) in function 'conv2' completely with a factor of 8 (../src/conv.cpp:54:0)
INFO: [HLS 214-186] Unrolling loop 'VITIS_LOOP_23_1' (../src/pool.cpp:23:34) in function 'pool' completely with a factor of 2 (../src/pool.cpp:7:0)
INFO: [HLS 214-186] Unrolling loop 'VITIS_LOOP_24_2' (../src/pool.cpp:24:38) in function 'pool' completely with a factor of 2 (../src/pool.cpp:7:0)
INFO: [HLS 214-186] Unrolling loop 'KH_1' (../src/conv.cpp:33:23) in function 'conv1' completely with a factor of 3 (../src/conv.cpp:9:0)
INFO: [HLS 214-186] Unrolling loop 'KW_1' (../src/conv.cpp:34:27) in function 'conv1' completely with a factor of 3 (../src/conv.cpp:9:0)
INFO: [HLS 214-178] Inlining function 'dense(ap_fixed<8, 5, (ap_q_mode)5, (ap_o_mode)3, 0>*, ap_fixed<8, 5, (ap_q_mode)5, (ap_o_mode)3, 0>*)' into 'top(ap_fixed<8, 5, (ap_q_mode)5, (ap_o_mode)3, 0>*, ap_fixed<8, 5, (ap_q_mode)5, (ap_o_mode)3, 0>*)' (../src/eight.cpp:8:0)
INFO: [HLS 214-248] Applying array_partition to '_ZZ5conv2P8ap_fixedILi8ELi5EL9ap_q_mode5EL9ap_o_mode3ELi0EES3_E12partial_sums': Complete partitioning on dimension 1. (../src/conv.cpp:65:0)
INFO: [HLS 214-248] Applying array_partition to '_ZL10conv2_bias': Complete partitioning on dimension 1. (../src/conv2_bias.h:7:0)
INFO: [HLS 214-248] Applying array_partition to '_ZL12conv2_weight': Cyclic partitioning with factor 9 on dimension 1. (../src/conv2_weight.h:7:0)
INFO: [HLS 214-248] Applying array_partition to '_ZL10conv1_bias': Complete partitioning on dimension 1. (../src/conv1_bias.h:7:0)
INFO: [HLS 214-248] Applying array_partition to '_ZL12conv1_weight': Complete partitioning on dimension 1. (../src/conv1_weight.h:7:0)
INFO: [HLS 214-248] Applying array_partition to '_ZL8fc1_bias': Complete partitioning on dimension 1. (../src/fc1_bias.h:7:0)
INFO: [HLS 214-248] Applying array_partition to 'temp': Cyclic partitioning with factor 16 on dimension 1. (../src/conv.cpp:10:11)
INFO: [HLS 214-248] Applying array_partition to 'outputPool': Cyclic partitioning with factor 8 on dimension 1. (../src/eight.cpp:18:11)
INFO: [HLS 214-248] Applying array_partition to 'outputPool2': Cyclic partitioning with factor 8 on dimension 1. (../src/eight.cpp:20:11)
INFO: [HLS 214-437] Disabling loop flattening for loop 'VITIS_LOOP_70_2'. (../src/conv.cpp:70:30)
INFO: [HLS 214-270] Inferring pragma 'array_partition type=cyclic factor=5 dim=1' for array 'outputConv' due to pipeline pragma (../src/pool.cpp:19:1)
INFO: [HLS 214-270] Inferring pragma 'array_partition type=cyclic factor=2 dim=1' for array 'outputConv2' due to pipeline pragma (../src/pool.cpp:19:1)
INFO: [HLS 214-248] Applying array_partition to 'outputConv': Cyclic partitioning with factor 5 on dimension 1. (../src/eight.cpp:17:11)
INFO: [HLS 214-248] Applying array_partition to 'outputConv2': Cyclic partitioning with factor 2 on dimension 1. (../src/eight.cpp:19:11)
INFO: [HLS 214-115] Multiple burst reads of length 784 and bit width 8 in loop 'LOAD_1'(../src/conv.cpp:16:13) has been inferred on bundle 'gmem0'. These burst requests might be further partitioned into multiple requests during RTL generation, based on max_read_burst_length or max_write_burst_length settings. (../src/conv.cpp:16:13)
INFO: [HLS 214-115] Multiple burst writes of length 10 and bit width 8 in loop 'DENSE_OUTER'(../src/dense.cpp:13:18) has been inferred on bundle 'gmem0'. These burst requests might be further partitioned into multiple requests during RTL generation, based on max_read_burst_length or max_write_burst_length settings. (../src/dense.cpp:13:18)
INFO-FLOW: run_clang result=success num-err-msgs=0 num-stderr-lines=77
INFO-FLOW: DBG:PUTS: copy_raw_kernel_xml ap_link_39: kernel.xml not generated: /home/abdullah/Desktop/CNN-on-FPGA/hls_component/top/hls/.autopilot/db/kernel.internal.xml
INFO: [HLS 200-111] Finished Compiling Optimization and Transform: CPU user time: 4.67 seconds. CPU system time: 0.41 seconds. Elapsed time: 7.4 seconds; current allocated memory: 261.547 MB.
INFO: [HLS 200-111] Finished Checking Pragmas: CPU user time: 0 seconds. CPU system time: 0 seconds. Elapsed time: 0 seconds; current allocated memory: 261.547 MB.
Execute       opt_and_import_c a -opt_level=2 -skip_syncheck=0 -ng=0 -keep_printf=0 
Execute         cleanup_all_models 
INFO: [HLS 200-10] Starting code transformations ...
INFO-FLOW: Running Standard Transforms...
Execute         transform -hls -share-std-xform -demangle-name -inline-byval-memcpy -always-inline -promote-dbg-pointer -interface-preproc -mem2reg -reassociate -gvn -reassociate -scalarrepl -mem2reg -keep-read-access -instcombine -dce -promote-dbg-pointer -bitop-raise -loop-simplify -indvarspre -indvars -loop-simplify -constprop -instcombine -simplifycfg -indvars -simplifycfg -dce -globaldce -basicaa -simplifycfg -mem2reg -globalopt -global-constprop -deadargelim -instcombine -simplifycfg -scalarrepl -instcombine -reassociate -licm -simplifycfg -loop-simplify -indvars -instcombine -simplifycfg -mem2reg -loop-simplify -indvars -instcombine -gvn -gvn -instcombine -adce -break-crit-edges -simplifycfg -loop-delete -global-array-opt -dce -dse -adce -find-syn-modules -top top -deadargelim -mem2reg -instcombine -dce -presyn-prepare -interface-preproc -syn-check -check-rec-only -find-region -simplifycfg -func-extr -function-inline -globaldce -mem2reg -instcombine -dce -gvn -globaldce -adce -adse -constprop -instcombine -bit-constprop -instcombine -dce -simplifycfg -bitop-raise -simplifycfg -dce -loop-delete -reassociate -globalopt -global-privatize -mem2reg -dce -global-constprop -pointer-simplify -constprop -dce -promote-dbg-pointer -norm-name /home/abdullah/Desktop/CNN-on-FPGA/hls_component/top/hls/.autopilot/db/a.g.0.bc -o /home/abdullah/Desktop/CNN-on-FPGA/hls_component/top/hls/.autopilot/db/a.g.1.bc -f -phase std-opt 
Command         transform done; 0.11 sec.
INFO: [HLS 200-111] Finished Standard Transforms: CPU user time: 0.11 seconds. CPU system time: 0 seconds. Elapsed time: 0.11 seconds; current allocated memory: 263.766 MB.
INFO: [HLS 200-10] Checking synthesizability ...
INFO-FLOW: Checking Synthesizability 1/2..
Execute         transform -hls -syn-check -check-rec-only -scalarrepl -norm-name -dce -mem2reg -instcombine -directive-preproc -mem2reg -dse -dce -dce -pag -array-normalize -instcombine -dce -array-seg-normalize -instcombine -dce -data-pack -instcombine -dce -inst-simplify -array-flatten -instcombine -dce -array-burst -dce -deadargelim -promote-global-argument -simplifycfg -mem2reg -globaldce -dce -deadargelim -dce -instcombine -function-inline -globaldce -dce -doublePtrSimplify -doublePtrElim -dce -doublePtrSimplify -promote-dbg-pointer -dce -scalarrepl -dse -adse -instcombine -ptrLegalization -simplifycfg -dce -instcombine -pointer-simplify -ptrArgReplace -dce -instcombine -resolve-double-ptr -scalarrepl -norm-name -dce -mem2reg -instcombine -ptrLegalization -simplifycfg -deadargelim -instcombine -dce -inst-simplify -directive-preproc -mem2reg -dse -dce -globaldce /home/abdullah/Desktop/CNN-on-FPGA/hls_component/top/hls/.autopilot/db/a.g.1.bc -o /home/abdullah/Desktop/CNN-on-FPGA/hls_component/top/hls/.autopilot/db/a.g.2.prechk.bc -f 
Command         transform done; 0.12 sec.
INFO-FLOW: Checking Synthesizability 2/2..
Execute         transform -syn-check /home/abdullah/Desktop/CNN-on-FPGA/hls_component/top/hls/.autopilot/db/a.g.2.prechk.bc -o /home/abdullah/Desktop/CNN-on-FPGA/hls_component/top/hls/.autopilot/db/a.g.2.bc -f -phase syn-check 
INFO: [HLS 200-111] Finished Checking Synthesizability: CPU user time: 0.12 seconds. CPU system time: 0 seconds. Elapsed time: 0.12 seconds; current allocated memory: 264.996 MB.
INFO-FLOW: Compiler optimizing ...
INFO-FLOW: Share syncheck's 1.bc for syn flow: copy /home/abdullah/Desktop/CNN-on-FPGA/hls_component/top/hls/.autopilot/db/a.g.1.bc to /home/abdullah/Desktop/CNN-on-FPGA/hls_component/top/hls/.autopilot/db/a.o.1.bc
INFO-FLOW: Presyn 1...
Execute         transform -hls -tmp /home/abdullah/Desktop/CNN-on-FPGA/hls_component/top/hls/.autopilot/db -interface-port-rename -directive-preproc -mem2reg -dse -dce -scalarrepl -norm-name -deadargelim -dce -hls-dead-arg-elim -deadargelim -mem2reg -instcombine -dce -simplifycfg -dce -resource-proc -clib-intrinsic-prepare -dce -func-buffer -dce -pag -array-normalize -func-legal -instcombine -gvn -constprop -dce -simplifycfg -mem2reg -globaldce -resolve-double-ptr -dce -deadargelim -dce -instcombine -ptrArgReplace -mem2reg -dce -array-seg-normalize -deadargelim -instcombine -dce -directive-preproc -mem2reg -dse -dce -pointer-simplify -dce -dce -interface-preproc -data-pack -instcombine -dce -basicaa -aggr-aa -aggrmodref-aa -aggr-aa -gvn -gvn -basicaa -aggr-aa -aggrmodref-aa -aggr-aa -dse -adse -adce -loop-simplify -indvars -instcombine -gvn -loop-simplify -mem2reg -dce -find-region -instcombine -inst-simplify -interface-preproc -cfgopt -instcombine -indvars -loop-simplify -loop-bound -constprop -instcombine -simplifycfg -indvars -simplifycfg -dce -globaldce -clean-region -attach-range -gvn -inst-simplify -constprop -simplifycfg -dce -pointer-simplify -dce -globalopt -constprop -dce -ptrArgReplace -mem2reg -simplifycfg -dce -instcombine -dce -array-transform-check -array-reshape -instcombine -simplifycfg -dce -ptrArgReplace -deadargelim -mem2reg -instcombine -simplifycfg -dce -indvars -loop-simplify -loop-bound -constprop -instcombine -simplifycfg -indvars -simplifycfg -dce -globaldce -basicaa -aggr-aa -aggrmodref-aa -aggr-aa -dse -duplicate-dataflow-processes -globaldce -instcombine -array-partition -prepare-dynamic-array-partition -instcombine -simplifycfg -dce -ptrArgReplace -global-constprop -deadargelim -mem2reg -func-legal -dce -global-constprop -deadargelim -mem2reg -simplifycfg -dce -merge-param -deadargelim -globalopt -constprop -dce -ptrArgReplace -mem2reg -simplifycfg -dce -mem-intrinsic-preproc -dce -global-internalize -global-privatize -mem2reg -globaldce -lcssa -loop-simplify -phi-select-elim -promote-global-argument -ptrArgReplace -mem2reg -dce -globalopt -mergereturn -simplify-global-access -mem2reg -dce -pointer-simplify -dce -basicaa -aggr-aa -aggrmodref-aa -aggr-aa -functionattrs -basicaa -aggr-aa -aggrmodref-aa -aggr-aa -gvn -gvn -basicaa -aggr-aa -aggrmodref-aa -aggr-aa -dse -adse -adce -dce -norm-name -basicaa -aggr-aa -aggrmodref-aa -aggr-aa -accesses-merge -function-inline -complex-op-raise -inst-simplify -globaldce -func-legal -dce -loop-bound -arraycheck -bitwidthmin2 -bitwidthmin2 -on-by-dataflow -loop-delete -instcombine -simplifycfg -globaldce -dce -gvn -deadargelim -dce -loop-simplify -clean-region -simplifycfg -propagate-stable-arguments -instcombine -simplifycfg -dce -globaldce -duplicate-dataflow-processes -stream-intrinsic-preproc -dce -check-ap-stream -loop-simplify -eliminate-keepreads -extract-dataflow-in-loop -loop-simplify -dce -gvn -deadargelim -dse -duplicate-dataflow-processes -check-dataflow-syntax -legalize-stream-variable -globaldce -extract-subproc -global-constprop -deadargelim -globaldce -legalize-global -dce -dead-channel-elimination -canonicalize-gep -globaldce -dce -gvn -hls-dead-arg-elim -deadargelim -canonicalize-dataflow -directive-preproc -dce -globaldce -scalar-preprocessing -scalar-propagation2 -scalar-stream -deadargelim -globaldce -mem2reg -check-dataflow-channels -function-stream -dce -globaldce -prop-fifo-spec -internal-stream-gen -canonicalize-gep -globaldce -dce -gvn -deadargelim -mergereturn -indvars -loop-simplify -instcombine -array-stream -array-seg-normalize -array-partition -clean-array-spec -func-legal -instcombine -simplifycfg -dce -bundle-memfifo-ops -deadargelim -directive-preproc -mem2reg -dse -dce -group-axi-access -licm -simplifycfg -dce -loop-delete -hls-display -norm-name /home/abdullah/Desktop/CNN-on-FPGA/hls_component/top/hls/.autopilot/db/a.o.1.bc -o /home/abdullah/Desktop/CNN-on-FPGA/hls_component/top/hls/.autopilot/db/a.o.1.tmp.bc -f 
Command         transform done; 0.4 sec.
INFO-FLOW: Presyn 2...
Execute         transform -hls -keep-callgraph -scalarrepl -mem2reg -attach-range -dce -pipe-mux-gen -indvars -loop-bound -inst-simplify -instcombine -dce -merge-array-access -mem2reg -dce -clean-region -mergereturn -if-conv -instcombine -dce -constprop -basicaa -aggr-aa -aggrmodref-aa -aggr-aa -gvn -gvn -basicaa -aggr-aa -aggrmodref-aa -aggr-aa -dse -adse -adce -scalarrepl -mem2reg -global-constprop -deadargelim -deadargelim -instcombine -dce -simplifycfg -ptrArgReplace -mem2reg -function-inline -globaldce -mem2reg -instcombine -dce -expr-balance -instcombine -dce -bitwidthmin2 -bitwidthmin2 -interface-preproc -directive-preproc -inst-rectify -instcombine -dce -basicaa -aggr-aa -aggrmodref-aa -aggr-aa -functionattrs -constprop -instcombine -bit-constprop -simplify-global-access -globalopt -globaldce -inst-simplify -instcombine -elimdeaddata -dce -loop-delete -simplifycfg -loop-simplify -barrier -norm-name /home/abdullah/Desktop/CNN-on-FPGA/hls_component/top/hls/.autopilot/db/a.o.1.tmp.bc -o /home/abdullah/Desktop/CNN-on-FPGA/hls_component/top/hls/.autopilot/db/a.o.2.bc -f -phase presyn 
INFO: [XFORM 203-401] Performing if-conversion on hyperblock from (../src/conv.cpp:29:1) to (../src/conv.cpp:46:51) in function 'conv1'... converting 17 basic blocks.
Command         transform done; 0.21 sec.
INFO: [HLS 200-111] Finished Loop, function and other optimizations: CPU user time: 0.6 seconds. CPU system time: 0.01 seconds. Elapsed time: 0.61 seconds; current allocated memory: 290.355 MB.
Execute         transform -hls -auto-function-inline -globaldce -ptrArgReplace -mem2reg -dce -reset-lda -loop-simplify -indvars -aggr-aa -licm -loop-dep -loop-bound -licm -loop-simplify -loop-sink-hoist -flattenloopnest -array-flatten -gvn -instcombine -dce -array-map -dce -func-legal -gvn -adce -instcombine -cfgopt -simplifycfg-lite -loop-simplify -array-burst -promote-global-argument -dce -array-seg-normalize -basicaa -aggrmodref-aa -globalsmodref-aa -aggr-aa -gvn -gvn -basicaa -aggrmodref-aa -globalsmodref-aa -aggr-aa -dse -adse -adce -licm -inst-simplify -dce -globaldce -instcombine -array-stream -eliminate-keepreads -instcombine -dce -deadargelim -doublePtrSimplify -doublePtrElim -dce -doublePtrSimplify -promote-dbg-pointer -dce -scalarrepl -mem2reg -norm-name -mem2reg -instcombine -dse -adse -adce -ptrLegalization -dce -array-flatten -dce -instcombine -check-doubleptr -loop-rot -constprop -inst-simplify -cfgopt -simplifycfg-lite -loop-simplify -indvars -pointer-simplify -dce -loop-bound -loop-simplify -loop-preproc -constprop -global-constprop -gvn -mem2reg -instcombine -dce -loop-bound -loop-merge -dce -deadargelim -dce -canonicalize-dataflow -dce -deadargelim -globaldce -mem2reg -bram-byte-enable -inst-simplify -inst-rectify -instcombine -adce -deadargelim -load-elim -read-loop-dep -loop-simplify -loop-rewind-sink-hoist -loop-outline -hls-dead-arg-elim -directive-preproc -bitwidthmin2 -bitwidthmin2 -read-loop-dep -interface-preproc -directive-preproc -interface-gen -bram-byte-enable-spec-prop -mul2addshift -deadargelim -inst-simplify -dce -mem2reg -instcombine -gvn -dce -adse -loop-bound -instcombine -cfgopt -simplifycfg-lite -loop-simplify -clean-region -io-protocol -find-region -mem2reg -bitop-raise -complex-op-raise -inst-simplify -inst-rectify -instcombine -gvn -adce -deadargelim -float-op-raise -loop-simplify -phi-opt -bitop-raise -cfgopt -simplifycfg-lite -strip-dead-prototypes -interface-lower -bitop-lower -intrinsic-lower -auto-function-inline -basicaa -aggrmodref-aa -globalsmodref-aa -aggr-aa -inst-simplify -simplifycfg-lite -loop-simplify -mergereturn -inst-simplify -inst-rectify -globaldce -dce -load-elim -bitop-lower -float-op-raise -fma-raise -loop-rewind -pointer-simplify -dce -cfgopt -dce -loop-bound -loop-dep -read-loop-dep -dce -dyn-mem-reuse -dce -recurrence-min -dce -share-scalar-alloca -deadargelim -dce -check-stream -norm-name -legalize -inst-clarity -bitwidth -dce -validate-dataflow -dump-loop-dep-to-ir -check-all-ssdm -drop-inferred-ii -dump-complexity-metric /home/abdullah/Desktop/CNN-on-FPGA/hls_component/top/hls/.autopilot/db/a.o.2.bc -o /home/abdullah/Desktop/CNN-on-FPGA/hls_component/top/hls/.autopilot/db/a.o.3.bc -f -phase build-ssdm 
INFO: [HLS 200-2061] Successfully converted nested loops 'DENSE_OUTER'(../src/dense.cpp:13:18) and 'DENSE_INNER'(../src/dense.cpp:18:22) in function 'top' into perfectly nested loops.
INFO: [HLS 200-2061] Successfully converted nested loops 'H_LOOP'(../src/pool.cpp:17:17) and 'W_LOOP'(../src/pool.cpp:18:21) in function 'pool.1' into perfectly nested loops.
INFO: [HLS 200-2061] Successfully converted nested loops 'CO_LOOP'(../src/pool.cpp:16:14) and 'H_LOOP'(../src/pool.cpp:17:17) in function 'pool.1' into perfectly nested loops.
INFO: [HLS 200-2061] Successfully converted nested loops 'H_LOOP'(../src/pool.cpp:17:17) and 'W_LOOP'(../src/pool.cpp:18:21) in function 'pool' into perfectly nested loops.
INFO: [HLS 200-2061] Successfully converted nested loops 'CO_LOOP'(../src/pool.cpp:16:14) and 'H_LOOP'(../src/pool.cpp:17:17) in function 'pool' into perfectly nested loops.
INFO: [HLS 200-2061] Successfully converted nested loops 'H_1'(../src/conv.cpp:27:14) and 'W_1'(../src/conv.cpp:28:18) in function 'conv1' into perfectly nested loops.
INFO: [HLS 200-2061] Successfully converted nested loops 'CO_1'(../src/conv.cpp:26:11) and 'H_1'(../src/conv.cpp:27:14) in function 'conv1' into perfectly nested loops.
INFO: [XFORM 203-541] Flattening a loop nest 'DENSE_OUTER' (../src/dense.cpp:13:18) in function 'top'.
INFO: [XFORM 203-541] Flattening a loop nest 'H_LOOP' (../src/pool.cpp:17:17) in function 'pool.1'.
INFO: [XFORM 203-541] Flattening a loop nest 'CO_LOOP' (../src/pool.cpp:16:14) in function 'pool.1'.
INFO: [XFORM 203-541] Flattening a loop nest 'H_LOOP' (../src/pool.cpp:17:17) in function 'pool'.
INFO: [XFORM 203-541] Flattening a loop nest 'CO_LOOP' (../src/pool.cpp:16:14) in function 'pool'.
INFO: [XFORM 203-541] Flattening a loop nest 'H_1' (../src/conv.cpp:27:14) in function 'conv1'.
INFO: [XFORM 203-541] Flattening a loop nest 'CO_1' (../src/conv.cpp:26:11) in function 'conv1'.
Execute           AP::auto_get_db
Command         transform done; 0.49 sec.
INFO-FLOW: Building ssdm...
Execute         transform -hls -cdfg-build /home/abdullah/Desktop/CNN-on-FPGA/hls_component/top/hls/.autopilot/db/a.o.3.bc -o /home/abdullah/Desktop/CNN-on-FPGA/hls_component/top/hls/.autopilot/db/a.o.3.bc -f -phase build-ssdm 
INFO: [HLS 200-111] Finished Architecture Synthesis: CPU user time: 0.54 seconds. CPU system time: 0.02 seconds. Elapsed time: 0.57 seconds; current allocated memory: 364.898 MB.
INFO-FLOW: Finish building internal data model.
Command       opt_and_import_c done; 1.41 sec.
Command     elaborate done; 28.3 sec.
Execute     ap_eval exec zip -j /home/abdullah/Desktop/CNN-on-FPGA/hls_component/top/hls/.autopilot/db/dut.hcp $dbDir/a.o.3.bc $dbDir/${topname}.rtl_wrap.cfg.tcl $dbDir/apatb_${topname}.cpp $dbDir/apatb_${topname}_util.cpp $dbDir/apatb_${topname}_ir.ll $dbDir/mapper_${topname}.cpp $dbDir/top-io-fe.xml $dbDir/kernel.internal.xml $workdir/../hls.app 
INFO: [HLS 200-10] Starting hardware synthesis ...
INFO-FLOW: Synthesizing C/C++ design AP::SynTopModule=top
INFO: [HLS 200-10] Synthesizing 'top' ...
Execute     ap_set_top_model top 
WARNING: [SYN 201-103] Legalizing function name 'pool.1' to 'pool_1'.
Execute     get_model_list top -filter all-wo-channel -topdown 
Execute     preproc_iomode -model top 
Execute     preproc_iomode -model top_Pipeline_DENSE_OUTER_DENSE_INNER 
Execute     preproc_iomode -model pool.1 
Execute     preproc_iomode -model conv2 
Execute     preproc_iomode -model conv2_Pipeline_CI_2 
Execute     preproc_iomode -model pool 
Execute     preproc_iomode -model conv1 
Execute     preproc_iomode -model conv1_Pipeline_CO_1_H_1_W_1 
Execute     preproc_iomode -model conv1_Pipeline_LOAD_1 
Execute     get_model_list top -filter all-wo-channel 
INFO-FLOW: Model list for configure: conv1_Pipeline_LOAD_1 conv1_Pipeline_CO_1_H_1_W_1 conv1 pool conv2_Pipeline_CI_2 conv2 pool.1 top_Pipeline_DENSE_OUTER_DENSE_INNER top
INFO-FLOW: Configuring Module : conv1_Pipeline_LOAD_1 ...
Execute     set_default_model conv1_Pipeline_LOAD_1 
Execute     apply_spec_resource_limit conv1_Pipeline_LOAD_1 
INFO-FLOW: Configuring Module : conv1_Pipeline_CO_1_H_1_W_1 ...
Execute     set_default_model conv1_Pipeline_CO_1_H_1_W_1 
Execute     apply_spec_resource_limit conv1_Pipeline_CO_1_H_1_W_1 
INFO-FLOW: Configuring Module : conv1 ...
Execute     set_default_model conv1 
Execute     apply_spec_resource_limit conv1 
INFO-FLOW: Configuring Module : pool ...
Execute     set_default_model pool 
Execute     apply_spec_resource_limit pool 
INFO-FLOW: Configuring Module : conv2_Pipeline_CI_2 ...
Execute     set_default_model conv2_Pipeline_CI_2 
Execute     apply_spec_resource_limit conv2_Pipeline_CI_2 
INFO-FLOW: Configuring Module : conv2 ...
Execute     set_default_model conv2 
Execute     apply_spec_resource_limit conv2 
INFO-FLOW: Configuring Module : pool.1 ...
Execute     set_default_model pool.1 
Execute     apply_spec_resource_limit pool.1 
INFO-FLOW: Configuring Module : top_Pipeline_DENSE_OUTER_DENSE_INNER ...
Execute     set_default_model top_Pipeline_DENSE_OUTER_DENSE_INNER 
Execute     apply_spec_resource_limit top_Pipeline_DENSE_OUTER_DENSE_INNER 
INFO-FLOW: Configuring Module : top ...
Execute     set_default_model top 
Execute     apply_spec_resource_limit top 
INFO-FLOW: Model list for preprocess: conv1_Pipeline_LOAD_1 conv1_Pipeline_CO_1_H_1_W_1 conv1 pool conv2_Pipeline_CI_2 conv2 pool.1 top_Pipeline_DENSE_OUTER_DENSE_INNER top
INFO-FLOW: Preprocessing Module: conv1_Pipeline_LOAD_1 ...
Execute     set_default_model conv1_Pipeline_LOAD_1 
Execute     cdfg_preprocess -model conv1_Pipeline_LOAD_1 
Execute     rtl_gen_preprocess conv1_Pipeline_LOAD_1 
INFO-FLOW: Preprocessing Module: conv1_Pipeline_CO_1_H_1_W_1 ...
Execute     set_default_model conv1_Pipeline_CO_1_H_1_W_1 
Execute     cdfg_preprocess -model conv1_Pipeline_CO_1_H_1_W_1 
Execute     rtl_gen_preprocess conv1_Pipeline_CO_1_H_1_W_1 
INFO-FLOW: Preprocessing Module: conv1 ...
Execute     set_default_model conv1 
Execute     cdfg_preprocess -model conv1 
Execute     rtl_gen_preprocess conv1 
INFO-FLOW: Preprocessing Module: pool ...
Execute     set_default_model pool 
Execute     cdfg_preprocess -model pool 
Execute     rtl_gen_preprocess pool 
INFO-FLOW: Preprocessing Module: conv2_Pipeline_CI_2 ...
Execute     set_default_model conv2_Pipeline_CI_2 
Execute     cdfg_preprocess -model conv2_Pipeline_CI_2 
Execute     rtl_gen_preprocess conv2_Pipeline_CI_2 
INFO-FLOW: Preprocessing Module: conv2 ...
Execute     set_default_model conv2 
Execute     cdfg_preprocess -model conv2 
Execute     rtl_gen_preprocess conv2 
INFO-FLOW: Preprocessing Module: pool.1 ...
Execute     set_default_model pool.1 
Execute     cdfg_preprocess -model pool.1 
Execute     rtl_gen_preprocess pool.1 
INFO-FLOW: Preprocessing Module: top_Pipeline_DENSE_OUTER_DENSE_INNER ...
Execute     set_default_model top_Pipeline_DENSE_OUTER_DENSE_INNER 
Execute     cdfg_preprocess -model top_Pipeline_DENSE_OUTER_DENSE_INNER 
Execute     rtl_gen_preprocess top_Pipeline_DENSE_OUTER_DENSE_INNER 
INFO-FLOW: Preprocessing Module: top ...
Execute     set_default_model top 
Execute     cdfg_preprocess -model top 
Execute     rtl_gen_preprocess top 
INFO-FLOW: Model list for synthesis: conv1_Pipeline_LOAD_1 conv1_Pipeline_CO_1_H_1_W_1 conv1 pool conv2_Pipeline_CI_2 conv2 pool.1 top_Pipeline_DENSE_OUTER_DENSE_INNER top
INFO: [HLS 200-10] ----------------------------------------------------------------
INFO: [HLS 200-42] -- Implementing module 'conv1_Pipeline_LOAD_1' 
INFO: [HLS 200-10] ----------------------------------------------------------------
Execute     set_default_model conv1_Pipeline_LOAD_1 
Execute     schedule -model conv1_Pipeline_LOAD_1 
INFO: [SCHED 204-11] Starting scheduling ...
INFO: [SCHED 204-61] Pipelining loop 'LOAD_1'.
INFO: [HLS 200-1470] Pipelining result : Target II = 1, Final II = 1, Depth = 3, loop 'LOAD_1'
INFO: [SCHED 204-11] Finished scheduling.
INFO: [HLS 200-111] Finished Scheduling: CPU user time: 0.09 seconds. CPU system time: 0.02 seconds. Elapsed time: 0.11 seconds; current allocated memory: 367.762 MB.
Execute     syn_report -verbosereport -o /home/abdullah/Desktop/CNN-on-FPGA/hls_component/top/hls/.autopilot/db/conv1_Pipeline_LOAD_1.verbose.sched.rpt 
Execute       list_part -family xc7z020-clg484-1 
Execute         ap_family_info -name xc7z020-clg484-1 -data names 
Execute         ap_part_info -quiet -name xc7z020-clg484-1 -data family 
Execute     db_write -o /home/abdullah/Desktop/CNN-on-FPGA/hls_component/top/hls/.autopilot/db/conv1_Pipeline_LOAD_1.sched.adb -f 
INFO-FLOW: Finish scheduling conv1_Pipeline_LOAD_1.
Execute     set_default_model conv1_Pipeline_LOAD_1 
Execute     bind -model conv1_Pipeline_LOAD_1 
INFO: [BIND 205-100] Starting micro-architecture generation ...
INFO: [BIND 205-101] Performing variable lifetime analysis.
INFO: [BIND 205-101] Exploring resource sharing.
INFO: [BIND 205-101] Binding ...
INFO: [BIND 205-100] Finished micro-architecture generation.
INFO: [HLS 200-111] Finished Binding: CPU user time: 0.01 seconds. CPU system time: 0 seconds. Elapsed time: 0.01 seconds; current allocated memory: 367.762 MB.
Execute     syn_report -verbosereport -o /home/abdullah/Desktop/CNN-on-FPGA/hls_component/top/hls/.autopilot/db/conv1_Pipeline_LOAD_1.verbose.bind.rpt 
Execute       list_part -family xc7z020-clg484-1 
Execute         ap_family_info -name xc7z020-clg484-1 -data names 
Execute         ap_part_info -quiet -name xc7z020-clg484-1 -data family 
Execute     db_write -o /home/abdullah/Desktop/CNN-on-FPGA/hls_component/top/hls/.autopilot/db/conv1_Pipeline_LOAD_1.bind.adb -f 
INFO-FLOW: Finish binding conv1_Pipeline_LOAD_1.
INFO: [HLS 200-10] ----------------------------------------------------------------
INFO: [HLS 200-42] -- Implementing module 'conv1_Pipeline_CO_1_H_1_W_1' 
INFO: [HLS 200-10] ----------------------------------------------------------------
Execute     set_default_model conv1_Pipeline_CO_1_H_1_W_1 
Execute     schedule -model conv1_Pipeline_CO_1_H_1_W_1 
INFO: [SCHED 204-11] Starting scheduling ...
INFO: [HLS 200-486] Changing DSP latency (root=add_ln46_2) to 3 in order to utilize available DSP registers.
INFO: [SCHED 204-61] Pipelining loop 'CO_1_H_1_W_1'.
INFO: [SCHED 204-61] Discarding stage scheduling solution.
INFO: [HLS 200-1470] Pipelining result : Target II = 1, Final II = 1, Depth = 15, loop 'CO_1_H_1_W_1'
INFO: [SCHED 204-11] Finished scheduling.
Command     schedule done; 0.29 sec.
INFO: [HLS 200-111] Finished Scheduling: CPU user time: 0.29 seconds. CPU system time: 0 seconds. Elapsed time: 0.3 seconds; current allocated memory: 375.422 MB.
Execute     syn_report -verbosereport -o /home/abdullah/Desktop/CNN-on-FPGA/hls_component/top/hls/.autopilot/db/conv1_Pipeline_CO_1_H_1_W_1.verbose.sched.rpt 
Execute       list_part -family xc7z020-clg484-1 
Execute         ap_family_info -name xc7z020-clg484-1 -data names 
Execute         ap_part_info -quiet -name xc7z020-clg484-1 -data family 
Execute     db_write -o /home/abdullah/Desktop/CNN-on-FPGA/hls_component/top/hls/.autopilot/db/conv1_Pipeline_CO_1_H_1_W_1.sched.adb -f 
INFO-FLOW: Finish scheduling conv1_Pipeline_CO_1_H_1_W_1.
Execute     set_default_model conv1_Pipeline_CO_1_H_1_W_1 
Execute     bind -model conv1_Pipeline_CO_1_H_1_W_1 
INFO: [BIND 205-100] Starting micro-architecture generation ...
INFO: [BIND 205-101] Performing variable lifetime analysis.
INFO: [BIND 205-101] Exploring resource sharing.
INFO: [BIND 205-101] Binding ...
INFO: [BIND 205-100] Finished micro-architecture generation.
INFO: [HLS 200-111] Finished Binding: CPU user time: 0.05 seconds. CPU system time: 0 seconds. Elapsed time: 0.05 seconds; current allocated memory: 375.422 MB.
Execute     syn_report -verbosereport -o /home/abdullah/Desktop/CNN-on-FPGA/hls_component/top/hls/.autopilot/db/conv1_Pipeline_CO_1_H_1_W_1.verbose.bind.rpt 
Execute       list_part -family xc7z020-clg484-1 
Execute         ap_family_info -name xc7z020-clg484-1 -data names 
Execute         ap_part_info -quiet -name xc7z020-clg484-1 -data family 
Execute     db_write -o /home/abdullah/Desktop/CNN-on-FPGA/hls_component/top/hls/.autopilot/db/conv1_Pipeline_CO_1_H_1_W_1.bind.adb -f 
INFO-FLOW: Finish binding conv1_Pipeline_CO_1_H_1_W_1.
INFO: [HLS 200-10] ----------------------------------------------------------------
INFO: [HLS 200-42] -- Implementing module 'conv1' 
INFO: [HLS 200-10] ----------------------------------------------------------------
Execute     set_default_model conv1 
Execute     schedule -model conv1 
INFO: [SCHED 204-11] Starting scheduling ...
INFO: [SCHED 204-11] Finished scheduling.
INFO: [HLS 200-111] Finished Scheduling: CPU user time: 0.04 seconds. CPU system time: 0.01 seconds. Elapsed time: 0.04 seconds; current allocated memory: 375.422 MB.
Execute     syn_report -verbosereport -o /home/abdullah/Desktop/CNN-on-FPGA/hls_component/top/hls/.autopilot/db/conv1.verbose.sched.rpt 
Execute       list_part -family xc7z020-clg484-1 
Execute         ap_family_info -name xc7z020-clg484-1 -data names 
Execute         ap_part_info -quiet -name xc7z020-clg484-1 -data family 
Execute     db_write -o /home/abdullah/Desktop/CNN-on-FPGA/hls_component/top/hls/.autopilot/db/conv1.sched.adb -f 
INFO-FLOW: Finish scheduling conv1.
Execute     set_default_model conv1 
Execute     bind -model conv1 
INFO: [BIND 205-100] Starting micro-architecture generation ...
INFO: [BIND 205-101] Performing variable lifetime analysis.
INFO: [BIND 205-101] Exploring resource sharing.
INFO: [BIND 205-101] Binding ...
INFO: [BIND 205-100] Finished micro-architecture generation.
INFO: [HLS 200-111] Finished Binding: CPU user time: 0.01 seconds. CPU system time: 0 seconds. Elapsed time: 0.01 seconds; current allocated memory: 375.422 MB.
Execute     syn_report -verbosereport -o /home/abdullah/Desktop/CNN-on-FPGA/hls_component/top/hls/.autopilot/db/conv1.verbose.bind.rpt 
Execute       list_part -family xc7z020-clg484-1 
Execute         ap_family_info -name xc7z020-clg484-1 -data names 
Execute         ap_part_info -quiet -name xc7z020-clg484-1 -data family 
Execute     db_write -o /home/abdullah/Desktop/CNN-on-FPGA/hls_component/top/hls/.autopilot/db/conv1.bind.adb -f 
INFO-FLOW: Finish binding conv1.
INFO: [HLS 200-10] ----------------------------------------------------------------
INFO: [HLS 200-42] -- Implementing module 'pool' 
INFO: [HLS 200-10] ----------------------------------------------------------------
Execute     set_default_model pool 
Execute     schedule -model pool 
INFO: [SCHED 204-11] Starting scheduling ...
INFO: [HLS 200-486] Changing DSP latency (root=add_ln33_2) to 3 in order to utilize available DSP registers.
INFO: [SCHED 204-61] Pipelining loop 'CO_LOOP_H_LOOP_W_LOOP'.
INFO: [HLS 200-1470] Pipelining result : Target II = 1, Final II = 1, Depth = 18, loop 'CO_LOOP_H_LOOP_W_LOOP'
INFO: [SCHED 204-11] Finished scheduling.
INFO: [HLS 200-111] Finished Scheduling: CPU user time: 0.06 seconds. CPU system time: 0 seconds. Elapsed time: 0.07 seconds; current allocated memory: 375.422 MB.
Execute     syn_report -verbosereport -o /home/abdullah/Desktop/CNN-on-FPGA/hls_component/top/hls/.autopilot/db/pool.verbose.sched.rpt 
Execute       list_part -family xc7z020-clg484-1 
Execute         ap_family_info -name xc7z020-clg484-1 -data names 
Execute         ap_part_info -quiet -name xc7z020-clg484-1 -data family 
Execute     db_write -o /home/abdullah/Desktop/CNN-on-FPGA/hls_component/top/hls/.autopilot/db/pool.sched.adb -f 
INFO-FLOW: Finish scheduling pool.
Execute     set_default_model pool 
Execute     bind -model pool 
INFO: [BIND 205-100] Starting micro-architecture generation ...
INFO: [BIND 205-101] Performing variable lifetime analysis.
INFO: [BIND 205-101] Exploring resource sharing.
INFO: [BIND 205-101] Binding ...
INFO: [BIND 205-100] Finished micro-architecture generation.
INFO: [HLS 200-111] Finished Binding: CPU user time: 0.02 seconds. CPU system time: 0 seconds. Elapsed time: 0.02 seconds; current allocated memory: 375.422 MB.
Execute     syn_report -verbosereport -o /home/abdullah/Desktop/CNN-on-FPGA/hls_component/top/hls/.autopilot/db/pool.verbose.bind.rpt 
Execute       list_part -family xc7z020-clg484-1 
Execute         ap_family_info -name xc7z020-clg484-1 -data names 
Execute         ap_part_info -quiet -name xc7z020-clg484-1 -data family 
Execute     db_write -o /home/abdullah/Desktop/CNN-on-FPGA/hls_component/top/hls/.autopilot/db/pool.bind.adb -f 
INFO-FLOW: Finish binding pool.
INFO: [HLS 200-10] ----------------------------------------------------------------
INFO: [HLS 200-42] -- Implementing module 'conv2_Pipeline_CI_2' 
INFO: [HLS 200-10] ----------------------------------------------------------------
Execute     set_default_model conv2_Pipeline_CI_2 
Execute     schedule -model conv2_Pipeline_CI_2 
INFO: [SCHED 204-11] Starting scheduling ...
INFO: [HLS 200-486] Changing DSP latency (root=add_ln89_1) to 3 in order to utilize available DSP registers.
INFO: [SCHED 204-61] Pipelining loop 'CI_2'.
INFO: [SCHED 204-61] Discarding stage scheduling solution.
INFO: [HLS 200-1470] Pipelining result : Target II = 1, Final II = 1, Depth = 13, loop 'CI_2'
INFO: [SCHED 204-11] Finished scheduling.
Command     schedule done; 0.51 sec.
INFO: [HLS 200-111] Finished Scheduling: CPU user time: 0.52 seconds. CPU system time: 0.01 seconds. Elapsed time: 0.53 seconds; current allocated memory: 402.941 MB.
Execute     syn_report -verbosereport -o /home/abdullah/Desktop/CNN-on-FPGA/hls_component/top/hls/.autopilot/db/conv2_Pipeline_CI_2.verbose.sched.rpt 
Execute       list_part -family xc7z020-clg484-1 
Execute         ap_family_info -name xc7z020-clg484-1 -data names 
Execute         ap_part_info -quiet -name xc7z020-clg484-1 -data family 
Execute     db_write -o /home/abdullah/Desktop/CNN-on-FPGA/hls_component/top/hls/.autopilot/db/conv2_Pipeline_CI_2.sched.adb -f 
INFO-FLOW: Finish scheduling conv2_Pipeline_CI_2.
Execute     set_default_model conv2_Pipeline_CI_2 
Execute     bind -model conv2_Pipeline_CI_2 
INFO: [BIND 205-100] Starting micro-architecture generation ...
INFO: [BIND 205-101] Performing variable lifetime analysis.
INFO: [BIND 205-101] Exploring resource sharing.
INFO: [BIND 205-101] Binding ...
INFO: [BIND 205-100] Finished micro-architecture generation.
INFO: [HLS 200-111] Finished Binding: CPU user time: 0.16 seconds. CPU system time: 0 seconds. Elapsed time: 0.16 seconds; current allocated memory: 402.941 MB.
Execute     syn_report -verbosereport -o /home/abdullah/Desktop/CNN-on-FPGA/hls_component/top/hls/.autopilot/db/conv2_Pipeline_CI_2.verbose.bind.rpt 
Execute       list_part -family xc7z020-clg484-1 
Execute         ap_family_info -name xc7z020-clg484-1 -data names 
Execute         ap_part_info -quiet -name xc7z020-clg484-1 -data family 
Execute     db_write -o /home/abdullah/Desktop/CNN-on-FPGA/hls_component/top/hls/.autopilot/db/conv2_Pipeline_CI_2.bind.adb -f 
INFO-FLOW: Finish binding conv2_Pipeline_CI_2.
INFO: [HLS 200-10] ----------------------------------------------------------------
INFO: [HLS 200-42] -- Implementing module 'conv2' 
INFO: [HLS 200-10] ----------------------------------------------------------------
Execute     set_default_model conv2 
Execute     schedule -model conv2 
INFO: [SCHED 204-11] Starting scheduling ...
INFO: [SCHED 204-11] Finished scheduling.
INFO: [HLS 200-111] Finished Scheduling: CPU user time: 0.09 seconds. CPU system time: 0.01 seconds. Elapsed time: 0.09 seconds; current allocated memory: 402.941 MB.
Execute     syn_report -verbosereport -o /home/abdullah/Desktop/CNN-on-FPGA/hls_component/top/hls/.autopilot/db/conv2.verbose.sched.rpt 
Execute       list_part -family xc7z020-clg484-1 
Execute         ap_family_info -name xc7z020-clg484-1 -data names 
Execute         ap_part_info -quiet -name xc7z020-clg484-1 -data family 
Execute     db_write -o /home/abdullah/Desktop/CNN-on-FPGA/hls_component/top/hls/.autopilot/db/conv2.sched.adb -f 
INFO-FLOW: Finish scheduling conv2.
Execute     set_default_model conv2 
Execute     bind -model conv2 
INFO: [BIND 205-100] Starting micro-architecture generation ...
INFO: [BIND 205-101] Performing variable lifetime analysis.
INFO: [BIND 205-101] Exploring resource sharing.
INFO: [BIND 205-101] Binding ...
INFO: [BIND 205-100] Finished micro-architecture generation.
INFO: [HLS 200-111] Finished Binding: CPU user time: 0.01 seconds. CPU system time: 0 seconds. Elapsed time: 0.02 seconds; current allocated memory: 402.941 MB.
Execute     syn_report -verbosereport -o /home/abdullah/Desktop/CNN-on-FPGA/hls_component/top/hls/.autopilot/db/conv2.verbose.bind.rpt 
Execute       list_part -family xc7z020-clg484-1 
Execute         ap_family_info -name xc7z020-clg484-1 -data names 
Execute         ap_part_info -quiet -name xc7z020-clg484-1 -data family 
Execute     db_write -o /home/abdullah/Desktop/CNN-on-FPGA/hls_component/top/hls/.autopilot/db/conv2.bind.adb -f 
INFO-FLOW: Finish binding conv2.
INFO: [HLS 200-10] ----------------------------------------------------------------
INFO: [HLS 200-42] -- Implementing module 'pool_1' 
INFO: [HLS 200-10] ----------------------------------------------------------------
Execute     set_default_model pool.1 
Execute     schedule -model pool.1 
INFO: [SCHED 204-11] Starting scheduling ...
INFO: [HLS 200-486] Changing DSP latency (root=add_ln29) to 3 in order to utilize available DSP registers.
INFO: [SCHED 204-61] Pipelining loop 'CO_LOOP_H_LOOP_W_LOOP'.
INFO: [HLS 200-1470] Pipelining result : Target II = 1, Final II = 1, Depth = 6, loop 'CO_LOOP_H_LOOP_W_LOOP'
INFO: [SCHED 204-11] Finished scheduling.
INFO: [HLS 200-111] Finished Scheduling: CPU user time: 0.04 seconds. CPU system time: 0 seconds. Elapsed time: 0.04 seconds; current allocated memory: 402.941 MB.
Execute     syn_report -verbosereport -o /home/abdullah/Desktop/CNN-on-FPGA/hls_component/top/hls/.autopilot/db/pool_1.verbose.sched.rpt 
Execute       list_part -family xc7z020-clg484-1 
Execute         ap_family_info -name xc7z020-clg484-1 -data names 
Execute         ap_part_info -quiet -name xc7z020-clg484-1 -data family 
Execute     db_write -o /home/abdullah/Desktop/CNN-on-FPGA/hls_component/top/hls/.autopilot/db/pool_1.sched.adb -f 
INFO-FLOW: Finish scheduling pool.1.
Execute     set_default_model pool.1 
Execute     bind -model pool.1 
INFO: [BIND 205-100] Starting micro-architecture generation ...
INFO: [BIND 205-101] Performing variable lifetime analysis.
INFO: [BIND 205-101] Exploring resource sharing.
INFO: [BIND 205-101] Binding ...
INFO: [BIND 205-100] Finished micro-architecture generation.
INFO: [HLS 200-111] Finished Binding: CPU user time: 0.01 seconds. CPU system time: 0.01 seconds. Elapsed time: 0.02 seconds; current allocated memory: 402.941 MB.
Execute     syn_report -verbosereport -o /home/abdullah/Desktop/CNN-on-FPGA/hls_component/top/hls/.autopilot/db/pool_1.verbose.bind.rpt 
Execute       list_part -family xc7z020-clg484-1 
Execute         ap_family_info -name xc7z020-clg484-1 -data names 
Execute         ap_part_info -quiet -name xc7z020-clg484-1 -data family 
Execute     db_write -o /home/abdullah/Desktop/CNN-on-FPGA/hls_component/top/hls/.autopilot/db/pool_1.bind.adb -f 
INFO-FLOW: Finish binding pool.1.
INFO: [HLS 200-10] ----------------------------------------------------------------
INFO: [HLS 200-42] -- Implementing module 'top_Pipeline_DENSE_OUTER_DENSE_INNER' 
INFO: [HLS 200-10] ----------------------------------------------------------------
Execute     set_default_model top_Pipeline_DENSE_OUTER_DENSE_INNER 
Execute     schedule -model top_Pipeline_DENSE_OUTER_DENSE_INNER 
INFO: [SCHED 204-11] Starting scheduling ...
INFO: [HLS 200-486] Changing DSP latency (root=add_ln21) to 3 in order to utilize available DSP registers.
INFO: [SCHED 204-61] Pipelining loop 'DENSE_OUTER_DENSE_INNER'.
INFO: [HLS 200-1470] Pipelining result : Target II = 1, Final II = 1, Depth = 7, loop 'DENSE_OUTER_DENSE_INNER'
INFO: [SCHED 204-11] Finished scheduling.
INFO: [HLS 200-111] Finished Scheduling: CPU user time: 0.03 seconds. CPU system time: 0 seconds. Elapsed time: 0.03 seconds; current allocated memory: 402.941 MB.
Execute     syn_report -verbosereport -o /home/abdullah/Desktop/CNN-on-FPGA/hls_component/top/hls/.autopilot/db/top_Pipeline_DENSE_OUTER_DENSE_INNER.verbose.sched.rpt 
Execute       list_part -family xc7z020-clg484-1 
Execute         ap_family_info -name xc7z020-clg484-1 -data names 
Execute         ap_part_info -quiet -name xc7z020-clg484-1 -data family 
Execute     db_write -o /home/abdullah/Desktop/CNN-on-FPGA/hls_component/top/hls/.autopilot/db/top_Pipeline_DENSE_OUTER_DENSE_INNER.sched.adb -f 
INFO-FLOW: Finish scheduling top_Pipeline_DENSE_OUTER_DENSE_INNER.
Execute     set_default_model top_Pipeline_DENSE_OUTER_DENSE_INNER 
Execute     bind -model top_Pipeline_DENSE_OUTER_DENSE_INNER 
INFO: [BIND 205-100] Starting micro-architecture generation ...
INFO: [BIND 205-101] Performing variable lifetime analysis.
INFO: [BIND 205-101] Exploring resource sharing.
INFO: [BIND 205-101] Binding ...
INFO: [BIND 205-100] Finished micro-architecture generation.
INFO: [HLS 200-111] Finished Binding: CPU user time: 0.01 seconds. CPU system time: 0 seconds. Elapsed time: 0.01 seconds; current allocated memory: 402.941 MB.
Execute     syn_report -verbosereport -o /home/abdullah/Desktop/CNN-on-FPGA/hls_component/top/hls/.autopilot/db/top_Pipeline_DENSE_OUTER_DENSE_INNER.verbose.bind.rpt 
Execute       list_part -family xc7z020-clg484-1 
Execute         ap_family_info -name xc7z020-clg484-1 -data names 
Execute         ap_part_info -quiet -name xc7z020-clg484-1 -data family 
Execute     db_write -o /home/abdullah/Desktop/CNN-on-FPGA/hls_component/top/hls/.autopilot/db/top_Pipeline_DENSE_OUTER_DENSE_INNER.bind.adb -f 
INFO-FLOW: Finish binding top_Pipeline_DENSE_OUTER_DENSE_INNER.
INFO: [HLS 200-10] ----------------------------------------------------------------
INFO: [HLS 200-42] -- Implementing module 'top' 
INFO: [HLS 200-10] ----------------------------------------------------------------
Execute     set_default_model top 
Execute     schedule -model top 
INFO: [SCHED 204-11] Starting scheduling ...
INFO: [SCHED 204-11] Finished scheduling.
INFO: [HLS 200-111] Finished Scheduling: CPU user time: 0.02 seconds. CPU system time: 0 seconds. Elapsed time: 0.02 seconds; current allocated memory: 402.941 MB.
Execute     syn_report -verbosereport -o /home/abdullah/Desktop/CNN-on-FPGA/hls_component/top/hls/.autopilot/db/top.verbose.sched.rpt 
Execute       list_part -family xc7z020-clg484-1 
Execute         ap_family_info -name xc7z020-clg484-1 -data names 
Execute         ap_part_info -quiet -name xc7z020-clg484-1 -data family 
Execute     db_write -o /home/abdullah/Desktop/CNN-on-FPGA/hls_component/top/hls/.autopilot/db/top.sched.adb -f 
INFO-FLOW: Finish scheduling top.
Execute     set_default_model top 
Execute     bind -model top 
INFO: [BIND 205-100] Starting micro-architecture generation ...
INFO: [BIND 205-101] Performing variable lifetime analysis.
INFO: [BIND 205-101] Exploring resource sharing.
INFO: [BIND 205-101] Binding ...
INFO: [BIND 205-100] Finished micro-architecture generation.
INFO: [HLS 200-111] Finished Binding: CPU user time: 0.02 seconds. CPU system time: 0 seconds. Elapsed time: 0.01 seconds; current allocated memory: 402.941 MB.
Execute     syn_report -verbosereport -o /home/abdullah/Desktop/CNN-on-FPGA/hls_component/top/hls/.autopilot/db/top.verbose.bind.rpt 
Execute       list_part -family xc7z020-clg484-1 
Execute         ap_family_info -name xc7z020-clg484-1 -data names 
Execute         ap_part_info -quiet -name xc7z020-clg484-1 -data family 
Execute     db_write -o /home/abdullah/Desktop/CNN-on-FPGA/hls_component/top/hls/.autopilot/db/top.bind.adb -f 
INFO-FLOW: Finish binding top.
Execute     get_model_list top -filter all-wo-channel 
INFO-FLOW: Preprocessing for RTLGen ...
Execute     rtl_gen_preprocess conv1_Pipeline_LOAD_1 
Execute     rtl_gen_preprocess conv1_Pipeline_CO_1_H_1_W_1 
Execute     rtl_gen_preprocess conv1 
Execute     rtl_gen_preprocess pool 
Execute     rtl_gen_preprocess conv2_Pipeline_CI_2 
Execute     rtl_gen_preprocess conv2 
Execute     rtl_gen_preprocess pool.1 
Execute     rtl_gen_preprocess top_Pipeline_DENSE_OUTER_DENSE_INNER 
Execute     rtl_gen_preprocess top 
INFO-FLOW: Model list for RTL generation: conv1_Pipeline_LOAD_1 conv1_Pipeline_CO_1_H_1_W_1 conv1 pool conv2_Pipeline_CI_2 conv2 pool.1 top_Pipeline_DENSE_OUTER_DENSE_INNER top
INFO: [HLS 200-10] ----------------------------------------------------------------
INFO: [HLS 200-10] -- Generating RTL for module 'conv1_Pipeline_LOAD_1' 
INFO: [HLS 200-10] ----------------------------------------------------------------
Execute     create_rtl_model conv1_Pipeline_LOAD_1 -top_prefix top_ -sub_prefix top_ -mg_file /home/abdullah/Desktop/CNN-on-FPGA/hls_component/top/hls/.autopilot/db/conv1_Pipeline_LOAD_1.compgen.tcl 
INFO: [HLS 200-1030] Apply Unified Pipeline Control on module 'conv1_Pipeline_LOAD_1' pipeline 'LOAD_1' pipeline type 'loop pipeline'
WARNING: [RTGEN 206-101] Setting dangling out port 'conv1_Pipeline_LOAD_1/m_axi_gmem0_0_ARVALID' to 0.
WARNING: [RTGEN 206-101] Setting dangling out port 'conv1_Pipeline_LOAD_1/m_axi_gmem0_0_ARADDR' to 0.
WARNING: [RTGEN 206-101] Setting dangling out port 'conv1_Pipeline_LOAD_1/m_axi_gmem0_0_ARID' to 0.
WARNING: [RTGEN 206-101] Setting dangling out port 'conv1_Pipeline_LOAD_1/m_axi_gmem0_0_ARLEN' to 0.
WARNING: [RTGEN 206-101] Setting dangling out port 'conv1_Pipeline_LOAD_1/m_axi_gmem0_0_ARSIZE' to 0.
WARNING: [RTGEN 206-101] Setting dangling out port 'conv1_Pipeline_LOAD_1/m_axi_gmem0_0_ARBURST' to 0.
WARNING: [RTGEN 206-101] Setting dangling out port 'conv1_Pipeline_LOAD_1/m_axi_gmem0_0_ARLOCK' to 0.
WARNING: [RTGEN 206-101] Setting dangling out port 'conv1_Pipeline_LOAD_1/m_axi_gmem0_0_ARCACHE' to 0.
WARNING: [RTGEN 206-101] Setting dangling out port 'conv1_Pipeline_LOAD_1/m_axi_gmem0_0_ARPROT' to 0.
WARNING: [RTGEN 206-101] Setting dangling out port 'conv1_Pipeline_LOAD_1/m_axi_gmem0_0_ARQOS' to 0.
WARNING: [RTGEN 206-101] Setting dangling out port 'conv1_Pipeline_LOAD_1/m_axi_gmem0_0_ARREGION' to 0.
WARNING: [RTGEN 206-101] Setting dangling out port 'conv1_Pipeline_LOAD_1/m_axi_gmem0_0_ARUSER' to 0.
INFO: [RTGEN 206-100] Finished creating RTL model for 'conv1_Pipeline_LOAD_1'.
INFO: [HLS 200-111] Finished Creating RTL model: CPU user time: 0.03 seconds. CPU system time: 0 seconds. Elapsed time: 0.04 seconds; current allocated memory: 402.941 MB.
Execute     source /home/abdullah/Desktop/CNN-on-FPGA/hls_component/top/hls/.autopilot/db/top.rtl_wrap.cfg.tcl 
Execute     gen_rtl conv1_Pipeline_LOAD_1 -style xilinx -f -lang vhdl -o /home/abdullah/Desktop/CNN-on-FPGA/hls_component/top/hls/syn/vhdl/top_conv1_Pipeline_LOAD_1 
Execute     gen_rtl conv1_Pipeline_LOAD_1 -style xilinx -f -lang vlog -o /home/abdullah/Desktop/CNN-on-FPGA/hls_component/top/hls/syn/verilog/top_conv1_Pipeline_LOAD_1 
Execute     syn_report -csynth -model conv1_Pipeline_LOAD_1 -o /home/abdullah/Desktop/CNN-on-FPGA/hls_component/top/hls/syn/report/conv1_Pipeline_LOAD_1_csynth.rpt 
Execute       list_part -family xc7z020-clg484-1 
Execute         ap_family_info -name xc7z020-clg484-1 -data names 
Execute         ap_part_info -quiet -name xc7z020-clg484-1 -data family 
Execute     syn_report -rtlxml -model conv1_Pipeline_LOAD_1 -o /home/abdullah/Desktop/CNN-on-FPGA/hls_component/top/hls/syn/report/conv1_Pipeline_LOAD_1_csynth.xml 
Execute       list_part -family xc7z020-clg484-1 
Execute         ap_family_info -name xc7z020-clg484-1 -data names 
Execute         ap_part_info -quiet -name xc7z020-clg484-1 -data family 
Execute     syn_report -verbosereport -model conv1_Pipeline_LOAD_1 -o /home/abdullah/Desktop/CNN-on-FPGA/hls_component/top/hls/.autopilot/db/conv1_Pipeline_LOAD_1.verbose.rpt 
Execute       list_part -family xc7z020-clg484-1 
Execute         ap_family_info -name xc7z020-clg484-1 -data names 
Execute         ap_part_info -quiet -name xc7z020-clg484-1 -data family 
Execute     db_write -model conv1_Pipeline_LOAD_1 -f -o /home/abdullah/Desktop/CNN-on-FPGA/hls_component/top/hls/.autopilot/db/conv1_Pipeline_LOAD_1.adb 
Execute     db_write -model conv1_Pipeline_LOAD_1 -bindview -o /home/abdullah/Desktop/CNN-on-FPGA/hls_component/top/hls/.autopilot/db/design.bindinfo.xml 
Execute     gen_tb_info conv1_Pipeline_LOAD_1 -p /home/abdullah/Desktop/CNN-on-FPGA/hls_component/top/hls/.autopilot/db -o /home/abdullah/Desktop/CNN-on-FPGA/hls_component/top/hls/.autopilot/db/conv1_Pipeline_LOAD_1 
INFO: [HLS 200-10] ----------------------------------------------------------------
INFO: [HLS 200-10] -- Generating RTL for module 'conv1_Pipeline_CO_1_H_1_W_1' 
INFO: [HLS 200-10] ----------------------------------------------------------------
Execute     create_rtl_model conv1_Pipeline_CO_1_H_1_W_1 -top_prefix top_ -sub_prefix top_ -mg_file /home/abdullah/Desktop/CNN-on-FPGA/hls_component/top/hls/.autopilot/db/conv1_Pipeline_CO_1_H_1_W_1.compgen.tcl 
INFO: [HLS 200-1030] Apply Unified Pipeline Control on module 'conv1_Pipeline_CO_1_H_1_W_1' pipeline 'CO_1_H_1_W_1' pipeline type 'loop pipeline'
INFO: [RTGEN 206-100] Generating core module 'mac_muladd_10ns_4ns_5ns_13_4_1': 1 instance(s).
INFO: [RTGEN 206-100] Generating core module 'mul_13ns_15ns_27_1_1': 1 instance(s).
INFO: [RTGEN 206-100] Generating core module 'mul_3ns_8s_11_1_1': 1 instance(s).
INFO: [RTGEN 206-100] Generating core module 'mul_4s_8s_12_1_1': 7 instance(s).
INFO: [RTGEN 206-100] Generating core module 'mul_8s_3ns_11_1_1': 1 instance(s).
INFO: [RTGEN 206-100] Generating core module 'sparsemux_17_3_2_1_1': 1 instance(s).
INFO: [RTGEN 206-100] Generating core module 'sparsemux_17_3_3_1_1': 2 instance(s).
INFO: [RTGEN 206-100] Generating core module 'sparsemux_17_3_4_1_1': 7 instance(s).
INFO: [RTGEN 206-100] Generating core module 'sparsemux_33_4_8_1_1': 9 instance(s).
INFO: [RTGEN 206-100] Generating core module 'urem_8ns_4ns_3_12_1': 1 instance(s).
INFO: [RTGEN 206-100] Finished creating RTL model for 'conv1_Pipeline_CO_1_H_1_W_1'.
Command     create_rtl_model done; 0.13 sec.
INFO: [HLS 200-111] Finished Creating RTL model: CPU user time: 0.16 seconds. CPU system time: 0 seconds. Elapsed time: 0.17 seconds; current allocated memory: 402.941 MB.
Execute     source /home/abdullah/Desktop/CNN-on-FPGA/hls_component/top/hls/.autopilot/db/top.rtl_wrap.cfg.tcl 
Execute     gen_rtl conv1_Pipeline_CO_1_H_1_W_1 -style xilinx -f -lang vhdl -o /home/abdullah/Desktop/CNN-on-FPGA/hls_component/top/hls/syn/vhdl/top_conv1_Pipeline_CO_1_H_1_W_1 
Execute     gen_rtl conv1_Pipeline_CO_1_H_1_W_1 -style xilinx -f -lang vlog -o /home/abdullah/Desktop/CNN-on-FPGA/hls_component/top/hls/syn/verilog/top_conv1_Pipeline_CO_1_H_1_W_1 
Execute     syn_report -csynth -model conv1_Pipeline_CO_1_H_1_W_1 -o /home/abdullah/Desktop/CNN-on-FPGA/hls_component/top/hls/syn/report/conv1_Pipeline_CO_1_H_1_W_1_csynth.rpt 
Execute       list_part -family xc7z020-clg484-1 
Execute         ap_family_info -name xc7z020-clg484-1 -data names 
Execute         ap_part_info -quiet -name xc7z020-clg484-1 -data family 
Execute     syn_report -rtlxml -model conv1_Pipeline_CO_1_H_1_W_1 -o /home/abdullah/Desktop/CNN-on-FPGA/hls_component/top/hls/syn/report/conv1_Pipeline_CO_1_H_1_W_1_csynth.xml 
Execute       list_part -family xc7z020-clg484-1 
Execute         ap_family_info -name xc7z020-clg484-1 -data names 
Execute         ap_part_info -quiet -name xc7z020-clg484-1 -data family 
Execute     syn_report -verbosereport -model conv1_Pipeline_CO_1_H_1_W_1 -o /home/abdullah/Desktop/CNN-on-FPGA/hls_component/top/hls/.autopilot/db/conv1_Pipeline_CO_1_H_1_W_1.verbose.rpt 
Execute       list_part -family xc7z020-clg484-1 
Execute         ap_family_info -name xc7z020-clg484-1 -data names 
Execute         ap_part_info -quiet -name xc7z020-clg484-1 -data family 
Execute     db_write -model conv1_Pipeline_CO_1_H_1_W_1 -f -o /home/abdullah/Desktop/CNN-on-FPGA/hls_component/top/hls/.autopilot/db/conv1_Pipeline_CO_1_H_1_W_1.adb 
Execute     db_write -model conv1_Pipeline_CO_1_H_1_W_1 -bindview -o /home/abdullah/Desktop/CNN-on-FPGA/hls_component/top/hls/.autopilot/db/design.bindinfo.xml 
Execute     gen_tb_info conv1_Pipeline_CO_1_H_1_W_1 -p /home/abdullah/Desktop/CNN-on-FPGA/hls_component/top/hls/.autopilot/db -o /home/abdullah/Desktop/CNN-on-FPGA/hls_component/top/hls/.autopilot/db/conv1_Pipeline_CO_1_H_1_W_1 
INFO: [HLS 200-10] ----------------------------------------------------------------
INFO: [HLS 200-10] -- Generating RTL for module 'conv1' 
INFO: [HLS 200-10] ----------------------------------------------------------------
Execute     create_rtl_model conv1 -top_prefix top_ -sub_prefix top_ -mg_file /home/abdullah/Desktop/CNN-on-FPGA/hls_component/top/hls/.autopilot/db/conv1.compgen.tcl 
INFO: [RTGEN 206-100] Finished creating RTL model for 'conv1'.
INFO: [RTMG 210-278] Implementing memory 'top_conv1_temp_RAM_2P_BRAM_1R1W' using block RAMs.
INFO: [HLS 200-111] Finished Creating RTL model: CPU user time: 0.17 seconds. CPU system time: 0.02 seconds. Elapsed time: 0.18 seconds; current allocated memory: 402.941 MB.
Execute     source /home/abdullah/Desktop/CNN-on-FPGA/hls_component/top/hls/.autopilot/db/top.rtl_wrap.cfg.tcl 
Execute     gen_rtl conv1 -style xilinx -f -lang vhdl -o /home/abdullah/Desktop/CNN-on-FPGA/hls_component/top/hls/syn/vhdl/top_conv1 
Execute     gen_rtl conv1 -style xilinx -f -lang vlog -o /home/abdullah/Desktop/CNN-on-FPGA/hls_component/top/hls/syn/verilog/top_conv1 
Execute     syn_report -csynth -model conv1 -o /home/abdullah/Desktop/CNN-on-FPGA/hls_component/top/hls/syn/report/conv1_csynth.rpt 
Execute       list_part -family xc7z020-clg484-1 
Execute         ap_family_info -name xc7z020-clg484-1 -data names 
Execute         ap_part_info -quiet -name xc7z020-clg484-1 -data family 
Execute     syn_report -rtlxml -model conv1 -o /home/abdullah/Desktop/CNN-on-FPGA/hls_component/top/hls/syn/report/conv1_csynth.xml 
Execute       list_part -family xc7z020-clg484-1 
Execute         ap_family_info -name xc7z020-clg484-1 -data names 
Execute         ap_part_info -quiet -name xc7z020-clg484-1 -data family 
Execute     syn_report -verbosereport -model conv1 -o /home/abdullah/Desktop/CNN-on-FPGA/hls_component/top/hls/.autopilot/db/conv1.verbose.rpt 
Execute       list_part -family xc7z020-clg484-1 
Execute         ap_family_info -name xc7z020-clg484-1 -data names 
Execute         ap_part_info -quiet -name xc7z020-clg484-1 -data family 
Execute     db_write -model conv1 -f -o /home/abdullah/Desktop/CNN-on-FPGA/hls_component/top/hls/.autopilot/db/conv1.adb 
Execute     db_write -model conv1 -bindview -o /home/abdullah/Desktop/CNN-on-FPGA/hls_component/top/hls/.autopilot/db/design.bindinfo.xml 
Execute     gen_tb_info conv1 -p /home/abdullah/Desktop/CNN-on-FPGA/hls_component/top/hls/.autopilot/db -o /home/abdullah/Desktop/CNN-on-FPGA/hls_component/top/hls/.autopilot/db/conv1 
INFO: [HLS 200-10] ----------------------------------------------------------------
INFO: [HLS 200-10] -- Generating RTL for module 'pool' 
INFO: [HLS 200-10] ----------------------------------------------------------------
Execute     create_rtl_model pool -top_prefix top_ -sub_prefix top_ -mg_file /home/abdullah/Desktop/CNN-on-FPGA/hls_component/top/hls/.autopilot/db/pool.compgen.tcl 
INFO: [HLS 200-1030] Apply Unified Pipeline Control on module 'pool' pipeline 'CO_LOOP_H_LOOP_W_LOOP' pipeline type 'loop pipeline'
INFO: [RTGEN 206-100] Generating core module 'mac_muladd_8ns_4ns_4ns_11_4_1': 1 instance(s).
INFO: [RTGEN 206-100] Generating core module 'mul_13ns_15ns_27_1_1': 4 instance(s).
INFO: [RTGEN 206-100] Generating core module 'mul_4ns_11ns_13_1_1': 1 instance(s).
INFO: [RTGEN 206-100] Generating core module 'sparsemux_11_3_7_1_1': 4 instance(s).
INFO: [RTGEN 206-100] Generating core module 'urem_8ns_4ns_3_12_1': 1 instance(s).
INFO: [RTGEN 206-100] Finished creating RTL model for 'pool'.
INFO: [HLS 200-111] Finished Creating RTL model: CPU user time: 0.07 seconds. CPU system time: 0 seconds. Elapsed time: 0.07 seconds; current allocated memory: 402.941 MB.
Execute     source /home/abdullah/Desktop/CNN-on-FPGA/hls_component/top/hls/.autopilot/db/top.rtl_wrap.cfg.tcl 
Execute     gen_rtl pool -style xilinx -f -lang vhdl -o /home/abdullah/Desktop/CNN-on-FPGA/hls_component/top/hls/syn/vhdl/top_pool 
Execute     gen_rtl pool -style xilinx -f -lang vlog -o /home/abdullah/Desktop/CNN-on-FPGA/hls_component/top/hls/syn/verilog/top_pool 
Execute     syn_report -csynth -model pool -o /home/abdullah/Desktop/CNN-on-FPGA/hls_component/top/hls/syn/report/pool_csynth.rpt 
Execute       list_part -family xc7z020-clg484-1 
Execute         ap_family_info -name xc7z020-clg484-1 -data names 
Execute         ap_part_info -quiet -name xc7z020-clg484-1 -data family 
Execute     syn_report -rtlxml -model pool -o /home/abdullah/Desktop/CNN-on-FPGA/hls_component/top/hls/syn/report/pool_csynth.xml 
Execute       list_part -family xc7z020-clg484-1 
Execute         ap_family_info -name xc7z020-clg484-1 -data names 
Execute         ap_part_info -quiet -name xc7z020-clg484-1 -data family 
Execute     syn_report -verbosereport -model pool -o /home/abdullah/Desktop/CNN-on-FPGA/hls_component/top/hls/.autopilot/db/pool.verbose.rpt 
Execute       list_part -family xc7z020-clg484-1 
Execute         ap_family_info -name xc7z020-clg484-1 -data names 
Execute         ap_part_info -quiet -name xc7z020-clg484-1 -data family 
Execute     db_write -model pool -f -o /home/abdullah/Desktop/CNN-on-FPGA/hls_component/top/hls/.autopilot/db/pool.adb 
Execute     db_write -model pool -bindview -o /home/abdullah/Desktop/CNN-on-FPGA/hls_component/top/hls/.autopilot/db/design.bindinfo.xml 
Execute     gen_tb_info pool -p /home/abdullah/Desktop/CNN-on-FPGA/hls_component/top/hls/.autopilot/db -o /home/abdullah/Desktop/CNN-on-FPGA/hls_component/top/hls/.autopilot/db/pool 
INFO: [HLS 200-10] ----------------------------------------------------------------
INFO: [HLS 200-10] -- Generating RTL for module 'conv2_Pipeline_CI_2' 
INFO: [HLS 200-10] ----------------------------------------------------------------
Execute     create_rtl_model conv2_Pipeline_CI_2 -top_prefix top_ -sub_prefix top_ -mg_file /home/abdullah/Desktop/CNN-on-FPGA/hls_component/top/hls/.autopilot/db/conv2_Pipeline_CI_2.compgen.tcl 
INFO: [HLS 200-1030] Apply Unified Pipeline Control on module 'conv2_Pipeline_CI_2' pipeline 'CI_2' pipeline type 'loop pipeline'
INFO: [RTGEN 206-100] Generating core module 'mac_muladd_7ns_3s_11s_12_4_1': 1 instance(s).
INFO: [RTGEN 206-100] Generating core module 'mul_4s_7ns_11_1_1': 8 instance(s).
INFO: [RTGEN 206-100] Generating core module 'sparsemux_17_3_7_1_1': 9 instance(s).
INFO: [RTGEN 206-100] Generating core module 'sparsemux_17_3_8_1_1': 8 instance(s).
INFO: [RTGEN 206-100] Finished creating RTL model for 'conv2_Pipeline_CI_2'.
INFO: [RTMG 210-279] Implementing memory 'top_conv2_Pipeline_CI_2_p_ZL12conv2_weight_6_ROM_AUTO_1R' using auto ROMs.
INFO: [RTMG 210-279] Implementing memory 'top_conv2_Pipeline_CI_2_p_ZL12conv2_weight_4_ROM_AUTO_1R' using auto ROMs.
INFO: [RTMG 210-279] Implementing memory 'top_conv2_Pipeline_CI_2_p_ZL12conv2_weight_3_ROM_AUTO_1R' using auto ROMs.
INFO: [RTMG 210-279] Implementing memory 'top_conv2_Pipeline_CI_2_p_ZL12conv2_weight_0_ROM_AUTO_1R' using auto ROMs.
INFO: [RTMG 210-279] Implementing memory 'top_conv2_Pipeline_CI_2_p_ZL12conv2_weight_1_ROM_AUTO_1R' using auto ROMs.
INFO: [RTMG 210-279] Implementing memory 'top_conv2_Pipeline_CI_2_p_ZL12conv2_weight_2_ROM_AUTO_1R' using auto ROMs.
INFO: [RTMG 210-279] Implementing memory 'top_conv2_Pipeline_CI_2_p_ZL12conv2_weight_5_ROM_AUTO_1R' using auto ROMs.
INFO: [RTMG 210-279] Implementing memory 'top_conv2_Pipeline_CI_2_p_ZL12conv2_weight_7_ROM_AUTO_1R' using auto ROMs.
INFO: [RTMG 210-279] Implementing memory 'top_conv2_Pipeline_CI_2_p_ZL12conv2_weight_8_ROM_AUTO_1R' using auto ROMs.
Command     create_rtl_model done; 0.12 sec.
INFO: [HLS 200-111] Finished Creating RTL model: CPU user time: 0.17 seconds. CPU system time: 0.01 seconds. Elapsed time: 0.19 seconds; current allocated memory: 411.602 MB.
Execute     source /home/abdullah/Desktop/CNN-on-FPGA/hls_component/top/hls/.autopilot/db/top.rtl_wrap.cfg.tcl 
Execute     gen_rtl conv2_Pipeline_CI_2 -style xilinx -f -lang vhdl -o /home/abdullah/Desktop/CNN-on-FPGA/hls_component/top/hls/syn/vhdl/top_conv2_Pipeline_CI_2 
Execute     gen_rtl conv2_Pipeline_CI_2 -style xilinx -f -lang vlog -o /home/abdullah/Desktop/CNN-on-FPGA/hls_component/top/hls/syn/verilog/top_conv2_Pipeline_CI_2 
Execute     syn_report -csynth -model conv2_Pipeline_CI_2 -o /home/abdullah/Desktop/CNN-on-FPGA/hls_component/top/hls/syn/report/conv2_Pipeline_CI_2_csynth.rpt 
Execute       list_part -family xc7z020-clg484-1 
Execute         ap_family_info -name xc7z020-clg484-1 -data names 
Execute         ap_part_info -quiet -name xc7z020-clg484-1 -data family 
Execute     syn_report -rtlxml -model conv2_Pipeline_CI_2 -o /home/abdullah/Desktop/CNN-on-FPGA/hls_component/top/hls/syn/report/conv2_Pipeline_CI_2_csynth.xml 
Execute       list_part -family xc7z020-clg484-1 
Execute         ap_family_info -name xc7z020-clg484-1 -data names 
Execute         ap_part_info -quiet -name xc7z020-clg484-1 -data family 
Execute     syn_report -verbosereport -model conv2_Pipeline_CI_2 -o /home/abdullah/Desktop/CNN-on-FPGA/hls_component/top/hls/.autopilot/db/conv2_Pipeline_CI_2.verbose.rpt 
Execute       list_part -family xc7z020-clg484-1 
Execute         ap_family_info -name xc7z020-clg484-1 -data names 
Execute         ap_part_info -quiet -name xc7z020-clg484-1 -data family 
Execute     db_write -model conv2_Pipeline_CI_2 -f -o /home/abdullah/Desktop/CNN-on-FPGA/hls_component/top/hls/.autopilot/db/conv2_Pipeline_CI_2.adb 
Execute     db_write -model conv2_Pipeline_CI_2 -bindview -o /home/abdullah/Desktop/CNN-on-FPGA/hls_component/top/hls/.autopilot/db/design.bindinfo.xml 
Execute     gen_tb_info conv2_Pipeline_CI_2 -p /home/abdullah/Desktop/CNN-on-FPGA/hls_component/top/hls/.autopilot/db -o /home/abdullah/Desktop/CNN-on-FPGA/hls_component/top/hls/.autopilot/db/conv2_Pipeline_CI_2 
INFO: [HLS 200-10] ----------------------------------------------------------------
INFO: [HLS 200-10] -- Generating RTL for module 'conv2' 
INFO: [HLS 200-10] ----------------------------------------------------------------
Execute     create_rtl_model conv2 -top_prefix top_ -sub_prefix top_ -mg_file /home/abdullah/Desktop/CNN-on-FPGA/hls_component/top/hls/.autopilot/db/conv2.compgen.tcl 
WARNING: [RTGEN 206-101] Register 'conv2_ap_fixed_8_5_5_3_0_ap_fixed_8_5_5_3_0_partial_sums' is power-on initialization.
WARNING: [RTGEN 206-101] Register 'conv2_ap_fixed_8_5_5_3_0_ap_fixed_8_5_5_3_0_partial_sums_2' is power-on initialization.
WARNING: [RTGEN 206-101] Register 'conv2_ap_fixed_8_5_5_3_0_ap_fixed_8_5_5_3_0_partial_sums_3' is power-on initialization.
WARNING: [RTGEN 206-101] Register 'conv2_ap_fixed_8_5_5_3_0_ap_fixed_8_5_5_3_0_partial_sums_4' is power-on initialization.
WARNING: [RTGEN 206-101] Register 'conv2_ap_fixed_8_5_5_3_0_ap_fixed_8_5_5_3_0_partial_sums_5' is power-on initialization.
WARNING: [RTGEN 206-101] Register 'conv2_ap_fixed_8_5_5_3_0_ap_fixed_8_5_5_3_0_partial_sums_6' is power-on initialization.
WARNING: [RTGEN 206-101] Register 'conv2_ap_fixed_8_5_5_3_0_ap_fixed_8_5_5_3_0_partial_sums_7' is power-on initialization.
WARNING: [RTGEN 206-101] Register 'conv2_ap_fixed_8_5_5_3_0_ap_fixed_8_5_5_3_0_partial_sums_8' is power-on initialization.
INFO: [RTGEN 206-100] Generating core module 'sparsemux_33_4_3_1_1': 1 instance(s).
INFO: [RTGEN 206-100] Finished creating RTL model for 'conv2'.
INFO: [HLS 200-111] Finished Creating RTL model: CPU user time: 0.25 seconds. CPU system time: 0.02 seconds. Elapsed time: 0.26 seconds; current allocated memory: 433.410 MB.
Execute     source /home/abdullah/Desktop/CNN-on-FPGA/hls_component/top/hls/.autopilot/db/top.rtl_wrap.cfg.tcl 
Execute     gen_rtl conv2 -style xilinx -f -lang vhdl -o /home/abdullah/Desktop/CNN-on-FPGA/hls_component/top/hls/syn/vhdl/top_conv2 
Execute     gen_rtl conv2 -style xilinx -f -lang vlog -o /home/abdullah/Desktop/CNN-on-FPGA/hls_component/top/hls/syn/verilog/top_conv2 
Execute     syn_report -csynth -model conv2 -o /home/abdullah/Desktop/CNN-on-FPGA/hls_component/top/hls/syn/report/conv2_csynth.rpt 
Execute       list_part -family xc7z020-clg484-1 
Execute         ap_family_info -name xc7z020-clg484-1 -data names 
Execute         ap_part_info -quiet -name xc7z020-clg484-1 -data family 
Execute     syn_report -rtlxml -model conv2 -o /home/abdullah/Desktop/CNN-on-FPGA/hls_component/top/hls/syn/report/conv2_csynth.xml 
Execute       list_part -family xc7z020-clg484-1 
Execute         ap_family_info -name xc7z020-clg484-1 -data names 
Execute         ap_part_info -quiet -name xc7z020-clg484-1 -data family 
Execute     syn_report -verbosereport -model conv2 -o /home/abdullah/Desktop/CNN-on-FPGA/hls_component/top/hls/.autopilot/db/conv2.verbose.rpt 
Execute       list_part -family xc7z020-clg484-1 
Execute         ap_family_info -name xc7z020-clg484-1 -data names 
Execute         ap_part_info -quiet -name xc7z020-clg484-1 -data family 
Execute     db_write -model conv2 -f -o /home/abdullah/Desktop/CNN-on-FPGA/hls_component/top/hls/.autopilot/db/conv2.adb 
Execute     db_write -model conv2 -bindview -o /home/abdullah/Desktop/CNN-on-FPGA/hls_component/top/hls/.autopilot/db/design.bindinfo.xml 
Execute     gen_tb_info conv2 -p /home/abdullah/Desktop/CNN-on-FPGA/hls_component/top/hls/.autopilot/db -o /home/abdullah/Desktop/CNN-on-FPGA/hls_component/top/hls/.autopilot/db/conv2 
INFO: [HLS 200-10] ----------------------------------------------------------------
INFO: [HLS 200-10] -- Generating RTL for module 'pool_1' 
INFO: [HLS 200-10] ----------------------------------------------------------------
Execute     create_rtl_model pool.1 -top_prefix top_ -sub_prefix top_ -mg_file /home/abdullah/Desktop/CNN-on-FPGA/hls_component/top/hls/.autopilot/db/pool_1.compgen.tcl 
INFO: [HLS 200-1030] Apply Unified Pipeline Control on module 'pool_1' pipeline 'CO_LOOP_H_LOOP_W_LOOP' pipeline type 'loop pipeline'
INFO: [RTGEN 206-100] Generating core module 'mac_muladd_7ns_5ns_3ns_11_4_1': 1 instance(s).
INFO: [RTGEN 206-100] Finished creating RTL model for 'pool_1'.
INFO: [HLS 200-111] Finished Creating RTL model: CPU user time: 0.06 seconds. CPU system time: 0 seconds. Elapsed time: 0.07 seconds; current allocated memory: 433.410 MB.
Execute     source /home/abdullah/Desktop/CNN-on-FPGA/hls_component/top/hls/.autopilot/db/top.rtl_wrap.cfg.tcl 
Execute     gen_rtl pool.1 -style xilinx -f -lang vhdl -o /home/abdullah/Desktop/CNN-on-FPGA/hls_component/top/hls/syn/vhdl/top_pool_1 
Execute     gen_rtl pool.1 -style xilinx -f -lang vlog -o /home/abdullah/Desktop/CNN-on-FPGA/hls_component/top/hls/syn/verilog/top_pool_1 
Execute     syn_report -csynth -model pool.1 -o /home/abdullah/Desktop/CNN-on-FPGA/hls_component/top/hls/syn/report/pool_1_csynth.rpt 
Execute       list_part -family xc7z020-clg484-1 
Execute         ap_family_info -name xc7z020-clg484-1 -data names 
Execute         ap_part_info -quiet -name xc7z020-clg484-1 -data family 
Execute     syn_report -rtlxml -model pool.1 -o /home/abdullah/Desktop/CNN-on-FPGA/hls_component/top/hls/syn/report/pool_1_csynth.xml 
Execute       list_part -family xc7z020-clg484-1 
Execute         ap_family_info -name xc7z020-clg484-1 -data names 
Execute         ap_part_info -quiet -name xc7z020-clg484-1 -data family 
Execute     syn_report -verbosereport -model pool.1 -o /home/abdullah/Desktop/CNN-on-FPGA/hls_component/top/hls/.autopilot/db/pool_1.verbose.rpt 
Execute       list_part -family xc7z020-clg484-1 
Execute         ap_family_info -name xc7z020-clg484-1 -data names 
Execute         ap_part_info -quiet -name xc7z020-clg484-1 -data family 
Execute     db_write -model pool.1 -f -o /home/abdullah/Desktop/CNN-on-FPGA/hls_component/top/hls/.autopilot/db/pool_1.adb 
Execute     db_write -model pool.1 -bindview -o /home/abdullah/Desktop/CNN-on-FPGA/hls_component/top/hls/.autopilot/db/design.bindinfo.xml 
Execute     gen_tb_info pool.1 -p /home/abdullah/Desktop/CNN-on-FPGA/hls_component/top/hls/.autopilot/db -o /home/abdullah/Desktop/CNN-on-FPGA/hls_component/top/hls/.autopilot/db/pool_1 
INFO: [HLS 200-10] ----------------------------------------------------------------
INFO: [HLS 200-10] -- Generating RTL for module 'top_Pipeline_DENSE_OUTER_DENSE_INNER' 
INFO: [HLS 200-10] ----------------------------------------------------------------
Execute     create_rtl_model top_Pipeline_DENSE_OUTER_DENSE_INNER -top_prefix top_ -sub_prefix top_ -mg_file /home/abdullah/Desktop/CNN-on-FPGA/hls_component/top/hls/.autopilot/db/top_Pipeline_DENSE_OUTER_DENSE_INNER.compgen.tcl 
INFO: [HLS 200-1030] Apply Unified Pipeline Control on module 'top_Pipeline_DENSE_OUTER_DENSE_INNER' pipeline 'DENSE_OUTER_DENSE_INNER' pipeline type 'loop pipeline'
WARNING: [RTGEN 206-101] Setting dangling out port 'top_Pipeline_DENSE_OUTER_DENSE_INNER/m_axi_gmem0_0_AWVALID' to 0.
WARNING: [RTGEN 206-101] Setting dangling out port 'top_Pipeline_DENSE_OUTER_DENSE_INNER/m_axi_gmem0_0_AWADDR' to 0.
WARNING: [RTGEN 206-101] Setting dangling out port 'top_Pipeline_DENSE_OUTER_DENSE_INNER/m_axi_gmem0_0_AWID' to 0.
WARNING: [RTGEN 206-101] Setting dangling out port 'top_Pipeline_DENSE_OUTER_DENSE_INNER/m_axi_gmem0_0_AWLEN' to 0.
WARNING: [RTGEN 206-101] Setting dangling out port 'top_Pipeline_DENSE_OUTER_DENSE_INNER/m_axi_gmem0_0_AWSIZE' to 0.
WARNING: [RTGEN 206-101] Setting dangling out port 'top_Pipeline_DENSE_OUTER_DENSE_INNER/m_axi_gmem0_0_AWBURST' to 0.
WARNING: [RTGEN 206-101] Setting dangling out port 'top_Pipeline_DENSE_OUTER_DENSE_INNER/m_axi_gmem0_0_AWLOCK' to 0.
WARNING: [RTGEN 206-101] Setting dangling out port 'top_Pipeline_DENSE_OUTER_DENSE_INNER/m_axi_gmem0_0_AWCACHE' to 0.
WARNING: [RTGEN 206-101] Setting dangling out port 'top_Pipeline_DENSE_OUTER_DENSE_INNER/m_axi_gmem0_0_AWPROT' to 0.
WARNING: [RTGEN 206-101] Setting dangling out port 'top_Pipeline_DENSE_OUTER_DENSE_INNER/m_axi_gmem0_0_AWQOS' to 0.
WARNING: [RTGEN 206-101] Setting dangling out port 'top_Pipeline_DENSE_OUTER_DENSE_INNER/m_axi_gmem0_0_AWREGION' to 0.
WARNING: [RTGEN 206-101] Setting dangling out port 'top_Pipeline_DENSE_OUTER_DENSE_INNER/m_axi_gmem0_0_AWUSER' to 0.
WARNING: [RTGEN 206-101] Setting dangling out port 'top_Pipeline_DENSE_OUTER_DENSE_INNER/m_axi_gmem0_0_BREADY' to 0.
INFO: [RTGEN 206-100] Generating core module 'mac_muladd_10ns_4ns_10ns_13_4_1': 1 instance(s).
INFO: [RTGEN 206-100] Generating core module 'mul_7ns_4s_11_1_1': 1 instance(s).
INFO: [RTGEN 206-100] Generating core module 'sparsemux_17_3_7_1_1': 1 instance(s).
INFO: [RTGEN 206-100] Generating core module 'sparsemux_21_4_2_1_1': 1 instance(s).
INFO: [RTGEN 206-100] Finished creating RTL model for 'top_Pipeline_DENSE_OUTER_DENSE_INNER'.
INFO: [RTMG 210-279] Implementing memory 'top_top_Pipeline_DENSE_OUTER_DENSE_INNER_fc1_weight_ROM_AUTO_1R' using auto ROMs.
INFO: [HLS 200-111] Finished Creating RTL model: CPU user time: 0.07 seconds. CPU system time: 0 seconds. Elapsed time: 0.07 seconds; current allocated memory: 434.645 MB.
Execute     source /home/abdullah/Desktop/CNN-on-FPGA/hls_component/top/hls/.autopilot/db/top.rtl_wrap.cfg.tcl 
Execute     gen_rtl top_Pipeline_DENSE_OUTER_DENSE_INNER -style xilinx -f -lang vhdl -o /home/abdullah/Desktop/CNN-on-FPGA/hls_component/top/hls/syn/vhdl/top_top_Pipeline_DENSE_OUTER_DENSE_INNER 
Execute     gen_rtl top_Pipeline_DENSE_OUTER_DENSE_INNER -style xilinx -f -lang vlog -o /home/abdullah/Desktop/CNN-on-FPGA/hls_component/top/hls/syn/verilog/top_top_Pipeline_DENSE_OUTER_DENSE_INNER 
Execute     syn_report -csynth -model top_Pipeline_DENSE_OUTER_DENSE_INNER -o /home/abdullah/Desktop/CNN-on-FPGA/hls_component/top/hls/syn/report/top_Pipeline_DENSE_OUTER_DENSE_INNER_csynth.rpt 
Execute       list_part -family xc7z020-clg484-1 
Execute         ap_family_info -name xc7z020-clg484-1 -data names 
Execute         ap_part_info -quiet -name xc7z020-clg484-1 -data family 
Execute     syn_report -rtlxml -model top_Pipeline_DENSE_OUTER_DENSE_INNER -o /home/abdullah/Desktop/CNN-on-FPGA/hls_component/top/hls/syn/report/top_Pipeline_DENSE_OUTER_DENSE_INNER_csynth.xml 
Execute       list_part -family xc7z020-clg484-1 
Execute         ap_family_info -name xc7z020-clg484-1 -data names 
Execute         ap_part_info -quiet -name xc7z020-clg484-1 -data family 
Execute     syn_report -verbosereport -model top_Pipeline_DENSE_OUTER_DENSE_INNER -o /home/abdullah/Desktop/CNN-on-FPGA/hls_component/top/hls/.autopilot/db/top_Pipeline_DENSE_OUTER_DENSE_INNER.verbose.rpt 
Execute       list_part -family xc7z020-clg484-1 
Execute         ap_family_info -name xc7z020-clg484-1 -data names 
Execute         ap_part_info -quiet -name xc7z020-clg484-1 -data family 
Execute     db_write -model top_Pipeline_DENSE_OUTER_DENSE_INNER -f -o /home/abdullah/Desktop/CNN-on-FPGA/hls_component/top/hls/.autopilot/db/top_Pipeline_DENSE_OUTER_DENSE_INNER.adb 
Execute     db_write -model top_Pipeline_DENSE_OUTER_DENSE_INNER -bindview -o /home/abdullah/Desktop/CNN-on-FPGA/hls_component/top/hls/.autopilot/db/design.bindinfo.xml 
Execute     gen_tb_info top_Pipeline_DENSE_OUTER_DENSE_INNER -p /home/abdullah/Desktop/CNN-on-FPGA/hls_component/top/hls/.autopilot/db -o /home/abdullah/Desktop/CNN-on-FPGA/hls_component/top/hls/.autopilot/db/top_Pipeline_DENSE_OUTER_DENSE_INNER 
INFO: [HLS 200-10] ----------------------------------------------------------------
INFO: [HLS 200-10] -- Generating RTL for module 'top' 
INFO: [HLS 200-10] ----------------------------------------------------------------
Execute     create_rtl_model top -top_prefix  -sub_prefix top_ -mg_file /home/abdullah/Desktop/CNN-on-FPGA/hls_component/top/hls/.autopilot/db/top.compgen.tcl 
WARNING: [RTGEN 206-101] Design contains AXI ports. Reset is fixed to synchronous and active low.
INFO: [RTGEN 206-500] Setting interface mode on port 'top/gmem0' to 'm_axi'.
INFO: [RTGEN 206-500] Setting interface mode on port 'top/input_r' to 's_axilite & ap_none'.
INFO: [RTGEN 206-500] Setting interface mode on port 'top/outputDense' to 's_axilite & ap_none'.
INFO: [RTGEN 206-500] Setting interface mode on function 'top' to 's_axilite & ap_ctrl_hs'.
INFO: [RTGEN 206-100] Bundling port 'input_r', 'outputDense' and 'return' to AXI-Lite port control.
INFO: [RTGEN 206-100] Finished creating RTL model for 'top'.
INFO: [RTMG 210-278] Implementing memory 'top_outputConv_RAM_2P_BRAM_1R1W' using block RAMs.
INFO: [RTMG 210-278] Implementing memory 'top_outputPool_RAM_2P_BRAM_1R1W' using block RAMs.
INFO: [RTMG 210-278] Implementing memory 'top_outputConv2_RAM_2P_BRAM_1R1W' using block RAMs.
INFO: [RTMG 210-278] Implementing memory 'top_outputPool2_RAM_AUTO_1R1W' using auto RAMs.
INFO: [HLS 200-111] Finished Creating RTL model: CPU user time: 0.08 seconds. CPU system time: 0.01 seconds. Elapsed time: 0.09 seconds; current allocated memory: 438.828 MB.
Execute     source /home/abdullah/Desktop/CNN-on-FPGA/hls_component/top/hls/.autopilot/db/top.rtl_wrap.cfg.tcl 
Execute     gen_rtl top -istop -style xilinx -f -lang vhdl -o /home/abdullah/Desktop/CNN-on-FPGA/hls_component/top/hls/syn/vhdl/top 
Execute     gen_rtl top -istop -style xilinx -f -lang vlog -o /home/abdullah/Desktop/CNN-on-FPGA/hls_component/top/hls/syn/verilog/top 
Execute     syn_report -csynth -model top -o /home/abdullah/Desktop/CNN-on-FPGA/hls_component/top/hls/syn/report/top_csynth.rpt 
Execute       list_part -family xc7z020-clg484-1 
Execute         ap_family_info -name xc7z020-clg484-1 -data names 
Execute         ap_part_info -quiet -name xc7z020-clg484-1 -data family 
Execute     syn_report -rtlxml -model top -o /home/abdullah/Desktop/CNN-on-FPGA/hls_component/top/hls/syn/report/top_csynth.xml 
Execute       list_part -family xc7z020-clg484-1 
Execute         ap_family_info -name xc7z020-clg484-1 -data names 
Execute         ap_part_info -quiet -name xc7z020-clg484-1 -data family 
Execute     syn_report -verbosereport -model top -o /home/abdullah/Desktop/CNN-on-FPGA/hls_component/top/hls/.autopilot/db/top.verbose.rpt 
Execute       list_part -family xc7z020-clg484-1 
Execute         ap_family_info -name xc7z020-clg484-1 -data names 
Execute         ap_part_info -quiet -name xc7z020-clg484-1 -data family 
Execute     db_write -model top -f -o /home/abdullah/Desktop/CNN-on-FPGA/hls_component/top/hls/.autopilot/db/top.adb 
Execute     db_write -model top -bindview -o /home/abdullah/Desktop/CNN-on-FPGA/hls_component/top/hls/.autopilot/db/design.bindinfo.xml 
Execute     gen_tb_info top -p /home/abdullah/Desktop/CNN-on-FPGA/hls_component/top/hls/.autopilot/db -o /home/abdullah/Desktop/CNN-on-FPGA/hls_component/top/hls/.autopilot/db/top 
Execute     export_constraint_db -f -tool general -o /home/abdullah/Desktop/CNN-on-FPGA/hls_component/top/hls/.autopilot/db/top.constraint.tcl 
Execute     syn_report -designview -model top -o /home/abdullah/Desktop/CNN-on-FPGA/hls_component/top/hls/.autopilot/db/top.design.xml 
Execute     syn_report -csynthDesign -model top -o /home/abdullah/Desktop/CNN-on-FPGA/hls_component/top/hls/syn/report/csynth.rpt -MHOut /home/abdullah/Desktop/CNN-on-FPGA/hls_component/top/hls/.autopilot/db/kernel_module_hierarchy.tcl 
Execute       list_part -family xc7z020-clg484-1 
Execute         ap_family_info -name xc7z020-clg484-1 -data names 
Execute         ap_part_info -quiet -name xc7z020-clg484-1 -data family 
Execute     syn_report -wcfg -model top -o /home/abdullah/Desktop/CNN-on-FPGA/hls_component/top/hls/.autopilot/db/top_dataflow_ana.wcfg 
Execute     syn_report -protoinst -model top -o /home/abdullah/Desktop/CNN-on-FPGA/hls_component/top/hls/.autopilot/db/top.protoinst 
Execute     sc_get_clocks top 
Execute     sc_get_portdomain top 
INFO-FLOW: Model list for RTL component generation: conv1_Pipeline_LOAD_1 conv1_Pipeline_CO_1_H_1_W_1 conv1 pool conv2_Pipeline_CI_2 conv2 pool.1 top_Pipeline_DENSE_OUTER_DENSE_INNER top
INFO-FLOW: Handling components in module [conv1_Pipeline_LOAD_1] ... 
Execute     source /home/abdullah/Desktop/CNN-on-FPGA/hls_component/top/hls/.autopilot/db/conv1_Pipeline_LOAD_1.compgen.tcl 
INFO-FLOW: Found component top_flow_control_loop_pipe_sequential_init.
INFO-FLOW: Append model top_flow_control_loop_pipe_sequential_init
INFO-FLOW: Handling components in module [conv1_Pipeline_CO_1_H_1_W_1] ... 
Execute     source /home/abdullah/Desktop/CNN-on-FPGA/hls_component/top/hls/.autopilot/db/conv1_Pipeline_CO_1_H_1_W_1.compgen.tcl 
INFO-FLOW: Found component top_urem_8ns_4ns_3_12_1.
INFO-FLOW: Append model top_urem_8ns_4ns_3_12_1
INFO-FLOW: Found component top_sparsemux_33_4_8_1_1.
INFO-FLOW: Append model top_sparsemux_33_4_8_1_1
INFO-FLOW: Found component top_sparsemux_33_4_8_1_1.
INFO-FLOW: Append model top_sparsemux_33_4_8_1_1
INFO-FLOW: Found component top_sparsemux_33_4_8_1_1.
INFO-FLOW: Append model top_sparsemux_33_4_8_1_1
INFO-FLOW: Found component top_sparsemux_33_4_8_1_1.
INFO-FLOW: Append model top_sparsemux_33_4_8_1_1
INFO-FLOW: Found component top_sparsemux_33_4_8_1_1.
INFO-FLOW: Append model top_sparsemux_33_4_8_1_1
INFO-FLOW: Found component top_sparsemux_33_4_8_1_1.
INFO-FLOW: Append model top_sparsemux_33_4_8_1_1
INFO-FLOW: Found component top_sparsemux_33_4_8_1_1.
INFO-FLOW: Append model top_sparsemux_33_4_8_1_1
INFO-FLOW: Found component top_sparsemux_33_4_8_1_1.
INFO-FLOW: Append model top_sparsemux_33_4_8_1_1
INFO-FLOW: Found component top_sparsemux_33_4_8_1_1.
INFO-FLOW: Append model top_sparsemux_33_4_8_1_1
INFO-FLOW: Found component top_sparsemux_17_3_4_1_1.
INFO-FLOW: Append model top_sparsemux_17_3_4_1_1
INFO-FLOW: Found component top_mul_4s_8s_12_1_1.
INFO-FLOW: Append model top_mul_4s_8s_12_1_1
INFO-FLOW: Found component top_sparsemux_17_3_4_1_1.
INFO-FLOW: Append model top_sparsemux_17_3_4_1_1
INFO-FLOW: Found component top_mul_13ns_15ns_27_1_1.
INFO-FLOW: Append model top_mul_13ns_15ns_27_1_1
INFO-FLOW: Found component top_sparsemux_17_3_2_1_1.
INFO-FLOW: Append model top_sparsemux_17_3_2_1_1
INFO-FLOW: Found component top_sparsemux_17_3_3_1_1.
INFO-FLOW: Append model top_sparsemux_17_3_3_1_1
INFO-FLOW: Found component top_sparsemux_17_3_4_1_1.
INFO-FLOW: Append model top_sparsemux_17_3_4_1_1
INFO-FLOW: Found component top_sparsemux_17_3_3_1_1.
INFO-FLOW: Append model top_sparsemux_17_3_3_1_1
INFO-FLOW: Found component top_mul_3ns_8s_11_1_1.
INFO-FLOW: Append model top_mul_3ns_8s_11_1_1
INFO-FLOW: Found component top_mul_8s_3ns_11_1_1.
INFO-FLOW: Append model top_mul_8s_3ns_11_1_1
INFO-FLOW: Found component top_sparsemux_17_3_4_1_1.
INFO-FLOW: Append model top_sparsemux_17_3_4_1_1
INFO-FLOW: Found component top_sparsemux_17_3_4_1_1.
INFO-FLOW: Append model top_sparsemux_17_3_4_1_1
INFO-FLOW: Found component top_sparsemux_17_3_4_1_1.
INFO-FLOW: Append model top_sparsemux_17_3_4_1_1
INFO-FLOW: Found component top_sparsemux_17_3_4_1_1.
INFO-FLOW: Append model top_sparsemux_17_3_4_1_1
INFO-FLOW: Found component top_mac_muladd_10ns_4ns_5ns_13_4_1.
INFO-FLOW: Append model top_mac_muladd_10ns_4ns_5ns_13_4_1
INFO-FLOW: Found component top_flow_control_loop_pipe_sequential_init.
INFO-FLOW: Append model top_flow_control_loop_pipe_sequential_init
INFO-FLOW: Handling components in module [conv1] ... 
Execute     source /home/abdullah/Desktop/CNN-on-FPGA/hls_component/top/hls/.autopilot/db/conv1.compgen.tcl 
INFO-FLOW: Found component top_conv1_temp_RAM_2P_BRAM_1R1W.
INFO-FLOW: Append model top_conv1_temp_RAM_2P_BRAM_1R1W
INFO-FLOW: Handling components in module [pool] ... 
Execute     source /home/abdullah/Desktop/CNN-on-FPGA/hls_component/top/hls/.autopilot/db/pool.compgen.tcl 
INFO-FLOW: Found component top_mul_4ns_11ns_13_1_1.
INFO-FLOW: Append model top_mul_4ns_11ns_13_1_1
INFO-FLOW: Found component top_sparsemux_11_3_7_1_1.
INFO-FLOW: Append model top_sparsemux_11_3_7_1_1
INFO-FLOW: Found component top_sparsemux_11_3_7_1_1.
INFO-FLOW: Append model top_sparsemux_11_3_7_1_1
INFO-FLOW: Found component top_sparsemux_11_3_7_1_1.
INFO-FLOW: Append model top_sparsemux_11_3_7_1_1
INFO-FLOW: Found component top_sparsemux_11_3_7_1_1.
INFO-FLOW: Append model top_sparsemux_11_3_7_1_1
INFO-FLOW: Found component top_mac_muladd_8ns_4ns_4ns_11_4_1.
INFO-FLOW: Append model top_mac_muladd_8ns_4ns_4ns_11_4_1
INFO-FLOW: Found component top_flow_control_loop_pipe_sequential_init.
INFO-FLOW: Append model top_flow_control_loop_pipe_sequential_init
INFO-FLOW: Handling components in module [conv2_Pipeline_CI_2] ... 
Execute     source /home/abdullah/Desktop/CNN-on-FPGA/hls_component/top/hls/.autopilot/db/conv2_Pipeline_CI_2.compgen.tcl 
INFO-FLOW: Found component top_sparsemux_17_3_7_1_1.
INFO-FLOW: Append model top_sparsemux_17_3_7_1_1
INFO-FLOW: Found component top_sparsemux_17_3_7_1_1.
INFO-FLOW: Append model top_sparsemux_17_3_7_1_1
INFO-FLOW: Found component top_sparsemux_17_3_7_1_1.
INFO-FLOW: Append model top_sparsemux_17_3_7_1_1
INFO-FLOW: Found component top_sparsemux_17_3_7_1_1.
INFO-FLOW: Append model top_sparsemux_17_3_7_1_1
INFO-FLOW: Found component top_sparsemux_17_3_7_1_1.
INFO-FLOW: Append model top_sparsemux_17_3_7_1_1
INFO-FLOW: Found component top_sparsemux_17_3_7_1_1.
INFO-FLOW: Append model top_sparsemux_17_3_7_1_1
INFO-FLOW: Found component top_sparsemux_17_3_7_1_1.
INFO-FLOW: Append model top_sparsemux_17_3_7_1_1
INFO-FLOW: Found component top_sparsemux_17_3_8_1_1.
INFO-FLOW: Append model top_sparsemux_17_3_8_1_1
INFO-FLOW: Found component top_mul_4s_7ns_11_1_1.
INFO-FLOW: Append model top_mul_4s_7ns_11_1_1
INFO-FLOW: Found component top_mac_muladd_7ns_3s_11s_12_4_1.
INFO-FLOW: Append model top_mac_muladd_7ns_3s_11s_12_4_1
INFO-FLOW: Found component top_conv2_Pipeline_CI_2_p_ZL12conv2_weight_6_ROM_AUTO_1R.
INFO-FLOW: Append model top_conv2_Pipeline_CI_2_p_ZL12conv2_weight_6_ROM_AUTO_1R
INFO-FLOW: Found component top_conv2_Pipeline_CI_2_p_ZL12conv2_weight_4_ROM_AUTO_1R.
INFO-FLOW: Append model top_conv2_Pipeline_CI_2_p_ZL12conv2_weight_4_ROM_AUTO_1R
INFO-FLOW: Found component top_conv2_Pipeline_CI_2_p_ZL12conv2_weight_3_ROM_AUTO_1R.
INFO-FLOW: Append model top_conv2_Pipeline_CI_2_p_ZL12conv2_weight_3_ROM_AUTO_1R
INFO-FLOW: Found component top_conv2_Pipeline_CI_2_p_ZL12conv2_weight_0_ROM_AUTO_1R.
INFO-FLOW: Append model top_conv2_Pipeline_CI_2_p_ZL12conv2_weight_0_ROM_AUTO_1R
INFO-FLOW: Found component top_conv2_Pipeline_CI_2_p_ZL12conv2_weight_1_ROM_AUTO_1R.
INFO-FLOW: Append model top_conv2_Pipeline_CI_2_p_ZL12conv2_weight_1_ROM_AUTO_1R
INFO-FLOW: Found component top_conv2_Pipeline_CI_2_p_ZL12conv2_weight_2_ROM_AUTO_1R.
INFO-FLOW: Append model top_conv2_Pipeline_CI_2_p_ZL12conv2_weight_2_ROM_AUTO_1R
INFO-FLOW: Found component top_conv2_Pipeline_CI_2_p_ZL12conv2_weight_5_ROM_AUTO_1R.
INFO-FLOW: Append model top_conv2_Pipeline_CI_2_p_ZL12conv2_weight_5_ROM_AUTO_1R
INFO-FLOW: Found component top_conv2_Pipeline_CI_2_p_ZL12conv2_weight_7_ROM_AUTO_1R.
INFO-FLOW: Append model top_conv2_Pipeline_CI_2_p_ZL12conv2_weight_7_ROM_AUTO_1R
INFO-FLOW: Found component top_conv2_Pipeline_CI_2_p_ZL12conv2_weight_8_ROM_AUTO_1R.
INFO-FLOW: Append model top_conv2_Pipeline_CI_2_p_ZL12conv2_weight_8_ROM_AUTO_1R
INFO-FLOW: Found component top_flow_control_loop_pipe_sequential_init.
INFO-FLOW: Append model top_flow_control_loop_pipe_sequential_init
INFO-FLOW: Handling components in module [conv2] ... 
Execute     source /home/abdullah/Desktop/CNN-on-FPGA/hls_component/top/hls/.autopilot/db/conv2.compgen.tcl 
INFO-FLOW: Found component top_sparsemux_33_4_3_1_1.
INFO-FLOW: Append model top_sparsemux_33_4_3_1_1
INFO-FLOW: Handling components in module [pool_1] ... 
Execute     source /home/abdullah/Desktop/CNN-on-FPGA/hls_component/top/hls/.autopilot/db/pool_1.compgen.tcl 
INFO-FLOW: Found component top_mac_muladd_7ns_5ns_3ns_11_4_1.
INFO-FLOW: Append model top_mac_muladd_7ns_5ns_3ns_11_4_1
INFO-FLOW: Found component top_flow_control_loop_pipe_sequential_init.
INFO-FLOW: Append model top_flow_control_loop_pipe_sequential_init
INFO-FLOW: Handling components in module [top_Pipeline_DENSE_OUTER_DENSE_INNER] ... 
Execute     source /home/abdullah/Desktop/CNN-on-FPGA/hls_component/top/hls/.autopilot/db/top_Pipeline_DENSE_OUTER_DENSE_INNER.compgen.tcl 
INFO-FLOW: Found component top_sparsemux_21_4_2_1_1.
INFO-FLOW: Append model top_sparsemux_21_4_2_1_1
INFO-FLOW: Found component top_mul_7ns_4s_11_1_1.
INFO-FLOW: Append model top_mul_7ns_4s_11_1_1
INFO-FLOW: Found component top_mac_muladd_10ns_4ns_10ns_13_4_1.
INFO-FLOW: Append model top_mac_muladd_10ns_4ns_10ns_13_4_1
INFO-FLOW: Found component top_top_Pipeline_DENSE_OUTER_DENSE_INNER_fc1_weight_ROM_AUTO_1R.
INFO-FLOW: Append model top_top_Pipeline_DENSE_OUTER_DENSE_INNER_fc1_weight_ROM_AUTO_1R
INFO-FLOW: Found component top_flow_control_loop_pipe_sequential_init.
INFO-FLOW: Append model top_flow_control_loop_pipe_sequential_init
INFO-FLOW: Handling components in module [top] ... 
Execute     source /home/abdullah/Desktop/CNN-on-FPGA/hls_component/top/hls/.autopilot/db/top.compgen.tcl 
INFO-FLOW: Found component top_outputConv_RAM_2P_BRAM_1R1W.
INFO-FLOW: Append model top_outputConv_RAM_2P_BRAM_1R1W
INFO-FLOW: Found component top_outputPool_RAM_2P_BRAM_1R1W.
INFO-FLOW: Append model top_outputPool_RAM_2P_BRAM_1R1W
INFO-FLOW: Found component top_outputConv2_RAM_2P_BRAM_1R1W.
INFO-FLOW: Append model top_outputConv2_RAM_2P_BRAM_1R1W
INFO-FLOW: Found component top_outputPool2_RAM_AUTO_1R1W.
INFO-FLOW: Append model top_outputPool2_RAM_AUTO_1R1W
INFO-FLOW: Found component top_gmem0_m_axi.
INFO-FLOW: Append model top_gmem0_m_axi
INFO-FLOW: Found component top_control_s_axi.
INFO-FLOW: Append model top_control_s_axi
INFO-FLOW: Append model conv1_Pipeline_LOAD_1
INFO-FLOW: Append model conv1_Pipeline_CO_1_H_1_W_1
INFO-FLOW: Append model conv1
INFO-FLOW: Append model pool
INFO-FLOW: Append model conv2_Pipeline_CI_2
INFO-FLOW: Append model conv2
INFO-FLOW: Append model pool_1
INFO-FLOW: Append model top_Pipeline_DENSE_OUTER_DENSE_INNER
INFO-FLOW: Append model top
INFO-FLOW: Generating RTL model list ...
INFO-FLOW: All models in this session: top_flow_control_loop_pipe_sequential_init top_urem_8ns_4ns_3_12_1 top_sparsemux_33_4_8_1_1 top_sparsemux_33_4_8_1_1 top_sparsemux_33_4_8_1_1 top_sparsemux_33_4_8_1_1 top_sparsemux_33_4_8_1_1 top_sparsemux_33_4_8_1_1 top_sparsemux_33_4_8_1_1 top_sparsemux_33_4_8_1_1 top_sparsemux_33_4_8_1_1 top_sparsemux_17_3_4_1_1 top_mul_4s_8s_12_1_1 top_sparsemux_17_3_4_1_1 top_mul_13ns_15ns_27_1_1 top_sparsemux_17_3_2_1_1 top_sparsemux_17_3_3_1_1 top_sparsemux_17_3_4_1_1 top_sparsemux_17_3_3_1_1 top_mul_3ns_8s_11_1_1 top_mul_8s_3ns_11_1_1 top_sparsemux_17_3_4_1_1 top_sparsemux_17_3_4_1_1 top_sparsemux_17_3_4_1_1 top_sparsemux_17_3_4_1_1 top_mac_muladd_10ns_4ns_5ns_13_4_1 top_flow_control_loop_pipe_sequential_init top_conv1_temp_RAM_2P_BRAM_1R1W top_mul_4ns_11ns_13_1_1 top_sparsemux_11_3_7_1_1 top_sparsemux_11_3_7_1_1 top_sparsemux_11_3_7_1_1 top_sparsemux_11_3_7_1_1 top_mac_muladd_8ns_4ns_4ns_11_4_1 top_flow_control_loop_pipe_sequential_init top_sparsemux_17_3_7_1_1 top_sparsemux_17_3_7_1_1 top_sparsemux_17_3_7_1_1 top_sparsemux_17_3_7_1_1 top_sparsemux_17_3_7_1_1 top_sparsemux_17_3_7_1_1 top_sparsemux_17_3_7_1_1 top_sparsemux_17_3_8_1_1 top_mul_4s_7ns_11_1_1 top_mac_muladd_7ns_3s_11s_12_4_1 top_conv2_Pipeline_CI_2_p_ZL12conv2_weight_6_ROM_AUTO_1R top_conv2_Pipeline_CI_2_p_ZL12conv2_weight_4_ROM_AUTO_1R top_conv2_Pipeline_CI_2_p_ZL12conv2_weight_3_ROM_AUTO_1R top_conv2_Pipeline_CI_2_p_ZL12conv2_weight_0_ROM_AUTO_1R top_conv2_Pipeline_CI_2_p_ZL12conv2_weight_1_ROM_AUTO_1R top_conv2_Pipeline_CI_2_p_ZL12conv2_weight_2_ROM_AUTO_1R top_conv2_Pipeline_CI_2_p_ZL12conv2_weight_5_ROM_AUTO_1R top_conv2_Pipeline_CI_2_p_ZL12conv2_weight_7_ROM_AUTO_1R top_conv2_Pipeline_CI_2_p_ZL12conv2_weight_8_ROM_AUTO_1R top_flow_control_loop_pipe_sequential_init top_sparsemux_33_4_3_1_1 top_mac_muladd_7ns_5ns_3ns_11_4_1 top_flow_control_loop_pipe_sequential_init top_sparsemux_21_4_2_1_1 top_mul_7ns_4s_11_1_1 top_mac_muladd_10ns_4ns_10ns_13_4_1 top_top_Pipeline_DENSE_OUTER_DENSE_INNER_fc1_weight_ROM_AUTO_1R top_flow_control_loop_pipe_sequential_init top_outputConv_RAM_2P_BRAM_1R1W top_outputPool_RAM_2P_BRAM_1R1W top_outputConv2_RAM_2P_BRAM_1R1W top_outputPool2_RAM_AUTO_1R1W top_gmem0_m_axi top_control_s_axi conv1_Pipeline_LOAD_1 conv1_Pipeline_CO_1_H_1_W_1 conv1 pool conv2_Pipeline_CI_2 conv2 pool_1 top_Pipeline_DENSE_OUTER_DENSE_INNER top
INFO-FLOW: Generating /home/abdullah/Desktop/CNN-on-FPGA/hls_component/top/hls/.autopilot/db/autopilot.rtl.models.txt file...
INFO-FLOW: To file: write model top_flow_control_loop_pipe_sequential_init
INFO-FLOW: To file: write model top_urem_8ns_4ns_3_12_1
INFO-FLOW: To file: write model top_sparsemux_33_4_8_1_1
INFO-FLOW: To file: write model top_sparsemux_33_4_8_1_1
INFO-FLOW: To file: write model top_sparsemux_33_4_8_1_1
INFO-FLOW: To file: write model top_sparsemux_33_4_8_1_1
INFO-FLOW: To file: write model top_sparsemux_33_4_8_1_1
INFO-FLOW: To file: write model top_sparsemux_33_4_8_1_1
INFO-FLOW: To file: write model top_sparsemux_33_4_8_1_1
INFO-FLOW: To file: write model top_sparsemux_33_4_8_1_1
INFO-FLOW: To file: write model top_sparsemux_33_4_8_1_1
INFO-FLOW: To file: write model top_sparsemux_17_3_4_1_1
INFO-FLOW: To file: write model top_mul_4s_8s_12_1_1
INFO-FLOW: To file: write model top_sparsemux_17_3_4_1_1
INFO-FLOW: To file: write model top_mul_13ns_15ns_27_1_1
INFO-FLOW: To file: write model top_sparsemux_17_3_2_1_1
INFO-FLOW: To file: write model top_sparsemux_17_3_3_1_1
INFO-FLOW: To file: write model top_sparsemux_17_3_4_1_1
INFO-FLOW: To file: write model top_sparsemux_17_3_3_1_1
INFO-FLOW: To file: write model top_mul_3ns_8s_11_1_1
INFO-FLOW: To file: write model top_mul_8s_3ns_11_1_1
INFO-FLOW: To file: write model top_sparsemux_17_3_4_1_1
INFO-FLOW: To file: write model top_sparsemux_17_3_4_1_1
INFO-FLOW: To file: write model top_sparsemux_17_3_4_1_1
INFO-FLOW: To file: write model top_sparsemux_17_3_4_1_1
INFO-FLOW: To file: write model top_mac_muladd_10ns_4ns_5ns_13_4_1
INFO-FLOW: To file: write model top_flow_control_loop_pipe_sequential_init
INFO-FLOW: To file: write model top_conv1_temp_RAM_2P_BRAM_1R1W
INFO-FLOW: To file: write model top_mul_4ns_11ns_13_1_1
INFO-FLOW: To file: write model top_sparsemux_11_3_7_1_1
INFO-FLOW: To file: write model top_sparsemux_11_3_7_1_1
INFO-FLOW: To file: write model top_sparsemux_11_3_7_1_1
INFO-FLOW: To file: write model top_sparsemux_11_3_7_1_1
INFO-FLOW: To file: write model top_mac_muladd_8ns_4ns_4ns_11_4_1
INFO-FLOW: To file: write model top_flow_control_loop_pipe_sequential_init
INFO-FLOW: To file: write model top_sparsemux_17_3_7_1_1
INFO-FLOW: To file: write model top_sparsemux_17_3_7_1_1
INFO-FLOW: To file: write model top_sparsemux_17_3_7_1_1
INFO-FLOW: To file: write model top_sparsemux_17_3_7_1_1
INFO-FLOW: To file: write model top_sparsemux_17_3_7_1_1
INFO-FLOW: To file: write model top_sparsemux_17_3_7_1_1
INFO-FLOW: To file: write model top_sparsemux_17_3_7_1_1
INFO-FLOW: To file: write model top_sparsemux_17_3_8_1_1
INFO-FLOW: To file: write model top_mul_4s_7ns_11_1_1
INFO-FLOW: To file: write model top_mac_muladd_7ns_3s_11s_12_4_1
INFO-FLOW: To file: write model top_conv2_Pipeline_CI_2_p_ZL12conv2_weight_6_ROM_AUTO_1R
INFO-FLOW: To file: write model top_conv2_Pipeline_CI_2_p_ZL12conv2_weight_4_ROM_AUTO_1R
INFO-FLOW: To file: write model top_conv2_Pipeline_CI_2_p_ZL12conv2_weight_3_ROM_AUTO_1R
INFO-FLOW: To file: write model top_conv2_Pipeline_CI_2_p_ZL12conv2_weight_0_ROM_AUTO_1R
INFO-FLOW: To file: write model top_conv2_Pipeline_CI_2_p_ZL12conv2_weight_1_ROM_AUTO_1R
INFO-FLOW: To file: write model top_conv2_Pipeline_CI_2_p_ZL12conv2_weight_2_ROM_AUTO_1R
INFO-FLOW: To file: write model top_conv2_Pipeline_CI_2_p_ZL12conv2_weight_5_ROM_AUTO_1R
INFO-FLOW: To file: write model top_conv2_Pipeline_CI_2_p_ZL12conv2_weight_7_ROM_AUTO_1R
INFO-FLOW: To file: write model top_conv2_Pipeline_CI_2_p_ZL12conv2_weight_8_ROM_AUTO_1R
INFO-FLOW: To file: write model top_flow_control_loop_pipe_sequential_init
INFO-FLOW: To file: write model top_sparsemux_33_4_3_1_1
INFO-FLOW: To file: write model top_mac_muladd_7ns_5ns_3ns_11_4_1
INFO-FLOW: To file: write model top_flow_control_loop_pipe_sequential_init
INFO-FLOW: To file: write model top_sparsemux_21_4_2_1_1
INFO-FLOW: To file: write model top_mul_7ns_4s_11_1_1
INFO-FLOW: To file: write model top_mac_muladd_10ns_4ns_10ns_13_4_1
INFO-FLOW: To file: write model top_top_Pipeline_DENSE_OUTER_DENSE_INNER_fc1_weight_ROM_AUTO_1R
INFO-FLOW: To file: write model top_flow_control_loop_pipe_sequential_init
INFO-FLOW: To file: write model top_outputConv_RAM_2P_BRAM_1R1W
INFO-FLOW: To file: write model top_outputPool_RAM_2P_BRAM_1R1W
INFO-FLOW: To file: write model top_outputConv2_RAM_2P_BRAM_1R1W
INFO-FLOW: To file: write model top_outputPool2_RAM_AUTO_1R1W
INFO-FLOW: To file: write model top_gmem0_m_axi
INFO-FLOW: To file: write model top_control_s_axi
INFO-FLOW: To file: write model conv1_Pipeline_LOAD_1
INFO-FLOW: To file: write model conv1_Pipeline_CO_1_H_1_W_1
INFO-FLOW: To file: write model conv1
INFO-FLOW: To file: write model pool
INFO-FLOW: To file: write model conv2_Pipeline_CI_2
INFO-FLOW: To file: write model conv2
INFO-FLOW: To file: write model pool_1
INFO-FLOW: To file: write model top_Pipeline_DENSE_OUTER_DENSE_INNER
INFO-FLOW: To file: write model top
INFO-FLOW: Generating /home/abdullah/Desktop/CNN-on-FPGA/hls_component/top/hls/.autopilot/db/autopilot.rtl.models.tcl file...
INFO-FLOW: Finished generating RTL model list.


INFO-FLOW: RTL Generation done.
INFO-FLOW: CAS Generation done.
INFO-FLOW: CBC Generation done.
Execute     AP::msg_collection_file -close 
INFO-FLOW: DBG:PROC: ::AESL_AUTOMG::auto_generate_csynth_design
INFO-FLOW: DBG:PUTS: read_platform_lib /home/abdullah/Desktop/CNN-on-FPGA/hls_component/top/hls/.autopilot/db/global.setting.tcl
Execute     source /home/abdullah/Xilinx/2025.2/Vitis/common/technology/generic/autopilot/common.gen 
Execute       source /home/abdullah/Xilinx/2025.2/Vitis/common/technology/generic/autopilot/APCoreGen.gen 
Execute     source /home/abdullah/Xilinx/2025.2/Vitis/common/technology/generic/autopilot/op.gen 
Execute     source /home/abdullah/Xilinx/2025.2/Vitis/common/technology/generic/autopilot/op_simcore.gen 
Execute     source /home/abdullah/Xilinx/2025.2/Vitis/common/technology/generic/autopilot/interface.gen 
Execute     source /home/abdullah/Desktop/CNN-on-FPGA/hls_component/top/hls/.autopilot/db/global.setting.tcl 
Execute     source /home/abdullah/Xilinx/2025.2/Vitis/common/technology/xilinx/common/xilinx.gen 
Execute       source /home/abdullah/Xilinx/2025.2/Vitis/common/technology/xilinx/interface/plb46.gen 
Execute       source /home/abdullah/Xilinx/2025.2/Vitis/common/technology/xilinx/interface/axi4.gen 
Execute       source /home/abdullah/Xilinx/2025.2/Vitis/common/technology/xilinx/interface/nativeAXI4.gen 
Execute         source /home/abdullah/Xilinx/2025.2/Vitis/common/technology/xilinx/interface/saxilite.gen 
Execute       source /home/abdullah/Xilinx/2025.2/Vitis/common/technology/xilinx/scripts/xilinxcoregen.gen 
Execute       source /home/abdullah/Xilinx/2025.2/Vitis/common/technology/xilinx/interface/XilEDKCoreGen.gen 
Execute       source /home/abdullah/Xilinx/2025.2/Vitis/common/technology/xilinx/ip/util.gen 
Execute       source /home/abdullah/Xilinx/2025.2/Vitis/common/technology/xilinx/ip/dds_compiler.gen 
Execute       source /home/abdullah/Xilinx/2025.2/Vitis/common/technology/xilinx/ip/xfft.gen 
Execute       source /home/abdullah/Xilinx/2025.2/Vitis/common/technology/xilinx/ip/xfir.gen 
Execute       source /home/abdullah/Xilinx/2025.2/Vitis/common/technology/xilinx/DSP48/dsp48.gen 
INFO-FLOW: DBG:PUTS:   using AESL_AUTOCG::g_clock_period=10.000 (was NA)
INFO-FLOW: DBG:PROC: ::AESL_AUTOMG::generate_ip_cores gen_sim_model='1' gen_fp_models='0' gen_for_export='0' dstSCDir='' dstVhdlDir='/home/abdullah/Desktop/CNN-on-FPGA/hls_component/top/hls/.autopilot/db/vhdl' dstVlogDir='/home/abdullah/Desktop/CNN-on-FPGA/hls_component/top/hls/.autopilot/db/vlog' tclDir='/home/abdullah/Desktop/CNN-on-FPGA/hls_component/top/hls/.autopilot/db' modelList='top_flow_control_loop_pipe_sequential_init
top_urem_8ns_4ns_3_12_1
top_sparsemux_33_4_8_1_1
top_sparsemux_33_4_8_1_1
top_sparsemux_33_4_8_1_1
top_sparsemux_33_4_8_1_1
top_sparsemux_33_4_8_1_1
top_sparsemux_33_4_8_1_1
top_sparsemux_33_4_8_1_1
top_sparsemux_33_4_8_1_1
top_sparsemux_33_4_8_1_1
top_sparsemux_17_3_4_1_1
top_mul_4s_8s_12_1_1
top_sparsemux_17_3_4_1_1
top_mul_13ns_15ns_27_1_1
top_sparsemux_17_3_2_1_1
top_sparsemux_17_3_3_1_1
top_sparsemux_17_3_4_1_1
top_sparsemux_17_3_3_1_1
top_mul_3ns_8s_11_1_1
top_mul_8s_3ns_11_1_1
top_sparsemux_17_3_4_1_1
top_sparsemux_17_3_4_1_1
top_sparsemux_17_3_4_1_1
top_sparsemux_17_3_4_1_1
top_mac_muladd_10ns_4ns_5ns_13_4_1
top_flow_control_loop_pipe_sequential_init
top_conv1_temp_RAM_2P_BRAM_1R1W
top_mul_4ns_11ns_13_1_1
top_sparsemux_11_3_7_1_1
top_sparsemux_11_3_7_1_1
top_sparsemux_11_3_7_1_1
top_sparsemux_11_3_7_1_1
top_mac_muladd_8ns_4ns_4ns_11_4_1
top_flow_control_loop_pipe_sequential_init
top_sparsemux_17_3_7_1_1
top_sparsemux_17_3_7_1_1
top_sparsemux_17_3_7_1_1
top_sparsemux_17_3_7_1_1
top_sparsemux_17_3_7_1_1
top_sparsemux_17_3_7_1_1
top_sparsemux_17_3_7_1_1
top_sparsemux_17_3_8_1_1
top_mul_4s_7ns_11_1_1
top_mac_muladd_7ns_3s_11s_12_4_1
top_conv2_Pipeline_CI_2_p_ZL12conv2_weight_6_ROM_AUTO_1R
top_conv2_Pipeline_CI_2_p_ZL12conv2_weight_4_ROM_AUTO_1R
top_conv2_Pipeline_CI_2_p_ZL12conv2_weight_3_ROM_AUTO_1R
top_conv2_Pipeline_CI_2_p_ZL12conv2_weight_0_ROM_AUTO_1R
top_conv2_Pipeline_CI_2_p_ZL12conv2_weight_1_ROM_AUTO_1R
top_conv2_Pipeline_CI_2_p_ZL12conv2_weight_2_ROM_AUTO_1R
top_conv2_Pipeline_CI_2_p_ZL12conv2_weight_5_ROM_AUTO_1R
top_conv2_Pipeline_CI_2_p_ZL12conv2_weight_7_ROM_AUTO_1R
top_conv2_Pipeline_CI_2_p_ZL12conv2_weight_8_ROM_AUTO_1R
top_flow_control_loop_pipe_sequential_init
top_sparsemux_33_4_3_1_1
top_mac_muladd_7ns_5ns_3ns_11_4_1
top_flow_control_loop_pipe_sequential_init
top_sparsemux_21_4_2_1_1
top_mul_7ns_4s_11_1_1
top_mac_muladd_10ns_4ns_10ns_13_4_1
top_top_Pipeline_DENSE_OUTER_DENSE_INNER_fc1_weight_ROM_AUTO_1R
top_flow_control_loop_pipe_sequential_init
top_outputConv_RAM_2P_BRAM_1R1W
top_outputPool_RAM_2P_BRAM_1R1W
top_outputConv2_RAM_2P_BRAM_1R1W
top_outputPool2_RAM_AUTO_1R1W
top_gmem0_m_axi
top_control_s_axi
conv1_Pipeline_LOAD_1
conv1_Pipeline_CO_1_H_1_W_1
conv1
pool
conv2_Pipeline_CI_2
conv2
pool_1
top_Pipeline_DENSE_OUTER_DENSE_INNER
top
' expOnly='0'
Execute     source /home/abdullah/Desktop/CNN-on-FPGA/hls_component/top/hls/.autopilot/db/global.setting.tcl 
Execute     ap_part_info -name xc7z020-clg484-1 -data names -quiet 
Execute     ap_part_info -name xc7z020-clg484-1 -data info -quiet 
Execute     source /home/abdullah/Desktop/CNN-on-FPGA/hls_component/top/hls/.autopilot/db/global.setting.tcl 
Execute     source /home/abdullah/Desktop/CNN-on-FPGA/hls_component/top/hls/.autopilot/db/global.setting.tcl 
Execute     source /home/abdullah/Desktop/CNN-on-FPGA/hls_component/top/hls/.autopilot/db/conv1_Pipeline_LOAD_1.compgen.tcl 
Execute     source /home/abdullah/Desktop/CNN-on-FPGA/hls_component/top/hls/.autopilot/db/conv1_Pipeline_CO_1_H_1_W_1.compgen.tcl 
Execute     source /home/abdullah/Desktop/CNN-on-FPGA/hls_component/top/hls/.autopilot/db/conv1.compgen.tcl 
Execute     source /home/abdullah/Desktop/CNN-on-FPGA/hls_component/top/hls/.autopilot/db/pool.compgen.tcl 
Execute     source /home/abdullah/Desktop/CNN-on-FPGA/hls_component/top/hls/.autopilot/db/conv2_Pipeline_CI_2.compgen.tcl 
Execute     source /home/abdullah/Desktop/CNN-on-FPGA/hls_component/top/hls/.autopilot/db/conv2.compgen.tcl 
Execute     source /home/abdullah/Desktop/CNN-on-FPGA/hls_component/top/hls/.autopilot/db/pool_1.compgen.tcl 
Execute     source /home/abdullah/Desktop/CNN-on-FPGA/hls_component/top/hls/.autopilot/db/top_Pipeline_DENSE_OUTER_DENSE_INNER.compgen.tcl 
Execute     source /home/abdullah/Desktop/CNN-on-FPGA/hls_component/top/hls/.autopilot/db/top.compgen.tcl 
Execute       source ./control.slave.tcl 
INFO: [HLS 200-111] Finished Generating all RTL models: CPU user time: 0.23 seconds. CPU system time: 0.03 seconds. Elapsed time: 0.26 seconds; current allocated memory: 441.711 MB.
INFO-FLOW: DBG:PROC: ::HLSREPORTS::create_csynth_xml bind_info_var='bind_info' RtlSubPrefix='top_' outfile=''
INFO-FLOW: Running: create_csynth_xml read xml data
INFO-FLOW: Done: create_csynth_xml read xml data time: 0 seconds 
INFO-FLOW: create_csynth_xml: all_module_nodes count=9
INFO-FLOW: Running: create_csynth_xml bind info
INFO-FLOW: create_csynth_xml: all_bind_nodes count=343
INFO-FLOW: Done: create_csynth_xml bind info time: 0 seconds 
INFO-FLOW: create_csynth_xml: bind_instances counts: modules=9 instances=342
INFO-FLOW: Running: create_csynth_xml update csynth_xml_module_hier
INFO-FLOW: Done: create_csynth_xml update csynth_xml_module_hier time: 0 seconds 
INFO-FLOW: create_csynth_xml: csynth_xml_module_hier max_depth=4
INFO-FLOW: Running: create_csynth_xml gen bind_report_dict
INFO-FLOW: Done: create_csynth_xml gen bind_report_dict time: 0 seconds 
INFO-FLOW: Running: create_csynth_xml config info
INFO-FLOW: Done: create_csynth_xml config info time: 0.1 seconds 
INFO-FLOW: Running: create_csynth_xml write xml
INFO-FLOW: Done: create_csynth_xml write xml time: 0 seconds 
INFO-FLOW: DBG:PUTS:      create_csynth_xml wrote csynth_xml=/home/abdullah/Desktop/CNN-on-FPGA/hls_component/top/hls/syn/report/csynth.xml
INFO-FLOW: Running: generate_json
INFO-FLOW: DBG:PROC: ::AP::DESIGN_DATA::generate_json generate_bd_files='0' generate_xo_files='0' modelList='top_flow_control_loop_pipe_sequential_init
top_urem_8ns_4ns_3_12_1
top_sparsemux_33_4_8_1_1
top_sparsemux_33_4_8_1_1
top_sparsemux_33_4_8_1_1
top_sparsemux_33_4_8_1_1
top_sparsemux_33_4_8_1_1
top_sparsemux_33_4_8_1_1
top_sparsemux_33_4_8_1_1
top_sparsemux_33_4_8_1_1
top_sparsemux_33_4_8_1_1
top_sparsemux_17_3_4_1_1
top_mul_4s_8s_12_1_1
top_sparsemux_17_3_4_1_1
top_mul_13ns_15ns_27_1_1
top_sparsemux_17_3_2_1_1
top_sparsemux_17_3_3_1_1
top_sparsemux_17_3_4_1_1
top_sparsemux_17_3_3_1_1
top_mul_3ns_8s_11_1_1
top_mul_8s_3ns_11_1_1
top_sparsemux_17_3_4_1_1
top_sparsemux_17_3_4_1_1
top_sparsemux_17_3_4_1_1
top_sparsemux_17_3_4_1_1
top_mac_muladd_10ns_4ns_5ns_13_4_1
top_flow_control_loop_pipe_sequential_init
top_conv1_temp_RAM_2P_BRAM_1R1W
top_mul_4ns_11ns_13_1_1
top_sparsemux_11_3_7_1_1
top_sparsemux_11_3_7_1_1
top_sparsemux_11_3_7_1_1
top_sparsemux_11_3_7_1_1
top_mac_muladd_8ns_4ns_4ns_11_4_1
top_flow_control_loop_pipe_sequential_init
top_sparsemux_17_3_7_1_1
top_sparsemux_17_3_7_1_1
top_sparsemux_17_3_7_1_1
top_sparsemux_17_3_7_1_1
top_sparsemux_17_3_7_1_1
top_sparsemux_17_3_7_1_1
top_sparsemux_17_3_7_1_1
top_sparsemux_17_3_8_1_1
top_mul_4s_7ns_11_1_1
top_mac_muladd_7ns_3s_11s_12_4_1
top_conv2_Pipeline_CI_2_p_ZL12conv2_weight_6_ROM_AUTO_1R
top_conv2_Pipeline_CI_2_p_ZL12conv2_weight_4_ROM_AUTO_1R
top_conv2_Pipeline_CI_2_p_ZL12conv2_weight_3_ROM_AUTO_1R
top_conv2_Pipeline_CI_2_p_ZL12conv2_weight_0_ROM_AUTO_1R
top_conv2_Pipeline_CI_2_p_ZL12conv2_weight_1_ROM_AUTO_1R
top_conv2_Pipeline_CI_2_p_ZL12conv2_weight_2_ROM_AUTO_1R
top_conv2_Pipeline_CI_2_p_ZL12conv2_weight_5_ROM_AUTO_1R
top_conv2_Pipeline_CI_2_p_ZL12conv2_weight_7_ROM_AUTO_1R
top_conv2_Pipeline_CI_2_p_ZL12conv2_weight_8_ROM_AUTO_1R
top_flow_control_loop_pipe_sequential_init
top_sparsemux_33_4_3_1_1
top_mac_muladd_7ns_5ns_3ns_11_4_1
top_flow_control_loop_pipe_sequential_init
top_sparsemux_21_4_2_1_1
top_mul_7ns_4s_11_1_1
top_mac_muladd_10ns_4ns_10ns_13_4_1
top_top_Pipeline_DENSE_OUTER_DENSE_INNER_fc1_weight_ROM_AUTO_1R
top_flow_control_loop_pipe_sequential_init
top_outputConv_RAM_2P_BRAM_1R1W
top_outputPool_RAM_2P_BRAM_1R1W
top_outputConv2_RAM_2P_BRAM_1R1W
top_outputPool2_RAM_AUTO_1R1W
top_gmem0_m_axi
top_control_s_axi
conv1_Pipeline_LOAD_1
conv1_Pipeline_CO_1_H_1_W_1
conv1
pool
conv2_Pipeline_CI_2
conv2
pool_1
top_Pipeline_DENSE_OUTER_DENSE_INNER
top
' rtl_lang='both' bootstrap_tcl='false' outdir='' outfilename=''
Execute     source /home/abdullah/Desktop/CNN-on-FPGA/hls_component/top/hls/.autopilot/db/global.setting.tcl 
Execute     source /home/abdullah/Desktop/CNN-on-FPGA/hls_component/top/hls/.autopilot/db/global.setting.tcl 
Execute     source /home/abdullah/Desktop/CNN-on-FPGA/hls_component/top/hls/.autopilot/db/top-io-be.tcl 
Execute     source /home/abdullah/Desktop/CNN-on-FPGA/hls_component/top/hls/.autopilot/db/top.tbgen.tcl 
Execute     source /home/abdullah/Desktop/CNN-on-FPGA/hls_component/top/hls/.autopilot/db/top.compgen.dataonly.tcl 
Execute     source /home/abdullah/Desktop/CNN-on-FPGA/hls_component/top/hls/.autopilot/db/top.compgen.dataonly.tcl 
Execute     source /home/abdullah/Desktop/CNN-on-FPGA/hls_component/top/hls/.autopilot/db/top.rtl_wrap.cfg.tcl 
Execute     source /home/abdullah/Desktop/CNN-on-FPGA/hls_component/top/hls/.autopilot/db/top.compgen.dataonly.tcl 
Execute     source /home/abdullah/Desktop/CNN-on-FPGA/hls_component/top/hls/.autopilot/db/conv1_Pipeline_LOAD_1.tbgen.tcl 
Execute     source /home/abdullah/Desktop/CNN-on-FPGA/hls_component/top/hls/.autopilot/db/conv1_Pipeline_CO_1_H_1_W_1.tbgen.tcl 
Execute     source /home/abdullah/Desktop/CNN-on-FPGA/hls_component/top/hls/.autopilot/db/conv1.tbgen.tcl 
Execute     source /home/abdullah/Desktop/CNN-on-FPGA/hls_component/top/hls/.autopilot/db/pool.tbgen.tcl 
Execute     source /home/abdullah/Desktop/CNN-on-FPGA/hls_component/top/hls/.autopilot/db/conv2_Pipeline_CI_2.tbgen.tcl 
Execute     source /home/abdullah/Desktop/CNN-on-FPGA/hls_component/top/hls/.autopilot/db/conv2.tbgen.tcl 
Execute     source /home/abdullah/Desktop/CNN-on-FPGA/hls_component/top/hls/.autopilot/db/pool_1.tbgen.tcl 
Execute     source /home/abdullah/Desktop/CNN-on-FPGA/hls_component/top/hls/.autopilot/db/top_Pipeline_DENSE_OUTER_DENSE_INNER.tbgen.tcl 
Execute     source /home/abdullah/Desktop/CNN-on-FPGA/hls_component/top/hls/.autopilot/db/top.tbgen.tcl 
Execute     source /home/abdullah/Desktop/CNN-on-FPGA/hls_component/top/hls/.autopilot/db/global.setting.tcl 
Execute     ap_part_info -name xc7z020-clg484-1 -data names -quiet 
Execute     ap_part_info -name xc7z020-clg484-1 -data info -quiet 
Execute     source /home/abdullah/Desktop/CNN-on-FPGA/hls_component/top/hls/.autopilot/db/top.constraint.tcl 
Execute     sc_get_clocks top 
Execute     source /home/abdullah/Desktop/CNN-on-FPGA/hls_component/top/hls/.autopilot/db/global.setting.tcl 
Execute     source /home/abdullah/Xilinx/2025.2/Vitis/tps/tcl/tcllib2.0/fileutil/fileutil.tcl 
INFO-FLOW: Done: generate_json time: 0.2 seconds 
INFO-FLOW: Running: add_csynth_report_sections
INFO-FLOW: DBG:PROC: ::HLSREPORTS::add_csynth_report_sections bind_info_dict='adapter_nodes {{BINDTYPE adapter ID {} IMPL {} LATENCY {} OPTYPE {} PRAGMA {} RTLNAME control_s_axi_U SOURCE {} VARIABLE {} LOOP {} BUNDLEDNAME control DSP 0 BRAM 0 URAM 0 STORAGESUBTYPE s_axilite STORAGESIZE {} STORAGEUSAGE interface DISPNAME {bind_adapter }} {BINDTYPE adapter ID {} IMPL {} LATENCY {} OPTYPE {} PRAGMA {} RTLNAME gmem0_m_axi_U SOURCE {} VARIABLE {} LOOP {} BUNDLEDNAME gmem0 DSP 0 BRAM 2 URAM 0 STORAGESUBTYPE m_axi STORAGESIZE {} STORAGEUSAGE interface DISPNAME {bind_adapter }}} cache_nodes {} report_dict {TOPINST top MODULE2INSTS {top top conv1 grp_conv1_fu_226 conv1_Pipeline_LOAD_1 grp_conv1_Pipeline_LOAD_1_fu_133 conv1_Pipeline_CO_1_H_1_W_1 grp_conv1_Pipeline_CO_1_H_1_W_1_fu_156 pool grp_pool_fu_238 conv2 grp_conv2_fu_255 conv2_Pipeline_CI_2 grp_conv2_Pipeline_CI_2_fu_251 pool_1 grp_pool_1_fu_303 top_Pipeline_DENSE_OUTER_DENSE_INNER grp_top_Pipeline_DENSE_OUTER_DENSE_INNER_fu_317} INST2MODULE {top top grp_conv1_fu_226 conv1 grp_conv1_Pipeline_LOAD_1_fu_133 conv1_Pipeline_LOAD_1 grp_conv1_Pipeline_CO_1_H_1_W_1_fu_156 conv1_Pipeline_CO_1_H_1_W_1 grp_pool_fu_238 pool grp_conv2_fu_255 conv2 grp_conv2_Pipeline_CI_2_fu_251 conv2_Pipeline_CI_2 grp_pool_1_fu_303 pool_1 grp_top_Pipeline_DENSE_OUTER_DENSE_INNER_fu_317 top_Pipeline_DENSE_OUTER_DENSE_INNER} INSTDATA {top {DEPTH 1 CHILDREN {grp_conv1_fu_226 grp_pool_fu_238 grp_conv2_fu_255 grp_pool_1_fu_303 grp_top_Pipeline_DENSE_OUTER_DENSE_INNER_fu_317}} grp_conv1_fu_226 {DEPTH 2 CHILDREN {grp_conv1_Pipeline_LOAD_1_fu_133 grp_conv1_Pipeline_CO_1_H_1_W_1_fu_156}} grp_conv1_Pipeline_LOAD_1_fu_133 {DEPTH 3 CHILDREN {}} grp_conv1_Pipeline_CO_1_H_1_W_1_fu_156 {DEPTH 3 CHILDREN {}} grp_pool_fu_238 {DEPTH 2 CHILDREN {}} grp_conv2_fu_255 {DEPTH 2 CHILDREN grp_conv2_Pipeline_CI_2_fu_251} grp_conv2_Pipeline_CI_2_fu_251 {DEPTH 3 CHILDREN {}} grp_pool_1_fu_303 {DEPTH 2 CHILDREN {}} grp_top_Pipeline_DENSE_OUTER_DENSE_INNER_fu_317 {DEPTH 2 CHILDREN {}}} MODULEDATA {conv1_Pipeline_LOAD_1 {BINDINFO {{BINDTYPE op ID {} IMPL auto LATENCY 0 OPTYPE seteq PRAGMA {} RTLNAME icmp_ln16_fu_419_p2 SOURCE ../src/conv.cpp:16 VARIABLE icmp_ln16 LOOP LOAD_1 BUNDLEDNAME {} DSP 0 BRAM 0 URAM 0 STORAGESUBTYPE {} DISPNAME {bind_op seteq} VISIBLE false} {BINDTYPE op ID {} IMPL fabric LATENCY 0 OPTYPE add PRAGMA {} RTLNAME add_ln16_fu_425_p2 SOURCE ../src/conv.cpp:16 VARIABLE add_ln16 LOOP LOAD_1 BUNDLEDNAME {} DSP 0 BRAM 0 URAM 0 STORAGESUBTYPE {} DISPNAME {bind_op add} VISIBLE true}} AREA {DSP 0 BRAM 0 URAM 0}} conv1_Pipeline_CO_1_H_1_W_1 {BINDINFO {{BINDTYPE op ID {} IMPL auto LATENCY 0 OPTYPE seteq PRAGMA {} RTLNAME icmp_ln26_fu_1612_p2 SOURCE ../src/conv.cpp:26 VARIABLE icmp_ln26 LOOP CO_1_H_1_W_1 BUNDLEDNAME {} DSP 0 BRAM 0 URAM 0 STORAGESUBTYPE {} DISPNAME {bind_op seteq} VISIBLE false} {BINDTYPE op ID {} IMPL fabric LATENCY 0 OPTYPE add PRAGMA {} RTLNAME add_ln26_fu_1618_p2 SOURCE ../src/conv.cpp:26 VARIABLE add_ln26 LOOP CO_1_H_1_W_1 BUNDLEDNAME {} DSP 0 BRAM 0 URAM 0 STORAGESUBTYPE {} DISPNAME {bind_op add} VISIBLE true} {BINDTYPE op ID {} IMPL auto LATENCY 0 OPTYPE seteq PRAGMA {} RTLNAME icmp_ln27_fu_1627_p2 SOURCE ../src/conv.cpp:27 VARIABLE icmp_ln27 LOOP CO_1_H_1_W_1 BUNDLEDNAME {} DSP 0 BRAM 0 URAM 0 STORAGESUBTYPE {} DISPNAME {bind_op seteq} VISIBLE false} {BINDTYPE op ID {} IMPL auto_sel LATENCY 0 OPTYPE select PRAGMA {} RTLNAME select_ln26_fu_1690_p3 SOURCE ../src/conv.cpp:26 VARIABLE select_ln26 LOOP CO_1_H_1_W_1 BUNDLEDNAME {} DSP 0 BRAM 0 URAM 0 STORAGESUBTYPE {} DISPNAME {bind_op select} VISIBLE false} {BINDTYPE op ID {} IMPL fabric LATENCY 0 OPTYPE add PRAGMA {} RTLNAME add_ln35_fu_1697_p2 SOURCE ../src/conv.cpp:35 VARIABLE add_ln35 LOOP CO_1_H_1_W_1 BUNDLEDNAME {} DSP 0 BRAM 0 URAM 0 STORAGESUBTYPE {} DISPNAME {bind_op add} VISIBLE true} {BINDTYPE op ID {} IMPL auto_sel LATENCY 0 OPTYPE select PRAGMA {} RTLNAME select_ln26_1_fu_1703_p3 SOURCE ../src/conv.cpp:26 VARIABLE select_ln26_1 LOOP CO_1_H_1_W_1 BUNDLEDNAME {} DSP 0 BRAM 0 URAM 0 STORAGESUBTYPE {} DISPNAME {bind_op select} VISIBLE false} {BINDTYPE op ID {} IMPL auto LATENCY 0 OPTYPE xor PRAGMA {} RTLNAME xor_ln26_fu_1710_p2 SOURCE ../src/conv.cpp:26 VARIABLE xor_ln26 LOOP CO_1_H_1_W_1 BUNDLEDNAME {} DSP 0 BRAM 0 URAM 0 STORAGESUBTYPE {} DISPNAME {bind_op xor} VISIBLE false} {BINDTYPE op ID {} IMPL auto LATENCY 0 OPTYPE seteq PRAGMA {} RTLNAME icmp_ln28_fu_1715_p2 SOURCE ../src/conv.cpp:28 VARIABLE icmp_ln28 LOOP CO_1_H_1_W_1 BUNDLEDNAME {} DSP 0 BRAM 0 URAM 0 STORAGESUBTYPE {} DISPNAME {bind_op seteq} VISIBLE false} {BINDTYPE op ID {} IMPL auto LATENCY 0 OPTYPE and PRAGMA {} RTLNAME and_ln26_fu_1721_p2 SOURCE ../src/conv.cpp:26 VARIABLE and_ln26 LOOP CO_1_H_1_W_1 BUNDLEDNAME {} DSP 0 BRAM 0 URAM 0 STORAGESUBTYPE {} DISPNAME {bind_op and} VISIBLE false} {BINDTYPE op ID {} IMPL fabric LATENCY 0 OPTYPE add PRAGMA {} RTLNAME add_ln26_1_fu_1633_p2 SOURCE ../src/conv.cpp:26 VARIABLE add_ln26_1 LOOP CO_1_H_1_W_1 BUNDLEDNAME {} DSP 0 BRAM 0 URAM 0 STORAGESUBTYPE {} DISPNAME {bind_op add} VISIBLE true} {BINDTYPE op ID {} IMPL auto_sel LATENCY 0 OPTYPE select PRAGMA {} RTLNAME select_ln26_2_fu_1639_p3 SOURCE ../src/conv.cpp:26 VARIABLE select_ln26_2 LOOP CO_1_H_1_W_1 BUNDLEDNAME {} DSP 0 BRAM 0 URAM 0 STORAGESUBTYPE {} DISPNAME {bind_op select} VISIBLE false} {BINDTYPE op ID {} IMPL fabric LATENCY 0 OPTYPE add PRAGMA {} RTLNAME add_ln35_1_fu_1727_p2 SOURCE ../src/conv.cpp:35 VARIABLE add_ln35_1 LOOP CO_1_H_1_W_1 BUNDLEDNAME {} DSP 0 BRAM 0 URAM 0 STORAGESUBTYPE {} DISPNAME {bind_op add} VISIBLE true} {BINDTYPE op ID {} IMPL auto LATENCY 0 OPTYPE or PRAGMA {} RTLNAME empty_fu_1733_p2 SOURCE ../src/conv.cpp:26 VARIABLE empty LOOP CO_1_H_1_W_1 BUNDLEDNAME {} DSP 0 BRAM 0 URAM 0 STORAGESUBTYPE {} DISPNAME {bind_op or} VISIBLE false} {BINDTYPE op ID {} IMPL auto_sel LATENCY 0 OPTYPE select PRAGMA {} RTLNAME w_mid2_fu_1738_p3 SOURCE ../src/conv.cpp:26 VARIABLE w_mid2 LOOP CO_1_H_1_W_1 BUNDLEDNAME {} DSP 0 BRAM 0 URAM 0 STORAGESUBTYPE {} DISPNAME {bind_op select} VISIBLE false} {BINDTYPE op ID {} IMPL fabric LATENCY 0 OPTYPE add PRAGMA {} RTLNAME add_ln35_2_fu_1746_p2 SOURCE ../src/conv.cpp:35 VARIABLE add_ln35_2 LOOP CO_1_H_1_W_1 BUNDLEDNAME {} DSP 0 BRAM 0 URAM 0 STORAGESUBTYPE {} DISPNAME {bind_op add} VISIBLE true} {BINDTYPE op ID {} IMPL auto_sel LATENCY 0 OPTYPE select PRAGMA {} RTLNAME add_ln35_mid2_fu_1752_p3 SOURCE ../src/conv.cpp:26 VARIABLE add_ln35_mid2 LOOP CO_1_H_1_W_1 BUNDLEDNAME {} DSP 0 BRAM 0 URAM 0 STORAGESUBTYPE {} DISPNAME {bind_op select} VISIBLE false} {BINDTYPE op ID {} IMPL auto_sel LATENCY 0 OPTYPE select PRAGMA {} RTLNAME select_ln27_fu_1760_p3 SOURCE ../src/conv.cpp:27 VARIABLE select_ln27 LOOP CO_1_H_1_W_1 BUNDLEDNAME {} DSP 0 BRAM 0 URAM 0 STORAGESUBTYPE {} DISPNAME {bind_op select} VISIBLE false} {BINDTYPE op ID {} IMPL compactencoding_dontcare LATENCY 0 OPTYPE sparsemux PRAGMA {} RTLNAME sparsemux_17_3_2_1_1_U33 SOURCE ../src/conv.cpp:30 VARIABLE sum LOOP CO_1_H_1_W_1 BUNDLEDNAME {} DSP 0 BRAM 0 URAM 0 STORAGESUBTYPE {} DISPNAME {bind_op sparsemux} VISIBLE false} {BINDTYPE op ID {} IMPL dsp_slice LATENCY 3 OPTYPE mul PRAGMA {} RTLNAME mac_muladd_10ns_4ns_5ns_13_4_1_U49 SOURCE ../src/conv.cpp:42 VARIABLE mul_ln42_3 LOOP CO_1_H_1_W_1 BUNDLEDNAME {} DSP 1 BRAM 0 URAM 0 STORAGESUBTYPE {} DISPNAME {bind_op mul} VISIBLE true} {BINDTYPE op ID {} IMPL compactencoding_dontcare LATENCY 0 OPTYPE sparsemux PRAGMA {} RTLNAME sparsemux_17_3_3_1_1_U34 SOURCE ../src/conv.cpp:27 VARIABLE zext_ln27_cast LOOP CO_1_H_1_W_1 BUNDLEDNAME {} DSP 0 BRAM 0 URAM 0 STORAGESUBTYPE {} DISPNAME {bind_op sparsemux} VISIBLE false} {BINDTYPE op ID {} IMPL fabric LATENCY 0 OPTYPE sub PRAGMA {} RTLNAME sub_ln46_1_fu_1882_p2 SOURCE ../src/conv.cpp:46 VARIABLE sub_ln46_1 LOOP CO_1_H_1_W_1 BUNDLEDNAME {} DSP 0 BRAM 0 URAM 0 STORAGESUBTYPE {} DISPNAME {bind_op sub} VISIBLE true} {BINDTYPE op ID {} IMPL fabric LATENCY 0 OPTYPE sub PRAGMA {} RTLNAME sub_ln46_2_fu_1901_p2 SOURCE ../src/conv.cpp:46 VARIABLE sub_ln46_2 LOOP CO_1_H_1_W_1 BUNDLEDNAME {} DSP 0 BRAM 0 URAM 0 STORAGESUBTYPE {} DISPNAME {bind_op sub} VISIBLE true} {BINDTYPE op ID {} IMPL fabric LATENCY 0 OPTYPE add PRAGMA {} RTLNAME add_ln39_fu_1907_p2 SOURCE ../src/conv.cpp:39 VARIABLE add_ln39 LOOP CO_1_H_1_W_1 BUNDLEDNAME {} DSP 0 BRAM 0 URAM 0 STORAGESUBTYPE {} DISPNAME {bind_op add} VISIBLE true} {BINDTYPE op ID {} IMPL fabric LATENCY 0 OPTYPE add PRAGMA {} RTLNAME add_ln38_fu_1798_p2 SOURCE ../src/conv.cpp:38 VARIABLE add_ln38 LOOP CO_1_H_1_W_1 BUNDLEDNAME {} DSP 0 BRAM 0 URAM 0 STORAGESUBTYPE {} DISPNAME {bind_op add} VISIBLE true} {BINDTYPE op ID {} IMPL auto LATENCY 0 OPTYPE setlt PRAGMA {} RTLNAME icmp_ln38_fu_1804_p2 SOURCE ../src/conv.cpp:38 VARIABLE icmp_ln38 LOOP CO_1_H_1_W_1 BUNDLEDNAME {} DSP 0 BRAM 0 URAM 0 STORAGESUBTYPE {} DISPNAME {bind_op setlt} VISIBLE false} {BINDTYPE op ID {} IMPL fabric LATENCY 0 OPTYPE add PRAGMA {} RTLNAME add_ln39_1_fu_1913_p2 SOURCE ../src/conv.cpp:39 VARIABLE add_ln39_1 LOOP CO_1_H_1_W_1 BUNDLEDNAME {} DSP 0 BRAM 0 URAM 0 STORAGESUBTYPE {} DISPNAME {bind_op add} VISIBLE true} {BINDTYPE op ID {} IMPL auto LATENCY 0 OPTYPE setlt PRAGMA {} RTLNAME icmp_ln38_1_fu_1810_p2 SOURCE ../src/conv.cpp:38 VARIABLE icmp_ln38_1 LOOP CO_1_H_1_W_1 BUNDLEDNAME {} DSP 0 BRAM 0 URAM 0 STORAGESUBTYPE {} DISPNAME {bind_op setlt} VISIBLE false} {BINDTYPE op ID {} IMPL fabric LATENCY 0 OPTYPE add PRAGMA {} RTLNAME add_ln36_fu_1824_p2 SOURCE ../src/conv.cpp:36 VARIABLE add_ln36 LOOP CO_1_H_1_W_1 BUNDLEDNAME {} DSP 0 BRAM 0 URAM 0 STORAGESUBTYPE {} DISPNAME {bind_op add} VISIBLE true} {BINDTYPE op ID {} IMPL auto LATENCY 0 OPTYPE setlt PRAGMA {} RTLNAME icmp_ln38_2_fu_1830_p2 SOURCE ../src/conv.cpp:38 VARIABLE icmp_ln38_2 LOOP CO_1_H_1_W_1 BUNDLEDNAME {} DSP 0 BRAM 0 URAM 0 STORAGESUBTYPE {} DISPNAME {bind_op setlt} VISIBLE false} {BINDTYPE op ID {} IMPL auto LATENCY 0 OPTYPE and PRAGMA {} RTLNAME and_ln38_fu_3137_p2 SOURCE ../src/conv.cpp:38 VARIABLE and_ln38 LOOP CO_1_H_1_W_1 BUNDLEDNAME {} DSP 0 BRAM 0 URAM 0 STORAGESUBTYPE {} DISPNAME {bind_op and} VISIBLE false} {BINDTYPE op ID {} IMPL fabric LATENCY 0 OPTYPE add PRAGMA {} RTLNAME add_ln39_3_fu_1931_p2 SOURCE ../src/conv.cpp:39 VARIABLE add_ln39_3 LOOP CO_1_H_1_W_1 BUNDLEDNAME {} DSP 0 BRAM 0 URAM 0 STORAGESUBTYPE {} DISPNAME {bind_op add} VISIBLE true} {BINDTYPE op ID {} IMPL compactencoding_dontcare LATENCY 0 OPTYPE sparsemux PRAGMA {} RTLNAME sparsemux_33_4_8_1_1_U20 SOURCE ../src/conv.cpp:42 VARIABLE tmp LOOP CO_1_H_1_W_1 BUNDLEDNAME {} DSP 0 BRAM 0 URAM 0 STORAGESUBTYPE {} DISPNAME {bind_op sparsemux} VISIBLE false} {BINDTYPE op ID {} IMPL compactencoding_dontcare LATENCY 0 OPTYPE sparsemux PRAGMA {} RTLNAME sparsemux_17_3_4_1_1_U29 SOURCE ../src/conv.cpp:42 VARIABLE tmp_s LOOP CO_1_H_1_W_1 BUNDLEDNAME {} DSP 0 BRAM 0 URAM 0 STORAGESUBTYPE {} DISPNAME {bind_op sparsemux} VISIBLE false} {BINDTYPE op ID {} IMPL fabric LATENCY 0 OPTYPE mul PRAGMA yes RTLNAME mul_4s_8s_12_1_1_U30 SOURCE ../src/conv.cpp:42 VARIABLE mul_ln42 LOOP CO_1_H_1_W_1 BUNDLEDNAME {} DSP 0 BRAM 0 URAM 0 STORAGESUBTYPE {} DISPNAME {bind_op mul} VISIBLE true} {BINDTYPE op ID {} IMPL fabric LATENCY 0 OPTYPE add PRAGMA yes RTLNAME add_ln42_fu_3141_p2 SOURCE ../src/conv.cpp:42 VARIABLE add_ln42 LOOP CO_1_H_1_W_1 BUNDLEDNAME {} DSP 0 BRAM 0 URAM 0 STORAGESUBTYPE {} DISPNAME {bind_op add} VISIBLE true} {BINDTYPE op ID {} IMPL fabric LATENCY 0 OPTYPE add PRAGMA {} RTLNAME add_ln39_4_fu_1967_p2 SOURCE ../src/conv.cpp:39 VARIABLE add_ln39_4 LOOP CO_1_H_1_W_1 BUNDLEDNAME {} DSP 0 BRAM 0 URAM 0 STORAGESUBTYPE {} DISPNAME {bind_op add} VISIBLE true} {BINDTYPE op ID {} IMPL compactencoding_dontcare LATENCY 0 OPTYPE sparsemux PRAGMA {} RTLNAME sparsemux_33_4_8_1_1_U21 SOURCE ../src/conv.cpp:42 VARIABLE tmp_5 LOOP CO_1_H_1_W_1 BUNDLEDNAME {} DSP 0 BRAM 0 URAM 0 STORAGESUBTYPE {} DISPNAME {bind_op sparsemux} VISIBLE false} {BINDTYPE op ID {} IMPL compactencoding_dontcare LATENCY 0 OPTYPE sparsemux PRAGMA {} RTLNAME sparsemux_17_3_4_1_1_U31 SOURCE ../src/conv.cpp:42 VARIABLE tmp_6 LOOP CO_1_H_1_W_1 BUNDLEDNAME {} DSP 0 BRAM 0 URAM 0 STORAGESUBTYPE {} DISPNAME {bind_op sparsemux} VISIBLE false} {BINDTYPE op ID {} IMPL fabric LATENCY 0 OPTYPE mul PRAGMA yes RTLNAME mul_4s_8s_12_1_1_U35 SOURCE ../src/conv.cpp:42 VARIABLE mul_ln42_1 LOOP CO_1_H_1_W_1 BUNDLEDNAME {} DSP 0 BRAM 0 URAM 0 STORAGESUBTYPE {} DISPNAME {bind_op mul} VISIBLE true} {BINDTYPE op ID {} IMPL auto_sel LATENCY 0 OPTYPE select PRAGMA {} RTLNAME empty_48_fu_3168_p3 SOURCE ../src/conv.cpp:38 VARIABLE empty_48 LOOP CO_1_H_1_W_1 BUNDLEDNAME {} DSP 0 BRAM 0 URAM 0 STORAGESUBTYPE {} DISPNAME {bind_op select} VISIBLE false} {BINDTYPE op ID {} IMPL fabric LATENCY 0 OPTYPE add PRAGMA yes RTLNAME add_ln42_1_fu_3188_p2 SOURCE ../src/conv.cpp:42 VARIABLE add_ln42_1 LOOP CO_1_H_1_W_1 BUNDLEDNAME {} DSP 0 BRAM 0 URAM 0 STORAGESUBTYPE {} DISPNAME {bind_op add} VISIBLE true} {BINDTYPE op ID {} IMPL auto_sel LATENCY 0 OPTYPE select PRAGMA {} RTLNAME sum_11_fu_3315_p3 SOURCE ../src/conv.cpp:38 VARIABLE sum_11 LOOP CO_1_H_1_W_1 BUNDLEDNAME {} DSP 0 BRAM 0 URAM 0 STORAGESUBTYPE {} DISPNAME {bind_op select} VISIBLE false} {BINDTYPE op ID {} IMPL fabric LATENCY 0 OPTYPE add PRAGMA {} RTLNAME add_ln36_1_fu_1846_p2 SOURCE ../src/conv.cpp:36 VARIABLE add_ln36_1 LOOP CO_1_H_1_W_1 BUNDLEDNAME {} DSP 0 BRAM 0 URAM 0 STORAGESUBTYPE {} DISPNAME {bind_op add} VISIBLE true} {BINDTYPE op ID {} IMPL auto LATENCY 0 OPTYPE setlt PRAGMA {} RTLNAME icmp_ln38_3_fu_1852_p2 SOURCE ../src/conv.cpp:38 VARIABLE icmp_ln38_3 LOOP CO_1_H_1_W_1 BUNDLEDNAME {} DSP 0 BRAM 0 URAM 0 STORAGESUBTYPE {} DISPNAME {bind_op setlt} VISIBLE false} {BINDTYPE op ID {} IMPL auto LATENCY 0 OPTYPE and PRAGMA {} RTLNAME and_ln38_1_fu_3320_p2 SOURCE ../src/conv.cpp:38 VARIABLE and_ln38_1 LOOP CO_1_H_1_W_1 BUNDLEDNAME {} DSP 0 BRAM 0 URAM 0 STORAGESUBTYPE {} DISPNAME {bind_op and} VISIBLE false} {BINDTYPE op ID {} IMPL fabric LATENCY 0 OPTYPE add PRAGMA {} RTLNAME add_ln39_5_fu_2006_p2 SOURCE ../src/conv.cpp:39 VARIABLE add_ln39_5 LOOP CO_1_H_1_W_1 BUNDLEDNAME {} DSP 0 BRAM 0 URAM 0 STORAGESUBTYPE {} DISPNAME {bind_op add} VISIBLE true} {BINDTYPE op ID {} IMPL compactencoding_dontcare LATENCY 0 OPTYPE sparsemux PRAGMA {} RTLNAME sparsemux_33_4_8_1_1_U22 SOURCE ../src/conv.cpp:42 VARIABLE tmp_7 LOOP CO_1_H_1_W_1 BUNDLEDNAME {} DSP 0 BRAM 0 URAM 0 STORAGESUBTYPE {} DISPNAME {bind_op sparsemux} VISIBLE false} {BINDTYPE op ID {} IMPL compactencoding_dontcare LATENCY 0 OPTYPE sparsemux PRAGMA {} RTLNAME sparsemux_17_3_4_1_1_U36 SOURCE ../src/conv.cpp:42 VARIABLE tmp_8 LOOP CO_1_H_1_W_1 BUNDLEDNAME {} DSP 0 BRAM 0 URAM 0 STORAGESUBTYPE {} DISPNAME {bind_op sparsemux} VISIBLE false} {BINDTYPE op ID {} IMPL fabric LATENCY 0 OPTYPE mul PRAGMA yes RTLNAME mul_4s_8s_12_1_1_U37 SOURCE ../src/conv.cpp:42 VARIABLE mul_ln42_2 LOOP CO_1_H_1_W_1 BUNDLEDNAME {} DSP 0 BRAM 0 URAM 0 STORAGESUBTYPE {} DISPNAME {bind_op mul} VISIBLE true} {BINDTYPE op ID {} IMPL fabric LATENCY 0 OPTYPE add PRAGMA yes RTLNAME add_ln42_2_fu_3332_p2 SOURCE ../src/conv.cpp:42 VARIABLE add_ln42_2 LOOP CO_1_H_1_W_1 BUNDLEDNAME {} DSP 0 BRAM 0 URAM 0 STORAGESUBTYPE {} DISPNAME {bind_op add} VISIBLE true} {BINDTYPE op ID {} IMPL auto_sel LATENCY 0 OPTYPE select PRAGMA {} RTLNAME sum_13_fu_3347_p3 SOURCE ../src/conv.cpp:38 VARIABLE sum_13 LOOP CO_1_H_1_W_1 BUNDLEDNAME {} DSP 0 BRAM 0 URAM 0 STORAGESUBTYPE {} DISPNAME {bind_op select} VISIBLE false} {BINDTYPE op ID {} IMPL fabric LATENCY 0 OPTYPE add PRAGMA {} RTLNAME add_ln39_6_fu_2042_p2 SOURCE ../src/conv.cpp:39 VARIABLE add_ln39_6 LOOP CO_1_H_1_W_1 BUNDLEDNAME {} DSP 0 BRAM 0 URAM 0 STORAGESUBTYPE {} DISPNAME {bind_op add} VISIBLE true} {BINDTYPE op ID {} IMPL compactencoding_dontcare LATENCY 0 OPTYPE sparsemux PRAGMA {} RTLNAME sparsemux_33_4_8_1_1_U23 SOURCE ../src/conv.cpp:42 VARIABLE tmp_9 LOOP CO_1_H_1_W_1 BUNDLEDNAME {} DSP 0 BRAM 0 URAM 0 STORAGESUBTYPE {} DISPNAME {bind_op sparsemux} VISIBLE false} {BINDTYPE op ID {} IMPL compactencoding_dontcare LATENCY 0 OPTYPE sparsemux PRAGMA {} RTLNAME sparsemux_17_3_3_1_1_U38 SOURCE ../src/conv.cpp:42 VARIABLE zext_ln42_cast LOOP CO_1_H_1_W_1 BUNDLEDNAME {} DSP 0 BRAM 0 URAM 0 STORAGESUBTYPE {} DISPNAME {bind_op sparsemux} VISIBLE false} {BINDTYPE op ID {} IMPL fabric LATENCY 0 OPTYPE mul PRAGMA yes RTLNAME mul_3ns_8s_11_1_1_U39 SOURCE ../src/conv.cpp:42 VARIABLE mul_ln42_4 LOOP CO_1_H_1_W_1 BUNDLEDNAME {} DSP 0 BRAM 0 URAM 0 STORAGESUBTYPE {} DISPNAME {bind_op mul} VISIBLE true} {BINDTYPE op ID {} IMPL fabric LATENCY 0 OPTYPE add PRAGMA yes RTLNAME add_ln42_3_fu_3363_p2 SOURCE ../src/conv.cpp:42 VARIABLE add_ln42_3 LOOP CO_1_H_1_W_1 BUNDLEDNAME {} DSP 0 BRAM 0 URAM 0 STORAGESUBTYPE {} DISPNAME {bind_op add} VISIBLE true} {BINDTYPE op ID {} IMPL fabric LATENCY 0 OPTYPE add PRAGMA {} RTLNAME add_ln39_7_fu_2081_p2 SOURCE ../src/conv.cpp:39 VARIABLE add_ln39_7 LOOP CO_1_H_1_W_1 BUNDLEDNAME {} DSP 0 BRAM 0 URAM 0 STORAGESUBTYPE {} DISPNAME {bind_op add} VISIBLE true} {BINDTYPE op ID {} IMPL compactencoding_dontcare LATENCY 0 OPTYPE sparsemux PRAGMA {} RTLNAME sparsemux_33_4_8_1_1_U24 SOURCE ../src/conv.cpp:42 VARIABLE tmp_1 LOOP CO_1_H_1_W_1 BUNDLEDNAME {} DSP 0 BRAM 0 URAM 0 STORAGESUBTYPE {} DISPNAME {bind_op sparsemux} VISIBLE false} {BINDTYPE op ID {} IMPL fabric LATENCY 0 OPTYPE mul PRAGMA yes RTLNAME mul_8s_3ns_11_1_1_U40 SOURCE ../src/conv.cpp:42 VARIABLE mul_ln42_9 LOOP CO_1_H_1_W_1 BUNDLEDNAME {} DSP 0 BRAM 0 URAM 0 STORAGESUBTYPE {} DISPNAME {bind_op mul} VISIBLE true} {BINDTYPE op ID {} IMPL auto_sel LATENCY 0 OPTYPE select PRAGMA {} RTLNAME empty_49_fu_3387_p3 SOURCE ../src/conv.cpp:38 VARIABLE empty_49 LOOP CO_1_H_1_W_1 BUNDLEDNAME {} DSP 0 BRAM 0 URAM 0 STORAGESUBTYPE {} DISPNAME {bind_op select} VISIBLE false} {BINDTYPE op ID {} IMPL fabric LATENCY 0 OPTYPE add PRAGMA yes RTLNAME add_ln42_4_fu_3402_p2 SOURCE ../src/conv.cpp:42 VARIABLE add_ln42_4 LOOP CO_1_H_1_W_1 BUNDLEDNAME {} DSP 0 BRAM 0 URAM 0 STORAGESUBTYPE {} DISPNAME {bind_op add} VISIBLE true} {BINDTYPE op ID {} IMPL fabric LATENCY 0 OPTYPE add PRAGMA {} RTLNAME add_ln39_8_fu_2117_p2 SOURCE ../src/conv.cpp:39 VARIABLE add_ln39_8 LOOP CO_1_H_1_W_1 BUNDLEDNAME {} DSP 0 BRAM 0 URAM 0 STORAGESUBTYPE {} DISPNAME {bind_op add} VISIBLE true} {BINDTYPE op ID {} IMPL compactencoding_dontcare LATENCY 0 OPTYPE sparsemux PRAGMA {} RTLNAME sparsemux_33_4_8_1_1_U25 SOURCE ../src/conv.cpp:42 VARIABLE tmp_2 LOOP CO_1_H_1_W_1 BUNDLEDNAME {} DSP 0 BRAM 0 URAM 0 STORAGESUBTYPE {} DISPNAME {bind_op sparsemux} VISIBLE false} {BINDTYPE op ID {} IMPL compactencoding_dontcare LATENCY 0 OPTYPE sparsemux PRAGMA {} RTLNAME sparsemux_17_3_4_1_1_U41 SOURCE ../src/conv.cpp:42 VARIABLE tmp_3 LOOP CO_1_H_1_W_1 BUNDLEDNAME {} DSP 0 BRAM 0 URAM 0 STORAGESUBTYPE {} DISPNAME {bind_op sparsemux} VISIBLE false} {BINDTYPE op ID {} IMPL fabric LATENCY 0 OPTYPE mul PRAGMA yes RTLNAME mul_4s_8s_12_1_1_U42 SOURCE ../src/conv.cpp:42 VARIABLE mul_ln42_5 LOOP CO_1_H_1_W_1 BUNDLEDNAME {} DSP 0 BRAM 0 URAM 0 STORAGESUBTYPE {} DISPNAME {bind_op mul} VISIBLE true} {BINDTYPE op ID {} IMPL fabric LATENCY 0 OPTYPE add PRAGMA yes RTLNAME add_ln42_5_fu_3576_p2 SOURCE ../src/conv.cpp:42 VARIABLE add_ln42_5 LOOP CO_1_H_1_W_1 BUNDLEDNAME {} DSP 0 BRAM 0 URAM 0 STORAGESUBTYPE {} DISPNAME {bind_op add} VISIBLE true} {BINDTYPE op ID {} IMPL auto_sel LATENCY 0 OPTYPE select PRAGMA {} RTLNAME sum_16_fu_3591_p3 SOURCE ../src/conv.cpp:38 VARIABLE sum_16 LOOP CO_1_H_1_W_1 BUNDLEDNAME {} DSP 0 BRAM 0 URAM 0 STORAGESUBTYPE {} DISPNAME {bind_op select} VISIBLE false} {BINDTYPE op ID {} IMPL auto LATENCY 0 OPTYPE and PRAGMA {} RTLNAME and_ln38_2_fu_3597_p2 SOURCE ../src/conv.cpp:38 VARIABLE and_ln38_2 LOOP CO_1_H_1_W_1 BUNDLEDNAME {} DSP 0 BRAM 0 URAM 0 STORAGESUBTYPE {} DISPNAME {bind_op and} VISIBLE false} {BINDTYPE op ID {} IMPL fabric LATENCY 0 OPTYPE add PRAGMA {} RTLNAME add_ln39_9_fu_2153_p2 SOURCE ../src/conv.cpp:39 VARIABLE add_ln39_9 LOOP CO_1_H_1_W_1 BUNDLEDNAME {} DSP 0 BRAM 0 URAM 0 STORAGESUBTYPE {} DISPNAME {bind_op add} VISIBLE true} {BINDTYPE op ID {} IMPL compactencoding_dontcare LATENCY 0 OPTYPE sparsemux PRAGMA {} RTLNAME sparsemux_33_4_8_1_1_U26 SOURCE ../src/conv.cpp:42 VARIABLE tmp_4 LOOP CO_1_H_1_W_1 BUNDLEDNAME {} DSP 0 BRAM 0 URAM 0 STORAGESUBTYPE {} DISPNAME {bind_op sparsemux} VISIBLE false} {BINDTYPE op ID {} IMPL compactencoding_dontcare LATENCY 0 OPTYPE sparsemux PRAGMA {} RTLNAME sparsemux_17_3_4_1_1_U43 SOURCE ../src/conv.cpp:42 VARIABLE tmp_10 LOOP CO_1_H_1_W_1 BUNDLEDNAME {} DSP 0 BRAM 0 URAM 0 STORAGESUBTYPE {} DISPNAME {bind_op sparsemux} VISIBLE false} {BINDTYPE op ID {} IMPL fabric LATENCY 0 OPTYPE mul PRAGMA yes RTLNAME mul_4s_8s_12_1_1_U44 SOURCE ../src/conv.cpp:42 VARIABLE mul_ln42_6 LOOP CO_1_H_1_W_1 BUNDLEDNAME {} DSP 0 BRAM 0 URAM 0 STORAGESUBTYPE {} DISPNAME {bind_op mul} VISIBLE true} {BINDTYPE op ID {} IMPL fabric LATENCY 0 OPTYPE add PRAGMA yes RTLNAME add_ln42_6_fu_3609_p2 SOURCE ../src/conv.cpp:42 VARIABLE add_ln42_6 LOOP CO_1_H_1_W_1 BUNDLEDNAME {} DSP 0 BRAM 0 URAM 0 STORAGESUBTYPE {} DISPNAME {bind_op add} VISIBLE true} {BINDTYPE op ID {} IMPL fabric LATENCY 0 OPTYPE add PRAGMA {} RTLNAME add_ln39_10_fu_2189_p2 SOURCE ../src/conv.cpp:39 VARIABLE add_ln39_10 LOOP CO_1_H_1_W_1 BUNDLEDNAME {} DSP 0 BRAM 0 URAM 0 STORAGESUBTYPE {} DISPNAME {bind_op add} VISIBLE true} {BINDTYPE op ID {} IMPL compactencoding_dontcare LATENCY 0 OPTYPE sparsemux PRAGMA {} RTLNAME sparsemux_33_4_8_1_1_U27 SOURCE ../src/conv.cpp:42 VARIABLE tmp_11 LOOP CO_1_H_1_W_1 BUNDLEDNAME {} DSP 0 BRAM 0 URAM 0 STORAGESUBTYPE {} DISPNAME {bind_op sparsemux} VISIBLE false} {BINDTYPE op ID {} IMPL compactencoding_dontcare LATENCY 0 OPTYPE sparsemux PRAGMA {} RTLNAME sparsemux_17_3_4_1_1_U45 SOURCE ../src/conv.cpp:42 VARIABLE tmp_12 LOOP CO_1_H_1_W_1 BUNDLEDNAME {} DSP 0 BRAM 0 URAM 0 STORAGESUBTYPE {} DISPNAME {bind_op sparsemux} VISIBLE false} {BINDTYPE op ID {} IMPL fabric LATENCY 0 OPTYPE mul PRAGMA yes RTLNAME mul_4s_8s_12_1_1_U46 SOURCE ../src/conv.cpp:42 VARIABLE mul_ln42_7 LOOP CO_1_H_1_W_1 BUNDLEDNAME {} DSP 0 BRAM 0 URAM 0 STORAGESUBTYPE {} DISPNAME {bind_op mul} VISIBLE true} {BINDTYPE op ID {} IMPL auto_sel LATENCY 0 OPTYPE select PRAGMA {} RTLNAME empty_50_fu_3636_p3 SOURCE ../src/conv.cpp:38 VARIABLE empty_50 LOOP CO_1_H_1_W_1 BUNDLEDNAME {} DSP 0 BRAM 0 URAM 0 STORAGESUBTYPE {} DISPNAME {bind_op select} VISIBLE false} {BINDTYPE op ID {} IMPL fabric LATENCY 0 OPTYPE add PRAGMA yes RTLNAME add_ln42_7_fu_3656_p2 SOURCE ../src/conv.cpp:42 VARIABLE add_ln42_7 LOOP CO_1_H_1_W_1 BUNDLEDNAME {} DSP 0 BRAM 0 URAM 0 STORAGESUBTYPE {} DISPNAME {bind_op add} VISIBLE true} {BINDTYPE op ID {} IMPL auto_sel LATENCY 0 OPTYPE select PRAGMA {} RTLNAME sum_18_fu_3728_p3 SOURCE ../src/conv.cpp:38 VARIABLE sum_18 LOOP CO_1_H_1_W_1 BUNDLEDNAME {} DSP 0 BRAM 0 URAM 0 STORAGESUBTYPE {} DISPNAME {bind_op select} VISIBLE false} {BINDTYPE op ID {} IMPL auto LATENCY 0 OPTYPE and PRAGMA {} RTLNAME and_ln38_3_fu_3733_p2 SOURCE ../src/conv.cpp:38 VARIABLE and_ln38_3 LOOP CO_1_H_1_W_1 BUNDLEDNAME {} DSP 0 BRAM 0 URAM 0 STORAGESUBTYPE {} DISPNAME {bind_op and} VISIBLE false} {BINDTYPE op ID {} IMPL fabric LATENCY 0 OPTYPE add PRAGMA {} RTLNAME add_ln39_11_fu_2225_p2 SOURCE ../src/conv.cpp:39 VARIABLE add_ln39_11 LOOP CO_1_H_1_W_1 BUNDLEDNAME {} DSP 0 BRAM 0 URAM 0 STORAGESUBTYPE {} DISPNAME {bind_op add} VISIBLE true} {BINDTYPE op ID {} IMPL compactencoding_dontcare LATENCY 0 OPTYPE sparsemux PRAGMA {} RTLNAME sparsemux_33_4_8_1_1_U28 SOURCE ../src/conv.cpp:42 VARIABLE tmp_13 LOOP CO_1_H_1_W_1 BUNDLEDNAME {} DSP 0 BRAM 0 URAM 0 STORAGESUBTYPE {} DISPNAME {bind_op sparsemux} VISIBLE false} {BINDTYPE op ID {} IMPL compactencoding_dontcare LATENCY 0 OPTYPE sparsemux PRAGMA {} RTLNAME sparsemux_17_3_4_1_1_U47 SOURCE ../src/conv.cpp:42 VARIABLE tmp_14 LOOP CO_1_H_1_W_1 BUNDLEDNAME {} DSP 0 BRAM 0 URAM 0 STORAGESUBTYPE {} DISPNAME {bind_op sparsemux} VISIBLE false} {BINDTYPE op ID {} IMPL fabric LATENCY 0 OPTYPE mul PRAGMA yes RTLNAME mul_4s_8s_12_1_1_U48 SOURCE ../src/conv.cpp:42 VARIABLE mul_ln42_8 LOOP CO_1_H_1_W_1 BUNDLEDNAME {} DSP 0 BRAM 0 URAM 0 STORAGESUBTYPE {} DISPNAME {bind_op mul} VISIBLE true} {BINDTYPE op ID {} IMPL fabric LATENCY 0 OPTYPE add PRAGMA yes RTLNAME add_ln42_8_fu_3745_p2 SOURCE ../src/conv.cpp:42 VARIABLE add_ln42_8 LOOP CO_1_H_1_W_1 BUNDLEDNAME {} DSP 0 BRAM 0 URAM 0 STORAGESUBTYPE {} DISPNAME {bind_op add} VISIBLE true} {BINDTYPE op ID {} IMPL auto_sel LATENCY 0 OPTYPE select PRAGMA {} RTLNAME sum_20_fu_3760_p3 SOURCE ../src/conv.cpp:38 VARIABLE sum_20 LOOP CO_1_H_1_W_1 BUNDLEDNAME {} DSP 0 BRAM 0 URAM 0 STORAGESUBTYPE {} DISPNAME {bind_op select} VISIBLE false} {BINDTYPE op ID {} IMPL auto LATENCY 0 OPTYPE setgt PRAGMA {} RTLNAME icmp_ln46_fu_3772_p2 SOURCE ../src/conv.cpp:46 VARIABLE icmp_ln46 LOOP CO_1_H_1_W_1 BUNDLEDNAME {} DSP 0 BRAM 0 URAM 0 STORAGESUBTYPE {} DISPNAME {bind_op setgt} VISIBLE false} {BINDTYPE op ID {} IMPL auto_sel LATENCY 0 OPTYPE select PRAGMA {} RTLNAME select_ln46_fu_3778_p3 SOURCE ../src/conv.cpp:46 VARIABLE select_ln46 LOOP CO_1_H_1_W_1 BUNDLEDNAME {} DSP 0 BRAM 0 URAM 0 STORAGESUBTYPE {} DISPNAME {bind_op select} VISIBLE false} {BINDTYPE op ID {} IMPL fabric LATENCY 0 OPTYPE add PRAGMA {} RTLNAME add_ln46_fu_2261_p2 SOURCE ../src/conv.cpp:46 VARIABLE add_ln46 LOOP CO_1_H_1_W_1 BUNDLEDNAME {} DSP 0 BRAM 0 URAM 0 STORAGESUBTYPE {} DISPNAME {bind_op add} VISIBLE true} {BINDTYPE op ID {} IMPL fabric LATENCY 0 OPTYPE add PRAGMA {} RTLNAME grp_fu_2276_p0 SOURCE ../src/conv.cpp:46 VARIABLE add_ln46_1 LOOP CO_1_H_1_W_1 BUNDLEDNAME {} DSP 0 BRAM 0 URAM 0 STORAGESUBTYPE {} DISPNAME {bind_op add} VISIBLE true} {BINDTYPE op ID {} IMPL dsp_slice LATENCY 3 OPTYPE add PRAGMA {} RTLNAME mac_muladd_10ns_4ns_5ns_13_4_1_U49 SOURCE ../src/conv.cpp:46 VARIABLE add_ln46_2 LOOP CO_1_H_1_W_1 BUNDLEDNAME {} DSP 1 BRAM 0 URAM 0 STORAGESUBTYPE {} DISPNAME {bind_op add} VISIBLE true} {BINDTYPE op ID {} IMPL fabric LATENCY 0 OPTYPE add PRAGMA {} RTLNAME add_ln46_3_fu_2924_p2 SOURCE ../src/conv.cpp:46 VARIABLE add_ln46_3 LOOP CO_1_H_1_W_1 BUNDLEDNAME {} DSP 0 BRAM 0 URAM 0 STORAGESUBTYPE {} DISPNAME {bind_op add} VISIBLE true} {BINDTYPE op ID {} IMPL auto LATENCY 0 OPTYPE mul PRAGMA {} RTLNAME mul_13ns_15ns_27_1_1_U32 SOURCE ../src/conv.cpp:46 VARIABLE mul_ln46 LOOP CO_1_H_1_W_1 BUNDLEDNAME {} DSP 1 BRAM 0 URAM 0 STORAGESUBTYPE {} DISPNAME {bind_op mul} VISIBLE true} {BINDTYPE op ID {} IMPL auto LATENCY 11 OPTYPE urem PRAGMA {} RTLNAME urem_8ns_4ns_3_12_1_U19 SOURCE ../src/conv.cpp:46 VARIABLE urem_ln46 LOOP CO_1_H_1_W_1 BUNDLEDNAME {} DSP 0 BRAM 0 URAM 0 STORAGESUBTYPE {} DISPNAME {bind_op urem} VISIBLE false} {BINDTYPE op ID {} IMPL fabric LATENCY 0 OPTYPE add PRAGMA {} RTLNAME add_ln27_fu_1655_p2 SOURCE ../src/conv.cpp:27 VARIABLE add_ln27 LOOP CO_1_H_1_W_1 BUNDLEDNAME {} DSP 0 BRAM 0 URAM 0 STORAGESUBTYPE {} DISPNAME {bind_op add} VISIBLE true} {BINDTYPE op ID {} IMPL auto_sel LATENCY 0 OPTYPE select PRAGMA {} RTLNAME select_ln27_1_fu_1661_p3 SOURCE ../src/conv.cpp:27 VARIABLE select_ln27_1 LOOP CO_1_H_1_W_1 BUNDLEDNAME {} DSP 0 BRAM 0 URAM 0 STORAGESUBTYPE {} DISPNAME {bind_op select} VISIBLE false}} AREA {DSP 2 BRAM 0 URAM 0}} conv1 {BINDINFO {{BINDTYPE storage ID {} IMPL bram LATENCY 1 OPTYPE ram_2p PRAGMA yes RTLNAME temp_U SOURCE ../src/conv.cpp:10 VARIABLE temp LOOP {} BUNDLEDNAME {} DSP 0 BRAM 1 URAM 0 STORAGESUBTYPE {} STORAGESIZE {8 49 1} STORAGEUSAGE {ram_2p array} DISPNAME {bind_storage ram_2p} VISIBLE true} {BINDTYPE storage ID {} IMPL bram LATENCY 1 OPTYPE ram_2p PRAGMA yes RTLNAME temp_1_U SOURCE ../src/conv.cpp:10 VARIABLE temp_1 LOOP {} BUNDLEDNAME {} DSP 0 BRAM 1 URAM 0 STORAGESUBTYPE {} STORAGESIZE {8 49 1} STORAGEUSAGE {ram_2p array} DISPNAME {bind_storage ram_2p} VISIBLE true} {BINDTYPE storage ID {} IMPL bram LATENCY 1 OPTYPE ram_2p PRAGMA yes RTLNAME temp_2_U SOURCE ../src/conv.cpp:10 VARIABLE temp_2 LOOP {} BUNDLEDNAME {} DSP 0 BRAM 1 URAM 0 STORAGESUBTYPE {} STORAGESIZE {8 49 1} STORAGEUSAGE {ram_2p array} DISPNAME {bind_storage ram_2p} VISIBLE true} {BINDTYPE storage ID {} IMPL bram LATENCY 1 OPTYPE ram_2p PRAGMA yes RTLNAME temp_3_U SOURCE ../src/conv.cpp:10 VARIABLE temp_3 LOOP {} BUNDLEDNAME {} DSP 0 BRAM 1 URAM 0 STORAGESUBTYPE {} STORAGESIZE {8 49 1} STORAGEUSAGE {ram_2p array} DISPNAME {bind_storage ram_2p} VISIBLE true} {BINDTYPE storage ID {} IMPL bram LATENCY 1 OPTYPE ram_2p PRAGMA yes RTLNAME temp_4_U SOURCE ../src/conv.cpp:10 VARIABLE temp_4 LOOP {} BUNDLEDNAME {} DSP 0 BRAM 1 URAM 0 STORAGESUBTYPE {} STORAGESIZE {8 49 1} STORAGEUSAGE {ram_2p array} DISPNAME {bind_storage ram_2p} VISIBLE true} {BINDTYPE storage ID {} IMPL bram LATENCY 1 OPTYPE ram_2p PRAGMA yes RTLNAME temp_5_U SOURCE ../src/conv.cpp:10 VARIABLE temp_5 LOOP {} BUNDLEDNAME {} DSP 0 BRAM 1 URAM 0 STORAGESUBTYPE {} STORAGESIZE {8 49 1} STORAGEUSAGE {ram_2p array} DISPNAME {bind_storage ram_2p} VISIBLE true} {BINDTYPE storage ID {} IMPL bram LATENCY 1 OPTYPE ram_2p PRAGMA yes RTLNAME temp_6_U SOURCE ../src/conv.cpp:10 VARIABLE temp_6 LOOP {} BUNDLEDNAME {} DSP 0 BRAM 1 URAM 0 STORAGESUBTYPE {} STORAGESIZE {8 49 1} STORAGEUSAGE {ram_2p array} DISPNAME {bind_storage ram_2p} VISIBLE true} {BINDTYPE storage ID {} IMPL bram LATENCY 1 OPTYPE ram_2p PRAGMA yes RTLNAME temp_7_U SOURCE ../src/conv.cpp:10 VARIABLE temp_7 LOOP {} BUNDLEDNAME {} DSP 0 BRAM 1 URAM 0 STORAGESUBTYPE {} STORAGESIZE {8 49 1} STORAGEUSAGE {ram_2p array} DISPNAME {bind_storage ram_2p} VISIBLE true} {BINDTYPE storage ID {} IMPL bram LATENCY 1 OPTYPE ram_2p PRAGMA yes RTLNAME temp_8_U SOURCE ../src/conv.cpp:10 VARIABLE temp_8 LOOP {} BUNDLEDNAME {} DSP 0 BRAM 1 URAM 0 STORAGESUBTYPE {} STORAGESIZE {8 49 1} STORAGEUSAGE {ram_2p array} DISPNAME {bind_storage ram_2p} VISIBLE true} {BINDTYPE storage ID {} IMPL bram LATENCY 1 OPTYPE ram_2p PRAGMA yes RTLNAME temp_9_U SOURCE ../src/conv.cpp:10 VARIABLE temp_9 LOOP {} BUNDLEDNAME {} DSP 0 BRAM 1 URAM 0 STORAGESUBTYPE {} STORAGESIZE {8 49 1} STORAGEUSAGE {ram_2p array} DISPNAME {bind_storage ram_2p} VISIBLE true} {BINDTYPE storage ID {} IMPL bram LATENCY 1 OPTYPE ram_2p PRAGMA yes RTLNAME temp_10_U SOURCE ../src/conv.cpp:10 VARIABLE temp_10 LOOP {} BUNDLEDNAME {} DSP 0 BRAM 1 URAM 0 STORAGESUBTYPE {} STORAGESIZE {8 49 1} STORAGEUSAGE {ram_2p array} DISPNAME {bind_storage ram_2p} VISIBLE true} {BINDTYPE storage ID {} IMPL bram LATENCY 1 OPTYPE ram_2p PRAGMA yes RTLNAME temp_11_U SOURCE ../src/conv.cpp:10 VARIABLE temp_11 LOOP {} BUNDLEDNAME {} DSP 0 BRAM 1 URAM 0 STORAGESUBTYPE {} STORAGESIZE {8 49 1} STORAGEUSAGE {ram_2p array} DISPNAME {bind_storage ram_2p} VISIBLE true} {BINDTYPE storage ID {} IMPL bram LATENCY 1 OPTYPE ram_2p PRAGMA yes RTLNAME temp_12_U SOURCE ../src/conv.cpp:10 VARIABLE temp_12 LOOP {} BUNDLEDNAME {} DSP 0 BRAM 1 URAM 0 STORAGESUBTYPE {} STORAGESIZE {8 49 1} STORAGEUSAGE {ram_2p array} DISPNAME {bind_storage ram_2p} VISIBLE true} {BINDTYPE storage ID {} IMPL bram LATENCY 1 OPTYPE ram_2p PRAGMA yes RTLNAME temp_13_U SOURCE ../src/conv.cpp:10 VARIABLE temp_13 LOOP {} BUNDLEDNAME {} DSP 0 BRAM 1 URAM 0 STORAGESUBTYPE {} STORAGESIZE {8 49 1} STORAGEUSAGE {ram_2p array} DISPNAME {bind_storage ram_2p} VISIBLE true} {BINDTYPE storage ID {} IMPL bram LATENCY 1 OPTYPE ram_2p PRAGMA yes RTLNAME temp_14_U SOURCE ../src/conv.cpp:10 VARIABLE temp_14 LOOP {} BUNDLEDNAME {} DSP 0 BRAM 1 URAM 0 STORAGESUBTYPE {} STORAGESIZE {8 49 1} STORAGEUSAGE {ram_2p array} DISPNAME {bind_storage ram_2p} VISIBLE true} {BINDTYPE storage ID {} IMPL bram LATENCY 1 OPTYPE ram_2p PRAGMA yes RTLNAME temp_15_U SOURCE ../src/conv.cpp:10 VARIABLE temp_15 LOOP {} BUNDLEDNAME {} DSP 0 BRAM 1 URAM 0 STORAGESUBTYPE {} STORAGESIZE {8 49 1} STORAGEUSAGE {ram_2p array} DISPNAME {bind_storage ram_2p} VISIBLE true}} AREA {DSP 2 BRAM 16 URAM 0}} pool {BINDINFO {{BINDTYPE op ID {} IMPL auto LATENCY 0 OPTYPE seteq PRAGMA {} RTLNAME icmp_ln16_fu_521_p2 SOURCE ../src/pool.cpp:16 VARIABLE icmp_ln16 LOOP CO_LOOP_H_LOOP_W_LOOP BUNDLEDNAME {} DSP 0 BRAM 0 URAM 0 STORAGESUBTYPE {} DISPNAME {bind_op seteq} VISIBLE false} {BINDTYPE op ID {} IMPL fabric LATENCY 0 OPTYPE add PRAGMA {} RTLNAME add_ln16_fu_527_p2 SOURCE ../src/pool.cpp:16 VARIABLE add_ln16 LOOP CO_LOOP_H_LOOP_W_LOOP BUNDLEDNAME {} DSP 0 BRAM 0 URAM 0 STORAGESUBTYPE {} DISPNAME {bind_op add} VISIBLE true} {BINDTYPE op ID {} IMPL auto LATENCY 0 OPTYPE seteq PRAGMA {} RTLNAME icmp_ln17_fu_550_p2 SOURCE ../src/pool.cpp:17 VARIABLE icmp_ln17 LOOP CO_LOOP_H_LOOP_W_LOOP BUNDLEDNAME {} DSP 0 BRAM 0 URAM 0 STORAGESUBTYPE {} DISPNAME {bind_op seteq} VISIBLE false} {BINDTYPE op ID {} IMPL auto_sel LATENCY 0 OPTYPE select PRAGMA {} RTLNAME select_ln16_fu_556_p3 SOURCE ../src/pool.cpp:16 VARIABLE select_ln16 LOOP CO_LOOP_H_LOOP_W_LOOP BUNDLEDNAME {} DSP 0 BRAM 0 URAM 0 STORAGESUBTYPE {} DISPNAME {bind_op select} VISIBLE false} {BINDTYPE op ID {} IMPL auto LATENCY 0 OPTYPE xor PRAGMA {} RTLNAME xor_ln16_fu_564_p2 SOURCE ../src/pool.cpp:16 VARIABLE xor_ln16 LOOP CO_LOOP_H_LOOP_W_LOOP BUNDLEDNAME {} DSP 0 BRAM 0 URAM 0 STORAGESUBTYPE {} DISPNAME {bind_op xor} VISIBLE false} {BINDTYPE op ID {} IMPL auto LATENCY 0 OPTYPE seteq PRAGMA {} RTLNAME icmp_ln18_fu_570_p2 SOURCE ../src/pool.cpp:18 VARIABLE icmp_ln18 LOOP CO_LOOP_H_LOOP_W_LOOP BUNDLEDNAME {} DSP 0 BRAM 0 URAM 0 STORAGESUBTYPE {} DISPNAME {bind_op seteq} VISIBLE false} {BINDTYPE op ID {} IMPL auto LATENCY 0 OPTYPE and PRAGMA {} RTLNAME and_ln16_fu_576_p2 SOURCE ../src/pool.cpp:16 VARIABLE and_ln16 LOOP CO_LOOP_H_LOOP_W_LOOP BUNDLEDNAME {} DSP 0 BRAM 0 URAM 0 STORAGESUBTYPE {} DISPNAME {bind_op and} VISIBLE false} {BINDTYPE op ID {} IMPL fabric LATENCY 0 OPTYPE add PRAGMA {} RTLNAME add_ln16_2_fu_582_p2 SOURCE ../src/pool.cpp:16 VARIABLE add_ln16_2 LOOP CO_LOOP_H_LOOP_W_LOOP BUNDLEDNAME {} DSP 0 BRAM 0 URAM 0 STORAGESUBTYPE {} DISPNAME {bind_op add} VISIBLE true} {BINDTYPE op ID {} IMPL auto_sel LATENCY 0 OPTYPE select PRAGMA {} RTLNAME select_ln16_2_fu_588_p3 SOURCE ../src/pool.cpp:16 VARIABLE select_ln16_2 LOOP CO_LOOP_H_LOOP_W_LOOP BUNDLEDNAME {} DSP 0 BRAM 0 URAM 0 STORAGESUBTYPE {} DISPNAME {bind_op select} VISIBLE false} {BINDTYPE op ID {} IMPL fabric LATENCY 0 OPTYPE add PRAGMA {} RTLNAME add_ln17_fu_596_p2 SOURCE ../src/pool.cpp:17 VARIABLE add_ln17 LOOP CO_LOOP_H_LOOP_W_LOOP BUNDLEDNAME {} DSP 0 BRAM 0 URAM 0 STORAGESUBTYPE {} DISPNAME {bind_op add} VISIBLE true} {BINDTYPE op ID {} IMPL auto LATENCY 0 OPTYPE or PRAGMA {} RTLNAME empty_fu_602_p2 SOURCE ../src/pool.cpp:16 VARIABLE empty LOOP CO_LOOP_H_LOOP_W_LOOP BUNDLEDNAME {} DSP 0 BRAM 0 URAM 0 STORAGESUBTYPE {} DISPNAME {bind_op or} VISIBLE false} {BINDTYPE op ID {} IMPL auto_sel LATENCY 0 OPTYPE select PRAGMA {} RTLNAME w_mid2_fu_608_p3 SOURCE ../src/pool.cpp:16 VARIABLE w_mid2 LOOP CO_LOOP_H_LOOP_W_LOOP BUNDLEDNAME {} DSP 0 BRAM 0 URAM 0 STORAGESUBTYPE {} DISPNAME {bind_op select} VISIBLE false} {BINDTYPE op ID {} IMPL auto_sel LATENCY 0 OPTYPE select PRAGMA {} RTLNAME select_ln17_fu_616_p3 SOURCE ../src/pool.cpp:17 VARIABLE select_ln17 LOOP CO_LOOP_H_LOOP_W_LOOP BUNDLEDNAME {} DSP 0 BRAM 0 URAM 0 STORAGESUBTYPE {} DISPNAME {bind_op select} VISIBLE false} {BINDTYPE op ID {} IMPL fabric LATENCY 0 OPTYPE add PRAGMA {} RTLNAME add_ln27_9_fu_640_p2 SOURCE ../src/pool.cpp:27 VARIABLE add_ln27_9 LOOP CO_LOOP_H_LOOP_W_LOOP BUNDLEDNAME {} DSP 0 BRAM 0 URAM 0 STORAGESUBTYPE {} DISPNAME {bind_op add} VISIBLE true} {BINDTYPE op ID {} IMPL auto LATENCY 0 OPTYPE mul PRAGMA {} RTLNAME mul_4ns_11ns_13_1_1_U105 SOURCE ../src/pool.cpp:33 VARIABLE mul_ln33_1 LOOP CO_LOOP_H_LOOP_W_LOOP BUNDLEDNAME {} DSP 0 BRAM 0 URAM 0 STORAGESUBTYPE {} DISPNAME {bind_op mul} VISIBLE true} {BINDTYPE op ID {} IMPL dsp_slice LATENCY 3 OPTYPE mul PRAGMA {} RTLNAME mac_muladd_8ns_4ns_4ns_11_4_1_U114 SOURCE ../src/pool.cpp:17 VARIABLE mul_ln17 LOOP CO_LOOP_H_LOOP_W_LOOP BUNDLEDNAME {} DSP 1 BRAM 0 URAM 0 STORAGESUBTYPE {} DISPNAME {bind_op mul} VISIBLE true} {BINDTYPE op ID {} IMPL fabric LATENCY 0 OPTYPE sub PRAGMA {} RTLNAME sub_ln33_fu_722_p2 SOURCE ../src/pool.cpp:33 VARIABLE sub_ln33 LOOP CO_LOOP_H_LOOP_W_LOOP BUNDLEDNAME {} DSP 0 BRAM 0 URAM 0 STORAGESUBTYPE {} DISPNAME {bind_op sub} VISIBLE true} {BINDTYPE op ID {} IMPL fabric LATENCY 0 OPTYPE sub PRAGMA {} RTLNAME sub_ln33_1_fu_820_p2 SOURCE ../src/pool.cpp:33 VARIABLE sub_ln33_1 LOOP CO_LOOP_H_LOOP_W_LOOP BUNDLEDNAME {} DSP 0 BRAM 0 URAM 0 STORAGESUBTYPE {} DISPNAME {bind_op sub} VISIBLE true} {BINDTYPE op ID {} IMPL fabric LATENCY 0 OPTYPE sub PRAGMA {} RTLNAME sub_ln27_fu_836_p2 SOURCE ../src/pool.cpp:27 VARIABLE sub_ln27 LOOP CO_LOOP_H_LOOP_W_LOOP BUNDLEDNAME {} DSP 0 BRAM 0 URAM 0 STORAGESUBTYPE {} DISPNAME {bind_op sub} VISIBLE true} {BINDTYPE op ID {} IMPL fabric LATENCY 0 OPTYPE add PRAGMA {} RTLNAME add_ln27_fu_846_p2 SOURCE ../src/pool.cpp:27 VARIABLE add_ln27 LOOP CO_LOOP_H_LOOP_W_LOOP BUNDLEDNAME {} DSP 0 BRAM 0 URAM 0 STORAGESUBTYPE {} DISPNAME {bind_op add} VISIBLE true} {BINDTYPE op ID {} IMPL fabric LATENCY 0 OPTYPE add PRAGMA {} RTLNAME add_ln27_1_fu_852_p2 SOURCE ../src/pool.cpp:27 VARIABLE add_ln27_1 LOOP CO_LOOP_H_LOOP_W_LOOP BUNDLEDNAME {} DSP 0 BRAM 0 URAM 0 STORAGESUBTYPE {} DISPNAME {bind_op add} VISIBLE true} {BINDTYPE op ID {} IMPL fabric LATENCY 0 OPTYPE add PRAGMA {} RTLNAME add_ln27_2_fu_862_p2 SOURCE ../src/pool.cpp:27 VARIABLE add_ln27_2 LOOP CO_LOOP_H_LOOP_W_LOOP BUNDLEDNAME {} DSP 0 BRAM 0 URAM 0 STORAGESUBTYPE {} DISPNAME {bind_op add} VISIBLE true} {BINDTYPE op ID {} IMPL fabric LATENCY 0 OPTYPE add PRAGMA {} RTLNAME add_ln27_3_fu_747_p2 SOURCE ../src/pool.cpp:27 VARIABLE add_ln27_3 LOOP CO_LOOP_H_LOOP_W_LOOP BUNDLEDNAME {} DSP 0 BRAM 0 URAM 0 STORAGESUBTYPE {} DISPNAME {bind_op add} VISIBLE true} {BINDTYPE op ID {} IMPL fabric LATENCY 0 OPTYPE add PRAGMA {} RTLNAME grp_fu_763_p0 SOURCE ../src/pool.cpp:27 VARIABLE add_ln27_4 LOOP CO_LOOP_H_LOOP_W_LOOP BUNDLEDNAME {} DSP 0 BRAM 0 URAM 0 STORAGESUBTYPE {} DISPNAME {bind_op add} VISIBLE true} {BINDTYPE op ID {} IMPL fabric LATENCY 0 OPTYPE add PRAGMA {} RTLNAME add_ln27_5_fu_874_p2 SOURCE ../src/pool.cpp:27 VARIABLE add_ln27_5 LOOP CO_LOOP_H_LOOP_W_LOOP BUNDLEDNAME {} DSP 0 BRAM 0 URAM 0 STORAGESUBTYPE {} DISPNAME {bind_op add} VISIBLE true} {BINDTYPE op ID {} IMPL auto LATENCY 0 OPTYPE mul PRAGMA {} RTLNAME mul_13ns_15ns_27_1_1_U106 SOURCE ../src/pool.cpp:29 VARIABLE mul_ln29 LOOP CO_LOOP_H_LOOP_W_LOOP BUNDLEDNAME {} DSP 1 BRAM 0 URAM 0 STORAGESUBTYPE {} DISPNAME {bind_op mul} VISIBLE true} {BINDTYPE op ID {} IMPL auto LATENCY 11 OPTYPE urem PRAGMA {} RTLNAME urem_8ns_4ns_3_12_1_U104 SOURCE ../src/pool.cpp:29 VARIABLE urem_ln29 LOOP CO_LOOP_H_LOOP_W_LOOP BUNDLEDNAME {} DSP 0 BRAM 0 URAM 0 STORAGESUBTYPE {} DISPNAME {bind_op urem} VISIBLE false} {BINDTYPE op ID {} IMPL compactencoding_dontcare LATENCY 0 OPTYPE sparsemux PRAGMA {} RTLNAME sparsemux_11_3_7_1_1_U110 SOURCE ../src/pool.cpp:29 VARIABLE val_9 LOOP CO_LOOP_H_LOOP_W_LOOP BUNDLEDNAME {} DSP 0 BRAM 0 URAM 0 STORAGESUBTYPE {} DISPNAME {bind_op sparsemux} VISIBLE false} {BINDTYPE op ID {} IMPL fabric LATENCY 0 OPTYPE add PRAGMA {} RTLNAME add_ln27_6_fu_914_p2 SOURCE ../src/pool.cpp:27 VARIABLE add_ln27_6 LOOP CO_LOOP_H_LOOP_W_LOOP BUNDLEDNAME {} DSP 0 BRAM 0 URAM 0 STORAGESUBTYPE {} DISPNAME {bind_op add} VISIBLE true} {BINDTYPE op ID {} IMPL auto LATENCY 0 OPTYPE mul PRAGMA {} RTLNAME mul_13ns_15ns_27_1_1_U107 SOURCE ../src/pool.cpp:29 VARIABLE mul_ln29_1 LOOP CO_LOOP_H_LOOP_W_LOOP BUNDLEDNAME {} DSP 1 BRAM 0 URAM 0 STORAGESUBTYPE {} DISPNAME {bind_op mul} VISIBLE true} {BINDTYPE op ID {} IMPL compactencoding_dontcare LATENCY 0 OPTYPE sparsemux PRAGMA {} RTLNAME sparsemux_11_3_7_1_1_U111 SOURCE ../src/pool.cpp:29 VARIABLE val LOOP CO_LOOP_H_LOOP_W_LOOP BUNDLEDNAME {} DSP 0 BRAM 0 URAM 0 STORAGESUBTYPE {} DISPNAME {bind_op sparsemux} VISIBLE false} {BINDTYPE op ID {} IMPL auto LATENCY 0 OPTYPE setgt PRAGMA {} RTLNAME icmp_ln30_fu_1077_p2 SOURCE ../src/pool.cpp:30 VARIABLE icmp_ln30 LOOP CO_LOOP_H_LOOP_W_LOOP BUNDLEDNAME {} DSP 0 BRAM 0 URAM 0 STORAGESUBTYPE {} DISPNAME {bind_op setgt} VISIBLE false} {BINDTYPE op ID {} IMPL auto_sel LATENCY 0 OPTYPE select PRAGMA {} RTLNAME max_val_5_fu_1083_p3 SOURCE ../src/pool.cpp:30 VARIABLE max_val_5 LOOP CO_LOOP_H_LOOP_W_LOOP BUNDLEDNAME {} DSP 0 BRAM 0 URAM 0 STORAGESUBTYPE {} DISPNAME {bind_op select} VISIBLE false} {BINDTYPE op ID {} IMPL fabric LATENCY 0 OPTYPE add PRAGMA {} RTLNAME add_ln27_7_fu_939_p2 SOURCE ../src/pool.cpp:27 VARIABLE add_ln27_7 LOOP CO_LOOP_H_LOOP_W_LOOP BUNDLEDNAME {} DSP 0 BRAM 0 URAM 0 STORAGESUBTYPE {} DISPNAME {bind_op add} VISIBLE true} {BINDTYPE op ID {} IMPL auto LATENCY 0 OPTYPE mul PRAGMA {} RTLNAME mul_13ns_15ns_27_1_1_U108 SOURCE ../src/pool.cpp:29 VARIABLE mul_ln29_2 LOOP CO_LOOP_H_LOOP_W_LOOP BUNDLEDNAME {} DSP 1 BRAM 0 URAM 0 STORAGESUBTYPE {} DISPNAME {bind_op mul} VISIBLE true} {BINDTYPE op ID {} IMPL compactencoding_dontcare LATENCY 0 OPTYPE sparsemux PRAGMA {} RTLNAME sparsemux_11_3_7_1_1_U112 SOURCE ../src/pool.cpp:29 VARIABLE val_10 LOOP CO_LOOP_H_LOOP_W_LOOP BUNDLEDNAME {} DSP 0 BRAM 0 URAM 0 STORAGESUBTYPE {} DISPNAME {bind_op sparsemux} VISIBLE false} {BINDTYPE op ID {} IMPL auto LATENCY 0 OPTYPE setgt PRAGMA {} RTLNAME icmp_ln30_3_fu_1134_p2 SOURCE ../src/pool.cpp:30 VARIABLE icmp_ln30_3 LOOP CO_LOOP_H_LOOP_W_LOOP BUNDLEDNAME {} DSP 0 BRAM 0 URAM 0 STORAGESUBTYPE {} DISPNAME {bind_op setgt} VISIBLE false} {BINDTYPE op ID {} IMPL auto_sel LATENCY 0 OPTYPE select PRAGMA {} RTLNAME max_val_7_fu_1139_p3 SOURCE ../src/pool.cpp:30 VARIABLE max_val_7 LOOP CO_LOOP_H_LOOP_W_LOOP BUNDLEDNAME {} DSP 0 BRAM 0 URAM 0 STORAGESUBTYPE {} DISPNAME {bind_op select} VISIBLE false} {BINDTYPE op ID {} IMPL fabric LATENCY 0 OPTYPE add PRAGMA {} RTLNAME add_ln27_8_fu_964_p2 SOURCE ../src/pool.cpp:27 VARIABLE add_ln27_8 LOOP CO_LOOP_H_LOOP_W_LOOP BUNDLEDNAME {} DSP 0 BRAM 0 URAM 0 STORAGESUBTYPE {} DISPNAME {bind_op add} VISIBLE true} {BINDTYPE op ID {} IMPL auto LATENCY 0 OPTYPE mul PRAGMA {} RTLNAME mul_13ns_15ns_27_1_1_U109 SOURCE ../src/pool.cpp:29 VARIABLE mul_ln29_3 LOOP CO_LOOP_H_LOOP_W_LOOP BUNDLEDNAME {} DSP 1 BRAM 0 URAM 0 STORAGESUBTYPE {} DISPNAME {bind_op mul} VISIBLE true} {BINDTYPE op ID {} IMPL compactencoding_dontcare LATENCY 0 OPTYPE sparsemux PRAGMA {} RTLNAME sparsemux_11_3_7_1_1_U113 SOURCE ../src/pool.cpp:29 VARIABLE val_6 LOOP CO_LOOP_H_LOOP_W_LOOP BUNDLEDNAME {} DSP 0 BRAM 0 URAM 0 STORAGESUBTYPE {} DISPNAME {bind_op sparsemux} VISIBLE false} {BINDTYPE op ID {} IMPL auto LATENCY 0 OPTYPE setgt PRAGMA {} RTLNAME icmp_ln30_4_fu_1173_p2 SOURCE ../src/pool.cpp:30 VARIABLE icmp_ln30_4 LOOP CO_LOOP_H_LOOP_W_LOOP BUNDLEDNAME {} DSP 0 BRAM 0 URAM 0 STORAGESUBTYPE {} DISPNAME {bind_op setgt} VISIBLE false} {BINDTYPE op ID {} IMPL auto_sel LATENCY 0 OPTYPE select PRAGMA {} RTLNAME max_val_8_fu_1177_p3 SOURCE ../src/pool.cpp:30 VARIABLE max_val_8 LOOP CO_LOOP_H_LOOP_W_LOOP BUNDLEDNAME {} DSP 0 BRAM 0 URAM 0 STORAGESUBTYPE {} DISPNAME {bind_op select} VISIBLE false} {BINDTYPE op ID {} IMPL dsp_slice LATENCY 3 OPTYPE add PRAGMA {} RTLNAME mac_muladd_8ns_4ns_4ns_11_4_1_U114 SOURCE ../src/pool.cpp:33 VARIABLE add_ln33_2 LOOP CO_LOOP_H_LOOP_W_LOOP BUNDLEDNAME {} DSP 1 BRAM 0 URAM 0 STORAGESUBTYPE {} DISPNAME {bind_op add} VISIBLE true} {BINDTYPE op ID {} IMPL fabric LATENCY 0 OPTYPE add PRAGMA {} RTLNAME add_ln33_3_fu_1008_p2 SOURCE ../src/pool.cpp:33 VARIABLE add_ln33_3 LOOP CO_LOOP_H_LOOP_W_LOOP BUNDLEDNAME {} DSP 0 BRAM 0 URAM 0 STORAGESUBTYPE {} DISPNAME {bind_op add} VISIBLE true} {BINDTYPE op ID {} IMPL fabric LATENCY 0 OPTYPE add PRAGMA {} RTLNAME add_ln18_fu_654_p2 SOURCE ../src/pool.cpp:18 VARIABLE add_ln18 LOOP CO_LOOP_H_LOOP_W_LOOP BUNDLEDNAME {} DSP 0 BRAM 0 URAM 0 STORAGESUBTYPE {} DISPNAME {bind_op add} VISIBLE true} {BINDTYPE op ID {} IMPL fabric LATENCY 0 OPTYPE add PRAGMA {} RTLNAME add_ln17_2_fu_660_p2 SOURCE ../src/pool.cpp:17 VARIABLE add_ln17_2 LOOP CO_LOOP_H_LOOP_W_LOOP BUNDLEDNAME {} DSP 0 BRAM 0 URAM 0 STORAGESUBTYPE {} DISPNAME {bind_op add} VISIBLE true} {BINDTYPE op ID {} IMPL auto_sel LATENCY 0 OPTYPE select PRAGMA {} RTLNAME select_ln17_2_fu_666_p3 SOURCE ../src/pool.cpp:17 VARIABLE select_ln17_2 LOOP CO_LOOP_H_LOOP_W_LOOP BUNDLEDNAME {} DSP 0 BRAM 0 URAM 0 STORAGESUBTYPE {} DISPNAME {bind_op select} VISIBLE false}} AREA {DSP 5 BRAM 0 URAM 0}} conv2_Pipeline_CI_2 {BINDINFO {{BINDTYPE op ID {} IMPL auto LATENCY 0 OPTYPE setlt PRAGMA {} RTLNAME icmp_ln85_fu_1061_p2 SOURCE ../src/conv.cpp:85 VARIABLE icmp_ln85 LOOP {} BUNDLEDNAME {} DSP 0 BRAM 0 URAM 0 STORAGESUBTYPE {} DISPNAME {bind_op setlt} VISIBLE false} {BINDTYPE op ID {} IMPL auto LATENCY 0 OPTYPE setlt PRAGMA {} RTLNAME icmp_ln85_1_fu_1067_p2 SOURCE ../src/conv.cpp:85 VARIABLE icmp_ln85_1 LOOP {} BUNDLEDNAME {} DSP 0 BRAM 0 URAM 0 STORAGESUBTYPE {} DISPNAME {bind_op setlt} VISIBLE false} {BINDTYPE op ID {} IMPL auto LATENCY 0 OPTYPE setlt PRAGMA {} RTLNAME icmp_ln85_2_fu_1073_p2 SOURCE ../src/conv.cpp:85 VARIABLE icmp_ln85_2 LOOP {} BUNDLEDNAME {} DSP 0 BRAM 0 URAM 0 STORAGESUBTYPE {} DISPNAME {bind_op setlt} VISIBLE false} {BINDTYPE op ID {} IMPL auto LATENCY 0 OPTYPE setlt PRAGMA {} RTLNAME icmp_ln85_3_fu_1079_p2 SOURCE ../src/conv.cpp:85 VARIABLE icmp_ln85_3 LOOP {} BUNDLEDNAME {} DSP 0 BRAM 0 URAM 0 STORAGESUBTYPE {} DISPNAME {bind_op setlt} VISIBLE false} {BINDTYPE op ID {} IMPL auto LATENCY 0 OPTYPE seteq PRAGMA {} RTLNAME icmp_ln78_fu_1098_p2 SOURCE ../src/conv.cpp:78 VARIABLE icmp_ln78 LOOP CI_2 BUNDLEDNAME {} DSP 0 BRAM 0 URAM 0 STORAGESUBTYPE {} DISPNAME {bind_op seteq} VISIBLE false} {BINDTYPE op ID {} IMPL fabric LATENCY 0 OPTYPE add PRAGMA {} RTLNAME add_ln78_fu_1104_p2 SOURCE ../src/conv.cpp:78 VARIABLE add_ln78 LOOP CI_2 BUNDLEDNAME {} DSP 0 BRAM 0 URAM 0 STORAGESUBTYPE {} DISPNAME {bind_op add} VISIBLE true} {BINDTYPE op ID {} IMPL fabric LATENCY 0 OPTYPE add PRAGMA {} RTLNAME add_ln89_2_fu_1148_p2 SOURCE ../src/conv.cpp:89 VARIABLE add_ln89_2 LOOP CI_2 BUNDLEDNAME {} DSP 0 BRAM 0 URAM 0 STORAGESUBTYPE {} DISPNAME {bind_op add} VISIBLE true} {BINDTYPE op ID {} IMPL fabric LATENCY 0 OPTYPE add PRAGMA {} RTLNAME add_ln89_fu_1154_p2 SOURCE ../src/conv.cpp:89 VARIABLE add_ln89 LOOP CI_2 BUNDLEDNAME {} DSP 0 BRAM 0 URAM 0 STORAGESUBTYPE {} DISPNAME {bind_op add} VISIBLE true} {BINDTYPE op ID {} IMPL fabric LATENCY 0 OPTYPE add PRAGMA {} RTLNAME add_ln86_4_fu_1183_p2 SOURCE ../src/conv.cpp:86 VARIABLE add_ln86_4 LOOP CI_2 BUNDLEDNAME {} DSP 0 BRAM 0 URAM 0 STORAGESUBTYPE {} DISPNAME {bind_op add} VISIBLE true} {BINDTYPE op ID {} IMPL compactencoding_dontcare LATENCY 0 OPTYPE sparsemux PRAGMA {} RTLNAME sparsemux_17_3_7_1_1_U134 SOURCE ../src/conv.cpp:89 VARIABLE tmp_cast LOOP CI_2 BUNDLEDNAME {} DSP 0 BRAM 0 URAM 0 STORAGESUBTYPE {} DISPNAME {bind_op sparsemux} VISIBLE false} {BINDTYPE op ID {} IMPL dsp_slice LATENCY 3 OPTYPE mul PRAGMA {} RTLNAME mac_muladd_7ns_3s_11s_12_4_1_U159 SOURCE ../src/conv.cpp:89 VARIABLE mul_ln89 LOOP CI_2 BUNDLEDNAME {} DSP 1 BRAM 0 URAM 0 STORAGESUBTYPE {} DISPNAME {bind_op mul} VISIBLE true} {BINDTYPE op ID {} IMPL compactencoding_dontcare LATENCY 0 OPTYPE sparsemux PRAGMA {} RTLNAME sparsemux_17_3_8_1_1_U143 SOURCE ../src/conv.cpp:89 VARIABLE tmp_1 LOOP CI_2 BUNDLEDNAME {} DSP 0 BRAM 0 URAM 0 STORAGESUBTYPE {} DISPNAME {bind_op sparsemux} VISIBLE false} {BINDTYPE op ID {} IMPL dsp_slice LATENCY 3 OPTYPE sext PRAGMA {} RTLNAME mac_muladd_7ns_3s_11s_12_4_1_U159 SOURCE ../src/conv.cpp:89 VARIABLE sext_ln89_2 LOOP CI_2 BUNDLEDNAME {} DSP 1 BRAM 0 URAM 0 STORAGESUBTYPE {} DISPNAME {bind_op sext} VISIBLE false} {BINDTYPE op ID {} IMPL dsp_slice LATENCY 3 OPTYPE add PRAGMA {} RTLNAME mac_muladd_7ns_3s_11s_12_4_1_U159 SOURCE ../src/conv.cpp:89 VARIABLE add_ln89_1 LOOP CI_2 BUNDLEDNAME {} DSP 1 BRAM 0 URAM 0 STORAGESUBTYPE {} DISPNAME {bind_op add} VISIBLE true} {BINDTYPE op ID {} IMPL auto LATENCY 0 OPTYPE seteq PRAGMA {} RTLNAME icmp_ln89_fu_1907_p2 SOURCE ../src/conv.cpp:89 VARIABLE icmp_ln89 LOOP CI_2 BUNDLEDNAME {} DSP 0 BRAM 0 URAM 0 STORAGESUBTYPE {} DISPNAME {bind_op seteq} VISIBLE false} {BINDTYPE op ID {} IMPL fabric LATENCY 0 OPTYPE add PRAGMA {} RTLNAME add_ln86_5_fu_1210_p2 SOURCE ../src/conv.cpp:86 VARIABLE add_ln86_5 LOOP CI_2 BUNDLEDNAME {} DSP 0 BRAM 0 URAM 0 STORAGESUBTYPE {} DISPNAME {bind_op add} VISIBLE true} {BINDTYPE op ID {} IMPL compactencoding_dontcare LATENCY 0 OPTYPE sparsemux PRAGMA {} RTLNAME sparsemux_17_3_7_1_1_U135 SOURCE ../src/conv.cpp:89 VARIABLE tmp_2_cast LOOP CI_2 BUNDLEDNAME {} DSP 0 BRAM 0 URAM 0 STORAGESUBTYPE {} DISPNAME {bind_op sparsemux} VISIBLE false} {BINDTYPE op ID {} IMPL auto LATENCY 0 OPTYPE mul PRAGMA {} RTLNAME mul_4s_7ns_11_1_1_U144 SOURCE ../src/conv.cpp:89 VARIABLE mul_ln89_1 LOOP CI_2 BUNDLEDNAME {} DSP 0 BRAM 0 URAM 0 STORAGESUBTYPE {} DISPNAME {bind_op mul} VISIBLE true} {BINDTYPE op ID {} IMPL compactencoding_dontcare LATENCY 0 OPTYPE sparsemux PRAGMA {} RTLNAME sparsemux_17_3_8_1_1_U145 SOURCE ../src/conv.cpp:89 VARIABLE tmp_3 LOOP CI_2 BUNDLEDNAME {} DSP 0 BRAM 0 URAM 0 STORAGESUBTYPE {} DISPNAME {bind_op sparsemux} VISIBLE false} {BINDTYPE op ID {} IMPL fabric LATENCY 0 OPTYPE add PRAGMA {} RTLNAME add_ln89_3_fu_2142_p2 SOURCE ../src/conv.cpp:89 VARIABLE add_ln89_3 LOOP CI_2 BUNDLEDNAME {} DSP 0 BRAM 0 URAM 0 STORAGESUBTYPE {} DISPNAME {bind_op add} VISIBLE true} {BINDTYPE op ID {} IMPL fabric LATENCY 0 OPTYPE sub PRAGMA {} RTLNAME sub_ln89_fu_2147_p2 SOURCE ../src/conv.cpp:89 VARIABLE sub_ln89 LOOP CI_2 BUNDLEDNAME {} DSP 0 BRAM 0 URAM 0 STORAGESUBTYPE {} DISPNAME {bind_op sub} VISIBLE true} {BINDTYPE op ID {} IMPL auto LATENCY 0 OPTYPE seteq PRAGMA {} RTLNAME icmp_ln89_2_fu_2152_p2 SOURCE ../src/conv.cpp:89 VARIABLE icmp_ln89_2 LOOP CI_2 BUNDLEDNAME {} DSP 0 BRAM 0 URAM 0 STORAGESUBTYPE {} DISPNAME {bind_op seteq} VISIBLE false} {BINDTYPE op ID {} IMPL fabric LATENCY 0 OPTYPE add PRAGMA {} RTLNAME add_ln86_6_fu_1237_p2 SOURCE ../src/conv.cpp:86 VARIABLE add_ln86_6 LOOP CI_2 BUNDLEDNAME {} DSP 0 BRAM 0 URAM 0 STORAGESUBTYPE {} DISPNAME {bind_op add} VISIBLE true} {BINDTYPE op ID {} IMPL compactencoding_dontcare LATENCY 0 OPTYPE sparsemux PRAGMA {} RTLNAME sparsemux_17_3_7_1_1_U136 SOURCE ../src/conv.cpp:89 VARIABLE tmp_4_cast LOOP CI_2 BUNDLEDNAME {} DSP 0 BRAM 0 URAM 0 STORAGESUBTYPE {} DISPNAME {bind_op sparsemux} VISIBLE false} {BINDTYPE op ID {} IMPL auto LATENCY 0 OPTYPE mul PRAGMA {} RTLNAME mul_4s_7ns_11_1_1_U146 SOURCE ../src/conv.cpp:89 VARIABLE mul_ln89_2 LOOP CI_2 BUNDLEDNAME {} DSP 0 BRAM 0 URAM 0 STORAGESUBTYPE {} DISPNAME {bind_op mul} VISIBLE true} {BINDTYPE op ID {} IMPL compactencoding_dontcare LATENCY 0 OPTYPE sparsemux PRAGMA {} RTLNAME sparsemux_17_3_8_1_1_U147 SOURCE ../src/conv.cpp:89 VARIABLE tmp_5 LOOP CI_2 BUNDLEDNAME {} DSP 0 BRAM 0 URAM 0 STORAGESUBTYPE {} DISPNAME {bind_op sparsemux} VISIBLE false} {BINDTYPE op ID {} IMPL fabric LATENCY 0 OPTYPE add PRAGMA {} RTLNAME add_ln89_4_fu_2389_p2 SOURCE ../src/conv.cpp:89 VARIABLE add_ln89_4 LOOP CI_2 BUNDLEDNAME {} DSP 0 BRAM 0 URAM 0 STORAGESUBTYPE {} DISPNAME {bind_op add} VISIBLE true} {BINDTYPE op ID {} IMPL fabric LATENCY 0 OPTYPE sub PRAGMA {} RTLNAME sub_ln89_1_fu_2394_p2 SOURCE ../src/conv.cpp:89 VARIABLE sub_ln89_1 LOOP CI_2 BUNDLEDNAME {} DSP 0 BRAM 0 URAM 0 STORAGESUBTYPE {} DISPNAME {bind_op sub} VISIBLE true} {BINDTYPE op ID {} IMPL auto LATENCY 0 OPTYPE seteq PRAGMA {} RTLNAME icmp_ln89_3_fu_2399_p2 SOURCE ../src/conv.cpp:89 VARIABLE icmp_ln89_3 LOOP CI_2 BUNDLEDNAME {} DSP 0 BRAM 0 URAM 0 STORAGESUBTYPE {} DISPNAME {bind_op seteq} VISIBLE false} {BINDTYPE op ID {} IMPL fabric LATENCY 0 OPTYPE add PRAGMA {} RTLNAME add_ln86_7_fu_1264_p2 SOURCE ../src/conv.cpp:86 VARIABLE add_ln86_7 LOOP CI_2 BUNDLEDNAME {} DSP 0 BRAM 0 URAM 0 STORAGESUBTYPE {} DISPNAME {bind_op add} VISIBLE true} {BINDTYPE op ID {} IMPL fabric LATENCY 0 OPTYPE add PRAGMA {} RTLNAME add_ln86_8_fu_1269_p2 SOURCE ../src/conv.cpp:86 VARIABLE add_ln86_8 LOOP CI_2 BUNDLEDNAME {} DSP 0 BRAM 0 URAM 0 STORAGESUBTYPE {} DISPNAME {bind_op add} VISIBLE true} {BINDTYPE op ID {} IMPL compactencoding_dontcare LATENCY 0 OPTYPE sparsemux PRAGMA {} RTLNAME sparsemux_17_3_7_1_1_U137 SOURCE ../src/conv.cpp:89 VARIABLE tmp_6_cast LOOP CI_2 BUNDLEDNAME {} DSP 0 BRAM 0 URAM 0 STORAGESUBTYPE {} DISPNAME {bind_op sparsemux} VISIBLE false} {BINDTYPE op ID {} IMPL auto LATENCY 0 OPTYPE mul PRAGMA {} RTLNAME mul_4s_7ns_11_1_1_U148 SOURCE ../src/conv.cpp:89 VARIABLE mul_ln89_3 LOOP CI_2 BUNDLEDNAME {} DSP 0 BRAM 0 URAM 0 STORAGESUBTYPE {} DISPNAME {bind_op mul} VISIBLE true} {BINDTYPE op ID {} IMPL compactencoding_dontcare LATENCY 0 OPTYPE sparsemux PRAGMA {} RTLNAME sparsemux_17_3_8_1_1_U149 SOURCE ../src/conv.cpp:89 VARIABLE tmp_7 LOOP CI_2 BUNDLEDNAME {} DSP 0 BRAM 0 URAM 0 STORAGESUBTYPE {} DISPNAME {bind_op sparsemux} VISIBLE false} {BINDTYPE op ID {} IMPL fabric LATENCY 0 OPTYPE add PRAGMA {} RTLNAME add_ln89_5_fu_2636_p2 SOURCE ../src/conv.cpp:89 VARIABLE add_ln89_5 LOOP CI_2 BUNDLEDNAME {} DSP 0 BRAM 0 URAM 0 STORAGESUBTYPE {} DISPNAME {bind_op add} VISIBLE true} {BINDTYPE op ID {} IMPL fabric LATENCY 0 OPTYPE sub PRAGMA {} RTLNAME sub_ln89_2_fu_2641_p2 SOURCE ../src/conv.cpp:89 VARIABLE sub_ln89_2 LOOP CI_2 BUNDLEDNAME {} DSP 0 BRAM 0 URAM 0 STORAGESUBTYPE {} DISPNAME {bind_op sub} VISIBLE true} {BINDTYPE op ID {} IMPL auto LATENCY 0 OPTYPE seteq PRAGMA {} RTLNAME icmp_ln89_4_fu_2646_p2 SOURCE ../src/conv.cpp:89 VARIABLE icmp_ln89_4 LOOP CI_2 BUNDLEDNAME {} DSP 0 BRAM 0 URAM 0 STORAGESUBTYPE {} DISPNAME {bind_op seteq} VISIBLE false} {BINDTYPE op ID {} IMPL fabric LATENCY 0 OPTYPE add PRAGMA {} RTLNAME add_ln86_9_fu_1296_p2 SOURCE ../src/conv.cpp:86 VARIABLE add_ln86_9 LOOP CI_2 BUNDLEDNAME {} DSP 0 BRAM 0 URAM 0 STORAGESUBTYPE {} DISPNAME {bind_op add} VISIBLE true} {BINDTYPE op ID {} IMPL compactencoding_dontcare LATENCY 0 OPTYPE sparsemux PRAGMA {} RTLNAME sparsemux_17_3_7_1_1_U138 SOURCE ../src/conv.cpp:89 VARIABLE tmp_8_cast LOOP CI_2 BUNDLEDNAME {} DSP 0 BRAM 0 URAM 0 STORAGESUBTYPE {} DISPNAME {bind_op sparsemux} VISIBLE false} {BINDTYPE op ID {} IMPL auto LATENCY 0 OPTYPE mul PRAGMA {} RTLNAME mul_4s_7ns_11_1_1_U150 SOURCE ../src/conv.cpp:89 VARIABLE mul_ln89_4 LOOP CI_2 BUNDLEDNAME {} DSP 0 BRAM 0 URAM 0 STORAGESUBTYPE {} DISPNAME {bind_op mul} VISIBLE true} {BINDTYPE op ID {} IMPL compactencoding_dontcare LATENCY 0 OPTYPE sparsemux PRAGMA {} RTLNAME sparsemux_17_3_8_1_1_U152 SOURCE ../src/conv.cpp:89 VARIABLE tmp_9 LOOP CI_2 BUNDLEDNAME {} DSP 0 BRAM 0 URAM 0 STORAGESUBTYPE {} DISPNAME {bind_op sparsemux} VISIBLE false} {BINDTYPE op ID {} IMPL fabric LATENCY 0 OPTYPE add PRAGMA {} RTLNAME add_ln89_6_fu_2895_p2 SOURCE ../src/conv.cpp:89 VARIABLE add_ln89_6 LOOP CI_2 BUNDLEDNAME {} DSP 0 BRAM 0 URAM 0 STORAGESUBTYPE {} DISPNAME {bind_op add} VISIBLE true} {BINDTYPE op ID {} IMPL fabric LATENCY 0 OPTYPE sub PRAGMA {} RTLNAME sub_ln89_3_fu_2900_p2 SOURCE ../src/conv.cpp:89 VARIABLE sub_ln89_3 LOOP CI_2 BUNDLEDNAME {} DSP 0 BRAM 0 URAM 0 STORAGESUBTYPE {} DISPNAME {bind_op sub} VISIBLE true} {BINDTYPE op ID {} IMPL auto LATENCY 0 OPTYPE seteq PRAGMA {} RTLNAME icmp_ln89_5_fu_2905_p2 SOURCE ../src/conv.cpp:89 VARIABLE icmp_ln89_5 LOOP CI_2 BUNDLEDNAME {} DSP 0 BRAM 0 URAM 0 STORAGESUBTYPE {} DISPNAME {bind_op seteq} VISIBLE false} {BINDTYPE op ID {} IMPL fabric LATENCY 0 OPTYPE add PRAGMA {} RTLNAME add_ln86_10_fu_1341_p2 SOURCE ../src/conv.cpp:86 VARIABLE add_ln86_10 LOOP CI_2 BUNDLEDNAME {} DSP 0 BRAM 0 URAM 0 STORAGESUBTYPE {} DISPNAME {bind_op add} VISIBLE true} {BINDTYPE op ID {} IMPL compactencoding_dontcare LATENCY 0 OPTYPE sparsemux PRAGMA {} RTLNAME sparsemux_17_3_7_1_1_U139 SOURCE ../src/conv.cpp:89 VARIABLE tmp_cast_47 LOOP CI_2 BUNDLEDNAME {} DSP 0 BRAM 0 URAM 0 STORAGESUBTYPE {} DISPNAME {bind_op sparsemux} VISIBLE false} {BINDTYPE op ID {} IMPL auto LATENCY 0 OPTYPE mul PRAGMA {} RTLNAME mul_4s_7ns_11_1_1_U151 SOURCE ../src/conv.cpp:89 VARIABLE mul_ln89_5 LOOP CI_2 BUNDLEDNAME {} DSP 0 BRAM 0 URAM 0 STORAGESUBTYPE {} DISPNAME {bind_op mul} VISIBLE true} {BINDTYPE op ID {} IMPL fabric LATENCY 0 OPTYPE add PRAGMA {} RTLNAME add_ln89_7_fu_3042_p2 SOURCE ../src/conv.cpp:89 VARIABLE add_ln89_7 LOOP CI_2 BUNDLEDNAME {} DSP 0 BRAM 0 URAM 0 STORAGESUBTYPE {} DISPNAME {bind_op add} VISIBLE true} {BINDTYPE op ID {} IMPL fabric LATENCY 0 OPTYPE sub PRAGMA {} RTLNAME sub_ln89_4_fu_3047_p2 SOURCE ../src/conv.cpp:89 VARIABLE sub_ln89_4 LOOP CI_2 BUNDLEDNAME {} DSP 0 BRAM 0 URAM 0 STORAGESUBTYPE {} DISPNAME {bind_op sub} VISIBLE true} {BINDTYPE op ID {} IMPL auto LATENCY 0 OPTYPE seteq PRAGMA {} RTLNAME icmp_ln89_6_fu_3052_p2 SOURCE ../src/conv.cpp:89 VARIABLE icmp_ln89_6 LOOP CI_2 BUNDLEDNAME {} DSP 0 BRAM 0 URAM 0 STORAGESUBTYPE {} DISPNAME {bind_op seteq} VISIBLE false} {BINDTYPE op ID {} IMPL fabric LATENCY 0 OPTYPE add PRAGMA {} RTLNAME add_ln86_13_fu_1379_p2 SOURCE ../src/conv.cpp:86 VARIABLE add_ln86_13 LOOP CI_2 BUNDLEDNAME {} DSP 0 BRAM 0 URAM 0 STORAGESUBTYPE {} DISPNAME {bind_op add} VISIBLE true} {BINDTYPE op ID {} IMPL compactencoding_dontcare LATENCY 0 OPTYPE sparsemux PRAGMA {} RTLNAME sparsemux_17_3_7_1_1_U140 SOURCE ../src/conv.cpp:89 VARIABLE tmp_10_cast LOOP CI_2 BUNDLEDNAME {} DSP 0 BRAM 0 URAM 0 STORAGESUBTYPE {} DISPNAME {bind_op sparsemux} VISIBLE false} {BINDTYPE op ID {} IMPL auto LATENCY 0 OPTYPE mul PRAGMA {} RTLNAME mul_4s_7ns_11_1_1_U153 SOURCE ../src/conv.cpp:89 VARIABLE mul_ln89_6 LOOP CI_2 BUNDLEDNAME {} DSP 0 BRAM 0 URAM 0 STORAGESUBTYPE {} DISPNAME {bind_op mul} VISIBLE true} {BINDTYPE op ID {} IMPL compactencoding_dontcare LATENCY 0 OPTYPE sparsemux PRAGMA {} RTLNAME sparsemux_17_3_8_1_1_U154 SOURCE ../src/conv.cpp:89 VARIABLE tmp_s LOOP CI_2 BUNDLEDNAME {} DSP 0 BRAM 0 URAM 0 STORAGESUBTYPE {} DISPNAME {bind_op sparsemux} VISIBLE false} {BINDTYPE op ID {} IMPL fabric LATENCY 0 OPTYPE add PRAGMA {} RTLNAME add_ln89_8_fu_3289_p2 SOURCE ../src/conv.cpp:89 VARIABLE add_ln89_8 LOOP CI_2 BUNDLEDNAME {} DSP 0 BRAM 0 URAM 0 STORAGESUBTYPE {} DISPNAME {bind_op add} VISIBLE true} {BINDTYPE op ID {} IMPL fabric LATENCY 0 OPTYPE sub PRAGMA {} RTLNAME sub_ln89_5_fu_3294_p2 SOURCE ../src/conv.cpp:89 VARIABLE sub_ln89_5 LOOP CI_2 BUNDLEDNAME {} DSP 0 BRAM 0 URAM 0 STORAGESUBTYPE {} DISPNAME {bind_op sub} VISIBLE true} {BINDTYPE op ID {} IMPL auto LATENCY 0 OPTYPE seteq PRAGMA {} RTLNAME icmp_ln89_7_fu_3299_p2 SOURCE ../src/conv.cpp:89 VARIABLE icmp_ln89_7 LOOP CI_2 BUNDLEDNAME {} DSP 0 BRAM 0 URAM 0 STORAGESUBTYPE {} DISPNAME {bind_op seteq} VISIBLE false} {BINDTYPE op ID {} IMPL fabric LATENCY 0 OPTYPE add PRAGMA {} RTLNAME add_ln86_14_fu_1406_p2 SOURCE ../src/conv.cpp:86 VARIABLE add_ln86_14 LOOP CI_2 BUNDLEDNAME {} DSP 0 BRAM 0 URAM 0 STORAGESUBTYPE {} DISPNAME {bind_op add} VISIBLE true} {BINDTYPE op ID {} IMPL compactencoding_dontcare LATENCY 0 OPTYPE sparsemux PRAGMA {} RTLNAME sparsemux_17_3_7_1_1_U141 SOURCE ../src/conv.cpp:89 VARIABLE tmp_12_cast LOOP CI_2 BUNDLEDNAME {} DSP 0 BRAM 0 URAM 0 STORAGESUBTYPE {} DISPNAME {bind_op sparsemux} VISIBLE false} {BINDTYPE op ID {} IMPL auto LATENCY 0 OPTYPE mul PRAGMA {} RTLNAME mul_4s_7ns_11_1_1_U155 SOURCE ../src/conv.cpp:89 VARIABLE mul_ln89_7 LOOP CI_2 BUNDLEDNAME {} DSP 0 BRAM 0 URAM 0 STORAGESUBTYPE {} DISPNAME {bind_op mul} VISIBLE true} {BINDTYPE op ID {} IMPL compactencoding_dontcare LATENCY 0 OPTYPE sparsemux PRAGMA {} RTLNAME sparsemux_17_3_8_1_1_U156 SOURCE ../src/conv.cpp:89 VARIABLE tmp_2 LOOP CI_2 BUNDLEDNAME {} DSP 0 BRAM 0 URAM 0 STORAGESUBTYPE {} DISPNAME {bind_op sparsemux} VISIBLE false} {BINDTYPE op ID {} IMPL fabric LATENCY 0 OPTYPE add PRAGMA {} RTLNAME add_ln89_9_fu_3536_p2 SOURCE ../src/conv.cpp:89 VARIABLE add_ln89_9 LOOP CI_2 BUNDLEDNAME {} DSP 0 BRAM 0 URAM 0 STORAGESUBTYPE {} DISPNAME {bind_op add} VISIBLE true} {BINDTYPE op ID {} IMPL fabric LATENCY 0 OPTYPE sub PRAGMA {} RTLNAME sub_ln89_6_fu_3541_p2 SOURCE ../src/conv.cpp:89 VARIABLE sub_ln89_6 LOOP CI_2 BUNDLEDNAME {} DSP 0 BRAM 0 URAM 0 STORAGESUBTYPE {} DISPNAME {bind_op sub} VISIBLE true} {BINDTYPE op ID {} IMPL auto LATENCY 0 OPTYPE seteq PRAGMA {} RTLNAME icmp_ln89_8_fu_3546_p2 SOURCE ../src/conv.cpp:89 VARIABLE icmp_ln89_8 LOOP CI_2 BUNDLEDNAME {} DSP 0 BRAM 0 URAM 0 STORAGESUBTYPE {} DISPNAME {bind_op seteq} VISIBLE false} {BINDTYPE op ID {} IMPL fabric LATENCY 0 OPTYPE add PRAGMA {} RTLNAME add_ln86_15_fu_1433_p2 SOURCE ../src/conv.cpp:86 VARIABLE add_ln86_15 LOOP CI_2 BUNDLEDNAME {} DSP 0 BRAM 0 URAM 0 STORAGESUBTYPE {} DISPNAME {bind_op add} VISIBLE true} {BINDTYPE op ID {} IMPL compactencoding_dontcare LATENCY 0 OPTYPE sparsemux PRAGMA {} RTLNAME sparsemux_17_3_7_1_1_U142 SOURCE ../src/conv.cpp:89 VARIABLE tmp_14_cast LOOP CI_2 BUNDLEDNAME {} DSP 0 BRAM 0 URAM 0 STORAGESUBTYPE {} DISPNAME {bind_op sparsemux} VISIBLE false} {BINDTYPE op ID {} IMPL auto LATENCY 0 OPTYPE mul PRAGMA {} RTLNAME mul_4s_7ns_11_1_1_U157 SOURCE ../src/conv.cpp:89 VARIABLE mul_ln89_8 LOOP CI_2 BUNDLEDNAME {} DSP 0 BRAM 0 URAM 0 STORAGESUBTYPE {} DISPNAME {bind_op mul} VISIBLE true} {BINDTYPE op ID {} IMPL compactencoding_dontcare LATENCY 0 OPTYPE sparsemux PRAGMA {} RTLNAME sparsemux_17_3_8_1_1_U158 SOURCE ../src/conv.cpp:89 VARIABLE tmp_4 LOOP CI_2 BUNDLEDNAME {} DSP 0 BRAM 0 URAM 0 STORAGESUBTYPE {} DISPNAME {bind_op sparsemux} VISIBLE false} {BINDTYPE op ID {} IMPL fabric LATENCY 0 OPTYPE add PRAGMA {} RTLNAME add_ln89_10_fu_3800_p2 SOURCE ../src/conv.cpp:89 VARIABLE add_ln89_10 LOOP CI_2 BUNDLEDNAME {} DSP 0 BRAM 0 URAM 0 STORAGESUBTYPE {} DISPNAME {bind_op add} VISIBLE true} {BINDTYPE op ID {} IMPL fabric LATENCY 0 OPTYPE sub PRAGMA {} RTLNAME sub_ln89_7_fu_3805_p2 SOURCE ../src/conv.cpp:89 VARIABLE sub_ln89_7 LOOP CI_2 BUNDLEDNAME {} DSP 0 BRAM 0 URAM 0 STORAGESUBTYPE {} DISPNAME {bind_op sub} VISIBLE true} {BINDTYPE op ID {} IMPL auto LATENCY 0 OPTYPE seteq PRAGMA {} RTLNAME icmp_ln89_9_fu_3810_p2 SOURCE ../src/conv.cpp:89 VARIABLE icmp_ln89_9 LOOP CI_2 BUNDLEDNAME {} DSP 0 BRAM 0 URAM 0 STORAGESUBTYPE {} DISPNAME {bind_op seteq} VISIBLE false} {BINDTYPE storage ID {} IMPL auto LATENCY 1 OPTYPE rom_1p PRAGMA {} RTLNAME p_ZL12conv2_weight_6_U SOURCE {} VARIABLE p_ZL12conv2_weight_6 LOOP {} BUNDLEDNAME {} DSP 0 BRAM 0 URAM 0 STORAGESUBTYPE {} STORAGESIZE {4 128 1} STORAGEUSAGE rom_1p DISPNAME {bind_storage rom_1p} VISIBLE true} {BINDTYPE storage ID {} IMPL auto LATENCY 1 OPTYPE rom_1p PRAGMA {} RTLNAME p_ZL12conv2_weight_4_U SOURCE {} VARIABLE p_ZL12conv2_weight_4 LOOP {} BUNDLEDNAME {} DSP 0 BRAM 0 URAM 0 STORAGESUBTYPE {} STORAGESIZE {4 128 1} STORAGEUSAGE rom_1p DISPNAME {bind_storage rom_1p} VISIBLE true} {BINDTYPE storage ID {} IMPL auto LATENCY 1 OPTYPE rom_1p PRAGMA {} RTLNAME p_ZL12conv2_weight_3_U SOURCE {} VARIABLE p_ZL12conv2_weight_3 LOOP {} BUNDLEDNAME {} DSP 0 BRAM 0 URAM 0 STORAGESUBTYPE {} STORAGESIZE {4 128 1} STORAGEUSAGE rom_1p DISPNAME {bind_storage rom_1p} VISIBLE true} {BINDTYPE storage ID {} IMPL auto LATENCY 1 OPTYPE rom_1p PRAGMA {} RTLNAME p_ZL12conv2_weight_0_U SOURCE {} VARIABLE p_ZL12conv2_weight_0 LOOP {} BUNDLEDNAME {} DSP 0 BRAM 0 URAM 0 STORAGESUBTYPE {} STORAGESIZE {3 128 1} STORAGEUSAGE rom_1p DISPNAME {bind_storage rom_1p} VISIBLE true} {BINDTYPE storage ID {} IMPL auto LATENCY 1 OPTYPE rom_1p PRAGMA {} RTLNAME p_ZL12conv2_weight_1_U SOURCE {} VARIABLE p_ZL12conv2_weight_1 LOOP {} BUNDLEDNAME {} DSP 0 BRAM 0 URAM 0 STORAGESUBTYPE {} STORAGESIZE {4 128 1} STORAGEUSAGE rom_1p DISPNAME {bind_storage rom_1p} VISIBLE true} {BINDTYPE storage ID {} IMPL auto LATENCY 1 OPTYPE rom_1p PRAGMA {} RTLNAME p_ZL12conv2_weight_2_U SOURCE {} VARIABLE p_ZL12conv2_weight_2 LOOP {} BUNDLEDNAME {} DSP 0 BRAM 0 URAM 0 STORAGESUBTYPE {} STORAGESIZE {4 128 1} STORAGEUSAGE rom_1p DISPNAME {bind_storage rom_1p} VISIBLE true} {BINDTYPE storage ID {} IMPL auto LATENCY 1 OPTYPE rom_1p PRAGMA {} RTLNAME p_ZL12conv2_weight_5_U SOURCE {} VARIABLE p_ZL12conv2_weight_5 LOOP {} BUNDLEDNAME {} DSP 0 BRAM 0 URAM 0 STORAGESUBTYPE {} STORAGESIZE {4 128 1} STORAGEUSAGE rom_1p DISPNAME {bind_storage rom_1p} VISIBLE true} {BINDTYPE storage ID {} IMPL auto LATENCY 1 OPTYPE rom_1p PRAGMA {} RTLNAME p_ZL12conv2_weight_7_U SOURCE {} VARIABLE p_ZL12conv2_weight_7 LOOP {} BUNDLEDNAME {} DSP 0 BRAM 0 URAM 0 STORAGESUBTYPE {} STORAGESIZE {4 128 1} STORAGEUSAGE rom_1p DISPNAME {bind_storage rom_1p} VISIBLE true} {BINDTYPE storage ID {} IMPL auto LATENCY 1 OPTYPE rom_1p PRAGMA {} RTLNAME p_ZL12conv2_weight_8_U SOURCE {} VARIABLE p_ZL12conv2_weight_8 LOOP {} BUNDLEDNAME {} DSP 0 BRAM 0 URAM 0 STORAGESUBTYPE {} STORAGESIZE {4 128 1} STORAGEUSAGE rom_1p DISPNAME {bind_storage rom_1p} VISIBLE true}} AREA {DSP 1 BRAM 0 URAM 0}} conv2 {BINDINFO {{BINDTYPE op ID {} IMPL fabric LATENCY 0 OPTYPE add PRAGMA {} RTLNAME add_ln68_1_fu_337_p2 SOURCE ../src/conv.cpp:68 VARIABLE add_ln68_1 LOOP CO_2 BUNDLEDNAME {} DSP 0 BRAM 0 URAM 0 STORAGESUBTYPE {} DISPNAME {bind_op add} VISIBLE true} {BINDTYPE op ID {} IMPL auto LATENCY 0 OPTYPE seteq PRAGMA {} RTLNAME icmp_ln68_fu_343_p2 SOURCE ../src/conv.cpp:68 VARIABLE icmp_ln68 LOOP CO_2 BUNDLEDNAME {} DSP 0 BRAM 0 URAM 0 STORAGESUBTYPE {} DISPNAME {bind_op seteq} VISIBLE false} {BINDTYPE op ID {} IMPL fabric LATENCY 0 OPTYPE add PRAGMA {} RTLNAME add_ln68_fu_349_p2 SOURCE ../src/conv.cpp:68 VARIABLE add_ln68 LOOP CO_2 BUNDLEDNAME {} DSP 0 BRAM 0 URAM 0 STORAGESUBTYPE {} DISPNAME {bind_op add} VISIBLE true} {BINDTYPE op ID {} IMPL compactencoding_dontcare LATENCY 0 OPTYPE sparsemux PRAGMA {} RTLNAME sparsemux_33_4_3_1_1_U210 SOURCE ../src/conv.cpp:96 VARIABLE sum LOOP CO_2 BUNDLEDNAME {} DSP 0 BRAM 0 URAM 0 STORAGESUBTYPE {} DISPNAME {bind_op sparsemux} VISIBLE false} {BINDTYPE op ID {} IMPL auto LATENCY 0 OPTYPE seteq PRAGMA {} RTLNAME icmp_ln69_fu_443_p2 SOURCE ../src/conv.cpp:69 VARIABLE icmp_ln69 LOOP VITIS_LOOP_69_1 BUNDLEDNAME {} DSP 0 BRAM 0 URAM 0 STORAGESUBTYPE {} DISPNAME {bind_op seteq} VISIBLE false} {BINDTYPE op ID {} IMPL fabric LATENCY 0 OPTYPE add PRAGMA {} RTLNAME add_ln82_fu_449_p2 SOURCE ../src/conv.cpp:82 VARIABLE add_ln82 LOOP VITIS_LOOP_69_1 BUNDLEDNAME {} DSP 0 BRAM 0 URAM 0 STORAGESUBTYPE {} DISPNAME {bind_op add} VISIBLE true} {BINDTYPE op ID {} IMPL fabric LATENCY 0 OPTYPE sub PRAGMA {} RTLNAME sub_ln104_fu_471_p2 SOURCE ../src/conv.cpp:104 VARIABLE sub_ln104 LOOP VITIS_LOOP_69_1 BUNDLEDNAME {} DSP 0 BRAM 0 URAM 0 STORAGESUBTYPE {} DISPNAME {bind_op sub} VISIBLE true} {BINDTYPE op ID {} IMPL fabric LATENCY 0 OPTYPE sub PRAGMA {} RTLNAME sub_ln104_1_fu_497_p2 SOURCE ../src/conv.cpp:104 VARIABLE sub_ln104_1 LOOP VITIS_LOOP_69_1 BUNDLEDNAME {} DSP 0 BRAM 0 URAM 0 STORAGESUBTYPE {} DISPNAME {bind_op sub} VISIBLE true} {BINDTYPE op ID {} IMPL fabric LATENCY 0 OPTYPE add PRAGMA {} RTLNAME add_ln85_fu_507_p2 SOURCE ../src/conv.cpp:85 VARIABLE add_ln85 LOOP VITIS_LOOP_69_1 BUNDLEDNAME {} DSP 0 BRAM 0 URAM 0 STORAGESUBTYPE {} DISPNAME {bind_op add} VISIBLE true} {BINDTYPE op ID {} IMPL auto LATENCY 0 OPTYPE setlt PRAGMA {} RTLNAME icmp_ln85_fu_513_p2 SOURCE ../src/conv.cpp:85 VARIABLE icmp_ln85 LOOP VITIS_LOOP_69_1 BUNDLEDNAME {} DSP 0 BRAM 0 URAM 0 STORAGESUBTYPE {} DISPNAME {bind_op setlt} VISIBLE false} {BINDTYPE op ID {} IMPL auto LATENCY 0 OPTYPE setlt PRAGMA {} RTLNAME icmp_ln85_1_fu_519_p2 SOURCE ../src/conv.cpp:85 VARIABLE icmp_ln85_1 LOOP VITIS_LOOP_69_1 BUNDLEDNAME {} DSP 0 BRAM 0 URAM 0 STORAGESUBTYPE {} DISPNAME {bind_op setlt} VISIBLE false} {BINDTYPE op ID {} IMPL fabric LATENCY 0 OPTYPE sub PRAGMA {} RTLNAME sub_ln105_fu_533_p2 SOURCE ../src/conv.cpp:105 VARIABLE sub_ln105 LOOP VITIS_LOOP_69_1 BUNDLEDNAME {} DSP 0 BRAM 0 URAM 0 STORAGESUBTYPE {} DISPNAME {bind_op sub} VISIBLE true} {BINDTYPE op ID {} IMPL auto LATENCY 0 OPTYPE seteq PRAGMA {} RTLNAME icmp_ln70_fu_551_p2 SOURCE ../src/conv.cpp:70 VARIABLE icmp_ln70 LOOP VITIS_LOOP_70_2 BUNDLEDNAME {} DSP 0 BRAM 0 URAM 0 STORAGESUBTYPE {} DISPNAME {bind_op seteq} VISIBLE false} {BINDTYPE op ID {} IMPL fabric LATENCY 0 OPTYPE add PRAGMA {} RTLNAME add_ln83_1_fu_557_p2 SOURCE ../src/conv.cpp:83 VARIABLE add_ln83_1 LOOP VITIS_LOOP_70_2 BUNDLEDNAME {} DSP 0 BRAM 0 URAM 0 STORAGESUBTYPE {} DISPNAME {bind_op add} VISIBLE true} {BINDTYPE op ID {} IMPL fabric LATENCY 0 OPTYPE add PRAGMA {} RTLNAME add_ln83_fu_648_p2 SOURCE ../src/conv.cpp:83 VARIABLE add_ln83 LOOP VITIS_LOOP_70_2 BUNDLEDNAME {} DSP 0 BRAM 0 URAM 0 STORAGESUBTYPE {} DISPNAME {bind_op add} VISIBLE true} {BINDTYPE op ID {} IMPL auto LATENCY 0 OPTYPE setlt PRAGMA {} RTLNAME icmp_ln85_2_fu_656_p2 SOURCE ../src/conv.cpp:85 VARIABLE icmp_ln85_2 LOOP VITIS_LOOP_70_2 BUNDLEDNAME {} DSP 0 BRAM 0 URAM 0 STORAGESUBTYPE {} DISPNAME {bind_op setlt} VISIBLE false} {BINDTYPE op ID {} IMPL auto LATENCY 0 OPTYPE and PRAGMA {} RTLNAME and_ln85_fu_662_p2 SOURCE ../src/conv.cpp:85 VARIABLE and_ln85 LOOP VITIS_LOOP_70_2 BUNDLEDNAME {} DSP 0 BRAM 0 URAM 0 STORAGESUBTYPE {} DISPNAME {bind_op and} VISIBLE false} {BINDTYPE op ID {} IMPL auto LATENCY 0 OPTYPE setlt PRAGMA {} RTLNAME icmp_ln85_3_fu_668_p2 SOURCE ../src/conv.cpp:85 VARIABLE icmp_ln85_3 LOOP VITIS_LOOP_70_2 BUNDLEDNAME {} DSP 0 BRAM 0 URAM 0 STORAGESUBTYPE {} DISPNAME {bind_op setlt} VISIBLE false} {BINDTYPE op ID {} IMPL auto LATENCY 0 OPTYPE and PRAGMA {} RTLNAME and_ln85_1_fu_673_p2 SOURCE ../src/conv.cpp:85 VARIABLE and_ln85_1 LOOP VITIS_LOOP_70_2 BUNDLEDNAME {} DSP 0 BRAM 0 URAM 0 STORAGESUBTYPE {} DISPNAME {bind_op and} VISIBLE false} {BINDTYPE op ID {} IMPL auto LATENCY 0 OPTYPE and PRAGMA {} RTLNAME and_ln85_2_fu_679_p2 SOURCE ../src/conv.cpp:85 VARIABLE and_ln85_2 LOOP VITIS_LOOP_70_2 BUNDLEDNAME {} DSP 0 BRAM 0 URAM 0 STORAGESUBTYPE {} DISPNAME {bind_op and} VISIBLE false} {BINDTYPE op ID {} IMPL auto LATENCY 0 OPTYPE and PRAGMA {} RTLNAME and_ln85_3_fu_685_p2 SOURCE ../src/conv.cpp:85 VARIABLE and_ln85_3 LOOP VITIS_LOOP_70_2 BUNDLEDNAME {} DSP 0 BRAM 0 URAM 0 STORAGESUBTYPE {} DISPNAME {bind_op and} VISIBLE false} {BINDTYPE op ID {} IMPL fabric LATENCY 0 OPTYPE add PRAGMA yes RTLNAME sum_10_fu_695_p2 SOURCE ../src/conv.cpp:101 VARIABLE sum_10 LOOP VITIS_LOOP_70_2 BUNDLEDNAME {} DSP 0 BRAM 0 URAM 0 STORAGESUBTYPE {} DISPNAME {bind_op add} VISIBLE true} {BINDTYPE op ID {} IMPL fabric LATENCY 0 OPTYPE add PRAGMA yes RTLNAME sum_11_fu_704_p2 SOURCE ../src/conv.cpp:101 VARIABLE sum_11 LOOP VITIS_LOOP_70_2 BUNDLEDNAME {} DSP 0 BRAM 0 URAM 0 STORAGESUBTYPE {} DISPNAME {bind_op add} VISIBLE true} {BINDTYPE op ID {} IMPL fabric LATENCY 0 OPTYPE add PRAGMA yes RTLNAME sum_12_fu_714_p2 SOURCE ../src/conv.cpp:101 VARIABLE sum_12 LOOP VITIS_LOOP_70_2 BUNDLEDNAME {} DSP 0 BRAM 0 URAM 0 STORAGESUBTYPE {} DISPNAME {bind_op add} VISIBLE true} {BINDTYPE op ID {} IMPL fabric LATENCY 0 OPTYPE add PRAGMA yes RTLNAME sum_13_fu_724_p2 SOURCE ../src/conv.cpp:101 VARIABLE sum_13 LOOP VITIS_LOOP_70_2 BUNDLEDNAME {} DSP 0 BRAM 0 URAM 0 STORAGESUBTYPE {} DISPNAME {bind_op add} VISIBLE true} {BINDTYPE op ID {} IMPL fabric LATENCY 0 OPTYPE add PRAGMA yes RTLNAME sum_14_fu_733_p2 SOURCE ../src/conv.cpp:101 VARIABLE sum_14 LOOP VITIS_LOOP_70_2 BUNDLEDNAME {} DSP 0 BRAM 0 URAM 0 STORAGESUBTYPE {} DISPNAME {bind_op add} VISIBLE true} {BINDTYPE op ID {} IMPL fabric LATENCY 0 OPTYPE add PRAGMA yes RTLNAME sum_15_fu_743_p2 SOURCE ../src/conv.cpp:101 VARIABLE sum_15 LOOP VITIS_LOOP_70_2 BUNDLEDNAME {} DSP 0 BRAM 0 URAM 0 STORAGESUBTYPE {} DISPNAME {bind_op add} VISIBLE true} {BINDTYPE op ID {} IMPL fabric LATENCY 0 OPTYPE add PRAGMA yes RTLNAME sum_16_fu_753_p2 SOURCE ../src/conv.cpp:101 VARIABLE sum_16 LOOP VITIS_LOOP_70_2 BUNDLEDNAME {} DSP 0 BRAM 0 URAM 0 STORAGESUBTYPE {} DISPNAME {bind_op add} VISIBLE true} {BINDTYPE op ID {} IMPL fabric LATENCY 0 OPTYPE add PRAGMA yes RTLNAME add_ln101_fu_763_p2 SOURCE ../src/conv.cpp:101 VARIABLE add_ln101 LOOP VITIS_LOOP_70_2 BUNDLEDNAME {} DSP 0 BRAM 0 URAM 0 STORAGESUBTYPE {} DISPNAME {bind_op add} VISIBLE true} {BINDTYPE op ID {} IMPL auto LATENCY 0 OPTYPE setgt PRAGMA {} RTLNAME icmp_ln105_fu_777_p2 SOURCE ../src/conv.cpp:105 VARIABLE icmp_ln105 LOOP VITIS_LOOP_70_2 BUNDLEDNAME {} DSP 0 BRAM 0 URAM 0 STORAGESUBTYPE {} DISPNAME {bind_op setgt} VISIBLE false} {BINDTYPE op ID {} IMPL auto_sel LATENCY 0 OPTYPE select PRAGMA {} RTLNAME select_ln105_fu_783_p3 SOURCE ../src/conv.cpp:105 VARIABLE select_ln105 LOOP VITIS_LOOP_70_2 BUNDLEDNAME {} DSP 0 BRAM 0 URAM 0 STORAGESUBTYPE {} DISPNAME {bind_op select} VISIBLE false}} AREA {DSP 1 BRAM 0 URAM 0}} pool_1 {BINDINFO {{BINDTYPE op ID {} IMPL auto LATENCY 0 OPTYPE seteq PRAGMA {} RTLNAME icmp_ln16_fu_309_p2 SOURCE ../src/pool.cpp:16 VARIABLE icmp_ln16 LOOP CO_LOOP_H_LOOP_W_LOOP BUNDLEDNAME {} DSP 0 BRAM 0 URAM 0 STORAGESUBTYPE {} DISPNAME {bind_op seteq} VISIBLE false} {BINDTYPE op ID {} IMPL fabric LATENCY 0 OPTYPE add PRAGMA {} RTLNAME add_ln16_fu_315_p2 SOURCE ../src/pool.cpp:16 VARIABLE add_ln16 LOOP CO_LOOP_H_LOOP_W_LOOP BUNDLEDNAME {} DSP 0 BRAM 0 URAM 0 STORAGESUBTYPE {} DISPNAME {bind_op add} VISIBLE true} {BINDTYPE op ID {} IMPL auto LATENCY 0 OPTYPE seteq PRAGMA {} RTLNAME icmp_ln17_fu_324_p2 SOURCE ../src/pool.cpp:17 VARIABLE icmp_ln17 LOOP CO_LOOP_H_LOOP_W_LOOP BUNDLEDNAME {} DSP 0 BRAM 0 URAM 0 STORAGESUBTYPE {} DISPNAME {bind_op seteq} VISIBLE false} {BINDTYPE op ID {} IMPL auto_sel LATENCY 0 OPTYPE select PRAGMA {} RTLNAME select_ln16_fu_387_p3 SOURCE ../src/pool.cpp:16 VARIABLE select_ln16 LOOP CO_LOOP_H_LOOP_W_LOOP BUNDLEDNAME {} DSP 0 BRAM 0 URAM 0 STORAGESUBTYPE {} DISPNAME {bind_op select} VISIBLE false} {BINDTYPE op ID {} IMPL auto LATENCY 0 OPTYPE xor PRAGMA {} RTLNAME xor_ln16_fu_394_p2 SOURCE ../src/pool.cpp:16 VARIABLE xor_ln16 LOOP CO_LOOP_H_LOOP_W_LOOP BUNDLEDNAME {} DSP 0 BRAM 0 URAM 0 STORAGESUBTYPE {} DISPNAME {bind_op xor} VISIBLE false} {BINDTYPE op ID {} IMPL auto LATENCY 0 OPTYPE seteq PRAGMA {} RTLNAME icmp_ln18_fu_399_p2 SOURCE ../src/pool.cpp:18 VARIABLE icmp_ln18 LOOP CO_LOOP_H_LOOP_W_LOOP BUNDLEDNAME {} DSP 0 BRAM 0 URAM 0 STORAGESUBTYPE {} DISPNAME {bind_op seteq} VISIBLE false} {BINDTYPE op ID {} IMPL auto LATENCY 0 OPTYPE and PRAGMA {} RTLNAME and_ln16_fu_405_p2 SOURCE ../src/pool.cpp:16 VARIABLE and_ln16 LOOP CO_LOOP_H_LOOP_W_LOOP BUNDLEDNAME {} DSP 0 BRAM 0 URAM 0 STORAGESUBTYPE {} DISPNAME {bind_op and} VISIBLE false} {BINDTYPE op ID {} IMPL fabric LATENCY 0 OPTYPE add PRAGMA {} RTLNAME add_ln16_1_fu_330_p2 SOURCE ../src/pool.cpp:16 VARIABLE add_ln16_1 LOOP CO_LOOP_H_LOOP_W_LOOP BUNDLEDNAME {} DSP 0 BRAM 0 URAM 0 STORAGESUBTYPE {} DISPNAME {bind_op add} VISIBLE true} {BINDTYPE op ID {} IMPL auto_sel LATENCY 0 OPTYPE select PRAGMA {} RTLNAME select_ln16_1_fu_336_p3 SOURCE ../src/pool.cpp:16 VARIABLE select_ln16_1 LOOP CO_LOOP_H_LOOP_W_LOOP BUNDLEDNAME {} DSP 0 BRAM 0 URAM 0 STORAGESUBTYPE {} DISPNAME {bind_op select} VISIBLE false} {BINDTYPE op ID {} IMPL fabric LATENCY 0 OPTYPE add PRAGMA {} RTLNAME add_ln17_fu_411_p2 SOURCE ../src/pool.cpp:17 VARIABLE add_ln17 LOOP CO_LOOP_H_LOOP_W_LOOP BUNDLEDNAME {} DSP 0 BRAM 0 URAM 0 STORAGESUBTYPE {} DISPNAME {bind_op add} VISIBLE true} {BINDTYPE op ID {} IMPL auto LATENCY 0 OPTYPE or PRAGMA {} RTLNAME empty_fu_417_p2 SOURCE ../src/pool.cpp:16 VARIABLE empty LOOP CO_LOOP_H_LOOP_W_LOOP BUNDLEDNAME {} DSP 0 BRAM 0 URAM 0 STORAGESUBTYPE {} DISPNAME {bind_op or} VISIBLE false} {BINDTYPE op ID {} IMPL auto_sel LATENCY 0 OPTYPE select PRAGMA {} RTLNAME w_mid2_fu_422_p3 SOURCE ../src/pool.cpp:16 VARIABLE w_mid2 LOOP CO_LOOP_H_LOOP_W_LOOP BUNDLEDNAME {} DSP 0 BRAM 0 URAM 0 STORAGESUBTYPE {} DISPNAME {bind_op select} VISIBLE false} {BINDTYPE op ID {} IMPL auto_sel LATENCY 0 OPTYPE select PRAGMA {} RTLNAME select_ln17_fu_430_p3 SOURCE ../src/pool.cpp:17 VARIABLE select_ln17 LOOP CO_LOOP_H_LOOP_W_LOOP BUNDLEDNAME {} DSP 0 BRAM 0 URAM 0 STORAGESUBTYPE {} DISPNAME {bind_op select} VISIBLE false} {BINDTYPE op ID {} IMPL dsp_slice LATENCY 3 OPTYPE mul PRAGMA {} RTLNAME mac_muladd_7ns_5ns_3ns_11_4_1_U222 SOURCE ../src/pool.cpp:17 VARIABLE mul_ln17 LOOP CO_LOOP_H_LOOP_W_LOOP BUNDLEDNAME {} DSP 1 BRAM 0 URAM 0 STORAGESUBTYPE {} DISPNAME {bind_op mul} VISIBLE true} {BINDTYPE op ID {} IMPL fabric LATENCY 0 OPTYPE sub PRAGMA {} RTLNAME sub_ln29_1_fu_569_p2 SOURCE ../src/pool.cpp:29 VARIABLE sub_ln29_1 LOOP CO_LOOP_H_LOOP_W_LOOP BUNDLEDNAME {} DSP 0 BRAM 0 URAM 0 STORAGESUBTYPE {} DISPNAME {bind_op sub} VISIBLE true} {BINDTYPE op ID {} IMPL fabric LATENCY 0 OPTYPE sub PRAGMA {} RTLNAME sub_ln29_2_fu_586_p2 SOURCE ../src/pool.cpp:29 VARIABLE sub_ln29_2 LOOP CO_LOOP_H_LOOP_W_LOOP BUNDLEDNAME {} DSP 0 BRAM 0 URAM 0 STORAGESUBTYPE {} DISPNAME {bind_op sub} VISIBLE true} {BINDTYPE op ID {} IMPL dsp_slice LATENCY 3 OPTYPE add PRAGMA {} RTLNAME mac_muladd_7ns_5ns_3ns_11_4_1_U222 SOURCE ../src/pool.cpp:29 VARIABLE add_ln29 LOOP CO_LOOP_H_LOOP_W_LOOP BUNDLEDNAME {} DSP 1 BRAM 0 URAM 0 STORAGESUBTYPE {} DISPNAME {bind_op add} VISIBLE true} {BINDTYPE op ID {} IMPL fabric LATENCY 0 OPTYPE add PRAGMA {} RTLNAME add_ln29_1_fu_596_p2 SOURCE ../src/pool.cpp:29 VARIABLE add_ln29_1 LOOP CO_LOOP_H_LOOP_W_LOOP BUNDLEDNAME {} DSP 0 BRAM 0 URAM 0 STORAGESUBTYPE {} DISPNAME {bind_op add} VISIBLE true} {BINDTYPE op ID {} IMPL auto LATENCY 0 OPTYPE setgt PRAGMA {} RTLNAME icmp_ln30_fu_617_p2 SOURCE ../src/pool.cpp:30 VARIABLE icmp_ln30 LOOP CO_LOOP_H_LOOP_W_LOOP BUNDLEDNAME {} DSP 0 BRAM 0 URAM 0 STORAGESUBTYPE {} DISPNAME {bind_op setgt} VISIBLE false} {BINDTYPE op ID {} IMPL auto_sel LATENCY 0 OPTYPE select PRAGMA {} RTLNAME max_val_1_fu_623_p3 SOURCE ../src/pool.cpp:30 VARIABLE max_val_1 LOOP CO_LOOP_H_LOOP_W_LOOP BUNDLEDNAME {} DSP 0 BRAM 0 URAM 0 STORAGESUBTYPE {} DISPNAME {bind_op select} VISIBLE false} {BINDTYPE op ID {} IMPL fabric LATENCY 0 OPTYPE add PRAGMA {} RTLNAME add_ln29_2_fu_607_p2 SOURCE ../src/pool.cpp:29 VARIABLE add_ln29_2 LOOP CO_LOOP_H_LOOP_W_LOOP BUNDLEDNAME {} DSP 0 BRAM 0 URAM 0 STORAGESUBTYPE {} DISPNAME {bind_op add} VISIBLE true} {BINDTYPE op ID {} IMPL auto LATENCY 0 OPTYPE setgt PRAGMA {} RTLNAME icmp_ln30_1_fu_631_p2 SOURCE ../src/pool.cpp:30 VARIABLE icmp_ln30_1 LOOP CO_LOOP_H_LOOP_W_LOOP BUNDLEDNAME {} DSP 0 BRAM 0 URAM 0 STORAGESUBTYPE {} DISPNAME {bind_op setgt} VISIBLE false} {BINDTYPE op ID {} IMPL auto_sel LATENCY 0 OPTYPE select PRAGMA {} RTLNAME max_val_3_fu_635_p3 SOURCE ../src/pool.cpp:30 VARIABLE max_val_3 LOOP CO_LOOP_H_LOOP_W_LOOP BUNDLEDNAME {} DSP 0 BRAM 0 URAM 0 STORAGESUBTYPE {} DISPNAME {bind_op select} VISIBLE false} {BINDTYPE op ID {} IMPL auto LATENCY 0 OPTYPE setgt PRAGMA {} RTLNAME icmp_ln30_2_fu_641_p2 SOURCE ../src/pool.cpp:30 VARIABLE icmp_ln30_2 LOOP CO_LOOP_H_LOOP_W_LOOP BUNDLEDNAME {} DSP 0 BRAM 0 URAM 0 STORAGESUBTYPE {} DISPNAME {bind_op setgt} VISIBLE false} {BINDTYPE op ID {} IMPL auto_sel LATENCY 0 OPTYPE select PRAGMA {} RTLNAME max_val_4_fu_647_p3 SOURCE ../src/pool.cpp:30 VARIABLE max_val_4 LOOP CO_LOOP_H_LOOP_W_LOOP BUNDLEDNAME {} DSP 0 BRAM 0 URAM 0 STORAGESUBTYPE {} DISPNAME {bind_op select} VISIBLE false} {BINDTYPE op ID {} IMPL fabric LATENCY 0 OPTYPE add PRAGMA {} RTLNAME add_ln18_fu_464_p2 SOURCE ../src/pool.cpp:18 VARIABLE add_ln18 LOOP CO_LOOP_H_LOOP_W_LOOP BUNDLEDNAME {} DSP 0 BRAM 0 URAM 0 STORAGESUBTYPE {} DISPNAME {bind_op add} VISIBLE true} {BINDTYPE op ID {} IMPL fabric LATENCY 0 OPTYPE add PRAGMA {} RTLNAME add_ln17_1_fu_352_p2 SOURCE ../src/pool.cpp:17 VARIABLE add_ln17_1 LOOP CO_LOOP_H_LOOP_W_LOOP BUNDLEDNAME {} DSP 0 BRAM 0 URAM 0 STORAGESUBTYPE {} DISPNAME {bind_op add} VISIBLE true} {BINDTYPE op ID {} IMPL auto_sel LATENCY 0 OPTYPE select PRAGMA {} RTLNAME select_ln17_1_fu_358_p3 SOURCE ../src/pool.cpp:17 VARIABLE select_ln17_1 LOOP CO_LOOP_H_LOOP_W_LOOP BUNDLEDNAME {} DSP 0 BRAM 0 URAM 0 STORAGESUBTYPE {} DISPNAME {bind_op select} VISIBLE false}} AREA {DSP 1 BRAM 0 URAM 0}} top_Pipeline_DENSE_OUTER_DENSE_INNER {BINDINFO {{BINDTYPE op ID {} IMPL auto_sel LATENCY 0 OPTYPE select PRAGMA {} RTLNAME select_ln13_fu_358_p3 SOURCE ../src/dense.cpp:13 VARIABLE select_ln13 LOOP DENSE_OUTER_DENSE_INNER BUNDLEDNAME {} DSP 0 BRAM 0 URAM 0 STORAGESUBTYPE {} DISPNAME {bind_op select} VISIBLE false} {BINDTYPE op ID {} IMPL auto_sel LATENCY 0 OPTYPE select PRAGMA {} RTLNAME c_3_fu_366_p3 SOURCE ../src/dense.cpp:13 VARIABLE c_3 LOOP DENSE_OUTER_DENSE_INNER BUNDLEDNAME {} DSP 0 BRAM 0 URAM 0 STORAGESUBTYPE {} DISPNAME {bind_op select} VISIBLE false} {BINDTYPE op ID {} IMPL auto LATENCY 0 OPTYPE seteq PRAGMA {} RTLNAME first_iter_0_fu_374_p2 SOURCE ../src/dense.cpp:13 VARIABLE first_iter_0 LOOP DENSE_OUTER_DENSE_INNER BUNDLEDNAME {} DSP 0 BRAM 0 URAM 0 STORAGESUBTYPE {} DISPNAME {bind_op seteq} VISIBLE false} {BINDTYPE op ID {} IMPL compactencoding_dontcare LATENCY 0 OPTYPE sparsemux PRAGMA {} RTLNAME sparsemux_21_4_2_1_1_U234 SOURCE ../src/dense.cpp:14 VARIABLE sum LOOP DENSE_OUTER_DENSE_INNER BUNDLEDNAME {} DSP 0 BRAM 0 URAM 0 STORAGESUBTYPE {} DISPNAME {bind_op sparsemux} VISIBLE false} {BINDTYPE op ID {} IMPL fabric LATENCY 0 OPTYPE add PRAGMA {} RTLNAME add_ln13_1_fu_428_p2 SOURCE ../src/dense.cpp:13 VARIABLE add_ln13_1 LOOP DENSE_OUTER_DENSE_INNER BUNDLEDNAME {} DSP 0 BRAM 0 URAM 0 STORAGESUBTYPE {} DISPNAME {bind_op add} VISIBLE true} {BINDTYPE op ID {} IMPL dsp_slice LATENCY 3 OPTYPE mul PRAGMA {} RTLNAME mac_muladd_10ns_4ns_10ns_13_4_1_U237 SOURCE ../src/dense.cpp:18 VARIABLE mul_ln18 LOOP DENSE_OUTER_DENSE_INNER BUNDLEDNAME {} DSP 1 BRAM 0 URAM 0 STORAGESUBTYPE {} DISPNAME {bind_op mul} VISIBLE true} {BINDTYPE op ID {} IMPL dsp_slice LATENCY 3 OPTYPE add PRAGMA {} RTLNAME mac_muladd_10ns_4ns_10ns_13_4_1_U237 SOURCE ../src/dense.cpp:21 VARIABLE add_ln21 LOOP DENSE_OUTER_DENSE_INNER BUNDLEDNAME {} DSP 1 BRAM 0 URAM 0 STORAGESUBTYPE {} DISPNAME {bind_op add} VISIBLE true} {BINDTYPE op ID {} IMPL compactencoding_dontcare LATENCY 0 OPTYPE sparsemux PRAGMA {} RTLNAME sparsemux_17_3_7_1_1_U235 SOURCE ../src/dense.cpp:25 VARIABLE tmp_cast LOOP DENSE_OUTER_DENSE_INNER BUNDLEDNAME {} DSP 0 BRAM 0 URAM 0 STORAGESUBTYPE {} DISPNAME {bind_op sparsemux} VISIBLE false} {BINDTYPE op ID {} IMPL fabric LATENCY 0 OPTYPE mul PRAGMA yes RTLNAME mul_7ns_4s_11_1_1_U236 SOURCE ../src/dense.cpp:25 VARIABLE mul_ln25 LOOP DENSE_OUTER_DENSE_INNER BUNDLEDNAME {} DSP 0 BRAM 0 URAM 0 STORAGESUBTYPE {} DISPNAME {bind_op mul} VISIBLE true} {BINDTYPE op ID {} IMPL fabric LATENCY 0 OPTYPE add PRAGMA yes RTLNAME add_ln25_fu_585_p2 SOURCE ../src/dense.cpp:25 VARIABLE add_ln25 LOOP DENSE_OUTER_DENSE_INNER BUNDLEDNAME {} DSP 0 BRAM 0 URAM 0 STORAGESUBTYPE {} DISPNAME {bind_op add} VISIBLE true} {BINDTYPE op ID {} IMPL fabric LATENCY 0 OPTYPE add PRAGMA {} RTLNAME i_3_fu_438_p2 SOURCE ../src/dense.cpp:18 VARIABLE i_3 LOOP DENSE_OUTER_DENSE_INNER BUNDLEDNAME {} DSP 0 BRAM 0 URAM 0 STORAGESUBTYPE {} DISPNAME {bind_op add} VISIBLE true} {BINDTYPE op ID {} IMPL auto LATENCY 0 OPTYPE seteq PRAGMA {} RTLNAME icmp_ln18_fu_444_p2 SOURCE ../src/dense.cpp:18 VARIABLE icmp_ln18 LOOP DENSE_OUTER_DENSE_INNER BUNDLEDNAME {} DSP 0 BRAM 0 URAM 0 STORAGESUBTYPE {} DISPNAME {bind_op seteq} VISIBLE false} {BINDTYPE op ID {} IMPL fabric LATENCY 0 OPTYPE add PRAGMA {} RTLNAME add_ln13_fu_450_p2 SOURCE ../src/dense.cpp:13 VARIABLE add_ln13 LOOP DENSE_OUTER_DENSE_INNER BUNDLEDNAME {} DSP 0 BRAM 0 URAM 0 STORAGESUBTYPE {} DISPNAME {bind_op add} VISIBLE true} {BINDTYPE op ID {} IMPL auto LATENCY 0 OPTYPE seteq PRAGMA {} RTLNAME icmp_ln13_fu_456_p2 SOURCE ../src/dense.cpp:13 VARIABLE icmp_ln13 LOOP DENSE_OUTER_DENSE_INNER BUNDLEDNAME {} DSP 0 BRAM 0 URAM 0 STORAGESUBTYPE {} DISPNAME {bind_op seteq} VISIBLE false} {BINDTYPE storage ID {} IMPL auto LATENCY 1 OPTYPE rom_1p PRAGMA {} RTLNAME fc1_weight_U SOURCE {} VARIABLE fc1_weight LOOP {} BUNDLEDNAME {} DSP 0 BRAM 2 URAM 0 STORAGESUBTYPE {} STORAGESIZE {4 7840 1} STORAGEUSAGE rom_1p DISPNAME {bind_storage rom_1p} VISIBLE true}} AREA {DSP 1 BRAM 2 URAM 0}} top {BINDINFO {{BINDTYPE storage ID {} IMPL bram LATENCY 1 OPTYPE ram_2p PRAGMA yes RTLNAME outputConv_U SOURCE ../src/eight.cpp:17 VARIABLE outputConv LOOP {} BUNDLEDNAME {} DSP 0 BRAM 1 URAM 0 STORAGESUBTYPE {} STORAGESIZE {7 1255 1} STORAGEUSAGE {ram_2p array} DISPNAME {bind_storage ram_2p} VISIBLE true} {BINDTYPE storage ID {} IMPL bram LATENCY 1 OPTYPE ram_2p PRAGMA yes RTLNAME outputConv_1_U SOURCE ../src/eight.cpp:17 VARIABLE outputConv_1 LOOP {} BUNDLEDNAME {} DSP 0 BRAM 1 URAM 0 STORAGESUBTYPE {} STORAGESIZE {7 1255 1} STORAGEUSAGE {ram_2p array} DISPNAME {bind_storage ram_2p} VISIBLE true} {BINDTYPE storage ID {} IMPL bram LATENCY 1 OPTYPE ram_2p PRAGMA yes RTLNAME outputConv_2_U SOURCE ../src/eight.cpp:17 VARIABLE outputConv_2 LOOP {} BUNDLEDNAME {} DSP 0 BRAM 1 URAM 0 STORAGESUBTYPE {} STORAGESIZE {7 1255 1} STORAGEUSAGE {ram_2p array} DISPNAME {bind_storage ram_2p} VISIBLE true} {BINDTYPE storage ID {} IMPL bram LATENCY 1 OPTYPE ram_2p PRAGMA yes RTLNAME outputConv_3_U SOURCE ../src/eight.cpp:17 VARIABLE outputConv_3 LOOP {} BUNDLEDNAME {} DSP 0 BRAM 1 URAM 0 STORAGESUBTYPE {} STORAGESIZE {7 1255 1} STORAGEUSAGE {ram_2p array} DISPNAME {bind_storage ram_2p} VISIBLE true} {BINDTYPE storage ID {} IMPL bram LATENCY 1 OPTYPE ram_2p PRAGMA yes RTLNAME outputConv_4_U SOURCE ../src/eight.cpp:17 VARIABLE outputConv_4 LOOP {} BUNDLEDNAME {} DSP 0 BRAM 1 URAM 0 STORAGESUBTYPE {} STORAGESIZE {7 1255 1} STORAGEUSAGE {ram_2p array} DISPNAME {bind_storage ram_2p} VISIBLE true} {BINDTYPE storage ID {} IMPL bram LATENCY 1 OPTYPE ram_2p PRAGMA yes RTLNAME outputPool_U SOURCE ../src/eight.cpp:18 VARIABLE outputPool LOOP {} BUNDLEDNAME {} DSP 0 BRAM 1 URAM 0 STORAGESUBTYPE {} STORAGESIZE {7 196 1} STORAGEUSAGE {ram_2p array} DISPNAME {bind_storage ram_2p} VISIBLE true} {BINDTYPE storage ID {} IMPL bram LATENCY 1 OPTYPE ram_2p PRAGMA yes RTLNAME outputPool_1_U SOURCE ../src/eight.cpp:18 VARIABLE outputPool_1 LOOP {} BUNDLEDNAME {} DSP 0 BRAM 1 URAM 0 STORAGESUBTYPE {} STORAGESIZE {7 196 1} STORAGEUSAGE {ram_2p array} DISPNAME {bind_storage ram_2p} VISIBLE true} {BINDTYPE storage ID {} IMPL bram LATENCY 1 OPTYPE ram_2p PRAGMA yes RTLNAME outputPool_2_U SOURCE ../src/eight.cpp:18 VARIABLE outputPool_2 LOOP {} BUNDLEDNAME {} DSP 0 BRAM 1 URAM 0 STORAGESUBTYPE {} STORAGESIZE {7 196 1} STORAGEUSAGE {ram_2p array} DISPNAME {bind_storage ram_2p} VISIBLE true} {BINDTYPE storage ID {} IMPL bram LATENCY 1 OPTYPE ram_2p PRAGMA yes RTLNAME outputPool_3_U SOURCE ../src/eight.cpp:18 VARIABLE outputPool_3 LOOP {} BUNDLEDNAME {} DSP 0 BRAM 1 URAM 0 STORAGESUBTYPE {} STORAGESIZE {7 196 1} STORAGEUSAGE {ram_2p array} DISPNAME {bind_storage ram_2p} VISIBLE true} {BINDTYPE storage ID {} IMPL bram LATENCY 1 OPTYPE ram_2p PRAGMA yes RTLNAME outputPool_4_U SOURCE ../src/eight.cpp:18 VARIABLE outputPool_4 LOOP {} BUNDLEDNAME {} DSP 0 BRAM 1 URAM 0 STORAGESUBTYPE {} STORAGESIZE {7 196 1} STORAGEUSAGE {ram_2p array} DISPNAME {bind_storage ram_2p} VISIBLE true} {BINDTYPE storage ID {} IMPL bram LATENCY 1 OPTYPE ram_2p PRAGMA yes RTLNAME outputPool_5_U SOURCE ../src/eight.cpp:18 VARIABLE outputPool_5 LOOP {} BUNDLEDNAME {} DSP 0 BRAM 1 URAM 0 STORAGESUBTYPE {} STORAGESIZE {7 196 1} STORAGEUSAGE {ram_2p array} DISPNAME {bind_storage ram_2p} VISIBLE true} {BINDTYPE storage ID {} IMPL bram LATENCY 1 OPTYPE ram_2p PRAGMA yes RTLNAME outputPool_6_U SOURCE ../src/eight.cpp:18 VARIABLE outputPool_6 LOOP {} BUNDLEDNAME {} DSP 0 BRAM 1 URAM 0 STORAGESUBTYPE {} STORAGESIZE {7 196 1} STORAGEUSAGE {ram_2p array} DISPNAME {bind_storage ram_2p} VISIBLE true} {BINDTYPE storage ID {} IMPL bram LATENCY 1 OPTYPE ram_2p PRAGMA yes RTLNAME outputPool_7_U SOURCE ../src/eight.cpp:18 VARIABLE outputPool_7 LOOP {} BUNDLEDNAME {} DSP 0 BRAM 1 URAM 0 STORAGESUBTYPE {} STORAGESIZE {7 196 1} STORAGEUSAGE {ram_2p array} DISPNAME {bind_storage ram_2p} VISIBLE true} {BINDTYPE storage ID {} IMPL bram LATENCY 1 OPTYPE ram_2p PRAGMA yes RTLNAME outputConv2_U SOURCE ../src/eight.cpp:19 VARIABLE outputConv2 LOOP {} BUNDLEDNAME {} DSP 0 BRAM 1 URAM 0 STORAGESUBTYPE {} STORAGESIZE {7 1568 1} STORAGEUSAGE {ram_2p array} DISPNAME {bind_storage ram_2p} VISIBLE true} {BINDTYPE storage ID {} IMPL bram LATENCY 1 OPTYPE ram_2p PRAGMA yes RTLNAME outputConv2_1_U SOURCE ../src/eight.cpp:19 VARIABLE outputConv2_1 LOOP {} BUNDLEDNAME {} DSP 0 BRAM 1 URAM 0 STORAGESUBTYPE {} STORAGESIZE {7 1568 1} STORAGEUSAGE {ram_2p array} DISPNAME {bind_storage ram_2p} VISIBLE true} {BINDTYPE storage ID {} IMPL auto LATENCY 1 OPTYPE ram_1p PRAGMA {} RTLNAME outputPool2_U SOURCE ../src/eight.cpp:20 VARIABLE outputPool2 LOOP {} BUNDLEDNAME {} DSP 0 BRAM 0 URAM 0 STORAGESUBTYPE {} STORAGESIZE {7 98 1} STORAGEUSAGE {ram_1p array} DISPNAME {bind_storage ram_1p} VISIBLE true} {BINDTYPE storage ID {} IMPL auto LATENCY 1 OPTYPE ram_1p PRAGMA {} RTLNAME outputPool2_1_U SOURCE ../src/eight.cpp:20 VARIABLE outputPool2_1 LOOP {} BUNDLEDNAME {} DSP 0 BRAM 0 URAM 0 STORAGESUBTYPE {} STORAGESIZE {7 98 1} STORAGEUSAGE {ram_1p array} DISPNAME {bind_storage ram_1p} VISIBLE true} {BINDTYPE storage ID {} IMPL auto LATENCY 1 OPTYPE ram_1p PRAGMA {} RTLNAME outputPool2_2_U SOURCE ../src/eight.cpp:20 VARIABLE outputPool2_2 LOOP {} BUNDLEDNAME {} DSP 0 BRAM 0 URAM 0 STORAGESUBTYPE {} STORAGESIZE {7 98 1} STORAGEUSAGE {ram_1p array} DISPNAME {bind_storage ram_1p} VISIBLE true} {BINDTYPE storage ID {} IMPL auto LATENCY 1 OPTYPE ram_1p PRAGMA {} RTLNAME outputPool2_3_U SOURCE ../src/eight.cpp:20 VARIABLE outputPool2_3 LOOP {} BUNDLEDNAME {} DSP 0 BRAM 0 URAM 0 STORAGESUBTYPE {} STORAGESIZE {7 98 1} STORAGEUSAGE {ram_1p array} DISPNAME {bind_storage ram_1p} VISIBLE true} {BINDTYPE storage ID {} IMPL auto LATENCY 1 OPTYPE ram_1p PRAGMA {} RTLNAME outputPool2_4_U SOURCE ../src/eight.cpp:20 VARIABLE outputPool2_4 LOOP {} BUNDLEDNAME {} DSP 0 BRAM 0 URAM 0 STORAGESUBTYPE {} STORAGESIZE {7 98 1} STORAGEUSAGE {ram_1p array} DISPNAME {bind_storage ram_1p} VISIBLE true} {BINDTYPE storage ID {} IMPL auto LATENCY 1 OPTYPE ram_1p PRAGMA {} RTLNAME outputPool2_5_U SOURCE ../src/eight.cpp:20 VARIABLE outputPool2_5 LOOP {} BUNDLEDNAME {} DSP 0 BRAM 0 URAM 0 STORAGESUBTYPE {} STORAGESIZE {7 98 1} STORAGEUSAGE {ram_1p array} DISPNAME {bind_storage ram_1p} VISIBLE true} {BINDTYPE storage ID {} IMPL auto LATENCY 1 OPTYPE ram_1p PRAGMA {} RTLNAME outputPool2_6_U SOURCE ../src/eight.cpp:20 VARIABLE outputPool2_6 LOOP {} BUNDLEDNAME {} DSP 0 BRAM 0 URAM 0 STORAGESUBTYPE {} STORAGESIZE {7 98 1} STORAGEUSAGE {ram_1p array} DISPNAME {bind_storage ram_1p} VISIBLE true} {BINDTYPE storage ID {} IMPL auto LATENCY 1 OPTYPE ram_1p PRAGMA {} RTLNAME outputPool2_7_U SOURCE ../src/eight.cpp:20 VARIABLE outputPool2_7 LOOP {} BUNDLEDNAME {} DSP 0 BRAM 0 URAM 0 STORAGESUBTYPE {} STORAGESIZE {7 98 1} STORAGEUSAGE {ram_1p array} DISPNAME {bind_storage ram_1p} VISIBLE true}} AREA {DSP 10 BRAM 35 URAM 0}}}}'
INFO-FLOW: DBG:PUTS:      update_csynth_reports json2rpt_hw_sw_interfaces
Execute     send_msg_by_id INFO @200-1603@%s  and missed bursts 
INFO: [HLS 200-1603] Design has inferred MAXI bursts and missed bursts, see Vitis HLS GUI synthesis summary report for detailed information.
INFO-FLOW: Running: gen_csynth_sec_pragma
INFO-FLOW: DBG:PRAGMA: all_user_pragmas_dict locs:
INFO-FLOW:   ../src/pool.cpp:13:0: pragmaType bind_storage pragmaStatus {} isDirective 0 isSlxDirective 0 isCsimDirective 0 msgs {} parentFunction pool pragmaVar input options {variable=input type=RAM_2P impl=BRAM} loc ../src/pool.cpp:13:0
INFO-FLOW:   ../src/pool.cpp:19:0: pragmaType pipeline pragmaStatus {} isDirective 0 isSlxDirective 0 isCsimDirective 0 msgs {} parentFunction pool pragmaVar {} options ii=1 loc ../src/pool.cpp:19:0
INFO-FLOW:   ../src/eight.cpp:11:0: pragmaType interface pragmaStatus {} isDirective 0 isSlxDirective 0 isCsimDirective 0 msgs {} parentFunction top pragmaVar input options {m_axi port=input depth=848 bundle=gmem0} loc ../src/eight.cpp:11:0
INFO-FLOW:   ../src/eight.cpp:12:0: pragmaType interface pragmaStatus {} isDirective 0 isSlxDirective 0 isCsimDirective 0 msgs {} parentFunction top pragmaVar outputDense options {m_axi port=outputDense depth=64 bundle=gmem0} loc ../src/eight.cpp:12:0
INFO-FLOW:   ../src/eight.cpp:14:0: pragmaType interface pragmaStatus {} isDirective 0 isSlxDirective 0 isCsimDirective 0 msgs {} parentFunction top pragmaVar return options {s_axilite port=return bundle=control} loc ../src/eight.cpp:14:0
INFO-FLOW:   ../src/dense.cpp:8:0: pragmaType array_partition pragmaStatus {} isDirective 0 isSlxDirective 0 isCsimDirective 0 msgs {} parentFunction dense pragmaVar input options {variable=input cyclic factor=8} loc ../src/dense.cpp:8:0
INFO-FLOW:   ../src/dense.cpp:10:0: pragmaType array_partition pragmaStatus {} isDirective 0 isSlxDirective 0 isCsimDirective 0 msgs {} parentFunction dense pragmaVar fc1_bias options {variable=fc1_bias complete} loc ../src/dense.cpp:10:0
INFO-FLOW:   ../src/dense.cpp:15:0: pragmaType bind_op pragmaStatus {} isDirective 0 isSlxDirective 0 isCsimDirective 0 msgs {} parentFunction dense pragmaVar sum options {variable=sum op=mul impl=fabric} loc ../src/dense.cpp:15:0
INFO-FLOW:   ../src/dense.cpp:16:0: pragmaType bind_op pragmaStatus {} isDirective 0 isSlxDirective 0 isCsimDirective 0 msgs {} parentFunction dense pragmaVar sum options {variable=sum op=add impl=fabric} loc ../src/dense.cpp:16:0
INFO-FLOW:   ../src/dense.cpp:19:0: pragmaType pipeline pragmaStatus {} isDirective 0 isSlxDirective 0 isCsimDirective 0 msgs {} parentFunction dense pragmaVar {} options ii=1 loc ../src/dense.cpp:19:0
INFO-FLOW:   ../src/conv.cpp:13:0: pragmaType array_partition pragmaStatus {} isDirective 0 isSlxDirective 0 isCsimDirective 0 msgs {} parentFunction conv1 pragmaVar temp options {variable=temp cyclic factor=16 dim=1} loc ../src/conv.cpp:13:0
INFO-FLOW:   ../src/conv.cpp:14:0: pragmaType bind_storage pragmaStatus {} isDirective 0 isSlxDirective 0 isCsimDirective 0 msgs {} parentFunction conv1 pragmaVar temp options {variable=temp type=RAM_2P impl=BRAM} loc ../src/conv.cpp:14:0
INFO-FLOW:   ../src/conv.cpp:17:0: pragmaType pipeline pragmaStatus {} isDirective 0 isSlxDirective 0 isCsimDirective 0 msgs {} parentFunction conv1 pragmaVar {} options ii=1 loc ../src/conv.cpp:17:0
INFO-FLOW:   ../src/conv.cpp:22:0: pragmaType array_partition pragmaStatus {} isDirective 0 isSlxDirective 0 isCsimDirective 0 msgs {} parentFunction conv1 pragmaVar conv1_weight options {variable=conv1_weight complete} loc ../src/conv.cpp:22:0
INFO-FLOW:   ../src/conv.cpp:23:0: pragmaType array_partition pragmaStatus {} isDirective 0 isSlxDirective 0 isCsimDirective 0 msgs {} parentFunction conv1 pragmaVar conv1_bias options {variable=conv1_bias complete} loc ../src/conv.cpp:23:0
INFO-FLOW:   ../src/conv.cpp:29:0: pragmaType pipeline pragmaStatus {} isDirective 0 isSlxDirective 0 isCsimDirective 0 msgs {} parentFunction conv1 pragmaVar {} options ii=1 loc ../src/conv.cpp:29:0
INFO-FLOW:   ../src/conv.cpp:31:0: pragmaType bind_op pragmaStatus {} isDirective 0 isSlxDirective 0 isCsimDirective 0 msgs {} parentFunction conv1 pragmaVar sum options {variable=sum op=mul impl=fabric} loc ../src/conv.cpp:31:0
INFO-FLOW:   ../src/conv.cpp:32:0: pragmaType bind_op pragmaStatus {} isDirective 0 isSlxDirective 0 isCsimDirective 0 msgs {} parentFunction conv1 pragmaVar sum options {variable=sum op=add impl=fabric} loc ../src/conv.cpp:32:0
INFO-FLOW:   ../src/conv.cpp:56:0: pragmaType array_partition pragmaStatus {} isDirective 0 isSlxDirective 0 isCsimDirective 0 msgs {} parentFunction conv2 pragmaVar conv2_weight options {variable=conv2_weight cyclic factor=9 dim=1} loc ../src/conv.cpp:56:0
INFO-FLOW:   ../src/conv.cpp:57:0: pragmaType array_partition pragmaStatus {} isDirective 0 isSlxDirective 0 isCsimDirective 0 msgs {} parentFunction conv2 pragmaVar conv2_bias options {variable=conv2_bias complete} loc ../src/conv.cpp:57:0
INFO-FLOW:   ../src/conv.cpp:61:0: pragmaType array_partition pragmaStatus {} isDirective 0 isSlxDirective 0 isCsimDirective 0 msgs {} parentFunction conv2 pragmaVar input options {variable=input cyclic factor=8 dim=1} loc ../src/conv.cpp:61:0
INFO-FLOW:   ../src/conv.cpp:62:0: pragmaType bind_storage pragmaStatus {} isDirective 0 isSlxDirective 0 isCsimDirective 0 msgs {} parentFunction conv2 pragmaVar input options {variable=input type=RAM_2P impl=BRAM} loc ../src/conv.cpp:62:0
INFO-FLOW:   ../src/conv.cpp:66:0: pragmaType array_partition pragmaStatus {} isDirective 0 isSlxDirective 0 isCsimDirective 0 msgs {} parentFunction conv2 pragmaVar partial_sums options {variable=partial_sums complete} loc ../src/conv.cpp:66:0
INFO-FLOW:   ../src/conv.cpp:74:0: pragmaType unroll pragmaStatus {} isDirective 0 isSlxDirective 0 isCsimDirective 0 msgs {} parentFunction conv2 pragmaVar {} options {} loc ../src/conv.cpp:74:0
INFO-FLOW:   ../src/conv.cpp:79:0: pragmaType pipeline pragmaStatus {} isDirective 0 isSlxDirective 0 isCsimDirective 0 msgs {} parentFunction conv2 pragmaVar {} options ii=1 loc ../src/conv.cpp:79:0
INFO-FLOW:   ../src/conv.cpp:97:0: pragmaType bind_op pragmaStatus {} isDirective 0 isSlxDirective 0 isCsimDirective 0 msgs {} parentFunction conv2 pragmaVar sum options {variable=sum op=mul impl=fabric} loc ../src/conv.cpp:97:0
INFO-FLOW:   ../src/conv.cpp:98:0: pragmaType bind_op pragmaStatus {} isDirective 0 isSlxDirective 0 isCsimDirective 0 msgs {} parentFunction conv2 pragmaVar sum options {variable=sum op=add impl=fabric} loc ../src/conv.cpp:98:0
INFO-FLOW:   ../src/conv.cpp:100:0: pragmaType unroll pragmaStatus {} isDirective 0 isSlxDirective 0 isCsimDirective 0 msgs {} parentFunction conv2 pragmaVar {} options {} loc ../src/conv.cpp:100:0
INFO-FLOW: end all_user_pragmas_dict

INFO-FLOW: DBG:PRAGMA: all_user_directives_dict locs:
INFO-FLOW: end all_user_directives_dict

INFO-FLOW: DBG:PRAGMA: all_auto_pragmas_dict locs:
INFO-FLOW:   ../src/conv.cpp:70:0 : loop_flatten
INFO-FLOW:   ../src/eight.cpp:17:0 : array_partition
INFO-FLOW:   ../src/eight.cpp:19:0 : array_partition
INFO-FLOW:   ../src/dense.cpp:13:0 : loop_flatten
INFO-FLOW:   ../src/pool.cpp:17:0 : loop_flatten
INFO-FLOW:   ../src/pool.cpp:16:0 : loop_flatten
INFO-FLOW:   ../src/conv.cpp:27:0 : loop_flatten
INFO-FLOW:   ../src/conv.cpp:26:0 : loop_flatten
INFO-FLOW: end all_auto_pragmas_dict

INFO-FLOW: DBG:PRAGMA: Found pragma report data problems (2):
INFO-FLOW: DBG:PRAGMA: (1)   Found duplicate messages from BE with location ../src/pool.cpp:17:0 and type loop_flatten:
    pragmaType loop_flatten pragmaStatus {} isDirective 0 isSlxDirective 0 isCsimDirective 0 msgs {} parentFunction pool.1 pragmaVar {} options { } loc ../src/pool.cpp:17:0 pragmaLocId ../src/pool.cpp:17:0 pragmaLocOpt pool.1/H_LOOP objDict {loopName H_LOOP loopLoc ../src/pool.cpp:17:17} objInfo {loop H_LOOP (../src/pool.cpp:17:17)} reason {} metrics {} srcPragmaLoc ../src/pool.cpp:19:0 srcInferReason {}
    pragmaType loop_flatten pragmaStatus {} isDirective 0 isSlxDirective 0 isCsimDirective 0 msgs {} parentFunction pool pragmaVar {} options { } loc ../src/pool.cpp:17:0 pragmaLocId ../src/pool.cpp:17:0 pragmaLocOpt pool/H_LOOP objDict {loopName H_LOOP loopLoc ../src/pool.cpp:17:17} objInfo {loop H_LOOP (../src/pool.cpp:17:17)} reason {} metrics {} srcPragmaLoc ../src/pool.cpp:19:0 srcInferReason {}
INFO-FLOW: DBG:PRAGMA: (2)   Found duplicate messages from BE with location ../src/pool.cpp:16:0 and type loop_flatten:
    pragmaType loop_flatten pragmaStatus {} isDirective 0 isSlxDirective 0 isCsimDirective 0 msgs {} parentFunction pool.1 pragmaVar {} options { } loc ../src/pool.cpp:16:0 pragmaLocId ../src/pool.cpp:16:0 pragmaLocOpt pool.1/CO_LOOP objDict {loopName CO_LOOP loopLoc ../src/pool.cpp:16:14} objInfo {loop CO_LOOP (../src/pool.cpp:16:14)} reason {} metrics {} srcPragmaLoc ../src/pool.cpp:19:0 srcInferReason {}
    pragmaType loop_flatten pragmaStatus {} isDirective 0 isSlxDirective 0 isCsimDirective 0 msgs {} parentFunction pool pragmaVar {} options { } loc ../src/pool.cpp:16:0 pragmaLocId ../src/pool.cpp:16:0 pragmaLocOpt pool/CO_LOOP objDict {loopName CO_LOOP loopLoc ../src/pool.cpp:16:14} objInfo {loop CO_LOOP (../src/pool.cpp:16:14)} reason {} metrics {} srcPragmaLoc ../src/pool.cpp:19:0 srcInferReason {}
INFO-FLOW: Done: gen_csynth_sec_pragma time: 0 seconds 
Execute     send_msg_by_id INFO @200-2225@%s /home/abdullah/Desktop/CNN-on-FPGA/hls_component/top/hls/syn/inferred_directives.ini 
INFO: [HLS 200-2225] Wrote inferred directives to file /home/abdullah/Desktop/CNN-on-FPGA/hls_component/top/hls/syn/inferred_directives.ini
INFO-FLOW: DBG:PUTS:      update_csynth_reports wrote xml
INFO-FLOW: DBG:PUTS:      update_csynth_reports appended to csynth rpt file
INFO-FLOW: Done: add_csynth_report_sections time: 0.2 seconds 
INFO: [HLS 200-111] Finished Updating report files: CPU user time: 0.49 seconds. CPU system time: 0.04 seconds. Elapsed time: 0.54 seconds; current allocated memory: 453.203 MB.
INFO: [VHDL 208-304] Generating VHDL RTL for top.
INFO: [VLOG 209-307] Generating Verilog RTL for top.
Execute     syn_report -model top -printsummary 
INFO: [HLS 200-790] **** Loop Constraint Status: All loop constraints were satisfied.
INFO: [HLS 200-789] **** Estimated Fmax: 114.29 MHz
Execute     AP::msg_collection_file -close 
Command   csynth_design done; 34.67 sec.
Execute   close_project 
Execute     close_solution 
Execute       cleanup_all 
Execute       cleanup_all 
Execute       source -notrace -encoding utf-8 /home/abdullah/Xilinx/2025.2/Vitis/tps/tcl/tcl8.6/clock.tcl 
Execute         source -encoding utf-8 /home/abdullah/Xilinx/2025.2/tps/tcl/tcl8/8.5/msgcat-1.6.1.tm 
INFO-FLOW: Workspace /home/abdullah/Desktop/CNN-on-FPGA/hls_component/top/hls opened at Sun Mar 15 23:47:34 PKT 2026
Execute       source /home/abdullah/Desktop/CNN-on-FPGA/hls_component/top/hls/.autopilot/db/global.setting.tcl 
Execute       set_part xc7z020-clg484-1 
Execute         create_platform xc7z020-clg484-1 -board  
DBG:HLSDevice: Trying to load device library: /home/abdullah/Xilinx/2025.2/Vitis/lib/lnx64.o/libxv_hlsvwrap.so
DBG:HLSDevice: first parts/arch.xml in RDI_DATADIR: /home/abdullah/Xilinx/2025.2/Vivado/data/parts/arch.xml
DBG:HLSDevice: init success
INFO: [HLS 200-1611] Setting target device to 'xc7z020-clg484-1'
Command         create_platform done; 0.15 sec.
Execute         source /home/abdullah/Xilinx/2025.2/Vitis/common/technology/xilinx/common/xilinx.gen 
Execute           source /home/abdullah/Xilinx/2025.2/Vitis/common/technology/xilinx/interface/plb46.gen 
Execute           source /home/abdullah/Xilinx/2025.2/Vitis/common/technology/xilinx/interface/axi4.gen 
Execute           source /home/abdullah/Xilinx/2025.2/Vitis/common/technology/xilinx/interface/nativeAXI4.gen 
Execute             source /home/abdullah/Xilinx/2025.2/Vitis/common/technology/xilinx/interface/saxilite.gen 
Execute           source /home/abdullah/Xilinx/2025.2/Vitis/common/technology/xilinx/scripts/xilinxcoregen.gen 
Execute           source /home/abdullah/Xilinx/2025.2/Vitis/common/technology/xilinx/interface/XilEDKCoreGen.gen 
Execute           source /home/abdullah/Xilinx/2025.2/Vitis/common/technology/xilinx/ip/util.gen 
Execute           source /home/abdullah/Xilinx/2025.2/Vitis/common/technology/xilinx/ip/dds_compiler.gen 
Execute           source /home/abdullah/Xilinx/2025.2/Vitis/common/technology/xilinx/ip/xfft.gen 
Execute           source /home/abdullah/Xilinx/2025.2/Vitis/common/technology/xilinx/ip/xfir.gen 
Execute           source /home/abdullah/Xilinx/2025.2/Vitis/common/technology/xilinx/DSP48/dsp48.gen 
Execute         ap_part_info -name xc7z020-clg484-1 -data info 
Execute         config_compile -quiet -complex-mul-dsp=0 
Command       set_part done; 0.22 sec.
Execute       send_msg_by_id INFO @200-1505@%s%s default  vivado 
INFO: [HLS 200-1505] Using default flow_target 'vivado'
Execute       send_msg_by_id INFO @200-2174@%s%s component hls_config.cfg 
INFO: [HLS 200-2174] Applying component config ini file hls_config.cfg
Execute       apply_ini hls_config.cfg 
Execute         send_msg_by_id INFO @200-1465@%s 'syn.file=../src/dense.h' from hls_config.cfg(8) 
INFO: [HLS 200-1465] Applying config ini 'syn.file=../src/dense.h' from hls_config.cfg(8)
Execute         add_files /home/abdullah/Desktop/CNN-on-FPGA/src/dense.h 
INFO: [HLS 200-10] Adding design file '/home/abdullah/Desktop/CNN-on-FPGA/src/dense.h' to the project
Execute         send_msg_by_id INFO @200-1465@%s 'syn.file=../src/conv.h' from hls_config.cfg(9) 
INFO: [HLS 200-1465] Applying config ini 'syn.file=../src/conv.h' from hls_config.cfg(9)
Execute         add_files /home/abdullah/Desktop/CNN-on-FPGA/src/conv.h 
INFO: [HLS 200-10] Adding design file '/home/abdullah/Desktop/CNN-on-FPGA/src/conv.h' to the project
Execute         send_msg_by_id INFO @200-1465@%s 'syn.file=../src/pool.h' from hls_config.cfg(10) 
INFO: [HLS 200-1465] Applying config ini 'syn.file=../src/pool.h' from hls_config.cfg(10)
Execute         add_files /home/abdullah/Desktop/CNN-on-FPGA/src/pool.h 
INFO: [HLS 200-10] Adding design file '/home/abdullah/Desktop/CNN-on-FPGA/src/pool.h' to the project
Execute         send_msg_by_id INFO @200-1465@%s 'syn.file=../src/labels.h' from hls_config.cfg(11) 
INFO: [HLS 200-1465] Applying config ini 'syn.file=../src/labels.h' from hls_config.cfg(11)
Execute         add_files /home/abdullah/Desktop/CNN-on-FPGA/src/labels.h 
INFO: [HLS 200-10] Adding design file '/home/abdullah/Desktop/CNN-on-FPGA/src/labels.h' to the project
Execute         send_msg_by_id INFO @200-1465@%s 'syn.file=../src/mnist_dataset.h' from hls_config.cfg(12) 
INFO: [HLS 200-1465] Applying config ini 'syn.file=../src/mnist_dataset.h' from hls_config.cfg(12)
Execute         add_files /home/abdullah/Desktop/CNN-on-FPGA/src/mnist_dataset.h 
INFO: [HLS 200-10] Adding design file '/home/abdullah/Desktop/CNN-on-FPGA/src/mnist_dataset.h' to the project
Execute         send_msg_by_id INFO @200-1465@%s 'syn.file=../src/fc1_weight.h' from hls_config.cfg(13) 
INFO: [HLS 200-1465] Applying config ini 'syn.file=../src/fc1_weight.h' from hls_config.cfg(13)
Execute         add_files /home/abdullah/Desktop/CNN-on-FPGA/src/fc1_weight.h 
INFO: [HLS 200-10] Adding design file '/home/abdullah/Desktop/CNN-on-FPGA/src/fc1_weight.h' to the project
Execute         send_msg_by_id INFO @200-1465@%s 'syn.file=../src/fc1_bias.h' from hls_config.cfg(14) 
INFO: [HLS 200-1465] Applying config ini 'syn.file=../src/fc1_bias.h' from hls_config.cfg(14)
Execute         add_files /home/abdullah/Desktop/CNN-on-FPGA/src/fc1_bias.h 
INFO: [HLS 200-10] Adding design file '/home/abdullah/Desktop/CNN-on-FPGA/src/fc1_bias.h' to the project
Execute         send_msg_by_id INFO @200-1465@%s 'syn.file=../src/conv2_weight.h' from hls_config.cfg(15) 
INFO: [HLS 200-1465] Applying config ini 'syn.file=../src/conv2_weight.h' from hls_config.cfg(15)
Execute         add_files /home/abdullah/Desktop/CNN-on-FPGA/src/conv2_weight.h 
INFO: [HLS 200-10] Adding design file '/home/abdullah/Desktop/CNN-on-FPGA/src/conv2_weight.h' to the project
Execute         send_msg_by_id INFO @200-1465@%s 'syn.file=../src/conv2_bias.h' from hls_config.cfg(16) 
INFO: [HLS 200-1465] Applying config ini 'syn.file=../src/conv2_bias.h' from hls_config.cfg(16)
Execute         add_files /home/abdullah/Desktop/CNN-on-FPGA/src/conv2_bias.h 
INFO: [HLS 200-10] Adding design file '/home/abdullah/Desktop/CNN-on-FPGA/src/conv2_bias.h' to the project
Execute         send_msg_by_id INFO @200-1465@%s 'syn.file=../src/conv1_weight.h' from hls_config.cfg(17) 
INFO: [HLS 200-1465] Applying config ini 'syn.file=../src/conv1_weight.h' from hls_config.cfg(17)
Execute         add_files /home/abdullah/Desktop/CNN-on-FPGA/src/conv1_weight.h 
INFO: [HLS 200-10] Adding design file '/home/abdullah/Desktop/CNN-on-FPGA/src/conv1_weight.h' to the project
Execute         send_msg_by_id INFO @200-1465@%s 'syn.file=../src/conv1_bias.h' from hls_config.cfg(18) 
INFO: [HLS 200-1465] Applying config ini 'syn.file=../src/conv1_bias.h' from hls_config.cfg(18)
Execute         add_files /home/abdullah/Desktop/CNN-on-FPGA/src/conv1_bias.h 
INFO: [HLS 200-10] Adding design file '/home/abdullah/Desktop/CNN-on-FPGA/src/conv1_bias.h' to the project
Execute         send_msg_by_id INFO @200-1465@%s 'syn.file=../src/conv.cpp' from hls_config.cfg(19) 
INFO: [HLS 200-1465] Applying config ini 'syn.file=../src/conv.cpp' from hls_config.cfg(19)
Execute         add_files /home/abdullah/Desktop/CNN-on-FPGA/src/conv.cpp 
INFO: [HLS 200-10] Adding design file '/home/abdullah/Desktop/CNN-on-FPGA/src/conv.cpp' to the project
Execute         send_msg_by_id INFO @200-1465@%s 'syn.file=../src/dense.cpp' from hls_config.cfg(20) 
INFO: [HLS 200-1465] Applying config ini 'syn.file=../src/dense.cpp' from hls_config.cfg(20)
Execute         add_files /home/abdullah/Desktop/CNN-on-FPGA/src/dense.cpp 
INFO: [HLS 200-10] Adding design file '/home/abdullah/Desktop/CNN-on-FPGA/src/dense.cpp' to the project
Execute         send_msg_by_id INFO @200-1465@%s 'syn.file=../src/eight.cpp' from hls_config.cfg(21) 
INFO: [HLS 200-1465] Applying config ini 'syn.file=../src/eight.cpp' from hls_config.cfg(21)
Execute         add_files /home/abdullah/Desktop/CNN-on-FPGA/src/eight.cpp 
INFO: [HLS 200-10] Adding design file '/home/abdullah/Desktop/CNN-on-FPGA/src/eight.cpp' to the project
Execute         send_msg_by_id INFO @200-1465@%s 'syn.file=../src/pool.cpp' from hls_config.cfg(22) 
INFO: [HLS 200-1465] Applying config ini 'syn.file=../src/pool.cpp' from hls_config.cfg(22)
Execute         add_files /home/abdullah/Desktop/CNN-on-FPGA/src/pool.cpp 
INFO: [HLS 200-10] Adding design file '/home/abdullah/Desktop/CNN-on-FPGA/src/pool.cpp' to the project
Execute         send_msg_by_id INFO @200-1465@%s 'tb.file=../src/testbench.cpp' from hls_config.cfg(23) 
INFO: [HLS 200-1465] Applying config ini 'tb.file=../src/testbench.cpp' from hls_config.cfg(23)
Execute         add_files -tb /home/abdullah/Desktop/CNN-on-FPGA/src/testbench.cpp 
INFO: [HLS 200-10] Adding test bench file '/home/abdullah/Desktop/CNN-on-FPGA/src/testbench.cpp' to the project
Execute         send_msg_by_id INFO @200-1465@%s 'syn.top=top' from hls_config.cfg(7) 
INFO: [HLS 200-1465] Applying config ini 'syn.top=top' from hls_config.cfg(7)
Execute         set_top top 
Execute         send_msg_by_id INFO @200-1465@%s 'flow_target=vivado' from hls_config.cfg(4) 
INFO: [HLS 200-1465] Applying config ini 'flow_target=vivado' from hls_config.cfg(4)
Execute         send_msg_by_id INFO @200-1505@%s%s  vivado 
INFO: [HLS 200-1505] Using flow_target 'vivado'
Execute         send_msg_by_id INFO @200-1465@%s 'part=xc7z020clg484-1' from hls_config.cfg(1) 
INFO: [HLS 200-1465] Applying config ini 'part=xc7z020clg484-1' from hls_config.cfg(1)
Execute         set_part xc7z020clg484-1 
Execute           create_platform xc7z020clg484-1 -board  
Execute           source /home/abdullah/Xilinx/2025.2/Vitis/common/technology/xilinx/common/xilinx.gen 
Execute             source /home/abdullah/Xilinx/2025.2/Vitis/common/technology/xilinx/interface/plb46.gen 
Execute             source /home/abdullah/Xilinx/2025.2/Vitis/common/technology/xilinx/interface/axi4.gen 
Execute             source /home/abdullah/Xilinx/2025.2/Vitis/common/technology/xilinx/interface/nativeAXI4.gen 
Execute               source /home/abdullah/Xilinx/2025.2/Vitis/common/technology/xilinx/interface/saxilite.gen 
Execute             source /home/abdullah/Xilinx/2025.2/Vitis/common/technology/xilinx/scripts/xilinxcoregen.gen 
Execute             source /home/abdullah/Xilinx/2025.2/Vitis/common/technology/xilinx/interface/XilEDKCoreGen.gen 
Execute             source /home/abdullah/Xilinx/2025.2/Vitis/common/technology/xilinx/ip/util.gen 
Execute             source /home/abdullah/Xilinx/2025.2/Vitis/common/technology/xilinx/ip/dds_compiler.gen 
Execute             source /home/abdullah/Xilinx/2025.2/Vitis/common/technology/xilinx/ip/xfft.gen 
Execute             source /home/abdullah/Xilinx/2025.2/Vitis/common/technology/xilinx/ip/xfir.gen 
Execute             source /home/abdullah/Xilinx/2025.2/Vitis/common/technology/xilinx/DSP48/dsp48.gen 
Execute           ap_part_info -name xc7z020-clg484-1 -data info 
Execute           config_compile -quiet -complex-mul-dsp=0 
Command         set_part done; 0.11 sec.
Execute         send_msg_by_id INFO @200-1465@%s 'clock=100MHz' from hls_config.cfg(24) 
INFO: [HLS 200-1465] Applying config ini 'clock=100MHz' from hls_config.cfg(24)
Execute         create_clock -period 100mhz 
Execute           ap_set_clock -name default -period 10 -unit ns -default=false 
INFO: [SYN 201-201] Setting up clock 'default' with a period of 10ns.
Execute         send_msg_by_id INFO @200-1465@%s 'clock_uncertainty=12.5%' from hls_config.cfg(25) 
INFO: [HLS 200-1465] Applying config ini 'clock_uncertainty=12.5%' from hls_config.cfg(25)
Execute         set_clock_uncertainty 12.5% 
Execute           ap_set_clock -name default -uncertainty 1.25 -unit % 
INFO: [SYN 201-201] Setting up clock 'default' with an uncertainty of 1.25ns.
Execute         send_msg_by_id INFO @200-1465@%s 'cosim.random_stall=1' from hls_config.cfg(26) 
INFO: [HLS 200-1465] Applying config ini 'cosim.random_stall=1' from hls_config.cfg(26)
Execute         config_cosim -random_stall=1 
Execute         send_msg_by_id INFO @200-1465@%s 'package.output.format=ip_catalog' from hls_config.cfg(5) 
INFO: [HLS 200-1465] Applying config ini 'package.output.format=ip_catalog' from hls_config.cfg(5)
Execute         config_export -format=ip_catalog 
Command       apply_ini done; 0.15 sec.
Execute       write_component -config /home/abdullah/Desktop/CNN-on-FPGA/hls_component/hls_config.cfg 
Execute         send_msg_by_id INFO @200-2176@%s /home/abdullah/Desktop/CNN-on-FPGA/hls_component/top/vitis-comp.json 
INFO: [HLS 200-2176] Writing Vitis IDE component file /home/abdullah/Desktop/CNN-on-FPGA/hls_component/top/vitis-comp.json
Command     open_solution done; 0.4 sec.
Command   open_component done; 0.41 sec.
Execute   apply_ini /home/abdullah/Desktop/CNN-on-FPGA/hls_component/top/hls/config.cmdline -iscmdline 
Execute   ::AP::init_summary_file cosim 
Execute     AP::app_get_file_relativeroot [AP::app_get_root] {}
Execute   cosim_design 
Execute     source /home/abdullah/Desktop/CNN-on-FPGA/hls_component/top/hls/.autopilot/db/global.setting.tcl 
Execute     source /home/abdullah/Desktop/CNN-on-FPGA/hls_component/top/hls/.autopilot/db/global.setting.tcl 
Execute     source /home/abdullah/Desktop/CNN-on-FPGA/hls_component/top/hls/.autopilot/db/global.setting.tcl 
INFO-FLOW: DBG:PUTS: read_platform_lib /home/abdullah/Desktop/CNN-on-FPGA/hls_component/top/hls/.autopilot/db/global.setting.tcl
Execute     source /home/abdullah/Xilinx/2025.2/Vitis/common/technology/generic/autopilot/common.gen 
Execute       source /home/abdullah/Xilinx/2025.2/Vitis/common/technology/generic/autopilot/APCoreGen.gen 
Execute     source /home/abdullah/Xilinx/2025.2/Vitis/common/technology/generic/autopilot/op.gen 
Execute     source /home/abdullah/Xilinx/2025.2/Vitis/common/technology/generic/autopilot/op_simcore.gen 
Execute     source /home/abdullah/Xilinx/2025.2/Vitis/common/technology/generic/autopilot/interface.gen 
Execute     source /home/abdullah/Desktop/CNN-on-FPGA/hls_component/top/hls/.autopilot/db/global.setting.tcl 
Execute     source /home/abdullah/Xilinx/2025.2/Vitis/common/technology/xilinx/common/xilinx.gen 
Execute       source /home/abdullah/Xilinx/2025.2/Vitis/common/technology/xilinx/interface/plb46.gen 
Execute       source /home/abdullah/Xilinx/2025.2/Vitis/common/technology/xilinx/interface/axi4.gen 
Execute       source /home/abdullah/Xilinx/2025.2/Vitis/common/technology/xilinx/interface/nativeAXI4.gen 
Execute         source /home/abdullah/Xilinx/2025.2/Vitis/common/technology/xilinx/interface/saxilite.gen 
Execute       source /home/abdullah/Xilinx/2025.2/Vitis/common/technology/xilinx/scripts/xilinxcoregen.gen 
Execute       source /home/abdullah/Xilinx/2025.2/Vitis/common/technology/xilinx/interface/XilEDKCoreGen.gen 
Execute       source /home/abdullah/Xilinx/2025.2/Vitis/common/technology/xilinx/ip/util.gen 
Execute       source /home/abdullah/Xilinx/2025.2/Vitis/common/technology/xilinx/ip/dds_compiler.gen 
Execute       source /home/abdullah/Xilinx/2025.2/Vitis/common/technology/xilinx/ip/xfft.gen 
Execute       source /home/abdullah/Xilinx/2025.2/Vitis/common/technology/xilinx/ip/xfir.gen 
Execute       source /home/abdullah/Xilinx/2025.2/Vitis/common/technology/xilinx/DSP48/dsp48.gen 
INFO-FLOW: DBG:PUTS:   using AESL_AUTOCG::g_clock_period=10.000 (was NA)
Execute     ap_part_info -name xc7z020-clg484-1 -data names -quiet 
Execute     ap_part_info -name xc7z020-clg484-1 -data info -quiet 
Execute     source /home/abdullah/Desktop/CNN-on-FPGA/hls_component/top/hls/.autopilot/db/global.setting.tcl 
Execute     source /home/abdullah/Desktop/CNN-on-FPGA/hls_component/top/hls/.autopilot/db/top.rtl_wrap.cfg.tcl 
Execute     source /home/abdullah/Desktop/CNN-on-FPGA/hls_component/top/hls/.autopilot/db/top.tbgen.tcl 
Execute     source /home/abdullah/Desktop/CNN-on-FPGA/hls_component/top/hls/.autopilot/db/cosimDB.tcl 
Execute     source /home/abdullah/Desktop/CNN-on-FPGA/hls_component/top/hls/.autopilot/db/top.tbgen.tcl 
Execute     source /home/abdullah/Desktop/CNN-on-FPGA/hls_component/top/hls/.autopilot/db/top.tbgen.tcl 
Execute     source /home/abdullah/Desktop/CNN-on-FPGA/hls_component/top/hls/.autopilot/db/top.tbgen.tcl 
Execute     source /home/abdullah/Desktop/CNN-on-FPGA/hls_component/top/hls/.autopilot/db/top.tbgen.tcl 
INFO: [COSIM 212-47] Using XSIM for RTL simulation.
INFO: [COSIM 212-14] Instrumenting C test bench ...
Execute     ap_part_info -name xc7z020-clg484-1 -data info 
INFO-FLOW: run_clang autosim-tb exec: /home/abdullah/Xilinx/2025.2/Vitis/lnx64/tools/clang-16/bin/clang -foptimization-record-file=/home/abdullah/Desktop/CNN-on-FPGA/hls_component/top/hls/.autopilot/db/testbench.cpp.clang.autosim-tb.diag.yml -mllvm -pass-remarks-missed=reflow|pasta|unroll|inline -mllvm -pass-remarks=reflow|pasta|unroll|inline -fno-builtin-isinf -fno-builtin-isnan -E -Wno-unknown-pragmas -Wno-unknown-pragmas -DGCC_COMPATIBLE_APINT -DAESL_TB -D__HLS_COSIM__ -D__VITIS_HLS__ -I /usr/include/x86_64-linux-gnu -I /home/abdullah/Xilinx/2025.2/Vitis/include -I include /home/abdullah/Desktop/CNN-on-FPGA/src/testbench.cpp -o /home/abdullah/Desktop/CNN-on-FPGA/hls_component/top/hls/./sim/autowrap/testbench/testbench.cpp_pre.cpp -std=gnu++14 -D__DSP48E1__ --gcc-toolchain=/home/abdullah/Xilinx/2025.2/Vitis/tps/lnx64/gcc-8.3.0 > /home/abdullah/Desktop/CNN-on-FPGA/hls_component/top/hls/.autopilot/db/testbench.cpp.clang.autosim-tb.out.log 2> /home/abdullah/Desktop/CNN-on-FPGA/hls_component/top/hls/.autopilot/db/testbench.cpp.clang.autosim-tb.err.log
INFO-FLOW: run_clang result=success num-err-msgs=0 num-stderr-lines=0
INFO-FLOW: TB processing: /home/abdullah/Desktop/CNN-on-FPGA/src/testbench.cpp /home/abdullah/Desktop/CNN-on-FPGA/hls_component/top/hls/./sim/autowrap/testbench/testbench.cpp_pre.cpp
Execute     clang_tidy xilinx-tb-process -desc tb-process /home/abdullah/Desktop/CNN-on-FPGA/hls_component/top/hls/./sim/autowrap/testbench/testbench.cpp_pre.cpp.tb.cpp std=gnu++14 
INFO-FLOW: exec /home/abdullah/Xilinx/2025.2/Vitis/lnx64/tools/clang-16/bin/clang-tidy -header-filter=.* --checks=-*,xilinx-tb-process -fix-errors /home/abdullah/Desktop/CNN-on-FPGA/hls_component/top/hls/./sim/autowrap/testbench/testbench.cpp_pre.cpp.tb.cpp -- -std=gnu++14 -fhls -ferror-limit=0
Command     clang_tidy done; 2.74 sec.
Execute     ap_part_info -name xc7z020-clg484-1 -data info 
INFO-FLOW: run_clang autosim-tb exec: /home/abdullah/Xilinx/2025.2/Vitis/lnx64/tools/clang-16/bin/clang -foptimization-record-file=/home/abdullah/Desktop/CNN-on-FPGA/hls_component/top/hls/.autopilot/db/pool.cpp.clang.autosim-tb.diag.yml -mllvm -pass-remarks-missed=reflow|pasta|unroll|inline -mllvm -pass-remarks=reflow|pasta|unroll|inline -fno-builtin-isinf -fno-builtin-isnan -E -DGCC_COMPATIBLE_APINT -DAESL_TB -D__HLS_COSIM__ -D__VITIS_HLS__ -I /usr/include/x86_64-linux-gnu -I /home/abdullah/Xilinx/2025.2/Vitis/include -I include /home/abdullah/Desktop/CNN-on-FPGA/src/pool.cpp -o /home/abdullah/Desktop/CNN-on-FPGA/hls_component/top/hls/./sim/autowrap/testbench/pool.cpp_pre.cpp -std=gnu++14 -D__DSP48E1__ --gcc-toolchain=/home/abdullah/Xilinx/2025.2/Vitis/tps/lnx64/gcc-8.3.0 > /home/abdullah/Desktop/CNN-on-FPGA/hls_component/top/hls/.autopilot/db/pool.cpp.clang.autosim-tb.out.log 2> /home/abdullah/Desktop/CNN-on-FPGA/hls_component/top/hls/.autopilot/db/pool.cpp.clang.autosim-tb.err.log
INFO-FLOW: run_clang result=success num-err-msgs=0 num-stderr-lines=0
INFO-FLOW: TB processing: /home/abdullah/Desktop/CNN-on-FPGA/src/pool.cpp /home/abdullah/Desktop/CNN-on-FPGA/hls_component/top/hls/./sim/autowrap/testbench/pool.cpp_pre.cpp
Execute     clang_tidy xilinx-tb-process -desc tb-process /home/abdullah/Desktop/CNN-on-FPGA/hls_component/top/hls/./sim/autowrap/testbench/pool.cpp_pre.cpp.tb.cpp std=gnu++14 
INFO-FLOW: exec /home/abdullah/Xilinx/2025.2/Vitis/lnx64/tools/clang-16/bin/clang-tidy -header-filter=.* --checks=-*,xilinx-tb-process -fix-errors /home/abdullah/Desktop/CNN-on-FPGA/hls_component/top/hls/./sim/autowrap/testbench/pool.cpp_pre.cpp.tb.cpp -- -std=gnu++14 -fhls -ferror-limit=0
Command     clang_tidy done; 1.08 sec.
Execute     ap_part_info -name xc7z020-clg484-1 -data info 
INFO-FLOW: run_clang autosim-tb exec: /home/abdullah/Xilinx/2025.2/Vitis/lnx64/tools/clang-16/bin/clang -foptimization-record-file=/home/abdullah/Desktop/CNN-on-FPGA/hls_component/top/hls/.autopilot/db/eight.cpp.clang.autosim-tb.diag.yml -mllvm -pass-remarks-missed=reflow|pasta|unroll|inline -mllvm -pass-remarks=reflow|pasta|unroll|inline -fno-builtin-isinf -fno-builtin-isnan -E -DGCC_COMPATIBLE_APINT -DAESL_TB -D__HLS_COSIM__ -D__VITIS_HLS__ -I /usr/include/x86_64-linux-gnu -I /home/abdullah/Xilinx/2025.2/Vitis/include -I include /home/abdullah/Desktop/CNN-on-FPGA/src/eight.cpp -o /home/abdullah/Desktop/CNN-on-FPGA/hls_component/top/hls/./sim/autowrap/testbench/eight.cpp_pre.cpp -std=gnu++14 -D__DSP48E1__ --gcc-toolchain=/home/abdullah/Xilinx/2025.2/Vitis/tps/lnx64/gcc-8.3.0 > /home/abdullah/Desktop/CNN-on-FPGA/hls_component/top/hls/.autopilot/db/eight.cpp.clang.autosim-tb.out.log 2> /home/abdullah/Desktop/CNN-on-FPGA/hls_component/top/hls/.autopilot/db/eight.cpp.clang.autosim-tb.err.log
INFO-FLOW: run_clang result=success num-err-msgs=0 num-stderr-lines=0
INFO-FLOW: TB processing: /home/abdullah/Desktop/CNN-on-FPGA/src/eight.cpp /home/abdullah/Desktop/CNN-on-FPGA/hls_component/top/hls/./sim/autowrap/testbench/eight.cpp_pre.cpp
Execute     clang_tidy xilinx-tb-process -desc tb-process /home/abdullah/Desktop/CNN-on-FPGA/hls_component/top/hls/./sim/autowrap/testbench/eight.cpp_pre.cpp.tb.cpp std=gnu++14 
INFO-FLOW: exec /home/abdullah/Xilinx/2025.2/Vitis/lnx64/tools/clang-16/bin/clang-tidy -header-filter=.* --checks=-*,xilinx-tb-process -fix-errors /home/abdullah/Desktop/CNN-on-FPGA/hls_component/top/hls/./sim/autowrap/testbench/eight.cpp_pre.cpp.tb.cpp -- -std=gnu++14 -fhls -ferror-limit=0
Command     clang_tidy done; 1.22 sec.
Execute     ap_part_info -name xc7z020-clg484-1 -data info 
INFO-FLOW: run_clang autosim-tb exec: /home/abdullah/Xilinx/2025.2/Vitis/lnx64/tools/clang-16/bin/clang -foptimization-record-file=/home/abdullah/Desktop/CNN-on-FPGA/hls_component/top/hls/.autopilot/db/dense.cpp.clang.autosim-tb.diag.yml -mllvm -pass-remarks-missed=reflow|pasta|unroll|inline -mllvm -pass-remarks=reflow|pasta|unroll|inline -fno-builtin-isinf -fno-builtin-isnan -E -DGCC_COMPATIBLE_APINT -DAESL_TB -D__HLS_COSIM__ -D__VITIS_HLS__ -I /usr/include/x86_64-linux-gnu -I /home/abdullah/Xilinx/2025.2/Vitis/include -I include /home/abdullah/Desktop/CNN-on-FPGA/src/dense.cpp -o /home/abdullah/Desktop/CNN-on-FPGA/hls_component/top/hls/./sim/autowrap/testbench/dense.cpp_pre.cpp -std=gnu++14 -D__DSP48E1__ --gcc-toolchain=/home/abdullah/Xilinx/2025.2/Vitis/tps/lnx64/gcc-8.3.0 > /home/abdullah/Desktop/CNN-on-FPGA/hls_component/top/hls/.autopilot/db/dense.cpp.clang.autosim-tb.out.log 2> /home/abdullah/Desktop/CNN-on-FPGA/hls_component/top/hls/.autopilot/db/dense.cpp.clang.autosim-tb.err.log
INFO-FLOW: run_clang result=success num-err-msgs=0 num-stderr-lines=0
INFO-FLOW: TB processing: /home/abdullah/Desktop/CNN-on-FPGA/src/dense.cpp /home/abdullah/Desktop/CNN-on-FPGA/hls_component/top/hls/./sim/autowrap/testbench/dense.cpp_pre.cpp
Execute     clang_tidy xilinx-tb-process -desc tb-process /home/abdullah/Desktop/CNN-on-FPGA/hls_component/top/hls/./sim/autowrap/testbench/dense.cpp_pre.cpp.tb.cpp std=gnu++14 
INFO-FLOW: exec /home/abdullah/Xilinx/2025.2/Vitis/lnx64/tools/clang-16/bin/clang-tidy -header-filter=.* --checks=-*,xilinx-tb-process -fix-errors /home/abdullah/Desktop/CNN-on-FPGA/hls_component/top/hls/./sim/autowrap/testbench/dense.cpp_pre.cpp.tb.cpp -- -std=gnu++14 -fhls -ferror-limit=0
Command     clang_tidy done; 1.34 sec.
Execute     ap_part_info -name xc7z020-clg484-1 -data info 
INFO-FLOW: run_clang autosim-tb exec: /home/abdullah/Xilinx/2025.2/Vitis/lnx64/tools/clang-16/bin/clang -foptimization-record-file=/home/abdullah/Desktop/CNN-on-FPGA/hls_component/top/hls/.autopilot/db/conv.cpp.clang.autosim-tb.diag.yml -mllvm -pass-remarks-missed=reflow|pasta|unroll|inline -mllvm -pass-remarks=reflow|pasta|unroll|inline -fno-builtin-isinf -fno-builtin-isnan -E -DGCC_COMPATIBLE_APINT -DAESL_TB -D__HLS_COSIM__ -D__VITIS_HLS__ -I /usr/include/x86_64-linux-gnu -I /home/abdullah/Xilinx/2025.2/Vitis/include -I include /home/abdullah/Desktop/CNN-on-FPGA/src/conv.cpp -o /home/abdullah/Desktop/CNN-on-FPGA/hls_component/top/hls/./sim/autowrap/testbench/conv.cpp_pre.cpp -std=gnu++14 -D__DSP48E1__ --gcc-toolchain=/home/abdullah/Xilinx/2025.2/Vitis/tps/lnx64/gcc-8.3.0 > /home/abdullah/Desktop/CNN-on-FPGA/hls_component/top/hls/.autopilot/db/conv.cpp.clang.autosim-tb.out.log 2> /home/abdullah/Desktop/CNN-on-FPGA/hls_component/top/hls/.autopilot/db/conv.cpp.clang.autosim-tb.err.log
INFO-FLOW: run_clang result=success num-err-msgs=0 num-stderr-lines=0
INFO-FLOW: TB processing: /home/abdullah/Desktop/CNN-on-FPGA/src/conv.cpp /home/abdullah/Desktop/CNN-on-FPGA/hls_component/top/hls/./sim/autowrap/testbench/conv.cpp_pre.cpp
Execute     clang_tidy xilinx-tb-process -desc tb-process /home/abdullah/Desktop/CNN-on-FPGA/hls_component/top/hls/./sim/autowrap/testbench/conv.cpp_pre.cpp.tb.cpp std=gnu++14 
INFO-FLOW: exec /home/abdullah/Xilinx/2025.2/Vitis/lnx64/tools/clang-16/bin/clang-tidy -header-filter=.* --checks=-*,xilinx-tb-process -fix-errors /home/abdullah/Desktop/CNN-on-FPGA/hls_component/top/hls/./sim/autowrap/testbench/conv.cpp_pre.cpp.tb.cpp -- -std=gnu++14 -fhls -ferror-limit=0
Command     clang_tidy done; 1.41 sec.
Execute     source /home/abdullah/Desktop/CNN-on-FPGA/hls_component/top/hls/./sim/autowrap/testbench/tb.status.tcl 
Execute     source /home/abdullah/Desktop/CNN-on-FPGA/hls_component/top/hls/.autopilot/db/global.setting.tcl 
Execute     source /home/abdullah/Desktop/CNN-on-FPGA/hls_component/top/hls/.autopilot/db/top.rtl_wrap.cfg.tcl 
Execute     source /home/abdullah/Desktop/CNN-on-FPGA/hls_component/top/hls/.autopilot/db/top.rtl_wrap.cfg.tcl 
Execute     source /home/abdullah/Desktop/CNN-on-FPGA/hls_component/top/hls/.autopilot/db/top.rtl_wrap.cfg.tcl 
Execute     source /home/abdullah/Desktop/CNN-on-FPGA/hls_component/top/hls/.autopilot/db/top.tbgen.tcl 
Execute     source /home/abdullah/Desktop/CNN-on-FPGA/hls_component/top/hls/.autopilot/db/top.tbgen.tcl 
Execute     source /home/abdullah/Desktop/CNN-on-FPGA/hls_component/top/hls/.autopilot/db/top.tbgen.tcl 
Execute     ap_part_info -name xc7z020-clg484-1 -data info 
Execute     source .run_sim.tcl 
INFO: [COSIM 212-302] Starting C TB testing ... 
Command     ap_source done; 4.22 sec.
Execute     source /home/abdullah/Desktop/CNN-on-FPGA/hls_component/top/hls/.autopilot/db/top.tbgen.tcl 
Execute     source /home/abdullah/Desktop/CNN-on-FPGA/hls_component/top/hls/.autopilot/db/top.tbgen.tcl 
INFO: [COSIM 212-333] Generating C post check test bench ...
Execute     source sim/tv/cdatafile/ref.tcl 
Execute     source /home/abdullah/Desktop/CNN-on-FPGA/hls_component/top/hls/.autopilot/db/top.tbgen.tcl 
Execute     source /home/abdullah/Desktop/CNN-on-FPGA/hls_component/top/hls/.autopilot/db/top.tbgen.tcl 
Execute     source /home/abdullah/Desktop/CNN-on-FPGA/hls_component/top/hls/.autopilot/db/top.tbgen.tcl 
Execute     source /home/abdullah/Desktop/CNN-on-FPGA/hls_component/top/hls/.autopilot/db/top.tbgen.tcl 
Execute     source /home/abdullah/Desktop/CNN-on-FPGA/hls_component/top/hls/.autopilot/db/top.tbgen.tcl 
Execute     source /home/abdullah/Desktop/CNN-on-FPGA/hls_component/top/hls/.autopilot/db/top.tbgen.tcl 
Execute     source /home/abdullah/Desktop/CNN-on-FPGA/hls_component/top/hls/.autopilot/db/top.tbgen.tcl 
Execute     source /home/abdullah/Desktop/CNN-on-FPGA/hls_component/top/hls/.autopilot/db/top.tbgen.tcl 
Execute     source /home/abdullah/Desktop/CNN-on-FPGA/hls_component/top/hls/.autopilot/db/top.tbgen.tcl 
Execute     source /home/abdullah/Desktop/CNN-on-FPGA/hls_component/top/hls/.autopilot/db/top.tbgen.tcl 
INFO: [COSIM 212-12] Generating RTL test bench ...
Execute     source ../tv/cdatafile/ref.tcl 
Execute     source /home/abdullah/Desktop/CNN-on-FPGA/hls_component/top/hls/.autopilot/db/top.tbgen.tcl 
Execute     source /home/abdullah/Desktop/CNN-on-FPGA/hls_component/top/hls/.autopilot/db/top.tbgen.tcl 
Execute     source /home/abdullah/Desktop/CNN-on-FPGA/hls_component/top/hls/.autopilot/db/top.tbgen.tcl 
Execute     source /home/abdullah/Desktop/CNN-on-FPGA/hls_component/top/hls/.autopilot/db/top.tbgen.tcl 
Execute     source ../tv/cdatafile/ref.tcl 
Execute     source /home/abdullah/Desktop/CNN-on-FPGA/hls_component/top/hls/.autopilot/db/top.tbgen.tcl 
Execute     source /home/abdullah/Desktop/CNN-on-FPGA/hls_component/top/hls/.autopilot/db/top.tbgen.tcl 
Execute     source /home/abdullah/Desktop/CNN-on-FPGA/hls_component/top/hls/.autopilot/db/top.tbgen.tcl 
Execute     source /home/abdullah/Desktop/CNN-on-FPGA/hls_component/top/hls/.autopilot/db/top.tbgen.tcl 
Execute     source /home/abdullah/Desktop/CNN-on-FPGA/hls_component/top/hls/.autopilot/db/top.tbgen.tcl 
Execute     source /home/abdullah/Desktop/CNN-on-FPGA/hls_component/top/hls/.autopilot/db/top.tbgen.tcl 
Execute     source /home/abdullah/Desktop/CNN-on-FPGA/hls_component/top/hls/.autopilot/db/top.tbgen.tcl 
Execute     source /home/abdullah/Desktop/CNN-on-FPGA/hls_component/top/hls/.autopilot/db/top.tbgen.tcl 
Execute     source /home/abdullah/Desktop/CNN-on-FPGA/hls_component/top/hls/.autopilot/db/top.tbgen.tcl 
Execute     source /home/abdullah/Desktop/CNN-on-FPGA/hls_component/top/hls/.autopilot/db/top.DependenceCheck.tcl 
Execute     source /home/abdullah/Desktop/CNN-on-FPGA/hls_component/top/hls/.autopilot/db/top.tbgen.tcl 
Execute     source /home/abdullah/Desktop/CNN-on-FPGA/hls_component/top/hls/.autopilot/db/top.tbgen.tcl 
Execute     source /home/abdullah/Desktop/CNN-on-FPGA/hls_component/top/hls/.autopilot/db/top.tbgen.tcl 
Execute     source /home/abdullah/Desktop/CNN-on-FPGA/hls_component/top/hls/.autopilot/db/top.tbgen.tcl 
Execute     source /home/abdullah/Desktop/CNN-on-FPGA/hls_component/top/hls/.autopilot/db/top.tbgen.tcl 
Execute     source /home/abdullah/Desktop/CNN-on-FPGA/hls_component/top/hls/.autopilot/db/top.tbgen.tcl 
Execute     source /home/abdullah/Desktop/CNN-on-FPGA/hls_component/top/hls/.autopilot/db/top.tbgen.tcl 
Execute     source /home/abdullah/Desktop/CNN-on-FPGA/hls_component/top/hls/.autopilot/db/top.tbgen.tcl 
Execute     source /home/abdullah/Desktop/CNN-on-FPGA/hls_component/top/hls/.autopilot/db/top.tbgen.tcl 
Execute     source /home/abdullah/Desktop/CNN-on-FPGA/hls_component/top/hls/.autopilot/db/top.tbgen.tcl 
Execute     source /home/abdullah/Desktop/CNN-on-FPGA/hls_component/top/hls/.autopilot/db/top.tbgen.tcl 
Execute     source /home/abdullah/Desktop/CNN-on-FPGA/hls_component/top/hls/.autopilot/db/top.tbgen.tcl 
Execute     source /home/abdullah/Desktop/CNN-on-FPGA/hls_component/top/hls/.autopilot/db/top.tbgen.tcl 
Execute     source ../tv/cdatafile/ref.tcl 
Execute     source /home/abdullah/Desktop/CNN-on-FPGA/hls_component/top/hls/.autopilot/db/top.tbgen.tcl 
Execute     source /home/abdullah/Desktop/CNN-on-FPGA/hls_component/top/hls/.autopilot/db/top.tbgen.tcl 
INFO: [COSIM 212-1] *** C/RTL co-simulation file generation completed. ***
Execute     source .run_sim.tcl 
Execute       source check_sim.tcl 
Execute       source dataflow_monitor_API.tcl 
Execute       source .sim.status.tcl 
INFO: [COSIM 212-323] Starting verilog simulation. 
INFO: [COSIM 212-15] Starting XSIM ...
INFO: [COSIM 212-316] Starting C post checking ...
Command     ap_source done; 154.72 sec.
INFO: [COSIM 212-1000] *** C/RTL co-simulation finished: PASS ***
Command   cosim_design done; 180.75 sec.
Execute   close_project 
Execute     close_solution 
Execute       cleanup_all 
Execute       cleanup_all 
Execute       source -notrace -encoding utf-8 /home/abdullah/Xilinx/2025.2/Vitis/tps/tcl/tcl8.6/clock.tcl 
Execute         source -encoding utf-8 /home/abdullah/Xilinx/2025.2/tps/tcl/tcl8/8.5/msgcat-1.6.1.tm 
INFO-FLOW: Workspace /home/abdullah/Desktop/CNN-on-FPGA/hls_component/top/hls opened at Sun Mar 15 23:52:51 PKT 2026
Execute       source /home/abdullah/Desktop/CNN-on-FPGA/hls_component/top/hls/.autopilot/db/global.setting.tcl 
Execute       set_part xc7z020-clg484-1 
Execute         create_platform xc7z020-clg484-1 -board  
DBG:HLSDevice: Trying to load device library: /home/abdullah/Xilinx/2025.2/Vitis/lib/lnx64.o/libxv_hlsvwrap.so
DBG:HLSDevice: first parts/arch.xml in RDI_DATADIR: /home/abdullah/Xilinx/2025.2/Vivado/data/parts/arch.xml
DBG:HLSDevice: init success
INFO: [HLS 200-1611] Setting target device to 'xc7z020-clg484-1'
Command         create_platform done; 0.13 sec.
Execute         source /home/abdullah/Xilinx/2025.2/Vitis/common/technology/xilinx/common/xilinx.gen 
Execute           source /home/abdullah/Xilinx/2025.2/Vitis/common/technology/xilinx/interface/plb46.gen 
Execute           source /home/abdullah/Xilinx/2025.2/Vitis/common/technology/xilinx/interface/axi4.gen 
Execute           source /home/abdullah/Xilinx/2025.2/Vitis/common/technology/xilinx/interface/nativeAXI4.gen 
Execute             source /home/abdullah/Xilinx/2025.2/Vitis/common/technology/xilinx/interface/saxilite.gen 
Execute           source /home/abdullah/Xilinx/2025.2/Vitis/common/technology/xilinx/scripts/xilinxcoregen.gen 
Execute           source /home/abdullah/Xilinx/2025.2/Vitis/common/technology/xilinx/interface/XilEDKCoreGen.gen 
Execute           source /home/abdullah/Xilinx/2025.2/Vitis/common/technology/xilinx/ip/util.gen 
Execute           source /home/abdullah/Xilinx/2025.2/Vitis/common/technology/xilinx/ip/dds_compiler.gen 
Execute           source /home/abdullah/Xilinx/2025.2/Vitis/common/technology/xilinx/ip/xfft.gen 
Execute           source /home/abdullah/Xilinx/2025.2/Vitis/common/technology/xilinx/ip/xfir.gen 
Execute           source /home/abdullah/Xilinx/2025.2/Vitis/common/technology/xilinx/DSP48/dsp48.gen 
Execute         ap_part_info -name xc7z020-clg484-1 -data info 
Execute         config_compile -quiet -complex-mul-dsp=0 
Command       set_part done; 0.2 sec.
Execute       send_msg_by_id INFO @200-1505@%s%s default  vivado 
INFO: [HLS 200-1505] Using default flow_target 'vivado'
Execute       send_msg_by_id INFO @200-2174@%s%s component hls_config.cfg 
INFO: [HLS 200-2174] Applying component config ini file hls_config.cfg
Execute       apply_ini hls_config.cfg 
Execute         send_msg_by_id INFO @200-1465@%s 'syn.file=../src/dense.h' from hls_config.cfg(8) 
INFO: [HLS 200-1465] Applying config ini 'syn.file=../src/dense.h' from hls_config.cfg(8)
Execute         add_files /home/abdullah/Desktop/CNN-on-FPGA/src/dense.h 
INFO: [HLS 200-10] Adding design file '/home/abdullah/Desktop/CNN-on-FPGA/src/dense.h' to the project
Execute         send_msg_by_id INFO @200-1465@%s 'syn.file=../src/conv.h' from hls_config.cfg(9) 
INFO: [HLS 200-1465] Applying config ini 'syn.file=../src/conv.h' from hls_config.cfg(9)
Execute         add_files /home/abdullah/Desktop/CNN-on-FPGA/src/conv.h 
INFO: [HLS 200-10] Adding design file '/home/abdullah/Desktop/CNN-on-FPGA/src/conv.h' to the project
Execute         send_msg_by_id INFO @200-1465@%s 'syn.file=../src/pool.h' from hls_config.cfg(10) 
INFO: [HLS 200-1465] Applying config ini 'syn.file=../src/pool.h' from hls_config.cfg(10)
Execute         add_files /home/abdullah/Desktop/CNN-on-FPGA/src/pool.h 
INFO: [HLS 200-10] Adding design file '/home/abdullah/Desktop/CNN-on-FPGA/src/pool.h' to the project
Execute         send_msg_by_id INFO @200-1465@%s 'syn.file=../src/labels.h' from hls_config.cfg(11) 
INFO: [HLS 200-1465] Applying config ini 'syn.file=../src/labels.h' from hls_config.cfg(11)
Execute         add_files /home/abdullah/Desktop/CNN-on-FPGA/src/labels.h 
INFO: [HLS 200-10] Adding design file '/home/abdullah/Desktop/CNN-on-FPGA/src/labels.h' to the project
Execute         send_msg_by_id INFO @200-1465@%s 'syn.file=../src/mnist_dataset.h' from hls_config.cfg(12) 
INFO: [HLS 200-1465] Applying config ini 'syn.file=../src/mnist_dataset.h' from hls_config.cfg(12)
Execute         add_files /home/abdullah/Desktop/CNN-on-FPGA/src/mnist_dataset.h 
INFO: [HLS 200-10] Adding design file '/home/abdullah/Desktop/CNN-on-FPGA/src/mnist_dataset.h' to the project
Execute         send_msg_by_id INFO @200-1465@%s 'syn.file=../src/fc1_weight.h' from hls_config.cfg(13) 
INFO: [HLS 200-1465] Applying config ini 'syn.file=../src/fc1_weight.h' from hls_config.cfg(13)
Execute         add_files /home/abdullah/Desktop/CNN-on-FPGA/src/fc1_weight.h 
INFO: [HLS 200-10] Adding design file '/home/abdullah/Desktop/CNN-on-FPGA/src/fc1_weight.h' to the project
Execute         send_msg_by_id INFO @200-1465@%s 'syn.file=../src/fc1_bias.h' from hls_config.cfg(14) 
INFO: [HLS 200-1465] Applying config ini 'syn.file=../src/fc1_bias.h' from hls_config.cfg(14)
Execute         add_files /home/abdullah/Desktop/CNN-on-FPGA/src/fc1_bias.h 
INFO: [HLS 200-10] Adding design file '/home/abdullah/Desktop/CNN-on-FPGA/src/fc1_bias.h' to the project
Execute         send_msg_by_id INFO @200-1465@%s 'syn.file=../src/conv2_weight.h' from hls_config.cfg(15) 
INFO: [HLS 200-1465] Applying config ini 'syn.file=../src/conv2_weight.h' from hls_config.cfg(15)
Execute         add_files /home/abdullah/Desktop/CNN-on-FPGA/src/conv2_weight.h 
INFO: [HLS 200-10] Adding design file '/home/abdullah/Desktop/CNN-on-FPGA/src/conv2_weight.h' to the project
Execute         send_msg_by_id INFO @200-1465@%s 'syn.file=../src/conv2_bias.h' from hls_config.cfg(16) 
INFO: [HLS 200-1465] Applying config ini 'syn.file=../src/conv2_bias.h' from hls_config.cfg(16)
Execute         add_files /home/abdullah/Desktop/CNN-on-FPGA/src/conv2_bias.h 
INFO: [HLS 200-10] Adding design file '/home/abdullah/Desktop/CNN-on-FPGA/src/conv2_bias.h' to the project
Execute         send_msg_by_id INFO @200-1465@%s 'syn.file=../src/conv1_weight.h' from hls_config.cfg(17) 
INFO: [HLS 200-1465] Applying config ini 'syn.file=../src/conv1_weight.h' from hls_config.cfg(17)
Execute         add_files /home/abdullah/Desktop/CNN-on-FPGA/src/conv1_weight.h 
INFO: [HLS 200-10] Adding design file '/home/abdullah/Desktop/CNN-on-FPGA/src/conv1_weight.h' to the project
Execute         send_msg_by_id INFO @200-1465@%s 'syn.file=../src/conv1_bias.h' from hls_config.cfg(18) 
INFO: [HLS 200-1465] Applying config ini 'syn.file=../src/conv1_bias.h' from hls_config.cfg(18)
Execute         add_files /home/abdullah/Desktop/CNN-on-FPGA/src/conv1_bias.h 
INFO: [HLS 200-10] Adding design file '/home/abdullah/Desktop/CNN-on-FPGA/src/conv1_bias.h' to the project
Execute         send_msg_by_id INFO @200-1465@%s 'syn.file=../src/conv.cpp' from hls_config.cfg(19) 
INFO: [HLS 200-1465] Applying config ini 'syn.file=../src/conv.cpp' from hls_config.cfg(19)
Execute         add_files /home/abdullah/Desktop/CNN-on-FPGA/src/conv.cpp 
INFO: [HLS 200-10] Adding design file '/home/abdullah/Desktop/CNN-on-FPGA/src/conv.cpp' to the project
Execute         send_msg_by_id INFO @200-1465@%s 'syn.file=../src/dense.cpp' from hls_config.cfg(20) 
INFO: [HLS 200-1465] Applying config ini 'syn.file=../src/dense.cpp' from hls_config.cfg(20)
Execute         add_files /home/abdullah/Desktop/CNN-on-FPGA/src/dense.cpp 
INFO: [HLS 200-10] Adding design file '/home/abdullah/Desktop/CNN-on-FPGA/src/dense.cpp' to the project
Execute         send_msg_by_id INFO @200-1465@%s 'syn.file=../src/eight.cpp' from hls_config.cfg(21) 
INFO: [HLS 200-1465] Applying config ini 'syn.file=../src/eight.cpp' from hls_config.cfg(21)
Execute         add_files /home/abdullah/Desktop/CNN-on-FPGA/src/eight.cpp 
INFO: [HLS 200-10] Adding design file '/home/abdullah/Desktop/CNN-on-FPGA/src/eight.cpp' to the project
Execute         send_msg_by_id INFO @200-1465@%s 'syn.file=../src/pool.cpp' from hls_config.cfg(22) 
INFO: [HLS 200-1465] Applying config ini 'syn.file=../src/pool.cpp' from hls_config.cfg(22)
Execute         add_files /home/abdullah/Desktop/CNN-on-FPGA/src/pool.cpp 
INFO: [HLS 200-10] Adding design file '/home/abdullah/Desktop/CNN-on-FPGA/src/pool.cpp' to the project
Execute         send_msg_by_id INFO @200-1465@%s 'tb.file=../src/testbench.cpp' from hls_config.cfg(23) 
INFO: [HLS 200-1465] Applying config ini 'tb.file=../src/testbench.cpp' from hls_config.cfg(23)
Execute         add_files -tb /home/abdullah/Desktop/CNN-on-FPGA/src/testbench.cpp 
INFO: [HLS 200-10] Adding test bench file '/home/abdullah/Desktop/CNN-on-FPGA/src/testbench.cpp' to the project
Execute         send_msg_by_id INFO @200-1465@%s 'syn.top=top' from hls_config.cfg(7) 
INFO: [HLS 200-1465] Applying config ini 'syn.top=top' from hls_config.cfg(7)
Execute         set_top top 
Execute         send_msg_by_id INFO @200-1465@%s 'flow_target=vivado' from hls_config.cfg(4) 
INFO: [HLS 200-1465] Applying config ini 'flow_target=vivado' from hls_config.cfg(4)
Execute         send_msg_by_id INFO @200-1505@%s%s  vivado 
INFO: [HLS 200-1505] Using flow_target 'vivado'
Execute         send_msg_by_id INFO @200-1465@%s 'part=xc7z020clg484-1' from hls_config.cfg(1) 
INFO: [HLS 200-1465] Applying config ini 'part=xc7z020clg484-1' from hls_config.cfg(1)
Execute         set_part xc7z020clg484-1 
Execute           create_platform xc7z020clg484-1 -board  
Execute           source /home/abdullah/Xilinx/2025.2/Vitis/common/technology/xilinx/common/xilinx.gen 
Execute             source /home/abdullah/Xilinx/2025.2/Vitis/common/technology/xilinx/interface/plb46.gen 
Execute             source /home/abdullah/Xilinx/2025.2/Vitis/common/technology/xilinx/interface/axi4.gen 
Execute             source /home/abdullah/Xilinx/2025.2/Vitis/common/technology/xilinx/interface/nativeAXI4.gen 
Execute               source /home/abdullah/Xilinx/2025.2/Vitis/common/technology/xilinx/interface/saxilite.gen 
Execute             source /home/abdullah/Xilinx/2025.2/Vitis/common/technology/xilinx/scripts/xilinxcoregen.gen 
Execute             source /home/abdullah/Xilinx/2025.2/Vitis/common/technology/xilinx/interface/XilEDKCoreGen.gen 
Execute             source /home/abdullah/Xilinx/2025.2/Vitis/common/technology/xilinx/ip/util.gen 
Execute             source /home/abdullah/Xilinx/2025.2/Vitis/common/technology/xilinx/ip/dds_compiler.gen 
Execute             source /home/abdullah/Xilinx/2025.2/Vitis/common/technology/xilinx/ip/xfft.gen 
Execute             source /home/abdullah/Xilinx/2025.2/Vitis/common/technology/xilinx/ip/xfir.gen 
Execute             source /home/abdullah/Xilinx/2025.2/Vitis/common/technology/xilinx/DSP48/dsp48.gen 
Execute           ap_part_info -name xc7z020-clg484-1 -data info 
Execute           config_compile -quiet -complex-mul-dsp=0 
Command         set_part done; 0.11 sec.
Execute         send_msg_by_id INFO @200-1465@%s 'clock=100MHz' from hls_config.cfg(24) 
INFO: [HLS 200-1465] Applying config ini 'clock=100MHz' from hls_config.cfg(24)
Execute         create_clock -period 100mhz 
Execute           ap_set_clock -name default -period 10 -unit ns -default=false 
INFO: [SYN 201-201] Setting up clock 'default' with a period of 10ns.
Execute         send_msg_by_id INFO @200-1465@%s 'clock_uncertainty=12.5%' from hls_config.cfg(25) 
INFO: [HLS 200-1465] Applying config ini 'clock_uncertainty=12.5%' from hls_config.cfg(25)
Execute         set_clock_uncertainty 12.5% 
Execute           ap_set_clock -name default -uncertainty 1.25 -unit % 
INFO: [SYN 201-201] Setting up clock 'default' with an uncertainty of 1.25ns.
Execute         send_msg_by_id INFO @200-1465@%s 'cosim.random_stall=1' from hls_config.cfg(26) 
INFO: [HLS 200-1465] Applying config ini 'cosim.random_stall=1' from hls_config.cfg(26)
Execute         config_cosim -random_stall=1 
Execute         send_msg_by_id INFO @200-1465@%s 'package.output.format=ip_catalog' from hls_config.cfg(5) 
INFO: [HLS 200-1465] Applying config ini 'package.output.format=ip_catalog' from hls_config.cfg(5)
Execute         config_export -format=ip_catalog 
Command       apply_ini done; 0.15 sec.
Execute       write_component -config /home/abdullah/Desktop/CNN-on-FPGA/hls_component/hls_config.cfg 
Execute         send_msg_by_id INFO @200-2176@%s /home/abdullah/Desktop/CNN-on-FPGA/hls_component/top/vitis-comp.json 
INFO: [HLS 200-2176] Writing Vitis IDE component file /home/abdullah/Desktop/CNN-on-FPGA/hls_component/top/vitis-comp.json
Command     open_solution done; 0.38 sec.
Command   open_component done; 0.38 sec.
Execute   apply_ini /home/abdullah/Desktop/CNN-on-FPGA/hls_component/top/hls/config.cmdline -iscmdline 
Execute   ::AP::init_summary_file package-ip 
Execute     AP::app_get_file_relativeroot [AP::app_get_root] {}
Execute     AP::get_vpp_package_output_file
Execute   export_design -flow none 
Execute     config_export -flow=none 
INFO-FLOW: DBG:PUTS: export_design_wrap: -format ip_catalog -rtl verilog
Execute     source /home/abdullah/Desktop/CNN-on-FPGA/hls_component/top/hls/.autopilot/db/global.setting.tcl 
INFO-FLOW: DBG:PUTS:   auto_impl: pack: -export -rtl verilog
INFO-FLOW: DBG:PROC: ::AESL_AUTOIMPL::auto_impl args='-export -rtl verilog'
Execute     source /home/abdullah/Desktop/CNN-on-FPGA/hls_component/top/hls/.autopilot/db/global.setting.tcl 
INFO: [IMPL 213-8] Exporting RTL as a Vivado IP.
INFO-FLOW: DBG:PUTS: automg_wrap -export -pcore_version 1.00.a -rtl vlog -tool Vivado -impltomg_flag
INFO-FLOW: DBG:PROC: ::AESL_AUTOMG::auto_generate args='-export -pcore_version 1.00.a -rtl vlog -tool Vivado -impltomg_flag'
INFO-FLOW: DBG:PUTS:     auto_generate -export -pcore_version 1.00.a -rtl vlog -tool Vivado -impltomg_flag
Execute     source /home/abdullah/Desktop/CNN-on-FPGA/hls_component/top/hls/.autopilot/db/global.setting.tcl 
INFO-FLOW: DBG:PUTS: read_platform_lib /home/abdullah/Desktop/CNN-on-FPGA/hls_component/top/hls/.autopilot/db/global.setting.tcl
Execute     source /home/abdullah/Xilinx/2025.2/Vitis/common/technology/generic/autopilot/common.gen 
Execute       source /home/abdullah/Xilinx/2025.2/Vitis/common/technology/generic/autopilot/APCoreGen.gen 
Execute     source /home/abdullah/Xilinx/2025.2/Vitis/common/technology/generic/autopilot/op.gen 
Execute     source /home/abdullah/Xilinx/2025.2/Vitis/common/technology/generic/autopilot/op_simcore.gen 
Execute     source /home/abdullah/Xilinx/2025.2/Vitis/common/technology/generic/autopilot/interface.gen 
Execute     source /home/abdullah/Desktop/CNN-on-FPGA/hls_component/top/hls/.autopilot/db/global.setting.tcl 
Execute     source /home/abdullah/Xilinx/2025.2/Vitis/common/technology/xilinx/common/xilinx.gen 
Execute       source /home/abdullah/Xilinx/2025.2/Vitis/common/technology/xilinx/interface/plb46.gen 
Execute       source /home/abdullah/Xilinx/2025.2/Vitis/common/technology/xilinx/interface/axi4.gen 
Execute       source /home/abdullah/Xilinx/2025.2/Vitis/common/technology/xilinx/interface/nativeAXI4.gen 
Execute         source /home/abdullah/Xilinx/2025.2/Vitis/common/technology/xilinx/interface/saxilite.gen 
Execute       source /home/abdullah/Xilinx/2025.2/Vitis/common/technology/xilinx/scripts/xilinxcoregen.gen 
Execute       source /home/abdullah/Xilinx/2025.2/Vitis/common/technology/xilinx/interface/XilEDKCoreGen.gen 
Execute       source /home/abdullah/Xilinx/2025.2/Vitis/common/technology/xilinx/ip/util.gen 
Execute       source /home/abdullah/Xilinx/2025.2/Vitis/common/technology/xilinx/ip/dds_compiler.gen 
Execute       source /home/abdullah/Xilinx/2025.2/Vitis/common/technology/xilinx/ip/xfft.gen 
Execute       source /home/abdullah/Xilinx/2025.2/Vitis/common/technology/xilinx/ip/xfir.gen 
Execute       source /home/abdullah/Xilinx/2025.2/Vitis/common/technology/xilinx/DSP48/dsp48.gen 
INFO-FLOW: DBG:PUTS:   using AESL_AUTOCG::g_clock_period=10.000 (was NA)
INFO-FLOW: DBG:PUTS:       initCTypeInfo top_module=top xml_exists=0
Execute     source /home/abdullah/Desktop/CNN-on-FPGA/hls_component/top/hls/.autopilot/db/top.rtl_wrap.cfg.tcl 
Execute     source /home/abdullah/Desktop/CNN-on-FPGA/hls_component/top/hls/.autopilot/db/top.rtl_wrap.cfg.tcl 
Execute     source /home/abdullah/Desktop/CNN-on-FPGA/hls_component/top/hls/.autopilot/db/top.rtl_wrap.cfg.tcl 
Execute     source /home/abdullah/Desktop/CNN-on-FPGA/hls_component/top/hls/.autopilot/db/top.tbgen.tcl 
Execute     source /home/abdullah/Desktop/CNN-on-FPGA/hls_component/top/hls/.autopilot/db/top.tbgen.tcl 
Execute     source /home/abdullah/Desktop/CNN-on-FPGA/hls_component/top/hls/.autopilot/db/top.tbgen.tcl 
Execute     source /home/abdullah/Desktop/CNN-on-FPGA/hls_component/top/hls/.autopilot/db/global.setting.tcl 
Execute     source /home/abdullah/Desktop/CNN-on-FPGA/hls_component/top/hls/.autopilot/db/top.tbgen.tcl 
Execute     source /home/abdullah/Desktop/CNN-on-FPGA/hls_component/top/hls/.autopilot/db/cosimDB.tcl 
INFO-FLOW: DBG:PUTS:       cosim_export_main adding deadlock detection to top
INFO-FLOW: DBG:PUTS:       generate_datafile_ip_script ip_types={vitis sysgen} #gSsdmPorts=0
INFO-FLOW: DBG:PUTS: Skipping loadAnalyze_DB, #g_database=3
INFO-FLOW: DBG:PUTS:       generate_json generate_bd_files=0 generate_xo_files=false #modelList=78 #gSsdmPorts=0
INFO-FLOW: DBG:PROC: ::AP::DESIGN_DATA::generate_json generate_bd_files='0' generate_xo_files='false' modelList='top_flow_control_loop_pipe_sequential_init
top_urem_8ns_4ns_3_12_1
top_sparsemux_33_4_8_1_1
top_sparsemux_33_4_8_1_1
top_sparsemux_33_4_8_1_1
top_sparsemux_33_4_8_1_1
top_sparsemux_33_4_8_1_1
top_sparsemux_33_4_8_1_1
top_sparsemux_33_4_8_1_1
top_sparsemux_33_4_8_1_1
top_sparsemux_33_4_8_1_1
top_sparsemux_17_3_4_1_1
top_mul_4s_8s_12_1_1
top_sparsemux_17_3_4_1_1
top_mul_13ns_15ns_27_1_1
top_sparsemux_17_3_2_1_1
top_sparsemux_17_3_3_1_1
top_sparsemux_17_3_4_1_1
top_sparsemux_17_3_3_1_1
top_mul_3ns_8s_11_1_1
top_mul_8s_3ns_11_1_1
top_sparsemux_17_3_4_1_1
top_sparsemux_17_3_4_1_1
top_sparsemux_17_3_4_1_1
top_sparsemux_17_3_4_1_1
top_mac_muladd_10ns_4ns_5ns_13_4_1
top_flow_control_loop_pipe_sequential_init
top_conv1_temp_RAM_2P_BRAM_1R1W
top_mul_4ns_11ns_13_1_1
top_sparsemux_11_3_7_1_1
top_sparsemux_11_3_7_1_1
top_sparsemux_11_3_7_1_1
top_sparsemux_11_3_7_1_1
top_mac_muladd_8ns_4ns_4ns_11_4_1
top_flow_control_loop_pipe_sequential_init
top_sparsemux_17_3_7_1_1
top_sparsemux_17_3_7_1_1
top_sparsemux_17_3_7_1_1
top_sparsemux_17_3_7_1_1
top_sparsemux_17_3_7_1_1
top_sparsemux_17_3_7_1_1
top_sparsemux_17_3_7_1_1
top_sparsemux_17_3_8_1_1
top_mul_4s_7ns_11_1_1
top_mac_muladd_7ns_3s_11s_12_4_1
top_conv2_Pipeline_CI_2_p_ZL12conv2_weight_6_ROM_AUTO_1R
top_conv2_Pipeline_CI_2_p_ZL12conv2_weight_4_ROM_AUTO_1R
top_conv2_Pipeline_CI_2_p_ZL12conv2_weight_3_ROM_AUTO_1R
top_conv2_Pipeline_CI_2_p_ZL12conv2_weight_0_ROM_AUTO_1R
top_conv2_Pipeline_CI_2_p_ZL12conv2_weight_1_ROM_AUTO_1R
top_conv2_Pipeline_CI_2_p_ZL12conv2_weight_2_ROM_AUTO_1R
top_conv2_Pipeline_CI_2_p_ZL12conv2_weight_5_ROM_AUTO_1R
top_conv2_Pipeline_CI_2_p_ZL12conv2_weight_7_ROM_AUTO_1R
top_conv2_Pipeline_CI_2_p_ZL12conv2_weight_8_ROM_AUTO_1R
top_flow_control_loop_pipe_sequential_init
top_sparsemux_33_4_3_1_1
top_mac_muladd_7ns_5ns_3ns_11_4_1
top_flow_control_loop_pipe_sequential_init
top_sparsemux_21_4_2_1_1
top_mul_7ns_4s_11_1_1
top_mac_muladd_10ns_4ns_10ns_13_4_1
top_top_Pipeline_DENSE_OUTER_DENSE_INNER_fc1_weight_ROM_AUTO_1R
top_flow_control_loop_pipe_sequential_init
top_outputConv_RAM_2P_BRAM_1R1W
top_outputPool_RAM_2P_BRAM_1R1W
top_outputConv2_RAM_2P_BRAM_1R1W
top_outputPool2_RAM_AUTO_1R1W
top_gmem0_m_axi
top_control_s_axi
conv1_Pipeline_LOAD_1
conv1_Pipeline_CO_1_H_1_W_1
conv1
pool
conv2_Pipeline_CI_2
conv2
pool_1
top_Pipeline_DENSE_OUTER_DENSE_INNER
top
' rtl_lang='vlog' bootstrap_tcl='false' outdir='' outfilename=''
Execute     source /home/abdullah/Desktop/CNN-on-FPGA/hls_component/top/hls/.autopilot/db/global.setting.tcl 
Execute     source /home/abdullah/Desktop/CNN-on-FPGA/hls_component/top/hls/.autopilot/db/global.setting.tcl 
Execute     source /home/abdullah/Desktop/CNN-on-FPGA/hls_component/top/hls/.autopilot/db/top-io-be.tcl 
Execute     source /home/abdullah/Desktop/CNN-on-FPGA/hls_component/top/hls/.autopilot/db/top.tbgen.tcl 
Execute     source /home/abdullah/Desktop/CNN-on-FPGA/hls_component/top/hls/.autopilot/db/top.compgen.dataonly.tcl 
Execute     source /home/abdullah/Desktop/CNN-on-FPGA/hls_component/top/hls/.autopilot/db/top.compgen.dataonly.tcl 
Execute     source /home/abdullah/Desktop/CNN-on-FPGA/hls_component/top/hls/.autopilot/db/top.rtl_wrap.cfg.tcl 
Execute     source /home/abdullah/Desktop/CNN-on-FPGA/hls_component/top/hls/.autopilot/db/top.compgen.dataonly.tcl 
Execute     source /home/abdullah/Desktop/CNN-on-FPGA/hls_component/top/hls/.autopilot/db/conv1_Pipeline_LOAD_1.tbgen.tcl 
Execute     source /home/abdullah/Desktop/CNN-on-FPGA/hls_component/top/hls/.autopilot/db/conv1_Pipeline_CO_1_H_1_W_1.tbgen.tcl 
Execute     source /home/abdullah/Desktop/CNN-on-FPGA/hls_component/top/hls/.autopilot/db/conv1.tbgen.tcl 
Execute     source /home/abdullah/Desktop/CNN-on-FPGA/hls_component/top/hls/.autopilot/db/pool.tbgen.tcl 
Execute     source /home/abdullah/Desktop/CNN-on-FPGA/hls_component/top/hls/.autopilot/db/conv2_Pipeline_CI_2.tbgen.tcl 
Execute     source /home/abdullah/Desktop/CNN-on-FPGA/hls_component/top/hls/.autopilot/db/conv2.tbgen.tcl 
Execute     source /home/abdullah/Desktop/CNN-on-FPGA/hls_component/top/hls/.autopilot/db/pool_1.tbgen.tcl 
Execute     source /home/abdullah/Desktop/CNN-on-FPGA/hls_component/top/hls/.autopilot/db/top_Pipeline_DENSE_OUTER_DENSE_INNER.tbgen.tcl 
Execute     source /home/abdullah/Desktop/CNN-on-FPGA/hls_component/top/hls/.autopilot/db/top.tbgen.tcl 
Execute     source /home/abdullah/Desktop/CNN-on-FPGA/hls_component/top/hls/.autopilot/db/global.setting.tcl 
Execute     ap_part_info -name xc7z020-clg484-1 -data names -quiet 
Execute     ap_part_info -name xc7z020-clg484-1 -data info -quiet 
Execute     source /home/abdullah/Desktop/CNN-on-FPGA/hls_component/top/hls/.autopilot/db/top.constraint.tcl 
Execute     sc_get_clocks top 
Execute     source /home/abdullah/Desktop/CNN-on-FPGA/hls_component/top/hls/.autopilot/db/global.setting.tcl 
Execute     source /home/abdullah/Xilinx/2025.2/Vitis/tps/tcl/tcllib2.0/fileutil/fileutil.tcl 
Execute       source /home/abdullah/Xilinx/2025.2/Vitis/tps/tcl/tcllib2.0/cmdline/cmdline.tcl 
INFO-FLOW: DBG:PUTS:       generate_syn_sh
Execute     ap_part_info -name xc7z020-clg484-1 -data names -quiet 
Execute     ap_part_info -name xc7z020-clg484-1 -data info -quiet 
Execute     source /home/abdullah/Desktop/CNN-on-FPGA/hls_component/top/hls/.autopilot/db/global.setting.tcl 
INFO-FLOW: DBG:PUTS:       generate_imp_constraints
Execute     ap_part_info -name xc7z020-clg484-1 -data names -quiet 
Execute     ap_part_info -name xc7z020-clg484-1 -data info -quiet 
Execute     source /home/abdullah/Desktop/CNN-on-FPGA/hls_component/top/hls/.autopilot/db/top.constraint.tcl 
Execute     source /home/abdullah/Desktop/CNN-on-FPGA/hls_component/top/hls/.autopilot/db/top.tbgen.tcl 
INFO-FLOW: DBG:PUTS:       delete-temp-dirs pwd=/home/abdullah/Desktop/CNN-on-FPGA/hls_component/top/hls
Execute     ap_part_info -name xc7z020-clg484-1 -data names -quiet 
Execute     ap_part_info -name xc7z020-clg484-1 -data info -quiet 
INFO-FLOW: DBG:PUTS: read_platform_lib /home/abdullah/Desktop/CNN-on-FPGA/hls_component/top/hls/.autopilot/db/global.setting.tcl
Execute     source /home/abdullah/Xilinx/2025.2/Vitis/common/technology/generic/autopilot/common.gen 
Execute       source /home/abdullah/Xilinx/2025.2/Vitis/common/technology/generic/autopilot/APCoreGen.gen 
Execute     source /home/abdullah/Xilinx/2025.2/Vitis/common/technology/generic/autopilot/op.gen 
Execute     source /home/abdullah/Xilinx/2025.2/Vitis/common/technology/generic/autopilot/op_simcore.gen 
Execute     source /home/abdullah/Xilinx/2025.2/Vitis/common/technology/generic/autopilot/interface.gen 
Execute     source /home/abdullah/Desktop/CNN-on-FPGA/hls_component/top/hls/.autopilot/db/global.setting.tcl 
Execute     source /home/abdullah/Xilinx/2025.2/Vitis/common/technology/xilinx/common/xilinx.gen 
Execute       source /home/abdullah/Xilinx/2025.2/Vitis/common/technology/xilinx/interface/plb46.gen 
Execute       source /home/abdullah/Xilinx/2025.2/Vitis/common/technology/xilinx/interface/axi4.gen 
Execute       source /home/abdullah/Xilinx/2025.2/Vitis/common/technology/xilinx/interface/nativeAXI4.gen 
Execute         source /home/abdullah/Xilinx/2025.2/Vitis/common/technology/xilinx/interface/saxilite.gen 
Execute       source /home/abdullah/Xilinx/2025.2/Vitis/common/technology/xilinx/scripts/xilinxcoregen.gen 
Execute       source /home/abdullah/Xilinx/2025.2/Vitis/common/technology/xilinx/interface/XilEDKCoreGen.gen 
Execute       source /home/abdullah/Xilinx/2025.2/Vitis/common/technology/xilinx/ip/util.gen 
Execute       source /home/abdullah/Xilinx/2025.2/Vitis/common/technology/xilinx/ip/dds_compiler.gen 
Execute       source /home/abdullah/Xilinx/2025.2/Vitis/common/technology/xilinx/ip/xfft.gen 
Execute       source /home/abdullah/Xilinx/2025.2/Vitis/common/technology/xilinx/ip/xfir.gen 
Execute       source /home/abdullah/Xilinx/2025.2/Vitis/common/technology/xilinx/DSP48/dsp48.gen 
INFO-FLOW: DBG:PUTS:     IP package: exec /home/abdullah/Desktop/CNN-on-FPGA/hls_component/top/hls/impl/ip/pack.sh
INFO-FLOW: DBG:PUTS:     IP package: success /home/abdullah/Desktop/CNN-on-FPGA/hls_component/top/hls/impl/ip/pack.sh
Execute     send_msg_by_id INFO @200-802@%s top/top.zip 
INFO: [HLS 200-802] Generated output file top/top.zip
Command   export_design done; 5.26 sec.
Execute   close_project 
Execute     close_solution 
Execute       cleanup_all 
Execute       cleanup_all 
Execute       source -notrace -encoding utf-8 /home/abdullah/Xilinx/2025.2/Vitis/tps/tcl/tcl8.6/clock.tcl 
Execute         source -encoding utf-8 /home/abdullah/Xilinx/2025.2/tps/tcl/tcl8/8.5/msgcat-1.6.1.tm 
INFO-FLOW: Workspace /home/abdullah/Desktop/CNN-on-FPGA/hls_component/top/hls opened at Sun Mar 15 23:55:48 PKT 2026
Execute       source /home/abdullah/Desktop/CNN-on-FPGA/hls_component/top/hls/.autopilot/db/global.setting.tcl 
Execute       set_part xc7z020-clg484-1 
Execute         create_platform xc7z020-clg484-1 -board  
DBG:HLSDevice: Trying to load device library: /home/abdullah/Xilinx/2025.2/Vitis/lib/lnx64.o/libxv_hlsvwrap.so
DBG:HLSDevice: first parts/arch.xml in RDI_DATADIR: /home/abdullah/Xilinx/2025.2/Vivado/data/parts/arch.xml
DBG:HLSDevice: init success
INFO: [HLS 200-1611] Setting target device to 'xc7z020-clg484-1'
Command         create_platform done; 0.12 sec.
Execute         source /home/abdullah/Xilinx/2025.2/Vitis/common/technology/xilinx/common/xilinx.gen 
Execute           source /home/abdullah/Xilinx/2025.2/Vitis/common/technology/xilinx/interface/plb46.gen 
Execute           source /home/abdullah/Xilinx/2025.2/Vitis/common/technology/xilinx/interface/axi4.gen 
Execute           source /home/abdullah/Xilinx/2025.2/Vitis/common/technology/xilinx/interface/nativeAXI4.gen 
Execute             source /home/abdullah/Xilinx/2025.2/Vitis/common/technology/xilinx/interface/saxilite.gen 
Execute           source /home/abdullah/Xilinx/2025.2/Vitis/common/technology/xilinx/scripts/xilinxcoregen.gen 
Execute           source /home/abdullah/Xilinx/2025.2/Vitis/common/technology/xilinx/interface/XilEDKCoreGen.gen 
Execute           source /home/abdullah/Xilinx/2025.2/Vitis/common/technology/xilinx/ip/util.gen 
Execute           source /home/abdullah/Xilinx/2025.2/Vitis/common/technology/xilinx/ip/dds_compiler.gen 
Execute           source /home/abdullah/Xilinx/2025.2/Vitis/common/technology/xilinx/ip/xfft.gen 
Execute           source /home/abdullah/Xilinx/2025.2/Vitis/common/technology/xilinx/ip/xfir.gen 
Execute           source /home/abdullah/Xilinx/2025.2/Vitis/common/technology/xilinx/DSP48/dsp48.gen 
Execute         ap_part_info -name xc7z020-clg484-1 -data info 
Execute         config_compile -quiet -complex-mul-dsp=0 
Command       set_part done; 0.18 sec.
Execute       send_msg_by_id INFO @200-1505@%s%s default  vivado 
INFO: [HLS 200-1505] Using default flow_target 'vivado'
Execute       send_msg_by_id INFO @200-2174@%s%s component hls_config.cfg 
INFO: [HLS 200-2174] Applying component config ini file hls_config.cfg
Execute       apply_ini hls_config.cfg 
Execute         send_msg_by_id INFO @200-1465@%s 'syn.file=../src/dense.h' from hls_config.cfg(8) 
INFO: [HLS 200-1465] Applying config ini 'syn.file=../src/dense.h' from hls_config.cfg(8)
Execute         add_files /home/abdullah/Desktop/CNN-on-FPGA/src/dense.h 
INFO: [HLS 200-10] Adding design file '/home/abdullah/Desktop/CNN-on-FPGA/src/dense.h' to the project
Execute         send_msg_by_id INFO @200-1465@%s 'syn.file=../src/conv.h' from hls_config.cfg(9) 
INFO: [HLS 200-1465] Applying config ini 'syn.file=../src/conv.h' from hls_config.cfg(9)
Execute         add_files /home/abdullah/Desktop/CNN-on-FPGA/src/conv.h 
INFO: [HLS 200-10] Adding design file '/home/abdullah/Desktop/CNN-on-FPGA/src/conv.h' to the project
Execute         send_msg_by_id INFO @200-1465@%s 'syn.file=../src/pool.h' from hls_config.cfg(10) 
INFO: [HLS 200-1465] Applying config ini 'syn.file=../src/pool.h' from hls_config.cfg(10)
Execute         add_files /home/abdullah/Desktop/CNN-on-FPGA/src/pool.h 
INFO: [HLS 200-10] Adding design file '/home/abdullah/Desktop/CNN-on-FPGA/src/pool.h' to the project
Execute         send_msg_by_id INFO @200-1465@%s 'syn.file=../src/labels.h' from hls_config.cfg(11) 
INFO: [HLS 200-1465] Applying config ini 'syn.file=../src/labels.h' from hls_config.cfg(11)
Execute         add_files /home/abdullah/Desktop/CNN-on-FPGA/src/labels.h 
INFO: [HLS 200-10] Adding design file '/home/abdullah/Desktop/CNN-on-FPGA/src/labels.h' to the project
Execute         send_msg_by_id INFO @200-1465@%s 'syn.file=../src/mnist_dataset.h' from hls_config.cfg(12) 
INFO: [HLS 200-1465] Applying config ini 'syn.file=../src/mnist_dataset.h' from hls_config.cfg(12)
Execute         add_files /home/abdullah/Desktop/CNN-on-FPGA/src/mnist_dataset.h 
INFO: [HLS 200-10] Adding design file '/home/abdullah/Desktop/CNN-on-FPGA/src/mnist_dataset.h' to the project
Execute         send_msg_by_id INFO @200-1465@%s 'syn.file=../src/fc1_weight.h' from hls_config.cfg(13) 
INFO: [HLS 200-1465] Applying config ini 'syn.file=../src/fc1_weight.h' from hls_config.cfg(13)
Execute         add_files /home/abdullah/Desktop/CNN-on-FPGA/src/fc1_weight.h 
INFO: [HLS 200-10] Adding design file '/home/abdullah/Desktop/CNN-on-FPGA/src/fc1_weight.h' to the project
Execute         send_msg_by_id INFO @200-1465@%s 'syn.file=../src/fc1_bias.h' from hls_config.cfg(14) 
INFO: [HLS 200-1465] Applying config ini 'syn.file=../src/fc1_bias.h' from hls_config.cfg(14)
Execute         add_files /home/abdullah/Desktop/CNN-on-FPGA/src/fc1_bias.h 
INFO: [HLS 200-10] Adding design file '/home/abdullah/Desktop/CNN-on-FPGA/src/fc1_bias.h' to the project
Execute         send_msg_by_id INFO @200-1465@%s 'syn.file=../src/conv2_weight.h' from hls_config.cfg(15) 
INFO: [HLS 200-1465] Applying config ini 'syn.file=../src/conv2_weight.h' from hls_config.cfg(15)
Execute         add_files /home/abdullah/Desktop/CNN-on-FPGA/src/conv2_weight.h 
INFO: [HLS 200-10] Adding design file '/home/abdullah/Desktop/CNN-on-FPGA/src/conv2_weight.h' to the project
Execute         send_msg_by_id INFO @200-1465@%s 'syn.file=../src/conv2_bias.h' from hls_config.cfg(16) 
INFO: [HLS 200-1465] Applying config ini 'syn.file=../src/conv2_bias.h' from hls_config.cfg(16)
Execute         add_files /home/abdullah/Desktop/CNN-on-FPGA/src/conv2_bias.h 
INFO: [HLS 200-10] Adding design file '/home/abdullah/Desktop/CNN-on-FPGA/src/conv2_bias.h' to the project
Execute         send_msg_by_id INFO @200-1465@%s 'syn.file=../src/conv1_weight.h' from hls_config.cfg(17) 
INFO: [HLS 200-1465] Applying config ini 'syn.file=../src/conv1_weight.h' from hls_config.cfg(17)
Execute         add_files /home/abdullah/Desktop/CNN-on-FPGA/src/conv1_weight.h 
INFO: [HLS 200-10] Adding design file '/home/abdullah/Desktop/CNN-on-FPGA/src/conv1_weight.h' to the project
Execute         send_msg_by_id INFO @200-1465@%s 'syn.file=../src/conv1_bias.h' from hls_config.cfg(18) 
INFO: [HLS 200-1465] Applying config ini 'syn.file=../src/conv1_bias.h' from hls_config.cfg(18)
Execute         add_files /home/abdullah/Desktop/CNN-on-FPGA/src/conv1_bias.h 
INFO: [HLS 200-10] Adding design file '/home/abdullah/Desktop/CNN-on-FPGA/src/conv1_bias.h' to the project
Execute         send_msg_by_id INFO @200-1465@%s 'syn.file=../src/conv.cpp' from hls_config.cfg(19) 
INFO: [HLS 200-1465] Applying config ini 'syn.file=../src/conv.cpp' from hls_config.cfg(19)
Execute         add_files /home/abdullah/Desktop/CNN-on-FPGA/src/conv.cpp 
INFO: [HLS 200-10] Adding design file '/home/abdullah/Desktop/CNN-on-FPGA/src/conv.cpp' to the project
Execute         send_msg_by_id INFO @200-1465@%s 'syn.file=../src/dense.cpp' from hls_config.cfg(20) 
INFO: [HLS 200-1465] Applying config ini 'syn.file=../src/dense.cpp' from hls_config.cfg(20)
Execute         add_files /home/abdullah/Desktop/CNN-on-FPGA/src/dense.cpp 
INFO: [HLS 200-10] Adding design file '/home/abdullah/Desktop/CNN-on-FPGA/src/dense.cpp' to the project
Execute         send_msg_by_id INFO @200-1465@%s 'syn.file=../src/eight.cpp' from hls_config.cfg(21) 
INFO: [HLS 200-1465] Applying config ini 'syn.file=../src/eight.cpp' from hls_config.cfg(21)
Execute         add_files /home/abdullah/Desktop/CNN-on-FPGA/src/eight.cpp 
INFO: [HLS 200-10] Adding design file '/home/abdullah/Desktop/CNN-on-FPGA/src/eight.cpp' to the project
Execute         send_msg_by_id INFO @200-1465@%s 'syn.file=../src/pool.cpp' from hls_config.cfg(22) 
INFO: [HLS 200-1465] Applying config ini 'syn.file=../src/pool.cpp' from hls_config.cfg(22)
Execute         add_files /home/abdullah/Desktop/CNN-on-FPGA/src/pool.cpp 
INFO: [HLS 200-10] Adding design file '/home/abdullah/Desktop/CNN-on-FPGA/src/pool.cpp' to the project
Execute         send_msg_by_id INFO @200-1465@%s 'tb.file=../src/testbench.cpp' from hls_config.cfg(23) 
INFO: [HLS 200-1465] Applying config ini 'tb.file=../src/testbench.cpp' from hls_config.cfg(23)
Execute         add_files -tb /home/abdullah/Desktop/CNN-on-FPGA/src/testbench.cpp 
INFO: [HLS 200-10] Adding test bench file '/home/abdullah/Desktop/CNN-on-FPGA/src/testbench.cpp' to the project
Execute         send_msg_by_id INFO @200-1465@%s 'syn.top=top' from hls_config.cfg(7) 
INFO: [HLS 200-1465] Applying config ini 'syn.top=top' from hls_config.cfg(7)
Execute         set_top top 
Execute         send_msg_by_id INFO @200-1465@%s 'flow_target=vivado' from hls_config.cfg(4) 
INFO: [HLS 200-1465] Applying config ini 'flow_target=vivado' from hls_config.cfg(4)
Execute         send_msg_by_id INFO @200-1505@%s%s  vivado 
INFO: [HLS 200-1505] Using flow_target 'vivado'
Execute         send_msg_by_id INFO @200-1465@%s 'part=xc7z020clg484-1' from hls_config.cfg(1) 
INFO: [HLS 200-1465] Applying config ini 'part=xc7z020clg484-1' from hls_config.cfg(1)
Execute         set_part xc7z020clg484-1 
Execute           create_platform xc7z020clg484-1 -board  
Execute           source /home/abdullah/Xilinx/2025.2/Vitis/common/technology/xilinx/common/xilinx.gen 
Execute             source /home/abdullah/Xilinx/2025.2/Vitis/common/technology/xilinx/interface/plb46.gen 
Execute             source /home/abdullah/Xilinx/2025.2/Vitis/common/technology/xilinx/interface/axi4.gen 
Execute             source /home/abdullah/Xilinx/2025.2/Vitis/common/technology/xilinx/interface/nativeAXI4.gen 
Execute               source /home/abdullah/Xilinx/2025.2/Vitis/common/technology/xilinx/interface/saxilite.gen 
Execute             source /home/abdullah/Xilinx/2025.2/Vitis/common/technology/xilinx/scripts/xilinxcoregen.gen 
Execute             source /home/abdullah/Xilinx/2025.2/Vitis/common/technology/xilinx/interface/XilEDKCoreGen.gen 
Execute             source /home/abdullah/Xilinx/2025.2/Vitis/common/technology/xilinx/ip/util.gen 
Execute             source /home/abdullah/Xilinx/2025.2/Vitis/common/technology/xilinx/ip/dds_compiler.gen 
Execute             source /home/abdullah/Xilinx/2025.2/Vitis/common/technology/xilinx/ip/xfft.gen 
Execute             source /home/abdullah/Xilinx/2025.2/Vitis/common/technology/xilinx/ip/xfir.gen 
Execute             source /home/abdullah/Xilinx/2025.2/Vitis/common/technology/xilinx/DSP48/dsp48.gen 
Execute           ap_part_info -name xc7z020-clg484-1 -data info 
Execute           config_compile -quiet -complex-mul-dsp=0 
Command         set_part done; 0.11 sec.
Execute         send_msg_by_id INFO @200-1465@%s 'clock=100MHz' from hls_config.cfg(24) 
INFO: [HLS 200-1465] Applying config ini 'clock=100MHz' from hls_config.cfg(24)
Execute         create_clock -period 100mhz 
Execute           ap_set_clock -name default -period 10 -unit ns -default=false 
INFO: [SYN 201-201] Setting up clock 'default' with a period of 10ns.
Execute         send_msg_by_id INFO @200-1465@%s 'clock_uncertainty=12.5%' from hls_config.cfg(25) 
INFO: [HLS 200-1465] Applying config ini 'clock_uncertainty=12.5%' from hls_config.cfg(25)
Execute         set_clock_uncertainty 12.5% 
Execute           ap_set_clock -name default -uncertainty 1.25 -unit % 
INFO: [SYN 201-201] Setting up clock 'default' with an uncertainty of 1.25ns.
Execute         send_msg_by_id INFO @200-1465@%s 'cosim.random_stall=1' from hls_config.cfg(26) 
INFO: [HLS 200-1465] Applying config ini 'cosim.random_stall=1' from hls_config.cfg(26)
Execute         config_cosim -random_stall=1 
Execute         send_msg_by_id INFO @200-1465@%s 'package.output.format=ip_catalog' from hls_config.cfg(5) 
INFO: [HLS 200-1465] Applying config ini 'package.output.format=ip_catalog' from hls_config.cfg(5)
Execute         config_export -format=ip_catalog 
Command       apply_ini done; 0.15 sec.
Execute       write_component -config /home/abdullah/Desktop/CNN-on-FPGA/hls_component/hls_config.cfg 
Execute         send_msg_by_id INFO @200-2176@%s /home/abdullah/Desktop/CNN-on-FPGA/hls_component/top/vitis-comp.json 
INFO: [HLS 200-2176] Writing Vitis IDE component file /home/abdullah/Desktop/CNN-on-FPGA/hls_component/top/vitis-comp.json
Command     open_solution done; 0.35 sec.
Command   open_component done; 0.36 sec.
Execute   apply_ini /home/abdullah/Desktop/CNN-on-FPGA/hls_component/top/hls/config.cmdline -iscmdline 
Execute   ::AP::init_summary_file vivado-impl 
Execute     AP::app_get_file_relativeroot [AP::app_get_root] {}
Execute   export_design -flow impl 
Execute     config_export -flow=impl 
INFO-FLOW: DBG:PUTS: export_design_wrap: -flow impl -format ip_catalog -rtl verilog
Execute     source /home/abdullah/Desktop/CNN-on-FPGA/hls_component/top/hls/.autopilot/db/global.setting.tcl 
INFO-FLOW: DBG:PUTS:   auto_impl: pack: -export -rtl verilog
INFO-FLOW: DBG:PROC: ::AESL_AUTOIMPL::auto_impl args='-export -rtl verilog'
Execute     source /home/abdullah/Desktop/CNN-on-FPGA/hls_component/top/hls/.autopilot/db/global.setting.tcl 
INFO: [IMPL 213-8] Exporting RTL as a Vivado IP.
INFO-FLOW: DBG:PUTS: automg_wrap -export -pcore_version 1.00.a -rtl vlog -tool Vivado -impltomg_flag
INFO-FLOW: DBG:PROC: ::AESL_AUTOMG::auto_generate args='-export -pcore_version 1.00.a -rtl vlog -tool Vivado -impltomg_flag'
INFO-FLOW: DBG:PUTS:     auto_generate -export -pcore_version 1.00.a -rtl vlog -tool Vivado -impltomg_flag
Execute     source /home/abdullah/Desktop/CNN-on-FPGA/hls_component/top/hls/.autopilot/db/global.setting.tcl 
INFO-FLOW: DBG:PUTS: read_platform_lib /home/abdullah/Desktop/CNN-on-FPGA/hls_component/top/hls/.autopilot/db/global.setting.tcl
Execute     source /home/abdullah/Xilinx/2025.2/Vitis/common/technology/generic/autopilot/common.gen 
Execute       source /home/abdullah/Xilinx/2025.2/Vitis/common/technology/generic/autopilot/APCoreGen.gen 
Execute     source /home/abdullah/Xilinx/2025.2/Vitis/common/technology/generic/autopilot/op.gen 
Execute     source /home/abdullah/Xilinx/2025.2/Vitis/common/technology/generic/autopilot/op_simcore.gen 
Execute     source /home/abdullah/Xilinx/2025.2/Vitis/common/technology/generic/autopilot/interface.gen 
Execute     source /home/abdullah/Desktop/CNN-on-FPGA/hls_component/top/hls/.autopilot/db/global.setting.tcl 
Execute     source /home/abdullah/Xilinx/2025.2/Vitis/common/technology/xilinx/common/xilinx.gen 
Execute       source /home/abdullah/Xilinx/2025.2/Vitis/common/technology/xilinx/interface/plb46.gen 
Execute       source /home/abdullah/Xilinx/2025.2/Vitis/common/technology/xilinx/interface/axi4.gen 
Execute       source /home/abdullah/Xilinx/2025.2/Vitis/common/technology/xilinx/interface/nativeAXI4.gen 
Execute         source /home/abdullah/Xilinx/2025.2/Vitis/common/technology/xilinx/interface/saxilite.gen 
Execute       source /home/abdullah/Xilinx/2025.2/Vitis/common/technology/xilinx/scripts/xilinxcoregen.gen 
Execute       source /home/abdullah/Xilinx/2025.2/Vitis/common/technology/xilinx/interface/XilEDKCoreGen.gen 
Execute       source /home/abdullah/Xilinx/2025.2/Vitis/common/technology/xilinx/ip/util.gen 
Execute       source /home/abdullah/Xilinx/2025.2/Vitis/common/technology/xilinx/ip/dds_compiler.gen 
Execute       source /home/abdullah/Xilinx/2025.2/Vitis/common/technology/xilinx/ip/xfft.gen 
Execute       source /home/abdullah/Xilinx/2025.2/Vitis/common/technology/xilinx/ip/xfir.gen 
Execute       source /home/abdullah/Xilinx/2025.2/Vitis/common/technology/xilinx/DSP48/dsp48.gen 
INFO-FLOW: DBG:PUTS:   using AESL_AUTOCG::g_clock_period=10.000 (was NA)
INFO-FLOW: DBG:PUTS:       initCTypeInfo top_module=top xml_exists=1
Execute     source /home/abdullah/Desktop/CNN-on-FPGA/hls_component/top/hls/.autopilot/db/top.rtl_wrap.cfg.tcl 
Execute     source /home/abdullah/Desktop/CNN-on-FPGA/hls_component/top/hls/.autopilot/db/top.rtl_wrap.cfg.tcl 
Execute     source /home/abdullah/Desktop/CNN-on-FPGA/hls_component/top/hls/.autopilot/db/top.rtl_wrap.cfg.tcl 
Execute     source /home/abdullah/Desktop/CNN-on-FPGA/hls_component/top/hls/.autopilot/db/top.tbgen.tcl 
Execute     source /home/abdullah/Desktop/CNN-on-FPGA/hls_component/top/hls/.autopilot/db/top.tbgen.tcl 
Execute     source /home/abdullah/Desktop/CNN-on-FPGA/hls_component/top/hls/.autopilot/db/top.tbgen.tcl 
Execute     source /home/abdullah/Desktop/CNN-on-FPGA/hls_component/top/hls/.autopilot/db/global.setting.tcl 
Execute     source /home/abdullah/Desktop/CNN-on-FPGA/hls_component/top/hls/.autopilot/db/top.tbgen.tcl 
Execute     source /home/abdullah/Desktop/CNN-on-FPGA/hls_component/top/hls/.autopilot/db/cosimDB.tcl 
INFO-FLOW: DBG:PUTS:       cosim_export_main adding deadlock detection to top
INFO-FLOW: DBG:PUTS:       generate_datafile_ip_script ip_types={vitis sysgen} #gSsdmPorts=0
INFO-FLOW: DBG:PUTS: Skipping loadAnalyze_DB, #g_database=3
INFO-FLOW: DBG:PUTS:       generate_json generate_bd_files=0 generate_xo_files=false #modelList=78 #gSsdmPorts=0
INFO-FLOW: DBG:PROC: ::AP::DESIGN_DATA::generate_json generate_bd_files='0' generate_xo_files='false' modelList='top_flow_control_loop_pipe_sequential_init
top_urem_8ns_4ns_3_12_1
top_sparsemux_33_4_8_1_1
top_sparsemux_33_4_8_1_1
top_sparsemux_33_4_8_1_1
top_sparsemux_33_4_8_1_1
top_sparsemux_33_4_8_1_1
top_sparsemux_33_4_8_1_1
top_sparsemux_33_4_8_1_1
top_sparsemux_33_4_8_1_1
top_sparsemux_33_4_8_1_1
top_sparsemux_17_3_4_1_1
top_mul_4s_8s_12_1_1
top_sparsemux_17_3_4_1_1
top_mul_13ns_15ns_27_1_1
top_sparsemux_17_3_2_1_1
top_sparsemux_17_3_3_1_1
top_sparsemux_17_3_4_1_1
top_sparsemux_17_3_3_1_1
top_mul_3ns_8s_11_1_1
top_mul_8s_3ns_11_1_1
top_sparsemux_17_3_4_1_1
top_sparsemux_17_3_4_1_1
top_sparsemux_17_3_4_1_1
top_sparsemux_17_3_4_1_1
top_mac_muladd_10ns_4ns_5ns_13_4_1
top_flow_control_loop_pipe_sequential_init
top_conv1_temp_RAM_2P_BRAM_1R1W
top_mul_4ns_11ns_13_1_1
top_sparsemux_11_3_7_1_1
top_sparsemux_11_3_7_1_1
top_sparsemux_11_3_7_1_1
top_sparsemux_11_3_7_1_1
top_mac_muladd_8ns_4ns_4ns_11_4_1
top_flow_control_loop_pipe_sequential_init
top_sparsemux_17_3_7_1_1
top_sparsemux_17_3_7_1_1
top_sparsemux_17_3_7_1_1
top_sparsemux_17_3_7_1_1
top_sparsemux_17_3_7_1_1
top_sparsemux_17_3_7_1_1
top_sparsemux_17_3_7_1_1
top_sparsemux_17_3_8_1_1
top_mul_4s_7ns_11_1_1
top_mac_muladd_7ns_3s_11s_12_4_1
top_conv2_Pipeline_CI_2_p_ZL12conv2_weight_6_ROM_AUTO_1R
top_conv2_Pipeline_CI_2_p_ZL12conv2_weight_4_ROM_AUTO_1R
top_conv2_Pipeline_CI_2_p_ZL12conv2_weight_3_ROM_AUTO_1R
top_conv2_Pipeline_CI_2_p_ZL12conv2_weight_0_ROM_AUTO_1R
top_conv2_Pipeline_CI_2_p_ZL12conv2_weight_1_ROM_AUTO_1R
top_conv2_Pipeline_CI_2_p_ZL12conv2_weight_2_ROM_AUTO_1R
top_conv2_Pipeline_CI_2_p_ZL12conv2_weight_5_ROM_AUTO_1R
top_conv2_Pipeline_CI_2_p_ZL12conv2_weight_7_ROM_AUTO_1R
top_conv2_Pipeline_CI_2_p_ZL12conv2_weight_8_ROM_AUTO_1R
top_flow_control_loop_pipe_sequential_init
top_sparsemux_33_4_3_1_1
top_mac_muladd_7ns_5ns_3ns_11_4_1
top_flow_control_loop_pipe_sequential_init
top_sparsemux_21_4_2_1_1
top_mul_7ns_4s_11_1_1
top_mac_muladd_10ns_4ns_10ns_13_4_1
top_top_Pipeline_DENSE_OUTER_DENSE_INNER_fc1_weight_ROM_AUTO_1R
top_flow_control_loop_pipe_sequential_init
top_outputConv_RAM_2P_BRAM_1R1W
top_outputPool_RAM_2P_BRAM_1R1W
top_outputConv2_RAM_2P_BRAM_1R1W
top_outputPool2_RAM_AUTO_1R1W
top_gmem0_m_axi
top_control_s_axi
conv1_Pipeline_LOAD_1
conv1_Pipeline_CO_1_H_1_W_1
conv1
pool
conv2_Pipeline_CI_2
conv2
pool_1
top_Pipeline_DENSE_OUTER_DENSE_INNER
top
' rtl_lang='vlog' bootstrap_tcl='false' outdir='' outfilename=''
Execute     source /home/abdullah/Desktop/CNN-on-FPGA/hls_component/top/hls/.autopilot/db/global.setting.tcl 
Execute     source /home/abdullah/Desktop/CNN-on-FPGA/hls_component/top/hls/.autopilot/db/global.setting.tcl 
Execute     source /home/abdullah/Desktop/CNN-on-FPGA/hls_component/top/hls/.autopilot/db/top-io-be.tcl 
Execute     source /home/abdullah/Desktop/CNN-on-FPGA/hls_component/top/hls/.autopilot/db/top.tbgen.tcl 
Execute     source /home/abdullah/Desktop/CNN-on-FPGA/hls_component/top/hls/.autopilot/db/top.compgen.dataonly.tcl 
Execute     source /home/abdullah/Desktop/CNN-on-FPGA/hls_component/top/hls/.autopilot/db/top.compgen.dataonly.tcl 
Execute     source /home/abdullah/Desktop/CNN-on-FPGA/hls_component/top/hls/.autopilot/db/top.rtl_wrap.cfg.tcl 
Execute     source /home/abdullah/Desktop/CNN-on-FPGA/hls_component/top/hls/.autopilot/db/top.compgen.dataonly.tcl 
Execute     source /home/abdullah/Desktop/CNN-on-FPGA/hls_component/top/hls/.autopilot/db/conv1_Pipeline_LOAD_1.tbgen.tcl 
Execute     source /home/abdullah/Desktop/CNN-on-FPGA/hls_component/top/hls/.autopilot/db/conv1_Pipeline_CO_1_H_1_W_1.tbgen.tcl 
Execute     source /home/abdullah/Desktop/CNN-on-FPGA/hls_component/top/hls/.autopilot/db/conv1.tbgen.tcl 
Execute     source /home/abdullah/Desktop/CNN-on-FPGA/hls_component/top/hls/.autopilot/db/pool.tbgen.tcl 
Execute     source /home/abdullah/Desktop/CNN-on-FPGA/hls_component/top/hls/.autopilot/db/conv2_Pipeline_CI_2.tbgen.tcl 
Execute     source /home/abdullah/Desktop/CNN-on-FPGA/hls_component/top/hls/.autopilot/db/conv2.tbgen.tcl 
Execute     source /home/abdullah/Desktop/CNN-on-FPGA/hls_component/top/hls/.autopilot/db/pool_1.tbgen.tcl 
Execute     source /home/abdullah/Desktop/CNN-on-FPGA/hls_component/top/hls/.autopilot/db/top_Pipeline_DENSE_OUTER_DENSE_INNER.tbgen.tcl 
Execute     source /home/abdullah/Desktop/CNN-on-FPGA/hls_component/top/hls/.autopilot/db/top.tbgen.tcl 
Execute     source /home/abdullah/Desktop/CNN-on-FPGA/hls_component/top/hls/.autopilot/db/global.setting.tcl 
Execute     ap_part_info -name xc7z020-clg484-1 -data names -quiet 
Execute     ap_part_info -name xc7z020-clg484-1 -data info -quiet 
Execute     source /home/abdullah/Desktop/CNN-on-FPGA/hls_component/top/hls/.autopilot/db/top.constraint.tcl 
Execute     sc_get_clocks top 
Execute     source /home/abdullah/Desktop/CNN-on-FPGA/hls_component/top/hls/.autopilot/db/global.setting.tcl 
Execute     source /home/abdullah/Xilinx/2025.2/Vitis/tps/tcl/tcllib2.0/fileutil/fileutil.tcl 
Execute       source /home/abdullah/Xilinx/2025.2/Vitis/tps/tcl/tcllib2.0/cmdline/cmdline.tcl 
INFO-FLOW: DBG:PUTS:       generate_syn_sh
Execute     ap_part_info -name xc7z020-clg484-1 -data names -quiet 
Execute     ap_part_info -name xc7z020-clg484-1 -data info -quiet 
Execute     source /home/abdullah/Desktop/CNN-on-FPGA/hls_component/top/hls/.autopilot/db/global.setting.tcl 
INFO-FLOW: DBG:PUTS:       generate_imp_constraints
Execute     ap_part_info -name xc7z020-clg484-1 -data names -quiet 
Execute     ap_part_info -name xc7z020-clg484-1 -data info -quiet 
Execute     source /home/abdullah/Desktop/CNN-on-FPGA/hls_component/top/hls/.autopilot/db/top.constraint.tcl 
Execute     source /home/abdullah/Desktop/CNN-on-FPGA/hls_component/top/hls/.autopilot/db/top.tbgen.tcl 
INFO-FLOW: DBG:PUTS:       delete-temp-dirs pwd=/home/abdullah/Desktop/CNN-on-FPGA/hls_component/top/hls
Execute     ap_part_info -name xc7z020-clg484-1 -data names -quiet 
Execute     ap_part_info -name xc7z020-clg484-1 -data info -quiet 
INFO-FLOW: DBG:PUTS: read_platform_lib /home/abdullah/Desktop/CNN-on-FPGA/hls_component/top/hls/.autopilot/db/global.setting.tcl
Execute     source /home/abdullah/Xilinx/2025.2/Vitis/common/technology/generic/autopilot/common.gen 
Execute       source /home/abdullah/Xilinx/2025.2/Vitis/common/technology/generic/autopilot/APCoreGen.gen 
Execute     source /home/abdullah/Xilinx/2025.2/Vitis/common/technology/generic/autopilot/op.gen 
Execute     source /home/abdullah/Xilinx/2025.2/Vitis/common/technology/generic/autopilot/op_simcore.gen 
Execute     source /home/abdullah/Xilinx/2025.2/Vitis/common/technology/generic/autopilot/interface.gen 
Execute     source /home/abdullah/Desktop/CNN-on-FPGA/hls_component/top/hls/.autopilot/db/global.setting.tcl 
Execute     source /home/abdullah/Xilinx/2025.2/Vitis/common/technology/xilinx/common/xilinx.gen 
Execute       source /home/abdullah/Xilinx/2025.2/Vitis/common/technology/xilinx/interface/plb46.gen 
Execute       source /home/abdullah/Xilinx/2025.2/Vitis/common/technology/xilinx/interface/axi4.gen 
Execute       source /home/abdullah/Xilinx/2025.2/Vitis/common/technology/xilinx/interface/nativeAXI4.gen 
Execute         source /home/abdullah/Xilinx/2025.2/Vitis/common/technology/xilinx/interface/saxilite.gen 
Execute       source /home/abdullah/Xilinx/2025.2/Vitis/common/technology/xilinx/scripts/xilinxcoregen.gen 
Execute       source /home/abdullah/Xilinx/2025.2/Vitis/common/technology/xilinx/interface/XilEDKCoreGen.gen 
Execute       source /home/abdullah/Xilinx/2025.2/Vitis/common/technology/xilinx/ip/util.gen 
Execute       source /home/abdullah/Xilinx/2025.2/Vitis/common/technology/xilinx/ip/dds_compiler.gen 
Execute       source /home/abdullah/Xilinx/2025.2/Vitis/common/technology/xilinx/ip/xfft.gen 
Execute       source /home/abdullah/Xilinx/2025.2/Vitis/common/technology/xilinx/ip/xfir.gen 
Execute       source /home/abdullah/Xilinx/2025.2/Vitis/common/technology/xilinx/DSP48/dsp48.gen 
INFO-FLOW: DBG:PUTS:     IP package: exec /home/abdullah/Desktop/CNN-on-FPGA/hls_component/top/hls/impl/ip/pack.sh
INFO-FLOW: DBG:PUTS:     IP package: success /home/abdullah/Desktop/CNN-on-FPGA/hls_component/top/hls/impl/ip/pack.sh
INFO-FLOW: DBG:PUTS:   auto_impl: eval: -flow impl -rtl verilog
INFO-FLOW: DBG:PROC: ::AESL_AUTOIMPL::auto_impl args='-flow impl -rtl verilog'
Execute     source /home/abdullah/Desktop/CNN-on-FPGA/hls_component/top/hls/.autopilot/db/global.setting.tcl 
INFO: [IMPL 213-8] Starting RTL evaluation using Vivado ...
INFO-FLOW: DBG:PUTS: automg_wrap -rtl vlog -tool Vivado -impltomg_flag
INFO-FLOW: DBG:PROC: ::AESL_AUTOMG::auto_generate args='-rtl vlog -tool Vivado -impltomg_flag'
INFO-FLOW: DBG:PUTS:     auto_generate -rtl vlog -tool Vivado -impltomg_flag
Execute     source /home/abdullah/Desktop/CNN-on-FPGA/hls_component/top/hls/.autopilot/db/global.setting.tcl 
INFO-FLOW: DBG:PUTS: read_platform_lib /home/abdullah/Desktop/CNN-on-FPGA/hls_component/top/hls/.autopilot/db/global.setting.tcl
Execute     source /home/abdullah/Xilinx/2025.2/Vitis/common/technology/generic/autopilot/common.gen 
Execute       source /home/abdullah/Xilinx/2025.2/Vitis/common/technology/generic/autopilot/APCoreGen.gen 
Execute     source /home/abdullah/Xilinx/2025.2/Vitis/common/technology/generic/autopilot/op.gen 
Execute     source /home/abdullah/Xilinx/2025.2/Vitis/common/technology/generic/autopilot/op_simcore.gen 
Execute     source /home/abdullah/Xilinx/2025.2/Vitis/common/technology/generic/autopilot/interface.gen 
Execute     source /home/abdullah/Desktop/CNN-on-FPGA/hls_component/top/hls/.autopilot/db/global.setting.tcl 
Execute     source /home/abdullah/Xilinx/2025.2/Vitis/common/technology/xilinx/common/xilinx.gen 
Execute       source /home/abdullah/Xilinx/2025.2/Vitis/common/technology/xilinx/interface/plb46.gen 
Execute       source /home/abdullah/Xilinx/2025.2/Vitis/common/technology/xilinx/interface/axi4.gen 
Execute       source /home/abdullah/Xilinx/2025.2/Vitis/common/technology/xilinx/interface/nativeAXI4.gen 
Execute         source /home/abdullah/Xilinx/2025.2/Vitis/common/technology/xilinx/interface/saxilite.gen 
Execute       source /home/abdullah/Xilinx/2025.2/Vitis/common/technology/xilinx/scripts/xilinxcoregen.gen 
Execute       source /home/abdullah/Xilinx/2025.2/Vitis/common/technology/xilinx/interface/XilEDKCoreGen.gen 
Execute       source /home/abdullah/Xilinx/2025.2/Vitis/common/technology/xilinx/ip/util.gen 
Execute       source /home/abdullah/Xilinx/2025.2/Vitis/common/technology/xilinx/ip/dds_compiler.gen 
Execute       source /home/abdullah/Xilinx/2025.2/Vitis/common/technology/xilinx/ip/xfft.gen 
Execute       source /home/abdullah/Xilinx/2025.2/Vitis/common/technology/xilinx/ip/xfir.gen 
Execute       source /home/abdullah/Xilinx/2025.2/Vitis/common/technology/xilinx/DSP48/dsp48.gen 
INFO-FLOW: DBG:PUTS:       generate_syn_sh
Execute     ap_part_info -name xc7z020-clg484-1 -data names -quiet 
Execute     ap_part_info -name xc7z020-clg484-1 -data info -quiet 
Execute     source /home/abdullah/Desktop/CNN-on-FPGA/hls_component/top/hls/.autopilot/db/global.setting.tcl 
INFO-FLOW: DBG:PUTS:       generate_imp_constraints
Execute     ap_part_info -name xc7z020-clg484-1 -data names -quiet 
Execute     ap_part_info -name xc7z020-clg484-1 -data info -quiet 
Execute     source /home/abdullah/Desktop/CNN-on-FPGA/hls_component/top/hls/.autopilot/db/top.constraint.tcl 
Execute     source /home/abdullah/Desktop/CNN-on-FPGA/hls_component/top/hls/.autopilot/db/top.tbgen.tcl 
INFO-FLOW: DBG:PUTS:       delete-temp-dirs pwd=/home/abdullah/Desktop/CNN-on-FPGA/hls_component/top/hls
Execute     ap_part_info -name xc7z020-clg484-1 -data names -quiet 
Execute     ap_part_info -name xc7z020-clg484-1 -data info -quiet 
INFO-FLOW: DBG:PUTS: read_platform_lib /home/abdullah/Desktop/CNN-on-FPGA/hls_component/top/hls/.autopilot/db/global.setting.tcl
Execute     source /home/abdullah/Xilinx/2025.2/Vitis/common/technology/generic/autopilot/common.gen 
Execute       source /home/abdullah/Xilinx/2025.2/Vitis/common/technology/generic/autopilot/APCoreGen.gen 
Execute     source /home/abdullah/Xilinx/2025.2/Vitis/common/technology/generic/autopilot/op.gen 
Execute     source /home/abdullah/Xilinx/2025.2/Vitis/common/technology/generic/autopilot/op_simcore.gen 
Execute     source /home/abdullah/Xilinx/2025.2/Vitis/common/technology/generic/autopilot/interface.gen 
Execute     source /home/abdullah/Desktop/CNN-on-FPGA/hls_component/top/hls/.autopilot/db/global.setting.tcl 
Execute     source /home/abdullah/Xilinx/2025.2/Vitis/common/technology/xilinx/common/xilinx.gen 
Execute       source /home/abdullah/Xilinx/2025.2/Vitis/common/technology/xilinx/interface/plb46.gen 
Execute       source /home/abdullah/Xilinx/2025.2/Vitis/common/technology/xilinx/interface/axi4.gen 
Execute       source /home/abdullah/Xilinx/2025.2/Vitis/common/technology/xilinx/interface/nativeAXI4.gen 
Execute         source /home/abdullah/Xilinx/2025.2/Vitis/common/technology/xilinx/interface/saxilite.gen 
Execute       source /home/abdullah/Xilinx/2025.2/Vitis/common/technology/xilinx/scripts/xilinxcoregen.gen 
Execute       source /home/abdullah/Xilinx/2025.2/Vitis/common/technology/xilinx/interface/XilEDKCoreGen.gen 
Execute       source /home/abdullah/Xilinx/2025.2/Vitis/common/technology/xilinx/ip/util.gen 
Execute       source /home/abdullah/Xilinx/2025.2/Vitis/common/technology/xilinx/ip/dds_compiler.gen 
Execute       source /home/abdullah/Xilinx/2025.2/Vitis/common/technology/xilinx/ip/xfft.gen 
Execute       source /home/abdullah/Xilinx/2025.2/Vitis/common/technology/xilinx/ip/xfir.gen 
Execute       source /home/abdullah/Xilinx/2025.2/Vitis/common/technology/xilinx/DSP48/dsp48.gen 
Execute     source /home/abdullah/Desktop/CNN-on-FPGA/hls_component/top/hls/.autopilot/db/autopilot.rtl.models.tcl 
Execute     source /home/abdullah/Desktop/CNN-on-FPGA/hls_component/top/hls/.autopilot/db/global.setting.tcl 
Execute     ap_part_info -name xc7z020-clg484-1 -data names -quiet 
Execute     ap_part_info -name xc7z020-clg484-1 -data info -quiet 
INFO-FLOW: DBG:PUTS: debug_in_auto_impl: vlog exec /home/abdullah/Desktop/CNN-on-FPGA/hls_component/top/hls/impl/verilog/impl.sh
INFO-FLOW: DBG:PROC: ::HLSREPORTS::auto_impl_report topinfo_dict='RtlTopPrefix {} RtlSubPrefix top_ TopModuleNoPrefix top TopModuleWithPrefix top' export_design_flow='impl' impl_dir='/home/abdullah/Desktop/CNN-on-FPGA/hls_component/top/hls/impl' lang='verilog' out_dir='' flow_names=''
INFO-FLOW: Running: auto_impl_report read csynth_xml
INFO-FLOW: Done: auto_impl_report read csynth_xml time: 0 seconds 
INFO-FLOW: Running: auto_impl_report gen module_node_dict
INFO-FLOW: Done: auto_impl_report gen module_node_dict time: 0 seconds 
INFO-FLOW: Running: auto_impl_report get_csynth_rtlinst_dict
INFO-FLOW: Done: auto_impl_report get_csynth_rtlinst_dict time: 0 seconds 
INFO-FLOW: DBG:PUTS:     auto_impl_report: impl processing xml
INFO-FLOW: Running: auto_impl_report flow=impl process xml nodes: RtlModule (90)
INFO-FLOW: Done: auto_impl_report flow=impl process xml nodes: RtlModule (90) time: 0 seconds 
INFO-FLOW: Running: auto_impl_report flow=impl process xml nodes: TimingPaths (5)
INFO-FLOW: Done: auto_impl_report flow=impl process xml nodes: TimingPaths (5) time: 0 seconds 
Execute     ap_part_info -quiet -data family -name xc7z020-clg484-1 
INFO-FLOW: Running: auto_impl_report flow=impl write xml /home/abdullah/Desktop/CNN-on-FPGA/hls_component/top/hls/impl/report/verilog/export_impl.xml
INFO-FLOW: Done: auto_impl_report flow=impl write xml /home/abdullah/Desktop/CNN-on-FPGA/hls_component/top/hls/impl/report/verilog/export_impl.xml time: 0 seconds 
INFO-FLOW: Running: auto_impl_report flow=impl auto_impl_report_txt /home/abdullah/Desktop/CNN-on-FPGA/hls_component/top/hls/impl/report/verilog/export_impl.rpt
INFO-FLOW: DBG:PROC: ::HLSREPORTS::auto_impl_report_txt xml_root='domNode0x7cf474ca4438' export_design_flow='impl' export_rpt='/home/abdullah/Desktop/CNN-on-FPGA/hls_component/top/hls/impl/report/verilog/export_impl.rpt' rpt_txt_var=''
INFO-FLOW: DBG:PUTS:     wrote export rpt file: export_impl.rpt
INFO-FLOW: Done: auto_impl_report flow=impl auto_impl_report_txt /home/abdullah/Desktop/CNN-on-FPGA/hls_component/top/hls/impl/report/verilog/export_impl.rpt time: 0 seconds 
INFO-FLOW: DBG:PUTS:     auto_impl_report: syn processing xml
INFO-FLOW: Running: auto_impl_report flow=syn process xml nodes: RtlModule (90)
INFO-FLOW: Done: auto_impl_report flow=syn process xml nodes: RtlModule (90) time: 0 seconds 
INFO-FLOW: Running: auto_impl_report flow=syn process xml nodes: TimingPaths (5)
INFO-FLOW: Done: auto_impl_report flow=syn process xml nodes: TimingPaths (5) time: 0 seconds 
Execute     ap_part_info -quiet -data family -name xc7z020-clg484-1 
INFO-FLOW: Running: auto_impl_report flow=syn write xml /home/abdullah/Desktop/CNN-on-FPGA/hls_component/top/hls/impl/report/verilog/export_syn.xml
INFO-FLOW: Done: auto_impl_report flow=syn write xml /home/abdullah/Desktop/CNN-on-FPGA/hls_component/top/hls/impl/report/verilog/export_syn.xml time: 0 seconds 
INFO-FLOW: Running: auto_impl_report flow=syn auto_impl_report_txt /home/abdullah/Desktop/CNN-on-FPGA/hls_component/top/hls/impl/report/verilog/export_syn.rpt
INFO-FLOW: DBG:PROC: ::HLSREPORTS::auto_impl_report_txt xml_root='domNode0x7cf474d546f8' export_design_flow='syn' export_rpt='/home/abdullah/Desktop/CNN-on-FPGA/hls_component/top/hls/impl/report/verilog/export_syn.rpt' rpt_txt_var=''
INFO-FLOW: DBG:PUTS:     wrote export rpt file: export_syn.rpt
INFO-FLOW: Done: auto_impl_report flow=syn auto_impl_report_txt /home/abdullah/Desktop/CNN-on-FPGA/hls_component/top/hls/impl/report/verilog/export_syn.rpt time: 0 seconds 
Execute     send_msg_by_id INFO @200-802@%s top/top.zip 
INFO: [HLS 200-802] Generated output file top/top.zip
Command   export_design done; 213.06 sec.
Execute   close_project 
Execute     close_solution 
Execute       cleanup_all 
Execute       cleanup_all 
