

================================================================
== Vitis HLS Report for 'conv2'
================================================================
* Date:           Sat Mar  7 18:28:22 2026

* Version:        2025.2 (Build 6295257 on Nov 14 2025)
* Project:        top
* Solution:       hls (Vivado IP Flow Target)
* Product family: zynq
* Target device:  xc7z020-clg484-1


================================================================
== Performance Estimates
================================================================
+ Timing: 
    * Summary: 
    +--------+----------+----------+------------+
    |  Clock |  Target  | Estimated| Uncertainty|
    +--------+----------+----------+------------+
    |ap_clk  |  10.00 ns|  8.750 ns|     1.25 ns|
    +--------+----------+----------+------------+

+ Latency: 
    * Summary: 
    +---------+---------+----------+----------+--------+--------+---------+
    |  Latency (cycles) |  Latency (absolute) |     Interval    | Pipeline|
    |   min   |   max   |    min   |    max   |   min  |   max  |   Type  |
    +---------+---------+----------+----------+--------+--------+---------+
    |   113020|   113020|  1.130 ms|  1.130 ms|  113020|  113020|       no|
    +---------+---------+----------+----------+--------+--------+---------+

    + Detail: 
        * Instance: 
        +----------------------------------+-----------------------+---------+---------+-----------+-----------+-----+-----+-------------------+
        |                                  |                       |  Latency (cycles) |   Latency (absolute)  |  Interval |      Pipeline     |
        |             Instance             |         Module        |   min   |   max   |    min    |    max    | min | max |        Type       |
        +----------------------------------+-----------------------+---------+---------+-----------+-----------+-----+-----+-------------------+
        |grp_conv2_Pipeline_LOAD_W_fu_336  |conv2_Pipeline_LOAD_W  |     1155|     1155|  11.550 us|  11.550 us|    0|    0|  loop pipeline stp|
        |grp_conv2_Pipeline_LOAD_B_fu_361  |conv2_Pipeline_LOAD_B  |       18|       18|   0.180 us|   0.180 us|    0|    0|  loop pipeline stp|
        |grp_conv2_Pipeline_LOAD_2_fu_400  |conv2_Pipeline_LOAD_2  |     1571|     1571|  15.710 us|  15.710 us|    0|    0|  loop pipeline stp|
        |grp_conv2_Pipeline_CI_2_fu_415    |conv2_Pipeline_CI_2    |       29|       29|   0.290 us|   0.290 us|    0|    0|  loop pipeline stp|
        +----------------------------------+-----------------------+---------+---------+-----------+-----------+-----+-----+-------------------+

        * Loop: 
        +----------------------+---------+---------+----------+-----------+-----------+------+----------+
        |                      |  Latency (cycles) | Iteration|  Initiation Interval  | Trip |          |
        |       Loop Name      |   min   |   max   |  Latency |  achieved |   target  | Count| Pipelined|
        +----------------------+---------+---------+----------+-----------+-----------+------+----------+
        |- CO_2                |   110240|   110240|      6890|          -|          -|    16|        no|
        | + VITIS_LOOP_94_1    |     6888|     6888|       492|          -|          -|    14|        no|
        |  ++ VITIS_LOOP_95_2  |      490|      490|        35|          -|          -|    14|        no|
        +----------------------+---------+---------+----------+-----------+-----------+------+----------+



================================================================
== Utilization Estimates
================================================================
* Summary: 
+-----------------+---------+-----+--------+-------+-----+
|       Name      | BRAM_18K| DSP |   FF   |  LUT  | URAM|
+-----------------+---------+-----+--------+-------+-----+
|DSP              |        -|    -|       -|      -|    -|
|Expression       |        -|    -|       0|    291|    -|
|FIFO             |        -|    -|       -|      -|    -|
|Instance         |        -|    9|    1391|   3601|    -|
|Memory           |       17|    -|       0|      0|    0|
|Multiplexer      |        -|    -|       0|   1384|    -|
|Register         |        -|    -|     321|      -|    -|
+-----------------+---------+-----+--------+-------+-----+
|Total            |       17|    9|    1712|   5276|    0|
+-----------------+---------+-----+--------+-------+-----+
|Available        |      280|  220|  106400|  53200|    0|
+-----------------+---------+-----+--------+-------+-----+
|Utilization (%)  |        6|    4|       1|      9|    0|
+-----------------+---------+-----+--------+-------+-----+

+ Detail: 
    * Instance: 
    +----------------------------------+-----------------------+---------+----+------+------+-----+
    |             Instance             |         Module        | BRAM_18K| DSP|  FF  |  LUT | URAM|
    +----------------------------------+-----------------------+---------+----+------+------+-----+
    |grp_conv2_Pipeline_CI_2_fu_415    |conv2_Pipeline_CI_2    |        0|   9|  1265|  3222|    0|
    |grp_conv2_Pipeline_LOAD_2_fu_400  |conv2_Pipeline_LOAD_2  |        0|   0|    47|    73|    0|
    |grp_conv2_Pipeline_LOAD_B_fu_361  |conv2_Pipeline_LOAD_B  |        0|   0|    12|    76|    0|
    |grp_conv2_Pipeline_LOAD_W_fu_336  |conv2_Pipeline_LOAD_W  |        0|   0|    67|   165|    0|
    |sparsemux_33_4_8_1_1_U398         |sparsemux_33_4_8_1_1   |        0|   0|     0|    65|    0|
    +----------------------------------+-----------------------+---------+----+------+------+-----+
    |Total                             |                       |        0|   9|  1391|  3601|    0|
    +----------------------------------+-----------------------+---------+----+------+------+-----+

    * DSP: 
    N/A

    * Memory: 
    +----------------------------------------------------------------------+----------------------------------------------------------------------------------+---------+---+----+-----+------+-----+------+-------------+
    |                                Memory                                |                                      Module                                      | BRAM_18K| FF| LUT| URAM| Words| Bits| Banks| W*Bits*Banks|
    +----------------------------------------------------------------------+----------------------------------------------------------------------------------+---------+---+----+-----+------+-----+------+-------------+
    |conv2_ap_fixed_ap_fixed_ap_fixed_ap_fixed_8_5_5_3_0_local_weight_8_U  |conv2_conv2_ap_fixed_ap_fixed_ap_fixed_ap_fixed_8_5_5_3_0_local_weight_8_RAM_bkb  |        1|  0|   0|    0|   128|    8|     1|         1024|
    |conv2_ap_fixed_ap_fixed_ap_fixed_ap_fixed_8_5_5_3_0_local_weight_7_U  |conv2_conv2_ap_fixed_ap_fixed_ap_fixed_ap_fixed_8_5_5_3_0_local_weight_8_RAM_bkb  |        1|  0|   0|    0|   128|    8|     1|         1024|
    |conv2_ap_fixed_ap_fixed_ap_fixed_ap_fixed_8_5_5_3_0_local_weight_6_U  |conv2_conv2_ap_fixed_ap_fixed_ap_fixed_ap_fixed_8_5_5_3_0_local_weight_8_RAM_bkb  |        1|  0|   0|    0|   128|    8|     1|         1024|
    |conv2_ap_fixed_ap_fixed_ap_fixed_ap_fixed_8_5_5_3_0_local_weight_5_U  |conv2_conv2_ap_fixed_ap_fixed_ap_fixed_ap_fixed_8_5_5_3_0_local_weight_8_RAM_bkb  |        1|  0|   0|    0|   128|    8|     1|         1024|
    |conv2_ap_fixed_ap_fixed_ap_fixed_ap_fixed_8_5_5_3_0_local_weight_4_U  |conv2_conv2_ap_fixed_ap_fixed_ap_fixed_ap_fixed_8_5_5_3_0_local_weight_8_RAM_bkb  |        1|  0|   0|    0|   128|    8|     1|         1024|
    |conv2_ap_fixed_ap_fixed_ap_fixed_ap_fixed_8_5_5_3_0_local_weight_3_U  |conv2_conv2_ap_fixed_ap_fixed_ap_fixed_ap_fixed_8_5_5_3_0_local_weight_8_RAM_bkb  |        1|  0|   0|    0|   128|    8|     1|         1024|
    |conv2_ap_fixed_ap_fixed_ap_fixed_ap_fixed_8_5_5_3_0_local_weight_2_U  |conv2_conv2_ap_fixed_ap_fixed_ap_fixed_ap_fixed_8_5_5_3_0_local_weight_8_RAM_bkb  |        1|  0|   0|    0|   128|    8|     1|         1024|
    |conv2_ap_fixed_ap_fixed_ap_fixed_ap_fixed_8_5_5_3_0_local_weight_1_U  |conv2_conv2_ap_fixed_ap_fixed_ap_fixed_ap_fixed_8_5_5_3_0_local_weight_8_RAM_bkb  |        1|  0|   0|    0|   128|    8|     1|         1024|
    |conv2_ap_fixed_ap_fixed_ap_fixed_ap_fixed_8_5_5_3_0_local_weight_U    |conv2_conv2_ap_fixed_ap_fixed_ap_fixed_ap_fixed_8_5_5_3_0_local_weight_8_RAM_bkb  |        1|  0|   0|    0|   128|    8|     1|         1024|
    |temp_U                                                                |conv2_temp_RAM_2P_BRAM_1R1W                                                       |        1|  0|   0|    0|   196|    8|     1|         1568|
    |temp_1_U                                                              |conv2_temp_RAM_2P_BRAM_1R1W                                                       |        1|  0|   0|    0|   196|    8|     1|         1568|
    |temp_2_U                                                              |conv2_temp_RAM_2P_BRAM_1R1W                                                       |        1|  0|   0|    0|   196|    8|     1|         1568|
    |temp_3_U                                                              |conv2_temp_RAM_2P_BRAM_1R1W                                                       |        1|  0|   0|    0|   196|    8|     1|         1568|
    |temp_4_U                                                              |conv2_temp_RAM_2P_BRAM_1R1W                                                       |        1|  0|   0|    0|   196|    8|     1|         1568|
    |temp_5_U                                                              |conv2_temp_RAM_2P_BRAM_1R1W                                                       |        1|  0|   0|    0|   196|    8|     1|         1568|
    |temp_6_U                                                              |conv2_temp_RAM_2P_BRAM_1R1W                                                       |        1|  0|   0|    0|   196|    8|     1|         1568|
    |temp_7_U                                                              |conv2_temp_RAM_2P_BRAM_1R1W                                                       |        1|  0|   0|    0|   196|    8|     1|         1568|
    +----------------------------------------------------------------------+----------------------------------------------------------------------------------+---------+---+----+-----+------+-----+------+-------------+
    |Total                                                                 |                                                                                  |       17|  0|   0|    0|  2720|  136|    17|        21760|
    +----------------------------------------------------------------------+----------------------------------------------------------------------------------+---------+---+----+-----+------+-----+------+-------------+

    * FIFO: 
    N/A

    * Expression: 
    +------------------------+----------+----+---+----+------------+------------+
    |      Variable Name     | Operation| DSP| FF| LUT| Bitwidth P0| Bitwidth P1|
    +------------------------+----------+----+---+----+------------+------------+
    |add_ln107_fu_663_p2     |         +|   0|  0|  13|           4|           1|
    |add_ln108_1_fu_745_p2   |         +|   0|  0|  13|           4|           1|
    |add_ln108_fu_803_p2     |         +|   0|  0|  13|           5|           2|
    |add_ln110_fu_717_p2     |         +|   0|  0|  13|           5|           2|
    |add_ln124_1_fu_909_p2   |         +|   0|  0|  15|           8|           8|
    |add_ln124_2_fu_915_p2   |         +|   0|  0|   8|           8|           8|
    |add_ln124_3_fu_864_p2   |         +|   0|  0|   8|           8|           8|
    |add_ln124_4_fu_870_p2   |         +|   0|  0|   8|           8|           8|
    |add_ln124_5_fu_875_p2   |         +|   0|  0|   8|           8|           8|
    |add_ln124_6_fu_881_p2   |         +|   0|  0|   8|           8|           8|
    |add_ln124_7_fu_921_p2   |         +|   0|  0|   8|           8|           8|
    |add_ln124_fu_903_p2     |         +|   0|  0|  15|           8|           8|
    |add_ln93_fu_583_p2      |         +|   0|  0|  13|           5|           1|
    |sub_ln107_fu_707_p2     |         -|   0|  0|  11|           1|           3|
    |sub_ln127_fu_689_p2     |         -|   0|  0|  15|           8|           8|
    |and_ln110_1_fu_830_p2   |       and|   0|  0|   2|           1|           1|
    |and_ln110_2_fu_836_p2   |       and|   0|  0|   2|           1|           1|
    |and_ln110_3_fu_842_p2   |       and|   0|  0|   2|           1|           1|
    |and_ln110_fu_819_p2     |       and|   0|  0|   2|           1|           1|
    |icmp_ln110_1_fu_729_p2  |      icmp|   0|  0|  13|           4|           3|
    |icmp_ln110_2_fu_814_p2  |      icmp|   0|  0|  13|           5|           4|
    |icmp_ln110_3_fu_825_p2  |      icmp|   0|  0|  13|           4|           3|
    |icmp_ln110_fu_723_p2    |      icmp|   0|  0|  13|           5|           4|
    |icmp_ln128_fu_930_p2    |      icmp|   0|  0|  15|           8|           1|
    |icmp_ln93_fu_577_p2     |      icmp|   0|  0|  14|           5|           6|
    |icmp_ln94_fu_657_p2     |      icmp|   0|  0|  13|           4|           3|
    |icmp_ln95_fu_739_p2     |      icmp|   0|  0|  13|           4|           3|
    |select_ln128_fu_936_p3  |    select|   0|  0|   7|           1|           7|
    +------------------------+----------+----+---+----+------------+------------+
    |Total                   |          |   0|  0| 291|         140|         120|
    +------------------------+----------+----+---+----+------------+------------+

    * Multiplexer: 
    +-----------------------------------------------------------------------------+-----+-----------+-----+-----------+
    |                                     Name                                    | LUT | Input Size| Bits| Total Bits|
    +-----------------------------------------------------------------------------+-----+-----------+-----+-----------+
    |ap_NS_fsm                                                                    |  197|         45|    1|         45|
    |co_fu_218                                                                    |    9|          2|    5|         10|
    |conv2_ap_fixed_ap_fixed_ap_fixed_ap_fixed_8_5_5_3_0_local_weight_1_address0  |   14|          3|    7|         21|
    |conv2_ap_fixed_ap_fixed_ap_fixed_ap_fixed_8_5_5_3_0_local_weight_1_ce0       |   14|          3|    1|          3|
    |conv2_ap_fixed_ap_fixed_ap_fixed_ap_fixed_8_5_5_3_0_local_weight_1_we0       |    9|          2|    1|          2|
    |conv2_ap_fixed_ap_fixed_ap_fixed_ap_fixed_8_5_5_3_0_local_weight_2_address0  |   14|          3|    7|         21|
    |conv2_ap_fixed_ap_fixed_ap_fixed_ap_fixed_8_5_5_3_0_local_weight_2_ce0       |   14|          3|    1|          3|
    |conv2_ap_fixed_ap_fixed_ap_fixed_ap_fixed_8_5_5_3_0_local_weight_2_we0       |    9|          2|    1|          2|
    |conv2_ap_fixed_ap_fixed_ap_fixed_ap_fixed_8_5_5_3_0_local_weight_3_address0  |   14|          3|    7|         21|
    |conv2_ap_fixed_ap_fixed_ap_fixed_ap_fixed_8_5_5_3_0_local_weight_3_ce0       |   14|          3|    1|          3|
    |conv2_ap_fixed_ap_fixed_ap_fixed_ap_fixed_8_5_5_3_0_local_weight_3_we0       |    9|          2|    1|          2|
    |conv2_ap_fixed_ap_fixed_ap_fixed_ap_fixed_8_5_5_3_0_local_weight_4_address0  |   14|          3|    7|         21|
    |conv2_ap_fixed_ap_fixed_ap_fixed_ap_fixed_8_5_5_3_0_local_weight_4_ce0       |   14|          3|    1|          3|
    |conv2_ap_fixed_ap_fixed_ap_fixed_ap_fixed_8_5_5_3_0_local_weight_4_we0       |    9|          2|    1|          2|
    |conv2_ap_fixed_ap_fixed_ap_fixed_ap_fixed_8_5_5_3_0_local_weight_5_address0  |   14|          3|    7|         21|
    |conv2_ap_fixed_ap_fixed_ap_fixed_ap_fixed_8_5_5_3_0_local_weight_5_ce0       |   14|          3|    1|          3|
    |conv2_ap_fixed_ap_fixed_ap_fixed_ap_fixed_8_5_5_3_0_local_weight_5_we0       |    9|          2|    1|          2|
    |conv2_ap_fixed_ap_fixed_ap_fixed_ap_fixed_8_5_5_3_0_local_weight_6_address0  |   14|          3|    7|         21|
    |conv2_ap_fixed_ap_fixed_ap_fixed_ap_fixed_8_5_5_3_0_local_weight_6_ce0       |   14|          3|    1|          3|
    |conv2_ap_fixed_ap_fixed_ap_fixed_ap_fixed_8_5_5_3_0_local_weight_6_we0       |    9|          2|    1|          2|
    |conv2_ap_fixed_ap_fixed_ap_fixed_ap_fixed_8_5_5_3_0_local_weight_7_address0  |   14|          3|    7|         21|
    |conv2_ap_fixed_ap_fixed_ap_fixed_ap_fixed_8_5_5_3_0_local_weight_7_ce0       |   14|          3|    1|          3|
    |conv2_ap_fixed_ap_fixed_ap_fixed_ap_fixed_8_5_5_3_0_local_weight_7_we0       |    9|          2|    1|          2|
    |conv2_ap_fixed_ap_fixed_ap_fixed_ap_fixed_8_5_5_3_0_local_weight_8_address0  |   14|          3|    7|         21|
    |conv2_ap_fixed_ap_fixed_ap_fixed_ap_fixed_8_5_5_3_0_local_weight_8_ce0       |   14|          3|    1|          3|
    |conv2_ap_fixed_ap_fixed_ap_fixed_ap_fixed_8_5_5_3_0_local_weight_8_we0       |    9|          2|    1|          2|
    |conv2_ap_fixed_ap_fixed_ap_fixed_ap_fixed_8_5_5_3_0_local_weight_address0    |   14|          3|    7|         21|
    |conv2_ap_fixed_ap_fixed_ap_fixed_ap_fixed_8_5_5_3_0_local_weight_ce0         |   14|          3|    1|          3|
    |conv2_ap_fixed_ap_fixed_ap_fixed_ap_fixed_8_5_5_3_0_local_weight_we0         |    9|          2|    1|          2|
    |conv2_ap_fixed_ap_fixed_ap_fixed_ap_fixed_8_5_5_3_0_partial_sums             |    9|          2|    8|         16|
    |conv2_ap_fixed_ap_fixed_ap_fixed_ap_fixed_8_5_5_3_0_partial_sums_1           |    9|          2|    8|         16|
    |conv2_ap_fixed_ap_fixed_ap_fixed_ap_fixed_8_5_5_3_0_partial_sums_2           |    9|          2|    8|         16|
    |conv2_ap_fixed_ap_fixed_ap_fixed_ap_fixed_8_5_5_3_0_partial_sums_3           |    9|          2|    8|         16|
    |conv2_ap_fixed_ap_fixed_ap_fixed_ap_fixed_8_5_5_3_0_partial_sums_4           |    9|          2|    8|         16|
    |conv2_ap_fixed_ap_fixed_ap_fixed_ap_fixed_8_5_5_3_0_partial_sums_5           |    9|          2|    8|         16|
    |conv2_ap_fixed_ap_fixed_ap_fixed_ap_fixed_8_5_5_3_0_partial_sums_6           |    9|          2|    8|         16|
    |conv2_ap_fixed_ap_fixed_ap_fixed_ap_fixed_8_5_5_3_0_partial_sums_7           |    9|          2|    8|         16|
    |gmem0_blk_n_AR                                                               |    9|          2|    1|          2|
    |gmem0_blk_n_AW                                                               |    9|          2|    1|          2|
    |gmem0_blk_n_B                                                                |    9|          2|    1|          2|
    |gmem0_blk_n_W                                                                |    9|          2|    1|          2|
    |gmem1_blk_n_AR                                                               |    9|          2|    1|          2|
    |h_reg_313                                                                    |    9|          2|    4|          8|
    |m_axi_gmem0_0_ARADDR                                                         |   14|          3|   64|        192|
    |m_axi_gmem0_0_ARBURST                                                        |    9|          2|    2|          4|
    |m_axi_gmem0_0_ARCACHE                                                        |    9|          2|    4|          8|
    |m_axi_gmem0_0_ARID                                                           |    9|          2|    1|          2|
    |m_axi_gmem0_0_ARLEN                                                          |   14|          3|   32|         96|
    |m_axi_gmem0_0_ARLOCK                                                         |    9|          2|    2|          4|
    |m_axi_gmem0_0_ARPROT                                                         |    9|          2|    3|          6|
    |m_axi_gmem0_0_ARQOS                                                          |    9|          2|    4|          8|
    |m_axi_gmem0_0_ARREGION                                                       |    9|          2|    4|          8|
    |m_axi_gmem0_0_ARSIZE                                                         |    9|          2|    3|          6|
    |m_axi_gmem0_0_ARUSER                                                         |    9|          2|    1|          2|
    |m_axi_gmem0_0_ARVALID                                                        |   14|          3|    1|          3|
    |m_axi_gmem0_0_RREADY                                                         |    9|          2|    1|          2|
    |m_axi_gmem1_0_ARADDR                                                         |   25|          5|   64|        320|
    |m_axi_gmem1_0_ARBURST                                                        |   14|          3|    2|          6|
    |m_axi_gmem1_0_ARCACHE                                                        |   14|          3|    4|         12|
    |m_axi_gmem1_0_ARID                                                           |   14|          3|    1|          3|
    |m_axi_gmem1_0_ARLEN                                                          |   25|          5|   32|        160|
    |m_axi_gmem1_0_ARLOCK                                                         |   14|          3|    2|          6|
    |m_axi_gmem1_0_ARPROT                                                         |   14|          3|    3|          9|
    |m_axi_gmem1_0_ARQOS                                                          |   14|          3|    4|         12|
    |m_axi_gmem1_0_ARREGION                                                       |   14|          3|    4|         12|
    |m_axi_gmem1_0_ARSIZE                                                         |   14|          3|    3|          9|
    |m_axi_gmem1_0_ARUSER                                                         |   14|          3|    1|          3|
    |m_axi_gmem1_0_ARVALID                                                        |   20|          4|    1|          4|
    |m_axi_gmem1_0_RREADY                                                         |   14|          3|    1|          3|
    |temp_1_address1                                                              |   14|          3|    8|         24|
    |temp_1_ce0                                                                   |    9|          2|    1|          2|
    |temp_1_ce1                                                                   |   14|          3|    1|          3|
    |temp_1_we1                                                                   |    9|          2|    1|          2|
    |temp_2_address1                                                              |   14|          3|    8|         24|
    |temp_2_ce0                                                                   |    9|          2|    1|          2|
    |temp_2_ce1                                                                   |   14|          3|    1|          3|
    |temp_2_we1                                                                   |    9|          2|    1|          2|
    |temp_3_address1                                                              |   14|          3|    8|         24|
    |temp_3_ce0                                                                   |    9|          2|    1|          2|
    |temp_3_ce1                                                                   |   14|          3|    1|          3|
    |temp_3_we1                                                                   |    9|          2|    1|          2|
    |temp_4_address1                                                              |   14|          3|    8|         24|
    |temp_4_ce0                                                                   |    9|          2|    1|          2|
    |temp_4_ce1                                                                   |   14|          3|    1|          3|
    |temp_4_we1                                                                   |    9|          2|    1|          2|
    |temp_5_address1                                                              |   14|          3|    8|         24|
    |temp_5_ce0                                                                   |    9|          2|    1|          2|
    |temp_5_ce1                                                                   |   14|          3|    1|          3|
    |temp_5_we1                                                                   |    9|          2|    1|          2|
    |temp_6_address1                                                              |   14|          3|    8|         24|
    |temp_6_ce0                                                                   |    9|          2|    1|          2|
    |temp_6_ce1                                                                   |   14|          3|    1|          3|
    |temp_6_we1                                                                   |    9|          2|    1|          2|
    |temp_7_address1                                                              |   14|          3|    8|         24|
    |temp_7_ce0                                                                   |    9|          2|    1|          2|
    |temp_7_ce1                                                                   |   14|          3|    1|          3|
    |temp_7_we1                                                                   |    9|          2|    1|          2|
    |temp_address1                                                                |   14|          3|    8|         24|
    |temp_ce0                                                                     |    9|          2|    1|          2|
    |temp_ce1                                                                     |   14|          3|    1|          3|
    |temp_we1                                                                     |    9|          2|    1|          2|
    |w_reg_324                                                                    |    9|          2|    4|          8|
    +-----------------------------------------------------------------------------+-----+-----------+-----+-----------+
    |Total                                                                        | 1384|        302|  496|       1591|
    +-----------------------------------------------------------------------------+-----+-----------+-----+-----------+

    * Register: 
    +----------------------------------------------------------------------------------------------------------------------------------------------------------------------------------+----+----+-----+-----------+
    |                                                                                       Name                                                                                       | FF | LUT| Bits| Const Bits|
    +----------------------------------------------------------------------------------------------------------------------------------------------------------------------------------+----+----+-----+-----------+
    |add_ln107_reg_1060                                                                                                                                                                |   4|   0|    4|          0|
    |add_ln108_1_reg_1096                                                                                                                                                              |   4|   0|    4|          0|
    |add_ln108_reg_1104                                                                                                                                                                |   5|   0|    5|          0|
    |add_ln110_reg_1076                                                                                                                                                                |   5|   0|    5|          0|
    |add_ln124_6_reg_1136                                                                                                                                                              |   8|   0|    8|          0|
    |add_ln93_reg_1042                                                                                                                                                                 |   5|   0|    5|          0|
    |and_ln110_1_reg_1121                                                                                                                                                              |   1|   0|    1|          0|
    |and_ln110_2_reg_1126                                                                                                                                                              |   1|   0|    1|          0|
    |and_ln110_3_reg_1131                                                                                                                                                              |   1|   0|    1|          0|
    |and_ln110_reg_1116                                                                                                                                                                |   1|   0|    1|          0|
    |ap_CS_fsm                                                                                                                                                                         |  44|   0|   44|          0|
    |co_fu_218                                                                                                                                                                         |   5|   0|    5|          0|
    |conv2_ap_fixed_ap_fixed_ap_fixed_ap_fixed_8_5_5_3_0_local_bias                                                                                                                    |   8|   0|    8|          0|
    |conv2_ap_fixed_ap_fixed_ap_fixed_ap_fixed_8_5_5_3_0_local_bias_1                                                                                                                  |   8|   0|    8|          0|
    |conv2_ap_fixed_ap_fixed_ap_fixed_ap_fixed_8_5_5_3_0_local_bias_2                                                                                                                  |   8|   0|    8|          0|
    |conv2_ap_fixed_ap_fixed_ap_fixed_ap_fixed_8_5_5_3_0_local_bias_3                                                                                                                  |   8|   0|    8|          0|
    |conv2_ap_fixed_ap_fixed_ap_fixed_ap_fixed_8_5_5_3_0_local_bias_4                                                                                                                  |   8|   0|    8|          0|
    |conv2_ap_fixed_ap_fixed_ap_fixed_ap_fixed_8_5_5_3_0_local_bias_5                                                                                                                  |   8|   0|    8|          0|
    |conv2_ap_fixed_ap_fixed_ap_fixed_ap_fixed_8_5_5_3_0_local_bias_6                                                                                                                  |   8|   0|    8|          0|
    |conv2_ap_fixed_ap_fixed_ap_fixed_ap_fixed_8_5_5_3_0_local_bias_7                                                                                                                  |   8|   0|    8|          0|
    |conv2_ap_fixed_ap_fixed_ap_fixed_ap_fixed_8_5_5_3_0_local_bias_8                                                                                                                  |   8|   0|    8|          0|
    |conv2_ap_fixed_ap_fixed_ap_fixed_ap_fixed_8_5_5_3_0_local_bias_9                                                                                                                  |   8|   0|    8|          0|
    |conv2_ap_fixed_ap_fixed_ap_fixed_ap_fixed_8_5_5_3_0_partial_sums                                                                                                                  |   8|   0|    8|          0|
    |conv2_ap_fixed_ap_fixed_ap_fixed_ap_fixed_8_5_5_3_0_partial_sums_1                                                                                                                |   8|   0|    8|          0|
    |conv2_ap_fixed_ap_fixed_ap_fixed_ap_fixed_8_5_5_3_0_partial_sums_2                                                                                                                |   8|   0|    8|          0|
    |conv2_ap_fixed_ap_fixed_ap_fixed_ap_fixed_8_5_5_3_0_partial_sums_3                                                                                                                |   8|   0|    8|          0|
    |conv2_ap_fixed_ap_fixed_ap_fixed_ap_fixed_8_5_5_3_0_partial_sums_4                                                                                                                |   8|   0|    8|          0|
    |conv2_ap_fixed_ap_fixed_ap_fixed_ap_fixed_8_5_5_3_0_partial_sums_5                                                                                                                |   8|   0|    8|          0|
    |conv2_ap_fixed_ap_fixed_ap_fixed_ap_fixed_8_5_5_3_0_partial_sums_6                                                                                                                |   8|   0|    8|          0|
    |conv2_ap_fixed_ap_fixed_ap_fixed_ap_fixed_8_5_5_3_0_partial_sums_7                                                                                                                |   8|   0|    8|          0|
    |conv2_mulap_fixed_8_5_ap_q_mode_5_ap_o_mode_3_0_ap_fixed_8_5_ap_q_mode_5_ap_o_mode_3_0_ap_fixed_8_5_ap_q_mode_5_ap_o_mode_3_0_ap_fixed_8_5_ap_q_mode_5_ap_o_mode_3_0_local_bia    |   8|   0|    8|          0|
    |conv2_mulap_fixed_8_5_ap_q_mode_5_ap_o_mode_3_0_ap_fixed_8_5_ap_q_mode_5_ap_o_mode_3_0_ap_fixed_8_5_ap_q_mode_5_ap_o_mode_3_0_ap_fixed_8_5_ap_q_mode_5_ap_o_mode_3_0_local_bia_0  |   8|   0|    8|          0|
    |conv2_mulap_fixed_8_5_ap_q_mode_5_ap_o_mode_3_0_ap_fixed_8_5_ap_q_mode_5_ap_o_mode_3_0_ap_fixed_8_5_ap_q_mode_5_ap_o_mode_3_0_ap_fixed_8_5_ap_q_mode_5_ap_o_mode_3_0_local_bia_1  |   8|   0|    8|          0|
    |conv2_mulap_fixed_8_5_ap_q_mode_5_ap_o_mode_3_0_ap_fixed_8_5_ap_q_mode_5_ap_o_mode_3_0_ap_fixed_8_5_ap_q_mode_5_ap_o_mode_3_0_ap_fixed_8_5_ap_q_mode_5_ap_o_mode_3_0_local_bia_2  |   8|   0|    8|          0|
    |conv2_mulap_fixed_8_5_ap_q_mode_5_ap_o_mode_3_0_ap_fixed_8_5_ap_q_mode_5_ap_o_mode_3_0_ap_fixed_8_5_ap_q_mode_5_ap_o_mode_3_0_ap_fixed_8_5_ap_q_mode_5_ap_o_mode_3_0_local_bia_3  |   8|   0|    8|          0|
    |grp_conv2_Pipeline_CI_2_fu_415_ap_start_reg                                                                                                                                       |   1|   0|    1|          0|
    |grp_conv2_Pipeline_LOAD_2_fu_400_ap_start_reg                                                                                                                                     |   1|   0|    1|          0|
    |grp_conv2_Pipeline_LOAD_B_fu_361_ap_start_reg                                                                                                                                     |   1|   0|    1|          0|
    |grp_conv2_Pipeline_LOAD_W_fu_336_ap_start_reg                                                                                                                                     |   1|   0|    1|          0|
    |h_reg_313                                                                                                                                                                         |   4|   0|    4|          0|
    |icmp_ln110_1_reg_1087                                                                                                                                                             |   1|   0|    1|          0|
    |icmp_ln110_reg_1081                                                                                                                                                               |   1|   0|    1|          0|
    |p_ZZ5conv2P8ap_fixedILi8ELi5EL9ap_q_mode5EL9ap_o_mode3ELi0EES3_S3_S3_E10local_bia                                                                                                 |   8|   0|    8|          0|
    |select_ln128_reg_1141                                                                                                                                                             |   7|   0|    7|          0|
    |shl_ln_reg_1047                                                                                                                                                                   |   4|   0|    7|          3|
    |sub_ln107_reg_1071                                                                                                                                                                |   2|   0|    3|          1|
    |sub_ln127_reg_1066                                                                                                                                                                |   7|   0|    8|          1|
    |sum_reg_1052                                                                                                                                                                      |   8|   0|    8|          0|
    |trunc_ln95_reg_1111                                                                                                                                                               |   3|   0|    3|          0|
    |w_reg_324                                                                                                                                                                         |   4|   0|    4|          0|
    +----------------------------------------------------------------------------------------------------------------------------------------------------------------------------------+----+----+-----+-----------+
    |Total                                                                                                                                                                             | 321|   0|  326|          5|
    +----------------------------------------------------------------------------------------------------------------------------------------------------------------------------------+----+----+-----+-----------+



================================================================
== Interface
================================================================
* Summary: 
+------------------------+-----+-----+------------+--------------+--------------+
|        RTL Ports       | Dir | Bits|  Protocol  | Source Object|    C Type    |
+------------------------+-----+-----+------------+--------------+--------------+
|ap_clk                  |   in|    1|  ap_ctrl_hs|         conv2|  return value|
|ap_rst                  |   in|    1|  ap_ctrl_hs|         conv2|  return value|
|ap_start                |   in|    1|  ap_ctrl_hs|         conv2|  return value|
|ap_done                 |  out|    1|  ap_ctrl_hs|         conv2|  return value|
|ap_idle                 |  out|    1|  ap_ctrl_hs|         conv2|  return value|
|ap_ready                |  out|    1|  ap_ctrl_hs|         conv2|  return value|
|m_axi_gmem0_0_AWVALID   |  out|    1|       m_axi|         gmem0|       pointer|
|m_axi_gmem0_0_AWREADY   |   in|    1|       m_axi|         gmem0|       pointer|
|m_axi_gmem0_0_AWADDR    |  out|   64|       m_axi|         gmem0|       pointer|
|m_axi_gmem0_0_AWID      |  out|    1|       m_axi|         gmem0|       pointer|
|m_axi_gmem0_0_AWLEN     |  out|   32|       m_axi|         gmem0|       pointer|
|m_axi_gmem0_0_AWSIZE    |  out|    3|       m_axi|         gmem0|       pointer|
|m_axi_gmem0_0_AWBURST   |  out|    2|       m_axi|         gmem0|       pointer|
|m_axi_gmem0_0_AWLOCK    |  out|    2|       m_axi|         gmem0|       pointer|
|m_axi_gmem0_0_AWCACHE   |  out|    4|       m_axi|         gmem0|       pointer|
|m_axi_gmem0_0_AWPROT    |  out|    3|       m_axi|         gmem0|       pointer|
|m_axi_gmem0_0_AWQOS     |  out|    4|       m_axi|         gmem0|       pointer|
|m_axi_gmem0_0_AWREGION  |  out|    4|       m_axi|         gmem0|       pointer|
|m_axi_gmem0_0_AWUSER    |  out|    1|       m_axi|         gmem0|       pointer|
|m_axi_gmem0_0_WVALID    |  out|    1|       m_axi|         gmem0|       pointer|
|m_axi_gmem0_0_WREADY    |   in|    1|       m_axi|         gmem0|       pointer|
|m_axi_gmem0_0_WDATA     |  out|    8|       m_axi|         gmem0|       pointer|
|m_axi_gmem0_0_WSTRB     |  out|    1|       m_axi|         gmem0|       pointer|
|m_axi_gmem0_0_WLAST     |  out|    1|       m_axi|         gmem0|       pointer|
|m_axi_gmem0_0_WID       |  out|    1|       m_axi|         gmem0|       pointer|
|m_axi_gmem0_0_WUSER     |  out|    1|       m_axi|         gmem0|       pointer|
|m_axi_gmem0_0_ARVALID   |  out|    1|       m_axi|         gmem0|       pointer|
|m_axi_gmem0_0_ARREADY   |   in|    1|       m_axi|         gmem0|       pointer|
|m_axi_gmem0_0_ARADDR    |  out|   64|       m_axi|         gmem0|       pointer|
|m_axi_gmem0_0_ARID      |  out|    1|       m_axi|         gmem0|       pointer|
|m_axi_gmem0_0_ARLEN     |  out|   32|       m_axi|         gmem0|       pointer|
|m_axi_gmem0_0_ARSIZE    |  out|    3|       m_axi|         gmem0|       pointer|
|m_axi_gmem0_0_ARBURST   |  out|    2|       m_axi|         gmem0|       pointer|
|m_axi_gmem0_0_ARLOCK    |  out|    2|       m_axi|         gmem0|       pointer|
|m_axi_gmem0_0_ARCACHE   |  out|    4|       m_axi|         gmem0|       pointer|
|m_axi_gmem0_0_ARPROT    |  out|    3|       m_axi|         gmem0|       pointer|
|m_axi_gmem0_0_ARQOS     |  out|    4|       m_axi|         gmem0|       pointer|
|m_axi_gmem0_0_ARREGION  |  out|    4|       m_axi|         gmem0|       pointer|
|m_axi_gmem0_0_ARUSER    |  out|    1|       m_axi|         gmem0|       pointer|
|m_axi_gmem0_0_RVALID    |   in|    1|       m_axi|         gmem0|       pointer|
|m_axi_gmem0_0_RREADY    |  out|    1|       m_axi|         gmem0|       pointer|
|m_axi_gmem0_0_RDATA     |   in|    8|       m_axi|         gmem0|       pointer|
|m_axi_gmem0_0_RLAST     |   in|    1|       m_axi|         gmem0|       pointer|
|m_axi_gmem0_0_RID       |   in|    1|       m_axi|         gmem0|       pointer|
|m_axi_gmem0_0_RFIFONUM  |   in|   11|       m_axi|         gmem0|       pointer|
|m_axi_gmem0_0_RUSER     |   in|    1|       m_axi|         gmem0|       pointer|
|m_axi_gmem0_0_RRESP     |   in|    2|       m_axi|         gmem0|       pointer|
|m_axi_gmem0_0_BVALID    |   in|    1|       m_axi|         gmem0|       pointer|
|m_axi_gmem0_0_BREADY    |  out|    1|       m_axi|         gmem0|       pointer|
|m_axi_gmem0_0_BRESP     |   in|    2|       m_axi|         gmem0|       pointer|
|m_axi_gmem0_0_BID       |   in|    1|       m_axi|         gmem0|       pointer|
|m_axi_gmem0_0_BUSER     |   in|    1|       m_axi|         gmem0|       pointer|
|input_r                 |   in|   64|     ap_none|       input_r|        scalar|
|outputConv              |   in|   64|     ap_none|    outputConv|        scalar|
|m_axi_gmem1_0_AWVALID   |  out|    1|       m_axi|         gmem1|       pointer|
|m_axi_gmem1_0_AWREADY   |   in|    1|       m_axi|         gmem1|       pointer|
|m_axi_gmem1_0_AWADDR    |  out|   64|       m_axi|         gmem1|       pointer|
|m_axi_gmem1_0_AWID      |  out|    1|       m_axi|         gmem1|       pointer|
|m_axi_gmem1_0_AWLEN     |  out|   32|       m_axi|         gmem1|       pointer|
|m_axi_gmem1_0_AWSIZE    |  out|    3|       m_axi|         gmem1|       pointer|
|m_axi_gmem1_0_AWBURST   |  out|    2|       m_axi|         gmem1|       pointer|
|m_axi_gmem1_0_AWLOCK    |  out|    2|       m_axi|         gmem1|       pointer|
|m_axi_gmem1_0_AWCACHE   |  out|    4|       m_axi|         gmem1|       pointer|
|m_axi_gmem1_0_AWPROT    |  out|    3|       m_axi|         gmem1|       pointer|
|m_axi_gmem1_0_AWQOS     |  out|    4|       m_axi|         gmem1|       pointer|
|m_axi_gmem1_0_AWREGION  |  out|    4|       m_axi|         gmem1|       pointer|
|m_axi_gmem1_0_AWUSER    |  out|    1|       m_axi|         gmem1|       pointer|
|m_axi_gmem1_0_WVALID    |  out|    1|       m_axi|         gmem1|       pointer|
|m_axi_gmem1_0_WREADY    |   in|    1|       m_axi|         gmem1|       pointer|
|m_axi_gmem1_0_WDATA     |  out|    8|       m_axi|         gmem1|       pointer|
|m_axi_gmem1_0_WSTRB     |  out|    1|       m_axi|         gmem1|       pointer|
|m_axi_gmem1_0_WLAST     |  out|    1|       m_axi|         gmem1|       pointer|
|m_axi_gmem1_0_WID       |  out|    1|       m_axi|         gmem1|       pointer|
|m_axi_gmem1_0_WUSER     |  out|    1|       m_axi|         gmem1|       pointer|
|m_axi_gmem1_0_ARVALID   |  out|    1|       m_axi|         gmem1|       pointer|
|m_axi_gmem1_0_ARREADY   |   in|    1|       m_axi|         gmem1|       pointer|
|m_axi_gmem1_0_ARADDR    |  out|   64|       m_axi|         gmem1|       pointer|
|m_axi_gmem1_0_ARID      |  out|    1|       m_axi|         gmem1|       pointer|
|m_axi_gmem1_0_ARLEN     |  out|   32|       m_axi|         gmem1|       pointer|
|m_axi_gmem1_0_ARSIZE    |  out|    3|       m_axi|         gmem1|       pointer|
|m_axi_gmem1_0_ARBURST   |  out|    2|       m_axi|         gmem1|       pointer|
|m_axi_gmem1_0_ARLOCK    |  out|    2|       m_axi|         gmem1|       pointer|
|m_axi_gmem1_0_ARCACHE   |  out|    4|       m_axi|         gmem1|       pointer|
|m_axi_gmem1_0_ARPROT    |  out|    3|       m_axi|         gmem1|       pointer|
|m_axi_gmem1_0_ARQOS     |  out|    4|       m_axi|         gmem1|       pointer|
|m_axi_gmem1_0_ARREGION  |  out|    4|       m_axi|         gmem1|       pointer|
|m_axi_gmem1_0_ARUSER    |  out|    1|       m_axi|         gmem1|       pointer|
|m_axi_gmem1_0_RVALID    |   in|    1|       m_axi|         gmem1|       pointer|
|m_axi_gmem1_0_RREADY    |  out|    1|       m_axi|         gmem1|       pointer|
|m_axi_gmem1_0_RDATA     |   in|    8|       m_axi|         gmem1|       pointer|
|m_axi_gmem1_0_RLAST     |   in|    1|       m_axi|         gmem1|       pointer|
|m_axi_gmem1_0_RID       |   in|    1|       m_axi|         gmem1|       pointer|
|m_axi_gmem1_0_RFIFONUM  |   in|   11|       m_axi|         gmem1|       pointer|
|m_axi_gmem1_0_RUSER     |   in|    1|       m_axi|         gmem1|       pointer|
|m_axi_gmem1_0_RRESP     |   in|    2|       m_axi|         gmem1|       pointer|
|m_axi_gmem1_0_BVALID    |   in|    1|       m_axi|         gmem1|       pointer|
|m_axi_gmem1_0_BREADY    |  out|    1|       m_axi|         gmem1|       pointer|
|m_axi_gmem1_0_BRESP     |   in|    2|       m_axi|         gmem1|       pointer|
|m_axi_gmem1_0_BID       |   in|    1|       m_axi|         gmem1|       pointer|
|m_axi_gmem1_0_BUSER     |   in|    1|       m_axi|         gmem1|       pointer|
|weight                  |   in|   64|     ap_none|        weight|        scalar|
|bias                    |   in|   64|     ap_none|          bias|        scalar|
+------------------------+-----+-----+------------+--------------+--------------+

============================================================
+ Verbose Summary: Synthesis Manager
============================================================
InlineROM: 1
ExposeGlobal: 0
============================================================
+ Verbose Summary: CDFG Model
============================================================
IsTopModel: 0
ResetActiveHigh: 1
IsCombinational: 2
IsDatapathOnly: 2
HasWiredReturn: 1
HasMFsm: 0
HasVarLatency: 1
IsPipeline: 0
IsRtlPipelined: 0
IsInstanceOverlapped: 0
IsDontTouch: 0
HasImplIP: 0
IsGatedGlobalClock: 0


============================================================
+ Verbose Summary: Schedule
============================================================
* Number of FSM states : 44
* Pipeline : 0
* Dataflow Pipeline: 0

* FSM state transitions: 
1 --> 2 
2 --> 3 
3 --> 4 
4 --> 5 
5 --> 6 
6 --> 7 
7 --> 8 
8 --> 9 
9 --> 10 
10 --> 11 
11 --> 12 
12 --> 13 
13 --> 14 
14 --> 15 
15 --> 16 
16 --> 17 
17 --> 18 
18 --> 19 
19 --> 20 
20 --> 21 
21 --> 22 
22 --> 23 
23 --> 24 
24 --> 25 
25 --> 26 
26 --> 27 
27 --> 28 
28 --> 29 
29 --> 30 
30 --> 31 
31 --> 32 
32 --> 40 33 
33 --> 34 32 
34 --> 35 33 
35 --> 36 
36 --> 37 
37 --> 38 
38 --> 39 
39 --> 34 
40 --> 41 
41 --> 42 
42 --> 43 
43 --> 44 
44 --> 

* FSM state operations: 

State 1 <SV = 0> <Delay = 8.75>
ST_1 : Operation 45 [1/1] (0.00ns)   --->   "%co = alloca i32 1" [../src/conv.cpp:93]   --->   Operation 45 'alloca' 'co' <Predicate = true> <Delay = 0.00>
ST_1 : Operation 46 [1/1] (0.00ns)   --->   "%weight_read = read i64 @_ssdm_op_Read.ap_auto.i64, i64 %weight"   --->   Operation 46 'read' 'weight_read' <Predicate = true> <Delay = 0.00>
ST_1 : Operation 47 [1/1] (3.25ns)   --->   "%temp = alloca i64 1" [../src/conv.cpp:79]   --->   Operation 47 'alloca' 'temp' <Predicate = true> <Delay = 3.25> <CoreInst = "RAM_2P_BRAM">   --->   Core 90 'RAM_2P_BRAM' <Latency = 1> <II = 1> <Delay = 3.25> <Storage> <Opcode : 'load' 'store'> <Ports = 2> <Width = 8> <Depth = 196> <RAM>
ST_1 : Operation 48 [1/1] (3.25ns)   --->   "%temp_1 = alloca i64 1" [../src/conv.cpp:79]   --->   Operation 48 'alloca' 'temp_1' <Predicate = true> <Delay = 3.25> <CoreInst = "RAM_2P_BRAM">   --->   Core 90 'RAM_2P_BRAM' <Latency = 1> <II = 1> <Delay = 3.25> <Storage> <Opcode : 'load' 'store'> <Ports = 2> <Width = 8> <Depth = 196> <RAM>
ST_1 : Operation 49 [1/1] (3.25ns)   --->   "%temp_2 = alloca i64 1" [../src/conv.cpp:79]   --->   Operation 49 'alloca' 'temp_2' <Predicate = true> <Delay = 3.25> <CoreInst = "RAM_2P_BRAM">   --->   Core 90 'RAM_2P_BRAM' <Latency = 1> <II = 1> <Delay = 3.25> <Storage> <Opcode : 'load' 'store'> <Ports = 2> <Width = 8> <Depth = 196> <RAM>
ST_1 : Operation 50 [1/1] (3.25ns)   --->   "%temp_3 = alloca i64 1" [../src/conv.cpp:79]   --->   Operation 50 'alloca' 'temp_3' <Predicate = true> <Delay = 3.25> <CoreInst = "RAM_2P_BRAM">   --->   Core 90 'RAM_2P_BRAM' <Latency = 1> <II = 1> <Delay = 3.25> <Storage> <Opcode : 'load' 'store'> <Ports = 2> <Width = 8> <Depth = 196> <RAM>
ST_1 : Operation 51 [1/1] (3.25ns)   --->   "%temp_4 = alloca i64 1" [../src/conv.cpp:79]   --->   Operation 51 'alloca' 'temp_4' <Predicate = true> <Delay = 3.25> <CoreInst = "RAM_2P_BRAM">   --->   Core 90 'RAM_2P_BRAM' <Latency = 1> <II = 1> <Delay = 3.25> <Storage> <Opcode : 'load' 'store'> <Ports = 2> <Width = 8> <Depth = 196> <RAM>
ST_1 : Operation 52 [1/1] (3.25ns)   --->   "%temp_5 = alloca i64 1" [../src/conv.cpp:79]   --->   Operation 52 'alloca' 'temp_5' <Predicate = true> <Delay = 3.25> <CoreInst = "RAM_2P_BRAM">   --->   Core 90 'RAM_2P_BRAM' <Latency = 1> <II = 1> <Delay = 3.25> <Storage> <Opcode : 'load' 'store'> <Ports = 2> <Width = 8> <Depth = 196> <RAM>
ST_1 : Operation 53 [1/1] (3.25ns)   --->   "%temp_6 = alloca i64 1" [../src/conv.cpp:79]   --->   Operation 53 'alloca' 'temp_6' <Predicate = true> <Delay = 3.25> <CoreInst = "RAM_2P_BRAM">   --->   Core 90 'RAM_2P_BRAM' <Latency = 1> <II = 1> <Delay = 3.25> <Storage> <Opcode : 'load' 'store'> <Ports = 2> <Width = 8> <Depth = 196> <RAM>
ST_1 : Operation 54 [1/1] (3.25ns)   --->   "%temp_7 = alloca i64 1" [../src/conv.cpp:79]   --->   Operation 54 'alloca' 'temp_7' <Predicate = true> <Delay = 3.25> <CoreInst = "RAM_2P_BRAM">   --->   Core 90 'RAM_2P_BRAM' <Latency = 1> <II = 1> <Delay = 3.25> <Storage> <Opcode : 'load' 'store'> <Ports = 2> <Width = 8> <Depth = 196> <RAM>
ST_1 : Operation 55 [1/1] (0.00ns)   --->   "%gmem1_addr = getelementptr i8 %gmem1, i64 %weight_read" [../src/conv.cpp:70]   --->   Operation 55 'getelementptr' 'gmem1_addr' <Predicate = true> <Delay = 0.00>
ST_1 : Operation 56 [8/8] (8.75ns)   --->   "%empty = readreq i1 @_ssdm_op_ReadReq.m_axi.p1i8, i64 %gmem1_addr, i64 1152" [../src/conv.cpp:70]   --->   Operation 56 'readreq' 'empty' <Predicate = true> <Delay = 8.75> <CoreInst = "m_axi">   --->   Core 111 'm_axi' <Latency = 6> <II = 1> <Delay = 1.00> <Adapter> <Opcode : 'readrequnaligned' 'writerequnaligned' 'read' 'write' 'readreq' 'writereq' 'writeresp'>
ST_1 : Operation 57 [1/1] (1.58ns)   --->   "%store_ln93 = store i5 0, i5 %co" [../src/conv.cpp:93]   --->   Operation 57 'store' 'store_ln93' <Predicate = true> <Delay = 1.58>

State 2 <SV = 1> <Delay = 0.00>
ST_2 : Operation 58 [7/8] (8.75ns)   --->   "%empty = readreq i1 @_ssdm_op_ReadReq.m_axi.p1i8, i64 %gmem1_addr, i64 1152" [../src/conv.cpp:70]   --->   Operation 58 'readreq' 'empty' <Predicate = true> <Delay = 8.75> <CoreInst = "m_axi">   --->   Core 111 'm_axi' <Latency = 6> <II = 1> <Delay = 1.00> <Adapter> <Opcode : 'readrequnaligned' 'writerequnaligned' 'read' 'write' 'readreq' 'writereq' 'writeresp'>

State 3 <SV = 2> <Delay = 0.00>
ST_3 : Operation 59 [6/8] (8.75ns)   --->   "%empty = readreq i1 @_ssdm_op_ReadReq.m_axi.p1i8, i64 %gmem1_addr, i64 1152" [../src/conv.cpp:70]   --->   Operation 59 'readreq' 'empty' <Predicate = true> <Delay = 8.75> <CoreInst = "m_axi">   --->   Core 111 'm_axi' <Latency = 6> <II = 1> <Delay = 1.00> <Adapter> <Opcode : 'readrequnaligned' 'writerequnaligned' 'read' 'write' 'readreq' 'writereq' 'writeresp'>

State 4 <SV = 3> <Delay = 0.00>
ST_4 : Operation 60 [5/8] (8.75ns)   --->   "%empty = readreq i1 @_ssdm_op_ReadReq.m_axi.p1i8, i64 %gmem1_addr, i64 1152" [../src/conv.cpp:70]   --->   Operation 60 'readreq' 'empty' <Predicate = true> <Delay = 8.75> <CoreInst = "m_axi">   --->   Core 111 'm_axi' <Latency = 6> <II = 1> <Delay = 1.00> <Adapter> <Opcode : 'readrequnaligned' 'writerequnaligned' 'read' 'write' 'readreq' 'writereq' 'writeresp'>

State 5 <SV = 4> <Delay = 0.00>
ST_5 : Operation 61 [4/8] (8.75ns)   --->   "%empty = readreq i1 @_ssdm_op_ReadReq.m_axi.p1i8, i64 %gmem1_addr, i64 1152" [../src/conv.cpp:70]   --->   Operation 61 'readreq' 'empty' <Predicate = true> <Delay = 8.75> <CoreInst = "m_axi">   --->   Core 111 'm_axi' <Latency = 6> <II = 1> <Delay = 1.00> <Adapter> <Opcode : 'readrequnaligned' 'writerequnaligned' 'read' 'write' 'readreq' 'writereq' 'writeresp'>

State 6 <SV = 5> <Delay = 0.00>
ST_6 : Operation 62 [3/8] (8.75ns)   --->   "%empty = readreq i1 @_ssdm_op_ReadReq.m_axi.p1i8, i64 %gmem1_addr, i64 1152" [../src/conv.cpp:70]   --->   Operation 62 'readreq' 'empty' <Predicate = true> <Delay = 8.75> <CoreInst = "m_axi">   --->   Core 111 'm_axi' <Latency = 6> <II = 1> <Delay = 1.00> <Adapter> <Opcode : 'readrequnaligned' 'writerequnaligned' 'read' 'write' 'readreq' 'writereq' 'writeresp'>

State 7 <SV = 6> <Delay = 0.00>
ST_7 : Operation 63 [2/8] (8.75ns)   --->   "%empty = readreq i1 @_ssdm_op_ReadReq.m_axi.p1i8, i64 %gmem1_addr, i64 1152" [../src/conv.cpp:70]   --->   Operation 63 'readreq' 'empty' <Predicate = true> <Delay = 8.75> <CoreInst = "m_axi">   --->   Core 111 'm_axi' <Latency = 6> <II = 1> <Delay = 1.00> <Adapter> <Opcode : 'readrequnaligned' 'writerequnaligned' 'read' 'write' 'readreq' 'writereq' 'writeresp'>

State 8 <SV = 7> <Delay = 8.75>
ST_8 : Operation 64 [1/8] ( I:8.75ns O:8.75ns )   --->   "%empty = readreq i1 @_ssdm_op_ReadReq.m_axi.p1i8, i64 %gmem1_addr, i64 1152" [../src/conv.cpp:70]   --->   Operation 64 'readreq' 'empty' <Predicate = true> <Delay = 8.75> <CoreInst = "m_axi">   --->   Core 111 'm_axi' <Latency = 6> <II = 1> <Delay = 1.00> <Adapter> <Opcode : 'readrequnaligned' 'writerequnaligned' 'read' 'write' 'readreq' 'writereq' 'writeresp'>

State 9 <SV = 8> <Delay = 0.00>
ST_9 : Operation 65 [2/2] (0.00ns)   --->   "%call_ln0 = call void @conv2_Pipeline_LOAD_W, i8 %gmem1, i64 %weight_read, i8 %conv2_ap_fixed_ap_fixed_ap_fixed_ap_fixed_8_5_5_3_0_local_weight_8, i8 %conv2_ap_fixed_ap_fixed_ap_fixed_ap_fixed_8_5_5_3_0_local_weight_7, i8 %conv2_ap_fixed_ap_fixed_ap_fixed_ap_fixed_8_5_5_3_0_local_weight_6, i8 %conv2_ap_fixed_ap_fixed_ap_fixed_ap_fixed_8_5_5_3_0_local_weight_5, i8 %conv2_ap_fixed_ap_fixed_ap_fixed_ap_fixed_8_5_5_3_0_local_weight_4, i8 %conv2_ap_fixed_ap_fixed_ap_fixed_ap_fixed_8_5_5_3_0_local_weight_3, i8 %conv2_ap_fixed_ap_fixed_ap_fixed_ap_fixed_8_5_5_3_0_local_weight_2, i8 %conv2_ap_fixed_ap_fixed_ap_fixed_ap_fixed_8_5_5_3_0_local_weight_1, i8 %conv2_ap_fixed_ap_fixed_ap_fixed_ap_fixed_8_5_5_3_0_local_weight"   --->   Operation 65 'call' 'call_ln0' <Predicate = true> <Delay = 0.00> <CoreType = "Generic">   --->   Generic Core

State 10 <SV = 9> <Delay = 0.00>
ST_10 : Operation 66 [1/2] (0.00ns)   --->   "%call_ln0 = call void @conv2_Pipeline_LOAD_W, i8 %gmem1, i64 %weight_read, i8 %conv2_ap_fixed_ap_fixed_ap_fixed_ap_fixed_8_5_5_3_0_local_weight_8, i8 %conv2_ap_fixed_ap_fixed_ap_fixed_ap_fixed_8_5_5_3_0_local_weight_7, i8 %conv2_ap_fixed_ap_fixed_ap_fixed_ap_fixed_8_5_5_3_0_local_weight_6, i8 %conv2_ap_fixed_ap_fixed_ap_fixed_ap_fixed_8_5_5_3_0_local_weight_5, i8 %conv2_ap_fixed_ap_fixed_ap_fixed_ap_fixed_8_5_5_3_0_local_weight_4, i8 %conv2_ap_fixed_ap_fixed_ap_fixed_ap_fixed_8_5_5_3_0_local_weight_3, i8 %conv2_ap_fixed_ap_fixed_ap_fixed_ap_fixed_8_5_5_3_0_local_weight_2, i8 %conv2_ap_fixed_ap_fixed_ap_fixed_ap_fixed_8_5_5_3_0_local_weight_1, i8 %conv2_ap_fixed_ap_fixed_ap_fixed_ap_fixed_8_5_5_3_0_local_weight"   --->   Operation 66 'call' 'call_ln0' <Predicate = true> <Delay = 0.00> <CoreType = "Generic">   --->   Generic Core

State 11 <SV = 10> <Delay = 8.75>
ST_11 : Operation 67 [1/1] (0.00ns)   --->   "%bias_read = read i64 @_ssdm_op_Read.ap_auto.i64, i64 %bias"   --->   Operation 67 'read' 'bias_read' <Predicate = true> <Delay = 0.00>
ST_11 : Operation 68 [1/1] (0.00ns)   --->   "%gmem1_addr_2 = getelementptr i8 %gmem1, i64 %bias_read" [../src/conv.cpp:74]   --->   Operation 68 'getelementptr' 'gmem1_addr_2' <Predicate = true> <Delay = 0.00>
ST_11 : Operation 69 [8/8] (8.75ns)   --->   "%empty_80 = readreq i1 @_ssdm_op_ReadReq.m_axi.p1i8, i64 %gmem1_addr_2, i64 16" [../src/conv.cpp:74]   --->   Operation 69 'readreq' 'empty_80' <Predicate = true> <Delay = 8.75> <CoreInst = "m_axi">   --->   Core 111 'm_axi' <Latency = 6> <II = 1> <Delay = 1.00> <Adapter> <Opcode : 'readrequnaligned' 'writerequnaligned' 'read' 'write' 'readreq' 'writereq' 'writeresp'>

State 12 <SV = 11> <Delay = 0.00>
ST_12 : Operation 70 [7/8] (8.75ns)   --->   "%empty_80 = readreq i1 @_ssdm_op_ReadReq.m_axi.p1i8, i64 %gmem1_addr_2, i64 16" [../src/conv.cpp:74]   --->   Operation 70 'readreq' 'empty_80' <Predicate = true> <Delay = 8.75> <CoreInst = "m_axi">   --->   Core 111 'm_axi' <Latency = 6> <II = 1> <Delay = 1.00> <Adapter> <Opcode : 'readrequnaligned' 'writerequnaligned' 'read' 'write' 'readreq' 'writereq' 'writeresp'>

State 13 <SV = 12> <Delay = 0.00>
ST_13 : Operation 71 [6/8] (8.75ns)   --->   "%empty_80 = readreq i1 @_ssdm_op_ReadReq.m_axi.p1i8, i64 %gmem1_addr_2, i64 16" [../src/conv.cpp:74]   --->   Operation 71 'readreq' 'empty_80' <Predicate = true> <Delay = 8.75> <CoreInst = "m_axi">   --->   Core 111 'm_axi' <Latency = 6> <II = 1> <Delay = 1.00> <Adapter> <Opcode : 'readrequnaligned' 'writerequnaligned' 'read' 'write' 'readreq' 'writereq' 'writeresp'>

State 14 <SV = 13> <Delay = 0.00>
ST_14 : Operation 72 [5/8] (8.75ns)   --->   "%empty_80 = readreq i1 @_ssdm_op_ReadReq.m_axi.p1i8, i64 %gmem1_addr_2, i64 16" [../src/conv.cpp:74]   --->   Operation 72 'readreq' 'empty_80' <Predicate = true> <Delay = 8.75> <CoreInst = "m_axi">   --->   Core 111 'm_axi' <Latency = 6> <II = 1> <Delay = 1.00> <Adapter> <Opcode : 'readrequnaligned' 'writerequnaligned' 'read' 'write' 'readreq' 'writereq' 'writeresp'>

State 15 <SV = 14> <Delay = 0.00>
ST_15 : Operation 73 [4/8] (8.75ns)   --->   "%empty_80 = readreq i1 @_ssdm_op_ReadReq.m_axi.p1i8, i64 %gmem1_addr_2, i64 16" [../src/conv.cpp:74]   --->   Operation 73 'readreq' 'empty_80' <Predicate = true> <Delay = 8.75> <CoreInst = "m_axi">   --->   Core 111 'm_axi' <Latency = 6> <II = 1> <Delay = 1.00> <Adapter> <Opcode : 'readrequnaligned' 'writerequnaligned' 'read' 'write' 'readreq' 'writereq' 'writeresp'>

State 16 <SV = 15> <Delay = 0.00>
ST_16 : Operation 74 [3/8] (8.75ns)   --->   "%empty_80 = readreq i1 @_ssdm_op_ReadReq.m_axi.p1i8, i64 %gmem1_addr_2, i64 16" [../src/conv.cpp:74]   --->   Operation 74 'readreq' 'empty_80' <Predicate = true> <Delay = 8.75> <CoreInst = "m_axi">   --->   Core 111 'm_axi' <Latency = 6> <II = 1> <Delay = 1.00> <Adapter> <Opcode : 'readrequnaligned' 'writerequnaligned' 'read' 'write' 'readreq' 'writereq' 'writeresp'>

State 17 <SV = 16> <Delay = 0.00>
ST_17 : Operation 75 [2/8] (8.75ns)   --->   "%empty_80 = readreq i1 @_ssdm_op_ReadReq.m_axi.p1i8, i64 %gmem1_addr_2, i64 16" [../src/conv.cpp:74]   --->   Operation 75 'readreq' 'empty_80' <Predicate = true> <Delay = 8.75> <CoreInst = "m_axi">   --->   Core 111 'm_axi' <Latency = 6> <II = 1> <Delay = 1.00> <Adapter> <Opcode : 'readrequnaligned' 'writerequnaligned' 'read' 'write' 'readreq' 'writereq' 'writeresp'>

State 18 <SV = 17> <Delay = 8.75>
ST_18 : Operation 76 [1/8] ( I:8.75ns O:8.75ns )   --->   "%empty_80 = readreq i1 @_ssdm_op_ReadReq.m_axi.p1i8, i64 %gmem1_addr_2, i64 16" [../src/conv.cpp:74]   --->   Operation 76 'readreq' 'empty_80' <Predicate = true> <Delay = 8.75> <CoreInst = "m_axi">   --->   Core 111 'm_axi' <Latency = 6> <II = 1> <Delay = 1.00> <Adapter> <Opcode : 'readrequnaligned' 'writerequnaligned' 'read' 'write' 'readreq' 'writereq' 'writeresp'>

State 19 <SV = 18> <Delay = 0.00>
ST_19 : Operation 77 [2/2] (0.00ns)   --->   "%call_ln0 = call void @conv2_Pipeline_LOAD_B, i8 %gmem1, i64 %bias_read, i8 %conv2_ap_fixed_ap_fixed_ap_fixed_ap_fixed_8_5_5_3_0_local_bias_9, i8 %conv2_ap_fixed_ap_fixed_ap_fixed_ap_fixed_8_5_5_3_0_local_bias_8, i8 %conv2_ap_fixed_ap_fixed_ap_fixed_ap_fixed_8_5_5_3_0_local_bias_7, i8 %conv2_ap_fixed_ap_fixed_ap_fixed_ap_fixed_8_5_5_3_0_local_bias_6, i8 %conv2_ap_fixed_ap_fixed_ap_fixed_ap_fixed_8_5_5_3_0_local_bias_5, i8 %conv2_ap_fixed_ap_fixed_ap_fixed_ap_fixed_8_5_5_3_0_local_bias_4, i8 %conv2_ap_fixed_ap_fixed_ap_fixed_ap_fixed_8_5_5_3_0_local_bias_3, i8 %conv2_ap_fixed_ap_fixed_ap_fixed_ap_fixed_8_5_5_3_0_local_bias_2, i8 %conv2_ap_fixed_ap_fixed_ap_fixed_ap_fixed_8_5_5_3_0_local_bias_1, i8 %conv2_ap_fixed_ap_fixed_ap_fixed_ap_fixed_8_5_5_3_0_local_bias, i8 %conv2_mulap_fixed_8_5_ap_q_mode_5_ap_o_mode_3_0_ap_fixed_8_5_ap_q_mode_5_ap_o_mode_3_0_ap_fixed_8_5_ap_q_mode_5_ap_o_mode_3_0_ap_fixed_8_5_ap_q_mode_5_ap_o_mode_3_0_local_bia, i8 %conv2_mulap_fixed_8_5_ap_q_mode_5_ap_o_mode_3_0_ap_fixed_8_5_ap_q_mode_5_ap_o_mode_3_0_ap_fixed_8_5_ap_q_mode_5_ap_o_mode_3_0_ap_fixed_8_5_ap_q_mode_5_ap_o_mode_3_0_local_bia_0, i8 %conv2_mulap_fixed_8_5_ap_q_mode_5_ap_o_mode_3_0_ap_fixed_8_5_ap_q_mode_5_ap_o_mode_3_0_ap_fixed_8_5_ap_q_mode_5_ap_o_mode_3_0_ap_fixed_8_5_ap_q_mode_5_ap_o_mode_3_0_local_bia_1, i8 %conv2_mulap_fixed_8_5_ap_q_mode_5_ap_o_mode_3_0_ap_fixed_8_5_ap_q_mode_5_ap_o_mode_3_0_ap_fixed_8_5_ap_q_mode_5_ap_o_mode_3_0_ap_fixed_8_5_ap_q_mode_5_ap_o_mode_3_0_local_bia_2, i8 %conv2_mulap_fixed_8_5_ap_q_mode_5_ap_o_mode_3_0_ap_fixed_8_5_ap_q_mode_5_ap_o_mode_3_0_ap_fixed_8_5_ap_q_mode_5_ap_o_mode_3_0_ap_fixed_8_5_ap_q_mode_5_ap_o_mode_3_0_local_bia_3, i8 %p_ZZ5conv2P8ap_fixedILi8ELi5EL9ap_q_mode5EL9ap_o_mode3ELi0EES3_S3_S3_E10local_bia"   --->   Operation 77 'call' 'call_ln0' <Predicate = true> <Delay = 0.00> <CoreType = "Generic">   --->   Generic Core

State 20 <SV = 19> <Delay = 4.95>
ST_20 : Operation 78 [1/2] (4.95ns)   --->   "%call_ln0 = call void @conv2_Pipeline_LOAD_B, i8 %gmem1, i64 %bias_read, i8 %conv2_ap_fixed_ap_fixed_ap_fixed_ap_fixed_8_5_5_3_0_local_bias_9, i8 %conv2_ap_fixed_ap_fixed_ap_fixed_ap_fixed_8_5_5_3_0_local_bias_8, i8 %conv2_ap_fixed_ap_fixed_ap_fixed_ap_fixed_8_5_5_3_0_local_bias_7, i8 %conv2_ap_fixed_ap_fixed_ap_fixed_ap_fixed_8_5_5_3_0_local_bias_6, i8 %conv2_ap_fixed_ap_fixed_ap_fixed_ap_fixed_8_5_5_3_0_local_bias_5, i8 %conv2_ap_fixed_ap_fixed_ap_fixed_ap_fixed_8_5_5_3_0_local_bias_4, i8 %conv2_ap_fixed_ap_fixed_ap_fixed_ap_fixed_8_5_5_3_0_local_bias_3, i8 %conv2_ap_fixed_ap_fixed_ap_fixed_ap_fixed_8_5_5_3_0_local_bias_2, i8 %conv2_ap_fixed_ap_fixed_ap_fixed_ap_fixed_8_5_5_3_0_local_bias_1, i8 %conv2_ap_fixed_ap_fixed_ap_fixed_ap_fixed_8_5_5_3_0_local_bias, i8 %conv2_mulap_fixed_8_5_ap_q_mode_5_ap_o_mode_3_0_ap_fixed_8_5_ap_q_mode_5_ap_o_mode_3_0_ap_fixed_8_5_ap_q_mode_5_ap_o_mode_3_0_ap_fixed_8_5_ap_q_mode_5_ap_o_mode_3_0_local_bia, i8 %conv2_mulap_fixed_8_5_ap_q_mode_5_ap_o_mode_3_0_ap_fixed_8_5_ap_q_mode_5_ap_o_mode_3_0_ap_fixed_8_5_ap_q_mode_5_ap_o_mode_3_0_ap_fixed_8_5_ap_q_mode_5_ap_o_mode_3_0_local_bia_0, i8 %conv2_mulap_fixed_8_5_ap_q_mode_5_ap_o_mode_3_0_ap_fixed_8_5_ap_q_mode_5_ap_o_mode_3_0_ap_fixed_8_5_ap_q_mode_5_ap_o_mode_3_0_ap_fixed_8_5_ap_q_mode_5_ap_o_mode_3_0_local_bia_1, i8 %conv2_mulap_fixed_8_5_ap_q_mode_5_ap_o_mode_3_0_ap_fixed_8_5_ap_q_mode_5_ap_o_mode_3_0_ap_fixed_8_5_ap_q_mode_5_ap_o_mode_3_0_ap_fixed_8_5_ap_q_mode_5_ap_o_mode_3_0_local_bia_2, i8 %conv2_mulap_fixed_8_5_ap_q_mode_5_ap_o_mode_3_0_ap_fixed_8_5_ap_q_mode_5_ap_o_mode_3_0_ap_fixed_8_5_ap_q_mode_5_ap_o_mode_3_0_ap_fixed_8_5_ap_q_mode_5_ap_o_mode_3_0_local_bia_3, i8 %p_ZZ5conv2P8ap_fixedILi8ELi5EL9ap_q_mode5EL9ap_o_mode3ELi0EES3_S3_S3_E10local_bia"   --->   Operation 78 'call' 'call_ln0' <Predicate = true> <Delay = 4.95> <CoreType = "Generic">   --->   Generic Core

State 21 <SV = 20> <Delay = 8.75>
ST_21 : Operation 79 [1/1] (0.00ns)   --->   "%input_read = read i64 @_ssdm_op_Read.ap_auto.i64, i64 %input_r"   --->   Operation 79 'read' 'input_read' <Predicate = true> <Delay = 0.00>
ST_21 : Operation 80 [1/1] (0.00ns)   --->   "%gmem0_addr = getelementptr i8 %gmem0, i64 %input_read" [../src/conv.cpp:85]   --->   Operation 80 'getelementptr' 'gmem0_addr' <Predicate = true> <Delay = 0.00>
ST_21 : Operation 81 [8/8] (8.75ns)   --->   "%empty_81 = readreq i1 @_ssdm_op_ReadReq.m_axi.p1i8, i64 %gmem0_addr, i64 1568" [../src/conv.cpp:85]   --->   Operation 81 'readreq' 'empty_81' <Predicate = true> <Delay = 8.75> <CoreInst = "m_axi">   --->   Core 111 'm_axi' <Latency = 6> <II = 1> <Delay = 1.00> <Adapter> <Opcode : 'readrequnaligned' 'writerequnaligned' 'read' 'write' 'readreq' 'writereq' 'writeresp'>

State 22 <SV = 21> <Delay = 0.00>
ST_22 : Operation 82 [7/8] (8.75ns)   --->   "%empty_81 = readreq i1 @_ssdm_op_ReadReq.m_axi.p1i8, i64 %gmem0_addr, i64 1568" [../src/conv.cpp:85]   --->   Operation 82 'readreq' 'empty_81' <Predicate = true> <Delay = 8.75> <CoreInst = "m_axi">   --->   Core 111 'm_axi' <Latency = 6> <II = 1> <Delay = 1.00> <Adapter> <Opcode : 'readrequnaligned' 'writerequnaligned' 'read' 'write' 'readreq' 'writereq' 'writeresp'>

State 23 <SV = 22> <Delay = 0.00>
ST_23 : Operation 83 [6/8] (8.75ns)   --->   "%empty_81 = readreq i1 @_ssdm_op_ReadReq.m_axi.p1i8, i64 %gmem0_addr, i64 1568" [../src/conv.cpp:85]   --->   Operation 83 'readreq' 'empty_81' <Predicate = true> <Delay = 8.75> <CoreInst = "m_axi">   --->   Core 111 'm_axi' <Latency = 6> <II = 1> <Delay = 1.00> <Adapter> <Opcode : 'readrequnaligned' 'writerequnaligned' 'read' 'write' 'readreq' 'writereq' 'writeresp'>

State 24 <SV = 23> <Delay = 0.00>
ST_24 : Operation 84 [5/8] (8.75ns)   --->   "%empty_81 = readreq i1 @_ssdm_op_ReadReq.m_axi.p1i8, i64 %gmem0_addr, i64 1568" [../src/conv.cpp:85]   --->   Operation 84 'readreq' 'empty_81' <Predicate = true> <Delay = 8.75> <CoreInst = "m_axi">   --->   Core 111 'm_axi' <Latency = 6> <II = 1> <Delay = 1.00> <Adapter> <Opcode : 'readrequnaligned' 'writerequnaligned' 'read' 'write' 'readreq' 'writereq' 'writeresp'>

State 25 <SV = 24> <Delay = 0.00>
ST_25 : Operation 85 [4/8] (8.75ns)   --->   "%empty_81 = readreq i1 @_ssdm_op_ReadReq.m_axi.p1i8, i64 %gmem0_addr, i64 1568" [../src/conv.cpp:85]   --->   Operation 85 'readreq' 'empty_81' <Predicate = true> <Delay = 8.75> <CoreInst = "m_axi">   --->   Core 111 'm_axi' <Latency = 6> <II = 1> <Delay = 1.00> <Adapter> <Opcode : 'readrequnaligned' 'writerequnaligned' 'read' 'write' 'readreq' 'writereq' 'writeresp'>

State 26 <SV = 25> <Delay = 0.00>
ST_26 : Operation 86 [3/8] (8.75ns)   --->   "%empty_81 = readreq i1 @_ssdm_op_ReadReq.m_axi.p1i8, i64 %gmem0_addr, i64 1568" [../src/conv.cpp:85]   --->   Operation 86 'readreq' 'empty_81' <Predicate = true> <Delay = 8.75> <CoreInst = "m_axi">   --->   Core 111 'm_axi' <Latency = 6> <II = 1> <Delay = 1.00> <Adapter> <Opcode : 'readrequnaligned' 'writerequnaligned' 'read' 'write' 'readreq' 'writereq' 'writeresp'>

State 27 <SV = 26> <Delay = 0.00>
ST_27 : Operation 87 [2/8] (8.75ns)   --->   "%empty_81 = readreq i1 @_ssdm_op_ReadReq.m_axi.p1i8, i64 %gmem0_addr, i64 1568" [../src/conv.cpp:85]   --->   Operation 87 'readreq' 'empty_81' <Predicate = true> <Delay = 8.75> <CoreInst = "m_axi">   --->   Core 111 'm_axi' <Latency = 6> <II = 1> <Delay = 1.00> <Adapter> <Opcode : 'readrequnaligned' 'writerequnaligned' 'read' 'write' 'readreq' 'writereq' 'writeresp'>

State 28 <SV = 27> <Delay = 8.75>
ST_28 : Operation 88 [1/8] ( I:8.75ns O:8.75ns )   --->   "%empty_81 = readreq i1 @_ssdm_op_ReadReq.m_axi.p1i8, i64 %gmem0_addr, i64 1568" [../src/conv.cpp:85]   --->   Operation 88 'readreq' 'empty_81' <Predicate = true> <Delay = 8.75> <CoreInst = "m_axi">   --->   Core 111 'm_axi' <Latency = 6> <II = 1> <Delay = 1.00> <Adapter> <Opcode : 'readrequnaligned' 'writerequnaligned' 'read' 'write' 'readreq' 'writereq' 'writeresp'>

State 29 <SV = 28> <Delay = 0.00>
ST_29 : Operation 89 [2/2] (0.00ns)   --->   "%call_ln0 = call void @conv2_Pipeline_LOAD_2, i8 %gmem0, i64 %input_read, i8 %temp_7, i8 %temp_6, i8 %temp_5, i8 %temp_4, i8 %temp_3, i8 %temp_2, i8 %temp_1, i8 %temp"   --->   Operation 89 'call' 'call_ln0' <Predicate = true> <Delay = 0.00> <CoreType = "Generic">   --->   Generic Core

State 30 <SV = 29> <Delay = 0.00>
ST_30 : Operation 90 [1/2] (0.00ns)   --->   "%call_ln0 = call void @conv2_Pipeline_LOAD_2, i8 %gmem0, i64 %input_read, i8 %temp_7, i8 %temp_6, i8 %temp_5, i8 %temp_4, i8 %temp_3, i8 %temp_2, i8 %temp_1, i8 %temp"   --->   Operation 90 'call' 'call_ln0' <Predicate = true> <Delay = 0.00> <CoreType = "Generic">   --->   Generic Core

State 31 <SV = 30> <Delay = 8.75>
ST_31 : Operation 91 [1/1] (0.00ns)   --->   "%specstablecontent_ln0 = specstablecontent void @_ssdm_op_SpecStableContent, i8 %gmem1, i1 1, void "   --->   Operation 91 'specstablecontent' 'specstablecontent_ln0' <Predicate = true> <Delay = 0.00>
ST_31 : Operation 92 [1/1] (0.00ns)   --->   "%specinterface_ln0 = specinterface void @_ssdm_op_SpecInterface, i8 %gmem1, void @empty_7, i32 0, i32 0, void @empty_8, i32 0, i32 136, void @empty_32, void @empty_20, void @empty_8, i32 16, i32 16, i32 16, i32 16, void @empty_8, void @empty_8, i32 4294967295, i32 0, i32 0, i32 1"   --->   Operation 92 'specinterface' 'specinterface_ln0' <Predicate = true> <Delay = 0.00>
ST_31 : Operation 93 [1/1] (0.00ns)   --->   "%specinterface_ln0 = specinterface void @_ssdm_op_SpecInterface, i8 %gmem0, void @empty_7, i32 0, i32 0, void @empty_8, i32 0, i32 848, void @empty_34, void @empty_20, void @empty_8, i32 16, i32 16, i32 16, i32 16, void @empty_8, void @empty_8, i32 4294967295, i32 0, i32 0, i32 1"   --->   Operation 93 'specinterface' 'specinterface_ln0' <Predicate = true> <Delay = 0.00>
ST_31 : Operation 94 [1/1] (0.00ns)   --->   "%outputConv_read = read i64 @_ssdm_op_Read.ap_auto.i64, i64 %outputConv"   --->   Operation 94 'read' 'outputConv_read' <Predicate = true> <Delay = 0.00>
ST_31 : Operation 95 [1/1] (0.00ns)   --->   "%specmemcore_ln83 = specmemcore void @_ssdm_op_SpecMemCore, i8 %temp_7, i64 666, i64 22, i64 18446744073709551615, i1 0" [../src/conv.cpp:83]   --->   Operation 95 'specmemcore' 'specmemcore_ln83' <Predicate = true> <Delay = 0.00>
ST_31 : Operation 96 [1/1] (0.00ns)   --->   "%specmemcore_ln83 = specmemcore void @_ssdm_op_SpecMemCore, i8 %temp_6, i64 666, i64 22, i64 18446744073709551615, i1 0" [../src/conv.cpp:83]   --->   Operation 96 'specmemcore' 'specmemcore_ln83' <Predicate = true> <Delay = 0.00>
ST_31 : Operation 97 [1/1] (0.00ns)   --->   "%specmemcore_ln83 = specmemcore void @_ssdm_op_SpecMemCore, i8 %temp_5, i64 666, i64 22, i64 18446744073709551615, i1 0" [../src/conv.cpp:83]   --->   Operation 97 'specmemcore' 'specmemcore_ln83' <Predicate = true> <Delay = 0.00>
ST_31 : Operation 98 [1/1] (0.00ns)   --->   "%specmemcore_ln83 = specmemcore void @_ssdm_op_SpecMemCore, i8 %temp_4, i64 666, i64 22, i64 18446744073709551615, i1 0" [../src/conv.cpp:83]   --->   Operation 98 'specmemcore' 'specmemcore_ln83' <Predicate = true> <Delay = 0.00>
ST_31 : Operation 99 [1/1] (0.00ns)   --->   "%specmemcore_ln83 = specmemcore void @_ssdm_op_SpecMemCore, i8 %temp_3, i64 666, i64 22, i64 18446744073709551615, i1 0" [../src/conv.cpp:83]   --->   Operation 99 'specmemcore' 'specmemcore_ln83' <Predicate = true> <Delay = 0.00>
ST_31 : Operation 100 [1/1] (0.00ns)   --->   "%specmemcore_ln83 = specmemcore void @_ssdm_op_SpecMemCore, i8 %temp_2, i64 666, i64 22, i64 18446744073709551615, i1 0" [../src/conv.cpp:83]   --->   Operation 100 'specmemcore' 'specmemcore_ln83' <Predicate = true> <Delay = 0.00>
ST_31 : Operation 101 [1/1] (0.00ns)   --->   "%specmemcore_ln83 = specmemcore void @_ssdm_op_SpecMemCore, i8 %temp_1, i64 666, i64 22, i64 18446744073709551615, i1 0" [../src/conv.cpp:83]   --->   Operation 101 'specmemcore' 'specmemcore_ln83' <Predicate = true> <Delay = 0.00>
ST_31 : Operation 102 [1/1] (0.00ns)   --->   "%specmemcore_ln83 = specmemcore void @_ssdm_op_SpecMemCore, i8 %temp, i64 666, i64 22, i64 18446744073709551615, i1 0" [../src/conv.cpp:83]   --->   Operation 102 'specmemcore' 'specmemcore_ln83' <Predicate = true> <Delay = 0.00>
ST_31 : Operation 103 [1/1] (0.00ns)   --->   "%gmem0_addr_4 = getelementptr i8 %gmem0, i64 %outputConv_read" [../src/conv.cpp:93]   --->   Operation 103 'getelementptr' 'gmem0_addr_4' <Predicate = true> <Delay = 0.00>
ST_31 : Operation 104 [1/1] ( I:8.75ns O:8.75ns )   --->   "%empty_82 = writereq i1 @_ssdm_op_WriteReq.m_axi.p1i8, i64 %gmem0_addr_4, i64 3136" [../src/conv.cpp:93]   --->   Operation 104 'writereq' 'empty_82' <Predicate = true> <Delay = 8.75> <CoreInst = "m_axi">   --->   Core 111 'm_axi' <Latency = 9> <II = 1> <Delay = 1.00> <Adapter> <Opcode : 'readrequnaligned' 'writerequnaligned' 'read' 'write' 'readreq' 'writereq' 'writeresp'>
ST_31 : Operation 105 [1/1] (0.00ns)   --->   "%conv2_ap_fixed_ap_fixed_ap_fixed_ap_fixed_8_5_5_3_0_local_bias_9_load = load i8 %conv2_ap_fixed_ap_fixed_ap_fixed_ap_fixed_8_5_5_3_0_local_bias_9" [../src/conv.cpp:121]   --->   Operation 105 'load' 'conv2_ap_fixed_ap_fixed_ap_fixed_ap_fixed_8_5_5_3_0_local_bias_9_load' <Predicate = true> <Delay = 0.00>
ST_31 : Operation 106 [1/1] (0.00ns)   --->   "%conv2_ap_fixed_ap_fixed_ap_fixed_ap_fixed_8_5_5_3_0_local_bias_8_load = load i8 %conv2_ap_fixed_ap_fixed_ap_fixed_ap_fixed_8_5_5_3_0_local_bias_8" [../src/conv.cpp:121]   --->   Operation 106 'load' 'conv2_ap_fixed_ap_fixed_ap_fixed_ap_fixed_8_5_5_3_0_local_bias_8_load' <Predicate = true> <Delay = 0.00>
ST_31 : Operation 107 [1/1] (0.00ns)   --->   "%conv2_ap_fixed_ap_fixed_ap_fixed_ap_fixed_8_5_5_3_0_local_bias_7_load = load i8 %conv2_ap_fixed_ap_fixed_ap_fixed_ap_fixed_8_5_5_3_0_local_bias_7" [../src/conv.cpp:121]   --->   Operation 107 'load' 'conv2_ap_fixed_ap_fixed_ap_fixed_ap_fixed_8_5_5_3_0_local_bias_7_load' <Predicate = true> <Delay = 0.00>
ST_31 : Operation 108 [1/1] (0.00ns)   --->   "%conv2_ap_fixed_ap_fixed_ap_fixed_ap_fixed_8_5_5_3_0_local_bias_6_load = load i8 %conv2_ap_fixed_ap_fixed_ap_fixed_ap_fixed_8_5_5_3_0_local_bias_6" [../src/conv.cpp:121]   --->   Operation 108 'load' 'conv2_ap_fixed_ap_fixed_ap_fixed_ap_fixed_8_5_5_3_0_local_bias_6_load' <Predicate = true> <Delay = 0.00>
ST_31 : Operation 109 [1/1] (0.00ns)   --->   "%conv2_ap_fixed_ap_fixed_ap_fixed_ap_fixed_8_5_5_3_0_local_bias_5_load = load i8 %conv2_ap_fixed_ap_fixed_ap_fixed_ap_fixed_8_5_5_3_0_local_bias_5" [../src/conv.cpp:121]   --->   Operation 109 'load' 'conv2_ap_fixed_ap_fixed_ap_fixed_ap_fixed_8_5_5_3_0_local_bias_5_load' <Predicate = true> <Delay = 0.00>
ST_31 : Operation 110 [1/1] (0.00ns)   --->   "%conv2_ap_fixed_ap_fixed_ap_fixed_ap_fixed_8_5_5_3_0_local_bias_4_load = load i8 %conv2_ap_fixed_ap_fixed_ap_fixed_ap_fixed_8_5_5_3_0_local_bias_4" [../src/conv.cpp:121]   --->   Operation 110 'load' 'conv2_ap_fixed_ap_fixed_ap_fixed_ap_fixed_8_5_5_3_0_local_bias_4_load' <Predicate = true> <Delay = 0.00>
ST_31 : Operation 111 [1/1] (0.00ns)   --->   "%conv2_ap_fixed_ap_fixed_ap_fixed_ap_fixed_8_5_5_3_0_local_bias_3_load = load i8 %conv2_ap_fixed_ap_fixed_ap_fixed_ap_fixed_8_5_5_3_0_local_bias_3" [../src/conv.cpp:121]   --->   Operation 111 'load' 'conv2_ap_fixed_ap_fixed_ap_fixed_ap_fixed_8_5_5_3_0_local_bias_3_load' <Predicate = true> <Delay = 0.00>
ST_31 : Operation 112 [1/1] (0.00ns)   --->   "%conv2_ap_fixed_ap_fixed_ap_fixed_ap_fixed_8_5_5_3_0_local_bias_2_load = load i8 %conv2_ap_fixed_ap_fixed_ap_fixed_ap_fixed_8_5_5_3_0_local_bias_2" [../src/conv.cpp:121]   --->   Operation 112 'load' 'conv2_ap_fixed_ap_fixed_ap_fixed_ap_fixed_8_5_5_3_0_local_bias_2_load' <Predicate = true> <Delay = 0.00>
ST_31 : Operation 113 [1/1] (0.00ns)   --->   "%conv2_ap_fixed_ap_fixed_ap_fixed_ap_fixed_8_5_5_3_0_local_bias_1_load = load i8 %conv2_ap_fixed_ap_fixed_ap_fixed_ap_fixed_8_5_5_3_0_local_bias_1" [../src/conv.cpp:121]   --->   Operation 113 'load' 'conv2_ap_fixed_ap_fixed_ap_fixed_ap_fixed_8_5_5_3_0_local_bias_1_load' <Predicate = true> <Delay = 0.00>
ST_31 : Operation 114 [1/1] (0.00ns)   --->   "%conv2_ap_fixed_ap_fixed_ap_fixed_ap_fixed_8_5_5_3_0_local_bias_load = load i8 %conv2_ap_fixed_ap_fixed_ap_fixed_ap_fixed_8_5_5_3_0_local_bias" [../src/conv.cpp:121]   --->   Operation 114 'load' 'conv2_ap_fixed_ap_fixed_ap_fixed_ap_fixed_8_5_5_3_0_local_bias_load' <Predicate = true> <Delay = 0.00>
ST_31 : Operation 115 [1/1] (0.00ns)   --->   "%conv2_mulap_fixed_8_5_ap_q_mode_5_ap_o_mode_3_0_ap_fixed_8_5_ap_q_mode_5_ap_o_mode_3_0_ap_fixed_8_5_ap_q_mode_5_ap_o_mode_3_0_ap_fixed_8_5_ap_q_mode_5_ap_o_mode_3_0_local_bia = load i8 %conv2_mulap_fixed_8_5_ap_q_mode_5_ap_o_mode_3_0_ap_fixed_8_5_ap_q_mode_5_ap_o_mode_3_0_ap_fixed_8_5_ap_q_mode_5_ap_o_mode_3_0_ap_fixed_8_5_ap_q_mode_5_ap_o_mode_3_0_local_bia" [../src/conv.cpp:121]   --->   Operation 115 'load' 'conv2_mulap_fixed_8_5_ap_q_mode_5_ap_o_mode_3_0_ap_fixed_8_5_ap_q_mode_5_ap_o_mode_3_0_ap_fixed_8_5_ap_q_mode_5_ap_o_mode_3_0_ap_fixed_8_5_ap_q_mode_5_ap_o_mode_3_0_local_bia' <Predicate = true> <Delay = 0.00>
ST_31 : Operation 116 [1/1] (0.00ns)   --->   "%conv2_mulap_fixed_8_5_ap_q_mode_5_ap_o_mode_3_0_ap_fixed_8_5_ap_q_mode_5_ap_o_mode_3_0_ap_fixed_8_5_ap_q_mode_5_ap_o_mode_3_0_ap_fixed_8_5_ap_q_mode_5_ap_o_mode_3_0_local_bia_83 = load i8 %conv2_mulap_fixed_8_5_ap_q_mode_5_ap_o_mode_3_0_ap_fixed_8_5_ap_q_mode_5_ap_o_mode_3_0_ap_fixed_8_5_ap_q_mode_5_ap_o_mode_3_0_ap_fixed_8_5_ap_q_mode_5_ap_o_mode_3_0_local_bia_0" [../src/conv.cpp:121]   --->   Operation 116 'load' 'conv2_mulap_fixed_8_5_ap_q_mode_5_ap_o_mode_3_0_ap_fixed_8_5_ap_q_mode_5_ap_o_mode_3_0_ap_fixed_8_5_ap_q_mode_5_ap_o_mode_3_0_ap_fixed_8_5_ap_q_mode_5_ap_o_mode_3_0_local_bia_83' <Predicate = true> <Delay = 0.00>
ST_31 : Operation 117 [1/1] (0.00ns)   --->   "%conv2_mulap_fixed_8_5_ap_q_mode_5_ap_o_mode_3_0_ap_fixed_8_5_ap_q_mode_5_ap_o_mode_3_0_ap_fixed_8_5_ap_q_mode_5_ap_o_mode_3_0_ap_fixed_8_5_ap_q_mode_5_ap_o_mode_3_0_local_bia_84 = load i8 %conv2_mulap_fixed_8_5_ap_q_mode_5_ap_o_mode_3_0_ap_fixed_8_5_ap_q_mode_5_ap_o_mode_3_0_ap_fixed_8_5_ap_q_mode_5_ap_o_mode_3_0_ap_fixed_8_5_ap_q_mode_5_ap_o_mode_3_0_local_bia_1" [../src/conv.cpp:121]   --->   Operation 117 'load' 'conv2_mulap_fixed_8_5_ap_q_mode_5_ap_o_mode_3_0_ap_fixed_8_5_ap_q_mode_5_ap_o_mode_3_0_ap_fixed_8_5_ap_q_mode_5_ap_o_mode_3_0_ap_fixed_8_5_ap_q_mode_5_ap_o_mode_3_0_local_bia_84' <Predicate = true> <Delay = 0.00>
ST_31 : Operation 118 [1/1] (0.00ns)   --->   "%conv2_mulap_fixed_8_5_ap_q_mode_5_ap_o_mode_3_0_ap_fixed_8_5_ap_q_mode_5_ap_o_mode_3_0_ap_fixed_8_5_ap_q_mode_5_ap_o_mode_3_0_ap_fixed_8_5_ap_q_mode_5_ap_o_mode_3_0_local_bia_85 = load i8 %conv2_mulap_fixed_8_5_ap_q_mode_5_ap_o_mode_3_0_ap_fixed_8_5_ap_q_mode_5_ap_o_mode_3_0_ap_fixed_8_5_ap_q_mode_5_ap_o_mode_3_0_ap_fixed_8_5_ap_q_mode_5_ap_o_mode_3_0_local_bia_2" [../src/conv.cpp:121]   --->   Operation 118 'load' 'conv2_mulap_fixed_8_5_ap_q_mode_5_ap_o_mode_3_0_ap_fixed_8_5_ap_q_mode_5_ap_o_mode_3_0_ap_fixed_8_5_ap_q_mode_5_ap_o_mode_3_0_ap_fixed_8_5_ap_q_mode_5_ap_o_mode_3_0_local_bia_85' <Predicate = true> <Delay = 0.00>
ST_31 : Operation 119 [1/1] (0.00ns)   --->   "%conv2_mulap_fixed_8_5_ap_q_mode_5_ap_o_mode_3_0_ap_fixed_8_5_ap_q_mode_5_ap_o_mode_3_0_ap_fixed_8_5_ap_q_mode_5_ap_o_mode_3_0_ap_fixed_8_5_ap_q_mode_5_ap_o_mode_3_0_local_bia_86 = load i8 %conv2_mulap_fixed_8_5_ap_q_mode_5_ap_o_mode_3_0_ap_fixed_8_5_ap_q_mode_5_ap_o_mode_3_0_ap_fixed_8_5_ap_q_mode_5_ap_o_mode_3_0_ap_fixed_8_5_ap_q_mode_5_ap_o_mode_3_0_local_bia_3" [../src/conv.cpp:121]   --->   Operation 119 'load' 'conv2_mulap_fixed_8_5_ap_q_mode_5_ap_o_mode_3_0_ap_fixed_8_5_ap_q_mode_5_ap_o_mode_3_0_ap_fixed_8_5_ap_q_mode_5_ap_o_mode_3_0_ap_fixed_8_5_ap_q_mode_5_ap_o_mode_3_0_local_bia_86' <Predicate = true> <Delay = 0.00>
ST_31 : Operation 120 [1/1] (0.00ns)   --->   "%conv2_mulap_fixed_8_5_ap_q_mode_5_ap_o_mode_3_0_ap_fixed_8_5_ap_q_mode_5_ap_o_mode_3_0_ap_fixed_8_5_ap_q_mode_5_ap_o_mode_3_0_ap_fixed_8_5_ap_q_mode_5_ap_o_mode_3_0_local_bia_87 = load i8 %p_ZZ5conv2P8ap_fixedILi8ELi5EL9ap_q_mode5EL9ap_o_mode3ELi0EES3_S3_S3_E10local_bia" [../src/conv.cpp:121]   --->   Operation 120 'load' 'conv2_mulap_fixed_8_5_ap_q_mode_5_ap_o_mode_3_0_ap_fixed_8_5_ap_q_mode_5_ap_o_mode_3_0_ap_fixed_8_5_ap_q_mode_5_ap_o_mode_3_0_ap_fixed_8_5_ap_q_mode_5_ap_o_mode_3_0_local_bia_87' <Predicate = true> <Delay = 0.00>
ST_31 : Operation 121 [1/1] (0.00ns)   --->   "%br_ln93 = br void %VITIS_LOOP_94_1" [../src/conv.cpp:93]   --->   Operation 121 'br' 'br_ln93' <Predicate = true> <Delay = 0.00>

State 32 <SV = 31> <Delay = 3.36>
ST_32 : Operation 122 [1/1] (0.00ns)   --->   "%co_1 = load i5 %co" [../src/conv.cpp:93]   --->   Operation 122 'load' 'co_1' <Predicate = true> <Delay = 0.00>
ST_32 : Operation 123 [1/1] (1.78ns)   --->   "%icmp_ln93 = icmp_eq  i5 %co_1, i5 16" [../src/conv.cpp:93]   --->   Operation 123 'icmp' 'icmp_ln93' <Predicate = true> <Delay = 1.78> <CoreInst = "Cmp">   --->   Core 9 'Cmp' <Latency = 0> <II = 1> <Delay = 1.82> <FuncUnit> <Opcode : 'seteq' 'setne' 'setle' 'setge' 'setlt' 'setgt'> <InPorts = 2> <OutPorts = 1>
ST_32 : Operation 124 [1/1] (1.78ns)   --->   "%add_ln93 = add i5 %co_1, i5 1" [../src/conv.cpp:93]   --->   Operation 124 'add' 'add_ln93' <Predicate = true> <Delay = 1.78> <CoreInst = "Adder">   --->   Core 1 'Adder' <Latency = 0> <II = 1> <Delay = 1.78> <FuncUnit> <Opcode : 'add' 'sub'> <InPorts = 2> <OutPorts = 1>
ST_32 : Operation 125 [1/1] (0.00ns)   --->   "%br_ln93 = br i1 %icmp_ln93, void %VITIS_LOOP_94_1.split, void %for.end123" [../src/conv.cpp:93]   --->   Operation 125 'br' 'br_ln93' <Predicate = true> <Delay = 0.00>
ST_32 : Operation 126 [1/1] (0.00ns)   --->   "%trunc_ln93 = trunc i5 %co_1" [../src/conv.cpp:93]   --->   Operation 126 'trunc' 'trunc_ln93' <Predicate = (!icmp_ln93)> <Delay = 0.00>
ST_32 : Operation 127 [1/1] (0.00ns)   --->   "%speclooptripcount_ln93 = speclooptripcount void @_ssdm_op_SpecLoopTripCount, i64 16, i64 16, i64 16" [../src/conv.cpp:93]   --->   Operation 127 'speclooptripcount' 'speclooptripcount_ln93' <Predicate = (!icmp_ln93)> <Delay = 0.00>
ST_32 : Operation 128 [1/1] (0.00ns)   --->   "%specloopname_ln93 = specloopname void @_ssdm_op_SpecLoopName, void @empty_21" [../src/conv.cpp:93]   --->   Operation 128 'specloopname' 'specloopname_ln93' <Predicate = (!icmp_ln93)> <Delay = 0.00>
ST_32 : Operation 129 [1/1] (0.00ns)   --->   "%shl_ln = bitconcatenate i7 @_ssdm_op_BitConcatenate.i7.i4.i3, i4 %trunc_ln93, i3 0" [../src/conv.cpp:112]   --->   Operation 129 'bitconcatenate' 'shl_ln' <Predicate = (!icmp_ln93)> <Delay = 0.00>
ST_32 : Operation 130 [1/1] (2.06ns)   --->   "%sum = sparsemux i8 @_ssdm_op_SparseMux.ap_auto.16i8.i8.i4, i4 0, i8 %conv2_ap_fixed_ap_fixed_ap_fixed_ap_fixed_8_5_5_3_0_local_bias_9_load, i4 1, i8 %conv2_ap_fixed_ap_fixed_ap_fixed_ap_fixed_8_5_5_3_0_local_bias_8_load, i4 2, i8 %conv2_ap_fixed_ap_fixed_ap_fixed_ap_fixed_8_5_5_3_0_local_bias_7_load, i4 3, i8 %conv2_ap_fixed_ap_fixed_ap_fixed_ap_fixed_8_5_5_3_0_local_bias_6_load, i4 4, i8 %conv2_ap_fixed_ap_fixed_ap_fixed_ap_fixed_8_5_5_3_0_local_bias_5_load, i4 5, i8 %conv2_ap_fixed_ap_fixed_ap_fixed_ap_fixed_8_5_5_3_0_local_bias_4_load, i4 6, i8 %conv2_ap_fixed_ap_fixed_ap_fixed_ap_fixed_8_5_5_3_0_local_bias_3_load, i4 7, i8 %conv2_ap_fixed_ap_fixed_ap_fixed_ap_fixed_8_5_5_3_0_local_bias_2_load, i4 8, i8 %conv2_ap_fixed_ap_fixed_ap_fixed_ap_fixed_8_5_5_3_0_local_bias_1_load, i4 9, i8 %conv2_ap_fixed_ap_fixed_ap_fixed_ap_fixed_8_5_5_3_0_local_bias_load, i4 10, i8 %conv2_mulap_fixed_8_5_ap_q_mode_5_ap_o_mode_3_0_ap_fixed_8_5_ap_q_mode_5_ap_o_mode_3_0_ap_fixed_8_5_ap_q_mode_5_ap_o_mode_3_0_ap_fixed_8_5_ap_q_mode_5_ap_o_mode_3_0_local_bia, i4 11, i8 %conv2_mulap_fixed_8_5_ap_q_mode_5_ap_o_mode_3_0_ap_fixed_8_5_ap_q_mode_5_ap_o_mode_3_0_ap_fixed_8_5_ap_q_mode_5_ap_o_mode_3_0_ap_fixed_8_5_ap_q_mode_5_ap_o_mode_3_0_local_bia_83, i4 12, i8 %conv2_mulap_fixed_8_5_ap_q_mode_5_ap_o_mode_3_0_ap_fixed_8_5_ap_q_mode_5_ap_o_mode_3_0_ap_fixed_8_5_ap_q_mode_5_ap_o_mode_3_0_ap_fixed_8_5_ap_q_mode_5_ap_o_mode_3_0_local_bia_84, i4 13, i8 %conv2_mulap_fixed_8_5_ap_q_mode_5_ap_o_mode_3_0_ap_fixed_8_5_ap_q_mode_5_ap_o_mode_3_0_ap_fixed_8_5_ap_q_mode_5_ap_o_mode_3_0_ap_fixed_8_5_ap_q_mode_5_ap_o_mode_3_0_local_bia_85, i4 14, i8 %conv2_mulap_fixed_8_5_ap_q_mode_5_ap_o_mode_3_0_ap_fixed_8_5_ap_q_mode_5_ap_o_mode_3_0_ap_fixed_8_5_ap_q_mode_5_ap_o_mode_3_0_ap_fixed_8_5_ap_q_mode_5_ap_o_mode_3_0_local_bia_86, i4 15, i8 %conv2_mulap_fixed_8_5_ap_q_mode_5_ap_o_mode_3_0_ap_fixed_8_5_ap_q_mode_5_ap_o_mode_3_0_ap_fixed_8_5_ap_q_mode_5_ap_o_mode_3_0_ap_fixed_8_5_ap_q_mode_5_ap_o_mode_3_0_local_bia_87, i8 0, i4 %trunc_ln93" [../src/conv.cpp:121]   --->   Operation 130 'sparsemux' 'sum' <Predicate = (!icmp_ln93)> <Delay = 2.06> <CoreInst = "BinarySparseMux_DontCare">   --->   Core 137 'BinarySparseMux_DontCare' <Latency = 0> <II = 1> <Delay = 2.06> <FuncUnit> <Opcode : 'sparsemux'> <InPorts = 2> <OutPorts = 1>
ST_32 : Operation 131 [1/1] (1.58ns)   --->   "%br_ln94 = br void %VITIS_LOOP_95_2" [../src/conv.cpp:94]   --->   Operation 131 'br' 'br_ln94' <Predicate = (!icmp_ln93)> <Delay = 1.58>

State 33 <SV = 32> <Delay = 3.51>
ST_33 : Operation 132 [1/1] (0.00ns)   --->   "%h = phi i4 0, void %VITIS_LOOP_94_1.split, i4 %add_ln107, void %for.inc118" [../src/conv.cpp:107]   --->   Operation 132 'phi' 'h' <Predicate = true> <Delay = 0.00>
ST_33 : Operation 133 [1/1] (1.73ns)   --->   "%icmp_ln94 = icmp_eq  i4 %h, i4 14" [../src/conv.cpp:94]   --->   Operation 133 'icmp' 'icmp_ln94' <Predicate = true> <Delay = 1.73> <CoreInst = "Cmp">   --->   Core 9 'Cmp' <Latency = 0> <II = 1> <Delay = 1.73> <FuncUnit> <Opcode : 'seteq' 'setne' 'setle' 'setge' 'setlt' 'setgt'> <InPorts = 2> <OutPorts = 1>
ST_33 : Operation 134 [1/1] (1.73ns)   --->   "%add_ln107 = add i4 %h, i4 1" [../src/conv.cpp:107]   --->   Operation 134 'add' 'add_ln107' <Predicate = true> <Delay = 1.73> <CoreInst = "Adder">   --->   Core 1 'Adder' <Latency = 0> <II = 1> <Delay = 1.73> <FuncUnit> <Opcode : 'add' 'sub'> <InPorts = 2> <OutPorts = 1>
ST_33 : Operation 135 [1/1] (0.00ns)   --->   "%br_ln94 = br i1 %icmp_ln94, void %VITIS_LOOP_95_2.split, void %for.inc121" [../src/conv.cpp:94]   --->   Operation 135 'br' 'br_ln94' <Predicate = true> <Delay = 0.00>
ST_33 : Operation 136 [1/1] (0.00ns)   --->   "%speclooptripcount_ln94 = speclooptripcount void @_ssdm_op_SpecLoopTripCount, i64 14, i64 14, i64 14" [../src/conv.cpp:94]   --->   Operation 136 'speclooptripcount' 'speclooptripcount_ln94' <Predicate = (!icmp_ln94)> <Delay = 0.00>
ST_33 : Operation 137 [1/1] (0.00ns)   --->   "%specloopname_ln94 = specloopname void @_ssdm_op_SpecLoopName, void @empty_29" [../src/conv.cpp:94]   --->   Operation 137 'specloopname' 'specloopname_ln94' <Predicate = (!icmp_ln94)> <Delay = 0.00>
ST_33 : Operation 138 [1/1] (0.00ns)   --->   "%p_shl3 = bitconcatenate i8 @_ssdm_op_BitConcatenate.i8.i4.i4, i4 %h, i4 0" [../src/conv.cpp:127]   --->   Operation 138 'bitconcatenate' 'p_shl3' <Predicate = (!icmp_ln94)> <Delay = 0.00>
ST_33 : Operation 139 [1/1] (0.00ns)   --->   "%tmp = bitconcatenate i5 @_ssdm_op_BitConcatenate.i5.i4.i1, i4 %h, i1 0" [../src/conv.cpp:127]   --->   Operation 139 'bitconcatenate' 'tmp' <Predicate = (!icmp_ln94)> <Delay = 0.00>
ST_33 : Operation 140 [1/1] (0.00ns)   --->   "%zext_ln127 = zext i5 %tmp" [../src/conv.cpp:127]   --->   Operation 140 'zext' 'zext_ln127' <Predicate = (!icmp_ln94)> <Delay = 0.00>
ST_33 : Operation 141 [1/1] (1.91ns)   --->   "%sub_ln127 = sub i8 %p_shl3, i8 %zext_ln127" [../src/conv.cpp:127]   --->   Operation 141 'sub' 'sub_ln127' <Predicate = (!icmp_ln94)> <Delay = 1.91> <CoreInst = "Adder">   --->   Core 1 'Adder' <Latency = 0> <II = 1> <Delay = 1.91> <FuncUnit> <Opcode : 'add' 'sub'> <InPorts = 2> <OutPorts = 1>
ST_33 : Operation 142 [1/1] (0.00ns)   --->   "%trunc_ln107 = trunc i4 %h" [../src/conv.cpp:107]   --->   Operation 142 'trunc' 'trunc_ln107' <Predicate = (!icmp_ln94)> <Delay = 0.00>
ST_33 : Operation 143 [1/1] (0.00ns)   --->   "%p_shl = bitconcatenate i3 @_ssdm_op_BitConcatenate.i3.i2.i1, i2 %trunc_ln107, i1 0" [../src/conv.cpp:107]   --->   Operation 143 'bitconcatenate' 'p_shl' <Predicate = (!icmp_ln94)> <Delay = 0.00>
ST_33 : Operation 144 [1/1] (1.65ns)   --->   "%sub_ln107 = sub i3 0, i3 %p_shl" [../src/conv.cpp:107]   --->   Operation 144 'sub' 'sub_ln107' <Predicate = (!icmp_ln94)> <Delay = 1.65> <CoreInst = "Adder">   --->   Core 1 'Adder' <Latency = 0> <II = 1> <Delay = 1.65> <FuncUnit> <Opcode : 'add' 'sub'> <InPorts = 2> <OutPorts = 1>
ST_33 : Operation 145 [1/1] (0.00ns)   --->   "%zext_ln110 = zext i4 %h" [../src/conv.cpp:110]   --->   Operation 145 'zext' 'zext_ln110' <Predicate = (!icmp_ln94)> <Delay = 0.00>
ST_33 : Operation 146 [1/1] (1.73ns)   --->   "%add_ln110 = add i5 %zext_ln110, i5 31" [../src/conv.cpp:110]   --->   Operation 146 'add' 'add_ln110' <Predicate = (!icmp_ln94)> <Delay = 1.73> <CoreInst = "Adder">   --->   Core 1 'Adder' <Latency = 0> <II = 1> <Delay = 1.78> <FuncUnit> <Opcode : 'add' 'sub'> <InPorts = 2> <OutPorts = 1>
ST_33 : Operation 147 [1/1] (1.78ns)   --->   "%icmp_ln110 = icmp_ult  i5 %add_ln110, i5 14" [../src/conv.cpp:110]   --->   Operation 147 'icmp' 'icmp_ln110' <Predicate = (!icmp_ln94)> <Delay = 1.78> <CoreInst = "Cmp">   --->   Core 9 'Cmp' <Latency = 0> <II = 1> <Delay = 1.78> <FuncUnit> <Opcode : 'seteq' 'setne' 'setle' 'setge' 'setlt' 'setgt'> <InPorts = 2> <OutPorts = 1>
ST_33 : Operation 148 [1/1] (1.73ns)   --->   "%icmp_ln110_1 = icmp_ult  i4 %add_ln107, i4 14" [../src/conv.cpp:110]   --->   Operation 148 'icmp' 'icmp_ln110_1' <Predicate = (!icmp_ln94)> <Delay = 1.73> <CoreInst = "Cmp">   --->   Core 9 'Cmp' <Latency = 0> <II = 1> <Delay = 1.73> <FuncUnit> <Opcode : 'seteq' 'setne' 'setle' 'setge' 'setlt' 'setgt'> <InPorts = 2> <OutPorts = 1>
ST_33 : Operation 149 [1/1] (1.58ns)   --->   "%br_ln95 = br void %VITIS_LOOP_98_3" [../src/conv.cpp:95]   --->   Operation 149 'br' 'br_ln95' <Predicate = (!icmp_ln94)> <Delay = 1.58>
ST_33 : Operation 150 [1/1] (1.58ns)   --->   "%store_ln93 = store i5 %add_ln93, i5 %co" [../src/conv.cpp:93]   --->   Operation 150 'store' 'store_ln93' <Predicate = (icmp_ln94)> <Delay = 1.58>
ST_33 : Operation 151 [1/1] (0.00ns)   --->   "%br_ln93 = br void %VITIS_LOOP_94_1" [../src/conv.cpp:93]   --->   Operation 151 'br' 'br_ln93' <Predicate = (icmp_ln94)> <Delay = 0.00>

State 34 <SV = 33> <Delay = 1.73>
ST_34 : Operation 152 [1/1] (0.00ns)   --->   "%w = phi i4 0, void %VITIS_LOOP_95_2.split, i4 %add_ln108_1, void %VITIS_LOOP_98_3.split" [../src/conv.cpp:108]   --->   Operation 152 'phi' 'w' <Predicate = true> <Delay = 0.00>
ST_34 : Operation 153 [1/1] (1.73ns)   --->   "%icmp_ln95 = icmp_eq  i4 %w, i4 14" [../src/conv.cpp:95]   --->   Operation 153 'icmp' 'icmp_ln95' <Predicate = true> <Delay = 1.73> <CoreInst = "Cmp">   --->   Core 9 'Cmp' <Latency = 0> <II = 1> <Delay = 1.73> <FuncUnit> <Opcode : 'seteq' 'setne' 'setle' 'setge' 'setlt' 'setgt'> <InPorts = 2> <OutPorts = 1>
ST_34 : Operation 154 [1/1] (1.73ns)   --->   "%add_ln108_1 = add i4 %w, i4 1" [../src/conv.cpp:108]   --->   Operation 154 'add' 'add_ln108_1' <Predicate = true> <Delay = 1.73> <CoreInst = "Adder">   --->   Core 1 'Adder' <Latency = 0> <II = 1> <Delay = 1.73> <FuncUnit> <Opcode : 'add' 'sub'> <InPorts = 2> <OutPorts = 1>
ST_34 : Operation 155 [1/1] (0.00ns)   --->   "%br_ln95 = br i1 %icmp_ln95, void %VITIS_LOOP_98_3.split, void %for.inc118" [../src/conv.cpp:95]   --->   Operation 155 'br' 'br_ln95' <Predicate = true> <Delay = 0.00>
ST_34 : Operation 156 [1/1] (0.00ns)   --->   "%zext_ln95 = zext i4 %w" [../src/conv.cpp:95]   --->   Operation 156 'zext' 'zext_ln95' <Predicate = (!icmp_ln95)> <Delay = 0.00>
ST_34 : Operation 157 [1/1] (0.00ns)   --->   "%store_ln100 = store i8 0, i8 %conv2_ap_fixed_ap_fixed_ap_fixed_ap_fixed_8_5_5_3_0_partial_sums_7" [../src/conv.cpp:100]   --->   Operation 157 'store' 'store_ln100' <Predicate = (!icmp_ln95)> <Delay = 0.00>
ST_34 : Operation 158 [1/1] (0.00ns)   --->   "%store_ln100 = store i8 0, i8 %conv2_ap_fixed_ap_fixed_ap_fixed_ap_fixed_8_5_5_3_0_partial_sums_6" [../src/conv.cpp:100]   --->   Operation 158 'store' 'store_ln100' <Predicate = (!icmp_ln95)> <Delay = 0.00>
ST_34 : Operation 159 [1/1] (0.00ns)   --->   "%store_ln100 = store i8 0, i8 %conv2_ap_fixed_ap_fixed_ap_fixed_ap_fixed_8_5_5_3_0_partial_sums_5" [../src/conv.cpp:100]   --->   Operation 159 'store' 'store_ln100' <Predicate = (!icmp_ln95)> <Delay = 0.00>
ST_34 : Operation 160 [1/1] (0.00ns)   --->   "%store_ln100 = store i8 0, i8 %conv2_ap_fixed_ap_fixed_ap_fixed_ap_fixed_8_5_5_3_0_partial_sums_4" [../src/conv.cpp:100]   --->   Operation 160 'store' 'store_ln100' <Predicate = (!icmp_ln95)> <Delay = 0.00>
ST_34 : Operation 161 [1/1] (0.00ns)   --->   "%store_ln100 = store i8 0, i8 %conv2_ap_fixed_ap_fixed_ap_fixed_ap_fixed_8_5_5_3_0_partial_sums_3" [../src/conv.cpp:100]   --->   Operation 161 'store' 'store_ln100' <Predicate = (!icmp_ln95)> <Delay = 0.00>
ST_34 : Operation 162 [1/1] (0.00ns)   --->   "%store_ln100 = store i8 0, i8 %conv2_ap_fixed_ap_fixed_ap_fixed_ap_fixed_8_5_5_3_0_partial_sums_2" [../src/conv.cpp:100]   --->   Operation 162 'store' 'store_ln100' <Predicate = (!icmp_ln95)> <Delay = 0.00>
ST_34 : Operation 163 [1/1] (0.00ns)   --->   "%store_ln100 = store i8 0, i8 %conv2_ap_fixed_ap_fixed_ap_fixed_ap_fixed_8_5_5_3_0_partial_sums_1" [../src/conv.cpp:100]   --->   Operation 163 'store' 'store_ln100' <Predicate = (!icmp_ln95)> <Delay = 0.00>
ST_34 : Operation 164 [1/1] (0.00ns)   --->   "%store_ln100 = store i8 0, i8 %conv2_ap_fixed_ap_fixed_ap_fixed_ap_fixed_8_5_5_3_0_partial_sums" [../src/conv.cpp:100]   --->   Operation 164 'store' 'store_ln100' <Predicate = (!icmp_ln95)> <Delay = 0.00>
ST_34 : Operation 165 [1/1] (1.73ns)   --->   "%add_ln108 = add i5 %zext_ln95, i5 31" [../src/conv.cpp:108]   --->   Operation 165 'add' 'add_ln108' <Predicate = (!icmp_ln95)> <Delay = 1.73> <CoreInst = "Adder">   --->   Core 1 'Adder' <Latency = 0> <II = 1> <Delay = 1.78> <FuncUnit> <Opcode : 'add' 'sub'> <InPorts = 2> <OutPorts = 1>
ST_34 : Operation 166 [1/1] (0.00ns)   --->   "%br_ln94 = br void %VITIS_LOOP_95_2" [../src/conv.cpp:94]   --->   Operation 166 'br' 'br_ln94' <Predicate = (icmp_ln95)> <Delay = 0.00>

State 35 <SV = 34> <Delay = 7.88>
ST_35 : Operation 167 [1/1] (0.00ns)   --->   "%trunc_ln95 = trunc i4 %w" [../src/conv.cpp:95]   --->   Operation 167 'trunc' 'trunc_ln95' <Predicate = true> <Delay = 0.00>
ST_35 : Operation 168 [1/1] (1.78ns)   --->   "%icmp_ln110_2 = icmp_ult  i5 %add_ln108, i5 14" [../src/conv.cpp:110]   --->   Operation 168 'icmp' 'icmp_ln110_2' <Predicate = true> <Delay = 1.78> <CoreInst = "Cmp">   --->   Core 9 'Cmp' <Latency = 0> <II = 1> <Delay = 1.78> <FuncUnit> <Opcode : 'seteq' 'setne' 'setle' 'setge' 'setlt' 'setgt'> <InPorts = 2> <OutPorts = 1>
ST_35 : Operation 169 [1/1] (0.97ns)   --->   "%and_ln110 = and i1 %icmp_ln110_2, i1 %icmp_ln110" [../src/conv.cpp:110]   --->   Operation 169 'and' 'and_ln110' <Predicate = true> <Delay = 0.97> <CoreInst = "LogicGate">   --->   Core 74 'LogicGate' <Latency = 0> <II = 1> <Delay = 0.97> <FuncUnit> <Opcode : 'and' 'or' 'xor'> <InPorts = 2> <OutPorts = 1>
ST_35 : Operation 170 [1/1] (1.73ns)   --->   "%icmp_ln110_3 = icmp_ult  i4 %add_ln108_1, i4 14" [../src/conv.cpp:110]   --->   Operation 170 'icmp' 'icmp_ln110_3' <Predicate = true> <Delay = 1.73> <CoreInst = "Cmp">   --->   Core 9 'Cmp' <Latency = 0> <II = 1> <Delay = 1.73> <FuncUnit> <Opcode : 'seteq' 'setne' 'setle' 'setge' 'setlt' 'setgt'> <InPorts = 2> <OutPorts = 1>
ST_35 : Operation 171 [1/1] (0.97ns)   --->   "%and_ln110_1 = and i1 %icmp_ln110_3, i1 %icmp_ln110" [../src/conv.cpp:110]   --->   Operation 171 'and' 'and_ln110_1' <Predicate = true> <Delay = 0.97> <CoreInst = "LogicGate">   --->   Core 74 'LogicGate' <Latency = 0> <II = 1> <Delay = 0.97> <FuncUnit> <Opcode : 'and' 'or' 'xor'> <InPorts = 2> <OutPorts = 1>
ST_35 : Operation 172 [1/1] (0.97ns)   --->   "%and_ln110_2 = and i1 %icmp_ln110_2, i1 %icmp_ln110_1" [../src/conv.cpp:110]   --->   Operation 172 'and' 'and_ln110_2' <Predicate = true> <Delay = 0.97> <CoreInst = "LogicGate">   --->   Core 74 'LogicGate' <Latency = 0> <II = 1> <Delay = 0.97> <FuncUnit> <Opcode : 'and' 'or' 'xor'> <InPorts = 2> <OutPorts = 1>
ST_35 : Operation 173 [1/1] (0.97ns)   --->   "%and_ln110_3 = and i1 %icmp_ln110_3, i1 %icmp_ln110_1" [../src/conv.cpp:110]   --->   Operation 173 'and' 'and_ln110_3' <Predicate = true> <Delay = 0.97> <CoreInst = "LogicGate">   --->   Core 74 'LogicGate' <Latency = 0> <II = 1> <Delay = 0.97> <FuncUnit> <Opcode : 'and' 'or' 'xor'> <InPorts = 2> <OutPorts = 1>
ST_35 : Operation 174 [2/2] (5.12ns)   --->   "%call_ln110 = call void @conv2_Pipeline_CI_2, i5 %add_ln110, i5 %add_ln108, i4 %add_ln108_1, i4 %add_ln107, i1 %and_ln110_3, i5 %add_ln108, i8 %temp, i8 %temp_1, i8 %temp_2, i8 %temp_3, i8 %temp_4, i8 %temp_5, i8 %temp_6, i8 %temp_7, i8 %sub_ln127, i1 %and_ln110_2, i4 %w, i1 %and_ln110_1, i7 %shl_ln, i3 %sub_ln107, i3 %trunc_ln95, i1 %and_ln110, i4 %add_ln108_1, i8 %conv2_ap_fixed_ap_fixed_ap_fixed_ap_fixed_8_5_5_3_0_partial_sums_7, i8 %conv2_ap_fixed_ap_fixed_ap_fixed_ap_fixed_8_5_5_3_0_local_weight_2, i8 %conv2_ap_fixed_ap_fixed_ap_fixed_ap_fixed_8_5_5_3_0_partial_sums_6, i8 %conv2_ap_fixed_ap_fixed_ap_fixed_ap_fixed_8_5_5_3_0_partial_sums_5, i8 %conv2_ap_fixed_ap_fixed_ap_fixed_ap_fixed_8_5_5_3_0_partial_sums_4, i8 %conv2_ap_fixed_ap_fixed_ap_fixed_ap_fixed_8_5_5_3_0_partial_sums_3, i8 %conv2_ap_fixed_ap_fixed_ap_fixed_ap_fixed_8_5_5_3_0_partial_sums_2, i8 %conv2_ap_fixed_ap_fixed_ap_fixed_ap_fixed_8_5_5_3_0_partial_sums_1, i8 %conv2_ap_fixed_ap_fixed_ap_fixed_ap_fixed_8_5_5_3_0_partial_sums, i8 %conv2_ap_fixed_ap_fixed_ap_fixed_ap_fixed_8_5_5_3_0_local_weight_4, i8 %conv2_ap_fixed_ap_fixed_ap_fixed_ap_fixed_8_5_5_3_0_local_weight_5, i8 %conv2_ap_fixed_ap_fixed_ap_fixed_ap_fixed_8_5_5_3_0_local_weight_8, i8 %conv2_ap_fixed_ap_fixed_ap_fixed_ap_fixed_8_5_5_3_0_local_weight_7, i8 %conv2_ap_fixed_ap_fixed_ap_fixed_ap_fixed_8_5_5_3_0_local_weight_6, i8 %conv2_ap_fixed_ap_fixed_ap_fixed_ap_fixed_8_5_5_3_0_local_weight_3, i8 %conv2_ap_fixed_ap_fixed_ap_fixed_ap_fixed_8_5_5_3_0_local_weight_1, i8 %conv2_ap_fixed_ap_fixed_ap_fixed_ap_fixed_8_5_5_3_0_local_weight" [../src/conv.cpp:110]   --->   Operation 174 'call' 'call_ln110' <Predicate = true> <Delay = 5.12> <CoreType = "Generic">   --->   Generic Core

State 36 <SV = 35> <Delay = 0.00>
ST_36 : Operation 175 [1/2] (0.00ns)   --->   "%call_ln110 = call void @conv2_Pipeline_CI_2, i5 %add_ln110, i5 %add_ln108, i4 %add_ln108_1, i4 %add_ln107, i1 %and_ln110_3, i5 %add_ln108, i8 %temp, i8 %temp_1, i8 %temp_2, i8 %temp_3, i8 %temp_4, i8 %temp_5, i8 %temp_6, i8 %temp_7, i8 %sub_ln127, i1 %and_ln110_2, i4 %w, i1 %and_ln110_1, i7 %shl_ln, i3 %sub_ln107, i3 %trunc_ln95, i1 %and_ln110, i4 %add_ln108_1, i8 %conv2_ap_fixed_ap_fixed_ap_fixed_ap_fixed_8_5_5_3_0_partial_sums_7, i8 %conv2_ap_fixed_ap_fixed_ap_fixed_ap_fixed_8_5_5_3_0_local_weight_2, i8 %conv2_ap_fixed_ap_fixed_ap_fixed_ap_fixed_8_5_5_3_0_partial_sums_6, i8 %conv2_ap_fixed_ap_fixed_ap_fixed_ap_fixed_8_5_5_3_0_partial_sums_5, i8 %conv2_ap_fixed_ap_fixed_ap_fixed_ap_fixed_8_5_5_3_0_partial_sums_4, i8 %conv2_ap_fixed_ap_fixed_ap_fixed_ap_fixed_8_5_5_3_0_partial_sums_3, i8 %conv2_ap_fixed_ap_fixed_ap_fixed_ap_fixed_8_5_5_3_0_partial_sums_2, i8 %conv2_ap_fixed_ap_fixed_ap_fixed_ap_fixed_8_5_5_3_0_partial_sums_1, i8 %conv2_ap_fixed_ap_fixed_ap_fixed_ap_fixed_8_5_5_3_0_partial_sums, i8 %conv2_ap_fixed_ap_fixed_ap_fixed_ap_fixed_8_5_5_3_0_local_weight_4, i8 %conv2_ap_fixed_ap_fixed_ap_fixed_ap_fixed_8_5_5_3_0_local_weight_5, i8 %conv2_ap_fixed_ap_fixed_ap_fixed_ap_fixed_8_5_5_3_0_local_weight_8, i8 %conv2_ap_fixed_ap_fixed_ap_fixed_ap_fixed_8_5_5_3_0_local_weight_7, i8 %conv2_ap_fixed_ap_fixed_ap_fixed_ap_fixed_8_5_5_3_0_local_weight_6, i8 %conv2_ap_fixed_ap_fixed_ap_fixed_ap_fixed_8_5_5_3_0_local_weight_3, i8 %conv2_ap_fixed_ap_fixed_ap_fixed_ap_fixed_8_5_5_3_0_local_weight_1, i8 %conv2_ap_fixed_ap_fixed_ap_fixed_ap_fixed_8_5_5_3_0_local_weight" [../src/conv.cpp:110]   --->   Operation 175 'call' 'call_ln110' <Predicate = true> <Delay = 0.00> <CoreType = "Generic">   --->   Generic Core

State 37 <SV = 36> <Delay = 7.33>
ST_37 : Operation 176 [1/1] (0.00ns)   --->   "%conv2_ap_fixed_ap_fixed_ap_fixed_ap_fixed_8_5_5_3_0_partial_sums_7_load = load i8 %conv2_ap_fixed_ap_fixed_ap_fixed_ap_fixed_8_5_5_3_0_partial_sums_7" [../src/conv.cpp:124]   --->   Operation 176 'load' 'conv2_ap_fixed_ap_fixed_ap_fixed_ap_fixed_8_5_5_3_0_partial_sums_7_load' <Predicate = true> <Delay = 0.00>
ST_37 : Operation 177 [1/1] (0.00ns)   --->   "%conv2_ap_fixed_ap_fixed_ap_fixed_ap_fixed_8_5_5_3_0_partial_sums_5_load = load i8 %conv2_ap_fixed_ap_fixed_ap_fixed_ap_fixed_8_5_5_3_0_partial_sums_5" [../src/conv.cpp:124]   --->   Operation 177 'load' 'conv2_ap_fixed_ap_fixed_ap_fixed_ap_fixed_8_5_5_3_0_partial_sums_5_load' <Predicate = true> <Delay = 0.00>
ST_37 : Operation 178 [1/1] (0.00ns)   --->   "%conv2_ap_fixed_ap_fixed_ap_fixed_ap_fixed_8_5_5_3_0_partial_sums_4_load = load i8 %conv2_ap_fixed_ap_fixed_ap_fixed_ap_fixed_8_5_5_3_0_partial_sums_4" [../src/conv.cpp:124]   --->   Operation 178 'load' 'conv2_ap_fixed_ap_fixed_ap_fixed_ap_fixed_8_5_5_3_0_partial_sums_4_load' <Predicate = true> <Delay = 0.00>
ST_37 : Operation 179 [1/1] (0.00ns)   --->   "%conv2_ap_fixed_ap_fixed_ap_fixed_ap_fixed_8_5_5_3_0_partial_sums_load = load i8 %conv2_ap_fixed_ap_fixed_ap_fixed_ap_fixed_8_5_5_3_0_partial_sums" [../src/conv.cpp:124]   --->   Operation 179 'load' 'conv2_ap_fixed_ap_fixed_ap_fixed_ap_fixed_8_5_5_3_0_partial_sums_load' <Predicate = true> <Delay = 0.00>
ST_37 : Operation 180 [1/1] (0.00ns) (grouped into TernaryAdder)   --->   "%add_ln124_3 = add i8 %conv2_ap_fixed_ap_fixed_ap_fixed_ap_fixed_8_5_5_3_0_partial_sums_7_load, i8 %conv2_ap_fixed_ap_fixed_ap_fixed_ap_fixed_8_5_5_3_0_partial_sums_4_load" [../src/conv.cpp:124]   --->   Operation 180 'add' 'add_ln124_3' <Predicate = true> <Delay = 0.00> <CoreInst = "TAddSub">   --->   Core 10 'TAddSub' <Latency = 0> <II = 1> <Delay = 1.83> <IPBlock> <Opcode : 'add' 'sub'> <InPorts = 3> <OutPorts = 1> <Sync> <CReg>
ST_37 : Operation 181 [1/1] (0.00ns) (grouped into TernaryAdder)   --->   "%add_ln124_4 = add i8 %conv2_ap_fixed_ap_fixed_ap_fixed_ap_fixed_8_5_5_3_0_partial_sums_load, i8 %sum" [../src/conv.cpp:124]   --->   Operation 181 'add' 'add_ln124_4' <Predicate = true> <Delay = 0.00> <CoreInst = "TAddSub">   --->   Core 10 'TAddSub' <Latency = 0> <II = 1> <Delay = 1.83> <IPBlock> <Opcode : 'add' 'sub'> <InPorts = 3> <OutPorts = 1> <Sync> <CReg>
ST_37 : Operation 182 [1/1] (3.66ns) (root node of TernaryAdder)   --->   "%add_ln124_5 = add i8 %add_ln124_4, i8 %conv2_ap_fixed_ap_fixed_ap_fixed_ap_fixed_8_5_5_3_0_partial_sums_5_load" [../src/conv.cpp:124]   --->   Operation 182 'add' 'add_ln124_5' <Predicate = true> <Delay = 3.66> <CoreInst = "TAddSub">   --->   Core 10 'TAddSub' <Latency = 0> <II = 1> <Delay = 1.83> <IPBlock> <Opcode : 'add' 'sub'> <InPorts = 3> <OutPorts = 1> <Sync> <CReg>
ST_37 : Operation 183 [1/1] (3.66ns) (root node of TernaryAdder)   --->   "%add_ln124_6 = add i8 %add_ln124_5, i8 %add_ln124_3" [../src/conv.cpp:124]   --->   Operation 183 'add' 'add_ln124_6' <Predicate = true> <Delay = 3.66> <CoreInst = "TAddSub">   --->   Core 10 'TAddSub' <Latency = 0> <II = 1> <Delay = 1.83> <IPBlock> <Opcode : 'add' 'sub'> <InPorts = 3> <OutPorts = 1> <Sync> <CReg>

State 38 <SV = 37> <Delay = 8.49>
ST_38 : Operation 184 [1/1] (0.00ns)   --->   "%conv2_ap_fixed_ap_fixed_ap_fixed_ap_fixed_8_5_5_3_0_partial_sums_6_load = load i8 %conv2_ap_fixed_ap_fixed_ap_fixed_ap_fixed_8_5_5_3_0_partial_sums_6" [../src/conv.cpp:124]   --->   Operation 184 'load' 'conv2_ap_fixed_ap_fixed_ap_fixed_ap_fixed_8_5_5_3_0_partial_sums_6_load' <Predicate = true> <Delay = 0.00>
ST_38 : Operation 185 [1/1] (0.00ns)   --->   "%conv2_ap_fixed_ap_fixed_ap_fixed_ap_fixed_8_5_5_3_0_partial_sums_3_load = load i8 %conv2_ap_fixed_ap_fixed_ap_fixed_ap_fixed_8_5_5_3_0_partial_sums_3" [../src/conv.cpp:124]   --->   Operation 185 'load' 'conv2_ap_fixed_ap_fixed_ap_fixed_ap_fixed_8_5_5_3_0_partial_sums_3_load' <Predicate = true> <Delay = 0.00>
ST_38 : Operation 186 [1/1] (0.00ns)   --->   "%conv2_ap_fixed_ap_fixed_ap_fixed_ap_fixed_8_5_5_3_0_partial_sums_2_load = load i8 %conv2_ap_fixed_ap_fixed_ap_fixed_ap_fixed_8_5_5_3_0_partial_sums_2" [../src/conv.cpp:124]   --->   Operation 186 'load' 'conv2_ap_fixed_ap_fixed_ap_fixed_ap_fixed_8_5_5_3_0_partial_sums_2_load' <Predicate = true> <Delay = 0.00>
ST_38 : Operation 187 [1/1] (0.00ns)   --->   "%conv2_ap_fixed_ap_fixed_ap_fixed_ap_fixed_8_5_5_3_0_partial_sums_1_load = load i8 %conv2_ap_fixed_ap_fixed_ap_fixed_ap_fixed_8_5_5_3_0_partial_sums_1" [../src/conv.cpp:124]   --->   Operation 187 'load' 'conv2_ap_fixed_ap_fixed_ap_fixed_ap_fixed_8_5_5_3_0_partial_sums_1_load' <Predicate = true> <Delay = 0.00>
ST_38 : Operation 188 [1/1] (1.91ns)   --->   "%add_ln124 = add i8 %conv2_ap_fixed_ap_fixed_ap_fixed_ap_fixed_8_5_5_3_0_partial_sums_1_load, i8 %conv2_ap_fixed_ap_fixed_ap_fixed_ap_fixed_8_5_5_3_0_partial_sums_2_load" [../src/conv.cpp:124]   --->   Operation 188 'add' 'add_ln124' <Predicate = true> <Delay = 1.91> <CoreInst = "Adder">   --->   Core 1 'Adder' <Latency = 0> <II = 1> <Delay = 1.91> <FuncUnit> <Opcode : 'add' 'sub'> <InPorts = 2> <OutPorts = 1>
ST_38 : Operation 189 [1/1] (1.91ns)   --->   "%add_ln124_1 = add i8 %conv2_ap_fixed_ap_fixed_ap_fixed_ap_fixed_8_5_5_3_0_partial_sums_3_load, i8 %conv2_ap_fixed_ap_fixed_ap_fixed_ap_fixed_8_5_5_3_0_partial_sums_6_load" [../src/conv.cpp:124]   --->   Operation 189 'add' 'add_ln124_1' <Predicate = true> <Delay = 1.91> <CoreInst = "Adder">   --->   Core 1 'Adder' <Latency = 0> <II = 1> <Delay = 1.91> <FuncUnit> <Opcode : 'add' 'sub'> <InPorts = 2> <OutPorts = 1>
ST_38 : Operation 190 [1/1] (0.00ns) (grouped into TernaryAdder)   --->   "%add_ln124_2 = add i8 %add_ln124_1, i8 %add_ln124" [../src/conv.cpp:124]   --->   Operation 190 'add' 'add_ln124_2' <Predicate = true> <Delay = 0.00> <CoreInst = "TAddSub">   --->   Core 10 'TAddSub' <Latency = 0> <II = 1> <Delay = 1.83> <IPBlock> <Opcode : 'add' 'sub'> <InPorts = 3> <OutPorts = 1> <Sync> <CReg>
ST_38 : Operation 191 [1/1] (3.66ns) (root node of TernaryAdder)   --->   "%add_ln124_7 = add i8 %add_ln124_6, i8 %add_ln124_2" [../src/conv.cpp:124]   --->   Operation 191 'add' 'add_ln124_7' <Predicate = true> <Delay = 3.66> <CoreInst = "TAddSub">   --->   Core 10 'TAddSub' <Latency = 0> <II = 1> <Delay = 1.83> <IPBlock> <Opcode : 'add' 'sub'> <InPorts = 3> <OutPorts = 1> <Sync> <CReg>
ST_38 : Operation 192 [1/1] (0.00ns)   --->   "%trunc_ln128 = trunc i8 %add_ln124_7" [../src/conv.cpp:128]   --->   Operation 192 'trunc' 'trunc_ln128' <Predicate = true> <Delay = 0.00>
ST_38 : Operation 193 [1/1] (1.91ns)   --->   "%icmp_ln128 = icmp_sgt  i8 %add_ln124_7, i8 0" [../src/conv.cpp:128]   --->   Operation 193 'icmp' 'icmp_ln128' <Predicate = true> <Delay = 1.91> <CoreInst = "Cmp">   --->   Core 9 'Cmp' <Latency = 0> <II = 1> <Delay = 1.91> <FuncUnit> <Opcode : 'seteq' 'setne' 'setle' 'setge' 'setlt' 'setgt'> <InPorts = 2> <OutPorts = 1>
ST_38 : Operation 194 [1/1] (0.99ns)   --->   "%select_ln128 = select i1 %icmp_ln128, i7 %trunc_ln128, i7 0" [../src/conv.cpp:128]   --->   Operation 194 'select' 'select_ln128' <Predicate = true> <Delay = 0.99> <CoreInst = "Sel">   --->   Core 73 'Sel' <Latency = 0> <II = 1> <Delay = 0.99> <FuncUnit> <Opcode : 'select'> <InPorts = 3> <OutPorts = 1>

State 39 <SV = 38> <Delay = 8.75>
ST_39 : Operation 195 [1/1] (0.00ns)   --->   "%speclooptripcount_ln95 = speclooptripcount void @_ssdm_op_SpecLoopTripCount, i64 14, i64 14, i64 14" [../src/conv.cpp:95]   --->   Operation 195 'speclooptripcount' 'speclooptripcount_ln95' <Predicate = true> <Delay = 0.00>
ST_39 : Operation 196 [1/1] (0.00ns)   --->   "%specloopname_ln95 = specloopname void @_ssdm_op_SpecLoopName, void @empty_28" [../src/conv.cpp:95]   --->   Operation 196 'specloopname' 'specloopname_ln95' <Predicate = true> <Delay = 0.00>
ST_39 : Operation 197 [1/1] (0.00ns)   --->   "%zext_ln128 = zext i7 %select_ln128" [../src/conv.cpp:128]   --->   Operation 197 'zext' 'zext_ln128' <Predicate = true> <Delay = 0.00>
ST_39 : Operation 198 [1/1] ( I:8.75ns O:8.75ns )   --->   "%write_ln128 = write void @_ssdm_op_Write.m_axi.p1i8.i8, i64 %gmem0_addr_4, i8 %zext_ln128, i1 1" [../src/conv.cpp:128]   --->   Operation 198 'write' 'write_ln128' <Predicate = true> <Delay = 8.75> <CoreInst = "m_axi">   --->   Core 111 'm_axi' <Latency = 5> <II = 1> <Delay = 1.00> <Adapter> <Opcode : 'readrequnaligned' 'writerequnaligned' 'read' 'write' 'readreq' 'writereq' 'writeresp'>
ST_39 : Operation 199 [1/1] (0.00ns)   --->   "%br_ln95 = br void %VITIS_LOOP_98_3" [../src/conv.cpp:95]   --->   Operation 199 'br' 'br_ln95' <Predicate = true> <Delay = 0.00>

State 40 <SV = 32> <Delay = 0.00>
ST_40 : Operation 200 [5/5] (8.75ns)   --->   "%empty_88 = writeresp i1 @_ssdm_op_WriteResp.m_axi.p1i8, i64 %gmem0_addr_4" [../src/conv.cpp:132]   --->   Operation 200 'writeresp' 'empty_88' <Predicate = true> <Delay = 8.75> <CoreInst = "m_axi">   --->   Core 111 'm_axi' <Latency = 3> <II = 1> <Delay = 1.00> <Adapter> <Opcode : 'readrequnaligned' 'writerequnaligned' 'read' 'write' 'readreq' 'writereq' 'writeresp'>

State 41 <SV = 33> <Delay = 0.00>
ST_41 : Operation 201 [4/5] (8.75ns)   --->   "%empty_88 = writeresp i1 @_ssdm_op_WriteResp.m_axi.p1i8, i64 %gmem0_addr_4" [../src/conv.cpp:132]   --->   Operation 201 'writeresp' 'empty_88' <Predicate = true> <Delay = 8.75> <CoreInst = "m_axi">   --->   Core 111 'm_axi' <Latency = 3> <II = 1> <Delay = 1.00> <Adapter> <Opcode : 'readrequnaligned' 'writerequnaligned' 'read' 'write' 'readreq' 'writereq' 'writeresp'>

State 42 <SV = 34> <Delay = 0.00>
ST_42 : Operation 202 [3/5] (8.75ns)   --->   "%empty_88 = writeresp i1 @_ssdm_op_WriteResp.m_axi.p1i8, i64 %gmem0_addr_4" [../src/conv.cpp:132]   --->   Operation 202 'writeresp' 'empty_88' <Predicate = true> <Delay = 8.75> <CoreInst = "m_axi">   --->   Core 111 'm_axi' <Latency = 3> <II = 1> <Delay = 1.00> <Adapter> <Opcode : 'readrequnaligned' 'writerequnaligned' 'read' 'write' 'readreq' 'writereq' 'writeresp'>

State 43 <SV = 35> <Delay = 0.00>
ST_43 : Operation 203 [2/5] (8.75ns)   --->   "%empty_88 = writeresp i1 @_ssdm_op_WriteResp.m_axi.p1i8, i64 %gmem0_addr_4" [../src/conv.cpp:132]   --->   Operation 203 'writeresp' 'empty_88' <Predicate = true> <Delay = 8.75> <CoreInst = "m_axi">   --->   Core 111 'm_axi' <Latency = 3> <II = 1> <Delay = 1.00> <Adapter> <Opcode : 'readrequnaligned' 'writerequnaligned' 'read' 'write' 'readreq' 'writereq' 'writeresp'>

State 44 <SV = 36> <Delay = 8.75>
ST_44 : Operation 204 [1/5] ( I:8.75ns O:8.75ns )   --->   "%empty_88 = writeresp i1 @_ssdm_op_WriteResp.m_axi.p1i8, i64 %gmem0_addr_4" [../src/conv.cpp:132]   --->   Operation 204 'writeresp' 'empty_88' <Predicate = true> <Delay = 8.75> <CoreInst = "m_axi">   --->   Core 111 'm_axi' <Latency = 3> <II = 1> <Delay = 1.00> <Adapter> <Opcode : 'readrequnaligned' 'writerequnaligned' 'read' 'write' 'readreq' 'writereq' 'writeresp'>
ST_44 : Operation 205 [1/1] (0.00ns)   --->   "%ret_ln132 = ret" [../src/conv.cpp:132]   --->   Operation 205 'ret' 'ret_ln132' <Predicate = true> <Delay = 0.00>


============================================================
+ Verbose Summary: Binding
============================================================
STG Binding: 
---------------- STG Properties BEGIN ----------------
- Is combinational: 0
- Is one-state seq: 0
- Is datapath-only: 0
- Is pipelined: 0
- Is top level: 0
Port [ Return ] is wired: 1; IO mode=ap_ctrl_hs:ce=0
Port [ gmem0]:  wired=1; compound=1; hidden=0; nouse=0; global=0; static=0; extern=0; dir=2; type=4; pingpong=0; private_global=0; IO mode=m_axi:ce=0
Port [ input_r]:  wired=1; compound=0; hidden=0; nouse=0; global=0; static=0; extern=0; dir=0; type=0; pingpong=0; private_global=0; IO mode=ap_none:ce=0
Port [ outputConv]:  wired=1; compound=0; hidden=0; nouse=0; global=0; static=0; extern=0; dir=0; type=0; pingpong=0; private_global=0; IO mode=ap_none:ce=0
Port [ gmem1]:  wired=1; compound=1; hidden=0; nouse=0; global=0; static=0; extern=0; dir=0; type=4; pingpong=0; private_global=0; IO mode=m_axi:ce=0
Port [ weight]:  wired=1; compound=0; hidden=0; nouse=0; global=0; static=0; extern=0; dir=0; type=0; pingpong=0; private_global=0; IO mode=ap_none:ce=0
Port [ bias]:  wired=1; compound=0; hidden=0; nouse=0; global=0; static=0; extern=0; dir=0; type=0; pingpong=0; private_global=0; IO mode=ap_none:ce=0
Port [ conv2_ap_fixed_ap_fixed_ap_fixed_ap_fixed_8_5_5_3_0_local_weight_8]:  wired=0; compound=1; hidden=1; nouse=0; global=1; static=1; extern=0; dir=2; type=1; pingpong=0; private_global=1; MemPort=[23]; IO mode=ap_memory:ce=0
Port [ conv2_ap_fixed_ap_fixed_ap_fixed_ap_fixed_8_5_5_3_0_local_weight_7]:  wired=0; compound=1; hidden=1; nouse=0; global=1; static=1; extern=0; dir=2; type=1; pingpong=0; private_global=1; MemPort=[23]; IO mode=ap_memory:ce=0
Port [ conv2_ap_fixed_ap_fixed_ap_fixed_ap_fixed_8_5_5_3_0_local_weight_6]:  wired=0; compound=1; hidden=1; nouse=0; global=1; static=1; extern=0; dir=2; type=1; pingpong=0; private_global=1; MemPort=[23]; IO mode=ap_memory:ce=0
Port [ conv2_ap_fixed_ap_fixed_ap_fixed_ap_fixed_8_5_5_3_0_local_weight_5]:  wired=0; compound=1; hidden=1; nouse=0; global=1; static=1; extern=0; dir=2; type=1; pingpong=0; private_global=1; MemPort=[23]; IO mode=ap_memory:ce=0
Port [ conv2_ap_fixed_ap_fixed_ap_fixed_ap_fixed_8_5_5_3_0_local_weight_4]:  wired=0; compound=1; hidden=1; nouse=0; global=1; static=1; extern=0; dir=2; type=1; pingpong=0; private_global=1; MemPort=[23]; IO mode=ap_memory:ce=0
Port [ conv2_ap_fixed_ap_fixed_ap_fixed_ap_fixed_8_5_5_3_0_local_weight_3]:  wired=0; compound=1; hidden=1; nouse=0; global=1; static=1; extern=0; dir=2; type=1; pingpong=0; private_global=1; MemPort=[23]; IO mode=ap_memory:ce=0
Port [ conv2_ap_fixed_ap_fixed_ap_fixed_ap_fixed_8_5_5_3_0_local_weight_2]:  wired=0; compound=1; hidden=1; nouse=0; global=1; static=1; extern=0; dir=2; type=1; pingpong=0; private_global=1; MemPort=[23]; IO mode=ap_memory:ce=0
Port [ conv2_ap_fixed_ap_fixed_ap_fixed_ap_fixed_8_5_5_3_0_local_weight_1]:  wired=0; compound=1; hidden=1; nouse=0; global=1; static=1; extern=0; dir=2; type=1; pingpong=0; private_global=1; MemPort=[23]; IO mode=ap_memory:ce=0
Port [ conv2_ap_fixed_ap_fixed_ap_fixed_ap_fixed_8_5_5_3_0_local_weight]:  wired=0; compound=1; hidden=1; nouse=0; global=1; static=1; extern=0; dir=2; type=1; pingpong=0; private_global=1; MemPort=[23]; IO mode=ap_memory:ce=0
Port [ conv2_ap_fixed_ap_fixed_ap_fixed_ap_fixed_8_5_5_3_0_local_bias_9]:  wired=0; compound=0; hidden=1; nouse=0; global=1; static=1; extern=0; dir=2; type=0; pingpong=0; private_global=1; IO mode=ap_ovld:ce=0
Port [ conv2_ap_fixed_ap_fixed_ap_fixed_ap_fixed_8_5_5_3_0_local_bias_8]:  wired=0; compound=0; hidden=1; nouse=0; global=1; static=1; extern=0; dir=2; type=0; pingpong=0; private_global=1; IO mode=ap_ovld:ce=0
Port [ conv2_ap_fixed_ap_fixed_ap_fixed_ap_fixed_8_5_5_3_0_local_bias_7]:  wired=0; compound=0; hidden=1; nouse=0; global=1; static=1; extern=0; dir=2; type=0; pingpong=0; private_global=1; IO mode=ap_ovld:ce=0
Port [ conv2_ap_fixed_ap_fixed_ap_fixed_ap_fixed_8_5_5_3_0_local_bias_6]:  wired=0; compound=0; hidden=1; nouse=0; global=1; static=1; extern=0; dir=2; type=0; pingpong=0; private_global=1; IO mode=ap_ovld:ce=0
Port [ conv2_ap_fixed_ap_fixed_ap_fixed_ap_fixed_8_5_5_3_0_local_bias_5]:  wired=0; compound=0; hidden=1; nouse=0; global=1; static=1; extern=0; dir=2; type=0; pingpong=0; private_global=1; IO mode=ap_ovld:ce=0
Port [ conv2_ap_fixed_ap_fixed_ap_fixed_ap_fixed_8_5_5_3_0_local_bias_4]:  wired=0; compound=0; hidden=1; nouse=0; global=1; static=1; extern=0; dir=2; type=0; pingpong=0; private_global=1; IO mode=ap_ovld:ce=0
Port [ conv2_ap_fixed_ap_fixed_ap_fixed_ap_fixed_8_5_5_3_0_local_bias_3]:  wired=0; compound=0; hidden=1; nouse=0; global=1; static=1; extern=0; dir=2; type=0; pingpong=0; private_global=1; IO mode=ap_ovld:ce=0
Port [ conv2_ap_fixed_ap_fixed_ap_fixed_ap_fixed_8_5_5_3_0_local_bias_2]:  wired=0; compound=0; hidden=1; nouse=0; global=1; static=1; extern=0; dir=2; type=0; pingpong=0; private_global=1; IO mode=ap_ovld:ce=0
Port [ conv2_ap_fixed_ap_fixed_ap_fixed_ap_fixed_8_5_5_3_0_local_bias_1]:  wired=0; compound=0; hidden=1; nouse=0; global=1; static=1; extern=0; dir=2; type=0; pingpong=0; private_global=1; IO mode=ap_ovld:ce=0
Port [ conv2_ap_fixed_ap_fixed_ap_fixed_ap_fixed_8_5_5_3_0_local_bias]:  wired=0; compound=0; hidden=1; nouse=0; global=1; static=1; extern=0; dir=2; type=0; pingpong=0; private_global=1; IO mode=ap_ovld:ce=0
Port [ conv2_mulap_fixed_8_5_ap_q_mode_5_ap_o_mode_3_0_ap_fixed_8_5_ap_q_mode_5_ap_o_mode_3_0_ap_fixed_8_5_ap_q_mode_5_ap_o_mode_3_0_ap_fixed_8_5_ap_q_mode_5_ap_o_mode_3_0_local_bia]:  wired=0; compound=0; hidden=1; nouse=0; global=1; static=1; extern=0; dir=2; type=0; pingpong=0; private_global=1; IO mode=ap_ovld:ce=0
Port [ conv2_mulap_fixed_8_5_ap_q_mode_5_ap_o_mode_3_0_ap_fixed_8_5_ap_q_mode_5_ap_o_mode_3_0_ap_fixed_8_5_ap_q_mode_5_ap_o_mode_3_0_ap_fixed_8_5_ap_q_mode_5_ap_o_mode_3_0_local_bia_0]:  wired=0; compound=0; hidden=1; nouse=0; global=1; static=1; extern=0; dir=2; type=0; pingpong=0; private_global=1; IO mode=ap_ovld:ce=0
Port [ conv2_mulap_fixed_8_5_ap_q_mode_5_ap_o_mode_3_0_ap_fixed_8_5_ap_q_mode_5_ap_o_mode_3_0_ap_fixed_8_5_ap_q_mode_5_ap_o_mode_3_0_ap_fixed_8_5_ap_q_mode_5_ap_o_mode_3_0_local_bia_1]:  wired=0; compound=0; hidden=1; nouse=0; global=1; static=1; extern=0; dir=2; type=0; pingpong=0; private_global=1; IO mode=ap_ovld:ce=0
Port [ conv2_mulap_fixed_8_5_ap_q_mode_5_ap_o_mode_3_0_ap_fixed_8_5_ap_q_mode_5_ap_o_mode_3_0_ap_fixed_8_5_ap_q_mode_5_ap_o_mode_3_0_ap_fixed_8_5_ap_q_mode_5_ap_o_mode_3_0_local_bia_2]:  wired=0; compound=0; hidden=1; nouse=0; global=1; static=1; extern=0; dir=2; type=0; pingpong=0; private_global=1; IO mode=ap_ovld:ce=0
Port [ conv2_mulap_fixed_8_5_ap_q_mode_5_ap_o_mode_3_0_ap_fixed_8_5_ap_q_mode_5_ap_o_mode_3_0_ap_fixed_8_5_ap_q_mode_5_ap_o_mode_3_0_ap_fixed_8_5_ap_q_mode_5_ap_o_mode_3_0_local_bia_3]:  wired=0; compound=0; hidden=1; nouse=0; global=1; static=1; extern=0; dir=2; type=0; pingpong=0; private_global=1; IO mode=ap_ovld:ce=0
Port [ p_ZZ5conv2P8ap_fixedILi8ELi5EL9ap_q_mode5EL9ap_o_mode3ELi0EES3_S3_S3_E10local_bia]:  wired=0; compound=0; hidden=1; nouse=0; global=1; static=1; extern=0; dir=2; type=0; pingpong=0; private_global=1; IO mode=ap_ovld:ce=0
Port [ conv2_ap_fixed_ap_fixed_ap_fixed_ap_fixed_8_5_5_3_0_partial_sums_7]:  wired=0; compound=0; hidden=1; nouse=0; global=1; static=1; extern=0; dir=2; type=0; pingpong=0; private_global=1; IO mode=ap_ovld:ce=0
Port [ conv2_ap_fixed_ap_fixed_ap_fixed_ap_fixed_8_5_5_3_0_partial_sums_6]:  wired=0; compound=0; hidden=1; nouse=0; global=1; static=1; extern=0; dir=2; type=0; pingpong=0; private_global=1; IO mode=ap_ovld:ce=0
Port [ conv2_ap_fixed_ap_fixed_ap_fixed_ap_fixed_8_5_5_3_0_partial_sums_5]:  wired=0; compound=0; hidden=1; nouse=0; global=1; static=1; extern=0; dir=2; type=0; pingpong=0; private_global=1; IO mode=ap_ovld:ce=0
Port [ conv2_ap_fixed_ap_fixed_ap_fixed_ap_fixed_8_5_5_3_0_partial_sums_4]:  wired=0; compound=0; hidden=1; nouse=0; global=1; static=1; extern=0; dir=2; type=0; pingpong=0; private_global=1; IO mode=ap_ovld:ce=0
Port [ conv2_ap_fixed_ap_fixed_ap_fixed_ap_fixed_8_5_5_3_0_partial_sums_3]:  wired=0; compound=0; hidden=1; nouse=0; global=1; static=1; extern=0; dir=2; type=0; pingpong=0; private_global=1; IO mode=ap_ovld:ce=0
Port [ conv2_ap_fixed_ap_fixed_ap_fixed_ap_fixed_8_5_5_3_0_partial_sums_2]:  wired=0; compound=0; hidden=1; nouse=0; global=1; static=1; extern=0; dir=2; type=0; pingpong=0; private_global=1; IO mode=ap_ovld:ce=0
Port [ conv2_ap_fixed_ap_fixed_ap_fixed_ap_fixed_8_5_5_3_0_partial_sums_1]:  wired=0; compound=0; hidden=1; nouse=0; global=1; static=1; extern=0; dir=2; type=0; pingpong=0; private_global=1; IO mode=ap_ovld:ce=0
Port [ conv2_ap_fixed_ap_fixed_ap_fixed_ap_fixed_8_5_5_3_0_partial_sums]:  wired=0; compound=0; hidden=1; nouse=0; global=1; static=1; extern=0; dir=2; type=0; pingpong=0; private_global=1; IO mode=ap_ovld:ce=0
---------------- STG Properties END ------------------

---------------- Datapath Model BEGIN ----------------

<LifeTime>
<method=bitvector/>
co                                                                                                                                                                                (alloca           ) [ 011111111111111111111111111111111111111100000]
weight_read                                                                                                                                                                       (read             ) [ 001111111110000000000000000000000000000000000]
temp                                                                                                                                                                              (alloca           ) [ 001111111111111111111111111111111111111100000]
temp_1                                                                                                                                                                            (alloca           ) [ 001111111111111111111111111111111111111100000]
temp_2                                                                                                                                                                            (alloca           ) [ 001111111111111111111111111111111111111100000]
temp_3                                                                                                                                                                            (alloca           ) [ 001111111111111111111111111111111111111100000]
temp_4                                                                                                                                                                            (alloca           ) [ 001111111111111111111111111111111111111100000]
temp_5                                                                                                                                                                            (alloca           ) [ 001111111111111111111111111111111111111100000]
temp_6                                                                                                                                                                            (alloca           ) [ 001111111111111111111111111111111111111100000]
temp_7                                                                                                                                                                            (alloca           ) [ 001111111111111111111111111111111111111100000]
gmem1_addr                                                                                                                                                                        (getelementptr    ) [ 001111111000000000000000000000000000000000000]
store_ln93                                                                                                                                                                        (store            ) [ 000000000000000000000000000000000000000000000]
empty                                                                                                                                                                             (readreq          ) [ 000000000000000000000000000000000000000000000]
call_ln0                                                                                                                                                                          (call             ) [ 000000000000000000000000000000000000000000000]
bias_read                                                                                                                                                                         (read             ) [ 000000000000111111111000000000000000000000000]
gmem1_addr_2                                                                                                                                                                      (getelementptr    ) [ 000000000000111111100000000000000000000000000]
empty_80                                                                                                                                                                          (readreq          ) [ 000000000000000000000000000000000000000000000]
call_ln0                                                                                                                                                                          (call             ) [ 000000000000000000000000000000000000000000000]
input_read                                                                                                                                                                        (read             ) [ 000000000000000000000011111111100000000000000]
gmem0_addr                                                                                                                                                                        (getelementptr    ) [ 000000000000000000000011111110000000000000000]
empty_81                                                                                                                                                                          (readreq          ) [ 000000000000000000000000000000000000000000000]
call_ln0                                                                                                                                                                          (call             ) [ 000000000000000000000000000000000000000000000]
specstablecontent_ln0                                                                                                                                                             (specstablecontent) [ 000000000000000000000000000000000000000000000]
specinterface_ln0                                                                                                                                                                 (specinterface    ) [ 000000000000000000000000000000000000000000000]
specinterface_ln0                                                                                                                                                                 (specinterface    ) [ 000000000000000000000000000000000000000000000]
outputConv_read                                                                                                                                                                   (read             ) [ 000000000000000000000000000000000000000000000]
specmemcore_ln83                                                                                                                                                                  (specmemcore      ) [ 000000000000000000000000000000000000000000000]
specmemcore_ln83                                                                                                                                                                  (specmemcore      ) [ 000000000000000000000000000000000000000000000]
specmemcore_ln83                                                                                                                                                                  (specmemcore      ) [ 000000000000000000000000000000000000000000000]
specmemcore_ln83                                                                                                                                                                  (specmemcore      ) [ 000000000000000000000000000000000000000000000]
specmemcore_ln83                                                                                                                                                                  (specmemcore      ) [ 000000000000000000000000000000000000000000000]
specmemcore_ln83                                                                                                                                                                  (specmemcore      ) [ 000000000000000000000000000000000000000000000]
specmemcore_ln83                                                                                                                                                                  (specmemcore      ) [ 000000000000000000000000000000000000000000000]
specmemcore_ln83                                                                                                                                                                  (specmemcore      ) [ 000000000000000000000000000000000000000000000]
gmem0_addr_4                                                                                                                                                                      (getelementptr    ) [ 000000000000000000000000000000001111111111111]
empty_82                                                                                                                                                                          (writereq         ) [ 000000000000000000000000000000000000000000000]
conv2_ap_fixed_ap_fixed_ap_fixed_ap_fixed_8_5_5_3_0_local_bias_9_load                                                                                                             (load             ) [ 000000000000000000000000000000001111111100000]
conv2_ap_fixed_ap_fixed_ap_fixed_ap_fixed_8_5_5_3_0_local_bias_8_load                                                                                                             (load             ) [ 000000000000000000000000000000001111111100000]
conv2_ap_fixed_ap_fixed_ap_fixed_ap_fixed_8_5_5_3_0_local_bias_7_load                                                                                                             (load             ) [ 000000000000000000000000000000001111111100000]
conv2_ap_fixed_ap_fixed_ap_fixed_ap_fixed_8_5_5_3_0_local_bias_6_load                                                                                                             (load             ) [ 000000000000000000000000000000001111111100000]
conv2_ap_fixed_ap_fixed_ap_fixed_ap_fixed_8_5_5_3_0_local_bias_5_load                                                                                                             (load             ) [ 000000000000000000000000000000001111111100000]
conv2_ap_fixed_ap_fixed_ap_fixed_ap_fixed_8_5_5_3_0_local_bias_4_load                                                                                                             (load             ) [ 000000000000000000000000000000001111111100000]
conv2_ap_fixed_ap_fixed_ap_fixed_ap_fixed_8_5_5_3_0_local_bias_3_load                                                                                                             (load             ) [ 000000000000000000000000000000001111111100000]
conv2_ap_fixed_ap_fixed_ap_fixed_ap_fixed_8_5_5_3_0_local_bias_2_load                                                                                                             (load             ) [ 000000000000000000000000000000001111111100000]
conv2_ap_fixed_ap_fixed_ap_fixed_ap_fixed_8_5_5_3_0_local_bias_1_load                                                                                                             (load             ) [ 000000000000000000000000000000001111111100000]
conv2_ap_fixed_ap_fixed_ap_fixed_ap_fixed_8_5_5_3_0_local_bias_load                                                                                                               (load             ) [ 000000000000000000000000000000001111111100000]
conv2_mulap_fixed_8_5_ap_q_mode_5_ap_o_mode_3_0_ap_fixed_8_5_ap_q_mode_5_ap_o_mode_3_0_ap_fixed_8_5_ap_q_mode_5_ap_o_mode_3_0_ap_fixed_8_5_ap_q_mode_5_ap_o_mode_3_0_local_bia    (load             ) [ 000000000000000000000000000000001111111100000]
conv2_mulap_fixed_8_5_ap_q_mode_5_ap_o_mode_3_0_ap_fixed_8_5_ap_q_mode_5_ap_o_mode_3_0_ap_fixed_8_5_ap_q_mode_5_ap_o_mode_3_0_ap_fixed_8_5_ap_q_mode_5_ap_o_mode_3_0_local_bia_83 (load             ) [ 000000000000000000000000000000001111111100000]
conv2_mulap_fixed_8_5_ap_q_mode_5_ap_o_mode_3_0_ap_fixed_8_5_ap_q_mode_5_ap_o_mode_3_0_ap_fixed_8_5_ap_q_mode_5_ap_o_mode_3_0_ap_fixed_8_5_ap_q_mode_5_ap_o_mode_3_0_local_bia_84 (load             ) [ 000000000000000000000000000000001111111100000]
conv2_mulap_fixed_8_5_ap_q_mode_5_ap_o_mode_3_0_ap_fixed_8_5_ap_q_mode_5_ap_o_mode_3_0_ap_fixed_8_5_ap_q_mode_5_ap_o_mode_3_0_ap_fixed_8_5_ap_q_mode_5_ap_o_mode_3_0_local_bia_85 (load             ) [ 000000000000000000000000000000001111111100000]
conv2_mulap_fixed_8_5_ap_q_mode_5_ap_o_mode_3_0_ap_fixed_8_5_ap_q_mode_5_ap_o_mode_3_0_ap_fixed_8_5_ap_q_mode_5_ap_o_mode_3_0_ap_fixed_8_5_ap_q_mode_5_ap_o_mode_3_0_local_bia_86 (load             ) [ 000000000000000000000000000000001111111100000]
conv2_mulap_fixed_8_5_ap_q_mode_5_ap_o_mode_3_0_ap_fixed_8_5_ap_q_mode_5_ap_o_mode_3_0_ap_fixed_8_5_ap_q_mode_5_ap_o_mode_3_0_ap_fixed_8_5_ap_q_mode_5_ap_o_mode_3_0_local_bia_87 (load             ) [ 000000000000000000000000000000001111111100000]
br_ln93                                                                                                                                                                           (br               ) [ 000000000000000000000000000000000000000000000]
co_1                                                                                                                                                                              (load             ) [ 000000000000000000000000000000000000000000000]
icmp_ln93                                                                                                                                                                         (icmp             ) [ 000000000000000000000000000000001111111100000]
add_ln93                                                                                                                                                                          (add              ) [ 000000000000000000000000000000000111111100000]
br_ln93                                                                                                                                                                           (br               ) [ 000000000000000000000000000000000000000000000]
trunc_ln93                                                                                                                                                                        (trunc            ) [ 000000000000000000000000000000000000000000000]
speclooptripcount_ln93                                                                                                                                                            (speclooptripcount) [ 000000000000000000000000000000000000000000000]
specloopname_ln93                                                                                                                                                                 (specloopname     ) [ 000000000000000000000000000000000000000000000]
shl_ln                                                                                                                                                                            (bitconcatenate   ) [ 000000000000000000000000000000000111111100000]
sum                                                                                                                                                                               (sparsemux        ) [ 000000000000000000000000000000000111111100000]
br_ln94                                                                                                                                                                           (br               ) [ 000000000000000000000000000000001111111100000]
h                                                                                                                                                                                 (phi              ) [ 000000000000000000000000000000000100000000000]
icmp_ln94                                                                                                                                                                         (icmp             ) [ 000000000000000000000000000000001111111100000]
add_ln107                                                                                                                                                                         (add              ) [ 000000000000000000000000000000001111111100000]
br_ln94                                                                                                                                                                           (br               ) [ 000000000000000000000000000000000000000000000]
speclooptripcount_ln94                                                                                                                                                            (speclooptripcount) [ 000000000000000000000000000000000000000000000]
specloopname_ln94                                                                                                                                                                 (specloopname     ) [ 000000000000000000000000000000000000000000000]
p_shl3                                                                                                                                                                            (bitconcatenate   ) [ 000000000000000000000000000000000000000000000]
tmp                                                                                                                                                                               (bitconcatenate   ) [ 000000000000000000000000000000000000000000000]
zext_ln127                                                                                                                                                                        (zext             ) [ 000000000000000000000000000000000000000000000]
sub_ln127                                                                                                                                                                         (sub              ) [ 000000000000000000000000000000000011111100000]
trunc_ln107                                                                                                                                                                       (trunc            ) [ 000000000000000000000000000000000000000000000]
p_shl                                                                                                                                                                             (bitconcatenate   ) [ 000000000000000000000000000000000000000000000]
sub_ln107                                                                                                                                                                         (sub              ) [ 000000000000000000000000000000000011111100000]
zext_ln110                                                                                                                                                                        (zext             ) [ 000000000000000000000000000000000000000000000]
add_ln110                                                                                                                                                                         (add              ) [ 000000000000000000000000000000000011111100000]
icmp_ln110                                                                                                                                                                        (icmp             ) [ 000000000000000000000000000000000011111100000]
icmp_ln110_1                                                                                                                                                                      (icmp             ) [ 000000000000000000000000000000000011111100000]
br_ln95                                                                                                                                                                           (br               ) [ 000000000000000000000000000000001111111100000]
store_ln93                                                                                                                                                                        (store            ) [ 000000000000000000000000000000000000000000000]
br_ln93                                                                                                                                                                           (br               ) [ 000000000000000000000000000000000000000000000]
w                                                                                                                                                                                 (phi              ) [ 000000000000000000000000000000000011100000000]
icmp_ln95                                                                                                                                                                         (icmp             ) [ 000000000000000000000000000000001111111100000]
add_ln108_1                                                                                                                                                                       (add              ) [ 000000000000000000000000000000001111111100000]
br_ln95                                                                                                                                                                           (br               ) [ 000000000000000000000000000000000000000000000]
zext_ln95                                                                                                                                                                         (zext             ) [ 000000000000000000000000000000000000000000000]
store_ln100                                                                                                                                                                       (store            ) [ 000000000000000000000000000000000000000000000]
store_ln100                                                                                                                                                                       (store            ) [ 000000000000000000000000000000000000000000000]
store_ln100                                                                                                                                                                       (store            ) [ 000000000000000000000000000000000000000000000]
store_ln100                                                                                                                                                                       (store            ) [ 000000000000000000000000000000000000000000000]
store_ln100                                                                                                                                                                       (store            ) [ 000000000000000000000000000000000000000000000]
store_ln100                                                                                                                                                                       (store            ) [ 000000000000000000000000000000000000000000000]
store_ln100                                                                                                                                                                       (store            ) [ 000000000000000000000000000000000000000000000]
store_ln100                                                                                                                                                                       (store            ) [ 000000000000000000000000000000000000000000000]
add_ln108                                                                                                                                                                         (add              ) [ 000000000000000000000000000000000001100000000]
br_ln94                                                                                                                                                                           (br               ) [ 000000000000000000000000000000001111111100000]
trunc_ln95                                                                                                                                                                        (trunc            ) [ 000000000000000000000000000000000000100000000]
icmp_ln110_2                                                                                                                                                                      (icmp             ) [ 000000000000000000000000000000000000000000000]
and_ln110                                                                                                                                                                         (and              ) [ 000000000000000000000000000000000000100000000]
icmp_ln110_3                                                                                                                                                                      (icmp             ) [ 000000000000000000000000000000000000000000000]
and_ln110_1                                                                                                                                                                       (and              ) [ 000000000000000000000000000000000000100000000]
and_ln110_2                                                                                                                                                                       (and              ) [ 000000000000000000000000000000000000100000000]
and_ln110_3                                                                                                                                                                       (and              ) [ 000000000000000000000000000000000000100000000]
call_ln110                                                                                                                                                                        (call             ) [ 000000000000000000000000000000000000000000000]
conv2_ap_fixed_ap_fixed_ap_fixed_ap_fixed_8_5_5_3_0_partial_sums_7_load                                                                                                           (load             ) [ 000000000000000000000000000000000000000000000]
conv2_ap_fixed_ap_fixed_ap_fixed_ap_fixed_8_5_5_3_0_partial_sums_5_load                                                                                                           (load             ) [ 000000000000000000000000000000000000000000000]
conv2_ap_fixed_ap_fixed_ap_fixed_ap_fixed_8_5_5_3_0_partial_sums_4_load                                                                                                           (load             ) [ 000000000000000000000000000000000000000000000]
conv2_ap_fixed_ap_fixed_ap_fixed_ap_fixed_8_5_5_3_0_partial_sums_load                                                                                                             (load             ) [ 000000000000000000000000000000000000000000000]
add_ln124_3                                                                                                                                                                       (add              ) [ 000000000000000000000000000000000000000000000]
add_ln124_4                                                                                                                                                                       (add              ) [ 000000000000000000000000000000000000000000000]
add_ln124_5                                                                                                                                                                       (add              ) [ 000000000000000000000000000000000000000000000]
add_ln124_6                                                                                                                                                                       (add              ) [ 000000000000000000000000000000000000001000000]
conv2_ap_fixed_ap_fixed_ap_fixed_ap_fixed_8_5_5_3_0_partial_sums_6_load                                                                                                           (load             ) [ 000000000000000000000000000000000000000000000]
conv2_ap_fixed_ap_fixed_ap_fixed_ap_fixed_8_5_5_3_0_partial_sums_3_load                                                                                                           (load             ) [ 000000000000000000000000000000000000000000000]
conv2_ap_fixed_ap_fixed_ap_fixed_ap_fixed_8_5_5_3_0_partial_sums_2_load                                                                                                           (load             ) [ 000000000000000000000000000000000000000000000]
conv2_ap_fixed_ap_fixed_ap_fixed_ap_fixed_8_5_5_3_0_partial_sums_1_load                                                                                                           (load             ) [ 000000000000000000000000000000000000000000000]
add_ln124                                                                                                                                                                         (add              ) [ 000000000000000000000000000000000000000000000]
add_ln124_1                                                                                                                                                                       (add              ) [ 000000000000000000000000000000000000000000000]
add_ln124_2                                                                                                                                                                       (add              ) [ 000000000000000000000000000000000000000000000]
add_ln124_7                                                                                                                                                                       (add              ) [ 000000000000000000000000000000000000000000000]
trunc_ln128                                                                                                                                                                       (trunc            ) [ 000000000000000000000000000000000000000000000]
icmp_ln128                                                                                                                                                                        (icmp             ) [ 000000000000000000000000000000000000000000000]
select_ln128                                                                                                                                                                      (select           ) [ 000000000000000000000000000000000000000100000]
speclooptripcount_ln95                                                                                                                                                            (speclooptripcount) [ 000000000000000000000000000000000000000000000]
specloopname_ln95                                                                                                                                                                 (specloopname     ) [ 000000000000000000000000000000000000000000000]
zext_ln128                                                                                                                                                                        (zext             ) [ 000000000000000000000000000000000000000000000]
write_ln128                                                                                                                                                                       (write            ) [ 000000000000000000000000000000000000000000000]
br_ln95                                                                                                                                                                           (br               ) [ 000000000000000000000000000000001111111100000]
empty_88                                                                                                                                                                          (writeresp        ) [ 000000000000000000000000000000000000000000000]
ret_ln132                                                                                                                                                                         (ret              ) [ 000000000000000000000000000000000000000000000]
</LifeTime>

<model>

<comp_list>
<comp id="0" class="1000" name="gmem0">
<pin_list>
<pin id="1" dir="1" index="0" bw="1" slack="0"/>
</pin_list>
<bind>
<StgValue><ssdm name="gmem0"/><MemPortTyVec>2 </MemPortTyVec>
</StgValue>
</bind>
</comp>

<comp id="2" class="1000" name="input_r">
<pin_list>
<pin id="3" dir="1" index="0" bw="1" slack="0"/>
</pin_list>
<bind>
<StgValue><ssdm name="input_r"/></StgValue>
</bind>
</comp>

<comp id="4" class="1000" name="outputConv">
<pin_list>
<pin id="5" dir="1" index="0" bw="1" slack="0"/>
</pin_list>
<bind>
<StgValue><ssdm name="outputConv"/></StgValue>
</bind>
</comp>

<comp id="6" class="1000" name="gmem1">
<pin_list>
<pin id="7" dir="1" index="0" bw="1" slack="0"/>
</pin_list>
<bind>
<StgValue><ssdm name="gmem1"/><MemPortTyVec>0 </MemPortTyVec>
</StgValue>
</bind>
</comp>

<comp id="8" class="1000" name="weight">
<pin_list>
<pin id="9" dir="1" index="0" bw="1" slack="0"/>
</pin_list>
<bind>
<StgValue><ssdm name="weight"/></StgValue>
</bind>
</comp>

<comp id="10" class="1000" name="bias">
<pin_list>
<pin id="11" dir="1" index="0" bw="1" slack="0"/>
</pin_list>
<bind>
<StgValue><ssdm name="bias"/></StgValue>
</bind>
</comp>

<comp id="12" class="1000" name="conv2_ap_fixed_ap_fixed_ap_fixed_ap_fixed_8_5_5_3_0_local_weight_8">
<pin_list>
<pin id="13" dir="1" index="0" bw="1" slack="0"/>
</pin_list>
<bind>
<StgValue><ssdm name="conv2_ap_fixed_ap_fixed_ap_fixed_ap_fixed_8_5_5_3_0_local_weight_8"/><MemPortTyVec>2 3 </MemPortTyVec>
</StgValue>
</bind>
</comp>

<comp id="14" class="1000" name="conv2_ap_fixed_ap_fixed_ap_fixed_ap_fixed_8_5_5_3_0_local_weight_7">
<pin_list>
<pin id="15" dir="1" index="0" bw="1" slack="0"/>
</pin_list>
<bind>
<StgValue><ssdm name="conv2_ap_fixed_ap_fixed_ap_fixed_ap_fixed_8_5_5_3_0_local_weight_7"/><MemPortTyVec>2 3 </MemPortTyVec>
</StgValue>
</bind>
</comp>

<comp id="16" class="1000" name="conv2_ap_fixed_ap_fixed_ap_fixed_ap_fixed_8_5_5_3_0_local_weight_6">
<pin_list>
<pin id="17" dir="1" index="0" bw="1" slack="0"/>
</pin_list>
<bind>
<StgValue><ssdm name="conv2_ap_fixed_ap_fixed_ap_fixed_ap_fixed_8_5_5_3_0_local_weight_6"/><MemPortTyVec>2 3 </MemPortTyVec>
</StgValue>
</bind>
</comp>

<comp id="18" class="1000" name="conv2_ap_fixed_ap_fixed_ap_fixed_ap_fixed_8_5_5_3_0_local_weight_5">
<pin_list>
<pin id="19" dir="1" index="0" bw="1" slack="0"/>
</pin_list>
<bind>
<StgValue><ssdm name="conv2_ap_fixed_ap_fixed_ap_fixed_ap_fixed_8_5_5_3_0_local_weight_5"/><MemPortTyVec>2 3 </MemPortTyVec>
</StgValue>
</bind>
</comp>

<comp id="20" class="1000" name="conv2_ap_fixed_ap_fixed_ap_fixed_ap_fixed_8_5_5_3_0_local_weight_4">
<pin_list>
<pin id="21" dir="1" index="0" bw="1" slack="0"/>
</pin_list>
<bind>
<StgValue><ssdm name="conv2_ap_fixed_ap_fixed_ap_fixed_ap_fixed_8_5_5_3_0_local_weight_4"/><MemPortTyVec>2 3 </MemPortTyVec>
</StgValue>
</bind>
</comp>

<comp id="22" class="1000" name="conv2_ap_fixed_ap_fixed_ap_fixed_ap_fixed_8_5_5_3_0_local_weight_3">
<pin_list>
<pin id="23" dir="1" index="0" bw="1" slack="0"/>
</pin_list>
<bind>
<StgValue><ssdm name="conv2_ap_fixed_ap_fixed_ap_fixed_ap_fixed_8_5_5_3_0_local_weight_3"/><MemPortTyVec>2 3 </MemPortTyVec>
</StgValue>
</bind>
</comp>

<comp id="24" class="1000" name="conv2_ap_fixed_ap_fixed_ap_fixed_ap_fixed_8_5_5_3_0_local_weight_2">
<pin_list>
<pin id="25" dir="1" index="0" bw="1" slack="0"/>
</pin_list>
<bind>
<StgValue><ssdm name="conv2_ap_fixed_ap_fixed_ap_fixed_ap_fixed_8_5_5_3_0_local_weight_2"/><MemPortTyVec>2 3 </MemPortTyVec>
</StgValue>
</bind>
</comp>

<comp id="26" class="1000" name="conv2_ap_fixed_ap_fixed_ap_fixed_ap_fixed_8_5_5_3_0_local_weight_1">
<pin_list>
<pin id="27" dir="1" index="0" bw="1" slack="0"/>
</pin_list>
<bind>
<StgValue><ssdm name="conv2_ap_fixed_ap_fixed_ap_fixed_ap_fixed_8_5_5_3_0_local_weight_1"/><MemPortTyVec>2 3 </MemPortTyVec>
</StgValue>
</bind>
</comp>

<comp id="28" class="1000" name="conv2_ap_fixed_ap_fixed_ap_fixed_ap_fixed_8_5_5_3_0_local_weight">
<pin_list>
<pin id="29" dir="1" index="0" bw="1" slack="0"/>
</pin_list>
<bind>
<StgValue><ssdm name="conv2_ap_fixed_ap_fixed_ap_fixed_ap_fixed_8_5_5_3_0_local_weight"/><MemPortTyVec>2 3 </MemPortTyVec>
</StgValue>
</bind>
</comp>

<comp id="30" class="1000" name="conv2_ap_fixed_ap_fixed_ap_fixed_ap_fixed_8_5_5_3_0_local_bias_9">
<pin_list>
<pin id="31" dir="1" index="0" bw="1" slack="0"/>
</pin_list>
<bind>
<StgValue><ssdm name="conv2_ap_fixed_ap_fixed_ap_fixed_ap_fixed_8_5_5_3_0_local_bias_9"/></StgValue>
</bind>
</comp>

<comp id="32" class="1000" name="conv2_ap_fixed_ap_fixed_ap_fixed_ap_fixed_8_5_5_3_0_local_bias_8">
<pin_list>
<pin id="33" dir="1" index="0" bw="1" slack="0"/>
</pin_list>
<bind>
<StgValue><ssdm name="conv2_ap_fixed_ap_fixed_ap_fixed_ap_fixed_8_5_5_3_0_local_bias_8"/></StgValue>
</bind>
</comp>

<comp id="34" class="1000" name="conv2_ap_fixed_ap_fixed_ap_fixed_ap_fixed_8_5_5_3_0_local_bias_7">
<pin_list>
<pin id="35" dir="1" index="0" bw="1" slack="0"/>
</pin_list>
<bind>
<StgValue><ssdm name="conv2_ap_fixed_ap_fixed_ap_fixed_ap_fixed_8_5_5_3_0_local_bias_7"/></StgValue>
</bind>
</comp>

<comp id="36" class="1000" name="conv2_ap_fixed_ap_fixed_ap_fixed_ap_fixed_8_5_5_3_0_local_bias_6">
<pin_list>
<pin id="37" dir="1" index="0" bw="1" slack="0"/>
</pin_list>
<bind>
<StgValue><ssdm name="conv2_ap_fixed_ap_fixed_ap_fixed_ap_fixed_8_5_5_3_0_local_bias_6"/></StgValue>
</bind>
</comp>

<comp id="38" class="1000" name="conv2_ap_fixed_ap_fixed_ap_fixed_ap_fixed_8_5_5_3_0_local_bias_5">
<pin_list>
<pin id="39" dir="1" index="0" bw="1" slack="0"/>
</pin_list>
<bind>
<StgValue><ssdm name="conv2_ap_fixed_ap_fixed_ap_fixed_ap_fixed_8_5_5_3_0_local_bias_5"/></StgValue>
</bind>
</comp>

<comp id="40" class="1000" name="conv2_ap_fixed_ap_fixed_ap_fixed_ap_fixed_8_5_5_3_0_local_bias_4">
<pin_list>
<pin id="41" dir="1" index="0" bw="1" slack="0"/>
</pin_list>
<bind>
<StgValue><ssdm name="conv2_ap_fixed_ap_fixed_ap_fixed_ap_fixed_8_5_5_3_0_local_bias_4"/></StgValue>
</bind>
</comp>

<comp id="42" class="1000" name="conv2_ap_fixed_ap_fixed_ap_fixed_ap_fixed_8_5_5_3_0_local_bias_3">
<pin_list>
<pin id="43" dir="1" index="0" bw="1" slack="0"/>
</pin_list>
<bind>
<StgValue><ssdm name="conv2_ap_fixed_ap_fixed_ap_fixed_ap_fixed_8_5_5_3_0_local_bias_3"/></StgValue>
</bind>
</comp>

<comp id="44" class="1000" name="conv2_ap_fixed_ap_fixed_ap_fixed_ap_fixed_8_5_5_3_0_local_bias_2">
<pin_list>
<pin id="45" dir="1" index="0" bw="1" slack="0"/>
</pin_list>
<bind>
<StgValue><ssdm name="conv2_ap_fixed_ap_fixed_ap_fixed_ap_fixed_8_5_5_3_0_local_bias_2"/></StgValue>
</bind>
</comp>

<comp id="46" class="1000" name="conv2_ap_fixed_ap_fixed_ap_fixed_ap_fixed_8_5_5_3_0_local_bias_1">
<pin_list>
<pin id="47" dir="1" index="0" bw="1" slack="0"/>
</pin_list>
<bind>
<StgValue><ssdm name="conv2_ap_fixed_ap_fixed_ap_fixed_ap_fixed_8_5_5_3_0_local_bias_1"/></StgValue>
</bind>
</comp>

<comp id="48" class="1000" name="conv2_ap_fixed_ap_fixed_ap_fixed_ap_fixed_8_5_5_3_0_local_bias">
<pin_list>
<pin id="49" dir="1" index="0" bw="1" slack="0"/>
</pin_list>
<bind>
<StgValue><ssdm name="conv2_ap_fixed_ap_fixed_ap_fixed_ap_fixed_8_5_5_3_0_local_bias"/></StgValue>
</bind>
</comp>

<comp id="50" class="1000" name="conv2_mulap_fixed_8_5_ap_q_mode_5_ap_o_mode_3_0_ap_fixed_8_5_ap_q_mode_5_ap_o_mode_3_0_ap_fixed_8_5_ap_q_mode_5_ap_o_mode_3_0_ap_fixed_8_5_ap_q_mode_5_ap_o_mode_3_0_local_bia">
<pin_list>
<pin id="51" dir="1" index="0" bw="1" slack="0"/>
</pin_list>
<bind>
<StgValue><ssdm name="conv2_mulap_fixed_8_5_ap_q_mode_5_ap_o_mode_3_0_ap_fixed_8_5_ap_q_mode_5_ap_o_mode_3_0_ap_fixed_8_5_ap_q_mode_5_ap_o_mode_3_0_ap_fixed_8_5_ap_q_mode_5_ap_o_mode_3_0_local_bia"/></StgValue>
</bind>
</comp>

<comp id="52" class="1000" name="conv2_mulap_fixed_8_5_ap_q_mode_5_ap_o_mode_3_0_ap_fixed_8_5_ap_q_mode_5_ap_o_mode_3_0_ap_fixed_8_5_ap_q_mode_5_ap_o_mode_3_0_ap_fixed_8_5_ap_q_mode_5_ap_o_mode_3_0_local_bia_0">
<pin_list>
<pin id="53" dir="1" index="0" bw="1" slack="0"/>
</pin_list>
<bind>
<StgValue><ssdm name="conv2_mulap_fixed_8_5_ap_q_mode_5_ap_o_mode_3_0_ap_fixed_8_5_ap_q_mode_5_ap_o_mode_3_0_ap_fixed_8_5_ap_q_mode_5_ap_o_mode_3_0_ap_fixed_8_5_ap_q_mode_5_ap_o_mode_3_0_local_bia_0"/></StgValue>
</bind>
</comp>

<comp id="54" class="1000" name="conv2_mulap_fixed_8_5_ap_q_mode_5_ap_o_mode_3_0_ap_fixed_8_5_ap_q_mode_5_ap_o_mode_3_0_ap_fixed_8_5_ap_q_mode_5_ap_o_mode_3_0_ap_fixed_8_5_ap_q_mode_5_ap_o_mode_3_0_local_bia_1">
<pin_list>
<pin id="55" dir="1" index="0" bw="1" slack="0"/>
</pin_list>
<bind>
<StgValue><ssdm name="conv2_mulap_fixed_8_5_ap_q_mode_5_ap_o_mode_3_0_ap_fixed_8_5_ap_q_mode_5_ap_o_mode_3_0_ap_fixed_8_5_ap_q_mode_5_ap_o_mode_3_0_ap_fixed_8_5_ap_q_mode_5_ap_o_mode_3_0_local_bia_1"/></StgValue>
</bind>
</comp>

<comp id="56" class="1000" name="conv2_mulap_fixed_8_5_ap_q_mode_5_ap_o_mode_3_0_ap_fixed_8_5_ap_q_mode_5_ap_o_mode_3_0_ap_fixed_8_5_ap_q_mode_5_ap_o_mode_3_0_ap_fixed_8_5_ap_q_mode_5_ap_o_mode_3_0_local_bia_2">
<pin_list>
<pin id="57" dir="1" index="0" bw="1" slack="0"/>
</pin_list>
<bind>
<StgValue><ssdm name="conv2_mulap_fixed_8_5_ap_q_mode_5_ap_o_mode_3_0_ap_fixed_8_5_ap_q_mode_5_ap_o_mode_3_0_ap_fixed_8_5_ap_q_mode_5_ap_o_mode_3_0_ap_fixed_8_5_ap_q_mode_5_ap_o_mode_3_0_local_bia_2"/></StgValue>
</bind>
</comp>

<comp id="58" class="1000" name="conv2_mulap_fixed_8_5_ap_q_mode_5_ap_o_mode_3_0_ap_fixed_8_5_ap_q_mode_5_ap_o_mode_3_0_ap_fixed_8_5_ap_q_mode_5_ap_o_mode_3_0_ap_fixed_8_5_ap_q_mode_5_ap_o_mode_3_0_local_bia_3">
<pin_list>
<pin id="59" dir="1" index="0" bw="1" slack="0"/>
</pin_list>
<bind>
<StgValue><ssdm name="conv2_mulap_fixed_8_5_ap_q_mode_5_ap_o_mode_3_0_ap_fixed_8_5_ap_q_mode_5_ap_o_mode_3_0_ap_fixed_8_5_ap_q_mode_5_ap_o_mode_3_0_ap_fixed_8_5_ap_q_mode_5_ap_o_mode_3_0_local_bia_3"/></StgValue>
</bind>
</comp>

<comp id="60" class="1000" name="p_ZZ5conv2P8ap_fixedILi8ELi5EL9ap_q_mode5EL9ap_o_mode3ELi0EES3_S3_S3_E10local_bia">
<pin_list>
<pin id="61" dir="1" index="0" bw="1" slack="0"/>
</pin_list>
<bind>
<StgValue><ssdm name="p_ZZ5conv2P8ap_fixedILi8ELi5EL9ap_q_mode5EL9ap_o_mode3ELi0EES3_S3_S3_E10local_bia"/></StgValue>
</bind>
</comp>

<comp id="62" class="1000" name="conv2_ap_fixed_ap_fixed_ap_fixed_ap_fixed_8_5_5_3_0_partial_sums_7">
<pin_list>
<pin id="63" dir="1" index="0" bw="1" slack="0"/>
</pin_list>
<bind>
<StgValue><ssdm name="conv2_ap_fixed_ap_fixed_ap_fixed_ap_fixed_8_5_5_3_0_partial_sums_7"/></StgValue>
</bind>
</comp>

<comp id="64" class="1000" name="conv2_ap_fixed_ap_fixed_ap_fixed_ap_fixed_8_5_5_3_0_partial_sums_6">
<pin_list>
<pin id="65" dir="1" index="0" bw="1" slack="0"/>
</pin_list>
<bind>
<StgValue><ssdm name="conv2_ap_fixed_ap_fixed_ap_fixed_ap_fixed_8_5_5_3_0_partial_sums_6"/></StgValue>
</bind>
</comp>

<comp id="66" class="1000" name="conv2_ap_fixed_ap_fixed_ap_fixed_ap_fixed_8_5_5_3_0_partial_sums_5">
<pin_list>
<pin id="67" dir="1" index="0" bw="1" slack="0"/>
</pin_list>
<bind>
<StgValue><ssdm name="conv2_ap_fixed_ap_fixed_ap_fixed_ap_fixed_8_5_5_3_0_partial_sums_5"/></StgValue>
</bind>
</comp>

<comp id="68" class="1000" name="conv2_ap_fixed_ap_fixed_ap_fixed_ap_fixed_8_5_5_3_0_partial_sums_4">
<pin_list>
<pin id="69" dir="1" index="0" bw="1" slack="0"/>
</pin_list>
<bind>
<StgValue><ssdm name="conv2_ap_fixed_ap_fixed_ap_fixed_ap_fixed_8_5_5_3_0_partial_sums_4"/></StgValue>
</bind>
</comp>

<comp id="70" class="1000" name="conv2_ap_fixed_ap_fixed_ap_fixed_ap_fixed_8_5_5_3_0_partial_sums_3">
<pin_list>
<pin id="71" dir="1" index="0" bw="1" slack="0"/>
</pin_list>
<bind>
<StgValue><ssdm name="conv2_ap_fixed_ap_fixed_ap_fixed_ap_fixed_8_5_5_3_0_partial_sums_3"/></StgValue>
</bind>
</comp>

<comp id="72" class="1000" name="conv2_ap_fixed_ap_fixed_ap_fixed_ap_fixed_8_5_5_3_0_partial_sums_2">
<pin_list>
<pin id="73" dir="1" index="0" bw="1" slack="0"/>
</pin_list>
<bind>
<StgValue><ssdm name="conv2_ap_fixed_ap_fixed_ap_fixed_ap_fixed_8_5_5_3_0_partial_sums_2"/></StgValue>
</bind>
</comp>

<comp id="74" class="1000" name="conv2_ap_fixed_ap_fixed_ap_fixed_ap_fixed_8_5_5_3_0_partial_sums_1">
<pin_list>
<pin id="75" dir="1" index="0" bw="1" slack="0"/>
</pin_list>
<bind>
<StgValue><ssdm name="conv2_ap_fixed_ap_fixed_ap_fixed_ap_fixed_8_5_5_3_0_partial_sums_1"/></StgValue>
</bind>
</comp>

<comp id="76" class="1000" name="conv2_ap_fixed_ap_fixed_ap_fixed_ap_fixed_8_5_5_3_0_partial_sums">
<pin_list>
<pin id="77" dir="1" index="0" bw="1" slack="0"/>
</pin_list>
<bind>
<StgValue><ssdm name="conv2_ap_fixed_ap_fixed_ap_fixed_ap_fixed_8_5_5_3_0_partial_sums"/></StgValue>
</bind>
</comp>

<comp id="78" class="1001" name="const_78">
<pin_list>
<pin id="79" dir="1" index="0" bw="1" slack="0"/>
</pin_list>
<bind>
<StgValue><ssdm name=""/></StgValue>
</bind>
</comp>

<comp id="80" class="1001" name="const_80">
<pin_list>
<pin id="81" dir="1" index="0" bw="1" slack="0"/>
</pin_list>
<bind>
<StgValue><ssdm name="_ssdm_op_Read.ap_auto.i64"/></StgValue>
</bind>
</comp>

<comp id="82" class="1001" name="const_82">
<pin_list>
<pin id="83" dir="1" index="0" bw="1" slack="0"/>
</pin_list>
<bind>
<StgValue><ssdm name=""/></StgValue>
</bind>
</comp>

<comp id="84" class="1001" name="const_84">
<pin_list>
<pin id="85" dir="1" index="0" bw="1" slack="0"/>
</pin_list>
<bind>
<StgValue><ssdm name="_ssdm_op_ReadReq.m_axi.p1i8"/></StgValue>
</bind>
</comp>

<comp id="86" class="1001" name="const_86">
<pin_list>
<pin id="87" dir="1" index="0" bw="1" slack="0"/>
</pin_list>
<bind>
<StgValue><ssdm name=""/></StgValue>
</bind>
</comp>

<comp id="88" class="1001" name="const_88">
<pin_list>
<pin id="89" dir="1" index="0" bw="1" slack="0"/>
</pin_list>
<bind>
<StgValue><ssdm name=""/></StgValue>
</bind>
</comp>

<comp id="90" class="1001" name="const_90">
<pin_list>
<pin id="91" dir="1" index="0" bw="1" slack="0"/>
</pin_list>
<bind>
<StgValue><ssdm name="conv2_Pipeline_LOAD_W"/></StgValue>
</bind>
</comp>

<comp id="92" class="1001" name="const_92">
<pin_list>
<pin id="93" dir="1" index="0" bw="1" slack="0"/>
</pin_list>
<bind>
<StgValue><ssdm name=""/></StgValue>
</bind>
</comp>

<comp id="94" class="1001" name="const_94">
<pin_list>
<pin id="95" dir="1" index="0" bw="1" slack="0"/>
</pin_list>
<bind>
<StgValue><ssdm name="conv2_Pipeline_LOAD_B"/></StgValue>
</bind>
</comp>

<comp id="96" class="1001" name="const_96">
<pin_list>
<pin id="97" dir="1" index="0" bw="1" slack="0"/>
</pin_list>
<bind>
<StgValue><ssdm name=""/></StgValue>
</bind>
</comp>

<comp id="98" class="1001" name="const_98">
<pin_list>
<pin id="99" dir="1" index="0" bw="1" slack="0"/>
</pin_list>
<bind>
<StgValue><ssdm name="conv2_Pipeline_LOAD_2"/></StgValue>
</bind>
</comp>

<comp id="100" class="1001" name="const_100">
<pin_list>
<pin id="101" dir="1" index="0" bw="1" slack="2147483647"/>
</pin_list>
<bind>
<StgValue><ssdm name="_ssdm_op_SpecStableContent"/></StgValue>
</bind>
</comp>

<comp id="102" class="1001" name="const_102">
<pin_list>
<pin id="103" dir="1" index="0" bw="1" slack="0"/>
</pin_list>
<bind>
<StgValue><ssdm name=""/></StgValue>
</bind>
</comp>

<comp id="104" class="1001" name="const_104">
<pin_list>
<pin id="105" dir="1" index="0" bw="1" slack="2147483647"/>
</pin_list>
<bind>
<StgValue><ssdm name=""/></StgValue>
</bind>
</comp>

<comp id="106" class="1001" name="const_106">
<pin_list>
<pin id="107" dir="1" index="0" bw="1" slack="2147483647"/>
</pin_list>
<bind>
<StgValue><ssdm name="_ssdm_op_SpecInterface"/></StgValue>
</bind>
</comp>

<comp id="108" class="1001" name="const_108">
<pin_list>
<pin id="109" dir="1" index="0" bw="1" slack="2147483647"/>
</pin_list>
<bind>
<StgValue><ssdm name="empty_7"/></StgValue>
</bind>
</comp>

<comp id="110" class="1001" name="const_110">
<pin_list>
<pin id="111" dir="1" index="0" bw="1" slack="2147483647"/>
</pin_list>
<bind>
<StgValue><ssdm name=""/></StgValue>
</bind>
</comp>

<comp id="112" class="1001" name="const_112">
<pin_list>
<pin id="113" dir="1" index="0" bw="1" slack="2147483647"/>
</pin_list>
<bind>
<StgValue><ssdm name="empty_8"/></StgValue>
</bind>
</comp>

<comp id="114" class="1001" name="const_114">
<pin_list>
<pin id="115" dir="1" index="0" bw="1" slack="2147483647"/>
</pin_list>
<bind>
<StgValue><ssdm name=""/></StgValue>
</bind>
</comp>

<comp id="116" class="1001" name="const_116">
<pin_list>
<pin id="117" dir="1" index="0" bw="1" slack="2147483647"/>
</pin_list>
<bind>
<StgValue><ssdm name="empty_32"/></StgValue>
</bind>
</comp>

<comp id="118" class="1001" name="const_118">
<pin_list>
<pin id="119" dir="1" index="0" bw="1" slack="2147483647"/>
</pin_list>
<bind>
<StgValue><ssdm name="empty_20"/></StgValue>
</bind>
</comp>

<comp id="120" class="1001" name="const_120">
<pin_list>
<pin id="121" dir="1" index="0" bw="1" slack="2147483647"/>
</pin_list>
<bind>
<StgValue><ssdm name=""/></StgValue>
</bind>
</comp>

<comp id="122" class="1001" name="const_122">
<pin_list>
<pin id="123" dir="1" index="0" bw="1" slack="2147483647"/>
</pin_list>
<bind>
<StgValue><ssdm name=""/></StgValue>
</bind>
</comp>

<comp id="124" class="1001" name="const_124">
<pin_list>
<pin id="125" dir="1" index="0" bw="1" slack="2147483647"/>
</pin_list>
<bind>
<StgValue><ssdm name=""/></StgValue>
</bind>
</comp>

<comp id="126" class="1001" name="const_126">
<pin_list>
<pin id="127" dir="1" index="0" bw="1" slack="2147483647"/>
</pin_list>
<bind>
<StgValue><ssdm name="empty_34"/></StgValue>
</bind>
</comp>

<comp id="128" class="1001" name="const_128">
<pin_list>
<pin id="129" dir="1" index="0" bw="1" slack="2147483647"/>
</pin_list>
<bind>
<StgValue><ssdm name="_ssdm_op_SpecMemCore"/></StgValue>
</bind>
</comp>

<comp id="130" class="1001" name="const_130">
<pin_list>
<pin id="131" dir="1" index="0" bw="1" slack="2147483647"/>
</pin_list>
<bind>
<StgValue><ssdm name=""/></StgValue>
</bind>
</comp>

<comp id="132" class="1001" name="const_132">
<pin_list>
<pin id="133" dir="1" index="0" bw="1" slack="2147483647"/>
</pin_list>
<bind>
<StgValue><ssdm name=""/></StgValue>
</bind>
</comp>

<comp id="134" class="1001" name="const_134">
<pin_list>
<pin id="135" dir="1" index="0" bw="1" slack="2147483647"/>
</pin_list>
<bind>
<StgValue><ssdm name=""/></StgValue>
</bind>
</comp>

<comp id="136" class="1001" name="const_136">
<pin_list>
<pin id="137" dir="1" index="0" bw="1" slack="0"/>
</pin_list>
<bind>
<StgValue><ssdm name=""/></StgValue>
</bind>
</comp>

<comp id="138" class="1001" name="const_138">
<pin_list>
<pin id="139" dir="1" index="0" bw="1" slack="0"/>
</pin_list>
<bind>
<StgValue><ssdm name="_ssdm_op_WriteReq.m_axi.p1i8"/></StgValue>
</bind>
</comp>

<comp id="140" class="1001" name="const_140">
<pin_list>
<pin id="141" dir="1" index="0" bw="1" slack="0"/>
</pin_list>
<bind>
<StgValue><ssdm name=""/></StgValue>
</bind>
</comp>

<comp id="142" class="1001" name="const_142">
<pin_list>
<pin id="143" dir="1" index="0" bw="1" slack="0"/>
</pin_list>
<bind>
<StgValue><ssdm name=""/></StgValue>
</bind>
</comp>

<comp id="144" class="1001" name="const_144">
<pin_list>
<pin id="145" dir="1" index="0" bw="1" slack="0"/>
</pin_list>
<bind>
<StgValue><ssdm name=""/></StgValue>
</bind>
</comp>

<comp id="146" class="1001" name="const_146">
<pin_list>
<pin id="147" dir="1" index="0" bw="1" slack="2147483647"/>
</pin_list>
<bind>
<StgValue><ssdm name="_ssdm_op_SpecLoopTripCount"/></StgValue>
</bind>
</comp>

<comp id="148" class="1001" name="const_148">
<pin_list>
<pin id="149" dir="1" index="0" bw="1" slack="2147483647"/>
</pin_list>
<bind>
<StgValue><ssdm name="_ssdm_op_SpecLoopName"/></StgValue>
</bind>
</comp>

<comp id="150" class="1001" name="const_150">
<pin_list>
<pin id="151" dir="1" index="0" bw="1" slack="2147483647"/>
</pin_list>
<bind>
<StgValue><ssdm name="empty_21"/></StgValue>
</bind>
</comp>

<comp id="152" class="1001" name="const_152">
<pin_list>
<pin id="153" dir="1" index="0" bw="1" slack="0"/>
</pin_list>
<bind>
<StgValue><ssdm name="_ssdm_op_BitConcatenate.i7.i4.i3"/></StgValue>
</bind>
</comp>

<comp id="154" class="1001" name="const_154">
<pin_list>
<pin id="155" dir="1" index="0" bw="1" slack="0"/>
</pin_list>
<bind>
<StgValue><ssdm name=""/></StgValue>
</bind>
</comp>

<comp id="156" class="1001" name="const_156">
<pin_list>
<pin id="157" dir="1" index="0" bw="1" slack="0"/>
</pin_list>
<bind>
<StgValue><ssdm name="_ssdm_op_SparseMux.ap_auto.16i8.i8.i4"/></StgValue>
</bind>
</comp>

<comp id="158" class="1001" name="const_158">
<pin_list>
<pin id="159" dir="1" index="0" bw="1" slack="0"/>
</pin_list>
<bind>
<StgValue><ssdm name=""/></StgValue>
</bind>
</comp>

<comp id="160" class="1001" name="const_160">
<pin_list>
<pin id="161" dir="1" index="0" bw="1" slack="0"/>
</pin_list>
<bind>
<StgValue><ssdm name=""/></StgValue>
</bind>
</comp>

<comp id="162" class="1001" name="const_162">
<pin_list>
<pin id="163" dir="1" index="0" bw="1" slack="0"/>
</pin_list>
<bind>
<StgValue><ssdm name=""/></StgValue>
</bind>
</comp>

<comp id="164" class="1001" name="const_164">
<pin_list>
<pin id="165" dir="1" index="0" bw="1" slack="0"/>
</pin_list>
<bind>
<StgValue><ssdm name=""/></StgValue>
</bind>
</comp>

<comp id="166" class="1001" name="const_166">
<pin_list>
<pin id="167" dir="1" index="0" bw="1" slack="0"/>
</pin_list>
<bind>
<StgValue><ssdm name=""/></StgValue>
</bind>
</comp>

<comp id="168" class="1001" name="const_168">
<pin_list>
<pin id="169" dir="1" index="0" bw="1" slack="0"/>
</pin_list>
<bind>
<StgValue><ssdm name=""/></StgValue>
</bind>
</comp>

<comp id="170" class="1001" name="const_170">
<pin_list>
<pin id="171" dir="1" index="0" bw="1" slack="0"/>
</pin_list>
<bind>
<StgValue><ssdm name=""/></StgValue>
</bind>
</comp>

<comp id="172" class="1001" name="const_172">
<pin_list>
<pin id="173" dir="1" index="0" bw="1" slack="0"/>
</pin_list>
<bind>
<StgValue><ssdm name=""/></StgValue>
</bind>
</comp>

<comp id="174" class="1001" name="const_174">
<pin_list>
<pin id="175" dir="1" index="0" bw="1" slack="0"/>
</pin_list>
<bind>
<StgValue><ssdm name=""/></StgValue>
</bind>
</comp>

<comp id="176" class="1001" name="const_176">
<pin_list>
<pin id="177" dir="1" index="0" bw="1" slack="0"/>
</pin_list>
<bind>
<StgValue><ssdm name=""/></StgValue>
</bind>
</comp>

<comp id="178" class="1001" name="const_178">
<pin_list>
<pin id="179" dir="1" index="0" bw="1" slack="0"/>
</pin_list>
<bind>
<StgValue><ssdm name=""/></StgValue>
</bind>
</comp>

<comp id="180" class="1001" name="const_180">
<pin_list>
<pin id="181" dir="1" index="0" bw="1" slack="0"/>
</pin_list>
<bind>
<StgValue><ssdm name=""/></StgValue>
</bind>
</comp>

<comp id="182" class="1001" name="const_182">
<pin_list>
<pin id="183" dir="1" index="0" bw="1" slack="0"/>
</pin_list>
<bind>
<StgValue><ssdm name=""/></StgValue>
</bind>
</comp>

<comp id="184" class="1001" name="const_184">
<pin_list>
<pin id="185" dir="1" index="0" bw="1" slack="0"/>
</pin_list>
<bind>
<StgValue><ssdm name=""/></StgValue>
</bind>
</comp>

<comp id="186" class="1001" name="const_186">
<pin_list>
<pin id="187" dir="1" index="0" bw="1" slack="0"/>
</pin_list>
<bind>
<StgValue><ssdm name=""/></StgValue>
</bind>
</comp>

<comp id="188" class="1001" name="const_188">
<pin_list>
<pin id="189" dir="1" index="0" bw="1" slack="0"/>
</pin_list>
<bind>
<StgValue><ssdm name=""/></StgValue>
</bind>
</comp>

<comp id="190" class="1001" name="const_190">
<pin_list>
<pin id="191" dir="1" index="0" bw="1" slack="0"/>
</pin_list>
<bind>
<StgValue><ssdm name=""/></StgValue>
</bind>
</comp>

<comp id="192" class="1001" name="const_192">
<pin_list>
<pin id="193" dir="1" index="0" bw="1" slack="2147483647"/>
</pin_list>
<bind>
<StgValue><ssdm name=""/></StgValue>
</bind>
</comp>

<comp id="194" class="1001" name="const_194">
<pin_list>
<pin id="195" dir="1" index="0" bw="1" slack="2147483647"/>
</pin_list>
<bind>
<StgValue><ssdm name="empty_29"/></StgValue>
</bind>
</comp>

<comp id="196" class="1001" name="const_196">
<pin_list>
<pin id="197" dir="1" index="0" bw="1" slack="0"/>
</pin_list>
<bind>
<StgValue><ssdm name="_ssdm_op_BitConcatenate.i8.i4.i4"/></StgValue>
</bind>
</comp>

<comp id="198" class="1001" name="const_198">
<pin_list>
<pin id="199" dir="1" index="0" bw="1" slack="0"/>
</pin_list>
<bind>
<StgValue><ssdm name="_ssdm_op_BitConcatenate.i5.i4.i1"/></StgValue>
</bind>
</comp>

<comp id="200" class="1001" name="const_200">
<pin_list>
<pin id="201" dir="1" index="0" bw="1" slack="0"/>
</pin_list>
<bind>
<StgValue><ssdm name="_ssdm_op_BitConcatenate.i3.i2.i1"/></StgValue>
</bind>
</comp>

<comp id="202" class="1001" name="const_202">
<pin_list>
<pin id="203" dir="1" index="0" bw="1" slack="0"/>
</pin_list>
<bind>
<StgValue><ssdm name=""/></StgValue>
</bind>
</comp>

<comp id="204" class="1001" name="const_204">
<pin_list>
<pin id="205" dir="1" index="0" bw="1" slack="0"/>
</pin_list>
<bind>
<StgValue><ssdm name=""/></StgValue>
</bind>
</comp>

<comp id="206" class="1001" name="const_206">
<pin_list>
<pin id="207" dir="1" index="0" bw="1" slack="0"/>
</pin_list>
<bind>
<StgValue><ssdm name=""/></StgValue>
</bind>
</comp>

<comp id="208" class="1001" name="const_208">
<pin_list>
<pin id="209" dir="1" index="0" bw="1" slack="0"/>
</pin_list>
<bind>
<StgValue><ssdm name="conv2_Pipeline_CI_2"/></StgValue>
</bind>
</comp>

<comp id="210" class="1001" name="const_210">
<pin_list>
<pin id="211" dir="1" index="0" bw="1" slack="0"/>
</pin_list>
<bind>
<StgValue><ssdm name=""/></StgValue>
</bind>
</comp>

<comp id="212" class="1001" name="const_212">
<pin_list>
<pin id="213" dir="1" index="0" bw="1" slack="2147483647"/>
</pin_list>
<bind>
<StgValue><ssdm name="empty_28"/></StgValue>
</bind>
</comp>

<comp id="214" class="1001" name="const_214">
<pin_list>
<pin id="215" dir="1" index="0" bw="1" slack="0"/>
</pin_list>
<bind>
<StgValue><ssdm name="_ssdm_op_Write.m_axi.p1i8.i8"/></StgValue>
</bind>
</comp>

<comp id="216" class="1001" name="const_216">
<pin_list>
<pin id="217" dir="1" index="0" bw="1" slack="0"/>
</pin_list>
<bind>
<StgValue><ssdm name="_ssdm_op_WriteResp.m_axi.p1i8"/></StgValue>
</bind>
</comp>

<comp id="218" class="1004" name="co_fu_218">
<pin_list>
<pin id="219" dir="0" index="0" bw="1" slack="0"/>
<pin id="220" dir="1" index="1" bw="5" slack="0"/>
</pin_list>
<bind>
<opcode="alloca(26) " fcode="alloca"/>
<opset="co/1 "/>
</bind>
</comp>

<comp id="222" class="1004" name="temp_alloca_fu_222">
<pin_list>
<pin id="223" dir="0" index="0" bw="1" slack="0"/>
<pin id="224" dir="1" index="1" bw="8" slack="2147483647"/>
</pin_list>
<bind>
<opcode="alloca(26) " fcode="alloca"/>
<opset="temp/1 "/>
</bind>
</comp>

<comp id="226" class="1004" name="temp_1_alloca_fu_226">
<pin_list>
<pin id="227" dir="0" index="0" bw="1" slack="0"/>
<pin id="228" dir="1" index="1" bw="8" slack="2147483647"/>
</pin_list>
<bind>
<opcode="alloca(26) " fcode="alloca"/>
<opset="temp_1/1 "/>
</bind>
</comp>

<comp id="230" class="1004" name="temp_2_alloca_fu_230">
<pin_list>
<pin id="231" dir="0" index="0" bw="1" slack="0"/>
<pin id="232" dir="1" index="1" bw="8" slack="2147483647"/>
</pin_list>
<bind>
<opcode="alloca(26) " fcode="alloca"/>
<opset="temp_2/1 "/>
</bind>
</comp>

<comp id="234" class="1004" name="temp_3_alloca_fu_234">
<pin_list>
<pin id="235" dir="0" index="0" bw="1" slack="0"/>
<pin id="236" dir="1" index="1" bw="8" slack="2147483647"/>
</pin_list>
<bind>
<opcode="alloca(26) " fcode="alloca"/>
<opset="temp_3/1 "/>
</bind>
</comp>

<comp id="238" class="1004" name="temp_4_alloca_fu_238">
<pin_list>
<pin id="239" dir="0" index="0" bw="1" slack="0"/>
<pin id="240" dir="1" index="1" bw="8" slack="2147483647"/>
</pin_list>
<bind>
<opcode="alloca(26) " fcode="alloca"/>
<opset="temp_4/1 "/>
</bind>
</comp>

<comp id="242" class="1004" name="temp_5_alloca_fu_242">
<pin_list>
<pin id="243" dir="0" index="0" bw="1" slack="0"/>
<pin id="244" dir="1" index="1" bw="8" slack="2147483647"/>
</pin_list>
<bind>
<opcode="alloca(26) " fcode="alloca"/>
<opset="temp_5/1 "/>
</bind>
</comp>

<comp id="246" class="1004" name="temp_6_alloca_fu_246">
<pin_list>
<pin id="247" dir="0" index="0" bw="1" slack="0"/>
<pin id="248" dir="1" index="1" bw="8" slack="2147483647"/>
</pin_list>
<bind>
<opcode="alloca(26) " fcode="alloca"/>
<opset="temp_6/1 "/>
</bind>
</comp>

<comp id="250" class="1004" name="temp_7_alloca_fu_250">
<pin_list>
<pin id="251" dir="0" index="0" bw="1" slack="0"/>
<pin id="252" dir="1" index="1" bw="8" slack="2147483647"/>
</pin_list>
<bind>
<opcode="alloca(26) " fcode="alloca"/>
<opset="temp_7/1 "/>
</bind>
</comp>

<comp id="254" class="1004" name="weight_read_read_fu_254">
<pin_list>
<pin id="255" dir="0" index="0" bw="64" slack="0"/>
<pin id="256" dir="0" index="1" bw="64" slack="0"/>
<pin id="257" dir="1" index="2" bw="64" slack="0"/>
</pin_list>
<bind>
<opcode="read(1150) " fcode="read"/>
<opset="weight_read/1 "/>
</bind>
</comp>

<comp id="260" class="1004" name="bias_read_read_fu_260">
<pin_list>
<pin id="261" dir="0" index="0" bw="64" slack="0"/>
<pin id="262" dir="0" index="1" bw="64" slack="0"/>
<pin id="263" dir="1" index="2" bw="64" slack="0"/>
</pin_list>
<bind>
<opcode="read(1150) " fcode="read"/>
<opset="bias_read/11 "/>
</bind>
</comp>

<comp id="266" class="1004" name="input_read_read_fu_266">
<pin_list>
<pin id="267" dir="0" index="0" bw="64" slack="0"/>
<pin id="268" dir="0" index="1" bw="64" slack="0"/>
<pin id="269" dir="1" index="2" bw="64" slack="0"/>
</pin_list>
<bind>
<opcode="read(1150) " fcode="read"/>
<opset="input_read/21 "/>
</bind>
</comp>

<comp id="272" class="1004" name="outputConv_read_read_fu_272">
<pin_list>
<pin id="273" dir="0" index="0" bw="64" slack="0"/>
<pin id="274" dir="0" index="1" bw="64" slack="0"/>
<pin id="275" dir="1" index="2" bw="64" slack="0"/>
</pin_list>
<bind>
<opcode="read(1150) " fcode="read"/>
<opset="outputConv_read/31 "/>
</bind>
</comp>

<comp id="278" class="1004" name="grp_readreq_fu_278">
<pin_list>
<pin id="279" dir="0" index="0" bw="1" slack="0"/>
<pin id="280" dir="0" index="1" bw="8" slack="0"/>
<pin id="281" dir="0" index="2" bw="12" slack="0"/>
<pin id="282" dir="1" index="3" bw="1" slack="2147483647"/>
</pin_list>
<bind>
<opcode="readreq(1154) " fcode="readreq"/>
<opset="empty/1 empty_80/11 "/>
</bind>
</comp>

<comp id="286" class="1004" name="grp_readreq_fu_286">
<pin_list>
<pin id="287" dir="0" index="0" bw="1" slack="0"/>
<pin id="288" dir="0" index="1" bw="8" slack="0"/>
<pin id="289" dir="0" index="2" bw="12" slack="0"/>
<pin id="290" dir="1" index="3" bw="1" slack="2147483647"/>
</pin_list>
<bind>
<opcode="readreq(1154) " fcode="readreq"/>
<opset="empty_81/21 "/>
</bind>
</comp>

<comp id="293" class="1004" name="empty_82_writereq_fu_293">
<pin_list>
<pin id="294" dir="0" index="0" bw="1" slack="0"/>
<pin id="295" dir="0" index="1" bw="8" slack="0"/>
<pin id="296" dir="0" index="2" bw="13" slack="0"/>
<pin id="297" dir="1" index="3" bw="1" slack="2147483647"/>
</pin_list>
<bind>
<opcode="writereq(1155) " fcode="writereq"/>
<opset="empty_82/31 "/>
</bind>
</comp>

<comp id="300" class="1004" name="write_ln128_write_fu_300">
<pin_list>
<pin id="301" dir="0" index="0" bw="0" slack="0"/>
<pin id="302" dir="0" index="1" bw="8" slack="8"/>
<pin id="303" dir="0" index="2" bw="7" slack="0"/>
<pin id="304" dir="0" index="3" bw="1" slack="0"/>
<pin id="305" dir="1" index="4" bw="0" slack="2147483647"/>
</pin_list>
<bind>
<opcode="write(1151) " fcode="write"/>
<opset="write_ln128/39 "/>
</bind>
</comp>

<comp id="308" class="1004" name="grp_writeresp_fu_308">
<pin_list>
<pin id="309" dir="0" index="0" bw="1" slack="0"/>
<pin id="310" dir="0" index="1" bw="8" slack="2"/>
<pin id="311" dir="1" index="2" bw="1" slack="2147483647"/>
</pin_list>
<bind>
<opcode="writeresp(1158) " fcode="writeresp"/>
<opset="empty_88/40 "/>
</bind>
</comp>

<comp id="313" class="1005" name="h_reg_313">
<pin_list>
<pin id="314" dir="0" index="0" bw="4" slack="1"/>
<pin id="315" dir="1" index="1" bw="4" slack="1"/>
</pin_list>
<bind>
<opset="h (phireg) "/>
</bind>
</comp>

<comp id="317" class="1004" name="h_phi_fu_317">
<pin_list>
<pin id="318" dir="0" index="0" bw="1" slack="1"/>
<pin id="319" dir="0" index="1" bw="0" slack="2147483647"/>
<pin id="320" dir="0" index="2" bw="4" slack="0"/>
<pin id="321" dir="0" index="3" bw="0" slack="2147483647"/>
<pin id="322" dir="1" index="4" bw="4" slack="0"/>
</pin_list>
<bind>
<opcode="phi(47) " fcode="phi"/>
<opset="h/33 "/>
</bind>
</comp>

<comp id="324" class="1005" name="w_reg_324">
<pin_list>
<pin id="325" dir="0" index="0" bw="4" slack="1"/>
<pin id="326" dir="1" index="1" bw="4" slack="1"/>
</pin_list>
<bind>
<opset="w (phireg) "/>
</bind>
</comp>

<comp id="328" class="1004" name="w_phi_fu_328">
<pin_list>
<pin id="329" dir="0" index="0" bw="1" slack="1"/>
<pin id="330" dir="0" index="1" bw="0" slack="2147483647"/>
<pin id="331" dir="0" index="2" bw="4" slack="0"/>
<pin id="332" dir="0" index="3" bw="0" slack="2147483647"/>
<pin id="333" dir="1" index="4" bw="4" slack="0"/>
</pin_list>
<bind>
<opcode="phi(47) " fcode="phi"/>
<opset="w/34 "/>
</bind>
</comp>

<comp id="336" class="1004" name="grp_conv2_Pipeline_LOAD_W_fu_336">
<pin_list>
<pin id="337" dir="0" index="0" bw="0" slack="0"/>
<pin id="338" dir="0" index="1" bw="8" slack="0"/>
<pin id="339" dir="0" index="2" bw="64" slack="8"/>
<pin id="340" dir="0" index="3" bw="8" slack="0"/>
<pin id="341" dir="0" index="4" bw="8" slack="0"/>
<pin id="342" dir="0" index="5" bw="8" slack="0"/>
<pin id="343" dir="0" index="6" bw="8" slack="0"/>
<pin id="344" dir="0" index="7" bw="8" slack="0"/>
<pin id="345" dir="0" index="8" bw="8" slack="0"/>
<pin id="346" dir="0" index="9" bw="8" slack="0"/>
<pin id="347" dir="0" index="10" bw="8" slack="0"/>
<pin id="348" dir="0" index="11" bw="8" slack="0"/>
<pin id="349" dir="1" index="12" bw="0" slack="2147483647"/>
</pin_list>
<bind>
<opcode="call(48) " fcode="call"/>
<opset="call_ln0/9 "/>
</bind>
</comp>

<comp id="361" class="1004" name="grp_conv2_Pipeline_LOAD_B_fu_361">
<pin_list>
<pin id="362" dir="0" index="0" bw="0" slack="0"/>
<pin id="363" dir="0" index="1" bw="8" slack="0"/>
<pin id="364" dir="0" index="2" bw="64" slack="8"/>
<pin id="365" dir="0" index="3" bw="8" slack="0"/>
<pin id="366" dir="0" index="4" bw="8" slack="0"/>
<pin id="367" dir="0" index="5" bw="8" slack="0"/>
<pin id="368" dir="0" index="6" bw="8" slack="0"/>
<pin id="369" dir="0" index="7" bw="8" slack="0"/>
<pin id="370" dir="0" index="8" bw="8" slack="0"/>
<pin id="371" dir="0" index="9" bw="8" slack="0"/>
<pin id="372" dir="0" index="10" bw="8" slack="0"/>
<pin id="373" dir="0" index="11" bw="8" slack="0"/>
<pin id="374" dir="0" index="12" bw="8" slack="0"/>
<pin id="375" dir="0" index="13" bw="8" slack="0"/>
<pin id="376" dir="0" index="14" bw="8" slack="0"/>
<pin id="377" dir="0" index="15" bw="8" slack="0"/>
<pin id="378" dir="0" index="16" bw="8" slack="0"/>
<pin id="379" dir="0" index="17" bw="8" slack="0"/>
<pin id="380" dir="0" index="18" bw="8" slack="0"/>
<pin id="381" dir="1" index="19" bw="0" slack="2147483647"/>
</pin_list>
<bind>
<opcode="call(48) " fcode="call"/>
<opset="call_ln0/19 "/>
</bind>
</comp>

<comp id="400" class="1004" name="grp_conv2_Pipeline_LOAD_2_fu_400">
<pin_list>
<pin id="401" dir="0" index="0" bw="0" slack="0"/>
<pin id="402" dir="0" index="1" bw="8" slack="0"/>
<pin id="403" dir="0" index="2" bw="64" slack="8"/>
<pin id="404" dir="0" index="3" bw="8" slack="2147483647"/>
<pin id="405" dir="0" index="4" bw="8" slack="2147483647"/>
<pin id="406" dir="0" index="5" bw="8" slack="2147483647"/>
<pin id="407" dir="0" index="6" bw="8" slack="2147483647"/>
<pin id="408" dir="0" index="7" bw="8" slack="2147483647"/>
<pin id="409" dir="0" index="8" bw="8" slack="2147483647"/>
<pin id="410" dir="0" index="9" bw="8" slack="2147483647"/>
<pin id="411" dir="0" index="10" bw="8" slack="2147483647"/>
<pin id="412" dir="1" index="11" bw="0" slack="2147483647"/>
</pin_list>
<bind>
<opcode="call(48) " fcode="call"/>
<opset="call_ln0/29 "/>
</bind>
</comp>

<comp id="415" class="1004" name="grp_conv2_Pipeline_CI_2_fu_415">
<pin_list>
<pin id="416" dir="0" index="0" bw="0" slack="0"/>
<pin id="417" dir="0" index="1" bw="5" slack="2"/>
<pin id="418" dir="0" index="2" bw="5" slack="1"/>
<pin id="419" dir="0" index="3" bw="4" slack="1"/>
<pin id="420" dir="0" index="4" bw="4" slack="2"/>
<pin id="421" dir="0" index="5" bw="1" slack="0"/>
<pin id="422" dir="0" index="6" bw="5" slack="1"/>
<pin id="423" dir="0" index="7" bw="8" slack="2147483647"/>
<pin id="424" dir="0" index="8" bw="8" slack="2147483647"/>
<pin id="425" dir="0" index="9" bw="8" slack="2147483647"/>
<pin id="426" dir="0" index="10" bw="8" slack="2147483647"/>
<pin id="427" dir="0" index="11" bw="8" slack="2147483647"/>
<pin id="428" dir="0" index="12" bw="8" slack="2147483647"/>
<pin id="429" dir="0" index="13" bw="8" slack="2147483647"/>
<pin id="430" dir="0" index="14" bw="8" slack="2147483647"/>
<pin id="431" dir="0" index="15" bw="8" slack="2"/>
<pin id="432" dir="0" index="16" bw="1" slack="0"/>
<pin id="433" dir="0" index="17" bw="4" slack="1"/>
<pin id="434" dir="0" index="18" bw="1" slack="0"/>
<pin id="435" dir="0" index="19" bw="7" slack="3"/>
<pin id="436" dir="0" index="20" bw="3" slack="2"/>
<pin id="437" dir="0" index="21" bw="3" slack="0"/>
<pin id="438" dir="0" index="22" bw="1" slack="0"/>
<pin id="439" dir="0" index="23" bw="4" slack="1"/>
<pin id="440" dir="0" index="24" bw="8" slack="0"/>
<pin id="441" dir="0" index="25" bw="8" slack="0"/>
<pin id="442" dir="0" index="26" bw="8" slack="0"/>
<pin id="443" dir="0" index="27" bw="8" slack="0"/>
<pin id="444" dir="0" index="28" bw="8" slack="0"/>
<pin id="445" dir="0" index="29" bw="8" slack="0"/>
<pin id="446" dir="0" index="30" bw="8" slack="0"/>
<pin id="447" dir="0" index="31" bw="8" slack="0"/>
<pin id="448" dir="0" index="32" bw="8" slack="0"/>
<pin id="449" dir="0" index="33" bw="8" slack="0"/>
<pin id="450" dir="0" index="34" bw="8" slack="0"/>
<pin id="451" dir="0" index="35" bw="8" slack="0"/>
<pin id="452" dir="0" index="36" bw="8" slack="0"/>
<pin id="453" dir="0" index="37" bw="8" slack="0"/>
<pin id="454" dir="0" index="38" bw="8" slack="0"/>
<pin id="455" dir="0" index="39" bw="8" slack="0"/>
<pin id="456" dir="0" index="40" bw="8" slack="0"/>
<pin id="457" dir="1" index="41" bw="0" slack="2147483647"/>
</pin_list>
<bind>
<opcode="call(48) " fcode="call"/>
<opset="call_ln110/35 "/>
</bind>
</comp>

<comp id="477" class="1004" name="gmem1_addr_fu_477">
<pin_list>
<pin id="478" dir="0" index="0" bw="64" slack="0"/>
<pin id="479" dir="0" index="1" bw="64" slack="0"/>
<pin id="480" dir="1" index="2" bw="64" slack="0"/>
</pin_list>
<bind>
<opcode="getelementptr(29) " fcode="getelementptr"/>
<opset="gmem1_addr/1 "/>
</bind>
</comp>

<comp id="484" class="1004" name="store_ln93_store_fu_484">
<pin_list>
<pin id="485" dir="0" index="0" bw="1" slack="0"/>
<pin id="486" dir="0" index="1" bw="5" slack="0"/>
<pin id="487" dir="1" index="2" bw="0" slack="2147483647"/>
</pin_list>
<bind>
<opcode="store(28) " fcode="store"/>
<opset="store_ln93/1 "/>
</bind>
</comp>

<comp id="489" class="1004" name="gmem1_addr_2_fu_489">
<pin_list>
<pin id="490" dir="0" index="0" bw="64" slack="0"/>
<pin id="491" dir="0" index="1" bw="64" slack="0"/>
<pin id="492" dir="1" index="2" bw="64" slack="0"/>
</pin_list>
<bind>
<opcode="getelementptr(29) " fcode="getelementptr"/>
<opset="gmem1_addr_2/11 "/>
</bind>
</comp>

<comp id="496" class="1004" name="gmem0_addr_fu_496">
<pin_list>
<pin id="497" dir="0" index="0" bw="64" slack="0"/>
<pin id="498" dir="0" index="1" bw="64" slack="0"/>
<pin id="499" dir="1" index="2" bw="64" slack="0"/>
</pin_list>
<bind>
<opcode="getelementptr(29) " fcode="getelementptr"/>
<opset="gmem0_addr/21 "/>
</bind>
</comp>

<comp id="503" class="1004" name="gmem0_addr_4_fu_503">
<pin_list>
<pin id="504" dir="0" index="0" bw="64" slack="0"/>
<pin id="505" dir="0" index="1" bw="64" slack="0"/>
<pin id="506" dir="1" index="2" bw="64" slack="0"/>
</pin_list>
<bind>
<opcode="getelementptr(29) " fcode="getelementptr"/>
<opset="gmem0_addr_4/31 "/>
</bind>
</comp>

<comp id="510" class="1004" name="conv2_ap_fixed_ap_fixed_ap_fixed_ap_fixed_8_5_5_3_0_local_bias_9_load_load_fu_510">
<pin_list>
<pin id="511" dir="0" index="0" bw="8" slack="0"/>
<pin id="512" dir="1" index="1" bw="8" slack="2147483647"/>
</pin_list>
<bind>
<opcode="load(27) " fcode="load"/>
<opset="conv2_ap_fixed_ap_fixed_ap_fixed_ap_fixed_8_5_5_3_0_local_bias_9_load/31 "/>
</bind>
</comp>

<comp id="514" class="1004" name="conv2_ap_fixed_ap_fixed_ap_fixed_ap_fixed_8_5_5_3_0_local_bias_8_load_load_fu_514">
<pin_list>
<pin id="515" dir="0" index="0" bw="8" slack="0"/>
<pin id="516" dir="1" index="1" bw="8" slack="2147483647"/>
</pin_list>
<bind>
<opcode="load(27) " fcode="load"/>
<opset="conv2_ap_fixed_ap_fixed_ap_fixed_ap_fixed_8_5_5_3_0_local_bias_8_load/31 "/>
</bind>
</comp>

<comp id="518" class="1004" name="conv2_ap_fixed_ap_fixed_ap_fixed_ap_fixed_8_5_5_3_0_local_bias_7_load_load_fu_518">
<pin_list>
<pin id="519" dir="0" index="0" bw="8" slack="0"/>
<pin id="520" dir="1" index="1" bw="8" slack="2147483647"/>
</pin_list>
<bind>
<opcode="load(27) " fcode="load"/>
<opset="conv2_ap_fixed_ap_fixed_ap_fixed_ap_fixed_8_5_5_3_0_local_bias_7_load/31 "/>
</bind>
</comp>

<comp id="522" class="1004" name="conv2_ap_fixed_ap_fixed_ap_fixed_ap_fixed_8_5_5_3_0_local_bias_6_load_load_fu_522">
<pin_list>
<pin id="523" dir="0" index="0" bw="8" slack="0"/>
<pin id="524" dir="1" index="1" bw="8" slack="2147483647"/>
</pin_list>
<bind>
<opcode="load(27) " fcode="load"/>
<opset="conv2_ap_fixed_ap_fixed_ap_fixed_ap_fixed_8_5_5_3_0_local_bias_6_load/31 "/>
</bind>
</comp>

<comp id="526" class="1004" name="conv2_ap_fixed_ap_fixed_ap_fixed_ap_fixed_8_5_5_3_0_local_bias_5_load_load_fu_526">
<pin_list>
<pin id="527" dir="0" index="0" bw="8" slack="0"/>
<pin id="528" dir="1" index="1" bw="8" slack="2147483647"/>
</pin_list>
<bind>
<opcode="load(27) " fcode="load"/>
<opset="conv2_ap_fixed_ap_fixed_ap_fixed_ap_fixed_8_5_5_3_0_local_bias_5_load/31 "/>
</bind>
</comp>

<comp id="530" class="1004" name="conv2_ap_fixed_ap_fixed_ap_fixed_ap_fixed_8_5_5_3_0_local_bias_4_load_load_fu_530">
<pin_list>
<pin id="531" dir="0" index="0" bw="8" slack="0"/>
<pin id="532" dir="1" index="1" bw="8" slack="2147483647"/>
</pin_list>
<bind>
<opcode="load(27) " fcode="load"/>
<opset="conv2_ap_fixed_ap_fixed_ap_fixed_ap_fixed_8_5_5_3_0_local_bias_4_load/31 "/>
</bind>
</comp>

<comp id="534" class="1004" name="conv2_ap_fixed_ap_fixed_ap_fixed_ap_fixed_8_5_5_3_0_local_bias_3_load_load_fu_534">
<pin_list>
<pin id="535" dir="0" index="0" bw="8" slack="0"/>
<pin id="536" dir="1" index="1" bw="8" slack="2147483647"/>
</pin_list>
<bind>
<opcode="load(27) " fcode="load"/>
<opset="conv2_ap_fixed_ap_fixed_ap_fixed_ap_fixed_8_5_5_3_0_local_bias_3_load/31 "/>
</bind>
</comp>

<comp id="538" class="1004" name="conv2_ap_fixed_ap_fixed_ap_fixed_ap_fixed_8_5_5_3_0_local_bias_2_load_load_fu_538">
<pin_list>
<pin id="539" dir="0" index="0" bw="8" slack="0"/>
<pin id="540" dir="1" index="1" bw="8" slack="2147483647"/>
</pin_list>
<bind>
<opcode="load(27) " fcode="load"/>
<opset="conv2_ap_fixed_ap_fixed_ap_fixed_ap_fixed_8_5_5_3_0_local_bias_2_load/31 "/>
</bind>
</comp>

<comp id="542" class="1004" name="conv2_ap_fixed_ap_fixed_ap_fixed_ap_fixed_8_5_5_3_0_local_bias_1_load_load_fu_542">
<pin_list>
<pin id="543" dir="0" index="0" bw="8" slack="0"/>
<pin id="544" dir="1" index="1" bw="8" slack="2147483647"/>
</pin_list>
<bind>
<opcode="load(27) " fcode="load"/>
<opset="conv2_ap_fixed_ap_fixed_ap_fixed_ap_fixed_8_5_5_3_0_local_bias_1_load/31 "/>
</bind>
</comp>

<comp id="546" class="1004" name="conv2_ap_fixed_ap_fixed_ap_fixed_ap_fixed_8_5_5_3_0_local_bias_load_load_fu_546">
<pin_list>
<pin id="547" dir="0" index="0" bw="8" slack="0"/>
<pin id="548" dir="1" index="1" bw="8" slack="2147483647"/>
</pin_list>
<bind>
<opcode="load(27) " fcode="load"/>
<opset="conv2_ap_fixed_ap_fixed_ap_fixed_ap_fixed_8_5_5_3_0_local_bias_load/31 "/>
</bind>
</comp>

<comp id="550" class="1004" name="conv2_mulap_fixed_8_5_ap_q_mode_5_ap_o_mode_3_0_ap_fixed_8_5_ap_q_mode_5_ap_o_mode_3_0_ap_fixed_8_5_ap_q_mode_5_ap_o_mode_3_0_ap_fixed_8_5_ap_q_mode_5_ap_o_mode_3_0_local_bia_load_fu_550">
<pin_list>
<pin id="551" dir="0" index="0" bw="8" slack="0"/>
<pin id="552" dir="1" index="1" bw="8" slack="2147483647"/>
</pin_list>
<bind>
<opcode="load(27) " fcode="load"/>
<opset="conv2_mulap_fixed_8_5_ap_q_mode_5_ap_o_mode_3_0_ap_fixed_8_5_ap_q_mode_5_ap_o_mode_3_0_ap_fixed_8_5_ap_q_mode_5_ap_o_mode_3_0_ap_fixed_8_5_ap_q_mode_5_ap_o_mode_3_0_local_bia/31 "/>
</bind>
</comp>

<comp id="554" class="1004" name="conv2_mulap_fixed_8_5_ap_q_mode_5_ap_o_mode_3_0_ap_fixed_8_5_ap_q_mode_5_ap_o_mode_3_0_ap_fixed_8_5_ap_q_mode_5_ap_o_mode_3_0_ap_fixed_8_5_ap_q_mode_5_ap_o_mode_3_0_local_bia_83_load_fu_554">
<pin_list>
<pin id="555" dir="0" index="0" bw="8" slack="0"/>
<pin id="556" dir="1" index="1" bw="8" slack="2147483647"/>
</pin_list>
<bind>
<opcode="load(27) " fcode="load"/>
<opset="conv2_mulap_fixed_8_5_ap_q_mode_5_ap_o_mode_3_0_ap_fixed_8_5_ap_q_mode_5_ap_o_mode_3_0_ap_fixed_8_5_ap_q_mode_5_ap_o_mode_3_0_ap_fixed_8_5_ap_q_mode_5_ap_o_mode_3_0_local_bia_83/31 "/>
</bind>
</comp>

<comp id="558" class="1004" name="conv2_mulap_fixed_8_5_ap_q_mode_5_ap_o_mode_3_0_ap_fixed_8_5_ap_q_mode_5_ap_o_mode_3_0_ap_fixed_8_5_ap_q_mode_5_ap_o_mode_3_0_ap_fixed_8_5_ap_q_mode_5_ap_o_mode_3_0_local_bia_84_load_fu_558">
<pin_list>
<pin id="559" dir="0" index="0" bw="8" slack="0"/>
<pin id="560" dir="1" index="1" bw="8" slack="2147483647"/>
</pin_list>
<bind>
<opcode="load(27) " fcode="load"/>
<opset="conv2_mulap_fixed_8_5_ap_q_mode_5_ap_o_mode_3_0_ap_fixed_8_5_ap_q_mode_5_ap_o_mode_3_0_ap_fixed_8_5_ap_q_mode_5_ap_o_mode_3_0_ap_fixed_8_5_ap_q_mode_5_ap_o_mode_3_0_local_bia_84/31 "/>
</bind>
</comp>

<comp id="562" class="1004" name="conv2_mulap_fixed_8_5_ap_q_mode_5_ap_o_mode_3_0_ap_fixed_8_5_ap_q_mode_5_ap_o_mode_3_0_ap_fixed_8_5_ap_q_mode_5_ap_o_mode_3_0_ap_fixed_8_5_ap_q_mode_5_ap_o_mode_3_0_local_bia_85_load_fu_562">
<pin_list>
<pin id="563" dir="0" index="0" bw="8" slack="0"/>
<pin id="564" dir="1" index="1" bw="8" slack="2147483647"/>
</pin_list>
<bind>
<opcode="load(27) " fcode="load"/>
<opset="conv2_mulap_fixed_8_5_ap_q_mode_5_ap_o_mode_3_0_ap_fixed_8_5_ap_q_mode_5_ap_o_mode_3_0_ap_fixed_8_5_ap_q_mode_5_ap_o_mode_3_0_ap_fixed_8_5_ap_q_mode_5_ap_o_mode_3_0_local_bia_85/31 "/>
</bind>
</comp>

<comp id="566" class="1004" name="conv2_mulap_fixed_8_5_ap_q_mode_5_ap_o_mode_3_0_ap_fixed_8_5_ap_q_mode_5_ap_o_mode_3_0_ap_fixed_8_5_ap_q_mode_5_ap_o_mode_3_0_ap_fixed_8_5_ap_q_mode_5_ap_o_mode_3_0_local_bia_86_load_fu_566">
<pin_list>
<pin id="567" dir="0" index="0" bw="8" slack="0"/>
<pin id="568" dir="1" index="1" bw="8" slack="2147483647"/>
</pin_list>
<bind>
<opcode="load(27) " fcode="load"/>
<opset="conv2_mulap_fixed_8_5_ap_q_mode_5_ap_o_mode_3_0_ap_fixed_8_5_ap_q_mode_5_ap_o_mode_3_0_ap_fixed_8_5_ap_q_mode_5_ap_o_mode_3_0_ap_fixed_8_5_ap_q_mode_5_ap_o_mode_3_0_local_bia_86/31 "/>
</bind>
</comp>

<comp id="570" class="1004" name="conv2_mulap_fixed_8_5_ap_q_mode_5_ap_o_mode_3_0_ap_fixed_8_5_ap_q_mode_5_ap_o_mode_3_0_ap_fixed_8_5_ap_q_mode_5_ap_o_mode_3_0_ap_fixed_8_5_ap_q_mode_5_ap_o_mode_3_0_local_bia_87_load_fu_570">
<pin_list>
<pin id="571" dir="0" index="0" bw="8" slack="0"/>
<pin id="572" dir="1" index="1" bw="8" slack="2147483647"/>
</pin_list>
<bind>
<opcode="load(27) " fcode="load"/>
<opset="conv2_mulap_fixed_8_5_ap_q_mode_5_ap_o_mode_3_0_ap_fixed_8_5_ap_q_mode_5_ap_o_mode_3_0_ap_fixed_8_5_ap_q_mode_5_ap_o_mode_3_0_ap_fixed_8_5_ap_q_mode_5_ap_o_mode_3_0_local_bia_87/31 "/>
</bind>
</comp>

<comp id="574" class="1004" name="co_1_load_fu_574">
<pin_list>
<pin id="575" dir="0" index="0" bw="5" slack="31"/>
<pin id="576" dir="1" index="1" bw="5" slack="0"/>
</pin_list>
<bind>
<opcode="load(27) " fcode="load"/>
<opset="co_1/32 "/>
</bind>
</comp>

<comp id="577" class="1004" name="icmp_ln93_fu_577">
<pin_list>
<pin id="578" dir="0" index="0" bw="5" slack="0"/>
<pin id="579" dir="0" index="1" bw="5" slack="0"/>
<pin id="580" dir="1" index="2" bw="1" slack="2147483647"/>
</pin_list>
<bind>
<opcode="icmp(45) " fcode="icmp"/>
<opset="icmp_ln93/32 "/>
</bind>
</comp>

<comp id="583" class="1004" name="add_ln93_fu_583">
<pin_list>
<pin id="584" dir="0" index="0" bw="5" slack="0"/>
<pin id="585" dir="0" index="1" bw="1" slack="0"/>
<pin id="586" dir="1" index="2" bw="5" slack="1"/>
</pin_list>
<bind>
<opcode="add(8) " fcode="add"/>
<opset="add_ln93/32 "/>
</bind>
</comp>

<comp id="589" class="1004" name="trunc_ln93_fu_589">
<pin_list>
<pin id="590" dir="0" index="0" bw="5" slack="0"/>
<pin id="591" dir="1" index="1" bw="4" slack="0"/>
</pin_list>
<bind>
<opcode="trunc(33) " fcode="trunc"/>
<opset="trunc_ln93/32 "/>
</bind>
</comp>

<comp id="593" class="1004" name="shl_ln_fu_593">
<pin_list>
<pin id="594" dir="0" index="0" bw="7" slack="0"/>
<pin id="595" dir="0" index="1" bw="4" slack="0"/>
<pin id="596" dir="0" index="2" bw="1" slack="0"/>
<pin id="597" dir="1" index="3" bw="7" slack="3"/>
</pin_list>
<bind>
<opcode="bitconcatenate(1004) " fcode="bitconcatenate"/>
<opset="shl_ln/32 "/>
</bind>
</comp>

<comp id="601" class="1004" name="sum_fu_601">
<pin_list>
<pin id="602" dir="0" index="0" bw="8" slack="0"/>
<pin id="603" dir="0" index="1" bw="4" slack="0"/>
<pin id="604" dir="0" index="2" bw="8" slack="2147483647"/>
<pin id="605" dir="0" index="3" bw="4" slack="0"/>
<pin id="606" dir="0" index="4" bw="8" slack="2147483647"/>
<pin id="607" dir="0" index="5" bw="4" slack="0"/>
<pin id="608" dir="0" index="6" bw="8" slack="2147483647"/>
<pin id="609" dir="0" index="7" bw="4" slack="0"/>
<pin id="610" dir="0" index="8" bw="8" slack="2147483647"/>
<pin id="611" dir="0" index="9" bw="4" slack="0"/>
<pin id="612" dir="0" index="10" bw="8" slack="2147483647"/>
<pin id="613" dir="0" index="11" bw="4" slack="0"/>
<pin id="614" dir="0" index="12" bw="8" slack="2147483647"/>
<pin id="615" dir="0" index="13" bw="4" slack="0"/>
<pin id="616" dir="0" index="14" bw="8" slack="2147483647"/>
<pin id="617" dir="0" index="15" bw="4" slack="0"/>
<pin id="618" dir="0" index="16" bw="8" slack="2147483647"/>
<pin id="619" dir="0" index="17" bw="4" slack="0"/>
<pin id="620" dir="0" index="18" bw="8" slack="2147483647"/>
<pin id="621" dir="0" index="19" bw="4" slack="0"/>
<pin id="622" dir="0" index="20" bw="8" slack="2147483647"/>
<pin id="623" dir="0" index="21" bw="4" slack="0"/>
<pin id="624" dir="0" index="22" bw="8" slack="2147483647"/>
<pin id="625" dir="0" index="23" bw="4" slack="0"/>
<pin id="626" dir="0" index="24" bw="8" slack="2147483647"/>
<pin id="627" dir="0" index="25" bw="4" slack="0"/>
<pin id="628" dir="0" index="26" bw="8" slack="2147483647"/>
<pin id="629" dir="0" index="27" bw="4" slack="0"/>
<pin id="630" dir="0" index="28" bw="8" slack="2147483647"/>
<pin id="631" dir="0" index="29" bw="4" slack="0"/>
<pin id="632" dir="0" index="30" bw="8" slack="2147483647"/>
<pin id="633" dir="0" index="31" bw="4" slack="0"/>
<pin id="634" dir="0" index="32" bw="8" slack="2147483647"/>
<pin id="635" dir="0" index="33" bw="8" slack="0"/>
<pin id="636" dir="0" index="34" bw="4" slack="0"/>
<pin id="637" dir="1" index="35" bw="8" slack="5"/>
</pin_list>
<bind>
<opcode="sparsemux(1197) " fcode="sparsemux"/>
<opset="sum/32 "/>
</bind>
</comp>

<comp id="657" class="1004" name="icmp_ln94_fu_657">
<pin_list>
<pin id="658" dir="0" index="0" bw="4" slack="0"/>
<pin id="659" dir="0" index="1" bw="4" slack="0"/>
<pin id="660" dir="1" index="2" bw="1" slack="2147483647"/>
</pin_list>
<bind>
<opcode="icmp(45) " fcode="icmp"/>
<opset="icmp_ln94/33 "/>
</bind>
</comp>

<comp id="663" class="1004" name="add_ln107_fu_663">
<pin_list>
<pin id="664" dir="0" index="0" bw="4" slack="0"/>
<pin id="665" dir="0" index="1" bw="1" slack="0"/>
<pin id="666" dir="1" index="2" bw="4" slack="0"/>
</pin_list>
<bind>
<opcode="add(8) " fcode="add"/>
<opset="add_ln107/33 "/>
</bind>
</comp>

<comp id="669" class="1004" name="p_shl3_fu_669">
<pin_list>
<pin id="670" dir="0" index="0" bw="8" slack="0"/>
<pin id="671" dir="0" index="1" bw="4" slack="0"/>
<pin id="672" dir="0" index="2" bw="1" slack="0"/>
<pin id="673" dir="1" index="3" bw="8" slack="0"/>
</pin_list>
<bind>
<opcode="bitconcatenate(1004) " fcode="bitconcatenate"/>
<opset="p_shl3/33 "/>
</bind>
</comp>

<comp id="677" class="1004" name="tmp_fu_677">
<pin_list>
<pin id="678" dir="0" index="0" bw="5" slack="0"/>
<pin id="679" dir="0" index="1" bw="4" slack="0"/>
<pin id="680" dir="0" index="2" bw="1" slack="0"/>
<pin id="681" dir="1" index="3" bw="5" slack="0"/>
</pin_list>
<bind>
<opcode="bitconcatenate(1004) " fcode="bitconcatenate"/>
<opset="tmp/33 "/>
</bind>
</comp>

<comp id="685" class="1004" name="zext_ln127_fu_685">
<pin_list>
<pin id="686" dir="0" index="0" bw="5" slack="0"/>
<pin id="687" dir="1" index="1" bw="8" slack="0"/>
</pin_list>
<bind>
<opcode="zext(34) " fcode="zext"/>
<opset="zext_ln127/33 "/>
</bind>
</comp>

<comp id="689" class="1004" name="sub_ln127_fu_689">
<pin_list>
<pin id="690" dir="0" index="0" bw="8" slack="0"/>
<pin id="691" dir="0" index="1" bw="5" slack="0"/>
<pin id="692" dir="1" index="2" bw="8" slack="2"/>
</pin_list>
<bind>
<opcode="sub(10) " fcode="sub"/>
<opset="sub_ln127/33 "/>
</bind>
</comp>

<comp id="695" class="1004" name="trunc_ln107_fu_695">
<pin_list>
<pin id="696" dir="0" index="0" bw="4" slack="0"/>
<pin id="697" dir="1" index="1" bw="2" slack="0"/>
</pin_list>
<bind>
<opcode="trunc(33) " fcode="trunc"/>
<opset="trunc_ln107/33 "/>
</bind>
</comp>

<comp id="699" class="1004" name="p_shl_fu_699">
<pin_list>
<pin id="700" dir="0" index="0" bw="3" slack="0"/>
<pin id="701" dir="0" index="1" bw="2" slack="0"/>
<pin id="702" dir="0" index="2" bw="1" slack="0"/>
<pin id="703" dir="1" index="3" bw="3" slack="0"/>
</pin_list>
<bind>
<opcode="bitconcatenate(1004) " fcode="bitconcatenate"/>
<opset="p_shl/33 "/>
</bind>
</comp>

<comp id="707" class="1004" name="sub_ln107_fu_707">
<pin_list>
<pin id="708" dir="0" index="0" bw="1" slack="0"/>
<pin id="709" dir="0" index="1" bw="3" slack="0"/>
<pin id="710" dir="1" index="2" bw="3" slack="2"/>
</pin_list>
<bind>
<opcode="sub(10) " fcode="sub"/>
<opset="sub_ln107/33 "/>
</bind>
</comp>

<comp id="713" class="1004" name="zext_ln110_fu_713">
<pin_list>
<pin id="714" dir="0" index="0" bw="4" slack="0"/>
<pin id="715" dir="1" index="1" bw="5" slack="0"/>
</pin_list>
<bind>
<opcode="zext(34) " fcode="zext"/>
<opset="zext_ln110/33 "/>
</bind>
</comp>

<comp id="717" class="1004" name="add_ln110_fu_717">
<pin_list>
<pin id="718" dir="0" index="0" bw="4" slack="0"/>
<pin id="719" dir="0" index="1" bw="1" slack="0"/>
<pin id="720" dir="1" index="2" bw="5" slack="0"/>
</pin_list>
<bind>
<opcode="add(8) " fcode="add"/>
<opset="add_ln110/33 "/>
</bind>
</comp>

<comp id="723" class="1004" name="icmp_ln110_fu_723">
<pin_list>
<pin id="724" dir="0" index="0" bw="5" slack="0"/>
<pin id="725" dir="0" index="1" bw="5" slack="0"/>
<pin id="726" dir="1" index="2" bw="1" slack="2"/>
</pin_list>
<bind>
<opcode="icmp(45) " fcode="icmp"/>
<opset="icmp_ln110/33 "/>
</bind>
</comp>

<comp id="729" class="1004" name="icmp_ln110_1_fu_729">
<pin_list>
<pin id="730" dir="0" index="0" bw="4" slack="0"/>
<pin id="731" dir="0" index="1" bw="4" slack="0"/>
<pin id="732" dir="1" index="2" bw="1" slack="2"/>
</pin_list>
<bind>
<opcode="icmp(45) " fcode="icmp"/>
<opset="icmp_ln110_1/33 "/>
</bind>
</comp>

<comp id="735" class="1004" name="store_ln93_store_fu_735">
<pin_list>
<pin id="736" dir="0" index="0" bw="5" slack="1"/>
<pin id="737" dir="0" index="1" bw="5" slack="32"/>
<pin id="738" dir="1" index="2" bw="0" slack="2147483647"/>
</pin_list>
<bind>
<opcode="store(28) " fcode="store"/>
<opset="store_ln93/33 "/>
</bind>
</comp>

<comp id="739" class="1004" name="icmp_ln95_fu_739">
<pin_list>
<pin id="740" dir="0" index="0" bw="4" slack="0"/>
<pin id="741" dir="0" index="1" bw="4" slack="0"/>
<pin id="742" dir="1" index="2" bw="1" slack="2147483647"/>
</pin_list>
<bind>
<opcode="icmp(45) " fcode="icmp"/>
<opset="icmp_ln95/34 "/>
</bind>
</comp>

<comp id="745" class="1004" name="add_ln108_1_fu_745">
<pin_list>
<pin id="746" dir="0" index="0" bw="4" slack="0"/>
<pin id="747" dir="0" index="1" bw="1" slack="0"/>
<pin id="748" dir="1" index="2" bw="4" slack="0"/>
</pin_list>
<bind>
<opcode="add(8) " fcode="add"/>
<opset="add_ln108_1/34 "/>
</bind>
</comp>

<comp id="751" class="1004" name="zext_ln95_fu_751">
<pin_list>
<pin id="752" dir="0" index="0" bw="4" slack="0"/>
<pin id="753" dir="1" index="1" bw="5" slack="0"/>
</pin_list>
<bind>
<opcode="zext(34) " fcode="zext"/>
<opset="zext_ln95/34 "/>
</bind>
</comp>

<comp id="755" class="1004" name="store_ln100_store_fu_755">
<pin_list>
<pin id="756" dir="0" index="0" bw="1" slack="0"/>
<pin id="757" dir="0" index="1" bw="8" slack="0"/>
<pin id="758" dir="1" index="2" bw="0" slack="2147483647"/>
</pin_list>
<bind>
<opcode="store(28) " fcode="store"/>
<opset="store_ln100/34 "/>
</bind>
</comp>

<comp id="761" class="1004" name="store_ln100_store_fu_761">
<pin_list>
<pin id="762" dir="0" index="0" bw="1" slack="0"/>
<pin id="763" dir="0" index="1" bw="8" slack="0"/>
<pin id="764" dir="1" index="2" bw="0" slack="2147483647"/>
</pin_list>
<bind>
<opcode="store(28) " fcode="store"/>
<opset="store_ln100/34 "/>
</bind>
</comp>

<comp id="767" class="1004" name="store_ln100_store_fu_767">
<pin_list>
<pin id="768" dir="0" index="0" bw="1" slack="0"/>
<pin id="769" dir="0" index="1" bw="8" slack="0"/>
<pin id="770" dir="1" index="2" bw="0" slack="2147483647"/>
</pin_list>
<bind>
<opcode="store(28) " fcode="store"/>
<opset="store_ln100/34 "/>
</bind>
</comp>

<comp id="773" class="1004" name="store_ln100_store_fu_773">
<pin_list>
<pin id="774" dir="0" index="0" bw="1" slack="0"/>
<pin id="775" dir="0" index="1" bw="8" slack="0"/>
<pin id="776" dir="1" index="2" bw="0" slack="2147483647"/>
</pin_list>
<bind>
<opcode="store(28) " fcode="store"/>
<opset="store_ln100/34 "/>
</bind>
</comp>

<comp id="779" class="1004" name="store_ln100_store_fu_779">
<pin_list>
<pin id="780" dir="0" index="0" bw="1" slack="0"/>
<pin id="781" dir="0" index="1" bw="8" slack="0"/>
<pin id="782" dir="1" index="2" bw="0" slack="2147483647"/>
</pin_list>
<bind>
<opcode="store(28) " fcode="store"/>
<opset="store_ln100/34 "/>
</bind>
</comp>

<comp id="785" class="1004" name="store_ln100_store_fu_785">
<pin_list>
<pin id="786" dir="0" index="0" bw="1" slack="0"/>
<pin id="787" dir="0" index="1" bw="8" slack="0"/>
<pin id="788" dir="1" index="2" bw="0" slack="2147483647"/>
</pin_list>
<bind>
<opcode="store(28) " fcode="store"/>
<opset="store_ln100/34 "/>
</bind>
</comp>

<comp id="791" class="1004" name="store_ln100_store_fu_791">
<pin_list>
<pin id="792" dir="0" index="0" bw="1" slack="0"/>
<pin id="793" dir="0" index="1" bw="8" slack="0"/>
<pin id="794" dir="1" index="2" bw="0" slack="2147483647"/>
</pin_list>
<bind>
<opcode="store(28) " fcode="store"/>
<opset="store_ln100/34 "/>
</bind>
</comp>

<comp id="797" class="1004" name="store_ln100_store_fu_797">
<pin_list>
<pin id="798" dir="0" index="0" bw="1" slack="0"/>
<pin id="799" dir="0" index="1" bw="8" slack="0"/>
<pin id="800" dir="1" index="2" bw="0" slack="2147483647"/>
</pin_list>
<bind>
<opcode="store(28) " fcode="store"/>
<opset="store_ln100/34 "/>
</bind>
</comp>

<comp id="803" class="1004" name="add_ln108_fu_803">
<pin_list>
<pin id="804" dir="0" index="0" bw="4" slack="0"/>
<pin id="805" dir="0" index="1" bw="1" slack="0"/>
<pin id="806" dir="1" index="2" bw="5" slack="1"/>
</pin_list>
<bind>
<opcode="add(8) " fcode="add"/>
<opset="add_ln108/34 "/>
</bind>
</comp>

<comp id="809" class="1004" name="trunc_ln95_fu_809">
<pin_list>
<pin id="810" dir="0" index="0" bw="4" slack="1"/>
<pin id="811" dir="1" index="1" bw="3" slack="0"/>
</pin_list>
<bind>
<opcode="trunc(33) " fcode="trunc"/>
<opset="trunc_ln95/35 "/>
</bind>
</comp>

<comp id="814" class="1004" name="icmp_ln110_2_fu_814">
<pin_list>
<pin id="815" dir="0" index="0" bw="5" slack="1"/>
<pin id="816" dir="0" index="1" bw="5" slack="0"/>
<pin id="817" dir="1" index="2" bw="1" slack="0"/>
</pin_list>
<bind>
<opcode="icmp(45) " fcode="icmp"/>
<opset="icmp_ln110_2/35 "/>
</bind>
</comp>

<comp id="819" class="1004" name="and_ln110_fu_819">
<pin_list>
<pin id="820" dir="0" index="0" bw="1" slack="0"/>
<pin id="821" dir="0" index="1" bw="1" slack="2"/>
<pin id="822" dir="1" index="2" bw="1" slack="0"/>
</pin_list>
<bind>
<opcode="and(23) " fcode="and"/>
<opset="and_ln110/35 "/>
</bind>
</comp>

<comp id="825" class="1004" name="icmp_ln110_3_fu_825">
<pin_list>
<pin id="826" dir="0" index="0" bw="4" slack="1"/>
<pin id="827" dir="0" index="1" bw="4" slack="0"/>
<pin id="828" dir="1" index="2" bw="1" slack="0"/>
</pin_list>
<bind>
<opcode="icmp(45) " fcode="icmp"/>
<opset="icmp_ln110_3/35 "/>
</bind>
</comp>

<comp id="830" class="1004" name="and_ln110_1_fu_830">
<pin_list>
<pin id="831" dir="0" index="0" bw="1" slack="0"/>
<pin id="832" dir="0" index="1" bw="1" slack="2"/>
<pin id="833" dir="1" index="2" bw="1" slack="0"/>
</pin_list>
<bind>
<opcode="and(23) " fcode="and"/>
<opset="and_ln110_1/35 "/>
</bind>
</comp>

<comp id="836" class="1004" name="and_ln110_2_fu_836">
<pin_list>
<pin id="837" dir="0" index="0" bw="1" slack="0"/>
<pin id="838" dir="0" index="1" bw="1" slack="2"/>
<pin id="839" dir="1" index="2" bw="1" slack="0"/>
</pin_list>
<bind>
<opcode="and(23) " fcode="and"/>
<opset="and_ln110_2/35 "/>
</bind>
</comp>

<comp id="842" class="1004" name="and_ln110_3_fu_842">
<pin_list>
<pin id="843" dir="0" index="0" bw="1" slack="0"/>
<pin id="844" dir="0" index="1" bw="1" slack="2"/>
<pin id="845" dir="1" index="2" bw="1" slack="0"/>
</pin_list>
<bind>
<opcode="and(23) " fcode="and"/>
<opset="and_ln110_3/35 "/>
</bind>
</comp>

<comp id="848" class="1004" name="conv2_ap_fixed_ap_fixed_ap_fixed_ap_fixed_8_5_5_3_0_partial_sums_7_load_load_fu_848">
<pin_list>
<pin id="849" dir="0" index="0" bw="8" slack="0"/>
<pin id="850" dir="1" index="1" bw="8" slack="0"/>
</pin_list>
<bind>
<opcode="load(27) " fcode="load"/>
<opset="conv2_ap_fixed_ap_fixed_ap_fixed_ap_fixed_8_5_5_3_0_partial_sums_7_load/37 "/>
</bind>
</comp>

<comp id="852" class="1004" name="conv2_ap_fixed_ap_fixed_ap_fixed_ap_fixed_8_5_5_3_0_partial_sums_5_load_load_fu_852">
<pin_list>
<pin id="853" dir="0" index="0" bw="8" slack="0"/>
<pin id="854" dir="1" index="1" bw="8" slack="0"/>
</pin_list>
<bind>
<opcode="load(27) " fcode="load"/>
<opset="conv2_ap_fixed_ap_fixed_ap_fixed_ap_fixed_8_5_5_3_0_partial_sums_5_load/37 "/>
</bind>
</comp>

<comp id="856" class="1004" name="conv2_ap_fixed_ap_fixed_ap_fixed_ap_fixed_8_5_5_3_0_partial_sums_4_load_load_fu_856">
<pin_list>
<pin id="857" dir="0" index="0" bw="8" slack="0"/>
<pin id="858" dir="1" index="1" bw="8" slack="0"/>
</pin_list>
<bind>
<opcode="load(27) " fcode="load"/>
<opset="conv2_ap_fixed_ap_fixed_ap_fixed_ap_fixed_8_5_5_3_0_partial_sums_4_load/37 "/>
</bind>
</comp>

<comp id="860" class="1004" name="conv2_ap_fixed_ap_fixed_ap_fixed_ap_fixed_8_5_5_3_0_partial_sums_load_load_fu_860">
<pin_list>
<pin id="861" dir="0" index="0" bw="8" slack="0"/>
<pin id="862" dir="1" index="1" bw="8" slack="0"/>
</pin_list>
<bind>
<opcode="load(27) " fcode="load"/>
<opset="conv2_ap_fixed_ap_fixed_ap_fixed_ap_fixed_8_5_5_3_0_partial_sums_load/37 "/>
</bind>
</comp>

<comp id="864" class="1004" name="add_ln124_3_fu_864">
<pin_list>
<pin id="865" dir="0" index="0" bw="8" slack="0"/>
<pin id="866" dir="0" index="1" bw="8" slack="0"/>
<pin id="867" dir="1" index="2" bw="8" slack="0"/>
</pin_list>
<bind>
<opcode="add(8) " fcode="add"/>
<opset="add_ln124_3/37 "/>
</bind>
</comp>

<comp id="870" class="1004" name="add_ln124_4_fu_870">
<pin_list>
<pin id="871" dir="0" index="0" bw="8" slack="0"/>
<pin id="872" dir="0" index="1" bw="8" slack="5"/>
<pin id="873" dir="1" index="2" bw="8" slack="0"/>
</pin_list>
<bind>
<opcode="add(8) " fcode="add"/>
<opset="add_ln124_4/37 "/>
</bind>
</comp>

<comp id="875" class="1004" name="add_ln124_5_fu_875">
<pin_list>
<pin id="876" dir="0" index="0" bw="8" slack="0"/>
<pin id="877" dir="0" index="1" bw="8" slack="0"/>
<pin id="878" dir="1" index="2" bw="8" slack="0"/>
</pin_list>
<bind>
<opcode="add(8) " fcode="add"/>
<opset="add_ln124_5/37 "/>
</bind>
</comp>

<comp id="881" class="1004" name="add_ln124_6_fu_881">
<pin_list>
<pin id="882" dir="0" index="0" bw="8" slack="0"/>
<pin id="883" dir="0" index="1" bw="8" slack="0"/>
<pin id="884" dir="1" index="2" bw="8" slack="1"/>
</pin_list>
<bind>
<opcode="add(8) " fcode="add"/>
<opset="add_ln124_6/37 "/>
</bind>
</comp>

<comp id="887" class="1004" name="conv2_ap_fixed_ap_fixed_ap_fixed_ap_fixed_8_5_5_3_0_partial_sums_6_load_load_fu_887">
<pin_list>
<pin id="888" dir="0" index="0" bw="8" slack="0"/>
<pin id="889" dir="1" index="1" bw="8" slack="0"/>
</pin_list>
<bind>
<opcode="load(27) " fcode="load"/>
<opset="conv2_ap_fixed_ap_fixed_ap_fixed_ap_fixed_8_5_5_3_0_partial_sums_6_load/38 "/>
</bind>
</comp>

<comp id="891" class="1004" name="conv2_ap_fixed_ap_fixed_ap_fixed_ap_fixed_8_5_5_3_0_partial_sums_3_load_load_fu_891">
<pin_list>
<pin id="892" dir="0" index="0" bw="8" slack="0"/>
<pin id="893" dir="1" index="1" bw="8" slack="0"/>
</pin_list>
<bind>
<opcode="load(27) " fcode="load"/>
<opset="conv2_ap_fixed_ap_fixed_ap_fixed_ap_fixed_8_5_5_3_0_partial_sums_3_load/38 "/>
</bind>
</comp>

<comp id="895" class="1004" name="conv2_ap_fixed_ap_fixed_ap_fixed_ap_fixed_8_5_5_3_0_partial_sums_2_load_load_fu_895">
<pin_list>
<pin id="896" dir="0" index="0" bw="8" slack="0"/>
<pin id="897" dir="1" index="1" bw="8" slack="0"/>
</pin_list>
<bind>
<opcode="load(27) " fcode="load"/>
<opset="conv2_ap_fixed_ap_fixed_ap_fixed_ap_fixed_8_5_5_3_0_partial_sums_2_load/38 "/>
</bind>
</comp>

<comp id="899" class="1004" name="conv2_ap_fixed_ap_fixed_ap_fixed_ap_fixed_8_5_5_3_0_partial_sums_1_load_load_fu_899">
<pin_list>
<pin id="900" dir="0" index="0" bw="8" slack="0"/>
<pin id="901" dir="1" index="1" bw="8" slack="0"/>
</pin_list>
<bind>
<opcode="load(27) " fcode="load"/>
<opset="conv2_ap_fixed_ap_fixed_ap_fixed_ap_fixed_8_5_5_3_0_partial_sums_1_load/38 "/>
</bind>
</comp>

<comp id="903" class="1004" name="add_ln124_fu_903">
<pin_list>
<pin id="904" dir="0" index="0" bw="8" slack="0"/>
<pin id="905" dir="0" index="1" bw="8" slack="0"/>
<pin id="906" dir="1" index="2" bw="8" slack="0"/>
</pin_list>
<bind>
<opcode="add(8) " fcode="add"/>
<opset="add_ln124/38 "/>
</bind>
</comp>

<comp id="909" class="1004" name="add_ln124_1_fu_909">
<pin_list>
<pin id="910" dir="0" index="0" bw="8" slack="0"/>
<pin id="911" dir="0" index="1" bw="8" slack="0"/>
<pin id="912" dir="1" index="2" bw="8" slack="0"/>
</pin_list>
<bind>
<opcode="add(8) " fcode="add"/>
<opset="add_ln124_1/38 "/>
</bind>
</comp>

<comp id="915" class="1004" name="add_ln124_2_fu_915">
<pin_list>
<pin id="916" dir="0" index="0" bw="8" slack="0"/>
<pin id="917" dir="0" index="1" bw="8" slack="0"/>
<pin id="918" dir="1" index="2" bw="8" slack="0"/>
</pin_list>
<bind>
<opcode="add(8) " fcode="add"/>
<opset="add_ln124_2/38 "/>
</bind>
</comp>

<comp id="921" class="1004" name="add_ln124_7_fu_921">
<pin_list>
<pin id="922" dir="0" index="0" bw="8" slack="1"/>
<pin id="923" dir="0" index="1" bw="8" slack="0"/>
<pin id="924" dir="1" index="2" bw="8" slack="0"/>
</pin_list>
<bind>
<opcode="add(8) " fcode="add"/>
<opset="add_ln124_7/38 "/>
</bind>
</comp>

<comp id="926" class="1004" name="trunc_ln128_fu_926">
<pin_list>
<pin id="927" dir="0" index="0" bw="8" slack="0"/>
<pin id="928" dir="1" index="1" bw="7" slack="0"/>
</pin_list>
<bind>
<opcode="trunc(33) " fcode="trunc"/>
<opset="trunc_ln128/38 "/>
</bind>
</comp>

<comp id="930" class="1004" name="icmp_ln128_fu_930">
<pin_list>
<pin id="931" dir="0" index="0" bw="8" slack="0"/>
<pin id="932" dir="0" index="1" bw="8" slack="0"/>
<pin id="933" dir="1" index="2" bw="1" slack="0"/>
</pin_list>
<bind>
<opcode="icmp(45) " fcode="icmp"/>
<opset="icmp_ln128/38 "/>
</bind>
</comp>

<comp id="936" class="1004" name="select_ln128_fu_936">
<pin_list>
<pin id="937" dir="0" index="0" bw="1" slack="0"/>
<pin id="938" dir="0" index="1" bw="7" slack="0"/>
<pin id="939" dir="0" index="2" bw="7" slack="0"/>
<pin id="940" dir="1" index="3" bw="7" slack="1"/>
</pin_list>
<bind>
<opcode="select(49) " fcode="select"/>
<opset="select_ln128/38 "/>
</bind>
</comp>

<comp id="944" class="1004" name="zext_ln128_fu_944">
<pin_list>
<pin id="945" dir="0" index="0" bw="7" slack="1"/>
<pin id="946" dir="1" index="1" bw="8" slack="0"/>
</pin_list>
<bind>
<opcode="zext(34) " fcode="zext"/>
<opset="zext_ln128/39 "/>
</bind>
</comp>

<comp id="948" class="1005" name="co_reg_948">
<pin_list>
<pin id="949" dir="0" index="0" bw="5" slack="0"/>
<pin id="950" dir="1" index="1" bw="5" slack="0"/>
</pin_list>
<bind>
<opset="co "/>
</bind>
</comp>

<comp id="955" class="1005" name="weight_read_reg_955">
<pin_list>
<pin id="956" dir="0" index="0" bw="64" slack="8"/>
<pin id="957" dir="1" index="1" bw="64" slack="8"/>
</pin_list>
<bind>
<opset="weight_read "/>
</bind>
</comp>

<comp id="960" class="1005" name="gmem1_addr_reg_960">
<pin_list>
<pin id="961" dir="0" index="0" bw="8" slack="1"/>
<pin id="962" dir="1" index="1" bw="8" slack="1"/>
</pin_list>
<bind>
<opset="gmem1_addr "/>
</bind>
</comp>

<comp id="965" class="1005" name="bias_read_reg_965">
<pin_list>
<pin id="966" dir="0" index="0" bw="64" slack="8"/>
<pin id="967" dir="1" index="1" bw="64" slack="8"/>
</pin_list>
<bind>
<opset="bias_read "/>
</bind>
</comp>

<comp id="970" class="1005" name="gmem1_addr_2_reg_970">
<pin_list>
<pin id="971" dir="0" index="0" bw="8" slack="1"/>
<pin id="972" dir="1" index="1" bw="8" slack="1"/>
</pin_list>
<bind>
<opset="gmem1_addr_2 "/>
</bind>
</comp>

<comp id="975" class="1005" name="input_read_reg_975">
<pin_list>
<pin id="976" dir="0" index="0" bw="64" slack="8"/>
<pin id="977" dir="1" index="1" bw="64" slack="8"/>
</pin_list>
<bind>
<opset="input_read "/>
</bind>
</comp>

<comp id="980" class="1005" name="gmem0_addr_reg_980">
<pin_list>
<pin id="981" dir="0" index="0" bw="8" slack="1"/>
<pin id="982" dir="1" index="1" bw="8" slack="1"/>
</pin_list>
<bind>
<opset="gmem0_addr "/>
</bind>
</comp>

<comp id="985" class="1005" name="gmem0_addr_4_reg_985">
<pin_list>
<pin id="986" dir="0" index="0" bw="8" slack="2"/>
<pin id="987" dir="1" index="1" bw="8" slack="2"/>
</pin_list>
<bind>
<opset="gmem0_addr_4 "/>
</bind>
</comp>

<comp id="1042" class="1005" name="add_ln93_reg_1042">
<pin_list>
<pin id="1043" dir="0" index="0" bw="5" slack="1"/>
<pin id="1044" dir="1" index="1" bw="5" slack="1"/>
</pin_list>
<bind>
<opset="add_ln93 "/>
</bind>
</comp>

<comp id="1047" class="1005" name="shl_ln_reg_1047">
<pin_list>
<pin id="1048" dir="0" index="0" bw="7" slack="3"/>
<pin id="1049" dir="1" index="1" bw="7" slack="3"/>
</pin_list>
<bind>
<opset="shl_ln "/>
</bind>
</comp>

<comp id="1052" class="1005" name="sum_reg_1052">
<pin_list>
<pin id="1053" dir="0" index="0" bw="8" slack="5"/>
<pin id="1054" dir="1" index="1" bw="8" slack="5"/>
</pin_list>
<bind>
<opset="sum "/>
</bind>
</comp>

<comp id="1060" class="1005" name="add_ln107_reg_1060">
<pin_list>
<pin id="1061" dir="0" index="0" bw="4" slack="0"/>
<pin id="1062" dir="1" index="1" bw="4" slack="0"/>
</pin_list>
<bind>
<opset="add_ln107 "/>
</bind>
</comp>

<comp id="1066" class="1005" name="sub_ln127_reg_1066">
<pin_list>
<pin id="1067" dir="0" index="0" bw="8" slack="2"/>
<pin id="1068" dir="1" index="1" bw="8" slack="2"/>
</pin_list>
<bind>
<opset="sub_ln127 "/>
</bind>
</comp>

<comp id="1071" class="1005" name="sub_ln107_reg_1071">
<pin_list>
<pin id="1072" dir="0" index="0" bw="3" slack="2"/>
<pin id="1073" dir="1" index="1" bw="3" slack="2"/>
</pin_list>
<bind>
<opset="sub_ln107 "/>
</bind>
</comp>

<comp id="1076" class="1005" name="add_ln110_reg_1076">
<pin_list>
<pin id="1077" dir="0" index="0" bw="5" slack="2"/>
<pin id="1078" dir="1" index="1" bw="5" slack="2"/>
</pin_list>
<bind>
<opset="add_ln110 "/>
</bind>
</comp>

<comp id="1081" class="1005" name="icmp_ln110_reg_1081">
<pin_list>
<pin id="1082" dir="0" index="0" bw="1" slack="2"/>
<pin id="1083" dir="1" index="1" bw="1" slack="2"/>
</pin_list>
<bind>
<opset="icmp_ln110 "/>
</bind>
</comp>

<comp id="1087" class="1005" name="icmp_ln110_1_reg_1087">
<pin_list>
<pin id="1088" dir="0" index="0" bw="1" slack="2"/>
<pin id="1089" dir="1" index="1" bw="1" slack="2"/>
</pin_list>
<bind>
<opset="icmp_ln110_1 "/>
</bind>
</comp>

<comp id="1096" class="1005" name="add_ln108_1_reg_1096">
<pin_list>
<pin id="1097" dir="0" index="0" bw="4" slack="0"/>
<pin id="1098" dir="1" index="1" bw="4" slack="0"/>
</pin_list>
<bind>
<opset="add_ln108_1 "/>
</bind>
</comp>

<comp id="1104" class="1005" name="add_ln108_reg_1104">
<pin_list>
<pin id="1105" dir="0" index="0" bw="5" slack="1"/>
<pin id="1106" dir="1" index="1" bw="5" slack="1"/>
</pin_list>
<bind>
<opset="add_ln108 "/>
</bind>
</comp>

<comp id="1111" class="1005" name="trunc_ln95_reg_1111">
<pin_list>
<pin id="1112" dir="0" index="0" bw="3" slack="1"/>
<pin id="1113" dir="1" index="1" bw="3" slack="1"/>
</pin_list>
<bind>
<opset="trunc_ln95 "/>
</bind>
</comp>

<comp id="1116" class="1005" name="and_ln110_reg_1116">
<pin_list>
<pin id="1117" dir="0" index="0" bw="1" slack="1"/>
<pin id="1118" dir="1" index="1" bw="1" slack="1"/>
</pin_list>
<bind>
<opset="and_ln110 "/>
</bind>
</comp>

<comp id="1121" class="1005" name="and_ln110_1_reg_1121">
<pin_list>
<pin id="1122" dir="0" index="0" bw="1" slack="1"/>
<pin id="1123" dir="1" index="1" bw="1" slack="1"/>
</pin_list>
<bind>
<opset="and_ln110_1 "/>
</bind>
</comp>

<comp id="1126" class="1005" name="and_ln110_2_reg_1126">
<pin_list>
<pin id="1127" dir="0" index="0" bw="1" slack="1"/>
<pin id="1128" dir="1" index="1" bw="1" slack="1"/>
</pin_list>
<bind>
<opset="and_ln110_2 "/>
</bind>
</comp>

<comp id="1131" class="1005" name="and_ln110_3_reg_1131">
<pin_list>
<pin id="1132" dir="0" index="0" bw="1" slack="1"/>
<pin id="1133" dir="1" index="1" bw="1" slack="1"/>
</pin_list>
<bind>
<opset="and_ln110_3 "/>
</bind>
</comp>

<comp id="1136" class="1005" name="add_ln124_6_reg_1136">
<pin_list>
<pin id="1137" dir="0" index="0" bw="8" slack="1"/>
<pin id="1138" dir="1" index="1" bw="8" slack="1"/>
</pin_list>
<bind>
<opset="add_ln124_6 "/>
</bind>
</comp>

<comp id="1141" class="1005" name="select_ln128_reg_1141">
<pin_list>
<pin id="1142" dir="0" index="0" bw="7" slack="1"/>
<pin id="1143" dir="1" index="1" bw="7" slack="1"/>
</pin_list>
<bind>
<opset="select_ln128 "/>
</bind>
</comp>

</comp_list>

<net_list>
<net id="221"><net_src comp="78" pin="0"/><net_sink comp="218" pin=0"/></net>

<net id="225"><net_src comp="82" pin="0"/><net_sink comp="222" pin=0"/></net>

<net id="229"><net_src comp="82" pin="0"/><net_sink comp="226" pin=0"/></net>

<net id="233"><net_src comp="82" pin="0"/><net_sink comp="230" pin=0"/></net>

<net id="237"><net_src comp="82" pin="0"/><net_sink comp="234" pin=0"/></net>

<net id="241"><net_src comp="82" pin="0"/><net_sink comp="238" pin=0"/></net>

<net id="245"><net_src comp="82" pin="0"/><net_sink comp="242" pin=0"/></net>

<net id="249"><net_src comp="82" pin="0"/><net_sink comp="246" pin=0"/></net>

<net id="253"><net_src comp="82" pin="0"/><net_sink comp="250" pin=0"/></net>

<net id="258"><net_src comp="80" pin="0"/><net_sink comp="254" pin=0"/></net>

<net id="259"><net_src comp="8" pin="0"/><net_sink comp="254" pin=1"/></net>

<net id="264"><net_src comp="80" pin="0"/><net_sink comp="260" pin=0"/></net>

<net id="265"><net_src comp="10" pin="0"/><net_sink comp="260" pin=1"/></net>

<net id="270"><net_src comp="80" pin="0"/><net_sink comp="266" pin=0"/></net>

<net id="271"><net_src comp="2" pin="0"/><net_sink comp="266" pin=1"/></net>

<net id="276"><net_src comp="80" pin="0"/><net_sink comp="272" pin=0"/></net>

<net id="277"><net_src comp="4" pin="0"/><net_sink comp="272" pin=1"/></net>

<net id="283"><net_src comp="84" pin="0"/><net_sink comp="278" pin=0"/></net>

<net id="284"><net_src comp="86" pin="0"/><net_sink comp="278" pin=2"/></net>

<net id="285"><net_src comp="92" pin="0"/><net_sink comp="278" pin=2"/></net>

<net id="291"><net_src comp="84" pin="0"/><net_sink comp="286" pin=0"/></net>

<net id="292"><net_src comp="96" pin="0"/><net_sink comp="286" pin=2"/></net>

<net id="298"><net_src comp="138" pin="0"/><net_sink comp="293" pin=0"/></net>

<net id="299"><net_src comp="140" pin="0"/><net_sink comp="293" pin=2"/></net>

<net id="306"><net_src comp="214" pin="0"/><net_sink comp="300" pin=0"/></net>

<net id="307"><net_src comp="102" pin="0"/><net_sink comp="300" pin=3"/></net>

<net id="312"><net_src comp="216" pin="0"/><net_sink comp="308" pin=0"/></net>

<net id="316"><net_src comp="158" pin="0"/><net_sink comp="313" pin=0"/></net>

<net id="323"><net_src comp="313" pin="1"/><net_sink comp="317" pin=0"/></net>

<net id="327"><net_src comp="158" pin="0"/><net_sink comp="324" pin=0"/></net>

<net id="334"><net_src comp="324" pin="1"/><net_sink comp="328" pin=0"/></net>

<net id="335"><net_src comp="328" pin="4"/><net_sink comp="324" pin=0"/></net>

<net id="350"><net_src comp="90" pin="0"/><net_sink comp="336" pin=0"/></net>

<net id="351"><net_src comp="6" pin="0"/><net_sink comp="336" pin=1"/></net>

<net id="352"><net_src comp="12" pin="0"/><net_sink comp="336" pin=3"/></net>

<net id="353"><net_src comp="14" pin="0"/><net_sink comp="336" pin=4"/></net>

<net id="354"><net_src comp="16" pin="0"/><net_sink comp="336" pin=5"/></net>

<net id="355"><net_src comp="18" pin="0"/><net_sink comp="336" pin=6"/></net>

<net id="356"><net_src comp="20" pin="0"/><net_sink comp="336" pin=7"/></net>

<net id="357"><net_src comp="22" pin="0"/><net_sink comp="336" pin=8"/></net>

<net id="358"><net_src comp="24" pin="0"/><net_sink comp="336" pin=9"/></net>

<net id="359"><net_src comp="26" pin="0"/><net_sink comp="336" pin=10"/></net>

<net id="360"><net_src comp="28" pin="0"/><net_sink comp="336" pin=11"/></net>

<net id="382"><net_src comp="94" pin="0"/><net_sink comp="361" pin=0"/></net>

<net id="383"><net_src comp="6" pin="0"/><net_sink comp="361" pin=1"/></net>

<net id="384"><net_src comp="30" pin="0"/><net_sink comp="361" pin=3"/></net>

<net id="385"><net_src comp="32" pin="0"/><net_sink comp="361" pin=4"/></net>

<net id="386"><net_src comp="34" pin="0"/><net_sink comp="361" pin=5"/></net>

<net id="387"><net_src comp="36" pin="0"/><net_sink comp="361" pin=6"/></net>

<net id="388"><net_src comp="38" pin="0"/><net_sink comp="361" pin=7"/></net>

<net id="389"><net_src comp="40" pin="0"/><net_sink comp="361" pin=8"/></net>

<net id="390"><net_src comp="42" pin="0"/><net_sink comp="361" pin=9"/></net>

<net id="391"><net_src comp="44" pin="0"/><net_sink comp="361" pin=10"/></net>

<net id="392"><net_src comp="46" pin="0"/><net_sink comp="361" pin=11"/></net>

<net id="393"><net_src comp="48" pin="0"/><net_sink comp="361" pin=12"/></net>

<net id="394"><net_src comp="50" pin="0"/><net_sink comp="361" pin=13"/></net>

<net id="395"><net_src comp="52" pin="0"/><net_sink comp="361" pin=14"/></net>

<net id="396"><net_src comp="54" pin="0"/><net_sink comp="361" pin=15"/></net>

<net id="397"><net_src comp="56" pin="0"/><net_sink comp="361" pin=16"/></net>

<net id="398"><net_src comp="58" pin="0"/><net_sink comp="361" pin=17"/></net>

<net id="399"><net_src comp="60" pin="0"/><net_sink comp="361" pin=18"/></net>

<net id="413"><net_src comp="98" pin="0"/><net_sink comp="400" pin=0"/></net>

<net id="414"><net_src comp="0" pin="0"/><net_sink comp="400" pin=1"/></net>

<net id="458"><net_src comp="208" pin="0"/><net_sink comp="415" pin=0"/></net>

<net id="459"><net_src comp="324" pin="1"/><net_sink comp="415" pin=17"/></net>

<net id="460"><net_src comp="62" pin="0"/><net_sink comp="415" pin=24"/></net>

<net id="461"><net_src comp="24" pin="0"/><net_sink comp="415" pin=25"/></net>

<net id="462"><net_src comp="64" pin="0"/><net_sink comp="415" pin=26"/></net>

<net id="463"><net_src comp="66" pin="0"/><net_sink comp="415" pin=27"/></net>

<net id="464"><net_src comp="68" pin="0"/><net_sink comp="415" pin=28"/></net>

<net id="465"><net_src comp="70" pin="0"/><net_sink comp="415" pin=29"/></net>

<net id="466"><net_src comp="72" pin="0"/><net_sink comp="415" pin=30"/></net>

<net id="467"><net_src comp="74" pin="0"/><net_sink comp="415" pin=31"/></net>

<net id="468"><net_src comp="76" pin="0"/><net_sink comp="415" pin=32"/></net>

<net id="469"><net_src comp="20" pin="0"/><net_sink comp="415" pin=33"/></net>

<net id="470"><net_src comp="18" pin="0"/><net_sink comp="415" pin=34"/></net>

<net id="471"><net_src comp="12" pin="0"/><net_sink comp="415" pin=35"/></net>

<net id="472"><net_src comp="14" pin="0"/><net_sink comp="415" pin=36"/></net>

<net id="473"><net_src comp="16" pin="0"/><net_sink comp="415" pin=37"/></net>

<net id="474"><net_src comp="22" pin="0"/><net_sink comp="415" pin=38"/></net>

<net id="475"><net_src comp="26" pin="0"/><net_sink comp="415" pin=39"/></net>

<net id="476"><net_src comp="28" pin="0"/><net_sink comp="415" pin=40"/></net>

<net id="481"><net_src comp="6" pin="0"/><net_sink comp="477" pin=0"/></net>

<net id="482"><net_src comp="254" pin="2"/><net_sink comp="477" pin=1"/></net>

<net id="483"><net_src comp="477" pin="2"/><net_sink comp="278" pin=1"/></net>

<net id="488"><net_src comp="88" pin="0"/><net_sink comp="484" pin=0"/></net>

<net id="493"><net_src comp="6" pin="0"/><net_sink comp="489" pin=0"/></net>

<net id="494"><net_src comp="260" pin="2"/><net_sink comp="489" pin=1"/></net>

<net id="495"><net_src comp="489" pin="2"/><net_sink comp="278" pin=1"/></net>

<net id="500"><net_src comp="0" pin="0"/><net_sink comp="496" pin=0"/></net>

<net id="501"><net_src comp="266" pin="2"/><net_sink comp="496" pin=1"/></net>

<net id="502"><net_src comp="496" pin="2"/><net_sink comp="286" pin=1"/></net>

<net id="507"><net_src comp="0" pin="0"/><net_sink comp="503" pin=0"/></net>

<net id="508"><net_src comp="272" pin="2"/><net_sink comp="503" pin=1"/></net>

<net id="509"><net_src comp="503" pin="2"/><net_sink comp="293" pin=1"/></net>

<net id="513"><net_src comp="30" pin="0"/><net_sink comp="510" pin=0"/></net>

<net id="517"><net_src comp="32" pin="0"/><net_sink comp="514" pin=0"/></net>

<net id="521"><net_src comp="34" pin="0"/><net_sink comp="518" pin=0"/></net>

<net id="525"><net_src comp="36" pin="0"/><net_sink comp="522" pin=0"/></net>

<net id="529"><net_src comp="38" pin="0"/><net_sink comp="526" pin=0"/></net>

<net id="533"><net_src comp="40" pin="0"/><net_sink comp="530" pin=0"/></net>

<net id="537"><net_src comp="42" pin="0"/><net_sink comp="534" pin=0"/></net>

<net id="541"><net_src comp="44" pin="0"/><net_sink comp="538" pin=0"/></net>

<net id="545"><net_src comp="46" pin="0"/><net_sink comp="542" pin=0"/></net>

<net id="549"><net_src comp="48" pin="0"/><net_sink comp="546" pin=0"/></net>

<net id="553"><net_src comp="50" pin="0"/><net_sink comp="550" pin=0"/></net>

<net id="557"><net_src comp="52" pin="0"/><net_sink comp="554" pin=0"/></net>

<net id="561"><net_src comp="54" pin="0"/><net_sink comp="558" pin=0"/></net>

<net id="565"><net_src comp="56" pin="0"/><net_sink comp="562" pin=0"/></net>

<net id="569"><net_src comp="58" pin="0"/><net_sink comp="566" pin=0"/></net>

<net id="573"><net_src comp="60" pin="0"/><net_sink comp="570" pin=0"/></net>

<net id="581"><net_src comp="574" pin="1"/><net_sink comp="577" pin=0"/></net>

<net id="582"><net_src comp="142" pin="0"/><net_sink comp="577" pin=1"/></net>

<net id="587"><net_src comp="574" pin="1"/><net_sink comp="583" pin=0"/></net>

<net id="588"><net_src comp="144" pin="0"/><net_sink comp="583" pin=1"/></net>

<net id="592"><net_src comp="574" pin="1"/><net_sink comp="589" pin=0"/></net>

<net id="598"><net_src comp="152" pin="0"/><net_sink comp="593" pin=0"/></net>

<net id="599"><net_src comp="589" pin="1"/><net_sink comp="593" pin=1"/></net>

<net id="600"><net_src comp="154" pin="0"/><net_sink comp="593" pin=2"/></net>

<net id="638"><net_src comp="156" pin="0"/><net_sink comp="601" pin=0"/></net>

<net id="639"><net_src comp="158" pin="0"/><net_sink comp="601" pin=1"/></net>

<net id="640"><net_src comp="160" pin="0"/><net_sink comp="601" pin=3"/></net>

<net id="641"><net_src comp="162" pin="0"/><net_sink comp="601" pin=5"/></net>

<net id="642"><net_src comp="164" pin="0"/><net_sink comp="601" pin=7"/></net>

<net id="643"><net_src comp="166" pin="0"/><net_sink comp="601" pin=9"/></net>

<net id="644"><net_src comp="168" pin="0"/><net_sink comp="601" pin=11"/></net>

<net id="645"><net_src comp="170" pin="0"/><net_sink comp="601" pin=13"/></net>

<net id="646"><net_src comp="172" pin="0"/><net_sink comp="601" pin=15"/></net>

<net id="647"><net_src comp="174" pin="0"/><net_sink comp="601" pin=17"/></net>

<net id="648"><net_src comp="176" pin="0"/><net_sink comp="601" pin=19"/></net>

<net id="649"><net_src comp="178" pin="0"/><net_sink comp="601" pin=21"/></net>

<net id="650"><net_src comp="180" pin="0"/><net_sink comp="601" pin=23"/></net>

<net id="651"><net_src comp="182" pin="0"/><net_sink comp="601" pin=25"/></net>

<net id="652"><net_src comp="184" pin="0"/><net_sink comp="601" pin=27"/></net>

<net id="653"><net_src comp="186" pin="0"/><net_sink comp="601" pin=29"/></net>

<net id="654"><net_src comp="188" pin="0"/><net_sink comp="601" pin=31"/></net>

<net id="655"><net_src comp="190" pin="0"/><net_sink comp="601" pin=33"/></net>

<net id="656"><net_src comp="589" pin="1"/><net_sink comp="601" pin=34"/></net>

<net id="661"><net_src comp="317" pin="4"/><net_sink comp="657" pin=0"/></net>

<net id="662"><net_src comp="186" pin="0"/><net_sink comp="657" pin=1"/></net>

<net id="667"><net_src comp="317" pin="4"/><net_sink comp="663" pin=0"/></net>

<net id="668"><net_src comp="160" pin="0"/><net_sink comp="663" pin=1"/></net>

<net id="674"><net_src comp="196" pin="0"/><net_sink comp="669" pin=0"/></net>

<net id="675"><net_src comp="317" pin="4"/><net_sink comp="669" pin=1"/></net>

<net id="676"><net_src comp="158" pin="0"/><net_sink comp="669" pin=2"/></net>

<net id="682"><net_src comp="198" pin="0"/><net_sink comp="677" pin=0"/></net>

<net id="683"><net_src comp="317" pin="4"/><net_sink comp="677" pin=1"/></net>

<net id="684"><net_src comp="136" pin="0"/><net_sink comp="677" pin=2"/></net>

<net id="688"><net_src comp="677" pin="3"/><net_sink comp="685" pin=0"/></net>

<net id="693"><net_src comp="669" pin="3"/><net_sink comp="689" pin=0"/></net>

<net id="694"><net_src comp="685" pin="1"/><net_sink comp="689" pin=1"/></net>

<net id="698"><net_src comp="317" pin="4"/><net_sink comp="695" pin=0"/></net>

<net id="704"><net_src comp="200" pin="0"/><net_sink comp="699" pin=0"/></net>

<net id="705"><net_src comp="695" pin="1"/><net_sink comp="699" pin=1"/></net>

<net id="706"><net_src comp="136" pin="0"/><net_sink comp="699" pin=2"/></net>

<net id="711"><net_src comp="154" pin="0"/><net_sink comp="707" pin=0"/></net>

<net id="712"><net_src comp="699" pin="3"/><net_sink comp="707" pin=1"/></net>

<net id="716"><net_src comp="317" pin="4"/><net_sink comp="713" pin=0"/></net>

<net id="721"><net_src comp="713" pin="1"/><net_sink comp="717" pin=0"/></net>

<net id="722"><net_src comp="202" pin="0"/><net_sink comp="717" pin=1"/></net>

<net id="727"><net_src comp="717" pin="2"/><net_sink comp="723" pin=0"/></net>

<net id="728"><net_src comp="204" pin="0"/><net_sink comp="723" pin=1"/></net>

<net id="733"><net_src comp="663" pin="2"/><net_sink comp="729" pin=0"/></net>

<net id="734"><net_src comp="186" pin="0"/><net_sink comp="729" pin=1"/></net>

<net id="743"><net_src comp="328" pin="4"/><net_sink comp="739" pin=0"/></net>

<net id="744"><net_src comp="186" pin="0"/><net_sink comp="739" pin=1"/></net>

<net id="749"><net_src comp="328" pin="4"/><net_sink comp="745" pin=0"/></net>

<net id="750"><net_src comp="160" pin="0"/><net_sink comp="745" pin=1"/></net>

<net id="754"><net_src comp="328" pin="4"/><net_sink comp="751" pin=0"/></net>

<net id="759"><net_src comp="206" pin="0"/><net_sink comp="755" pin=0"/></net>

<net id="760"><net_src comp="62" pin="0"/><net_sink comp="755" pin=1"/></net>

<net id="765"><net_src comp="206" pin="0"/><net_sink comp="761" pin=0"/></net>

<net id="766"><net_src comp="64" pin="0"/><net_sink comp="761" pin=1"/></net>

<net id="771"><net_src comp="206" pin="0"/><net_sink comp="767" pin=0"/></net>

<net id="772"><net_src comp="66" pin="0"/><net_sink comp="767" pin=1"/></net>

<net id="777"><net_src comp="206" pin="0"/><net_sink comp="773" pin=0"/></net>

<net id="778"><net_src comp="68" pin="0"/><net_sink comp="773" pin=1"/></net>

<net id="783"><net_src comp="206" pin="0"/><net_sink comp="779" pin=0"/></net>

<net id="784"><net_src comp="70" pin="0"/><net_sink comp="779" pin=1"/></net>

<net id="789"><net_src comp="206" pin="0"/><net_sink comp="785" pin=0"/></net>

<net id="790"><net_src comp="72" pin="0"/><net_sink comp="785" pin=1"/></net>

<net id="795"><net_src comp="206" pin="0"/><net_sink comp="791" pin=0"/></net>

<net id="796"><net_src comp="74" pin="0"/><net_sink comp="791" pin=1"/></net>

<net id="801"><net_src comp="206" pin="0"/><net_sink comp="797" pin=0"/></net>

<net id="802"><net_src comp="76" pin="0"/><net_sink comp="797" pin=1"/></net>

<net id="807"><net_src comp="751" pin="1"/><net_sink comp="803" pin=0"/></net>

<net id="808"><net_src comp="202" pin="0"/><net_sink comp="803" pin=1"/></net>

<net id="812"><net_src comp="324" pin="1"/><net_sink comp="809" pin=0"/></net>

<net id="813"><net_src comp="809" pin="1"/><net_sink comp="415" pin=21"/></net>

<net id="818"><net_src comp="204" pin="0"/><net_sink comp="814" pin=1"/></net>

<net id="823"><net_src comp="814" pin="2"/><net_sink comp="819" pin=0"/></net>

<net id="824"><net_src comp="819" pin="2"/><net_sink comp="415" pin=22"/></net>

<net id="829"><net_src comp="186" pin="0"/><net_sink comp="825" pin=1"/></net>

<net id="834"><net_src comp="825" pin="2"/><net_sink comp="830" pin=0"/></net>

<net id="835"><net_src comp="830" pin="2"/><net_sink comp="415" pin=18"/></net>

<net id="840"><net_src comp="814" pin="2"/><net_sink comp="836" pin=0"/></net>

<net id="841"><net_src comp="836" pin="2"/><net_sink comp="415" pin=16"/></net>

<net id="846"><net_src comp="825" pin="2"/><net_sink comp="842" pin=0"/></net>

<net id="847"><net_src comp="842" pin="2"/><net_sink comp="415" pin=5"/></net>

<net id="851"><net_src comp="62" pin="0"/><net_sink comp="848" pin=0"/></net>

<net id="855"><net_src comp="66" pin="0"/><net_sink comp="852" pin=0"/></net>

<net id="859"><net_src comp="68" pin="0"/><net_sink comp="856" pin=0"/></net>

<net id="863"><net_src comp="76" pin="0"/><net_sink comp="860" pin=0"/></net>

<net id="868"><net_src comp="848" pin="1"/><net_sink comp="864" pin=0"/></net>

<net id="869"><net_src comp="856" pin="1"/><net_sink comp="864" pin=1"/></net>

<net id="874"><net_src comp="860" pin="1"/><net_sink comp="870" pin=0"/></net>

<net id="879"><net_src comp="870" pin="2"/><net_sink comp="875" pin=0"/></net>

<net id="880"><net_src comp="852" pin="1"/><net_sink comp="875" pin=1"/></net>

<net id="885"><net_src comp="875" pin="2"/><net_sink comp="881" pin=0"/></net>

<net id="886"><net_src comp="864" pin="2"/><net_sink comp="881" pin=1"/></net>

<net id="890"><net_src comp="64" pin="0"/><net_sink comp="887" pin=0"/></net>

<net id="894"><net_src comp="70" pin="0"/><net_sink comp="891" pin=0"/></net>

<net id="898"><net_src comp="72" pin="0"/><net_sink comp="895" pin=0"/></net>

<net id="902"><net_src comp="74" pin="0"/><net_sink comp="899" pin=0"/></net>

<net id="907"><net_src comp="899" pin="1"/><net_sink comp="903" pin=0"/></net>

<net id="908"><net_src comp="895" pin="1"/><net_sink comp="903" pin=1"/></net>

<net id="913"><net_src comp="891" pin="1"/><net_sink comp="909" pin=0"/></net>

<net id="914"><net_src comp="887" pin="1"/><net_sink comp="909" pin=1"/></net>

<net id="919"><net_src comp="909" pin="2"/><net_sink comp="915" pin=0"/></net>

<net id="920"><net_src comp="903" pin="2"/><net_sink comp="915" pin=1"/></net>

<net id="925"><net_src comp="915" pin="2"/><net_sink comp="921" pin=1"/></net>

<net id="929"><net_src comp="921" pin="2"/><net_sink comp="926" pin=0"/></net>

<net id="934"><net_src comp="921" pin="2"/><net_sink comp="930" pin=0"/></net>

<net id="935"><net_src comp="206" pin="0"/><net_sink comp="930" pin=1"/></net>

<net id="941"><net_src comp="930" pin="2"/><net_sink comp="936" pin=0"/></net>

<net id="942"><net_src comp="926" pin="1"/><net_sink comp="936" pin=1"/></net>

<net id="943"><net_src comp="210" pin="0"/><net_sink comp="936" pin=2"/></net>

<net id="947"><net_src comp="944" pin="1"/><net_sink comp="300" pin=2"/></net>

<net id="951"><net_src comp="218" pin="1"/><net_sink comp="948" pin=0"/></net>

<net id="952"><net_src comp="948" pin="1"/><net_sink comp="484" pin=1"/></net>

<net id="953"><net_src comp="948" pin="1"/><net_sink comp="574" pin=0"/></net>

<net id="954"><net_src comp="948" pin="1"/><net_sink comp="735" pin=1"/></net>

<net id="958"><net_src comp="254" pin="2"/><net_sink comp="955" pin=0"/></net>

<net id="959"><net_src comp="955" pin="1"/><net_sink comp="336" pin=2"/></net>

<net id="963"><net_src comp="477" pin="2"/><net_sink comp="960" pin=0"/></net>

<net id="964"><net_src comp="960" pin="1"/><net_sink comp="278" pin=1"/></net>

<net id="968"><net_src comp="260" pin="2"/><net_sink comp="965" pin=0"/></net>

<net id="969"><net_src comp="965" pin="1"/><net_sink comp="361" pin=2"/></net>

<net id="973"><net_src comp="489" pin="2"/><net_sink comp="970" pin=0"/></net>

<net id="974"><net_src comp="970" pin="1"/><net_sink comp="278" pin=1"/></net>

<net id="978"><net_src comp="266" pin="2"/><net_sink comp="975" pin=0"/></net>

<net id="979"><net_src comp="975" pin="1"/><net_sink comp="400" pin=2"/></net>

<net id="983"><net_src comp="496" pin="2"/><net_sink comp="980" pin=0"/></net>

<net id="984"><net_src comp="980" pin="1"/><net_sink comp="286" pin=1"/></net>

<net id="988"><net_src comp="503" pin="2"/><net_sink comp="985" pin=0"/></net>

<net id="989"><net_src comp="985" pin="1"/><net_sink comp="300" pin=1"/></net>

<net id="990"><net_src comp="985" pin="1"/><net_sink comp="308" pin=1"/></net>

<net id="1045"><net_src comp="583" pin="2"/><net_sink comp="1042" pin=0"/></net>

<net id="1046"><net_src comp="1042" pin="1"/><net_sink comp="735" pin=0"/></net>

<net id="1050"><net_src comp="593" pin="3"/><net_sink comp="1047" pin=0"/></net>

<net id="1051"><net_src comp="1047" pin="1"/><net_sink comp="415" pin=19"/></net>

<net id="1055"><net_src comp="601" pin="35"/><net_sink comp="1052" pin=0"/></net>

<net id="1056"><net_src comp="1052" pin="1"/><net_sink comp="870" pin=1"/></net>

<net id="1063"><net_src comp="663" pin="2"/><net_sink comp="1060" pin=0"/></net>

<net id="1064"><net_src comp="1060" pin="1"/><net_sink comp="317" pin=2"/></net>

<net id="1065"><net_src comp="1060" pin="1"/><net_sink comp="415" pin=4"/></net>

<net id="1069"><net_src comp="689" pin="2"/><net_sink comp="1066" pin=0"/></net>

<net id="1070"><net_src comp="1066" pin="1"/><net_sink comp="415" pin=15"/></net>

<net id="1074"><net_src comp="707" pin="2"/><net_sink comp="1071" pin=0"/></net>

<net id="1075"><net_src comp="1071" pin="1"/><net_sink comp="415" pin=20"/></net>

<net id="1079"><net_src comp="717" pin="2"/><net_sink comp="1076" pin=0"/></net>

<net id="1080"><net_src comp="1076" pin="1"/><net_sink comp="415" pin=1"/></net>

<net id="1084"><net_src comp="723" pin="2"/><net_sink comp="1081" pin=0"/></net>

<net id="1085"><net_src comp="1081" pin="1"/><net_sink comp="819" pin=1"/></net>

<net id="1086"><net_src comp="1081" pin="1"/><net_sink comp="830" pin=1"/></net>

<net id="1090"><net_src comp="729" pin="2"/><net_sink comp="1087" pin=0"/></net>

<net id="1091"><net_src comp="1087" pin="1"/><net_sink comp="836" pin=1"/></net>

<net id="1092"><net_src comp="1087" pin="1"/><net_sink comp="842" pin=1"/></net>

<net id="1099"><net_src comp="745" pin="2"/><net_sink comp="1096" pin=0"/></net>

<net id="1100"><net_src comp="1096" pin="1"/><net_sink comp="328" pin=2"/></net>

<net id="1101"><net_src comp="1096" pin="1"/><net_sink comp="825" pin=0"/></net>

<net id="1102"><net_src comp="1096" pin="1"/><net_sink comp="415" pin=3"/></net>

<net id="1103"><net_src comp="1096" pin="1"/><net_sink comp="415" pin=23"/></net>

<net id="1107"><net_src comp="803" pin="2"/><net_sink comp="1104" pin=0"/></net>

<net id="1108"><net_src comp="1104" pin="1"/><net_sink comp="814" pin=0"/></net>

<net id="1109"><net_src comp="1104" pin="1"/><net_sink comp="415" pin=2"/></net>

<net id="1110"><net_src comp="1104" pin="1"/><net_sink comp="415" pin=6"/></net>

<net id="1114"><net_src comp="809" pin="1"/><net_sink comp="1111" pin=0"/></net>

<net id="1115"><net_src comp="1111" pin="1"/><net_sink comp="415" pin=21"/></net>

<net id="1119"><net_src comp="819" pin="2"/><net_sink comp="1116" pin=0"/></net>

<net id="1120"><net_src comp="1116" pin="1"/><net_sink comp="415" pin=22"/></net>

<net id="1124"><net_src comp="830" pin="2"/><net_sink comp="1121" pin=0"/></net>

<net id="1125"><net_src comp="1121" pin="1"/><net_sink comp="415" pin=18"/></net>

<net id="1129"><net_src comp="836" pin="2"/><net_sink comp="1126" pin=0"/></net>

<net id="1130"><net_src comp="1126" pin="1"/><net_sink comp="415" pin=16"/></net>

<net id="1134"><net_src comp="842" pin="2"/><net_sink comp="1131" pin=0"/></net>

<net id="1135"><net_src comp="1131" pin="1"/><net_sink comp="415" pin=5"/></net>

<net id="1139"><net_src comp="881" pin="2"/><net_sink comp="1136" pin=0"/></net>

<net id="1140"><net_src comp="1136" pin="1"/><net_sink comp="921" pin=0"/></net>

<net id="1144"><net_src comp="936" pin="3"/><net_sink comp="1141" pin=0"/></net>

<net id="1145"><net_src comp="1141" pin="1"/><net_sink comp="944" pin=0"/></net>

</net_list>

</model> 
---------------- Datapath Model END ------------------

* FSMD analyzer results:
  - Output states:
	Port: gmem0 | {31 39 40 41 42 43 44 }
	Port: gmem1 | {}
	Port: conv2_ap_fixed_ap_fixed_ap_fixed_ap_fixed_8_5_5_3_0_local_weight_8 | {9 10 }
	Port: conv2_ap_fixed_ap_fixed_ap_fixed_ap_fixed_8_5_5_3_0_local_weight_7 | {9 10 }
	Port: conv2_ap_fixed_ap_fixed_ap_fixed_ap_fixed_8_5_5_3_0_local_weight_6 | {9 10 }
	Port: conv2_ap_fixed_ap_fixed_ap_fixed_ap_fixed_8_5_5_3_0_local_weight_5 | {9 10 }
	Port: conv2_ap_fixed_ap_fixed_ap_fixed_ap_fixed_8_5_5_3_0_local_weight_4 | {9 10 }
	Port: conv2_ap_fixed_ap_fixed_ap_fixed_ap_fixed_8_5_5_3_0_local_weight_3 | {9 10 }
	Port: conv2_ap_fixed_ap_fixed_ap_fixed_ap_fixed_8_5_5_3_0_local_weight_2 | {9 10 }
	Port: conv2_ap_fixed_ap_fixed_ap_fixed_ap_fixed_8_5_5_3_0_local_weight_1 | {9 10 }
	Port: conv2_ap_fixed_ap_fixed_ap_fixed_ap_fixed_8_5_5_3_0_local_weight | {9 10 }
	Port: conv2_ap_fixed_ap_fixed_ap_fixed_ap_fixed_8_5_5_3_0_local_bias_9 | {19 20 }
	Port: conv2_ap_fixed_ap_fixed_ap_fixed_ap_fixed_8_5_5_3_0_local_bias_8 | {19 20 }
	Port: conv2_ap_fixed_ap_fixed_ap_fixed_ap_fixed_8_5_5_3_0_local_bias_7 | {19 20 }
	Port: conv2_ap_fixed_ap_fixed_ap_fixed_ap_fixed_8_5_5_3_0_local_bias_6 | {19 20 }
	Port: conv2_ap_fixed_ap_fixed_ap_fixed_ap_fixed_8_5_5_3_0_local_bias_5 | {19 20 }
	Port: conv2_ap_fixed_ap_fixed_ap_fixed_ap_fixed_8_5_5_3_0_local_bias_4 | {19 20 }
	Port: conv2_ap_fixed_ap_fixed_ap_fixed_ap_fixed_8_5_5_3_0_local_bias_3 | {19 20 }
	Port: conv2_ap_fixed_ap_fixed_ap_fixed_ap_fixed_8_5_5_3_0_local_bias_2 | {19 20 }
	Port: conv2_ap_fixed_ap_fixed_ap_fixed_ap_fixed_8_5_5_3_0_local_bias_1 | {19 20 }
	Port: conv2_ap_fixed_ap_fixed_ap_fixed_ap_fixed_8_5_5_3_0_local_bias | {19 20 }
	Port: conv2_mulap_fixed_8_5_ap_q_mode_5_ap_o_mode_3_0_ap_fixed_8_5_ap_q_mode_5_ap_o_mode_3_0_ap_fixed_8_5_ap_q_mode_5_ap_o_mode_3_0_ap_fixed_8_5_ap_q_mode_5_ap_o_mode_3_0_local_bia | {19 20 }
	Port: conv2_mulap_fixed_8_5_ap_q_mode_5_ap_o_mode_3_0_ap_fixed_8_5_ap_q_mode_5_ap_o_mode_3_0_ap_fixed_8_5_ap_q_mode_5_ap_o_mode_3_0_ap_fixed_8_5_ap_q_mode_5_ap_o_mode_3_0_local_bia_0 | {19 20 }
	Port: conv2_mulap_fixed_8_5_ap_q_mode_5_ap_o_mode_3_0_ap_fixed_8_5_ap_q_mode_5_ap_o_mode_3_0_ap_fixed_8_5_ap_q_mode_5_ap_o_mode_3_0_ap_fixed_8_5_ap_q_mode_5_ap_o_mode_3_0_local_bia_1 | {19 20 }
	Port: conv2_mulap_fixed_8_5_ap_q_mode_5_ap_o_mode_3_0_ap_fixed_8_5_ap_q_mode_5_ap_o_mode_3_0_ap_fixed_8_5_ap_q_mode_5_ap_o_mode_3_0_ap_fixed_8_5_ap_q_mode_5_ap_o_mode_3_0_local_bia_2 | {19 20 }
	Port: conv2_mulap_fixed_8_5_ap_q_mode_5_ap_o_mode_3_0_ap_fixed_8_5_ap_q_mode_5_ap_o_mode_3_0_ap_fixed_8_5_ap_q_mode_5_ap_o_mode_3_0_ap_fixed_8_5_ap_q_mode_5_ap_o_mode_3_0_local_bia_3 | {19 20 }
	Port: p_ZZ5conv2P8ap_fixedILi8ELi5EL9ap_q_mode5EL9ap_o_mode3ELi0EES3_S3_S3_E10local_bia | {19 20 }
	Port: conv2_ap_fixed_ap_fixed_ap_fixed_ap_fixed_8_5_5_3_0_partial_sums_7 | {34 35 36 }
	Port: conv2_ap_fixed_ap_fixed_ap_fixed_ap_fixed_8_5_5_3_0_partial_sums_6 | {34 35 36 }
	Port: conv2_ap_fixed_ap_fixed_ap_fixed_ap_fixed_8_5_5_3_0_partial_sums_5 | {34 35 36 }
	Port: conv2_ap_fixed_ap_fixed_ap_fixed_ap_fixed_8_5_5_3_0_partial_sums_4 | {34 35 36 }
	Port: conv2_ap_fixed_ap_fixed_ap_fixed_ap_fixed_8_5_5_3_0_partial_sums_3 | {34 35 36 }
	Port: conv2_ap_fixed_ap_fixed_ap_fixed_ap_fixed_8_5_5_3_0_partial_sums_2 | {34 35 36 }
	Port: conv2_ap_fixed_ap_fixed_ap_fixed_ap_fixed_8_5_5_3_0_partial_sums_1 | {34 35 36 }
	Port: conv2_ap_fixed_ap_fixed_ap_fixed_ap_fixed_8_5_5_3_0_partial_sums | {34 35 36 }
 - Input state : 
	Port: conv2 : gmem0 | {21 22 23 24 25 26 27 28 29 30 }
	Port: conv2 : input_r | {21 }
	Port: conv2 : outputConv | {31 }
	Port: conv2 : gmem1 | {1 2 3 4 5 6 7 8 9 10 11 12 13 14 15 16 17 18 19 20 }
	Port: conv2 : weight | {1 }
	Port: conv2 : bias | {11 }
	Port: conv2 : conv2_ap_fixed_ap_fixed_ap_fixed_ap_fixed_8_5_5_3_0_local_weight_8 | {35 36 }
	Port: conv2 : conv2_ap_fixed_ap_fixed_ap_fixed_ap_fixed_8_5_5_3_0_local_weight_7 | {35 36 }
	Port: conv2 : conv2_ap_fixed_ap_fixed_ap_fixed_ap_fixed_8_5_5_3_0_local_weight_6 | {35 36 }
	Port: conv2 : conv2_ap_fixed_ap_fixed_ap_fixed_ap_fixed_8_5_5_3_0_local_weight_5 | {35 36 }
	Port: conv2 : conv2_ap_fixed_ap_fixed_ap_fixed_ap_fixed_8_5_5_3_0_local_weight_4 | {35 36 }
	Port: conv2 : conv2_ap_fixed_ap_fixed_ap_fixed_ap_fixed_8_5_5_3_0_local_weight_3 | {35 36 }
	Port: conv2 : conv2_ap_fixed_ap_fixed_ap_fixed_ap_fixed_8_5_5_3_0_local_weight_2 | {35 36 }
	Port: conv2 : conv2_ap_fixed_ap_fixed_ap_fixed_ap_fixed_8_5_5_3_0_local_weight_1 | {35 36 }
	Port: conv2 : conv2_ap_fixed_ap_fixed_ap_fixed_ap_fixed_8_5_5_3_0_local_weight | {35 36 }
	Port: conv2 : conv2_ap_fixed_ap_fixed_ap_fixed_ap_fixed_8_5_5_3_0_local_bias_9 | {31 }
	Port: conv2 : conv2_ap_fixed_ap_fixed_ap_fixed_ap_fixed_8_5_5_3_0_local_bias_8 | {31 }
	Port: conv2 : conv2_ap_fixed_ap_fixed_ap_fixed_ap_fixed_8_5_5_3_0_local_bias_7 | {31 }
	Port: conv2 : conv2_ap_fixed_ap_fixed_ap_fixed_ap_fixed_8_5_5_3_0_local_bias_6 | {31 }
	Port: conv2 : conv2_ap_fixed_ap_fixed_ap_fixed_ap_fixed_8_5_5_3_0_local_bias_5 | {31 }
	Port: conv2 : conv2_ap_fixed_ap_fixed_ap_fixed_ap_fixed_8_5_5_3_0_local_bias_4 | {31 }
	Port: conv2 : conv2_ap_fixed_ap_fixed_ap_fixed_ap_fixed_8_5_5_3_0_local_bias_3 | {31 }
	Port: conv2 : conv2_ap_fixed_ap_fixed_ap_fixed_ap_fixed_8_5_5_3_0_local_bias_2 | {31 }
	Port: conv2 : conv2_ap_fixed_ap_fixed_ap_fixed_ap_fixed_8_5_5_3_0_local_bias_1 | {31 }
	Port: conv2 : conv2_ap_fixed_ap_fixed_ap_fixed_ap_fixed_8_5_5_3_0_local_bias | {31 }
	Port: conv2 : conv2_mulap_fixed_8_5_ap_q_mode_5_ap_o_mode_3_0_ap_fixed_8_5_ap_q_mode_5_ap_o_mode_3_0_ap_fixed_8_5_ap_q_mode_5_ap_o_mode_3_0_ap_fixed_8_5_ap_q_mode_5_ap_o_mode_3_0_local_bia | {31 }
	Port: conv2 : conv2_mulap_fixed_8_5_ap_q_mode_5_ap_o_mode_3_0_ap_fixed_8_5_ap_q_mode_5_ap_o_mode_3_0_ap_fixed_8_5_ap_q_mode_5_ap_o_mode_3_0_ap_fixed_8_5_ap_q_mode_5_ap_o_mode_3_0_local_bia_0 | {31 }
	Port: conv2 : conv2_mulap_fixed_8_5_ap_q_mode_5_ap_o_mode_3_0_ap_fixed_8_5_ap_q_mode_5_ap_o_mode_3_0_ap_fixed_8_5_ap_q_mode_5_ap_o_mode_3_0_ap_fixed_8_5_ap_q_mode_5_ap_o_mode_3_0_local_bia_1 | {31 }
	Port: conv2 : conv2_mulap_fixed_8_5_ap_q_mode_5_ap_o_mode_3_0_ap_fixed_8_5_ap_q_mode_5_ap_o_mode_3_0_ap_fixed_8_5_ap_q_mode_5_ap_o_mode_3_0_ap_fixed_8_5_ap_q_mode_5_ap_o_mode_3_0_local_bia_2 | {31 }
	Port: conv2 : conv2_mulap_fixed_8_5_ap_q_mode_5_ap_o_mode_3_0_ap_fixed_8_5_ap_q_mode_5_ap_o_mode_3_0_ap_fixed_8_5_ap_q_mode_5_ap_o_mode_3_0_ap_fixed_8_5_ap_q_mode_5_ap_o_mode_3_0_local_bia_3 | {31 }
	Port: conv2 : p_ZZ5conv2P8ap_fixedILi8ELi5EL9ap_q_mode5EL9ap_o_mode3ELi0EES3_S3_S3_E10local_bia | {31 }
	Port: conv2 : conv2_ap_fixed_ap_fixed_ap_fixed_ap_fixed_8_5_5_3_0_partial_sums_7 | {35 36 37 }
	Port: conv2 : conv2_ap_fixed_ap_fixed_ap_fixed_ap_fixed_8_5_5_3_0_partial_sums_6 | {35 36 38 }
	Port: conv2 : conv2_ap_fixed_ap_fixed_ap_fixed_ap_fixed_8_5_5_3_0_partial_sums_5 | {35 36 37 }
	Port: conv2 : conv2_ap_fixed_ap_fixed_ap_fixed_ap_fixed_8_5_5_3_0_partial_sums_4 | {35 36 37 }
	Port: conv2 : conv2_ap_fixed_ap_fixed_ap_fixed_ap_fixed_8_5_5_3_0_partial_sums_3 | {35 36 38 }
	Port: conv2 : conv2_ap_fixed_ap_fixed_ap_fixed_ap_fixed_8_5_5_3_0_partial_sums_2 | {35 36 38 }
	Port: conv2 : conv2_ap_fixed_ap_fixed_ap_fixed_ap_fixed_8_5_5_3_0_partial_sums_1 | {35 36 38 }
	Port: conv2 : conv2_ap_fixed_ap_fixed_ap_fixed_ap_fixed_8_5_5_3_0_partial_sums | {35 36 37 }
  - Chain level:
	State 1
		empty : 1
		store_ln93 : 1
	State 2
	State 3
	State 4
	State 5
	State 6
	State 7
	State 8
	State 9
	State 10
	State 11
		empty_80 : 1
	State 12
	State 13
	State 14
	State 15
	State 16
	State 17
	State 18
	State 19
	State 20
	State 21
		empty_81 : 1
	State 22
	State 23
	State 24
	State 25
	State 26
	State 27
	State 28
	State 29
	State 30
	State 31
		empty_82 : 1
	State 32
		icmp_ln93 : 1
		add_ln93 : 1
		br_ln93 : 2
		trunc_ln93 : 1
		shl_ln : 2
		sum : 2
	State 33
		icmp_ln94 : 1
		add_ln107 : 1
		br_ln94 : 2
		p_shl3 : 1
		tmp : 1
		zext_ln127 : 2
		sub_ln127 : 3
		trunc_ln107 : 1
		p_shl : 2
		sub_ln107 : 3
		zext_ln110 : 1
		add_ln110 : 2
		icmp_ln110 : 3
		icmp_ln110_1 : 2
	State 34
		icmp_ln95 : 1
		add_ln108_1 : 1
		br_ln95 : 2
		zext_ln95 : 1
		add_ln108 : 2
	State 35
		and_ln110 : 1
		and_ln110_1 : 1
		and_ln110_2 : 1
		and_ln110_3 : 1
		call_ln110 : 1
	State 36
	State 37
		add_ln124_3 : 1
		add_ln124_4 : 1
		add_ln124_5 : 2
		add_ln124_6 : 3
	State 38
		add_ln124 : 1
		add_ln124_1 : 1
		add_ln124_2 : 2
		add_ln124_7 : 3
		trunc_ln128 : 4
		icmp_ln128 : 4
		select_ln128 : 5
	State 39
		write_ln128 : 1
	State 40
	State 41
	State 42
	State 43
	State 44


============================================================
+ Verbose Summary: Datapath Resource usage 
============================================================

* Functional unit list:
|----------|----------------------------------|---------|---------|---------|---------|
| Operation|          Functional Unit         |   DSP   |  Delay  |    FF   |   LUT   |
|----------|----------------------------------|---------|---------|---------|---------|
|          | grp_conv2_Pipeline_LOAD_W_fu_336 |    0    |    0    |    66   |    89   |
|   call   | grp_conv2_Pipeline_LOAD_B_fu_361 |    0    |    0    |    17   |    26   |
|          | grp_conv2_Pipeline_LOAD_2_fu_400 |    0    |    0    |    39   |    24   |
|          |  grp_conv2_Pipeline_CI_2_fu_415  |    9    | 77.9425 |   1289  |   2165  |
|----------|----------------------------------|---------|---------|---------|---------|
|          |          add_ln93_fu_583         |    0    |    0    |    0    |    13   |
|          |         add_ln107_fu_663         |    0    |    0    |    0    |    13   |
|          |         add_ln110_fu_717         |    0    |    0    |    0    |    13   |
|          |        add_ln108_1_fu_745        |    0    |    0    |    0    |    13   |
|          |         add_ln108_fu_803         |    0    |    0    |    0    |    13   |
|          |        add_ln124_3_fu_864        |    0    |    0    |    0    |    8    |
|    add   |        add_ln124_4_fu_870        |    0    |    0    |    0    |    8    |
|          |        add_ln124_5_fu_875        |    0    |    0    |    0    |    8    |
|          |        add_ln124_6_fu_881        |    0    |    0    |    0    |    8    |
|          |         add_ln124_fu_903         |    0    |    0    |    0    |    15   |
|          |        add_ln124_1_fu_909        |    0    |    0    |    0    |    15   |
|          |        add_ln124_2_fu_915        |    0    |    0    |    0    |    8    |
|          |        add_ln124_7_fu_921        |    0    |    0    |    0    |    8    |
|----------|----------------------------------|---------|---------|---------|---------|
|          |         icmp_ln93_fu_577         |    0    |    0    |    0    |    13   |
|          |         icmp_ln94_fu_657         |    0    |    0    |    0    |    13   |
|          |         icmp_ln110_fu_723        |    0    |    0    |    0    |    13   |
|   icmp   |        icmp_ln110_1_fu_729       |    0    |    0    |    0    |    13   |
|          |         icmp_ln95_fu_739         |    0    |    0    |    0    |    13   |
|          |        icmp_ln110_2_fu_814       |    0    |    0    |    0    |    13   |
|          |        icmp_ln110_3_fu_825       |    0    |    0    |    0    |    13   |
|          |         icmp_ln128_fu_930        |    0    |    0    |    0    |    15   |
|----------|----------------------------------|---------|---------|---------|---------|
| sparsemux|            sum_fu_601            |    0    |    0    |    0    |    65   |
|----------|----------------------------------|---------|---------|---------|---------|
|    sub   |         sub_ln127_fu_689         |    0    |    0    |    0    |    15   |
|          |         sub_ln107_fu_707         |    0    |    0    |    0    |    11   |
|----------|----------------------------------|---------|---------|---------|---------|
|          |         and_ln110_fu_819         |    0    |    0    |    0    |    2    |
|    and   |        and_ln110_1_fu_830        |    0    |    0    |    0    |    2    |
|          |        and_ln110_2_fu_836        |    0    |    0    |    0    |    2    |
|          |        and_ln110_3_fu_842        |    0    |    0    |    0    |    2    |
|----------|----------------------------------|---------|---------|---------|---------|
|  select  |        select_ln128_fu_936       |    0    |    0    |    0    |    7    |
|----------|----------------------------------|---------|---------|---------|---------|
|          |      weight_read_read_fu_254     |    0    |    0    |    0    |    0    |
|   read   |       bias_read_read_fu_260      |    0    |    0    |    0    |    0    |
|          |      input_read_read_fu_266      |    0    |    0    |    0    |    0    |
|          |    outputConv_read_read_fu_272   |    0    |    0    |    0    |    0    |
|----------|----------------------------------|---------|---------|---------|---------|
|  readreq |        grp_readreq_fu_278        |    0    |    0    |    0    |    0    |
|          |        grp_readreq_fu_286        |    0    |    0    |    0    |    0    |
|----------|----------------------------------|---------|---------|---------|---------|
| writereq |     empty_82_writereq_fu_293     |    0    |    0    |    0    |    0    |
|----------|----------------------------------|---------|---------|---------|---------|
|   write  |     write_ln128_write_fu_300     |    0    |    0    |    0    |    0    |
|----------|----------------------------------|---------|---------|---------|---------|
| writeresp|       grp_writeresp_fu_308       |    0    |    0    |    0    |    0    |
|----------|----------------------------------|---------|---------|---------|---------|
|          |         trunc_ln93_fu_589        |    0    |    0    |    0    |    0    |
|   trunc  |        trunc_ln107_fu_695        |    0    |    0    |    0    |    0    |
|          |         trunc_ln95_fu_809        |    0    |    0    |    0    |    0    |
|          |        trunc_ln128_fu_926        |    0    |    0    |    0    |    0    |
|----------|----------------------------------|---------|---------|---------|---------|
|          |           shl_ln_fu_593          |    0    |    0    |    0    |    0    |
|bitconcatenate|           p_shl3_fu_669          |    0    |    0    |    0    |    0    |
|          |            tmp_fu_677            |    0    |    0    |    0    |    0    |
|          |           p_shl_fu_699           |    0    |    0    |    0    |    0    |
|----------|----------------------------------|---------|---------|---------|---------|
|          |         zext_ln127_fu_685        |    0    |    0    |    0    |    0    |
|   zext   |         zext_ln110_fu_713        |    0    |    0    |    0    |    0    |
|          |         zext_ln95_fu_751         |    0    |    0    |    0    |    0    |
|          |         zext_ln128_fu_944        |    0    |    0    |    0    |    0    |
|----------|----------------------------------|---------|---------|---------|---------|
|   Total  |                                  |    9    | 77.9425 |   1411  |   2659  |
|----------|----------------------------------|---------|---------|---------|---------|

Memories:
+------+--------+--------+--------+
|      |  BRAM  |   FF   |   LUT  |
+------+--------+--------+--------+
| temp |    1   |    0   |    0   |
|temp_1|    1   |    0   |    0   |
|temp_2|    1   |    0   |    0   |
|temp_3|    1   |    0   |    0   |
|temp_4|    1   |    0   |    0   |
|temp_5|    1   |    0   |    0   |
|temp_6|    1   |    0   |    0   |
|temp_7|    1   |    0   |    0   |
+------+--------+--------+--------+
| Total|    8   |    0   |    0   |
+------+--------+--------+--------+

* Register list:
+---------------------+--------+
|                     |   FF   |
+---------------------+--------+
|  add_ln107_reg_1060 |    4   |
| add_ln108_1_reg_1096|    4   |
|  add_ln108_reg_1104 |    5   |
|  add_ln110_reg_1076 |    5   |
| add_ln124_6_reg_1136|    8   |
|  add_ln93_reg_1042  |    5   |
| and_ln110_1_reg_1121|    1   |
| and_ln110_2_reg_1126|    1   |
| and_ln110_3_reg_1131|    1   |
|  and_ln110_reg_1116 |    1   |
|  bias_read_reg_965  |   64   |
|      co_reg_948     |    5   |
| gmem0_addr_4_reg_985|    8   |
|  gmem0_addr_reg_980 |    8   |
| gmem1_addr_2_reg_970|    8   |
|  gmem1_addr_reg_960 |    8   |
|      h_reg_313      |    4   |
|icmp_ln110_1_reg_1087|    1   |
| icmp_ln110_reg_1081 |    1   |
|  input_read_reg_975 |   64   |
|select_ln128_reg_1141|    7   |
|   shl_ln_reg_1047   |    7   |
|  sub_ln107_reg_1071 |    3   |
|  sub_ln127_reg_1066 |    8   |
|     sum_reg_1052    |    8   |
| trunc_ln95_reg_1111 |    3   |
|      w_reg_324      |    4   |
| weight_read_reg_955 |   64   |
+---------------------+--------+
|        Total        |   310  |
+---------------------+--------+

* Multiplexer (MUX) list: 
|--------------------------------|------|------|------|--------||---------||---------||---------|
|              Comp              |  Pin | Size |  BW  | S x BW ||  Delay  ||    FF   ||   LUT   |
|--------------------------------|------|------|------|--------||---------||---------||---------|
|       grp_readreq_fu_278       |  p1  |   4  |   8  |   32   ||    0    ||    20   |
|       grp_readreq_fu_278       |  p2  |   2  |  12  |   24   |
|       grp_readreq_fu_286       |  p1  |   2  |   8  |   16   ||    0    ||    9    |
|            w_reg_324           |  p0  |   2  |   4  |    8   ||    0    ||    9    |
| grp_conv2_Pipeline_CI_2_fu_415 |  p5  |   2  |   1  |    2   ||    0    ||    9    |
| grp_conv2_Pipeline_CI_2_fu_415 |  p16 |   2  |   1  |    2   ||    0    ||    9    |
| grp_conv2_Pipeline_CI_2_fu_415 |  p18 |   2  |   1  |    2   ||    0    ||    9    |
| grp_conv2_Pipeline_CI_2_fu_415 |  p21 |   2  |   3  |    6   ||    0    ||    9    |
| grp_conv2_Pipeline_CI_2_fu_415 |  p22 |   2  |   1  |    2   ||    0    ||    9    |
|--------------------------------|------|------|------|--------||---------||---------||---------|
|              Total             |      |      |      |   94   || 14.5306 ||    0    ||    83   |
|--------------------------------|------|------|------|--------||---------||---------||---------|



* Summary:
+-----------+--------+--------+--------+--------+--------+
|           |  BRAM  |   DSP  |  Delay |   FF   |   LUT  |
+-----------+--------+--------+--------+--------+--------+
|  Function |    -   |    9   |   77   |  1411  |  2659  |
|   Memory  |    8   |    -   |    -   |    0   |    0   |
|Multiplexer|    -   |    -   |   14   |    0   |   83   |
|  Register |    -   |    -   |    -   |   310  |    -   |
+-----------+--------+--------+--------+--------+--------+
|   Total   |    8   |    9   |   92   |  1721  |  2742  |
+-----------+--------+--------+--------+--------+--------+
