

================================================================
== Vitis HLS Report for 'conv2_Pipeline_CI_2'
================================================================
* Date:           Sun Mar 15 23:46:47 2026

* Version:        2025.2 (Build 6295257 on Nov 14 2025)
* Project:        top
* Solution:       hls (Vivado IP Flow Target)
* Product family: zynq
* Target device:  xc7z020-clg484-1


================================================================
== Performance Estimates
================================================================
+ Timing: 
    * Summary: 
    +--------+----------+----------+------------+
    |  Clock |  Target  | Estimated| Uncertainty|
    +--------+----------+----------+------------+
    |ap_clk  |  10.00 ns|  8.650 ns|     1.25 ns|
    +--------+----------+----------+------------+

+ Latency: 
    * Summary: 
    +---------+---------+----------+----------+-----+-----+-------------------+
    |  Latency (cycles) |  Latency (absolute) |  Interval |      Pipeline     |
    |   min   |   max   |    min   |    max   | min | max |        Type       |
    +---------+---------+----------+----------+-----+-----+-------------------+
    |       21|       21|  0.210 us|  0.210 us|    0|    0|  loop pipeline stp|
    +---------+---------+----------+----------+-----+-----+-------------------+

    + Detail: 
        * Instance: 
        N/A

        * Loop: 
        +----------+---------+---------+----------+-----------+-----------+------+----------+
        |          |  Latency (cycles) | Iteration|  Initiation Interval  | Trip |          |
        | Loop Name|   min   |   max   |  Latency |  achieved |   target  | Count| Pipelined|
        +----------+---------+---------+----------+-----------+-----------+------+----------+
        |- CI_2    |       19|       19|        13|          1|          1|     8|       yes|
        +----------+---------+---------+----------+-----------+-----------+------+----------+



================================================================
== Utilization Estimates
================================================================
* Summary: 
+-----------------+---------+-----+--------+-------+-----+
|       Name      | BRAM_18K| DSP |   FF   |  LUT  | URAM|
+-----------------+---------+-----+--------+-------+-----+
|DSP              |        -|    1|       -|      -|    -|
|Expression       |        -|    -|       0|    852|    -|
|FIFO             |        -|    -|       -|      -|    -|
|Instance         |        -|    0|       0|    978|    -|
|Memory           |        0|    -|      35|     70|    -|
|Multiplexer      |        -|    -|       0|   1237|    -|
|Register         |        -|    -|    1349|    544|    -|
+-----------------+---------+-----+--------+-------+-----+
|Total            |        0|    1|    1384|   3681|    0|
+-----------------+---------+-----+--------+-------+-----+
|Available        |      280|  220|  106400|  53200|    0|
+-----------------+---------+-----+--------+-------+-----+
|Utilization (%)  |        0|   ~0|       1|      6|    0|
+-----------------+---------+-----+--------+-------+-----+

+ Detail: 
    * Instance: 
    +---------------------------+----------------------+---------+----+---+----+-----+
    |          Instance         |        Module        | BRAM_18K| DSP| FF| LUT| URAM|
    +---------------------------+----------------------+---------+----+---+----+-----+
    |mul_4s_7ns_11_1_1_U144     |mul_4s_7ns_11_1_1     |        0|   0|  0|  33|    0|
    |mul_4s_7ns_11_1_1_U146     |mul_4s_7ns_11_1_1     |        0|   0|  0|  33|    0|
    |mul_4s_7ns_11_1_1_U148     |mul_4s_7ns_11_1_1     |        0|   0|  0|  33|    0|
    |mul_4s_7ns_11_1_1_U150     |mul_4s_7ns_11_1_1     |        0|   0|  0|  33|    0|
    |mul_4s_7ns_11_1_1_U151     |mul_4s_7ns_11_1_1     |        0|   0|  0|  33|    0|
    |mul_4s_7ns_11_1_1_U153     |mul_4s_7ns_11_1_1     |        0|   0|  0|  33|    0|
    |mul_4s_7ns_11_1_1_U155     |mul_4s_7ns_11_1_1     |        0|   0|  0|  33|    0|
    |mul_4s_7ns_11_1_1_U157     |mul_4s_7ns_11_1_1     |        0|   0|  0|  33|    0|
    |sparsemux_17_3_7_1_1_U134  |sparsemux_17_3_7_1_1  |        0|   0|  0|  42|    0|
    |sparsemux_17_3_7_1_1_U135  |sparsemux_17_3_7_1_1  |        0|   0|  0|  42|    0|
    |sparsemux_17_3_7_1_1_U136  |sparsemux_17_3_7_1_1  |        0|   0|  0|  42|    0|
    |sparsemux_17_3_7_1_1_U137  |sparsemux_17_3_7_1_1  |        0|   0|  0|  42|    0|
    |sparsemux_17_3_7_1_1_U138  |sparsemux_17_3_7_1_1  |        0|   0|  0|  42|    0|
    |sparsemux_17_3_7_1_1_U139  |sparsemux_17_3_7_1_1  |        0|   0|  0|  42|    0|
    |sparsemux_17_3_7_1_1_U140  |sparsemux_17_3_7_1_1  |        0|   0|  0|  42|    0|
    |sparsemux_17_3_7_1_1_U141  |sparsemux_17_3_7_1_1  |        0|   0|  0|  42|    0|
    |sparsemux_17_3_7_1_1_U142  |sparsemux_17_3_7_1_1  |        0|   0|  0|  42|    0|
    |sparsemux_17_3_8_1_1_U143  |sparsemux_17_3_8_1_1  |        0|   0|  0|  42|    0|
    |sparsemux_17_3_8_1_1_U145  |sparsemux_17_3_8_1_1  |        0|   0|  0|  42|    0|
    |sparsemux_17_3_8_1_1_U147  |sparsemux_17_3_8_1_1  |        0|   0|  0|  42|    0|
    |sparsemux_17_3_8_1_1_U149  |sparsemux_17_3_8_1_1  |        0|   0|  0|  42|    0|
    |sparsemux_17_3_8_1_1_U152  |sparsemux_17_3_8_1_1  |        0|   0|  0|  42|    0|
    |sparsemux_17_3_8_1_1_U154  |sparsemux_17_3_8_1_1  |        0|   0|  0|  42|    0|
    |sparsemux_17_3_8_1_1_U156  |sparsemux_17_3_8_1_1  |        0|   0|  0|  42|    0|
    |sparsemux_17_3_8_1_1_U158  |sparsemux_17_3_8_1_1  |        0|   0|  0|  42|    0|
    +---------------------------+----------------------+---------+----+---+----+-----+
    |Total                      |                      |        0|   0|  0| 978|    0|
    +---------------------------+----------------------+---------+----+---+----+-----+

    * DSP: 
    +-----------------------------------+------------------------------+--------------+
    |              Instance             |            Module            |  Expression  |
    +-----------------------------------+------------------------------+--------------+
    |mac_muladd_7ns_3s_11s_12_4_1_U159  |mac_muladd_7ns_3s_11s_12_4_1  |  i0 + i1 * i2|
    +-----------------------------------+------------------------------+--------------+

    * Memory: 
    +------------------------+------------------------------------------------------+---------+---+----+-----+------+-----+------+-------------+
    |         Memory         |                        Module                        | BRAM_18K| FF| LUT| URAM| Words| Bits| Banks| W*Bits*Banks|
    +------------------------+------------------------------------------------------+---------+---+----+-----+------+-----+------+-------------+
    |p_ZL12conv2_weight_0_U  |conv2_Pipeline_CI_2_p_ZL12conv2_weight_0_ROM_AUTO_1R  |        0|  3|   6|    0|   128|    3|     1|          384|
    |p_ZL12conv2_weight_1_U  |conv2_Pipeline_CI_2_p_ZL12conv2_weight_1_ROM_AUTO_1R  |        0|  4|   8|    0|   128|    4|     1|          512|
    |p_ZL12conv2_weight_2_U  |conv2_Pipeline_CI_2_p_ZL12conv2_weight_2_ROM_AUTO_1R  |        0|  4|   8|    0|   128|    4|     1|          512|
    |p_ZL12conv2_weight_3_U  |conv2_Pipeline_CI_2_p_ZL12conv2_weight_3_ROM_AUTO_1R  |        0|  4|   8|    0|   128|    4|     1|          512|
    |p_ZL12conv2_weight_4_U  |conv2_Pipeline_CI_2_p_ZL12conv2_weight_4_ROM_AUTO_1R  |        0|  4|   8|    0|   128|    4|     1|          512|
    |p_ZL12conv2_weight_5_U  |conv2_Pipeline_CI_2_p_ZL12conv2_weight_5_ROM_AUTO_1R  |        0|  4|   8|    0|   128|    4|     1|          512|
    |p_ZL12conv2_weight_6_U  |conv2_Pipeline_CI_2_p_ZL12conv2_weight_6_ROM_AUTO_1R  |        0|  4|   8|    0|   128|    4|     1|          512|
    |p_ZL12conv2_weight_7_U  |conv2_Pipeline_CI_2_p_ZL12conv2_weight_7_ROM_AUTO_1R  |        0|  4|   8|    0|   128|    4|     1|          512|
    |p_ZL12conv2_weight_8_U  |conv2_Pipeline_CI_2_p_ZL12conv2_weight_8_ROM_AUTO_1R  |        0|  4|   8|    0|   128|    4|     1|          512|
    +------------------------+------------------------------------------------------+---------+---+----+-----+------+-----+------+-------------+
    |Total                   |                                                      |        0| 35|  70|    0|  1152|   35|     9|         4480|
    +------------------------+------------------------------------------------------+---------+---+----+-----+------+-----+------+-------------+

    * FIFO: 
    N/A

    * Expression: 
    +------------------------+----------+----+---+----+------------+------------+
    |      Variable Name     | Operation| DSP| FF| LUT| Bitwidth P0| Bitwidth P1|
    +------------------------+----------+----+---+----+------------+------------+
    |add_ln78_fu_1104_p2     |         +|   0|  0|  13|           4|           1|
    |add_ln86_10_fu_1341_p2  |         +|   0|  0|  12|          11|          11|
    |add_ln86_11_fu_1368_p2  |         +|   0|  0|  11|          11|           4|
    |add_ln86_12_fu_1374_p2  |         +|   0|  0|  11|          11|          11|
    |add_ln86_13_fu_1379_p2  |         +|   0|  0|  12|          11|          11|
    |add_ln86_14_fu_1406_p2  |         +|   0|  0|  12|          11|          11|
    |add_ln86_15_fu_1433_p2  |         +|   0|  0|  12|          11|          11|
    |add_ln86_1_fu_1178_p2   |         +|   0|  0|  11|          11|          11|
    |add_ln86_2_fu_1122_p2   |         +|   0|  0|   4|           3|           3|
    |add_ln86_3_fu_1128_p2   |         +|   0|  0|   4|           3|           3|
    |add_ln86_4_fu_1183_p2   |         +|   0|  0|  12|          11|          11|
    |add_ln86_5_fu_1210_p2   |         +|   0|  0|  12|          11|          11|
    |add_ln86_6_fu_1237_p2   |         +|   0|  0|  12|          11|          11|
    |add_ln86_7_fu_1264_p2   |         +|   0|  0|  12|          11|          11|
    |add_ln86_8_fu_1269_p2   |         +|   0|  0|  12|          11|          11|
    |add_ln86_9_fu_1296_p2   |         +|   0|  0|  12|          11|          11|
    |add_ln86_fu_1172_p2     |         +|   0|  0|  11|          11|           5|
    |add_ln89_10_fu_3800_p2  |         +|   0|  0|  12|          11|          11|
    |add_ln89_2_fu_1148_p2   |         +|   0|  0|  12|          11|           8|
    |add_ln89_3_fu_2142_p2   |         +|   0|  0|  12|          11|          11|
    |add_ln89_4_fu_2389_p2   |         +|   0|  0|  12|          11|          11|
    |add_ln89_5_fu_2636_p2   |         +|   0|  0|  12|          11|          11|
    |add_ln89_6_fu_2895_p2   |         +|   0|  0|  12|          11|          11|
    |add_ln89_7_fu_3042_p2   |         +|   0|  0|  12|          11|          11|
    |add_ln89_8_fu_3289_p2   |         +|   0|  0|  12|          11|          11|
    |add_ln89_9_fu_3536_p2   |         +|   0|  0|  12|          11|          11|
    |add_ln89_fu_1154_p2     |         +|   0|  0|  14|           7|           7|
    |sub_ln89_1_fu_2394_p2   |         -|   0|  0|  12|           1|          11|
    |sub_ln89_2_fu_2641_p2   |         -|   0|  0|  12|           1|          11|
    |sub_ln89_3_fu_2900_p2   |         -|   0|  0|  12|           1|          11|
    |sub_ln89_4_fu_3047_p2   |         -|   0|  0|  12|           1|          11|
    |sub_ln89_5_fu_3294_p2   |         -|   0|  0|  12|           1|          11|
    |sub_ln89_6_fu_3541_p2   |         -|   0|  0|  12|           1|          11|
    |sub_ln89_7_fu_3805_p2   |         -|   0|  0|  12|           1|          11|
    |sub_ln89_fu_2147_p2     |         -|   0|  0|  12|           1|          11|
    |ap_condition_3021       |       and|   0|  0|   2|           1|           1|
    |ap_condition_3025       |       and|   0|  0|   2|           1|           1|
    |ap_condition_3030       |       and|   0|  0|   2|           1|           1|
    |ap_condition_3034       |       and|   0|  0|   2|           1|           1|
    |ap_condition_3039       |       and|   0|  0|   2|           1|           1|
    |ap_condition_3043       |       and|   0|  0|   2|           1|           1|
    |ap_condition_3047       |       and|   0|  0|   2|           1|           1|
    |ap_condition_3053       |       and|   0|  0|   2|           1|           1|
    |ap_condition_3056       |       and|   0|  0|   2|           1|           1|
    |ap_condition_3061       |       and|   0|  0|   2|           1|           1|
    |ap_condition_3065       |       and|   0|  0|   2|           1|           1|
    |ap_condition_3070       |       and|   0|  0|   2|           1|           1|
    |ap_condition_3074       |       and|   0|  0|   2|           1|           1|
    |ap_condition_3079       |       and|   0|  0|   2|           1|           1|
    |ap_condition_3083       |       and|   0|  0|   2|           1|           1|
    |ap_condition_3086       |       and|   0|  0|   2|           1|           1|
    |ap_condition_3089       |       and|   0|  0|   2|           1|           1|
    |ap_condition_3092       |       and|   0|  0|   2|           1|           1|
    |ap_condition_3095       |       and|   0|  0|   2|           1|           1|
    |ap_condition_3099       |       and|   0|  0|   2|           1|           1|
    |ap_condition_3103       |       and|   0|  0|   2|           1|           1|
    |ap_condition_3106       |       and|   0|  0|   2|           1|           1|
    |ap_condition_3109       |       and|   0|  0|   2|           1|           1|
    |ap_condition_3112       |       and|   0|  0|   2|           1|           1|
    |ap_condition_3117       |       and|   0|  0|   2|           1|           1|
    |ap_condition_3120       |       and|   0|  0|   2|           1|           1|
    |ap_condition_3124       |       and|   0|  0|   2|           1|           1|
    |ap_condition_3128       |       and|   0|  0|   2|           1|           1|
    |ap_condition_3131       |       and|   0|  0|   2|           1|           1|
    |ap_condition_3134       |       and|   0|  0|   2|           1|           1|
    |ap_condition_3138       |       and|   0|  0|   2|           1|           1|
    |ap_condition_3142       |       and|   0|  0|   2|           1|           1|
    |ap_condition_3145       |       and|   0|  0|   2|           1|           1|
    |ap_condition_3148       |       and|   0|  0|   2|           1|           1|
    |ap_condition_3151       |       and|   0|  0|   2|           1|           1|
    |ap_condition_3154       |       and|   0|  0|   2|           1|           1|
    |ap_condition_3158       |       and|   0|  0|   2|           1|           1|
    |ap_condition_3162       |       and|   0|  0|   2|           1|           1|
    |ap_condition_3165       |       and|   0|  0|   2|           1|           1|
    |ap_condition_3168       |       and|   0|  0|   2|           1|           1|
    |ap_condition_3171       |       and|   0|  0|   2|           1|           1|
    |ap_condition_3176       |       and|   0|  0|   2|           1|           1|
    |ap_condition_3179       |       and|   0|  0|   2|           1|           1|
    |ap_condition_3183       |       and|   0|  0|   2|           1|           1|
    |ap_condition_3187       |       and|   0|  0|   2|           1|           1|
    |ap_condition_3190       |       and|   0|  0|   2|           1|           1|
    |ap_condition_3193       |       and|   0|  0|   2|           1|           1|
    |ap_condition_3197       |       and|   0|  0|   2|           1|           1|
    |ap_condition_3201       |       and|   0|  0|   2|           1|           1|
    |ap_condition_3204       |       and|   0|  0|   2|           1|           1|
    |ap_condition_3207       |       and|   0|  0|   2|           1|           1|
    |ap_condition_3210       |       and|   0|  0|   2|           1|           1|
    |ap_condition_3213       |       and|   0|  0|   2|           1|           1|
    |ap_condition_3217       |       and|   0|  0|   2|           1|           1|
    |ap_condition_3221       |       and|   0|  0|   2|           1|           1|
    |ap_condition_3224       |       and|   0|  0|   2|           1|           1|
    |ap_condition_3227       |       and|   0|  0|   2|           1|           1|
    |ap_condition_3230       |       and|   0|  0|   2|           1|           1|
    |ap_condition_3235       |       and|   0|  0|   2|           1|           1|
    |ap_condition_3238       |       and|   0|  0|   2|           1|           1|
    |ap_condition_3242       |       and|   0|  0|   2|           1|           1|
    |ap_condition_3246       |       and|   0|  0|   2|           1|           1|
    |ap_condition_3249       |       and|   0|  0|   2|           1|           1|
    |ap_condition_3252       |       and|   0|  0|   2|           1|           1|
    |ap_condition_3256       |       and|   0|  0|   2|           1|           1|
    |ap_condition_3260       |       and|   0|  0|   2|           1|           1|
    |ap_condition_3263       |       and|   0|  0|   2|           1|           1|
    |ap_condition_3266       |       and|   0|  0|   2|           1|           1|
    |ap_condition_3269       |       and|   0|  0|   2|           1|           1|
    |ap_condition_3272       |       and|   0|  0|   2|           1|           1|
    |ap_condition_3276       |       and|   0|  0|   2|           1|           1|
    |ap_condition_3280       |       and|   0|  0|   2|           1|           1|
    |ap_condition_3283       |       and|   0|  0|   2|           1|           1|
    |ap_condition_3286       |       and|   0|  0|   2|           1|           1|
    |ap_condition_3289       |       and|   0|  0|   2|           1|           1|
    |ap_condition_3294       |       and|   0|  0|   2|           1|           1|
    |ap_condition_3297       |       and|   0|  0|   2|           1|           1|
    |ap_condition_3301       |       and|   0|  0|   2|           1|           1|
    |ap_condition_3305       |       and|   0|  0|   2|           1|           1|
    |ap_condition_3308       |       and|   0|  0|   2|           1|           1|
    |ap_condition_3311       |       and|   0|  0|   2|           1|           1|
    |ap_condition_3315       |       and|   0|  0|   2|           1|           1|
    |ap_condition_3319       |       and|   0|  0|   2|           1|           1|
    |ap_condition_3322       |       and|   0|  0|   2|           1|           1|
    |ap_condition_3325       |       and|   0|  0|   2|           1|           1|
    |ap_condition_3328       |       and|   0|  0|   2|           1|           1|
    |ap_condition_3331       |       and|   0|  0|   2|           1|           1|
    |ap_condition_3335       |       and|   0|  0|   2|           1|           1|
    |ap_condition_3339       |       and|   0|  0|   2|           1|           1|
    |ap_condition_3342       |       and|   0|  0|   2|           1|           1|
    |ap_condition_3345       |       and|   0|  0|   2|           1|           1|
    |ap_condition_3348       |       and|   0|  0|   2|           1|           1|
    |ap_condition_3353       |       and|   0|  0|   2|           1|           1|
    |ap_condition_3356       |       and|   0|  0|   2|           1|           1|
    |ap_condition_3360       |       and|   0|  0|   2|           1|           1|
    |ap_condition_3364       |       and|   0|  0|   2|           1|           1|
    |ap_condition_3367       |       and|   0|  0|   2|           1|           1|
    |ap_condition_3370       |       and|   0|  0|   2|           1|           1|
    |ap_condition_3374       |       and|   0|  0|   2|           1|           1|
    |ap_condition_3378       |       and|   0|  0|   2|           1|           1|
    |ap_condition_3381       |       and|   0|  0|   2|           1|           1|
    |ap_condition_3384       |       and|   0|  0|   2|           1|           1|
    |ap_condition_3387       |       and|   0|  0|   2|           1|           1|
    |ap_condition_3390       |       and|   0|  0|   2|           1|           1|
    |ap_condition_3394       |       and|   0|  0|   2|           1|           1|
    |ap_condition_3398       |       and|   0|  0|   2|           1|           1|
    |ap_condition_3401       |       and|   0|  0|   2|           1|           1|
    |ap_condition_3404       |       and|   0|  0|   2|           1|           1|
    |ap_condition_3407       |       and|   0|  0|   2|           1|           1|
    |ap_condition_3412       |       and|   0|  0|   2|           1|           1|
    |ap_condition_3415       |       and|   0|  0|   2|           1|           1|
    |ap_condition_3419       |       and|   0|  0|   2|           1|           1|
    |ap_condition_3423       |       and|   0|  0|   2|           1|           1|
    |ap_condition_3426       |       and|   0|  0|   2|           1|           1|
    |ap_condition_3429       |       and|   0|  0|   2|           1|           1|
    |ap_condition_3433       |       and|   0|  0|   2|           1|           1|
    |ap_condition_3437       |       and|   0|  0|   2|           1|           1|
    |ap_condition_3440       |       and|   0|  0|   2|           1|           1|
    |ap_condition_3443       |       and|   0|  0|   2|           1|           1|
    |ap_condition_3446       |       and|   0|  0|   2|           1|           1|
    |ap_condition_3449       |       and|   0|  0|   2|           1|           1|
    |ap_condition_3453       |       and|   0|  0|   2|           1|           1|
    |ap_condition_3457       |       and|   0|  0|   2|           1|           1|
    |ap_condition_3460       |       and|   0|  0|   2|           1|           1|
    |ap_condition_3463       |       and|   0|  0|   2|           1|           1|
    |ap_condition_3466       |       and|   0|  0|   2|           1|           1|
    |ap_condition_3471       |       and|   0|  0|   2|           1|           1|
    |ap_condition_3474       |       and|   0|  0|   2|           1|           1|
    |ap_condition_3478       |       and|   0|  0|   2|           1|           1|
    |ap_condition_3482       |       and|   0|  0|   2|           1|           1|
    |ap_condition_3485       |       and|   0|  0|   2|           1|           1|
    |ap_condition_3488       |       and|   0|  0|   2|           1|           1|
    |ap_condition_3492       |       and|   0|  0|   2|           1|           1|
    |ap_condition_3496       |       and|   0|  0|   2|           1|           1|
    |ap_condition_3499       |       and|   0|  0|   2|           1|           1|
    |ap_condition_3502       |       and|   0|  0|   2|           1|           1|
    |ap_condition_841        |       and|   0|  0|   2|           1|           1|
    |icmp_ln78_fu_1098_p2    |      icmp|   0|  0|  13|           4|           5|
    |icmp_ln85_1_fu_1067_p2  |      icmp|   0|  0|  13|           5|           4|
    |icmp_ln85_2_fu_1073_p2  |      icmp|   0|  0|  13|           4|           3|
    |icmp_ln85_3_fu_1079_p2  |      icmp|   0|  0|  13|           4|           3|
    |icmp_ln85_fu_1061_p2    |      icmp|   0|  0|  13|           5|           4|
    |icmp_ln89_2_fu_2152_p2  |      icmp|   0|  0|  12|          11|          11|
    |icmp_ln89_3_fu_2399_p2  |      icmp|   0|  0|  12|          11|          11|
    |icmp_ln89_4_fu_2646_p2  |      icmp|   0|  0|  12|          11|          11|
    |icmp_ln89_5_fu_2905_p2  |      icmp|   0|  0|  12|          11|          11|
    |icmp_ln89_6_fu_3052_p2  |      icmp|   0|  0|  12|          11|          11|
    |icmp_ln89_7_fu_3299_p2  |      icmp|   0|  0|  12|          11|          11|
    |icmp_ln89_8_fu_3546_p2  |      icmp|   0|  0|  12|          11|          11|
    |icmp_ln89_9_fu_3810_p2  |      icmp|   0|  0|  12|          11|          11|
    |icmp_ln89_fu_1907_p2    |      icmp|   0|  0|  12|          12|           1|
    |ap_enable_pp0           |       xor|   0|  0|   2|           1|           2|
    +------------------------+----------+----+---+----+------------+------------+
    |Total                   |          |   0|  0| 852|         538|         586|
    +------------------------+----------+----+---+----+------------+------------+

    * Multiplexer: 
    +--------------------------------------------------------------+----+-----------+-----+-----------+
    |                             Name                             | LUT| Input Size| Bits| Total Bits|
    +--------------------------------------------------------------+----+-----------+-----+-----------+
    |ap_done_int                                                   |   9|          2|    1|          2|
    |ap_enable_reg_pp0_iter2                                       |   9|          2|    1|          2|
    |ap_sig_allocacmp_ci_1                                         |   9|          2|    4|          8|
    |ci_fu_186                                                     |   9|          2|    4|          8|
    |conv2_ap_fixed_8_5_5_3_0_ap_fixed_8_5_5_3_0_partial_sums_2_o  |  93|         19|    8|        152|
    |conv2_ap_fixed_8_5_5_3_0_ap_fixed_8_5_5_3_0_partial_sums_3_o  |  93|         19|    8|        152|
    |conv2_ap_fixed_8_5_5_3_0_ap_fixed_8_5_5_3_0_partial_sums_4_o  |  93|         19|    8|        152|
    |conv2_ap_fixed_8_5_5_3_0_ap_fixed_8_5_5_3_0_partial_sums_5_o  |  93|         19|    8|        152|
    |conv2_ap_fixed_8_5_5_3_0_ap_fixed_8_5_5_3_0_partial_sums_6_o  |  93|         19|    8|        152|
    |conv2_ap_fixed_8_5_5_3_0_ap_fixed_8_5_5_3_0_partial_sums_7_o  |  93|         19|    8|        152|
    |conv2_ap_fixed_8_5_5_3_0_ap_fixed_8_5_5_3_0_partial_sums_8_o  |  93|         19|    8|        152|
    |conv2_ap_fixed_8_5_5_3_0_ap_fixed_8_5_5_3_0_partial_sums_o    |  93|         19|    8|        152|
    |input_0_address0_local                                        |  42|          8|    8|         64|
    |input_0_address1_local                                        |  14|          3|    8|         24|
    |input_1_address0_local                                        |  42|          8|    8|         64|
    |input_1_address1_local                                        |  14|          3|    8|         24|
    |input_2_address0_local                                        |  42|          8|    8|         64|
    |input_2_address1_local                                        |  14|          3|    8|         24|
    |input_3_address0_local                                        |  42|          8|    8|         64|
    |input_3_address1_local                                        |  14|          3|    8|         24|
    |input_4_address0_local                                        |  42|          8|    8|         64|
    |input_4_address1_local                                        |  14|          3|    8|         24|
    |input_5_address0_local                                        |  42|          8|    8|         64|
    |input_5_address1_local                                        |  14|          3|    8|         24|
    |input_6_address0_local                                        |  42|          8|    8|         64|
    |input_6_address1_local                                        |  14|          3|    8|         24|
    |input_7_address0_local                                        |  42|          8|    8|         64|
    |input_7_address1_local                                        |  14|          3|    8|         24|
    |phi_mul_fu_182                                                |   9|          2|   11|         22|
    +--------------------------------------------------------------+----+-----------+-----+-----------+
    |Total                                                         |1237|        250|  213|       1962|
    +--------------------------------------------------------------+----+-----------+-----+-----------+

    * Register: 
    +------------------------------------+----+----+-----+-----------+
    |                Name                | FF | LUT| Bits| Const Bits|
    +------------------------------------+----+----+-----+-----------+
    |add_ln86_3_reg_4038                 |   3|   0|    3|          0|
    |add_ln86_3_reg_4038_pp0_iter1_reg   |   3|   0|    3|          0|
    |ap_CS_fsm                           |   1|   0|    1|          0|
    |ap_done_reg                         |   1|   0|    1|          0|
    |ap_enable_reg_pp0_iter1             |   1|   0|    1|          0|
    |ap_enable_reg_pp0_iter10            |   1|   0|    1|          0|
    |ap_enable_reg_pp0_iter11            |   1|   0|    1|          0|
    |ap_enable_reg_pp0_iter12            |   1|   0|    1|          0|
    |ap_enable_reg_pp0_iter2             |   1|   0|    1|          0|
    |ap_enable_reg_pp0_iter3             |   1|   0|    1|          0|
    |ap_enable_reg_pp0_iter4             |   1|   0|    1|          0|
    |ap_enable_reg_pp0_iter5             |   1|   0|    1|          0|
    |ap_enable_reg_pp0_iter6             |   1|   0|    1|          0|
    |ap_enable_reg_pp0_iter7             |   1|   0|    1|          0|
    |ap_enable_reg_pp0_iter8             |   1|   0|    1|          0|
    |ap_enable_reg_pp0_iter9             |   1|   0|    1|          0|
    |ap_loop_exit_ready_pp0_iter10_reg   |   1|   0|    1|          0|
    |ap_loop_exit_ready_pp0_iter11_reg   |   1|   0|    1|          0|
    |ap_loop_exit_ready_pp0_iter1_reg    |   1|   0|    1|          0|
    |ap_loop_exit_ready_pp0_iter2_reg    |   1|   0|    1|          0|
    |ap_loop_exit_ready_pp0_iter3_reg    |   1|   0|    1|          0|
    |ap_loop_exit_ready_pp0_iter4_reg    |   1|   0|    1|          0|
    |ap_loop_exit_ready_pp0_iter5_reg    |   1|   0|    1|          0|
    |ap_loop_exit_ready_pp0_iter6_reg    |   1|   0|    1|          0|
    |ap_loop_exit_ready_pp0_iter7_reg    |   1|   0|    1|          0|
    |ap_loop_exit_ready_pp0_iter8_reg    |   1|   0|    1|          0|
    |ap_loop_exit_ready_pp0_iter9_reg    |   1|   0|    1|          0|
    |ci_1_reg_4028                       |   4|   0|    4|          0|
    |ci_fu_186                           |   4|   0|    4|          0|
    |icmp_ln78_reg_4034                  |   1|   0|    1|          0|
    |icmp_ln85_1_reg_4016                |   1|   0|    1|          0|
    |icmp_ln85_2_reg_4020                |   1|   0|    1|          0|
    |icmp_ln85_3_reg_4024                |   1|   0|    1|          0|
    |icmp_ln85_reg_4012                  |   1|   0|    1|          0|
    |mul_ln89_1_reg_4584                 |  11|   0|   11|          0|
    |mul_ln89_2_reg_4594                 |  11|   0|   11|          0|
    |mul_ln89_3_reg_4604                 |  11|   0|   11|          0|
    |mul_ln89_4_reg_4614                 |  11|   0|   11|          0|
    |mul_ln89_5_reg_4620                 |  11|   0|   11|          0|
    |mul_ln89_6_reg_4634                 |  11|   0|   11|          0|
    |mul_ln89_7_reg_4644                 |  11|   0|   11|          0|
    |mul_ln89_8_reg_4654                 |  11|   0|   11|          0|
    |p_ZL12conv2_weight_1_load_reg_4500  |   4|   0|    4|          0|
    |p_ZL12conv2_weight_2_load_reg_4510  |   4|   0|    4|          0|
    |p_ZL12conv2_weight_3_load_reg_4520  |   4|   0|    4|          0|
    |p_ZL12conv2_weight_4_load_reg_4530  |   4|   0|    4|          0|
    |p_ZL12conv2_weight_5_load_reg_4540  |   4|   0|    4|          0|
    |p_ZL12conv2_weight_6_load_reg_4550  |   4|   0|    4|          0|
    |p_ZL12conv2_weight_7_load_reg_4560  |   4|   0|    4|          0|
    |p_ZL12conv2_weight_8_load_reg_4570  |   4|   0|    4|          0|
    |phi_mul_fu_182                      |  11|   0|   11|          0|
    |sext_ln85_cast_reg_4005             |  11|   0|   11|          0|
    |tmp_10_cast_reg_4545                |   7|   0|    7|          0|
    |tmp_12_cast_reg_4555                |   7|   0|    7|          0|
    |tmp_14_cast_reg_4565                |   7|   0|    7|          0|
    |tmp_2_cast_reg_4495                 |   7|   0|    7|          0|
    |tmp_4_cast_reg_4505                 |   7|   0|    7|          0|
    |tmp_6_cast_reg_4515                 |   7|   0|    7|          0|
    |tmp_8_cast_reg_4525                 |   7|   0|    7|          0|
    |tmp_cast_47_reg_4535                |   7|   0|    7|          0|
    |trunc_ln78_reg_4051                 |   3|   0|    3|          0|
    |zext_ln70_1_cast_reg_3991           |   4|   0|   11|          7|
    |zext_ln82_cast_reg_3998             |   8|   0|   11|          3|
    |zext_ln85_1_cast_reg_3984           |   4|   0|   11|          7|
    |p_ZL12conv2_weight_1_load_reg_4500  |  64|  32|    4|          0|
    |p_ZL12conv2_weight_2_load_reg_4510  |  64|  32|    4|          0|
    |p_ZL12conv2_weight_3_load_reg_4520  |  64|  32|    4|          0|
    |p_ZL12conv2_weight_4_load_reg_4530  |  64|  32|    4|          0|
    |p_ZL12conv2_weight_5_load_reg_4540  |  64|  32|    4|          0|
    |p_ZL12conv2_weight_6_load_reg_4550  |  64|  32|    4|          0|
    |p_ZL12conv2_weight_7_load_reg_4560  |  64|  32|    4|          0|
    |p_ZL12conv2_weight_8_load_reg_4570  |  64|  32|    4|          0|
    |tmp_10_cast_reg_4545                |  64|  32|    7|          0|
    |tmp_12_cast_reg_4555                |  64|  32|    7|          0|
    |tmp_14_cast_reg_4565                |  64|  32|    7|          0|
    |tmp_2_cast_reg_4495                 |  64|  32|    7|          0|
    |tmp_4_cast_reg_4505                 |  64|  32|    7|          0|
    |tmp_6_cast_reg_4515                 |  64|  32|    7|          0|
    |tmp_8_cast_reg_4525                 |  64|  32|    7|          0|
    |tmp_cast_47_reg_4535                |  64|  32|    7|          0|
    |trunc_ln78_reg_4051                 |  64|  32|    3|          0|
    +------------------------------------+----+----+-----+-----------+
    |Total                               |1349| 544|  369|         17|
    +------------------------------------+----+----+-----+-----------+



================================================================
== Interface
================================================================
* Summary: 
+---------------------------------------------------------------------+-----+-----+------------+------------------------------------------------------------+--------------+
|                              RTL Ports                              | Dir | Bits|  Protocol  |                        Source Object                       |    C Type    |
+---------------------------------------------------------------------+-----+-----+------------+------------------------------------------------------------+--------------+
|ap_clk                                                               |   in|    1|  ap_ctrl_hs|                                         conv2_Pipeline_CI_2|  return value|
|ap_rst                                                               |   in|    1|  ap_ctrl_hs|                                         conv2_Pipeline_CI_2|  return value|
|ap_start                                                             |   in|    1|  ap_ctrl_hs|                                         conv2_Pipeline_CI_2|  return value|
|ap_done                                                              |  out|    1|  ap_ctrl_hs|                                         conv2_Pipeline_CI_2|  return value|
|ap_idle                                                              |  out|    1|  ap_ctrl_hs|                                         conv2_Pipeline_CI_2|  return value|
|ap_ready                                                             |  out|    1|  ap_ctrl_hs|                                         conv2_Pipeline_CI_2|  return value|
|add_ln85                                                             |   in|    5|     ap_none|                                                    add_ln85|        scalar|
|add_ln83                                                             |   in|    5|     ap_none|                                                    add_ln83|        scalar|
|add_ln83_1                                                           |   in|    4|     ap_none|                                                  add_ln83_1|        scalar|
|add_ln82                                                             |   in|    4|     ap_none|                                                    add_ln82|        scalar|
|and_ln85_3                                                           |   in|    1|     ap_none|                                                  and_ln85_3|        scalar|
|sext_ln85                                                            |   in|    5|     ap_none|                                                   sext_ln85|        scalar|
|input_0_address0                                                     |  out|    8|   ap_memory|                                                     input_0|         array|
|input_0_ce0                                                          |  out|    1|   ap_memory|                                                     input_0|         array|
|input_0_q0                                                           |   in|    7|   ap_memory|                                                     input_0|         array|
|input_0_address1                                                     |  out|    8|   ap_memory|                                                     input_0|         array|
|input_0_ce1                                                          |  out|    1|   ap_memory|                                                     input_0|         array|
|input_0_q1                                                           |   in|    7|   ap_memory|                                                     input_0|         array|
|input_1_address0                                                     |  out|    8|   ap_memory|                                                     input_1|         array|
|input_1_ce0                                                          |  out|    1|   ap_memory|                                                     input_1|         array|
|input_1_q0                                                           |   in|    7|   ap_memory|                                                     input_1|         array|
|input_1_address1                                                     |  out|    8|   ap_memory|                                                     input_1|         array|
|input_1_ce1                                                          |  out|    1|   ap_memory|                                                     input_1|         array|
|input_1_q1                                                           |   in|    7|   ap_memory|                                                     input_1|         array|
|input_2_address0                                                     |  out|    8|   ap_memory|                                                     input_2|         array|
|input_2_ce0                                                          |  out|    1|   ap_memory|                                                     input_2|         array|
|input_2_q0                                                           |   in|    7|   ap_memory|                                                     input_2|         array|
|input_2_address1                                                     |  out|    8|   ap_memory|                                                     input_2|         array|
|input_2_ce1                                                          |  out|    1|   ap_memory|                                                     input_2|         array|
|input_2_q1                                                           |   in|    7|   ap_memory|                                                     input_2|         array|
|input_3_address0                                                     |  out|    8|   ap_memory|                                                     input_3|         array|
|input_3_ce0                                                          |  out|    1|   ap_memory|                                                     input_3|         array|
|input_3_q0                                                           |   in|    7|   ap_memory|                                                     input_3|         array|
|input_3_address1                                                     |  out|    8|   ap_memory|                                                     input_3|         array|
|input_3_ce1                                                          |  out|    1|   ap_memory|                                                     input_3|         array|
|input_3_q1                                                           |   in|    7|   ap_memory|                                                     input_3|         array|
|input_4_address0                                                     |  out|    8|   ap_memory|                                                     input_4|         array|
|input_4_ce0                                                          |  out|    1|   ap_memory|                                                     input_4|         array|
|input_4_q0                                                           |   in|    7|   ap_memory|                                                     input_4|         array|
|input_4_address1                                                     |  out|    8|   ap_memory|                                                     input_4|         array|
|input_4_ce1                                                          |  out|    1|   ap_memory|                                                     input_4|         array|
|input_4_q1                                                           |   in|    7|   ap_memory|                                                     input_4|         array|
|input_5_address0                                                     |  out|    8|   ap_memory|                                                     input_5|         array|
|input_5_ce0                                                          |  out|    1|   ap_memory|                                                     input_5|         array|
|input_5_q0                                                           |   in|    7|   ap_memory|                                                     input_5|         array|
|input_5_address1                                                     |  out|    8|   ap_memory|                                                     input_5|         array|
|input_5_ce1                                                          |  out|    1|   ap_memory|                                                     input_5|         array|
|input_5_q1                                                           |   in|    7|   ap_memory|                                                     input_5|         array|
|input_6_address0                                                     |  out|    8|   ap_memory|                                                     input_6|         array|
|input_6_ce0                                                          |  out|    1|   ap_memory|                                                     input_6|         array|
|input_6_q0                                                           |   in|    7|   ap_memory|                                                     input_6|         array|
|input_6_address1                                                     |  out|    8|   ap_memory|                                                     input_6|         array|
|input_6_ce1                                                          |  out|    1|   ap_memory|                                                     input_6|         array|
|input_6_q1                                                           |   in|    7|   ap_memory|                                                     input_6|         array|
|input_7_address0                                                     |  out|    8|   ap_memory|                                                     input_7|         array|
|input_7_ce0                                                          |  out|    1|   ap_memory|                                                     input_7|         array|
|input_7_q0                                                           |   in|    7|   ap_memory|                                                     input_7|         array|
|input_7_address1                                                     |  out|    8|   ap_memory|                                                     input_7|         array|
|input_7_ce1                                                          |  out|    1|   ap_memory|                                                     input_7|         array|
|input_7_q1                                                           |   in|    7|   ap_memory|                                                     input_7|         array|
|zext_ln82                                                            |   in|    8|     ap_none|                                                   zext_ln82|        scalar|
|and_ln85_2                                                           |   in|    1|     ap_none|                                                  and_ln85_2|        scalar|
|zext_ln70_1                                                          |   in|    4|     ap_none|                                                 zext_ln70_1|        scalar|
|and_ln85_1                                                           |   in|    1|     ap_none|                                                  and_ln85_1|        scalar|
|shl_ln                                                               |   in|    7|     ap_none|                                                      shl_ln|        scalar|
|mul_ln104                                                            |   in|    3|     ap_none|                                                   mul_ln104|        scalar|
|empty                                                                |   in|    3|     ap_none|                                                       empty|        scalar|
|and_ln85                                                             |   in|    1|     ap_none|                                                    and_ln85|        scalar|
|zext_ln85_1                                                          |   in|    4|     ap_none|                                                 zext_ln85_1|        scalar|
|conv2_ap_fixed_8_5_5_3_0_ap_fixed_8_5_5_3_0_partial_sums_i           |   in|    8|     ap_ovld|    conv2_ap_fixed_8_5_5_3_0_ap_fixed_8_5_5_3_0_partial_sums|       pointer|
|conv2_ap_fixed_8_5_5_3_0_ap_fixed_8_5_5_3_0_partial_sums_o           |  out|    8|     ap_ovld|    conv2_ap_fixed_8_5_5_3_0_ap_fixed_8_5_5_3_0_partial_sums|       pointer|
|conv2_ap_fixed_8_5_5_3_0_ap_fixed_8_5_5_3_0_partial_sums_o_ap_vld    |  out|    1|     ap_ovld|    conv2_ap_fixed_8_5_5_3_0_ap_fixed_8_5_5_3_0_partial_sums|       pointer|
|conv2_ap_fixed_8_5_5_3_0_ap_fixed_8_5_5_3_0_partial_sums_2_i         |   in|    8|     ap_ovld|  conv2_ap_fixed_8_5_5_3_0_ap_fixed_8_5_5_3_0_partial_sums_2|       pointer|
|conv2_ap_fixed_8_5_5_3_0_ap_fixed_8_5_5_3_0_partial_sums_2_o         |  out|    8|     ap_ovld|  conv2_ap_fixed_8_5_5_3_0_ap_fixed_8_5_5_3_0_partial_sums_2|       pointer|
|conv2_ap_fixed_8_5_5_3_0_ap_fixed_8_5_5_3_0_partial_sums_2_o_ap_vld  |  out|    1|     ap_ovld|  conv2_ap_fixed_8_5_5_3_0_ap_fixed_8_5_5_3_0_partial_sums_2|       pointer|
|conv2_ap_fixed_8_5_5_3_0_ap_fixed_8_5_5_3_0_partial_sums_3_i         |   in|    8|     ap_ovld|  conv2_ap_fixed_8_5_5_3_0_ap_fixed_8_5_5_3_0_partial_sums_3|       pointer|
|conv2_ap_fixed_8_5_5_3_0_ap_fixed_8_5_5_3_0_partial_sums_3_o         |  out|    8|     ap_ovld|  conv2_ap_fixed_8_5_5_3_0_ap_fixed_8_5_5_3_0_partial_sums_3|       pointer|
|conv2_ap_fixed_8_5_5_3_0_ap_fixed_8_5_5_3_0_partial_sums_3_o_ap_vld  |  out|    1|     ap_ovld|  conv2_ap_fixed_8_5_5_3_0_ap_fixed_8_5_5_3_0_partial_sums_3|       pointer|
|conv2_ap_fixed_8_5_5_3_0_ap_fixed_8_5_5_3_0_partial_sums_4_i         |   in|    8|     ap_ovld|  conv2_ap_fixed_8_5_5_3_0_ap_fixed_8_5_5_3_0_partial_sums_4|       pointer|
|conv2_ap_fixed_8_5_5_3_0_ap_fixed_8_5_5_3_0_partial_sums_4_o         |  out|    8|     ap_ovld|  conv2_ap_fixed_8_5_5_3_0_ap_fixed_8_5_5_3_0_partial_sums_4|       pointer|
|conv2_ap_fixed_8_5_5_3_0_ap_fixed_8_5_5_3_0_partial_sums_4_o_ap_vld  |  out|    1|     ap_ovld|  conv2_ap_fixed_8_5_5_3_0_ap_fixed_8_5_5_3_0_partial_sums_4|       pointer|
|conv2_ap_fixed_8_5_5_3_0_ap_fixed_8_5_5_3_0_partial_sums_5_i         |   in|    8|     ap_ovld|  conv2_ap_fixed_8_5_5_3_0_ap_fixed_8_5_5_3_0_partial_sums_5|       pointer|
|conv2_ap_fixed_8_5_5_3_0_ap_fixed_8_5_5_3_0_partial_sums_5_o         |  out|    8|     ap_ovld|  conv2_ap_fixed_8_5_5_3_0_ap_fixed_8_5_5_3_0_partial_sums_5|       pointer|
|conv2_ap_fixed_8_5_5_3_0_ap_fixed_8_5_5_3_0_partial_sums_5_o_ap_vld  |  out|    1|     ap_ovld|  conv2_ap_fixed_8_5_5_3_0_ap_fixed_8_5_5_3_0_partial_sums_5|       pointer|
|conv2_ap_fixed_8_5_5_3_0_ap_fixed_8_5_5_3_0_partial_sums_6_i         |   in|    8|     ap_ovld|  conv2_ap_fixed_8_5_5_3_0_ap_fixed_8_5_5_3_0_partial_sums_6|       pointer|
|conv2_ap_fixed_8_5_5_3_0_ap_fixed_8_5_5_3_0_partial_sums_6_o         |  out|    8|     ap_ovld|  conv2_ap_fixed_8_5_5_3_0_ap_fixed_8_5_5_3_0_partial_sums_6|       pointer|
|conv2_ap_fixed_8_5_5_3_0_ap_fixed_8_5_5_3_0_partial_sums_6_o_ap_vld  |  out|    1|     ap_ovld|  conv2_ap_fixed_8_5_5_3_0_ap_fixed_8_5_5_3_0_partial_sums_6|       pointer|
|conv2_ap_fixed_8_5_5_3_0_ap_fixed_8_5_5_3_0_partial_sums_7_i         |   in|    8|     ap_ovld|  conv2_ap_fixed_8_5_5_3_0_ap_fixed_8_5_5_3_0_partial_sums_7|       pointer|
|conv2_ap_fixed_8_5_5_3_0_ap_fixed_8_5_5_3_0_partial_sums_7_o         |  out|    8|     ap_ovld|  conv2_ap_fixed_8_5_5_3_0_ap_fixed_8_5_5_3_0_partial_sums_7|       pointer|
|conv2_ap_fixed_8_5_5_3_0_ap_fixed_8_5_5_3_0_partial_sums_7_o_ap_vld  |  out|    1|     ap_ovld|  conv2_ap_fixed_8_5_5_3_0_ap_fixed_8_5_5_3_0_partial_sums_7|       pointer|
|conv2_ap_fixed_8_5_5_3_0_ap_fixed_8_5_5_3_0_partial_sums_8_i         |   in|    8|     ap_ovld|  conv2_ap_fixed_8_5_5_3_0_ap_fixed_8_5_5_3_0_partial_sums_8|       pointer|
|conv2_ap_fixed_8_5_5_3_0_ap_fixed_8_5_5_3_0_partial_sums_8_o         |  out|    8|     ap_ovld|  conv2_ap_fixed_8_5_5_3_0_ap_fixed_8_5_5_3_0_partial_sums_8|       pointer|
|conv2_ap_fixed_8_5_5_3_0_ap_fixed_8_5_5_3_0_partial_sums_8_o_ap_vld  |  out|    1|     ap_ovld|  conv2_ap_fixed_8_5_5_3_0_ap_fixed_8_5_5_3_0_partial_sums_8|       pointer|
+---------------------------------------------------------------------+-----+-----+------------+------------------------------------------------------------+--------------+

============================================================
+ Verbose Summary: Synthesis Manager
============================================================
InlineROM: 1
ExposeGlobal: 0
============================================================
+ Verbose Summary: CDFG Model
============================================================
IsTopModel: 0
ResetActiveHigh: 1
IsCombinational: 2
IsDatapathOnly: 2
HasWiredReturn: 1
HasMFsm: 2
HasVarLatency: 1
IsPipeline: 0
IsRtlPipelined: 0
IsInstanceOverlapped: 0
IsDontTouch: 0
HasImplIP: 0
IsGatedGlobalClock: 0

+ Individual pipeline summary: 
  * Pipeline-0: initiation interval (II) = 1, depth = 13


============================================================
+ Verbose Summary: Schedule
============================================================
* Number of FSM states : 13
* Pipeline : 1
  Pipeline-0 : II = 1, D = 13, States = { 1 2 3 4 5 6 7 8 9 10 11 12 13 }
* Dataflow Pipeline: 0

* FSM state transitions: 
1 --> 2 
2 --> 3 
3 --> 4 
4 --> 5 
5 --> 6 
6 --> 7 
7 --> 8 
8 --> 9 
9 --> 10 
10 --> 11 
11 --> 12 
12 --> 13 
13 --> 

* FSM state operations: 

State 1 <SV = 0> <Delay = 4.91>
ST_1 : Operation 16 [1/1] (0.00ns)   --->   "%phi_mul = alloca i32 1"   --->   Operation 16 'alloca' 'phi_mul' <Predicate = true> <Delay = 0.00>
ST_1 : Operation 17 [1/1] (0.00ns)   --->   "%ci = alloca i32 1" [../src/conv.cpp:78]   --->   Operation 17 'alloca' 'ci' <Predicate = true> <Delay = 0.00>
ST_1 : Operation 18 [1/1] (0.00ns)   --->   "%zext_ln85_1_read = read i4 @_ssdm_op_Read.ap_auto.i4, i4 %zext_ln85_1"   --->   Operation 18 'read' 'zext_ln85_1_read' <Predicate = true> <Delay = 0.00>
ST_1 : Operation 19 [1/1] (0.00ns)   --->   "%and_ln85_read = read i1 @_ssdm_op_Read.ap_auto.i1, i1 %and_ln85"   --->   Operation 19 'read' 'and_ln85_read' <Predicate = true> <Delay = 0.00>
ST_1 : Operation 20 [1/1] (0.00ns)   --->   "%tmp = read i3 @_ssdm_op_Read.ap_auto.i3, i3 %empty"   --->   Operation 20 'read' 'tmp' <Predicate = true> <Delay = 0.00>
ST_1 : Operation 21 [1/1] (0.00ns)   --->   "%mul_ln104_read = read i3 @_ssdm_op_Read.ap_auto.i3, i3 %mul_ln104"   --->   Operation 21 'read' 'mul_ln104_read' <Predicate = true> <Delay = 0.00>
ST_1 : Operation 22 [1/1] (0.00ns)   --->   "%shl_ln_read = read i7 @_ssdm_op_Read.ap_auto.i7, i7 %shl_ln"   --->   Operation 22 'read' 'shl_ln_read' <Predicate = true> <Delay = 0.00>
ST_1 : Operation 23 [1/1] (0.00ns)   --->   "%and_ln85_1_read = read i1 @_ssdm_op_Read.ap_auto.i1, i1 %and_ln85_1"   --->   Operation 23 'read' 'and_ln85_1_read' <Predicate = true> <Delay = 0.00>
ST_1 : Operation 24 [1/1] (0.00ns)   --->   "%zext_ln70_1_read = read i4 @_ssdm_op_Read.ap_auto.i4, i4 %zext_ln70_1"   --->   Operation 24 'read' 'zext_ln70_1_read' <Predicate = true> <Delay = 0.00>
ST_1 : Operation 25 [1/1] (0.00ns)   --->   "%and_ln85_2_read = read i1 @_ssdm_op_Read.ap_auto.i1, i1 %and_ln85_2"   --->   Operation 25 'read' 'and_ln85_2_read' <Predicate = true> <Delay = 0.00>
ST_1 : Operation 26 [1/1] (0.00ns)   --->   "%zext_ln82_read = read i8 @_ssdm_op_Read.ap_auto.i8, i8 %zext_ln82"   --->   Operation 26 'read' 'zext_ln82_read' <Predicate = true> <Delay = 0.00>
ST_1 : Operation 27 [1/1] (0.00ns)   --->   "%sext_ln85_read = read i5 @_ssdm_op_Read.ap_auto.i5, i5 %sext_ln85"   --->   Operation 27 'read' 'sext_ln85_read' <Predicate = true> <Delay = 0.00>
ST_1 : Operation 28 [1/1] (0.00ns)   --->   "%and_ln85_3_read = read i1 @_ssdm_op_Read.ap_auto.i1, i1 %and_ln85_3"   --->   Operation 28 'read' 'and_ln85_3_read' <Predicate = true> <Delay = 0.00>
ST_1 : Operation 29 [1/1] (0.00ns)   --->   "%add_ln82_read = read i4 @_ssdm_op_Read.ap_auto.i4, i4 %add_ln82"   --->   Operation 29 'read' 'add_ln82_read' <Predicate = true> <Delay = 0.00>
ST_1 : Operation 30 [1/1] (0.00ns)   --->   "%add_ln83_1_read = read i4 @_ssdm_op_Read.ap_auto.i4, i4 %add_ln83_1"   --->   Operation 30 'read' 'add_ln83_1_read' <Predicate = true> <Delay = 0.00>
ST_1 : Operation 31 [1/1] (0.00ns)   --->   "%add_ln83_read = read i5 @_ssdm_op_Read.ap_auto.i5, i5 %add_ln83"   --->   Operation 31 'read' 'add_ln83_read' <Predicate = true> <Delay = 0.00>
ST_1 : Operation 32 [1/1] (0.00ns)   --->   "%add_ln85_read = read i5 @_ssdm_op_Read.ap_auto.i5, i5 %add_ln85"   --->   Operation 32 'read' 'add_ln85_read' <Predicate = true> <Delay = 0.00>
ST_1 : Operation 33 [1/1] (0.00ns)   --->   "%zext_ln85_1_cast = zext i4 %zext_ln85_1_read"   --->   Operation 33 'zext' 'zext_ln85_1_cast' <Predicate = true> <Delay = 0.00>
ST_1 : Operation 34 [1/1] (0.00ns)   --->   "%zext_ln70_1_cast = zext i4 %zext_ln70_1_read"   --->   Operation 34 'zext' 'zext_ln70_1_cast' <Predicate = true> <Delay = 0.00>
ST_1 : Operation 35 [1/1] (0.00ns)   --->   "%zext_ln82_cast = zext i8 %zext_ln82_read"   --->   Operation 35 'zext' 'zext_ln82_cast' <Predicate = true> <Delay = 0.00>
ST_1 : Operation 36 [1/1] (0.00ns)   --->   "%sext_ln85_cast = sext i5 %sext_ln85_read"   --->   Operation 36 'sext' 'sext_ln85_cast' <Predicate = true> <Delay = 0.00>
ST_1 : Operation 37 [1/1] (0.00ns)   --->   "%specmemcore_ln0 = specmemcore void @_ssdm_op_SpecMemCore, i7 %input_7, i64 666, i64 22, i64 18446744073709551615, i1 0"   --->   Operation 37 'specmemcore' 'specmemcore_ln0' <Predicate = true> <Delay = 0.00>
ST_1 : Operation 38 [1/1] (0.00ns)   --->   "%specmemcore_ln0 = specmemcore void @_ssdm_op_SpecMemCore, i7 %input_6, i64 666, i64 22, i64 18446744073709551615, i1 0"   --->   Operation 38 'specmemcore' 'specmemcore_ln0' <Predicate = true> <Delay = 0.00>
ST_1 : Operation 39 [1/1] (0.00ns)   --->   "%specmemcore_ln0 = specmemcore void @_ssdm_op_SpecMemCore, i7 %input_5, i64 666, i64 22, i64 18446744073709551615, i1 0"   --->   Operation 39 'specmemcore' 'specmemcore_ln0' <Predicate = true> <Delay = 0.00>
ST_1 : Operation 40 [1/1] (0.00ns)   --->   "%specmemcore_ln0 = specmemcore void @_ssdm_op_SpecMemCore, i7 %input_4, i64 666, i64 22, i64 18446744073709551615, i1 0"   --->   Operation 40 'specmemcore' 'specmemcore_ln0' <Predicate = true> <Delay = 0.00>
ST_1 : Operation 41 [1/1] (0.00ns)   --->   "%specmemcore_ln0 = specmemcore void @_ssdm_op_SpecMemCore, i7 %input_3, i64 666, i64 22, i64 18446744073709551615, i1 0"   --->   Operation 41 'specmemcore' 'specmemcore_ln0' <Predicate = true> <Delay = 0.00>
ST_1 : Operation 42 [1/1] (0.00ns)   --->   "%specmemcore_ln0 = specmemcore void @_ssdm_op_SpecMemCore, i7 %input_2, i64 666, i64 22, i64 18446744073709551615, i1 0"   --->   Operation 42 'specmemcore' 'specmemcore_ln0' <Predicate = true> <Delay = 0.00>
ST_1 : Operation 43 [1/1] (0.00ns)   --->   "%specmemcore_ln0 = specmemcore void @_ssdm_op_SpecMemCore, i7 %input_1, i64 666, i64 22, i64 18446744073709551615, i1 0"   --->   Operation 43 'specmemcore' 'specmemcore_ln0' <Predicate = true> <Delay = 0.00>
ST_1 : Operation 44 [1/1] (0.00ns)   --->   "%specmemcore_ln0 = specmemcore void @_ssdm_op_SpecMemCore, i7 %input_0, i64 666, i64 22, i64 18446744073709551615, i1 0"   --->   Operation 44 'specmemcore' 'specmemcore_ln0' <Predicate = true> <Delay = 0.00>
ST_1 : Operation 45 [1/1] (1.78ns)   --->   "%icmp_ln85 = icmp_ult  i5 %add_ln85_read, i5 14" [../src/conv.cpp:85]   --->   Operation 45 'icmp' 'icmp_ln85' <Predicate = true> <Delay = 1.78> <CoreInst = "Cmp">   --->   Core 9 'Cmp' <Latency = 0> <II = 1> <Delay = 1.78> <FuncUnit> <Opcode : 'seteq' 'setne' 'setle' 'setge' 'setlt' 'setgt'> <InPorts = 2> <OutPorts = 1>
ST_1 : Operation 46 [1/1] (1.78ns)   --->   "%icmp_ln85_1 = icmp_ult  i5 %add_ln83_read, i5 14" [../src/conv.cpp:85]   --->   Operation 46 'icmp' 'icmp_ln85_1' <Predicate = true> <Delay = 1.78> <CoreInst = "Cmp">   --->   Core 9 'Cmp' <Latency = 0> <II = 1> <Delay = 1.78> <FuncUnit> <Opcode : 'seteq' 'setne' 'setle' 'setge' 'setlt' 'setgt'> <InPorts = 2> <OutPorts = 1>
ST_1 : Operation 47 [1/1] (1.73ns)   --->   "%icmp_ln85_2 = icmp_ult  i4 %add_ln83_1_read, i4 14" [../src/conv.cpp:85]   --->   Operation 47 'icmp' 'icmp_ln85_2' <Predicate = true> <Delay = 1.73> <CoreInst = "Cmp">   --->   Core 9 'Cmp' <Latency = 0> <II = 1> <Delay = 1.73> <FuncUnit> <Opcode : 'seteq' 'setne' 'setle' 'setge' 'setlt' 'setgt'> <InPorts = 2> <OutPorts = 1>
ST_1 : Operation 48 [1/1] (1.73ns)   --->   "%icmp_ln85_3 = icmp_ult  i4 %add_ln82_read, i4 14" [../src/conv.cpp:85]   --->   Operation 48 'icmp' 'icmp_ln85_3' <Predicate = true> <Delay = 1.73> <CoreInst = "Cmp">   --->   Core 9 'Cmp' <Latency = 0> <II = 1> <Delay = 1.73> <FuncUnit> <Opcode : 'seteq' 'setne' 'setle' 'setge' 'setlt' 'setgt'> <InPorts = 2> <OutPorts = 1>
ST_1 : Operation 49 [1/1] (1.58ns)   --->   "%store_ln78 = store i4 0, i4 %ci" [../src/conv.cpp:78]   --->   Operation 49 'store' 'store_ln78' <Predicate = true> <Delay = 1.58>
ST_1 : Operation 50 [1/1] (1.58ns)   --->   "%store_ln0 = store i11 0, i11 %phi_mul"   --->   Operation 50 'store' 'store_ln0' <Predicate = true> <Delay = 1.58>
ST_1 : Operation 51 [1/1] (0.00ns)   --->   "%br_ln0 = br void %KH_2"   --->   Operation 51 'br' 'br_ln0' <Predicate = true> <Delay = 0.00>
ST_1 : Operation 52 [1/1] (0.00ns)   --->   "%ci_1 = load i4 %ci" [../src/conv.cpp:78]   --->   Operation 52 'load' 'ci_1' <Predicate = true> <Delay = 0.00>
ST_1 : Operation 53 [1/1] (1.73ns)   --->   "%icmp_ln78 = icmp_eq  i4 %ci_1, i4 8" [../src/conv.cpp:78]   --->   Operation 53 'icmp' 'icmp_ln78' <Predicate = true> <Delay = 1.73> <CoreInst = "Cmp">   --->   Core 9 'Cmp' <Latency = 0> <II = 1> <Delay = 1.78> <FuncUnit> <Opcode : 'seteq' 'setne' 'setle' 'setge' 'setlt' 'setgt'> <InPorts = 2> <OutPorts = 1>
ST_1 : Operation 54 [1/1] (1.73ns)   --->   "%add_ln78 = add i4 %ci_1, i4 1" [../src/conv.cpp:78]   --->   Operation 54 'add' 'add_ln78' <Predicate = true> <Delay = 1.73> <CoreInst = "Adder">   --->   Core 1 'Adder' <Latency = 0> <II = 1> <Delay = 1.73> <FuncUnit> <Opcode : 'add' 'sub'> <InPorts = 2> <OutPorts = 1>
ST_1 : Operation 55 [1/1] (0.00ns)   --->   "%br_ln78 = br i1 %icmp_ln78, void %KH_2.split, void %fpga_resource_hint.VITIS_LOOP_99_4.38.exitStub" [../src/conv.cpp:78]   --->   Operation 55 'br' 'br_ln78' <Predicate = true> <Delay = 0.00>
ST_1 : Operation 56 [1/1] (0.00ns)   --->   "%trunc_ln86 = trunc i4 %ci_1" [../src/conv.cpp:86]   --->   Operation 56 'trunc' 'trunc_ln86' <Predicate = (!icmp_ln78)> <Delay = 0.00>
ST_1 : Operation 57 [1/1] (0.00ns)   --->   "%shl_ln2 = bitconcatenate i3 @_ssdm_op_BitConcatenate.i3.i1.i2, i1 %trunc_ln86, i2 0" [../src/conv.cpp:86]   --->   Operation 57 'bitconcatenate' 'shl_ln2' <Predicate = (!icmp_ln78)> <Delay = 0.00>
ST_1 : Operation 58 [1/1] (0.00ns) (grouped into TernaryAdder)   --->   "%add_ln86_2 = add i3 %mul_ln104_read, i3 %shl_ln2" [../src/conv.cpp:86]   --->   Operation 58 'add' 'add_ln86_2' <Predicate = (!icmp_ln78)> <Delay = 0.00> <CoreInst = "TAddSub">   --->   Core 10 'TAddSub' <Latency = 0> <II = 1> <Delay = 1.87> <IPBlock> <Opcode : 'add' 'sub'> <InPorts = 3> <OutPorts = 1> <Sync> <CReg>
ST_1 : Operation 59 [1/1] (2.69ns) (root node of TernaryAdder)   --->   "%add_ln86_3 = add i3 %add_ln86_2, i3 %tmp" [../src/conv.cpp:86]   --->   Operation 59 'add' 'add_ln86_3' <Predicate = (!icmp_ln78)> <Delay = 2.69> <CoreInst = "TAddSub">   --->   Core 10 'TAddSub' <Latency = 0> <II = 1> <Delay = 1.87> <IPBlock> <Opcode : 'add' 'sub'> <InPorts = 3> <OutPorts = 1> <Sync> <CReg>
ST_1 : Operation 60 [1/1] (0.00ns)   --->   "%br_ln85 = br i1 %and_ln85_read, void %for.inc50, void %if.then" [../src/conv.cpp:85]   --->   Operation 60 'br' 'br_ln85' <Predicate = (!icmp_ln78)> <Delay = 0.00>
ST_1 : Operation 61 [1/1] (0.00ns)   --->   "%br_ln85 = br i1 %icmp_ln85, void %for.inc50.159, void %if.then.122" [../src/conv.cpp:85]   --->   Operation 61 'br' 'br_ln85' <Predicate = (!icmp_ln78)> <Delay = 0.00>
ST_1 : Operation 62 [1/1] (0.00ns)   --->   "%br_ln85 = br i1 %and_ln85_1_read, void %for.inc50.2107, void %if.then.270" [../src/conv.cpp:85]   --->   Operation 62 'br' 'br_ln85' <Predicate = (!icmp_ln78)> <Delay = 0.00>
ST_1 : Operation 63 [1/1] (0.00ns)   --->   "%br_ln85 = br i1 %icmp_ln85_1, void %if.then.1.1, void %if.then.1" [../src/conv.cpp:85]   --->   Operation 63 'br' 'br_ln85' <Predicate = (!icmp_ln78)> <Delay = 0.00>
ST_1 : Operation 64 [1/1] (0.00ns)   --->   "%br_ln85 = br i1 %and_ln85_2_read, void %for.inc50.2, void %if.then.2" [../src/conv.cpp:85]   --->   Operation 64 'br' 'br_ln85' <Predicate = (!icmp_ln78)> <Delay = 0.00>
ST_1 : Operation 65 [1/1] (0.00ns)   --->   "%br_ln85 = br i1 %icmp_ln85_3, void %for.inc50.2.1, void %if.then.2.1" [../src/conv.cpp:85]   --->   Operation 65 'br' 'br_ln85' <Predicate = (!icmp_ln78)> <Delay = 0.00>
ST_1 : Operation 66 [1/1] (0.00ns)   --->   "%br_ln85 = br i1 %and_ln85_3_read, void %for.inc50.2.2, void %if.then.2.2" [../src/conv.cpp:85]   --->   Operation 66 'br' 'br_ln85' <Predicate = (!icmp_ln78)> <Delay = 0.00>
ST_1 : Operation 67 [1/1] (1.58ns)   --->   "%store_ln78 = store i4 %add_ln78, i4 %ci" [../src/conv.cpp:78]   --->   Operation 67 'store' 'store_ln78' <Predicate = (!icmp_ln78)> <Delay = 1.58>

State 2 <SV = 1> <Delay = 8.64>
ST_2 : Operation 68 [1/1] (0.00ns)   --->   "%phi_mul_load = load i11 %phi_mul" [../src/conv.cpp:86]   --->   Operation 68 'load' 'phi_mul_load' <Predicate = true> <Delay = 0.00>
ST_2 : Operation 69 [1/1] (0.00ns)   --->   "%zext_ln78 = zext i4 %ci_1" [../src/conv.cpp:78]   --->   Operation 69 'zext' 'zext_ln78' <Predicate = (!icmp_ln78)> <Delay = 0.00>
ST_2 : Operation 70 [1/1] (0.00ns)   --->   "%trunc_ln78 = trunc i4 %ci_1" [../src/conv.cpp:78]   --->   Operation 70 'trunc' 'trunc_ln78' <Predicate = (!icmp_ln78)> <Delay = 0.00>
ST_2 : Operation 71 [1/1] (0.00ns)   --->   "%specpipeline_ln79 = specpipeline void @_ssdm_op_SpecPipeline, i32 1, i32 0, i32 0, i32 0, i32 4294967295, void @empty_22" [../src/conv.cpp:79]   --->   Operation 71 'specpipeline' 'specpipeline_ln79' <Predicate = (!icmp_ln78)> <Delay = 0.00>
ST_2 : Operation 72 [1/1] (0.00ns)   --->   "%speclooptripcount_ln78 = speclooptripcount void @_ssdm_op_SpecLoopTripCount, i64 8, i64 8, i64 8" [../src/conv.cpp:78]   --->   Operation 72 'speclooptripcount' 'speclooptripcount_ln78' <Predicate = (!icmp_ln78)> <Delay = 0.00>
ST_2 : Operation 73 [1/1] (0.00ns)   --->   "%specloopname_ln78 = specloopname void @_ssdm_op_SpecLoopName, void @empty_4" [../src/conv.cpp:78]   --->   Operation 73 'specloopname' 'specloopname_ln78' <Predicate = (!icmp_ln78)> <Delay = 0.00>
ST_2 : Operation 74 [1/1] (1.63ns)   --->   "%add_ln89_2 = add i11 %phi_mul_load, i11 196" [../src/conv.cpp:89]   --->   Operation 74 'add' 'add_ln89_2' <Predicate = (!icmp_ln78)> <Delay = 1.63> <CoreInst = "Adder">   --->   Core 1 'Adder' <Latency = 0> <II = 1> <Delay = 1.63> <FuncUnit> <Opcode : 'add' 'sub'> <InPorts = 2> <OutPorts = 1>
ST_2 : Operation 75 [1/1] (1.87ns)   --->   "%add_ln89 = add i7 %zext_ln78, i7 %shl_ln_read" [../src/conv.cpp:89]   --->   Operation 75 'add' 'add_ln89' <Predicate = (!icmp_ln78)> <Delay = 1.87> <CoreInst = "Adder">   --->   Core 1 'Adder' <Latency = 0> <II = 1> <Delay = 1.87> <FuncUnit> <Opcode : 'add' 'sub'> <InPorts = 2> <OutPorts = 1>
ST_2 : Operation 76 [1/1] (0.00ns)   --->   "%zext_ln86 = zext i7 %add_ln89" [../src/conv.cpp:86]   --->   Operation 76 'zext' 'zext_ln86' <Predicate = (!icmp_ln78)> <Delay = 0.00>
ST_2 : Operation 77 [1/1] (0.00ns) (grouped into TernaryAdder)   --->   "%add_ln86 = add i11 %phi_mul_load, i11 2034" [../src/conv.cpp:86]   --->   Operation 77 'add' 'add_ln86' <Predicate = (!icmp_ln78)> <Delay = 0.00> <CoreInst = "TAddSub">   --->   Core 10 'TAddSub' <Latency = 0> <II = 1> <Delay = 1.87> <IPBlock> <Opcode : 'add' 'sub'> <InPorts = 3> <OutPorts = 1> <Sync> <CReg>
ST_2 : Operation 78 [1/1] (3.75ns) (root node of TernaryAdder)   --->   "%add_ln86_1 = add i11 %add_ln86, i11 %zext_ln82_cast" [../src/conv.cpp:86]   --->   Operation 78 'add' 'add_ln86_1' <Predicate = (!icmp_ln78)> <Delay = 3.75> <CoreInst = "TAddSub">   --->   Core 10 'TAddSub' <Latency = 0> <II = 1> <Delay = 1.87> <IPBlock> <Opcode : 'add' 'sub'> <InPorts = 3> <OutPorts = 1> <Sync> <CReg>
ST_2 : Operation 79 [1/1] (1.63ns)   --->   "%add_ln86_4 = add i11 %add_ln86_1, i11 %sext_ln85_cast" [../src/conv.cpp:86]   --->   Operation 79 'add' 'add_ln86_4' <Predicate = (!icmp_ln78 & and_ln85_read)> <Delay = 1.63> <CoreInst = "Adder">   --->   Core 1 'Adder' <Latency = 0> <II = 1> <Delay = 1.63> <FuncUnit> <Opcode : 'add' 'sub'> <InPorts = 2> <OutPorts = 1>
ST_2 : Operation 80 [1/1] (0.00ns)   --->   "%lshr_ln1 = partselect i8 @_ssdm_op_PartSelect.i8.i11.i32.i32, i11 %add_ln86_4, i32 3, i32 10" [../src/conv.cpp:89]   --->   Operation 80 'partselect' 'lshr_ln1' <Predicate = (!icmp_ln78 & and_ln85_read)> <Delay = 0.00>
ST_2 : Operation 81 [1/1] (0.00ns)   --->   "%zext_ln89 = zext i8 %lshr_ln1" [../src/conv.cpp:89]   --->   Operation 81 'zext' 'zext_ln89' <Predicate = (!icmp_ln78 & and_ln85_read)> <Delay = 0.00>
ST_2 : Operation 82 [1/1] (0.00ns)   --->   "%input_0_addr = getelementptr i7 %input_0, i64 0, i64 %zext_ln89" [../src/conv.cpp:89]   --->   Operation 82 'getelementptr' 'input_0_addr' <Predicate = (!icmp_ln78 & and_ln85_read & add_ln86_3 == 7)> <Delay = 0.00>
ST_2 : Operation 83 [1/1] (0.00ns)   --->   "%input_1_addr = getelementptr i7 %input_1, i64 0, i64 %zext_ln89" [../src/conv.cpp:89]   --->   Operation 83 'getelementptr' 'input_1_addr' <Predicate = (!icmp_ln78 & and_ln85_read & add_ln86_3 == 0)> <Delay = 0.00>
ST_2 : Operation 84 [1/1] (0.00ns)   --->   "%input_2_addr = getelementptr i7 %input_2, i64 0, i64 %zext_ln89" [../src/conv.cpp:89]   --->   Operation 84 'getelementptr' 'input_2_addr' <Predicate = (!icmp_ln78 & and_ln85_read & add_ln86_3 == 1)> <Delay = 0.00>
ST_2 : Operation 85 [1/1] (0.00ns)   --->   "%input_3_addr = getelementptr i7 %input_3, i64 0, i64 %zext_ln89" [../src/conv.cpp:89]   --->   Operation 85 'getelementptr' 'input_3_addr' <Predicate = (!icmp_ln78 & and_ln85_read & add_ln86_3 == 2)> <Delay = 0.00>
ST_2 : Operation 86 [1/1] (0.00ns)   --->   "%input_4_addr = getelementptr i7 %input_4, i64 0, i64 %zext_ln89" [../src/conv.cpp:89]   --->   Operation 86 'getelementptr' 'input_4_addr' <Predicate = (!icmp_ln78 & and_ln85_read & add_ln86_3 == 3)> <Delay = 0.00>
ST_2 : Operation 87 [1/1] (0.00ns)   --->   "%input_5_addr = getelementptr i7 %input_5, i64 0, i64 %zext_ln89" [../src/conv.cpp:89]   --->   Operation 87 'getelementptr' 'input_5_addr' <Predicate = (!icmp_ln78 & and_ln85_read & add_ln86_3 == 4)> <Delay = 0.00>
ST_2 : Operation 88 [1/1] (0.00ns)   --->   "%input_6_addr = getelementptr i7 %input_6, i64 0, i64 %zext_ln89" [../src/conv.cpp:89]   --->   Operation 88 'getelementptr' 'input_6_addr' <Predicate = (!icmp_ln78 & and_ln85_read & add_ln86_3 == 5)> <Delay = 0.00>
ST_2 : Operation 89 [1/1] (0.00ns)   --->   "%input_7_addr = getelementptr i7 %input_7, i64 0, i64 %zext_ln89" [../src/conv.cpp:89]   --->   Operation 89 'getelementptr' 'input_7_addr' <Predicate = (!icmp_ln78 & and_ln85_read & add_ln86_3 == 6)> <Delay = 0.00>
ST_2 : Operation 90 [2/2] (3.25ns)   --->   "%input_0_load = load i8 %input_0_addr" [../src/conv.cpp:89]   --->   Operation 90 'load' 'input_0_load' <Predicate = (!icmp_ln78 & and_ln85_read & add_ln86_3 == 7)> <Delay = 3.25> <CoreInst = "RAM_2P_BRAM">   --->   Core 90 'RAM_2P_BRAM' <Latency = 1> <II = 1> <Delay = 3.25> <Storage> <Opcode : 'load' 'store'> <Ports = 2> <Width = 7> <Depth = 196> <RAM>
ST_2 : Operation 91 [2/2] (3.25ns)   --->   "%input_1_load = load i8 %input_1_addr" [../src/conv.cpp:89]   --->   Operation 91 'load' 'input_1_load' <Predicate = (!icmp_ln78 & and_ln85_read & add_ln86_3 == 0)> <Delay = 3.25> <CoreInst = "RAM_2P_BRAM">   --->   Core 90 'RAM_2P_BRAM' <Latency = 1> <II = 1> <Delay = 3.25> <Storage> <Opcode : 'load' 'store'> <Ports = 2> <Width = 7> <Depth = 196> <RAM>
ST_2 : Operation 92 [2/2] (3.25ns)   --->   "%input_2_load = load i8 %input_2_addr" [../src/conv.cpp:89]   --->   Operation 92 'load' 'input_2_load' <Predicate = (!icmp_ln78 & and_ln85_read & add_ln86_3 == 1)> <Delay = 3.25> <CoreInst = "RAM_2P_BRAM">   --->   Core 90 'RAM_2P_BRAM' <Latency = 1> <II = 1> <Delay = 3.25> <Storage> <Opcode : 'load' 'store'> <Ports = 2> <Width = 7> <Depth = 196> <RAM>
ST_2 : Operation 93 [2/2] (3.25ns)   --->   "%input_3_load = load i8 %input_3_addr" [../src/conv.cpp:89]   --->   Operation 93 'load' 'input_3_load' <Predicate = (!icmp_ln78 & and_ln85_read & add_ln86_3 == 2)> <Delay = 3.25> <CoreInst = "RAM_2P_BRAM">   --->   Core 90 'RAM_2P_BRAM' <Latency = 1> <II = 1> <Delay = 3.25> <Storage> <Opcode : 'load' 'store'> <Ports = 2> <Width = 7> <Depth = 196> <RAM>
ST_2 : Operation 94 [2/2] (3.25ns)   --->   "%input_4_load = load i8 %input_4_addr" [../src/conv.cpp:89]   --->   Operation 94 'load' 'input_4_load' <Predicate = (!icmp_ln78 & and_ln85_read & add_ln86_3 == 3)> <Delay = 3.25> <CoreInst = "RAM_2P_BRAM">   --->   Core 90 'RAM_2P_BRAM' <Latency = 1> <II = 1> <Delay = 3.25> <Storage> <Opcode : 'load' 'store'> <Ports = 2> <Width = 7> <Depth = 196> <RAM>
ST_2 : Operation 95 [2/2] (3.25ns)   --->   "%input_5_load = load i8 %input_5_addr" [../src/conv.cpp:89]   --->   Operation 95 'load' 'input_5_load' <Predicate = (!icmp_ln78 & and_ln85_read & add_ln86_3 == 4)> <Delay = 3.25> <CoreInst = "RAM_2P_BRAM">   --->   Core 90 'RAM_2P_BRAM' <Latency = 1> <II = 1> <Delay = 3.25> <Storage> <Opcode : 'load' 'store'> <Ports = 2> <Width = 7> <Depth = 196> <RAM>
ST_2 : Operation 96 [2/2] (3.25ns)   --->   "%input_6_load = load i8 %input_6_addr" [../src/conv.cpp:89]   --->   Operation 96 'load' 'input_6_load' <Predicate = (!icmp_ln78 & and_ln85_read & add_ln86_3 == 5)> <Delay = 3.25> <CoreInst = "RAM_2P_BRAM">   --->   Core 90 'RAM_2P_BRAM' <Latency = 1> <II = 1> <Delay = 3.25> <Storage> <Opcode : 'load' 'store'> <Ports = 2> <Width = 7> <Depth = 196> <RAM>
ST_2 : Operation 97 [2/2] (3.25ns)   --->   "%input_7_load = load i8 %input_7_addr" [../src/conv.cpp:89]   --->   Operation 97 'load' 'input_7_load' <Predicate = (!icmp_ln78 & and_ln85_read & add_ln86_3 == 6)> <Delay = 3.25> <CoreInst = "RAM_2P_BRAM">   --->   Core 90 'RAM_2P_BRAM' <Latency = 1> <II = 1> <Delay = 3.25> <Storage> <Opcode : 'load' 'store'> <Ports = 2> <Width = 7> <Depth = 196> <RAM>
ST_2 : Operation 98 [1/1] (0.00ns)   --->   "%p_ZL12conv2_weight_0_addr = getelementptr i3 %p_ZL12conv2_weight_0, i64 0, i64 %zext_ln86" [../src/conv.cpp:89]   --->   Operation 98 'getelementptr' 'p_ZL12conv2_weight_0_addr' <Predicate = (!icmp_ln78 & and_ln85_read)> <Delay = 0.00>
ST_2 : Operation 99 [2/2] (2.32ns)   --->   "%p_ZL12conv2_weight_0_load = load i7 %p_ZL12conv2_weight_0_addr" [../src/conv.cpp:89]   --->   Operation 99 'load' 'p_ZL12conv2_weight_0_load' <Predicate = (!icmp_ln78 & and_ln85_read)> <Delay = 2.32> <CoreInst = "ROM">   --->   Core 94 'ROM' <Latency = 1> <II = 1> <Delay = 2.32> <Storage> <Opcode : 'load'> <Ports = 0> <Width = 3> <Depth = 128> <ROM>
ST_2 : Operation 100 [1/1] (1.63ns)   --->   "%add_ln86_5 = add i11 %add_ln86_1, i11 %zext_ln70_1_cast" [../src/conv.cpp:86]   --->   Operation 100 'add' 'add_ln86_5' <Predicate = (!icmp_ln78 & icmp_ln85)> <Delay = 1.63> <CoreInst = "Adder">   --->   Core 1 'Adder' <Latency = 0> <II = 1> <Delay = 1.63> <FuncUnit> <Opcode : 'add' 'sub'> <InPorts = 2> <OutPorts = 1>
ST_2 : Operation 101 [1/1] (0.00ns)   --->   "%lshr_ln2 = partselect i8 @_ssdm_op_PartSelect.i8.i11.i32.i32, i11 %add_ln86_5, i32 3, i32 10" [../src/conv.cpp:87]   --->   Operation 101 'partselect' 'lshr_ln2' <Predicate = (!icmp_ln78 & icmp_ln85)> <Delay = 0.00>
ST_2 : Operation 102 [1/1] (0.00ns)   --->   "%zext_ln89_2 = zext i8 %lshr_ln2" [../src/conv.cpp:89]   --->   Operation 102 'zext' 'zext_ln89_2' <Predicate = (!icmp_ln78 & icmp_ln85)> <Delay = 0.00>
ST_2 : Operation 103 [1/1] (0.00ns)   --->   "%input_0_addr_5 = getelementptr i7 %input_0, i64 0, i64 %zext_ln89_2" [../src/conv.cpp:89]   --->   Operation 103 'getelementptr' 'input_0_addr_5' <Predicate = (!icmp_ln78 & icmp_ln85 & add_ln86_3 == 6)> <Delay = 0.00>
ST_2 : Operation 104 [1/1] (0.00ns)   --->   "%input_1_addr_5 = getelementptr i7 %input_1, i64 0, i64 %zext_ln89_2" [../src/conv.cpp:89]   --->   Operation 104 'getelementptr' 'input_1_addr_5' <Predicate = (!icmp_ln78 & icmp_ln85 & add_ln86_3 == 7)> <Delay = 0.00>
ST_2 : Operation 105 [1/1] (0.00ns)   --->   "%input_2_addr_4 = getelementptr i7 %input_2, i64 0, i64 %zext_ln89_2" [../src/conv.cpp:89]   --->   Operation 105 'getelementptr' 'input_2_addr_4' <Predicate = (!icmp_ln78 & icmp_ln85 & add_ln86_3 == 0)> <Delay = 0.00>
ST_2 : Operation 106 [1/1] (0.00ns)   --->   "%input_3_addr_4 = getelementptr i7 %input_3, i64 0, i64 %zext_ln89_2" [../src/conv.cpp:89]   --->   Operation 106 'getelementptr' 'input_3_addr_4' <Predicate = (!icmp_ln78 & icmp_ln85 & add_ln86_3 == 1)> <Delay = 0.00>
ST_2 : Operation 107 [1/1] (0.00ns)   --->   "%input_4_addr_4 = getelementptr i7 %input_4, i64 0, i64 %zext_ln89_2" [../src/conv.cpp:89]   --->   Operation 107 'getelementptr' 'input_4_addr_4' <Predicate = (!icmp_ln78 & icmp_ln85 & add_ln86_3 == 2)> <Delay = 0.00>
ST_2 : Operation 108 [1/1] (0.00ns)   --->   "%input_5_addr_1 = getelementptr i7 %input_5, i64 0, i64 %zext_ln89_2" [../src/conv.cpp:89]   --->   Operation 108 'getelementptr' 'input_5_addr_1' <Predicate = (!icmp_ln78 & icmp_ln85 & add_ln86_3 == 3)> <Delay = 0.00>
ST_2 : Operation 109 [1/1] (0.00ns)   --->   "%input_6_addr_1 = getelementptr i7 %input_6, i64 0, i64 %zext_ln89_2" [../src/conv.cpp:89]   --->   Operation 109 'getelementptr' 'input_6_addr_1' <Predicate = (!icmp_ln78 & icmp_ln85 & add_ln86_3 == 4)> <Delay = 0.00>
ST_2 : Operation 110 [1/1] (0.00ns)   --->   "%input_7_addr_1 = getelementptr i7 %input_7, i64 0, i64 %zext_ln89_2" [../src/conv.cpp:89]   --->   Operation 110 'getelementptr' 'input_7_addr_1' <Predicate = (!icmp_ln78 & icmp_ln85 & add_ln86_3 == 5)> <Delay = 0.00>
ST_2 : Operation 111 [2/2] (3.25ns)   --->   "%input_0_load_4 = load i8 %input_0_addr_5" [../src/conv.cpp:89]   --->   Operation 111 'load' 'input_0_load_4' <Predicate = (!icmp_ln78 & icmp_ln85 & add_ln86_3 == 6)> <Delay = 3.25> <CoreInst = "RAM_2P_BRAM">   --->   Core 90 'RAM_2P_BRAM' <Latency = 1> <II = 1> <Delay = 3.25> <Storage> <Opcode : 'load' 'store'> <Ports = 2> <Width = 7> <Depth = 196> <RAM>
ST_2 : Operation 112 [2/2] (3.25ns)   --->   "%input_1_load_4 = load i8 %input_1_addr_5" [../src/conv.cpp:89]   --->   Operation 112 'load' 'input_1_load_4' <Predicate = (!icmp_ln78 & icmp_ln85 & add_ln86_3 == 7)> <Delay = 3.25> <CoreInst = "RAM_2P_BRAM">   --->   Core 90 'RAM_2P_BRAM' <Latency = 1> <II = 1> <Delay = 3.25> <Storage> <Opcode : 'load' 'store'> <Ports = 2> <Width = 7> <Depth = 196> <RAM>
ST_2 : Operation 113 [2/2] (3.25ns)   --->   "%input_2_load_4 = load i8 %input_2_addr_4" [../src/conv.cpp:89]   --->   Operation 113 'load' 'input_2_load_4' <Predicate = (!icmp_ln78 & icmp_ln85 & add_ln86_3 == 0)> <Delay = 3.25> <CoreInst = "RAM_2P_BRAM">   --->   Core 90 'RAM_2P_BRAM' <Latency = 1> <II = 1> <Delay = 3.25> <Storage> <Opcode : 'load' 'store'> <Ports = 2> <Width = 7> <Depth = 196> <RAM>
ST_2 : Operation 114 [2/2] (3.25ns)   --->   "%input_3_load_4 = load i8 %input_3_addr_4" [../src/conv.cpp:89]   --->   Operation 114 'load' 'input_3_load_4' <Predicate = (!icmp_ln78 & icmp_ln85 & add_ln86_3 == 1)> <Delay = 3.25> <CoreInst = "RAM_2P_BRAM">   --->   Core 90 'RAM_2P_BRAM' <Latency = 1> <II = 1> <Delay = 3.25> <Storage> <Opcode : 'load' 'store'> <Ports = 2> <Width = 7> <Depth = 196> <RAM>
ST_2 : Operation 115 [2/2] (3.25ns)   --->   "%input_4_load_4 = load i8 %input_4_addr_4" [../src/conv.cpp:89]   --->   Operation 115 'load' 'input_4_load_4' <Predicate = (!icmp_ln78 & icmp_ln85 & add_ln86_3 == 2)> <Delay = 3.25> <CoreInst = "RAM_2P_BRAM">   --->   Core 90 'RAM_2P_BRAM' <Latency = 1> <II = 1> <Delay = 3.25> <Storage> <Opcode : 'load' 'store'> <Ports = 2> <Width = 7> <Depth = 196> <RAM>
ST_2 : Operation 116 [2/2] (3.25ns)   --->   "%input_5_load_1 = load i8 %input_5_addr_1" [../src/conv.cpp:89]   --->   Operation 116 'load' 'input_5_load_1' <Predicate = (!icmp_ln78 & icmp_ln85 & add_ln86_3 == 3)> <Delay = 3.25> <CoreInst = "RAM_2P_BRAM">   --->   Core 90 'RAM_2P_BRAM' <Latency = 1> <II = 1> <Delay = 3.25> <Storage> <Opcode : 'load' 'store'> <Ports = 2> <Width = 7> <Depth = 196> <RAM>
ST_2 : Operation 117 [2/2] (3.25ns)   --->   "%input_6_load_1 = load i8 %input_6_addr_1" [../src/conv.cpp:89]   --->   Operation 117 'load' 'input_6_load_1' <Predicate = (!icmp_ln78 & icmp_ln85 & add_ln86_3 == 4)> <Delay = 3.25> <CoreInst = "RAM_2P_BRAM">   --->   Core 90 'RAM_2P_BRAM' <Latency = 1> <II = 1> <Delay = 3.25> <Storage> <Opcode : 'load' 'store'> <Ports = 2> <Width = 7> <Depth = 196> <RAM>
ST_2 : Operation 118 [2/2] (3.25ns)   --->   "%input_7_load_1 = load i8 %input_7_addr_1" [../src/conv.cpp:89]   --->   Operation 118 'load' 'input_7_load_1' <Predicate = (!icmp_ln78 & icmp_ln85 & add_ln86_3 == 5)> <Delay = 3.25> <CoreInst = "RAM_2P_BRAM">   --->   Core 90 'RAM_2P_BRAM' <Latency = 1> <II = 1> <Delay = 3.25> <Storage> <Opcode : 'load' 'store'> <Ports = 2> <Width = 7> <Depth = 196> <RAM>
ST_2 : Operation 119 [1/1] (0.00ns)   --->   "%p_ZL12conv2_weight_1_addr = getelementptr i4 %p_ZL12conv2_weight_1, i64 0, i64 %zext_ln86" [../src/conv.cpp:89]   --->   Operation 119 'getelementptr' 'p_ZL12conv2_weight_1_addr' <Predicate = (!icmp_ln78 & icmp_ln85)> <Delay = 0.00>
ST_2 : Operation 120 [2/2] (2.32ns)   --->   "%p_ZL12conv2_weight_1_load = load i7 %p_ZL12conv2_weight_1_addr" [../src/conv.cpp:89]   --->   Operation 120 'load' 'p_ZL12conv2_weight_1_load' <Predicate = (!icmp_ln78 & icmp_ln85)> <Delay = 2.32> <CoreInst = "ROM">   --->   Core 94 'ROM' <Latency = 1> <II = 1> <Delay = 2.32> <Storage> <Opcode : 'load'> <Ports = 0> <Width = 4> <Depth = 128> <ROM>
ST_2 : Operation 121 [1/1] (1.63ns)   --->   "%add_ln86_6 = add i11 %add_ln86_1, i11 %zext_ln85_1_cast" [../src/conv.cpp:86]   --->   Operation 121 'add' 'add_ln86_6' <Predicate = (!icmp_ln78 & and_ln85_1_read)> <Delay = 1.63> <CoreInst = "Adder">   --->   Core 1 'Adder' <Latency = 0> <II = 1> <Delay = 1.63> <FuncUnit> <Opcode : 'add' 'sub'> <InPorts = 2> <OutPorts = 1>
ST_2 : Operation 122 [1/1] (0.00ns)   --->   "%lshr_ln87_1 = partselect i8 @_ssdm_op_PartSelect.i8.i11.i32.i32, i11 %add_ln86_6, i32 3, i32 10" [../src/conv.cpp:87]   --->   Operation 122 'partselect' 'lshr_ln87_1' <Predicate = (!icmp_ln78 & and_ln85_1_read)> <Delay = 0.00>
ST_2 : Operation 123 [1/1] (0.00ns)   --->   "%zext_ln89_4 = zext i8 %lshr_ln87_1" [../src/conv.cpp:89]   --->   Operation 123 'zext' 'zext_ln89_4' <Predicate = (!icmp_ln78 & and_ln85_1_read)> <Delay = 0.00>
ST_2 : Operation 124 [1/1] (0.00ns)   --->   "%input_0_addr_6 = getelementptr i7 %input_0, i64 0, i64 %zext_ln89_4" [../src/conv.cpp:89]   --->   Operation 124 'getelementptr' 'input_0_addr_6' <Predicate = (!icmp_ln78 & and_ln85_1_read & add_ln86_3 == 5)> <Delay = 0.00>
ST_2 : Operation 125 [1/1] (0.00ns)   --->   "%input_1_addr_6 = getelementptr i7 %input_1, i64 0, i64 %zext_ln89_4" [../src/conv.cpp:89]   --->   Operation 125 'getelementptr' 'input_1_addr_6' <Predicate = (!icmp_ln78 & and_ln85_1_read & add_ln86_3 == 6)> <Delay = 0.00>
ST_2 : Operation 126 [1/1] (0.00ns)   --->   "%input_2_addr_5 = getelementptr i7 %input_2, i64 0, i64 %zext_ln89_4" [../src/conv.cpp:89]   --->   Operation 126 'getelementptr' 'input_2_addr_5' <Predicate = (!icmp_ln78 & and_ln85_1_read & add_ln86_3 == 7)> <Delay = 0.00>
ST_2 : Operation 127 [1/1] (0.00ns)   --->   "%input_3_addr_5 = getelementptr i7 %input_3, i64 0, i64 %zext_ln89_4" [../src/conv.cpp:89]   --->   Operation 127 'getelementptr' 'input_3_addr_5' <Predicate = (!icmp_ln78 & and_ln85_1_read & add_ln86_3 == 0)> <Delay = 0.00>
ST_2 : Operation 128 [1/1] (0.00ns)   --->   "%input_4_addr_5 = getelementptr i7 %input_4, i64 0, i64 %zext_ln89_4" [../src/conv.cpp:89]   --->   Operation 128 'getelementptr' 'input_4_addr_5' <Predicate = (!icmp_ln78 & and_ln85_1_read & add_ln86_3 == 1)> <Delay = 0.00>
ST_2 : Operation 129 [1/1] (0.00ns)   --->   "%input_5_addr_2 = getelementptr i7 %input_5, i64 0, i64 %zext_ln89_4" [../src/conv.cpp:89]   --->   Operation 129 'getelementptr' 'input_5_addr_2' <Predicate = (!icmp_ln78 & and_ln85_1_read & add_ln86_3 == 2)> <Delay = 0.00>
ST_2 : Operation 130 [1/1] (0.00ns)   --->   "%input_6_addr_2 = getelementptr i7 %input_6, i64 0, i64 %zext_ln89_4" [../src/conv.cpp:89]   --->   Operation 130 'getelementptr' 'input_6_addr_2' <Predicate = (!icmp_ln78 & and_ln85_1_read & add_ln86_3 == 3)> <Delay = 0.00>
ST_2 : Operation 131 [1/1] (0.00ns)   --->   "%input_7_addr_2 = getelementptr i7 %input_7, i64 0, i64 %zext_ln89_4" [../src/conv.cpp:89]   --->   Operation 131 'getelementptr' 'input_7_addr_2' <Predicate = (!icmp_ln78 & and_ln85_1_read & add_ln86_3 == 4)> <Delay = 0.00>
ST_2 : Operation 132 [2/2] (3.25ns)   --->   "%input_0_load_5 = load i8 %input_0_addr_6" [../src/conv.cpp:89]   --->   Operation 132 'load' 'input_0_load_5' <Predicate = (!icmp_ln78 & and_ln85_1_read & add_ln86_3 == 5)> <Delay = 3.25> <CoreInst = "RAM_2P_BRAM">   --->   Core 90 'RAM_2P_BRAM' <Latency = 1> <II = 1> <Delay = 3.25> <Storage> <Opcode : 'load' 'store'> <Ports = 2> <Width = 7> <Depth = 196> <RAM>
ST_2 : Operation 133 [2/2] (3.25ns)   --->   "%input_1_load_5 = load i8 %input_1_addr_6" [../src/conv.cpp:89]   --->   Operation 133 'load' 'input_1_load_5' <Predicate = (!icmp_ln78 & and_ln85_1_read & add_ln86_3 == 6)> <Delay = 3.25> <CoreInst = "RAM_2P_BRAM">   --->   Core 90 'RAM_2P_BRAM' <Latency = 1> <II = 1> <Delay = 3.25> <Storage> <Opcode : 'load' 'store'> <Ports = 2> <Width = 7> <Depth = 196> <RAM>
ST_2 : Operation 134 [2/2] (3.25ns)   --->   "%input_2_load_5 = load i8 %input_2_addr_5" [../src/conv.cpp:89]   --->   Operation 134 'load' 'input_2_load_5' <Predicate = (!icmp_ln78 & and_ln85_1_read & add_ln86_3 == 7)> <Delay = 3.25> <CoreInst = "RAM_2P_BRAM">   --->   Core 90 'RAM_2P_BRAM' <Latency = 1> <II = 1> <Delay = 3.25> <Storage> <Opcode : 'load' 'store'> <Ports = 2> <Width = 7> <Depth = 196> <RAM>
ST_2 : Operation 135 [2/2] (3.25ns)   --->   "%input_3_load_5 = load i8 %input_3_addr_5" [../src/conv.cpp:89]   --->   Operation 135 'load' 'input_3_load_5' <Predicate = (!icmp_ln78 & and_ln85_1_read & add_ln86_3 == 0)> <Delay = 3.25> <CoreInst = "RAM_2P_BRAM">   --->   Core 90 'RAM_2P_BRAM' <Latency = 1> <II = 1> <Delay = 3.25> <Storage> <Opcode : 'load' 'store'> <Ports = 2> <Width = 7> <Depth = 196> <RAM>
ST_2 : Operation 136 [2/2] (3.25ns)   --->   "%input_4_load_5 = load i8 %input_4_addr_5" [../src/conv.cpp:89]   --->   Operation 136 'load' 'input_4_load_5' <Predicate = (!icmp_ln78 & and_ln85_1_read & add_ln86_3 == 1)> <Delay = 3.25> <CoreInst = "RAM_2P_BRAM">   --->   Core 90 'RAM_2P_BRAM' <Latency = 1> <II = 1> <Delay = 3.25> <Storage> <Opcode : 'load' 'store'> <Ports = 2> <Width = 7> <Depth = 196> <RAM>
ST_2 : Operation 137 [2/2] (3.25ns)   --->   "%input_5_load_2 = load i8 %input_5_addr_2" [../src/conv.cpp:89]   --->   Operation 137 'load' 'input_5_load_2' <Predicate = (!icmp_ln78 & and_ln85_1_read & add_ln86_3 == 2)> <Delay = 3.25> <CoreInst = "RAM_2P_BRAM">   --->   Core 90 'RAM_2P_BRAM' <Latency = 1> <II = 1> <Delay = 3.25> <Storage> <Opcode : 'load' 'store'> <Ports = 2> <Width = 7> <Depth = 196> <RAM>
ST_2 : Operation 138 [2/2] (3.25ns)   --->   "%input_6_load_2 = load i8 %input_6_addr_2" [../src/conv.cpp:89]   --->   Operation 138 'load' 'input_6_load_2' <Predicate = (!icmp_ln78 & and_ln85_1_read & add_ln86_3 == 3)> <Delay = 3.25> <CoreInst = "RAM_2P_BRAM">   --->   Core 90 'RAM_2P_BRAM' <Latency = 1> <II = 1> <Delay = 3.25> <Storage> <Opcode : 'load' 'store'> <Ports = 2> <Width = 7> <Depth = 196> <RAM>
ST_2 : Operation 139 [2/2] (3.25ns)   --->   "%input_7_load_2 = load i8 %input_7_addr_2" [../src/conv.cpp:89]   --->   Operation 139 'load' 'input_7_load_2' <Predicate = (!icmp_ln78 & and_ln85_1_read & add_ln86_3 == 4)> <Delay = 3.25> <CoreInst = "RAM_2P_BRAM">   --->   Core 90 'RAM_2P_BRAM' <Latency = 1> <II = 1> <Delay = 3.25> <Storage> <Opcode : 'load' 'store'> <Ports = 2> <Width = 7> <Depth = 196> <RAM>
ST_2 : Operation 140 [1/1] (0.00ns)   --->   "%p_ZL12conv2_weight_2_addr = getelementptr i4 %p_ZL12conv2_weight_2, i64 0, i64 %zext_ln86" [../src/conv.cpp:89]   --->   Operation 140 'getelementptr' 'p_ZL12conv2_weight_2_addr' <Predicate = (!icmp_ln78 & and_ln85_1_read)> <Delay = 0.00>
ST_2 : Operation 141 [2/2] (2.32ns)   --->   "%p_ZL12conv2_weight_2_load = load i7 %p_ZL12conv2_weight_2_addr" [../src/conv.cpp:89]   --->   Operation 141 'load' 'p_ZL12conv2_weight_2_load' <Predicate = (!icmp_ln78 & and_ln85_1_read)> <Delay = 2.32> <CoreInst = "ROM">   --->   Core 94 'ROM' <Latency = 1> <II = 1> <Delay = 2.32> <Storage> <Opcode : 'load'> <Ports = 0> <Width = 4> <Depth = 128> <ROM>
ST_2 : Operation 142 [1/1] (1.63ns)   --->   "%add_ln86_7 = add i11 %phi_mul_load, i11 %zext_ln82_cast" [../src/conv.cpp:86]   --->   Operation 142 'add' 'add_ln86_7' <Predicate = (!icmp_ln78)> <Delay = 1.63> <CoreInst = "Adder">   --->   Core 1 'Adder' <Latency = 0> <II = 1> <Delay = 1.63> <FuncUnit> <Opcode : 'add' 'sub'> <InPorts = 2> <OutPorts = 1>
ST_2 : Operation 143 [1/1] (1.63ns)   --->   "%add_ln86_8 = add i11 %add_ln86_7, i11 %sext_ln85_cast" [../src/conv.cpp:86]   --->   Operation 143 'add' 'add_ln86_8' <Predicate = (!icmp_ln78 & icmp_ln85_1)> <Delay = 1.63> <CoreInst = "Adder">   --->   Core 1 'Adder' <Latency = 0> <II = 1> <Delay = 1.63> <FuncUnit> <Opcode : 'add' 'sub'> <InPorts = 2> <OutPorts = 1>
ST_2 : Operation 144 [1/1] (0.00ns)   --->   "%lshr_ln89_4 = partselect i8 @_ssdm_op_PartSelect.i8.i11.i32.i32, i11 %add_ln86_8, i32 3, i32 10" [../src/conv.cpp:89]   --->   Operation 144 'partselect' 'lshr_ln89_4' <Predicate = (!icmp_ln78 & icmp_ln85_1)> <Delay = 0.00>
ST_2 : Operation 145 [1/1] (0.00ns)   --->   "%zext_ln89_6 = zext i8 %lshr_ln89_4" [../src/conv.cpp:89]   --->   Operation 145 'zext' 'zext_ln89_6' <Predicate = (!icmp_ln78 & icmp_ln85_1)> <Delay = 0.00>
ST_2 : Operation 146 [1/1] (0.00ns)   --->   "%input_0_addr_7 = getelementptr i7 %input_0, i64 0, i64 %zext_ln89_6" [../src/conv.cpp:89]   --->   Operation 146 'getelementptr' 'input_0_addr_7' <Predicate = (!icmp_ln78 & icmp_ln85_1 & add_ln86_3 == 1)> <Delay = 0.00>
ST_2 : Operation 147 [1/1] (0.00ns)   --->   "%input_1_addr_7 = getelementptr i7 %input_1, i64 0, i64 %zext_ln89_6" [../src/conv.cpp:89]   --->   Operation 147 'getelementptr' 'input_1_addr_7' <Predicate = (!icmp_ln78 & icmp_ln85_1 & add_ln86_3 == 2)> <Delay = 0.00>
ST_2 : Operation 148 [1/1] (0.00ns)   --->   "%input_2_addr_6 = getelementptr i7 %input_2, i64 0, i64 %zext_ln89_6" [../src/conv.cpp:89]   --->   Operation 148 'getelementptr' 'input_2_addr_6' <Predicate = (!icmp_ln78 & icmp_ln85_1 & add_ln86_3 == 3)> <Delay = 0.00>
ST_2 : Operation 149 [1/1] (0.00ns)   --->   "%input_3_addr_6 = getelementptr i7 %input_3, i64 0, i64 %zext_ln89_6" [../src/conv.cpp:89]   --->   Operation 149 'getelementptr' 'input_3_addr_6' <Predicate = (!icmp_ln78 & icmp_ln85_1 & add_ln86_3 == 4)> <Delay = 0.00>
ST_2 : Operation 150 [1/1] (0.00ns)   --->   "%input_4_addr_6 = getelementptr i7 %input_4, i64 0, i64 %zext_ln89_6" [../src/conv.cpp:89]   --->   Operation 150 'getelementptr' 'input_4_addr_6' <Predicate = (!icmp_ln78 & icmp_ln85_1 & add_ln86_3 == 5)> <Delay = 0.00>
ST_2 : Operation 151 [1/1] (0.00ns)   --->   "%input_5_addr_3 = getelementptr i7 %input_5, i64 0, i64 %zext_ln89_6" [../src/conv.cpp:89]   --->   Operation 151 'getelementptr' 'input_5_addr_3' <Predicate = (!icmp_ln78 & icmp_ln85_1 & add_ln86_3 == 6)> <Delay = 0.00>
ST_2 : Operation 152 [1/1] (0.00ns)   --->   "%input_6_addr_3 = getelementptr i7 %input_6, i64 0, i64 %zext_ln89_6" [../src/conv.cpp:89]   --->   Operation 152 'getelementptr' 'input_6_addr_3' <Predicate = (!icmp_ln78 & icmp_ln85_1 & add_ln86_3 == 7)> <Delay = 0.00>
ST_2 : Operation 153 [1/1] (0.00ns)   --->   "%input_7_addr_3 = getelementptr i7 %input_7, i64 0, i64 %zext_ln89_6" [../src/conv.cpp:89]   --->   Operation 153 'getelementptr' 'input_7_addr_3' <Predicate = (!icmp_ln78 & icmp_ln85_1 & add_ln86_3 == 0)> <Delay = 0.00>
ST_2 : Operation 154 [2/2] (3.25ns)   --->   "%input_0_load_6 = load i8 %input_0_addr_7" [../src/conv.cpp:89]   --->   Operation 154 'load' 'input_0_load_6' <Predicate = (!icmp_ln78 & icmp_ln85_1 & add_ln86_3 == 1)> <Delay = 3.25> <CoreInst = "RAM_2P_BRAM">   --->   Core 90 'RAM_2P_BRAM' <Latency = 1> <II = 1> <Delay = 3.25> <Storage> <Opcode : 'load' 'store'> <Ports = 2> <Width = 7> <Depth = 196> <RAM>
ST_2 : Operation 155 [2/2] (3.25ns)   --->   "%input_1_load_6 = load i8 %input_1_addr_7" [../src/conv.cpp:89]   --->   Operation 155 'load' 'input_1_load_6' <Predicate = (!icmp_ln78 & icmp_ln85_1 & add_ln86_3 == 2)> <Delay = 3.25> <CoreInst = "RAM_2P_BRAM">   --->   Core 90 'RAM_2P_BRAM' <Latency = 1> <II = 1> <Delay = 3.25> <Storage> <Opcode : 'load' 'store'> <Ports = 2> <Width = 7> <Depth = 196> <RAM>
ST_2 : Operation 156 [2/2] (3.25ns)   --->   "%input_2_load_6 = load i8 %input_2_addr_6" [../src/conv.cpp:89]   --->   Operation 156 'load' 'input_2_load_6' <Predicate = (!icmp_ln78 & icmp_ln85_1 & add_ln86_3 == 3)> <Delay = 3.25> <CoreInst = "RAM_2P_BRAM">   --->   Core 90 'RAM_2P_BRAM' <Latency = 1> <II = 1> <Delay = 3.25> <Storage> <Opcode : 'load' 'store'> <Ports = 2> <Width = 7> <Depth = 196> <RAM>
ST_2 : Operation 157 [2/2] (3.25ns)   --->   "%input_3_load_6 = load i8 %input_3_addr_6" [../src/conv.cpp:89]   --->   Operation 157 'load' 'input_3_load_6' <Predicate = (!icmp_ln78 & icmp_ln85_1 & add_ln86_3 == 4)> <Delay = 3.25> <CoreInst = "RAM_2P_BRAM">   --->   Core 90 'RAM_2P_BRAM' <Latency = 1> <II = 1> <Delay = 3.25> <Storage> <Opcode : 'load' 'store'> <Ports = 2> <Width = 7> <Depth = 196> <RAM>
ST_2 : Operation 158 [2/2] (3.25ns)   --->   "%input_4_load_6 = load i8 %input_4_addr_6" [../src/conv.cpp:89]   --->   Operation 158 'load' 'input_4_load_6' <Predicate = (!icmp_ln78 & icmp_ln85_1 & add_ln86_3 == 5)> <Delay = 3.25> <CoreInst = "RAM_2P_BRAM">   --->   Core 90 'RAM_2P_BRAM' <Latency = 1> <II = 1> <Delay = 3.25> <Storage> <Opcode : 'load' 'store'> <Ports = 2> <Width = 7> <Depth = 196> <RAM>
ST_2 : Operation 159 [2/2] (3.25ns)   --->   "%input_5_load_3 = load i8 %input_5_addr_3" [../src/conv.cpp:89]   --->   Operation 159 'load' 'input_5_load_3' <Predicate = (!icmp_ln78 & icmp_ln85_1 & add_ln86_3 == 6)> <Delay = 3.25> <CoreInst = "RAM_2P_BRAM">   --->   Core 90 'RAM_2P_BRAM' <Latency = 1> <II = 1> <Delay = 3.25> <Storage> <Opcode : 'load' 'store'> <Ports = 2> <Width = 7> <Depth = 196> <RAM>
ST_2 : Operation 160 [2/2] (3.25ns)   --->   "%input_6_load_3 = load i8 %input_6_addr_3" [../src/conv.cpp:89]   --->   Operation 160 'load' 'input_6_load_3' <Predicate = (!icmp_ln78 & icmp_ln85_1 & add_ln86_3 == 7)> <Delay = 3.25> <CoreInst = "RAM_2P_BRAM">   --->   Core 90 'RAM_2P_BRAM' <Latency = 1> <II = 1> <Delay = 3.25> <Storage> <Opcode : 'load' 'store'> <Ports = 2> <Width = 7> <Depth = 196> <RAM>
ST_2 : Operation 161 [2/2] (3.25ns)   --->   "%input_7_load_3 = load i8 %input_7_addr_3" [../src/conv.cpp:89]   --->   Operation 161 'load' 'input_7_load_3' <Predicate = (!icmp_ln78 & icmp_ln85_1 & add_ln86_3 == 0)> <Delay = 3.25> <CoreInst = "RAM_2P_BRAM">   --->   Core 90 'RAM_2P_BRAM' <Latency = 1> <II = 1> <Delay = 3.25> <Storage> <Opcode : 'load' 'store'> <Ports = 2> <Width = 7> <Depth = 196> <RAM>
ST_2 : Operation 162 [1/1] (0.00ns)   --->   "%p_ZL12conv2_weight_3_addr = getelementptr i4 %p_ZL12conv2_weight_3, i64 0, i64 %zext_ln86" [../src/conv.cpp:89]   --->   Operation 162 'getelementptr' 'p_ZL12conv2_weight_3_addr' <Predicate = (!icmp_ln78 & icmp_ln85_1)> <Delay = 0.00>
ST_2 : Operation 163 [2/2] (2.32ns)   --->   "%p_ZL12conv2_weight_3_load = load i7 %p_ZL12conv2_weight_3_addr" [../src/conv.cpp:89]   --->   Operation 163 'load' 'p_ZL12conv2_weight_3_load' <Predicate = (!icmp_ln78 & icmp_ln85_1)> <Delay = 2.32> <CoreInst = "ROM">   --->   Core 94 'ROM' <Latency = 1> <II = 1> <Delay = 2.32> <Storage> <Opcode : 'load'> <Ports = 0> <Width = 4> <Depth = 128> <ROM>
ST_2 : Operation 164 [1/1] (1.63ns)   --->   "%add_ln86_9 = add i11 %add_ln86_7, i11 %zext_ln70_1_cast" [../src/conv.cpp:86]   --->   Operation 164 'add' 'add_ln86_9' <Predicate = (!icmp_ln78)> <Delay = 1.63> <CoreInst = "Adder">   --->   Core 1 'Adder' <Latency = 0> <II = 1> <Delay = 1.63> <FuncUnit> <Opcode : 'add' 'sub'> <InPorts = 2> <OutPorts = 1>
ST_2 : Operation 165 [1/1] (0.00ns)   --->   "%lshr_ln87_2 = partselect i8 @_ssdm_op_PartSelect.i8.i11.i32.i32, i11 %add_ln86_9, i32 3, i32 10" [../src/conv.cpp:87]   --->   Operation 165 'partselect' 'lshr_ln87_2' <Predicate = (!icmp_ln78)> <Delay = 0.00>
ST_2 : Operation 166 [1/1] (0.00ns)   --->   "%zext_ln89_8 = zext i8 %lshr_ln87_2" [../src/conv.cpp:89]   --->   Operation 166 'zext' 'zext_ln89_8' <Predicate = (!icmp_ln78)> <Delay = 0.00>
ST_2 : Operation 167 [1/1] (0.00ns)   --->   "%input_0_addr_8 = getelementptr i7 %input_0, i64 0, i64 %zext_ln89_8" [../src/conv.cpp:89]   --->   Operation 167 'getelementptr' 'input_0_addr_8' <Predicate = (!icmp_ln78 & add_ln86_3 == 0)> <Delay = 0.00>
ST_2 : Operation 168 [1/1] (0.00ns)   --->   "%input_1_addr_8 = getelementptr i7 %input_1, i64 0, i64 %zext_ln89_8" [../src/conv.cpp:89]   --->   Operation 168 'getelementptr' 'input_1_addr_8' <Predicate = (!icmp_ln78 & add_ln86_3 == 1)> <Delay = 0.00>
ST_2 : Operation 169 [1/1] (0.00ns)   --->   "%input_2_addr_7 = getelementptr i7 %input_2, i64 0, i64 %zext_ln89_8" [../src/conv.cpp:89]   --->   Operation 169 'getelementptr' 'input_2_addr_7' <Predicate = (!icmp_ln78 & add_ln86_3 == 2)> <Delay = 0.00>
ST_2 : Operation 170 [1/1] (0.00ns)   --->   "%input_3_addr_7 = getelementptr i7 %input_3, i64 0, i64 %zext_ln89_8" [../src/conv.cpp:89]   --->   Operation 170 'getelementptr' 'input_3_addr_7' <Predicate = (!icmp_ln78 & add_ln86_3 == 3)> <Delay = 0.00>
ST_2 : Operation 171 [1/1] (0.00ns)   --->   "%input_4_addr_7 = getelementptr i7 %input_4, i64 0, i64 %zext_ln89_8" [../src/conv.cpp:89]   --->   Operation 171 'getelementptr' 'input_4_addr_7' <Predicate = (!icmp_ln78 & add_ln86_3 == 4)> <Delay = 0.00>
ST_2 : Operation 172 [1/1] (0.00ns)   --->   "%input_5_addr_4 = getelementptr i7 %input_5, i64 0, i64 %zext_ln89_8" [../src/conv.cpp:89]   --->   Operation 172 'getelementptr' 'input_5_addr_4' <Predicate = (!icmp_ln78 & add_ln86_3 == 5)> <Delay = 0.00>
ST_2 : Operation 173 [1/1] (0.00ns)   --->   "%input_6_addr_4 = getelementptr i7 %input_6, i64 0, i64 %zext_ln89_8" [../src/conv.cpp:89]   --->   Operation 173 'getelementptr' 'input_6_addr_4' <Predicate = (!icmp_ln78 & add_ln86_3 == 6)> <Delay = 0.00>
ST_2 : Operation 174 [1/1] (0.00ns)   --->   "%input_7_addr_4 = getelementptr i7 %input_7, i64 0, i64 %zext_ln89_8" [../src/conv.cpp:89]   --->   Operation 174 'getelementptr' 'input_7_addr_4' <Predicate = (!icmp_ln78 & add_ln86_3 == 7)> <Delay = 0.00>
ST_2 : Operation 175 [2/2] (3.25ns)   --->   "%input_0_load_7 = load i8 %input_0_addr_8" [../src/conv.cpp:89]   --->   Operation 175 'load' 'input_0_load_7' <Predicate = (!icmp_ln78 & add_ln86_3 == 0)> <Delay = 3.25> <CoreInst = "RAM_2P_BRAM">   --->   Core 90 'RAM_2P_BRAM' <Latency = 1> <II = 1> <Delay = 3.25> <Storage> <Opcode : 'load' 'store'> <Ports = 2> <Width = 7> <Depth = 196> <RAM>
ST_2 : Operation 176 [2/2] (3.25ns)   --->   "%input_1_load_7 = load i8 %input_1_addr_8" [../src/conv.cpp:89]   --->   Operation 176 'load' 'input_1_load_7' <Predicate = (!icmp_ln78 & add_ln86_3 == 1)> <Delay = 3.25> <CoreInst = "RAM_2P_BRAM">   --->   Core 90 'RAM_2P_BRAM' <Latency = 1> <II = 1> <Delay = 3.25> <Storage> <Opcode : 'load' 'store'> <Ports = 2> <Width = 7> <Depth = 196> <RAM>
ST_2 : Operation 177 [2/2] (3.25ns)   --->   "%input_2_load_7 = load i8 %input_2_addr_7" [../src/conv.cpp:89]   --->   Operation 177 'load' 'input_2_load_7' <Predicate = (!icmp_ln78 & add_ln86_3 == 2)> <Delay = 3.25> <CoreInst = "RAM_2P_BRAM">   --->   Core 90 'RAM_2P_BRAM' <Latency = 1> <II = 1> <Delay = 3.25> <Storage> <Opcode : 'load' 'store'> <Ports = 2> <Width = 7> <Depth = 196> <RAM>
ST_2 : Operation 178 [2/2] (3.25ns)   --->   "%input_3_load_7 = load i8 %input_3_addr_7" [../src/conv.cpp:89]   --->   Operation 178 'load' 'input_3_load_7' <Predicate = (!icmp_ln78 & add_ln86_3 == 3)> <Delay = 3.25> <CoreInst = "RAM_2P_BRAM">   --->   Core 90 'RAM_2P_BRAM' <Latency = 1> <II = 1> <Delay = 3.25> <Storage> <Opcode : 'load' 'store'> <Ports = 2> <Width = 7> <Depth = 196> <RAM>
ST_2 : Operation 179 [2/2] (3.25ns)   --->   "%input_4_load_7 = load i8 %input_4_addr_7" [../src/conv.cpp:89]   --->   Operation 179 'load' 'input_4_load_7' <Predicate = (!icmp_ln78 & add_ln86_3 == 4)> <Delay = 3.25> <CoreInst = "RAM_2P_BRAM">   --->   Core 90 'RAM_2P_BRAM' <Latency = 1> <II = 1> <Delay = 3.25> <Storage> <Opcode : 'load' 'store'> <Ports = 2> <Width = 7> <Depth = 196> <RAM>
ST_2 : Operation 180 [2/2] (3.25ns)   --->   "%input_5_load_4 = load i8 %input_5_addr_4" [../src/conv.cpp:89]   --->   Operation 180 'load' 'input_5_load_4' <Predicate = (!icmp_ln78 & add_ln86_3 == 5)> <Delay = 3.25> <CoreInst = "RAM_2P_BRAM">   --->   Core 90 'RAM_2P_BRAM' <Latency = 1> <II = 1> <Delay = 3.25> <Storage> <Opcode : 'load' 'store'> <Ports = 2> <Width = 7> <Depth = 196> <RAM>
ST_2 : Operation 181 [2/2] (3.25ns)   --->   "%input_6_load_4 = load i8 %input_6_addr_4" [../src/conv.cpp:89]   --->   Operation 181 'load' 'input_6_load_4' <Predicate = (!icmp_ln78 & add_ln86_3 == 6)> <Delay = 3.25> <CoreInst = "RAM_2P_BRAM">   --->   Core 90 'RAM_2P_BRAM' <Latency = 1> <II = 1> <Delay = 3.25> <Storage> <Opcode : 'load' 'store'> <Ports = 2> <Width = 7> <Depth = 196> <RAM>
ST_2 : Operation 182 [2/2] (3.25ns)   --->   "%input_7_load_4 = load i8 %input_7_addr_4" [../src/conv.cpp:89]   --->   Operation 182 'load' 'input_7_load_4' <Predicate = (!icmp_ln78 & add_ln86_3 == 7)> <Delay = 3.25> <CoreInst = "RAM_2P_BRAM">   --->   Core 90 'RAM_2P_BRAM' <Latency = 1> <II = 1> <Delay = 3.25> <Storage> <Opcode : 'load' 'store'> <Ports = 2> <Width = 7> <Depth = 196> <RAM>
ST_2 : Operation 183 [1/1] (0.00ns)   --->   "%p_ZL12conv2_weight_4_addr = getelementptr i4 %p_ZL12conv2_weight_4, i64 0, i64 %zext_ln86" [../src/conv.cpp:89]   --->   Operation 183 'getelementptr' 'p_ZL12conv2_weight_4_addr' <Predicate = (!icmp_ln78)> <Delay = 0.00>
ST_2 : Operation 184 [2/2] (2.32ns)   --->   "%p_ZL12conv2_weight_4_load = load i7 %p_ZL12conv2_weight_4_addr" [../src/conv.cpp:89]   --->   Operation 184 'load' 'p_ZL12conv2_weight_4_load' <Predicate = (!icmp_ln78)> <Delay = 2.32> <CoreInst = "ROM">   --->   Core 94 'ROM' <Latency = 1> <II = 1> <Delay = 2.32> <Storage> <Opcode : 'load'> <Ports = 0> <Width = 4> <Depth = 128> <ROM>
ST_2 : Operation 185 [1/1] (1.65ns)   --->   "%switch_ln89 = switch i3 %trunc_ln78, void %V42.i.i26.i.i121.case.7, i3 0, void %V42.i.i26.i.i121.case.0, i3 1, void %V42.i.i26.i.i121.case.1, i3 2, void %V42.i.i26.i.i121.case.2, i3 3, void %V42.i.i26.i.i121.case.3, i3 4, void %V42.i.i26.i.i121.case.4, i3 5, void %V42.i.i26.i.i121.case.5, i3 6, void %V42.i.i26.i.i121.case.6" [../src/conv.cpp:89]   --->   Operation 185 'switch' 'switch_ln89' <Predicate = (!icmp_ln78)> <Delay = 1.65>
ST_2 : Operation 186 [1/1] (0.00ns)   --->   "%br_ln89 = br void %V42.i.i26.i.i121.exit" [../src/conv.cpp:89]   --->   Operation 186 'br' 'br_ln89' <Predicate = (!icmp_ln78 & trunc_ln78 == 6)> <Delay = 0.00>
ST_2 : Operation 187 [1/1] (0.00ns)   --->   "%br_ln89 = br void %V42.i.i26.i.i121.exit" [../src/conv.cpp:89]   --->   Operation 187 'br' 'br_ln89' <Predicate = (!icmp_ln78 & trunc_ln78 == 5)> <Delay = 0.00>
ST_2 : Operation 188 [1/1] (0.00ns)   --->   "%br_ln89 = br void %V42.i.i26.i.i121.exit" [../src/conv.cpp:89]   --->   Operation 188 'br' 'br_ln89' <Predicate = (!icmp_ln78 & trunc_ln78 == 4)> <Delay = 0.00>
ST_2 : Operation 189 [1/1] (0.00ns)   --->   "%br_ln89 = br void %V42.i.i26.i.i121.exit" [../src/conv.cpp:89]   --->   Operation 189 'br' 'br_ln89' <Predicate = (!icmp_ln78 & trunc_ln78 == 3)> <Delay = 0.00>
ST_2 : Operation 190 [1/1] (0.00ns)   --->   "%br_ln89 = br void %V42.i.i26.i.i121.exit" [../src/conv.cpp:89]   --->   Operation 190 'br' 'br_ln89' <Predicate = (!icmp_ln78 & trunc_ln78 == 2)> <Delay = 0.00>
ST_2 : Operation 191 [1/1] (0.00ns)   --->   "%br_ln89 = br void %V42.i.i26.i.i121.exit" [../src/conv.cpp:89]   --->   Operation 191 'br' 'br_ln89' <Predicate = (!icmp_ln78 & trunc_ln78 == 1)> <Delay = 0.00>
ST_2 : Operation 192 [1/1] (0.00ns)   --->   "%br_ln89 = br void %V42.i.i26.i.i121.exit" [../src/conv.cpp:89]   --->   Operation 192 'br' 'br_ln89' <Predicate = (!icmp_ln78 & trunc_ln78 == 0)> <Delay = 0.00>
ST_2 : Operation 193 [1/1] (0.00ns)   --->   "%br_ln89 = br void %V42.i.i26.i.i121.exit" [../src/conv.cpp:89]   --->   Operation 193 'br' 'br_ln89' <Predicate = (!icmp_ln78 & trunc_ln78 == 7)> <Delay = 0.00>
ST_2 : Operation 194 [1/1] (1.63ns)   --->   "%add_ln86_10 = add i11 %add_ln86_7, i11 %zext_ln85_1_cast" [../src/conv.cpp:86]   --->   Operation 194 'add' 'add_ln86_10' <Predicate = (!icmp_ln78 & icmp_ln85_2)> <Delay = 1.63> <CoreInst = "Adder">   --->   Core 1 'Adder' <Latency = 0> <II = 1> <Delay = 1.63> <FuncUnit> <Opcode : 'add' 'sub'> <InPorts = 2> <OutPorts = 1>
ST_2 : Operation 195 [1/1] (0.00ns)   --->   "%lshr_ln87_3 = partselect i8 @_ssdm_op_PartSelect.i8.i11.i32.i32, i11 %add_ln86_10, i32 3, i32 10" [../src/conv.cpp:87]   --->   Operation 195 'partselect' 'lshr_ln87_3' <Predicate = (!icmp_ln78 & icmp_ln85_2)> <Delay = 0.00>
ST_2 : Operation 196 [1/1] (0.00ns)   --->   "%zext_ln89_10 = zext i8 %lshr_ln87_3" [../src/conv.cpp:89]   --->   Operation 196 'zext' 'zext_ln89_10' <Predicate = (!icmp_ln78 & icmp_ln85_2)> <Delay = 0.00>
ST_2 : Operation 197 [1/1] (0.00ns)   --->   "%input_0_addr_9 = getelementptr i7 %input_0, i64 0, i64 %zext_ln89_10" [../src/conv.cpp:89]   --->   Operation 197 'getelementptr' 'input_0_addr_9' <Predicate = (!icmp_ln78 & icmp_ln85_2 & add_ln86_3 == 7)> <Delay = 0.00>
ST_2 : Operation 198 [1/1] (0.00ns)   --->   "%input_1_addr_9 = getelementptr i7 %input_1, i64 0, i64 %zext_ln89_10" [../src/conv.cpp:89]   --->   Operation 198 'getelementptr' 'input_1_addr_9' <Predicate = (!icmp_ln78 & icmp_ln85_2 & add_ln86_3 == 0)> <Delay = 0.00>
ST_2 : Operation 199 [1/1] (0.00ns)   --->   "%input_2_addr_8 = getelementptr i7 %input_2, i64 0, i64 %zext_ln89_10" [../src/conv.cpp:89]   --->   Operation 199 'getelementptr' 'input_2_addr_8' <Predicate = (!icmp_ln78 & icmp_ln85_2 & add_ln86_3 == 1)> <Delay = 0.00>
ST_2 : Operation 200 [1/1] (0.00ns)   --->   "%input_3_addr_8 = getelementptr i7 %input_3, i64 0, i64 %zext_ln89_10" [../src/conv.cpp:89]   --->   Operation 200 'getelementptr' 'input_3_addr_8' <Predicate = (!icmp_ln78 & icmp_ln85_2 & add_ln86_3 == 2)> <Delay = 0.00>
ST_2 : Operation 201 [1/1] (0.00ns)   --->   "%input_4_addr_8 = getelementptr i7 %input_4, i64 0, i64 %zext_ln89_10" [../src/conv.cpp:89]   --->   Operation 201 'getelementptr' 'input_4_addr_8' <Predicate = (!icmp_ln78 & icmp_ln85_2 & add_ln86_3 == 3)> <Delay = 0.00>
ST_2 : Operation 202 [1/1] (0.00ns)   --->   "%input_5_addr_5 = getelementptr i7 %input_5, i64 0, i64 %zext_ln89_10" [../src/conv.cpp:89]   --->   Operation 202 'getelementptr' 'input_5_addr_5' <Predicate = (!icmp_ln78 & icmp_ln85_2 & add_ln86_3 == 4)> <Delay = 0.00>
ST_2 : Operation 203 [1/1] (0.00ns)   --->   "%input_6_addr_5 = getelementptr i7 %input_6, i64 0, i64 %zext_ln89_10" [../src/conv.cpp:89]   --->   Operation 203 'getelementptr' 'input_6_addr_5' <Predicate = (!icmp_ln78 & icmp_ln85_2 & add_ln86_3 == 5)> <Delay = 0.00>
ST_2 : Operation 204 [1/1] (0.00ns)   --->   "%input_7_addr_5 = getelementptr i7 %input_7, i64 0, i64 %zext_ln89_10" [../src/conv.cpp:89]   --->   Operation 204 'getelementptr' 'input_7_addr_5' <Predicate = (!icmp_ln78 & icmp_ln85_2 & add_ln86_3 == 6)> <Delay = 0.00>
ST_2 : Operation 205 [2/2] (3.25ns)   --->   "%input_0_load_8 = load i8 %input_0_addr_9" [../src/conv.cpp:89]   --->   Operation 205 'load' 'input_0_load_8' <Predicate = (!icmp_ln78 & icmp_ln85_2 & add_ln86_3 == 7)> <Delay = 3.25> <CoreInst = "RAM_2P_BRAM">   --->   Core 90 'RAM_2P_BRAM' <Latency = 1> <II = 1> <Delay = 3.25> <Storage> <Opcode : 'load' 'store'> <Ports = 2> <Width = 7> <Depth = 196> <RAM>
ST_2 : Operation 206 [2/2] (3.25ns)   --->   "%input_1_load_8 = load i8 %input_1_addr_9" [../src/conv.cpp:89]   --->   Operation 206 'load' 'input_1_load_8' <Predicate = (!icmp_ln78 & icmp_ln85_2 & add_ln86_3 == 0)> <Delay = 3.25> <CoreInst = "RAM_2P_BRAM">   --->   Core 90 'RAM_2P_BRAM' <Latency = 1> <II = 1> <Delay = 3.25> <Storage> <Opcode : 'load' 'store'> <Ports = 2> <Width = 7> <Depth = 196> <RAM>
ST_2 : Operation 207 [2/2] (3.25ns)   --->   "%input_2_load_8 = load i8 %input_2_addr_8" [../src/conv.cpp:89]   --->   Operation 207 'load' 'input_2_load_8' <Predicate = (!icmp_ln78 & icmp_ln85_2 & add_ln86_3 == 1)> <Delay = 3.25> <CoreInst = "RAM_2P_BRAM">   --->   Core 90 'RAM_2P_BRAM' <Latency = 1> <II = 1> <Delay = 3.25> <Storage> <Opcode : 'load' 'store'> <Ports = 2> <Width = 7> <Depth = 196> <RAM>
ST_2 : Operation 208 [2/2] (3.25ns)   --->   "%input_3_load_8 = load i8 %input_3_addr_8" [../src/conv.cpp:89]   --->   Operation 208 'load' 'input_3_load_8' <Predicate = (!icmp_ln78 & icmp_ln85_2 & add_ln86_3 == 2)> <Delay = 3.25> <CoreInst = "RAM_2P_BRAM">   --->   Core 90 'RAM_2P_BRAM' <Latency = 1> <II = 1> <Delay = 3.25> <Storage> <Opcode : 'load' 'store'> <Ports = 2> <Width = 7> <Depth = 196> <RAM>
ST_2 : Operation 209 [2/2] (3.25ns)   --->   "%input_4_load_8 = load i8 %input_4_addr_8" [../src/conv.cpp:89]   --->   Operation 209 'load' 'input_4_load_8' <Predicate = (!icmp_ln78 & icmp_ln85_2 & add_ln86_3 == 3)> <Delay = 3.25> <CoreInst = "RAM_2P_BRAM">   --->   Core 90 'RAM_2P_BRAM' <Latency = 1> <II = 1> <Delay = 3.25> <Storage> <Opcode : 'load' 'store'> <Ports = 2> <Width = 7> <Depth = 196> <RAM>
ST_2 : Operation 210 [2/2] (3.25ns)   --->   "%input_5_load_5 = load i8 %input_5_addr_5" [../src/conv.cpp:89]   --->   Operation 210 'load' 'input_5_load_5' <Predicate = (!icmp_ln78 & icmp_ln85_2 & add_ln86_3 == 4)> <Delay = 3.25> <CoreInst = "RAM_2P_BRAM">   --->   Core 90 'RAM_2P_BRAM' <Latency = 1> <II = 1> <Delay = 3.25> <Storage> <Opcode : 'load' 'store'> <Ports = 2> <Width = 7> <Depth = 196> <RAM>
ST_2 : Operation 211 [2/2] (3.25ns)   --->   "%input_6_load_5 = load i8 %input_6_addr_5" [../src/conv.cpp:89]   --->   Operation 211 'load' 'input_6_load_5' <Predicate = (!icmp_ln78 & icmp_ln85_2 & add_ln86_3 == 5)> <Delay = 3.25> <CoreInst = "RAM_2P_BRAM">   --->   Core 90 'RAM_2P_BRAM' <Latency = 1> <II = 1> <Delay = 3.25> <Storage> <Opcode : 'load' 'store'> <Ports = 2> <Width = 7> <Depth = 196> <RAM>
ST_2 : Operation 212 [2/2] (3.25ns)   --->   "%input_7_load_5 = load i8 %input_7_addr_5" [../src/conv.cpp:89]   --->   Operation 212 'load' 'input_7_load_5' <Predicate = (!icmp_ln78 & icmp_ln85_2 & add_ln86_3 == 6)> <Delay = 3.25> <CoreInst = "RAM_2P_BRAM">   --->   Core 90 'RAM_2P_BRAM' <Latency = 1> <II = 1> <Delay = 3.25> <Storage> <Opcode : 'load' 'store'> <Ports = 2> <Width = 7> <Depth = 196> <RAM>
ST_2 : Operation 213 [1/1] (0.00ns)   --->   "%p_ZL12conv2_weight_5_addr = getelementptr i4 %p_ZL12conv2_weight_5, i64 0, i64 %zext_ln86" [../src/conv.cpp:89]   --->   Operation 213 'getelementptr' 'p_ZL12conv2_weight_5_addr' <Predicate = (!icmp_ln78 & icmp_ln85_2)> <Delay = 0.00>
ST_2 : Operation 214 [2/2] (2.32ns)   --->   "%p_ZL12conv2_weight_5_load = load i7 %p_ZL12conv2_weight_5_addr" [../src/conv.cpp:89]   --->   Operation 214 'load' 'p_ZL12conv2_weight_5_load' <Predicate = (!icmp_ln78 & icmp_ln85_2)> <Delay = 2.32> <CoreInst = "ROM">   --->   Core 94 'ROM' <Latency = 1> <II = 1> <Delay = 2.32> <Storage> <Opcode : 'load'> <Ports = 0> <Width = 4> <Depth = 128> <ROM>
ST_2 : Operation 215 [1/1] (0.00ns) (grouped into TernaryAdder)   --->   "%add_ln86_11 = add i11 %phi_mul_load, i11 14" [../src/conv.cpp:86]   --->   Operation 215 'add' 'add_ln86_11' <Predicate = (!icmp_ln78)> <Delay = 0.00> <CoreInst = "TAddSub">   --->   Core 10 'TAddSub' <Latency = 0> <II = 1> <Delay = 1.87> <IPBlock> <Opcode : 'add' 'sub'> <InPorts = 3> <OutPorts = 1> <Sync> <CReg>
ST_2 : Operation 216 [1/1] (3.75ns) (root node of TernaryAdder)   --->   "%add_ln86_12 = add i11 %add_ln86_11, i11 %zext_ln82_cast" [../src/conv.cpp:86]   --->   Operation 216 'add' 'add_ln86_12' <Predicate = (!icmp_ln78)> <Delay = 3.75> <CoreInst = "TAddSub">   --->   Core 10 'TAddSub' <Latency = 0> <II = 1> <Delay = 1.87> <IPBlock> <Opcode : 'add' 'sub'> <InPorts = 3> <OutPorts = 1> <Sync> <CReg>
ST_2 : Operation 217 [1/1] (1.63ns)   --->   "%add_ln86_13 = add i11 %add_ln86_12, i11 %sext_ln85_cast" [../src/conv.cpp:86]   --->   Operation 217 'add' 'add_ln86_13' <Predicate = (!icmp_ln78 & and_ln85_2_read)> <Delay = 1.63> <CoreInst = "Adder">   --->   Core 1 'Adder' <Latency = 0> <II = 1> <Delay = 1.63> <FuncUnit> <Opcode : 'add' 'sub'> <InPorts = 2> <OutPorts = 1>
ST_2 : Operation 218 [1/1] (0.00ns)   --->   "%lshr_ln89_8 = partselect i8 @_ssdm_op_PartSelect.i8.i11.i32.i32, i11 %add_ln86_13, i32 3, i32 10" [../src/conv.cpp:89]   --->   Operation 218 'partselect' 'lshr_ln89_8' <Predicate = (!icmp_ln78 & and_ln85_2_read)> <Delay = 0.00>
ST_2 : Operation 219 [1/1] (0.00ns)   --->   "%zext_ln89_12 = zext i8 %lshr_ln89_8" [../src/conv.cpp:89]   --->   Operation 219 'zext' 'zext_ln89_12' <Predicate = (!icmp_ln78 & and_ln85_2_read)> <Delay = 0.00>
ST_2 : Operation 220 [1/1] (0.00ns)   --->   "%input_0_addr_10 = getelementptr i7 %input_0, i64 0, i64 %zext_ln89_12" [../src/conv.cpp:89]   --->   Operation 220 'getelementptr' 'input_0_addr_10' <Predicate = (!icmp_ln78 & and_ln85_2_read & add_ln86_3 == 3)> <Delay = 0.00>
ST_2 : Operation 221 [1/1] (0.00ns)   --->   "%input_1_addr_10 = getelementptr i7 %input_1, i64 0, i64 %zext_ln89_12" [../src/conv.cpp:89]   --->   Operation 221 'getelementptr' 'input_1_addr_10' <Predicate = (!icmp_ln78 & and_ln85_2_read & add_ln86_3 == 4)> <Delay = 0.00>
ST_2 : Operation 222 [1/1] (0.00ns)   --->   "%input_2_addr_9 = getelementptr i7 %input_2, i64 0, i64 %zext_ln89_12" [../src/conv.cpp:89]   --->   Operation 222 'getelementptr' 'input_2_addr_9' <Predicate = (!icmp_ln78 & and_ln85_2_read & add_ln86_3 == 5)> <Delay = 0.00>
ST_2 : Operation 223 [1/1] (0.00ns)   --->   "%input_3_addr_9 = getelementptr i7 %input_3, i64 0, i64 %zext_ln89_12" [../src/conv.cpp:89]   --->   Operation 223 'getelementptr' 'input_3_addr_9' <Predicate = (!icmp_ln78 & and_ln85_2_read & add_ln86_3 == 6)> <Delay = 0.00>
ST_2 : Operation 224 [1/1] (0.00ns)   --->   "%input_4_addr_9 = getelementptr i7 %input_4, i64 0, i64 %zext_ln89_12" [../src/conv.cpp:89]   --->   Operation 224 'getelementptr' 'input_4_addr_9' <Predicate = (!icmp_ln78 & and_ln85_2_read & add_ln86_3 == 7)> <Delay = 0.00>
ST_2 : Operation 225 [1/1] (0.00ns)   --->   "%input_5_addr_6 = getelementptr i7 %input_5, i64 0, i64 %zext_ln89_12" [../src/conv.cpp:89]   --->   Operation 225 'getelementptr' 'input_5_addr_6' <Predicate = (!icmp_ln78 & and_ln85_2_read & add_ln86_3 == 0)> <Delay = 0.00>
ST_2 : Operation 226 [1/1] (0.00ns)   --->   "%input_6_addr_6 = getelementptr i7 %input_6, i64 0, i64 %zext_ln89_12" [../src/conv.cpp:89]   --->   Operation 226 'getelementptr' 'input_6_addr_6' <Predicate = (!icmp_ln78 & and_ln85_2_read & add_ln86_3 == 1)> <Delay = 0.00>
ST_2 : Operation 227 [1/1] (0.00ns)   --->   "%input_7_addr_6 = getelementptr i7 %input_7, i64 0, i64 %zext_ln89_12" [../src/conv.cpp:89]   --->   Operation 227 'getelementptr' 'input_7_addr_6' <Predicate = (!icmp_ln78 & and_ln85_2_read & add_ln86_3 == 2)> <Delay = 0.00>
ST_2 : Operation 228 [2/2] (3.25ns)   --->   "%input_0_load_9 = load i8 %input_0_addr_10" [../src/conv.cpp:89]   --->   Operation 228 'load' 'input_0_load_9' <Predicate = (!icmp_ln78 & and_ln85_2_read & add_ln86_3 == 3)> <Delay = 3.25> <CoreInst = "RAM_2P_BRAM">   --->   Core 90 'RAM_2P_BRAM' <Latency = 1> <II = 1> <Delay = 3.25> <Storage> <Opcode : 'load' 'store'> <Ports = 2> <Width = 7> <Depth = 196> <RAM>
ST_2 : Operation 229 [2/2] (3.25ns)   --->   "%input_1_load_9 = load i8 %input_1_addr_10" [../src/conv.cpp:89]   --->   Operation 229 'load' 'input_1_load_9' <Predicate = (!icmp_ln78 & and_ln85_2_read & add_ln86_3 == 4)> <Delay = 3.25> <CoreInst = "RAM_2P_BRAM">   --->   Core 90 'RAM_2P_BRAM' <Latency = 1> <II = 1> <Delay = 3.25> <Storage> <Opcode : 'load' 'store'> <Ports = 2> <Width = 7> <Depth = 196> <RAM>
ST_2 : Operation 230 [2/2] (3.25ns)   --->   "%input_2_load_9 = load i8 %input_2_addr_9" [../src/conv.cpp:89]   --->   Operation 230 'load' 'input_2_load_9' <Predicate = (!icmp_ln78 & and_ln85_2_read & add_ln86_3 == 5)> <Delay = 3.25> <CoreInst = "RAM_2P_BRAM">   --->   Core 90 'RAM_2P_BRAM' <Latency = 1> <II = 1> <Delay = 3.25> <Storage> <Opcode : 'load' 'store'> <Ports = 2> <Width = 7> <Depth = 196> <RAM>
ST_2 : Operation 231 [2/2] (3.25ns)   --->   "%input_3_load_9 = load i8 %input_3_addr_9" [../src/conv.cpp:89]   --->   Operation 231 'load' 'input_3_load_9' <Predicate = (!icmp_ln78 & and_ln85_2_read & add_ln86_3 == 6)> <Delay = 3.25> <CoreInst = "RAM_2P_BRAM">   --->   Core 90 'RAM_2P_BRAM' <Latency = 1> <II = 1> <Delay = 3.25> <Storage> <Opcode : 'load' 'store'> <Ports = 2> <Width = 7> <Depth = 196> <RAM>
ST_2 : Operation 232 [2/2] (3.25ns)   --->   "%input_4_load_9 = load i8 %input_4_addr_9" [../src/conv.cpp:89]   --->   Operation 232 'load' 'input_4_load_9' <Predicate = (!icmp_ln78 & and_ln85_2_read & add_ln86_3 == 7)> <Delay = 3.25> <CoreInst = "RAM_2P_BRAM">   --->   Core 90 'RAM_2P_BRAM' <Latency = 1> <II = 1> <Delay = 3.25> <Storage> <Opcode : 'load' 'store'> <Ports = 2> <Width = 7> <Depth = 196> <RAM>
ST_2 : Operation 233 [2/2] (3.25ns)   --->   "%input_5_load_6 = load i8 %input_5_addr_6" [../src/conv.cpp:89]   --->   Operation 233 'load' 'input_5_load_6' <Predicate = (!icmp_ln78 & and_ln85_2_read & add_ln86_3 == 0)> <Delay = 3.25> <CoreInst = "RAM_2P_BRAM">   --->   Core 90 'RAM_2P_BRAM' <Latency = 1> <II = 1> <Delay = 3.25> <Storage> <Opcode : 'load' 'store'> <Ports = 2> <Width = 7> <Depth = 196> <RAM>
ST_2 : Operation 234 [2/2] (3.25ns)   --->   "%input_6_load_6 = load i8 %input_6_addr_6" [../src/conv.cpp:89]   --->   Operation 234 'load' 'input_6_load_6' <Predicate = (!icmp_ln78 & and_ln85_2_read & add_ln86_3 == 1)> <Delay = 3.25> <CoreInst = "RAM_2P_BRAM">   --->   Core 90 'RAM_2P_BRAM' <Latency = 1> <II = 1> <Delay = 3.25> <Storage> <Opcode : 'load' 'store'> <Ports = 2> <Width = 7> <Depth = 196> <RAM>
ST_2 : Operation 235 [2/2] (3.25ns)   --->   "%input_7_load_6 = load i8 %input_7_addr_6" [../src/conv.cpp:89]   --->   Operation 235 'load' 'input_7_load_6' <Predicate = (!icmp_ln78 & and_ln85_2_read & add_ln86_3 == 2)> <Delay = 3.25> <CoreInst = "RAM_2P_BRAM">   --->   Core 90 'RAM_2P_BRAM' <Latency = 1> <II = 1> <Delay = 3.25> <Storage> <Opcode : 'load' 'store'> <Ports = 2> <Width = 7> <Depth = 196> <RAM>
ST_2 : Operation 236 [1/1] (0.00ns)   --->   "%p_ZL12conv2_weight_6_addr = getelementptr i4 %p_ZL12conv2_weight_6, i64 0, i64 %zext_ln86" [../src/conv.cpp:89]   --->   Operation 236 'getelementptr' 'p_ZL12conv2_weight_6_addr' <Predicate = (!icmp_ln78 & and_ln85_2_read)> <Delay = 0.00>
ST_2 : Operation 237 [2/2] (2.32ns)   --->   "%p_ZL12conv2_weight_6_load = load i7 %p_ZL12conv2_weight_6_addr" [../src/conv.cpp:89]   --->   Operation 237 'load' 'p_ZL12conv2_weight_6_load' <Predicate = (!icmp_ln78 & and_ln85_2_read)> <Delay = 2.32> <CoreInst = "ROM">   --->   Core 94 'ROM' <Latency = 1> <II = 1> <Delay = 2.32> <Storage> <Opcode : 'load'> <Ports = 0> <Width = 4> <Depth = 128> <ROM>
ST_2 : Operation 238 [1/1] (1.63ns)   --->   "%add_ln86_14 = add i11 %add_ln86_12, i11 %zext_ln70_1_cast" [../src/conv.cpp:86]   --->   Operation 238 'add' 'add_ln86_14' <Predicate = (!icmp_ln78 & icmp_ln85_3)> <Delay = 1.63> <CoreInst = "Adder">   --->   Core 1 'Adder' <Latency = 0> <II = 1> <Delay = 1.63> <FuncUnit> <Opcode : 'add' 'sub'> <InPorts = 2> <OutPorts = 1>
ST_2 : Operation 239 [1/1] (0.00ns)   --->   "%lshr_ln87_4 = partselect i8 @_ssdm_op_PartSelect.i8.i11.i32.i32, i11 %add_ln86_14, i32 3, i32 10" [../src/conv.cpp:87]   --->   Operation 239 'partselect' 'lshr_ln87_4' <Predicate = (!icmp_ln78 & icmp_ln85_3)> <Delay = 0.00>
ST_2 : Operation 240 [1/1] (0.00ns)   --->   "%zext_ln89_14 = zext i8 %lshr_ln87_4" [../src/conv.cpp:89]   --->   Operation 240 'zext' 'zext_ln89_14' <Predicate = (!icmp_ln78 & icmp_ln85_3)> <Delay = 0.00>
ST_2 : Operation 241 [1/1] (0.00ns)   --->   "%input_0_addr_11 = getelementptr i7 %input_0, i64 0, i64 %zext_ln89_14" [../src/conv.cpp:89]   --->   Operation 241 'getelementptr' 'input_0_addr_11' <Predicate = (!icmp_ln78 & icmp_ln85_3 & add_ln86_3 == 2)> <Delay = 0.00>
ST_2 : Operation 242 [1/1] (0.00ns)   --->   "%input_1_addr_11 = getelementptr i7 %input_1, i64 0, i64 %zext_ln89_14" [../src/conv.cpp:89]   --->   Operation 242 'getelementptr' 'input_1_addr_11' <Predicate = (!icmp_ln78 & icmp_ln85_3 & add_ln86_3 == 3)> <Delay = 0.00>
ST_2 : Operation 243 [1/1] (0.00ns)   --->   "%input_2_addr_10 = getelementptr i7 %input_2, i64 0, i64 %zext_ln89_14" [../src/conv.cpp:89]   --->   Operation 243 'getelementptr' 'input_2_addr_10' <Predicate = (!icmp_ln78 & icmp_ln85_3 & add_ln86_3 == 4)> <Delay = 0.00>
ST_2 : Operation 244 [1/1] (0.00ns)   --->   "%input_3_addr_10 = getelementptr i7 %input_3, i64 0, i64 %zext_ln89_14" [../src/conv.cpp:89]   --->   Operation 244 'getelementptr' 'input_3_addr_10' <Predicate = (!icmp_ln78 & icmp_ln85_3 & add_ln86_3 == 5)> <Delay = 0.00>
ST_2 : Operation 245 [1/1] (0.00ns)   --->   "%input_4_addr_10 = getelementptr i7 %input_4, i64 0, i64 %zext_ln89_14" [../src/conv.cpp:89]   --->   Operation 245 'getelementptr' 'input_4_addr_10' <Predicate = (!icmp_ln78 & icmp_ln85_3 & add_ln86_3 == 6)> <Delay = 0.00>
ST_2 : Operation 246 [1/1] (0.00ns)   --->   "%input_5_addr_7 = getelementptr i7 %input_5, i64 0, i64 %zext_ln89_14" [../src/conv.cpp:89]   --->   Operation 246 'getelementptr' 'input_5_addr_7' <Predicate = (!icmp_ln78 & icmp_ln85_3 & add_ln86_3 == 7)> <Delay = 0.00>
ST_2 : Operation 247 [1/1] (0.00ns)   --->   "%input_6_addr_7 = getelementptr i7 %input_6, i64 0, i64 %zext_ln89_14" [../src/conv.cpp:89]   --->   Operation 247 'getelementptr' 'input_6_addr_7' <Predicate = (!icmp_ln78 & icmp_ln85_3 & add_ln86_3 == 0)> <Delay = 0.00>
ST_2 : Operation 248 [1/1] (0.00ns)   --->   "%input_7_addr_7 = getelementptr i7 %input_7, i64 0, i64 %zext_ln89_14" [../src/conv.cpp:89]   --->   Operation 248 'getelementptr' 'input_7_addr_7' <Predicate = (!icmp_ln78 & icmp_ln85_3 & add_ln86_3 == 1)> <Delay = 0.00>
ST_2 : Operation 249 [2/2] (3.25ns)   --->   "%input_0_load_10 = load i8 %input_0_addr_11" [../src/conv.cpp:89]   --->   Operation 249 'load' 'input_0_load_10' <Predicate = (!icmp_ln78 & icmp_ln85_3 & add_ln86_3 == 2)> <Delay = 3.25> <CoreInst = "RAM_2P_BRAM">   --->   Core 90 'RAM_2P_BRAM' <Latency = 1> <II = 1> <Delay = 3.25> <Storage> <Opcode : 'load' 'store'> <Ports = 2> <Width = 7> <Depth = 196> <RAM>
ST_2 : Operation 250 [2/2] (3.25ns)   --->   "%input_1_load_10 = load i8 %input_1_addr_11" [../src/conv.cpp:89]   --->   Operation 250 'load' 'input_1_load_10' <Predicate = (!icmp_ln78 & icmp_ln85_3 & add_ln86_3 == 3)> <Delay = 3.25> <CoreInst = "RAM_2P_BRAM">   --->   Core 90 'RAM_2P_BRAM' <Latency = 1> <II = 1> <Delay = 3.25> <Storage> <Opcode : 'load' 'store'> <Ports = 2> <Width = 7> <Depth = 196> <RAM>
ST_2 : Operation 251 [2/2] (3.25ns)   --->   "%input_2_load_10 = load i8 %input_2_addr_10" [../src/conv.cpp:89]   --->   Operation 251 'load' 'input_2_load_10' <Predicate = (!icmp_ln78 & icmp_ln85_3 & add_ln86_3 == 4)> <Delay = 3.25> <CoreInst = "RAM_2P_BRAM">   --->   Core 90 'RAM_2P_BRAM' <Latency = 1> <II = 1> <Delay = 3.25> <Storage> <Opcode : 'load' 'store'> <Ports = 2> <Width = 7> <Depth = 196> <RAM>
ST_2 : Operation 252 [2/2] (3.25ns)   --->   "%input_3_load_10 = load i8 %input_3_addr_10" [../src/conv.cpp:89]   --->   Operation 252 'load' 'input_3_load_10' <Predicate = (!icmp_ln78 & icmp_ln85_3 & add_ln86_3 == 5)> <Delay = 3.25> <CoreInst = "RAM_2P_BRAM">   --->   Core 90 'RAM_2P_BRAM' <Latency = 1> <II = 1> <Delay = 3.25> <Storage> <Opcode : 'load' 'store'> <Ports = 2> <Width = 7> <Depth = 196> <RAM>
ST_2 : Operation 253 [2/2] (3.25ns)   --->   "%input_4_load_10 = load i8 %input_4_addr_10" [../src/conv.cpp:89]   --->   Operation 253 'load' 'input_4_load_10' <Predicate = (!icmp_ln78 & icmp_ln85_3 & add_ln86_3 == 6)> <Delay = 3.25> <CoreInst = "RAM_2P_BRAM">   --->   Core 90 'RAM_2P_BRAM' <Latency = 1> <II = 1> <Delay = 3.25> <Storage> <Opcode : 'load' 'store'> <Ports = 2> <Width = 7> <Depth = 196> <RAM>
ST_2 : Operation 254 [2/2] (3.25ns)   --->   "%input_5_load_7 = load i8 %input_5_addr_7" [../src/conv.cpp:89]   --->   Operation 254 'load' 'input_5_load_7' <Predicate = (!icmp_ln78 & icmp_ln85_3 & add_ln86_3 == 7)> <Delay = 3.25> <CoreInst = "RAM_2P_BRAM">   --->   Core 90 'RAM_2P_BRAM' <Latency = 1> <II = 1> <Delay = 3.25> <Storage> <Opcode : 'load' 'store'> <Ports = 2> <Width = 7> <Depth = 196> <RAM>
ST_2 : Operation 255 [2/2] (3.25ns)   --->   "%input_6_load_7 = load i8 %input_6_addr_7" [../src/conv.cpp:89]   --->   Operation 255 'load' 'input_6_load_7' <Predicate = (!icmp_ln78 & icmp_ln85_3 & add_ln86_3 == 0)> <Delay = 3.25> <CoreInst = "RAM_2P_BRAM">   --->   Core 90 'RAM_2P_BRAM' <Latency = 1> <II = 1> <Delay = 3.25> <Storage> <Opcode : 'load' 'store'> <Ports = 2> <Width = 7> <Depth = 196> <RAM>
ST_2 : Operation 256 [2/2] (3.25ns)   --->   "%input_7_load_7 = load i8 %input_7_addr_7" [../src/conv.cpp:89]   --->   Operation 256 'load' 'input_7_load_7' <Predicate = (!icmp_ln78 & icmp_ln85_3 & add_ln86_3 == 1)> <Delay = 3.25> <CoreInst = "RAM_2P_BRAM">   --->   Core 90 'RAM_2P_BRAM' <Latency = 1> <II = 1> <Delay = 3.25> <Storage> <Opcode : 'load' 'store'> <Ports = 2> <Width = 7> <Depth = 196> <RAM>
ST_2 : Operation 257 [1/1] (0.00ns)   --->   "%p_ZL12conv2_weight_7_addr = getelementptr i4 %p_ZL12conv2_weight_7, i64 0, i64 %zext_ln86" [../src/conv.cpp:89]   --->   Operation 257 'getelementptr' 'p_ZL12conv2_weight_7_addr' <Predicate = (!icmp_ln78 & icmp_ln85_3)> <Delay = 0.00>
ST_2 : Operation 258 [2/2] (2.32ns)   --->   "%p_ZL12conv2_weight_7_load = load i7 %p_ZL12conv2_weight_7_addr" [../src/conv.cpp:89]   --->   Operation 258 'load' 'p_ZL12conv2_weight_7_load' <Predicate = (!icmp_ln78 & icmp_ln85_3)> <Delay = 2.32> <CoreInst = "ROM">   --->   Core 94 'ROM' <Latency = 1> <II = 1> <Delay = 2.32> <Storage> <Opcode : 'load'> <Ports = 0> <Width = 4> <Depth = 128> <ROM>
ST_2 : Operation 259 [1/1] (1.63ns)   --->   "%add_ln86_15 = add i11 %add_ln86_12, i11 %zext_ln85_1_cast" [../src/conv.cpp:86]   --->   Operation 259 'add' 'add_ln86_15' <Predicate = (!icmp_ln78 & and_ln85_3_read)> <Delay = 1.63> <CoreInst = "Adder">   --->   Core 1 'Adder' <Latency = 0> <II = 1> <Delay = 1.63> <FuncUnit> <Opcode : 'add' 'sub'> <InPorts = 2> <OutPorts = 1>
ST_2 : Operation 260 [1/1] (0.00ns)   --->   "%lshr_ln87_5 = partselect i8 @_ssdm_op_PartSelect.i8.i11.i32.i32, i11 %add_ln86_15, i32 3, i32 10" [../src/conv.cpp:87]   --->   Operation 260 'partselect' 'lshr_ln87_5' <Predicate = (!icmp_ln78 & and_ln85_3_read)> <Delay = 0.00>
ST_2 : Operation 261 [1/1] (0.00ns)   --->   "%zext_ln89_16 = zext i8 %lshr_ln87_5" [../src/conv.cpp:89]   --->   Operation 261 'zext' 'zext_ln89_16' <Predicate = (!icmp_ln78 & and_ln85_3_read)> <Delay = 0.00>
ST_2 : Operation 262 [1/1] (0.00ns)   --->   "%input_0_addr_12 = getelementptr i7 %input_0, i64 0, i64 %zext_ln89_16" [../src/conv.cpp:89]   --->   Operation 262 'getelementptr' 'input_0_addr_12' <Predicate = (!icmp_ln78 & and_ln85_3_read & add_ln86_3 == 1)> <Delay = 0.00>
ST_2 : Operation 263 [1/1] (0.00ns)   --->   "%input_1_addr_12 = getelementptr i7 %input_1, i64 0, i64 %zext_ln89_16" [../src/conv.cpp:89]   --->   Operation 263 'getelementptr' 'input_1_addr_12' <Predicate = (!icmp_ln78 & and_ln85_3_read & add_ln86_3 == 2)> <Delay = 0.00>
ST_2 : Operation 264 [1/1] (0.00ns)   --->   "%input_2_addr_11 = getelementptr i7 %input_2, i64 0, i64 %zext_ln89_16" [../src/conv.cpp:89]   --->   Operation 264 'getelementptr' 'input_2_addr_11' <Predicate = (!icmp_ln78 & and_ln85_3_read & add_ln86_3 == 3)> <Delay = 0.00>
ST_2 : Operation 265 [1/1] (0.00ns)   --->   "%input_3_addr_11 = getelementptr i7 %input_3, i64 0, i64 %zext_ln89_16" [../src/conv.cpp:89]   --->   Operation 265 'getelementptr' 'input_3_addr_11' <Predicate = (!icmp_ln78 & and_ln85_3_read & add_ln86_3 == 4)> <Delay = 0.00>
ST_2 : Operation 266 [1/1] (0.00ns)   --->   "%input_4_addr_11 = getelementptr i7 %input_4, i64 0, i64 %zext_ln89_16" [../src/conv.cpp:89]   --->   Operation 266 'getelementptr' 'input_4_addr_11' <Predicate = (!icmp_ln78 & and_ln85_3_read & add_ln86_3 == 5)> <Delay = 0.00>
ST_2 : Operation 267 [1/1] (0.00ns)   --->   "%input_5_addr_8 = getelementptr i7 %input_5, i64 0, i64 %zext_ln89_16" [../src/conv.cpp:89]   --->   Operation 267 'getelementptr' 'input_5_addr_8' <Predicate = (!icmp_ln78 & and_ln85_3_read & add_ln86_3 == 6)> <Delay = 0.00>
ST_2 : Operation 268 [1/1] (0.00ns)   --->   "%input_6_addr_8 = getelementptr i7 %input_6, i64 0, i64 %zext_ln89_16" [../src/conv.cpp:89]   --->   Operation 268 'getelementptr' 'input_6_addr_8' <Predicate = (!icmp_ln78 & and_ln85_3_read & add_ln86_3 == 7)> <Delay = 0.00>
ST_2 : Operation 269 [1/1] (0.00ns)   --->   "%input_7_addr_8 = getelementptr i7 %input_7, i64 0, i64 %zext_ln89_16" [../src/conv.cpp:89]   --->   Operation 269 'getelementptr' 'input_7_addr_8' <Predicate = (!icmp_ln78 & and_ln85_3_read & add_ln86_3 == 0)> <Delay = 0.00>
ST_2 : Operation 270 [2/2] (3.25ns)   --->   "%input_0_load_11 = load i8 %input_0_addr_12" [../src/conv.cpp:89]   --->   Operation 270 'load' 'input_0_load_11' <Predicate = (!icmp_ln78 & and_ln85_3_read & add_ln86_3 == 1)> <Delay = 3.25> <CoreInst = "RAM_2P_BRAM">   --->   Core 90 'RAM_2P_BRAM' <Latency = 1> <II = 1> <Delay = 3.25> <Storage> <Opcode : 'load' 'store'> <Ports = 2> <Width = 7> <Depth = 196> <RAM>
ST_2 : Operation 271 [2/2] (3.25ns)   --->   "%input_1_load_11 = load i8 %input_1_addr_12" [../src/conv.cpp:89]   --->   Operation 271 'load' 'input_1_load_11' <Predicate = (!icmp_ln78 & and_ln85_3_read & add_ln86_3 == 2)> <Delay = 3.25> <CoreInst = "RAM_2P_BRAM">   --->   Core 90 'RAM_2P_BRAM' <Latency = 1> <II = 1> <Delay = 3.25> <Storage> <Opcode : 'load' 'store'> <Ports = 2> <Width = 7> <Depth = 196> <RAM>
ST_2 : Operation 272 [2/2] (3.25ns)   --->   "%input_2_load_11 = load i8 %input_2_addr_11" [../src/conv.cpp:89]   --->   Operation 272 'load' 'input_2_load_11' <Predicate = (!icmp_ln78 & and_ln85_3_read & add_ln86_3 == 3)> <Delay = 3.25> <CoreInst = "RAM_2P_BRAM">   --->   Core 90 'RAM_2P_BRAM' <Latency = 1> <II = 1> <Delay = 3.25> <Storage> <Opcode : 'load' 'store'> <Ports = 2> <Width = 7> <Depth = 196> <RAM>
ST_2 : Operation 273 [2/2] (3.25ns)   --->   "%input_3_load_11 = load i8 %input_3_addr_11" [../src/conv.cpp:89]   --->   Operation 273 'load' 'input_3_load_11' <Predicate = (!icmp_ln78 & and_ln85_3_read & add_ln86_3 == 4)> <Delay = 3.25> <CoreInst = "RAM_2P_BRAM">   --->   Core 90 'RAM_2P_BRAM' <Latency = 1> <II = 1> <Delay = 3.25> <Storage> <Opcode : 'load' 'store'> <Ports = 2> <Width = 7> <Depth = 196> <RAM>
ST_2 : Operation 274 [2/2] (3.25ns)   --->   "%input_4_load_11 = load i8 %input_4_addr_11" [../src/conv.cpp:89]   --->   Operation 274 'load' 'input_4_load_11' <Predicate = (!icmp_ln78 & and_ln85_3_read & add_ln86_3 == 5)> <Delay = 3.25> <CoreInst = "RAM_2P_BRAM">   --->   Core 90 'RAM_2P_BRAM' <Latency = 1> <II = 1> <Delay = 3.25> <Storage> <Opcode : 'load' 'store'> <Ports = 2> <Width = 7> <Depth = 196> <RAM>
ST_2 : Operation 275 [2/2] (3.25ns)   --->   "%input_5_load_8 = load i8 %input_5_addr_8" [../src/conv.cpp:89]   --->   Operation 275 'load' 'input_5_load_8' <Predicate = (!icmp_ln78 & and_ln85_3_read & add_ln86_3 == 6)> <Delay = 3.25> <CoreInst = "RAM_2P_BRAM">   --->   Core 90 'RAM_2P_BRAM' <Latency = 1> <II = 1> <Delay = 3.25> <Storage> <Opcode : 'load' 'store'> <Ports = 2> <Width = 7> <Depth = 196> <RAM>
ST_2 : Operation 276 [2/2] (3.25ns)   --->   "%input_6_load_8 = load i8 %input_6_addr_8" [../src/conv.cpp:89]   --->   Operation 276 'load' 'input_6_load_8' <Predicate = (!icmp_ln78 & and_ln85_3_read & add_ln86_3 == 7)> <Delay = 3.25> <CoreInst = "RAM_2P_BRAM">   --->   Core 90 'RAM_2P_BRAM' <Latency = 1> <II = 1> <Delay = 3.25> <Storage> <Opcode : 'load' 'store'> <Ports = 2> <Width = 7> <Depth = 196> <RAM>
ST_2 : Operation 277 [2/2] (3.25ns)   --->   "%input_7_load_8 = load i8 %input_7_addr_8" [../src/conv.cpp:89]   --->   Operation 277 'load' 'input_7_load_8' <Predicate = (!icmp_ln78 & and_ln85_3_read & add_ln86_3 == 0)> <Delay = 3.25> <CoreInst = "RAM_2P_BRAM">   --->   Core 90 'RAM_2P_BRAM' <Latency = 1> <II = 1> <Delay = 3.25> <Storage> <Opcode : 'load' 'store'> <Ports = 2> <Width = 7> <Depth = 196> <RAM>
ST_2 : Operation 278 [1/1] (0.00ns)   --->   "%p_ZL12conv2_weight_8_addr = getelementptr i4 %p_ZL12conv2_weight_8, i64 0, i64 %zext_ln86" [../src/conv.cpp:89]   --->   Operation 278 'getelementptr' 'p_ZL12conv2_weight_8_addr' <Predicate = (!icmp_ln78 & and_ln85_3_read)> <Delay = 0.00>
ST_2 : Operation 279 [2/2] (2.32ns)   --->   "%p_ZL12conv2_weight_8_load = load i7 %p_ZL12conv2_weight_8_addr" [../src/conv.cpp:89]   --->   Operation 279 'load' 'p_ZL12conv2_weight_8_load' <Predicate = (!icmp_ln78 & and_ln85_3_read)> <Delay = 2.32> <CoreInst = "ROM">   --->   Core 94 'ROM' <Latency = 1> <II = 1> <Delay = 2.32> <Storage> <Opcode : 'load'> <Ports = 0> <Width = 4> <Depth = 128> <ROM>
ST_2 : Operation 280 [1/1] (1.58ns)   --->   "%store_ln89 = store i11 %add_ln89_2, i11 %phi_mul" [../src/conv.cpp:89]   --->   Operation 280 'store' 'store_ln89' <Predicate = (!icmp_ln78)> <Delay = 1.58>
ST_2 : Operation 281 [1/1] (0.00ns)   --->   "%br_ln78 = br void %KH_2" [../src/conv.cpp:78]   --->   Operation 281 'br' 'br_ln78' <Predicate = (!icmp_ln78)> <Delay = 0.00>

State 3 <SV = 2> <Delay = 6.60>
ST_3 : Operation 282 [1/2] ( I:3.25ns O:3.25ns )   --->   "%input_0_load = load i8 %input_0_addr" [../src/conv.cpp:89]   --->   Operation 282 'load' 'input_0_load' <Predicate = (and_ln85_read & add_ln86_3 == 7)> <Delay = 3.25> <CoreInst = "RAM_2P_BRAM">   --->   Core 90 'RAM_2P_BRAM' <Latency = 1> <II = 1> <Delay = 3.25> <Storage> <Opcode : 'load' 'store'> <Ports = 2> <Width = 7> <Depth = 196> <RAM>
ST_3 : Operation 283 [1/2] ( I:3.25ns O:3.25ns )   --->   "%input_1_load = load i8 %input_1_addr" [../src/conv.cpp:89]   --->   Operation 283 'load' 'input_1_load' <Predicate = (and_ln85_read & add_ln86_3 == 0)> <Delay = 3.25> <CoreInst = "RAM_2P_BRAM">   --->   Core 90 'RAM_2P_BRAM' <Latency = 1> <II = 1> <Delay = 3.25> <Storage> <Opcode : 'load' 'store'> <Ports = 2> <Width = 7> <Depth = 196> <RAM>
ST_3 : Operation 284 [1/2] ( I:3.25ns O:3.25ns )   --->   "%input_2_load = load i8 %input_2_addr" [../src/conv.cpp:89]   --->   Operation 284 'load' 'input_2_load' <Predicate = (and_ln85_read & add_ln86_3 == 1)> <Delay = 3.25> <CoreInst = "RAM_2P_BRAM">   --->   Core 90 'RAM_2P_BRAM' <Latency = 1> <II = 1> <Delay = 3.25> <Storage> <Opcode : 'load' 'store'> <Ports = 2> <Width = 7> <Depth = 196> <RAM>
ST_3 : Operation 285 [1/2] ( I:3.25ns O:3.25ns )   --->   "%input_3_load = load i8 %input_3_addr" [../src/conv.cpp:89]   --->   Operation 285 'load' 'input_3_load' <Predicate = (and_ln85_read & add_ln86_3 == 2)> <Delay = 3.25> <CoreInst = "RAM_2P_BRAM">   --->   Core 90 'RAM_2P_BRAM' <Latency = 1> <II = 1> <Delay = 3.25> <Storage> <Opcode : 'load' 'store'> <Ports = 2> <Width = 7> <Depth = 196> <RAM>
ST_3 : Operation 286 [1/2] ( I:3.25ns O:3.25ns )   --->   "%input_4_load = load i8 %input_4_addr" [../src/conv.cpp:89]   --->   Operation 286 'load' 'input_4_load' <Predicate = (and_ln85_read & add_ln86_3 == 3)> <Delay = 3.25> <CoreInst = "RAM_2P_BRAM">   --->   Core 90 'RAM_2P_BRAM' <Latency = 1> <II = 1> <Delay = 3.25> <Storage> <Opcode : 'load' 'store'> <Ports = 2> <Width = 7> <Depth = 196> <RAM>
ST_3 : Operation 287 [1/2] ( I:3.25ns O:3.25ns )   --->   "%input_5_load = load i8 %input_5_addr" [../src/conv.cpp:89]   --->   Operation 287 'load' 'input_5_load' <Predicate = (and_ln85_read & add_ln86_3 == 4)> <Delay = 3.25> <CoreInst = "RAM_2P_BRAM">   --->   Core 90 'RAM_2P_BRAM' <Latency = 1> <II = 1> <Delay = 3.25> <Storage> <Opcode : 'load' 'store'> <Ports = 2> <Width = 7> <Depth = 196> <RAM>
ST_3 : Operation 288 [1/2] ( I:3.25ns O:3.25ns )   --->   "%input_6_load = load i8 %input_6_addr" [../src/conv.cpp:89]   --->   Operation 288 'load' 'input_6_load' <Predicate = (and_ln85_read & add_ln86_3 == 5)> <Delay = 3.25> <CoreInst = "RAM_2P_BRAM">   --->   Core 90 'RAM_2P_BRAM' <Latency = 1> <II = 1> <Delay = 3.25> <Storage> <Opcode : 'load' 'store'> <Ports = 2> <Width = 7> <Depth = 196> <RAM>
ST_3 : Operation 289 [1/2] ( I:3.25ns O:3.25ns )   --->   "%input_7_load = load i8 %input_7_addr" [../src/conv.cpp:89]   --->   Operation 289 'load' 'input_7_load' <Predicate = (and_ln85_read & add_ln86_3 == 6)> <Delay = 3.25> <CoreInst = "RAM_2P_BRAM">   --->   Core 90 'RAM_2P_BRAM' <Latency = 1> <II = 1> <Delay = 3.25> <Storage> <Opcode : 'load' 'store'> <Ports = 2> <Width = 7> <Depth = 196> <RAM>
ST_3 : Operation 290 [1/1] (2.30ns)   --->   "%tmp_cast = sparsemux i7 @_ssdm_op_SparseMux.ap_auto.8i7.i7.i3, i3 7, i7 %input_0_load, i3 0, i7 %input_1_load, i3 1, i7 %input_2_load, i3 2, i7 %input_3_load, i3 3, i7 %input_4_load, i3 4, i7 %input_5_load, i3 5, i7 %input_6_load, i3 6, i7 %input_7_load, i7 0, i3 %add_ln86_3" [../src/conv.cpp:89]   --->   Operation 290 'sparsemux' 'tmp_cast' <Predicate = (and_ln85_read)> <Delay = 2.30> <CoreInst = "BinarySparseMux_DontCare">   --->   Core 137 'BinarySparseMux_DontCare' <Latency = 0> <II = 1> <Delay = 2.30> <FuncUnit> <Opcode : 'sparsemux'> <InPorts = 2> <OutPorts = 1>
ST_3 : Operation 291 [1/1] (0.00ns)   --->   "%zext_ln89_1 = zext i7 %tmp_cast" [../src/conv.cpp:89]   --->   Operation 291 'zext' 'zext_ln89_1' <Predicate = (and_ln85_read)> <Delay = 0.00>
ST_3 : Operation 292 [1/2] ( I:2.32ns O:2.32ns )   --->   "%p_ZL12conv2_weight_0_load = load i7 %p_ZL12conv2_weight_0_addr" [../src/conv.cpp:89]   --->   Operation 292 'load' 'p_ZL12conv2_weight_0_load' <Predicate = (and_ln85_read)> <Delay = 2.32> <CoreInst = "ROM">   --->   Core 94 'ROM' <Latency = 1> <II = 1> <Delay = 2.32> <Storage> <Opcode : 'load'> <Ports = 0> <Width = 3> <Depth = 128> <ROM>
ST_3 : Operation 293 [1/1] (0.00ns)   --->   "%sext_ln89 = sext i3 %p_ZL12conv2_weight_0_load" [../src/conv.cpp:89]   --->   Operation 293 'sext' 'sext_ln89' <Predicate = (and_ln85_read)> <Delay = 0.00>
ST_3 : Operation 294 [3/3] (1.05ns) (grouped into DSP with root node add_ln89_1)   --->   "%mul_ln89 = mul i10 %sext_ln89, i10 %zext_ln89_1" [../src/conv.cpp:89]   --->   Operation 294 'mul' 'mul_ln89' <Predicate = (and_ln85_read)> <Delay = 1.05> <CoreInst = "DSP48">   --->   Core 116 'DSP48' <Latency = 3> <II = 1> <Delay = 2.15> <IPBlock> <Opcode : 'add' 'sub' 'mul' 'select'> <InPorts = 0> <OutPorts = 1> <Sync> <CReg>
ST_3 : Operation 295 [1/2] ( I:3.25ns O:3.25ns )   --->   "%input_0_load_4 = load i8 %input_0_addr_5" [../src/conv.cpp:89]   --->   Operation 295 'load' 'input_0_load_4' <Predicate = (icmp_ln85 & add_ln86_3 == 6)> <Delay = 3.25> <CoreInst = "RAM_2P_BRAM">   --->   Core 90 'RAM_2P_BRAM' <Latency = 1> <II = 1> <Delay = 3.25> <Storage> <Opcode : 'load' 'store'> <Ports = 2> <Width = 7> <Depth = 196> <RAM>
ST_3 : Operation 296 [1/2] ( I:3.25ns O:3.25ns )   --->   "%input_1_load_4 = load i8 %input_1_addr_5" [../src/conv.cpp:89]   --->   Operation 296 'load' 'input_1_load_4' <Predicate = (icmp_ln85 & add_ln86_3 == 7)> <Delay = 3.25> <CoreInst = "RAM_2P_BRAM">   --->   Core 90 'RAM_2P_BRAM' <Latency = 1> <II = 1> <Delay = 3.25> <Storage> <Opcode : 'load' 'store'> <Ports = 2> <Width = 7> <Depth = 196> <RAM>
ST_3 : Operation 297 [1/2] ( I:3.25ns O:3.25ns )   --->   "%input_2_load_4 = load i8 %input_2_addr_4" [../src/conv.cpp:89]   --->   Operation 297 'load' 'input_2_load_4' <Predicate = (icmp_ln85 & add_ln86_3 == 0)> <Delay = 3.25> <CoreInst = "RAM_2P_BRAM">   --->   Core 90 'RAM_2P_BRAM' <Latency = 1> <II = 1> <Delay = 3.25> <Storage> <Opcode : 'load' 'store'> <Ports = 2> <Width = 7> <Depth = 196> <RAM>
ST_3 : Operation 298 [1/2] ( I:3.25ns O:3.25ns )   --->   "%input_3_load_4 = load i8 %input_3_addr_4" [../src/conv.cpp:89]   --->   Operation 298 'load' 'input_3_load_4' <Predicate = (icmp_ln85 & add_ln86_3 == 1)> <Delay = 3.25> <CoreInst = "RAM_2P_BRAM">   --->   Core 90 'RAM_2P_BRAM' <Latency = 1> <II = 1> <Delay = 3.25> <Storage> <Opcode : 'load' 'store'> <Ports = 2> <Width = 7> <Depth = 196> <RAM>
ST_3 : Operation 299 [1/2] ( I:3.25ns O:3.25ns )   --->   "%input_4_load_4 = load i8 %input_4_addr_4" [../src/conv.cpp:89]   --->   Operation 299 'load' 'input_4_load_4' <Predicate = (icmp_ln85 & add_ln86_3 == 2)> <Delay = 3.25> <CoreInst = "RAM_2P_BRAM">   --->   Core 90 'RAM_2P_BRAM' <Latency = 1> <II = 1> <Delay = 3.25> <Storage> <Opcode : 'load' 'store'> <Ports = 2> <Width = 7> <Depth = 196> <RAM>
ST_3 : Operation 300 [1/2] ( I:3.25ns O:3.25ns )   --->   "%input_5_load_1 = load i8 %input_5_addr_1" [../src/conv.cpp:89]   --->   Operation 300 'load' 'input_5_load_1' <Predicate = (icmp_ln85 & add_ln86_3 == 3)> <Delay = 3.25> <CoreInst = "RAM_2P_BRAM">   --->   Core 90 'RAM_2P_BRAM' <Latency = 1> <II = 1> <Delay = 3.25> <Storage> <Opcode : 'load' 'store'> <Ports = 2> <Width = 7> <Depth = 196> <RAM>
ST_3 : Operation 301 [1/2] ( I:3.25ns O:3.25ns )   --->   "%input_6_load_1 = load i8 %input_6_addr_1" [../src/conv.cpp:89]   --->   Operation 301 'load' 'input_6_load_1' <Predicate = (icmp_ln85 & add_ln86_3 == 4)> <Delay = 3.25> <CoreInst = "RAM_2P_BRAM">   --->   Core 90 'RAM_2P_BRAM' <Latency = 1> <II = 1> <Delay = 3.25> <Storage> <Opcode : 'load' 'store'> <Ports = 2> <Width = 7> <Depth = 196> <RAM>
ST_3 : Operation 302 [1/2] ( I:3.25ns O:3.25ns )   --->   "%input_7_load_1 = load i8 %input_7_addr_1" [../src/conv.cpp:89]   --->   Operation 302 'load' 'input_7_load_1' <Predicate = (icmp_ln85 & add_ln86_3 == 5)> <Delay = 3.25> <CoreInst = "RAM_2P_BRAM">   --->   Core 90 'RAM_2P_BRAM' <Latency = 1> <II = 1> <Delay = 3.25> <Storage> <Opcode : 'load' 'store'> <Ports = 2> <Width = 7> <Depth = 196> <RAM>
ST_3 : Operation 303 [1/1] (2.30ns)   --->   "%tmp_2_cast = sparsemux i7 @_ssdm_op_SparseMux.ap_auto.8i7.i7.i3, i3 6, i7 %input_0_load_4, i3 7, i7 %input_1_load_4, i3 0, i7 %input_2_load_4, i3 1, i7 %input_3_load_4, i3 2, i7 %input_4_load_4, i3 3, i7 %input_5_load_1, i3 4, i7 %input_6_load_1, i3 5, i7 %input_7_load_1, i7 0, i3 %add_ln86_3" [../src/conv.cpp:89]   --->   Operation 303 'sparsemux' 'tmp_2_cast' <Predicate = (icmp_ln85)> <Delay = 2.30> <CoreInst = "BinarySparseMux_DontCare">   --->   Core 137 'BinarySparseMux_DontCare' <Latency = 0> <II = 1> <Delay = 2.30> <FuncUnit> <Opcode : 'sparsemux'> <InPorts = 2> <OutPorts = 1>
ST_3 : Operation 304 [1/2] ( I:2.32ns O:2.32ns )   --->   "%p_ZL12conv2_weight_1_load = load i7 %p_ZL12conv2_weight_1_addr" [../src/conv.cpp:89]   --->   Operation 304 'load' 'p_ZL12conv2_weight_1_load' <Predicate = (icmp_ln85)> <Delay = 2.32> <CoreInst = "ROM">   --->   Core 94 'ROM' <Latency = 1> <II = 1> <Delay = 2.32> <Storage> <Opcode : 'load'> <Ports = 0> <Width = 4> <Depth = 128> <ROM>
ST_3 : Operation 305 [1/2] ( I:3.25ns O:3.25ns )   --->   "%input_0_load_5 = load i8 %input_0_addr_6" [../src/conv.cpp:89]   --->   Operation 305 'load' 'input_0_load_5' <Predicate = (and_ln85_1_read & add_ln86_3 == 5)> <Delay = 3.25> <CoreInst = "RAM_2P_BRAM">   --->   Core 90 'RAM_2P_BRAM' <Latency = 1> <II = 1> <Delay = 3.25> <Storage> <Opcode : 'load' 'store'> <Ports = 2> <Width = 7> <Depth = 196> <RAM>
ST_3 : Operation 306 [1/2] ( I:3.25ns O:3.25ns )   --->   "%input_1_load_5 = load i8 %input_1_addr_6" [../src/conv.cpp:89]   --->   Operation 306 'load' 'input_1_load_5' <Predicate = (and_ln85_1_read & add_ln86_3 == 6)> <Delay = 3.25> <CoreInst = "RAM_2P_BRAM">   --->   Core 90 'RAM_2P_BRAM' <Latency = 1> <II = 1> <Delay = 3.25> <Storage> <Opcode : 'load' 'store'> <Ports = 2> <Width = 7> <Depth = 196> <RAM>
ST_3 : Operation 307 [1/2] ( I:3.25ns O:3.25ns )   --->   "%input_2_load_5 = load i8 %input_2_addr_5" [../src/conv.cpp:89]   --->   Operation 307 'load' 'input_2_load_5' <Predicate = (and_ln85_1_read & add_ln86_3 == 7)> <Delay = 3.25> <CoreInst = "RAM_2P_BRAM">   --->   Core 90 'RAM_2P_BRAM' <Latency = 1> <II = 1> <Delay = 3.25> <Storage> <Opcode : 'load' 'store'> <Ports = 2> <Width = 7> <Depth = 196> <RAM>
ST_3 : Operation 308 [1/2] ( I:3.25ns O:3.25ns )   --->   "%input_3_load_5 = load i8 %input_3_addr_5" [../src/conv.cpp:89]   --->   Operation 308 'load' 'input_3_load_5' <Predicate = (and_ln85_1_read & add_ln86_3 == 0)> <Delay = 3.25> <CoreInst = "RAM_2P_BRAM">   --->   Core 90 'RAM_2P_BRAM' <Latency = 1> <II = 1> <Delay = 3.25> <Storage> <Opcode : 'load' 'store'> <Ports = 2> <Width = 7> <Depth = 196> <RAM>
ST_3 : Operation 309 [1/2] ( I:3.25ns O:3.25ns )   --->   "%input_4_load_5 = load i8 %input_4_addr_5" [../src/conv.cpp:89]   --->   Operation 309 'load' 'input_4_load_5' <Predicate = (and_ln85_1_read & add_ln86_3 == 1)> <Delay = 3.25> <CoreInst = "RAM_2P_BRAM">   --->   Core 90 'RAM_2P_BRAM' <Latency = 1> <II = 1> <Delay = 3.25> <Storage> <Opcode : 'load' 'store'> <Ports = 2> <Width = 7> <Depth = 196> <RAM>
ST_3 : Operation 310 [1/2] ( I:3.25ns O:3.25ns )   --->   "%input_5_load_2 = load i8 %input_5_addr_2" [../src/conv.cpp:89]   --->   Operation 310 'load' 'input_5_load_2' <Predicate = (and_ln85_1_read & add_ln86_3 == 2)> <Delay = 3.25> <CoreInst = "RAM_2P_BRAM">   --->   Core 90 'RAM_2P_BRAM' <Latency = 1> <II = 1> <Delay = 3.25> <Storage> <Opcode : 'load' 'store'> <Ports = 2> <Width = 7> <Depth = 196> <RAM>
ST_3 : Operation 311 [1/2] ( I:3.25ns O:3.25ns )   --->   "%input_6_load_2 = load i8 %input_6_addr_2" [../src/conv.cpp:89]   --->   Operation 311 'load' 'input_6_load_2' <Predicate = (and_ln85_1_read & add_ln86_3 == 3)> <Delay = 3.25> <CoreInst = "RAM_2P_BRAM">   --->   Core 90 'RAM_2P_BRAM' <Latency = 1> <II = 1> <Delay = 3.25> <Storage> <Opcode : 'load' 'store'> <Ports = 2> <Width = 7> <Depth = 196> <RAM>
ST_3 : Operation 312 [1/2] ( I:3.25ns O:3.25ns )   --->   "%input_7_load_2 = load i8 %input_7_addr_2" [../src/conv.cpp:89]   --->   Operation 312 'load' 'input_7_load_2' <Predicate = (and_ln85_1_read & add_ln86_3 == 4)> <Delay = 3.25> <CoreInst = "RAM_2P_BRAM">   --->   Core 90 'RAM_2P_BRAM' <Latency = 1> <II = 1> <Delay = 3.25> <Storage> <Opcode : 'load' 'store'> <Ports = 2> <Width = 7> <Depth = 196> <RAM>
ST_3 : Operation 313 [1/1] (2.30ns)   --->   "%tmp_4_cast = sparsemux i7 @_ssdm_op_SparseMux.ap_auto.8i7.i7.i3, i3 5, i7 %input_0_load_5, i3 6, i7 %input_1_load_5, i3 7, i7 %input_2_load_5, i3 0, i7 %input_3_load_5, i3 1, i7 %input_4_load_5, i3 2, i7 %input_5_load_2, i3 3, i7 %input_6_load_2, i3 4, i7 %input_7_load_2, i7 0, i3 %add_ln86_3" [../src/conv.cpp:89]   --->   Operation 313 'sparsemux' 'tmp_4_cast' <Predicate = (and_ln85_1_read)> <Delay = 2.30> <CoreInst = "BinarySparseMux_DontCare">   --->   Core 137 'BinarySparseMux_DontCare' <Latency = 0> <II = 1> <Delay = 2.30> <FuncUnit> <Opcode : 'sparsemux'> <InPorts = 2> <OutPorts = 1>
ST_3 : Operation 314 [1/2] ( I:2.32ns O:2.32ns )   --->   "%p_ZL12conv2_weight_2_load = load i7 %p_ZL12conv2_weight_2_addr" [../src/conv.cpp:89]   --->   Operation 314 'load' 'p_ZL12conv2_weight_2_load' <Predicate = (and_ln85_1_read)> <Delay = 2.32> <CoreInst = "ROM">   --->   Core 94 'ROM' <Latency = 1> <II = 1> <Delay = 2.32> <Storage> <Opcode : 'load'> <Ports = 0> <Width = 4> <Depth = 128> <ROM>
ST_3 : Operation 315 [1/2] ( I:3.25ns O:3.25ns )   --->   "%input_0_load_6 = load i8 %input_0_addr_7" [../src/conv.cpp:89]   --->   Operation 315 'load' 'input_0_load_6' <Predicate = (icmp_ln85_1 & add_ln86_3 == 1)> <Delay = 3.25> <CoreInst = "RAM_2P_BRAM">   --->   Core 90 'RAM_2P_BRAM' <Latency = 1> <II = 1> <Delay = 3.25> <Storage> <Opcode : 'load' 'store'> <Ports = 2> <Width = 7> <Depth = 196> <RAM>
ST_3 : Operation 316 [1/2] ( I:3.25ns O:3.25ns )   --->   "%input_1_load_6 = load i8 %input_1_addr_7" [../src/conv.cpp:89]   --->   Operation 316 'load' 'input_1_load_6' <Predicate = (icmp_ln85_1 & add_ln86_3 == 2)> <Delay = 3.25> <CoreInst = "RAM_2P_BRAM">   --->   Core 90 'RAM_2P_BRAM' <Latency = 1> <II = 1> <Delay = 3.25> <Storage> <Opcode : 'load' 'store'> <Ports = 2> <Width = 7> <Depth = 196> <RAM>
ST_3 : Operation 317 [1/2] ( I:3.25ns O:3.25ns )   --->   "%input_2_load_6 = load i8 %input_2_addr_6" [../src/conv.cpp:89]   --->   Operation 317 'load' 'input_2_load_6' <Predicate = (icmp_ln85_1 & add_ln86_3 == 3)> <Delay = 3.25> <CoreInst = "RAM_2P_BRAM">   --->   Core 90 'RAM_2P_BRAM' <Latency = 1> <II = 1> <Delay = 3.25> <Storage> <Opcode : 'load' 'store'> <Ports = 2> <Width = 7> <Depth = 196> <RAM>
ST_3 : Operation 318 [1/2] ( I:3.25ns O:3.25ns )   --->   "%input_3_load_6 = load i8 %input_3_addr_6" [../src/conv.cpp:89]   --->   Operation 318 'load' 'input_3_load_6' <Predicate = (icmp_ln85_1 & add_ln86_3 == 4)> <Delay = 3.25> <CoreInst = "RAM_2P_BRAM">   --->   Core 90 'RAM_2P_BRAM' <Latency = 1> <II = 1> <Delay = 3.25> <Storage> <Opcode : 'load' 'store'> <Ports = 2> <Width = 7> <Depth = 196> <RAM>
ST_3 : Operation 319 [1/2] ( I:3.25ns O:3.25ns )   --->   "%input_4_load_6 = load i8 %input_4_addr_6" [../src/conv.cpp:89]   --->   Operation 319 'load' 'input_4_load_6' <Predicate = (icmp_ln85_1 & add_ln86_3 == 5)> <Delay = 3.25> <CoreInst = "RAM_2P_BRAM">   --->   Core 90 'RAM_2P_BRAM' <Latency = 1> <II = 1> <Delay = 3.25> <Storage> <Opcode : 'load' 'store'> <Ports = 2> <Width = 7> <Depth = 196> <RAM>
ST_3 : Operation 320 [1/2] ( I:3.25ns O:3.25ns )   --->   "%input_5_load_3 = load i8 %input_5_addr_3" [../src/conv.cpp:89]   --->   Operation 320 'load' 'input_5_load_3' <Predicate = (icmp_ln85_1 & add_ln86_3 == 6)> <Delay = 3.25> <CoreInst = "RAM_2P_BRAM">   --->   Core 90 'RAM_2P_BRAM' <Latency = 1> <II = 1> <Delay = 3.25> <Storage> <Opcode : 'load' 'store'> <Ports = 2> <Width = 7> <Depth = 196> <RAM>
ST_3 : Operation 321 [1/2] ( I:3.25ns O:3.25ns )   --->   "%input_6_load_3 = load i8 %input_6_addr_3" [../src/conv.cpp:89]   --->   Operation 321 'load' 'input_6_load_3' <Predicate = (icmp_ln85_1 & add_ln86_3 == 7)> <Delay = 3.25> <CoreInst = "RAM_2P_BRAM">   --->   Core 90 'RAM_2P_BRAM' <Latency = 1> <II = 1> <Delay = 3.25> <Storage> <Opcode : 'load' 'store'> <Ports = 2> <Width = 7> <Depth = 196> <RAM>
ST_3 : Operation 322 [1/2] ( I:3.25ns O:3.25ns )   --->   "%input_7_load_3 = load i8 %input_7_addr_3" [../src/conv.cpp:89]   --->   Operation 322 'load' 'input_7_load_3' <Predicate = (icmp_ln85_1 & add_ln86_3 == 0)> <Delay = 3.25> <CoreInst = "RAM_2P_BRAM">   --->   Core 90 'RAM_2P_BRAM' <Latency = 1> <II = 1> <Delay = 3.25> <Storage> <Opcode : 'load' 'store'> <Ports = 2> <Width = 7> <Depth = 196> <RAM>
ST_3 : Operation 323 [1/1] (2.30ns)   --->   "%tmp_6_cast = sparsemux i7 @_ssdm_op_SparseMux.ap_auto.8i7.i7.i3, i3 1, i7 %input_0_load_6, i3 2, i7 %input_1_load_6, i3 3, i7 %input_2_load_6, i3 4, i7 %input_3_load_6, i3 5, i7 %input_4_load_6, i3 6, i7 %input_5_load_3, i3 7, i7 %input_6_load_3, i3 0, i7 %input_7_load_3, i7 0, i3 %add_ln86_3" [../src/conv.cpp:89]   --->   Operation 323 'sparsemux' 'tmp_6_cast' <Predicate = (icmp_ln85_1)> <Delay = 2.30> <CoreInst = "BinarySparseMux_DontCare">   --->   Core 137 'BinarySparseMux_DontCare' <Latency = 0> <II = 1> <Delay = 2.30> <FuncUnit> <Opcode : 'sparsemux'> <InPorts = 2> <OutPorts = 1>
ST_3 : Operation 324 [1/2] ( I:2.32ns O:2.32ns )   --->   "%p_ZL12conv2_weight_3_load = load i7 %p_ZL12conv2_weight_3_addr" [../src/conv.cpp:89]   --->   Operation 324 'load' 'p_ZL12conv2_weight_3_load' <Predicate = (icmp_ln85_1)> <Delay = 2.32> <CoreInst = "ROM">   --->   Core 94 'ROM' <Latency = 1> <II = 1> <Delay = 2.32> <Storage> <Opcode : 'load'> <Ports = 0> <Width = 4> <Depth = 128> <ROM>
ST_3 : Operation 325 [1/2] ( I:3.25ns O:3.25ns )   --->   "%input_0_load_7 = load i8 %input_0_addr_8" [../src/conv.cpp:89]   --->   Operation 325 'load' 'input_0_load_7' <Predicate = (add_ln86_3 == 0)> <Delay = 3.25> <CoreInst = "RAM_2P_BRAM">   --->   Core 90 'RAM_2P_BRAM' <Latency = 1> <II = 1> <Delay = 3.25> <Storage> <Opcode : 'load' 'store'> <Ports = 2> <Width = 7> <Depth = 196> <RAM>
ST_3 : Operation 326 [1/2] ( I:3.25ns O:3.25ns )   --->   "%input_1_load_7 = load i8 %input_1_addr_8" [../src/conv.cpp:89]   --->   Operation 326 'load' 'input_1_load_7' <Predicate = (add_ln86_3 == 1)> <Delay = 3.25> <CoreInst = "RAM_2P_BRAM">   --->   Core 90 'RAM_2P_BRAM' <Latency = 1> <II = 1> <Delay = 3.25> <Storage> <Opcode : 'load' 'store'> <Ports = 2> <Width = 7> <Depth = 196> <RAM>
ST_3 : Operation 327 [1/2] ( I:3.25ns O:3.25ns )   --->   "%input_2_load_7 = load i8 %input_2_addr_7" [../src/conv.cpp:89]   --->   Operation 327 'load' 'input_2_load_7' <Predicate = (add_ln86_3 == 2)> <Delay = 3.25> <CoreInst = "RAM_2P_BRAM">   --->   Core 90 'RAM_2P_BRAM' <Latency = 1> <II = 1> <Delay = 3.25> <Storage> <Opcode : 'load' 'store'> <Ports = 2> <Width = 7> <Depth = 196> <RAM>
ST_3 : Operation 328 [1/2] ( I:3.25ns O:3.25ns )   --->   "%input_3_load_7 = load i8 %input_3_addr_7" [../src/conv.cpp:89]   --->   Operation 328 'load' 'input_3_load_7' <Predicate = (add_ln86_3 == 3)> <Delay = 3.25> <CoreInst = "RAM_2P_BRAM">   --->   Core 90 'RAM_2P_BRAM' <Latency = 1> <II = 1> <Delay = 3.25> <Storage> <Opcode : 'load' 'store'> <Ports = 2> <Width = 7> <Depth = 196> <RAM>
ST_3 : Operation 329 [1/2] ( I:3.25ns O:3.25ns )   --->   "%input_4_load_7 = load i8 %input_4_addr_7" [../src/conv.cpp:89]   --->   Operation 329 'load' 'input_4_load_7' <Predicate = (add_ln86_3 == 4)> <Delay = 3.25> <CoreInst = "RAM_2P_BRAM">   --->   Core 90 'RAM_2P_BRAM' <Latency = 1> <II = 1> <Delay = 3.25> <Storage> <Opcode : 'load' 'store'> <Ports = 2> <Width = 7> <Depth = 196> <RAM>
ST_3 : Operation 330 [1/2] ( I:3.25ns O:3.25ns )   --->   "%input_5_load_4 = load i8 %input_5_addr_4" [../src/conv.cpp:89]   --->   Operation 330 'load' 'input_5_load_4' <Predicate = (add_ln86_3 == 5)> <Delay = 3.25> <CoreInst = "RAM_2P_BRAM">   --->   Core 90 'RAM_2P_BRAM' <Latency = 1> <II = 1> <Delay = 3.25> <Storage> <Opcode : 'load' 'store'> <Ports = 2> <Width = 7> <Depth = 196> <RAM>
ST_3 : Operation 331 [1/2] ( I:3.25ns O:3.25ns )   --->   "%input_6_load_4 = load i8 %input_6_addr_4" [../src/conv.cpp:89]   --->   Operation 331 'load' 'input_6_load_4' <Predicate = (add_ln86_3 == 6)> <Delay = 3.25> <CoreInst = "RAM_2P_BRAM">   --->   Core 90 'RAM_2P_BRAM' <Latency = 1> <II = 1> <Delay = 3.25> <Storage> <Opcode : 'load' 'store'> <Ports = 2> <Width = 7> <Depth = 196> <RAM>
ST_3 : Operation 332 [1/2] ( I:3.25ns O:3.25ns )   --->   "%input_7_load_4 = load i8 %input_7_addr_4" [../src/conv.cpp:89]   --->   Operation 332 'load' 'input_7_load_4' <Predicate = (add_ln86_3 == 7)> <Delay = 3.25> <CoreInst = "RAM_2P_BRAM">   --->   Core 90 'RAM_2P_BRAM' <Latency = 1> <II = 1> <Delay = 3.25> <Storage> <Opcode : 'load' 'store'> <Ports = 2> <Width = 7> <Depth = 196> <RAM>
ST_3 : Operation 333 [1/1] (2.30ns)   --->   "%tmp_8_cast = sparsemux i7 @_ssdm_op_SparseMux.ap_auto.8i7.i7.i3, i3 0, i7 %input_0_load_7, i3 1, i7 %input_1_load_7, i3 2, i7 %input_2_load_7, i3 3, i7 %input_3_load_7, i3 4, i7 %input_4_load_7, i3 5, i7 %input_5_load_4, i3 6, i7 %input_6_load_4, i3 7, i7 %input_7_load_4, i7 0, i3 %add_ln86_3" [../src/conv.cpp:89]   --->   Operation 333 'sparsemux' 'tmp_8_cast' <Predicate = true> <Delay = 2.30> <CoreInst = "BinarySparseMux_DontCare">   --->   Core 137 'BinarySparseMux_DontCare' <Latency = 0> <II = 1> <Delay = 2.30> <FuncUnit> <Opcode : 'sparsemux'> <InPorts = 2> <OutPorts = 1>
ST_3 : Operation 334 [1/2] ( I:2.32ns O:2.32ns )   --->   "%p_ZL12conv2_weight_4_load = load i7 %p_ZL12conv2_weight_4_addr" [../src/conv.cpp:89]   --->   Operation 334 'load' 'p_ZL12conv2_weight_4_load' <Predicate = true> <Delay = 2.32> <CoreInst = "ROM">   --->   Core 94 'ROM' <Latency = 1> <II = 1> <Delay = 2.32> <Storage> <Opcode : 'load'> <Ports = 0> <Width = 4> <Depth = 128> <ROM>
ST_3 : Operation 335 [1/1] (0.00ns)   --->   "%br_ln85 = br i1 %icmp_ln85_2, void %for.inc50.1.2, void %if.then.1.2" [../src/conv.cpp:85]   --->   Operation 335 'br' 'br_ln85' <Predicate = true> <Delay = 0.00>
ST_3 : Operation 336 [1/2] ( I:3.25ns O:3.25ns )   --->   "%input_0_load_8 = load i8 %input_0_addr_9" [../src/conv.cpp:89]   --->   Operation 336 'load' 'input_0_load_8' <Predicate = (icmp_ln85_2 & add_ln86_3 == 7)> <Delay = 3.25> <CoreInst = "RAM_2P_BRAM">   --->   Core 90 'RAM_2P_BRAM' <Latency = 1> <II = 1> <Delay = 3.25> <Storage> <Opcode : 'load' 'store'> <Ports = 2> <Width = 7> <Depth = 196> <RAM>
ST_3 : Operation 337 [1/2] ( I:3.25ns O:3.25ns )   --->   "%input_1_load_8 = load i8 %input_1_addr_9" [../src/conv.cpp:89]   --->   Operation 337 'load' 'input_1_load_8' <Predicate = (icmp_ln85_2 & add_ln86_3 == 0)> <Delay = 3.25> <CoreInst = "RAM_2P_BRAM">   --->   Core 90 'RAM_2P_BRAM' <Latency = 1> <II = 1> <Delay = 3.25> <Storage> <Opcode : 'load' 'store'> <Ports = 2> <Width = 7> <Depth = 196> <RAM>
ST_3 : Operation 338 [1/2] ( I:3.25ns O:3.25ns )   --->   "%input_2_load_8 = load i8 %input_2_addr_8" [../src/conv.cpp:89]   --->   Operation 338 'load' 'input_2_load_8' <Predicate = (icmp_ln85_2 & add_ln86_3 == 1)> <Delay = 3.25> <CoreInst = "RAM_2P_BRAM">   --->   Core 90 'RAM_2P_BRAM' <Latency = 1> <II = 1> <Delay = 3.25> <Storage> <Opcode : 'load' 'store'> <Ports = 2> <Width = 7> <Depth = 196> <RAM>
ST_3 : Operation 339 [1/2] ( I:3.25ns O:3.25ns )   --->   "%input_3_load_8 = load i8 %input_3_addr_8" [../src/conv.cpp:89]   --->   Operation 339 'load' 'input_3_load_8' <Predicate = (icmp_ln85_2 & add_ln86_3 == 2)> <Delay = 3.25> <CoreInst = "RAM_2P_BRAM">   --->   Core 90 'RAM_2P_BRAM' <Latency = 1> <II = 1> <Delay = 3.25> <Storage> <Opcode : 'load' 'store'> <Ports = 2> <Width = 7> <Depth = 196> <RAM>
ST_3 : Operation 340 [1/2] ( I:3.25ns O:3.25ns )   --->   "%input_4_load_8 = load i8 %input_4_addr_8" [../src/conv.cpp:89]   --->   Operation 340 'load' 'input_4_load_8' <Predicate = (icmp_ln85_2 & add_ln86_3 == 3)> <Delay = 3.25> <CoreInst = "RAM_2P_BRAM">   --->   Core 90 'RAM_2P_BRAM' <Latency = 1> <II = 1> <Delay = 3.25> <Storage> <Opcode : 'load' 'store'> <Ports = 2> <Width = 7> <Depth = 196> <RAM>
ST_3 : Operation 341 [1/2] ( I:3.25ns O:3.25ns )   --->   "%input_5_load_5 = load i8 %input_5_addr_5" [../src/conv.cpp:89]   --->   Operation 341 'load' 'input_5_load_5' <Predicate = (icmp_ln85_2 & add_ln86_3 == 4)> <Delay = 3.25> <CoreInst = "RAM_2P_BRAM">   --->   Core 90 'RAM_2P_BRAM' <Latency = 1> <II = 1> <Delay = 3.25> <Storage> <Opcode : 'load' 'store'> <Ports = 2> <Width = 7> <Depth = 196> <RAM>
ST_3 : Operation 342 [1/2] ( I:3.25ns O:3.25ns )   --->   "%input_6_load_5 = load i8 %input_6_addr_5" [../src/conv.cpp:89]   --->   Operation 342 'load' 'input_6_load_5' <Predicate = (icmp_ln85_2 & add_ln86_3 == 5)> <Delay = 3.25> <CoreInst = "RAM_2P_BRAM">   --->   Core 90 'RAM_2P_BRAM' <Latency = 1> <II = 1> <Delay = 3.25> <Storage> <Opcode : 'load' 'store'> <Ports = 2> <Width = 7> <Depth = 196> <RAM>
ST_3 : Operation 343 [1/2] ( I:3.25ns O:3.25ns )   --->   "%input_7_load_5 = load i8 %input_7_addr_5" [../src/conv.cpp:89]   --->   Operation 343 'load' 'input_7_load_5' <Predicate = (icmp_ln85_2 & add_ln86_3 == 6)> <Delay = 3.25> <CoreInst = "RAM_2P_BRAM">   --->   Core 90 'RAM_2P_BRAM' <Latency = 1> <II = 1> <Delay = 3.25> <Storage> <Opcode : 'load' 'store'> <Ports = 2> <Width = 7> <Depth = 196> <RAM>
ST_3 : Operation 344 [1/1] (2.30ns)   --->   "%tmp_cast_47 = sparsemux i7 @_ssdm_op_SparseMux.ap_auto.8i7.i7.i3, i3 7, i7 %input_0_load_8, i3 0, i7 %input_1_load_8, i3 1, i7 %input_2_load_8, i3 2, i7 %input_3_load_8, i3 3, i7 %input_4_load_8, i3 4, i7 %input_5_load_5, i3 5, i7 %input_6_load_5, i3 6, i7 %input_7_load_5, i7 0, i3 %add_ln86_3" [../src/conv.cpp:89]   --->   Operation 344 'sparsemux' 'tmp_cast_47' <Predicate = (icmp_ln85_2)> <Delay = 2.30> <CoreInst = "BinarySparseMux_DontCare">   --->   Core 137 'BinarySparseMux_DontCare' <Latency = 0> <II = 1> <Delay = 2.30> <FuncUnit> <Opcode : 'sparsemux'> <InPorts = 2> <OutPorts = 1>
ST_3 : Operation 345 [1/2] ( I:2.32ns O:2.32ns )   --->   "%p_ZL12conv2_weight_5_load = load i7 %p_ZL12conv2_weight_5_addr" [../src/conv.cpp:89]   --->   Operation 345 'load' 'p_ZL12conv2_weight_5_load' <Predicate = (icmp_ln85_2)> <Delay = 2.32> <CoreInst = "ROM">   --->   Core 94 'ROM' <Latency = 1> <II = 1> <Delay = 2.32> <Storage> <Opcode : 'load'> <Ports = 0> <Width = 4> <Depth = 128> <ROM>
ST_3 : Operation 346 [1/2] ( I:3.25ns O:3.25ns )   --->   "%input_0_load_9 = load i8 %input_0_addr_10" [../src/conv.cpp:89]   --->   Operation 346 'load' 'input_0_load_9' <Predicate = (and_ln85_2_read & add_ln86_3 == 3)> <Delay = 3.25> <CoreInst = "RAM_2P_BRAM">   --->   Core 90 'RAM_2P_BRAM' <Latency = 1> <II = 1> <Delay = 3.25> <Storage> <Opcode : 'load' 'store'> <Ports = 2> <Width = 7> <Depth = 196> <RAM>
ST_3 : Operation 347 [1/2] ( I:3.25ns O:3.25ns )   --->   "%input_1_load_9 = load i8 %input_1_addr_10" [../src/conv.cpp:89]   --->   Operation 347 'load' 'input_1_load_9' <Predicate = (and_ln85_2_read & add_ln86_3 == 4)> <Delay = 3.25> <CoreInst = "RAM_2P_BRAM">   --->   Core 90 'RAM_2P_BRAM' <Latency = 1> <II = 1> <Delay = 3.25> <Storage> <Opcode : 'load' 'store'> <Ports = 2> <Width = 7> <Depth = 196> <RAM>
ST_3 : Operation 348 [1/2] ( I:3.25ns O:3.25ns )   --->   "%input_2_load_9 = load i8 %input_2_addr_9" [../src/conv.cpp:89]   --->   Operation 348 'load' 'input_2_load_9' <Predicate = (and_ln85_2_read & add_ln86_3 == 5)> <Delay = 3.25> <CoreInst = "RAM_2P_BRAM">   --->   Core 90 'RAM_2P_BRAM' <Latency = 1> <II = 1> <Delay = 3.25> <Storage> <Opcode : 'load' 'store'> <Ports = 2> <Width = 7> <Depth = 196> <RAM>
ST_3 : Operation 349 [1/2] ( I:3.25ns O:3.25ns )   --->   "%input_3_load_9 = load i8 %input_3_addr_9" [../src/conv.cpp:89]   --->   Operation 349 'load' 'input_3_load_9' <Predicate = (and_ln85_2_read & add_ln86_3 == 6)> <Delay = 3.25> <CoreInst = "RAM_2P_BRAM">   --->   Core 90 'RAM_2P_BRAM' <Latency = 1> <II = 1> <Delay = 3.25> <Storage> <Opcode : 'load' 'store'> <Ports = 2> <Width = 7> <Depth = 196> <RAM>
ST_3 : Operation 350 [1/2] ( I:3.25ns O:3.25ns )   --->   "%input_4_load_9 = load i8 %input_4_addr_9" [../src/conv.cpp:89]   --->   Operation 350 'load' 'input_4_load_9' <Predicate = (and_ln85_2_read & add_ln86_3 == 7)> <Delay = 3.25> <CoreInst = "RAM_2P_BRAM">   --->   Core 90 'RAM_2P_BRAM' <Latency = 1> <II = 1> <Delay = 3.25> <Storage> <Opcode : 'load' 'store'> <Ports = 2> <Width = 7> <Depth = 196> <RAM>
ST_3 : Operation 351 [1/2] ( I:3.25ns O:3.25ns )   --->   "%input_5_load_6 = load i8 %input_5_addr_6" [../src/conv.cpp:89]   --->   Operation 351 'load' 'input_5_load_6' <Predicate = (and_ln85_2_read & add_ln86_3 == 0)> <Delay = 3.25> <CoreInst = "RAM_2P_BRAM">   --->   Core 90 'RAM_2P_BRAM' <Latency = 1> <II = 1> <Delay = 3.25> <Storage> <Opcode : 'load' 'store'> <Ports = 2> <Width = 7> <Depth = 196> <RAM>
ST_3 : Operation 352 [1/2] ( I:3.25ns O:3.25ns )   --->   "%input_6_load_6 = load i8 %input_6_addr_6" [../src/conv.cpp:89]   --->   Operation 352 'load' 'input_6_load_6' <Predicate = (and_ln85_2_read & add_ln86_3 == 1)> <Delay = 3.25> <CoreInst = "RAM_2P_BRAM">   --->   Core 90 'RAM_2P_BRAM' <Latency = 1> <II = 1> <Delay = 3.25> <Storage> <Opcode : 'load' 'store'> <Ports = 2> <Width = 7> <Depth = 196> <RAM>
ST_3 : Operation 353 [1/2] ( I:3.25ns O:3.25ns )   --->   "%input_7_load_6 = load i8 %input_7_addr_6" [../src/conv.cpp:89]   --->   Operation 353 'load' 'input_7_load_6' <Predicate = (and_ln85_2_read & add_ln86_3 == 2)> <Delay = 3.25> <CoreInst = "RAM_2P_BRAM">   --->   Core 90 'RAM_2P_BRAM' <Latency = 1> <II = 1> <Delay = 3.25> <Storage> <Opcode : 'load' 'store'> <Ports = 2> <Width = 7> <Depth = 196> <RAM>
ST_3 : Operation 354 [1/1] (2.30ns)   --->   "%tmp_10_cast = sparsemux i7 @_ssdm_op_SparseMux.ap_auto.8i7.i7.i3, i3 3, i7 %input_0_load_9, i3 4, i7 %input_1_load_9, i3 5, i7 %input_2_load_9, i3 6, i7 %input_3_load_9, i3 7, i7 %input_4_load_9, i3 0, i7 %input_5_load_6, i3 1, i7 %input_6_load_6, i3 2, i7 %input_7_load_6, i7 0, i3 %add_ln86_3" [../src/conv.cpp:89]   --->   Operation 354 'sparsemux' 'tmp_10_cast' <Predicate = (and_ln85_2_read)> <Delay = 2.30> <CoreInst = "BinarySparseMux_DontCare">   --->   Core 137 'BinarySparseMux_DontCare' <Latency = 0> <II = 1> <Delay = 2.30> <FuncUnit> <Opcode : 'sparsemux'> <InPorts = 2> <OutPorts = 1>
ST_3 : Operation 355 [1/2] ( I:2.32ns O:2.32ns )   --->   "%p_ZL12conv2_weight_6_load = load i7 %p_ZL12conv2_weight_6_addr" [../src/conv.cpp:89]   --->   Operation 355 'load' 'p_ZL12conv2_weight_6_load' <Predicate = (and_ln85_2_read)> <Delay = 2.32> <CoreInst = "ROM">   --->   Core 94 'ROM' <Latency = 1> <II = 1> <Delay = 2.32> <Storage> <Opcode : 'load'> <Ports = 0> <Width = 4> <Depth = 128> <ROM>
ST_3 : Operation 356 [1/2] ( I:3.25ns O:3.25ns )   --->   "%input_0_load_10 = load i8 %input_0_addr_11" [../src/conv.cpp:89]   --->   Operation 356 'load' 'input_0_load_10' <Predicate = (icmp_ln85_3 & add_ln86_3 == 2)> <Delay = 3.25> <CoreInst = "RAM_2P_BRAM">   --->   Core 90 'RAM_2P_BRAM' <Latency = 1> <II = 1> <Delay = 3.25> <Storage> <Opcode : 'load' 'store'> <Ports = 2> <Width = 7> <Depth = 196> <RAM>
ST_3 : Operation 357 [1/2] ( I:3.25ns O:3.25ns )   --->   "%input_1_load_10 = load i8 %input_1_addr_11" [../src/conv.cpp:89]   --->   Operation 357 'load' 'input_1_load_10' <Predicate = (icmp_ln85_3 & add_ln86_3 == 3)> <Delay = 3.25> <CoreInst = "RAM_2P_BRAM">   --->   Core 90 'RAM_2P_BRAM' <Latency = 1> <II = 1> <Delay = 3.25> <Storage> <Opcode : 'load' 'store'> <Ports = 2> <Width = 7> <Depth = 196> <RAM>
ST_3 : Operation 358 [1/2] ( I:3.25ns O:3.25ns )   --->   "%input_2_load_10 = load i8 %input_2_addr_10" [../src/conv.cpp:89]   --->   Operation 358 'load' 'input_2_load_10' <Predicate = (icmp_ln85_3 & add_ln86_3 == 4)> <Delay = 3.25> <CoreInst = "RAM_2P_BRAM">   --->   Core 90 'RAM_2P_BRAM' <Latency = 1> <II = 1> <Delay = 3.25> <Storage> <Opcode : 'load' 'store'> <Ports = 2> <Width = 7> <Depth = 196> <RAM>
ST_3 : Operation 359 [1/2] ( I:3.25ns O:3.25ns )   --->   "%input_3_load_10 = load i8 %input_3_addr_10" [../src/conv.cpp:89]   --->   Operation 359 'load' 'input_3_load_10' <Predicate = (icmp_ln85_3 & add_ln86_3 == 5)> <Delay = 3.25> <CoreInst = "RAM_2P_BRAM">   --->   Core 90 'RAM_2P_BRAM' <Latency = 1> <II = 1> <Delay = 3.25> <Storage> <Opcode : 'load' 'store'> <Ports = 2> <Width = 7> <Depth = 196> <RAM>
ST_3 : Operation 360 [1/2] ( I:3.25ns O:3.25ns )   --->   "%input_4_load_10 = load i8 %input_4_addr_10" [../src/conv.cpp:89]   --->   Operation 360 'load' 'input_4_load_10' <Predicate = (icmp_ln85_3 & add_ln86_3 == 6)> <Delay = 3.25> <CoreInst = "RAM_2P_BRAM">   --->   Core 90 'RAM_2P_BRAM' <Latency = 1> <II = 1> <Delay = 3.25> <Storage> <Opcode : 'load' 'store'> <Ports = 2> <Width = 7> <Depth = 196> <RAM>
ST_3 : Operation 361 [1/2] ( I:3.25ns O:3.25ns )   --->   "%input_5_load_7 = load i8 %input_5_addr_7" [../src/conv.cpp:89]   --->   Operation 361 'load' 'input_5_load_7' <Predicate = (icmp_ln85_3 & add_ln86_3 == 7)> <Delay = 3.25> <CoreInst = "RAM_2P_BRAM">   --->   Core 90 'RAM_2P_BRAM' <Latency = 1> <II = 1> <Delay = 3.25> <Storage> <Opcode : 'load' 'store'> <Ports = 2> <Width = 7> <Depth = 196> <RAM>
ST_3 : Operation 362 [1/2] ( I:3.25ns O:3.25ns )   --->   "%input_6_load_7 = load i8 %input_6_addr_7" [../src/conv.cpp:89]   --->   Operation 362 'load' 'input_6_load_7' <Predicate = (icmp_ln85_3 & add_ln86_3 == 0)> <Delay = 3.25> <CoreInst = "RAM_2P_BRAM">   --->   Core 90 'RAM_2P_BRAM' <Latency = 1> <II = 1> <Delay = 3.25> <Storage> <Opcode : 'load' 'store'> <Ports = 2> <Width = 7> <Depth = 196> <RAM>
ST_3 : Operation 363 [1/2] ( I:3.25ns O:3.25ns )   --->   "%input_7_load_7 = load i8 %input_7_addr_7" [../src/conv.cpp:89]   --->   Operation 363 'load' 'input_7_load_7' <Predicate = (icmp_ln85_3 & add_ln86_3 == 1)> <Delay = 3.25> <CoreInst = "RAM_2P_BRAM">   --->   Core 90 'RAM_2P_BRAM' <Latency = 1> <II = 1> <Delay = 3.25> <Storage> <Opcode : 'load' 'store'> <Ports = 2> <Width = 7> <Depth = 196> <RAM>
ST_3 : Operation 364 [1/1] (2.30ns)   --->   "%tmp_12_cast = sparsemux i7 @_ssdm_op_SparseMux.ap_auto.8i7.i7.i3, i3 2, i7 %input_0_load_10, i3 3, i7 %input_1_load_10, i3 4, i7 %input_2_load_10, i3 5, i7 %input_3_load_10, i3 6, i7 %input_4_load_10, i3 7, i7 %input_5_load_7, i3 0, i7 %input_6_load_7, i3 1, i7 %input_7_load_7, i7 0, i3 %add_ln86_3" [../src/conv.cpp:89]   --->   Operation 364 'sparsemux' 'tmp_12_cast' <Predicate = (icmp_ln85_3)> <Delay = 2.30> <CoreInst = "BinarySparseMux_DontCare">   --->   Core 137 'BinarySparseMux_DontCare' <Latency = 0> <II = 1> <Delay = 2.30> <FuncUnit> <Opcode : 'sparsemux'> <InPorts = 2> <OutPorts = 1>
ST_3 : Operation 365 [1/2] ( I:2.32ns O:2.32ns )   --->   "%p_ZL12conv2_weight_7_load = load i7 %p_ZL12conv2_weight_7_addr" [../src/conv.cpp:89]   --->   Operation 365 'load' 'p_ZL12conv2_weight_7_load' <Predicate = (icmp_ln85_3)> <Delay = 2.32> <CoreInst = "ROM">   --->   Core 94 'ROM' <Latency = 1> <II = 1> <Delay = 2.32> <Storage> <Opcode : 'load'> <Ports = 0> <Width = 4> <Depth = 128> <ROM>
ST_3 : Operation 366 [1/2] ( I:3.25ns O:3.25ns )   --->   "%input_0_load_11 = load i8 %input_0_addr_12" [../src/conv.cpp:89]   --->   Operation 366 'load' 'input_0_load_11' <Predicate = (and_ln85_3_read & add_ln86_3 == 1)> <Delay = 3.25> <CoreInst = "RAM_2P_BRAM">   --->   Core 90 'RAM_2P_BRAM' <Latency = 1> <II = 1> <Delay = 3.25> <Storage> <Opcode : 'load' 'store'> <Ports = 2> <Width = 7> <Depth = 196> <RAM>
ST_3 : Operation 367 [1/2] ( I:3.25ns O:3.25ns )   --->   "%input_1_load_11 = load i8 %input_1_addr_12" [../src/conv.cpp:89]   --->   Operation 367 'load' 'input_1_load_11' <Predicate = (and_ln85_3_read & add_ln86_3 == 2)> <Delay = 3.25> <CoreInst = "RAM_2P_BRAM">   --->   Core 90 'RAM_2P_BRAM' <Latency = 1> <II = 1> <Delay = 3.25> <Storage> <Opcode : 'load' 'store'> <Ports = 2> <Width = 7> <Depth = 196> <RAM>
ST_3 : Operation 368 [1/2] ( I:3.25ns O:3.25ns )   --->   "%input_2_load_11 = load i8 %input_2_addr_11" [../src/conv.cpp:89]   --->   Operation 368 'load' 'input_2_load_11' <Predicate = (and_ln85_3_read & add_ln86_3 == 3)> <Delay = 3.25> <CoreInst = "RAM_2P_BRAM">   --->   Core 90 'RAM_2P_BRAM' <Latency = 1> <II = 1> <Delay = 3.25> <Storage> <Opcode : 'load' 'store'> <Ports = 2> <Width = 7> <Depth = 196> <RAM>
ST_3 : Operation 369 [1/2] ( I:3.25ns O:3.25ns )   --->   "%input_3_load_11 = load i8 %input_3_addr_11" [../src/conv.cpp:89]   --->   Operation 369 'load' 'input_3_load_11' <Predicate = (and_ln85_3_read & add_ln86_3 == 4)> <Delay = 3.25> <CoreInst = "RAM_2P_BRAM">   --->   Core 90 'RAM_2P_BRAM' <Latency = 1> <II = 1> <Delay = 3.25> <Storage> <Opcode : 'load' 'store'> <Ports = 2> <Width = 7> <Depth = 196> <RAM>
ST_3 : Operation 370 [1/2] ( I:3.25ns O:3.25ns )   --->   "%input_4_load_11 = load i8 %input_4_addr_11" [../src/conv.cpp:89]   --->   Operation 370 'load' 'input_4_load_11' <Predicate = (and_ln85_3_read & add_ln86_3 == 5)> <Delay = 3.25> <CoreInst = "RAM_2P_BRAM">   --->   Core 90 'RAM_2P_BRAM' <Latency = 1> <II = 1> <Delay = 3.25> <Storage> <Opcode : 'load' 'store'> <Ports = 2> <Width = 7> <Depth = 196> <RAM>
ST_3 : Operation 371 [1/2] ( I:3.25ns O:3.25ns )   --->   "%input_5_load_8 = load i8 %input_5_addr_8" [../src/conv.cpp:89]   --->   Operation 371 'load' 'input_5_load_8' <Predicate = (and_ln85_3_read & add_ln86_3 == 6)> <Delay = 3.25> <CoreInst = "RAM_2P_BRAM">   --->   Core 90 'RAM_2P_BRAM' <Latency = 1> <II = 1> <Delay = 3.25> <Storage> <Opcode : 'load' 'store'> <Ports = 2> <Width = 7> <Depth = 196> <RAM>
ST_3 : Operation 372 [1/2] ( I:3.25ns O:3.25ns )   --->   "%input_6_load_8 = load i8 %input_6_addr_8" [../src/conv.cpp:89]   --->   Operation 372 'load' 'input_6_load_8' <Predicate = (and_ln85_3_read & add_ln86_3 == 7)> <Delay = 3.25> <CoreInst = "RAM_2P_BRAM">   --->   Core 90 'RAM_2P_BRAM' <Latency = 1> <II = 1> <Delay = 3.25> <Storage> <Opcode : 'load' 'store'> <Ports = 2> <Width = 7> <Depth = 196> <RAM>
ST_3 : Operation 373 [1/2] ( I:3.25ns O:3.25ns )   --->   "%input_7_load_8 = load i8 %input_7_addr_8" [../src/conv.cpp:89]   --->   Operation 373 'load' 'input_7_load_8' <Predicate = (and_ln85_3_read & add_ln86_3 == 0)> <Delay = 3.25> <CoreInst = "RAM_2P_BRAM">   --->   Core 90 'RAM_2P_BRAM' <Latency = 1> <II = 1> <Delay = 3.25> <Storage> <Opcode : 'load' 'store'> <Ports = 2> <Width = 7> <Depth = 196> <RAM>
ST_3 : Operation 374 [1/1] (2.30ns)   --->   "%tmp_14_cast = sparsemux i7 @_ssdm_op_SparseMux.ap_auto.8i7.i7.i3, i3 1, i7 %input_0_load_11, i3 2, i7 %input_1_load_11, i3 3, i7 %input_2_load_11, i3 4, i7 %input_3_load_11, i3 5, i7 %input_4_load_11, i3 6, i7 %input_5_load_8, i3 7, i7 %input_6_load_8, i3 0, i7 %input_7_load_8, i7 0, i3 %add_ln86_3" [../src/conv.cpp:89]   --->   Operation 374 'sparsemux' 'tmp_14_cast' <Predicate = (and_ln85_3_read)> <Delay = 2.30> <CoreInst = "BinarySparseMux_DontCare">   --->   Core 137 'BinarySparseMux_DontCare' <Latency = 0> <II = 1> <Delay = 2.30> <FuncUnit> <Opcode : 'sparsemux'> <InPorts = 2> <OutPorts = 1>
ST_3 : Operation 375 [1/2] ( I:2.32ns O:2.32ns )   --->   "%p_ZL12conv2_weight_8_load = load i7 %p_ZL12conv2_weight_8_addr" [../src/conv.cpp:89]   --->   Operation 375 'load' 'p_ZL12conv2_weight_8_load' <Predicate = (and_ln85_3_read)> <Delay = 2.32> <CoreInst = "ROM">   --->   Core 94 'ROM' <Latency = 1> <II = 1> <Delay = 2.32> <Storage> <Opcode : 'load'> <Ports = 0> <Width = 4> <Depth = 128> <ROM>

State 4 <SV = 3> <Delay = 1.05>
ST_4 : Operation 376 [2/3] (1.05ns) (grouped into DSP with root node add_ln89_1)   --->   "%mul_ln89 = mul i10 %sext_ln89, i10 %zext_ln89_1" [../src/conv.cpp:89]   --->   Operation 376 'mul' 'mul_ln89' <Predicate = (and_ln85_read)> <Delay = 1.05> <CoreInst = "DSP48">   --->   Core 116 'DSP48' <Latency = 3> <II = 1> <Delay = 2.15> <IPBlock> <Opcode : 'add' 'sub' 'mul' 'select'> <InPorts = 0> <OutPorts = 1> <Sync> <CReg>

State 5 <SV = 4> <Delay = 4.40>
ST_5 : Operation 377 [1/3] (0.00ns) (grouped into DSP with root node add_ln89_1)   --->   "%mul_ln89 = mul i10 %sext_ln89, i10 %zext_ln89_1" [../src/conv.cpp:89]   --->   Operation 377 'mul' 'mul_ln89' <Predicate = (and_ln85_read)> <Delay = 0.00> <CoreInst = "DSP48">   --->   Core 116 'DSP48' <Latency = 3> <II = 1> <Delay = 2.15> <IPBlock> <Opcode : 'add' 'sub' 'mul' 'select'> <InPorts = 0> <OutPorts = 1> <Sync> <CReg>
ST_5 : Operation 378 [1/1] (0.00ns)   --->   "%conv2_ap_fixed_8_5_5_3_0_ap_fixed_8_5_5_3_0_partial_sums_load = load i8 %conv2_ap_fixed_8_5_5_3_0_ap_fixed_8_5_5_3_0_partial_sums" [../src/conv.cpp:89]   --->   Operation 378 'load' 'conv2_ap_fixed_8_5_5_3_0_ap_fixed_8_5_5_3_0_partial_sums_load' <Predicate = (and_ln85_read & trunc_ln78 == 0)> <Delay = 0.00>
ST_5 : Operation 379 [1/1] (0.00ns)   --->   "%conv2_ap_fixed_8_5_5_3_0_ap_fixed_8_5_5_3_0_partial_sums_2_load = load i8 %conv2_ap_fixed_8_5_5_3_0_ap_fixed_8_5_5_3_0_partial_sums_2" [../src/conv.cpp:89]   --->   Operation 379 'load' 'conv2_ap_fixed_8_5_5_3_0_ap_fixed_8_5_5_3_0_partial_sums_2_load' <Predicate = (and_ln85_read & trunc_ln78 == 1)> <Delay = 0.00>
ST_5 : Operation 380 [1/1] (0.00ns)   --->   "%conv2_ap_fixed_8_5_5_3_0_ap_fixed_8_5_5_3_0_partial_sums_3_load = load i8 %conv2_ap_fixed_8_5_5_3_0_ap_fixed_8_5_5_3_0_partial_sums_3" [../src/conv.cpp:89]   --->   Operation 380 'load' 'conv2_ap_fixed_8_5_5_3_0_ap_fixed_8_5_5_3_0_partial_sums_3_load' <Predicate = (and_ln85_read & trunc_ln78 == 2)> <Delay = 0.00>
ST_5 : Operation 381 [1/1] (0.00ns)   --->   "%conv2_ap_fixed_8_5_5_3_0_ap_fixed_8_5_5_3_0_partial_sums_4_load = load i8 %conv2_ap_fixed_8_5_5_3_0_ap_fixed_8_5_5_3_0_partial_sums_4" [../src/conv.cpp:89]   --->   Operation 381 'load' 'conv2_ap_fixed_8_5_5_3_0_ap_fixed_8_5_5_3_0_partial_sums_4_load' <Predicate = (and_ln85_read & trunc_ln78 == 3)> <Delay = 0.00>
ST_5 : Operation 382 [1/1] (0.00ns)   --->   "%conv2_ap_fixed_8_5_5_3_0_ap_fixed_8_5_5_3_0_partial_sums_5_load = load i8 %conv2_ap_fixed_8_5_5_3_0_ap_fixed_8_5_5_3_0_partial_sums_5" [../src/conv.cpp:89]   --->   Operation 382 'load' 'conv2_ap_fixed_8_5_5_3_0_ap_fixed_8_5_5_3_0_partial_sums_5_load' <Predicate = (and_ln85_read & trunc_ln78 == 4)> <Delay = 0.00>
ST_5 : Operation 383 [1/1] (0.00ns)   --->   "%conv2_ap_fixed_8_5_5_3_0_ap_fixed_8_5_5_3_0_partial_sums_6_load = load i8 %conv2_ap_fixed_8_5_5_3_0_ap_fixed_8_5_5_3_0_partial_sums_6" [../src/conv.cpp:89]   --->   Operation 383 'load' 'conv2_ap_fixed_8_5_5_3_0_ap_fixed_8_5_5_3_0_partial_sums_6_load' <Predicate = (and_ln85_read & trunc_ln78 == 5)> <Delay = 0.00>
ST_5 : Operation 384 [1/1] (0.00ns)   --->   "%conv2_ap_fixed_8_5_5_3_0_ap_fixed_8_5_5_3_0_partial_sums_7_load = load i8 %conv2_ap_fixed_8_5_5_3_0_ap_fixed_8_5_5_3_0_partial_sums_7" [../src/conv.cpp:89]   --->   Operation 384 'load' 'conv2_ap_fixed_8_5_5_3_0_ap_fixed_8_5_5_3_0_partial_sums_7_load' <Predicate = (and_ln85_read & trunc_ln78 == 6)> <Delay = 0.00>
ST_5 : Operation 385 [1/1] (0.00ns)   --->   "%conv2_ap_fixed_8_5_5_3_0_ap_fixed_8_5_5_3_0_partial_sums_8_load = load i8 %conv2_ap_fixed_8_5_5_3_0_ap_fixed_8_5_5_3_0_partial_sums_8" [../src/conv.cpp:89]   --->   Operation 385 'load' 'conv2_ap_fixed_8_5_5_3_0_ap_fixed_8_5_5_3_0_partial_sums_8_load' <Predicate = (and_ln85_read & trunc_ln78 == 7)> <Delay = 0.00>
ST_5 : Operation 386 [1/1] (2.30ns)   --->   "%tmp_1 = sparsemux i8 @_ssdm_op_SparseMux.ap_auto.8i8.i8.i3, i3 0, i8 %conv2_ap_fixed_8_5_5_3_0_ap_fixed_8_5_5_3_0_partial_sums_load, i3 1, i8 %conv2_ap_fixed_8_5_5_3_0_ap_fixed_8_5_5_3_0_partial_sums_2_load, i3 2, i8 %conv2_ap_fixed_8_5_5_3_0_ap_fixed_8_5_5_3_0_partial_sums_3_load, i3 3, i8 %conv2_ap_fixed_8_5_5_3_0_ap_fixed_8_5_5_3_0_partial_sums_4_load, i3 4, i8 %conv2_ap_fixed_8_5_5_3_0_ap_fixed_8_5_5_3_0_partial_sums_5_load, i3 5, i8 %conv2_ap_fixed_8_5_5_3_0_ap_fixed_8_5_5_3_0_partial_sums_6_load, i3 6, i8 %conv2_ap_fixed_8_5_5_3_0_ap_fixed_8_5_5_3_0_partial_sums_7_load, i3 7, i8 %conv2_ap_fixed_8_5_5_3_0_ap_fixed_8_5_5_3_0_partial_sums_8_load, i8 0, i3 %trunc_ln78" [../src/conv.cpp:89]   --->   Operation 386 'sparsemux' 'tmp_1' <Predicate = (and_ln85_read)> <Delay = 2.30> <CoreInst = "BinarySparseMux_DontCare">   --->   Core 137 'BinarySparseMux_DontCare' <Latency = 0> <II = 1> <Delay = 2.30> <FuncUnit> <Opcode : 'sparsemux'> <InPorts = 2> <OutPorts = 1>
ST_5 : Operation 387 [1/1] (0.00ns)   --->   "%shl_ln3 = bitconcatenate i11 @_ssdm_op_BitConcatenate.i11.i8.i3, i8 %tmp_1, i3 0" [../src/conv.cpp:89]   --->   Operation 387 'bitconcatenate' 'shl_ln3' <Predicate = (and_ln85_read)> <Delay = 0.00>
ST_5 : Operation 388 [1/1] (0.00ns)   --->   "%sext_ln89_1 = sext i11 %shl_ln3" [../src/conv.cpp:89]   --->   Operation 388 'sext' 'sext_ln89_1' <Predicate = (and_ln85_read)> <Delay = 0.00>
ST_5 : Operation 389 [1/1] (0.00ns) (grouped into DSP with root node add_ln89_1)   --->   "%sext_ln89_2 = sext i10 %mul_ln89" [../src/conv.cpp:89]   --->   Operation 389 'sext' 'sext_ln89_2' <Predicate = (and_ln85_read)> <Delay = 0.00>
ST_5 : Operation 390 [2/2] (2.10ns) (root node of the DSP)   --->   "%add_ln89_1 = add i12 %sext_ln89_1, i12 %sext_ln89_2" [../src/conv.cpp:89]   --->   Operation 390 'add' 'add_ln89_1' <Predicate = (and_ln85_read)> <Delay = 2.10> <CoreInst = "DSP48">   --->   Core 116 'DSP48' <Latency = 3> <II = 1> <Delay = 2.15> <IPBlock> <Opcode : 'add' 'sub' 'mul' 'select'> <InPorts = 0> <OutPorts = 1> <Sync> <CReg>

State 6 <SV = 5> <Delay = 6.18>
ST_6 : Operation 391 [1/2] (2.10ns) (root node of the DSP)   --->   "%add_ln89_1 = add i12 %sext_ln89_1, i12 %sext_ln89_2" [../src/conv.cpp:89]   --->   Operation 391 'add' 'add_ln89_1' <Predicate = (and_ln85_read)> <Delay = 2.10> <CoreInst = "DSP48">   --->   Core 116 'DSP48' <Latency = 3> <II = 1> <Delay = 2.15> <IPBlock> <Opcode : 'add' 'sub' 'mul' 'select'> <InPorts = 0> <OutPorts = 1> <Sync> <CReg>
ST_6 : Operation 392 [1/1] (1.54ns)   --->   "%icmp_ln89 = icmp_eq  i12 %add_ln89_1, i12 0" [../src/conv.cpp:89]   --->   Operation 392 'icmp' 'icmp_ln89' <Predicate = (and_ln85_read)> <Delay = 1.54> <CoreInst = "Cmp">   --->   Core 9 'Cmp' <Latency = 0> <II = 1> <Delay = 1.54> <FuncUnit> <Opcode : 'seteq' 'setne' 'setle' 'setge' 'setlt' 'setgt'> <InPorts = 2> <OutPorts = 1>
ST_6 : Operation 393 [1/1] (0.00ns)   --->   "%br_ln89 = br i1 %icmp_ln89, void %if.end.i.i83, void %if.then.i.i81" [../src/conv.cpp:89]   --->   Operation 393 'br' 'br_ln89' <Predicate = (and_ln85_read)> <Delay = 0.00>
ST_6 : Operation 394 [1/1] (1.65ns)   --->   "%switch_ln89 = switch i3 %trunc_ln78, void %V42.i.i26.i.i121.case.7236, i3 0, void %V42.i.i26.i.i121.case.0229, i3 1, void %V42.i.i26.i.i121.case.1230, i3 2, void %V42.i.i26.i.i121.case.2231, i3 3, void %V42.i.i26.i.i121.case.3232, i3 4, void %V42.i.i26.i.i121.case.4233, i3 5, void %V42.i.i26.i.i121.case.5234, i3 6, void %V42.i.i26.i.i121.case.6235" [../src/conv.cpp:89]   --->   Operation 394 'switch' 'switch_ln89' <Predicate = (and_ln85_read & icmp_ln89)> <Delay = 1.65>
ST_6 : Operation 395 [1/1] (2.54ns)   --->   "%store_ln89 = store i8 0, i8 %conv2_ap_fixed_8_5_5_3_0_ap_fixed_8_5_5_3_0_partial_sums_7" [../src/conv.cpp:89]   --->   Operation 395 'store' 'store_ln89' <Predicate = (and_ln85_read & icmp_ln89 & trunc_ln78 == 6)> <Delay = 2.54>
ST_6 : Operation 396 [1/1] (0.00ns)   --->   "%br_ln89 = br void %V42.i.i26.i.i121.exit228" [../src/conv.cpp:89]   --->   Operation 396 'br' 'br_ln89' <Predicate = (and_ln85_read & icmp_ln89 & trunc_ln78 == 6)> <Delay = 0.00>
ST_6 : Operation 397 [1/1] (2.54ns)   --->   "%store_ln89 = store i8 0, i8 %conv2_ap_fixed_8_5_5_3_0_ap_fixed_8_5_5_3_0_partial_sums_6" [../src/conv.cpp:89]   --->   Operation 397 'store' 'store_ln89' <Predicate = (and_ln85_read & icmp_ln89 & trunc_ln78 == 5)> <Delay = 2.54>
ST_6 : Operation 398 [1/1] (0.00ns)   --->   "%br_ln89 = br void %V42.i.i26.i.i121.exit228" [../src/conv.cpp:89]   --->   Operation 398 'br' 'br_ln89' <Predicate = (and_ln85_read & icmp_ln89 & trunc_ln78 == 5)> <Delay = 0.00>
ST_6 : Operation 399 [1/1] (2.54ns)   --->   "%store_ln89 = store i8 0, i8 %conv2_ap_fixed_8_5_5_3_0_ap_fixed_8_5_5_3_0_partial_sums_5" [../src/conv.cpp:89]   --->   Operation 399 'store' 'store_ln89' <Predicate = (and_ln85_read & icmp_ln89 & trunc_ln78 == 4)> <Delay = 2.54>
ST_6 : Operation 400 [1/1] (0.00ns)   --->   "%br_ln89 = br void %V42.i.i26.i.i121.exit228" [../src/conv.cpp:89]   --->   Operation 400 'br' 'br_ln89' <Predicate = (and_ln85_read & icmp_ln89 & trunc_ln78 == 4)> <Delay = 0.00>
ST_6 : Operation 401 [1/1] (2.54ns)   --->   "%store_ln89 = store i8 0, i8 %conv2_ap_fixed_8_5_5_3_0_ap_fixed_8_5_5_3_0_partial_sums_4" [../src/conv.cpp:89]   --->   Operation 401 'store' 'store_ln89' <Predicate = (and_ln85_read & icmp_ln89 & trunc_ln78 == 3)> <Delay = 2.54>
ST_6 : Operation 402 [1/1] (0.00ns)   --->   "%br_ln89 = br void %V42.i.i26.i.i121.exit228" [../src/conv.cpp:89]   --->   Operation 402 'br' 'br_ln89' <Predicate = (and_ln85_read & icmp_ln89 & trunc_ln78 == 3)> <Delay = 0.00>
ST_6 : Operation 403 [1/1] (2.54ns)   --->   "%store_ln89 = store i8 0, i8 %conv2_ap_fixed_8_5_5_3_0_ap_fixed_8_5_5_3_0_partial_sums_3" [../src/conv.cpp:89]   --->   Operation 403 'store' 'store_ln89' <Predicate = (and_ln85_read & icmp_ln89 & trunc_ln78 == 2)> <Delay = 2.54>
ST_6 : Operation 404 [1/1] (0.00ns)   --->   "%br_ln89 = br void %V42.i.i26.i.i121.exit228" [../src/conv.cpp:89]   --->   Operation 404 'br' 'br_ln89' <Predicate = (and_ln85_read & icmp_ln89 & trunc_ln78 == 2)> <Delay = 0.00>
ST_6 : Operation 405 [1/1] (2.54ns)   --->   "%store_ln89 = store i8 0, i8 %conv2_ap_fixed_8_5_5_3_0_ap_fixed_8_5_5_3_0_partial_sums_2" [../src/conv.cpp:89]   --->   Operation 405 'store' 'store_ln89' <Predicate = (and_ln85_read & icmp_ln89 & trunc_ln78 == 1)> <Delay = 2.54>
ST_6 : Operation 406 [1/1] (0.00ns)   --->   "%br_ln89 = br void %V42.i.i26.i.i121.exit228" [../src/conv.cpp:89]   --->   Operation 406 'br' 'br_ln89' <Predicate = (and_ln85_read & icmp_ln89 & trunc_ln78 == 1)> <Delay = 0.00>
ST_6 : Operation 407 [1/1] (2.54ns)   --->   "%store_ln89 = store i8 0, i8 %conv2_ap_fixed_8_5_5_3_0_ap_fixed_8_5_5_3_0_partial_sums" [../src/conv.cpp:89]   --->   Operation 407 'store' 'store_ln89' <Predicate = (and_ln85_read & icmp_ln89 & trunc_ln78 == 0)> <Delay = 2.54>
ST_6 : Operation 408 [1/1] (0.00ns)   --->   "%br_ln89 = br void %V42.i.i26.i.i121.exit228" [../src/conv.cpp:89]   --->   Operation 408 'br' 'br_ln89' <Predicate = (and_ln85_read & icmp_ln89 & trunc_ln78 == 0)> <Delay = 0.00>
ST_6 : Operation 409 [1/1] (2.54ns)   --->   "%store_ln89 = store i8 0, i8 %conv2_ap_fixed_8_5_5_3_0_ap_fixed_8_5_5_3_0_partial_sums_8" [../src/conv.cpp:89]   --->   Operation 409 'store' 'store_ln89' <Predicate = (and_ln85_read & icmp_ln89 & trunc_ln78 == 7)> <Delay = 2.54>
ST_6 : Operation 410 [1/1] (0.00ns)   --->   "%br_ln89 = br void %V42.i.i26.i.i121.exit228" [../src/conv.cpp:89]   --->   Operation 410 'br' 'br_ln89' <Predicate = (and_ln85_read & icmp_ln89 & trunc_ln78 == 7)> <Delay = 0.00>
ST_6 : Operation 411 [1/1] (0.00ns)   --->   "%trunc_ln6 = partselect i8 @_ssdm_op_PartSelect.i8.i12.i32.i32, i12 %add_ln89_1, i32 3, i32 10" [../src/conv.cpp:89]   --->   Operation 411 'partselect' 'trunc_ln6' <Predicate = (and_ln85_read)> <Delay = 0.00>
ST_6 : Operation 412 [1/1] (1.65ns)   --->   "%switch_ln89 = switch i3 %trunc_ln78, void %V42.i.i26.i.i121.case.7227, i3 0, void %V42.i.i26.i.i121.case.0220, i3 1, void %V42.i.i26.i.i121.case.1221, i3 2, void %V42.i.i26.i.i121.case.2222, i3 3, void %V42.i.i26.i.i121.case.3223, i3 4, void %V42.i.i26.i.i121.case.4224, i3 5, void %V42.i.i26.i.i121.case.5225, i3 6, void %V42.i.i26.i.i121.case.6226" [../src/conv.cpp:89]   --->   Operation 412 'switch' 'switch_ln89' <Predicate = (and_ln85_read)> <Delay = 1.65>
ST_6 : Operation 413 [1/1] (2.54ns)   --->   "%store_ln89 = store i8 %trunc_ln6, i8 %conv2_ap_fixed_8_5_5_3_0_ap_fixed_8_5_5_3_0_partial_sums_7" [../src/conv.cpp:89]   --->   Operation 413 'store' 'store_ln89' <Predicate = (and_ln85_read & trunc_ln78 == 6)> <Delay = 2.54>
ST_6 : Operation 414 [1/1] (0.00ns)   --->   "%br_ln89 = br void %V42.i.i26.i.i121.exit219" [../src/conv.cpp:89]   --->   Operation 414 'br' 'br_ln89' <Predicate = (and_ln85_read & trunc_ln78 == 6)> <Delay = 0.00>
ST_6 : Operation 415 [1/1] (2.54ns)   --->   "%store_ln89 = store i8 %trunc_ln6, i8 %conv2_ap_fixed_8_5_5_3_0_ap_fixed_8_5_5_3_0_partial_sums_6" [../src/conv.cpp:89]   --->   Operation 415 'store' 'store_ln89' <Predicate = (and_ln85_read & trunc_ln78 == 5)> <Delay = 2.54>
ST_6 : Operation 416 [1/1] (0.00ns)   --->   "%br_ln89 = br void %V42.i.i26.i.i121.exit219" [../src/conv.cpp:89]   --->   Operation 416 'br' 'br_ln89' <Predicate = (and_ln85_read & trunc_ln78 == 5)> <Delay = 0.00>
ST_6 : Operation 417 [1/1] (2.54ns)   --->   "%store_ln89 = store i8 %trunc_ln6, i8 %conv2_ap_fixed_8_5_5_3_0_ap_fixed_8_5_5_3_0_partial_sums_5" [../src/conv.cpp:89]   --->   Operation 417 'store' 'store_ln89' <Predicate = (and_ln85_read & trunc_ln78 == 4)> <Delay = 2.54>
ST_6 : Operation 418 [1/1] (0.00ns)   --->   "%br_ln89 = br void %V42.i.i26.i.i121.exit219" [../src/conv.cpp:89]   --->   Operation 418 'br' 'br_ln89' <Predicate = (and_ln85_read & trunc_ln78 == 4)> <Delay = 0.00>
ST_6 : Operation 419 [1/1] (2.54ns)   --->   "%store_ln89 = store i8 %trunc_ln6, i8 %conv2_ap_fixed_8_5_5_3_0_ap_fixed_8_5_5_3_0_partial_sums_4" [../src/conv.cpp:89]   --->   Operation 419 'store' 'store_ln89' <Predicate = (and_ln85_read & trunc_ln78 == 3)> <Delay = 2.54>
ST_6 : Operation 420 [1/1] (0.00ns)   --->   "%br_ln89 = br void %V42.i.i26.i.i121.exit219" [../src/conv.cpp:89]   --->   Operation 420 'br' 'br_ln89' <Predicate = (and_ln85_read & trunc_ln78 == 3)> <Delay = 0.00>
ST_6 : Operation 421 [1/1] (2.54ns)   --->   "%store_ln89 = store i8 %trunc_ln6, i8 %conv2_ap_fixed_8_5_5_3_0_ap_fixed_8_5_5_3_0_partial_sums_3" [../src/conv.cpp:89]   --->   Operation 421 'store' 'store_ln89' <Predicate = (and_ln85_read & trunc_ln78 == 2)> <Delay = 2.54>
ST_6 : Operation 422 [1/1] (0.00ns)   --->   "%br_ln89 = br void %V42.i.i26.i.i121.exit219" [../src/conv.cpp:89]   --->   Operation 422 'br' 'br_ln89' <Predicate = (and_ln85_read & trunc_ln78 == 2)> <Delay = 0.00>
ST_6 : Operation 423 [1/1] (2.54ns)   --->   "%store_ln89 = store i8 %trunc_ln6, i8 %conv2_ap_fixed_8_5_5_3_0_ap_fixed_8_5_5_3_0_partial_sums_2" [../src/conv.cpp:89]   --->   Operation 423 'store' 'store_ln89' <Predicate = (and_ln85_read & trunc_ln78 == 1)> <Delay = 2.54>
ST_6 : Operation 424 [1/1] (0.00ns)   --->   "%br_ln89 = br void %V42.i.i26.i.i121.exit219" [../src/conv.cpp:89]   --->   Operation 424 'br' 'br_ln89' <Predicate = (and_ln85_read & trunc_ln78 == 1)> <Delay = 0.00>
ST_6 : Operation 425 [1/1] (2.54ns)   --->   "%store_ln89 = store i8 %trunc_ln6, i8 %conv2_ap_fixed_8_5_5_3_0_ap_fixed_8_5_5_3_0_partial_sums" [../src/conv.cpp:89]   --->   Operation 425 'store' 'store_ln89' <Predicate = (and_ln85_read & trunc_ln78 == 0)> <Delay = 2.54>
ST_6 : Operation 426 [1/1] (0.00ns)   --->   "%br_ln89 = br void %V42.i.i26.i.i121.exit219" [../src/conv.cpp:89]   --->   Operation 426 'br' 'br_ln89' <Predicate = (and_ln85_read & trunc_ln78 == 0)> <Delay = 0.00>
ST_6 : Operation 427 [1/1] (2.54ns)   --->   "%store_ln89 = store i8 %trunc_ln6, i8 %conv2_ap_fixed_8_5_5_3_0_ap_fixed_8_5_5_3_0_partial_sums_8" [../src/conv.cpp:89]   --->   Operation 427 'store' 'store_ln89' <Predicate = (and_ln85_read & trunc_ln78 == 7)> <Delay = 2.54>
ST_6 : Operation 428 [1/1] (0.00ns)   --->   "%br_ln89 = br void %V42.i.i26.i.i121.exit219" [../src/conv.cpp:89]   --->   Operation 428 'br' 'br_ln89' <Predicate = (and_ln85_read & trunc_ln78 == 7)> <Delay = 0.00>
ST_6 : Operation 429 [1/1] (0.00ns)   --->   "%zext_ln89_3 = zext i7 %tmp_2_cast" [../src/conv.cpp:89]   --->   Operation 429 'zext' 'zext_ln89_3' <Predicate = (icmp_ln85)> <Delay = 0.00>
ST_6 : Operation 430 [1/1] (0.00ns)   --->   "%sext_ln89_3 = sext i4 %p_ZL12conv2_weight_1_load" [../src/conv.cpp:89]   --->   Operation 430 'sext' 'sext_ln89_3' <Predicate = (icmp_ln85)> <Delay = 0.00>
ST_6 : Operation 431 [1/1] (3.74ns)   --->   "%mul_ln89_1 = mul i11 %sext_ln89_3, i11 %zext_ln89_3" [../src/conv.cpp:89]   --->   Operation 431 'mul' 'mul_ln89_1' <Predicate = (icmp_ln85)> <Delay = 3.74> <CoreInst = "Multiplier">   --->   Core 3 'Multiplier' <Latency = 0> <II = 1> <Delay = 3.74> <FuncUnit> <Opcode : 'mul'> <InPorts = 2> <OutPorts = 1>

State 7 <SV = 6> <Delay = 6.48>
ST_7 : Operation 432 [1/1] (0.00ns)   --->   "%br_ln89 = br void %if.end.i.i83" [../src/conv.cpp:89]   --->   Operation 432 'br' 'br_ln89' <Predicate = (and_ln85_read & icmp_ln89)> <Delay = 0.00>
ST_7 : Operation 433 [1/1] (0.00ns)   --->   "%br_ln90 = br void %for.inc50" [../src/conv.cpp:90]   --->   Operation 433 'br' 'br_ln90' <Predicate = (and_ln85_read)> <Delay = 0.00>
ST_7 : Operation 434 [1/1] (0.00ns)   --->   "%conv2_ap_fixed_8_5_5_3_0_ap_fixed_8_5_5_3_0_partial_sums_load_1 = load i8 %conv2_ap_fixed_8_5_5_3_0_ap_fixed_8_5_5_3_0_partial_sums" [../src/conv.cpp:89]   --->   Operation 434 'load' 'conv2_ap_fixed_8_5_5_3_0_ap_fixed_8_5_5_3_0_partial_sums_load_1' <Predicate = (trunc_ln78 == 0 & icmp_ln85)> <Delay = 0.00>
ST_7 : Operation 435 [1/1] (0.00ns)   --->   "%conv2_ap_fixed_8_5_5_3_0_ap_fixed_8_5_5_3_0_partial_sums_2_load_1 = load i8 %conv2_ap_fixed_8_5_5_3_0_ap_fixed_8_5_5_3_0_partial_sums_2" [../src/conv.cpp:89]   --->   Operation 435 'load' 'conv2_ap_fixed_8_5_5_3_0_ap_fixed_8_5_5_3_0_partial_sums_2_load_1' <Predicate = (trunc_ln78 == 1 & icmp_ln85)> <Delay = 0.00>
ST_7 : Operation 436 [1/1] (0.00ns)   --->   "%conv2_ap_fixed_8_5_5_3_0_ap_fixed_8_5_5_3_0_partial_sums_3_load_1 = load i8 %conv2_ap_fixed_8_5_5_3_0_ap_fixed_8_5_5_3_0_partial_sums_3" [../src/conv.cpp:89]   --->   Operation 436 'load' 'conv2_ap_fixed_8_5_5_3_0_ap_fixed_8_5_5_3_0_partial_sums_3_load_1' <Predicate = (trunc_ln78 == 2 & icmp_ln85)> <Delay = 0.00>
ST_7 : Operation 437 [1/1] (0.00ns)   --->   "%conv2_ap_fixed_8_5_5_3_0_ap_fixed_8_5_5_3_0_partial_sums_4_load_1 = load i8 %conv2_ap_fixed_8_5_5_3_0_ap_fixed_8_5_5_3_0_partial_sums_4" [../src/conv.cpp:89]   --->   Operation 437 'load' 'conv2_ap_fixed_8_5_5_3_0_ap_fixed_8_5_5_3_0_partial_sums_4_load_1' <Predicate = (trunc_ln78 == 3 & icmp_ln85)> <Delay = 0.00>
ST_7 : Operation 438 [1/1] (0.00ns)   --->   "%conv2_ap_fixed_8_5_5_3_0_ap_fixed_8_5_5_3_0_partial_sums_5_load_1 = load i8 %conv2_ap_fixed_8_5_5_3_0_ap_fixed_8_5_5_3_0_partial_sums_5" [../src/conv.cpp:89]   --->   Operation 438 'load' 'conv2_ap_fixed_8_5_5_3_0_ap_fixed_8_5_5_3_0_partial_sums_5_load_1' <Predicate = (trunc_ln78 == 4 & icmp_ln85)> <Delay = 0.00>
ST_7 : Operation 439 [1/1] (0.00ns)   --->   "%conv2_ap_fixed_8_5_5_3_0_ap_fixed_8_5_5_3_0_partial_sums_6_load_1 = load i8 %conv2_ap_fixed_8_5_5_3_0_ap_fixed_8_5_5_3_0_partial_sums_6" [../src/conv.cpp:89]   --->   Operation 439 'load' 'conv2_ap_fixed_8_5_5_3_0_ap_fixed_8_5_5_3_0_partial_sums_6_load_1' <Predicate = (trunc_ln78 == 5 & icmp_ln85)> <Delay = 0.00>
ST_7 : Operation 440 [1/1] (0.00ns)   --->   "%conv2_ap_fixed_8_5_5_3_0_ap_fixed_8_5_5_3_0_partial_sums_7_load_1 = load i8 %conv2_ap_fixed_8_5_5_3_0_ap_fixed_8_5_5_3_0_partial_sums_7" [../src/conv.cpp:89]   --->   Operation 440 'load' 'conv2_ap_fixed_8_5_5_3_0_ap_fixed_8_5_5_3_0_partial_sums_7_load_1' <Predicate = (trunc_ln78 == 6 & icmp_ln85)> <Delay = 0.00>
ST_7 : Operation 441 [1/1] (0.00ns)   --->   "%conv2_ap_fixed_8_5_5_3_0_ap_fixed_8_5_5_3_0_partial_sums_8_load_1 = load i8 %conv2_ap_fixed_8_5_5_3_0_ap_fixed_8_5_5_3_0_partial_sums_8" [../src/conv.cpp:89]   --->   Operation 441 'load' 'conv2_ap_fixed_8_5_5_3_0_ap_fixed_8_5_5_3_0_partial_sums_8_load_1' <Predicate = (trunc_ln78 == 7 & icmp_ln85)> <Delay = 0.00>
ST_7 : Operation 442 [1/1] (2.30ns)   --->   "%tmp_3 = sparsemux i8 @_ssdm_op_SparseMux.ap_auto.8i8.i8.i3, i3 0, i8 %conv2_ap_fixed_8_5_5_3_0_ap_fixed_8_5_5_3_0_partial_sums_load_1, i3 1, i8 %conv2_ap_fixed_8_5_5_3_0_ap_fixed_8_5_5_3_0_partial_sums_2_load_1, i3 2, i8 %conv2_ap_fixed_8_5_5_3_0_ap_fixed_8_5_5_3_0_partial_sums_3_load_1, i3 3, i8 %conv2_ap_fixed_8_5_5_3_0_ap_fixed_8_5_5_3_0_partial_sums_4_load_1, i3 4, i8 %conv2_ap_fixed_8_5_5_3_0_ap_fixed_8_5_5_3_0_partial_sums_5_load_1, i3 5, i8 %conv2_ap_fixed_8_5_5_3_0_ap_fixed_8_5_5_3_0_partial_sums_6_load_1, i3 6, i8 %conv2_ap_fixed_8_5_5_3_0_ap_fixed_8_5_5_3_0_partial_sums_7_load_1, i3 7, i8 %conv2_ap_fixed_8_5_5_3_0_ap_fixed_8_5_5_3_0_partial_sums_8_load_1, i8 0, i3 %trunc_ln78" [../src/conv.cpp:89]   --->   Operation 442 'sparsemux' 'tmp_3' <Predicate = (icmp_ln85)> <Delay = 2.30> <CoreInst = "BinarySparseMux_DontCare">   --->   Core 137 'BinarySparseMux_DontCare' <Latency = 0> <II = 1> <Delay = 2.30> <FuncUnit> <Opcode : 'sparsemux'> <InPorts = 2> <OutPorts = 1>
ST_7 : Operation 443 [1/1] (0.00ns)   --->   "%shl_ln89_1 = bitconcatenate i11 @_ssdm_op_BitConcatenate.i11.i8.i3, i8 %tmp_3, i3 0" [../src/conv.cpp:89]   --->   Operation 443 'bitconcatenate' 'shl_ln89_1' <Predicate = (icmp_ln85)> <Delay = 0.00>
ST_7 : Operation 444 [1/1] (1.63ns)   --->   "%add_ln89_3 = add i11 %shl_ln89_1, i11 %mul_ln89_1" [../src/conv.cpp:89]   --->   Operation 444 'add' 'add_ln89_3' <Predicate = (icmp_ln85)> <Delay = 1.63> <CoreInst = "Adder">   --->   Core 1 'Adder' <Latency = 0> <II = 1> <Delay = 1.63> <FuncUnit> <Opcode : 'add' 'sub'> <InPorts = 2> <OutPorts = 1>
ST_7 : Operation 445 [1/1] (1.63ns)   --->   "%sub_ln89 = sub i11 0, i11 %mul_ln89_1" [../src/conv.cpp:89]   --->   Operation 445 'sub' 'sub_ln89' <Predicate = (icmp_ln85)> <Delay = 1.63> <CoreInst = "Adder">   --->   Core 1 'Adder' <Latency = 0> <II = 1> <Delay = 1.63> <FuncUnit> <Opcode : 'add' 'sub'> <InPorts = 2> <OutPorts = 1>
ST_7 : Operation 446 [1/1] (1.63ns)   --->   "%icmp_ln89_2 = icmp_eq  i11 %shl_ln89_1, i11 %sub_ln89" [../src/conv.cpp:89]   --->   Operation 446 'icmp' 'icmp_ln89_2' <Predicate = (icmp_ln85)> <Delay = 1.63> <CoreInst = "Cmp">   --->   Core 9 'Cmp' <Latency = 0> <II = 1> <Delay = 1.63> <FuncUnit> <Opcode : 'seteq' 'setne' 'setle' 'setge' 'setlt' 'setgt'> <InPorts = 2> <OutPorts = 1>
ST_7 : Operation 447 [1/1] (0.00ns)   --->   "%br_ln89 = br i1 %icmp_ln89_2, void %if.end.i.i83.155, void %if.then.i.i81.154" [../src/conv.cpp:89]   --->   Operation 447 'br' 'br_ln89' <Predicate = (icmp_ln85)> <Delay = 0.00>
ST_7 : Operation 448 [1/1] (1.65ns)   --->   "%switch_ln89 = switch i3 %trunc_ln78, void %V42.i.i26.i.i121.case.773, i3 0, void %V42.i.i26.i.i121.case.066, i3 1, void %V42.i.i26.i.i121.case.167, i3 2, void %V42.i.i26.i.i121.case.268, i3 3, void %V42.i.i26.i.i121.case.369, i3 4, void %V42.i.i26.i.i121.case.470, i3 5, void %V42.i.i26.i.i121.case.571, i3 6, void %V42.i.i26.i.i121.case.672" [../src/conv.cpp:89]   --->   Operation 448 'switch' 'switch_ln89' <Predicate = (icmp_ln85 & icmp_ln89_2)> <Delay = 1.65>
ST_7 : Operation 449 [1/1] (2.54ns)   --->   "%store_ln89 = store i8 0, i8 %conv2_ap_fixed_8_5_5_3_0_ap_fixed_8_5_5_3_0_partial_sums_7" [../src/conv.cpp:89]   --->   Operation 449 'store' 'store_ln89' <Predicate = (trunc_ln78 == 6 & icmp_ln85 & icmp_ln89_2)> <Delay = 2.54>
ST_7 : Operation 450 [1/1] (0.00ns)   --->   "%br_ln89 = br void %V42.i.i26.i.i121.exit65" [../src/conv.cpp:89]   --->   Operation 450 'br' 'br_ln89' <Predicate = (trunc_ln78 == 6 & icmp_ln85 & icmp_ln89_2)> <Delay = 0.00>
ST_7 : Operation 451 [1/1] (2.54ns)   --->   "%store_ln89 = store i8 0, i8 %conv2_ap_fixed_8_5_5_3_0_ap_fixed_8_5_5_3_0_partial_sums_6" [../src/conv.cpp:89]   --->   Operation 451 'store' 'store_ln89' <Predicate = (trunc_ln78 == 5 & icmp_ln85 & icmp_ln89_2)> <Delay = 2.54>
ST_7 : Operation 452 [1/1] (0.00ns)   --->   "%br_ln89 = br void %V42.i.i26.i.i121.exit65" [../src/conv.cpp:89]   --->   Operation 452 'br' 'br_ln89' <Predicate = (trunc_ln78 == 5 & icmp_ln85 & icmp_ln89_2)> <Delay = 0.00>
ST_7 : Operation 453 [1/1] (2.54ns)   --->   "%store_ln89 = store i8 0, i8 %conv2_ap_fixed_8_5_5_3_0_ap_fixed_8_5_5_3_0_partial_sums_5" [../src/conv.cpp:89]   --->   Operation 453 'store' 'store_ln89' <Predicate = (trunc_ln78 == 4 & icmp_ln85 & icmp_ln89_2)> <Delay = 2.54>
ST_7 : Operation 454 [1/1] (0.00ns)   --->   "%br_ln89 = br void %V42.i.i26.i.i121.exit65" [../src/conv.cpp:89]   --->   Operation 454 'br' 'br_ln89' <Predicate = (trunc_ln78 == 4 & icmp_ln85 & icmp_ln89_2)> <Delay = 0.00>
ST_7 : Operation 455 [1/1] (2.54ns)   --->   "%store_ln89 = store i8 0, i8 %conv2_ap_fixed_8_5_5_3_0_ap_fixed_8_5_5_3_0_partial_sums_4" [../src/conv.cpp:89]   --->   Operation 455 'store' 'store_ln89' <Predicate = (trunc_ln78 == 3 & icmp_ln85 & icmp_ln89_2)> <Delay = 2.54>
ST_7 : Operation 456 [1/1] (0.00ns)   --->   "%br_ln89 = br void %V42.i.i26.i.i121.exit65" [../src/conv.cpp:89]   --->   Operation 456 'br' 'br_ln89' <Predicate = (trunc_ln78 == 3 & icmp_ln85 & icmp_ln89_2)> <Delay = 0.00>
ST_7 : Operation 457 [1/1] (2.54ns)   --->   "%store_ln89 = store i8 0, i8 %conv2_ap_fixed_8_5_5_3_0_ap_fixed_8_5_5_3_0_partial_sums_3" [../src/conv.cpp:89]   --->   Operation 457 'store' 'store_ln89' <Predicate = (trunc_ln78 == 2 & icmp_ln85 & icmp_ln89_2)> <Delay = 2.54>
ST_7 : Operation 458 [1/1] (0.00ns)   --->   "%br_ln89 = br void %V42.i.i26.i.i121.exit65" [../src/conv.cpp:89]   --->   Operation 458 'br' 'br_ln89' <Predicate = (trunc_ln78 == 2 & icmp_ln85 & icmp_ln89_2)> <Delay = 0.00>
ST_7 : Operation 459 [1/1] (2.54ns)   --->   "%store_ln89 = store i8 0, i8 %conv2_ap_fixed_8_5_5_3_0_ap_fixed_8_5_5_3_0_partial_sums_2" [../src/conv.cpp:89]   --->   Operation 459 'store' 'store_ln89' <Predicate = (trunc_ln78 == 1 & icmp_ln85 & icmp_ln89_2)> <Delay = 2.54>
ST_7 : Operation 460 [1/1] (0.00ns)   --->   "%br_ln89 = br void %V42.i.i26.i.i121.exit65" [../src/conv.cpp:89]   --->   Operation 460 'br' 'br_ln89' <Predicate = (trunc_ln78 == 1 & icmp_ln85 & icmp_ln89_2)> <Delay = 0.00>
ST_7 : Operation 461 [1/1] (2.54ns)   --->   "%store_ln89 = store i8 0, i8 %conv2_ap_fixed_8_5_5_3_0_ap_fixed_8_5_5_3_0_partial_sums" [../src/conv.cpp:89]   --->   Operation 461 'store' 'store_ln89' <Predicate = (trunc_ln78 == 0 & icmp_ln85 & icmp_ln89_2)> <Delay = 2.54>
ST_7 : Operation 462 [1/1] (0.00ns)   --->   "%br_ln89 = br void %V42.i.i26.i.i121.exit65" [../src/conv.cpp:89]   --->   Operation 462 'br' 'br_ln89' <Predicate = (trunc_ln78 == 0 & icmp_ln85 & icmp_ln89_2)> <Delay = 0.00>
ST_7 : Operation 463 [1/1] (2.54ns)   --->   "%store_ln89 = store i8 0, i8 %conv2_ap_fixed_8_5_5_3_0_ap_fixed_8_5_5_3_0_partial_sums_8" [../src/conv.cpp:89]   --->   Operation 463 'store' 'store_ln89' <Predicate = (trunc_ln78 == 7 & icmp_ln85 & icmp_ln89_2)> <Delay = 2.54>
ST_7 : Operation 464 [1/1] (0.00ns)   --->   "%br_ln89 = br void %V42.i.i26.i.i121.exit65" [../src/conv.cpp:89]   --->   Operation 464 'br' 'br_ln89' <Predicate = (trunc_ln78 == 7 & icmp_ln85 & icmp_ln89_2)> <Delay = 0.00>
ST_7 : Operation 465 [1/1] (0.00ns)   --->   "%trunc_ln89_1 = partselect i8 @_ssdm_op_PartSelect.i8.i11.i32.i32, i11 %add_ln89_3, i32 3, i32 10" [../src/conv.cpp:89]   --->   Operation 465 'partselect' 'trunc_ln89_1' <Predicate = (icmp_ln85)> <Delay = 0.00>
ST_7 : Operation 466 [1/1] (1.65ns)   --->   "%switch_ln89 = switch i3 %trunc_ln78, void %V42.i.i26.i.i121.case.764, i3 0, void %V42.i.i26.i.i121.case.057, i3 1, void %V42.i.i26.i.i121.case.158, i3 2, void %V42.i.i26.i.i121.case.259, i3 3, void %V42.i.i26.i.i121.case.360, i3 4, void %V42.i.i26.i.i121.case.461, i3 5, void %V42.i.i26.i.i121.case.562, i3 6, void %V42.i.i26.i.i121.case.663" [../src/conv.cpp:89]   --->   Operation 466 'switch' 'switch_ln89' <Predicate = (icmp_ln85)> <Delay = 1.65>
ST_7 : Operation 467 [1/1] (2.54ns)   --->   "%store_ln89 = store i8 %trunc_ln89_1, i8 %conv2_ap_fixed_8_5_5_3_0_ap_fixed_8_5_5_3_0_partial_sums_7" [../src/conv.cpp:89]   --->   Operation 467 'store' 'store_ln89' <Predicate = (trunc_ln78 == 6 & icmp_ln85)> <Delay = 2.54>
ST_7 : Operation 468 [1/1] (0.00ns)   --->   "%br_ln89 = br void %V42.i.i26.i.i121.exit56" [../src/conv.cpp:89]   --->   Operation 468 'br' 'br_ln89' <Predicate = (trunc_ln78 == 6 & icmp_ln85)> <Delay = 0.00>
ST_7 : Operation 469 [1/1] (2.54ns)   --->   "%store_ln89 = store i8 %trunc_ln89_1, i8 %conv2_ap_fixed_8_5_5_3_0_ap_fixed_8_5_5_3_0_partial_sums_6" [../src/conv.cpp:89]   --->   Operation 469 'store' 'store_ln89' <Predicate = (trunc_ln78 == 5 & icmp_ln85)> <Delay = 2.54>
ST_7 : Operation 470 [1/1] (0.00ns)   --->   "%br_ln89 = br void %V42.i.i26.i.i121.exit56" [../src/conv.cpp:89]   --->   Operation 470 'br' 'br_ln89' <Predicate = (trunc_ln78 == 5 & icmp_ln85)> <Delay = 0.00>
ST_7 : Operation 471 [1/1] (2.54ns)   --->   "%store_ln89 = store i8 %trunc_ln89_1, i8 %conv2_ap_fixed_8_5_5_3_0_ap_fixed_8_5_5_3_0_partial_sums_5" [../src/conv.cpp:89]   --->   Operation 471 'store' 'store_ln89' <Predicate = (trunc_ln78 == 4 & icmp_ln85)> <Delay = 2.54>
ST_7 : Operation 472 [1/1] (0.00ns)   --->   "%br_ln89 = br void %V42.i.i26.i.i121.exit56" [../src/conv.cpp:89]   --->   Operation 472 'br' 'br_ln89' <Predicate = (trunc_ln78 == 4 & icmp_ln85)> <Delay = 0.00>
ST_7 : Operation 473 [1/1] (2.54ns)   --->   "%store_ln89 = store i8 %trunc_ln89_1, i8 %conv2_ap_fixed_8_5_5_3_0_ap_fixed_8_5_5_3_0_partial_sums_4" [../src/conv.cpp:89]   --->   Operation 473 'store' 'store_ln89' <Predicate = (trunc_ln78 == 3 & icmp_ln85)> <Delay = 2.54>
ST_7 : Operation 474 [1/1] (0.00ns)   --->   "%br_ln89 = br void %V42.i.i26.i.i121.exit56" [../src/conv.cpp:89]   --->   Operation 474 'br' 'br_ln89' <Predicate = (trunc_ln78 == 3 & icmp_ln85)> <Delay = 0.00>
ST_7 : Operation 475 [1/1] (2.54ns)   --->   "%store_ln89 = store i8 %trunc_ln89_1, i8 %conv2_ap_fixed_8_5_5_3_0_ap_fixed_8_5_5_3_0_partial_sums_3" [../src/conv.cpp:89]   --->   Operation 475 'store' 'store_ln89' <Predicate = (trunc_ln78 == 2 & icmp_ln85)> <Delay = 2.54>
ST_7 : Operation 476 [1/1] (0.00ns)   --->   "%br_ln89 = br void %V42.i.i26.i.i121.exit56" [../src/conv.cpp:89]   --->   Operation 476 'br' 'br_ln89' <Predicate = (trunc_ln78 == 2 & icmp_ln85)> <Delay = 0.00>
ST_7 : Operation 477 [1/1] (2.54ns)   --->   "%store_ln89 = store i8 %trunc_ln89_1, i8 %conv2_ap_fixed_8_5_5_3_0_ap_fixed_8_5_5_3_0_partial_sums_2" [../src/conv.cpp:89]   --->   Operation 477 'store' 'store_ln89' <Predicate = (trunc_ln78 == 1 & icmp_ln85)> <Delay = 2.54>
ST_7 : Operation 478 [1/1] (0.00ns)   --->   "%br_ln89 = br void %V42.i.i26.i.i121.exit56" [../src/conv.cpp:89]   --->   Operation 478 'br' 'br_ln89' <Predicate = (trunc_ln78 == 1 & icmp_ln85)> <Delay = 0.00>
ST_7 : Operation 479 [1/1] (2.54ns)   --->   "%store_ln89 = store i8 %trunc_ln89_1, i8 %conv2_ap_fixed_8_5_5_3_0_ap_fixed_8_5_5_3_0_partial_sums" [../src/conv.cpp:89]   --->   Operation 479 'store' 'store_ln89' <Predicate = (trunc_ln78 == 0 & icmp_ln85)> <Delay = 2.54>
ST_7 : Operation 480 [1/1] (0.00ns)   --->   "%br_ln89 = br void %V42.i.i26.i.i121.exit56" [../src/conv.cpp:89]   --->   Operation 480 'br' 'br_ln89' <Predicate = (trunc_ln78 == 0 & icmp_ln85)> <Delay = 0.00>
ST_7 : Operation 481 [1/1] (2.54ns)   --->   "%store_ln89 = store i8 %trunc_ln89_1, i8 %conv2_ap_fixed_8_5_5_3_0_ap_fixed_8_5_5_3_0_partial_sums_8" [../src/conv.cpp:89]   --->   Operation 481 'store' 'store_ln89' <Predicate = (trunc_ln78 == 7 & icmp_ln85)> <Delay = 2.54>
ST_7 : Operation 482 [1/1] (0.00ns)   --->   "%br_ln89 = br void %V42.i.i26.i.i121.exit56" [../src/conv.cpp:89]   --->   Operation 482 'br' 'br_ln89' <Predicate = (trunc_ln78 == 7 & icmp_ln85)> <Delay = 0.00>
ST_7 : Operation 483 [1/1] (0.00ns)   --->   "%zext_ln89_5 = zext i7 %tmp_4_cast" [../src/conv.cpp:89]   --->   Operation 483 'zext' 'zext_ln89_5' <Predicate = (and_ln85_1_read)> <Delay = 0.00>
ST_7 : Operation 484 [1/1] (0.00ns)   --->   "%sext_ln89_4 = sext i4 %p_ZL12conv2_weight_2_load" [../src/conv.cpp:89]   --->   Operation 484 'sext' 'sext_ln89_4' <Predicate = (and_ln85_1_read)> <Delay = 0.00>
ST_7 : Operation 485 [1/1] (3.74ns)   --->   "%mul_ln89_2 = mul i11 %sext_ln89_4, i11 %zext_ln89_5" [../src/conv.cpp:89]   --->   Operation 485 'mul' 'mul_ln89_2' <Predicate = (and_ln85_1_read)> <Delay = 3.74> <CoreInst = "Multiplier">   --->   Core 3 'Multiplier' <Latency = 0> <II = 1> <Delay = 3.74> <FuncUnit> <Opcode : 'mul'> <InPorts = 2> <OutPorts = 1>

State 8 <SV = 7> <Delay = 6.48>
ST_8 : Operation 486 [1/1] (0.00ns)   --->   "%br_ln89 = br void %if.end.i.i83.155" [../src/conv.cpp:89]   --->   Operation 486 'br' 'br_ln89' <Predicate = (icmp_ln85 & icmp_ln89_2)> <Delay = 0.00>
ST_8 : Operation 487 [1/1] (0.00ns)   --->   "%br_ln90 = br void %for.inc50.159" [../src/conv.cpp:90]   --->   Operation 487 'br' 'br_ln90' <Predicate = (icmp_ln85)> <Delay = 0.00>
ST_8 : Operation 488 [1/1] (0.00ns)   --->   "%conv2_ap_fixed_8_5_5_3_0_ap_fixed_8_5_5_3_0_partial_sums_load_2 = load i8 %conv2_ap_fixed_8_5_5_3_0_ap_fixed_8_5_5_3_0_partial_sums" [../src/conv.cpp:89]   --->   Operation 488 'load' 'conv2_ap_fixed_8_5_5_3_0_ap_fixed_8_5_5_3_0_partial_sums_load_2' <Predicate = (trunc_ln78 == 0 & and_ln85_1_read)> <Delay = 0.00>
ST_8 : Operation 489 [1/1] (0.00ns)   --->   "%conv2_ap_fixed_8_5_5_3_0_ap_fixed_8_5_5_3_0_partial_sums_2_load_2 = load i8 %conv2_ap_fixed_8_5_5_3_0_ap_fixed_8_5_5_3_0_partial_sums_2" [../src/conv.cpp:89]   --->   Operation 489 'load' 'conv2_ap_fixed_8_5_5_3_0_ap_fixed_8_5_5_3_0_partial_sums_2_load_2' <Predicate = (trunc_ln78 == 1 & and_ln85_1_read)> <Delay = 0.00>
ST_8 : Operation 490 [1/1] (0.00ns)   --->   "%conv2_ap_fixed_8_5_5_3_0_ap_fixed_8_5_5_3_0_partial_sums_3_load_2 = load i8 %conv2_ap_fixed_8_5_5_3_0_ap_fixed_8_5_5_3_0_partial_sums_3" [../src/conv.cpp:89]   --->   Operation 490 'load' 'conv2_ap_fixed_8_5_5_3_0_ap_fixed_8_5_5_3_0_partial_sums_3_load_2' <Predicate = (trunc_ln78 == 2 & and_ln85_1_read)> <Delay = 0.00>
ST_8 : Operation 491 [1/1] (0.00ns)   --->   "%conv2_ap_fixed_8_5_5_3_0_ap_fixed_8_5_5_3_0_partial_sums_4_load_2 = load i8 %conv2_ap_fixed_8_5_5_3_0_ap_fixed_8_5_5_3_0_partial_sums_4" [../src/conv.cpp:89]   --->   Operation 491 'load' 'conv2_ap_fixed_8_5_5_3_0_ap_fixed_8_5_5_3_0_partial_sums_4_load_2' <Predicate = (trunc_ln78 == 3 & and_ln85_1_read)> <Delay = 0.00>
ST_8 : Operation 492 [1/1] (0.00ns)   --->   "%conv2_ap_fixed_8_5_5_3_0_ap_fixed_8_5_5_3_0_partial_sums_5_load_2 = load i8 %conv2_ap_fixed_8_5_5_3_0_ap_fixed_8_5_5_3_0_partial_sums_5" [../src/conv.cpp:89]   --->   Operation 492 'load' 'conv2_ap_fixed_8_5_5_3_0_ap_fixed_8_5_5_3_0_partial_sums_5_load_2' <Predicate = (trunc_ln78 == 4 & and_ln85_1_read)> <Delay = 0.00>
ST_8 : Operation 493 [1/1] (0.00ns)   --->   "%conv2_ap_fixed_8_5_5_3_0_ap_fixed_8_5_5_3_0_partial_sums_6_load_2 = load i8 %conv2_ap_fixed_8_5_5_3_0_ap_fixed_8_5_5_3_0_partial_sums_6" [../src/conv.cpp:89]   --->   Operation 493 'load' 'conv2_ap_fixed_8_5_5_3_0_ap_fixed_8_5_5_3_0_partial_sums_6_load_2' <Predicate = (trunc_ln78 == 5 & and_ln85_1_read)> <Delay = 0.00>
ST_8 : Operation 494 [1/1] (0.00ns)   --->   "%conv2_ap_fixed_8_5_5_3_0_ap_fixed_8_5_5_3_0_partial_sums_7_load_2 = load i8 %conv2_ap_fixed_8_5_5_3_0_ap_fixed_8_5_5_3_0_partial_sums_7" [../src/conv.cpp:89]   --->   Operation 494 'load' 'conv2_ap_fixed_8_5_5_3_0_ap_fixed_8_5_5_3_0_partial_sums_7_load_2' <Predicate = (trunc_ln78 == 6 & and_ln85_1_read)> <Delay = 0.00>
ST_8 : Operation 495 [1/1] (0.00ns)   --->   "%conv2_ap_fixed_8_5_5_3_0_ap_fixed_8_5_5_3_0_partial_sums_8_load_2 = load i8 %conv2_ap_fixed_8_5_5_3_0_ap_fixed_8_5_5_3_0_partial_sums_8" [../src/conv.cpp:89]   --->   Operation 495 'load' 'conv2_ap_fixed_8_5_5_3_0_ap_fixed_8_5_5_3_0_partial_sums_8_load_2' <Predicate = (trunc_ln78 == 7 & and_ln85_1_read)> <Delay = 0.00>
ST_8 : Operation 496 [1/1] (2.30ns)   --->   "%tmp_5 = sparsemux i8 @_ssdm_op_SparseMux.ap_auto.8i8.i8.i3, i3 0, i8 %conv2_ap_fixed_8_5_5_3_0_ap_fixed_8_5_5_3_0_partial_sums_load_2, i3 1, i8 %conv2_ap_fixed_8_5_5_3_0_ap_fixed_8_5_5_3_0_partial_sums_2_load_2, i3 2, i8 %conv2_ap_fixed_8_5_5_3_0_ap_fixed_8_5_5_3_0_partial_sums_3_load_2, i3 3, i8 %conv2_ap_fixed_8_5_5_3_0_ap_fixed_8_5_5_3_0_partial_sums_4_load_2, i3 4, i8 %conv2_ap_fixed_8_5_5_3_0_ap_fixed_8_5_5_3_0_partial_sums_5_load_2, i3 5, i8 %conv2_ap_fixed_8_5_5_3_0_ap_fixed_8_5_5_3_0_partial_sums_6_load_2, i3 6, i8 %conv2_ap_fixed_8_5_5_3_0_ap_fixed_8_5_5_3_0_partial_sums_7_load_2, i3 7, i8 %conv2_ap_fixed_8_5_5_3_0_ap_fixed_8_5_5_3_0_partial_sums_8_load_2, i8 0, i3 %trunc_ln78" [../src/conv.cpp:89]   --->   Operation 496 'sparsemux' 'tmp_5' <Predicate = (and_ln85_1_read)> <Delay = 2.30> <CoreInst = "BinarySparseMux_DontCare">   --->   Core 137 'BinarySparseMux_DontCare' <Latency = 0> <II = 1> <Delay = 2.30> <FuncUnit> <Opcode : 'sparsemux'> <InPorts = 2> <OutPorts = 1>
ST_8 : Operation 497 [1/1] (0.00ns)   --->   "%shl_ln89_2 = bitconcatenate i11 @_ssdm_op_BitConcatenate.i11.i8.i3, i8 %tmp_5, i3 0" [../src/conv.cpp:89]   --->   Operation 497 'bitconcatenate' 'shl_ln89_2' <Predicate = (and_ln85_1_read)> <Delay = 0.00>
ST_8 : Operation 498 [1/1] (1.63ns)   --->   "%add_ln89_4 = add i11 %shl_ln89_2, i11 %mul_ln89_2" [../src/conv.cpp:89]   --->   Operation 498 'add' 'add_ln89_4' <Predicate = (and_ln85_1_read)> <Delay = 1.63> <CoreInst = "Adder">   --->   Core 1 'Adder' <Latency = 0> <II = 1> <Delay = 1.63> <FuncUnit> <Opcode : 'add' 'sub'> <InPorts = 2> <OutPorts = 1>
ST_8 : Operation 499 [1/1] (1.63ns)   --->   "%sub_ln89_1 = sub i11 0, i11 %mul_ln89_2" [../src/conv.cpp:89]   --->   Operation 499 'sub' 'sub_ln89_1' <Predicate = (and_ln85_1_read)> <Delay = 1.63> <CoreInst = "Adder">   --->   Core 1 'Adder' <Latency = 0> <II = 1> <Delay = 1.63> <FuncUnit> <Opcode : 'add' 'sub'> <InPorts = 2> <OutPorts = 1>
ST_8 : Operation 500 [1/1] (1.63ns)   --->   "%icmp_ln89_3 = icmp_eq  i11 %shl_ln89_2, i11 %sub_ln89_1" [../src/conv.cpp:89]   --->   Operation 500 'icmp' 'icmp_ln89_3' <Predicate = (and_ln85_1_read)> <Delay = 1.63> <CoreInst = "Cmp">   --->   Core 9 'Cmp' <Latency = 0> <II = 1> <Delay = 1.63> <FuncUnit> <Opcode : 'seteq' 'setne' 'setle' 'setge' 'setlt' 'setgt'> <InPorts = 2> <OutPorts = 1>
ST_8 : Operation 501 [1/1] (0.00ns)   --->   "%br_ln89 = br i1 %icmp_ln89_3, void %if.end.i.i83.2103, void %if.then.i.i81.2102" [../src/conv.cpp:89]   --->   Operation 501 'br' 'br_ln89' <Predicate = (and_ln85_1_read)> <Delay = 0.00>
ST_8 : Operation 502 [1/1] (1.65ns)   --->   "%switch_ln89 = switch i3 %trunc_ln78, void %V42.i.i26.i.i121.case.746, i3 0, void %V42.i.i26.i.i121.case.039, i3 1, void %V42.i.i26.i.i121.case.140, i3 2, void %V42.i.i26.i.i121.case.241, i3 3, void %V42.i.i26.i.i121.case.342, i3 4, void %V42.i.i26.i.i121.case.443, i3 5, void %V42.i.i26.i.i121.case.544, i3 6, void %V42.i.i26.i.i121.case.645" [../src/conv.cpp:89]   --->   Operation 502 'switch' 'switch_ln89' <Predicate = (and_ln85_1_read & icmp_ln89_3)> <Delay = 1.65>
ST_8 : Operation 503 [1/1] (2.54ns)   --->   "%store_ln89 = store i8 0, i8 %conv2_ap_fixed_8_5_5_3_0_ap_fixed_8_5_5_3_0_partial_sums_7" [../src/conv.cpp:89]   --->   Operation 503 'store' 'store_ln89' <Predicate = (trunc_ln78 == 6 & and_ln85_1_read & icmp_ln89_3)> <Delay = 2.54>
ST_8 : Operation 504 [1/1] (0.00ns)   --->   "%br_ln89 = br void %V42.i.i26.i.i121.exit38" [../src/conv.cpp:89]   --->   Operation 504 'br' 'br_ln89' <Predicate = (trunc_ln78 == 6 & and_ln85_1_read & icmp_ln89_3)> <Delay = 0.00>
ST_8 : Operation 505 [1/1] (2.54ns)   --->   "%store_ln89 = store i8 0, i8 %conv2_ap_fixed_8_5_5_3_0_ap_fixed_8_5_5_3_0_partial_sums_6" [../src/conv.cpp:89]   --->   Operation 505 'store' 'store_ln89' <Predicate = (trunc_ln78 == 5 & and_ln85_1_read & icmp_ln89_3)> <Delay = 2.54>
ST_8 : Operation 506 [1/1] (0.00ns)   --->   "%br_ln89 = br void %V42.i.i26.i.i121.exit38" [../src/conv.cpp:89]   --->   Operation 506 'br' 'br_ln89' <Predicate = (trunc_ln78 == 5 & and_ln85_1_read & icmp_ln89_3)> <Delay = 0.00>
ST_8 : Operation 507 [1/1] (2.54ns)   --->   "%store_ln89 = store i8 0, i8 %conv2_ap_fixed_8_5_5_3_0_ap_fixed_8_5_5_3_0_partial_sums_5" [../src/conv.cpp:89]   --->   Operation 507 'store' 'store_ln89' <Predicate = (trunc_ln78 == 4 & and_ln85_1_read & icmp_ln89_3)> <Delay = 2.54>
ST_8 : Operation 508 [1/1] (0.00ns)   --->   "%br_ln89 = br void %V42.i.i26.i.i121.exit38" [../src/conv.cpp:89]   --->   Operation 508 'br' 'br_ln89' <Predicate = (trunc_ln78 == 4 & and_ln85_1_read & icmp_ln89_3)> <Delay = 0.00>
ST_8 : Operation 509 [1/1] (2.54ns)   --->   "%store_ln89 = store i8 0, i8 %conv2_ap_fixed_8_5_5_3_0_ap_fixed_8_5_5_3_0_partial_sums_4" [../src/conv.cpp:89]   --->   Operation 509 'store' 'store_ln89' <Predicate = (trunc_ln78 == 3 & and_ln85_1_read & icmp_ln89_3)> <Delay = 2.54>
ST_8 : Operation 510 [1/1] (0.00ns)   --->   "%br_ln89 = br void %V42.i.i26.i.i121.exit38" [../src/conv.cpp:89]   --->   Operation 510 'br' 'br_ln89' <Predicate = (trunc_ln78 == 3 & and_ln85_1_read & icmp_ln89_3)> <Delay = 0.00>
ST_8 : Operation 511 [1/1] (2.54ns)   --->   "%store_ln89 = store i8 0, i8 %conv2_ap_fixed_8_5_5_3_0_ap_fixed_8_5_5_3_0_partial_sums_3" [../src/conv.cpp:89]   --->   Operation 511 'store' 'store_ln89' <Predicate = (trunc_ln78 == 2 & and_ln85_1_read & icmp_ln89_3)> <Delay = 2.54>
ST_8 : Operation 512 [1/1] (0.00ns)   --->   "%br_ln89 = br void %V42.i.i26.i.i121.exit38" [../src/conv.cpp:89]   --->   Operation 512 'br' 'br_ln89' <Predicate = (trunc_ln78 == 2 & and_ln85_1_read & icmp_ln89_3)> <Delay = 0.00>
ST_8 : Operation 513 [1/1] (2.54ns)   --->   "%store_ln89 = store i8 0, i8 %conv2_ap_fixed_8_5_5_3_0_ap_fixed_8_5_5_3_0_partial_sums_2" [../src/conv.cpp:89]   --->   Operation 513 'store' 'store_ln89' <Predicate = (trunc_ln78 == 1 & and_ln85_1_read & icmp_ln89_3)> <Delay = 2.54>
ST_8 : Operation 514 [1/1] (0.00ns)   --->   "%br_ln89 = br void %V42.i.i26.i.i121.exit38" [../src/conv.cpp:89]   --->   Operation 514 'br' 'br_ln89' <Predicate = (trunc_ln78 == 1 & and_ln85_1_read & icmp_ln89_3)> <Delay = 0.00>
ST_8 : Operation 515 [1/1] (2.54ns)   --->   "%store_ln89 = store i8 0, i8 %conv2_ap_fixed_8_5_5_3_0_ap_fixed_8_5_5_3_0_partial_sums" [../src/conv.cpp:89]   --->   Operation 515 'store' 'store_ln89' <Predicate = (trunc_ln78 == 0 & and_ln85_1_read & icmp_ln89_3)> <Delay = 2.54>
ST_8 : Operation 516 [1/1] (0.00ns)   --->   "%br_ln89 = br void %V42.i.i26.i.i121.exit38" [../src/conv.cpp:89]   --->   Operation 516 'br' 'br_ln89' <Predicate = (trunc_ln78 == 0 & and_ln85_1_read & icmp_ln89_3)> <Delay = 0.00>
ST_8 : Operation 517 [1/1] (2.54ns)   --->   "%store_ln89 = store i8 0, i8 %conv2_ap_fixed_8_5_5_3_0_ap_fixed_8_5_5_3_0_partial_sums_8" [../src/conv.cpp:89]   --->   Operation 517 'store' 'store_ln89' <Predicate = (trunc_ln78 == 7 & and_ln85_1_read & icmp_ln89_3)> <Delay = 2.54>
ST_8 : Operation 518 [1/1] (0.00ns)   --->   "%br_ln89 = br void %V42.i.i26.i.i121.exit38" [../src/conv.cpp:89]   --->   Operation 518 'br' 'br_ln89' <Predicate = (trunc_ln78 == 7 & and_ln85_1_read & icmp_ln89_3)> <Delay = 0.00>
ST_8 : Operation 519 [1/1] (0.00ns)   --->   "%trunc_ln89_2 = partselect i8 @_ssdm_op_PartSelect.i8.i11.i32.i32, i11 %add_ln89_4, i32 3, i32 10" [../src/conv.cpp:89]   --->   Operation 519 'partselect' 'trunc_ln89_2' <Predicate = (and_ln85_1_read)> <Delay = 0.00>
ST_8 : Operation 520 [1/1] (1.65ns)   --->   "%switch_ln89 = switch i3 %trunc_ln78, void %V42.i.i26.i.i121.case.737, i3 0, void %V42.i.i26.i.i121.case.030, i3 1, void %V42.i.i26.i.i121.case.131, i3 2, void %V42.i.i26.i.i121.case.232, i3 3, void %V42.i.i26.i.i121.case.333, i3 4, void %V42.i.i26.i.i121.case.434, i3 5, void %V42.i.i26.i.i121.case.535, i3 6, void %V42.i.i26.i.i121.case.636" [../src/conv.cpp:89]   --->   Operation 520 'switch' 'switch_ln89' <Predicate = (and_ln85_1_read)> <Delay = 1.65>
ST_8 : Operation 521 [1/1] (2.54ns)   --->   "%store_ln89 = store i8 %trunc_ln89_2, i8 %conv2_ap_fixed_8_5_5_3_0_ap_fixed_8_5_5_3_0_partial_sums_7" [../src/conv.cpp:89]   --->   Operation 521 'store' 'store_ln89' <Predicate = (trunc_ln78 == 6 & and_ln85_1_read)> <Delay = 2.54>
ST_8 : Operation 522 [1/1] (0.00ns)   --->   "%br_ln89 = br void %V42.i.i26.i.i121.exit29" [../src/conv.cpp:89]   --->   Operation 522 'br' 'br_ln89' <Predicate = (trunc_ln78 == 6 & and_ln85_1_read)> <Delay = 0.00>
ST_8 : Operation 523 [1/1] (2.54ns)   --->   "%store_ln89 = store i8 %trunc_ln89_2, i8 %conv2_ap_fixed_8_5_5_3_0_ap_fixed_8_5_5_3_0_partial_sums_6" [../src/conv.cpp:89]   --->   Operation 523 'store' 'store_ln89' <Predicate = (trunc_ln78 == 5 & and_ln85_1_read)> <Delay = 2.54>
ST_8 : Operation 524 [1/1] (0.00ns)   --->   "%br_ln89 = br void %V42.i.i26.i.i121.exit29" [../src/conv.cpp:89]   --->   Operation 524 'br' 'br_ln89' <Predicate = (trunc_ln78 == 5 & and_ln85_1_read)> <Delay = 0.00>
ST_8 : Operation 525 [1/1] (2.54ns)   --->   "%store_ln89 = store i8 %trunc_ln89_2, i8 %conv2_ap_fixed_8_5_5_3_0_ap_fixed_8_5_5_3_0_partial_sums_5" [../src/conv.cpp:89]   --->   Operation 525 'store' 'store_ln89' <Predicate = (trunc_ln78 == 4 & and_ln85_1_read)> <Delay = 2.54>
ST_8 : Operation 526 [1/1] (0.00ns)   --->   "%br_ln89 = br void %V42.i.i26.i.i121.exit29" [../src/conv.cpp:89]   --->   Operation 526 'br' 'br_ln89' <Predicate = (trunc_ln78 == 4 & and_ln85_1_read)> <Delay = 0.00>
ST_8 : Operation 527 [1/1] (2.54ns)   --->   "%store_ln89 = store i8 %trunc_ln89_2, i8 %conv2_ap_fixed_8_5_5_3_0_ap_fixed_8_5_5_3_0_partial_sums_4" [../src/conv.cpp:89]   --->   Operation 527 'store' 'store_ln89' <Predicate = (trunc_ln78 == 3 & and_ln85_1_read)> <Delay = 2.54>
ST_8 : Operation 528 [1/1] (0.00ns)   --->   "%br_ln89 = br void %V42.i.i26.i.i121.exit29" [../src/conv.cpp:89]   --->   Operation 528 'br' 'br_ln89' <Predicate = (trunc_ln78 == 3 & and_ln85_1_read)> <Delay = 0.00>
ST_8 : Operation 529 [1/1] (2.54ns)   --->   "%store_ln89 = store i8 %trunc_ln89_2, i8 %conv2_ap_fixed_8_5_5_3_0_ap_fixed_8_5_5_3_0_partial_sums_3" [../src/conv.cpp:89]   --->   Operation 529 'store' 'store_ln89' <Predicate = (trunc_ln78 == 2 & and_ln85_1_read)> <Delay = 2.54>
ST_8 : Operation 530 [1/1] (0.00ns)   --->   "%br_ln89 = br void %V42.i.i26.i.i121.exit29" [../src/conv.cpp:89]   --->   Operation 530 'br' 'br_ln89' <Predicate = (trunc_ln78 == 2 & and_ln85_1_read)> <Delay = 0.00>
ST_8 : Operation 531 [1/1] (2.54ns)   --->   "%store_ln89 = store i8 %trunc_ln89_2, i8 %conv2_ap_fixed_8_5_5_3_0_ap_fixed_8_5_5_3_0_partial_sums_2" [../src/conv.cpp:89]   --->   Operation 531 'store' 'store_ln89' <Predicate = (trunc_ln78 == 1 & and_ln85_1_read)> <Delay = 2.54>
ST_8 : Operation 532 [1/1] (0.00ns)   --->   "%br_ln89 = br void %V42.i.i26.i.i121.exit29" [../src/conv.cpp:89]   --->   Operation 532 'br' 'br_ln89' <Predicate = (trunc_ln78 == 1 & and_ln85_1_read)> <Delay = 0.00>
ST_8 : Operation 533 [1/1] (2.54ns)   --->   "%store_ln89 = store i8 %trunc_ln89_2, i8 %conv2_ap_fixed_8_5_5_3_0_ap_fixed_8_5_5_3_0_partial_sums" [../src/conv.cpp:89]   --->   Operation 533 'store' 'store_ln89' <Predicate = (trunc_ln78 == 0 & and_ln85_1_read)> <Delay = 2.54>
ST_8 : Operation 534 [1/1] (0.00ns)   --->   "%br_ln89 = br void %V42.i.i26.i.i121.exit29" [../src/conv.cpp:89]   --->   Operation 534 'br' 'br_ln89' <Predicate = (trunc_ln78 == 0 & and_ln85_1_read)> <Delay = 0.00>
ST_8 : Operation 535 [1/1] (2.54ns)   --->   "%store_ln89 = store i8 %trunc_ln89_2, i8 %conv2_ap_fixed_8_5_5_3_0_ap_fixed_8_5_5_3_0_partial_sums_8" [../src/conv.cpp:89]   --->   Operation 535 'store' 'store_ln89' <Predicate = (trunc_ln78 == 7 & and_ln85_1_read)> <Delay = 2.54>
ST_8 : Operation 536 [1/1] (0.00ns)   --->   "%br_ln89 = br void %V42.i.i26.i.i121.exit29" [../src/conv.cpp:89]   --->   Operation 536 'br' 'br_ln89' <Predicate = (trunc_ln78 == 7 & and_ln85_1_read)> <Delay = 0.00>
ST_8 : Operation 537 [1/1] (0.00ns)   --->   "%zext_ln89_7 = zext i7 %tmp_6_cast" [../src/conv.cpp:89]   --->   Operation 537 'zext' 'zext_ln89_7' <Predicate = (icmp_ln85_1)> <Delay = 0.00>
ST_8 : Operation 538 [1/1] (0.00ns)   --->   "%sext_ln89_5 = sext i4 %p_ZL12conv2_weight_3_load" [../src/conv.cpp:89]   --->   Operation 538 'sext' 'sext_ln89_5' <Predicate = (icmp_ln85_1)> <Delay = 0.00>
ST_8 : Operation 539 [1/1] (3.74ns)   --->   "%mul_ln89_3 = mul i11 %sext_ln89_5, i11 %zext_ln89_7" [../src/conv.cpp:89]   --->   Operation 539 'mul' 'mul_ln89_3' <Predicate = (icmp_ln85_1)> <Delay = 3.74> <CoreInst = "Multiplier">   --->   Core 3 'Multiplier' <Latency = 0> <II = 1> <Delay = 3.74> <FuncUnit> <Opcode : 'mul'> <InPorts = 2> <OutPorts = 1>

State 9 <SV = 8> <Delay = 6.48>
ST_9 : Operation 540 [1/1] (0.00ns)   --->   "%br_ln89 = br void %if.end.i.i83.2103" [../src/conv.cpp:89]   --->   Operation 540 'br' 'br_ln89' <Predicate = (and_ln85_1_read & icmp_ln89_3)> <Delay = 0.00>
ST_9 : Operation 541 [1/1] (0.00ns)   --->   "%br_ln90 = br void %for.inc50.2107" [../src/conv.cpp:90]   --->   Operation 541 'br' 'br_ln90' <Predicate = (and_ln85_1_read)> <Delay = 0.00>
ST_9 : Operation 542 [1/1] (0.00ns)   --->   "%conv2_ap_fixed_8_5_5_3_0_ap_fixed_8_5_5_3_0_partial_sums_load_3 = load i8 %conv2_ap_fixed_8_5_5_3_0_ap_fixed_8_5_5_3_0_partial_sums" [../src/conv.cpp:89]   --->   Operation 542 'load' 'conv2_ap_fixed_8_5_5_3_0_ap_fixed_8_5_5_3_0_partial_sums_load_3' <Predicate = (trunc_ln78 == 0 & icmp_ln85_1)> <Delay = 0.00>
ST_9 : Operation 543 [1/1] (0.00ns)   --->   "%conv2_ap_fixed_8_5_5_3_0_ap_fixed_8_5_5_3_0_partial_sums_2_load_3 = load i8 %conv2_ap_fixed_8_5_5_3_0_ap_fixed_8_5_5_3_0_partial_sums_2" [../src/conv.cpp:89]   --->   Operation 543 'load' 'conv2_ap_fixed_8_5_5_3_0_ap_fixed_8_5_5_3_0_partial_sums_2_load_3' <Predicate = (trunc_ln78 == 1 & icmp_ln85_1)> <Delay = 0.00>
ST_9 : Operation 544 [1/1] (0.00ns)   --->   "%conv2_ap_fixed_8_5_5_3_0_ap_fixed_8_5_5_3_0_partial_sums_3_load_3 = load i8 %conv2_ap_fixed_8_5_5_3_0_ap_fixed_8_5_5_3_0_partial_sums_3" [../src/conv.cpp:89]   --->   Operation 544 'load' 'conv2_ap_fixed_8_5_5_3_0_ap_fixed_8_5_5_3_0_partial_sums_3_load_3' <Predicate = (trunc_ln78 == 2 & icmp_ln85_1)> <Delay = 0.00>
ST_9 : Operation 545 [1/1] (0.00ns)   --->   "%conv2_ap_fixed_8_5_5_3_0_ap_fixed_8_5_5_3_0_partial_sums_4_load_3 = load i8 %conv2_ap_fixed_8_5_5_3_0_ap_fixed_8_5_5_3_0_partial_sums_4" [../src/conv.cpp:89]   --->   Operation 545 'load' 'conv2_ap_fixed_8_5_5_3_0_ap_fixed_8_5_5_3_0_partial_sums_4_load_3' <Predicate = (trunc_ln78 == 3 & icmp_ln85_1)> <Delay = 0.00>
ST_9 : Operation 546 [1/1] (0.00ns)   --->   "%conv2_ap_fixed_8_5_5_3_0_ap_fixed_8_5_5_3_0_partial_sums_5_load_3 = load i8 %conv2_ap_fixed_8_5_5_3_0_ap_fixed_8_5_5_3_0_partial_sums_5" [../src/conv.cpp:89]   --->   Operation 546 'load' 'conv2_ap_fixed_8_5_5_3_0_ap_fixed_8_5_5_3_0_partial_sums_5_load_3' <Predicate = (trunc_ln78 == 4 & icmp_ln85_1)> <Delay = 0.00>
ST_9 : Operation 547 [1/1] (0.00ns)   --->   "%conv2_ap_fixed_8_5_5_3_0_ap_fixed_8_5_5_3_0_partial_sums_6_load_3 = load i8 %conv2_ap_fixed_8_5_5_3_0_ap_fixed_8_5_5_3_0_partial_sums_6" [../src/conv.cpp:89]   --->   Operation 547 'load' 'conv2_ap_fixed_8_5_5_3_0_ap_fixed_8_5_5_3_0_partial_sums_6_load_3' <Predicate = (trunc_ln78 == 5 & icmp_ln85_1)> <Delay = 0.00>
ST_9 : Operation 548 [1/1] (0.00ns)   --->   "%conv2_ap_fixed_8_5_5_3_0_ap_fixed_8_5_5_3_0_partial_sums_7_load_3 = load i8 %conv2_ap_fixed_8_5_5_3_0_ap_fixed_8_5_5_3_0_partial_sums_7" [../src/conv.cpp:89]   --->   Operation 548 'load' 'conv2_ap_fixed_8_5_5_3_0_ap_fixed_8_5_5_3_0_partial_sums_7_load_3' <Predicate = (trunc_ln78 == 6 & icmp_ln85_1)> <Delay = 0.00>
ST_9 : Operation 549 [1/1] (0.00ns)   --->   "%conv2_ap_fixed_8_5_5_3_0_ap_fixed_8_5_5_3_0_partial_sums_8_load_3 = load i8 %conv2_ap_fixed_8_5_5_3_0_ap_fixed_8_5_5_3_0_partial_sums_8" [../src/conv.cpp:89]   --->   Operation 549 'load' 'conv2_ap_fixed_8_5_5_3_0_ap_fixed_8_5_5_3_0_partial_sums_8_load_3' <Predicate = (trunc_ln78 == 7 & icmp_ln85_1)> <Delay = 0.00>
ST_9 : Operation 550 [1/1] (2.30ns)   --->   "%tmp_7 = sparsemux i8 @_ssdm_op_SparseMux.ap_auto.8i8.i8.i3, i3 0, i8 %conv2_ap_fixed_8_5_5_3_0_ap_fixed_8_5_5_3_0_partial_sums_load_3, i3 1, i8 %conv2_ap_fixed_8_5_5_3_0_ap_fixed_8_5_5_3_0_partial_sums_2_load_3, i3 2, i8 %conv2_ap_fixed_8_5_5_3_0_ap_fixed_8_5_5_3_0_partial_sums_3_load_3, i3 3, i8 %conv2_ap_fixed_8_5_5_3_0_ap_fixed_8_5_5_3_0_partial_sums_4_load_3, i3 4, i8 %conv2_ap_fixed_8_5_5_3_0_ap_fixed_8_5_5_3_0_partial_sums_5_load_3, i3 5, i8 %conv2_ap_fixed_8_5_5_3_0_ap_fixed_8_5_5_3_0_partial_sums_6_load_3, i3 6, i8 %conv2_ap_fixed_8_5_5_3_0_ap_fixed_8_5_5_3_0_partial_sums_7_load_3, i3 7, i8 %conv2_ap_fixed_8_5_5_3_0_ap_fixed_8_5_5_3_0_partial_sums_8_load_3, i8 0, i3 %trunc_ln78" [../src/conv.cpp:89]   --->   Operation 550 'sparsemux' 'tmp_7' <Predicate = (icmp_ln85_1)> <Delay = 2.30> <CoreInst = "BinarySparseMux_DontCare">   --->   Core 137 'BinarySparseMux_DontCare' <Latency = 0> <II = 1> <Delay = 2.30> <FuncUnit> <Opcode : 'sparsemux'> <InPorts = 2> <OutPorts = 1>
ST_9 : Operation 551 [1/1] (0.00ns)   --->   "%shl_ln89_3 = bitconcatenate i11 @_ssdm_op_BitConcatenate.i11.i8.i3, i8 %tmp_7, i3 0" [../src/conv.cpp:89]   --->   Operation 551 'bitconcatenate' 'shl_ln89_3' <Predicate = (icmp_ln85_1)> <Delay = 0.00>
ST_9 : Operation 552 [1/1] (1.63ns)   --->   "%add_ln89_5 = add i11 %shl_ln89_3, i11 %mul_ln89_3" [../src/conv.cpp:89]   --->   Operation 552 'add' 'add_ln89_5' <Predicate = (icmp_ln85_1)> <Delay = 1.63> <CoreInst = "Adder">   --->   Core 1 'Adder' <Latency = 0> <II = 1> <Delay = 1.63> <FuncUnit> <Opcode : 'add' 'sub'> <InPorts = 2> <OutPorts = 1>
ST_9 : Operation 553 [1/1] (1.63ns)   --->   "%sub_ln89_2 = sub i11 0, i11 %mul_ln89_3" [../src/conv.cpp:89]   --->   Operation 553 'sub' 'sub_ln89_2' <Predicate = (icmp_ln85_1)> <Delay = 1.63> <CoreInst = "Adder">   --->   Core 1 'Adder' <Latency = 0> <II = 1> <Delay = 1.63> <FuncUnit> <Opcode : 'add' 'sub'> <InPorts = 2> <OutPorts = 1>
ST_9 : Operation 554 [1/1] (1.63ns)   --->   "%icmp_ln89_4 = icmp_eq  i11 %shl_ln89_3, i11 %sub_ln89_2" [../src/conv.cpp:89]   --->   Operation 554 'icmp' 'icmp_ln89_4' <Predicate = (icmp_ln85_1)> <Delay = 1.63> <CoreInst = "Cmp">   --->   Core 9 'Cmp' <Latency = 0> <II = 1> <Delay = 1.63> <FuncUnit> <Opcode : 'seteq' 'setne' 'setle' 'setge' 'setlt' 'setgt'> <InPorts = 2> <OutPorts = 1>
ST_9 : Operation 555 [1/1] (0.00ns)   --->   "%br_ln89 = br i1 %icmp_ln89_4, void %if.end.i.i83.1, void %if.then.i.i81.1" [../src/conv.cpp:89]   --->   Operation 555 'br' 'br_ln89' <Predicate = (icmp_ln85_1)> <Delay = 0.00>
ST_9 : Operation 556 [1/1] (1.65ns)   --->   "%switch_ln89 = switch i3 %trunc_ln78, void %V42.i.i26.i.i121.case.7209, i3 0, void %V42.i.i26.i.i121.case.0202, i3 1, void %V42.i.i26.i.i121.case.1203, i3 2, void %V42.i.i26.i.i121.case.2204, i3 3, void %V42.i.i26.i.i121.case.3205, i3 4, void %V42.i.i26.i.i121.case.4206, i3 5, void %V42.i.i26.i.i121.case.5207, i3 6, void %V42.i.i26.i.i121.case.6208" [../src/conv.cpp:89]   --->   Operation 556 'switch' 'switch_ln89' <Predicate = (icmp_ln85_1 & icmp_ln89_4)> <Delay = 1.65>
ST_9 : Operation 557 [1/1] (2.54ns)   --->   "%store_ln89 = store i8 0, i8 %conv2_ap_fixed_8_5_5_3_0_ap_fixed_8_5_5_3_0_partial_sums_7" [../src/conv.cpp:89]   --->   Operation 557 'store' 'store_ln89' <Predicate = (trunc_ln78 == 6 & icmp_ln85_1 & icmp_ln89_4)> <Delay = 2.54>
ST_9 : Operation 558 [1/1] (0.00ns)   --->   "%br_ln89 = br void %V42.i.i26.i.i121.exit201" [../src/conv.cpp:89]   --->   Operation 558 'br' 'br_ln89' <Predicate = (trunc_ln78 == 6 & icmp_ln85_1 & icmp_ln89_4)> <Delay = 0.00>
ST_9 : Operation 559 [1/1] (2.54ns)   --->   "%store_ln89 = store i8 0, i8 %conv2_ap_fixed_8_5_5_3_0_ap_fixed_8_5_5_3_0_partial_sums_6" [../src/conv.cpp:89]   --->   Operation 559 'store' 'store_ln89' <Predicate = (trunc_ln78 == 5 & icmp_ln85_1 & icmp_ln89_4)> <Delay = 2.54>
ST_9 : Operation 560 [1/1] (0.00ns)   --->   "%br_ln89 = br void %V42.i.i26.i.i121.exit201" [../src/conv.cpp:89]   --->   Operation 560 'br' 'br_ln89' <Predicate = (trunc_ln78 == 5 & icmp_ln85_1 & icmp_ln89_4)> <Delay = 0.00>
ST_9 : Operation 561 [1/1] (2.54ns)   --->   "%store_ln89 = store i8 0, i8 %conv2_ap_fixed_8_5_5_3_0_ap_fixed_8_5_5_3_0_partial_sums_5" [../src/conv.cpp:89]   --->   Operation 561 'store' 'store_ln89' <Predicate = (trunc_ln78 == 4 & icmp_ln85_1 & icmp_ln89_4)> <Delay = 2.54>
ST_9 : Operation 562 [1/1] (0.00ns)   --->   "%br_ln89 = br void %V42.i.i26.i.i121.exit201" [../src/conv.cpp:89]   --->   Operation 562 'br' 'br_ln89' <Predicate = (trunc_ln78 == 4 & icmp_ln85_1 & icmp_ln89_4)> <Delay = 0.00>
ST_9 : Operation 563 [1/1] (2.54ns)   --->   "%store_ln89 = store i8 0, i8 %conv2_ap_fixed_8_5_5_3_0_ap_fixed_8_5_5_3_0_partial_sums_4" [../src/conv.cpp:89]   --->   Operation 563 'store' 'store_ln89' <Predicate = (trunc_ln78 == 3 & icmp_ln85_1 & icmp_ln89_4)> <Delay = 2.54>
ST_9 : Operation 564 [1/1] (0.00ns)   --->   "%br_ln89 = br void %V42.i.i26.i.i121.exit201" [../src/conv.cpp:89]   --->   Operation 564 'br' 'br_ln89' <Predicate = (trunc_ln78 == 3 & icmp_ln85_1 & icmp_ln89_4)> <Delay = 0.00>
ST_9 : Operation 565 [1/1] (2.54ns)   --->   "%store_ln89 = store i8 0, i8 %conv2_ap_fixed_8_5_5_3_0_ap_fixed_8_5_5_3_0_partial_sums_3" [../src/conv.cpp:89]   --->   Operation 565 'store' 'store_ln89' <Predicate = (trunc_ln78 == 2 & icmp_ln85_1 & icmp_ln89_4)> <Delay = 2.54>
ST_9 : Operation 566 [1/1] (0.00ns)   --->   "%br_ln89 = br void %V42.i.i26.i.i121.exit201" [../src/conv.cpp:89]   --->   Operation 566 'br' 'br_ln89' <Predicate = (trunc_ln78 == 2 & icmp_ln85_1 & icmp_ln89_4)> <Delay = 0.00>
ST_9 : Operation 567 [1/1] (2.54ns)   --->   "%store_ln89 = store i8 0, i8 %conv2_ap_fixed_8_5_5_3_0_ap_fixed_8_5_5_3_0_partial_sums_2" [../src/conv.cpp:89]   --->   Operation 567 'store' 'store_ln89' <Predicate = (trunc_ln78 == 1 & icmp_ln85_1 & icmp_ln89_4)> <Delay = 2.54>
ST_9 : Operation 568 [1/1] (0.00ns)   --->   "%br_ln89 = br void %V42.i.i26.i.i121.exit201" [../src/conv.cpp:89]   --->   Operation 568 'br' 'br_ln89' <Predicate = (trunc_ln78 == 1 & icmp_ln85_1 & icmp_ln89_4)> <Delay = 0.00>
ST_9 : Operation 569 [1/1] (2.54ns)   --->   "%store_ln89 = store i8 0, i8 %conv2_ap_fixed_8_5_5_3_0_ap_fixed_8_5_5_3_0_partial_sums" [../src/conv.cpp:89]   --->   Operation 569 'store' 'store_ln89' <Predicate = (trunc_ln78 == 0 & icmp_ln85_1 & icmp_ln89_4)> <Delay = 2.54>
ST_9 : Operation 570 [1/1] (0.00ns)   --->   "%br_ln89 = br void %V42.i.i26.i.i121.exit201" [../src/conv.cpp:89]   --->   Operation 570 'br' 'br_ln89' <Predicate = (trunc_ln78 == 0 & icmp_ln85_1 & icmp_ln89_4)> <Delay = 0.00>
ST_9 : Operation 571 [1/1] (2.54ns)   --->   "%store_ln89 = store i8 0, i8 %conv2_ap_fixed_8_5_5_3_0_ap_fixed_8_5_5_3_0_partial_sums_8" [../src/conv.cpp:89]   --->   Operation 571 'store' 'store_ln89' <Predicate = (trunc_ln78 == 7 & icmp_ln85_1 & icmp_ln89_4)> <Delay = 2.54>
ST_9 : Operation 572 [1/1] (0.00ns)   --->   "%br_ln89 = br void %V42.i.i26.i.i121.exit201" [../src/conv.cpp:89]   --->   Operation 572 'br' 'br_ln89' <Predicate = (trunc_ln78 == 7 & icmp_ln85_1 & icmp_ln89_4)> <Delay = 0.00>
ST_9 : Operation 573 [1/1] (0.00ns)   --->   "%trunc_ln89_3 = partselect i8 @_ssdm_op_PartSelect.i8.i11.i32.i32, i11 %add_ln89_5, i32 3, i32 10" [../src/conv.cpp:89]   --->   Operation 573 'partselect' 'trunc_ln89_3' <Predicate = (icmp_ln85_1)> <Delay = 0.00>
ST_9 : Operation 574 [1/1] (1.65ns)   --->   "%switch_ln89 = switch i3 %trunc_ln78, void %V42.i.i26.i.i121.case.7200, i3 0, void %V42.i.i26.i.i121.case.0193, i3 1, void %V42.i.i26.i.i121.case.1194, i3 2, void %V42.i.i26.i.i121.case.2195, i3 3, void %V42.i.i26.i.i121.case.3196, i3 4, void %V42.i.i26.i.i121.case.4197, i3 5, void %V42.i.i26.i.i121.case.5198, i3 6, void %V42.i.i26.i.i121.case.6199" [../src/conv.cpp:89]   --->   Operation 574 'switch' 'switch_ln89' <Predicate = (icmp_ln85_1)> <Delay = 1.65>
ST_9 : Operation 575 [1/1] (2.54ns)   --->   "%store_ln89 = store i8 %trunc_ln89_3, i8 %conv2_ap_fixed_8_5_5_3_0_ap_fixed_8_5_5_3_0_partial_sums_7" [../src/conv.cpp:89]   --->   Operation 575 'store' 'store_ln89' <Predicate = (trunc_ln78 == 6 & icmp_ln85_1)> <Delay = 2.54>
ST_9 : Operation 576 [1/1] (0.00ns)   --->   "%br_ln89 = br void %V42.i.i26.i.i121.exit192" [../src/conv.cpp:89]   --->   Operation 576 'br' 'br_ln89' <Predicate = (trunc_ln78 == 6 & icmp_ln85_1)> <Delay = 0.00>
ST_9 : Operation 577 [1/1] (2.54ns)   --->   "%store_ln89 = store i8 %trunc_ln89_3, i8 %conv2_ap_fixed_8_5_5_3_0_ap_fixed_8_5_5_3_0_partial_sums_6" [../src/conv.cpp:89]   --->   Operation 577 'store' 'store_ln89' <Predicate = (trunc_ln78 == 5 & icmp_ln85_1)> <Delay = 2.54>
ST_9 : Operation 578 [1/1] (0.00ns)   --->   "%br_ln89 = br void %V42.i.i26.i.i121.exit192" [../src/conv.cpp:89]   --->   Operation 578 'br' 'br_ln89' <Predicate = (trunc_ln78 == 5 & icmp_ln85_1)> <Delay = 0.00>
ST_9 : Operation 579 [1/1] (2.54ns)   --->   "%store_ln89 = store i8 %trunc_ln89_3, i8 %conv2_ap_fixed_8_5_5_3_0_ap_fixed_8_5_5_3_0_partial_sums_5" [../src/conv.cpp:89]   --->   Operation 579 'store' 'store_ln89' <Predicate = (trunc_ln78 == 4 & icmp_ln85_1)> <Delay = 2.54>
ST_9 : Operation 580 [1/1] (0.00ns)   --->   "%br_ln89 = br void %V42.i.i26.i.i121.exit192" [../src/conv.cpp:89]   --->   Operation 580 'br' 'br_ln89' <Predicate = (trunc_ln78 == 4 & icmp_ln85_1)> <Delay = 0.00>
ST_9 : Operation 581 [1/1] (2.54ns)   --->   "%store_ln89 = store i8 %trunc_ln89_3, i8 %conv2_ap_fixed_8_5_5_3_0_ap_fixed_8_5_5_3_0_partial_sums_4" [../src/conv.cpp:89]   --->   Operation 581 'store' 'store_ln89' <Predicate = (trunc_ln78 == 3 & icmp_ln85_1)> <Delay = 2.54>
ST_9 : Operation 582 [1/1] (0.00ns)   --->   "%br_ln89 = br void %V42.i.i26.i.i121.exit192" [../src/conv.cpp:89]   --->   Operation 582 'br' 'br_ln89' <Predicate = (trunc_ln78 == 3 & icmp_ln85_1)> <Delay = 0.00>
ST_9 : Operation 583 [1/1] (2.54ns)   --->   "%store_ln89 = store i8 %trunc_ln89_3, i8 %conv2_ap_fixed_8_5_5_3_0_ap_fixed_8_5_5_3_0_partial_sums_3" [../src/conv.cpp:89]   --->   Operation 583 'store' 'store_ln89' <Predicate = (trunc_ln78 == 2 & icmp_ln85_1)> <Delay = 2.54>
ST_9 : Operation 584 [1/1] (0.00ns)   --->   "%br_ln89 = br void %V42.i.i26.i.i121.exit192" [../src/conv.cpp:89]   --->   Operation 584 'br' 'br_ln89' <Predicate = (trunc_ln78 == 2 & icmp_ln85_1)> <Delay = 0.00>
ST_9 : Operation 585 [1/1] (2.54ns)   --->   "%store_ln89 = store i8 %trunc_ln89_3, i8 %conv2_ap_fixed_8_5_5_3_0_ap_fixed_8_5_5_3_0_partial_sums_2" [../src/conv.cpp:89]   --->   Operation 585 'store' 'store_ln89' <Predicate = (trunc_ln78 == 1 & icmp_ln85_1)> <Delay = 2.54>
ST_9 : Operation 586 [1/1] (0.00ns)   --->   "%br_ln89 = br void %V42.i.i26.i.i121.exit192" [../src/conv.cpp:89]   --->   Operation 586 'br' 'br_ln89' <Predicate = (trunc_ln78 == 1 & icmp_ln85_1)> <Delay = 0.00>
ST_9 : Operation 587 [1/1] (2.54ns)   --->   "%store_ln89 = store i8 %trunc_ln89_3, i8 %conv2_ap_fixed_8_5_5_3_0_ap_fixed_8_5_5_3_0_partial_sums" [../src/conv.cpp:89]   --->   Operation 587 'store' 'store_ln89' <Predicate = (trunc_ln78 == 0 & icmp_ln85_1)> <Delay = 2.54>
ST_9 : Operation 588 [1/1] (0.00ns)   --->   "%br_ln89 = br void %V42.i.i26.i.i121.exit192" [../src/conv.cpp:89]   --->   Operation 588 'br' 'br_ln89' <Predicate = (trunc_ln78 == 0 & icmp_ln85_1)> <Delay = 0.00>
ST_9 : Operation 589 [1/1] (2.54ns)   --->   "%store_ln89 = store i8 %trunc_ln89_3, i8 %conv2_ap_fixed_8_5_5_3_0_ap_fixed_8_5_5_3_0_partial_sums_8" [../src/conv.cpp:89]   --->   Operation 589 'store' 'store_ln89' <Predicate = (trunc_ln78 == 7 & icmp_ln85_1)> <Delay = 2.54>
ST_9 : Operation 590 [1/1] (0.00ns)   --->   "%br_ln89 = br void %V42.i.i26.i.i121.exit192" [../src/conv.cpp:89]   --->   Operation 590 'br' 'br_ln89' <Predicate = (trunc_ln78 == 7 & icmp_ln85_1)> <Delay = 0.00>
ST_9 : Operation 591 [1/1] (0.00ns)   --->   "%zext_ln89_9 = zext i7 %tmp_8_cast" [../src/conv.cpp:89]   --->   Operation 591 'zext' 'zext_ln89_9' <Predicate = true> <Delay = 0.00>
ST_9 : Operation 592 [1/1] (0.00ns)   --->   "%sext_ln89_6 = sext i4 %p_ZL12conv2_weight_4_load" [../src/conv.cpp:89]   --->   Operation 592 'sext' 'sext_ln89_6' <Predicate = true> <Delay = 0.00>
ST_9 : Operation 593 [1/1] (3.74ns)   --->   "%mul_ln89_4 = mul i11 %sext_ln89_6, i11 %zext_ln89_9" [../src/conv.cpp:89]   --->   Operation 593 'mul' 'mul_ln89_4' <Predicate = true> <Delay = 3.74> <CoreInst = "Multiplier">   --->   Core 3 'Multiplier' <Latency = 0> <II = 1> <Delay = 3.74> <FuncUnit> <Opcode : 'mul'> <InPorts = 2> <OutPorts = 1>
ST_9 : Operation 594 [1/1] (0.00ns)   --->   "%zext_ln89_11 = zext i7 %tmp_cast_47" [../src/conv.cpp:89]   --->   Operation 594 'zext' 'zext_ln89_11' <Predicate = (icmp_ln85_2)> <Delay = 0.00>
ST_9 : Operation 595 [1/1] (0.00ns)   --->   "%sext_ln89_7 = sext i4 %p_ZL12conv2_weight_5_load" [../src/conv.cpp:89]   --->   Operation 595 'sext' 'sext_ln89_7' <Predicate = (icmp_ln85_2)> <Delay = 0.00>
ST_9 : Operation 596 [1/1] (3.74ns)   --->   "%mul_ln89_5 = mul i11 %sext_ln89_7, i11 %zext_ln89_11" [../src/conv.cpp:89]   --->   Operation 596 'mul' 'mul_ln89_5' <Predicate = (icmp_ln85_2)> <Delay = 3.74> <CoreInst = "Multiplier">   --->   Core 3 'Multiplier' <Latency = 0> <II = 1> <Delay = 3.74> <FuncUnit> <Opcode : 'mul'> <InPorts = 2> <OutPorts = 1>

State 10 <SV = 9> <Delay = 8.12>
ST_10 : Operation 597 [1/1] (0.00ns)   --->   "%br_ln89 = br void %if.end.i.i83.1" [../src/conv.cpp:89]   --->   Operation 597 'br' 'br_ln89' <Predicate = (icmp_ln85_1 & icmp_ln89_4)> <Delay = 0.00>
ST_10 : Operation 598 [1/1] (0.00ns)   --->   "%br_ln90 = br void %if.then.1.1" [../src/conv.cpp:90]   --->   Operation 598 'br' 'br_ln90' <Predicate = (icmp_ln85_1)> <Delay = 0.00>
ST_10 : Operation 599 [1/1] (0.00ns)   --->   "%conv2_ap_fixed_8_5_5_3_0_ap_fixed_8_5_5_3_0_partial_sums_load_4 = load i8 %conv2_ap_fixed_8_5_5_3_0_ap_fixed_8_5_5_3_0_partial_sums" [../src/conv.cpp:89]   --->   Operation 599 'load' 'conv2_ap_fixed_8_5_5_3_0_ap_fixed_8_5_5_3_0_partial_sums_load_4' <Predicate = (trunc_ln78 == 0)> <Delay = 0.00>
ST_10 : Operation 600 [1/1] (0.00ns)   --->   "%conv2_ap_fixed_8_5_5_3_0_ap_fixed_8_5_5_3_0_partial_sums_2_load_4 = load i8 %conv2_ap_fixed_8_5_5_3_0_ap_fixed_8_5_5_3_0_partial_sums_2" [../src/conv.cpp:89]   --->   Operation 600 'load' 'conv2_ap_fixed_8_5_5_3_0_ap_fixed_8_5_5_3_0_partial_sums_2_load_4' <Predicate = (trunc_ln78 == 1)> <Delay = 0.00>
ST_10 : Operation 601 [1/1] (0.00ns)   --->   "%conv2_ap_fixed_8_5_5_3_0_ap_fixed_8_5_5_3_0_partial_sums_3_load_4 = load i8 %conv2_ap_fixed_8_5_5_3_0_ap_fixed_8_5_5_3_0_partial_sums_3" [../src/conv.cpp:89]   --->   Operation 601 'load' 'conv2_ap_fixed_8_5_5_3_0_ap_fixed_8_5_5_3_0_partial_sums_3_load_4' <Predicate = (trunc_ln78 == 2)> <Delay = 0.00>
ST_10 : Operation 602 [1/1] (0.00ns)   --->   "%conv2_ap_fixed_8_5_5_3_0_ap_fixed_8_5_5_3_0_partial_sums_4_load_4 = load i8 %conv2_ap_fixed_8_5_5_3_0_ap_fixed_8_5_5_3_0_partial_sums_4" [../src/conv.cpp:89]   --->   Operation 602 'load' 'conv2_ap_fixed_8_5_5_3_0_ap_fixed_8_5_5_3_0_partial_sums_4_load_4' <Predicate = (trunc_ln78 == 3)> <Delay = 0.00>
ST_10 : Operation 603 [1/1] (0.00ns)   --->   "%conv2_ap_fixed_8_5_5_3_0_ap_fixed_8_5_5_3_0_partial_sums_5_load_4 = load i8 %conv2_ap_fixed_8_5_5_3_0_ap_fixed_8_5_5_3_0_partial_sums_5" [../src/conv.cpp:89]   --->   Operation 603 'load' 'conv2_ap_fixed_8_5_5_3_0_ap_fixed_8_5_5_3_0_partial_sums_5_load_4' <Predicate = (trunc_ln78 == 4)> <Delay = 0.00>
ST_10 : Operation 604 [1/1] (0.00ns)   --->   "%conv2_ap_fixed_8_5_5_3_0_ap_fixed_8_5_5_3_0_partial_sums_6_load_4 = load i8 %conv2_ap_fixed_8_5_5_3_0_ap_fixed_8_5_5_3_0_partial_sums_6" [../src/conv.cpp:89]   --->   Operation 604 'load' 'conv2_ap_fixed_8_5_5_3_0_ap_fixed_8_5_5_3_0_partial_sums_6_load_4' <Predicate = (trunc_ln78 == 5)> <Delay = 0.00>
ST_10 : Operation 605 [1/1] (0.00ns)   --->   "%conv2_ap_fixed_8_5_5_3_0_ap_fixed_8_5_5_3_0_partial_sums_7_load_4 = load i8 %conv2_ap_fixed_8_5_5_3_0_ap_fixed_8_5_5_3_0_partial_sums_7" [../src/conv.cpp:89]   --->   Operation 605 'load' 'conv2_ap_fixed_8_5_5_3_0_ap_fixed_8_5_5_3_0_partial_sums_7_load_4' <Predicate = (trunc_ln78 == 6)> <Delay = 0.00>
ST_10 : Operation 606 [1/1] (0.00ns)   --->   "%conv2_ap_fixed_8_5_5_3_0_ap_fixed_8_5_5_3_0_partial_sums_8_load_4 = load i8 %conv2_ap_fixed_8_5_5_3_0_ap_fixed_8_5_5_3_0_partial_sums_8" [../src/conv.cpp:89]   --->   Operation 606 'load' 'conv2_ap_fixed_8_5_5_3_0_ap_fixed_8_5_5_3_0_partial_sums_8_load_4' <Predicate = (trunc_ln78 == 7)> <Delay = 0.00>
ST_10 : Operation 607 [1/1] (2.30ns)   --->   "%tmp_9 = sparsemux i8 @_ssdm_op_SparseMux.ap_auto.8i8.i8.i3, i3 0, i8 %conv2_ap_fixed_8_5_5_3_0_ap_fixed_8_5_5_3_0_partial_sums_load_4, i3 1, i8 %conv2_ap_fixed_8_5_5_3_0_ap_fixed_8_5_5_3_0_partial_sums_2_load_4, i3 2, i8 %conv2_ap_fixed_8_5_5_3_0_ap_fixed_8_5_5_3_0_partial_sums_3_load_4, i3 3, i8 %conv2_ap_fixed_8_5_5_3_0_ap_fixed_8_5_5_3_0_partial_sums_4_load_4, i3 4, i8 %conv2_ap_fixed_8_5_5_3_0_ap_fixed_8_5_5_3_0_partial_sums_5_load_4, i3 5, i8 %conv2_ap_fixed_8_5_5_3_0_ap_fixed_8_5_5_3_0_partial_sums_6_load_4, i3 6, i8 %conv2_ap_fixed_8_5_5_3_0_ap_fixed_8_5_5_3_0_partial_sums_7_load_4, i3 7, i8 %conv2_ap_fixed_8_5_5_3_0_ap_fixed_8_5_5_3_0_partial_sums_8_load_4, i8 0, i3 %trunc_ln78" [../src/conv.cpp:89]   --->   Operation 607 'sparsemux' 'tmp_9' <Predicate = true> <Delay = 2.30> <CoreInst = "BinarySparseMux_DontCare">   --->   Core 137 'BinarySparseMux_DontCare' <Latency = 0> <II = 1> <Delay = 2.30> <FuncUnit> <Opcode : 'sparsemux'> <InPorts = 2> <OutPorts = 1>
ST_10 : Operation 608 [1/1] (0.00ns)   --->   "%shl_ln89_4 = bitconcatenate i11 @_ssdm_op_BitConcatenate.i11.i8.i3, i8 %tmp_9, i3 0" [../src/conv.cpp:89]   --->   Operation 608 'bitconcatenate' 'shl_ln89_4' <Predicate = true> <Delay = 0.00>
ST_10 : Operation 609 [1/1] (1.63ns)   --->   "%add_ln89_6 = add i11 %shl_ln89_4, i11 %mul_ln89_4" [../src/conv.cpp:89]   --->   Operation 609 'add' 'add_ln89_6' <Predicate = true> <Delay = 1.63> <CoreInst = "Adder">   --->   Core 1 'Adder' <Latency = 0> <II = 1> <Delay = 1.63> <FuncUnit> <Opcode : 'add' 'sub'> <InPorts = 2> <OutPorts = 1>
ST_10 : Operation 610 [1/1] (1.63ns)   --->   "%sub_ln89_3 = sub i11 0, i11 %mul_ln89_4" [../src/conv.cpp:89]   --->   Operation 610 'sub' 'sub_ln89_3' <Predicate = true> <Delay = 1.63> <CoreInst = "Adder">   --->   Core 1 'Adder' <Latency = 0> <II = 1> <Delay = 1.63> <FuncUnit> <Opcode : 'add' 'sub'> <InPorts = 2> <OutPorts = 1>
ST_10 : Operation 611 [1/1] (1.63ns)   --->   "%icmp_ln89_5 = icmp_eq  i11 %shl_ln89_4, i11 %sub_ln89_3" [../src/conv.cpp:89]   --->   Operation 611 'icmp' 'icmp_ln89_5' <Predicate = true> <Delay = 1.63> <CoreInst = "Cmp">   --->   Core 9 'Cmp' <Latency = 0> <II = 1> <Delay = 1.63> <FuncUnit> <Opcode : 'seteq' 'setne' 'setle' 'setge' 'setlt' 'setgt'> <InPorts = 2> <OutPorts = 1>
ST_10 : Operation 612 [1/1] (0.00ns)   --->   "%br_ln89 = br i1 %icmp_ln89_5, void %if.end.i.i83.1.1, void %if.then.i.i81.1.1" [../src/conv.cpp:89]   --->   Operation 612 'br' 'br_ln89' <Predicate = true> <Delay = 0.00>
ST_10 : Operation 613 [1/1] (1.65ns)   --->   "%switch_ln89 = switch i3 %trunc_ln78, void %V42.i.i26.i.i121.case.7101, i3 0, void %V42.i.i26.i.i121.case.094, i3 1, void %V42.i.i26.i.i121.case.195, i3 2, void %V42.i.i26.i.i121.case.296, i3 3, void %V42.i.i26.i.i121.case.397, i3 4, void %V42.i.i26.i.i121.case.498, i3 5, void %V42.i.i26.i.i121.case.599, i3 6, void %V42.i.i26.i.i121.case.6100" [../src/conv.cpp:89]   --->   Operation 613 'switch' 'switch_ln89' <Predicate = (icmp_ln89_5)> <Delay = 1.65>
ST_10 : Operation 614 [1/1] (2.54ns)   --->   "%store_ln89 = store i8 0, i8 %conv2_ap_fixed_8_5_5_3_0_ap_fixed_8_5_5_3_0_partial_sums_7" [../src/conv.cpp:89]   --->   Operation 614 'store' 'store_ln89' <Predicate = (trunc_ln78 == 6 & icmp_ln89_5)> <Delay = 2.54>
ST_10 : Operation 615 [1/1] (0.00ns)   --->   "%br_ln89 = br void %V42.i.i26.i.i121.exit93" [../src/conv.cpp:89]   --->   Operation 615 'br' 'br_ln89' <Predicate = (trunc_ln78 == 6 & icmp_ln89_5)> <Delay = 0.00>
ST_10 : Operation 616 [1/1] (2.54ns)   --->   "%store_ln89 = store i8 0, i8 %conv2_ap_fixed_8_5_5_3_0_ap_fixed_8_5_5_3_0_partial_sums_6" [../src/conv.cpp:89]   --->   Operation 616 'store' 'store_ln89' <Predicate = (trunc_ln78 == 5 & icmp_ln89_5)> <Delay = 2.54>
ST_10 : Operation 617 [1/1] (0.00ns)   --->   "%br_ln89 = br void %V42.i.i26.i.i121.exit93" [../src/conv.cpp:89]   --->   Operation 617 'br' 'br_ln89' <Predicate = (trunc_ln78 == 5 & icmp_ln89_5)> <Delay = 0.00>
ST_10 : Operation 618 [1/1] (2.54ns)   --->   "%store_ln89 = store i8 0, i8 %conv2_ap_fixed_8_5_5_3_0_ap_fixed_8_5_5_3_0_partial_sums_5" [../src/conv.cpp:89]   --->   Operation 618 'store' 'store_ln89' <Predicate = (trunc_ln78 == 4 & icmp_ln89_5)> <Delay = 2.54>
ST_10 : Operation 619 [1/1] (0.00ns)   --->   "%br_ln89 = br void %V42.i.i26.i.i121.exit93" [../src/conv.cpp:89]   --->   Operation 619 'br' 'br_ln89' <Predicate = (trunc_ln78 == 4 & icmp_ln89_5)> <Delay = 0.00>
ST_10 : Operation 620 [1/1] (2.54ns)   --->   "%store_ln89 = store i8 0, i8 %conv2_ap_fixed_8_5_5_3_0_ap_fixed_8_5_5_3_0_partial_sums_4" [../src/conv.cpp:89]   --->   Operation 620 'store' 'store_ln89' <Predicate = (trunc_ln78 == 3 & icmp_ln89_5)> <Delay = 2.54>
ST_10 : Operation 621 [1/1] (0.00ns)   --->   "%br_ln89 = br void %V42.i.i26.i.i121.exit93" [../src/conv.cpp:89]   --->   Operation 621 'br' 'br_ln89' <Predicate = (trunc_ln78 == 3 & icmp_ln89_5)> <Delay = 0.00>
ST_10 : Operation 622 [1/1] (2.54ns)   --->   "%store_ln89 = store i8 0, i8 %conv2_ap_fixed_8_5_5_3_0_ap_fixed_8_5_5_3_0_partial_sums_3" [../src/conv.cpp:89]   --->   Operation 622 'store' 'store_ln89' <Predicate = (trunc_ln78 == 2 & icmp_ln89_5)> <Delay = 2.54>
ST_10 : Operation 623 [1/1] (0.00ns)   --->   "%br_ln89 = br void %V42.i.i26.i.i121.exit93" [../src/conv.cpp:89]   --->   Operation 623 'br' 'br_ln89' <Predicate = (trunc_ln78 == 2 & icmp_ln89_5)> <Delay = 0.00>
ST_10 : Operation 624 [1/1] (2.54ns)   --->   "%store_ln89 = store i8 0, i8 %conv2_ap_fixed_8_5_5_3_0_ap_fixed_8_5_5_3_0_partial_sums_2" [../src/conv.cpp:89]   --->   Operation 624 'store' 'store_ln89' <Predicate = (trunc_ln78 == 1 & icmp_ln89_5)> <Delay = 2.54>
ST_10 : Operation 625 [1/1] (0.00ns)   --->   "%br_ln89 = br void %V42.i.i26.i.i121.exit93" [../src/conv.cpp:89]   --->   Operation 625 'br' 'br_ln89' <Predicate = (trunc_ln78 == 1 & icmp_ln89_5)> <Delay = 0.00>
ST_10 : Operation 626 [1/1] (2.54ns)   --->   "%store_ln89 = store i8 0, i8 %conv2_ap_fixed_8_5_5_3_0_ap_fixed_8_5_5_3_0_partial_sums" [../src/conv.cpp:89]   --->   Operation 626 'store' 'store_ln89' <Predicate = (trunc_ln78 == 0 & icmp_ln89_5)> <Delay = 2.54>
ST_10 : Operation 627 [1/1] (0.00ns)   --->   "%br_ln89 = br void %V42.i.i26.i.i121.exit93" [../src/conv.cpp:89]   --->   Operation 627 'br' 'br_ln89' <Predicate = (trunc_ln78 == 0 & icmp_ln89_5)> <Delay = 0.00>
ST_10 : Operation 628 [1/1] (2.54ns)   --->   "%store_ln89 = store i8 0, i8 %conv2_ap_fixed_8_5_5_3_0_ap_fixed_8_5_5_3_0_partial_sums_8" [../src/conv.cpp:89]   --->   Operation 628 'store' 'store_ln89' <Predicate = (trunc_ln78 == 7 & icmp_ln89_5)> <Delay = 2.54>
ST_10 : Operation 629 [1/1] (0.00ns)   --->   "%br_ln89 = br void %V42.i.i26.i.i121.exit93" [../src/conv.cpp:89]   --->   Operation 629 'br' 'br_ln89' <Predicate = (trunc_ln78 == 7 & icmp_ln89_5)> <Delay = 0.00>
ST_10 : Operation 630 [1/1] (0.00ns)   --->   "%trunc_ln89_4 = partselect i8 @_ssdm_op_PartSelect.i8.i11.i32.i32, i11 %add_ln89_6, i32 3, i32 10" [../src/conv.cpp:89]   --->   Operation 630 'partselect' 'trunc_ln89_4' <Predicate = true> <Delay = 0.00>
ST_10 : Operation 631 [1/1] (2.54ns)   --->   "%store_ln89 = store i8 %trunc_ln89_4, i8 %conv2_ap_fixed_8_5_5_3_0_ap_fixed_8_5_5_3_0_partial_sums_7" [../src/conv.cpp:89]   --->   Operation 631 'store' 'store_ln89' <Predicate = (trunc_ln78 == 6)> <Delay = 2.54>
ST_10 : Operation 632 [1/1] (2.54ns)   --->   "%store_ln89 = store i8 %trunc_ln89_4, i8 %conv2_ap_fixed_8_5_5_3_0_ap_fixed_8_5_5_3_0_partial_sums_6" [../src/conv.cpp:89]   --->   Operation 632 'store' 'store_ln89' <Predicate = (trunc_ln78 == 5)> <Delay = 2.54>
ST_10 : Operation 633 [1/1] (2.54ns)   --->   "%store_ln89 = store i8 %trunc_ln89_4, i8 %conv2_ap_fixed_8_5_5_3_0_ap_fixed_8_5_5_3_0_partial_sums_5" [../src/conv.cpp:89]   --->   Operation 633 'store' 'store_ln89' <Predicate = (trunc_ln78 == 4)> <Delay = 2.54>
ST_10 : Operation 634 [1/1] (2.54ns)   --->   "%store_ln89 = store i8 %trunc_ln89_4, i8 %conv2_ap_fixed_8_5_5_3_0_ap_fixed_8_5_5_3_0_partial_sums_4" [../src/conv.cpp:89]   --->   Operation 634 'store' 'store_ln89' <Predicate = (trunc_ln78 == 3)> <Delay = 2.54>
ST_10 : Operation 635 [1/1] (2.54ns)   --->   "%store_ln89 = store i8 %trunc_ln89_4, i8 %conv2_ap_fixed_8_5_5_3_0_ap_fixed_8_5_5_3_0_partial_sums_3" [../src/conv.cpp:89]   --->   Operation 635 'store' 'store_ln89' <Predicate = (trunc_ln78 == 2)> <Delay = 2.54>
ST_10 : Operation 636 [1/1] (2.54ns)   --->   "%store_ln89 = store i8 %trunc_ln89_4, i8 %conv2_ap_fixed_8_5_5_3_0_ap_fixed_8_5_5_3_0_partial_sums_2" [../src/conv.cpp:89]   --->   Operation 636 'store' 'store_ln89' <Predicate = (trunc_ln78 == 1)> <Delay = 2.54>
ST_10 : Operation 637 [1/1] (2.54ns)   --->   "%store_ln89 = store i8 %trunc_ln89_4, i8 %conv2_ap_fixed_8_5_5_3_0_ap_fixed_8_5_5_3_0_partial_sums" [../src/conv.cpp:89]   --->   Operation 637 'store' 'store_ln89' <Predicate = (trunc_ln78 == 0)> <Delay = 2.54>
ST_10 : Operation 638 [1/1] (2.54ns)   --->   "%store_ln89 = store i8 %trunc_ln89_4, i8 %conv2_ap_fixed_8_5_5_3_0_ap_fixed_8_5_5_3_0_partial_sums_8" [../src/conv.cpp:89]   --->   Operation 638 'store' 'store_ln89' <Predicate = (trunc_ln78 == 7)> <Delay = 2.54>
ST_10 : Operation 639 [1/1] (0.00ns)   --->   "%shl_ln89_5 = bitconcatenate i11 @_ssdm_op_BitConcatenate.i11.i8.i3, i8 %trunc_ln89_4, i3 0" [../src/conv.cpp:89]   --->   Operation 639 'bitconcatenate' 'shl_ln89_5' <Predicate = (icmp_ln85_2)> <Delay = 0.00>
ST_10 : Operation 640 [1/1] (1.63ns)   --->   "%add_ln89_7 = add i11 %shl_ln89_5, i11 %mul_ln89_5" [../src/conv.cpp:89]   --->   Operation 640 'add' 'add_ln89_7' <Predicate = (icmp_ln85_2)> <Delay = 1.63> <CoreInst = "Adder">   --->   Core 1 'Adder' <Latency = 0> <II = 1> <Delay = 1.63> <FuncUnit> <Opcode : 'add' 'sub'> <InPorts = 2> <OutPorts = 1>
ST_10 : Operation 641 [1/1] (1.63ns)   --->   "%sub_ln89_4 = sub i11 0, i11 %mul_ln89_5" [../src/conv.cpp:89]   --->   Operation 641 'sub' 'sub_ln89_4' <Predicate = (icmp_ln85_2)> <Delay = 1.63> <CoreInst = "Adder">   --->   Core 1 'Adder' <Latency = 0> <II = 1> <Delay = 1.63> <FuncUnit> <Opcode : 'add' 'sub'> <InPorts = 2> <OutPorts = 1>
ST_10 : Operation 642 [1/1] (1.63ns)   --->   "%icmp_ln89_6 = icmp_eq  i11 %shl_ln89_5, i11 %sub_ln89_4" [../src/conv.cpp:89]   --->   Operation 642 'icmp' 'icmp_ln89_6' <Predicate = (icmp_ln85_2)> <Delay = 1.63> <CoreInst = "Cmp">   --->   Core 9 'Cmp' <Latency = 0> <II = 1> <Delay = 1.63> <FuncUnit> <Opcode : 'seteq' 'setne' 'setle' 'setge' 'setlt' 'setgt'> <InPorts = 2> <OutPorts = 1>
ST_10 : Operation 643 [1/1] (0.00ns)   --->   "%br_ln89 = br i1 %icmp_ln89_6, void %if.end.i.i83.1.2, void %if.then.i.i81.1.2" [../src/conv.cpp:89]   --->   Operation 643 'br' 'br_ln89' <Predicate = (icmp_ln85_2)> <Delay = 0.00>
ST_10 : Operation 644 [1/1] (1.65ns)   --->   "%switch_ln89 = switch i3 %trunc_ln78, void %V42.i.i26.i.i121.case.792, i3 0, void %V42.i.i26.i.i121.case.085, i3 1, void %V42.i.i26.i.i121.case.186, i3 2, void %V42.i.i26.i.i121.case.287, i3 3, void %V42.i.i26.i.i121.case.388, i3 4, void %V42.i.i26.i.i121.case.489, i3 5, void %V42.i.i26.i.i121.case.590, i3 6, void %V42.i.i26.i.i121.case.691" [../src/conv.cpp:89]   --->   Operation 644 'switch' 'switch_ln89' <Predicate = (icmp_ln85_2 & icmp_ln89_6)> <Delay = 1.65>
ST_10 : Operation 645 [1/1] (2.54ns)   --->   "%store_ln89 = store i8 0, i8 %conv2_ap_fixed_8_5_5_3_0_ap_fixed_8_5_5_3_0_partial_sums_7" [../src/conv.cpp:89]   --->   Operation 645 'store' 'store_ln89' <Predicate = (trunc_ln78 == 6 & icmp_ln85_2 & icmp_ln89_6)> <Delay = 2.54>
ST_10 : Operation 646 [1/1] (0.00ns)   --->   "%br_ln89 = br void %V42.i.i26.i.i121.exit84" [../src/conv.cpp:89]   --->   Operation 646 'br' 'br_ln89' <Predicate = (trunc_ln78 == 6 & icmp_ln85_2 & icmp_ln89_6)> <Delay = 0.00>
ST_10 : Operation 647 [1/1] (2.54ns)   --->   "%store_ln89 = store i8 0, i8 %conv2_ap_fixed_8_5_5_3_0_ap_fixed_8_5_5_3_0_partial_sums_6" [../src/conv.cpp:89]   --->   Operation 647 'store' 'store_ln89' <Predicate = (trunc_ln78 == 5 & icmp_ln85_2 & icmp_ln89_6)> <Delay = 2.54>
ST_10 : Operation 648 [1/1] (0.00ns)   --->   "%br_ln89 = br void %V42.i.i26.i.i121.exit84" [../src/conv.cpp:89]   --->   Operation 648 'br' 'br_ln89' <Predicate = (trunc_ln78 == 5 & icmp_ln85_2 & icmp_ln89_6)> <Delay = 0.00>
ST_10 : Operation 649 [1/1] (2.54ns)   --->   "%store_ln89 = store i8 0, i8 %conv2_ap_fixed_8_5_5_3_0_ap_fixed_8_5_5_3_0_partial_sums_5" [../src/conv.cpp:89]   --->   Operation 649 'store' 'store_ln89' <Predicate = (trunc_ln78 == 4 & icmp_ln85_2 & icmp_ln89_6)> <Delay = 2.54>
ST_10 : Operation 650 [1/1] (0.00ns)   --->   "%br_ln89 = br void %V42.i.i26.i.i121.exit84" [../src/conv.cpp:89]   --->   Operation 650 'br' 'br_ln89' <Predicate = (trunc_ln78 == 4 & icmp_ln85_2 & icmp_ln89_6)> <Delay = 0.00>
ST_10 : Operation 651 [1/1] (2.54ns)   --->   "%store_ln89 = store i8 0, i8 %conv2_ap_fixed_8_5_5_3_0_ap_fixed_8_5_5_3_0_partial_sums_4" [../src/conv.cpp:89]   --->   Operation 651 'store' 'store_ln89' <Predicate = (trunc_ln78 == 3 & icmp_ln85_2 & icmp_ln89_6)> <Delay = 2.54>
ST_10 : Operation 652 [1/1] (0.00ns)   --->   "%br_ln89 = br void %V42.i.i26.i.i121.exit84" [../src/conv.cpp:89]   --->   Operation 652 'br' 'br_ln89' <Predicate = (trunc_ln78 == 3 & icmp_ln85_2 & icmp_ln89_6)> <Delay = 0.00>
ST_10 : Operation 653 [1/1] (2.54ns)   --->   "%store_ln89 = store i8 0, i8 %conv2_ap_fixed_8_5_5_3_0_ap_fixed_8_5_5_3_0_partial_sums_3" [../src/conv.cpp:89]   --->   Operation 653 'store' 'store_ln89' <Predicate = (trunc_ln78 == 2 & icmp_ln85_2 & icmp_ln89_6)> <Delay = 2.54>
ST_10 : Operation 654 [1/1] (0.00ns)   --->   "%br_ln89 = br void %V42.i.i26.i.i121.exit84" [../src/conv.cpp:89]   --->   Operation 654 'br' 'br_ln89' <Predicate = (trunc_ln78 == 2 & icmp_ln85_2 & icmp_ln89_6)> <Delay = 0.00>
ST_10 : Operation 655 [1/1] (2.54ns)   --->   "%store_ln89 = store i8 0, i8 %conv2_ap_fixed_8_5_5_3_0_ap_fixed_8_5_5_3_0_partial_sums_2" [../src/conv.cpp:89]   --->   Operation 655 'store' 'store_ln89' <Predicate = (trunc_ln78 == 1 & icmp_ln85_2 & icmp_ln89_6)> <Delay = 2.54>
ST_10 : Operation 656 [1/1] (0.00ns)   --->   "%br_ln89 = br void %V42.i.i26.i.i121.exit84" [../src/conv.cpp:89]   --->   Operation 656 'br' 'br_ln89' <Predicate = (trunc_ln78 == 1 & icmp_ln85_2 & icmp_ln89_6)> <Delay = 0.00>
ST_10 : Operation 657 [1/1] (2.54ns)   --->   "%store_ln89 = store i8 0, i8 %conv2_ap_fixed_8_5_5_3_0_ap_fixed_8_5_5_3_0_partial_sums" [../src/conv.cpp:89]   --->   Operation 657 'store' 'store_ln89' <Predicate = (trunc_ln78 == 0 & icmp_ln85_2 & icmp_ln89_6)> <Delay = 2.54>
ST_10 : Operation 658 [1/1] (0.00ns)   --->   "%br_ln89 = br void %V42.i.i26.i.i121.exit84" [../src/conv.cpp:89]   --->   Operation 658 'br' 'br_ln89' <Predicate = (trunc_ln78 == 0 & icmp_ln85_2 & icmp_ln89_6)> <Delay = 0.00>
ST_10 : Operation 659 [1/1] (2.54ns)   --->   "%store_ln89 = store i8 0, i8 %conv2_ap_fixed_8_5_5_3_0_ap_fixed_8_5_5_3_0_partial_sums_8" [../src/conv.cpp:89]   --->   Operation 659 'store' 'store_ln89' <Predicate = (trunc_ln78 == 7 & icmp_ln85_2 & icmp_ln89_6)> <Delay = 2.54>
ST_10 : Operation 660 [1/1] (0.00ns)   --->   "%br_ln89 = br void %V42.i.i26.i.i121.exit84" [../src/conv.cpp:89]   --->   Operation 660 'br' 'br_ln89' <Predicate = (trunc_ln78 == 7 & icmp_ln85_2 & icmp_ln89_6)> <Delay = 0.00>
ST_10 : Operation 661 [1/1] (0.00ns)   --->   "%trunc_ln89_5 = partselect i8 @_ssdm_op_PartSelect.i8.i11.i32.i32, i11 %add_ln89_7, i32 3, i32 10" [../src/conv.cpp:89]   --->   Operation 661 'partselect' 'trunc_ln89_5' <Predicate = (icmp_ln85_2)> <Delay = 0.00>
ST_10 : Operation 662 [1/1] (1.65ns)   --->   "%switch_ln89 = switch i3 %trunc_ln78, void %V42.i.i26.i.i121.case.783, i3 0, void %V42.i.i26.i.i121.case.076, i3 1, void %V42.i.i26.i.i121.case.177, i3 2, void %V42.i.i26.i.i121.case.278, i3 3, void %V42.i.i26.i.i121.case.379, i3 4, void %V42.i.i26.i.i121.case.480, i3 5, void %V42.i.i26.i.i121.case.581, i3 6, void %V42.i.i26.i.i121.case.682" [../src/conv.cpp:89]   --->   Operation 662 'switch' 'switch_ln89' <Predicate = (icmp_ln85_2)> <Delay = 1.65>
ST_10 : Operation 663 [1/1] (2.54ns)   --->   "%store_ln89 = store i8 %trunc_ln89_5, i8 %conv2_ap_fixed_8_5_5_3_0_ap_fixed_8_5_5_3_0_partial_sums_7" [../src/conv.cpp:89]   --->   Operation 663 'store' 'store_ln89' <Predicate = (trunc_ln78 == 6 & icmp_ln85_2)> <Delay = 2.54>
ST_10 : Operation 664 [1/1] (0.00ns)   --->   "%br_ln89 = br void %V42.i.i26.i.i121.exit75" [../src/conv.cpp:89]   --->   Operation 664 'br' 'br_ln89' <Predicate = (trunc_ln78 == 6 & icmp_ln85_2)> <Delay = 0.00>
ST_10 : Operation 665 [1/1] (2.54ns)   --->   "%store_ln89 = store i8 %trunc_ln89_5, i8 %conv2_ap_fixed_8_5_5_3_0_ap_fixed_8_5_5_3_0_partial_sums_6" [../src/conv.cpp:89]   --->   Operation 665 'store' 'store_ln89' <Predicate = (trunc_ln78 == 5 & icmp_ln85_2)> <Delay = 2.54>
ST_10 : Operation 666 [1/1] (0.00ns)   --->   "%br_ln89 = br void %V42.i.i26.i.i121.exit75" [../src/conv.cpp:89]   --->   Operation 666 'br' 'br_ln89' <Predicate = (trunc_ln78 == 5 & icmp_ln85_2)> <Delay = 0.00>
ST_10 : Operation 667 [1/1] (2.54ns)   --->   "%store_ln89 = store i8 %trunc_ln89_5, i8 %conv2_ap_fixed_8_5_5_3_0_ap_fixed_8_5_5_3_0_partial_sums_5" [../src/conv.cpp:89]   --->   Operation 667 'store' 'store_ln89' <Predicate = (trunc_ln78 == 4 & icmp_ln85_2)> <Delay = 2.54>
ST_10 : Operation 668 [1/1] (0.00ns)   --->   "%br_ln89 = br void %V42.i.i26.i.i121.exit75" [../src/conv.cpp:89]   --->   Operation 668 'br' 'br_ln89' <Predicate = (trunc_ln78 == 4 & icmp_ln85_2)> <Delay = 0.00>
ST_10 : Operation 669 [1/1] (2.54ns)   --->   "%store_ln89 = store i8 %trunc_ln89_5, i8 %conv2_ap_fixed_8_5_5_3_0_ap_fixed_8_5_5_3_0_partial_sums_4" [../src/conv.cpp:89]   --->   Operation 669 'store' 'store_ln89' <Predicate = (trunc_ln78 == 3 & icmp_ln85_2)> <Delay = 2.54>
ST_10 : Operation 670 [1/1] (0.00ns)   --->   "%br_ln89 = br void %V42.i.i26.i.i121.exit75" [../src/conv.cpp:89]   --->   Operation 670 'br' 'br_ln89' <Predicate = (trunc_ln78 == 3 & icmp_ln85_2)> <Delay = 0.00>
ST_10 : Operation 671 [1/1] (2.54ns)   --->   "%store_ln89 = store i8 %trunc_ln89_5, i8 %conv2_ap_fixed_8_5_5_3_0_ap_fixed_8_5_5_3_0_partial_sums_3" [../src/conv.cpp:89]   --->   Operation 671 'store' 'store_ln89' <Predicate = (trunc_ln78 == 2 & icmp_ln85_2)> <Delay = 2.54>
ST_10 : Operation 672 [1/1] (0.00ns)   --->   "%br_ln89 = br void %V42.i.i26.i.i121.exit75" [../src/conv.cpp:89]   --->   Operation 672 'br' 'br_ln89' <Predicate = (trunc_ln78 == 2 & icmp_ln85_2)> <Delay = 0.00>
ST_10 : Operation 673 [1/1] (2.54ns)   --->   "%store_ln89 = store i8 %trunc_ln89_5, i8 %conv2_ap_fixed_8_5_5_3_0_ap_fixed_8_5_5_3_0_partial_sums_2" [../src/conv.cpp:89]   --->   Operation 673 'store' 'store_ln89' <Predicate = (trunc_ln78 == 1 & icmp_ln85_2)> <Delay = 2.54>
ST_10 : Operation 674 [1/1] (0.00ns)   --->   "%br_ln89 = br void %V42.i.i26.i.i121.exit75" [../src/conv.cpp:89]   --->   Operation 674 'br' 'br_ln89' <Predicate = (trunc_ln78 == 1 & icmp_ln85_2)> <Delay = 0.00>
ST_10 : Operation 675 [1/1] (2.54ns)   --->   "%store_ln89 = store i8 %trunc_ln89_5, i8 %conv2_ap_fixed_8_5_5_3_0_ap_fixed_8_5_5_3_0_partial_sums" [../src/conv.cpp:89]   --->   Operation 675 'store' 'store_ln89' <Predicate = (trunc_ln78 == 0 & icmp_ln85_2)> <Delay = 2.54>
ST_10 : Operation 676 [1/1] (0.00ns)   --->   "%br_ln89 = br void %V42.i.i26.i.i121.exit75" [../src/conv.cpp:89]   --->   Operation 676 'br' 'br_ln89' <Predicate = (trunc_ln78 == 0 & icmp_ln85_2)> <Delay = 0.00>
ST_10 : Operation 677 [1/1] (2.54ns)   --->   "%store_ln89 = store i8 %trunc_ln89_5, i8 %conv2_ap_fixed_8_5_5_3_0_ap_fixed_8_5_5_3_0_partial_sums_8" [../src/conv.cpp:89]   --->   Operation 677 'store' 'store_ln89' <Predicate = (trunc_ln78 == 7 & icmp_ln85_2)> <Delay = 2.54>
ST_10 : Operation 678 [1/1] (0.00ns)   --->   "%br_ln89 = br void %V42.i.i26.i.i121.exit75" [../src/conv.cpp:89]   --->   Operation 678 'br' 'br_ln89' <Predicate = (trunc_ln78 == 7 & icmp_ln85_2)> <Delay = 0.00>
ST_10 : Operation 679 [1/1] (0.00ns)   --->   "%zext_ln89_13 = zext i7 %tmp_10_cast" [../src/conv.cpp:89]   --->   Operation 679 'zext' 'zext_ln89_13' <Predicate = (and_ln85_2_read)> <Delay = 0.00>
ST_10 : Operation 680 [1/1] (0.00ns)   --->   "%sext_ln89_8 = sext i4 %p_ZL12conv2_weight_6_load" [../src/conv.cpp:89]   --->   Operation 680 'sext' 'sext_ln89_8' <Predicate = (and_ln85_2_read)> <Delay = 0.00>
ST_10 : Operation 681 [1/1] (3.74ns)   --->   "%mul_ln89_6 = mul i11 %sext_ln89_8, i11 %zext_ln89_13" [../src/conv.cpp:89]   --->   Operation 681 'mul' 'mul_ln89_6' <Predicate = (and_ln85_2_read)> <Delay = 3.74> <CoreInst = "Multiplier">   --->   Core 3 'Multiplier' <Latency = 0> <II = 1> <Delay = 3.74> <FuncUnit> <Opcode : 'mul'> <InPorts = 2> <OutPorts = 1>

State 11 <SV = 10> <Delay = 6.48>
ST_11 : Operation 682 [1/1] (0.00ns)   --->   "%br_ln89 = br void %if.end.i.i83.1.1" [../src/conv.cpp:89]   --->   Operation 682 'br' 'br_ln89' <Predicate = (icmp_ln89_5)> <Delay = 0.00>
ST_11 : Operation 683 [1/1] (0.00ns)   --->   "%br_ln89 = br void %if.end.i.i83.1.2" [../src/conv.cpp:89]   --->   Operation 683 'br' 'br_ln89' <Predicate = (icmp_ln85_2 & icmp_ln89_6)> <Delay = 0.00>
ST_11 : Operation 684 [1/1] (0.00ns)   --->   "%br_ln90 = br void %for.inc50.1.2" [../src/conv.cpp:90]   --->   Operation 684 'br' 'br_ln90' <Predicate = (icmp_ln85_2)> <Delay = 0.00>
ST_11 : Operation 685 [1/1] (0.00ns)   --->   "%conv2_ap_fixed_8_5_5_3_0_ap_fixed_8_5_5_3_0_partial_sums_load_5 = load i8 %conv2_ap_fixed_8_5_5_3_0_ap_fixed_8_5_5_3_0_partial_sums" [../src/conv.cpp:89]   --->   Operation 685 'load' 'conv2_ap_fixed_8_5_5_3_0_ap_fixed_8_5_5_3_0_partial_sums_load_5' <Predicate = (trunc_ln78 == 0 & and_ln85_2_read)> <Delay = 0.00>
ST_11 : Operation 686 [1/1] (0.00ns)   --->   "%conv2_ap_fixed_8_5_5_3_0_ap_fixed_8_5_5_3_0_partial_sums_2_load_5 = load i8 %conv2_ap_fixed_8_5_5_3_0_ap_fixed_8_5_5_3_0_partial_sums_2" [../src/conv.cpp:89]   --->   Operation 686 'load' 'conv2_ap_fixed_8_5_5_3_0_ap_fixed_8_5_5_3_0_partial_sums_2_load_5' <Predicate = (trunc_ln78 == 1 & and_ln85_2_read)> <Delay = 0.00>
ST_11 : Operation 687 [1/1] (0.00ns)   --->   "%conv2_ap_fixed_8_5_5_3_0_ap_fixed_8_5_5_3_0_partial_sums_3_load_5 = load i8 %conv2_ap_fixed_8_5_5_3_0_ap_fixed_8_5_5_3_0_partial_sums_3" [../src/conv.cpp:89]   --->   Operation 687 'load' 'conv2_ap_fixed_8_5_5_3_0_ap_fixed_8_5_5_3_0_partial_sums_3_load_5' <Predicate = (trunc_ln78 == 2 & and_ln85_2_read)> <Delay = 0.00>
ST_11 : Operation 688 [1/1] (0.00ns)   --->   "%conv2_ap_fixed_8_5_5_3_0_ap_fixed_8_5_5_3_0_partial_sums_4_load_5 = load i8 %conv2_ap_fixed_8_5_5_3_0_ap_fixed_8_5_5_3_0_partial_sums_4" [../src/conv.cpp:89]   --->   Operation 688 'load' 'conv2_ap_fixed_8_5_5_3_0_ap_fixed_8_5_5_3_0_partial_sums_4_load_5' <Predicate = (trunc_ln78 == 3 & and_ln85_2_read)> <Delay = 0.00>
ST_11 : Operation 689 [1/1] (0.00ns)   --->   "%conv2_ap_fixed_8_5_5_3_0_ap_fixed_8_5_5_3_0_partial_sums_5_load_5 = load i8 %conv2_ap_fixed_8_5_5_3_0_ap_fixed_8_5_5_3_0_partial_sums_5" [../src/conv.cpp:89]   --->   Operation 689 'load' 'conv2_ap_fixed_8_5_5_3_0_ap_fixed_8_5_5_3_0_partial_sums_5_load_5' <Predicate = (trunc_ln78 == 4 & and_ln85_2_read)> <Delay = 0.00>
ST_11 : Operation 690 [1/1] (0.00ns)   --->   "%conv2_ap_fixed_8_5_5_3_0_ap_fixed_8_5_5_3_0_partial_sums_6_load_5 = load i8 %conv2_ap_fixed_8_5_5_3_0_ap_fixed_8_5_5_3_0_partial_sums_6" [../src/conv.cpp:89]   --->   Operation 690 'load' 'conv2_ap_fixed_8_5_5_3_0_ap_fixed_8_5_5_3_0_partial_sums_6_load_5' <Predicate = (trunc_ln78 == 5 & and_ln85_2_read)> <Delay = 0.00>
ST_11 : Operation 691 [1/1] (0.00ns)   --->   "%conv2_ap_fixed_8_5_5_3_0_ap_fixed_8_5_5_3_0_partial_sums_7_load_5 = load i8 %conv2_ap_fixed_8_5_5_3_0_ap_fixed_8_5_5_3_0_partial_sums_7" [../src/conv.cpp:89]   --->   Operation 691 'load' 'conv2_ap_fixed_8_5_5_3_0_ap_fixed_8_5_5_3_0_partial_sums_7_load_5' <Predicate = (trunc_ln78 == 6 & and_ln85_2_read)> <Delay = 0.00>
ST_11 : Operation 692 [1/1] (0.00ns)   --->   "%conv2_ap_fixed_8_5_5_3_0_ap_fixed_8_5_5_3_0_partial_sums_8_load_5 = load i8 %conv2_ap_fixed_8_5_5_3_0_ap_fixed_8_5_5_3_0_partial_sums_8" [../src/conv.cpp:89]   --->   Operation 692 'load' 'conv2_ap_fixed_8_5_5_3_0_ap_fixed_8_5_5_3_0_partial_sums_8_load_5' <Predicate = (trunc_ln78 == 7 & and_ln85_2_read)> <Delay = 0.00>
ST_11 : Operation 693 [1/1] (2.30ns)   --->   "%tmp_s = sparsemux i8 @_ssdm_op_SparseMux.ap_auto.8i8.i8.i3, i3 0, i8 %conv2_ap_fixed_8_5_5_3_0_ap_fixed_8_5_5_3_0_partial_sums_load_5, i3 1, i8 %conv2_ap_fixed_8_5_5_3_0_ap_fixed_8_5_5_3_0_partial_sums_2_load_5, i3 2, i8 %conv2_ap_fixed_8_5_5_3_0_ap_fixed_8_5_5_3_0_partial_sums_3_load_5, i3 3, i8 %conv2_ap_fixed_8_5_5_3_0_ap_fixed_8_5_5_3_0_partial_sums_4_load_5, i3 4, i8 %conv2_ap_fixed_8_5_5_3_0_ap_fixed_8_5_5_3_0_partial_sums_5_load_5, i3 5, i8 %conv2_ap_fixed_8_5_5_3_0_ap_fixed_8_5_5_3_0_partial_sums_6_load_5, i3 6, i8 %conv2_ap_fixed_8_5_5_3_0_ap_fixed_8_5_5_3_0_partial_sums_7_load_5, i3 7, i8 %conv2_ap_fixed_8_5_5_3_0_ap_fixed_8_5_5_3_0_partial_sums_8_load_5, i8 0, i3 %trunc_ln78" [../src/conv.cpp:89]   --->   Operation 693 'sparsemux' 'tmp_s' <Predicate = (and_ln85_2_read)> <Delay = 2.30> <CoreInst = "BinarySparseMux_DontCare">   --->   Core 137 'BinarySparseMux_DontCare' <Latency = 0> <II = 1> <Delay = 2.30> <FuncUnit> <Opcode : 'sparsemux'> <InPorts = 2> <OutPorts = 1>
ST_11 : Operation 694 [1/1] (0.00ns)   --->   "%shl_ln89_6 = bitconcatenate i11 @_ssdm_op_BitConcatenate.i11.i8.i3, i8 %tmp_s, i3 0" [../src/conv.cpp:89]   --->   Operation 694 'bitconcatenate' 'shl_ln89_6' <Predicate = (and_ln85_2_read)> <Delay = 0.00>
ST_11 : Operation 695 [1/1] (1.63ns)   --->   "%add_ln89_8 = add i11 %shl_ln89_6, i11 %mul_ln89_6" [../src/conv.cpp:89]   --->   Operation 695 'add' 'add_ln89_8' <Predicate = (and_ln85_2_read)> <Delay = 1.63> <CoreInst = "Adder">   --->   Core 1 'Adder' <Latency = 0> <II = 1> <Delay = 1.63> <FuncUnit> <Opcode : 'add' 'sub'> <InPorts = 2> <OutPorts = 1>
ST_11 : Operation 696 [1/1] (1.63ns)   --->   "%sub_ln89_5 = sub i11 0, i11 %mul_ln89_6" [../src/conv.cpp:89]   --->   Operation 696 'sub' 'sub_ln89_5' <Predicate = (and_ln85_2_read)> <Delay = 1.63> <CoreInst = "Adder">   --->   Core 1 'Adder' <Latency = 0> <II = 1> <Delay = 1.63> <FuncUnit> <Opcode : 'add' 'sub'> <InPorts = 2> <OutPorts = 1>
ST_11 : Operation 697 [1/1] (1.63ns)   --->   "%icmp_ln89_7 = icmp_eq  i11 %shl_ln89_6, i11 %sub_ln89_5" [../src/conv.cpp:89]   --->   Operation 697 'icmp' 'icmp_ln89_7' <Predicate = (and_ln85_2_read)> <Delay = 1.63> <CoreInst = "Cmp">   --->   Core 9 'Cmp' <Latency = 0> <II = 1> <Delay = 1.63> <FuncUnit> <Opcode : 'seteq' 'setne' 'setle' 'setge' 'setlt' 'setgt'> <InPorts = 2> <OutPorts = 1>
ST_11 : Operation 698 [1/1] (0.00ns)   --->   "%br_ln89 = br i1 %icmp_ln89_7, void %if.end.i.i83.2, void %if.then.i.i81.2" [../src/conv.cpp:89]   --->   Operation 698 'br' 'br_ln89' <Predicate = (and_ln85_2_read)> <Delay = 0.00>
ST_11 : Operation 699 [1/1] (1.65ns)   --->   "%switch_ln89 = switch i3 %trunc_ln78, void %V42.i.i26.i.i121.case.7182, i3 0, void %V42.i.i26.i.i121.case.0175, i3 1, void %V42.i.i26.i.i121.case.1176, i3 2, void %V42.i.i26.i.i121.case.2177, i3 3, void %V42.i.i26.i.i121.case.3178, i3 4, void %V42.i.i26.i.i121.case.4179, i3 5, void %V42.i.i26.i.i121.case.5180, i3 6, void %V42.i.i26.i.i121.case.6181" [../src/conv.cpp:89]   --->   Operation 699 'switch' 'switch_ln89' <Predicate = (and_ln85_2_read & icmp_ln89_7)> <Delay = 1.65>
ST_11 : Operation 700 [1/1] (2.54ns)   --->   "%store_ln89 = store i8 0, i8 %conv2_ap_fixed_8_5_5_3_0_ap_fixed_8_5_5_3_0_partial_sums_7" [../src/conv.cpp:89]   --->   Operation 700 'store' 'store_ln89' <Predicate = (trunc_ln78 == 6 & and_ln85_2_read & icmp_ln89_7)> <Delay = 2.54>
ST_11 : Operation 701 [1/1] (0.00ns)   --->   "%br_ln89 = br void %V42.i.i26.i.i121.exit174" [../src/conv.cpp:89]   --->   Operation 701 'br' 'br_ln89' <Predicate = (trunc_ln78 == 6 & and_ln85_2_read & icmp_ln89_7)> <Delay = 0.00>
ST_11 : Operation 702 [1/1] (2.54ns)   --->   "%store_ln89 = store i8 0, i8 %conv2_ap_fixed_8_5_5_3_0_ap_fixed_8_5_5_3_0_partial_sums_6" [../src/conv.cpp:89]   --->   Operation 702 'store' 'store_ln89' <Predicate = (trunc_ln78 == 5 & and_ln85_2_read & icmp_ln89_7)> <Delay = 2.54>
ST_11 : Operation 703 [1/1] (0.00ns)   --->   "%br_ln89 = br void %V42.i.i26.i.i121.exit174" [../src/conv.cpp:89]   --->   Operation 703 'br' 'br_ln89' <Predicate = (trunc_ln78 == 5 & and_ln85_2_read & icmp_ln89_7)> <Delay = 0.00>
ST_11 : Operation 704 [1/1] (2.54ns)   --->   "%store_ln89 = store i8 0, i8 %conv2_ap_fixed_8_5_5_3_0_ap_fixed_8_5_5_3_0_partial_sums_5" [../src/conv.cpp:89]   --->   Operation 704 'store' 'store_ln89' <Predicate = (trunc_ln78 == 4 & and_ln85_2_read & icmp_ln89_7)> <Delay = 2.54>
ST_11 : Operation 705 [1/1] (0.00ns)   --->   "%br_ln89 = br void %V42.i.i26.i.i121.exit174" [../src/conv.cpp:89]   --->   Operation 705 'br' 'br_ln89' <Predicate = (trunc_ln78 == 4 & and_ln85_2_read & icmp_ln89_7)> <Delay = 0.00>
ST_11 : Operation 706 [1/1] (2.54ns)   --->   "%store_ln89 = store i8 0, i8 %conv2_ap_fixed_8_5_5_3_0_ap_fixed_8_5_5_3_0_partial_sums_4" [../src/conv.cpp:89]   --->   Operation 706 'store' 'store_ln89' <Predicate = (trunc_ln78 == 3 & and_ln85_2_read & icmp_ln89_7)> <Delay = 2.54>
ST_11 : Operation 707 [1/1] (0.00ns)   --->   "%br_ln89 = br void %V42.i.i26.i.i121.exit174" [../src/conv.cpp:89]   --->   Operation 707 'br' 'br_ln89' <Predicate = (trunc_ln78 == 3 & and_ln85_2_read & icmp_ln89_7)> <Delay = 0.00>
ST_11 : Operation 708 [1/1] (2.54ns)   --->   "%store_ln89 = store i8 0, i8 %conv2_ap_fixed_8_5_5_3_0_ap_fixed_8_5_5_3_0_partial_sums_3" [../src/conv.cpp:89]   --->   Operation 708 'store' 'store_ln89' <Predicate = (trunc_ln78 == 2 & and_ln85_2_read & icmp_ln89_7)> <Delay = 2.54>
ST_11 : Operation 709 [1/1] (0.00ns)   --->   "%br_ln89 = br void %V42.i.i26.i.i121.exit174" [../src/conv.cpp:89]   --->   Operation 709 'br' 'br_ln89' <Predicate = (trunc_ln78 == 2 & and_ln85_2_read & icmp_ln89_7)> <Delay = 0.00>
ST_11 : Operation 710 [1/1] (2.54ns)   --->   "%store_ln89 = store i8 0, i8 %conv2_ap_fixed_8_5_5_3_0_ap_fixed_8_5_5_3_0_partial_sums_2" [../src/conv.cpp:89]   --->   Operation 710 'store' 'store_ln89' <Predicate = (trunc_ln78 == 1 & and_ln85_2_read & icmp_ln89_7)> <Delay = 2.54>
ST_11 : Operation 711 [1/1] (0.00ns)   --->   "%br_ln89 = br void %V42.i.i26.i.i121.exit174" [../src/conv.cpp:89]   --->   Operation 711 'br' 'br_ln89' <Predicate = (trunc_ln78 == 1 & and_ln85_2_read & icmp_ln89_7)> <Delay = 0.00>
ST_11 : Operation 712 [1/1] (2.54ns)   --->   "%store_ln89 = store i8 0, i8 %conv2_ap_fixed_8_5_5_3_0_ap_fixed_8_5_5_3_0_partial_sums" [../src/conv.cpp:89]   --->   Operation 712 'store' 'store_ln89' <Predicate = (trunc_ln78 == 0 & and_ln85_2_read & icmp_ln89_7)> <Delay = 2.54>
ST_11 : Operation 713 [1/1] (0.00ns)   --->   "%br_ln89 = br void %V42.i.i26.i.i121.exit174" [../src/conv.cpp:89]   --->   Operation 713 'br' 'br_ln89' <Predicate = (trunc_ln78 == 0 & and_ln85_2_read & icmp_ln89_7)> <Delay = 0.00>
ST_11 : Operation 714 [1/1] (2.54ns)   --->   "%store_ln89 = store i8 0, i8 %conv2_ap_fixed_8_5_5_3_0_ap_fixed_8_5_5_3_0_partial_sums_8" [../src/conv.cpp:89]   --->   Operation 714 'store' 'store_ln89' <Predicate = (trunc_ln78 == 7 & and_ln85_2_read & icmp_ln89_7)> <Delay = 2.54>
ST_11 : Operation 715 [1/1] (0.00ns)   --->   "%br_ln89 = br void %V42.i.i26.i.i121.exit174" [../src/conv.cpp:89]   --->   Operation 715 'br' 'br_ln89' <Predicate = (trunc_ln78 == 7 & and_ln85_2_read & icmp_ln89_7)> <Delay = 0.00>
ST_11 : Operation 716 [1/1] (0.00ns)   --->   "%trunc_ln89_6 = partselect i8 @_ssdm_op_PartSelect.i8.i11.i32.i32, i11 %add_ln89_8, i32 3, i32 10" [../src/conv.cpp:89]   --->   Operation 716 'partselect' 'trunc_ln89_6' <Predicate = (and_ln85_2_read)> <Delay = 0.00>
ST_11 : Operation 717 [1/1] (1.65ns)   --->   "%switch_ln89 = switch i3 %trunc_ln78, void %V42.i.i26.i.i121.case.7173, i3 0, void %V42.i.i26.i.i121.case.0166, i3 1, void %V42.i.i26.i.i121.case.1167, i3 2, void %V42.i.i26.i.i121.case.2168, i3 3, void %V42.i.i26.i.i121.case.3169, i3 4, void %V42.i.i26.i.i121.case.4170, i3 5, void %V42.i.i26.i.i121.case.5171, i3 6, void %V42.i.i26.i.i121.case.6172" [../src/conv.cpp:89]   --->   Operation 717 'switch' 'switch_ln89' <Predicate = (and_ln85_2_read)> <Delay = 1.65>
ST_11 : Operation 718 [1/1] (2.54ns)   --->   "%store_ln89 = store i8 %trunc_ln89_6, i8 %conv2_ap_fixed_8_5_5_3_0_ap_fixed_8_5_5_3_0_partial_sums_7" [../src/conv.cpp:89]   --->   Operation 718 'store' 'store_ln89' <Predicate = (trunc_ln78 == 6 & and_ln85_2_read)> <Delay = 2.54>
ST_11 : Operation 719 [1/1] (0.00ns)   --->   "%br_ln89 = br void %V42.i.i26.i.i121.exit165" [../src/conv.cpp:89]   --->   Operation 719 'br' 'br_ln89' <Predicate = (trunc_ln78 == 6 & and_ln85_2_read)> <Delay = 0.00>
ST_11 : Operation 720 [1/1] (2.54ns)   --->   "%store_ln89 = store i8 %trunc_ln89_6, i8 %conv2_ap_fixed_8_5_5_3_0_ap_fixed_8_5_5_3_0_partial_sums_6" [../src/conv.cpp:89]   --->   Operation 720 'store' 'store_ln89' <Predicate = (trunc_ln78 == 5 & and_ln85_2_read)> <Delay = 2.54>
ST_11 : Operation 721 [1/1] (0.00ns)   --->   "%br_ln89 = br void %V42.i.i26.i.i121.exit165" [../src/conv.cpp:89]   --->   Operation 721 'br' 'br_ln89' <Predicate = (trunc_ln78 == 5 & and_ln85_2_read)> <Delay = 0.00>
ST_11 : Operation 722 [1/1] (2.54ns)   --->   "%store_ln89 = store i8 %trunc_ln89_6, i8 %conv2_ap_fixed_8_5_5_3_0_ap_fixed_8_5_5_3_0_partial_sums_5" [../src/conv.cpp:89]   --->   Operation 722 'store' 'store_ln89' <Predicate = (trunc_ln78 == 4 & and_ln85_2_read)> <Delay = 2.54>
ST_11 : Operation 723 [1/1] (0.00ns)   --->   "%br_ln89 = br void %V42.i.i26.i.i121.exit165" [../src/conv.cpp:89]   --->   Operation 723 'br' 'br_ln89' <Predicate = (trunc_ln78 == 4 & and_ln85_2_read)> <Delay = 0.00>
ST_11 : Operation 724 [1/1] (2.54ns)   --->   "%store_ln89 = store i8 %trunc_ln89_6, i8 %conv2_ap_fixed_8_5_5_3_0_ap_fixed_8_5_5_3_0_partial_sums_4" [../src/conv.cpp:89]   --->   Operation 724 'store' 'store_ln89' <Predicate = (trunc_ln78 == 3 & and_ln85_2_read)> <Delay = 2.54>
ST_11 : Operation 725 [1/1] (0.00ns)   --->   "%br_ln89 = br void %V42.i.i26.i.i121.exit165" [../src/conv.cpp:89]   --->   Operation 725 'br' 'br_ln89' <Predicate = (trunc_ln78 == 3 & and_ln85_2_read)> <Delay = 0.00>
ST_11 : Operation 726 [1/1] (2.54ns)   --->   "%store_ln89 = store i8 %trunc_ln89_6, i8 %conv2_ap_fixed_8_5_5_3_0_ap_fixed_8_5_5_3_0_partial_sums_3" [../src/conv.cpp:89]   --->   Operation 726 'store' 'store_ln89' <Predicate = (trunc_ln78 == 2 & and_ln85_2_read)> <Delay = 2.54>
ST_11 : Operation 727 [1/1] (0.00ns)   --->   "%br_ln89 = br void %V42.i.i26.i.i121.exit165" [../src/conv.cpp:89]   --->   Operation 727 'br' 'br_ln89' <Predicate = (trunc_ln78 == 2 & and_ln85_2_read)> <Delay = 0.00>
ST_11 : Operation 728 [1/1] (2.54ns)   --->   "%store_ln89 = store i8 %trunc_ln89_6, i8 %conv2_ap_fixed_8_5_5_3_0_ap_fixed_8_5_5_3_0_partial_sums_2" [../src/conv.cpp:89]   --->   Operation 728 'store' 'store_ln89' <Predicate = (trunc_ln78 == 1 & and_ln85_2_read)> <Delay = 2.54>
ST_11 : Operation 729 [1/1] (0.00ns)   --->   "%br_ln89 = br void %V42.i.i26.i.i121.exit165" [../src/conv.cpp:89]   --->   Operation 729 'br' 'br_ln89' <Predicate = (trunc_ln78 == 1 & and_ln85_2_read)> <Delay = 0.00>
ST_11 : Operation 730 [1/1] (2.54ns)   --->   "%store_ln89 = store i8 %trunc_ln89_6, i8 %conv2_ap_fixed_8_5_5_3_0_ap_fixed_8_5_5_3_0_partial_sums" [../src/conv.cpp:89]   --->   Operation 730 'store' 'store_ln89' <Predicate = (trunc_ln78 == 0 & and_ln85_2_read)> <Delay = 2.54>
ST_11 : Operation 731 [1/1] (0.00ns)   --->   "%br_ln89 = br void %V42.i.i26.i.i121.exit165" [../src/conv.cpp:89]   --->   Operation 731 'br' 'br_ln89' <Predicate = (trunc_ln78 == 0 & and_ln85_2_read)> <Delay = 0.00>
ST_11 : Operation 732 [1/1] (2.54ns)   --->   "%store_ln89 = store i8 %trunc_ln89_6, i8 %conv2_ap_fixed_8_5_5_3_0_ap_fixed_8_5_5_3_0_partial_sums_8" [../src/conv.cpp:89]   --->   Operation 732 'store' 'store_ln89' <Predicate = (trunc_ln78 == 7 & and_ln85_2_read)> <Delay = 2.54>
ST_11 : Operation 733 [1/1] (0.00ns)   --->   "%br_ln89 = br void %V42.i.i26.i.i121.exit165" [../src/conv.cpp:89]   --->   Operation 733 'br' 'br_ln89' <Predicate = (trunc_ln78 == 7 & and_ln85_2_read)> <Delay = 0.00>
ST_11 : Operation 734 [1/1] (0.00ns)   --->   "%zext_ln89_15 = zext i7 %tmp_12_cast" [../src/conv.cpp:89]   --->   Operation 734 'zext' 'zext_ln89_15' <Predicate = (icmp_ln85_3)> <Delay = 0.00>
ST_11 : Operation 735 [1/1] (0.00ns)   --->   "%sext_ln89_9 = sext i4 %p_ZL12conv2_weight_7_load" [../src/conv.cpp:89]   --->   Operation 735 'sext' 'sext_ln89_9' <Predicate = (icmp_ln85_3)> <Delay = 0.00>
ST_11 : Operation 736 [1/1] (3.74ns)   --->   "%mul_ln89_7 = mul i11 %sext_ln89_9, i11 %zext_ln89_15" [../src/conv.cpp:89]   --->   Operation 736 'mul' 'mul_ln89_7' <Predicate = (icmp_ln85_3)> <Delay = 3.74> <CoreInst = "Multiplier">   --->   Core 3 'Multiplier' <Latency = 0> <II = 1> <Delay = 3.74> <FuncUnit> <Opcode : 'mul'> <InPorts = 2> <OutPorts = 1>

State 12 <SV = 11> <Delay = 6.48>
ST_12 : Operation 737 [1/1] (0.00ns)   --->   "%br_ln89 = br void %if.end.i.i83.2" [../src/conv.cpp:89]   --->   Operation 737 'br' 'br_ln89' <Predicate = (and_ln85_2_read & icmp_ln89_7)> <Delay = 0.00>
ST_12 : Operation 738 [1/1] (0.00ns)   --->   "%br_ln90 = br void %for.inc50.2" [../src/conv.cpp:90]   --->   Operation 738 'br' 'br_ln90' <Predicate = (and_ln85_2_read)> <Delay = 0.00>
ST_12 : Operation 739 [1/1] (0.00ns)   --->   "%conv2_ap_fixed_8_5_5_3_0_ap_fixed_8_5_5_3_0_partial_sums_load_6 = load i8 %conv2_ap_fixed_8_5_5_3_0_ap_fixed_8_5_5_3_0_partial_sums" [../src/conv.cpp:89]   --->   Operation 739 'load' 'conv2_ap_fixed_8_5_5_3_0_ap_fixed_8_5_5_3_0_partial_sums_load_6' <Predicate = (trunc_ln78 == 0 & icmp_ln85_3)> <Delay = 0.00>
ST_12 : Operation 740 [1/1] (0.00ns)   --->   "%conv2_ap_fixed_8_5_5_3_0_ap_fixed_8_5_5_3_0_partial_sums_2_load_6 = load i8 %conv2_ap_fixed_8_5_5_3_0_ap_fixed_8_5_5_3_0_partial_sums_2" [../src/conv.cpp:89]   --->   Operation 740 'load' 'conv2_ap_fixed_8_5_5_3_0_ap_fixed_8_5_5_3_0_partial_sums_2_load_6' <Predicate = (trunc_ln78 == 1 & icmp_ln85_3)> <Delay = 0.00>
ST_12 : Operation 741 [1/1] (0.00ns)   --->   "%conv2_ap_fixed_8_5_5_3_0_ap_fixed_8_5_5_3_0_partial_sums_3_load_6 = load i8 %conv2_ap_fixed_8_5_5_3_0_ap_fixed_8_5_5_3_0_partial_sums_3" [../src/conv.cpp:89]   --->   Operation 741 'load' 'conv2_ap_fixed_8_5_5_3_0_ap_fixed_8_5_5_3_0_partial_sums_3_load_6' <Predicate = (trunc_ln78 == 2 & icmp_ln85_3)> <Delay = 0.00>
ST_12 : Operation 742 [1/1] (0.00ns)   --->   "%conv2_ap_fixed_8_5_5_3_0_ap_fixed_8_5_5_3_0_partial_sums_4_load_6 = load i8 %conv2_ap_fixed_8_5_5_3_0_ap_fixed_8_5_5_3_0_partial_sums_4" [../src/conv.cpp:89]   --->   Operation 742 'load' 'conv2_ap_fixed_8_5_5_3_0_ap_fixed_8_5_5_3_0_partial_sums_4_load_6' <Predicate = (trunc_ln78 == 3 & icmp_ln85_3)> <Delay = 0.00>
ST_12 : Operation 743 [1/1] (0.00ns)   --->   "%conv2_ap_fixed_8_5_5_3_0_ap_fixed_8_5_5_3_0_partial_sums_5_load_6 = load i8 %conv2_ap_fixed_8_5_5_3_0_ap_fixed_8_5_5_3_0_partial_sums_5" [../src/conv.cpp:89]   --->   Operation 743 'load' 'conv2_ap_fixed_8_5_5_3_0_ap_fixed_8_5_5_3_0_partial_sums_5_load_6' <Predicate = (trunc_ln78 == 4 & icmp_ln85_3)> <Delay = 0.00>
ST_12 : Operation 744 [1/1] (0.00ns)   --->   "%conv2_ap_fixed_8_5_5_3_0_ap_fixed_8_5_5_3_0_partial_sums_6_load_6 = load i8 %conv2_ap_fixed_8_5_5_3_0_ap_fixed_8_5_5_3_0_partial_sums_6" [../src/conv.cpp:89]   --->   Operation 744 'load' 'conv2_ap_fixed_8_5_5_3_0_ap_fixed_8_5_5_3_0_partial_sums_6_load_6' <Predicate = (trunc_ln78 == 5 & icmp_ln85_3)> <Delay = 0.00>
ST_12 : Operation 745 [1/1] (0.00ns)   --->   "%conv2_ap_fixed_8_5_5_3_0_ap_fixed_8_5_5_3_0_partial_sums_7_load_6 = load i8 %conv2_ap_fixed_8_5_5_3_0_ap_fixed_8_5_5_3_0_partial_sums_7" [../src/conv.cpp:89]   --->   Operation 745 'load' 'conv2_ap_fixed_8_5_5_3_0_ap_fixed_8_5_5_3_0_partial_sums_7_load_6' <Predicate = (trunc_ln78 == 6 & icmp_ln85_3)> <Delay = 0.00>
ST_12 : Operation 746 [1/1] (0.00ns)   --->   "%conv2_ap_fixed_8_5_5_3_0_ap_fixed_8_5_5_3_0_partial_sums_8_load_6 = load i8 %conv2_ap_fixed_8_5_5_3_0_ap_fixed_8_5_5_3_0_partial_sums_8" [../src/conv.cpp:89]   --->   Operation 746 'load' 'conv2_ap_fixed_8_5_5_3_0_ap_fixed_8_5_5_3_0_partial_sums_8_load_6' <Predicate = (trunc_ln78 == 7 & icmp_ln85_3)> <Delay = 0.00>
ST_12 : Operation 747 [1/1] (2.30ns)   --->   "%tmp_2 = sparsemux i8 @_ssdm_op_SparseMux.ap_auto.8i8.i8.i3, i3 0, i8 %conv2_ap_fixed_8_5_5_3_0_ap_fixed_8_5_5_3_0_partial_sums_load_6, i3 1, i8 %conv2_ap_fixed_8_5_5_3_0_ap_fixed_8_5_5_3_0_partial_sums_2_load_6, i3 2, i8 %conv2_ap_fixed_8_5_5_3_0_ap_fixed_8_5_5_3_0_partial_sums_3_load_6, i3 3, i8 %conv2_ap_fixed_8_5_5_3_0_ap_fixed_8_5_5_3_0_partial_sums_4_load_6, i3 4, i8 %conv2_ap_fixed_8_5_5_3_0_ap_fixed_8_5_5_3_0_partial_sums_5_load_6, i3 5, i8 %conv2_ap_fixed_8_5_5_3_0_ap_fixed_8_5_5_3_0_partial_sums_6_load_6, i3 6, i8 %conv2_ap_fixed_8_5_5_3_0_ap_fixed_8_5_5_3_0_partial_sums_7_load_6, i3 7, i8 %conv2_ap_fixed_8_5_5_3_0_ap_fixed_8_5_5_3_0_partial_sums_8_load_6, i8 0, i3 %trunc_ln78" [../src/conv.cpp:89]   --->   Operation 747 'sparsemux' 'tmp_2' <Predicate = (icmp_ln85_3)> <Delay = 2.30> <CoreInst = "BinarySparseMux_DontCare">   --->   Core 137 'BinarySparseMux_DontCare' <Latency = 0> <II = 1> <Delay = 2.30> <FuncUnit> <Opcode : 'sparsemux'> <InPorts = 2> <OutPorts = 1>
ST_12 : Operation 748 [1/1] (0.00ns)   --->   "%shl_ln89_7 = bitconcatenate i11 @_ssdm_op_BitConcatenate.i11.i8.i3, i8 %tmp_2, i3 0" [../src/conv.cpp:89]   --->   Operation 748 'bitconcatenate' 'shl_ln89_7' <Predicate = (icmp_ln85_3)> <Delay = 0.00>
ST_12 : Operation 749 [1/1] (1.63ns)   --->   "%add_ln89_9 = add i11 %shl_ln89_7, i11 %mul_ln89_7" [../src/conv.cpp:89]   --->   Operation 749 'add' 'add_ln89_9' <Predicate = (icmp_ln85_3)> <Delay = 1.63> <CoreInst = "Adder">   --->   Core 1 'Adder' <Latency = 0> <II = 1> <Delay = 1.63> <FuncUnit> <Opcode : 'add' 'sub'> <InPorts = 2> <OutPorts = 1>
ST_12 : Operation 750 [1/1] (1.63ns)   --->   "%sub_ln89_6 = sub i11 0, i11 %mul_ln89_7" [../src/conv.cpp:89]   --->   Operation 750 'sub' 'sub_ln89_6' <Predicate = (icmp_ln85_3)> <Delay = 1.63> <CoreInst = "Adder">   --->   Core 1 'Adder' <Latency = 0> <II = 1> <Delay = 1.63> <FuncUnit> <Opcode : 'add' 'sub'> <InPorts = 2> <OutPorts = 1>
ST_12 : Operation 751 [1/1] (1.63ns)   --->   "%icmp_ln89_8 = icmp_eq  i11 %shl_ln89_7, i11 %sub_ln89_6" [../src/conv.cpp:89]   --->   Operation 751 'icmp' 'icmp_ln89_8' <Predicate = (icmp_ln85_3)> <Delay = 1.63> <CoreInst = "Cmp">   --->   Core 9 'Cmp' <Latency = 0> <II = 1> <Delay = 1.63> <FuncUnit> <Opcode : 'seteq' 'setne' 'setle' 'setge' 'setlt' 'setgt'> <InPorts = 2> <OutPorts = 1>
ST_12 : Operation 752 [1/1] (0.00ns)   --->   "%br_ln89 = br i1 %icmp_ln89_8, void %if.end.i.i83.2.1, void %if.then.i.i81.2.1" [../src/conv.cpp:89]   --->   Operation 752 'br' 'br_ln89' <Predicate = (icmp_ln85_3)> <Delay = 0.00>
ST_12 : Operation 753 [1/1] (1.65ns)   --->   "%switch_ln89 = switch i3 %trunc_ln78, void %V42.i.i26.i.i121.case.7155, i3 0, void %V42.i.i26.i.i121.case.0148, i3 1, void %V42.i.i26.i.i121.case.1149, i3 2, void %V42.i.i26.i.i121.case.2150, i3 3, void %V42.i.i26.i.i121.case.3151, i3 4, void %V42.i.i26.i.i121.case.4152, i3 5, void %V42.i.i26.i.i121.case.5153, i3 6, void %V42.i.i26.i.i121.case.6154" [../src/conv.cpp:89]   --->   Operation 753 'switch' 'switch_ln89' <Predicate = (icmp_ln85_3 & icmp_ln89_8)> <Delay = 1.65>
ST_12 : Operation 754 [1/1] (2.54ns)   --->   "%store_ln89 = store i8 0, i8 %conv2_ap_fixed_8_5_5_3_0_ap_fixed_8_5_5_3_0_partial_sums_7" [../src/conv.cpp:89]   --->   Operation 754 'store' 'store_ln89' <Predicate = (trunc_ln78 == 6 & icmp_ln85_3 & icmp_ln89_8)> <Delay = 2.54>
ST_12 : Operation 755 [1/1] (0.00ns)   --->   "%br_ln89 = br void %V42.i.i26.i.i121.exit147" [../src/conv.cpp:89]   --->   Operation 755 'br' 'br_ln89' <Predicate = (trunc_ln78 == 6 & icmp_ln85_3 & icmp_ln89_8)> <Delay = 0.00>
ST_12 : Operation 756 [1/1] (2.54ns)   --->   "%store_ln89 = store i8 0, i8 %conv2_ap_fixed_8_5_5_3_0_ap_fixed_8_5_5_3_0_partial_sums_6" [../src/conv.cpp:89]   --->   Operation 756 'store' 'store_ln89' <Predicate = (trunc_ln78 == 5 & icmp_ln85_3 & icmp_ln89_8)> <Delay = 2.54>
ST_12 : Operation 757 [1/1] (0.00ns)   --->   "%br_ln89 = br void %V42.i.i26.i.i121.exit147" [../src/conv.cpp:89]   --->   Operation 757 'br' 'br_ln89' <Predicate = (trunc_ln78 == 5 & icmp_ln85_3 & icmp_ln89_8)> <Delay = 0.00>
ST_12 : Operation 758 [1/1] (2.54ns)   --->   "%store_ln89 = store i8 0, i8 %conv2_ap_fixed_8_5_5_3_0_ap_fixed_8_5_5_3_0_partial_sums_5" [../src/conv.cpp:89]   --->   Operation 758 'store' 'store_ln89' <Predicate = (trunc_ln78 == 4 & icmp_ln85_3 & icmp_ln89_8)> <Delay = 2.54>
ST_12 : Operation 759 [1/1] (0.00ns)   --->   "%br_ln89 = br void %V42.i.i26.i.i121.exit147" [../src/conv.cpp:89]   --->   Operation 759 'br' 'br_ln89' <Predicate = (trunc_ln78 == 4 & icmp_ln85_3 & icmp_ln89_8)> <Delay = 0.00>
ST_12 : Operation 760 [1/1] (2.54ns)   --->   "%store_ln89 = store i8 0, i8 %conv2_ap_fixed_8_5_5_3_0_ap_fixed_8_5_5_3_0_partial_sums_4" [../src/conv.cpp:89]   --->   Operation 760 'store' 'store_ln89' <Predicate = (trunc_ln78 == 3 & icmp_ln85_3 & icmp_ln89_8)> <Delay = 2.54>
ST_12 : Operation 761 [1/1] (0.00ns)   --->   "%br_ln89 = br void %V42.i.i26.i.i121.exit147" [../src/conv.cpp:89]   --->   Operation 761 'br' 'br_ln89' <Predicate = (trunc_ln78 == 3 & icmp_ln85_3 & icmp_ln89_8)> <Delay = 0.00>
ST_12 : Operation 762 [1/1] (2.54ns)   --->   "%store_ln89 = store i8 0, i8 %conv2_ap_fixed_8_5_5_3_0_ap_fixed_8_5_5_3_0_partial_sums_3" [../src/conv.cpp:89]   --->   Operation 762 'store' 'store_ln89' <Predicate = (trunc_ln78 == 2 & icmp_ln85_3 & icmp_ln89_8)> <Delay = 2.54>
ST_12 : Operation 763 [1/1] (0.00ns)   --->   "%br_ln89 = br void %V42.i.i26.i.i121.exit147" [../src/conv.cpp:89]   --->   Operation 763 'br' 'br_ln89' <Predicate = (trunc_ln78 == 2 & icmp_ln85_3 & icmp_ln89_8)> <Delay = 0.00>
ST_12 : Operation 764 [1/1] (2.54ns)   --->   "%store_ln89 = store i8 0, i8 %conv2_ap_fixed_8_5_5_3_0_ap_fixed_8_5_5_3_0_partial_sums_2" [../src/conv.cpp:89]   --->   Operation 764 'store' 'store_ln89' <Predicate = (trunc_ln78 == 1 & icmp_ln85_3 & icmp_ln89_8)> <Delay = 2.54>
ST_12 : Operation 765 [1/1] (0.00ns)   --->   "%br_ln89 = br void %V42.i.i26.i.i121.exit147" [../src/conv.cpp:89]   --->   Operation 765 'br' 'br_ln89' <Predicate = (trunc_ln78 == 1 & icmp_ln85_3 & icmp_ln89_8)> <Delay = 0.00>
ST_12 : Operation 766 [1/1] (2.54ns)   --->   "%store_ln89 = store i8 0, i8 %conv2_ap_fixed_8_5_5_3_0_ap_fixed_8_5_5_3_0_partial_sums" [../src/conv.cpp:89]   --->   Operation 766 'store' 'store_ln89' <Predicate = (trunc_ln78 == 0 & icmp_ln85_3 & icmp_ln89_8)> <Delay = 2.54>
ST_12 : Operation 767 [1/1] (0.00ns)   --->   "%br_ln89 = br void %V42.i.i26.i.i121.exit147" [../src/conv.cpp:89]   --->   Operation 767 'br' 'br_ln89' <Predicate = (trunc_ln78 == 0 & icmp_ln85_3 & icmp_ln89_8)> <Delay = 0.00>
ST_12 : Operation 768 [1/1] (2.54ns)   --->   "%store_ln89 = store i8 0, i8 %conv2_ap_fixed_8_5_5_3_0_ap_fixed_8_5_5_3_0_partial_sums_8" [../src/conv.cpp:89]   --->   Operation 768 'store' 'store_ln89' <Predicate = (trunc_ln78 == 7 & icmp_ln85_3 & icmp_ln89_8)> <Delay = 2.54>
ST_12 : Operation 769 [1/1] (0.00ns)   --->   "%br_ln89 = br void %V42.i.i26.i.i121.exit147" [../src/conv.cpp:89]   --->   Operation 769 'br' 'br_ln89' <Predicate = (trunc_ln78 == 7 & icmp_ln85_3 & icmp_ln89_8)> <Delay = 0.00>
ST_12 : Operation 770 [1/1] (0.00ns)   --->   "%trunc_ln89_7 = partselect i8 @_ssdm_op_PartSelect.i8.i11.i32.i32, i11 %add_ln89_9, i32 3, i32 10" [../src/conv.cpp:89]   --->   Operation 770 'partselect' 'trunc_ln89_7' <Predicate = (icmp_ln85_3)> <Delay = 0.00>
ST_12 : Operation 771 [1/1] (1.65ns)   --->   "%switch_ln89 = switch i3 %trunc_ln78, void %V42.i.i26.i.i121.case.7146, i3 0, void %V42.i.i26.i.i121.case.0139, i3 1, void %V42.i.i26.i.i121.case.1140, i3 2, void %V42.i.i26.i.i121.case.2141, i3 3, void %V42.i.i26.i.i121.case.3142, i3 4, void %V42.i.i26.i.i121.case.4143, i3 5, void %V42.i.i26.i.i121.case.5144, i3 6, void %V42.i.i26.i.i121.case.6145" [../src/conv.cpp:89]   --->   Operation 771 'switch' 'switch_ln89' <Predicate = (icmp_ln85_3)> <Delay = 1.65>
ST_12 : Operation 772 [1/1] (2.54ns)   --->   "%store_ln89 = store i8 %trunc_ln89_7, i8 %conv2_ap_fixed_8_5_5_3_0_ap_fixed_8_5_5_3_0_partial_sums_7" [../src/conv.cpp:89]   --->   Operation 772 'store' 'store_ln89' <Predicate = (trunc_ln78 == 6 & icmp_ln85_3)> <Delay = 2.54>
ST_12 : Operation 773 [1/1] (0.00ns)   --->   "%br_ln89 = br void %V42.i.i26.i.i121.exit138" [../src/conv.cpp:89]   --->   Operation 773 'br' 'br_ln89' <Predicate = (trunc_ln78 == 6 & icmp_ln85_3)> <Delay = 0.00>
ST_12 : Operation 774 [1/1] (2.54ns)   --->   "%store_ln89 = store i8 %trunc_ln89_7, i8 %conv2_ap_fixed_8_5_5_3_0_ap_fixed_8_5_5_3_0_partial_sums_6" [../src/conv.cpp:89]   --->   Operation 774 'store' 'store_ln89' <Predicate = (trunc_ln78 == 5 & icmp_ln85_3)> <Delay = 2.54>
ST_12 : Operation 775 [1/1] (0.00ns)   --->   "%br_ln89 = br void %V42.i.i26.i.i121.exit138" [../src/conv.cpp:89]   --->   Operation 775 'br' 'br_ln89' <Predicate = (trunc_ln78 == 5 & icmp_ln85_3)> <Delay = 0.00>
ST_12 : Operation 776 [1/1] (2.54ns)   --->   "%store_ln89 = store i8 %trunc_ln89_7, i8 %conv2_ap_fixed_8_5_5_3_0_ap_fixed_8_5_5_3_0_partial_sums_5" [../src/conv.cpp:89]   --->   Operation 776 'store' 'store_ln89' <Predicate = (trunc_ln78 == 4 & icmp_ln85_3)> <Delay = 2.54>
ST_12 : Operation 777 [1/1] (0.00ns)   --->   "%br_ln89 = br void %V42.i.i26.i.i121.exit138" [../src/conv.cpp:89]   --->   Operation 777 'br' 'br_ln89' <Predicate = (trunc_ln78 == 4 & icmp_ln85_3)> <Delay = 0.00>
ST_12 : Operation 778 [1/1] (2.54ns)   --->   "%store_ln89 = store i8 %trunc_ln89_7, i8 %conv2_ap_fixed_8_5_5_3_0_ap_fixed_8_5_5_3_0_partial_sums_4" [../src/conv.cpp:89]   --->   Operation 778 'store' 'store_ln89' <Predicate = (trunc_ln78 == 3 & icmp_ln85_3)> <Delay = 2.54>
ST_12 : Operation 779 [1/1] (0.00ns)   --->   "%br_ln89 = br void %V42.i.i26.i.i121.exit138" [../src/conv.cpp:89]   --->   Operation 779 'br' 'br_ln89' <Predicate = (trunc_ln78 == 3 & icmp_ln85_3)> <Delay = 0.00>
ST_12 : Operation 780 [1/1] (2.54ns)   --->   "%store_ln89 = store i8 %trunc_ln89_7, i8 %conv2_ap_fixed_8_5_5_3_0_ap_fixed_8_5_5_3_0_partial_sums_3" [../src/conv.cpp:89]   --->   Operation 780 'store' 'store_ln89' <Predicate = (trunc_ln78 == 2 & icmp_ln85_3)> <Delay = 2.54>
ST_12 : Operation 781 [1/1] (0.00ns)   --->   "%br_ln89 = br void %V42.i.i26.i.i121.exit138" [../src/conv.cpp:89]   --->   Operation 781 'br' 'br_ln89' <Predicate = (trunc_ln78 == 2 & icmp_ln85_3)> <Delay = 0.00>
ST_12 : Operation 782 [1/1] (2.54ns)   --->   "%store_ln89 = store i8 %trunc_ln89_7, i8 %conv2_ap_fixed_8_5_5_3_0_ap_fixed_8_5_5_3_0_partial_sums_2" [../src/conv.cpp:89]   --->   Operation 782 'store' 'store_ln89' <Predicate = (trunc_ln78 == 1 & icmp_ln85_3)> <Delay = 2.54>
ST_12 : Operation 783 [1/1] (0.00ns)   --->   "%br_ln89 = br void %V42.i.i26.i.i121.exit138" [../src/conv.cpp:89]   --->   Operation 783 'br' 'br_ln89' <Predicate = (trunc_ln78 == 1 & icmp_ln85_3)> <Delay = 0.00>
ST_12 : Operation 784 [1/1] (2.54ns)   --->   "%store_ln89 = store i8 %trunc_ln89_7, i8 %conv2_ap_fixed_8_5_5_3_0_ap_fixed_8_5_5_3_0_partial_sums" [../src/conv.cpp:89]   --->   Operation 784 'store' 'store_ln89' <Predicate = (trunc_ln78 == 0 & icmp_ln85_3)> <Delay = 2.54>
ST_12 : Operation 785 [1/1] (0.00ns)   --->   "%br_ln89 = br void %V42.i.i26.i.i121.exit138" [../src/conv.cpp:89]   --->   Operation 785 'br' 'br_ln89' <Predicate = (trunc_ln78 == 0 & icmp_ln85_3)> <Delay = 0.00>
ST_12 : Operation 786 [1/1] (2.54ns)   --->   "%store_ln89 = store i8 %trunc_ln89_7, i8 %conv2_ap_fixed_8_5_5_3_0_ap_fixed_8_5_5_3_0_partial_sums_8" [../src/conv.cpp:89]   --->   Operation 786 'store' 'store_ln89' <Predicate = (trunc_ln78 == 7 & icmp_ln85_3)> <Delay = 2.54>
ST_12 : Operation 787 [1/1] (0.00ns)   --->   "%br_ln89 = br void %V42.i.i26.i.i121.exit138" [../src/conv.cpp:89]   --->   Operation 787 'br' 'br_ln89' <Predicate = (trunc_ln78 == 7 & icmp_ln85_3)> <Delay = 0.00>
ST_12 : Operation 788 [1/1] (0.00ns)   --->   "%zext_ln89_17 = zext i7 %tmp_14_cast" [../src/conv.cpp:89]   --->   Operation 788 'zext' 'zext_ln89_17' <Predicate = (and_ln85_3_read)> <Delay = 0.00>
ST_12 : Operation 789 [1/1] (0.00ns)   --->   "%sext_ln89_10 = sext i4 %p_ZL12conv2_weight_8_load" [../src/conv.cpp:89]   --->   Operation 789 'sext' 'sext_ln89_10' <Predicate = (and_ln85_3_read)> <Delay = 0.00>
ST_12 : Operation 790 [1/1] (3.74ns)   --->   "%mul_ln89_8 = mul i11 %sext_ln89_10, i11 %zext_ln89_17" [../src/conv.cpp:89]   --->   Operation 790 'mul' 'mul_ln89_8' <Predicate = (and_ln85_3_read)> <Delay = 3.74> <CoreInst = "Multiplier">   --->   Core 3 'Multiplier' <Latency = 0> <II = 1> <Delay = 3.74> <FuncUnit> <Opcode : 'mul'> <InPorts = 2> <OutPorts = 1>
ST_12 : Operation 791 [1/1] (1.65ns)   --->   "%switch_ln89 = switch i3 %trunc_ln78, void %V42.i.i26.i.i121.case.7119, i3 0, void %V42.i.i26.i.i121.case.0112, i3 1, void %V42.i.i26.i.i121.case.1113, i3 2, void %V42.i.i26.i.i121.case.2114, i3 3, void %V42.i.i26.i.i121.case.3115, i3 4, void %V42.i.i26.i.i121.case.4116, i3 5, void %V42.i.i26.i.i121.case.5117, i3 6, void %V42.i.i26.i.i121.case.6118" [../src/conv.cpp:89]   --->   Operation 791 'switch' 'switch_ln89' <Predicate = (and_ln85_3_read)> <Delay = 1.65>
ST_12 : Operation 792 [1/1] (0.00ns)   --->   "%br_ln89 = br void %V42.i.i26.i.i121.exit111" [../src/conv.cpp:89]   --->   Operation 792 'br' 'br_ln89' <Predicate = (trunc_ln78 == 6 & and_ln85_3_read)> <Delay = 0.00>
ST_12 : Operation 793 [1/1] (0.00ns)   --->   "%br_ln89 = br void %V42.i.i26.i.i121.exit111" [../src/conv.cpp:89]   --->   Operation 793 'br' 'br_ln89' <Predicate = (trunc_ln78 == 5 & and_ln85_3_read)> <Delay = 0.00>
ST_12 : Operation 794 [1/1] (0.00ns)   --->   "%br_ln89 = br void %V42.i.i26.i.i121.exit111" [../src/conv.cpp:89]   --->   Operation 794 'br' 'br_ln89' <Predicate = (trunc_ln78 == 4 & and_ln85_3_read)> <Delay = 0.00>
ST_12 : Operation 795 [1/1] (0.00ns)   --->   "%br_ln89 = br void %V42.i.i26.i.i121.exit111" [../src/conv.cpp:89]   --->   Operation 795 'br' 'br_ln89' <Predicate = (trunc_ln78 == 3 & and_ln85_3_read)> <Delay = 0.00>
ST_12 : Operation 796 [1/1] (0.00ns)   --->   "%br_ln89 = br void %V42.i.i26.i.i121.exit111" [../src/conv.cpp:89]   --->   Operation 796 'br' 'br_ln89' <Predicate = (trunc_ln78 == 2 & and_ln85_3_read)> <Delay = 0.00>
ST_12 : Operation 797 [1/1] (0.00ns)   --->   "%br_ln89 = br void %V42.i.i26.i.i121.exit111" [../src/conv.cpp:89]   --->   Operation 797 'br' 'br_ln89' <Predicate = (trunc_ln78 == 1 & and_ln85_3_read)> <Delay = 0.00>
ST_12 : Operation 798 [1/1] (0.00ns)   --->   "%br_ln89 = br void %V42.i.i26.i.i121.exit111" [../src/conv.cpp:89]   --->   Operation 798 'br' 'br_ln89' <Predicate = (trunc_ln78 == 0 & and_ln85_3_read)> <Delay = 0.00>
ST_12 : Operation 799 [1/1] (0.00ns)   --->   "%br_ln89 = br void %V42.i.i26.i.i121.exit111" [../src/conv.cpp:89]   --->   Operation 799 'br' 'br_ln89' <Predicate = (trunc_ln78 == 7 & and_ln85_3_read)> <Delay = 0.00>
ST_12 : Operation 844 [1/1] (1.58ns)   --->   "%ret_ln0 = ret"   --->   Operation 844 'ret' 'ret_ln0' <Predicate = (icmp_ln78)> <Delay = 1.58>

State 13 <SV = 12> <Delay = 6.48>
ST_13 : Operation 800 [1/1] (0.00ns)   --->   "%br_ln89 = br void %if.end.i.i83.2.1" [../src/conv.cpp:89]   --->   Operation 800 'br' 'br_ln89' <Predicate = (icmp_ln85_3 & icmp_ln89_8)> <Delay = 0.00>
ST_13 : Operation 801 [1/1] (0.00ns)   --->   "%br_ln90 = br void %for.inc50.2.1" [../src/conv.cpp:90]   --->   Operation 801 'br' 'br_ln90' <Predicate = (icmp_ln85_3)> <Delay = 0.00>
ST_13 : Operation 802 [1/1] (0.00ns)   --->   "%conv2_ap_fixed_8_5_5_3_0_ap_fixed_8_5_5_3_0_partial_sums_load_7 = load i8 %conv2_ap_fixed_8_5_5_3_0_ap_fixed_8_5_5_3_0_partial_sums" [../src/conv.cpp:89]   --->   Operation 802 'load' 'conv2_ap_fixed_8_5_5_3_0_ap_fixed_8_5_5_3_0_partial_sums_load_7' <Predicate = (trunc_ln78 == 0 & and_ln85_3_read)> <Delay = 0.00>
ST_13 : Operation 803 [1/1] (0.00ns)   --->   "%conv2_ap_fixed_8_5_5_3_0_ap_fixed_8_5_5_3_0_partial_sums_2_load_7 = load i8 %conv2_ap_fixed_8_5_5_3_0_ap_fixed_8_5_5_3_0_partial_sums_2" [../src/conv.cpp:89]   --->   Operation 803 'load' 'conv2_ap_fixed_8_5_5_3_0_ap_fixed_8_5_5_3_0_partial_sums_2_load_7' <Predicate = (trunc_ln78 == 1 & and_ln85_3_read)> <Delay = 0.00>
ST_13 : Operation 804 [1/1] (0.00ns)   --->   "%conv2_ap_fixed_8_5_5_3_0_ap_fixed_8_5_5_3_0_partial_sums_3_load_7 = load i8 %conv2_ap_fixed_8_5_5_3_0_ap_fixed_8_5_5_3_0_partial_sums_3" [../src/conv.cpp:89]   --->   Operation 804 'load' 'conv2_ap_fixed_8_5_5_3_0_ap_fixed_8_5_5_3_0_partial_sums_3_load_7' <Predicate = (trunc_ln78 == 2 & and_ln85_3_read)> <Delay = 0.00>
ST_13 : Operation 805 [1/1] (0.00ns)   --->   "%conv2_ap_fixed_8_5_5_3_0_ap_fixed_8_5_5_3_0_partial_sums_4_load_7 = load i8 %conv2_ap_fixed_8_5_5_3_0_ap_fixed_8_5_5_3_0_partial_sums_4" [../src/conv.cpp:89]   --->   Operation 805 'load' 'conv2_ap_fixed_8_5_5_3_0_ap_fixed_8_5_5_3_0_partial_sums_4_load_7' <Predicate = (trunc_ln78 == 3 & and_ln85_3_read)> <Delay = 0.00>
ST_13 : Operation 806 [1/1] (0.00ns)   --->   "%conv2_ap_fixed_8_5_5_3_0_ap_fixed_8_5_5_3_0_partial_sums_5_load_7 = load i8 %conv2_ap_fixed_8_5_5_3_0_ap_fixed_8_5_5_3_0_partial_sums_5" [../src/conv.cpp:89]   --->   Operation 806 'load' 'conv2_ap_fixed_8_5_5_3_0_ap_fixed_8_5_5_3_0_partial_sums_5_load_7' <Predicate = (trunc_ln78 == 4 & and_ln85_3_read)> <Delay = 0.00>
ST_13 : Operation 807 [1/1] (0.00ns)   --->   "%conv2_ap_fixed_8_5_5_3_0_ap_fixed_8_5_5_3_0_partial_sums_6_load_7 = load i8 %conv2_ap_fixed_8_5_5_3_0_ap_fixed_8_5_5_3_0_partial_sums_6" [../src/conv.cpp:89]   --->   Operation 807 'load' 'conv2_ap_fixed_8_5_5_3_0_ap_fixed_8_5_5_3_0_partial_sums_6_load_7' <Predicate = (trunc_ln78 == 5 & and_ln85_3_read)> <Delay = 0.00>
ST_13 : Operation 808 [1/1] (0.00ns)   --->   "%conv2_ap_fixed_8_5_5_3_0_ap_fixed_8_5_5_3_0_partial_sums_7_load_7 = load i8 %conv2_ap_fixed_8_5_5_3_0_ap_fixed_8_5_5_3_0_partial_sums_7" [../src/conv.cpp:89]   --->   Operation 808 'load' 'conv2_ap_fixed_8_5_5_3_0_ap_fixed_8_5_5_3_0_partial_sums_7_load_7' <Predicate = (trunc_ln78 == 6 & and_ln85_3_read)> <Delay = 0.00>
ST_13 : Operation 809 [1/1] (0.00ns)   --->   "%conv2_ap_fixed_8_5_5_3_0_ap_fixed_8_5_5_3_0_partial_sums_8_load_7 = load i8 %conv2_ap_fixed_8_5_5_3_0_ap_fixed_8_5_5_3_0_partial_sums_8" [../src/conv.cpp:89]   --->   Operation 809 'load' 'conv2_ap_fixed_8_5_5_3_0_ap_fixed_8_5_5_3_0_partial_sums_8_load_7' <Predicate = (trunc_ln78 == 7 & and_ln85_3_read)> <Delay = 0.00>
ST_13 : Operation 810 [1/1] (2.30ns)   --->   "%tmp_4 = sparsemux i8 @_ssdm_op_SparseMux.ap_auto.8i8.i8.i3, i3 0, i8 %conv2_ap_fixed_8_5_5_3_0_ap_fixed_8_5_5_3_0_partial_sums_load_7, i3 1, i8 %conv2_ap_fixed_8_5_5_3_0_ap_fixed_8_5_5_3_0_partial_sums_2_load_7, i3 2, i8 %conv2_ap_fixed_8_5_5_3_0_ap_fixed_8_5_5_3_0_partial_sums_3_load_7, i3 3, i8 %conv2_ap_fixed_8_5_5_3_0_ap_fixed_8_5_5_3_0_partial_sums_4_load_7, i3 4, i8 %conv2_ap_fixed_8_5_5_3_0_ap_fixed_8_5_5_3_0_partial_sums_5_load_7, i3 5, i8 %conv2_ap_fixed_8_5_5_3_0_ap_fixed_8_5_5_3_0_partial_sums_6_load_7, i3 6, i8 %conv2_ap_fixed_8_5_5_3_0_ap_fixed_8_5_5_3_0_partial_sums_7_load_7, i3 7, i8 %conv2_ap_fixed_8_5_5_3_0_ap_fixed_8_5_5_3_0_partial_sums_8_load_7, i8 0, i3 %trunc_ln78" [../src/conv.cpp:89]   --->   Operation 810 'sparsemux' 'tmp_4' <Predicate = (and_ln85_3_read)> <Delay = 2.30> <CoreInst = "BinarySparseMux_DontCare">   --->   Core 137 'BinarySparseMux_DontCare' <Latency = 0> <II = 1> <Delay = 2.30> <FuncUnit> <Opcode : 'sparsemux'> <InPorts = 2> <OutPorts = 1>
ST_13 : Operation 811 [1/1] (0.00ns)   --->   "%shl_ln89_8 = bitconcatenate i11 @_ssdm_op_BitConcatenate.i11.i8.i3, i8 %tmp_4, i3 0" [../src/conv.cpp:89]   --->   Operation 811 'bitconcatenate' 'shl_ln89_8' <Predicate = (and_ln85_3_read)> <Delay = 0.00>
ST_13 : Operation 812 [1/1] (1.63ns)   --->   "%add_ln89_10 = add i11 %shl_ln89_8, i11 %mul_ln89_8" [../src/conv.cpp:89]   --->   Operation 812 'add' 'add_ln89_10' <Predicate = (and_ln85_3_read)> <Delay = 1.63> <CoreInst = "Adder">   --->   Core 1 'Adder' <Latency = 0> <II = 1> <Delay = 1.63> <FuncUnit> <Opcode : 'add' 'sub'> <InPorts = 2> <OutPorts = 1>
ST_13 : Operation 813 [1/1] (1.63ns)   --->   "%sub_ln89_7 = sub i11 0, i11 %mul_ln89_8" [../src/conv.cpp:89]   --->   Operation 813 'sub' 'sub_ln89_7' <Predicate = (and_ln85_3_read)> <Delay = 1.63> <CoreInst = "Adder">   --->   Core 1 'Adder' <Latency = 0> <II = 1> <Delay = 1.63> <FuncUnit> <Opcode : 'add' 'sub'> <InPorts = 2> <OutPorts = 1>
ST_13 : Operation 814 [1/1] (1.63ns)   --->   "%icmp_ln89_9 = icmp_eq  i11 %shl_ln89_8, i11 %sub_ln89_7" [../src/conv.cpp:89]   --->   Operation 814 'icmp' 'icmp_ln89_9' <Predicate = (and_ln85_3_read)> <Delay = 1.63> <CoreInst = "Cmp">   --->   Core 9 'Cmp' <Latency = 0> <II = 1> <Delay = 1.63> <FuncUnit> <Opcode : 'seteq' 'setne' 'setle' 'setge' 'setlt' 'setgt'> <InPorts = 2> <OutPorts = 1>
ST_13 : Operation 815 [1/1] (0.00ns)   --->   "%br_ln89 = br i1 %icmp_ln89_9, void %if.end.i.i83.2.2, void %if.then.i.i81.2.2" [../src/conv.cpp:89]   --->   Operation 815 'br' 'br_ln89' <Predicate = (and_ln85_3_read)> <Delay = 0.00>
ST_13 : Operation 816 [1/1] (1.65ns)   --->   "%switch_ln89 = switch i3 %trunc_ln78, void %V42.i.i26.i.i121.case.7128, i3 0, void %V42.i.i26.i.i121.case.0121, i3 1, void %V42.i.i26.i.i121.case.1122, i3 2, void %V42.i.i26.i.i121.case.2123, i3 3, void %V42.i.i26.i.i121.case.3124, i3 4, void %V42.i.i26.i.i121.case.4125, i3 5, void %V42.i.i26.i.i121.case.5126, i3 6, void %V42.i.i26.i.i121.case.6127" [../src/conv.cpp:89]   --->   Operation 816 'switch' 'switch_ln89' <Predicate = (and_ln85_3_read & icmp_ln89_9)> <Delay = 1.65>
ST_13 : Operation 817 [1/1] (2.54ns)   --->   "%store_ln89 = store i8 0, i8 %conv2_ap_fixed_8_5_5_3_0_ap_fixed_8_5_5_3_0_partial_sums_7" [../src/conv.cpp:89]   --->   Operation 817 'store' 'store_ln89' <Predicate = (trunc_ln78 == 6 & and_ln85_3_read & icmp_ln89_9)> <Delay = 2.54>
ST_13 : Operation 818 [1/1] (0.00ns)   --->   "%br_ln89 = br void %V42.i.i26.i.i121.exit120" [../src/conv.cpp:89]   --->   Operation 818 'br' 'br_ln89' <Predicate = (trunc_ln78 == 6 & and_ln85_3_read & icmp_ln89_9)> <Delay = 0.00>
ST_13 : Operation 819 [1/1] (2.54ns)   --->   "%store_ln89 = store i8 0, i8 %conv2_ap_fixed_8_5_5_3_0_ap_fixed_8_5_5_3_0_partial_sums_6" [../src/conv.cpp:89]   --->   Operation 819 'store' 'store_ln89' <Predicate = (trunc_ln78 == 5 & and_ln85_3_read & icmp_ln89_9)> <Delay = 2.54>
ST_13 : Operation 820 [1/1] (0.00ns)   --->   "%br_ln89 = br void %V42.i.i26.i.i121.exit120" [../src/conv.cpp:89]   --->   Operation 820 'br' 'br_ln89' <Predicate = (trunc_ln78 == 5 & and_ln85_3_read & icmp_ln89_9)> <Delay = 0.00>
ST_13 : Operation 821 [1/1] (2.54ns)   --->   "%store_ln89 = store i8 0, i8 %conv2_ap_fixed_8_5_5_3_0_ap_fixed_8_5_5_3_0_partial_sums_5" [../src/conv.cpp:89]   --->   Operation 821 'store' 'store_ln89' <Predicate = (trunc_ln78 == 4 & and_ln85_3_read & icmp_ln89_9)> <Delay = 2.54>
ST_13 : Operation 822 [1/1] (0.00ns)   --->   "%br_ln89 = br void %V42.i.i26.i.i121.exit120" [../src/conv.cpp:89]   --->   Operation 822 'br' 'br_ln89' <Predicate = (trunc_ln78 == 4 & and_ln85_3_read & icmp_ln89_9)> <Delay = 0.00>
ST_13 : Operation 823 [1/1] (2.54ns)   --->   "%store_ln89 = store i8 0, i8 %conv2_ap_fixed_8_5_5_3_0_ap_fixed_8_5_5_3_0_partial_sums_4" [../src/conv.cpp:89]   --->   Operation 823 'store' 'store_ln89' <Predicate = (trunc_ln78 == 3 & and_ln85_3_read & icmp_ln89_9)> <Delay = 2.54>
ST_13 : Operation 824 [1/1] (0.00ns)   --->   "%br_ln89 = br void %V42.i.i26.i.i121.exit120" [../src/conv.cpp:89]   --->   Operation 824 'br' 'br_ln89' <Predicate = (trunc_ln78 == 3 & and_ln85_3_read & icmp_ln89_9)> <Delay = 0.00>
ST_13 : Operation 825 [1/1] (2.54ns)   --->   "%store_ln89 = store i8 0, i8 %conv2_ap_fixed_8_5_5_3_0_ap_fixed_8_5_5_3_0_partial_sums_3" [../src/conv.cpp:89]   --->   Operation 825 'store' 'store_ln89' <Predicate = (trunc_ln78 == 2 & and_ln85_3_read & icmp_ln89_9)> <Delay = 2.54>
ST_13 : Operation 826 [1/1] (0.00ns)   --->   "%br_ln89 = br void %V42.i.i26.i.i121.exit120" [../src/conv.cpp:89]   --->   Operation 826 'br' 'br_ln89' <Predicate = (trunc_ln78 == 2 & and_ln85_3_read & icmp_ln89_9)> <Delay = 0.00>
ST_13 : Operation 827 [1/1] (2.54ns)   --->   "%store_ln89 = store i8 0, i8 %conv2_ap_fixed_8_5_5_3_0_ap_fixed_8_5_5_3_0_partial_sums_2" [../src/conv.cpp:89]   --->   Operation 827 'store' 'store_ln89' <Predicate = (trunc_ln78 == 1 & and_ln85_3_read & icmp_ln89_9)> <Delay = 2.54>
ST_13 : Operation 828 [1/1] (0.00ns)   --->   "%br_ln89 = br void %V42.i.i26.i.i121.exit120" [../src/conv.cpp:89]   --->   Operation 828 'br' 'br_ln89' <Predicate = (trunc_ln78 == 1 & and_ln85_3_read & icmp_ln89_9)> <Delay = 0.00>
ST_13 : Operation 829 [1/1] (2.54ns)   --->   "%store_ln89 = store i8 0, i8 %conv2_ap_fixed_8_5_5_3_0_ap_fixed_8_5_5_3_0_partial_sums" [../src/conv.cpp:89]   --->   Operation 829 'store' 'store_ln89' <Predicate = (trunc_ln78 == 0 & and_ln85_3_read & icmp_ln89_9)> <Delay = 2.54>
ST_13 : Operation 830 [1/1] (0.00ns)   --->   "%br_ln89 = br void %V42.i.i26.i.i121.exit120" [../src/conv.cpp:89]   --->   Operation 830 'br' 'br_ln89' <Predicate = (trunc_ln78 == 0 & and_ln85_3_read & icmp_ln89_9)> <Delay = 0.00>
ST_13 : Operation 831 [1/1] (2.54ns)   --->   "%store_ln89 = store i8 0, i8 %conv2_ap_fixed_8_5_5_3_0_ap_fixed_8_5_5_3_0_partial_sums_8" [../src/conv.cpp:89]   --->   Operation 831 'store' 'store_ln89' <Predicate = (trunc_ln78 == 7 & and_ln85_3_read & icmp_ln89_9)> <Delay = 2.54>
ST_13 : Operation 832 [1/1] (0.00ns)   --->   "%br_ln89 = br void %V42.i.i26.i.i121.exit120" [../src/conv.cpp:89]   --->   Operation 832 'br' 'br_ln89' <Predicate = (trunc_ln78 == 7 & and_ln85_3_read & icmp_ln89_9)> <Delay = 0.00>
ST_13 : Operation 833 [1/1] (0.00ns)   --->   "%br_ln89 = br void %if.end.i.i83.2.2" [../src/conv.cpp:89]   --->   Operation 833 'br' 'br_ln89' <Predicate = (and_ln85_3_read & icmp_ln89_9)> <Delay = 0.00>
ST_13 : Operation 834 [1/1] (0.00ns)   --->   "%trunc_ln89_8 = partselect i8 @_ssdm_op_PartSelect.i8.i11.i32.i32, i11 %add_ln89_10, i32 3, i32 10" [../src/conv.cpp:89]   --->   Operation 834 'partselect' 'trunc_ln89_8' <Predicate = (and_ln85_3_read)> <Delay = 0.00>
ST_13 : Operation 835 [1/1] (2.54ns)   --->   "%store_ln89 = store i8 %trunc_ln89_8, i8 %conv2_ap_fixed_8_5_5_3_0_ap_fixed_8_5_5_3_0_partial_sums_7" [../src/conv.cpp:89]   --->   Operation 835 'store' 'store_ln89' <Predicate = (trunc_ln78 == 6 & and_ln85_3_read)> <Delay = 2.54>
ST_13 : Operation 836 [1/1] (2.54ns)   --->   "%store_ln89 = store i8 %trunc_ln89_8, i8 %conv2_ap_fixed_8_5_5_3_0_ap_fixed_8_5_5_3_0_partial_sums_6" [../src/conv.cpp:89]   --->   Operation 836 'store' 'store_ln89' <Predicate = (trunc_ln78 == 5 & and_ln85_3_read)> <Delay = 2.54>
ST_13 : Operation 837 [1/1] (2.54ns)   --->   "%store_ln89 = store i8 %trunc_ln89_8, i8 %conv2_ap_fixed_8_5_5_3_0_ap_fixed_8_5_5_3_0_partial_sums_5" [../src/conv.cpp:89]   --->   Operation 837 'store' 'store_ln89' <Predicate = (trunc_ln78 == 4 & and_ln85_3_read)> <Delay = 2.54>
ST_13 : Operation 838 [1/1] (2.54ns)   --->   "%store_ln89 = store i8 %trunc_ln89_8, i8 %conv2_ap_fixed_8_5_5_3_0_ap_fixed_8_5_5_3_0_partial_sums_4" [../src/conv.cpp:89]   --->   Operation 838 'store' 'store_ln89' <Predicate = (trunc_ln78 == 3 & and_ln85_3_read)> <Delay = 2.54>
ST_13 : Operation 839 [1/1] (2.54ns)   --->   "%store_ln89 = store i8 %trunc_ln89_8, i8 %conv2_ap_fixed_8_5_5_3_0_ap_fixed_8_5_5_3_0_partial_sums_3" [../src/conv.cpp:89]   --->   Operation 839 'store' 'store_ln89' <Predicate = (trunc_ln78 == 2 & and_ln85_3_read)> <Delay = 2.54>
ST_13 : Operation 840 [1/1] (2.54ns)   --->   "%store_ln89 = store i8 %trunc_ln89_8, i8 %conv2_ap_fixed_8_5_5_3_0_ap_fixed_8_5_5_3_0_partial_sums_2" [../src/conv.cpp:89]   --->   Operation 840 'store' 'store_ln89' <Predicate = (trunc_ln78 == 1 & and_ln85_3_read)> <Delay = 2.54>
ST_13 : Operation 841 [1/1] (2.54ns)   --->   "%store_ln89 = store i8 %trunc_ln89_8, i8 %conv2_ap_fixed_8_5_5_3_0_ap_fixed_8_5_5_3_0_partial_sums" [../src/conv.cpp:89]   --->   Operation 841 'store' 'store_ln89' <Predicate = (trunc_ln78 == 0 & and_ln85_3_read)> <Delay = 2.54>
ST_13 : Operation 842 [1/1] (2.54ns)   --->   "%store_ln89 = store i8 %trunc_ln89_8, i8 %conv2_ap_fixed_8_5_5_3_0_ap_fixed_8_5_5_3_0_partial_sums_8" [../src/conv.cpp:89]   --->   Operation 842 'store' 'store_ln89' <Predicate = (trunc_ln78 == 7 & and_ln85_3_read)> <Delay = 2.54>
ST_13 : Operation 843 [1/1] (0.00ns)   --->   "%br_ln90 = br void %for.inc50.2.2" [../src/conv.cpp:90]   --->   Operation 843 'br' 'br_ln90' <Predicate = (and_ln85_3_read)> <Delay = 0.00>


============================================================
+ Verbose Summary: Binding
============================================================
STG Binding: 
---------------- STG Properties BEGIN ----------------
- Is combinational: 0
- Is one-state seq: 0
- Is datapath-only: 0
- Is pipelined: 0
- Is top level: 0
Port [ Return ] is wired: 1; IO mode=ap_ctrl_hs:ce=0
Port [ add_ln85]:  wired=1; compound=0; hidden=0; nouse=0; global=0; static=0; extern=0; dir=0; type=0; pingpong=0; private_global=0; IO mode=ap_none:ce=0
Port [ add_ln83]:  wired=1; compound=0; hidden=0; nouse=0; global=0; static=0; extern=0; dir=0; type=0; pingpong=0; private_global=0; IO mode=ap_none:ce=0
Port [ add_ln83_1]:  wired=1; compound=0; hidden=0; nouse=0; global=0; static=0; extern=0; dir=0; type=0; pingpong=0; private_global=0; IO mode=ap_none:ce=0
Port [ add_ln82]:  wired=1; compound=0; hidden=0; nouse=0; global=0; static=0; extern=0; dir=0; type=0; pingpong=0; private_global=0; IO mode=ap_none:ce=0
Port [ and_ln85_3]:  wired=1; compound=0; hidden=0; nouse=0; global=0; static=0; extern=0; dir=0; type=0; pingpong=0; private_global=0; IO mode=ap_none:ce=0
Port [ sext_ln85]:  wired=1; compound=0; hidden=0; nouse=0; global=0; static=0; extern=0; dir=0; type=0; pingpong=0; private_global=0; IO mode=ap_none:ce=0
Port [ input_0]:  wired=1; compound=1; hidden=0; nouse=0; global=0; static=0; extern=0; dir=0; type=1; pingpong=0; private_global=0; MemPort=[11]; IO mode=ap_memory:ce=0
Port [ input_1]:  wired=1; compound=1; hidden=0; nouse=0; global=0; static=0; extern=0; dir=0; type=1; pingpong=0; private_global=0; MemPort=[11]; IO mode=ap_memory:ce=0
Port [ input_2]:  wired=1; compound=1; hidden=0; nouse=0; global=0; static=0; extern=0; dir=0; type=1; pingpong=0; private_global=0; MemPort=[11]; IO mode=ap_memory:ce=0
Port [ input_3]:  wired=1; compound=1; hidden=0; nouse=0; global=0; static=0; extern=0; dir=0; type=1; pingpong=0; private_global=0; MemPort=[11]; IO mode=ap_memory:ce=0
Port [ input_4]:  wired=1; compound=1; hidden=0; nouse=0; global=0; static=0; extern=0; dir=0; type=1; pingpong=0; private_global=0; MemPort=[11]; IO mode=ap_memory:ce=0
Port [ input_5]:  wired=1; compound=1; hidden=0; nouse=0; global=0; static=0; extern=0; dir=0; type=1; pingpong=0; private_global=0; MemPort=[11]; IO mode=ap_memory:ce=0
Port [ input_6]:  wired=1; compound=1; hidden=0; nouse=0; global=0; static=0; extern=0; dir=0; type=1; pingpong=0; private_global=0; MemPort=[11]; IO mode=ap_memory:ce=0
Port [ input_7]:  wired=1; compound=1; hidden=0; nouse=0; global=0; static=0; extern=0; dir=0; type=1; pingpong=0; private_global=0; MemPort=[11]; IO mode=ap_memory:ce=0
Port [ zext_ln82]:  wired=1; compound=0; hidden=0; nouse=0; global=0; static=0; extern=0; dir=0; type=0; pingpong=0; private_global=0; IO mode=ap_none:ce=0
Port [ and_ln85_2]:  wired=1; compound=0; hidden=0; nouse=0; global=0; static=0; extern=0; dir=0; type=0; pingpong=0; private_global=0; IO mode=ap_none:ce=0
Port [ zext_ln70_1]:  wired=1; compound=0; hidden=0; nouse=0; global=0; static=0; extern=0; dir=0; type=0; pingpong=0; private_global=0; IO mode=ap_none:ce=0
Port [ and_ln85_1]:  wired=1; compound=0; hidden=0; nouse=0; global=0; static=0; extern=0; dir=0; type=0; pingpong=0; private_global=0; IO mode=ap_none:ce=0
Port [ shl_ln]:  wired=1; compound=0; hidden=0; nouse=0; global=0; static=0; extern=0; dir=0; type=0; pingpong=0; private_global=0; IO mode=ap_none:ce=0
Port [ mul_ln104]:  wired=1; compound=0; hidden=0; nouse=0; global=0; static=0; extern=0; dir=0; type=0; pingpong=0; private_global=0; IO mode=ap_none:ce=0
Port [ empty]:  wired=1; compound=0; hidden=0; nouse=0; global=0; static=0; extern=0; dir=0; type=0; pingpong=0; private_global=0; IO mode=ap_none:ce=0
Port [ and_ln85]:  wired=1; compound=0; hidden=0; nouse=0; global=0; static=0; extern=0; dir=0; type=0; pingpong=0; private_global=0; IO mode=ap_none:ce=0
Port [ zext_ln85_1]:  wired=1; compound=0; hidden=0; nouse=0; global=0; static=0; extern=0; dir=0; type=0; pingpong=0; private_global=0; IO mode=ap_none:ce=0
Port [ conv2_ap_fixed_8_5_5_3_0_ap_fixed_8_5_5_3_0_partial_sums]:  wired=1; compound=0; hidden=0; nouse=0; global=1; static=1; extern=0; dir=2; type=0; pingpong=0; private_global=0; IO mode=ap_ovld:ce=0
Port [ p_ZL12conv2_weight_6]:  wired=0; compound=1; hidden=1; nouse=0; global=1; static=1; extern=0; dir=0; type=1; pingpong=0; private_global=1; MemPort=[1]; IO mode=ap_memory:ce=0
Port [ conv2_ap_fixed_8_5_5_3_0_ap_fixed_8_5_5_3_0_partial_sums_2]:  wired=1; compound=0; hidden=0; nouse=0; global=1; static=1; extern=0; dir=2; type=0; pingpong=0; private_global=0; IO mode=ap_ovld:ce=0
Port [ conv2_ap_fixed_8_5_5_3_0_ap_fixed_8_5_5_3_0_partial_sums_3]:  wired=1; compound=0; hidden=0; nouse=0; global=1; static=1; extern=0; dir=2; type=0; pingpong=0; private_global=0; IO mode=ap_ovld:ce=0
Port [ conv2_ap_fixed_8_5_5_3_0_ap_fixed_8_5_5_3_0_partial_sums_4]:  wired=1; compound=0; hidden=0; nouse=0; global=1; static=1; extern=0; dir=2; type=0; pingpong=0; private_global=0; IO mode=ap_ovld:ce=0
Port [ conv2_ap_fixed_8_5_5_3_0_ap_fixed_8_5_5_3_0_partial_sums_5]:  wired=1; compound=0; hidden=0; nouse=0; global=1; static=1; extern=0; dir=2; type=0; pingpong=0; private_global=0; IO mode=ap_ovld:ce=0
Port [ conv2_ap_fixed_8_5_5_3_0_ap_fixed_8_5_5_3_0_partial_sums_6]:  wired=1; compound=0; hidden=0; nouse=0; global=1; static=1; extern=0; dir=2; type=0; pingpong=0; private_global=0; IO mode=ap_ovld:ce=0
Port [ conv2_ap_fixed_8_5_5_3_0_ap_fixed_8_5_5_3_0_partial_sums_7]:  wired=1; compound=0; hidden=0; nouse=0; global=1; static=1; extern=0; dir=2; type=0; pingpong=0; private_global=0; IO mode=ap_ovld:ce=0
Port [ conv2_ap_fixed_8_5_5_3_0_ap_fixed_8_5_5_3_0_partial_sums_8]:  wired=1; compound=0; hidden=0; nouse=0; global=1; static=1; extern=0; dir=2; type=0; pingpong=0; private_global=0; IO mode=ap_ovld:ce=0
Port [ p_ZL12conv2_weight_4]:  wired=0; compound=1; hidden=1; nouse=0; global=1; static=1; extern=0; dir=0; type=1; pingpong=0; private_global=1; MemPort=[1]; IO mode=ap_memory:ce=0
Port [ p_ZL12conv2_weight_3]:  wired=0; compound=1; hidden=1; nouse=0; global=1; static=1; extern=0; dir=0; type=1; pingpong=0; private_global=1; MemPort=[1]; IO mode=ap_memory:ce=0
Port [ p_ZL12conv2_weight_0]:  wired=0; compound=1; hidden=1; nouse=0; global=1; static=1; extern=0; dir=0; type=1; pingpong=0; private_global=1; MemPort=[1]; IO mode=ap_memory:ce=0
Port [ p_ZL12conv2_weight_1]:  wired=0; compound=1; hidden=1; nouse=0; global=1; static=1; extern=0; dir=0; type=1; pingpong=0; private_global=1; MemPort=[1]; IO mode=ap_memory:ce=0
Port [ p_ZL12conv2_weight_2]:  wired=0; compound=1; hidden=1; nouse=0; global=1; static=1; extern=0; dir=0; type=1; pingpong=0; private_global=1; MemPort=[1]; IO mode=ap_memory:ce=0
Port [ p_ZL12conv2_weight_5]:  wired=0; compound=1; hidden=1; nouse=0; global=1; static=1; extern=0; dir=0; type=1; pingpong=0; private_global=1; MemPort=[1]; IO mode=ap_memory:ce=0
Port [ p_ZL12conv2_weight_7]:  wired=0; compound=1; hidden=1; nouse=0; global=1; static=1; extern=0; dir=0; type=1; pingpong=0; private_global=1; MemPort=[1]; IO mode=ap_memory:ce=0
Port [ p_ZL12conv2_weight_8]:  wired=0; compound=1; hidden=1; nouse=0; global=1; static=1; extern=0; dir=0; type=1; pingpong=0; private_global=1; MemPort=[1]; IO mode=ap_memory:ce=0
---------------- STG Properties END ------------------

---------------- Datapath Model BEGIN ----------------

<LifeTime>
<method=bitvector/>
phi_mul                                                           (alloca           ) [ 01100000000000]
ci                                                                (alloca           ) [ 01000000000000]
zext_ln85_1_read                                                  (read             ) [ 00000000000000]
and_ln85_read                                                     (read             ) [ 01111111000000]
tmp                                                               (read             ) [ 00000000000000]
mul_ln104_read                                                    (read             ) [ 00000000000000]
shl_ln_read                                                       (read             ) [ 01100000000000]
and_ln85_1_read                                                   (read             ) [ 01111111110000]
zext_ln70_1_read                                                  (read             ) [ 00000000000000]
and_ln85_2_read                                                   (read             ) [ 01111111111110]
zext_ln82_read                                                    (read             ) [ 00000000000000]
sext_ln85_read                                                    (read             ) [ 00000000000000]
and_ln85_3_read                                                   (read             ) [ 01111111111111]
add_ln82_read                                                     (read             ) [ 00000000000000]
add_ln83_1_read                                                   (read             ) [ 00000000000000]
add_ln83_read                                                     (read             ) [ 00000000000000]
add_ln85_read                                                     (read             ) [ 00000000000000]
zext_ln85_1_cast                                                  (zext             ) [ 01100000000000]
zext_ln70_1_cast                                                  (zext             ) [ 01100000000000]
zext_ln82_cast                                                    (zext             ) [ 01100000000000]
sext_ln85_cast                                                    (sext             ) [ 01100000000000]
specmemcore_ln0                                                   (specmemcore      ) [ 00000000000000]
specmemcore_ln0                                                   (specmemcore      ) [ 00000000000000]
specmemcore_ln0                                                   (specmemcore      ) [ 00000000000000]
specmemcore_ln0                                                   (specmemcore      ) [ 00000000000000]
specmemcore_ln0                                                   (specmemcore      ) [ 00000000000000]
specmemcore_ln0                                                   (specmemcore      ) [ 00000000000000]
specmemcore_ln0                                                   (specmemcore      ) [ 00000000000000]
specmemcore_ln0                                                   (specmemcore      ) [ 00000000000000]
icmp_ln85                                                         (icmp             ) [ 01111111100000]
icmp_ln85_1                                                       (icmp             ) [ 01111111111000]
icmp_ln85_2                                                       (icmp             ) [ 01111111111100]
icmp_ln85_3                                                       (icmp             ) [ 01111111111111]
store_ln78                                                        (store            ) [ 00000000000000]
store_ln0                                                         (store            ) [ 00000000000000]
br_ln0                                                            (br               ) [ 00000000000000]
ci_1                                                              (load             ) [ 01100000000000]
icmp_ln78                                                         (icmp             ) [ 01111111111110]
add_ln78                                                          (add              ) [ 00000000000000]
br_ln78                                                           (br               ) [ 00000000000000]
trunc_ln86                                                        (trunc            ) [ 00000000000000]
shl_ln2                                                           (bitconcatenate   ) [ 00000000000000]
add_ln86_2                                                        (add              ) [ 00000000000000]
add_ln86_3                                                        (add              ) [ 01110000000000]
br_ln85                                                           (br               ) [ 00000000000000]
br_ln85                                                           (br               ) [ 00000000000000]
br_ln85                                                           (br               ) [ 00000000000000]
br_ln85                                                           (br               ) [ 00000000000000]
br_ln85                                                           (br               ) [ 00000000000000]
br_ln85                                                           (br               ) [ 00000000000000]
br_ln85                                                           (br               ) [ 00000000000000]
store_ln78                                                        (store            ) [ 00000000000000]
phi_mul_load                                                      (load             ) [ 00000000000000]
zext_ln78                                                         (zext             ) [ 00000000000000]
trunc_ln78                                                        (trunc            ) [ 01111111111111]
specpipeline_ln79                                                 (specpipeline     ) [ 00000000000000]
speclooptripcount_ln78                                            (speclooptripcount) [ 00000000000000]
specloopname_ln78                                                 (specloopname     ) [ 00000000000000]
add_ln89_2                                                        (add              ) [ 00000000000000]
add_ln89                                                          (add              ) [ 00000000000000]
zext_ln86                                                         (zext             ) [ 00000000000000]
add_ln86                                                          (add              ) [ 00000000000000]
add_ln86_1                                                        (add              ) [ 00000000000000]
add_ln86_4                                                        (add              ) [ 00000000000000]
lshr_ln1                                                          (partselect       ) [ 00000000000000]
zext_ln89                                                         (zext             ) [ 00000000000000]
input_0_addr                                                      (getelementptr    ) [ 01010000000000]
input_1_addr                                                      (getelementptr    ) [ 01010000000000]
input_2_addr                                                      (getelementptr    ) [ 01010000000000]
input_3_addr                                                      (getelementptr    ) [ 01010000000000]
input_4_addr                                                      (getelementptr    ) [ 01010000000000]
input_5_addr                                                      (getelementptr    ) [ 01010000000000]
input_6_addr                                                      (getelementptr    ) [ 01010000000000]
input_7_addr                                                      (getelementptr    ) [ 01010000000000]
p_ZL12conv2_weight_0_addr                                         (getelementptr    ) [ 01010000000000]
add_ln86_5                                                        (add              ) [ 00000000000000]
lshr_ln2                                                          (partselect       ) [ 00000000000000]
zext_ln89_2                                                       (zext             ) [ 00000000000000]
input_0_addr_5                                                    (getelementptr    ) [ 01010000000000]
input_1_addr_5                                                    (getelementptr    ) [ 01010000000000]
input_2_addr_4                                                    (getelementptr    ) [ 01010000000000]
input_3_addr_4                                                    (getelementptr    ) [ 01010000000000]
input_4_addr_4                                                    (getelementptr    ) [ 01010000000000]
input_5_addr_1                                                    (getelementptr    ) [ 01010000000000]
input_6_addr_1                                                    (getelementptr    ) [ 01010000000000]
input_7_addr_1                                                    (getelementptr    ) [ 01010000000000]
p_ZL12conv2_weight_1_addr                                         (getelementptr    ) [ 01010000000000]
add_ln86_6                                                        (add              ) [ 00000000000000]
lshr_ln87_1                                                       (partselect       ) [ 00000000000000]
zext_ln89_4                                                       (zext             ) [ 00000000000000]
input_0_addr_6                                                    (getelementptr    ) [ 01010000000000]
input_1_addr_6                                                    (getelementptr    ) [ 01010000000000]
input_2_addr_5                                                    (getelementptr    ) [ 01010000000000]
input_3_addr_5                                                    (getelementptr    ) [ 01010000000000]
input_4_addr_5                                                    (getelementptr    ) [ 01010000000000]
input_5_addr_2                                                    (getelementptr    ) [ 01010000000000]
input_6_addr_2                                                    (getelementptr    ) [ 01010000000000]
input_7_addr_2                                                    (getelementptr    ) [ 01010000000000]
p_ZL12conv2_weight_2_addr                                         (getelementptr    ) [ 01010000000000]
add_ln86_7                                                        (add              ) [ 00000000000000]
add_ln86_8                                                        (add              ) [ 00000000000000]
lshr_ln89_4                                                       (partselect       ) [ 00000000000000]
zext_ln89_6                                                       (zext             ) [ 00000000000000]
input_0_addr_7                                                    (getelementptr    ) [ 01010000000000]
input_1_addr_7                                                    (getelementptr    ) [ 01010000000000]
input_2_addr_6                                                    (getelementptr    ) [ 01010000000000]
input_3_addr_6                                                    (getelementptr    ) [ 01010000000000]
input_4_addr_6                                                    (getelementptr    ) [ 01010000000000]
input_5_addr_3                                                    (getelementptr    ) [ 01010000000000]
input_6_addr_3                                                    (getelementptr    ) [ 01010000000000]
input_7_addr_3                                                    (getelementptr    ) [ 01010000000000]
p_ZL12conv2_weight_3_addr                                         (getelementptr    ) [ 01010000000000]
add_ln86_9                                                        (add              ) [ 00000000000000]
lshr_ln87_2                                                       (partselect       ) [ 00000000000000]
zext_ln89_8                                                       (zext             ) [ 00000000000000]
input_0_addr_8                                                    (getelementptr    ) [ 01010000000000]
input_1_addr_8                                                    (getelementptr    ) [ 01010000000000]
input_2_addr_7                                                    (getelementptr    ) [ 01010000000000]
input_3_addr_7                                                    (getelementptr    ) [ 01010000000000]
input_4_addr_7                                                    (getelementptr    ) [ 01010000000000]
input_5_addr_4                                                    (getelementptr    ) [ 01010000000000]
input_6_addr_4                                                    (getelementptr    ) [ 01010000000000]
input_7_addr_4                                                    (getelementptr    ) [ 01010000000000]
p_ZL12conv2_weight_4_addr                                         (getelementptr    ) [ 01010000000000]
switch_ln89                                                       (switch           ) [ 00000000000000]
br_ln89                                                           (br               ) [ 00000000000000]
br_ln89                                                           (br               ) [ 00000000000000]
br_ln89                                                           (br               ) [ 00000000000000]
br_ln89                                                           (br               ) [ 00000000000000]
br_ln89                                                           (br               ) [ 00000000000000]
br_ln89                                                           (br               ) [ 00000000000000]
br_ln89                                                           (br               ) [ 00000000000000]
br_ln89                                                           (br               ) [ 00000000000000]
add_ln86_10                                                       (add              ) [ 00000000000000]
lshr_ln87_3                                                       (partselect       ) [ 00000000000000]
zext_ln89_10                                                      (zext             ) [ 00000000000000]
input_0_addr_9                                                    (getelementptr    ) [ 01010000000000]
input_1_addr_9                                                    (getelementptr    ) [ 01010000000000]
input_2_addr_8                                                    (getelementptr    ) [ 01010000000000]
input_3_addr_8                                                    (getelementptr    ) [ 01010000000000]
input_4_addr_8                                                    (getelementptr    ) [ 01010000000000]
input_5_addr_5                                                    (getelementptr    ) [ 01010000000000]
input_6_addr_5                                                    (getelementptr    ) [ 01010000000000]
input_7_addr_5                                                    (getelementptr    ) [ 01010000000000]
p_ZL12conv2_weight_5_addr                                         (getelementptr    ) [ 01010000000000]
add_ln86_11                                                       (add              ) [ 00000000000000]
add_ln86_12                                                       (add              ) [ 00000000000000]
add_ln86_13                                                       (add              ) [ 00000000000000]
lshr_ln89_8                                                       (partselect       ) [ 00000000000000]
zext_ln89_12                                                      (zext             ) [ 00000000000000]
input_0_addr_10                                                   (getelementptr    ) [ 01010000000000]
input_1_addr_10                                                   (getelementptr    ) [ 01010000000000]
input_2_addr_9                                                    (getelementptr    ) [ 01010000000000]
input_3_addr_9                                                    (getelementptr    ) [ 01010000000000]
input_4_addr_9                                                    (getelementptr    ) [ 01010000000000]
input_5_addr_6                                                    (getelementptr    ) [ 01010000000000]
input_6_addr_6                                                    (getelementptr    ) [ 01010000000000]
input_7_addr_6                                                    (getelementptr    ) [ 01010000000000]
p_ZL12conv2_weight_6_addr                                         (getelementptr    ) [ 01010000000000]
add_ln86_14                                                       (add              ) [ 00000000000000]
lshr_ln87_4                                                       (partselect       ) [ 00000000000000]
zext_ln89_14                                                      (zext             ) [ 00000000000000]
input_0_addr_11                                                   (getelementptr    ) [ 01010000000000]
input_1_addr_11                                                   (getelementptr    ) [ 01010000000000]
input_2_addr_10                                                   (getelementptr    ) [ 01010000000000]
input_3_addr_10                                                   (getelementptr    ) [ 01010000000000]
input_4_addr_10                                                   (getelementptr    ) [ 01010000000000]
input_5_addr_7                                                    (getelementptr    ) [ 01010000000000]
input_6_addr_7                                                    (getelementptr    ) [ 01010000000000]
input_7_addr_7                                                    (getelementptr    ) [ 01010000000000]
p_ZL12conv2_weight_7_addr                                         (getelementptr    ) [ 01010000000000]
add_ln86_15                                                       (add              ) [ 00000000000000]
lshr_ln87_5                                                       (partselect       ) [ 00000000000000]
zext_ln89_16                                                      (zext             ) [ 00000000000000]
input_0_addr_12                                                   (getelementptr    ) [ 01010000000000]
input_1_addr_12                                                   (getelementptr    ) [ 01010000000000]
input_2_addr_11                                                   (getelementptr    ) [ 01010000000000]
input_3_addr_11                                                   (getelementptr    ) [ 01010000000000]
input_4_addr_11                                                   (getelementptr    ) [ 01010000000000]
input_5_addr_8                                                    (getelementptr    ) [ 01010000000000]
input_6_addr_8                                                    (getelementptr    ) [ 01010000000000]
input_7_addr_8                                                    (getelementptr    ) [ 01010000000000]
p_ZL12conv2_weight_8_addr                                         (getelementptr    ) [ 01010000000000]
store_ln89                                                        (store            ) [ 00000000000000]
br_ln78                                                           (br               ) [ 00000000000000]
input_0_load                                                      (load             ) [ 00000000000000]
input_1_load                                                      (load             ) [ 00000000000000]
input_2_load                                                      (load             ) [ 00000000000000]
input_3_load                                                      (load             ) [ 00000000000000]
input_4_load                                                      (load             ) [ 00000000000000]
input_5_load                                                      (load             ) [ 00000000000000]
input_6_load                                                      (load             ) [ 00000000000000]
input_7_load                                                      (load             ) [ 00000000000000]
tmp_cast                                                          (sparsemux        ) [ 00000000000000]
zext_ln89_1                                                       (zext             ) [ 01001100000000]
p_ZL12conv2_weight_0_load                                         (load             ) [ 00000000000000]
sext_ln89                                                         (sext             ) [ 01001100000000]
input_0_load_4                                                    (load             ) [ 00000000000000]
input_1_load_4                                                    (load             ) [ 00000000000000]
input_2_load_4                                                    (load             ) [ 00000000000000]
input_3_load_4                                                    (load             ) [ 00000000000000]
input_4_load_4                                                    (load             ) [ 00000000000000]
input_5_load_1                                                    (load             ) [ 00000000000000]
input_6_load_1                                                    (load             ) [ 00000000000000]
input_7_load_1                                                    (load             ) [ 00000000000000]
tmp_2_cast                                                        (sparsemux        ) [ 01001110000000]
p_ZL12conv2_weight_1_load                                         (load             ) [ 01001110000000]
input_0_load_5                                                    (load             ) [ 00000000000000]
input_1_load_5                                                    (load             ) [ 00000000000000]
input_2_load_5                                                    (load             ) [ 00000000000000]
input_3_load_5                                                    (load             ) [ 00000000000000]
input_4_load_5                                                    (load             ) [ 00000000000000]
input_5_load_2                                                    (load             ) [ 00000000000000]
input_6_load_2                                                    (load             ) [ 00000000000000]
input_7_load_2                                                    (load             ) [ 00000000000000]
tmp_4_cast                                                        (sparsemux        ) [ 01001111000000]
p_ZL12conv2_weight_2_load                                         (load             ) [ 01001111000000]
input_0_load_6                                                    (load             ) [ 00000000000000]
input_1_load_6                                                    (load             ) [ 00000000000000]
input_2_load_6                                                    (load             ) [ 00000000000000]
input_3_load_6                                                    (load             ) [ 00000000000000]
input_4_load_6                                                    (load             ) [ 00000000000000]
input_5_load_3                                                    (load             ) [ 00000000000000]
input_6_load_3                                                    (load             ) [ 00000000000000]
input_7_load_3                                                    (load             ) [ 00000000000000]
tmp_6_cast                                                        (sparsemux        ) [ 01001111100000]
p_ZL12conv2_weight_3_load                                         (load             ) [ 01001111100000]
input_0_load_7                                                    (load             ) [ 00000000000000]
input_1_load_7                                                    (load             ) [ 00000000000000]
input_2_load_7                                                    (load             ) [ 00000000000000]
input_3_load_7                                                    (load             ) [ 00000000000000]
input_4_load_7                                                    (load             ) [ 00000000000000]
input_5_load_4                                                    (load             ) [ 00000000000000]
input_6_load_4                                                    (load             ) [ 00000000000000]
input_7_load_4                                                    (load             ) [ 00000000000000]
tmp_8_cast                                                        (sparsemux        ) [ 01001111110000]
p_ZL12conv2_weight_4_load                                         (load             ) [ 01001111110000]
br_ln85                                                           (br               ) [ 00000000000000]
input_0_load_8                                                    (load             ) [ 00000000000000]
input_1_load_8                                                    (load             ) [ 00000000000000]
input_2_load_8                                                    (load             ) [ 00000000000000]
input_3_load_8                                                    (load             ) [ 00000000000000]
input_4_load_8                                                    (load             ) [ 00000000000000]
input_5_load_5                                                    (load             ) [ 00000000000000]
input_6_load_5                                                    (load             ) [ 00000000000000]
input_7_load_5                                                    (load             ) [ 00000000000000]
tmp_cast_47                                                       (sparsemux        ) [ 01001111110000]
p_ZL12conv2_weight_5_load                                         (load             ) [ 01001111110000]
input_0_load_9                                                    (load             ) [ 00000000000000]
input_1_load_9                                                    (load             ) [ 00000000000000]
input_2_load_9                                                    (load             ) [ 00000000000000]
input_3_load_9                                                    (load             ) [ 00000000000000]
input_4_load_9                                                    (load             ) [ 00000000000000]
input_5_load_6                                                    (load             ) [ 00000000000000]
input_6_load_6                                                    (load             ) [ 00000000000000]
input_7_load_6                                                    (load             ) [ 00000000000000]
tmp_10_cast                                                       (sparsemux        ) [ 01001111111000]
p_ZL12conv2_weight_6_load                                         (load             ) [ 01001111111000]
input_0_load_10                                                   (load             ) [ 00000000000000]
input_1_load_10                                                   (load             ) [ 00000000000000]
input_2_load_10                                                   (load             ) [ 00000000000000]
input_3_load_10                                                   (load             ) [ 00000000000000]
input_4_load_10                                                   (load             ) [ 00000000000000]
input_5_load_7                                                    (load             ) [ 00000000000000]
input_6_load_7                                                    (load             ) [ 00000000000000]
input_7_load_7                                                    (load             ) [ 00000000000000]
tmp_12_cast                                                       (sparsemux        ) [ 01001111111100]
p_ZL12conv2_weight_7_load                                         (load             ) [ 01001111111100]
input_0_load_11                                                   (load             ) [ 00000000000000]
input_1_load_11                                                   (load             ) [ 00000000000000]
input_2_load_11                                                   (load             ) [ 00000000000000]
input_3_load_11                                                   (load             ) [ 00000000000000]
input_4_load_11                                                   (load             ) [ 00000000000000]
input_5_load_8                                                    (load             ) [ 00000000000000]
input_6_load_8                                                    (load             ) [ 00000000000000]
input_7_load_8                                                    (load             ) [ 00000000000000]
tmp_14_cast                                                       (sparsemux        ) [ 01001111111110]
p_ZL12conv2_weight_8_load                                         (load             ) [ 01001111111110]
mul_ln89                                                          (mul              ) [ 00000000000000]
conv2_ap_fixed_8_5_5_3_0_ap_fixed_8_5_5_3_0_partial_sums_load     (load             ) [ 00000000000000]
conv2_ap_fixed_8_5_5_3_0_ap_fixed_8_5_5_3_0_partial_sums_2_load   (load             ) [ 00000000000000]
conv2_ap_fixed_8_5_5_3_0_ap_fixed_8_5_5_3_0_partial_sums_3_load   (load             ) [ 00000000000000]
conv2_ap_fixed_8_5_5_3_0_ap_fixed_8_5_5_3_0_partial_sums_4_load   (load             ) [ 00000000000000]
conv2_ap_fixed_8_5_5_3_0_ap_fixed_8_5_5_3_0_partial_sums_5_load   (load             ) [ 00000000000000]
conv2_ap_fixed_8_5_5_3_0_ap_fixed_8_5_5_3_0_partial_sums_6_load   (load             ) [ 00000000000000]
conv2_ap_fixed_8_5_5_3_0_ap_fixed_8_5_5_3_0_partial_sums_7_load   (load             ) [ 00000000000000]
conv2_ap_fixed_8_5_5_3_0_ap_fixed_8_5_5_3_0_partial_sums_8_load   (load             ) [ 00000000000000]
tmp_1                                                             (sparsemux        ) [ 00000000000000]
shl_ln3                                                           (bitconcatenate   ) [ 00000000000000]
sext_ln89_1                                                       (sext             ) [ 01000010000000]
sext_ln89_2                                                       (sext             ) [ 01000010000000]
add_ln89_1                                                        (add              ) [ 00000000000000]
icmp_ln89                                                         (icmp             ) [ 01000011000000]
br_ln89                                                           (br               ) [ 00000000000000]
switch_ln89                                                       (switch           ) [ 00000000000000]
store_ln89                                                        (store            ) [ 00000000000000]
br_ln89                                                           (br               ) [ 00000000000000]
store_ln89                                                        (store            ) [ 00000000000000]
br_ln89                                                           (br               ) [ 00000000000000]
store_ln89                                                        (store            ) [ 00000000000000]
br_ln89                                                           (br               ) [ 00000000000000]
store_ln89                                                        (store            ) [ 00000000000000]
br_ln89                                                           (br               ) [ 00000000000000]
store_ln89                                                        (store            ) [ 00000000000000]
br_ln89                                                           (br               ) [ 00000000000000]
store_ln89                                                        (store            ) [ 00000000000000]
br_ln89                                                           (br               ) [ 00000000000000]
store_ln89                                                        (store            ) [ 00000000000000]
br_ln89                                                           (br               ) [ 00000000000000]
store_ln89                                                        (store            ) [ 00000000000000]
br_ln89                                                           (br               ) [ 00000000000000]
trunc_ln6                                                         (partselect       ) [ 00000000000000]
switch_ln89                                                       (switch           ) [ 00000000000000]
store_ln89                                                        (store            ) [ 00000000000000]
br_ln89                                                           (br               ) [ 00000000000000]
store_ln89                                                        (store            ) [ 00000000000000]
br_ln89                                                           (br               ) [ 00000000000000]
store_ln89                                                        (store            ) [ 00000000000000]
br_ln89                                                           (br               ) [ 00000000000000]
store_ln89                                                        (store            ) [ 00000000000000]
br_ln89                                                           (br               ) [ 00000000000000]
store_ln89                                                        (store            ) [ 00000000000000]
br_ln89                                                           (br               ) [ 00000000000000]
store_ln89                                                        (store            ) [ 00000000000000]
br_ln89                                                           (br               ) [ 00000000000000]
store_ln89                                                        (store            ) [ 00000000000000]
br_ln89                                                           (br               ) [ 00000000000000]
store_ln89                                                        (store            ) [ 00000000000000]
br_ln89                                                           (br               ) [ 00000000000000]
zext_ln89_3                                                       (zext             ) [ 00000000000000]
sext_ln89_3                                                       (sext             ) [ 00000000000000]
mul_ln89_1                                                        (mul              ) [ 01000001000000]
br_ln89                                                           (br               ) [ 00000000000000]
br_ln90                                                           (br               ) [ 00000000000000]
conv2_ap_fixed_8_5_5_3_0_ap_fixed_8_5_5_3_0_partial_sums_load_1   (load             ) [ 00000000000000]
conv2_ap_fixed_8_5_5_3_0_ap_fixed_8_5_5_3_0_partial_sums_2_load_1 (load             ) [ 00000000000000]
conv2_ap_fixed_8_5_5_3_0_ap_fixed_8_5_5_3_0_partial_sums_3_load_1 (load             ) [ 00000000000000]
conv2_ap_fixed_8_5_5_3_0_ap_fixed_8_5_5_3_0_partial_sums_4_load_1 (load             ) [ 00000000000000]
conv2_ap_fixed_8_5_5_3_0_ap_fixed_8_5_5_3_0_partial_sums_5_load_1 (load             ) [ 00000000000000]
conv2_ap_fixed_8_5_5_3_0_ap_fixed_8_5_5_3_0_partial_sums_6_load_1 (load             ) [ 00000000000000]
conv2_ap_fixed_8_5_5_3_0_ap_fixed_8_5_5_3_0_partial_sums_7_load_1 (load             ) [ 00000000000000]
conv2_ap_fixed_8_5_5_3_0_ap_fixed_8_5_5_3_0_partial_sums_8_load_1 (load             ) [ 00000000000000]
tmp_3                                                             (sparsemux        ) [ 00000000000000]
shl_ln89_1                                                        (bitconcatenate   ) [ 00000000000000]
add_ln89_3                                                        (add              ) [ 00000000000000]
sub_ln89                                                          (sub              ) [ 00000000000000]
icmp_ln89_2                                                       (icmp             ) [ 01000001100000]
br_ln89                                                           (br               ) [ 00000000000000]
switch_ln89                                                       (switch           ) [ 00000000000000]
store_ln89                                                        (store            ) [ 00000000000000]
br_ln89                                                           (br               ) [ 00000000000000]
store_ln89                                                        (store            ) [ 00000000000000]
br_ln89                                                           (br               ) [ 00000000000000]
store_ln89                                                        (store            ) [ 00000000000000]
br_ln89                                                           (br               ) [ 00000000000000]
store_ln89                                                        (store            ) [ 00000000000000]
br_ln89                                                           (br               ) [ 00000000000000]
store_ln89                                                        (store            ) [ 00000000000000]
br_ln89                                                           (br               ) [ 00000000000000]
store_ln89                                                        (store            ) [ 00000000000000]
br_ln89                                                           (br               ) [ 00000000000000]
store_ln89                                                        (store            ) [ 00000000000000]
br_ln89                                                           (br               ) [ 00000000000000]
store_ln89                                                        (store            ) [ 00000000000000]
br_ln89                                                           (br               ) [ 00000000000000]
trunc_ln89_1                                                      (partselect       ) [ 00000000000000]
switch_ln89                                                       (switch           ) [ 00000000000000]
store_ln89                                                        (store            ) [ 00000000000000]
br_ln89                                                           (br               ) [ 00000000000000]
store_ln89                                                        (store            ) [ 00000000000000]
br_ln89                                                           (br               ) [ 00000000000000]
store_ln89                                                        (store            ) [ 00000000000000]
br_ln89                                                           (br               ) [ 00000000000000]
store_ln89                                                        (store            ) [ 00000000000000]
br_ln89                                                           (br               ) [ 00000000000000]
store_ln89                                                        (store            ) [ 00000000000000]
br_ln89                                                           (br               ) [ 00000000000000]
store_ln89                                                        (store            ) [ 00000000000000]
br_ln89                                                           (br               ) [ 00000000000000]
store_ln89                                                        (store            ) [ 00000000000000]
br_ln89                                                           (br               ) [ 00000000000000]
store_ln89                                                        (store            ) [ 00000000000000]
br_ln89                                                           (br               ) [ 00000000000000]
zext_ln89_5                                                       (zext             ) [ 00000000000000]
sext_ln89_4                                                       (sext             ) [ 00000000000000]
mul_ln89_2                                                        (mul              ) [ 01000000100000]
br_ln89                                                           (br               ) [ 00000000000000]
br_ln90                                                           (br               ) [ 00000000000000]
conv2_ap_fixed_8_5_5_3_0_ap_fixed_8_5_5_3_0_partial_sums_load_2   (load             ) [ 00000000000000]
conv2_ap_fixed_8_5_5_3_0_ap_fixed_8_5_5_3_0_partial_sums_2_load_2 (load             ) [ 00000000000000]
conv2_ap_fixed_8_5_5_3_0_ap_fixed_8_5_5_3_0_partial_sums_3_load_2 (load             ) [ 00000000000000]
conv2_ap_fixed_8_5_5_3_0_ap_fixed_8_5_5_3_0_partial_sums_4_load_2 (load             ) [ 00000000000000]
conv2_ap_fixed_8_5_5_3_0_ap_fixed_8_5_5_3_0_partial_sums_5_load_2 (load             ) [ 00000000000000]
conv2_ap_fixed_8_5_5_3_0_ap_fixed_8_5_5_3_0_partial_sums_6_load_2 (load             ) [ 00000000000000]
conv2_ap_fixed_8_5_5_3_0_ap_fixed_8_5_5_3_0_partial_sums_7_load_2 (load             ) [ 00000000000000]
conv2_ap_fixed_8_5_5_3_0_ap_fixed_8_5_5_3_0_partial_sums_8_load_2 (load             ) [ 00000000000000]
tmp_5                                                             (sparsemux        ) [ 00000000000000]
shl_ln89_2                                                        (bitconcatenate   ) [ 00000000000000]
add_ln89_4                                                        (add              ) [ 00000000000000]
sub_ln89_1                                                        (sub              ) [ 00000000000000]
icmp_ln89_3                                                       (icmp             ) [ 01000000110000]
br_ln89                                                           (br               ) [ 00000000000000]
switch_ln89                                                       (switch           ) [ 00000000000000]
store_ln89                                                        (store            ) [ 00000000000000]
br_ln89                                                           (br               ) [ 00000000000000]
store_ln89                                                        (store            ) [ 00000000000000]
br_ln89                                                           (br               ) [ 00000000000000]
store_ln89                                                        (store            ) [ 00000000000000]
br_ln89                                                           (br               ) [ 00000000000000]
store_ln89                                                        (store            ) [ 00000000000000]
br_ln89                                                           (br               ) [ 00000000000000]
store_ln89                                                        (store            ) [ 00000000000000]
br_ln89                                                           (br               ) [ 00000000000000]
store_ln89                                                        (store            ) [ 00000000000000]
br_ln89                                                           (br               ) [ 00000000000000]
store_ln89                                                        (store            ) [ 00000000000000]
br_ln89                                                           (br               ) [ 00000000000000]
store_ln89                                                        (store            ) [ 00000000000000]
br_ln89                                                           (br               ) [ 00000000000000]
trunc_ln89_2                                                      (partselect       ) [ 00000000000000]
switch_ln89                                                       (switch           ) [ 00000000000000]
store_ln89                                                        (store            ) [ 00000000000000]
br_ln89                                                           (br               ) [ 00000000000000]
store_ln89                                                        (store            ) [ 00000000000000]
br_ln89                                                           (br               ) [ 00000000000000]
store_ln89                                                        (store            ) [ 00000000000000]
br_ln89                                                           (br               ) [ 00000000000000]
store_ln89                                                        (store            ) [ 00000000000000]
br_ln89                                                           (br               ) [ 00000000000000]
store_ln89                                                        (store            ) [ 00000000000000]
br_ln89                                                           (br               ) [ 00000000000000]
store_ln89                                                        (store            ) [ 00000000000000]
br_ln89                                                           (br               ) [ 00000000000000]
store_ln89                                                        (store            ) [ 00000000000000]
br_ln89                                                           (br               ) [ 00000000000000]
store_ln89                                                        (store            ) [ 00000000000000]
br_ln89                                                           (br               ) [ 00000000000000]
zext_ln89_7                                                       (zext             ) [ 00000000000000]
sext_ln89_5                                                       (sext             ) [ 00000000000000]
mul_ln89_3                                                        (mul              ) [ 01000000010000]
br_ln89                                                           (br               ) [ 00000000000000]
br_ln90                                                           (br               ) [ 00000000000000]
conv2_ap_fixed_8_5_5_3_0_ap_fixed_8_5_5_3_0_partial_sums_load_3   (load             ) [ 00000000000000]
conv2_ap_fixed_8_5_5_3_0_ap_fixed_8_5_5_3_0_partial_sums_2_load_3 (load             ) [ 00000000000000]
conv2_ap_fixed_8_5_5_3_0_ap_fixed_8_5_5_3_0_partial_sums_3_load_3 (load             ) [ 00000000000000]
conv2_ap_fixed_8_5_5_3_0_ap_fixed_8_5_5_3_0_partial_sums_4_load_3 (load             ) [ 00000000000000]
conv2_ap_fixed_8_5_5_3_0_ap_fixed_8_5_5_3_0_partial_sums_5_load_3 (load             ) [ 00000000000000]
conv2_ap_fixed_8_5_5_3_0_ap_fixed_8_5_5_3_0_partial_sums_6_load_3 (load             ) [ 00000000000000]
conv2_ap_fixed_8_5_5_3_0_ap_fixed_8_5_5_3_0_partial_sums_7_load_3 (load             ) [ 00000000000000]
conv2_ap_fixed_8_5_5_3_0_ap_fixed_8_5_5_3_0_partial_sums_8_load_3 (load             ) [ 00000000000000]
tmp_7                                                             (sparsemux        ) [ 00000000000000]
shl_ln89_3                                                        (bitconcatenate   ) [ 00000000000000]
add_ln89_5                                                        (add              ) [ 00000000000000]
sub_ln89_2                                                        (sub              ) [ 00000000000000]
icmp_ln89_4                                                       (icmp             ) [ 01000000011000]
br_ln89                                                           (br               ) [ 00000000000000]
switch_ln89                                                       (switch           ) [ 00000000000000]
store_ln89                                                        (store            ) [ 00000000000000]
br_ln89                                                           (br               ) [ 00000000000000]
store_ln89                                                        (store            ) [ 00000000000000]
br_ln89                                                           (br               ) [ 00000000000000]
store_ln89                                                        (store            ) [ 00000000000000]
br_ln89                                                           (br               ) [ 00000000000000]
store_ln89                                                        (store            ) [ 00000000000000]
br_ln89                                                           (br               ) [ 00000000000000]
store_ln89                                                        (store            ) [ 00000000000000]
br_ln89                                                           (br               ) [ 00000000000000]
store_ln89                                                        (store            ) [ 00000000000000]
br_ln89                                                           (br               ) [ 00000000000000]
store_ln89                                                        (store            ) [ 00000000000000]
br_ln89                                                           (br               ) [ 00000000000000]
store_ln89                                                        (store            ) [ 00000000000000]
br_ln89                                                           (br               ) [ 00000000000000]
trunc_ln89_3                                                      (partselect       ) [ 00000000000000]
switch_ln89                                                       (switch           ) [ 00000000000000]
store_ln89                                                        (store            ) [ 00000000000000]
br_ln89                                                           (br               ) [ 00000000000000]
store_ln89                                                        (store            ) [ 00000000000000]
br_ln89                                                           (br               ) [ 00000000000000]
store_ln89                                                        (store            ) [ 00000000000000]
br_ln89                                                           (br               ) [ 00000000000000]
store_ln89                                                        (store            ) [ 00000000000000]
br_ln89                                                           (br               ) [ 00000000000000]
store_ln89                                                        (store            ) [ 00000000000000]
br_ln89                                                           (br               ) [ 00000000000000]
store_ln89                                                        (store            ) [ 00000000000000]
br_ln89                                                           (br               ) [ 00000000000000]
store_ln89                                                        (store            ) [ 00000000000000]
br_ln89                                                           (br               ) [ 00000000000000]
store_ln89                                                        (store            ) [ 00000000000000]
br_ln89                                                           (br               ) [ 00000000000000]
zext_ln89_9                                                       (zext             ) [ 00000000000000]
sext_ln89_6                                                       (sext             ) [ 00000000000000]
mul_ln89_4                                                        (mul              ) [ 01000000001000]
zext_ln89_11                                                      (zext             ) [ 00000000000000]
sext_ln89_7                                                       (sext             ) [ 00000000000000]
mul_ln89_5                                                        (mul              ) [ 01000000001000]
br_ln89                                                           (br               ) [ 00000000000000]
br_ln90                                                           (br               ) [ 00000000000000]
conv2_ap_fixed_8_5_5_3_0_ap_fixed_8_5_5_3_0_partial_sums_load_4   (load             ) [ 00000000000000]
conv2_ap_fixed_8_5_5_3_0_ap_fixed_8_5_5_3_0_partial_sums_2_load_4 (load             ) [ 00000000000000]
conv2_ap_fixed_8_5_5_3_0_ap_fixed_8_5_5_3_0_partial_sums_3_load_4 (load             ) [ 00000000000000]
conv2_ap_fixed_8_5_5_3_0_ap_fixed_8_5_5_3_0_partial_sums_4_load_4 (load             ) [ 00000000000000]
conv2_ap_fixed_8_5_5_3_0_ap_fixed_8_5_5_3_0_partial_sums_5_load_4 (load             ) [ 00000000000000]
conv2_ap_fixed_8_5_5_3_0_ap_fixed_8_5_5_3_0_partial_sums_6_load_4 (load             ) [ 00000000000000]
conv2_ap_fixed_8_5_5_3_0_ap_fixed_8_5_5_3_0_partial_sums_7_load_4 (load             ) [ 00000000000000]
conv2_ap_fixed_8_5_5_3_0_ap_fixed_8_5_5_3_0_partial_sums_8_load_4 (load             ) [ 00000000000000]
tmp_9                                                             (sparsemux        ) [ 00000000000000]
shl_ln89_4                                                        (bitconcatenate   ) [ 00000000000000]
add_ln89_6                                                        (add              ) [ 00000000000000]
sub_ln89_3                                                        (sub              ) [ 00000000000000]
icmp_ln89_5                                                       (icmp             ) [ 01000000001100]
br_ln89                                                           (br               ) [ 00000000000000]
switch_ln89                                                       (switch           ) [ 00000000000000]
store_ln89                                                        (store            ) [ 00000000000000]
br_ln89                                                           (br               ) [ 00000000000000]
store_ln89                                                        (store            ) [ 00000000000000]
br_ln89                                                           (br               ) [ 00000000000000]
store_ln89                                                        (store            ) [ 00000000000000]
br_ln89                                                           (br               ) [ 00000000000000]
store_ln89                                                        (store            ) [ 00000000000000]
br_ln89                                                           (br               ) [ 00000000000000]
store_ln89                                                        (store            ) [ 00000000000000]
br_ln89                                                           (br               ) [ 00000000000000]
store_ln89                                                        (store            ) [ 00000000000000]
br_ln89                                                           (br               ) [ 00000000000000]
store_ln89                                                        (store            ) [ 00000000000000]
br_ln89                                                           (br               ) [ 00000000000000]
store_ln89                                                        (store            ) [ 00000000000000]
br_ln89                                                           (br               ) [ 00000000000000]
trunc_ln89_4                                                      (partselect       ) [ 00000000000000]
store_ln89                                                        (store            ) [ 00000000000000]
store_ln89                                                        (store            ) [ 00000000000000]
store_ln89                                                        (store            ) [ 00000000000000]
store_ln89                                                        (store            ) [ 00000000000000]
store_ln89                                                        (store            ) [ 00000000000000]
store_ln89                                                        (store            ) [ 00000000000000]
store_ln89                                                        (store            ) [ 00000000000000]
store_ln89                                                        (store            ) [ 00000000000000]
shl_ln89_5                                                        (bitconcatenate   ) [ 00000000000000]
add_ln89_7                                                        (add              ) [ 00000000000000]
sub_ln89_4                                                        (sub              ) [ 00000000000000]
icmp_ln89_6                                                       (icmp             ) [ 01000000001100]
br_ln89                                                           (br               ) [ 00000000000000]
switch_ln89                                                       (switch           ) [ 00000000000000]
store_ln89                                                        (store            ) [ 00000000000000]
br_ln89                                                           (br               ) [ 00000000000000]
store_ln89                                                        (store            ) [ 00000000000000]
br_ln89                                                           (br               ) [ 00000000000000]
store_ln89                                                        (store            ) [ 00000000000000]
br_ln89                                                           (br               ) [ 00000000000000]
store_ln89                                                        (store            ) [ 00000000000000]
br_ln89                                                           (br               ) [ 00000000000000]
store_ln89                                                        (store            ) [ 00000000000000]
br_ln89                                                           (br               ) [ 00000000000000]
store_ln89                                                        (store            ) [ 00000000000000]
br_ln89                                                           (br               ) [ 00000000000000]
store_ln89                                                        (store            ) [ 00000000000000]
br_ln89                                                           (br               ) [ 00000000000000]
store_ln89                                                        (store            ) [ 00000000000000]
br_ln89                                                           (br               ) [ 00000000000000]
trunc_ln89_5                                                      (partselect       ) [ 00000000000000]
switch_ln89                                                       (switch           ) [ 00000000000000]
store_ln89                                                        (store            ) [ 00000000000000]
br_ln89                                                           (br               ) [ 00000000000000]
store_ln89                                                        (store            ) [ 00000000000000]
br_ln89                                                           (br               ) [ 00000000000000]
store_ln89                                                        (store            ) [ 00000000000000]
br_ln89                                                           (br               ) [ 00000000000000]
store_ln89                                                        (store            ) [ 00000000000000]
br_ln89                                                           (br               ) [ 00000000000000]
store_ln89                                                        (store            ) [ 00000000000000]
br_ln89                                                           (br               ) [ 00000000000000]
store_ln89                                                        (store            ) [ 00000000000000]
br_ln89                                                           (br               ) [ 00000000000000]
store_ln89                                                        (store            ) [ 00000000000000]
br_ln89                                                           (br               ) [ 00000000000000]
store_ln89                                                        (store            ) [ 00000000000000]
br_ln89                                                           (br               ) [ 00000000000000]
zext_ln89_13                                                      (zext             ) [ 00000000000000]
sext_ln89_8                                                       (sext             ) [ 00000000000000]
mul_ln89_6                                                        (mul              ) [ 01000000000100]
br_ln89                                                           (br               ) [ 00000000000000]
br_ln89                                                           (br               ) [ 00000000000000]
br_ln90                                                           (br               ) [ 00000000000000]
conv2_ap_fixed_8_5_5_3_0_ap_fixed_8_5_5_3_0_partial_sums_load_5   (load             ) [ 00000000000000]
conv2_ap_fixed_8_5_5_3_0_ap_fixed_8_5_5_3_0_partial_sums_2_load_5 (load             ) [ 00000000000000]
conv2_ap_fixed_8_5_5_3_0_ap_fixed_8_5_5_3_0_partial_sums_3_load_5 (load             ) [ 00000000000000]
conv2_ap_fixed_8_5_5_3_0_ap_fixed_8_5_5_3_0_partial_sums_4_load_5 (load             ) [ 00000000000000]
conv2_ap_fixed_8_5_5_3_0_ap_fixed_8_5_5_3_0_partial_sums_5_load_5 (load             ) [ 00000000000000]
conv2_ap_fixed_8_5_5_3_0_ap_fixed_8_5_5_3_0_partial_sums_6_load_5 (load             ) [ 00000000000000]
conv2_ap_fixed_8_5_5_3_0_ap_fixed_8_5_5_3_0_partial_sums_7_load_5 (load             ) [ 00000000000000]
conv2_ap_fixed_8_5_5_3_0_ap_fixed_8_5_5_3_0_partial_sums_8_load_5 (load             ) [ 00000000000000]
tmp_s                                                             (sparsemux        ) [ 00000000000000]
shl_ln89_6                                                        (bitconcatenate   ) [ 00000000000000]
add_ln89_8                                                        (add              ) [ 00000000000000]
sub_ln89_5                                                        (sub              ) [ 00000000000000]
icmp_ln89_7                                                       (icmp             ) [ 01000000000110]
br_ln89                                                           (br               ) [ 00000000000000]
switch_ln89                                                       (switch           ) [ 00000000000000]
store_ln89                                                        (store            ) [ 00000000000000]
br_ln89                                                           (br               ) [ 00000000000000]
store_ln89                                                        (store            ) [ 00000000000000]
br_ln89                                                           (br               ) [ 00000000000000]
store_ln89                                                        (store            ) [ 00000000000000]
br_ln89                                                           (br               ) [ 00000000000000]
store_ln89                                                        (store            ) [ 00000000000000]
br_ln89                                                           (br               ) [ 00000000000000]
store_ln89                                                        (store            ) [ 00000000000000]
br_ln89                                                           (br               ) [ 00000000000000]
store_ln89                                                        (store            ) [ 00000000000000]
br_ln89                                                           (br               ) [ 00000000000000]
store_ln89                                                        (store            ) [ 00000000000000]
br_ln89                                                           (br               ) [ 00000000000000]
store_ln89                                                        (store            ) [ 00000000000000]
br_ln89                                                           (br               ) [ 00000000000000]
trunc_ln89_6                                                      (partselect       ) [ 00000000000000]
switch_ln89                                                       (switch           ) [ 00000000000000]
store_ln89                                                        (store            ) [ 00000000000000]
br_ln89                                                           (br               ) [ 00000000000000]
store_ln89                                                        (store            ) [ 00000000000000]
br_ln89                                                           (br               ) [ 00000000000000]
store_ln89                                                        (store            ) [ 00000000000000]
br_ln89                                                           (br               ) [ 00000000000000]
store_ln89                                                        (store            ) [ 00000000000000]
br_ln89                                                           (br               ) [ 00000000000000]
store_ln89                                                        (store            ) [ 00000000000000]
br_ln89                                                           (br               ) [ 00000000000000]
store_ln89                                                        (store            ) [ 00000000000000]
br_ln89                                                           (br               ) [ 00000000000000]
store_ln89                                                        (store            ) [ 00000000000000]
br_ln89                                                           (br               ) [ 00000000000000]
store_ln89                                                        (store            ) [ 00000000000000]
br_ln89                                                           (br               ) [ 00000000000000]
zext_ln89_15                                                      (zext             ) [ 00000000000000]
sext_ln89_9                                                       (sext             ) [ 00000000000000]
mul_ln89_7                                                        (mul              ) [ 01000000000010]
br_ln89                                                           (br               ) [ 00000000000000]
br_ln90                                                           (br               ) [ 00000000000000]
conv2_ap_fixed_8_5_5_3_0_ap_fixed_8_5_5_3_0_partial_sums_load_6   (load             ) [ 00000000000000]
conv2_ap_fixed_8_5_5_3_0_ap_fixed_8_5_5_3_0_partial_sums_2_load_6 (load             ) [ 00000000000000]
conv2_ap_fixed_8_5_5_3_0_ap_fixed_8_5_5_3_0_partial_sums_3_load_6 (load             ) [ 00000000000000]
conv2_ap_fixed_8_5_5_3_0_ap_fixed_8_5_5_3_0_partial_sums_4_load_6 (load             ) [ 00000000000000]
conv2_ap_fixed_8_5_5_3_0_ap_fixed_8_5_5_3_0_partial_sums_5_load_6 (load             ) [ 00000000000000]
conv2_ap_fixed_8_5_5_3_0_ap_fixed_8_5_5_3_0_partial_sums_6_load_6 (load             ) [ 00000000000000]
conv2_ap_fixed_8_5_5_3_0_ap_fixed_8_5_5_3_0_partial_sums_7_load_6 (load             ) [ 00000000000000]
conv2_ap_fixed_8_5_5_3_0_ap_fixed_8_5_5_3_0_partial_sums_8_load_6 (load             ) [ 00000000000000]
tmp_2                                                             (sparsemux        ) [ 00000000000000]
shl_ln89_7                                                        (bitconcatenate   ) [ 00000000000000]
add_ln89_9                                                        (add              ) [ 00000000000000]
sub_ln89_6                                                        (sub              ) [ 00000000000000]
icmp_ln89_8                                                       (icmp             ) [ 01000000000011]
br_ln89                                                           (br               ) [ 00000000000000]
switch_ln89                                                       (switch           ) [ 00000000000000]
store_ln89                                                        (store            ) [ 00000000000000]
br_ln89                                                           (br               ) [ 00000000000000]
store_ln89                                                        (store            ) [ 00000000000000]
br_ln89                                                           (br               ) [ 00000000000000]
store_ln89                                                        (store            ) [ 00000000000000]
br_ln89                                                           (br               ) [ 00000000000000]
store_ln89                                                        (store            ) [ 00000000000000]
br_ln89                                                           (br               ) [ 00000000000000]
store_ln89                                                        (store            ) [ 00000000000000]
br_ln89                                                           (br               ) [ 00000000000000]
store_ln89                                                        (store            ) [ 00000000000000]
br_ln89                                                           (br               ) [ 00000000000000]
store_ln89                                                        (store            ) [ 00000000000000]
br_ln89                                                           (br               ) [ 00000000000000]
store_ln89                                                        (store            ) [ 00000000000000]
br_ln89                                                           (br               ) [ 00000000000000]
trunc_ln89_7                                                      (partselect       ) [ 00000000000000]
switch_ln89                                                       (switch           ) [ 00000000000000]
store_ln89                                                        (store            ) [ 00000000000000]
br_ln89                                                           (br               ) [ 00000000000000]
store_ln89                                                        (store            ) [ 00000000000000]
br_ln89                                                           (br               ) [ 00000000000000]
store_ln89                                                        (store            ) [ 00000000000000]
br_ln89                                                           (br               ) [ 00000000000000]
store_ln89                                                        (store            ) [ 00000000000000]
br_ln89                                                           (br               ) [ 00000000000000]
store_ln89                                                        (store            ) [ 00000000000000]
br_ln89                                                           (br               ) [ 00000000000000]
store_ln89                                                        (store            ) [ 00000000000000]
br_ln89                                                           (br               ) [ 00000000000000]
store_ln89                                                        (store            ) [ 00000000000000]
br_ln89                                                           (br               ) [ 00000000000000]
store_ln89                                                        (store            ) [ 00000000000000]
br_ln89                                                           (br               ) [ 00000000000000]
zext_ln89_17                                                      (zext             ) [ 00000000000000]
sext_ln89_10                                                      (sext             ) [ 00000000000000]
mul_ln89_8                                                        (mul              ) [ 01000000000001]
switch_ln89                                                       (switch           ) [ 00000000000000]
br_ln89                                                           (br               ) [ 00000000000000]
br_ln89                                                           (br               ) [ 00000000000000]
br_ln89                                                           (br               ) [ 00000000000000]
br_ln89                                                           (br               ) [ 00000000000000]
br_ln89                                                           (br               ) [ 00000000000000]
br_ln89                                                           (br               ) [ 00000000000000]
br_ln89                                                           (br               ) [ 00000000000000]
br_ln89                                                           (br               ) [ 00000000000000]
br_ln89                                                           (br               ) [ 00000000000000]
br_ln90                                                           (br               ) [ 00000000000000]
conv2_ap_fixed_8_5_5_3_0_ap_fixed_8_5_5_3_0_partial_sums_load_7   (load             ) [ 00000000000000]
conv2_ap_fixed_8_5_5_3_0_ap_fixed_8_5_5_3_0_partial_sums_2_load_7 (load             ) [ 00000000000000]
conv2_ap_fixed_8_5_5_3_0_ap_fixed_8_5_5_3_0_partial_sums_3_load_7 (load             ) [ 00000000000000]
conv2_ap_fixed_8_5_5_3_0_ap_fixed_8_5_5_3_0_partial_sums_4_load_7 (load             ) [ 00000000000000]
conv2_ap_fixed_8_5_5_3_0_ap_fixed_8_5_5_3_0_partial_sums_5_load_7 (load             ) [ 00000000000000]
conv2_ap_fixed_8_5_5_3_0_ap_fixed_8_5_5_3_0_partial_sums_6_load_7 (load             ) [ 00000000000000]
conv2_ap_fixed_8_5_5_3_0_ap_fixed_8_5_5_3_0_partial_sums_7_load_7 (load             ) [ 00000000000000]
conv2_ap_fixed_8_5_5_3_0_ap_fixed_8_5_5_3_0_partial_sums_8_load_7 (load             ) [ 00000000000000]
tmp_4                                                             (sparsemux        ) [ 00000000000000]
shl_ln89_8                                                        (bitconcatenate   ) [ 00000000000000]
add_ln89_10                                                       (add              ) [ 00000000000000]
sub_ln89_7                                                        (sub              ) [ 00000000000000]
icmp_ln89_9                                                       (icmp             ) [ 01000000000001]
br_ln89                                                           (br               ) [ 00000000000000]
switch_ln89                                                       (switch           ) [ 00000000000000]
store_ln89                                                        (store            ) [ 00000000000000]
br_ln89                                                           (br               ) [ 00000000000000]
store_ln89                                                        (store            ) [ 00000000000000]
br_ln89                                                           (br               ) [ 00000000000000]
store_ln89                                                        (store            ) [ 00000000000000]
br_ln89                                                           (br               ) [ 00000000000000]
store_ln89                                                        (store            ) [ 00000000000000]
br_ln89                                                           (br               ) [ 00000000000000]
store_ln89                                                        (store            ) [ 00000000000000]
br_ln89                                                           (br               ) [ 00000000000000]
store_ln89                                                        (store            ) [ 00000000000000]
br_ln89                                                           (br               ) [ 00000000000000]
store_ln89                                                        (store            ) [ 00000000000000]
br_ln89                                                           (br               ) [ 00000000000000]
store_ln89                                                        (store            ) [ 00000000000000]
br_ln89                                                           (br               ) [ 00000000000000]
br_ln89                                                           (br               ) [ 00000000000000]
trunc_ln89_8                                                      (partselect       ) [ 00000000000000]
store_ln89                                                        (store            ) [ 00000000000000]
store_ln89                                                        (store            ) [ 00000000000000]
store_ln89                                                        (store            ) [ 00000000000000]
store_ln89                                                        (store            ) [ 00000000000000]
store_ln89                                                        (store            ) [ 00000000000000]
store_ln89                                                        (store            ) [ 00000000000000]
store_ln89                                                        (store            ) [ 00000000000000]
store_ln89                                                        (store            ) [ 00000000000000]
br_ln90                                                           (br               ) [ 00000000000000]
ret_ln0                                                           (ret              ) [ 00000000000000]
</LifeTime>

<model>

<comp_list>
<comp id="0" class="1000" name="add_ln85">
<pin_list>
<pin id="1" dir="1" index="0" bw="1" slack="0"/>
</pin_list>
<bind>
<StgValue><ssdm name="add_ln85"/></StgValue>
</bind>
</comp>

<comp id="2" class="1000" name="add_ln83">
<pin_list>
<pin id="3" dir="1" index="0" bw="1" slack="0"/>
</pin_list>
<bind>
<StgValue><ssdm name="add_ln83"/></StgValue>
</bind>
</comp>

<comp id="4" class="1000" name="add_ln83_1">
<pin_list>
<pin id="5" dir="1" index="0" bw="1" slack="0"/>
</pin_list>
<bind>
<StgValue><ssdm name="add_ln83_1"/></StgValue>
</bind>
</comp>

<comp id="6" class="1000" name="add_ln82">
<pin_list>
<pin id="7" dir="1" index="0" bw="1" slack="0"/>
</pin_list>
<bind>
<StgValue><ssdm name="add_ln82"/></StgValue>
</bind>
</comp>

<comp id="8" class="1000" name="and_ln85_3">
<pin_list>
<pin id="9" dir="1" index="0" bw="1" slack="0"/>
</pin_list>
<bind>
<StgValue><ssdm name="and_ln85_3"/></StgValue>
</bind>
</comp>

<comp id="10" class="1000" name="sext_ln85">
<pin_list>
<pin id="11" dir="1" index="0" bw="1" slack="0"/>
</pin_list>
<bind>
<StgValue><ssdm name="sext_ln85"/></StgValue>
</bind>
</comp>

<comp id="12" class="1000" name="input_0">
<pin_list>
<pin id="13" dir="1" index="0" bw="1" slack="0"/>
</pin_list>
<bind>
<StgValue><ssdm name="input_0"/><MemPortTyVec>1 1 </MemPortTyVec>
</StgValue>
</bind>
</comp>

<comp id="14" class="1000" name="input_1">
<pin_list>
<pin id="15" dir="1" index="0" bw="1" slack="0"/>
</pin_list>
<bind>
<StgValue><ssdm name="input_1"/><MemPortTyVec>1 1 </MemPortTyVec>
</StgValue>
</bind>
</comp>

<comp id="16" class="1000" name="input_2">
<pin_list>
<pin id="17" dir="1" index="0" bw="1" slack="0"/>
</pin_list>
<bind>
<StgValue><ssdm name="input_2"/><MemPortTyVec>1 1 </MemPortTyVec>
</StgValue>
</bind>
</comp>

<comp id="18" class="1000" name="input_3">
<pin_list>
<pin id="19" dir="1" index="0" bw="1" slack="0"/>
</pin_list>
<bind>
<StgValue><ssdm name="input_3"/><MemPortTyVec>1 1 </MemPortTyVec>
</StgValue>
</bind>
</comp>

<comp id="20" class="1000" name="input_4">
<pin_list>
<pin id="21" dir="1" index="0" bw="1" slack="0"/>
</pin_list>
<bind>
<StgValue><ssdm name="input_4"/><MemPortTyVec>1 1 </MemPortTyVec>
</StgValue>
</bind>
</comp>

<comp id="22" class="1000" name="input_5">
<pin_list>
<pin id="23" dir="1" index="0" bw="1" slack="0"/>
</pin_list>
<bind>
<StgValue><ssdm name="input_5"/><MemPortTyVec>1 1 </MemPortTyVec>
</StgValue>
</bind>
</comp>

<comp id="24" class="1000" name="input_6">
<pin_list>
<pin id="25" dir="1" index="0" bw="1" slack="0"/>
</pin_list>
<bind>
<StgValue><ssdm name="input_6"/><MemPortTyVec>1 1 </MemPortTyVec>
</StgValue>
</bind>
</comp>

<comp id="26" class="1000" name="input_7">
<pin_list>
<pin id="27" dir="1" index="0" bw="1" slack="0"/>
</pin_list>
<bind>
<StgValue><ssdm name="input_7"/><MemPortTyVec>1 1 </MemPortTyVec>
</StgValue>
</bind>
</comp>

<comp id="28" class="1000" name="zext_ln82">
<pin_list>
<pin id="29" dir="1" index="0" bw="1" slack="0"/>
</pin_list>
<bind>
<StgValue><ssdm name="zext_ln82"/></StgValue>
</bind>
</comp>

<comp id="30" class="1000" name="and_ln85_2">
<pin_list>
<pin id="31" dir="1" index="0" bw="1" slack="0"/>
</pin_list>
<bind>
<StgValue><ssdm name="and_ln85_2"/></StgValue>
</bind>
</comp>

<comp id="32" class="1000" name="zext_ln70_1">
<pin_list>
<pin id="33" dir="1" index="0" bw="1" slack="0"/>
</pin_list>
<bind>
<StgValue><ssdm name="zext_ln70_1"/></StgValue>
</bind>
</comp>

<comp id="34" class="1000" name="and_ln85_1">
<pin_list>
<pin id="35" dir="1" index="0" bw="1" slack="0"/>
</pin_list>
<bind>
<StgValue><ssdm name="and_ln85_1"/></StgValue>
</bind>
</comp>

<comp id="36" class="1000" name="shl_ln">
<pin_list>
<pin id="37" dir="1" index="0" bw="1" slack="0"/>
</pin_list>
<bind>
<StgValue><ssdm name="shl_ln"/></StgValue>
</bind>
</comp>

<comp id="38" class="1000" name="mul_ln104">
<pin_list>
<pin id="39" dir="1" index="0" bw="1" slack="0"/>
</pin_list>
<bind>
<StgValue><ssdm name="mul_ln104"/></StgValue>
</bind>
</comp>

<comp id="40" class="1000" name="empty">
<pin_list>
<pin id="41" dir="1" index="0" bw="1" slack="0"/>
</pin_list>
<bind>
<StgValue><ssdm name="empty"/></StgValue>
</bind>
</comp>

<comp id="42" class="1000" name="and_ln85">
<pin_list>
<pin id="43" dir="1" index="0" bw="1" slack="0"/>
</pin_list>
<bind>
<StgValue><ssdm name="and_ln85"/></StgValue>
</bind>
</comp>

<comp id="44" class="1000" name="zext_ln85_1">
<pin_list>
<pin id="45" dir="1" index="0" bw="1" slack="0"/>
</pin_list>
<bind>
<StgValue><ssdm name="zext_ln85_1"/></StgValue>
</bind>
</comp>

<comp id="46" class="1000" name="conv2_ap_fixed_8_5_5_3_0_ap_fixed_8_5_5_3_0_partial_sums">
<pin_list>
<pin id="47" dir="1" index="0" bw="1" slack="0"/>
</pin_list>
<bind>
<StgValue><ssdm name="conv2_ap_fixed_8_5_5_3_0_ap_fixed_8_5_5_3_0_partial_sums"/></StgValue>
</bind>
</comp>

<comp id="48" class="1000" name="p_ZL12conv2_weight_6">
<pin_list>
<pin id="49" dir="1" index="0" bw="1" slack="0"/>
</pin_list>
<bind>
<StgValue><ssdm name="p_ZL12conv2_weight_6"/><MemPortTyVec>1 </MemPortTyVec>
</StgValue>
</bind>
</comp>

<comp id="50" class="1000" name="conv2_ap_fixed_8_5_5_3_0_ap_fixed_8_5_5_3_0_partial_sums_2">
<pin_list>
<pin id="51" dir="1" index="0" bw="1" slack="0"/>
</pin_list>
<bind>
<StgValue><ssdm name="conv2_ap_fixed_8_5_5_3_0_ap_fixed_8_5_5_3_0_partial_sums_2"/></StgValue>
</bind>
</comp>

<comp id="52" class="1000" name="conv2_ap_fixed_8_5_5_3_0_ap_fixed_8_5_5_3_0_partial_sums_3">
<pin_list>
<pin id="53" dir="1" index="0" bw="1" slack="0"/>
</pin_list>
<bind>
<StgValue><ssdm name="conv2_ap_fixed_8_5_5_3_0_ap_fixed_8_5_5_3_0_partial_sums_3"/></StgValue>
</bind>
</comp>

<comp id="54" class="1000" name="conv2_ap_fixed_8_5_5_3_0_ap_fixed_8_5_5_3_0_partial_sums_4">
<pin_list>
<pin id="55" dir="1" index="0" bw="1" slack="0"/>
</pin_list>
<bind>
<StgValue><ssdm name="conv2_ap_fixed_8_5_5_3_0_ap_fixed_8_5_5_3_0_partial_sums_4"/></StgValue>
</bind>
</comp>

<comp id="56" class="1000" name="conv2_ap_fixed_8_5_5_3_0_ap_fixed_8_5_5_3_0_partial_sums_5">
<pin_list>
<pin id="57" dir="1" index="0" bw="1" slack="0"/>
</pin_list>
<bind>
<StgValue><ssdm name="conv2_ap_fixed_8_5_5_3_0_ap_fixed_8_5_5_3_0_partial_sums_5"/></StgValue>
</bind>
</comp>

<comp id="58" class="1000" name="conv2_ap_fixed_8_5_5_3_0_ap_fixed_8_5_5_3_0_partial_sums_6">
<pin_list>
<pin id="59" dir="1" index="0" bw="1" slack="0"/>
</pin_list>
<bind>
<StgValue><ssdm name="conv2_ap_fixed_8_5_5_3_0_ap_fixed_8_5_5_3_0_partial_sums_6"/></StgValue>
</bind>
</comp>

<comp id="60" class="1000" name="conv2_ap_fixed_8_5_5_3_0_ap_fixed_8_5_5_3_0_partial_sums_7">
<pin_list>
<pin id="61" dir="1" index="0" bw="1" slack="0"/>
</pin_list>
<bind>
<StgValue><ssdm name="conv2_ap_fixed_8_5_5_3_0_ap_fixed_8_5_5_3_0_partial_sums_7"/></StgValue>
</bind>
</comp>

<comp id="62" class="1000" name="conv2_ap_fixed_8_5_5_3_0_ap_fixed_8_5_5_3_0_partial_sums_8">
<pin_list>
<pin id="63" dir="1" index="0" bw="1" slack="0"/>
</pin_list>
<bind>
<StgValue><ssdm name="conv2_ap_fixed_8_5_5_3_0_ap_fixed_8_5_5_3_0_partial_sums_8"/></StgValue>
</bind>
</comp>

<comp id="64" class="1000" name="p_ZL12conv2_weight_4">
<pin_list>
<pin id="65" dir="1" index="0" bw="1" slack="0"/>
</pin_list>
<bind>
<StgValue><ssdm name="p_ZL12conv2_weight_4"/><MemPortTyVec>1 </MemPortTyVec>
</StgValue>
</bind>
</comp>

<comp id="66" class="1000" name="p_ZL12conv2_weight_3">
<pin_list>
<pin id="67" dir="1" index="0" bw="1" slack="0"/>
</pin_list>
<bind>
<StgValue><ssdm name="p_ZL12conv2_weight_3"/><MemPortTyVec>1 </MemPortTyVec>
</StgValue>
</bind>
</comp>

<comp id="68" class="1000" name="p_ZL12conv2_weight_0">
<pin_list>
<pin id="69" dir="1" index="0" bw="1" slack="0"/>
</pin_list>
<bind>
<StgValue><ssdm name="p_ZL12conv2_weight_0"/><MemPortTyVec>1 </MemPortTyVec>
</StgValue>
</bind>
</comp>

<comp id="70" class="1000" name="p_ZL12conv2_weight_1">
<pin_list>
<pin id="71" dir="1" index="0" bw="1" slack="0"/>
</pin_list>
<bind>
<StgValue><ssdm name="p_ZL12conv2_weight_1"/><MemPortTyVec>1 </MemPortTyVec>
</StgValue>
</bind>
</comp>

<comp id="72" class="1000" name="p_ZL12conv2_weight_2">
<pin_list>
<pin id="73" dir="1" index="0" bw="1" slack="0"/>
</pin_list>
<bind>
<StgValue><ssdm name="p_ZL12conv2_weight_2"/><MemPortTyVec>1 </MemPortTyVec>
</StgValue>
</bind>
</comp>

<comp id="74" class="1000" name="p_ZL12conv2_weight_5">
<pin_list>
<pin id="75" dir="1" index="0" bw="1" slack="0"/>
</pin_list>
<bind>
<StgValue><ssdm name="p_ZL12conv2_weight_5"/><MemPortTyVec>1 </MemPortTyVec>
</StgValue>
</bind>
</comp>

<comp id="76" class="1000" name="p_ZL12conv2_weight_7">
<pin_list>
<pin id="77" dir="1" index="0" bw="1" slack="0"/>
</pin_list>
<bind>
<StgValue><ssdm name="p_ZL12conv2_weight_7"/><MemPortTyVec>1 </MemPortTyVec>
</StgValue>
</bind>
</comp>

<comp id="78" class="1000" name="p_ZL12conv2_weight_8">
<pin_list>
<pin id="79" dir="1" index="0" bw="1" slack="0"/>
</pin_list>
<bind>
<StgValue><ssdm name="p_ZL12conv2_weight_8"/><MemPortTyVec>1 </MemPortTyVec>
</StgValue>
</bind>
</comp>

<comp id="80" class="1001" name="const_80">
<pin_list>
<pin id="81" dir="1" index="0" bw="1" slack="0"/>
</pin_list>
<bind>
<StgValue><ssdm name=""/></StgValue>
</bind>
</comp>

<comp id="82" class="1001" name="const_82">
<pin_list>
<pin id="83" dir="1" index="0" bw="1" slack="0"/>
</pin_list>
<bind>
<StgValue><ssdm name="_ssdm_op_Read.ap_auto.i4"/></StgValue>
</bind>
</comp>

<comp id="84" class="1001" name="const_84">
<pin_list>
<pin id="85" dir="1" index="0" bw="1" slack="0"/>
</pin_list>
<bind>
<StgValue><ssdm name="_ssdm_op_Read.ap_auto.i1"/></StgValue>
</bind>
</comp>

<comp id="86" class="1001" name="const_86">
<pin_list>
<pin id="87" dir="1" index="0" bw="1" slack="0"/>
</pin_list>
<bind>
<StgValue><ssdm name="_ssdm_op_Read.ap_auto.i3"/></StgValue>
</bind>
</comp>

<comp id="88" class="1001" name="const_88">
<pin_list>
<pin id="89" dir="1" index="0" bw="1" slack="0"/>
</pin_list>
<bind>
<StgValue><ssdm name="_ssdm_op_Read.ap_auto.i7"/></StgValue>
</bind>
</comp>

<comp id="90" class="1001" name="const_90">
<pin_list>
<pin id="91" dir="1" index="0" bw="1" slack="0"/>
</pin_list>
<bind>
<StgValue><ssdm name="_ssdm_op_Read.ap_auto.i8"/></StgValue>
</bind>
</comp>

<comp id="92" class="1001" name="const_92">
<pin_list>
<pin id="93" dir="1" index="0" bw="1" slack="0"/>
</pin_list>
<bind>
<StgValue><ssdm name="_ssdm_op_Read.ap_auto.i5"/></StgValue>
</bind>
</comp>

<comp id="94" class="1001" name="const_94">
<pin_list>
<pin id="95" dir="1" index="0" bw="1" slack="2147483647"/>
</pin_list>
<bind>
<StgValue><ssdm name="_ssdm_op_SpecMemCore"/></StgValue>
</bind>
</comp>

<comp id="96" class="1001" name="const_96">
<pin_list>
<pin id="97" dir="1" index="0" bw="1" slack="2147483647"/>
</pin_list>
<bind>
<StgValue><ssdm name=""/></StgValue>
</bind>
</comp>

<comp id="98" class="1001" name="const_98">
<pin_list>
<pin id="99" dir="1" index="0" bw="1" slack="2147483647"/>
</pin_list>
<bind>
<StgValue><ssdm name=""/></StgValue>
</bind>
</comp>

<comp id="100" class="1001" name="const_100">
<pin_list>
<pin id="101" dir="1" index="0" bw="1" slack="2147483647"/>
</pin_list>
<bind>
<StgValue><ssdm name=""/></StgValue>
</bind>
</comp>

<comp id="102" class="1001" name="const_102">
<pin_list>
<pin id="103" dir="1" index="0" bw="1" slack="2147483647"/>
</pin_list>
<bind>
<StgValue><ssdm name=""/></StgValue>
</bind>
</comp>

<comp id="104" class="1001" name="const_104">
<pin_list>
<pin id="105" dir="1" index="0" bw="1" slack="0"/>
</pin_list>
<bind>
<StgValue><ssdm name=""/></StgValue>
</bind>
</comp>

<comp id="106" class="1001" name="const_106">
<pin_list>
<pin id="107" dir="1" index="0" bw="1" slack="0"/>
</pin_list>
<bind>
<StgValue><ssdm name=""/></StgValue>
</bind>
</comp>

<comp id="108" class="1001" name="const_108">
<pin_list>
<pin id="109" dir="1" index="0" bw="1" slack="0"/>
</pin_list>
<bind>
<StgValue><ssdm name=""/></StgValue>
</bind>
</comp>

<comp id="110" class="1001" name="const_110">
<pin_list>
<pin id="111" dir="1" index="0" bw="1" slack="0"/>
</pin_list>
<bind>
<StgValue><ssdm name=""/></StgValue>
</bind>
</comp>

<comp id="112" class="1001" name="const_112">
<pin_list>
<pin id="113" dir="1" index="0" bw="1" slack="0"/>
</pin_list>
<bind>
<StgValue><ssdm name=""/></StgValue>
</bind>
</comp>

<comp id="114" class="1001" name="const_114">
<pin_list>
<pin id="115" dir="1" index="0" bw="1" slack="0"/>
</pin_list>
<bind>
<StgValue><ssdm name=""/></StgValue>
</bind>
</comp>

<comp id="116" class="1001" name="const_116">
<pin_list>
<pin id="117" dir="1" index="0" bw="1" slack="0"/>
</pin_list>
<bind>
<StgValue><ssdm name="_ssdm_op_BitConcatenate.i3.i1.i2"/></StgValue>
</bind>
</comp>

<comp id="118" class="1001" name="const_118">
<pin_list>
<pin id="119" dir="1" index="0" bw="1" slack="0"/>
</pin_list>
<bind>
<StgValue><ssdm name=""/></StgValue>
</bind>
</comp>

<comp id="120" class="1001" name="const_120">
<pin_list>
<pin id="121" dir="1" index="0" bw="1" slack="2147483647"/>
</pin_list>
<bind>
<StgValue><ssdm name="_ssdm_op_SpecPipeline"/></StgValue>
</bind>
</comp>

<comp id="122" class="1001" name="const_122">
<pin_list>
<pin id="123" dir="1" index="0" bw="1" slack="2147483647"/>
</pin_list>
<bind>
<StgValue><ssdm name=""/></StgValue>
</bind>
</comp>

<comp id="124" class="1001" name="const_124">
<pin_list>
<pin id="125" dir="1" index="0" bw="1" slack="2147483647"/>
</pin_list>
<bind>
<StgValue><ssdm name=""/></StgValue>
</bind>
</comp>

<comp id="126" class="1001" name="const_126">
<pin_list>
<pin id="127" dir="1" index="0" bw="1" slack="2147483647"/>
</pin_list>
<bind>
<StgValue><ssdm name="empty_22"/></StgValue>
</bind>
</comp>

<comp id="128" class="1001" name="const_128">
<pin_list>
<pin id="129" dir="1" index="0" bw="1" slack="2147483647"/>
</pin_list>
<bind>
<StgValue><ssdm name="_ssdm_op_SpecLoopTripCount"/></StgValue>
</bind>
</comp>

<comp id="130" class="1001" name="const_130">
<pin_list>
<pin id="131" dir="1" index="0" bw="1" slack="2147483647"/>
</pin_list>
<bind>
<StgValue><ssdm name=""/></StgValue>
</bind>
</comp>

<comp id="132" class="1001" name="const_132">
<pin_list>
<pin id="133" dir="1" index="0" bw="1" slack="2147483647"/>
</pin_list>
<bind>
<StgValue><ssdm name="_ssdm_op_SpecLoopName"/></StgValue>
</bind>
</comp>

<comp id="134" class="1001" name="const_134">
<pin_list>
<pin id="135" dir="1" index="0" bw="1" slack="2147483647"/>
</pin_list>
<bind>
<StgValue><ssdm name="empty_4"/></StgValue>
</bind>
</comp>

<comp id="136" class="1001" name="const_136">
<pin_list>
<pin id="137" dir="1" index="0" bw="1" slack="0"/>
</pin_list>
<bind>
<StgValue><ssdm name=""/></StgValue>
</bind>
</comp>

<comp id="138" class="1001" name="const_138">
<pin_list>
<pin id="139" dir="1" index="0" bw="1" slack="0"/>
</pin_list>
<bind>
<StgValue><ssdm name=""/></StgValue>
</bind>
</comp>

<comp id="140" class="1001" name="const_140">
<pin_list>
<pin id="141" dir="1" index="0" bw="1" slack="0"/>
</pin_list>
<bind>
<StgValue><ssdm name="_ssdm_op_PartSelect.i8.i11.i32.i32"/></StgValue>
</bind>
</comp>

<comp id="142" class="1001" name="const_142">
<pin_list>
<pin id="143" dir="1" index="0" bw="1" slack="0"/>
</pin_list>
<bind>
<StgValue><ssdm name=""/></StgValue>
</bind>
</comp>

<comp id="144" class="1001" name="const_144">
<pin_list>
<pin id="145" dir="1" index="0" bw="1" slack="0"/>
</pin_list>
<bind>
<StgValue><ssdm name=""/></StgValue>
</bind>
</comp>

<comp id="146" class="1001" name="const_146">
<pin_list>
<pin id="147" dir="1" index="0" bw="1" slack="0"/>
</pin_list>
<bind>
<StgValue><ssdm name=""/></StgValue>
</bind>
</comp>

<comp id="148" class="1001" name="const_148">
<pin_list>
<pin id="149" dir="1" index="0" bw="1" slack="0"/>
</pin_list>
<bind>
<StgValue><ssdm name=""/></StgValue>
</bind>
</comp>

<comp id="150" class="1001" name="const_150">
<pin_list>
<pin id="151" dir="1" index="0" bw="1" slack="0"/>
</pin_list>
<bind>
<StgValue><ssdm name=""/></StgValue>
</bind>
</comp>

<comp id="152" class="1001" name="const_152">
<pin_list>
<pin id="153" dir="1" index="0" bw="1" slack="0"/>
</pin_list>
<bind>
<StgValue><ssdm name=""/></StgValue>
</bind>
</comp>

<comp id="154" class="1001" name="const_154">
<pin_list>
<pin id="155" dir="1" index="0" bw="1" slack="0"/>
</pin_list>
<bind>
<StgValue><ssdm name=""/></StgValue>
</bind>
</comp>

<comp id="156" class="1001" name="const_156">
<pin_list>
<pin id="157" dir="1" index="0" bw="1" slack="0"/>
</pin_list>
<bind>
<StgValue><ssdm name=""/></StgValue>
</bind>
</comp>

<comp id="158" class="1001" name="const_158">
<pin_list>
<pin id="159" dir="1" index="0" bw="1" slack="0"/>
</pin_list>
<bind>
<StgValue><ssdm name=""/></StgValue>
</bind>
</comp>

<comp id="160" class="1001" name="const_160">
<pin_list>
<pin id="161" dir="1" index="0" bw="1" slack="0"/>
</pin_list>
<bind>
<StgValue><ssdm name=""/></StgValue>
</bind>
</comp>

<comp id="162" class="1001" name="const_162">
<pin_list>
<pin id="163" dir="1" index="0" bw="1" slack="0"/>
</pin_list>
<bind>
<StgValue><ssdm name=""/></StgValue>
</bind>
</comp>

<comp id="164" class="1001" name="const_164">
<pin_list>
<pin id="165" dir="1" index="0" bw="1" slack="0"/>
</pin_list>
<bind>
<StgValue><ssdm name="_ssdm_op_SparseMux.ap_auto.8i7.i7.i3"/></StgValue>
</bind>
</comp>

<comp id="166" class="1001" name="const_166">
<pin_list>
<pin id="167" dir="1" index="0" bw="1" slack="0"/>
</pin_list>
<bind>
<StgValue><ssdm name=""/></StgValue>
</bind>
</comp>

<comp id="168" class="1001" name="const_168">
<pin_list>
<pin id="169" dir="1" index="0" bw="1" slack="0"/>
</pin_list>
<bind>
<StgValue><ssdm name=""/></StgValue>
</bind>
</comp>

<comp id="170" class="1001" name="const_170">
<pin_list>
<pin id="171" dir="1" index="0" bw="1" slack="0"/>
</pin_list>
<bind>
<StgValue><ssdm name="_ssdm_op_SparseMux.ap_auto.8i8.i8.i3"/></StgValue>
</bind>
</comp>

<comp id="172" class="1001" name="const_172">
<pin_list>
<pin id="173" dir="1" index="0" bw="1" slack="0"/>
</pin_list>
<bind>
<StgValue><ssdm name=""/></StgValue>
</bind>
</comp>

<comp id="174" class="1001" name="const_174">
<pin_list>
<pin id="175" dir="1" index="0" bw="1" slack="0"/>
</pin_list>
<bind>
<StgValue><ssdm name="_ssdm_op_BitConcatenate.i11.i8.i3"/></StgValue>
</bind>
</comp>

<comp id="176" class="1001" name="const_176">
<pin_list>
<pin id="177" dir="1" index="0" bw="1" slack="0"/>
</pin_list>
<bind>
<StgValue><ssdm name=""/></StgValue>
</bind>
</comp>

<comp id="178" class="1001" name="const_178">
<pin_list>
<pin id="179" dir="1" index="0" bw="1" slack="0"/>
</pin_list>
<bind>
<StgValue><ssdm name=""/></StgValue>
</bind>
</comp>

<comp id="180" class="1001" name="const_180">
<pin_list>
<pin id="181" dir="1" index="0" bw="1" slack="0"/>
</pin_list>
<bind>
<StgValue><ssdm name="_ssdm_op_PartSelect.i8.i12.i32.i32"/></StgValue>
</bind>
</comp>

<comp id="182" class="1004" name="phi_mul_fu_182">
<pin_list>
<pin id="183" dir="0" index="0" bw="1" slack="0"/>
<pin id="184" dir="1" index="1" bw="11" slack="0"/>
</pin_list>
<bind>
<opcode="alloca(26) " fcode="alloca"/>
<opset="phi_mul/1 "/>
</bind>
</comp>

<comp id="186" class="1004" name="ci_fu_186">
<pin_list>
<pin id="187" dir="0" index="0" bw="1" slack="0"/>
<pin id="188" dir="1" index="1" bw="4" slack="0"/>
</pin_list>
<bind>
<opcode="alloca(26) " fcode="alloca"/>
<opset="ci/1 "/>
</bind>
</comp>

<comp id="190" class="1004" name="zext_ln85_1_read_read_fu_190">
<pin_list>
<pin id="191" dir="0" index="0" bw="4" slack="0"/>
<pin id="192" dir="0" index="1" bw="4" slack="0"/>
<pin id="193" dir="1" index="2" bw="4" slack="0"/>
</pin_list>
<bind>
<opcode="read(1150) " fcode="read"/>
<opset="zext_ln85_1_read/1 "/>
</bind>
</comp>

<comp id="196" class="1004" name="and_ln85_read_read_fu_196">
<pin_list>
<pin id="197" dir="0" index="0" bw="1" slack="0"/>
<pin id="198" dir="0" index="1" bw="1" slack="0"/>
<pin id="199" dir="1" index="2" bw="1" slack="1"/>
</pin_list>
<bind>
<opcode="read(1150) " fcode="read"/>
<opset="and_ln85_read/1 "/>
</bind>
</comp>

<comp id="202" class="1004" name="tmp_read_fu_202">
<pin_list>
<pin id="203" dir="0" index="0" bw="3" slack="0"/>
<pin id="204" dir="0" index="1" bw="3" slack="0"/>
<pin id="205" dir="1" index="2" bw="3" slack="0"/>
</pin_list>
<bind>
<opcode="read(1150) " fcode="read"/>
<opset="tmp/1 "/>
</bind>
</comp>

<comp id="208" class="1004" name="mul_ln104_read_read_fu_208">
<pin_list>
<pin id="209" dir="0" index="0" bw="3" slack="0"/>
<pin id="210" dir="0" index="1" bw="3" slack="0"/>
<pin id="211" dir="1" index="2" bw="3" slack="0"/>
</pin_list>
<bind>
<opcode="read(1150) " fcode="read"/>
<opset="mul_ln104_read/1 "/>
</bind>
</comp>

<comp id="214" class="1004" name="shl_ln_read_read_fu_214">
<pin_list>
<pin id="215" dir="0" index="0" bw="7" slack="0"/>
<pin id="216" dir="0" index="1" bw="7" slack="0"/>
<pin id="217" dir="1" index="2" bw="7" slack="1"/>
</pin_list>
<bind>
<opcode="read(1150) " fcode="read"/>
<opset="shl_ln_read/1 "/>
</bind>
</comp>

<comp id="220" class="1004" name="and_ln85_1_read_read_fu_220">
<pin_list>
<pin id="221" dir="0" index="0" bw="1" slack="0"/>
<pin id="222" dir="0" index="1" bw="1" slack="0"/>
<pin id="223" dir="1" index="2" bw="1" slack="1"/>
</pin_list>
<bind>
<opcode="read(1150) " fcode="read"/>
<opset="and_ln85_1_read/1 "/>
</bind>
</comp>

<comp id="226" class="1004" name="zext_ln70_1_read_read_fu_226">
<pin_list>
<pin id="227" dir="0" index="0" bw="4" slack="0"/>
<pin id="228" dir="0" index="1" bw="4" slack="0"/>
<pin id="229" dir="1" index="2" bw="4" slack="0"/>
</pin_list>
<bind>
<opcode="read(1150) " fcode="read"/>
<opset="zext_ln70_1_read/1 "/>
</bind>
</comp>

<comp id="232" class="1004" name="and_ln85_2_read_read_fu_232">
<pin_list>
<pin id="233" dir="0" index="0" bw="1" slack="0"/>
<pin id="234" dir="0" index="1" bw="1" slack="0"/>
<pin id="235" dir="1" index="2" bw="1" slack="1"/>
</pin_list>
<bind>
<opcode="read(1150) " fcode="read"/>
<opset="and_ln85_2_read/1 "/>
</bind>
</comp>

<comp id="238" class="1004" name="zext_ln82_read_read_fu_238">
<pin_list>
<pin id="239" dir="0" index="0" bw="8" slack="0"/>
<pin id="240" dir="0" index="1" bw="8" slack="0"/>
<pin id="241" dir="1" index="2" bw="8" slack="0"/>
</pin_list>
<bind>
<opcode="read(1150) " fcode="read"/>
<opset="zext_ln82_read/1 "/>
</bind>
</comp>

<comp id="244" class="1004" name="sext_ln85_read_read_fu_244">
<pin_list>
<pin id="245" dir="0" index="0" bw="5" slack="0"/>
<pin id="246" dir="0" index="1" bw="5" slack="0"/>
<pin id="247" dir="1" index="2" bw="5" slack="0"/>
</pin_list>
<bind>
<opcode="read(1150) " fcode="read"/>
<opset="sext_ln85_read/1 "/>
</bind>
</comp>

<comp id="250" class="1004" name="and_ln85_3_read_read_fu_250">
<pin_list>
<pin id="251" dir="0" index="0" bw="1" slack="0"/>
<pin id="252" dir="0" index="1" bw="1" slack="0"/>
<pin id="253" dir="1" index="2" bw="1" slack="1"/>
</pin_list>
<bind>
<opcode="read(1150) " fcode="read"/>
<opset="and_ln85_3_read/1 "/>
</bind>
</comp>

<comp id="256" class="1004" name="add_ln82_read_read_fu_256">
<pin_list>
<pin id="257" dir="0" index="0" bw="4" slack="0"/>
<pin id="258" dir="0" index="1" bw="4" slack="0"/>
<pin id="259" dir="1" index="2" bw="4" slack="0"/>
</pin_list>
<bind>
<opcode="read(1150) " fcode="read"/>
<opset="add_ln82_read/1 "/>
</bind>
</comp>

<comp id="262" class="1004" name="add_ln83_1_read_read_fu_262">
<pin_list>
<pin id="263" dir="0" index="0" bw="4" slack="0"/>
<pin id="264" dir="0" index="1" bw="4" slack="0"/>
<pin id="265" dir="1" index="2" bw="4" slack="0"/>
</pin_list>
<bind>
<opcode="read(1150) " fcode="read"/>
<opset="add_ln83_1_read/1 "/>
</bind>
</comp>

<comp id="268" class="1004" name="add_ln83_read_read_fu_268">
<pin_list>
<pin id="269" dir="0" index="0" bw="5" slack="0"/>
<pin id="270" dir="0" index="1" bw="5" slack="0"/>
<pin id="271" dir="1" index="2" bw="5" slack="0"/>
</pin_list>
<bind>
<opcode="read(1150) " fcode="read"/>
<opset="add_ln83_read/1 "/>
</bind>
</comp>

<comp id="274" class="1004" name="add_ln85_read_read_fu_274">
<pin_list>
<pin id="275" dir="0" index="0" bw="5" slack="0"/>
<pin id="276" dir="0" index="1" bw="5" slack="0"/>
<pin id="277" dir="1" index="2" bw="5" slack="0"/>
</pin_list>
<bind>
<opcode="read(1150) " fcode="read"/>
<opset="add_ln85_read/1 "/>
</bind>
</comp>

<comp id="280" class="1004" name="input_0_addr_gep_fu_280">
<pin_list>
<pin id="281" dir="0" index="0" bw="7" slack="0"/>
<pin id="282" dir="0" index="1" bw="1" slack="0"/>
<pin id="283" dir="0" index="2" bw="8" slack="0"/>
<pin id="284" dir="1" index="3" bw="8" slack="0"/>
</pin_list>
<bind>
<opcode="getelementptr(29) " fcode="getelementptr"/>
<opset="input_0_addr/2 "/>
</bind>
</comp>

<comp id="287" class="1004" name="input_1_addr_gep_fu_287">
<pin_list>
<pin id="288" dir="0" index="0" bw="7" slack="0"/>
<pin id="289" dir="0" index="1" bw="1" slack="0"/>
<pin id="290" dir="0" index="2" bw="8" slack="0"/>
<pin id="291" dir="1" index="3" bw="8" slack="0"/>
</pin_list>
<bind>
<opcode="getelementptr(29) " fcode="getelementptr"/>
<opset="input_1_addr/2 "/>
</bind>
</comp>

<comp id="294" class="1004" name="input_2_addr_gep_fu_294">
<pin_list>
<pin id="295" dir="0" index="0" bw="7" slack="0"/>
<pin id="296" dir="0" index="1" bw="1" slack="0"/>
<pin id="297" dir="0" index="2" bw="8" slack="0"/>
<pin id="298" dir="1" index="3" bw="8" slack="0"/>
</pin_list>
<bind>
<opcode="getelementptr(29) " fcode="getelementptr"/>
<opset="input_2_addr/2 "/>
</bind>
</comp>

<comp id="301" class="1004" name="input_3_addr_gep_fu_301">
<pin_list>
<pin id="302" dir="0" index="0" bw="7" slack="0"/>
<pin id="303" dir="0" index="1" bw="1" slack="0"/>
<pin id="304" dir="0" index="2" bw="8" slack="0"/>
<pin id="305" dir="1" index="3" bw="8" slack="0"/>
</pin_list>
<bind>
<opcode="getelementptr(29) " fcode="getelementptr"/>
<opset="input_3_addr/2 "/>
</bind>
</comp>

<comp id="308" class="1004" name="input_4_addr_gep_fu_308">
<pin_list>
<pin id="309" dir="0" index="0" bw="7" slack="0"/>
<pin id="310" dir="0" index="1" bw="1" slack="0"/>
<pin id="311" dir="0" index="2" bw="8" slack="0"/>
<pin id="312" dir="1" index="3" bw="8" slack="0"/>
</pin_list>
<bind>
<opcode="getelementptr(29) " fcode="getelementptr"/>
<opset="input_4_addr/2 "/>
</bind>
</comp>

<comp id="315" class="1004" name="input_5_addr_gep_fu_315">
<pin_list>
<pin id="316" dir="0" index="0" bw="7" slack="0"/>
<pin id="317" dir="0" index="1" bw="1" slack="0"/>
<pin id="318" dir="0" index="2" bw="8" slack="0"/>
<pin id="319" dir="1" index="3" bw="8" slack="0"/>
</pin_list>
<bind>
<opcode="getelementptr(29) " fcode="getelementptr"/>
<opset="input_5_addr/2 "/>
</bind>
</comp>

<comp id="322" class="1004" name="input_6_addr_gep_fu_322">
<pin_list>
<pin id="323" dir="0" index="0" bw="7" slack="0"/>
<pin id="324" dir="0" index="1" bw="1" slack="0"/>
<pin id="325" dir="0" index="2" bw="8" slack="0"/>
<pin id="326" dir="1" index="3" bw="8" slack="0"/>
</pin_list>
<bind>
<opcode="getelementptr(29) " fcode="getelementptr"/>
<opset="input_6_addr/2 "/>
</bind>
</comp>

<comp id="329" class="1004" name="input_7_addr_gep_fu_329">
<pin_list>
<pin id="330" dir="0" index="0" bw="7" slack="0"/>
<pin id="331" dir="0" index="1" bw="1" slack="0"/>
<pin id="332" dir="0" index="2" bw="8" slack="0"/>
<pin id="333" dir="1" index="3" bw="8" slack="0"/>
</pin_list>
<bind>
<opcode="getelementptr(29) " fcode="getelementptr"/>
<opset="input_7_addr/2 "/>
</bind>
</comp>

<comp id="336" class="1004" name="grp_access_fu_336">
<pin_list>
<pin id="337" dir="0" index="0" bw="8" slack="0"/>
<pin id="338" dir="0" index="1" bw="7" slack="2147483647"/>
<pin id="339" dir="0" index="2" bw="0" slack="0"/>
<pin id="341" dir="0" index="4" bw="8" slack="2147483647"/>
<pin id="342" dir="0" index="5" bw="7" slack="2147483647"/>
<pin id="343" dir="0" index="6" bw="0" slack="2147483647"/>
<pin id="340" dir="1" index="3" bw="7" slack="0"/>
<pin id="344" dir="1" index="7" bw="7" slack="0"/>
</pin_list>
<bind>
<opcode="load(27) " fcode="load"/>
<opset="input_0_load/2 input_0_load_4/2 input_0_load_5/2 input_0_load_6/2 input_0_load_7/2 input_0_load_8/2 input_0_load_9/2 input_0_load_10/2 input_0_load_11/2 "/>
</bind>
</comp>

<comp id="346" class="1004" name="grp_access_fu_346">
<pin_list>
<pin id="347" dir="0" index="0" bw="8" slack="0"/>
<pin id="348" dir="0" index="1" bw="7" slack="2147483647"/>
<pin id="349" dir="0" index="2" bw="0" slack="0"/>
<pin id="351" dir="0" index="4" bw="8" slack="2147483647"/>
<pin id="352" dir="0" index="5" bw="7" slack="2147483647"/>
<pin id="353" dir="0" index="6" bw="0" slack="2147483647"/>
<pin id="350" dir="1" index="3" bw="7" slack="0"/>
<pin id="354" dir="1" index="7" bw="7" slack="0"/>
</pin_list>
<bind>
<opcode="load(27) " fcode="load"/>
<opset="input_1_load/2 input_1_load_4/2 input_1_load_5/2 input_1_load_6/2 input_1_load_7/2 input_1_load_8/2 input_1_load_9/2 input_1_load_10/2 input_1_load_11/2 "/>
</bind>
</comp>

<comp id="356" class="1004" name="grp_access_fu_356">
<pin_list>
<pin id="357" dir="0" index="0" bw="8" slack="0"/>
<pin id="358" dir="0" index="1" bw="7" slack="2147483647"/>
<pin id="359" dir="0" index="2" bw="0" slack="0"/>
<pin id="361" dir="0" index="4" bw="8" slack="2147483647"/>
<pin id="362" dir="0" index="5" bw="7" slack="2147483647"/>
<pin id="363" dir="0" index="6" bw="0" slack="2147483647"/>
<pin id="360" dir="1" index="3" bw="7" slack="0"/>
<pin id="364" dir="1" index="7" bw="7" slack="0"/>
</pin_list>
<bind>
<opcode="load(27) " fcode="load"/>
<opset="input_2_load/2 input_2_load_4/2 input_2_load_5/2 input_2_load_6/2 input_2_load_7/2 input_2_load_8/2 input_2_load_9/2 input_2_load_10/2 input_2_load_11/2 "/>
</bind>
</comp>

<comp id="366" class="1004" name="grp_access_fu_366">
<pin_list>
<pin id="367" dir="0" index="0" bw="8" slack="0"/>
<pin id="368" dir="0" index="1" bw="7" slack="2147483647"/>
<pin id="369" dir="0" index="2" bw="0" slack="0"/>
<pin id="371" dir="0" index="4" bw="8" slack="2147483647"/>
<pin id="372" dir="0" index="5" bw="7" slack="2147483647"/>
<pin id="373" dir="0" index="6" bw="0" slack="2147483647"/>
<pin id="370" dir="1" index="3" bw="7" slack="0"/>
<pin id="374" dir="1" index="7" bw="7" slack="0"/>
</pin_list>
<bind>
<opcode="load(27) " fcode="load"/>
<opset="input_3_load/2 input_3_load_4/2 input_3_load_5/2 input_3_load_6/2 input_3_load_7/2 input_3_load_8/2 input_3_load_9/2 input_3_load_10/2 input_3_load_11/2 "/>
</bind>
</comp>

<comp id="376" class="1004" name="grp_access_fu_376">
<pin_list>
<pin id="377" dir="0" index="0" bw="8" slack="0"/>
<pin id="378" dir="0" index="1" bw="7" slack="2147483647"/>
<pin id="379" dir="0" index="2" bw="0" slack="0"/>
<pin id="381" dir="0" index="4" bw="8" slack="2147483647"/>
<pin id="382" dir="0" index="5" bw="7" slack="2147483647"/>
<pin id="383" dir="0" index="6" bw="0" slack="2147483647"/>
<pin id="380" dir="1" index="3" bw="7" slack="0"/>
<pin id="384" dir="1" index="7" bw="7" slack="0"/>
</pin_list>
<bind>
<opcode="load(27) " fcode="load"/>
<opset="input_4_load/2 input_4_load_4/2 input_4_load_5/2 input_4_load_6/2 input_4_load_7/2 input_4_load_8/2 input_4_load_9/2 input_4_load_10/2 input_4_load_11/2 "/>
</bind>
</comp>

<comp id="386" class="1004" name="grp_access_fu_386">
<pin_list>
<pin id="387" dir="0" index="0" bw="8" slack="0"/>
<pin id="388" dir="0" index="1" bw="7" slack="2147483647"/>
<pin id="389" dir="0" index="2" bw="0" slack="0"/>
<pin id="391" dir="0" index="4" bw="8" slack="2147483647"/>
<pin id="392" dir="0" index="5" bw="7" slack="2147483647"/>
<pin id="393" dir="0" index="6" bw="0" slack="2147483647"/>
<pin id="390" dir="1" index="3" bw="7" slack="0"/>
<pin id="394" dir="1" index="7" bw="7" slack="0"/>
</pin_list>
<bind>
<opcode="load(27) " fcode="load"/>
<opset="input_5_load/2 input_5_load_1/2 input_5_load_2/2 input_5_load_3/2 input_5_load_4/2 input_5_load_5/2 input_5_load_6/2 input_5_load_7/2 input_5_load_8/2 "/>
</bind>
</comp>

<comp id="396" class="1004" name="grp_access_fu_396">
<pin_list>
<pin id="397" dir="0" index="0" bw="8" slack="0"/>
<pin id="398" dir="0" index="1" bw="7" slack="2147483647"/>
<pin id="399" dir="0" index="2" bw="0" slack="0"/>
<pin id="401" dir="0" index="4" bw="8" slack="2147483647"/>
<pin id="402" dir="0" index="5" bw="7" slack="2147483647"/>
<pin id="403" dir="0" index="6" bw="0" slack="2147483647"/>
<pin id="400" dir="1" index="3" bw="7" slack="0"/>
<pin id="404" dir="1" index="7" bw="7" slack="0"/>
</pin_list>
<bind>
<opcode="load(27) " fcode="load"/>
<opset="input_6_load/2 input_6_load_1/2 input_6_load_2/2 input_6_load_3/2 input_6_load_4/2 input_6_load_5/2 input_6_load_6/2 input_6_load_7/2 input_6_load_8/2 "/>
</bind>
</comp>

<comp id="406" class="1004" name="grp_access_fu_406">
<pin_list>
<pin id="407" dir="0" index="0" bw="8" slack="0"/>
<pin id="408" dir="0" index="1" bw="7" slack="2147483647"/>
<pin id="409" dir="0" index="2" bw="0" slack="0"/>
<pin id="411" dir="0" index="4" bw="8" slack="2147483647"/>
<pin id="412" dir="0" index="5" bw="7" slack="2147483647"/>
<pin id="413" dir="0" index="6" bw="0" slack="2147483647"/>
<pin id="410" dir="1" index="3" bw="7" slack="0"/>
<pin id="414" dir="1" index="7" bw="7" slack="0"/>
</pin_list>
<bind>
<opcode="load(27) " fcode="load"/>
<opset="input_7_load/2 input_7_load_1/2 input_7_load_2/2 input_7_load_3/2 input_7_load_4/2 input_7_load_5/2 input_7_load_6/2 input_7_load_7/2 input_7_load_8/2 "/>
</bind>
</comp>

<comp id="416" class="1004" name="p_ZL12conv2_weight_0_addr_gep_fu_416">
<pin_list>
<pin id="417" dir="0" index="0" bw="3" slack="0"/>
<pin id="418" dir="0" index="1" bw="1" slack="0"/>
<pin id="419" dir="0" index="2" bw="7" slack="0"/>
<pin id="420" dir="1" index="3" bw="7" slack="0"/>
</pin_list>
<bind>
<opcode="getelementptr(29) " fcode="getelementptr"/>
<opset="p_ZL12conv2_weight_0_addr/2 "/>
</bind>
</comp>

<comp id="423" class="1004" name="grp_access_fu_423">
<pin_list>
<pin id="424" dir="0" index="0" bw="7" slack="0"/>
<pin id="425" dir="0" index="1" bw="3" slack="2147483647"/>
<pin id="426" dir="0" index="2" bw="0" slack="2147483647"/>
<pin id="427" dir="1" index="3" bw="3" slack="0"/>
</pin_list>
<bind>
<opcode="load(27) " fcode="load"/>
<opset="p_ZL12conv2_weight_0_load/2 "/>
</bind>
</comp>

<comp id="429" class="1004" name="input_0_addr_5_gep_fu_429">
<pin_list>
<pin id="430" dir="0" index="0" bw="7" slack="0"/>
<pin id="431" dir="0" index="1" bw="1" slack="0"/>
<pin id="432" dir="0" index="2" bw="8" slack="0"/>
<pin id="433" dir="1" index="3" bw="8" slack="0"/>
</pin_list>
<bind>
<opcode="getelementptr(29) " fcode="getelementptr"/>
<opset="input_0_addr_5/2 "/>
</bind>
</comp>

<comp id="436" class="1004" name="input_1_addr_5_gep_fu_436">
<pin_list>
<pin id="437" dir="0" index="0" bw="7" slack="0"/>
<pin id="438" dir="0" index="1" bw="1" slack="0"/>
<pin id="439" dir="0" index="2" bw="8" slack="0"/>
<pin id="440" dir="1" index="3" bw="8" slack="0"/>
</pin_list>
<bind>
<opcode="getelementptr(29) " fcode="getelementptr"/>
<opset="input_1_addr_5/2 "/>
</bind>
</comp>

<comp id="443" class="1004" name="input_2_addr_4_gep_fu_443">
<pin_list>
<pin id="444" dir="0" index="0" bw="7" slack="0"/>
<pin id="445" dir="0" index="1" bw="1" slack="0"/>
<pin id="446" dir="0" index="2" bw="8" slack="0"/>
<pin id="447" dir="1" index="3" bw="8" slack="0"/>
</pin_list>
<bind>
<opcode="getelementptr(29) " fcode="getelementptr"/>
<opset="input_2_addr_4/2 "/>
</bind>
</comp>

<comp id="450" class="1004" name="input_3_addr_4_gep_fu_450">
<pin_list>
<pin id="451" dir="0" index="0" bw="7" slack="0"/>
<pin id="452" dir="0" index="1" bw="1" slack="0"/>
<pin id="453" dir="0" index="2" bw="8" slack="0"/>
<pin id="454" dir="1" index="3" bw="8" slack="0"/>
</pin_list>
<bind>
<opcode="getelementptr(29) " fcode="getelementptr"/>
<opset="input_3_addr_4/2 "/>
</bind>
</comp>

<comp id="457" class="1004" name="input_4_addr_4_gep_fu_457">
<pin_list>
<pin id="458" dir="0" index="0" bw="7" slack="0"/>
<pin id="459" dir="0" index="1" bw="1" slack="0"/>
<pin id="460" dir="0" index="2" bw="8" slack="0"/>
<pin id="461" dir="1" index="3" bw="8" slack="0"/>
</pin_list>
<bind>
<opcode="getelementptr(29) " fcode="getelementptr"/>
<opset="input_4_addr_4/2 "/>
</bind>
</comp>

<comp id="464" class="1004" name="input_5_addr_1_gep_fu_464">
<pin_list>
<pin id="465" dir="0" index="0" bw="7" slack="0"/>
<pin id="466" dir="0" index="1" bw="1" slack="0"/>
<pin id="467" dir="0" index="2" bw="8" slack="0"/>
<pin id="468" dir="1" index="3" bw="8" slack="0"/>
</pin_list>
<bind>
<opcode="getelementptr(29) " fcode="getelementptr"/>
<opset="input_5_addr_1/2 "/>
</bind>
</comp>

<comp id="471" class="1004" name="input_6_addr_1_gep_fu_471">
<pin_list>
<pin id="472" dir="0" index="0" bw="7" slack="0"/>
<pin id="473" dir="0" index="1" bw="1" slack="0"/>
<pin id="474" dir="0" index="2" bw="8" slack="0"/>
<pin id="475" dir="1" index="3" bw="8" slack="0"/>
</pin_list>
<bind>
<opcode="getelementptr(29) " fcode="getelementptr"/>
<opset="input_6_addr_1/2 "/>
</bind>
</comp>

<comp id="478" class="1004" name="input_7_addr_1_gep_fu_478">
<pin_list>
<pin id="479" dir="0" index="0" bw="7" slack="0"/>
<pin id="480" dir="0" index="1" bw="1" slack="0"/>
<pin id="481" dir="0" index="2" bw="8" slack="0"/>
<pin id="482" dir="1" index="3" bw="8" slack="0"/>
</pin_list>
<bind>
<opcode="getelementptr(29) " fcode="getelementptr"/>
<opset="input_7_addr_1/2 "/>
</bind>
</comp>

<comp id="493" class="1004" name="p_ZL12conv2_weight_1_addr_gep_fu_493">
<pin_list>
<pin id="494" dir="0" index="0" bw="4" slack="0"/>
<pin id="495" dir="0" index="1" bw="1" slack="0"/>
<pin id="496" dir="0" index="2" bw="7" slack="0"/>
<pin id="497" dir="1" index="3" bw="7" slack="0"/>
</pin_list>
<bind>
<opcode="getelementptr(29) " fcode="getelementptr"/>
<opset="p_ZL12conv2_weight_1_addr/2 "/>
</bind>
</comp>

<comp id="500" class="1004" name="grp_access_fu_500">
<pin_list>
<pin id="501" dir="0" index="0" bw="7" slack="0"/>
<pin id="502" dir="0" index="1" bw="4" slack="2147483647"/>
<pin id="503" dir="0" index="2" bw="0" slack="2147483647"/>
<pin id="504" dir="1" index="3" bw="4" slack="3"/>
</pin_list>
<bind>
<opcode="load(27) " fcode="load"/>
<opset="p_ZL12conv2_weight_1_load/2 "/>
</bind>
</comp>

<comp id="506" class="1004" name="input_0_addr_6_gep_fu_506">
<pin_list>
<pin id="507" dir="0" index="0" bw="7" slack="0"/>
<pin id="508" dir="0" index="1" bw="1" slack="0"/>
<pin id="509" dir="0" index="2" bw="8" slack="0"/>
<pin id="510" dir="1" index="3" bw="8" slack="0"/>
</pin_list>
<bind>
<opcode="getelementptr(29) " fcode="getelementptr"/>
<opset="input_0_addr_6/2 "/>
</bind>
</comp>

<comp id="513" class="1004" name="input_1_addr_6_gep_fu_513">
<pin_list>
<pin id="514" dir="0" index="0" bw="7" slack="0"/>
<pin id="515" dir="0" index="1" bw="1" slack="0"/>
<pin id="516" dir="0" index="2" bw="8" slack="0"/>
<pin id="517" dir="1" index="3" bw="8" slack="0"/>
</pin_list>
<bind>
<opcode="getelementptr(29) " fcode="getelementptr"/>
<opset="input_1_addr_6/2 "/>
</bind>
</comp>

<comp id="520" class="1004" name="input_2_addr_5_gep_fu_520">
<pin_list>
<pin id="521" dir="0" index="0" bw="7" slack="0"/>
<pin id="522" dir="0" index="1" bw="1" slack="0"/>
<pin id="523" dir="0" index="2" bw="8" slack="0"/>
<pin id="524" dir="1" index="3" bw="8" slack="0"/>
</pin_list>
<bind>
<opcode="getelementptr(29) " fcode="getelementptr"/>
<opset="input_2_addr_5/2 "/>
</bind>
</comp>

<comp id="527" class="1004" name="input_3_addr_5_gep_fu_527">
<pin_list>
<pin id="528" dir="0" index="0" bw="7" slack="0"/>
<pin id="529" dir="0" index="1" bw="1" slack="0"/>
<pin id="530" dir="0" index="2" bw="8" slack="0"/>
<pin id="531" dir="1" index="3" bw="8" slack="0"/>
</pin_list>
<bind>
<opcode="getelementptr(29) " fcode="getelementptr"/>
<opset="input_3_addr_5/2 "/>
</bind>
</comp>

<comp id="534" class="1004" name="input_4_addr_5_gep_fu_534">
<pin_list>
<pin id="535" dir="0" index="0" bw="7" slack="0"/>
<pin id="536" dir="0" index="1" bw="1" slack="0"/>
<pin id="537" dir="0" index="2" bw="8" slack="0"/>
<pin id="538" dir="1" index="3" bw="8" slack="0"/>
</pin_list>
<bind>
<opcode="getelementptr(29) " fcode="getelementptr"/>
<opset="input_4_addr_5/2 "/>
</bind>
</comp>

<comp id="541" class="1004" name="input_5_addr_2_gep_fu_541">
<pin_list>
<pin id="542" dir="0" index="0" bw="7" slack="0"/>
<pin id="543" dir="0" index="1" bw="1" slack="0"/>
<pin id="544" dir="0" index="2" bw="8" slack="0"/>
<pin id="545" dir="1" index="3" bw="8" slack="0"/>
</pin_list>
<bind>
<opcode="getelementptr(29) " fcode="getelementptr"/>
<opset="input_5_addr_2/2 "/>
</bind>
</comp>

<comp id="548" class="1004" name="input_6_addr_2_gep_fu_548">
<pin_list>
<pin id="549" dir="0" index="0" bw="7" slack="0"/>
<pin id="550" dir="0" index="1" bw="1" slack="0"/>
<pin id="551" dir="0" index="2" bw="8" slack="0"/>
<pin id="552" dir="1" index="3" bw="8" slack="0"/>
</pin_list>
<bind>
<opcode="getelementptr(29) " fcode="getelementptr"/>
<opset="input_6_addr_2/2 "/>
</bind>
</comp>

<comp id="555" class="1004" name="input_7_addr_2_gep_fu_555">
<pin_list>
<pin id="556" dir="0" index="0" bw="7" slack="0"/>
<pin id="557" dir="0" index="1" bw="1" slack="0"/>
<pin id="558" dir="0" index="2" bw="8" slack="0"/>
<pin id="559" dir="1" index="3" bw="8" slack="0"/>
</pin_list>
<bind>
<opcode="getelementptr(29) " fcode="getelementptr"/>
<opset="input_7_addr_2/2 "/>
</bind>
</comp>

<comp id="570" class="1004" name="p_ZL12conv2_weight_2_addr_gep_fu_570">
<pin_list>
<pin id="571" dir="0" index="0" bw="4" slack="0"/>
<pin id="572" dir="0" index="1" bw="1" slack="0"/>
<pin id="573" dir="0" index="2" bw="7" slack="0"/>
<pin id="574" dir="1" index="3" bw="7" slack="0"/>
</pin_list>
<bind>
<opcode="getelementptr(29) " fcode="getelementptr"/>
<opset="p_ZL12conv2_weight_2_addr/2 "/>
</bind>
</comp>

<comp id="577" class="1004" name="grp_access_fu_577">
<pin_list>
<pin id="578" dir="0" index="0" bw="7" slack="0"/>
<pin id="579" dir="0" index="1" bw="4" slack="2147483647"/>
<pin id="580" dir="0" index="2" bw="0" slack="2147483647"/>
<pin id="581" dir="1" index="3" bw="4" slack="4"/>
</pin_list>
<bind>
<opcode="load(27) " fcode="load"/>
<opset="p_ZL12conv2_weight_2_load/2 "/>
</bind>
</comp>

<comp id="583" class="1004" name="input_0_addr_7_gep_fu_583">
<pin_list>
<pin id="584" dir="0" index="0" bw="7" slack="0"/>
<pin id="585" dir="0" index="1" bw="1" slack="0"/>
<pin id="586" dir="0" index="2" bw="8" slack="0"/>
<pin id="587" dir="1" index="3" bw="8" slack="0"/>
</pin_list>
<bind>
<opcode="getelementptr(29) " fcode="getelementptr"/>
<opset="input_0_addr_7/2 "/>
</bind>
</comp>

<comp id="590" class="1004" name="input_1_addr_7_gep_fu_590">
<pin_list>
<pin id="591" dir="0" index="0" bw="7" slack="0"/>
<pin id="592" dir="0" index="1" bw="1" slack="0"/>
<pin id="593" dir="0" index="2" bw="8" slack="0"/>
<pin id="594" dir="1" index="3" bw="8" slack="0"/>
</pin_list>
<bind>
<opcode="getelementptr(29) " fcode="getelementptr"/>
<opset="input_1_addr_7/2 "/>
</bind>
</comp>

<comp id="597" class="1004" name="input_2_addr_6_gep_fu_597">
<pin_list>
<pin id="598" dir="0" index="0" bw="7" slack="0"/>
<pin id="599" dir="0" index="1" bw="1" slack="0"/>
<pin id="600" dir="0" index="2" bw="8" slack="0"/>
<pin id="601" dir="1" index="3" bw="8" slack="0"/>
</pin_list>
<bind>
<opcode="getelementptr(29) " fcode="getelementptr"/>
<opset="input_2_addr_6/2 "/>
</bind>
</comp>

<comp id="604" class="1004" name="input_3_addr_6_gep_fu_604">
<pin_list>
<pin id="605" dir="0" index="0" bw="7" slack="0"/>
<pin id="606" dir="0" index="1" bw="1" slack="0"/>
<pin id="607" dir="0" index="2" bw="8" slack="0"/>
<pin id="608" dir="1" index="3" bw="8" slack="0"/>
</pin_list>
<bind>
<opcode="getelementptr(29) " fcode="getelementptr"/>
<opset="input_3_addr_6/2 "/>
</bind>
</comp>

<comp id="611" class="1004" name="input_4_addr_6_gep_fu_611">
<pin_list>
<pin id="612" dir="0" index="0" bw="7" slack="0"/>
<pin id="613" dir="0" index="1" bw="1" slack="0"/>
<pin id="614" dir="0" index="2" bw="8" slack="0"/>
<pin id="615" dir="1" index="3" bw="8" slack="0"/>
</pin_list>
<bind>
<opcode="getelementptr(29) " fcode="getelementptr"/>
<opset="input_4_addr_6/2 "/>
</bind>
</comp>

<comp id="618" class="1004" name="input_5_addr_3_gep_fu_618">
<pin_list>
<pin id="619" dir="0" index="0" bw="7" slack="0"/>
<pin id="620" dir="0" index="1" bw="1" slack="0"/>
<pin id="621" dir="0" index="2" bw="8" slack="0"/>
<pin id="622" dir="1" index="3" bw="8" slack="0"/>
</pin_list>
<bind>
<opcode="getelementptr(29) " fcode="getelementptr"/>
<opset="input_5_addr_3/2 "/>
</bind>
</comp>

<comp id="625" class="1004" name="input_6_addr_3_gep_fu_625">
<pin_list>
<pin id="626" dir="0" index="0" bw="7" slack="0"/>
<pin id="627" dir="0" index="1" bw="1" slack="0"/>
<pin id="628" dir="0" index="2" bw="8" slack="0"/>
<pin id="629" dir="1" index="3" bw="8" slack="0"/>
</pin_list>
<bind>
<opcode="getelementptr(29) " fcode="getelementptr"/>
<opset="input_6_addr_3/2 "/>
</bind>
</comp>

<comp id="632" class="1004" name="input_7_addr_3_gep_fu_632">
<pin_list>
<pin id="633" dir="0" index="0" bw="7" slack="0"/>
<pin id="634" dir="0" index="1" bw="1" slack="0"/>
<pin id="635" dir="0" index="2" bw="8" slack="0"/>
<pin id="636" dir="1" index="3" bw="8" slack="0"/>
</pin_list>
<bind>
<opcode="getelementptr(29) " fcode="getelementptr"/>
<opset="input_7_addr_3/2 "/>
</bind>
</comp>

<comp id="647" class="1004" name="p_ZL12conv2_weight_3_addr_gep_fu_647">
<pin_list>
<pin id="648" dir="0" index="0" bw="4" slack="0"/>
<pin id="649" dir="0" index="1" bw="1" slack="0"/>
<pin id="650" dir="0" index="2" bw="7" slack="0"/>
<pin id="651" dir="1" index="3" bw="7" slack="0"/>
</pin_list>
<bind>
<opcode="getelementptr(29) " fcode="getelementptr"/>
<opset="p_ZL12conv2_weight_3_addr/2 "/>
</bind>
</comp>

<comp id="654" class="1004" name="grp_access_fu_654">
<pin_list>
<pin id="655" dir="0" index="0" bw="7" slack="0"/>
<pin id="656" dir="0" index="1" bw="4" slack="2147483647"/>
<pin id="657" dir="0" index="2" bw="0" slack="2147483647"/>
<pin id="658" dir="1" index="3" bw="4" slack="5"/>
</pin_list>
<bind>
<opcode="load(27) " fcode="load"/>
<opset="p_ZL12conv2_weight_3_load/2 "/>
</bind>
</comp>

<comp id="660" class="1004" name="input_0_addr_8_gep_fu_660">
<pin_list>
<pin id="661" dir="0" index="0" bw="7" slack="0"/>
<pin id="662" dir="0" index="1" bw="1" slack="0"/>
<pin id="663" dir="0" index="2" bw="8" slack="0"/>
<pin id="664" dir="1" index="3" bw="8" slack="0"/>
</pin_list>
<bind>
<opcode="getelementptr(29) " fcode="getelementptr"/>
<opset="input_0_addr_8/2 "/>
</bind>
</comp>

<comp id="667" class="1004" name="input_1_addr_8_gep_fu_667">
<pin_list>
<pin id="668" dir="0" index="0" bw="7" slack="0"/>
<pin id="669" dir="0" index="1" bw="1" slack="0"/>
<pin id="670" dir="0" index="2" bw="8" slack="0"/>
<pin id="671" dir="1" index="3" bw="8" slack="0"/>
</pin_list>
<bind>
<opcode="getelementptr(29) " fcode="getelementptr"/>
<opset="input_1_addr_8/2 "/>
</bind>
</comp>

<comp id="674" class="1004" name="input_2_addr_7_gep_fu_674">
<pin_list>
<pin id="675" dir="0" index="0" bw="7" slack="0"/>
<pin id="676" dir="0" index="1" bw="1" slack="0"/>
<pin id="677" dir="0" index="2" bw="8" slack="0"/>
<pin id="678" dir="1" index="3" bw="8" slack="0"/>
</pin_list>
<bind>
<opcode="getelementptr(29) " fcode="getelementptr"/>
<opset="input_2_addr_7/2 "/>
</bind>
</comp>

<comp id="681" class="1004" name="input_3_addr_7_gep_fu_681">
<pin_list>
<pin id="682" dir="0" index="0" bw="7" slack="0"/>
<pin id="683" dir="0" index="1" bw="1" slack="0"/>
<pin id="684" dir="0" index="2" bw="8" slack="0"/>
<pin id="685" dir="1" index="3" bw="8" slack="0"/>
</pin_list>
<bind>
<opcode="getelementptr(29) " fcode="getelementptr"/>
<opset="input_3_addr_7/2 "/>
</bind>
</comp>

<comp id="688" class="1004" name="input_4_addr_7_gep_fu_688">
<pin_list>
<pin id="689" dir="0" index="0" bw="7" slack="0"/>
<pin id="690" dir="0" index="1" bw="1" slack="0"/>
<pin id="691" dir="0" index="2" bw="8" slack="0"/>
<pin id="692" dir="1" index="3" bw="8" slack="0"/>
</pin_list>
<bind>
<opcode="getelementptr(29) " fcode="getelementptr"/>
<opset="input_4_addr_7/2 "/>
</bind>
</comp>

<comp id="695" class="1004" name="input_5_addr_4_gep_fu_695">
<pin_list>
<pin id="696" dir="0" index="0" bw="7" slack="0"/>
<pin id="697" dir="0" index="1" bw="1" slack="0"/>
<pin id="698" dir="0" index="2" bw="8" slack="0"/>
<pin id="699" dir="1" index="3" bw="8" slack="0"/>
</pin_list>
<bind>
<opcode="getelementptr(29) " fcode="getelementptr"/>
<opset="input_5_addr_4/2 "/>
</bind>
</comp>

<comp id="702" class="1004" name="input_6_addr_4_gep_fu_702">
<pin_list>
<pin id="703" dir="0" index="0" bw="7" slack="0"/>
<pin id="704" dir="0" index="1" bw="1" slack="0"/>
<pin id="705" dir="0" index="2" bw="8" slack="0"/>
<pin id="706" dir="1" index="3" bw="8" slack="0"/>
</pin_list>
<bind>
<opcode="getelementptr(29) " fcode="getelementptr"/>
<opset="input_6_addr_4/2 "/>
</bind>
</comp>

<comp id="709" class="1004" name="input_7_addr_4_gep_fu_709">
<pin_list>
<pin id="710" dir="0" index="0" bw="7" slack="0"/>
<pin id="711" dir="0" index="1" bw="1" slack="0"/>
<pin id="712" dir="0" index="2" bw="8" slack="0"/>
<pin id="713" dir="1" index="3" bw="8" slack="0"/>
</pin_list>
<bind>
<opcode="getelementptr(29) " fcode="getelementptr"/>
<opset="input_7_addr_4/2 "/>
</bind>
</comp>

<comp id="724" class="1004" name="p_ZL12conv2_weight_4_addr_gep_fu_724">
<pin_list>
<pin id="725" dir="0" index="0" bw="4" slack="0"/>
<pin id="726" dir="0" index="1" bw="1" slack="0"/>
<pin id="727" dir="0" index="2" bw="7" slack="0"/>
<pin id="728" dir="1" index="3" bw="7" slack="0"/>
</pin_list>
<bind>
<opcode="getelementptr(29) " fcode="getelementptr"/>
<opset="p_ZL12conv2_weight_4_addr/2 "/>
</bind>
</comp>

<comp id="731" class="1004" name="grp_access_fu_731">
<pin_list>
<pin id="732" dir="0" index="0" bw="7" slack="0"/>
<pin id="733" dir="0" index="1" bw="4" slack="2147483647"/>
<pin id="734" dir="0" index="2" bw="0" slack="2147483647"/>
<pin id="735" dir="1" index="3" bw="4" slack="6"/>
</pin_list>
<bind>
<opcode="load(27) " fcode="load"/>
<opset="p_ZL12conv2_weight_4_load/2 "/>
</bind>
</comp>

<comp id="737" class="1004" name="input_0_addr_9_gep_fu_737">
<pin_list>
<pin id="738" dir="0" index="0" bw="7" slack="0"/>
<pin id="739" dir="0" index="1" bw="1" slack="0"/>
<pin id="740" dir="0" index="2" bw="8" slack="0"/>
<pin id="741" dir="1" index="3" bw="8" slack="0"/>
</pin_list>
<bind>
<opcode="getelementptr(29) " fcode="getelementptr"/>
<opset="input_0_addr_9/2 "/>
</bind>
</comp>

<comp id="744" class="1004" name="input_1_addr_9_gep_fu_744">
<pin_list>
<pin id="745" dir="0" index="0" bw="7" slack="0"/>
<pin id="746" dir="0" index="1" bw="1" slack="0"/>
<pin id="747" dir="0" index="2" bw="8" slack="0"/>
<pin id="748" dir="1" index="3" bw="8" slack="0"/>
</pin_list>
<bind>
<opcode="getelementptr(29) " fcode="getelementptr"/>
<opset="input_1_addr_9/2 "/>
</bind>
</comp>

<comp id="751" class="1004" name="input_2_addr_8_gep_fu_751">
<pin_list>
<pin id="752" dir="0" index="0" bw="7" slack="0"/>
<pin id="753" dir="0" index="1" bw="1" slack="0"/>
<pin id="754" dir="0" index="2" bw="8" slack="0"/>
<pin id="755" dir="1" index="3" bw="8" slack="0"/>
</pin_list>
<bind>
<opcode="getelementptr(29) " fcode="getelementptr"/>
<opset="input_2_addr_8/2 "/>
</bind>
</comp>

<comp id="758" class="1004" name="input_3_addr_8_gep_fu_758">
<pin_list>
<pin id="759" dir="0" index="0" bw="7" slack="0"/>
<pin id="760" dir="0" index="1" bw="1" slack="0"/>
<pin id="761" dir="0" index="2" bw="8" slack="0"/>
<pin id="762" dir="1" index="3" bw="8" slack="0"/>
</pin_list>
<bind>
<opcode="getelementptr(29) " fcode="getelementptr"/>
<opset="input_3_addr_8/2 "/>
</bind>
</comp>

<comp id="765" class="1004" name="input_4_addr_8_gep_fu_765">
<pin_list>
<pin id="766" dir="0" index="0" bw="7" slack="0"/>
<pin id="767" dir="0" index="1" bw="1" slack="0"/>
<pin id="768" dir="0" index="2" bw="8" slack="0"/>
<pin id="769" dir="1" index="3" bw="8" slack="0"/>
</pin_list>
<bind>
<opcode="getelementptr(29) " fcode="getelementptr"/>
<opset="input_4_addr_8/2 "/>
</bind>
</comp>

<comp id="772" class="1004" name="input_5_addr_5_gep_fu_772">
<pin_list>
<pin id="773" dir="0" index="0" bw="7" slack="0"/>
<pin id="774" dir="0" index="1" bw="1" slack="0"/>
<pin id="775" dir="0" index="2" bw="8" slack="0"/>
<pin id="776" dir="1" index="3" bw="8" slack="0"/>
</pin_list>
<bind>
<opcode="getelementptr(29) " fcode="getelementptr"/>
<opset="input_5_addr_5/2 "/>
</bind>
</comp>

<comp id="779" class="1004" name="input_6_addr_5_gep_fu_779">
<pin_list>
<pin id="780" dir="0" index="0" bw="7" slack="0"/>
<pin id="781" dir="0" index="1" bw="1" slack="0"/>
<pin id="782" dir="0" index="2" bw="8" slack="0"/>
<pin id="783" dir="1" index="3" bw="8" slack="0"/>
</pin_list>
<bind>
<opcode="getelementptr(29) " fcode="getelementptr"/>
<opset="input_6_addr_5/2 "/>
</bind>
</comp>

<comp id="786" class="1004" name="input_7_addr_5_gep_fu_786">
<pin_list>
<pin id="787" dir="0" index="0" bw="7" slack="0"/>
<pin id="788" dir="0" index="1" bw="1" slack="0"/>
<pin id="789" dir="0" index="2" bw="8" slack="0"/>
<pin id="790" dir="1" index="3" bw="8" slack="0"/>
</pin_list>
<bind>
<opcode="getelementptr(29) " fcode="getelementptr"/>
<opset="input_7_addr_5/2 "/>
</bind>
</comp>

<comp id="801" class="1004" name="p_ZL12conv2_weight_5_addr_gep_fu_801">
<pin_list>
<pin id="802" dir="0" index="0" bw="4" slack="0"/>
<pin id="803" dir="0" index="1" bw="1" slack="0"/>
<pin id="804" dir="0" index="2" bw="7" slack="0"/>
<pin id="805" dir="1" index="3" bw="7" slack="0"/>
</pin_list>
<bind>
<opcode="getelementptr(29) " fcode="getelementptr"/>
<opset="p_ZL12conv2_weight_5_addr/2 "/>
</bind>
</comp>

<comp id="808" class="1004" name="grp_access_fu_808">
<pin_list>
<pin id="809" dir="0" index="0" bw="7" slack="0"/>
<pin id="810" dir="0" index="1" bw="4" slack="2147483647"/>
<pin id="811" dir="0" index="2" bw="0" slack="2147483647"/>
<pin id="812" dir="1" index="3" bw="4" slack="6"/>
</pin_list>
<bind>
<opcode="load(27) " fcode="load"/>
<opset="p_ZL12conv2_weight_5_load/2 "/>
</bind>
</comp>

<comp id="814" class="1004" name="input_0_addr_10_gep_fu_814">
<pin_list>
<pin id="815" dir="0" index="0" bw="7" slack="0"/>
<pin id="816" dir="0" index="1" bw="1" slack="0"/>
<pin id="817" dir="0" index="2" bw="8" slack="0"/>
<pin id="818" dir="1" index="3" bw="8" slack="0"/>
</pin_list>
<bind>
<opcode="getelementptr(29) " fcode="getelementptr"/>
<opset="input_0_addr_10/2 "/>
</bind>
</comp>

<comp id="821" class="1004" name="input_1_addr_10_gep_fu_821">
<pin_list>
<pin id="822" dir="0" index="0" bw="7" slack="0"/>
<pin id="823" dir="0" index="1" bw="1" slack="0"/>
<pin id="824" dir="0" index="2" bw="8" slack="0"/>
<pin id="825" dir="1" index="3" bw="8" slack="0"/>
</pin_list>
<bind>
<opcode="getelementptr(29) " fcode="getelementptr"/>
<opset="input_1_addr_10/2 "/>
</bind>
</comp>

<comp id="828" class="1004" name="input_2_addr_9_gep_fu_828">
<pin_list>
<pin id="829" dir="0" index="0" bw="7" slack="0"/>
<pin id="830" dir="0" index="1" bw="1" slack="0"/>
<pin id="831" dir="0" index="2" bw="8" slack="0"/>
<pin id="832" dir="1" index="3" bw="8" slack="0"/>
</pin_list>
<bind>
<opcode="getelementptr(29) " fcode="getelementptr"/>
<opset="input_2_addr_9/2 "/>
</bind>
</comp>

<comp id="835" class="1004" name="input_3_addr_9_gep_fu_835">
<pin_list>
<pin id="836" dir="0" index="0" bw="7" slack="0"/>
<pin id="837" dir="0" index="1" bw="1" slack="0"/>
<pin id="838" dir="0" index="2" bw="8" slack="0"/>
<pin id="839" dir="1" index="3" bw="8" slack="0"/>
</pin_list>
<bind>
<opcode="getelementptr(29) " fcode="getelementptr"/>
<opset="input_3_addr_9/2 "/>
</bind>
</comp>

<comp id="842" class="1004" name="input_4_addr_9_gep_fu_842">
<pin_list>
<pin id="843" dir="0" index="0" bw="7" slack="0"/>
<pin id="844" dir="0" index="1" bw="1" slack="0"/>
<pin id="845" dir="0" index="2" bw="8" slack="0"/>
<pin id="846" dir="1" index="3" bw="8" slack="0"/>
</pin_list>
<bind>
<opcode="getelementptr(29) " fcode="getelementptr"/>
<opset="input_4_addr_9/2 "/>
</bind>
</comp>

<comp id="849" class="1004" name="input_5_addr_6_gep_fu_849">
<pin_list>
<pin id="850" dir="0" index="0" bw="7" slack="0"/>
<pin id="851" dir="0" index="1" bw="1" slack="0"/>
<pin id="852" dir="0" index="2" bw="8" slack="0"/>
<pin id="853" dir="1" index="3" bw="8" slack="0"/>
</pin_list>
<bind>
<opcode="getelementptr(29) " fcode="getelementptr"/>
<opset="input_5_addr_6/2 "/>
</bind>
</comp>

<comp id="856" class="1004" name="input_6_addr_6_gep_fu_856">
<pin_list>
<pin id="857" dir="0" index="0" bw="7" slack="0"/>
<pin id="858" dir="0" index="1" bw="1" slack="0"/>
<pin id="859" dir="0" index="2" bw="8" slack="0"/>
<pin id="860" dir="1" index="3" bw="8" slack="0"/>
</pin_list>
<bind>
<opcode="getelementptr(29) " fcode="getelementptr"/>
<opset="input_6_addr_6/2 "/>
</bind>
</comp>

<comp id="863" class="1004" name="input_7_addr_6_gep_fu_863">
<pin_list>
<pin id="864" dir="0" index="0" bw="7" slack="0"/>
<pin id="865" dir="0" index="1" bw="1" slack="0"/>
<pin id="866" dir="0" index="2" bw="8" slack="0"/>
<pin id="867" dir="1" index="3" bw="8" slack="0"/>
</pin_list>
<bind>
<opcode="getelementptr(29) " fcode="getelementptr"/>
<opset="input_7_addr_6/2 "/>
</bind>
</comp>

<comp id="878" class="1004" name="p_ZL12conv2_weight_6_addr_gep_fu_878">
<pin_list>
<pin id="879" dir="0" index="0" bw="4" slack="0"/>
<pin id="880" dir="0" index="1" bw="1" slack="0"/>
<pin id="881" dir="0" index="2" bw="7" slack="0"/>
<pin id="882" dir="1" index="3" bw="7" slack="0"/>
</pin_list>
<bind>
<opcode="getelementptr(29) " fcode="getelementptr"/>
<opset="p_ZL12conv2_weight_6_addr/2 "/>
</bind>
</comp>

<comp id="885" class="1004" name="grp_access_fu_885">
<pin_list>
<pin id="886" dir="0" index="0" bw="7" slack="0"/>
<pin id="887" dir="0" index="1" bw="4" slack="2147483647"/>
<pin id="888" dir="0" index="2" bw="0" slack="2147483647"/>
<pin id="889" dir="1" index="3" bw="4" slack="7"/>
</pin_list>
<bind>
<opcode="load(27) " fcode="load"/>
<opset="p_ZL12conv2_weight_6_load/2 "/>
</bind>
</comp>

<comp id="891" class="1004" name="input_0_addr_11_gep_fu_891">
<pin_list>
<pin id="892" dir="0" index="0" bw="7" slack="0"/>
<pin id="893" dir="0" index="1" bw="1" slack="0"/>
<pin id="894" dir="0" index="2" bw="8" slack="0"/>
<pin id="895" dir="1" index="3" bw="8" slack="0"/>
</pin_list>
<bind>
<opcode="getelementptr(29) " fcode="getelementptr"/>
<opset="input_0_addr_11/2 "/>
</bind>
</comp>

<comp id="898" class="1004" name="input_1_addr_11_gep_fu_898">
<pin_list>
<pin id="899" dir="0" index="0" bw="7" slack="0"/>
<pin id="900" dir="0" index="1" bw="1" slack="0"/>
<pin id="901" dir="0" index="2" bw="8" slack="0"/>
<pin id="902" dir="1" index="3" bw="8" slack="0"/>
</pin_list>
<bind>
<opcode="getelementptr(29) " fcode="getelementptr"/>
<opset="input_1_addr_11/2 "/>
</bind>
</comp>

<comp id="905" class="1004" name="input_2_addr_10_gep_fu_905">
<pin_list>
<pin id="906" dir="0" index="0" bw="7" slack="0"/>
<pin id="907" dir="0" index="1" bw="1" slack="0"/>
<pin id="908" dir="0" index="2" bw="8" slack="0"/>
<pin id="909" dir="1" index="3" bw="8" slack="0"/>
</pin_list>
<bind>
<opcode="getelementptr(29) " fcode="getelementptr"/>
<opset="input_2_addr_10/2 "/>
</bind>
</comp>

<comp id="912" class="1004" name="input_3_addr_10_gep_fu_912">
<pin_list>
<pin id="913" dir="0" index="0" bw="7" slack="0"/>
<pin id="914" dir="0" index="1" bw="1" slack="0"/>
<pin id="915" dir="0" index="2" bw="8" slack="0"/>
<pin id="916" dir="1" index="3" bw="8" slack="0"/>
</pin_list>
<bind>
<opcode="getelementptr(29) " fcode="getelementptr"/>
<opset="input_3_addr_10/2 "/>
</bind>
</comp>

<comp id="919" class="1004" name="input_4_addr_10_gep_fu_919">
<pin_list>
<pin id="920" dir="0" index="0" bw="7" slack="0"/>
<pin id="921" dir="0" index="1" bw="1" slack="0"/>
<pin id="922" dir="0" index="2" bw="8" slack="0"/>
<pin id="923" dir="1" index="3" bw="8" slack="0"/>
</pin_list>
<bind>
<opcode="getelementptr(29) " fcode="getelementptr"/>
<opset="input_4_addr_10/2 "/>
</bind>
</comp>

<comp id="926" class="1004" name="input_5_addr_7_gep_fu_926">
<pin_list>
<pin id="927" dir="0" index="0" bw="7" slack="0"/>
<pin id="928" dir="0" index="1" bw="1" slack="0"/>
<pin id="929" dir="0" index="2" bw="8" slack="0"/>
<pin id="930" dir="1" index="3" bw="8" slack="0"/>
</pin_list>
<bind>
<opcode="getelementptr(29) " fcode="getelementptr"/>
<opset="input_5_addr_7/2 "/>
</bind>
</comp>

<comp id="933" class="1004" name="input_6_addr_7_gep_fu_933">
<pin_list>
<pin id="934" dir="0" index="0" bw="7" slack="0"/>
<pin id="935" dir="0" index="1" bw="1" slack="0"/>
<pin id="936" dir="0" index="2" bw="8" slack="0"/>
<pin id="937" dir="1" index="3" bw="8" slack="0"/>
</pin_list>
<bind>
<opcode="getelementptr(29) " fcode="getelementptr"/>
<opset="input_6_addr_7/2 "/>
</bind>
</comp>

<comp id="940" class="1004" name="input_7_addr_7_gep_fu_940">
<pin_list>
<pin id="941" dir="0" index="0" bw="7" slack="0"/>
<pin id="942" dir="0" index="1" bw="1" slack="0"/>
<pin id="943" dir="0" index="2" bw="8" slack="0"/>
<pin id="944" dir="1" index="3" bw="8" slack="0"/>
</pin_list>
<bind>
<opcode="getelementptr(29) " fcode="getelementptr"/>
<opset="input_7_addr_7/2 "/>
</bind>
</comp>

<comp id="955" class="1004" name="p_ZL12conv2_weight_7_addr_gep_fu_955">
<pin_list>
<pin id="956" dir="0" index="0" bw="4" slack="0"/>
<pin id="957" dir="0" index="1" bw="1" slack="0"/>
<pin id="958" dir="0" index="2" bw="7" slack="0"/>
<pin id="959" dir="1" index="3" bw="7" slack="0"/>
</pin_list>
<bind>
<opcode="getelementptr(29) " fcode="getelementptr"/>
<opset="p_ZL12conv2_weight_7_addr/2 "/>
</bind>
</comp>

<comp id="962" class="1004" name="grp_access_fu_962">
<pin_list>
<pin id="963" dir="0" index="0" bw="7" slack="0"/>
<pin id="964" dir="0" index="1" bw="4" slack="2147483647"/>
<pin id="965" dir="0" index="2" bw="0" slack="2147483647"/>
<pin id="966" dir="1" index="3" bw="4" slack="8"/>
</pin_list>
<bind>
<opcode="load(27) " fcode="load"/>
<opset="p_ZL12conv2_weight_7_load/2 "/>
</bind>
</comp>

<comp id="968" class="1004" name="input_0_addr_12_gep_fu_968">
<pin_list>
<pin id="969" dir="0" index="0" bw="7" slack="0"/>
<pin id="970" dir="0" index="1" bw="1" slack="0"/>
<pin id="971" dir="0" index="2" bw="8" slack="0"/>
<pin id="972" dir="1" index="3" bw="8" slack="0"/>
</pin_list>
<bind>
<opcode="getelementptr(29) " fcode="getelementptr"/>
<opset="input_0_addr_12/2 "/>
</bind>
</comp>

<comp id="975" class="1004" name="input_1_addr_12_gep_fu_975">
<pin_list>
<pin id="976" dir="0" index="0" bw="7" slack="0"/>
<pin id="977" dir="0" index="1" bw="1" slack="0"/>
<pin id="978" dir="0" index="2" bw="8" slack="0"/>
<pin id="979" dir="1" index="3" bw="8" slack="0"/>
</pin_list>
<bind>
<opcode="getelementptr(29) " fcode="getelementptr"/>
<opset="input_1_addr_12/2 "/>
</bind>
</comp>

<comp id="982" class="1004" name="input_2_addr_11_gep_fu_982">
<pin_list>
<pin id="983" dir="0" index="0" bw="7" slack="0"/>
<pin id="984" dir="0" index="1" bw="1" slack="0"/>
<pin id="985" dir="0" index="2" bw="8" slack="0"/>
<pin id="986" dir="1" index="3" bw="8" slack="0"/>
</pin_list>
<bind>
<opcode="getelementptr(29) " fcode="getelementptr"/>
<opset="input_2_addr_11/2 "/>
</bind>
</comp>

<comp id="989" class="1004" name="input_3_addr_11_gep_fu_989">
<pin_list>
<pin id="990" dir="0" index="0" bw="7" slack="0"/>
<pin id="991" dir="0" index="1" bw="1" slack="0"/>
<pin id="992" dir="0" index="2" bw="8" slack="0"/>
<pin id="993" dir="1" index="3" bw="8" slack="0"/>
</pin_list>
<bind>
<opcode="getelementptr(29) " fcode="getelementptr"/>
<opset="input_3_addr_11/2 "/>
</bind>
</comp>

<comp id="996" class="1004" name="input_4_addr_11_gep_fu_996">
<pin_list>
<pin id="997" dir="0" index="0" bw="7" slack="0"/>
<pin id="998" dir="0" index="1" bw="1" slack="0"/>
<pin id="999" dir="0" index="2" bw="8" slack="0"/>
<pin id="1000" dir="1" index="3" bw="8" slack="0"/>
</pin_list>
<bind>
<opcode="getelementptr(29) " fcode="getelementptr"/>
<opset="input_4_addr_11/2 "/>
</bind>
</comp>

<comp id="1003" class="1004" name="input_5_addr_8_gep_fu_1003">
<pin_list>
<pin id="1004" dir="0" index="0" bw="7" slack="0"/>
<pin id="1005" dir="0" index="1" bw="1" slack="0"/>
<pin id="1006" dir="0" index="2" bw="8" slack="0"/>
<pin id="1007" dir="1" index="3" bw="8" slack="0"/>
</pin_list>
<bind>
<opcode="getelementptr(29) " fcode="getelementptr"/>
<opset="input_5_addr_8/2 "/>
</bind>
</comp>

<comp id="1010" class="1004" name="input_6_addr_8_gep_fu_1010">
<pin_list>
<pin id="1011" dir="0" index="0" bw="7" slack="0"/>
<pin id="1012" dir="0" index="1" bw="1" slack="0"/>
<pin id="1013" dir="0" index="2" bw="8" slack="0"/>
<pin id="1014" dir="1" index="3" bw="8" slack="0"/>
</pin_list>
<bind>
<opcode="getelementptr(29) " fcode="getelementptr"/>
<opset="input_6_addr_8/2 "/>
</bind>
</comp>

<comp id="1017" class="1004" name="input_7_addr_8_gep_fu_1017">
<pin_list>
<pin id="1018" dir="0" index="0" bw="7" slack="0"/>
<pin id="1019" dir="0" index="1" bw="1" slack="0"/>
<pin id="1020" dir="0" index="2" bw="8" slack="0"/>
<pin id="1021" dir="1" index="3" bw="8" slack="0"/>
</pin_list>
<bind>
<opcode="getelementptr(29) " fcode="getelementptr"/>
<opset="input_7_addr_8/2 "/>
</bind>
</comp>

<comp id="1032" class="1004" name="p_ZL12conv2_weight_8_addr_gep_fu_1032">
<pin_list>
<pin id="1033" dir="0" index="0" bw="4" slack="0"/>
<pin id="1034" dir="0" index="1" bw="1" slack="0"/>
<pin id="1035" dir="0" index="2" bw="7" slack="0"/>
<pin id="1036" dir="1" index="3" bw="7" slack="0"/>
</pin_list>
<bind>
<opcode="getelementptr(29) " fcode="getelementptr"/>
<opset="p_ZL12conv2_weight_8_addr/2 "/>
</bind>
</comp>

<comp id="1039" class="1004" name="grp_access_fu_1039">
<pin_list>
<pin id="1040" dir="0" index="0" bw="7" slack="0"/>
<pin id="1041" dir="0" index="1" bw="4" slack="2147483647"/>
<pin id="1042" dir="0" index="2" bw="0" slack="2147483647"/>
<pin id="1043" dir="1" index="3" bw="4" slack="9"/>
</pin_list>
<bind>
<opcode="load(27) " fcode="load"/>
<opset="p_ZL12conv2_weight_8_load/2 "/>
</bind>
</comp>

<comp id="1045" class="1004" name="zext_ln85_1_cast_fu_1045">
<pin_list>
<pin id="1046" dir="0" index="0" bw="4" slack="0"/>
<pin id="1047" dir="1" index="1" bw="11" slack="1"/>
</pin_list>
<bind>
<opcode="zext(34) " fcode="zext"/>
<opset="zext_ln85_1_cast/1 "/>
</bind>
</comp>

<comp id="1049" class="1004" name="zext_ln70_1_cast_fu_1049">
<pin_list>
<pin id="1050" dir="0" index="0" bw="4" slack="0"/>
<pin id="1051" dir="1" index="1" bw="11" slack="1"/>
</pin_list>
<bind>
<opcode="zext(34) " fcode="zext"/>
<opset="zext_ln70_1_cast/1 "/>
</bind>
</comp>

<comp id="1053" class="1004" name="zext_ln82_cast_fu_1053">
<pin_list>
<pin id="1054" dir="0" index="0" bw="8" slack="0"/>
<pin id="1055" dir="1" index="1" bw="11" slack="1"/>
</pin_list>
<bind>
<opcode="zext(34) " fcode="zext"/>
<opset="zext_ln82_cast/1 "/>
</bind>
</comp>

<comp id="1057" class="1004" name="sext_ln85_cast_fu_1057">
<pin_list>
<pin id="1058" dir="0" index="0" bw="5" slack="0"/>
<pin id="1059" dir="1" index="1" bw="11" slack="1"/>
</pin_list>
<bind>
<opcode="sext(35) " fcode="sext"/>
<opset="sext_ln85_cast/1 "/>
</bind>
</comp>

<comp id="1061" class="1004" name="icmp_ln85_fu_1061">
<pin_list>
<pin id="1062" dir="0" index="0" bw="5" slack="0"/>
<pin id="1063" dir="0" index="1" bw="5" slack="0"/>
<pin id="1064" dir="1" index="2" bw="1" slack="1"/>
</pin_list>
<bind>
<opcode="icmp(45) " fcode="icmp"/>
<opset="icmp_ln85/1 "/>
</bind>
</comp>

<comp id="1067" class="1004" name="icmp_ln85_1_fu_1067">
<pin_list>
<pin id="1068" dir="0" index="0" bw="5" slack="0"/>
<pin id="1069" dir="0" index="1" bw="5" slack="0"/>
<pin id="1070" dir="1" index="2" bw="1" slack="1"/>
</pin_list>
<bind>
<opcode="icmp(45) " fcode="icmp"/>
<opset="icmp_ln85_1/1 "/>
</bind>
</comp>

<comp id="1073" class="1004" name="icmp_ln85_2_fu_1073">
<pin_list>
<pin id="1074" dir="0" index="0" bw="4" slack="0"/>
<pin id="1075" dir="0" index="1" bw="4" slack="0"/>
<pin id="1076" dir="1" index="2" bw="1" slack="1"/>
</pin_list>
<bind>
<opcode="icmp(45) " fcode="icmp"/>
<opset="icmp_ln85_2/1 "/>
</bind>
</comp>

<comp id="1079" class="1004" name="icmp_ln85_3_fu_1079">
<pin_list>
<pin id="1080" dir="0" index="0" bw="4" slack="0"/>
<pin id="1081" dir="0" index="1" bw="4" slack="0"/>
<pin id="1082" dir="1" index="2" bw="1" slack="1"/>
</pin_list>
<bind>
<opcode="icmp(45) " fcode="icmp"/>
<opset="icmp_ln85_3/1 "/>
</bind>
</comp>

<comp id="1085" class="1004" name="store_ln78_store_fu_1085">
<pin_list>
<pin id="1086" dir="0" index="0" bw="1" slack="0"/>
<pin id="1087" dir="0" index="1" bw="4" slack="0"/>
<pin id="1088" dir="1" index="2" bw="0" slack="2147483647"/>
</pin_list>
<bind>
<opcode="store(28) " fcode="store"/>
<opset="store_ln78/1 "/>
</bind>
</comp>

<comp id="1090" class="1004" name="store_ln0_store_fu_1090">
<pin_list>
<pin id="1091" dir="0" index="0" bw="1" slack="0"/>
<pin id="1092" dir="0" index="1" bw="11" slack="0"/>
<pin id="1093" dir="1" index="2" bw="0" slack="2147483647"/>
</pin_list>
<bind>
<opcode="store(28) " fcode="store"/>
<opset="store_ln0/1 "/>
</bind>
</comp>

<comp id="1095" class="1004" name="ci_1_load_fu_1095">
<pin_list>
<pin id="1096" dir="0" index="0" bw="4" slack="0"/>
<pin id="1097" dir="1" index="1" bw="4" slack="0"/>
</pin_list>
<bind>
<opcode="load(27) " fcode="load"/>
<opset="ci_1/1 "/>
</bind>
</comp>

<comp id="1098" class="1004" name="icmp_ln78_fu_1098">
<pin_list>
<pin id="1099" dir="0" index="0" bw="4" slack="0"/>
<pin id="1100" dir="0" index="1" bw="4" slack="0"/>
<pin id="1101" dir="1" index="2" bw="1" slack="1"/>
</pin_list>
<bind>
<opcode="icmp(45) " fcode="icmp"/>
<opset="icmp_ln78/1 "/>
</bind>
</comp>

<comp id="1104" class="1004" name="add_ln78_fu_1104">
<pin_list>
<pin id="1105" dir="0" index="0" bw="4" slack="0"/>
<pin id="1106" dir="0" index="1" bw="1" slack="0"/>
<pin id="1107" dir="1" index="2" bw="4" slack="0"/>
</pin_list>
<bind>
<opcode="add(8) " fcode="add"/>
<opset="add_ln78/1 "/>
</bind>
</comp>

<comp id="1110" class="1004" name="trunc_ln86_fu_1110">
<pin_list>
<pin id="1111" dir="0" index="0" bw="4" slack="0"/>
<pin id="1112" dir="1" index="1" bw="1" slack="0"/>
</pin_list>
<bind>
<opcode="trunc(33) " fcode="trunc"/>
<opset="trunc_ln86/1 "/>
</bind>
</comp>

<comp id="1114" class="1004" name="shl_ln2_fu_1114">
<pin_list>
<pin id="1115" dir="0" index="0" bw="3" slack="0"/>
<pin id="1116" dir="0" index="1" bw="1" slack="0"/>
<pin id="1117" dir="0" index="2" bw="1" slack="0"/>
<pin id="1118" dir="1" index="3" bw="3" slack="0"/>
</pin_list>
<bind>
<opcode="bitconcatenate(1004) " fcode="bitconcatenate"/>
<opset="shl_ln2/1 "/>
</bind>
</comp>

<comp id="1122" class="1004" name="add_ln86_2_fu_1122">
<pin_list>
<pin id="1123" dir="0" index="0" bw="3" slack="0"/>
<pin id="1124" dir="0" index="1" bw="3" slack="0"/>
<pin id="1125" dir="1" index="2" bw="3" slack="0"/>
</pin_list>
<bind>
<opcode="add(8) " fcode="add"/>
<opset="add_ln86_2/1 "/>
</bind>
</comp>

<comp id="1128" class="1004" name="add_ln86_3_fu_1128">
<pin_list>
<pin id="1129" dir="0" index="0" bw="3" slack="0"/>
<pin id="1130" dir="0" index="1" bw="3" slack="0"/>
<pin id="1131" dir="1" index="2" bw="3" slack="1"/>
</pin_list>
<bind>
<opcode="add(8) " fcode="add"/>
<opset="add_ln86_3/1 "/>
</bind>
</comp>

<comp id="1134" class="1004" name="store_ln78_store_fu_1134">
<pin_list>
<pin id="1135" dir="0" index="0" bw="4" slack="0"/>
<pin id="1136" dir="0" index="1" bw="4" slack="0"/>
<pin id="1137" dir="1" index="2" bw="0" slack="2147483647"/>
</pin_list>
<bind>
<opcode="store(28) " fcode="store"/>
<opset="store_ln78/1 "/>
</bind>
</comp>

<comp id="1139" class="1004" name="phi_mul_load_load_fu_1139">
<pin_list>
<pin id="1140" dir="0" index="0" bw="11" slack="1"/>
<pin id="1141" dir="1" index="1" bw="11" slack="0"/>
</pin_list>
<bind>
<opcode="load(27) " fcode="load"/>
<opset="phi_mul_load/2 "/>
</bind>
</comp>

<comp id="1142" class="1004" name="zext_ln78_fu_1142">
<pin_list>
<pin id="1143" dir="0" index="0" bw="4" slack="1"/>
<pin id="1144" dir="1" index="1" bw="7" slack="0"/>
</pin_list>
<bind>
<opcode="zext(34) " fcode="zext"/>
<opset="zext_ln78/2 "/>
</bind>
</comp>

<comp id="1145" class="1004" name="trunc_ln78_fu_1145">
<pin_list>
<pin id="1146" dir="0" index="0" bw="4" slack="1"/>
<pin id="1147" dir="1" index="1" bw="3" slack="0"/>
</pin_list>
<bind>
<opcode="trunc(33) " fcode="trunc"/>
<opset="trunc_ln78/2 "/>
</bind>
</comp>

<comp id="1148" class="1004" name="add_ln89_2_fu_1148">
<pin_list>
<pin id="1149" dir="0" index="0" bw="11" slack="0"/>
<pin id="1150" dir="0" index="1" bw="9" slack="0"/>
<pin id="1151" dir="1" index="2" bw="11" slack="0"/>
</pin_list>
<bind>
<opcode="add(8) " fcode="add"/>
<opset="add_ln89_2/2 "/>
</bind>
</comp>

<comp id="1154" class="1004" name="add_ln89_fu_1154">
<pin_list>
<pin id="1155" dir="0" index="0" bw="4" slack="0"/>
<pin id="1156" dir="0" index="1" bw="7" slack="1"/>
<pin id="1157" dir="1" index="2" bw="7" slack="0"/>
</pin_list>
<bind>
<opcode="add(8) " fcode="add"/>
<opset="add_ln89/2 "/>
</bind>
</comp>

<comp id="1159" class="1004" name="zext_ln86_fu_1159">
<pin_list>
<pin id="1160" dir="0" index="0" bw="7" slack="0"/>
<pin id="1161" dir="1" index="1" bw="64" slack="0"/>
</pin_list>
<bind>
<opcode="zext(34) " fcode="zext"/>
<opset="zext_ln86/2 "/>
</bind>
</comp>

<comp id="1172" class="1004" name="add_ln86_fu_1172">
<pin_list>
<pin id="1173" dir="0" index="0" bw="11" slack="0"/>
<pin id="1174" dir="0" index="1" bw="5" slack="0"/>
<pin id="1175" dir="1" index="2" bw="11" slack="0"/>
</pin_list>
<bind>
<opcode="add(8) " fcode="add"/>
<opset="add_ln86/2 "/>
</bind>
</comp>

<comp id="1178" class="1004" name="add_ln86_1_fu_1178">
<pin_list>
<pin id="1179" dir="0" index="0" bw="11" slack="0"/>
<pin id="1180" dir="0" index="1" bw="8" slack="1"/>
<pin id="1181" dir="1" index="2" bw="11" slack="0"/>
</pin_list>
<bind>
<opcode="add(8) " fcode="add"/>
<opset="add_ln86_1/2 "/>
</bind>
</comp>

<comp id="1183" class="1004" name="add_ln86_4_fu_1183">
<pin_list>
<pin id="1184" dir="0" index="0" bw="11" slack="0"/>
<pin id="1185" dir="0" index="1" bw="5" slack="1"/>
<pin id="1186" dir="1" index="2" bw="11" slack="0"/>
</pin_list>
<bind>
<opcode="add(8) " fcode="add"/>
<opset="add_ln86_4/2 "/>
</bind>
</comp>

<comp id="1188" class="1004" name="lshr_ln1_fu_1188">
<pin_list>
<pin id="1189" dir="0" index="0" bw="8" slack="0"/>
<pin id="1190" dir="0" index="1" bw="11" slack="0"/>
<pin id="1191" dir="0" index="2" bw="3" slack="0"/>
<pin id="1192" dir="0" index="3" bw="5" slack="0"/>
<pin id="1193" dir="1" index="4" bw="8" slack="0"/>
</pin_list>
<bind>
<opcode="partselect(1002) " fcode="partselect"/>
<opset="lshr_ln1/2 "/>
</bind>
</comp>

<comp id="1198" class="1004" name="zext_ln89_fu_1198">
<pin_list>
<pin id="1199" dir="0" index="0" bw="8" slack="0"/>
<pin id="1200" dir="1" index="1" bw="64" slack="0"/>
</pin_list>
<bind>
<opcode="zext(34) " fcode="zext"/>
<opset="zext_ln89/2 "/>
</bind>
</comp>

<comp id="1210" class="1004" name="add_ln86_5_fu_1210">
<pin_list>
<pin id="1211" dir="0" index="0" bw="11" slack="0"/>
<pin id="1212" dir="0" index="1" bw="4" slack="1"/>
<pin id="1213" dir="1" index="2" bw="11" slack="0"/>
</pin_list>
<bind>
<opcode="add(8) " fcode="add"/>
<opset="add_ln86_5/2 "/>
</bind>
</comp>

<comp id="1215" class="1004" name="lshr_ln2_fu_1215">
<pin_list>
<pin id="1216" dir="0" index="0" bw="8" slack="0"/>
<pin id="1217" dir="0" index="1" bw="11" slack="0"/>
<pin id="1218" dir="0" index="2" bw="3" slack="0"/>
<pin id="1219" dir="0" index="3" bw="5" slack="0"/>
<pin id="1220" dir="1" index="4" bw="8" slack="0"/>
</pin_list>
<bind>
<opcode="partselect(1002) " fcode="partselect"/>
<opset="lshr_ln2/2 "/>
</bind>
</comp>

<comp id="1225" class="1004" name="zext_ln89_2_fu_1225">
<pin_list>
<pin id="1226" dir="0" index="0" bw="8" slack="0"/>
<pin id="1227" dir="1" index="1" bw="64" slack="0"/>
</pin_list>
<bind>
<opcode="zext(34) " fcode="zext"/>
<opset="zext_ln89_2/2 "/>
</bind>
</comp>

<comp id="1237" class="1004" name="add_ln86_6_fu_1237">
<pin_list>
<pin id="1238" dir="0" index="0" bw="11" slack="0"/>
<pin id="1239" dir="0" index="1" bw="4" slack="1"/>
<pin id="1240" dir="1" index="2" bw="11" slack="0"/>
</pin_list>
<bind>
<opcode="add(8) " fcode="add"/>
<opset="add_ln86_6/2 "/>
</bind>
</comp>

<comp id="1242" class="1004" name="lshr_ln87_1_fu_1242">
<pin_list>
<pin id="1243" dir="0" index="0" bw="8" slack="0"/>
<pin id="1244" dir="0" index="1" bw="11" slack="0"/>
<pin id="1245" dir="0" index="2" bw="3" slack="0"/>
<pin id="1246" dir="0" index="3" bw="5" slack="0"/>
<pin id="1247" dir="1" index="4" bw="8" slack="0"/>
</pin_list>
<bind>
<opcode="partselect(1002) " fcode="partselect"/>
<opset="lshr_ln87_1/2 "/>
</bind>
</comp>

<comp id="1252" class="1004" name="zext_ln89_4_fu_1252">
<pin_list>
<pin id="1253" dir="0" index="0" bw="8" slack="0"/>
<pin id="1254" dir="1" index="1" bw="64" slack="0"/>
</pin_list>
<bind>
<opcode="zext(34) " fcode="zext"/>
<opset="zext_ln89_4/2 "/>
</bind>
</comp>

<comp id="1264" class="1004" name="add_ln86_7_fu_1264">
<pin_list>
<pin id="1265" dir="0" index="0" bw="11" slack="0"/>
<pin id="1266" dir="0" index="1" bw="8" slack="1"/>
<pin id="1267" dir="1" index="2" bw="11" slack="0"/>
</pin_list>
<bind>
<opcode="add(8) " fcode="add"/>
<opset="add_ln86_7/2 "/>
</bind>
</comp>

<comp id="1269" class="1004" name="add_ln86_8_fu_1269">
<pin_list>
<pin id="1270" dir="0" index="0" bw="11" slack="0"/>
<pin id="1271" dir="0" index="1" bw="5" slack="1"/>
<pin id="1272" dir="1" index="2" bw="11" slack="0"/>
</pin_list>
<bind>
<opcode="add(8) " fcode="add"/>
<opset="add_ln86_8/2 "/>
</bind>
</comp>

<comp id="1274" class="1004" name="lshr_ln89_4_fu_1274">
<pin_list>
<pin id="1275" dir="0" index="0" bw="8" slack="0"/>
<pin id="1276" dir="0" index="1" bw="11" slack="0"/>
<pin id="1277" dir="0" index="2" bw="3" slack="0"/>
<pin id="1278" dir="0" index="3" bw="5" slack="0"/>
<pin id="1279" dir="1" index="4" bw="8" slack="0"/>
</pin_list>
<bind>
<opcode="partselect(1002) " fcode="partselect"/>
<opset="lshr_ln89_4/2 "/>
</bind>
</comp>

<comp id="1284" class="1004" name="zext_ln89_6_fu_1284">
<pin_list>
<pin id="1285" dir="0" index="0" bw="8" slack="0"/>
<pin id="1286" dir="1" index="1" bw="64" slack="0"/>
</pin_list>
<bind>
<opcode="zext(34) " fcode="zext"/>
<opset="zext_ln89_6/2 "/>
</bind>
</comp>

<comp id="1296" class="1004" name="add_ln86_9_fu_1296">
<pin_list>
<pin id="1297" dir="0" index="0" bw="11" slack="0"/>
<pin id="1298" dir="0" index="1" bw="4" slack="1"/>
<pin id="1299" dir="1" index="2" bw="11" slack="0"/>
</pin_list>
<bind>
<opcode="add(8) " fcode="add"/>
<opset="add_ln86_9/2 "/>
</bind>
</comp>

<comp id="1301" class="1004" name="lshr_ln87_2_fu_1301">
<pin_list>
<pin id="1302" dir="0" index="0" bw="8" slack="0"/>
<pin id="1303" dir="0" index="1" bw="11" slack="0"/>
<pin id="1304" dir="0" index="2" bw="3" slack="0"/>
<pin id="1305" dir="0" index="3" bw="5" slack="0"/>
<pin id="1306" dir="1" index="4" bw="8" slack="0"/>
</pin_list>
<bind>
<opcode="partselect(1002) " fcode="partselect"/>
<opset="lshr_ln87_2/2 "/>
</bind>
</comp>

<comp id="1311" class="1004" name="zext_ln89_8_fu_1311">
<pin_list>
<pin id="1312" dir="0" index="0" bw="8" slack="0"/>
<pin id="1313" dir="1" index="1" bw="64" slack="0"/>
</pin_list>
<bind>
<opcode="zext(34) " fcode="zext"/>
<opset="zext_ln89_8/2 "/>
</bind>
</comp>

<comp id="1323" class="1004" name="switch_ln89_fu_1323">
<pin_list>
<pin id="1324" dir="0" index="0" bw="3" slack="0"/>
<pin id="1325" dir="0" index="1" bw="1" slack="0"/>
<pin id="1326" dir="0" index="2" bw="1" slack="0"/>
<pin id="1327" dir="0" index="3" bw="3" slack="0"/>
<pin id="1328" dir="0" index="4" bw="3" slack="0"/>
<pin id="1329" dir="0" index="5" bw="3" slack="0"/>
<pin id="1330" dir="0" index="6" bw="3" slack="0"/>
<pin id="1331" dir="0" index="7" bw="2" slack="0"/>
<pin id="1332" dir="1" index="8" bw="0" slack="2147483647"/>
</pin_list>
<bind>
<opcode="switch(3) " fcode="switch"/>
<opset="switch_ln89/2 "/>
</bind>
</comp>

<comp id="1341" class="1004" name="add_ln86_10_fu_1341">
<pin_list>
<pin id="1342" dir="0" index="0" bw="11" slack="0"/>
<pin id="1343" dir="0" index="1" bw="4" slack="1"/>
<pin id="1344" dir="1" index="2" bw="11" slack="0"/>
</pin_list>
<bind>
<opcode="add(8) " fcode="add"/>
<opset="add_ln86_10/2 "/>
</bind>
</comp>

<comp id="1346" class="1004" name="lshr_ln87_3_fu_1346">
<pin_list>
<pin id="1347" dir="0" index="0" bw="8" slack="0"/>
<pin id="1348" dir="0" index="1" bw="11" slack="0"/>
<pin id="1349" dir="0" index="2" bw="3" slack="0"/>
<pin id="1350" dir="0" index="3" bw="5" slack="0"/>
<pin id="1351" dir="1" index="4" bw="8" slack="0"/>
</pin_list>
<bind>
<opcode="partselect(1002) " fcode="partselect"/>
<opset="lshr_ln87_3/2 "/>
</bind>
</comp>

<comp id="1356" class="1004" name="zext_ln89_10_fu_1356">
<pin_list>
<pin id="1357" dir="0" index="0" bw="8" slack="0"/>
<pin id="1358" dir="1" index="1" bw="64" slack="0"/>
</pin_list>
<bind>
<opcode="zext(34) " fcode="zext"/>
<opset="zext_ln89_10/2 "/>
</bind>
</comp>

<comp id="1368" class="1004" name="add_ln86_11_fu_1368">
<pin_list>
<pin id="1369" dir="0" index="0" bw="11" slack="0"/>
<pin id="1370" dir="0" index="1" bw="5" slack="0"/>
<pin id="1371" dir="1" index="2" bw="11" slack="0"/>
</pin_list>
<bind>
<opcode="add(8) " fcode="add"/>
<opset="add_ln86_11/2 "/>
</bind>
</comp>

<comp id="1374" class="1004" name="add_ln86_12_fu_1374">
<pin_list>
<pin id="1375" dir="0" index="0" bw="11" slack="0"/>
<pin id="1376" dir="0" index="1" bw="8" slack="1"/>
<pin id="1377" dir="1" index="2" bw="11" slack="0"/>
</pin_list>
<bind>
<opcode="add(8) " fcode="add"/>
<opset="add_ln86_12/2 "/>
</bind>
</comp>

<comp id="1379" class="1004" name="add_ln86_13_fu_1379">
<pin_list>
<pin id="1380" dir="0" index="0" bw="11" slack="0"/>
<pin id="1381" dir="0" index="1" bw="5" slack="1"/>
<pin id="1382" dir="1" index="2" bw="11" slack="0"/>
</pin_list>
<bind>
<opcode="add(8) " fcode="add"/>
<opset="add_ln86_13/2 "/>
</bind>
</comp>

<comp id="1384" class="1004" name="lshr_ln89_8_fu_1384">
<pin_list>
<pin id="1385" dir="0" index="0" bw="8" slack="0"/>
<pin id="1386" dir="0" index="1" bw="11" slack="0"/>
<pin id="1387" dir="0" index="2" bw="3" slack="0"/>
<pin id="1388" dir="0" index="3" bw="5" slack="0"/>
<pin id="1389" dir="1" index="4" bw="8" slack="0"/>
</pin_list>
<bind>
<opcode="partselect(1002) " fcode="partselect"/>
<opset="lshr_ln89_8/2 "/>
</bind>
</comp>

<comp id="1394" class="1004" name="zext_ln89_12_fu_1394">
<pin_list>
<pin id="1395" dir="0" index="0" bw="8" slack="0"/>
<pin id="1396" dir="1" index="1" bw="64" slack="0"/>
</pin_list>
<bind>
<opcode="zext(34) " fcode="zext"/>
<opset="zext_ln89_12/2 "/>
</bind>
</comp>

<comp id="1406" class="1004" name="add_ln86_14_fu_1406">
<pin_list>
<pin id="1407" dir="0" index="0" bw="11" slack="0"/>
<pin id="1408" dir="0" index="1" bw="4" slack="1"/>
<pin id="1409" dir="1" index="2" bw="11" slack="0"/>
</pin_list>
<bind>
<opcode="add(8) " fcode="add"/>
<opset="add_ln86_14/2 "/>
</bind>
</comp>

<comp id="1411" class="1004" name="lshr_ln87_4_fu_1411">
<pin_list>
<pin id="1412" dir="0" index="0" bw="8" slack="0"/>
<pin id="1413" dir="0" index="1" bw="11" slack="0"/>
<pin id="1414" dir="0" index="2" bw="3" slack="0"/>
<pin id="1415" dir="0" index="3" bw="5" slack="0"/>
<pin id="1416" dir="1" index="4" bw="8" slack="0"/>
</pin_list>
<bind>
<opcode="partselect(1002) " fcode="partselect"/>
<opset="lshr_ln87_4/2 "/>
</bind>
</comp>

<comp id="1421" class="1004" name="zext_ln89_14_fu_1421">
<pin_list>
<pin id="1422" dir="0" index="0" bw="8" slack="0"/>
<pin id="1423" dir="1" index="1" bw="64" slack="0"/>
</pin_list>
<bind>
<opcode="zext(34) " fcode="zext"/>
<opset="zext_ln89_14/2 "/>
</bind>
</comp>

<comp id="1433" class="1004" name="add_ln86_15_fu_1433">
<pin_list>
<pin id="1434" dir="0" index="0" bw="11" slack="0"/>
<pin id="1435" dir="0" index="1" bw="4" slack="1"/>
<pin id="1436" dir="1" index="2" bw="11" slack="0"/>
</pin_list>
<bind>
<opcode="add(8) " fcode="add"/>
<opset="add_ln86_15/2 "/>
</bind>
</comp>

<comp id="1438" class="1004" name="lshr_ln87_5_fu_1438">
<pin_list>
<pin id="1439" dir="0" index="0" bw="8" slack="0"/>
<pin id="1440" dir="0" index="1" bw="11" slack="0"/>
<pin id="1441" dir="0" index="2" bw="3" slack="0"/>
<pin id="1442" dir="0" index="3" bw="5" slack="0"/>
<pin id="1443" dir="1" index="4" bw="8" slack="0"/>
</pin_list>
<bind>
<opcode="partselect(1002) " fcode="partselect"/>
<opset="lshr_ln87_5/2 "/>
</bind>
</comp>

<comp id="1448" class="1004" name="zext_ln89_16_fu_1448">
<pin_list>
<pin id="1449" dir="0" index="0" bw="8" slack="0"/>
<pin id="1450" dir="1" index="1" bw="64" slack="0"/>
</pin_list>
<bind>
<opcode="zext(34) " fcode="zext"/>
<opset="zext_ln89_16/2 "/>
</bind>
</comp>

<comp id="1460" class="1004" name="store_ln89_store_fu_1460">
<pin_list>
<pin id="1461" dir="0" index="0" bw="11" slack="0"/>
<pin id="1462" dir="0" index="1" bw="11" slack="1"/>
<pin id="1463" dir="1" index="2" bw="0" slack="2147483647"/>
</pin_list>
<bind>
<opcode="store(28) " fcode="store"/>
<opset="store_ln89/2 "/>
</bind>
</comp>

<comp id="1465" class="1004" name="tmp_cast_fu_1465">
<pin_list>
<pin id="1466" dir="0" index="0" bw="7" slack="0"/>
<pin id="1467" dir="0" index="1" bw="3" slack="0"/>
<pin id="1468" dir="0" index="2" bw="7" slack="0"/>
<pin id="1469" dir="0" index="3" bw="3" slack="0"/>
<pin id="1470" dir="0" index="4" bw="7" slack="0"/>
<pin id="1471" dir="0" index="5" bw="3" slack="0"/>
<pin id="1472" dir="0" index="6" bw="7" slack="0"/>
<pin id="1473" dir="0" index="7" bw="3" slack="0"/>
<pin id="1474" dir="0" index="8" bw="7" slack="0"/>
<pin id="1475" dir="0" index="9" bw="3" slack="0"/>
<pin id="1476" dir="0" index="10" bw="7" slack="0"/>
<pin id="1477" dir="0" index="11" bw="3" slack="0"/>
<pin id="1478" dir="0" index="12" bw="7" slack="0"/>
<pin id="1479" dir="0" index="13" bw="3" slack="0"/>
<pin id="1480" dir="0" index="14" bw="7" slack="0"/>
<pin id="1481" dir="0" index="15" bw="3" slack="0"/>
<pin id="1482" dir="0" index="16" bw="7" slack="0"/>
<pin id="1483" dir="0" index="17" bw="7" slack="0"/>
<pin id="1484" dir="0" index="18" bw="3" slack="2"/>
<pin id="1485" dir="1" index="19" bw="7" slack="0"/>
</pin_list>
<bind>
<opcode="sparsemux(1197) " fcode="sparsemux"/>
<opset="tmp_cast/3 "/>
</bind>
</comp>

<comp id="1504" class="1004" name="zext_ln89_1_fu_1504">
<pin_list>
<pin id="1505" dir="0" index="0" bw="7" slack="0"/>
<pin id="1506" dir="1" index="1" bw="10" slack="0"/>
</pin_list>
<bind>
<opcode="zext(34) " fcode="zext"/>
<opset="zext_ln89_1/3 "/>
</bind>
</comp>

<comp id="1508" class="1004" name="sext_ln89_fu_1508">
<pin_list>
<pin id="1509" dir="0" index="0" bw="3" slack="0"/>
<pin id="1510" dir="1" index="1" bw="10" slack="0"/>
</pin_list>
<bind>
<opcode="sext(35) " fcode="sext"/>
<opset="sext_ln89/3 "/>
</bind>
</comp>

<comp id="1512" class="1004" name="tmp_2_cast_fu_1512">
<pin_list>
<pin id="1513" dir="0" index="0" bw="7" slack="0"/>
<pin id="1514" dir="0" index="1" bw="3" slack="0"/>
<pin id="1515" dir="0" index="2" bw="7" slack="0"/>
<pin id="1516" dir="0" index="3" bw="3" slack="0"/>
<pin id="1517" dir="0" index="4" bw="7" slack="0"/>
<pin id="1518" dir="0" index="5" bw="3" slack="0"/>
<pin id="1519" dir="0" index="6" bw="7" slack="0"/>
<pin id="1520" dir="0" index="7" bw="3" slack="0"/>
<pin id="1521" dir="0" index="8" bw="7" slack="0"/>
<pin id="1522" dir="0" index="9" bw="3" slack="0"/>
<pin id="1523" dir="0" index="10" bw="7" slack="0"/>
<pin id="1524" dir="0" index="11" bw="3" slack="0"/>
<pin id="1525" dir="0" index="12" bw="7" slack="0"/>
<pin id="1526" dir="0" index="13" bw="3" slack="0"/>
<pin id="1527" dir="0" index="14" bw="7" slack="0"/>
<pin id="1528" dir="0" index="15" bw="3" slack="0"/>
<pin id="1529" dir="0" index="16" bw="7" slack="0"/>
<pin id="1530" dir="0" index="17" bw="7" slack="0"/>
<pin id="1531" dir="0" index="18" bw="3" slack="2"/>
<pin id="1532" dir="1" index="19" bw="7" slack="3"/>
</pin_list>
<bind>
<opcode="sparsemux(1197) " fcode="sparsemux"/>
<opset="tmp_2_cast/3 "/>
</bind>
</comp>

<comp id="1551" class="1004" name="tmp_4_cast_fu_1551">
<pin_list>
<pin id="1552" dir="0" index="0" bw="7" slack="0"/>
<pin id="1553" dir="0" index="1" bw="3" slack="0"/>
<pin id="1554" dir="0" index="2" bw="7" slack="0"/>
<pin id="1555" dir="0" index="3" bw="3" slack="0"/>
<pin id="1556" dir="0" index="4" bw="7" slack="0"/>
<pin id="1557" dir="0" index="5" bw="3" slack="0"/>
<pin id="1558" dir="0" index="6" bw="7" slack="0"/>
<pin id="1559" dir="0" index="7" bw="3" slack="0"/>
<pin id="1560" dir="0" index="8" bw="7" slack="0"/>
<pin id="1561" dir="0" index="9" bw="3" slack="0"/>
<pin id="1562" dir="0" index="10" bw="7" slack="0"/>
<pin id="1563" dir="0" index="11" bw="3" slack="0"/>
<pin id="1564" dir="0" index="12" bw="7" slack="0"/>
<pin id="1565" dir="0" index="13" bw="3" slack="0"/>
<pin id="1566" dir="0" index="14" bw="7" slack="0"/>
<pin id="1567" dir="0" index="15" bw="3" slack="0"/>
<pin id="1568" dir="0" index="16" bw="7" slack="0"/>
<pin id="1569" dir="0" index="17" bw="7" slack="0"/>
<pin id="1570" dir="0" index="18" bw="3" slack="2"/>
<pin id="1571" dir="1" index="19" bw="7" slack="4"/>
</pin_list>
<bind>
<opcode="sparsemux(1197) " fcode="sparsemux"/>
<opset="tmp_4_cast/3 "/>
</bind>
</comp>

<comp id="1590" class="1004" name="tmp_6_cast_fu_1590">
<pin_list>
<pin id="1591" dir="0" index="0" bw="7" slack="0"/>
<pin id="1592" dir="0" index="1" bw="3" slack="0"/>
<pin id="1593" dir="0" index="2" bw="7" slack="0"/>
<pin id="1594" dir="0" index="3" bw="3" slack="0"/>
<pin id="1595" dir="0" index="4" bw="7" slack="0"/>
<pin id="1596" dir="0" index="5" bw="3" slack="0"/>
<pin id="1597" dir="0" index="6" bw="7" slack="0"/>
<pin id="1598" dir="0" index="7" bw="3" slack="0"/>
<pin id="1599" dir="0" index="8" bw="7" slack="0"/>
<pin id="1600" dir="0" index="9" bw="3" slack="0"/>
<pin id="1601" dir="0" index="10" bw="7" slack="0"/>
<pin id="1602" dir="0" index="11" bw="3" slack="0"/>
<pin id="1603" dir="0" index="12" bw="7" slack="0"/>
<pin id="1604" dir="0" index="13" bw="3" slack="0"/>
<pin id="1605" dir="0" index="14" bw="7" slack="0"/>
<pin id="1606" dir="0" index="15" bw="3" slack="0"/>
<pin id="1607" dir="0" index="16" bw="7" slack="0"/>
<pin id="1608" dir="0" index="17" bw="7" slack="0"/>
<pin id="1609" dir="0" index="18" bw="3" slack="2"/>
<pin id="1610" dir="1" index="19" bw="7" slack="5"/>
</pin_list>
<bind>
<opcode="sparsemux(1197) " fcode="sparsemux"/>
<opset="tmp_6_cast/3 "/>
</bind>
</comp>

<comp id="1629" class="1004" name="tmp_8_cast_fu_1629">
<pin_list>
<pin id="1630" dir="0" index="0" bw="7" slack="0"/>
<pin id="1631" dir="0" index="1" bw="3" slack="0"/>
<pin id="1632" dir="0" index="2" bw="7" slack="0"/>
<pin id="1633" dir="0" index="3" bw="3" slack="0"/>
<pin id="1634" dir="0" index="4" bw="7" slack="0"/>
<pin id="1635" dir="0" index="5" bw="3" slack="0"/>
<pin id="1636" dir="0" index="6" bw="7" slack="0"/>
<pin id="1637" dir="0" index="7" bw="3" slack="0"/>
<pin id="1638" dir="0" index="8" bw="7" slack="0"/>
<pin id="1639" dir="0" index="9" bw="3" slack="0"/>
<pin id="1640" dir="0" index="10" bw="7" slack="0"/>
<pin id="1641" dir="0" index="11" bw="3" slack="0"/>
<pin id="1642" dir="0" index="12" bw="7" slack="0"/>
<pin id="1643" dir="0" index="13" bw="3" slack="0"/>
<pin id="1644" dir="0" index="14" bw="7" slack="0"/>
<pin id="1645" dir="0" index="15" bw="3" slack="0"/>
<pin id="1646" dir="0" index="16" bw="7" slack="0"/>
<pin id="1647" dir="0" index="17" bw="7" slack="0"/>
<pin id="1648" dir="0" index="18" bw="3" slack="2"/>
<pin id="1649" dir="1" index="19" bw="7" slack="6"/>
</pin_list>
<bind>
<opcode="sparsemux(1197) " fcode="sparsemux"/>
<opset="tmp_8_cast/3 "/>
</bind>
</comp>

<comp id="1668" class="1004" name="tmp_cast_47_fu_1668">
<pin_list>
<pin id="1669" dir="0" index="0" bw="7" slack="0"/>
<pin id="1670" dir="0" index="1" bw="3" slack="0"/>
<pin id="1671" dir="0" index="2" bw="7" slack="0"/>
<pin id="1672" dir="0" index="3" bw="3" slack="0"/>
<pin id="1673" dir="0" index="4" bw="7" slack="0"/>
<pin id="1674" dir="0" index="5" bw="3" slack="0"/>
<pin id="1675" dir="0" index="6" bw="7" slack="0"/>
<pin id="1676" dir="0" index="7" bw="3" slack="0"/>
<pin id="1677" dir="0" index="8" bw="7" slack="0"/>
<pin id="1678" dir="0" index="9" bw="3" slack="0"/>
<pin id="1679" dir="0" index="10" bw="7" slack="0"/>
<pin id="1680" dir="0" index="11" bw="3" slack="0"/>
<pin id="1681" dir="0" index="12" bw="7" slack="0"/>
<pin id="1682" dir="0" index="13" bw="3" slack="0"/>
<pin id="1683" dir="0" index="14" bw="7" slack="0"/>
<pin id="1684" dir="0" index="15" bw="3" slack="0"/>
<pin id="1685" dir="0" index="16" bw="7" slack="0"/>
<pin id="1686" dir="0" index="17" bw="7" slack="0"/>
<pin id="1687" dir="0" index="18" bw="3" slack="2"/>
<pin id="1688" dir="1" index="19" bw="7" slack="6"/>
</pin_list>
<bind>
<opcode="sparsemux(1197) " fcode="sparsemux"/>
<opset="tmp_cast_47/3 "/>
</bind>
</comp>

<comp id="1707" class="1004" name="tmp_10_cast_fu_1707">
<pin_list>
<pin id="1708" dir="0" index="0" bw="7" slack="0"/>
<pin id="1709" dir="0" index="1" bw="3" slack="0"/>
<pin id="1710" dir="0" index="2" bw="7" slack="0"/>
<pin id="1711" dir="0" index="3" bw="3" slack="0"/>
<pin id="1712" dir="0" index="4" bw="7" slack="0"/>
<pin id="1713" dir="0" index="5" bw="3" slack="0"/>
<pin id="1714" dir="0" index="6" bw="7" slack="0"/>
<pin id="1715" dir="0" index="7" bw="3" slack="0"/>
<pin id="1716" dir="0" index="8" bw="7" slack="0"/>
<pin id="1717" dir="0" index="9" bw="3" slack="0"/>
<pin id="1718" dir="0" index="10" bw="7" slack="0"/>
<pin id="1719" dir="0" index="11" bw="3" slack="0"/>
<pin id="1720" dir="0" index="12" bw="7" slack="0"/>
<pin id="1721" dir="0" index="13" bw="3" slack="0"/>
<pin id="1722" dir="0" index="14" bw="7" slack="0"/>
<pin id="1723" dir="0" index="15" bw="3" slack="0"/>
<pin id="1724" dir="0" index="16" bw="7" slack="0"/>
<pin id="1725" dir="0" index="17" bw="7" slack="0"/>
<pin id="1726" dir="0" index="18" bw="3" slack="2"/>
<pin id="1727" dir="1" index="19" bw="7" slack="7"/>
</pin_list>
<bind>
<opcode="sparsemux(1197) " fcode="sparsemux"/>
<opset="tmp_10_cast/3 "/>
</bind>
</comp>

<comp id="1746" class="1004" name="tmp_12_cast_fu_1746">
<pin_list>
<pin id="1747" dir="0" index="0" bw="7" slack="0"/>
<pin id="1748" dir="0" index="1" bw="3" slack="0"/>
<pin id="1749" dir="0" index="2" bw="7" slack="0"/>
<pin id="1750" dir="0" index="3" bw="3" slack="0"/>
<pin id="1751" dir="0" index="4" bw="7" slack="0"/>
<pin id="1752" dir="0" index="5" bw="3" slack="0"/>
<pin id="1753" dir="0" index="6" bw="7" slack="0"/>
<pin id="1754" dir="0" index="7" bw="3" slack="0"/>
<pin id="1755" dir="0" index="8" bw="7" slack="0"/>
<pin id="1756" dir="0" index="9" bw="3" slack="0"/>
<pin id="1757" dir="0" index="10" bw="7" slack="0"/>
<pin id="1758" dir="0" index="11" bw="3" slack="0"/>
<pin id="1759" dir="0" index="12" bw="7" slack="0"/>
<pin id="1760" dir="0" index="13" bw="3" slack="0"/>
<pin id="1761" dir="0" index="14" bw="7" slack="0"/>
<pin id="1762" dir="0" index="15" bw="3" slack="0"/>
<pin id="1763" dir="0" index="16" bw="7" slack="0"/>
<pin id="1764" dir="0" index="17" bw="7" slack="0"/>
<pin id="1765" dir="0" index="18" bw="3" slack="2"/>
<pin id="1766" dir="1" index="19" bw="7" slack="8"/>
</pin_list>
<bind>
<opcode="sparsemux(1197) " fcode="sparsemux"/>
<opset="tmp_12_cast/3 "/>
</bind>
</comp>

<comp id="1785" class="1004" name="tmp_14_cast_fu_1785">
<pin_list>
<pin id="1786" dir="0" index="0" bw="7" slack="0"/>
<pin id="1787" dir="0" index="1" bw="3" slack="0"/>
<pin id="1788" dir="0" index="2" bw="7" slack="0"/>
<pin id="1789" dir="0" index="3" bw="3" slack="0"/>
<pin id="1790" dir="0" index="4" bw="7" slack="0"/>
<pin id="1791" dir="0" index="5" bw="3" slack="0"/>
<pin id="1792" dir="0" index="6" bw="7" slack="0"/>
<pin id="1793" dir="0" index="7" bw="3" slack="0"/>
<pin id="1794" dir="0" index="8" bw="7" slack="0"/>
<pin id="1795" dir="0" index="9" bw="3" slack="0"/>
<pin id="1796" dir="0" index="10" bw="7" slack="0"/>
<pin id="1797" dir="0" index="11" bw="3" slack="0"/>
<pin id="1798" dir="0" index="12" bw="7" slack="0"/>
<pin id="1799" dir="0" index="13" bw="3" slack="0"/>
<pin id="1800" dir="0" index="14" bw="7" slack="0"/>
<pin id="1801" dir="0" index="15" bw="3" slack="0"/>
<pin id="1802" dir="0" index="16" bw="7" slack="0"/>
<pin id="1803" dir="0" index="17" bw="7" slack="0"/>
<pin id="1804" dir="0" index="18" bw="3" slack="2"/>
<pin id="1805" dir="1" index="19" bw="7" slack="9"/>
</pin_list>
<bind>
<opcode="sparsemux(1197) " fcode="sparsemux"/>
<opset="tmp_14_cast/3 "/>
</bind>
</comp>

<comp id="1824" class="1004" name="conv2_ap_fixed_8_5_5_3_0_ap_fixed_8_5_5_3_0_partial_sums_load_load_fu_1824">
<pin_list>
<pin id="1825" dir="0" index="0" bw="8" slack="0"/>
<pin id="1826" dir="1" index="1" bw="8" slack="0"/>
</pin_list>
<bind>
<opcode="load(27) " fcode="load"/>
<opset="conv2_ap_fixed_8_5_5_3_0_ap_fixed_8_5_5_3_0_partial_sums_load/5 "/>
</bind>
</comp>

<comp id="1828" class="1004" name="conv2_ap_fixed_8_5_5_3_0_ap_fixed_8_5_5_3_0_partial_sums_2_load_load_fu_1828">
<pin_list>
<pin id="1829" dir="0" index="0" bw="8" slack="0"/>
<pin id="1830" dir="1" index="1" bw="8" slack="0"/>
</pin_list>
<bind>
<opcode="load(27) " fcode="load"/>
<opset="conv2_ap_fixed_8_5_5_3_0_ap_fixed_8_5_5_3_0_partial_sums_2_load/5 "/>
</bind>
</comp>

<comp id="1832" class="1004" name="conv2_ap_fixed_8_5_5_3_0_ap_fixed_8_5_5_3_0_partial_sums_3_load_load_fu_1832">
<pin_list>
<pin id="1833" dir="0" index="0" bw="8" slack="0"/>
<pin id="1834" dir="1" index="1" bw="8" slack="0"/>
</pin_list>
<bind>
<opcode="load(27) " fcode="load"/>
<opset="conv2_ap_fixed_8_5_5_3_0_ap_fixed_8_5_5_3_0_partial_sums_3_load/5 "/>
</bind>
</comp>

<comp id="1836" class="1004" name="conv2_ap_fixed_8_5_5_3_0_ap_fixed_8_5_5_3_0_partial_sums_4_load_load_fu_1836">
<pin_list>
<pin id="1837" dir="0" index="0" bw="8" slack="0"/>
<pin id="1838" dir="1" index="1" bw="8" slack="0"/>
</pin_list>
<bind>
<opcode="load(27) " fcode="load"/>
<opset="conv2_ap_fixed_8_5_5_3_0_ap_fixed_8_5_5_3_0_partial_sums_4_load/5 "/>
</bind>
</comp>

<comp id="1840" class="1004" name="conv2_ap_fixed_8_5_5_3_0_ap_fixed_8_5_5_3_0_partial_sums_5_load_load_fu_1840">
<pin_list>
<pin id="1841" dir="0" index="0" bw="8" slack="0"/>
<pin id="1842" dir="1" index="1" bw="8" slack="0"/>
</pin_list>
<bind>
<opcode="load(27) " fcode="load"/>
<opset="conv2_ap_fixed_8_5_5_3_0_ap_fixed_8_5_5_3_0_partial_sums_5_load/5 "/>
</bind>
</comp>

<comp id="1844" class="1004" name="conv2_ap_fixed_8_5_5_3_0_ap_fixed_8_5_5_3_0_partial_sums_6_load_load_fu_1844">
<pin_list>
<pin id="1845" dir="0" index="0" bw="8" slack="0"/>
<pin id="1846" dir="1" index="1" bw="8" slack="0"/>
</pin_list>
<bind>
<opcode="load(27) " fcode="load"/>
<opset="conv2_ap_fixed_8_5_5_3_0_ap_fixed_8_5_5_3_0_partial_sums_6_load/5 "/>
</bind>
</comp>

<comp id="1848" class="1004" name="conv2_ap_fixed_8_5_5_3_0_ap_fixed_8_5_5_3_0_partial_sums_7_load_load_fu_1848">
<pin_list>
<pin id="1849" dir="0" index="0" bw="8" slack="0"/>
<pin id="1850" dir="1" index="1" bw="8" slack="0"/>
</pin_list>
<bind>
<opcode="load(27) " fcode="load"/>
<opset="conv2_ap_fixed_8_5_5_3_0_ap_fixed_8_5_5_3_0_partial_sums_7_load/5 "/>
</bind>
</comp>

<comp id="1852" class="1004" name="conv2_ap_fixed_8_5_5_3_0_ap_fixed_8_5_5_3_0_partial_sums_8_load_load_fu_1852">
<pin_list>
<pin id="1853" dir="0" index="0" bw="8" slack="0"/>
<pin id="1854" dir="1" index="1" bw="8" slack="0"/>
</pin_list>
<bind>
<opcode="load(27) " fcode="load"/>
<opset="conv2_ap_fixed_8_5_5_3_0_ap_fixed_8_5_5_3_0_partial_sums_8_load/5 "/>
</bind>
</comp>

<comp id="1856" class="1004" name="tmp_1_fu_1856">
<pin_list>
<pin id="1857" dir="0" index="0" bw="8" slack="0"/>
<pin id="1858" dir="0" index="1" bw="3" slack="0"/>
<pin id="1859" dir="0" index="2" bw="8" slack="0"/>
<pin id="1860" dir="0" index="3" bw="3" slack="0"/>
<pin id="1861" dir="0" index="4" bw="8" slack="0"/>
<pin id="1862" dir="0" index="5" bw="3" slack="0"/>
<pin id="1863" dir="0" index="6" bw="8" slack="0"/>
<pin id="1864" dir="0" index="7" bw="3" slack="0"/>
<pin id="1865" dir="0" index="8" bw="8" slack="0"/>
<pin id="1866" dir="0" index="9" bw="3" slack="0"/>
<pin id="1867" dir="0" index="10" bw="8" slack="0"/>
<pin id="1868" dir="0" index="11" bw="3" slack="0"/>
<pin id="1869" dir="0" index="12" bw="8" slack="0"/>
<pin id="1870" dir="0" index="13" bw="3" slack="0"/>
<pin id="1871" dir="0" index="14" bw="8" slack="0"/>
<pin id="1872" dir="0" index="15" bw="3" slack="0"/>
<pin id="1873" dir="0" index="16" bw="8" slack="0"/>
<pin id="1874" dir="0" index="17" bw="8" slack="0"/>
<pin id="1875" dir="0" index="18" bw="3" slack="3"/>
<pin id="1876" dir="1" index="19" bw="8" slack="0"/>
</pin_list>
<bind>
<opcode="sparsemux(1197) " fcode="sparsemux"/>
<opset="tmp_1/5 "/>
</bind>
</comp>

<comp id="1895" class="1004" name="shl_ln3_fu_1895">
<pin_list>
<pin id="1896" dir="0" index="0" bw="11" slack="0"/>
<pin id="1897" dir="0" index="1" bw="8" slack="0"/>
<pin id="1898" dir="0" index="2" bw="1" slack="0"/>
<pin id="1899" dir="1" index="3" bw="11" slack="0"/>
</pin_list>
<bind>
<opcode="bitconcatenate(1004) " fcode="bitconcatenate"/>
<opset="shl_ln3/5 "/>
</bind>
</comp>

<comp id="1903" class="1004" name="sext_ln89_1_fu_1903">
<pin_list>
<pin id="1904" dir="0" index="0" bw="11" slack="0"/>
<pin id="1905" dir="1" index="1" bw="12" slack="0"/>
</pin_list>
<bind>
<opcode="sext(35) " fcode="sext"/>
<opset="sext_ln89_1/5 "/>
</bind>
</comp>

<comp id="1907" class="1004" name="icmp_ln89_fu_1907">
<pin_list>
<pin id="1908" dir="0" index="0" bw="12" slack="0"/>
<pin id="1909" dir="0" index="1" bw="12" slack="0"/>
<pin id="1910" dir="1" index="2" bw="1" slack="1"/>
</pin_list>
<bind>
<opcode="icmp(45) " fcode="icmp"/>
<opset="icmp_ln89/6 "/>
</bind>
</comp>

<comp id="1912" class="1004" name="switch_ln89_fu_1912">
<pin_list>
<pin id="1913" dir="0" index="0" bw="3" slack="4"/>
<pin id="1914" dir="0" index="1" bw="1" slack="0"/>
<pin id="1915" dir="0" index="2" bw="1" slack="0"/>
<pin id="1916" dir="0" index="3" bw="3" slack="0"/>
<pin id="1917" dir="0" index="4" bw="3" slack="0"/>
<pin id="1918" dir="0" index="5" bw="3" slack="0"/>
<pin id="1919" dir="0" index="6" bw="3" slack="0"/>
<pin id="1920" dir="0" index="7" bw="2" slack="0"/>
<pin id="1921" dir="1" index="8" bw="0" slack="2147483647"/>
</pin_list>
<bind>
<opcode="switch(3) " fcode="switch"/>
<opset="switch_ln89/6 "/>
</bind>
</comp>

<comp id="1929" class="1004" name="store_ln89_store_fu_1929">
<pin_list>
<pin id="1930" dir="0" index="0" bw="1" slack="0"/>
<pin id="1931" dir="0" index="1" bw="8" slack="0"/>
<pin id="1932" dir="1" index="2" bw="0" slack="2147483647"/>
</pin_list>
<bind>
<opcode="store(28) " fcode="store"/>
<opset="store_ln89/6 "/>
</bind>
</comp>

<comp id="1935" class="1004" name="store_ln89_store_fu_1935">
<pin_list>
<pin id="1936" dir="0" index="0" bw="1" slack="0"/>
<pin id="1937" dir="0" index="1" bw="8" slack="0"/>
<pin id="1938" dir="1" index="2" bw="0" slack="2147483647"/>
</pin_list>
<bind>
<opcode="store(28) " fcode="store"/>
<opset="store_ln89/6 "/>
</bind>
</comp>

<comp id="1941" class="1004" name="store_ln89_store_fu_1941">
<pin_list>
<pin id="1942" dir="0" index="0" bw="1" slack="0"/>
<pin id="1943" dir="0" index="1" bw="8" slack="0"/>
<pin id="1944" dir="1" index="2" bw="0" slack="2147483647"/>
</pin_list>
<bind>
<opcode="store(28) " fcode="store"/>
<opset="store_ln89/6 "/>
</bind>
</comp>

<comp id="1947" class="1004" name="store_ln89_store_fu_1947">
<pin_list>
<pin id="1948" dir="0" index="0" bw="1" slack="0"/>
<pin id="1949" dir="0" index="1" bw="8" slack="0"/>
<pin id="1950" dir="1" index="2" bw="0" slack="2147483647"/>
</pin_list>
<bind>
<opcode="store(28) " fcode="store"/>
<opset="store_ln89/6 "/>
</bind>
</comp>

<comp id="1953" class="1004" name="store_ln89_store_fu_1953">
<pin_list>
<pin id="1954" dir="0" index="0" bw="1" slack="0"/>
<pin id="1955" dir="0" index="1" bw="8" slack="0"/>
<pin id="1956" dir="1" index="2" bw="0" slack="2147483647"/>
</pin_list>
<bind>
<opcode="store(28) " fcode="store"/>
<opset="store_ln89/6 "/>
</bind>
</comp>

<comp id="1959" class="1004" name="store_ln89_store_fu_1959">
<pin_list>
<pin id="1960" dir="0" index="0" bw="1" slack="0"/>
<pin id="1961" dir="0" index="1" bw="8" slack="0"/>
<pin id="1962" dir="1" index="2" bw="0" slack="2147483647"/>
</pin_list>
<bind>
<opcode="store(28) " fcode="store"/>
<opset="store_ln89/6 "/>
</bind>
</comp>

<comp id="1965" class="1004" name="store_ln89_store_fu_1965">
<pin_list>
<pin id="1966" dir="0" index="0" bw="1" slack="0"/>
<pin id="1967" dir="0" index="1" bw="8" slack="0"/>
<pin id="1968" dir="1" index="2" bw="0" slack="2147483647"/>
</pin_list>
<bind>
<opcode="store(28) " fcode="store"/>
<opset="store_ln89/6 "/>
</bind>
</comp>

<comp id="1971" class="1004" name="store_ln89_store_fu_1971">
<pin_list>
<pin id="1972" dir="0" index="0" bw="1" slack="0"/>
<pin id="1973" dir="0" index="1" bw="8" slack="0"/>
<pin id="1974" dir="1" index="2" bw="0" slack="2147483647"/>
</pin_list>
<bind>
<opcode="store(28) " fcode="store"/>
<opset="store_ln89/6 "/>
</bind>
</comp>

<comp id="1977" class="1004" name="trunc_ln6_fu_1977">
<pin_list>
<pin id="1978" dir="0" index="0" bw="8" slack="0"/>
<pin id="1979" dir="0" index="1" bw="12" slack="0"/>
<pin id="1980" dir="0" index="2" bw="3" slack="0"/>
<pin id="1981" dir="0" index="3" bw="5" slack="0"/>
<pin id="1982" dir="1" index="4" bw="8" slack="0"/>
</pin_list>
<bind>
<opcode="partselect(1002) " fcode="partselect"/>
<opset="trunc_ln6/6 "/>
</bind>
</comp>

<comp id="1986" class="1004" name="switch_ln89_fu_1986">
<pin_list>
<pin id="1987" dir="0" index="0" bw="3" slack="4"/>
<pin id="1988" dir="0" index="1" bw="1" slack="0"/>
<pin id="1989" dir="0" index="2" bw="1" slack="0"/>
<pin id="1990" dir="0" index="3" bw="3" slack="0"/>
<pin id="1991" dir="0" index="4" bw="3" slack="0"/>
<pin id="1992" dir="0" index="5" bw="3" slack="0"/>
<pin id="1993" dir="0" index="6" bw="3" slack="0"/>
<pin id="1994" dir="0" index="7" bw="2" slack="0"/>
<pin id="1995" dir="1" index="8" bw="0" slack="2147483647"/>
</pin_list>
<bind>
<opcode="switch(3) " fcode="switch"/>
<opset="switch_ln89/6 "/>
</bind>
</comp>

<comp id="2003" class="1004" name="store_ln89_store_fu_2003">
<pin_list>
<pin id="2004" dir="0" index="0" bw="8" slack="0"/>
<pin id="2005" dir="0" index="1" bw="8" slack="0"/>
<pin id="2006" dir="1" index="2" bw="0" slack="2147483647"/>
</pin_list>
<bind>
<opcode="store(28) " fcode="store"/>
<opset="store_ln89/6 "/>
</bind>
</comp>

<comp id="2009" class="1004" name="store_ln89_store_fu_2009">
<pin_list>
<pin id="2010" dir="0" index="0" bw="8" slack="0"/>
<pin id="2011" dir="0" index="1" bw="8" slack="0"/>
<pin id="2012" dir="1" index="2" bw="0" slack="2147483647"/>
</pin_list>
<bind>
<opcode="store(28) " fcode="store"/>
<opset="store_ln89/6 "/>
</bind>
</comp>

<comp id="2015" class="1004" name="store_ln89_store_fu_2015">
<pin_list>
<pin id="2016" dir="0" index="0" bw="8" slack="0"/>
<pin id="2017" dir="0" index="1" bw="8" slack="0"/>
<pin id="2018" dir="1" index="2" bw="0" slack="2147483647"/>
</pin_list>
<bind>
<opcode="store(28) " fcode="store"/>
<opset="store_ln89/6 "/>
</bind>
</comp>

<comp id="2021" class="1004" name="store_ln89_store_fu_2021">
<pin_list>
<pin id="2022" dir="0" index="0" bw="8" slack="0"/>
<pin id="2023" dir="0" index="1" bw="8" slack="0"/>
<pin id="2024" dir="1" index="2" bw="0" slack="2147483647"/>
</pin_list>
<bind>
<opcode="store(28) " fcode="store"/>
<opset="store_ln89/6 "/>
</bind>
</comp>

<comp id="2027" class="1004" name="store_ln89_store_fu_2027">
<pin_list>
<pin id="2028" dir="0" index="0" bw="8" slack="0"/>
<pin id="2029" dir="0" index="1" bw="8" slack="0"/>
<pin id="2030" dir="1" index="2" bw="0" slack="2147483647"/>
</pin_list>
<bind>
<opcode="store(28) " fcode="store"/>
<opset="store_ln89/6 "/>
</bind>
</comp>

<comp id="2033" class="1004" name="store_ln89_store_fu_2033">
<pin_list>
<pin id="2034" dir="0" index="0" bw="8" slack="0"/>
<pin id="2035" dir="0" index="1" bw="8" slack="0"/>
<pin id="2036" dir="1" index="2" bw="0" slack="2147483647"/>
</pin_list>
<bind>
<opcode="store(28) " fcode="store"/>
<opset="store_ln89/6 "/>
</bind>
</comp>

<comp id="2039" class="1004" name="store_ln89_store_fu_2039">
<pin_list>
<pin id="2040" dir="0" index="0" bw="8" slack="0"/>
<pin id="2041" dir="0" index="1" bw="8" slack="0"/>
<pin id="2042" dir="1" index="2" bw="0" slack="2147483647"/>
</pin_list>
<bind>
<opcode="store(28) " fcode="store"/>
<opset="store_ln89/6 "/>
</bind>
</comp>

<comp id="2045" class="1004" name="store_ln89_store_fu_2045">
<pin_list>
<pin id="2046" dir="0" index="0" bw="8" slack="0"/>
<pin id="2047" dir="0" index="1" bw="8" slack="0"/>
<pin id="2048" dir="1" index="2" bw="0" slack="2147483647"/>
</pin_list>
<bind>
<opcode="store(28) " fcode="store"/>
<opset="store_ln89/6 "/>
</bind>
</comp>

<comp id="2051" class="1004" name="zext_ln89_3_fu_2051">
<pin_list>
<pin id="2052" dir="0" index="0" bw="7" slack="3"/>
<pin id="2053" dir="1" index="1" bw="11" slack="0"/>
</pin_list>
<bind>
<opcode="zext(34) " fcode="zext"/>
<opset="zext_ln89_3/6 "/>
</bind>
</comp>

<comp id="2054" class="1004" name="sext_ln89_3_fu_2054">
<pin_list>
<pin id="2055" dir="0" index="0" bw="4" slack="3"/>
<pin id="2056" dir="1" index="1" bw="11" slack="0"/>
</pin_list>
<bind>
<opcode="sext(35) " fcode="sext"/>
<opset="sext_ln89_3/6 "/>
</bind>
</comp>

<comp id="2057" class="1004" name="mul_ln89_1_fu_2057">
<pin_list>
<pin id="2058" dir="0" index="0" bw="4" slack="0"/>
<pin id="2059" dir="0" index="1" bw="7" slack="0"/>
<pin id="2060" dir="1" index="2" bw="11" slack="1"/>
</pin_list>
<bind>
<opcode="mul(12) " fcode="mul"/>
<opset="mul_ln89_1/6 "/>
</bind>
</comp>

<comp id="2063" class="1004" name="conv2_ap_fixed_8_5_5_3_0_ap_fixed_8_5_5_3_0_partial_sums_load_1_load_fu_2063">
<pin_list>
<pin id="2064" dir="0" index="0" bw="8" slack="0"/>
<pin id="2065" dir="1" index="1" bw="8" slack="0"/>
</pin_list>
<bind>
<opcode="load(27) " fcode="load"/>
<opset="conv2_ap_fixed_8_5_5_3_0_ap_fixed_8_5_5_3_0_partial_sums_load_1/7 "/>
</bind>
</comp>

<comp id="2067" class="1004" name="conv2_ap_fixed_8_5_5_3_0_ap_fixed_8_5_5_3_0_partial_sums_2_load_1_load_fu_2067">
<pin_list>
<pin id="2068" dir="0" index="0" bw="8" slack="0"/>
<pin id="2069" dir="1" index="1" bw="8" slack="0"/>
</pin_list>
<bind>
<opcode="load(27) " fcode="load"/>
<opset="conv2_ap_fixed_8_5_5_3_0_ap_fixed_8_5_5_3_0_partial_sums_2_load_1/7 "/>
</bind>
</comp>

<comp id="2071" class="1004" name="conv2_ap_fixed_8_5_5_3_0_ap_fixed_8_5_5_3_0_partial_sums_3_load_1_load_fu_2071">
<pin_list>
<pin id="2072" dir="0" index="0" bw="8" slack="0"/>
<pin id="2073" dir="1" index="1" bw="8" slack="0"/>
</pin_list>
<bind>
<opcode="load(27) " fcode="load"/>
<opset="conv2_ap_fixed_8_5_5_3_0_ap_fixed_8_5_5_3_0_partial_sums_3_load_1/7 "/>
</bind>
</comp>

<comp id="2075" class="1004" name="conv2_ap_fixed_8_5_5_3_0_ap_fixed_8_5_5_3_0_partial_sums_4_load_1_load_fu_2075">
<pin_list>
<pin id="2076" dir="0" index="0" bw="8" slack="0"/>
<pin id="2077" dir="1" index="1" bw="8" slack="0"/>
</pin_list>
<bind>
<opcode="load(27) " fcode="load"/>
<opset="conv2_ap_fixed_8_5_5_3_0_ap_fixed_8_5_5_3_0_partial_sums_4_load_1/7 "/>
</bind>
</comp>

<comp id="2079" class="1004" name="conv2_ap_fixed_8_5_5_3_0_ap_fixed_8_5_5_3_0_partial_sums_5_load_1_load_fu_2079">
<pin_list>
<pin id="2080" dir="0" index="0" bw="8" slack="0"/>
<pin id="2081" dir="1" index="1" bw="8" slack="0"/>
</pin_list>
<bind>
<opcode="load(27) " fcode="load"/>
<opset="conv2_ap_fixed_8_5_5_3_0_ap_fixed_8_5_5_3_0_partial_sums_5_load_1/7 "/>
</bind>
</comp>

<comp id="2083" class="1004" name="conv2_ap_fixed_8_5_5_3_0_ap_fixed_8_5_5_3_0_partial_sums_6_load_1_load_fu_2083">
<pin_list>
<pin id="2084" dir="0" index="0" bw="8" slack="0"/>
<pin id="2085" dir="1" index="1" bw="8" slack="0"/>
</pin_list>
<bind>
<opcode="load(27) " fcode="load"/>
<opset="conv2_ap_fixed_8_5_5_3_0_ap_fixed_8_5_5_3_0_partial_sums_6_load_1/7 "/>
</bind>
</comp>

<comp id="2087" class="1004" name="conv2_ap_fixed_8_5_5_3_0_ap_fixed_8_5_5_3_0_partial_sums_7_load_1_load_fu_2087">
<pin_list>
<pin id="2088" dir="0" index="0" bw="8" slack="0"/>
<pin id="2089" dir="1" index="1" bw="8" slack="0"/>
</pin_list>
<bind>
<opcode="load(27) " fcode="load"/>
<opset="conv2_ap_fixed_8_5_5_3_0_ap_fixed_8_5_5_3_0_partial_sums_7_load_1/7 "/>
</bind>
</comp>

<comp id="2091" class="1004" name="conv2_ap_fixed_8_5_5_3_0_ap_fixed_8_5_5_3_0_partial_sums_8_load_1_load_fu_2091">
<pin_list>
<pin id="2092" dir="0" index="0" bw="8" slack="0"/>
<pin id="2093" dir="1" index="1" bw="8" slack="0"/>
</pin_list>
<bind>
<opcode="load(27) " fcode="load"/>
<opset="conv2_ap_fixed_8_5_5_3_0_ap_fixed_8_5_5_3_0_partial_sums_8_load_1/7 "/>
</bind>
</comp>

<comp id="2095" class="1004" name="tmp_3_fu_2095">
<pin_list>
<pin id="2096" dir="0" index="0" bw="8" slack="0"/>
<pin id="2097" dir="0" index="1" bw="3" slack="0"/>
<pin id="2098" dir="0" index="2" bw="8" slack="0"/>
<pin id="2099" dir="0" index="3" bw="3" slack="0"/>
<pin id="2100" dir="0" index="4" bw="8" slack="0"/>
<pin id="2101" dir="0" index="5" bw="3" slack="0"/>
<pin id="2102" dir="0" index="6" bw="8" slack="0"/>
<pin id="2103" dir="0" index="7" bw="3" slack="0"/>
<pin id="2104" dir="0" index="8" bw="8" slack="0"/>
<pin id="2105" dir="0" index="9" bw="3" slack="0"/>
<pin id="2106" dir="0" index="10" bw="8" slack="0"/>
<pin id="2107" dir="0" index="11" bw="3" slack="0"/>
<pin id="2108" dir="0" index="12" bw="8" slack="0"/>
<pin id="2109" dir="0" index="13" bw="3" slack="0"/>
<pin id="2110" dir="0" index="14" bw="8" slack="0"/>
<pin id="2111" dir="0" index="15" bw="3" slack="0"/>
<pin id="2112" dir="0" index="16" bw="8" slack="0"/>
<pin id="2113" dir="0" index="17" bw="8" slack="0"/>
<pin id="2114" dir="0" index="18" bw="3" slack="5"/>
<pin id="2115" dir="1" index="19" bw="8" slack="0"/>
</pin_list>
<bind>
<opcode="sparsemux(1197) " fcode="sparsemux"/>
<opset="tmp_3/7 "/>
</bind>
</comp>

<comp id="2134" class="1004" name="shl_ln89_1_fu_2134">
<pin_list>
<pin id="2135" dir="0" index="0" bw="11" slack="0"/>
<pin id="2136" dir="0" index="1" bw="8" slack="0"/>
<pin id="2137" dir="0" index="2" bw="1" slack="0"/>
<pin id="2138" dir="1" index="3" bw="11" slack="0"/>
</pin_list>
<bind>
<opcode="bitconcatenate(1004) " fcode="bitconcatenate"/>
<opset="shl_ln89_1/7 "/>
</bind>
</comp>

<comp id="2142" class="1004" name="add_ln89_3_fu_2142">
<pin_list>
<pin id="2143" dir="0" index="0" bw="11" slack="0"/>
<pin id="2144" dir="0" index="1" bw="11" slack="1"/>
<pin id="2145" dir="1" index="2" bw="11" slack="0"/>
</pin_list>
<bind>
<opcode="add(8) " fcode="add"/>
<opset="add_ln89_3/7 "/>
</bind>
</comp>

<comp id="2147" class="1004" name="sub_ln89_fu_2147">
<pin_list>
<pin id="2148" dir="0" index="0" bw="1" slack="0"/>
<pin id="2149" dir="0" index="1" bw="11" slack="1"/>
<pin id="2150" dir="1" index="2" bw="11" slack="0"/>
</pin_list>
<bind>
<opcode="sub(10) " fcode="sub"/>
<opset="sub_ln89/7 "/>
</bind>
</comp>

<comp id="2152" class="1004" name="icmp_ln89_2_fu_2152">
<pin_list>
<pin id="2153" dir="0" index="0" bw="11" slack="0"/>
<pin id="2154" dir="0" index="1" bw="11" slack="0"/>
<pin id="2155" dir="1" index="2" bw="1" slack="1"/>
</pin_list>
<bind>
<opcode="icmp(45) " fcode="icmp"/>
<opset="icmp_ln89_2/7 "/>
</bind>
</comp>

<comp id="2158" class="1004" name="switch_ln89_fu_2158">
<pin_list>
<pin id="2159" dir="0" index="0" bw="3" slack="5"/>
<pin id="2160" dir="0" index="1" bw="1" slack="0"/>
<pin id="2161" dir="0" index="2" bw="1" slack="0"/>
<pin id="2162" dir="0" index="3" bw="3" slack="0"/>
<pin id="2163" dir="0" index="4" bw="3" slack="0"/>
<pin id="2164" dir="0" index="5" bw="3" slack="0"/>
<pin id="2165" dir="0" index="6" bw="3" slack="0"/>
<pin id="2166" dir="0" index="7" bw="2" slack="0"/>
<pin id="2167" dir="1" index="8" bw="0" slack="2147483647"/>
</pin_list>
<bind>
<opcode="switch(3) " fcode="switch"/>
<opset="switch_ln89/7 "/>
</bind>
</comp>

<comp id="2175" class="1004" name="store_ln89_store_fu_2175">
<pin_list>
<pin id="2176" dir="0" index="0" bw="1" slack="0"/>
<pin id="2177" dir="0" index="1" bw="8" slack="0"/>
<pin id="2178" dir="1" index="2" bw="0" slack="2147483647"/>
</pin_list>
<bind>
<opcode="store(28) " fcode="store"/>
<opset="store_ln89/7 "/>
</bind>
</comp>

<comp id="2181" class="1004" name="store_ln89_store_fu_2181">
<pin_list>
<pin id="2182" dir="0" index="0" bw="1" slack="0"/>
<pin id="2183" dir="0" index="1" bw="8" slack="0"/>
<pin id="2184" dir="1" index="2" bw="0" slack="2147483647"/>
</pin_list>
<bind>
<opcode="store(28) " fcode="store"/>
<opset="store_ln89/7 "/>
</bind>
</comp>

<comp id="2187" class="1004" name="store_ln89_store_fu_2187">
<pin_list>
<pin id="2188" dir="0" index="0" bw="1" slack="0"/>
<pin id="2189" dir="0" index="1" bw="8" slack="0"/>
<pin id="2190" dir="1" index="2" bw="0" slack="2147483647"/>
</pin_list>
<bind>
<opcode="store(28) " fcode="store"/>
<opset="store_ln89/7 "/>
</bind>
</comp>

<comp id="2193" class="1004" name="store_ln89_store_fu_2193">
<pin_list>
<pin id="2194" dir="0" index="0" bw="1" slack="0"/>
<pin id="2195" dir="0" index="1" bw="8" slack="0"/>
<pin id="2196" dir="1" index="2" bw="0" slack="2147483647"/>
</pin_list>
<bind>
<opcode="store(28) " fcode="store"/>
<opset="store_ln89/7 "/>
</bind>
</comp>

<comp id="2199" class="1004" name="store_ln89_store_fu_2199">
<pin_list>
<pin id="2200" dir="0" index="0" bw="1" slack="0"/>
<pin id="2201" dir="0" index="1" bw="8" slack="0"/>
<pin id="2202" dir="1" index="2" bw="0" slack="2147483647"/>
</pin_list>
<bind>
<opcode="store(28) " fcode="store"/>
<opset="store_ln89/7 "/>
</bind>
</comp>

<comp id="2205" class="1004" name="store_ln89_store_fu_2205">
<pin_list>
<pin id="2206" dir="0" index="0" bw="1" slack="0"/>
<pin id="2207" dir="0" index="1" bw="8" slack="0"/>
<pin id="2208" dir="1" index="2" bw="0" slack="2147483647"/>
</pin_list>
<bind>
<opcode="store(28) " fcode="store"/>
<opset="store_ln89/7 "/>
</bind>
</comp>

<comp id="2211" class="1004" name="store_ln89_store_fu_2211">
<pin_list>
<pin id="2212" dir="0" index="0" bw="1" slack="0"/>
<pin id="2213" dir="0" index="1" bw="8" slack="0"/>
<pin id="2214" dir="1" index="2" bw="0" slack="2147483647"/>
</pin_list>
<bind>
<opcode="store(28) " fcode="store"/>
<opset="store_ln89/7 "/>
</bind>
</comp>

<comp id="2217" class="1004" name="store_ln89_store_fu_2217">
<pin_list>
<pin id="2218" dir="0" index="0" bw="1" slack="0"/>
<pin id="2219" dir="0" index="1" bw="8" slack="0"/>
<pin id="2220" dir="1" index="2" bw="0" slack="2147483647"/>
</pin_list>
<bind>
<opcode="store(28) " fcode="store"/>
<opset="store_ln89/7 "/>
</bind>
</comp>

<comp id="2223" class="1004" name="trunc_ln89_1_fu_2223">
<pin_list>
<pin id="2224" dir="0" index="0" bw="8" slack="0"/>
<pin id="2225" dir="0" index="1" bw="11" slack="0"/>
<pin id="2226" dir="0" index="2" bw="3" slack="0"/>
<pin id="2227" dir="0" index="3" bw="5" slack="0"/>
<pin id="2228" dir="1" index="4" bw="8" slack="0"/>
</pin_list>
<bind>
<opcode="partselect(1002) " fcode="partselect"/>
<opset="trunc_ln89_1/7 "/>
</bind>
</comp>

<comp id="2233" class="1004" name="switch_ln89_fu_2233">
<pin_list>
<pin id="2234" dir="0" index="0" bw="3" slack="5"/>
<pin id="2235" dir="0" index="1" bw="1" slack="0"/>
<pin id="2236" dir="0" index="2" bw="1" slack="0"/>
<pin id="2237" dir="0" index="3" bw="3" slack="0"/>
<pin id="2238" dir="0" index="4" bw="3" slack="0"/>
<pin id="2239" dir="0" index="5" bw="3" slack="0"/>
<pin id="2240" dir="0" index="6" bw="3" slack="0"/>
<pin id="2241" dir="0" index="7" bw="2" slack="0"/>
<pin id="2242" dir="1" index="8" bw="0" slack="2147483647"/>
</pin_list>
<bind>
<opcode="switch(3) " fcode="switch"/>
<opset="switch_ln89/7 "/>
</bind>
</comp>

<comp id="2250" class="1004" name="store_ln89_store_fu_2250">
<pin_list>
<pin id="2251" dir="0" index="0" bw="8" slack="0"/>
<pin id="2252" dir="0" index="1" bw="8" slack="0"/>
<pin id="2253" dir="1" index="2" bw="0" slack="2147483647"/>
</pin_list>
<bind>
<opcode="store(28) " fcode="store"/>
<opset="store_ln89/7 "/>
</bind>
</comp>

<comp id="2256" class="1004" name="store_ln89_store_fu_2256">
<pin_list>
<pin id="2257" dir="0" index="0" bw="8" slack="0"/>
<pin id="2258" dir="0" index="1" bw="8" slack="0"/>
<pin id="2259" dir="1" index="2" bw="0" slack="2147483647"/>
</pin_list>
<bind>
<opcode="store(28) " fcode="store"/>
<opset="store_ln89/7 "/>
</bind>
</comp>

<comp id="2262" class="1004" name="store_ln89_store_fu_2262">
<pin_list>
<pin id="2263" dir="0" index="0" bw="8" slack="0"/>
<pin id="2264" dir="0" index="1" bw="8" slack="0"/>
<pin id="2265" dir="1" index="2" bw="0" slack="2147483647"/>
</pin_list>
<bind>
<opcode="store(28) " fcode="store"/>
<opset="store_ln89/7 "/>
</bind>
</comp>

<comp id="2268" class="1004" name="store_ln89_store_fu_2268">
<pin_list>
<pin id="2269" dir="0" index="0" bw="8" slack="0"/>
<pin id="2270" dir="0" index="1" bw="8" slack="0"/>
<pin id="2271" dir="1" index="2" bw="0" slack="2147483647"/>
</pin_list>
<bind>
<opcode="store(28) " fcode="store"/>
<opset="store_ln89/7 "/>
</bind>
</comp>

<comp id="2274" class="1004" name="store_ln89_store_fu_2274">
<pin_list>
<pin id="2275" dir="0" index="0" bw="8" slack="0"/>
<pin id="2276" dir="0" index="1" bw="8" slack="0"/>
<pin id="2277" dir="1" index="2" bw="0" slack="2147483647"/>
</pin_list>
<bind>
<opcode="store(28) " fcode="store"/>
<opset="store_ln89/7 "/>
</bind>
</comp>

<comp id="2280" class="1004" name="store_ln89_store_fu_2280">
<pin_list>
<pin id="2281" dir="0" index="0" bw="8" slack="0"/>
<pin id="2282" dir="0" index="1" bw="8" slack="0"/>
<pin id="2283" dir="1" index="2" bw="0" slack="2147483647"/>
</pin_list>
<bind>
<opcode="store(28) " fcode="store"/>
<opset="store_ln89/7 "/>
</bind>
</comp>

<comp id="2286" class="1004" name="store_ln89_store_fu_2286">
<pin_list>
<pin id="2287" dir="0" index="0" bw="8" slack="0"/>
<pin id="2288" dir="0" index="1" bw="8" slack="0"/>
<pin id="2289" dir="1" index="2" bw="0" slack="2147483647"/>
</pin_list>
<bind>
<opcode="store(28) " fcode="store"/>
<opset="store_ln89/7 "/>
</bind>
</comp>

<comp id="2292" class="1004" name="store_ln89_store_fu_2292">
<pin_list>
<pin id="2293" dir="0" index="0" bw="8" slack="0"/>
<pin id="2294" dir="0" index="1" bw="8" slack="0"/>
<pin id="2295" dir="1" index="2" bw="0" slack="2147483647"/>
</pin_list>
<bind>
<opcode="store(28) " fcode="store"/>
<opset="store_ln89/7 "/>
</bind>
</comp>

<comp id="2298" class="1004" name="zext_ln89_5_fu_2298">
<pin_list>
<pin id="2299" dir="0" index="0" bw="7" slack="4"/>
<pin id="2300" dir="1" index="1" bw="11" slack="0"/>
</pin_list>
<bind>
<opcode="zext(34) " fcode="zext"/>
<opset="zext_ln89_5/7 "/>
</bind>
</comp>

<comp id="2301" class="1004" name="sext_ln89_4_fu_2301">
<pin_list>
<pin id="2302" dir="0" index="0" bw="4" slack="4"/>
<pin id="2303" dir="1" index="1" bw="11" slack="0"/>
</pin_list>
<bind>
<opcode="sext(35) " fcode="sext"/>
<opset="sext_ln89_4/7 "/>
</bind>
</comp>

<comp id="2304" class="1004" name="mul_ln89_2_fu_2304">
<pin_list>
<pin id="2305" dir="0" index="0" bw="4" slack="0"/>
<pin id="2306" dir="0" index="1" bw="7" slack="0"/>
<pin id="2307" dir="1" index="2" bw="11" slack="1"/>
</pin_list>
<bind>
<opcode="mul(12) " fcode="mul"/>
<opset="mul_ln89_2/7 "/>
</bind>
</comp>

<comp id="2310" class="1004" name="conv2_ap_fixed_8_5_5_3_0_ap_fixed_8_5_5_3_0_partial_sums_load_2_load_fu_2310">
<pin_list>
<pin id="2311" dir="0" index="0" bw="8" slack="0"/>
<pin id="2312" dir="1" index="1" bw="8" slack="0"/>
</pin_list>
<bind>
<opcode="load(27) " fcode="load"/>
<opset="conv2_ap_fixed_8_5_5_3_0_ap_fixed_8_5_5_3_0_partial_sums_load_2/8 "/>
</bind>
</comp>

<comp id="2314" class="1004" name="conv2_ap_fixed_8_5_5_3_0_ap_fixed_8_5_5_3_0_partial_sums_2_load_2_load_fu_2314">
<pin_list>
<pin id="2315" dir="0" index="0" bw="8" slack="0"/>
<pin id="2316" dir="1" index="1" bw="8" slack="0"/>
</pin_list>
<bind>
<opcode="load(27) " fcode="load"/>
<opset="conv2_ap_fixed_8_5_5_3_0_ap_fixed_8_5_5_3_0_partial_sums_2_load_2/8 "/>
</bind>
</comp>

<comp id="2318" class="1004" name="conv2_ap_fixed_8_5_5_3_0_ap_fixed_8_5_5_3_0_partial_sums_3_load_2_load_fu_2318">
<pin_list>
<pin id="2319" dir="0" index="0" bw="8" slack="0"/>
<pin id="2320" dir="1" index="1" bw="8" slack="0"/>
</pin_list>
<bind>
<opcode="load(27) " fcode="load"/>
<opset="conv2_ap_fixed_8_5_5_3_0_ap_fixed_8_5_5_3_0_partial_sums_3_load_2/8 "/>
</bind>
</comp>

<comp id="2322" class="1004" name="conv2_ap_fixed_8_5_5_3_0_ap_fixed_8_5_5_3_0_partial_sums_4_load_2_load_fu_2322">
<pin_list>
<pin id="2323" dir="0" index="0" bw="8" slack="0"/>
<pin id="2324" dir="1" index="1" bw="8" slack="0"/>
</pin_list>
<bind>
<opcode="load(27) " fcode="load"/>
<opset="conv2_ap_fixed_8_5_5_3_0_ap_fixed_8_5_5_3_0_partial_sums_4_load_2/8 "/>
</bind>
</comp>

<comp id="2326" class="1004" name="conv2_ap_fixed_8_5_5_3_0_ap_fixed_8_5_5_3_0_partial_sums_5_load_2_load_fu_2326">
<pin_list>
<pin id="2327" dir="0" index="0" bw="8" slack="0"/>
<pin id="2328" dir="1" index="1" bw="8" slack="0"/>
</pin_list>
<bind>
<opcode="load(27) " fcode="load"/>
<opset="conv2_ap_fixed_8_5_5_3_0_ap_fixed_8_5_5_3_0_partial_sums_5_load_2/8 "/>
</bind>
</comp>

<comp id="2330" class="1004" name="conv2_ap_fixed_8_5_5_3_0_ap_fixed_8_5_5_3_0_partial_sums_6_load_2_load_fu_2330">
<pin_list>
<pin id="2331" dir="0" index="0" bw="8" slack="0"/>
<pin id="2332" dir="1" index="1" bw="8" slack="0"/>
</pin_list>
<bind>
<opcode="load(27) " fcode="load"/>
<opset="conv2_ap_fixed_8_5_5_3_0_ap_fixed_8_5_5_3_0_partial_sums_6_load_2/8 "/>
</bind>
</comp>

<comp id="2334" class="1004" name="conv2_ap_fixed_8_5_5_3_0_ap_fixed_8_5_5_3_0_partial_sums_7_load_2_load_fu_2334">
<pin_list>
<pin id="2335" dir="0" index="0" bw="8" slack="0"/>
<pin id="2336" dir="1" index="1" bw="8" slack="0"/>
</pin_list>
<bind>
<opcode="load(27) " fcode="load"/>
<opset="conv2_ap_fixed_8_5_5_3_0_ap_fixed_8_5_5_3_0_partial_sums_7_load_2/8 "/>
</bind>
</comp>

<comp id="2338" class="1004" name="conv2_ap_fixed_8_5_5_3_0_ap_fixed_8_5_5_3_0_partial_sums_8_load_2_load_fu_2338">
<pin_list>
<pin id="2339" dir="0" index="0" bw="8" slack="0"/>
<pin id="2340" dir="1" index="1" bw="8" slack="0"/>
</pin_list>
<bind>
<opcode="load(27) " fcode="load"/>
<opset="conv2_ap_fixed_8_5_5_3_0_ap_fixed_8_5_5_3_0_partial_sums_8_load_2/8 "/>
</bind>
</comp>

<comp id="2342" class="1004" name="tmp_5_fu_2342">
<pin_list>
<pin id="2343" dir="0" index="0" bw="8" slack="0"/>
<pin id="2344" dir="0" index="1" bw="3" slack="0"/>
<pin id="2345" dir="0" index="2" bw="8" slack="0"/>
<pin id="2346" dir="0" index="3" bw="3" slack="0"/>
<pin id="2347" dir="0" index="4" bw="8" slack="0"/>
<pin id="2348" dir="0" index="5" bw="3" slack="0"/>
<pin id="2349" dir="0" index="6" bw="8" slack="0"/>
<pin id="2350" dir="0" index="7" bw="3" slack="0"/>
<pin id="2351" dir="0" index="8" bw="8" slack="0"/>
<pin id="2352" dir="0" index="9" bw="3" slack="0"/>
<pin id="2353" dir="0" index="10" bw="8" slack="0"/>
<pin id="2354" dir="0" index="11" bw="3" slack="0"/>
<pin id="2355" dir="0" index="12" bw="8" slack="0"/>
<pin id="2356" dir="0" index="13" bw="3" slack="0"/>
<pin id="2357" dir="0" index="14" bw="8" slack="0"/>
<pin id="2358" dir="0" index="15" bw="3" slack="0"/>
<pin id="2359" dir="0" index="16" bw="8" slack="0"/>
<pin id="2360" dir="0" index="17" bw="8" slack="0"/>
<pin id="2361" dir="0" index="18" bw="3" slack="6"/>
<pin id="2362" dir="1" index="19" bw="8" slack="0"/>
</pin_list>
<bind>
<opcode="sparsemux(1197) " fcode="sparsemux"/>
<opset="tmp_5/8 "/>
</bind>
</comp>

<comp id="2381" class="1004" name="shl_ln89_2_fu_2381">
<pin_list>
<pin id="2382" dir="0" index="0" bw="11" slack="0"/>
<pin id="2383" dir="0" index="1" bw="8" slack="0"/>
<pin id="2384" dir="0" index="2" bw="1" slack="0"/>
<pin id="2385" dir="1" index="3" bw="11" slack="0"/>
</pin_list>
<bind>
<opcode="bitconcatenate(1004) " fcode="bitconcatenate"/>
<opset="shl_ln89_2/8 "/>
</bind>
</comp>

<comp id="2389" class="1004" name="add_ln89_4_fu_2389">
<pin_list>
<pin id="2390" dir="0" index="0" bw="11" slack="0"/>
<pin id="2391" dir="0" index="1" bw="11" slack="1"/>
<pin id="2392" dir="1" index="2" bw="11" slack="0"/>
</pin_list>
<bind>
<opcode="add(8) " fcode="add"/>
<opset="add_ln89_4/8 "/>
</bind>
</comp>

<comp id="2394" class="1004" name="sub_ln89_1_fu_2394">
<pin_list>
<pin id="2395" dir="0" index="0" bw="1" slack="0"/>
<pin id="2396" dir="0" index="1" bw="11" slack="1"/>
<pin id="2397" dir="1" index="2" bw="11" slack="0"/>
</pin_list>
<bind>
<opcode="sub(10) " fcode="sub"/>
<opset="sub_ln89_1/8 "/>
</bind>
</comp>

<comp id="2399" class="1004" name="icmp_ln89_3_fu_2399">
<pin_list>
<pin id="2400" dir="0" index="0" bw="11" slack="0"/>
<pin id="2401" dir="0" index="1" bw="11" slack="0"/>
<pin id="2402" dir="1" index="2" bw="1" slack="1"/>
</pin_list>
<bind>
<opcode="icmp(45) " fcode="icmp"/>
<opset="icmp_ln89_3/8 "/>
</bind>
</comp>

<comp id="2405" class="1004" name="switch_ln89_fu_2405">
<pin_list>
<pin id="2406" dir="0" index="0" bw="3" slack="6"/>
<pin id="2407" dir="0" index="1" bw="1" slack="0"/>
<pin id="2408" dir="0" index="2" bw="1" slack="0"/>
<pin id="2409" dir="0" index="3" bw="3" slack="0"/>
<pin id="2410" dir="0" index="4" bw="3" slack="0"/>
<pin id="2411" dir="0" index="5" bw="3" slack="0"/>
<pin id="2412" dir="0" index="6" bw="3" slack="0"/>
<pin id="2413" dir="0" index="7" bw="2" slack="0"/>
<pin id="2414" dir="1" index="8" bw="0" slack="2147483647"/>
</pin_list>
<bind>
<opcode="switch(3) " fcode="switch"/>
<opset="switch_ln89/8 "/>
</bind>
</comp>

<comp id="2422" class="1004" name="store_ln89_store_fu_2422">
<pin_list>
<pin id="2423" dir="0" index="0" bw="1" slack="0"/>
<pin id="2424" dir="0" index="1" bw="8" slack="0"/>
<pin id="2425" dir="1" index="2" bw="0" slack="2147483647"/>
</pin_list>
<bind>
<opcode="store(28) " fcode="store"/>
<opset="store_ln89/8 "/>
</bind>
</comp>

<comp id="2428" class="1004" name="store_ln89_store_fu_2428">
<pin_list>
<pin id="2429" dir="0" index="0" bw="1" slack="0"/>
<pin id="2430" dir="0" index="1" bw="8" slack="0"/>
<pin id="2431" dir="1" index="2" bw="0" slack="2147483647"/>
</pin_list>
<bind>
<opcode="store(28) " fcode="store"/>
<opset="store_ln89/8 "/>
</bind>
</comp>

<comp id="2434" class="1004" name="store_ln89_store_fu_2434">
<pin_list>
<pin id="2435" dir="0" index="0" bw="1" slack="0"/>
<pin id="2436" dir="0" index="1" bw="8" slack="0"/>
<pin id="2437" dir="1" index="2" bw="0" slack="2147483647"/>
</pin_list>
<bind>
<opcode="store(28) " fcode="store"/>
<opset="store_ln89/8 "/>
</bind>
</comp>

<comp id="2440" class="1004" name="store_ln89_store_fu_2440">
<pin_list>
<pin id="2441" dir="0" index="0" bw="1" slack="0"/>
<pin id="2442" dir="0" index="1" bw="8" slack="0"/>
<pin id="2443" dir="1" index="2" bw="0" slack="2147483647"/>
</pin_list>
<bind>
<opcode="store(28) " fcode="store"/>
<opset="store_ln89/8 "/>
</bind>
</comp>

<comp id="2446" class="1004" name="store_ln89_store_fu_2446">
<pin_list>
<pin id="2447" dir="0" index="0" bw="1" slack="0"/>
<pin id="2448" dir="0" index="1" bw="8" slack="0"/>
<pin id="2449" dir="1" index="2" bw="0" slack="2147483647"/>
</pin_list>
<bind>
<opcode="store(28) " fcode="store"/>
<opset="store_ln89/8 "/>
</bind>
</comp>

<comp id="2452" class="1004" name="store_ln89_store_fu_2452">
<pin_list>
<pin id="2453" dir="0" index="0" bw="1" slack="0"/>
<pin id="2454" dir="0" index="1" bw="8" slack="0"/>
<pin id="2455" dir="1" index="2" bw="0" slack="2147483647"/>
</pin_list>
<bind>
<opcode="store(28) " fcode="store"/>
<opset="store_ln89/8 "/>
</bind>
</comp>

<comp id="2458" class="1004" name="store_ln89_store_fu_2458">
<pin_list>
<pin id="2459" dir="0" index="0" bw="1" slack="0"/>
<pin id="2460" dir="0" index="1" bw="8" slack="0"/>
<pin id="2461" dir="1" index="2" bw="0" slack="2147483647"/>
</pin_list>
<bind>
<opcode="store(28) " fcode="store"/>
<opset="store_ln89/8 "/>
</bind>
</comp>

<comp id="2464" class="1004" name="store_ln89_store_fu_2464">
<pin_list>
<pin id="2465" dir="0" index="0" bw="1" slack="0"/>
<pin id="2466" dir="0" index="1" bw="8" slack="0"/>
<pin id="2467" dir="1" index="2" bw="0" slack="2147483647"/>
</pin_list>
<bind>
<opcode="store(28) " fcode="store"/>
<opset="store_ln89/8 "/>
</bind>
</comp>

<comp id="2470" class="1004" name="trunc_ln89_2_fu_2470">
<pin_list>
<pin id="2471" dir="0" index="0" bw="8" slack="0"/>
<pin id="2472" dir="0" index="1" bw="11" slack="0"/>
<pin id="2473" dir="0" index="2" bw="3" slack="0"/>
<pin id="2474" dir="0" index="3" bw="5" slack="0"/>
<pin id="2475" dir="1" index="4" bw="8" slack="0"/>
</pin_list>
<bind>
<opcode="partselect(1002) " fcode="partselect"/>
<opset="trunc_ln89_2/8 "/>
</bind>
</comp>

<comp id="2480" class="1004" name="switch_ln89_fu_2480">
<pin_list>
<pin id="2481" dir="0" index="0" bw="3" slack="6"/>
<pin id="2482" dir="0" index="1" bw="1" slack="0"/>
<pin id="2483" dir="0" index="2" bw="1" slack="0"/>
<pin id="2484" dir="0" index="3" bw="3" slack="0"/>
<pin id="2485" dir="0" index="4" bw="3" slack="0"/>
<pin id="2486" dir="0" index="5" bw="3" slack="0"/>
<pin id="2487" dir="0" index="6" bw="3" slack="0"/>
<pin id="2488" dir="0" index="7" bw="2" slack="0"/>
<pin id="2489" dir="1" index="8" bw="0" slack="2147483647"/>
</pin_list>
<bind>
<opcode="switch(3) " fcode="switch"/>
<opset="switch_ln89/8 "/>
</bind>
</comp>

<comp id="2497" class="1004" name="store_ln89_store_fu_2497">
<pin_list>
<pin id="2498" dir="0" index="0" bw="8" slack="0"/>
<pin id="2499" dir="0" index="1" bw="8" slack="0"/>
<pin id="2500" dir="1" index="2" bw="0" slack="2147483647"/>
</pin_list>
<bind>
<opcode="store(28) " fcode="store"/>
<opset="store_ln89/8 "/>
</bind>
</comp>

<comp id="2503" class="1004" name="store_ln89_store_fu_2503">
<pin_list>
<pin id="2504" dir="0" index="0" bw="8" slack="0"/>
<pin id="2505" dir="0" index="1" bw="8" slack="0"/>
<pin id="2506" dir="1" index="2" bw="0" slack="2147483647"/>
</pin_list>
<bind>
<opcode="store(28) " fcode="store"/>
<opset="store_ln89/8 "/>
</bind>
</comp>

<comp id="2509" class="1004" name="store_ln89_store_fu_2509">
<pin_list>
<pin id="2510" dir="0" index="0" bw="8" slack="0"/>
<pin id="2511" dir="0" index="1" bw="8" slack="0"/>
<pin id="2512" dir="1" index="2" bw="0" slack="2147483647"/>
</pin_list>
<bind>
<opcode="store(28) " fcode="store"/>
<opset="store_ln89/8 "/>
</bind>
</comp>

<comp id="2515" class="1004" name="store_ln89_store_fu_2515">
<pin_list>
<pin id="2516" dir="0" index="0" bw="8" slack="0"/>
<pin id="2517" dir="0" index="1" bw="8" slack="0"/>
<pin id="2518" dir="1" index="2" bw="0" slack="2147483647"/>
</pin_list>
<bind>
<opcode="store(28) " fcode="store"/>
<opset="store_ln89/8 "/>
</bind>
</comp>

<comp id="2521" class="1004" name="store_ln89_store_fu_2521">
<pin_list>
<pin id="2522" dir="0" index="0" bw="8" slack="0"/>
<pin id="2523" dir="0" index="1" bw="8" slack="0"/>
<pin id="2524" dir="1" index="2" bw="0" slack="2147483647"/>
</pin_list>
<bind>
<opcode="store(28) " fcode="store"/>
<opset="store_ln89/8 "/>
</bind>
</comp>

<comp id="2527" class="1004" name="store_ln89_store_fu_2527">
<pin_list>
<pin id="2528" dir="0" index="0" bw="8" slack="0"/>
<pin id="2529" dir="0" index="1" bw="8" slack="0"/>
<pin id="2530" dir="1" index="2" bw="0" slack="2147483647"/>
</pin_list>
<bind>
<opcode="store(28) " fcode="store"/>
<opset="store_ln89/8 "/>
</bind>
</comp>

<comp id="2533" class="1004" name="store_ln89_store_fu_2533">
<pin_list>
<pin id="2534" dir="0" index="0" bw="8" slack="0"/>
<pin id="2535" dir="0" index="1" bw="8" slack="0"/>
<pin id="2536" dir="1" index="2" bw="0" slack="2147483647"/>
</pin_list>
<bind>
<opcode="store(28) " fcode="store"/>
<opset="store_ln89/8 "/>
</bind>
</comp>

<comp id="2539" class="1004" name="store_ln89_store_fu_2539">
<pin_list>
<pin id="2540" dir="0" index="0" bw="8" slack="0"/>
<pin id="2541" dir="0" index="1" bw="8" slack="0"/>
<pin id="2542" dir="1" index="2" bw="0" slack="2147483647"/>
</pin_list>
<bind>
<opcode="store(28) " fcode="store"/>
<opset="store_ln89/8 "/>
</bind>
</comp>

<comp id="2545" class="1004" name="zext_ln89_7_fu_2545">
<pin_list>
<pin id="2546" dir="0" index="0" bw="7" slack="5"/>
<pin id="2547" dir="1" index="1" bw="11" slack="0"/>
</pin_list>
<bind>
<opcode="zext(34) " fcode="zext"/>
<opset="zext_ln89_7/8 "/>
</bind>
</comp>

<comp id="2548" class="1004" name="sext_ln89_5_fu_2548">
<pin_list>
<pin id="2549" dir="0" index="0" bw="4" slack="5"/>
<pin id="2550" dir="1" index="1" bw="11" slack="0"/>
</pin_list>
<bind>
<opcode="sext(35) " fcode="sext"/>
<opset="sext_ln89_5/8 "/>
</bind>
</comp>

<comp id="2551" class="1004" name="mul_ln89_3_fu_2551">
<pin_list>
<pin id="2552" dir="0" index="0" bw="4" slack="0"/>
<pin id="2553" dir="0" index="1" bw="7" slack="0"/>
<pin id="2554" dir="1" index="2" bw="11" slack="1"/>
</pin_list>
<bind>
<opcode="mul(12) " fcode="mul"/>
<opset="mul_ln89_3/8 "/>
</bind>
</comp>

<comp id="2557" class="1004" name="conv2_ap_fixed_8_5_5_3_0_ap_fixed_8_5_5_3_0_partial_sums_load_3_load_fu_2557">
<pin_list>
<pin id="2558" dir="0" index="0" bw="8" slack="0"/>
<pin id="2559" dir="1" index="1" bw="8" slack="0"/>
</pin_list>
<bind>
<opcode="load(27) " fcode="load"/>
<opset="conv2_ap_fixed_8_5_5_3_0_ap_fixed_8_5_5_3_0_partial_sums_load_3/9 "/>
</bind>
</comp>

<comp id="2561" class="1004" name="conv2_ap_fixed_8_5_5_3_0_ap_fixed_8_5_5_3_0_partial_sums_2_load_3_load_fu_2561">
<pin_list>
<pin id="2562" dir="0" index="0" bw="8" slack="0"/>
<pin id="2563" dir="1" index="1" bw="8" slack="0"/>
</pin_list>
<bind>
<opcode="load(27) " fcode="load"/>
<opset="conv2_ap_fixed_8_5_5_3_0_ap_fixed_8_5_5_3_0_partial_sums_2_load_3/9 "/>
</bind>
</comp>

<comp id="2565" class="1004" name="conv2_ap_fixed_8_5_5_3_0_ap_fixed_8_5_5_3_0_partial_sums_3_load_3_load_fu_2565">
<pin_list>
<pin id="2566" dir="0" index="0" bw="8" slack="0"/>
<pin id="2567" dir="1" index="1" bw="8" slack="0"/>
</pin_list>
<bind>
<opcode="load(27) " fcode="load"/>
<opset="conv2_ap_fixed_8_5_5_3_0_ap_fixed_8_5_5_3_0_partial_sums_3_load_3/9 "/>
</bind>
</comp>

<comp id="2569" class="1004" name="conv2_ap_fixed_8_5_5_3_0_ap_fixed_8_5_5_3_0_partial_sums_4_load_3_load_fu_2569">
<pin_list>
<pin id="2570" dir="0" index="0" bw="8" slack="0"/>
<pin id="2571" dir="1" index="1" bw="8" slack="0"/>
</pin_list>
<bind>
<opcode="load(27) " fcode="load"/>
<opset="conv2_ap_fixed_8_5_5_3_0_ap_fixed_8_5_5_3_0_partial_sums_4_load_3/9 "/>
</bind>
</comp>

<comp id="2573" class="1004" name="conv2_ap_fixed_8_5_5_3_0_ap_fixed_8_5_5_3_0_partial_sums_5_load_3_load_fu_2573">
<pin_list>
<pin id="2574" dir="0" index="0" bw="8" slack="0"/>
<pin id="2575" dir="1" index="1" bw="8" slack="0"/>
</pin_list>
<bind>
<opcode="load(27) " fcode="load"/>
<opset="conv2_ap_fixed_8_5_5_3_0_ap_fixed_8_5_5_3_0_partial_sums_5_load_3/9 "/>
</bind>
</comp>

<comp id="2577" class="1004" name="conv2_ap_fixed_8_5_5_3_0_ap_fixed_8_5_5_3_0_partial_sums_6_load_3_load_fu_2577">
<pin_list>
<pin id="2578" dir="0" index="0" bw="8" slack="0"/>
<pin id="2579" dir="1" index="1" bw="8" slack="0"/>
</pin_list>
<bind>
<opcode="load(27) " fcode="load"/>
<opset="conv2_ap_fixed_8_5_5_3_0_ap_fixed_8_5_5_3_0_partial_sums_6_load_3/9 "/>
</bind>
</comp>

<comp id="2581" class="1004" name="conv2_ap_fixed_8_5_5_3_0_ap_fixed_8_5_5_3_0_partial_sums_7_load_3_load_fu_2581">
<pin_list>
<pin id="2582" dir="0" index="0" bw="8" slack="0"/>
<pin id="2583" dir="1" index="1" bw="8" slack="0"/>
</pin_list>
<bind>
<opcode="load(27) " fcode="load"/>
<opset="conv2_ap_fixed_8_5_5_3_0_ap_fixed_8_5_5_3_0_partial_sums_7_load_3/9 "/>
</bind>
</comp>

<comp id="2585" class="1004" name="conv2_ap_fixed_8_5_5_3_0_ap_fixed_8_5_5_3_0_partial_sums_8_load_3_load_fu_2585">
<pin_list>
<pin id="2586" dir="0" index="0" bw="8" slack="0"/>
<pin id="2587" dir="1" index="1" bw="8" slack="0"/>
</pin_list>
<bind>
<opcode="load(27) " fcode="load"/>
<opset="conv2_ap_fixed_8_5_5_3_0_ap_fixed_8_5_5_3_0_partial_sums_8_load_3/9 "/>
</bind>
</comp>

<comp id="2589" class="1004" name="tmp_7_fu_2589">
<pin_list>
<pin id="2590" dir="0" index="0" bw="8" slack="0"/>
<pin id="2591" dir="0" index="1" bw="3" slack="0"/>
<pin id="2592" dir="0" index="2" bw="8" slack="0"/>
<pin id="2593" dir="0" index="3" bw="3" slack="0"/>
<pin id="2594" dir="0" index="4" bw="8" slack="0"/>
<pin id="2595" dir="0" index="5" bw="3" slack="0"/>
<pin id="2596" dir="0" index="6" bw="8" slack="0"/>
<pin id="2597" dir="0" index="7" bw="3" slack="0"/>
<pin id="2598" dir="0" index="8" bw="8" slack="0"/>
<pin id="2599" dir="0" index="9" bw="3" slack="0"/>
<pin id="2600" dir="0" index="10" bw="8" slack="0"/>
<pin id="2601" dir="0" index="11" bw="3" slack="0"/>
<pin id="2602" dir="0" index="12" bw="8" slack="0"/>
<pin id="2603" dir="0" index="13" bw="3" slack="0"/>
<pin id="2604" dir="0" index="14" bw="8" slack="0"/>
<pin id="2605" dir="0" index="15" bw="3" slack="0"/>
<pin id="2606" dir="0" index="16" bw="8" slack="0"/>
<pin id="2607" dir="0" index="17" bw="8" slack="0"/>
<pin id="2608" dir="0" index="18" bw="3" slack="7"/>
<pin id="2609" dir="1" index="19" bw="8" slack="0"/>
</pin_list>
<bind>
<opcode="sparsemux(1197) " fcode="sparsemux"/>
<opset="tmp_7/9 "/>
</bind>
</comp>

<comp id="2628" class="1004" name="shl_ln89_3_fu_2628">
<pin_list>
<pin id="2629" dir="0" index="0" bw="11" slack="0"/>
<pin id="2630" dir="0" index="1" bw="8" slack="0"/>
<pin id="2631" dir="0" index="2" bw="1" slack="0"/>
<pin id="2632" dir="1" index="3" bw="11" slack="0"/>
</pin_list>
<bind>
<opcode="bitconcatenate(1004) " fcode="bitconcatenate"/>
<opset="shl_ln89_3/9 "/>
</bind>
</comp>

<comp id="2636" class="1004" name="add_ln89_5_fu_2636">
<pin_list>
<pin id="2637" dir="0" index="0" bw="11" slack="0"/>
<pin id="2638" dir="0" index="1" bw="11" slack="1"/>
<pin id="2639" dir="1" index="2" bw="11" slack="0"/>
</pin_list>
<bind>
<opcode="add(8) " fcode="add"/>
<opset="add_ln89_5/9 "/>
</bind>
</comp>

<comp id="2641" class="1004" name="sub_ln89_2_fu_2641">
<pin_list>
<pin id="2642" dir="0" index="0" bw="1" slack="0"/>
<pin id="2643" dir="0" index="1" bw="11" slack="1"/>
<pin id="2644" dir="1" index="2" bw="11" slack="0"/>
</pin_list>
<bind>
<opcode="sub(10) " fcode="sub"/>
<opset="sub_ln89_2/9 "/>
</bind>
</comp>

<comp id="2646" class="1004" name="icmp_ln89_4_fu_2646">
<pin_list>
<pin id="2647" dir="0" index="0" bw="11" slack="0"/>
<pin id="2648" dir="0" index="1" bw="11" slack="0"/>
<pin id="2649" dir="1" index="2" bw="1" slack="1"/>
</pin_list>
<bind>
<opcode="icmp(45) " fcode="icmp"/>
<opset="icmp_ln89_4/9 "/>
</bind>
</comp>

<comp id="2652" class="1004" name="switch_ln89_fu_2652">
<pin_list>
<pin id="2653" dir="0" index="0" bw="3" slack="7"/>
<pin id="2654" dir="0" index="1" bw="1" slack="0"/>
<pin id="2655" dir="0" index="2" bw="1" slack="0"/>
<pin id="2656" dir="0" index="3" bw="3" slack="0"/>
<pin id="2657" dir="0" index="4" bw="3" slack="0"/>
<pin id="2658" dir="0" index="5" bw="3" slack="0"/>
<pin id="2659" dir="0" index="6" bw="3" slack="0"/>
<pin id="2660" dir="0" index="7" bw="2" slack="0"/>
<pin id="2661" dir="1" index="8" bw="0" slack="2147483647"/>
</pin_list>
<bind>
<opcode="switch(3) " fcode="switch"/>
<opset="switch_ln89/9 "/>
</bind>
</comp>

<comp id="2669" class="1004" name="store_ln89_store_fu_2669">
<pin_list>
<pin id="2670" dir="0" index="0" bw="1" slack="0"/>
<pin id="2671" dir="0" index="1" bw="8" slack="0"/>
<pin id="2672" dir="1" index="2" bw="0" slack="2147483647"/>
</pin_list>
<bind>
<opcode="store(28) " fcode="store"/>
<opset="store_ln89/9 "/>
</bind>
</comp>

<comp id="2675" class="1004" name="store_ln89_store_fu_2675">
<pin_list>
<pin id="2676" dir="0" index="0" bw="1" slack="0"/>
<pin id="2677" dir="0" index="1" bw="8" slack="0"/>
<pin id="2678" dir="1" index="2" bw="0" slack="2147483647"/>
</pin_list>
<bind>
<opcode="store(28) " fcode="store"/>
<opset="store_ln89/9 "/>
</bind>
</comp>

<comp id="2681" class="1004" name="store_ln89_store_fu_2681">
<pin_list>
<pin id="2682" dir="0" index="0" bw="1" slack="0"/>
<pin id="2683" dir="0" index="1" bw="8" slack="0"/>
<pin id="2684" dir="1" index="2" bw="0" slack="2147483647"/>
</pin_list>
<bind>
<opcode="store(28) " fcode="store"/>
<opset="store_ln89/9 "/>
</bind>
</comp>

<comp id="2687" class="1004" name="store_ln89_store_fu_2687">
<pin_list>
<pin id="2688" dir="0" index="0" bw="1" slack="0"/>
<pin id="2689" dir="0" index="1" bw="8" slack="0"/>
<pin id="2690" dir="1" index="2" bw="0" slack="2147483647"/>
</pin_list>
<bind>
<opcode="store(28) " fcode="store"/>
<opset="store_ln89/9 "/>
</bind>
</comp>

<comp id="2693" class="1004" name="store_ln89_store_fu_2693">
<pin_list>
<pin id="2694" dir="0" index="0" bw="1" slack="0"/>
<pin id="2695" dir="0" index="1" bw="8" slack="0"/>
<pin id="2696" dir="1" index="2" bw="0" slack="2147483647"/>
</pin_list>
<bind>
<opcode="store(28) " fcode="store"/>
<opset="store_ln89/9 "/>
</bind>
</comp>

<comp id="2699" class="1004" name="store_ln89_store_fu_2699">
<pin_list>
<pin id="2700" dir="0" index="0" bw="1" slack="0"/>
<pin id="2701" dir="0" index="1" bw="8" slack="0"/>
<pin id="2702" dir="1" index="2" bw="0" slack="2147483647"/>
</pin_list>
<bind>
<opcode="store(28) " fcode="store"/>
<opset="store_ln89/9 "/>
</bind>
</comp>

<comp id="2705" class="1004" name="store_ln89_store_fu_2705">
<pin_list>
<pin id="2706" dir="0" index="0" bw="1" slack="0"/>
<pin id="2707" dir="0" index="1" bw="8" slack="0"/>
<pin id="2708" dir="1" index="2" bw="0" slack="2147483647"/>
</pin_list>
<bind>
<opcode="store(28) " fcode="store"/>
<opset="store_ln89/9 "/>
</bind>
</comp>

<comp id="2711" class="1004" name="store_ln89_store_fu_2711">
<pin_list>
<pin id="2712" dir="0" index="0" bw="1" slack="0"/>
<pin id="2713" dir="0" index="1" bw="8" slack="0"/>
<pin id="2714" dir="1" index="2" bw="0" slack="2147483647"/>
</pin_list>
<bind>
<opcode="store(28) " fcode="store"/>
<opset="store_ln89/9 "/>
</bind>
</comp>

<comp id="2717" class="1004" name="trunc_ln89_3_fu_2717">
<pin_list>
<pin id="2718" dir="0" index="0" bw="8" slack="0"/>
<pin id="2719" dir="0" index="1" bw="11" slack="0"/>
<pin id="2720" dir="0" index="2" bw="3" slack="0"/>
<pin id="2721" dir="0" index="3" bw="5" slack="0"/>
<pin id="2722" dir="1" index="4" bw="8" slack="0"/>
</pin_list>
<bind>
<opcode="partselect(1002) " fcode="partselect"/>
<opset="trunc_ln89_3/9 "/>
</bind>
</comp>

<comp id="2727" class="1004" name="switch_ln89_fu_2727">
<pin_list>
<pin id="2728" dir="0" index="0" bw="3" slack="7"/>
<pin id="2729" dir="0" index="1" bw="1" slack="0"/>
<pin id="2730" dir="0" index="2" bw="1" slack="0"/>
<pin id="2731" dir="0" index="3" bw="3" slack="0"/>
<pin id="2732" dir="0" index="4" bw="3" slack="0"/>
<pin id="2733" dir="0" index="5" bw="3" slack="0"/>
<pin id="2734" dir="0" index="6" bw="3" slack="0"/>
<pin id="2735" dir="0" index="7" bw="2" slack="0"/>
<pin id="2736" dir="1" index="8" bw="0" slack="2147483647"/>
</pin_list>
<bind>
<opcode="switch(3) " fcode="switch"/>
<opset="switch_ln89/9 "/>
</bind>
</comp>

<comp id="2744" class="1004" name="store_ln89_store_fu_2744">
<pin_list>
<pin id="2745" dir="0" index="0" bw="8" slack="0"/>
<pin id="2746" dir="0" index="1" bw="8" slack="0"/>
<pin id="2747" dir="1" index="2" bw="0" slack="2147483647"/>
</pin_list>
<bind>
<opcode="store(28) " fcode="store"/>
<opset="store_ln89/9 "/>
</bind>
</comp>

<comp id="2750" class="1004" name="store_ln89_store_fu_2750">
<pin_list>
<pin id="2751" dir="0" index="0" bw="8" slack="0"/>
<pin id="2752" dir="0" index="1" bw="8" slack="0"/>
<pin id="2753" dir="1" index="2" bw="0" slack="2147483647"/>
</pin_list>
<bind>
<opcode="store(28) " fcode="store"/>
<opset="store_ln89/9 "/>
</bind>
</comp>

<comp id="2756" class="1004" name="store_ln89_store_fu_2756">
<pin_list>
<pin id="2757" dir="0" index="0" bw="8" slack="0"/>
<pin id="2758" dir="0" index="1" bw="8" slack="0"/>
<pin id="2759" dir="1" index="2" bw="0" slack="2147483647"/>
</pin_list>
<bind>
<opcode="store(28) " fcode="store"/>
<opset="store_ln89/9 "/>
</bind>
</comp>

<comp id="2762" class="1004" name="store_ln89_store_fu_2762">
<pin_list>
<pin id="2763" dir="0" index="0" bw="8" slack="0"/>
<pin id="2764" dir="0" index="1" bw="8" slack="0"/>
<pin id="2765" dir="1" index="2" bw="0" slack="2147483647"/>
</pin_list>
<bind>
<opcode="store(28) " fcode="store"/>
<opset="store_ln89/9 "/>
</bind>
</comp>

<comp id="2768" class="1004" name="store_ln89_store_fu_2768">
<pin_list>
<pin id="2769" dir="0" index="0" bw="8" slack="0"/>
<pin id="2770" dir="0" index="1" bw="8" slack="0"/>
<pin id="2771" dir="1" index="2" bw="0" slack="2147483647"/>
</pin_list>
<bind>
<opcode="store(28) " fcode="store"/>
<opset="store_ln89/9 "/>
</bind>
</comp>

<comp id="2774" class="1004" name="store_ln89_store_fu_2774">
<pin_list>
<pin id="2775" dir="0" index="0" bw="8" slack="0"/>
<pin id="2776" dir="0" index="1" bw="8" slack="0"/>
<pin id="2777" dir="1" index="2" bw="0" slack="2147483647"/>
</pin_list>
<bind>
<opcode="store(28) " fcode="store"/>
<opset="store_ln89/9 "/>
</bind>
</comp>

<comp id="2780" class="1004" name="store_ln89_store_fu_2780">
<pin_list>
<pin id="2781" dir="0" index="0" bw="8" slack="0"/>
<pin id="2782" dir="0" index="1" bw="8" slack="0"/>
<pin id="2783" dir="1" index="2" bw="0" slack="2147483647"/>
</pin_list>
<bind>
<opcode="store(28) " fcode="store"/>
<opset="store_ln89/9 "/>
</bind>
</comp>

<comp id="2786" class="1004" name="store_ln89_store_fu_2786">
<pin_list>
<pin id="2787" dir="0" index="0" bw="8" slack="0"/>
<pin id="2788" dir="0" index="1" bw="8" slack="0"/>
<pin id="2789" dir="1" index="2" bw="0" slack="2147483647"/>
</pin_list>
<bind>
<opcode="store(28) " fcode="store"/>
<opset="store_ln89/9 "/>
</bind>
</comp>

<comp id="2792" class="1004" name="zext_ln89_9_fu_2792">
<pin_list>
<pin id="2793" dir="0" index="0" bw="7" slack="6"/>
<pin id="2794" dir="1" index="1" bw="11" slack="0"/>
</pin_list>
<bind>
<opcode="zext(34) " fcode="zext"/>
<opset="zext_ln89_9/9 "/>
</bind>
</comp>

<comp id="2795" class="1004" name="sext_ln89_6_fu_2795">
<pin_list>
<pin id="2796" dir="0" index="0" bw="4" slack="6"/>
<pin id="2797" dir="1" index="1" bw="11" slack="0"/>
</pin_list>
<bind>
<opcode="sext(35) " fcode="sext"/>
<opset="sext_ln89_6/9 "/>
</bind>
</comp>

<comp id="2798" class="1004" name="mul_ln89_4_fu_2798">
<pin_list>
<pin id="2799" dir="0" index="0" bw="4" slack="0"/>
<pin id="2800" dir="0" index="1" bw="7" slack="0"/>
<pin id="2801" dir="1" index="2" bw="11" slack="1"/>
</pin_list>
<bind>
<opcode="mul(12) " fcode="mul"/>
<opset="mul_ln89_4/9 "/>
</bind>
</comp>

<comp id="2804" class="1004" name="zext_ln89_11_fu_2804">
<pin_list>
<pin id="2805" dir="0" index="0" bw="7" slack="6"/>
<pin id="2806" dir="1" index="1" bw="11" slack="0"/>
</pin_list>
<bind>
<opcode="zext(34) " fcode="zext"/>
<opset="zext_ln89_11/9 "/>
</bind>
</comp>

<comp id="2807" class="1004" name="sext_ln89_7_fu_2807">
<pin_list>
<pin id="2808" dir="0" index="0" bw="4" slack="6"/>
<pin id="2809" dir="1" index="1" bw="11" slack="0"/>
</pin_list>
<bind>
<opcode="sext(35) " fcode="sext"/>
<opset="sext_ln89_7/9 "/>
</bind>
</comp>

<comp id="2810" class="1004" name="mul_ln89_5_fu_2810">
<pin_list>
<pin id="2811" dir="0" index="0" bw="4" slack="0"/>
<pin id="2812" dir="0" index="1" bw="7" slack="0"/>
<pin id="2813" dir="1" index="2" bw="11" slack="1"/>
</pin_list>
<bind>
<opcode="mul(12) " fcode="mul"/>
<opset="mul_ln89_5/9 "/>
</bind>
</comp>

<comp id="2816" class="1004" name="conv2_ap_fixed_8_5_5_3_0_ap_fixed_8_5_5_3_0_partial_sums_load_4_load_fu_2816">
<pin_list>
<pin id="2817" dir="0" index="0" bw="8" slack="0"/>
<pin id="2818" dir="1" index="1" bw="8" slack="0"/>
</pin_list>
<bind>
<opcode="load(27) " fcode="load"/>
<opset="conv2_ap_fixed_8_5_5_3_0_ap_fixed_8_5_5_3_0_partial_sums_load_4/10 "/>
</bind>
</comp>

<comp id="2820" class="1004" name="conv2_ap_fixed_8_5_5_3_0_ap_fixed_8_5_5_3_0_partial_sums_2_load_4_load_fu_2820">
<pin_list>
<pin id="2821" dir="0" index="0" bw="8" slack="0"/>
<pin id="2822" dir="1" index="1" bw="8" slack="0"/>
</pin_list>
<bind>
<opcode="load(27) " fcode="load"/>
<opset="conv2_ap_fixed_8_5_5_3_0_ap_fixed_8_5_5_3_0_partial_sums_2_load_4/10 "/>
</bind>
</comp>

<comp id="2824" class="1004" name="conv2_ap_fixed_8_5_5_3_0_ap_fixed_8_5_5_3_0_partial_sums_3_load_4_load_fu_2824">
<pin_list>
<pin id="2825" dir="0" index="0" bw="8" slack="0"/>
<pin id="2826" dir="1" index="1" bw="8" slack="0"/>
</pin_list>
<bind>
<opcode="load(27) " fcode="load"/>
<opset="conv2_ap_fixed_8_5_5_3_0_ap_fixed_8_5_5_3_0_partial_sums_3_load_4/10 "/>
</bind>
</comp>

<comp id="2828" class="1004" name="conv2_ap_fixed_8_5_5_3_0_ap_fixed_8_5_5_3_0_partial_sums_4_load_4_load_fu_2828">
<pin_list>
<pin id="2829" dir="0" index="0" bw="8" slack="0"/>
<pin id="2830" dir="1" index="1" bw="8" slack="0"/>
</pin_list>
<bind>
<opcode="load(27) " fcode="load"/>
<opset="conv2_ap_fixed_8_5_5_3_0_ap_fixed_8_5_5_3_0_partial_sums_4_load_4/10 "/>
</bind>
</comp>

<comp id="2832" class="1004" name="conv2_ap_fixed_8_5_5_3_0_ap_fixed_8_5_5_3_0_partial_sums_5_load_4_load_fu_2832">
<pin_list>
<pin id="2833" dir="0" index="0" bw="8" slack="0"/>
<pin id="2834" dir="1" index="1" bw="8" slack="0"/>
</pin_list>
<bind>
<opcode="load(27) " fcode="load"/>
<opset="conv2_ap_fixed_8_5_5_3_0_ap_fixed_8_5_5_3_0_partial_sums_5_load_4/10 "/>
</bind>
</comp>

<comp id="2836" class="1004" name="conv2_ap_fixed_8_5_5_3_0_ap_fixed_8_5_5_3_0_partial_sums_6_load_4_load_fu_2836">
<pin_list>
<pin id="2837" dir="0" index="0" bw="8" slack="0"/>
<pin id="2838" dir="1" index="1" bw="8" slack="0"/>
</pin_list>
<bind>
<opcode="load(27) " fcode="load"/>
<opset="conv2_ap_fixed_8_5_5_3_0_ap_fixed_8_5_5_3_0_partial_sums_6_load_4/10 "/>
</bind>
</comp>

<comp id="2840" class="1004" name="conv2_ap_fixed_8_5_5_3_0_ap_fixed_8_5_5_3_0_partial_sums_7_load_4_load_fu_2840">
<pin_list>
<pin id="2841" dir="0" index="0" bw="8" slack="0"/>
<pin id="2842" dir="1" index="1" bw="8" slack="0"/>
</pin_list>
<bind>
<opcode="load(27) " fcode="load"/>
<opset="conv2_ap_fixed_8_5_5_3_0_ap_fixed_8_5_5_3_0_partial_sums_7_load_4/10 "/>
</bind>
</comp>

<comp id="2844" class="1004" name="conv2_ap_fixed_8_5_5_3_0_ap_fixed_8_5_5_3_0_partial_sums_8_load_4_load_fu_2844">
<pin_list>
<pin id="2845" dir="0" index="0" bw="8" slack="0"/>
<pin id="2846" dir="1" index="1" bw="8" slack="0"/>
</pin_list>
<bind>
<opcode="load(27) " fcode="load"/>
<opset="conv2_ap_fixed_8_5_5_3_0_ap_fixed_8_5_5_3_0_partial_sums_8_load_4/10 "/>
</bind>
</comp>

<comp id="2848" class="1004" name="tmp_9_fu_2848">
<pin_list>
<pin id="2849" dir="0" index="0" bw="8" slack="0"/>
<pin id="2850" dir="0" index="1" bw="3" slack="0"/>
<pin id="2851" dir="0" index="2" bw="8" slack="0"/>
<pin id="2852" dir="0" index="3" bw="3" slack="0"/>
<pin id="2853" dir="0" index="4" bw="8" slack="0"/>
<pin id="2854" dir="0" index="5" bw="3" slack="0"/>
<pin id="2855" dir="0" index="6" bw="8" slack="0"/>
<pin id="2856" dir="0" index="7" bw="3" slack="0"/>
<pin id="2857" dir="0" index="8" bw="8" slack="0"/>
<pin id="2858" dir="0" index="9" bw="3" slack="0"/>
<pin id="2859" dir="0" index="10" bw="8" slack="0"/>
<pin id="2860" dir="0" index="11" bw="3" slack="0"/>
<pin id="2861" dir="0" index="12" bw="8" slack="0"/>
<pin id="2862" dir="0" index="13" bw="3" slack="0"/>
<pin id="2863" dir="0" index="14" bw="8" slack="0"/>
<pin id="2864" dir="0" index="15" bw="3" slack="0"/>
<pin id="2865" dir="0" index="16" bw="8" slack="0"/>
<pin id="2866" dir="0" index="17" bw="8" slack="0"/>
<pin id="2867" dir="0" index="18" bw="3" slack="8"/>
<pin id="2868" dir="1" index="19" bw="8" slack="0"/>
</pin_list>
<bind>
<opcode="sparsemux(1197) " fcode="sparsemux"/>
<opset="tmp_9/10 "/>
</bind>
</comp>

<comp id="2887" class="1004" name="shl_ln89_4_fu_2887">
<pin_list>
<pin id="2888" dir="0" index="0" bw="11" slack="0"/>
<pin id="2889" dir="0" index="1" bw="8" slack="0"/>
<pin id="2890" dir="0" index="2" bw="1" slack="0"/>
<pin id="2891" dir="1" index="3" bw="11" slack="0"/>
</pin_list>
<bind>
<opcode="bitconcatenate(1004) " fcode="bitconcatenate"/>
<opset="shl_ln89_4/10 "/>
</bind>
</comp>

<comp id="2895" class="1004" name="add_ln89_6_fu_2895">
<pin_list>
<pin id="2896" dir="0" index="0" bw="11" slack="0"/>
<pin id="2897" dir="0" index="1" bw="11" slack="1"/>
<pin id="2898" dir="1" index="2" bw="11" slack="0"/>
</pin_list>
<bind>
<opcode="add(8) " fcode="add"/>
<opset="add_ln89_6/10 "/>
</bind>
</comp>

<comp id="2900" class="1004" name="sub_ln89_3_fu_2900">
<pin_list>
<pin id="2901" dir="0" index="0" bw="1" slack="0"/>
<pin id="2902" dir="0" index="1" bw="11" slack="1"/>
<pin id="2903" dir="1" index="2" bw="11" slack="0"/>
</pin_list>
<bind>
<opcode="sub(10) " fcode="sub"/>
<opset="sub_ln89_3/10 "/>
</bind>
</comp>

<comp id="2905" class="1004" name="icmp_ln89_5_fu_2905">
<pin_list>
<pin id="2906" dir="0" index="0" bw="11" slack="0"/>
<pin id="2907" dir="0" index="1" bw="11" slack="0"/>
<pin id="2908" dir="1" index="2" bw="1" slack="1"/>
</pin_list>
<bind>
<opcode="icmp(45) " fcode="icmp"/>
<opset="icmp_ln89_5/10 "/>
</bind>
</comp>

<comp id="2911" class="1004" name="switch_ln89_fu_2911">
<pin_list>
<pin id="2912" dir="0" index="0" bw="3" slack="8"/>
<pin id="2913" dir="0" index="1" bw="1" slack="0"/>
<pin id="2914" dir="0" index="2" bw="1" slack="0"/>
<pin id="2915" dir="0" index="3" bw="3" slack="0"/>
<pin id="2916" dir="0" index="4" bw="3" slack="0"/>
<pin id="2917" dir="0" index="5" bw="3" slack="0"/>
<pin id="2918" dir="0" index="6" bw="3" slack="0"/>
<pin id="2919" dir="0" index="7" bw="2" slack="0"/>
<pin id="2920" dir="1" index="8" bw="0" slack="2147483647"/>
</pin_list>
<bind>
<opcode="switch(3) " fcode="switch"/>
<opset="switch_ln89/10 "/>
</bind>
</comp>

<comp id="2928" class="1004" name="store_ln89_store_fu_2928">
<pin_list>
<pin id="2929" dir="0" index="0" bw="1" slack="0"/>
<pin id="2930" dir="0" index="1" bw="8" slack="0"/>
<pin id="2931" dir="1" index="2" bw="0" slack="2147483647"/>
</pin_list>
<bind>
<opcode="store(28) " fcode="store"/>
<opset="store_ln89/10 "/>
</bind>
</comp>

<comp id="2934" class="1004" name="store_ln89_store_fu_2934">
<pin_list>
<pin id="2935" dir="0" index="0" bw="1" slack="0"/>
<pin id="2936" dir="0" index="1" bw="8" slack="0"/>
<pin id="2937" dir="1" index="2" bw="0" slack="2147483647"/>
</pin_list>
<bind>
<opcode="store(28) " fcode="store"/>
<opset="store_ln89/10 "/>
</bind>
</comp>

<comp id="2940" class="1004" name="store_ln89_store_fu_2940">
<pin_list>
<pin id="2941" dir="0" index="0" bw="1" slack="0"/>
<pin id="2942" dir="0" index="1" bw="8" slack="0"/>
<pin id="2943" dir="1" index="2" bw="0" slack="2147483647"/>
</pin_list>
<bind>
<opcode="store(28) " fcode="store"/>
<opset="store_ln89/10 "/>
</bind>
</comp>

<comp id="2946" class="1004" name="store_ln89_store_fu_2946">
<pin_list>
<pin id="2947" dir="0" index="0" bw="1" slack="0"/>
<pin id="2948" dir="0" index="1" bw="8" slack="0"/>
<pin id="2949" dir="1" index="2" bw="0" slack="2147483647"/>
</pin_list>
<bind>
<opcode="store(28) " fcode="store"/>
<opset="store_ln89/10 "/>
</bind>
</comp>

<comp id="2952" class="1004" name="store_ln89_store_fu_2952">
<pin_list>
<pin id="2953" dir="0" index="0" bw="1" slack="0"/>
<pin id="2954" dir="0" index="1" bw="8" slack="0"/>
<pin id="2955" dir="1" index="2" bw="0" slack="2147483647"/>
</pin_list>
<bind>
<opcode="store(28) " fcode="store"/>
<opset="store_ln89/10 "/>
</bind>
</comp>

<comp id="2958" class="1004" name="store_ln89_store_fu_2958">
<pin_list>
<pin id="2959" dir="0" index="0" bw="1" slack="0"/>
<pin id="2960" dir="0" index="1" bw="8" slack="0"/>
<pin id="2961" dir="1" index="2" bw="0" slack="2147483647"/>
</pin_list>
<bind>
<opcode="store(28) " fcode="store"/>
<opset="store_ln89/10 "/>
</bind>
</comp>

<comp id="2964" class="1004" name="store_ln89_store_fu_2964">
<pin_list>
<pin id="2965" dir="0" index="0" bw="1" slack="0"/>
<pin id="2966" dir="0" index="1" bw="8" slack="0"/>
<pin id="2967" dir="1" index="2" bw="0" slack="2147483647"/>
</pin_list>
<bind>
<opcode="store(28) " fcode="store"/>
<opset="store_ln89/10 "/>
</bind>
</comp>

<comp id="2970" class="1004" name="store_ln89_store_fu_2970">
<pin_list>
<pin id="2971" dir="0" index="0" bw="1" slack="0"/>
<pin id="2972" dir="0" index="1" bw="8" slack="0"/>
<pin id="2973" dir="1" index="2" bw="0" slack="2147483647"/>
</pin_list>
<bind>
<opcode="store(28) " fcode="store"/>
<opset="store_ln89/10 "/>
</bind>
</comp>

<comp id="2976" class="1004" name="trunc_ln89_4_fu_2976">
<pin_list>
<pin id="2977" dir="0" index="0" bw="8" slack="0"/>
<pin id="2978" dir="0" index="1" bw="11" slack="0"/>
<pin id="2979" dir="0" index="2" bw="3" slack="0"/>
<pin id="2980" dir="0" index="3" bw="5" slack="0"/>
<pin id="2981" dir="1" index="4" bw="8" slack="0"/>
</pin_list>
<bind>
<opcode="partselect(1002) " fcode="partselect"/>
<opset="trunc_ln89_4/10 "/>
</bind>
</comp>

<comp id="2986" class="1004" name="store_ln89_store_fu_2986">
<pin_list>
<pin id="2987" dir="0" index="0" bw="8" slack="0"/>
<pin id="2988" dir="0" index="1" bw="8" slack="0"/>
<pin id="2989" dir="1" index="2" bw="0" slack="2147483647"/>
</pin_list>
<bind>
<opcode="store(28) " fcode="store"/>
<opset="store_ln89/10 "/>
</bind>
</comp>

<comp id="2992" class="1004" name="store_ln89_store_fu_2992">
<pin_list>
<pin id="2993" dir="0" index="0" bw="8" slack="0"/>
<pin id="2994" dir="0" index="1" bw="8" slack="0"/>
<pin id="2995" dir="1" index="2" bw="0" slack="2147483647"/>
</pin_list>
<bind>
<opcode="store(28) " fcode="store"/>
<opset="store_ln89/10 "/>
</bind>
</comp>

<comp id="2998" class="1004" name="store_ln89_store_fu_2998">
<pin_list>
<pin id="2999" dir="0" index="0" bw="8" slack="0"/>
<pin id="3000" dir="0" index="1" bw="8" slack="0"/>
<pin id="3001" dir="1" index="2" bw="0" slack="2147483647"/>
</pin_list>
<bind>
<opcode="store(28) " fcode="store"/>
<opset="store_ln89/10 "/>
</bind>
</comp>

<comp id="3004" class="1004" name="store_ln89_store_fu_3004">
<pin_list>
<pin id="3005" dir="0" index="0" bw="8" slack="0"/>
<pin id="3006" dir="0" index="1" bw="8" slack="0"/>
<pin id="3007" dir="1" index="2" bw="0" slack="2147483647"/>
</pin_list>
<bind>
<opcode="store(28) " fcode="store"/>
<opset="store_ln89/10 "/>
</bind>
</comp>

<comp id="3010" class="1004" name="store_ln89_store_fu_3010">
<pin_list>
<pin id="3011" dir="0" index="0" bw="8" slack="0"/>
<pin id="3012" dir="0" index="1" bw="8" slack="0"/>
<pin id="3013" dir="1" index="2" bw="0" slack="2147483647"/>
</pin_list>
<bind>
<opcode="store(28) " fcode="store"/>
<opset="store_ln89/10 "/>
</bind>
</comp>

<comp id="3016" class="1004" name="store_ln89_store_fu_3016">
<pin_list>
<pin id="3017" dir="0" index="0" bw="8" slack="0"/>
<pin id="3018" dir="0" index="1" bw="8" slack="0"/>
<pin id="3019" dir="1" index="2" bw="0" slack="2147483647"/>
</pin_list>
<bind>
<opcode="store(28) " fcode="store"/>
<opset="store_ln89/10 "/>
</bind>
</comp>

<comp id="3022" class="1004" name="store_ln89_store_fu_3022">
<pin_list>
<pin id="3023" dir="0" index="0" bw="8" slack="0"/>
<pin id="3024" dir="0" index="1" bw="8" slack="0"/>
<pin id="3025" dir="1" index="2" bw="0" slack="2147483647"/>
</pin_list>
<bind>
<opcode="store(28) " fcode="store"/>
<opset="store_ln89/10 "/>
</bind>
</comp>

<comp id="3028" class="1004" name="store_ln89_store_fu_3028">
<pin_list>
<pin id="3029" dir="0" index="0" bw="8" slack="0"/>
<pin id="3030" dir="0" index="1" bw="8" slack="0"/>
<pin id="3031" dir="1" index="2" bw="0" slack="2147483647"/>
</pin_list>
<bind>
<opcode="store(28) " fcode="store"/>
<opset="store_ln89/10 "/>
</bind>
</comp>

<comp id="3034" class="1004" name="shl_ln89_5_fu_3034">
<pin_list>
<pin id="3035" dir="0" index="0" bw="11" slack="0"/>
<pin id="3036" dir="0" index="1" bw="8" slack="0"/>
<pin id="3037" dir="0" index="2" bw="1" slack="0"/>
<pin id="3038" dir="1" index="3" bw="11" slack="0"/>
</pin_list>
<bind>
<opcode="bitconcatenate(1004) " fcode="bitconcatenate"/>
<opset="shl_ln89_5/10 "/>
</bind>
</comp>

<comp id="3042" class="1004" name="add_ln89_7_fu_3042">
<pin_list>
<pin id="3043" dir="0" index="0" bw="11" slack="0"/>
<pin id="3044" dir="0" index="1" bw="11" slack="1"/>
<pin id="3045" dir="1" index="2" bw="11" slack="0"/>
</pin_list>
<bind>
<opcode="add(8) " fcode="add"/>
<opset="add_ln89_7/10 "/>
</bind>
</comp>

<comp id="3047" class="1004" name="sub_ln89_4_fu_3047">
<pin_list>
<pin id="3048" dir="0" index="0" bw="1" slack="0"/>
<pin id="3049" dir="0" index="1" bw="11" slack="1"/>
<pin id="3050" dir="1" index="2" bw="11" slack="0"/>
</pin_list>
<bind>
<opcode="sub(10) " fcode="sub"/>
<opset="sub_ln89_4/10 "/>
</bind>
</comp>

<comp id="3052" class="1004" name="icmp_ln89_6_fu_3052">
<pin_list>
<pin id="3053" dir="0" index="0" bw="11" slack="0"/>
<pin id="3054" dir="0" index="1" bw="11" slack="0"/>
<pin id="3055" dir="1" index="2" bw="1" slack="1"/>
</pin_list>
<bind>
<opcode="icmp(45) " fcode="icmp"/>
<opset="icmp_ln89_6/10 "/>
</bind>
</comp>

<comp id="3058" class="1004" name="switch_ln89_fu_3058">
<pin_list>
<pin id="3059" dir="0" index="0" bw="3" slack="8"/>
<pin id="3060" dir="0" index="1" bw="1" slack="0"/>
<pin id="3061" dir="0" index="2" bw="1" slack="0"/>
<pin id="3062" dir="0" index="3" bw="3" slack="0"/>
<pin id="3063" dir="0" index="4" bw="3" slack="0"/>
<pin id="3064" dir="0" index="5" bw="3" slack="0"/>
<pin id="3065" dir="0" index="6" bw="3" slack="0"/>
<pin id="3066" dir="0" index="7" bw="2" slack="0"/>
<pin id="3067" dir="1" index="8" bw="0" slack="2147483647"/>
</pin_list>
<bind>
<opcode="switch(3) " fcode="switch"/>
<opset="switch_ln89/10 "/>
</bind>
</comp>

<comp id="3075" class="1004" name="store_ln89_store_fu_3075">
<pin_list>
<pin id="3076" dir="0" index="0" bw="1" slack="0"/>
<pin id="3077" dir="0" index="1" bw="8" slack="0"/>
<pin id="3078" dir="1" index="2" bw="0" slack="2147483647"/>
</pin_list>
<bind>
<opcode="store(28) " fcode="store"/>
<opset="store_ln89/10 "/>
</bind>
</comp>

<comp id="3081" class="1004" name="store_ln89_store_fu_3081">
<pin_list>
<pin id="3082" dir="0" index="0" bw="1" slack="0"/>
<pin id="3083" dir="0" index="1" bw="8" slack="0"/>
<pin id="3084" dir="1" index="2" bw="0" slack="2147483647"/>
</pin_list>
<bind>
<opcode="store(28) " fcode="store"/>
<opset="store_ln89/10 "/>
</bind>
</comp>

<comp id="3087" class="1004" name="store_ln89_store_fu_3087">
<pin_list>
<pin id="3088" dir="0" index="0" bw="1" slack="0"/>
<pin id="3089" dir="0" index="1" bw="8" slack="0"/>
<pin id="3090" dir="1" index="2" bw="0" slack="2147483647"/>
</pin_list>
<bind>
<opcode="store(28) " fcode="store"/>
<opset="store_ln89/10 "/>
</bind>
</comp>

<comp id="3093" class="1004" name="store_ln89_store_fu_3093">
<pin_list>
<pin id="3094" dir="0" index="0" bw="1" slack="0"/>
<pin id="3095" dir="0" index="1" bw="8" slack="0"/>
<pin id="3096" dir="1" index="2" bw="0" slack="2147483647"/>
</pin_list>
<bind>
<opcode="store(28) " fcode="store"/>
<opset="store_ln89/10 "/>
</bind>
</comp>

<comp id="3099" class="1004" name="store_ln89_store_fu_3099">
<pin_list>
<pin id="3100" dir="0" index="0" bw="1" slack="0"/>
<pin id="3101" dir="0" index="1" bw="8" slack="0"/>
<pin id="3102" dir="1" index="2" bw="0" slack="2147483647"/>
</pin_list>
<bind>
<opcode="store(28) " fcode="store"/>
<opset="store_ln89/10 "/>
</bind>
</comp>

<comp id="3105" class="1004" name="store_ln89_store_fu_3105">
<pin_list>
<pin id="3106" dir="0" index="0" bw="1" slack="0"/>
<pin id="3107" dir="0" index="1" bw="8" slack="0"/>
<pin id="3108" dir="1" index="2" bw="0" slack="2147483647"/>
</pin_list>
<bind>
<opcode="store(28) " fcode="store"/>
<opset="store_ln89/10 "/>
</bind>
</comp>

<comp id="3111" class="1004" name="store_ln89_store_fu_3111">
<pin_list>
<pin id="3112" dir="0" index="0" bw="1" slack="0"/>
<pin id="3113" dir="0" index="1" bw="8" slack="0"/>
<pin id="3114" dir="1" index="2" bw="0" slack="2147483647"/>
</pin_list>
<bind>
<opcode="store(28) " fcode="store"/>
<opset="store_ln89/10 "/>
</bind>
</comp>

<comp id="3117" class="1004" name="store_ln89_store_fu_3117">
<pin_list>
<pin id="3118" dir="0" index="0" bw="1" slack="0"/>
<pin id="3119" dir="0" index="1" bw="8" slack="0"/>
<pin id="3120" dir="1" index="2" bw="0" slack="2147483647"/>
</pin_list>
<bind>
<opcode="store(28) " fcode="store"/>
<opset="store_ln89/10 "/>
</bind>
</comp>

<comp id="3123" class="1004" name="trunc_ln89_5_fu_3123">
<pin_list>
<pin id="3124" dir="0" index="0" bw="8" slack="0"/>
<pin id="3125" dir="0" index="1" bw="11" slack="0"/>
<pin id="3126" dir="0" index="2" bw="3" slack="0"/>
<pin id="3127" dir="0" index="3" bw="5" slack="0"/>
<pin id="3128" dir="1" index="4" bw="8" slack="0"/>
</pin_list>
<bind>
<opcode="partselect(1002) " fcode="partselect"/>
<opset="trunc_ln89_5/10 "/>
</bind>
</comp>

<comp id="3133" class="1004" name="switch_ln89_fu_3133">
<pin_list>
<pin id="3134" dir="0" index="0" bw="3" slack="8"/>
<pin id="3135" dir="0" index="1" bw="1" slack="0"/>
<pin id="3136" dir="0" index="2" bw="1" slack="0"/>
<pin id="3137" dir="0" index="3" bw="3" slack="0"/>
<pin id="3138" dir="0" index="4" bw="3" slack="0"/>
<pin id="3139" dir="0" index="5" bw="3" slack="0"/>
<pin id="3140" dir="0" index="6" bw="3" slack="0"/>
<pin id="3141" dir="0" index="7" bw="2" slack="0"/>
<pin id="3142" dir="1" index="8" bw="0" slack="2147483647"/>
</pin_list>
<bind>
<opcode="switch(3) " fcode="switch"/>
<opset="switch_ln89/10 "/>
</bind>
</comp>

<comp id="3150" class="1004" name="store_ln89_store_fu_3150">
<pin_list>
<pin id="3151" dir="0" index="0" bw="8" slack="0"/>
<pin id="3152" dir="0" index="1" bw="8" slack="0"/>
<pin id="3153" dir="1" index="2" bw="0" slack="2147483647"/>
</pin_list>
<bind>
<opcode="store(28) " fcode="store"/>
<opset="store_ln89/10 "/>
</bind>
</comp>

<comp id="3156" class="1004" name="store_ln89_store_fu_3156">
<pin_list>
<pin id="3157" dir="0" index="0" bw="8" slack="0"/>
<pin id="3158" dir="0" index="1" bw="8" slack="0"/>
<pin id="3159" dir="1" index="2" bw="0" slack="2147483647"/>
</pin_list>
<bind>
<opcode="store(28) " fcode="store"/>
<opset="store_ln89/10 "/>
</bind>
</comp>

<comp id="3162" class="1004" name="store_ln89_store_fu_3162">
<pin_list>
<pin id="3163" dir="0" index="0" bw="8" slack="0"/>
<pin id="3164" dir="0" index="1" bw="8" slack="0"/>
<pin id="3165" dir="1" index="2" bw="0" slack="2147483647"/>
</pin_list>
<bind>
<opcode="store(28) " fcode="store"/>
<opset="store_ln89/10 "/>
</bind>
</comp>

<comp id="3168" class="1004" name="store_ln89_store_fu_3168">
<pin_list>
<pin id="3169" dir="0" index="0" bw="8" slack="0"/>
<pin id="3170" dir="0" index="1" bw="8" slack="0"/>
<pin id="3171" dir="1" index="2" bw="0" slack="2147483647"/>
</pin_list>
<bind>
<opcode="store(28) " fcode="store"/>
<opset="store_ln89/10 "/>
</bind>
</comp>

<comp id="3174" class="1004" name="store_ln89_store_fu_3174">
<pin_list>
<pin id="3175" dir="0" index="0" bw="8" slack="0"/>
<pin id="3176" dir="0" index="1" bw="8" slack="0"/>
<pin id="3177" dir="1" index="2" bw="0" slack="2147483647"/>
</pin_list>
<bind>
<opcode="store(28) " fcode="store"/>
<opset="store_ln89/10 "/>
</bind>
</comp>

<comp id="3180" class="1004" name="store_ln89_store_fu_3180">
<pin_list>
<pin id="3181" dir="0" index="0" bw="8" slack="0"/>
<pin id="3182" dir="0" index="1" bw="8" slack="0"/>
<pin id="3183" dir="1" index="2" bw="0" slack="2147483647"/>
</pin_list>
<bind>
<opcode="store(28) " fcode="store"/>
<opset="store_ln89/10 "/>
</bind>
</comp>

<comp id="3186" class="1004" name="store_ln89_store_fu_3186">
<pin_list>
<pin id="3187" dir="0" index="0" bw="8" slack="0"/>
<pin id="3188" dir="0" index="1" bw="8" slack="0"/>
<pin id="3189" dir="1" index="2" bw="0" slack="2147483647"/>
</pin_list>
<bind>
<opcode="store(28) " fcode="store"/>
<opset="store_ln89/10 "/>
</bind>
</comp>

<comp id="3192" class="1004" name="store_ln89_store_fu_3192">
<pin_list>
<pin id="3193" dir="0" index="0" bw="8" slack="0"/>
<pin id="3194" dir="0" index="1" bw="8" slack="0"/>
<pin id="3195" dir="1" index="2" bw="0" slack="2147483647"/>
</pin_list>
<bind>
<opcode="store(28) " fcode="store"/>
<opset="store_ln89/10 "/>
</bind>
</comp>

<comp id="3198" class="1004" name="zext_ln89_13_fu_3198">
<pin_list>
<pin id="3199" dir="0" index="0" bw="7" slack="7"/>
<pin id="3200" dir="1" index="1" bw="11" slack="0"/>
</pin_list>
<bind>
<opcode="zext(34) " fcode="zext"/>
<opset="zext_ln89_13/10 "/>
</bind>
</comp>

<comp id="3201" class="1004" name="sext_ln89_8_fu_3201">
<pin_list>
<pin id="3202" dir="0" index="0" bw="4" slack="7"/>
<pin id="3203" dir="1" index="1" bw="11" slack="0"/>
</pin_list>
<bind>
<opcode="sext(35) " fcode="sext"/>
<opset="sext_ln89_8/10 "/>
</bind>
</comp>

<comp id="3204" class="1004" name="mul_ln89_6_fu_3204">
<pin_list>
<pin id="3205" dir="0" index="0" bw="4" slack="0"/>
<pin id="3206" dir="0" index="1" bw="7" slack="0"/>
<pin id="3207" dir="1" index="2" bw="11" slack="1"/>
</pin_list>
<bind>
<opcode="mul(12) " fcode="mul"/>
<opset="mul_ln89_6/10 "/>
</bind>
</comp>

<comp id="3210" class="1004" name="conv2_ap_fixed_8_5_5_3_0_ap_fixed_8_5_5_3_0_partial_sums_load_5_load_fu_3210">
<pin_list>
<pin id="3211" dir="0" index="0" bw="8" slack="0"/>
<pin id="3212" dir="1" index="1" bw="8" slack="0"/>
</pin_list>
<bind>
<opcode="load(27) " fcode="load"/>
<opset="conv2_ap_fixed_8_5_5_3_0_ap_fixed_8_5_5_3_0_partial_sums_load_5/11 "/>
</bind>
</comp>

<comp id="3214" class="1004" name="conv2_ap_fixed_8_5_5_3_0_ap_fixed_8_5_5_3_0_partial_sums_2_load_5_load_fu_3214">
<pin_list>
<pin id="3215" dir="0" index="0" bw="8" slack="0"/>
<pin id="3216" dir="1" index="1" bw="8" slack="0"/>
</pin_list>
<bind>
<opcode="load(27) " fcode="load"/>
<opset="conv2_ap_fixed_8_5_5_3_0_ap_fixed_8_5_5_3_0_partial_sums_2_load_5/11 "/>
</bind>
</comp>

<comp id="3218" class="1004" name="conv2_ap_fixed_8_5_5_3_0_ap_fixed_8_5_5_3_0_partial_sums_3_load_5_load_fu_3218">
<pin_list>
<pin id="3219" dir="0" index="0" bw="8" slack="0"/>
<pin id="3220" dir="1" index="1" bw="8" slack="0"/>
</pin_list>
<bind>
<opcode="load(27) " fcode="load"/>
<opset="conv2_ap_fixed_8_5_5_3_0_ap_fixed_8_5_5_3_0_partial_sums_3_load_5/11 "/>
</bind>
</comp>

<comp id="3222" class="1004" name="conv2_ap_fixed_8_5_5_3_0_ap_fixed_8_5_5_3_0_partial_sums_4_load_5_load_fu_3222">
<pin_list>
<pin id="3223" dir="0" index="0" bw="8" slack="0"/>
<pin id="3224" dir="1" index="1" bw="8" slack="0"/>
</pin_list>
<bind>
<opcode="load(27) " fcode="load"/>
<opset="conv2_ap_fixed_8_5_5_3_0_ap_fixed_8_5_5_3_0_partial_sums_4_load_5/11 "/>
</bind>
</comp>

<comp id="3226" class="1004" name="conv2_ap_fixed_8_5_5_3_0_ap_fixed_8_5_5_3_0_partial_sums_5_load_5_load_fu_3226">
<pin_list>
<pin id="3227" dir="0" index="0" bw="8" slack="0"/>
<pin id="3228" dir="1" index="1" bw="8" slack="0"/>
</pin_list>
<bind>
<opcode="load(27) " fcode="load"/>
<opset="conv2_ap_fixed_8_5_5_3_0_ap_fixed_8_5_5_3_0_partial_sums_5_load_5/11 "/>
</bind>
</comp>

<comp id="3230" class="1004" name="conv2_ap_fixed_8_5_5_3_0_ap_fixed_8_5_5_3_0_partial_sums_6_load_5_load_fu_3230">
<pin_list>
<pin id="3231" dir="0" index="0" bw="8" slack="0"/>
<pin id="3232" dir="1" index="1" bw="8" slack="0"/>
</pin_list>
<bind>
<opcode="load(27) " fcode="load"/>
<opset="conv2_ap_fixed_8_5_5_3_0_ap_fixed_8_5_5_3_0_partial_sums_6_load_5/11 "/>
</bind>
</comp>

<comp id="3234" class="1004" name="conv2_ap_fixed_8_5_5_3_0_ap_fixed_8_5_5_3_0_partial_sums_7_load_5_load_fu_3234">
<pin_list>
<pin id="3235" dir="0" index="0" bw="8" slack="0"/>
<pin id="3236" dir="1" index="1" bw="8" slack="0"/>
</pin_list>
<bind>
<opcode="load(27) " fcode="load"/>
<opset="conv2_ap_fixed_8_5_5_3_0_ap_fixed_8_5_5_3_0_partial_sums_7_load_5/11 "/>
</bind>
</comp>

<comp id="3238" class="1004" name="conv2_ap_fixed_8_5_5_3_0_ap_fixed_8_5_5_3_0_partial_sums_8_load_5_load_fu_3238">
<pin_list>
<pin id="3239" dir="0" index="0" bw="8" slack="0"/>
<pin id="3240" dir="1" index="1" bw="8" slack="0"/>
</pin_list>
<bind>
<opcode="load(27) " fcode="load"/>
<opset="conv2_ap_fixed_8_5_5_3_0_ap_fixed_8_5_5_3_0_partial_sums_8_load_5/11 "/>
</bind>
</comp>

<comp id="3242" class="1004" name="tmp_s_fu_3242">
<pin_list>
<pin id="3243" dir="0" index="0" bw="8" slack="0"/>
<pin id="3244" dir="0" index="1" bw="3" slack="0"/>
<pin id="3245" dir="0" index="2" bw="8" slack="0"/>
<pin id="3246" dir="0" index="3" bw="3" slack="0"/>
<pin id="3247" dir="0" index="4" bw="8" slack="0"/>
<pin id="3248" dir="0" index="5" bw="3" slack="0"/>
<pin id="3249" dir="0" index="6" bw="8" slack="0"/>
<pin id="3250" dir="0" index="7" bw="3" slack="0"/>
<pin id="3251" dir="0" index="8" bw="8" slack="0"/>
<pin id="3252" dir="0" index="9" bw="3" slack="0"/>
<pin id="3253" dir="0" index="10" bw="8" slack="0"/>
<pin id="3254" dir="0" index="11" bw="3" slack="0"/>
<pin id="3255" dir="0" index="12" bw="8" slack="0"/>
<pin id="3256" dir="0" index="13" bw="3" slack="0"/>
<pin id="3257" dir="0" index="14" bw="8" slack="0"/>
<pin id="3258" dir="0" index="15" bw="3" slack="0"/>
<pin id="3259" dir="0" index="16" bw="8" slack="0"/>
<pin id="3260" dir="0" index="17" bw="8" slack="0"/>
<pin id="3261" dir="0" index="18" bw="3" slack="9"/>
<pin id="3262" dir="1" index="19" bw="8" slack="0"/>
</pin_list>
<bind>
<opcode="sparsemux(1197) " fcode="sparsemux"/>
<opset="tmp_s/11 "/>
</bind>
</comp>

<comp id="3281" class="1004" name="shl_ln89_6_fu_3281">
<pin_list>
<pin id="3282" dir="0" index="0" bw="11" slack="0"/>
<pin id="3283" dir="0" index="1" bw="8" slack="0"/>
<pin id="3284" dir="0" index="2" bw="1" slack="0"/>
<pin id="3285" dir="1" index="3" bw="11" slack="0"/>
</pin_list>
<bind>
<opcode="bitconcatenate(1004) " fcode="bitconcatenate"/>
<opset="shl_ln89_6/11 "/>
</bind>
</comp>

<comp id="3289" class="1004" name="add_ln89_8_fu_3289">
<pin_list>
<pin id="3290" dir="0" index="0" bw="11" slack="0"/>
<pin id="3291" dir="0" index="1" bw="11" slack="1"/>
<pin id="3292" dir="1" index="2" bw="11" slack="0"/>
</pin_list>
<bind>
<opcode="add(8) " fcode="add"/>
<opset="add_ln89_8/11 "/>
</bind>
</comp>

<comp id="3294" class="1004" name="sub_ln89_5_fu_3294">
<pin_list>
<pin id="3295" dir="0" index="0" bw="1" slack="0"/>
<pin id="3296" dir="0" index="1" bw="11" slack="1"/>
<pin id="3297" dir="1" index="2" bw="11" slack="0"/>
</pin_list>
<bind>
<opcode="sub(10) " fcode="sub"/>
<opset="sub_ln89_5/11 "/>
</bind>
</comp>

<comp id="3299" class="1004" name="icmp_ln89_7_fu_3299">
<pin_list>
<pin id="3300" dir="0" index="0" bw="11" slack="0"/>
<pin id="3301" dir="0" index="1" bw="11" slack="0"/>
<pin id="3302" dir="1" index="2" bw="1" slack="1"/>
</pin_list>
<bind>
<opcode="icmp(45) " fcode="icmp"/>
<opset="icmp_ln89_7/11 "/>
</bind>
</comp>

<comp id="3305" class="1004" name="switch_ln89_fu_3305">
<pin_list>
<pin id="3306" dir="0" index="0" bw="3" slack="9"/>
<pin id="3307" dir="0" index="1" bw="1" slack="0"/>
<pin id="3308" dir="0" index="2" bw="1" slack="0"/>
<pin id="3309" dir="0" index="3" bw="3" slack="0"/>
<pin id="3310" dir="0" index="4" bw="3" slack="0"/>
<pin id="3311" dir="0" index="5" bw="3" slack="0"/>
<pin id="3312" dir="0" index="6" bw="3" slack="0"/>
<pin id="3313" dir="0" index="7" bw="2" slack="0"/>
<pin id="3314" dir="1" index="8" bw="0" slack="2147483647"/>
</pin_list>
<bind>
<opcode="switch(3) " fcode="switch"/>
<opset="switch_ln89/11 "/>
</bind>
</comp>

<comp id="3322" class="1004" name="store_ln89_store_fu_3322">
<pin_list>
<pin id="3323" dir="0" index="0" bw="1" slack="0"/>
<pin id="3324" dir="0" index="1" bw="8" slack="0"/>
<pin id="3325" dir="1" index="2" bw="0" slack="2147483647"/>
</pin_list>
<bind>
<opcode="store(28) " fcode="store"/>
<opset="store_ln89/11 "/>
</bind>
</comp>

<comp id="3328" class="1004" name="store_ln89_store_fu_3328">
<pin_list>
<pin id="3329" dir="0" index="0" bw="1" slack="0"/>
<pin id="3330" dir="0" index="1" bw="8" slack="0"/>
<pin id="3331" dir="1" index="2" bw="0" slack="2147483647"/>
</pin_list>
<bind>
<opcode="store(28) " fcode="store"/>
<opset="store_ln89/11 "/>
</bind>
</comp>

<comp id="3334" class="1004" name="store_ln89_store_fu_3334">
<pin_list>
<pin id="3335" dir="0" index="0" bw="1" slack="0"/>
<pin id="3336" dir="0" index="1" bw="8" slack="0"/>
<pin id="3337" dir="1" index="2" bw="0" slack="2147483647"/>
</pin_list>
<bind>
<opcode="store(28) " fcode="store"/>
<opset="store_ln89/11 "/>
</bind>
</comp>

<comp id="3340" class="1004" name="store_ln89_store_fu_3340">
<pin_list>
<pin id="3341" dir="0" index="0" bw="1" slack="0"/>
<pin id="3342" dir="0" index="1" bw="8" slack="0"/>
<pin id="3343" dir="1" index="2" bw="0" slack="2147483647"/>
</pin_list>
<bind>
<opcode="store(28) " fcode="store"/>
<opset="store_ln89/11 "/>
</bind>
</comp>

<comp id="3346" class="1004" name="store_ln89_store_fu_3346">
<pin_list>
<pin id="3347" dir="0" index="0" bw="1" slack="0"/>
<pin id="3348" dir="0" index="1" bw="8" slack="0"/>
<pin id="3349" dir="1" index="2" bw="0" slack="2147483647"/>
</pin_list>
<bind>
<opcode="store(28) " fcode="store"/>
<opset="store_ln89/11 "/>
</bind>
</comp>

<comp id="3352" class="1004" name="store_ln89_store_fu_3352">
<pin_list>
<pin id="3353" dir="0" index="0" bw="1" slack="0"/>
<pin id="3354" dir="0" index="1" bw="8" slack="0"/>
<pin id="3355" dir="1" index="2" bw="0" slack="2147483647"/>
</pin_list>
<bind>
<opcode="store(28) " fcode="store"/>
<opset="store_ln89/11 "/>
</bind>
</comp>

<comp id="3358" class="1004" name="store_ln89_store_fu_3358">
<pin_list>
<pin id="3359" dir="0" index="0" bw="1" slack="0"/>
<pin id="3360" dir="0" index="1" bw="8" slack="0"/>
<pin id="3361" dir="1" index="2" bw="0" slack="2147483647"/>
</pin_list>
<bind>
<opcode="store(28) " fcode="store"/>
<opset="store_ln89/11 "/>
</bind>
</comp>

<comp id="3364" class="1004" name="store_ln89_store_fu_3364">
<pin_list>
<pin id="3365" dir="0" index="0" bw="1" slack="0"/>
<pin id="3366" dir="0" index="1" bw="8" slack="0"/>
<pin id="3367" dir="1" index="2" bw="0" slack="2147483647"/>
</pin_list>
<bind>
<opcode="store(28) " fcode="store"/>
<opset="store_ln89/11 "/>
</bind>
</comp>

<comp id="3370" class="1004" name="trunc_ln89_6_fu_3370">
<pin_list>
<pin id="3371" dir="0" index="0" bw="8" slack="0"/>
<pin id="3372" dir="0" index="1" bw="11" slack="0"/>
<pin id="3373" dir="0" index="2" bw="3" slack="0"/>
<pin id="3374" dir="0" index="3" bw="5" slack="0"/>
<pin id="3375" dir="1" index="4" bw="8" slack="0"/>
</pin_list>
<bind>
<opcode="partselect(1002) " fcode="partselect"/>
<opset="trunc_ln89_6/11 "/>
</bind>
</comp>

<comp id="3380" class="1004" name="switch_ln89_fu_3380">
<pin_list>
<pin id="3381" dir="0" index="0" bw="3" slack="9"/>
<pin id="3382" dir="0" index="1" bw="1" slack="0"/>
<pin id="3383" dir="0" index="2" bw="1" slack="0"/>
<pin id="3384" dir="0" index="3" bw="3" slack="0"/>
<pin id="3385" dir="0" index="4" bw="3" slack="0"/>
<pin id="3386" dir="0" index="5" bw="3" slack="0"/>
<pin id="3387" dir="0" index="6" bw="3" slack="0"/>
<pin id="3388" dir="0" index="7" bw="2" slack="0"/>
<pin id="3389" dir="1" index="8" bw="0" slack="2147483647"/>
</pin_list>
<bind>
<opcode="switch(3) " fcode="switch"/>
<opset="switch_ln89/11 "/>
</bind>
</comp>

<comp id="3397" class="1004" name="store_ln89_store_fu_3397">
<pin_list>
<pin id="3398" dir="0" index="0" bw="8" slack="0"/>
<pin id="3399" dir="0" index="1" bw="8" slack="0"/>
<pin id="3400" dir="1" index="2" bw="0" slack="2147483647"/>
</pin_list>
<bind>
<opcode="store(28) " fcode="store"/>
<opset="store_ln89/11 "/>
</bind>
</comp>

<comp id="3403" class="1004" name="store_ln89_store_fu_3403">
<pin_list>
<pin id="3404" dir="0" index="0" bw="8" slack="0"/>
<pin id="3405" dir="0" index="1" bw="8" slack="0"/>
<pin id="3406" dir="1" index="2" bw="0" slack="2147483647"/>
</pin_list>
<bind>
<opcode="store(28) " fcode="store"/>
<opset="store_ln89/11 "/>
</bind>
</comp>

<comp id="3409" class="1004" name="store_ln89_store_fu_3409">
<pin_list>
<pin id="3410" dir="0" index="0" bw="8" slack="0"/>
<pin id="3411" dir="0" index="1" bw="8" slack="0"/>
<pin id="3412" dir="1" index="2" bw="0" slack="2147483647"/>
</pin_list>
<bind>
<opcode="store(28) " fcode="store"/>
<opset="store_ln89/11 "/>
</bind>
</comp>

<comp id="3415" class="1004" name="store_ln89_store_fu_3415">
<pin_list>
<pin id="3416" dir="0" index="0" bw="8" slack="0"/>
<pin id="3417" dir="0" index="1" bw="8" slack="0"/>
<pin id="3418" dir="1" index="2" bw="0" slack="2147483647"/>
</pin_list>
<bind>
<opcode="store(28) " fcode="store"/>
<opset="store_ln89/11 "/>
</bind>
</comp>

<comp id="3421" class="1004" name="store_ln89_store_fu_3421">
<pin_list>
<pin id="3422" dir="0" index="0" bw="8" slack="0"/>
<pin id="3423" dir="0" index="1" bw="8" slack="0"/>
<pin id="3424" dir="1" index="2" bw="0" slack="2147483647"/>
</pin_list>
<bind>
<opcode="store(28) " fcode="store"/>
<opset="store_ln89/11 "/>
</bind>
</comp>

<comp id="3427" class="1004" name="store_ln89_store_fu_3427">
<pin_list>
<pin id="3428" dir="0" index="0" bw="8" slack="0"/>
<pin id="3429" dir="0" index="1" bw="8" slack="0"/>
<pin id="3430" dir="1" index="2" bw="0" slack="2147483647"/>
</pin_list>
<bind>
<opcode="store(28) " fcode="store"/>
<opset="store_ln89/11 "/>
</bind>
</comp>

<comp id="3433" class="1004" name="store_ln89_store_fu_3433">
<pin_list>
<pin id="3434" dir="0" index="0" bw="8" slack="0"/>
<pin id="3435" dir="0" index="1" bw="8" slack="0"/>
<pin id="3436" dir="1" index="2" bw="0" slack="2147483647"/>
</pin_list>
<bind>
<opcode="store(28) " fcode="store"/>
<opset="store_ln89/11 "/>
</bind>
</comp>

<comp id="3439" class="1004" name="store_ln89_store_fu_3439">
<pin_list>
<pin id="3440" dir="0" index="0" bw="8" slack="0"/>
<pin id="3441" dir="0" index="1" bw="8" slack="0"/>
<pin id="3442" dir="1" index="2" bw="0" slack="2147483647"/>
</pin_list>
<bind>
<opcode="store(28) " fcode="store"/>
<opset="store_ln89/11 "/>
</bind>
</comp>

<comp id="3445" class="1004" name="zext_ln89_15_fu_3445">
<pin_list>
<pin id="3446" dir="0" index="0" bw="7" slack="8"/>
<pin id="3447" dir="1" index="1" bw="11" slack="0"/>
</pin_list>
<bind>
<opcode="zext(34) " fcode="zext"/>
<opset="zext_ln89_15/11 "/>
</bind>
</comp>

<comp id="3448" class="1004" name="sext_ln89_9_fu_3448">
<pin_list>
<pin id="3449" dir="0" index="0" bw="4" slack="8"/>
<pin id="3450" dir="1" index="1" bw="11" slack="0"/>
</pin_list>
<bind>
<opcode="sext(35) " fcode="sext"/>
<opset="sext_ln89_9/11 "/>
</bind>
</comp>

<comp id="3451" class="1004" name="mul_ln89_7_fu_3451">
<pin_list>
<pin id="3452" dir="0" index="0" bw="4" slack="0"/>
<pin id="3453" dir="0" index="1" bw="7" slack="0"/>
<pin id="3454" dir="1" index="2" bw="11" slack="1"/>
</pin_list>
<bind>
<opcode="mul(12) " fcode="mul"/>
<opset="mul_ln89_7/11 "/>
</bind>
</comp>

<comp id="3457" class="1004" name="conv2_ap_fixed_8_5_5_3_0_ap_fixed_8_5_5_3_0_partial_sums_load_6_load_fu_3457">
<pin_list>
<pin id="3458" dir="0" index="0" bw="8" slack="0"/>
<pin id="3459" dir="1" index="1" bw="8" slack="0"/>
</pin_list>
<bind>
<opcode="load(27) " fcode="load"/>
<opset="conv2_ap_fixed_8_5_5_3_0_ap_fixed_8_5_5_3_0_partial_sums_load_6/12 "/>
</bind>
</comp>

<comp id="3461" class="1004" name="conv2_ap_fixed_8_5_5_3_0_ap_fixed_8_5_5_3_0_partial_sums_2_load_6_load_fu_3461">
<pin_list>
<pin id="3462" dir="0" index="0" bw="8" slack="0"/>
<pin id="3463" dir="1" index="1" bw="8" slack="0"/>
</pin_list>
<bind>
<opcode="load(27) " fcode="load"/>
<opset="conv2_ap_fixed_8_5_5_3_0_ap_fixed_8_5_5_3_0_partial_sums_2_load_6/12 "/>
</bind>
</comp>

<comp id="3465" class="1004" name="conv2_ap_fixed_8_5_5_3_0_ap_fixed_8_5_5_3_0_partial_sums_3_load_6_load_fu_3465">
<pin_list>
<pin id="3466" dir="0" index="0" bw="8" slack="0"/>
<pin id="3467" dir="1" index="1" bw="8" slack="0"/>
</pin_list>
<bind>
<opcode="load(27) " fcode="load"/>
<opset="conv2_ap_fixed_8_5_5_3_0_ap_fixed_8_5_5_3_0_partial_sums_3_load_6/12 "/>
</bind>
</comp>

<comp id="3469" class="1004" name="conv2_ap_fixed_8_5_5_3_0_ap_fixed_8_5_5_3_0_partial_sums_4_load_6_load_fu_3469">
<pin_list>
<pin id="3470" dir="0" index="0" bw="8" slack="0"/>
<pin id="3471" dir="1" index="1" bw="8" slack="0"/>
</pin_list>
<bind>
<opcode="load(27) " fcode="load"/>
<opset="conv2_ap_fixed_8_5_5_3_0_ap_fixed_8_5_5_3_0_partial_sums_4_load_6/12 "/>
</bind>
</comp>

<comp id="3473" class="1004" name="conv2_ap_fixed_8_5_5_3_0_ap_fixed_8_5_5_3_0_partial_sums_5_load_6_load_fu_3473">
<pin_list>
<pin id="3474" dir="0" index="0" bw="8" slack="0"/>
<pin id="3475" dir="1" index="1" bw="8" slack="0"/>
</pin_list>
<bind>
<opcode="load(27) " fcode="load"/>
<opset="conv2_ap_fixed_8_5_5_3_0_ap_fixed_8_5_5_3_0_partial_sums_5_load_6/12 "/>
</bind>
</comp>

<comp id="3477" class="1004" name="conv2_ap_fixed_8_5_5_3_0_ap_fixed_8_5_5_3_0_partial_sums_6_load_6_load_fu_3477">
<pin_list>
<pin id="3478" dir="0" index="0" bw="8" slack="0"/>
<pin id="3479" dir="1" index="1" bw="8" slack="0"/>
</pin_list>
<bind>
<opcode="load(27) " fcode="load"/>
<opset="conv2_ap_fixed_8_5_5_3_0_ap_fixed_8_5_5_3_0_partial_sums_6_load_6/12 "/>
</bind>
</comp>

<comp id="3481" class="1004" name="conv2_ap_fixed_8_5_5_3_0_ap_fixed_8_5_5_3_0_partial_sums_7_load_6_load_fu_3481">
<pin_list>
<pin id="3482" dir="0" index="0" bw="8" slack="0"/>
<pin id="3483" dir="1" index="1" bw="8" slack="0"/>
</pin_list>
<bind>
<opcode="load(27) " fcode="load"/>
<opset="conv2_ap_fixed_8_5_5_3_0_ap_fixed_8_5_5_3_0_partial_sums_7_load_6/12 "/>
</bind>
</comp>

<comp id="3485" class="1004" name="conv2_ap_fixed_8_5_5_3_0_ap_fixed_8_5_5_3_0_partial_sums_8_load_6_load_fu_3485">
<pin_list>
<pin id="3486" dir="0" index="0" bw="8" slack="0"/>
<pin id="3487" dir="1" index="1" bw="8" slack="0"/>
</pin_list>
<bind>
<opcode="load(27) " fcode="load"/>
<opset="conv2_ap_fixed_8_5_5_3_0_ap_fixed_8_5_5_3_0_partial_sums_8_load_6/12 "/>
</bind>
</comp>

<comp id="3489" class="1004" name="tmp_2_fu_3489">
<pin_list>
<pin id="3490" dir="0" index="0" bw="8" slack="0"/>
<pin id="3491" dir="0" index="1" bw="3" slack="0"/>
<pin id="3492" dir="0" index="2" bw="8" slack="0"/>
<pin id="3493" dir="0" index="3" bw="3" slack="0"/>
<pin id="3494" dir="0" index="4" bw="8" slack="0"/>
<pin id="3495" dir="0" index="5" bw="3" slack="0"/>
<pin id="3496" dir="0" index="6" bw="8" slack="0"/>
<pin id="3497" dir="0" index="7" bw="3" slack="0"/>
<pin id="3498" dir="0" index="8" bw="8" slack="0"/>
<pin id="3499" dir="0" index="9" bw="3" slack="0"/>
<pin id="3500" dir="0" index="10" bw="8" slack="0"/>
<pin id="3501" dir="0" index="11" bw="3" slack="0"/>
<pin id="3502" dir="0" index="12" bw="8" slack="0"/>
<pin id="3503" dir="0" index="13" bw="3" slack="0"/>
<pin id="3504" dir="0" index="14" bw="8" slack="0"/>
<pin id="3505" dir="0" index="15" bw="3" slack="0"/>
<pin id="3506" dir="0" index="16" bw="8" slack="0"/>
<pin id="3507" dir="0" index="17" bw="8" slack="0"/>
<pin id="3508" dir="0" index="18" bw="3" slack="10"/>
<pin id="3509" dir="1" index="19" bw="8" slack="0"/>
</pin_list>
<bind>
<opcode="sparsemux(1197) " fcode="sparsemux"/>
<opset="tmp_2/12 "/>
</bind>
</comp>

<comp id="3528" class="1004" name="shl_ln89_7_fu_3528">
<pin_list>
<pin id="3529" dir="0" index="0" bw="11" slack="0"/>
<pin id="3530" dir="0" index="1" bw="8" slack="0"/>
<pin id="3531" dir="0" index="2" bw="1" slack="0"/>
<pin id="3532" dir="1" index="3" bw="11" slack="0"/>
</pin_list>
<bind>
<opcode="bitconcatenate(1004) " fcode="bitconcatenate"/>
<opset="shl_ln89_7/12 "/>
</bind>
</comp>

<comp id="3536" class="1004" name="add_ln89_9_fu_3536">
<pin_list>
<pin id="3537" dir="0" index="0" bw="11" slack="0"/>
<pin id="3538" dir="0" index="1" bw="11" slack="1"/>
<pin id="3539" dir="1" index="2" bw="11" slack="0"/>
</pin_list>
<bind>
<opcode="add(8) " fcode="add"/>
<opset="add_ln89_9/12 "/>
</bind>
</comp>

<comp id="3541" class="1004" name="sub_ln89_6_fu_3541">
<pin_list>
<pin id="3542" dir="0" index="0" bw="1" slack="0"/>
<pin id="3543" dir="0" index="1" bw="11" slack="1"/>
<pin id="3544" dir="1" index="2" bw="11" slack="0"/>
</pin_list>
<bind>
<opcode="sub(10) " fcode="sub"/>
<opset="sub_ln89_6/12 "/>
</bind>
</comp>

<comp id="3546" class="1004" name="icmp_ln89_8_fu_3546">
<pin_list>
<pin id="3547" dir="0" index="0" bw="11" slack="0"/>
<pin id="3548" dir="0" index="1" bw="11" slack="0"/>
<pin id="3549" dir="1" index="2" bw="1" slack="1"/>
</pin_list>
<bind>
<opcode="icmp(45) " fcode="icmp"/>
<opset="icmp_ln89_8/12 "/>
</bind>
</comp>

<comp id="3552" class="1004" name="switch_ln89_fu_3552">
<pin_list>
<pin id="3553" dir="0" index="0" bw="3" slack="10"/>
<pin id="3554" dir="0" index="1" bw="1" slack="0"/>
<pin id="3555" dir="0" index="2" bw="1" slack="0"/>
<pin id="3556" dir="0" index="3" bw="3" slack="0"/>
<pin id="3557" dir="0" index="4" bw="3" slack="0"/>
<pin id="3558" dir="0" index="5" bw="3" slack="0"/>
<pin id="3559" dir="0" index="6" bw="3" slack="0"/>
<pin id="3560" dir="0" index="7" bw="2" slack="0"/>
<pin id="3561" dir="1" index="8" bw="0" slack="2147483647"/>
</pin_list>
<bind>
<opcode="switch(3) " fcode="switch"/>
<opset="switch_ln89/12 "/>
</bind>
</comp>

<comp id="3569" class="1004" name="store_ln89_store_fu_3569">
<pin_list>
<pin id="3570" dir="0" index="0" bw="1" slack="0"/>
<pin id="3571" dir="0" index="1" bw="8" slack="0"/>
<pin id="3572" dir="1" index="2" bw="0" slack="2147483647"/>
</pin_list>
<bind>
<opcode="store(28) " fcode="store"/>
<opset="store_ln89/12 "/>
</bind>
</comp>

<comp id="3575" class="1004" name="store_ln89_store_fu_3575">
<pin_list>
<pin id="3576" dir="0" index="0" bw="1" slack="0"/>
<pin id="3577" dir="0" index="1" bw="8" slack="0"/>
<pin id="3578" dir="1" index="2" bw="0" slack="2147483647"/>
</pin_list>
<bind>
<opcode="store(28) " fcode="store"/>
<opset="store_ln89/12 "/>
</bind>
</comp>

<comp id="3581" class="1004" name="store_ln89_store_fu_3581">
<pin_list>
<pin id="3582" dir="0" index="0" bw="1" slack="0"/>
<pin id="3583" dir="0" index="1" bw="8" slack="0"/>
<pin id="3584" dir="1" index="2" bw="0" slack="2147483647"/>
</pin_list>
<bind>
<opcode="store(28) " fcode="store"/>
<opset="store_ln89/12 "/>
</bind>
</comp>

<comp id="3587" class="1004" name="store_ln89_store_fu_3587">
<pin_list>
<pin id="3588" dir="0" index="0" bw="1" slack="0"/>
<pin id="3589" dir="0" index="1" bw="8" slack="0"/>
<pin id="3590" dir="1" index="2" bw="0" slack="2147483647"/>
</pin_list>
<bind>
<opcode="store(28) " fcode="store"/>
<opset="store_ln89/12 "/>
</bind>
</comp>

<comp id="3593" class="1004" name="store_ln89_store_fu_3593">
<pin_list>
<pin id="3594" dir="0" index="0" bw="1" slack="0"/>
<pin id="3595" dir="0" index="1" bw="8" slack="0"/>
<pin id="3596" dir="1" index="2" bw="0" slack="2147483647"/>
</pin_list>
<bind>
<opcode="store(28) " fcode="store"/>
<opset="store_ln89/12 "/>
</bind>
</comp>

<comp id="3599" class="1004" name="store_ln89_store_fu_3599">
<pin_list>
<pin id="3600" dir="0" index="0" bw="1" slack="0"/>
<pin id="3601" dir="0" index="1" bw="8" slack="0"/>
<pin id="3602" dir="1" index="2" bw="0" slack="2147483647"/>
</pin_list>
<bind>
<opcode="store(28) " fcode="store"/>
<opset="store_ln89/12 "/>
</bind>
</comp>

<comp id="3605" class="1004" name="store_ln89_store_fu_3605">
<pin_list>
<pin id="3606" dir="0" index="0" bw="1" slack="0"/>
<pin id="3607" dir="0" index="1" bw="8" slack="0"/>
<pin id="3608" dir="1" index="2" bw="0" slack="2147483647"/>
</pin_list>
<bind>
<opcode="store(28) " fcode="store"/>
<opset="store_ln89/12 "/>
</bind>
</comp>

<comp id="3611" class="1004" name="store_ln89_store_fu_3611">
<pin_list>
<pin id="3612" dir="0" index="0" bw="1" slack="0"/>
<pin id="3613" dir="0" index="1" bw="8" slack="0"/>
<pin id="3614" dir="1" index="2" bw="0" slack="2147483647"/>
</pin_list>
<bind>
<opcode="store(28) " fcode="store"/>
<opset="store_ln89/12 "/>
</bind>
</comp>

<comp id="3617" class="1004" name="trunc_ln89_7_fu_3617">
<pin_list>
<pin id="3618" dir="0" index="0" bw="8" slack="0"/>
<pin id="3619" dir="0" index="1" bw="11" slack="0"/>
<pin id="3620" dir="0" index="2" bw="3" slack="0"/>
<pin id="3621" dir="0" index="3" bw="5" slack="0"/>
<pin id="3622" dir="1" index="4" bw="8" slack="0"/>
</pin_list>
<bind>
<opcode="partselect(1002) " fcode="partselect"/>
<opset="trunc_ln89_7/12 "/>
</bind>
</comp>

<comp id="3627" class="1004" name="switch_ln89_fu_3627">
<pin_list>
<pin id="3628" dir="0" index="0" bw="3" slack="10"/>
<pin id="3629" dir="0" index="1" bw="1" slack="0"/>
<pin id="3630" dir="0" index="2" bw="1" slack="0"/>
<pin id="3631" dir="0" index="3" bw="3" slack="0"/>
<pin id="3632" dir="0" index="4" bw="3" slack="0"/>
<pin id="3633" dir="0" index="5" bw="3" slack="0"/>
<pin id="3634" dir="0" index="6" bw="3" slack="0"/>
<pin id="3635" dir="0" index="7" bw="2" slack="0"/>
<pin id="3636" dir="1" index="8" bw="0" slack="2147483647"/>
</pin_list>
<bind>
<opcode="switch(3) " fcode="switch"/>
<opset="switch_ln89/12 "/>
</bind>
</comp>

<comp id="3644" class="1004" name="store_ln89_store_fu_3644">
<pin_list>
<pin id="3645" dir="0" index="0" bw="8" slack="0"/>
<pin id="3646" dir="0" index="1" bw="8" slack="0"/>
<pin id="3647" dir="1" index="2" bw="0" slack="2147483647"/>
</pin_list>
<bind>
<opcode="store(28) " fcode="store"/>
<opset="store_ln89/12 "/>
</bind>
</comp>

<comp id="3650" class="1004" name="store_ln89_store_fu_3650">
<pin_list>
<pin id="3651" dir="0" index="0" bw="8" slack="0"/>
<pin id="3652" dir="0" index="1" bw="8" slack="0"/>
<pin id="3653" dir="1" index="2" bw="0" slack="2147483647"/>
</pin_list>
<bind>
<opcode="store(28) " fcode="store"/>
<opset="store_ln89/12 "/>
</bind>
</comp>

<comp id="3656" class="1004" name="store_ln89_store_fu_3656">
<pin_list>
<pin id="3657" dir="0" index="0" bw="8" slack="0"/>
<pin id="3658" dir="0" index="1" bw="8" slack="0"/>
<pin id="3659" dir="1" index="2" bw="0" slack="2147483647"/>
</pin_list>
<bind>
<opcode="store(28) " fcode="store"/>
<opset="store_ln89/12 "/>
</bind>
</comp>

<comp id="3662" class="1004" name="store_ln89_store_fu_3662">
<pin_list>
<pin id="3663" dir="0" index="0" bw="8" slack="0"/>
<pin id="3664" dir="0" index="1" bw="8" slack="0"/>
<pin id="3665" dir="1" index="2" bw="0" slack="2147483647"/>
</pin_list>
<bind>
<opcode="store(28) " fcode="store"/>
<opset="store_ln89/12 "/>
</bind>
</comp>

<comp id="3668" class="1004" name="store_ln89_store_fu_3668">
<pin_list>
<pin id="3669" dir="0" index="0" bw="8" slack="0"/>
<pin id="3670" dir="0" index="1" bw="8" slack="0"/>
<pin id="3671" dir="1" index="2" bw="0" slack="2147483647"/>
</pin_list>
<bind>
<opcode="store(28) " fcode="store"/>
<opset="store_ln89/12 "/>
</bind>
</comp>

<comp id="3674" class="1004" name="store_ln89_store_fu_3674">
<pin_list>
<pin id="3675" dir="0" index="0" bw="8" slack="0"/>
<pin id="3676" dir="0" index="1" bw="8" slack="0"/>
<pin id="3677" dir="1" index="2" bw="0" slack="2147483647"/>
</pin_list>
<bind>
<opcode="store(28) " fcode="store"/>
<opset="store_ln89/12 "/>
</bind>
</comp>

<comp id="3680" class="1004" name="store_ln89_store_fu_3680">
<pin_list>
<pin id="3681" dir="0" index="0" bw="8" slack="0"/>
<pin id="3682" dir="0" index="1" bw="8" slack="0"/>
<pin id="3683" dir="1" index="2" bw="0" slack="2147483647"/>
</pin_list>
<bind>
<opcode="store(28) " fcode="store"/>
<opset="store_ln89/12 "/>
</bind>
</comp>

<comp id="3686" class="1004" name="store_ln89_store_fu_3686">
<pin_list>
<pin id="3687" dir="0" index="0" bw="8" slack="0"/>
<pin id="3688" dir="0" index="1" bw="8" slack="0"/>
<pin id="3689" dir="1" index="2" bw="0" slack="2147483647"/>
</pin_list>
<bind>
<opcode="store(28) " fcode="store"/>
<opset="store_ln89/12 "/>
</bind>
</comp>

<comp id="3692" class="1004" name="zext_ln89_17_fu_3692">
<pin_list>
<pin id="3693" dir="0" index="0" bw="7" slack="9"/>
<pin id="3694" dir="1" index="1" bw="11" slack="0"/>
</pin_list>
<bind>
<opcode="zext(34) " fcode="zext"/>
<opset="zext_ln89_17/12 "/>
</bind>
</comp>

<comp id="3695" class="1004" name="sext_ln89_10_fu_3695">
<pin_list>
<pin id="3696" dir="0" index="0" bw="4" slack="9"/>
<pin id="3697" dir="1" index="1" bw="11" slack="0"/>
</pin_list>
<bind>
<opcode="sext(35) " fcode="sext"/>
<opset="sext_ln89_10/12 "/>
</bind>
</comp>

<comp id="3698" class="1004" name="mul_ln89_8_fu_3698">
<pin_list>
<pin id="3699" dir="0" index="0" bw="4" slack="0"/>
<pin id="3700" dir="0" index="1" bw="7" slack="0"/>
<pin id="3701" dir="1" index="2" bw="11" slack="1"/>
</pin_list>
<bind>
<opcode="mul(12) " fcode="mul"/>
<opset="mul_ln89_8/12 "/>
</bind>
</comp>

<comp id="3704" class="1004" name="switch_ln89_fu_3704">
<pin_list>
<pin id="3705" dir="0" index="0" bw="3" slack="10"/>
<pin id="3706" dir="0" index="1" bw="1" slack="0"/>
<pin id="3707" dir="0" index="2" bw="1" slack="0"/>
<pin id="3708" dir="0" index="3" bw="3" slack="0"/>
<pin id="3709" dir="0" index="4" bw="3" slack="0"/>
<pin id="3710" dir="0" index="5" bw="3" slack="0"/>
<pin id="3711" dir="0" index="6" bw="3" slack="0"/>
<pin id="3712" dir="0" index="7" bw="2" slack="0"/>
<pin id="3713" dir="1" index="8" bw="0" slack="2147483647"/>
</pin_list>
<bind>
<opcode="switch(3) " fcode="switch"/>
<opset="switch_ln89/12 "/>
</bind>
</comp>

<comp id="3721" class="1004" name="conv2_ap_fixed_8_5_5_3_0_ap_fixed_8_5_5_3_0_partial_sums_load_7_load_fu_3721">
<pin_list>
<pin id="3722" dir="0" index="0" bw="8" slack="0"/>
<pin id="3723" dir="1" index="1" bw="8" slack="0"/>
</pin_list>
<bind>
<opcode="load(27) " fcode="load"/>
<opset="conv2_ap_fixed_8_5_5_3_0_ap_fixed_8_5_5_3_0_partial_sums_load_7/13 "/>
</bind>
</comp>

<comp id="3725" class="1004" name="conv2_ap_fixed_8_5_5_3_0_ap_fixed_8_5_5_3_0_partial_sums_2_load_7_load_fu_3725">
<pin_list>
<pin id="3726" dir="0" index="0" bw="8" slack="0"/>
<pin id="3727" dir="1" index="1" bw="8" slack="0"/>
</pin_list>
<bind>
<opcode="load(27) " fcode="load"/>
<opset="conv2_ap_fixed_8_5_5_3_0_ap_fixed_8_5_5_3_0_partial_sums_2_load_7/13 "/>
</bind>
</comp>

<comp id="3729" class="1004" name="conv2_ap_fixed_8_5_5_3_0_ap_fixed_8_5_5_3_0_partial_sums_3_load_7_load_fu_3729">
<pin_list>
<pin id="3730" dir="0" index="0" bw="8" slack="0"/>
<pin id="3731" dir="1" index="1" bw="8" slack="0"/>
</pin_list>
<bind>
<opcode="load(27) " fcode="load"/>
<opset="conv2_ap_fixed_8_5_5_3_0_ap_fixed_8_5_5_3_0_partial_sums_3_load_7/13 "/>
</bind>
</comp>

<comp id="3733" class="1004" name="conv2_ap_fixed_8_5_5_3_0_ap_fixed_8_5_5_3_0_partial_sums_4_load_7_load_fu_3733">
<pin_list>
<pin id="3734" dir="0" index="0" bw="8" slack="0"/>
<pin id="3735" dir="1" index="1" bw="8" slack="0"/>
</pin_list>
<bind>
<opcode="load(27) " fcode="load"/>
<opset="conv2_ap_fixed_8_5_5_3_0_ap_fixed_8_5_5_3_0_partial_sums_4_load_7/13 "/>
</bind>
</comp>

<comp id="3737" class="1004" name="conv2_ap_fixed_8_5_5_3_0_ap_fixed_8_5_5_3_0_partial_sums_5_load_7_load_fu_3737">
<pin_list>
<pin id="3738" dir="0" index="0" bw="8" slack="0"/>
<pin id="3739" dir="1" index="1" bw="8" slack="0"/>
</pin_list>
<bind>
<opcode="load(27) " fcode="load"/>
<opset="conv2_ap_fixed_8_5_5_3_0_ap_fixed_8_5_5_3_0_partial_sums_5_load_7/13 "/>
</bind>
</comp>

<comp id="3741" class="1004" name="conv2_ap_fixed_8_5_5_3_0_ap_fixed_8_5_5_3_0_partial_sums_6_load_7_load_fu_3741">
<pin_list>
<pin id="3742" dir="0" index="0" bw="8" slack="0"/>
<pin id="3743" dir="1" index="1" bw="8" slack="0"/>
</pin_list>
<bind>
<opcode="load(27) " fcode="load"/>
<opset="conv2_ap_fixed_8_5_5_3_0_ap_fixed_8_5_5_3_0_partial_sums_6_load_7/13 "/>
</bind>
</comp>

<comp id="3745" class="1004" name="conv2_ap_fixed_8_5_5_3_0_ap_fixed_8_5_5_3_0_partial_sums_7_load_7_load_fu_3745">
<pin_list>
<pin id="3746" dir="0" index="0" bw="8" slack="0"/>
<pin id="3747" dir="1" index="1" bw="8" slack="0"/>
</pin_list>
<bind>
<opcode="load(27) " fcode="load"/>
<opset="conv2_ap_fixed_8_5_5_3_0_ap_fixed_8_5_5_3_0_partial_sums_7_load_7/13 "/>
</bind>
</comp>

<comp id="3749" class="1004" name="conv2_ap_fixed_8_5_5_3_0_ap_fixed_8_5_5_3_0_partial_sums_8_load_7_load_fu_3749">
<pin_list>
<pin id="3750" dir="0" index="0" bw="8" slack="0"/>
<pin id="3751" dir="1" index="1" bw="8" slack="0"/>
</pin_list>
<bind>
<opcode="load(27) " fcode="load"/>
<opset="conv2_ap_fixed_8_5_5_3_0_ap_fixed_8_5_5_3_0_partial_sums_8_load_7/13 "/>
</bind>
</comp>

<comp id="3753" class="1004" name="tmp_4_fu_3753">
<pin_list>
<pin id="3754" dir="0" index="0" bw="8" slack="0"/>
<pin id="3755" dir="0" index="1" bw="3" slack="0"/>
<pin id="3756" dir="0" index="2" bw="8" slack="0"/>
<pin id="3757" dir="0" index="3" bw="3" slack="0"/>
<pin id="3758" dir="0" index="4" bw="8" slack="0"/>
<pin id="3759" dir="0" index="5" bw="3" slack="0"/>
<pin id="3760" dir="0" index="6" bw="8" slack="0"/>
<pin id="3761" dir="0" index="7" bw="3" slack="0"/>
<pin id="3762" dir="0" index="8" bw="8" slack="0"/>
<pin id="3763" dir="0" index="9" bw="3" slack="0"/>
<pin id="3764" dir="0" index="10" bw="8" slack="0"/>
<pin id="3765" dir="0" index="11" bw="3" slack="0"/>
<pin id="3766" dir="0" index="12" bw="8" slack="0"/>
<pin id="3767" dir="0" index="13" bw="3" slack="0"/>
<pin id="3768" dir="0" index="14" bw="8" slack="0"/>
<pin id="3769" dir="0" index="15" bw="3" slack="0"/>
<pin id="3770" dir="0" index="16" bw="8" slack="0"/>
<pin id="3771" dir="0" index="17" bw="8" slack="0"/>
<pin id="3772" dir="0" index="18" bw="3" slack="11"/>
<pin id="3773" dir="1" index="19" bw="8" slack="0"/>
</pin_list>
<bind>
<opcode="sparsemux(1197) " fcode="sparsemux"/>
<opset="tmp_4/13 "/>
</bind>
</comp>

<comp id="3792" class="1004" name="shl_ln89_8_fu_3792">
<pin_list>
<pin id="3793" dir="0" index="0" bw="11" slack="0"/>
<pin id="3794" dir="0" index="1" bw="8" slack="0"/>
<pin id="3795" dir="0" index="2" bw="1" slack="0"/>
<pin id="3796" dir="1" index="3" bw="11" slack="0"/>
</pin_list>
<bind>
<opcode="bitconcatenate(1004) " fcode="bitconcatenate"/>
<opset="shl_ln89_8/13 "/>
</bind>
</comp>

<comp id="3800" class="1004" name="add_ln89_10_fu_3800">
<pin_list>
<pin id="3801" dir="0" index="0" bw="11" slack="0"/>
<pin id="3802" dir="0" index="1" bw="11" slack="1"/>
<pin id="3803" dir="1" index="2" bw="11" slack="0"/>
</pin_list>
<bind>
<opcode="add(8) " fcode="add"/>
<opset="add_ln89_10/13 "/>
</bind>
</comp>

<comp id="3805" class="1004" name="sub_ln89_7_fu_3805">
<pin_list>
<pin id="3806" dir="0" index="0" bw="1" slack="0"/>
<pin id="3807" dir="0" index="1" bw="11" slack="1"/>
<pin id="3808" dir="1" index="2" bw="11" slack="0"/>
</pin_list>
<bind>
<opcode="sub(10) " fcode="sub"/>
<opset="sub_ln89_7/13 "/>
</bind>
</comp>

<comp id="3810" class="1004" name="icmp_ln89_9_fu_3810">
<pin_list>
<pin id="3811" dir="0" index="0" bw="11" slack="0"/>
<pin id="3812" dir="0" index="1" bw="11" slack="0"/>
<pin id="3813" dir="1" index="2" bw="1" slack="2147483647"/>
</pin_list>
<bind>
<opcode="icmp(45) " fcode="icmp"/>
<opset="icmp_ln89_9/13 "/>
</bind>
</comp>

<comp id="3816" class="1004" name="switch_ln89_fu_3816">
<pin_list>
<pin id="3817" dir="0" index="0" bw="3" slack="11"/>
<pin id="3818" dir="0" index="1" bw="1" slack="0"/>
<pin id="3819" dir="0" index="2" bw="1" slack="0"/>
<pin id="3820" dir="0" index="3" bw="3" slack="0"/>
<pin id="3821" dir="0" index="4" bw="3" slack="0"/>
<pin id="3822" dir="0" index="5" bw="3" slack="0"/>
<pin id="3823" dir="0" index="6" bw="3" slack="0"/>
<pin id="3824" dir="0" index="7" bw="2" slack="0"/>
<pin id="3825" dir="1" index="8" bw="0" slack="2147483647"/>
</pin_list>
<bind>
<opcode="switch(3) " fcode="switch"/>
<opset="switch_ln89/13 "/>
</bind>
</comp>

<comp id="3833" class="1004" name="store_ln89_store_fu_3833">
<pin_list>
<pin id="3834" dir="0" index="0" bw="1" slack="0"/>
<pin id="3835" dir="0" index="1" bw="8" slack="0"/>
<pin id="3836" dir="1" index="2" bw="0" slack="2147483647"/>
</pin_list>
<bind>
<opcode="store(28) " fcode="store"/>
<opset="store_ln89/13 "/>
</bind>
</comp>

<comp id="3839" class="1004" name="store_ln89_store_fu_3839">
<pin_list>
<pin id="3840" dir="0" index="0" bw="1" slack="0"/>
<pin id="3841" dir="0" index="1" bw="8" slack="0"/>
<pin id="3842" dir="1" index="2" bw="0" slack="2147483647"/>
</pin_list>
<bind>
<opcode="store(28) " fcode="store"/>
<opset="store_ln89/13 "/>
</bind>
</comp>

<comp id="3845" class="1004" name="store_ln89_store_fu_3845">
<pin_list>
<pin id="3846" dir="0" index="0" bw="1" slack="0"/>
<pin id="3847" dir="0" index="1" bw="8" slack="0"/>
<pin id="3848" dir="1" index="2" bw="0" slack="2147483647"/>
</pin_list>
<bind>
<opcode="store(28) " fcode="store"/>
<opset="store_ln89/13 "/>
</bind>
</comp>

<comp id="3851" class="1004" name="store_ln89_store_fu_3851">
<pin_list>
<pin id="3852" dir="0" index="0" bw="1" slack="0"/>
<pin id="3853" dir="0" index="1" bw="8" slack="0"/>
<pin id="3854" dir="1" index="2" bw="0" slack="2147483647"/>
</pin_list>
<bind>
<opcode="store(28) " fcode="store"/>
<opset="store_ln89/13 "/>
</bind>
</comp>

<comp id="3857" class="1004" name="store_ln89_store_fu_3857">
<pin_list>
<pin id="3858" dir="0" index="0" bw="1" slack="0"/>
<pin id="3859" dir="0" index="1" bw="8" slack="0"/>
<pin id="3860" dir="1" index="2" bw="0" slack="2147483647"/>
</pin_list>
<bind>
<opcode="store(28) " fcode="store"/>
<opset="store_ln89/13 "/>
</bind>
</comp>

<comp id="3863" class="1004" name="store_ln89_store_fu_3863">
<pin_list>
<pin id="3864" dir="0" index="0" bw="1" slack="0"/>
<pin id="3865" dir="0" index="1" bw="8" slack="0"/>
<pin id="3866" dir="1" index="2" bw="0" slack="2147483647"/>
</pin_list>
<bind>
<opcode="store(28) " fcode="store"/>
<opset="store_ln89/13 "/>
</bind>
</comp>

<comp id="3869" class="1004" name="store_ln89_store_fu_3869">
<pin_list>
<pin id="3870" dir="0" index="0" bw="1" slack="0"/>
<pin id="3871" dir="0" index="1" bw="8" slack="0"/>
<pin id="3872" dir="1" index="2" bw="0" slack="2147483647"/>
</pin_list>
<bind>
<opcode="store(28) " fcode="store"/>
<opset="store_ln89/13 "/>
</bind>
</comp>

<comp id="3875" class="1004" name="store_ln89_store_fu_3875">
<pin_list>
<pin id="3876" dir="0" index="0" bw="1" slack="0"/>
<pin id="3877" dir="0" index="1" bw="8" slack="0"/>
<pin id="3878" dir="1" index="2" bw="0" slack="2147483647"/>
</pin_list>
<bind>
<opcode="store(28) " fcode="store"/>
<opset="store_ln89/13 "/>
</bind>
</comp>

<comp id="3881" class="1004" name="trunc_ln89_8_fu_3881">
<pin_list>
<pin id="3882" dir="0" index="0" bw="8" slack="0"/>
<pin id="3883" dir="0" index="1" bw="11" slack="0"/>
<pin id="3884" dir="0" index="2" bw="3" slack="0"/>
<pin id="3885" dir="0" index="3" bw="5" slack="0"/>
<pin id="3886" dir="1" index="4" bw="8" slack="0"/>
</pin_list>
<bind>
<opcode="partselect(1002) " fcode="partselect"/>
<opset="trunc_ln89_8/13 "/>
</bind>
</comp>

<comp id="3891" class="1004" name="store_ln89_store_fu_3891">
<pin_list>
<pin id="3892" dir="0" index="0" bw="8" slack="0"/>
<pin id="3893" dir="0" index="1" bw="8" slack="0"/>
<pin id="3894" dir="1" index="2" bw="0" slack="2147483647"/>
</pin_list>
<bind>
<opcode="store(28) " fcode="store"/>
<opset="store_ln89/13 "/>
</bind>
</comp>

<comp id="3897" class="1004" name="store_ln89_store_fu_3897">
<pin_list>
<pin id="3898" dir="0" index="0" bw="8" slack="0"/>
<pin id="3899" dir="0" index="1" bw="8" slack="0"/>
<pin id="3900" dir="1" index="2" bw="0" slack="2147483647"/>
</pin_list>
<bind>
<opcode="store(28) " fcode="store"/>
<opset="store_ln89/13 "/>
</bind>
</comp>

<comp id="3903" class="1004" name="store_ln89_store_fu_3903">
<pin_list>
<pin id="3904" dir="0" index="0" bw="8" slack="0"/>
<pin id="3905" dir="0" index="1" bw="8" slack="0"/>
<pin id="3906" dir="1" index="2" bw="0" slack="2147483647"/>
</pin_list>
<bind>
<opcode="store(28) " fcode="store"/>
<opset="store_ln89/13 "/>
</bind>
</comp>

<comp id="3909" class="1004" name="store_ln89_store_fu_3909">
<pin_list>
<pin id="3910" dir="0" index="0" bw="8" slack="0"/>
<pin id="3911" dir="0" index="1" bw="8" slack="0"/>
<pin id="3912" dir="1" index="2" bw="0" slack="2147483647"/>
</pin_list>
<bind>
<opcode="store(28) " fcode="store"/>
<opset="store_ln89/13 "/>
</bind>
</comp>

<comp id="3915" class="1004" name="store_ln89_store_fu_3915">
<pin_list>
<pin id="3916" dir="0" index="0" bw="8" slack="0"/>
<pin id="3917" dir="0" index="1" bw="8" slack="0"/>
<pin id="3918" dir="1" index="2" bw="0" slack="2147483647"/>
</pin_list>
<bind>
<opcode="store(28) " fcode="store"/>
<opset="store_ln89/13 "/>
</bind>
</comp>

<comp id="3921" class="1004" name="store_ln89_store_fu_3921">
<pin_list>
<pin id="3922" dir="0" index="0" bw="8" slack="0"/>
<pin id="3923" dir="0" index="1" bw="8" slack="0"/>
<pin id="3924" dir="1" index="2" bw="0" slack="2147483647"/>
</pin_list>
<bind>
<opcode="store(28) " fcode="store"/>
<opset="store_ln89/13 "/>
</bind>
</comp>

<comp id="3927" class="1004" name="store_ln89_store_fu_3927">
<pin_list>
<pin id="3928" dir="0" index="0" bw="8" slack="0"/>
<pin id="3929" dir="0" index="1" bw="8" slack="0"/>
<pin id="3930" dir="1" index="2" bw="0" slack="2147483647"/>
</pin_list>
<bind>
<opcode="store(28) " fcode="store"/>
<opset="store_ln89/13 "/>
</bind>
</comp>

<comp id="3933" class="1004" name="store_ln89_store_fu_3933">
<pin_list>
<pin id="3934" dir="0" index="0" bw="8" slack="0"/>
<pin id="3935" dir="0" index="1" bw="8" slack="0"/>
<pin id="3936" dir="1" index="2" bw="0" slack="2147483647"/>
</pin_list>
<bind>
<opcode="store(28) " fcode="store"/>
<opset="store_ln89/13 "/>
</bind>
</comp>

<comp id="3939" class="1007" name="grp_fu_3939">
<pin_list>
<pin id="3940" dir="0" index="0" bw="7" slack="0"/>
<pin id="3941" dir="0" index="1" bw="3" slack="0"/>
<pin id="3942" dir="0" index="2" bw="11" slack="0"/>
<pin id="3943" dir="1" index="3" bw="12" slack="0"/>
</pin_list>
<bind>
<opcode="muladd(1172) " fcode="muladd"/>
<opset="mul_ln89/3 sext_ln89_2/5 add_ln89_1/5 "/>
</bind>
</comp>

<comp id="3949" class="1005" name="phi_mul_reg_3949">
<pin_list>
<pin id="3950" dir="0" index="0" bw="11" slack="0"/>
<pin id="3951" dir="1" index="1" bw="11" slack="0"/>
</pin_list>
<bind>
<opset="phi_mul "/>
</bind>
</comp>

<comp id="3956" class="1005" name="ci_reg_3956">
<pin_list>
<pin id="3957" dir="0" index="0" bw="4" slack="0"/>
<pin id="3958" dir="1" index="1" bw="4" slack="0"/>
</pin_list>
<bind>
<opset="ci "/>
</bind>
</comp>

<comp id="3963" class="1005" name="and_ln85_read_reg_3963">
<pin_list>
<pin id="3964" dir="0" index="0" bw="1" slack="1"/>
<pin id="3965" dir="1" index="1" bw="1" slack="2147483647"/>
</pin_list>
<bind>
<opset="and_ln85_read "/>
</bind>
</comp>

<comp id="3967" class="1005" name="shl_ln_read_reg_3967">
<pin_list>
<pin id="3968" dir="0" index="0" bw="7" slack="1"/>
<pin id="3969" dir="1" index="1" bw="7" slack="1"/>
</pin_list>
<bind>
<opset="shl_ln_read "/>
</bind>
</comp>

<comp id="3972" class="1005" name="and_ln85_1_read_reg_3972">
<pin_list>
<pin id="3973" dir="0" index="0" bw="1" slack="1"/>
<pin id="3974" dir="1" index="1" bw="1" slack="2147483647"/>
</pin_list>
<bind>
<opset="and_ln85_1_read "/>
</bind>
</comp>

<comp id="3976" class="1005" name="and_ln85_2_read_reg_3976">
<pin_list>
<pin id="3977" dir="0" index="0" bw="1" slack="1"/>
<pin id="3978" dir="1" index="1" bw="1" slack="2147483647"/>
</pin_list>
<bind>
<opset="and_ln85_2_read "/>
</bind>
</comp>

<comp id="3980" class="1005" name="and_ln85_3_read_reg_3980">
<pin_list>
<pin id="3981" dir="0" index="0" bw="1" slack="1"/>
<pin id="3982" dir="1" index="1" bw="1" slack="2147483647"/>
</pin_list>
<bind>
<opset="and_ln85_3_read "/>
</bind>
</comp>

<comp id="3984" class="1005" name="zext_ln85_1_cast_reg_3984">
<pin_list>
<pin id="3985" dir="0" index="0" bw="11" slack="1"/>
<pin id="3986" dir="1" index="1" bw="11" slack="1"/>
</pin_list>
<bind>
<opset="zext_ln85_1_cast "/>
</bind>
</comp>

<comp id="3991" class="1005" name="zext_ln70_1_cast_reg_3991">
<pin_list>
<pin id="3992" dir="0" index="0" bw="11" slack="1"/>
<pin id="3993" dir="1" index="1" bw="11" slack="1"/>
</pin_list>
<bind>
<opset="zext_ln70_1_cast "/>
</bind>
</comp>

<comp id="3998" class="1005" name="zext_ln82_cast_reg_3998">
<pin_list>
<pin id="3999" dir="0" index="0" bw="11" slack="1"/>
<pin id="4000" dir="1" index="1" bw="11" slack="1"/>
</pin_list>
<bind>
<opset="zext_ln82_cast "/>
</bind>
</comp>

<comp id="4005" class="1005" name="sext_ln85_cast_reg_4005">
<pin_list>
<pin id="4006" dir="0" index="0" bw="11" slack="1"/>
<pin id="4007" dir="1" index="1" bw="11" slack="1"/>
</pin_list>
<bind>
<opset="sext_ln85_cast "/>
</bind>
</comp>

<comp id="4012" class="1005" name="icmp_ln85_reg_4012">
<pin_list>
<pin id="4013" dir="0" index="0" bw="1" slack="1"/>
<pin id="4014" dir="1" index="1" bw="1" slack="2147483647"/>
</pin_list>
<bind>
<opset="icmp_ln85 "/>
</bind>
</comp>

<comp id="4016" class="1005" name="icmp_ln85_1_reg_4016">
<pin_list>
<pin id="4017" dir="0" index="0" bw="1" slack="1"/>
<pin id="4018" dir="1" index="1" bw="1" slack="2147483647"/>
</pin_list>
<bind>
<opset="icmp_ln85_1 "/>
</bind>
</comp>

<comp id="4020" class="1005" name="icmp_ln85_2_reg_4020">
<pin_list>
<pin id="4021" dir="0" index="0" bw="1" slack="1"/>
<pin id="4022" dir="1" index="1" bw="1" slack="2147483647"/>
</pin_list>
<bind>
<opset="icmp_ln85_2 "/>
</bind>
</comp>

<comp id="4024" class="1005" name="icmp_ln85_3_reg_4024">
<pin_list>
<pin id="4025" dir="0" index="0" bw="1" slack="1"/>
<pin id="4026" dir="1" index="1" bw="1" slack="2147483647"/>
</pin_list>
<bind>
<opset="icmp_ln85_3 "/>
</bind>
</comp>

<comp id="4028" class="1005" name="ci_1_reg_4028">
<pin_list>
<pin id="4029" dir="0" index="0" bw="4" slack="1"/>
<pin id="4030" dir="1" index="1" bw="4" slack="1"/>
</pin_list>
<bind>
<opset="ci_1 "/>
</bind>
</comp>

<comp id="4034" class="1005" name="icmp_ln78_reg_4034">
<pin_list>
<pin id="4035" dir="0" index="0" bw="1" slack="1"/>
<pin id="4036" dir="1" index="1" bw="1" slack="2147483647"/>
</pin_list>
<bind>
<opset="icmp_ln78 "/>
</bind>
</comp>

<comp id="4038" class="1005" name="add_ln86_3_reg_4038">
<pin_list>
<pin id="4039" dir="0" index="0" bw="3" slack="1"/>
<pin id="4040" dir="1" index="1" bw="3" slack="2"/>
</pin_list>
<bind>
<opset="add_ln86_3 "/>
</bind>
</comp>

<comp id="4051" class="1005" name="trunc_ln78_reg_4051">
<pin_list>
<pin id="4052" dir="0" index="0" bw="3" slack="3"/>
<pin id="4053" dir="1" index="1" bw="3" slack="3"/>
</pin_list>
<bind>
<opset="trunc_ln78 "/>
</bind>
</comp>

<comp id="4080" class="1005" name="input_0_addr_reg_4080">
<pin_list>
<pin id="4081" dir="0" index="0" bw="8" slack="1"/>
<pin id="4082" dir="1" index="1" bw="8" slack="1"/>
</pin_list>
<bind>
<opset="input_0_addr "/>
</bind>
</comp>

<comp id="4085" class="1005" name="input_1_addr_reg_4085">
<pin_list>
<pin id="4086" dir="0" index="0" bw="8" slack="1"/>
<pin id="4087" dir="1" index="1" bw="8" slack="1"/>
</pin_list>
<bind>
<opset="input_1_addr "/>
</bind>
</comp>

<comp id="4090" class="1005" name="input_2_addr_reg_4090">
<pin_list>
<pin id="4091" dir="0" index="0" bw="8" slack="1"/>
<pin id="4092" dir="1" index="1" bw="8" slack="1"/>
</pin_list>
<bind>
<opset="input_2_addr "/>
</bind>
</comp>

<comp id="4095" class="1005" name="input_3_addr_reg_4095">
<pin_list>
<pin id="4096" dir="0" index="0" bw="8" slack="1"/>
<pin id="4097" dir="1" index="1" bw="8" slack="1"/>
</pin_list>
<bind>
<opset="input_3_addr "/>
</bind>
</comp>

<comp id="4100" class="1005" name="input_4_addr_reg_4100">
<pin_list>
<pin id="4101" dir="0" index="0" bw="8" slack="1"/>
<pin id="4102" dir="1" index="1" bw="8" slack="1"/>
</pin_list>
<bind>
<opset="input_4_addr "/>
</bind>
</comp>

<comp id="4105" class="1005" name="input_5_addr_reg_4105">
<pin_list>
<pin id="4106" dir="0" index="0" bw="8" slack="1"/>
<pin id="4107" dir="1" index="1" bw="8" slack="1"/>
</pin_list>
<bind>
<opset="input_5_addr "/>
</bind>
</comp>

<comp id="4110" class="1005" name="input_6_addr_reg_4110">
<pin_list>
<pin id="4111" dir="0" index="0" bw="8" slack="1"/>
<pin id="4112" dir="1" index="1" bw="8" slack="1"/>
</pin_list>
<bind>
<opset="input_6_addr "/>
</bind>
</comp>

<comp id="4115" class="1005" name="input_7_addr_reg_4115">
<pin_list>
<pin id="4116" dir="0" index="0" bw="8" slack="1"/>
<pin id="4117" dir="1" index="1" bw="8" slack="1"/>
</pin_list>
<bind>
<opset="input_7_addr "/>
</bind>
</comp>

<comp id="4120" class="1005" name="p_ZL12conv2_weight_0_addr_reg_4120">
<pin_list>
<pin id="4121" dir="0" index="0" bw="7" slack="1"/>
<pin id="4122" dir="1" index="1" bw="7" slack="1"/>
</pin_list>
<bind>
<opset="p_ZL12conv2_weight_0_addr "/>
</bind>
</comp>

<comp id="4125" class="1005" name="input_0_addr_5_reg_4125">
<pin_list>
<pin id="4126" dir="0" index="0" bw="8" slack="1"/>
<pin id="4127" dir="1" index="1" bw="8" slack="1"/>
</pin_list>
<bind>
<opset="input_0_addr_5 "/>
</bind>
</comp>

<comp id="4130" class="1005" name="input_1_addr_5_reg_4130">
<pin_list>
<pin id="4131" dir="0" index="0" bw="8" slack="1"/>
<pin id="4132" dir="1" index="1" bw="8" slack="1"/>
</pin_list>
<bind>
<opset="input_1_addr_5 "/>
</bind>
</comp>

<comp id="4135" class="1005" name="input_2_addr_4_reg_4135">
<pin_list>
<pin id="4136" dir="0" index="0" bw="8" slack="1"/>
<pin id="4137" dir="1" index="1" bw="8" slack="1"/>
</pin_list>
<bind>
<opset="input_2_addr_4 "/>
</bind>
</comp>

<comp id="4140" class="1005" name="input_3_addr_4_reg_4140">
<pin_list>
<pin id="4141" dir="0" index="0" bw="8" slack="1"/>
<pin id="4142" dir="1" index="1" bw="8" slack="1"/>
</pin_list>
<bind>
<opset="input_3_addr_4 "/>
</bind>
</comp>

<comp id="4145" class="1005" name="input_4_addr_4_reg_4145">
<pin_list>
<pin id="4146" dir="0" index="0" bw="8" slack="1"/>
<pin id="4147" dir="1" index="1" bw="8" slack="1"/>
</pin_list>
<bind>
<opset="input_4_addr_4 "/>
</bind>
</comp>

<comp id="4150" class="1005" name="input_5_addr_1_reg_4150">
<pin_list>
<pin id="4151" dir="0" index="0" bw="8" slack="1"/>
<pin id="4152" dir="1" index="1" bw="8" slack="1"/>
</pin_list>
<bind>
<opset="input_5_addr_1 "/>
</bind>
</comp>

<comp id="4155" class="1005" name="input_6_addr_1_reg_4155">
<pin_list>
<pin id="4156" dir="0" index="0" bw="8" slack="1"/>
<pin id="4157" dir="1" index="1" bw="8" slack="1"/>
</pin_list>
<bind>
<opset="input_6_addr_1 "/>
</bind>
</comp>

<comp id="4160" class="1005" name="input_7_addr_1_reg_4160">
<pin_list>
<pin id="4161" dir="0" index="0" bw="8" slack="1"/>
<pin id="4162" dir="1" index="1" bw="8" slack="1"/>
</pin_list>
<bind>
<opset="input_7_addr_1 "/>
</bind>
</comp>

<comp id="4165" class="1005" name="p_ZL12conv2_weight_1_addr_reg_4165">
<pin_list>
<pin id="4166" dir="0" index="0" bw="7" slack="1"/>
<pin id="4167" dir="1" index="1" bw="7" slack="1"/>
</pin_list>
<bind>
<opset="p_ZL12conv2_weight_1_addr "/>
</bind>
</comp>

<comp id="4170" class="1005" name="input_0_addr_6_reg_4170">
<pin_list>
<pin id="4171" dir="0" index="0" bw="8" slack="1"/>
<pin id="4172" dir="1" index="1" bw="8" slack="1"/>
</pin_list>
<bind>
<opset="input_0_addr_6 "/>
</bind>
</comp>

<comp id="4175" class="1005" name="input_1_addr_6_reg_4175">
<pin_list>
<pin id="4176" dir="0" index="0" bw="8" slack="1"/>
<pin id="4177" dir="1" index="1" bw="8" slack="1"/>
</pin_list>
<bind>
<opset="input_1_addr_6 "/>
</bind>
</comp>

<comp id="4180" class="1005" name="input_2_addr_5_reg_4180">
<pin_list>
<pin id="4181" dir="0" index="0" bw="8" slack="1"/>
<pin id="4182" dir="1" index="1" bw="8" slack="1"/>
</pin_list>
<bind>
<opset="input_2_addr_5 "/>
</bind>
</comp>

<comp id="4185" class="1005" name="input_3_addr_5_reg_4185">
<pin_list>
<pin id="4186" dir="0" index="0" bw="8" slack="1"/>
<pin id="4187" dir="1" index="1" bw="8" slack="1"/>
</pin_list>
<bind>
<opset="input_3_addr_5 "/>
</bind>
</comp>

<comp id="4190" class="1005" name="input_4_addr_5_reg_4190">
<pin_list>
<pin id="4191" dir="0" index="0" bw="8" slack="1"/>
<pin id="4192" dir="1" index="1" bw="8" slack="1"/>
</pin_list>
<bind>
<opset="input_4_addr_5 "/>
</bind>
</comp>

<comp id="4195" class="1005" name="input_5_addr_2_reg_4195">
<pin_list>
<pin id="4196" dir="0" index="0" bw="8" slack="1"/>
<pin id="4197" dir="1" index="1" bw="8" slack="1"/>
</pin_list>
<bind>
<opset="input_5_addr_2 "/>
</bind>
</comp>

<comp id="4200" class="1005" name="input_6_addr_2_reg_4200">
<pin_list>
<pin id="4201" dir="0" index="0" bw="8" slack="1"/>
<pin id="4202" dir="1" index="1" bw="8" slack="1"/>
</pin_list>
<bind>
<opset="input_6_addr_2 "/>
</bind>
</comp>

<comp id="4205" class="1005" name="input_7_addr_2_reg_4205">
<pin_list>
<pin id="4206" dir="0" index="0" bw="8" slack="1"/>
<pin id="4207" dir="1" index="1" bw="8" slack="1"/>
</pin_list>
<bind>
<opset="input_7_addr_2 "/>
</bind>
</comp>

<comp id="4210" class="1005" name="p_ZL12conv2_weight_2_addr_reg_4210">
<pin_list>
<pin id="4211" dir="0" index="0" bw="7" slack="1"/>
<pin id="4212" dir="1" index="1" bw="7" slack="1"/>
</pin_list>
<bind>
<opset="p_ZL12conv2_weight_2_addr "/>
</bind>
</comp>

<comp id="4215" class="1005" name="input_0_addr_7_reg_4215">
<pin_list>
<pin id="4216" dir="0" index="0" bw="8" slack="1"/>
<pin id="4217" dir="1" index="1" bw="8" slack="1"/>
</pin_list>
<bind>
<opset="input_0_addr_7 "/>
</bind>
</comp>

<comp id="4220" class="1005" name="input_1_addr_7_reg_4220">
<pin_list>
<pin id="4221" dir="0" index="0" bw="8" slack="1"/>
<pin id="4222" dir="1" index="1" bw="8" slack="1"/>
</pin_list>
<bind>
<opset="input_1_addr_7 "/>
</bind>
</comp>

<comp id="4225" class="1005" name="input_2_addr_6_reg_4225">
<pin_list>
<pin id="4226" dir="0" index="0" bw="8" slack="1"/>
<pin id="4227" dir="1" index="1" bw="8" slack="1"/>
</pin_list>
<bind>
<opset="input_2_addr_6 "/>
</bind>
</comp>

<comp id="4230" class="1005" name="input_3_addr_6_reg_4230">
<pin_list>
<pin id="4231" dir="0" index="0" bw="8" slack="1"/>
<pin id="4232" dir="1" index="1" bw="8" slack="1"/>
</pin_list>
<bind>
<opset="input_3_addr_6 "/>
</bind>
</comp>

<comp id="4235" class="1005" name="input_4_addr_6_reg_4235">
<pin_list>
<pin id="4236" dir="0" index="0" bw="8" slack="1"/>
<pin id="4237" dir="1" index="1" bw="8" slack="1"/>
</pin_list>
<bind>
<opset="input_4_addr_6 "/>
</bind>
</comp>

<comp id="4240" class="1005" name="input_5_addr_3_reg_4240">
<pin_list>
<pin id="4241" dir="0" index="0" bw="8" slack="1"/>
<pin id="4242" dir="1" index="1" bw="8" slack="1"/>
</pin_list>
<bind>
<opset="input_5_addr_3 "/>
</bind>
</comp>

<comp id="4245" class="1005" name="input_6_addr_3_reg_4245">
<pin_list>
<pin id="4246" dir="0" index="0" bw="8" slack="1"/>
<pin id="4247" dir="1" index="1" bw="8" slack="1"/>
</pin_list>
<bind>
<opset="input_6_addr_3 "/>
</bind>
</comp>

<comp id="4250" class="1005" name="input_7_addr_3_reg_4250">
<pin_list>
<pin id="4251" dir="0" index="0" bw="8" slack="1"/>
<pin id="4252" dir="1" index="1" bw="8" slack="1"/>
</pin_list>
<bind>
<opset="input_7_addr_3 "/>
</bind>
</comp>

<comp id="4255" class="1005" name="p_ZL12conv2_weight_3_addr_reg_4255">
<pin_list>
<pin id="4256" dir="0" index="0" bw="7" slack="1"/>
<pin id="4257" dir="1" index="1" bw="7" slack="1"/>
</pin_list>
<bind>
<opset="p_ZL12conv2_weight_3_addr "/>
</bind>
</comp>

<comp id="4260" class="1005" name="input_0_addr_8_reg_4260">
<pin_list>
<pin id="4261" dir="0" index="0" bw="8" slack="1"/>
<pin id="4262" dir="1" index="1" bw="8" slack="1"/>
</pin_list>
<bind>
<opset="input_0_addr_8 "/>
</bind>
</comp>

<comp id="4265" class="1005" name="input_1_addr_8_reg_4265">
<pin_list>
<pin id="4266" dir="0" index="0" bw="8" slack="1"/>
<pin id="4267" dir="1" index="1" bw="8" slack="1"/>
</pin_list>
<bind>
<opset="input_1_addr_8 "/>
</bind>
</comp>

<comp id="4270" class="1005" name="input_2_addr_7_reg_4270">
<pin_list>
<pin id="4271" dir="0" index="0" bw="8" slack="1"/>
<pin id="4272" dir="1" index="1" bw="8" slack="1"/>
</pin_list>
<bind>
<opset="input_2_addr_7 "/>
</bind>
</comp>

<comp id="4275" class="1005" name="input_3_addr_7_reg_4275">
<pin_list>
<pin id="4276" dir="0" index="0" bw="8" slack="1"/>
<pin id="4277" dir="1" index="1" bw="8" slack="1"/>
</pin_list>
<bind>
<opset="input_3_addr_7 "/>
</bind>
</comp>

<comp id="4280" class="1005" name="input_4_addr_7_reg_4280">
<pin_list>
<pin id="4281" dir="0" index="0" bw="8" slack="1"/>
<pin id="4282" dir="1" index="1" bw="8" slack="1"/>
</pin_list>
<bind>
<opset="input_4_addr_7 "/>
</bind>
</comp>

<comp id="4285" class="1005" name="input_5_addr_4_reg_4285">
<pin_list>
<pin id="4286" dir="0" index="0" bw="8" slack="1"/>
<pin id="4287" dir="1" index="1" bw="8" slack="1"/>
</pin_list>
<bind>
<opset="input_5_addr_4 "/>
</bind>
</comp>

<comp id="4290" class="1005" name="input_6_addr_4_reg_4290">
<pin_list>
<pin id="4291" dir="0" index="0" bw="8" slack="1"/>
<pin id="4292" dir="1" index="1" bw="8" slack="1"/>
</pin_list>
<bind>
<opset="input_6_addr_4 "/>
</bind>
</comp>

<comp id="4295" class="1005" name="input_7_addr_4_reg_4295">
<pin_list>
<pin id="4296" dir="0" index="0" bw="8" slack="1"/>
<pin id="4297" dir="1" index="1" bw="8" slack="1"/>
</pin_list>
<bind>
<opset="input_7_addr_4 "/>
</bind>
</comp>

<comp id="4300" class="1005" name="p_ZL12conv2_weight_4_addr_reg_4300">
<pin_list>
<pin id="4301" dir="0" index="0" bw="7" slack="1"/>
<pin id="4302" dir="1" index="1" bw="7" slack="1"/>
</pin_list>
<bind>
<opset="p_ZL12conv2_weight_4_addr "/>
</bind>
</comp>

<comp id="4305" class="1005" name="input_0_addr_9_reg_4305">
<pin_list>
<pin id="4306" dir="0" index="0" bw="8" slack="1"/>
<pin id="4307" dir="1" index="1" bw="8" slack="1"/>
</pin_list>
<bind>
<opset="input_0_addr_9 "/>
</bind>
</comp>

<comp id="4310" class="1005" name="input_1_addr_9_reg_4310">
<pin_list>
<pin id="4311" dir="0" index="0" bw="8" slack="1"/>
<pin id="4312" dir="1" index="1" bw="8" slack="1"/>
</pin_list>
<bind>
<opset="input_1_addr_9 "/>
</bind>
</comp>

<comp id="4315" class="1005" name="input_2_addr_8_reg_4315">
<pin_list>
<pin id="4316" dir="0" index="0" bw="8" slack="1"/>
<pin id="4317" dir="1" index="1" bw="8" slack="1"/>
</pin_list>
<bind>
<opset="input_2_addr_8 "/>
</bind>
</comp>

<comp id="4320" class="1005" name="input_3_addr_8_reg_4320">
<pin_list>
<pin id="4321" dir="0" index="0" bw="8" slack="1"/>
<pin id="4322" dir="1" index="1" bw="8" slack="1"/>
</pin_list>
<bind>
<opset="input_3_addr_8 "/>
</bind>
</comp>

<comp id="4325" class="1005" name="input_4_addr_8_reg_4325">
<pin_list>
<pin id="4326" dir="0" index="0" bw="8" slack="1"/>
<pin id="4327" dir="1" index="1" bw="8" slack="1"/>
</pin_list>
<bind>
<opset="input_4_addr_8 "/>
</bind>
</comp>

<comp id="4330" class="1005" name="input_5_addr_5_reg_4330">
<pin_list>
<pin id="4331" dir="0" index="0" bw="8" slack="1"/>
<pin id="4332" dir="1" index="1" bw="8" slack="1"/>
</pin_list>
<bind>
<opset="input_5_addr_5 "/>
</bind>
</comp>

<comp id="4335" class="1005" name="input_6_addr_5_reg_4335">
<pin_list>
<pin id="4336" dir="0" index="0" bw="8" slack="1"/>
<pin id="4337" dir="1" index="1" bw="8" slack="1"/>
</pin_list>
<bind>
<opset="input_6_addr_5 "/>
</bind>
</comp>

<comp id="4340" class="1005" name="input_7_addr_5_reg_4340">
<pin_list>
<pin id="4341" dir="0" index="0" bw="8" slack="1"/>
<pin id="4342" dir="1" index="1" bw="8" slack="1"/>
</pin_list>
<bind>
<opset="input_7_addr_5 "/>
</bind>
</comp>

<comp id="4345" class="1005" name="p_ZL12conv2_weight_5_addr_reg_4345">
<pin_list>
<pin id="4346" dir="0" index="0" bw="7" slack="1"/>
<pin id="4347" dir="1" index="1" bw="7" slack="1"/>
</pin_list>
<bind>
<opset="p_ZL12conv2_weight_5_addr "/>
</bind>
</comp>

<comp id="4350" class="1005" name="input_0_addr_10_reg_4350">
<pin_list>
<pin id="4351" dir="0" index="0" bw="8" slack="1"/>
<pin id="4352" dir="1" index="1" bw="8" slack="1"/>
</pin_list>
<bind>
<opset="input_0_addr_10 "/>
</bind>
</comp>

<comp id="4355" class="1005" name="input_1_addr_10_reg_4355">
<pin_list>
<pin id="4356" dir="0" index="0" bw="8" slack="1"/>
<pin id="4357" dir="1" index="1" bw="8" slack="1"/>
</pin_list>
<bind>
<opset="input_1_addr_10 "/>
</bind>
</comp>

<comp id="4360" class="1005" name="input_2_addr_9_reg_4360">
<pin_list>
<pin id="4361" dir="0" index="0" bw="8" slack="1"/>
<pin id="4362" dir="1" index="1" bw="8" slack="1"/>
</pin_list>
<bind>
<opset="input_2_addr_9 "/>
</bind>
</comp>

<comp id="4365" class="1005" name="input_3_addr_9_reg_4365">
<pin_list>
<pin id="4366" dir="0" index="0" bw="8" slack="1"/>
<pin id="4367" dir="1" index="1" bw="8" slack="1"/>
</pin_list>
<bind>
<opset="input_3_addr_9 "/>
</bind>
</comp>

<comp id="4370" class="1005" name="input_4_addr_9_reg_4370">
<pin_list>
<pin id="4371" dir="0" index="0" bw="8" slack="1"/>
<pin id="4372" dir="1" index="1" bw="8" slack="1"/>
</pin_list>
<bind>
<opset="input_4_addr_9 "/>
</bind>
</comp>

<comp id="4375" class="1005" name="input_5_addr_6_reg_4375">
<pin_list>
<pin id="4376" dir="0" index="0" bw="8" slack="1"/>
<pin id="4377" dir="1" index="1" bw="8" slack="1"/>
</pin_list>
<bind>
<opset="input_5_addr_6 "/>
</bind>
</comp>

<comp id="4380" class="1005" name="input_6_addr_6_reg_4380">
<pin_list>
<pin id="4381" dir="0" index="0" bw="8" slack="1"/>
<pin id="4382" dir="1" index="1" bw="8" slack="1"/>
</pin_list>
<bind>
<opset="input_6_addr_6 "/>
</bind>
</comp>

<comp id="4385" class="1005" name="input_7_addr_6_reg_4385">
<pin_list>
<pin id="4386" dir="0" index="0" bw="8" slack="1"/>
<pin id="4387" dir="1" index="1" bw="8" slack="1"/>
</pin_list>
<bind>
<opset="input_7_addr_6 "/>
</bind>
</comp>

<comp id="4390" class="1005" name="p_ZL12conv2_weight_6_addr_reg_4390">
<pin_list>
<pin id="4391" dir="0" index="0" bw="7" slack="1"/>
<pin id="4392" dir="1" index="1" bw="7" slack="1"/>
</pin_list>
<bind>
<opset="p_ZL12conv2_weight_6_addr "/>
</bind>
</comp>

<comp id="4395" class="1005" name="input_0_addr_11_reg_4395">
<pin_list>
<pin id="4396" dir="0" index="0" bw="8" slack="1"/>
<pin id="4397" dir="1" index="1" bw="8" slack="1"/>
</pin_list>
<bind>
<opset="input_0_addr_11 "/>
</bind>
</comp>

<comp id="4400" class="1005" name="input_1_addr_11_reg_4400">
<pin_list>
<pin id="4401" dir="0" index="0" bw="8" slack="1"/>
<pin id="4402" dir="1" index="1" bw="8" slack="1"/>
</pin_list>
<bind>
<opset="input_1_addr_11 "/>
</bind>
</comp>

<comp id="4405" class="1005" name="input_2_addr_10_reg_4405">
<pin_list>
<pin id="4406" dir="0" index="0" bw="8" slack="1"/>
<pin id="4407" dir="1" index="1" bw="8" slack="1"/>
</pin_list>
<bind>
<opset="input_2_addr_10 "/>
</bind>
</comp>

<comp id="4410" class="1005" name="input_3_addr_10_reg_4410">
<pin_list>
<pin id="4411" dir="0" index="0" bw="8" slack="1"/>
<pin id="4412" dir="1" index="1" bw="8" slack="1"/>
</pin_list>
<bind>
<opset="input_3_addr_10 "/>
</bind>
</comp>

<comp id="4415" class="1005" name="input_4_addr_10_reg_4415">
<pin_list>
<pin id="4416" dir="0" index="0" bw="8" slack="1"/>
<pin id="4417" dir="1" index="1" bw="8" slack="1"/>
</pin_list>
<bind>
<opset="input_4_addr_10 "/>
</bind>
</comp>

<comp id="4420" class="1005" name="input_5_addr_7_reg_4420">
<pin_list>
<pin id="4421" dir="0" index="0" bw="8" slack="1"/>
<pin id="4422" dir="1" index="1" bw="8" slack="1"/>
</pin_list>
<bind>
<opset="input_5_addr_7 "/>
</bind>
</comp>

<comp id="4425" class="1005" name="input_6_addr_7_reg_4425">
<pin_list>
<pin id="4426" dir="0" index="0" bw="8" slack="1"/>
<pin id="4427" dir="1" index="1" bw="8" slack="1"/>
</pin_list>
<bind>
<opset="input_6_addr_7 "/>
</bind>
</comp>

<comp id="4430" class="1005" name="input_7_addr_7_reg_4430">
<pin_list>
<pin id="4431" dir="0" index="0" bw="8" slack="1"/>
<pin id="4432" dir="1" index="1" bw="8" slack="1"/>
</pin_list>
<bind>
<opset="input_7_addr_7 "/>
</bind>
</comp>

<comp id="4435" class="1005" name="p_ZL12conv2_weight_7_addr_reg_4435">
<pin_list>
<pin id="4436" dir="0" index="0" bw="7" slack="1"/>
<pin id="4437" dir="1" index="1" bw="7" slack="1"/>
</pin_list>
<bind>
<opset="p_ZL12conv2_weight_7_addr "/>
</bind>
</comp>

<comp id="4440" class="1005" name="input_0_addr_12_reg_4440">
<pin_list>
<pin id="4441" dir="0" index="0" bw="8" slack="1"/>
<pin id="4442" dir="1" index="1" bw="8" slack="1"/>
</pin_list>
<bind>
<opset="input_0_addr_12 "/>
</bind>
</comp>

<comp id="4445" class="1005" name="input_1_addr_12_reg_4445">
<pin_list>
<pin id="4446" dir="0" index="0" bw="8" slack="1"/>
<pin id="4447" dir="1" index="1" bw="8" slack="1"/>
</pin_list>
<bind>
<opset="input_1_addr_12 "/>
</bind>
</comp>

<comp id="4450" class="1005" name="input_2_addr_11_reg_4450">
<pin_list>
<pin id="4451" dir="0" index="0" bw="8" slack="1"/>
<pin id="4452" dir="1" index="1" bw="8" slack="1"/>
</pin_list>
<bind>
<opset="input_2_addr_11 "/>
</bind>
</comp>

<comp id="4455" class="1005" name="input_3_addr_11_reg_4455">
<pin_list>
<pin id="4456" dir="0" index="0" bw="8" slack="1"/>
<pin id="4457" dir="1" index="1" bw="8" slack="1"/>
</pin_list>
<bind>
<opset="input_3_addr_11 "/>
</bind>
</comp>

<comp id="4460" class="1005" name="input_4_addr_11_reg_4460">
<pin_list>
<pin id="4461" dir="0" index="0" bw="8" slack="1"/>
<pin id="4462" dir="1" index="1" bw="8" slack="1"/>
</pin_list>
<bind>
<opset="input_4_addr_11 "/>
</bind>
</comp>

<comp id="4465" class="1005" name="input_5_addr_8_reg_4465">
<pin_list>
<pin id="4466" dir="0" index="0" bw="8" slack="1"/>
<pin id="4467" dir="1" index="1" bw="8" slack="1"/>
</pin_list>
<bind>
<opset="input_5_addr_8 "/>
</bind>
</comp>

<comp id="4470" class="1005" name="input_6_addr_8_reg_4470">
<pin_list>
<pin id="4471" dir="0" index="0" bw="8" slack="1"/>
<pin id="4472" dir="1" index="1" bw="8" slack="1"/>
</pin_list>
<bind>
<opset="input_6_addr_8 "/>
</bind>
</comp>

<comp id="4475" class="1005" name="input_7_addr_8_reg_4475">
<pin_list>
<pin id="4476" dir="0" index="0" bw="8" slack="1"/>
<pin id="4477" dir="1" index="1" bw="8" slack="1"/>
</pin_list>
<bind>
<opset="input_7_addr_8 "/>
</bind>
</comp>

<comp id="4480" class="1005" name="p_ZL12conv2_weight_8_addr_reg_4480">
<pin_list>
<pin id="4481" dir="0" index="0" bw="7" slack="1"/>
<pin id="4482" dir="1" index="1" bw="7" slack="1"/>
</pin_list>
<bind>
<opset="p_ZL12conv2_weight_8_addr "/>
</bind>
</comp>

<comp id="4485" class="1005" name="zext_ln89_1_reg_4485">
<pin_list>
<pin id="4486" dir="0" index="0" bw="10" slack="1"/>
<pin id="4487" dir="1" index="1" bw="10" slack="1"/>
</pin_list>
<bind>
<opset="zext_ln89_1 "/>
</bind>
</comp>

<comp id="4490" class="1005" name="sext_ln89_reg_4490">
<pin_list>
<pin id="4491" dir="0" index="0" bw="10" slack="1"/>
<pin id="4492" dir="1" index="1" bw="10" slack="1"/>
</pin_list>
<bind>
<opset="sext_ln89 "/>
</bind>
</comp>

<comp id="4495" class="1005" name="tmp_2_cast_reg_4495">
<pin_list>
<pin id="4496" dir="0" index="0" bw="7" slack="3"/>
<pin id="4497" dir="1" index="1" bw="7" slack="3"/>
</pin_list>
<bind>
<opset="tmp_2_cast "/>
</bind>
</comp>

<comp id="4500" class="1005" name="p_ZL12conv2_weight_1_load_reg_4500">
<pin_list>
<pin id="4501" dir="0" index="0" bw="4" slack="3"/>
<pin id="4502" dir="1" index="1" bw="4" slack="3"/>
</pin_list>
<bind>
<opset="p_ZL12conv2_weight_1_load "/>
</bind>
</comp>

<comp id="4505" class="1005" name="tmp_4_cast_reg_4505">
<pin_list>
<pin id="4506" dir="0" index="0" bw="7" slack="4"/>
<pin id="4507" dir="1" index="1" bw="7" slack="4"/>
</pin_list>
<bind>
<opset="tmp_4_cast "/>
</bind>
</comp>

<comp id="4510" class="1005" name="p_ZL12conv2_weight_2_load_reg_4510">
<pin_list>
<pin id="4511" dir="0" index="0" bw="4" slack="4"/>
<pin id="4512" dir="1" index="1" bw="4" slack="4"/>
</pin_list>
<bind>
<opset="p_ZL12conv2_weight_2_load "/>
</bind>
</comp>

<comp id="4515" class="1005" name="tmp_6_cast_reg_4515">
<pin_list>
<pin id="4516" dir="0" index="0" bw="7" slack="5"/>
<pin id="4517" dir="1" index="1" bw="7" slack="5"/>
</pin_list>
<bind>
<opset="tmp_6_cast "/>
</bind>
</comp>

<comp id="4520" class="1005" name="p_ZL12conv2_weight_3_load_reg_4520">
<pin_list>
<pin id="4521" dir="0" index="0" bw="4" slack="5"/>
<pin id="4522" dir="1" index="1" bw="4" slack="5"/>
</pin_list>
<bind>
<opset="p_ZL12conv2_weight_3_load "/>
</bind>
</comp>

<comp id="4525" class="1005" name="tmp_8_cast_reg_4525">
<pin_list>
<pin id="4526" dir="0" index="0" bw="7" slack="6"/>
<pin id="4527" dir="1" index="1" bw="7" slack="6"/>
</pin_list>
<bind>
<opset="tmp_8_cast "/>
</bind>
</comp>

<comp id="4530" class="1005" name="p_ZL12conv2_weight_4_load_reg_4530">
<pin_list>
<pin id="4531" dir="0" index="0" bw="4" slack="6"/>
<pin id="4532" dir="1" index="1" bw="4" slack="6"/>
</pin_list>
<bind>
<opset="p_ZL12conv2_weight_4_load "/>
</bind>
</comp>

<comp id="4535" class="1005" name="tmp_cast_47_reg_4535">
<pin_list>
<pin id="4536" dir="0" index="0" bw="7" slack="6"/>
<pin id="4537" dir="1" index="1" bw="7" slack="6"/>
</pin_list>
<bind>
<opset="tmp_cast_47 "/>
</bind>
</comp>

<comp id="4540" class="1005" name="p_ZL12conv2_weight_5_load_reg_4540">
<pin_list>
<pin id="4541" dir="0" index="0" bw="4" slack="6"/>
<pin id="4542" dir="1" index="1" bw="4" slack="6"/>
</pin_list>
<bind>
<opset="p_ZL12conv2_weight_5_load "/>
</bind>
</comp>

<comp id="4545" class="1005" name="tmp_10_cast_reg_4545">
<pin_list>
<pin id="4546" dir="0" index="0" bw="7" slack="7"/>
<pin id="4547" dir="1" index="1" bw="7" slack="7"/>
</pin_list>
<bind>
<opset="tmp_10_cast "/>
</bind>
</comp>

<comp id="4550" class="1005" name="p_ZL12conv2_weight_6_load_reg_4550">
<pin_list>
<pin id="4551" dir="0" index="0" bw="4" slack="7"/>
<pin id="4552" dir="1" index="1" bw="4" slack="7"/>
</pin_list>
<bind>
<opset="p_ZL12conv2_weight_6_load "/>
</bind>
</comp>

<comp id="4555" class="1005" name="tmp_12_cast_reg_4555">
<pin_list>
<pin id="4556" dir="0" index="0" bw="7" slack="8"/>
<pin id="4557" dir="1" index="1" bw="7" slack="8"/>
</pin_list>
<bind>
<opset="tmp_12_cast "/>
</bind>
</comp>

<comp id="4560" class="1005" name="p_ZL12conv2_weight_7_load_reg_4560">
<pin_list>
<pin id="4561" dir="0" index="0" bw="4" slack="8"/>
<pin id="4562" dir="1" index="1" bw="4" slack="8"/>
</pin_list>
<bind>
<opset="p_ZL12conv2_weight_7_load "/>
</bind>
</comp>

<comp id="4565" class="1005" name="tmp_14_cast_reg_4565">
<pin_list>
<pin id="4566" dir="0" index="0" bw="7" slack="9"/>
<pin id="4567" dir="1" index="1" bw="7" slack="9"/>
</pin_list>
<bind>
<opset="tmp_14_cast "/>
</bind>
</comp>

<comp id="4570" class="1005" name="p_ZL12conv2_weight_8_load_reg_4570">
<pin_list>
<pin id="4571" dir="0" index="0" bw="4" slack="9"/>
<pin id="4572" dir="1" index="1" bw="4" slack="9"/>
</pin_list>
<bind>
<opset="p_ZL12conv2_weight_8_load "/>
</bind>
</comp>

<comp id="4575" class="1005" name="sext_ln89_1_reg_4575">
<pin_list>
<pin id="4576" dir="0" index="0" bw="12" slack="1"/>
<pin id="4577" dir="1" index="1" bw="12" slack="1"/>
</pin_list>
<bind>
<opset="sext_ln89_1 "/>
</bind>
</comp>

<comp id="4580" class="1005" name="icmp_ln89_reg_4580">
<pin_list>
<pin id="4581" dir="0" index="0" bw="1" slack="1"/>
<pin id="4582" dir="1" index="1" bw="1" slack="2147483647"/>
</pin_list>
<bind>
<opset="icmp_ln89 "/>
</bind>
</comp>

<comp id="4584" class="1005" name="mul_ln89_1_reg_4584">
<pin_list>
<pin id="4585" dir="0" index="0" bw="11" slack="1"/>
<pin id="4586" dir="1" index="1" bw="11" slack="1"/>
</pin_list>
<bind>
<opset="mul_ln89_1 "/>
</bind>
</comp>

<comp id="4590" class="1005" name="icmp_ln89_2_reg_4590">
<pin_list>
<pin id="4591" dir="0" index="0" bw="1" slack="1"/>
<pin id="4592" dir="1" index="1" bw="1" slack="2147483647"/>
</pin_list>
<bind>
<opset="icmp_ln89_2 "/>
</bind>
</comp>

<comp id="4594" class="1005" name="mul_ln89_2_reg_4594">
<pin_list>
<pin id="4595" dir="0" index="0" bw="11" slack="1"/>
<pin id="4596" dir="1" index="1" bw="11" slack="1"/>
</pin_list>
<bind>
<opset="mul_ln89_2 "/>
</bind>
</comp>

<comp id="4600" class="1005" name="icmp_ln89_3_reg_4600">
<pin_list>
<pin id="4601" dir="0" index="0" bw="1" slack="1"/>
<pin id="4602" dir="1" index="1" bw="1" slack="2147483647"/>
</pin_list>
<bind>
<opset="icmp_ln89_3 "/>
</bind>
</comp>

<comp id="4604" class="1005" name="mul_ln89_3_reg_4604">
<pin_list>
<pin id="4605" dir="0" index="0" bw="11" slack="1"/>
<pin id="4606" dir="1" index="1" bw="11" slack="1"/>
</pin_list>
<bind>
<opset="mul_ln89_3 "/>
</bind>
</comp>

<comp id="4610" class="1005" name="icmp_ln89_4_reg_4610">
<pin_list>
<pin id="4611" dir="0" index="0" bw="1" slack="1"/>
<pin id="4612" dir="1" index="1" bw="1" slack="2147483647"/>
</pin_list>
<bind>
<opset="icmp_ln89_4 "/>
</bind>
</comp>

<comp id="4614" class="1005" name="mul_ln89_4_reg_4614">
<pin_list>
<pin id="4615" dir="0" index="0" bw="11" slack="1"/>
<pin id="4616" dir="1" index="1" bw="11" slack="1"/>
</pin_list>
<bind>
<opset="mul_ln89_4 "/>
</bind>
</comp>

<comp id="4620" class="1005" name="mul_ln89_5_reg_4620">
<pin_list>
<pin id="4621" dir="0" index="0" bw="11" slack="1"/>
<pin id="4622" dir="1" index="1" bw="11" slack="1"/>
</pin_list>
<bind>
<opset="mul_ln89_5 "/>
</bind>
</comp>

<comp id="4626" class="1005" name="icmp_ln89_5_reg_4626">
<pin_list>
<pin id="4627" dir="0" index="0" bw="1" slack="1"/>
<pin id="4628" dir="1" index="1" bw="1" slack="2147483647"/>
</pin_list>
<bind>
<opset="icmp_ln89_5 "/>
</bind>
</comp>

<comp id="4630" class="1005" name="icmp_ln89_6_reg_4630">
<pin_list>
<pin id="4631" dir="0" index="0" bw="1" slack="1"/>
<pin id="4632" dir="1" index="1" bw="1" slack="2147483647"/>
</pin_list>
<bind>
<opset="icmp_ln89_6 "/>
</bind>
</comp>

<comp id="4634" class="1005" name="mul_ln89_6_reg_4634">
<pin_list>
<pin id="4635" dir="0" index="0" bw="11" slack="1"/>
<pin id="4636" dir="1" index="1" bw="11" slack="1"/>
</pin_list>
<bind>
<opset="mul_ln89_6 "/>
</bind>
</comp>

<comp id="4640" class="1005" name="icmp_ln89_7_reg_4640">
<pin_list>
<pin id="4641" dir="0" index="0" bw="1" slack="1"/>
<pin id="4642" dir="1" index="1" bw="1" slack="2147483647"/>
</pin_list>
<bind>
<opset="icmp_ln89_7 "/>
</bind>
</comp>

<comp id="4644" class="1005" name="mul_ln89_7_reg_4644">
<pin_list>
<pin id="4645" dir="0" index="0" bw="11" slack="1"/>
<pin id="4646" dir="1" index="1" bw="11" slack="1"/>
</pin_list>
<bind>
<opset="mul_ln89_7 "/>
</bind>
</comp>

<comp id="4650" class="1005" name="icmp_ln89_8_reg_4650">
<pin_list>
<pin id="4651" dir="0" index="0" bw="1" slack="1"/>
<pin id="4652" dir="1" index="1" bw="1" slack="2147483647"/>
</pin_list>
<bind>
<opset="icmp_ln89_8 "/>
</bind>
</comp>

<comp id="4654" class="1005" name="mul_ln89_8_reg_4654">
<pin_list>
<pin id="4655" dir="0" index="0" bw="11" slack="1"/>
<pin id="4656" dir="1" index="1" bw="11" slack="1"/>
</pin_list>
<bind>
<opset="mul_ln89_8 "/>
</bind>
</comp>

</comp_list>

<net_list>
<net id="185"><net_src comp="80" pin="0"/><net_sink comp="182" pin=0"/></net>

<net id="189"><net_src comp="80" pin="0"/><net_sink comp="186" pin=0"/></net>

<net id="194"><net_src comp="82" pin="0"/><net_sink comp="190" pin=0"/></net>

<net id="195"><net_src comp="44" pin="0"/><net_sink comp="190" pin=1"/></net>

<net id="200"><net_src comp="84" pin="0"/><net_sink comp="196" pin=0"/></net>

<net id="201"><net_src comp="42" pin="0"/><net_sink comp="196" pin=1"/></net>

<net id="206"><net_src comp="86" pin="0"/><net_sink comp="202" pin=0"/></net>

<net id="207"><net_src comp="40" pin="0"/><net_sink comp="202" pin=1"/></net>

<net id="212"><net_src comp="86" pin="0"/><net_sink comp="208" pin=0"/></net>

<net id="213"><net_src comp="38" pin="0"/><net_sink comp="208" pin=1"/></net>

<net id="218"><net_src comp="88" pin="0"/><net_sink comp="214" pin=0"/></net>

<net id="219"><net_src comp="36" pin="0"/><net_sink comp="214" pin=1"/></net>

<net id="224"><net_src comp="84" pin="0"/><net_sink comp="220" pin=0"/></net>

<net id="225"><net_src comp="34" pin="0"/><net_sink comp="220" pin=1"/></net>

<net id="230"><net_src comp="82" pin="0"/><net_sink comp="226" pin=0"/></net>

<net id="231"><net_src comp="32" pin="0"/><net_sink comp="226" pin=1"/></net>

<net id="236"><net_src comp="84" pin="0"/><net_sink comp="232" pin=0"/></net>

<net id="237"><net_src comp="30" pin="0"/><net_sink comp="232" pin=1"/></net>

<net id="242"><net_src comp="90" pin="0"/><net_sink comp="238" pin=0"/></net>

<net id="243"><net_src comp="28" pin="0"/><net_sink comp="238" pin=1"/></net>

<net id="248"><net_src comp="92" pin="0"/><net_sink comp="244" pin=0"/></net>

<net id="249"><net_src comp="10" pin="0"/><net_sink comp="244" pin=1"/></net>

<net id="254"><net_src comp="84" pin="0"/><net_sink comp="250" pin=0"/></net>

<net id="255"><net_src comp="8" pin="0"/><net_sink comp="250" pin=1"/></net>

<net id="260"><net_src comp="82" pin="0"/><net_sink comp="256" pin=0"/></net>

<net id="261"><net_src comp="6" pin="0"/><net_sink comp="256" pin=1"/></net>

<net id="266"><net_src comp="82" pin="0"/><net_sink comp="262" pin=0"/></net>

<net id="267"><net_src comp="4" pin="0"/><net_sink comp="262" pin=1"/></net>

<net id="272"><net_src comp="92" pin="0"/><net_sink comp="268" pin=0"/></net>

<net id="273"><net_src comp="2" pin="0"/><net_sink comp="268" pin=1"/></net>

<net id="278"><net_src comp="92" pin="0"/><net_sink comp="274" pin=0"/></net>

<net id="279"><net_src comp="0" pin="0"/><net_sink comp="274" pin=1"/></net>

<net id="285"><net_src comp="12" pin="0"/><net_sink comp="280" pin=0"/></net>

<net id="286"><net_src comp="146" pin="0"/><net_sink comp="280" pin=1"/></net>

<net id="292"><net_src comp="14" pin="0"/><net_sink comp="287" pin=0"/></net>

<net id="293"><net_src comp="146" pin="0"/><net_sink comp="287" pin=1"/></net>

<net id="299"><net_src comp="16" pin="0"/><net_sink comp="294" pin=0"/></net>

<net id="300"><net_src comp="146" pin="0"/><net_sink comp="294" pin=1"/></net>

<net id="306"><net_src comp="18" pin="0"/><net_sink comp="301" pin=0"/></net>

<net id="307"><net_src comp="146" pin="0"/><net_sink comp="301" pin=1"/></net>

<net id="313"><net_src comp="20" pin="0"/><net_sink comp="308" pin=0"/></net>

<net id="314"><net_src comp="146" pin="0"/><net_sink comp="308" pin=1"/></net>

<net id="320"><net_src comp="22" pin="0"/><net_sink comp="315" pin=0"/></net>

<net id="321"><net_src comp="146" pin="0"/><net_sink comp="315" pin=1"/></net>

<net id="327"><net_src comp="24" pin="0"/><net_sink comp="322" pin=0"/></net>

<net id="328"><net_src comp="146" pin="0"/><net_sink comp="322" pin=1"/></net>

<net id="334"><net_src comp="26" pin="0"/><net_sink comp="329" pin=0"/></net>

<net id="335"><net_src comp="146" pin="0"/><net_sink comp="329" pin=1"/></net>

<net id="345"><net_src comp="280" pin="3"/><net_sink comp="336" pin=2"/></net>

<net id="355"><net_src comp="287" pin="3"/><net_sink comp="346" pin=2"/></net>

<net id="365"><net_src comp="294" pin="3"/><net_sink comp="356" pin=2"/></net>

<net id="375"><net_src comp="301" pin="3"/><net_sink comp="366" pin=2"/></net>

<net id="385"><net_src comp="308" pin="3"/><net_sink comp="376" pin=2"/></net>

<net id="395"><net_src comp="315" pin="3"/><net_sink comp="386" pin=2"/></net>

<net id="405"><net_src comp="322" pin="3"/><net_sink comp="396" pin=2"/></net>

<net id="415"><net_src comp="329" pin="3"/><net_sink comp="406" pin=2"/></net>

<net id="421"><net_src comp="68" pin="0"/><net_sink comp="416" pin=0"/></net>

<net id="422"><net_src comp="146" pin="0"/><net_sink comp="416" pin=1"/></net>

<net id="428"><net_src comp="416" pin="3"/><net_sink comp="423" pin=0"/></net>

<net id="434"><net_src comp="12" pin="0"/><net_sink comp="429" pin=0"/></net>

<net id="435"><net_src comp="146" pin="0"/><net_sink comp="429" pin=1"/></net>

<net id="441"><net_src comp="14" pin="0"/><net_sink comp="436" pin=0"/></net>

<net id="442"><net_src comp="146" pin="0"/><net_sink comp="436" pin=1"/></net>

<net id="448"><net_src comp="16" pin="0"/><net_sink comp="443" pin=0"/></net>

<net id="449"><net_src comp="146" pin="0"/><net_sink comp="443" pin=1"/></net>

<net id="455"><net_src comp="18" pin="0"/><net_sink comp="450" pin=0"/></net>

<net id="456"><net_src comp="146" pin="0"/><net_sink comp="450" pin=1"/></net>

<net id="462"><net_src comp="20" pin="0"/><net_sink comp="457" pin=0"/></net>

<net id="463"><net_src comp="146" pin="0"/><net_sink comp="457" pin=1"/></net>

<net id="469"><net_src comp="22" pin="0"/><net_sink comp="464" pin=0"/></net>

<net id="470"><net_src comp="146" pin="0"/><net_sink comp="464" pin=1"/></net>

<net id="476"><net_src comp="24" pin="0"/><net_sink comp="471" pin=0"/></net>

<net id="477"><net_src comp="146" pin="0"/><net_sink comp="471" pin=1"/></net>

<net id="483"><net_src comp="26" pin="0"/><net_sink comp="478" pin=0"/></net>

<net id="484"><net_src comp="146" pin="0"/><net_sink comp="478" pin=1"/></net>

<net id="485"><net_src comp="429" pin="3"/><net_sink comp="336" pin=0"/></net>

<net id="486"><net_src comp="436" pin="3"/><net_sink comp="346" pin=0"/></net>

<net id="487"><net_src comp="443" pin="3"/><net_sink comp="356" pin=0"/></net>

<net id="488"><net_src comp="450" pin="3"/><net_sink comp="366" pin=0"/></net>

<net id="489"><net_src comp="457" pin="3"/><net_sink comp="376" pin=0"/></net>

<net id="490"><net_src comp="464" pin="3"/><net_sink comp="386" pin=0"/></net>

<net id="491"><net_src comp="471" pin="3"/><net_sink comp="396" pin=0"/></net>

<net id="492"><net_src comp="478" pin="3"/><net_sink comp="406" pin=0"/></net>

<net id="498"><net_src comp="70" pin="0"/><net_sink comp="493" pin=0"/></net>

<net id="499"><net_src comp="146" pin="0"/><net_sink comp="493" pin=1"/></net>

<net id="505"><net_src comp="493" pin="3"/><net_sink comp="500" pin=0"/></net>

<net id="511"><net_src comp="12" pin="0"/><net_sink comp="506" pin=0"/></net>

<net id="512"><net_src comp="146" pin="0"/><net_sink comp="506" pin=1"/></net>

<net id="518"><net_src comp="14" pin="0"/><net_sink comp="513" pin=0"/></net>

<net id="519"><net_src comp="146" pin="0"/><net_sink comp="513" pin=1"/></net>

<net id="525"><net_src comp="16" pin="0"/><net_sink comp="520" pin=0"/></net>

<net id="526"><net_src comp="146" pin="0"/><net_sink comp="520" pin=1"/></net>

<net id="532"><net_src comp="18" pin="0"/><net_sink comp="527" pin=0"/></net>

<net id="533"><net_src comp="146" pin="0"/><net_sink comp="527" pin=1"/></net>

<net id="539"><net_src comp="20" pin="0"/><net_sink comp="534" pin=0"/></net>

<net id="540"><net_src comp="146" pin="0"/><net_sink comp="534" pin=1"/></net>

<net id="546"><net_src comp="22" pin="0"/><net_sink comp="541" pin=0"/></net>

<net id="547"><net_src comp="146" pin="0"/><net_sink comp="541" pin=1"/></net>

<net id="553"><net_src comp="24" pin="0"/><net_sink comp="548" pin=0"/></net>

<net id="554"><net_src comp="146" pin="0"/><net_sink comp="548" pin=1"/></net>

<net id="560"><net_src comp="26" pin="0"/><net_sink comp="555" pin=0"/></net>

<net id="561"><net_src comp="146" pin="0"/><net_sink comp="555" pin=1"/></net>

<net id="562"><net_src comp="506" pin="3"/><net_sink comp="336" pin=0"/></net>

<net id="563"><net_src comp="513" pin="3"/><net_sink comp="346" pin=0"/></net>

<net id="564"><net_src comp="520" pin="3"/><net_sink comp="356" pin=0"/></net>

<net id="565"><net_src comp="527" pin="3"/><net_sink comp="366" pin=0"/></net>

<net id="566"><net_src comp="534" pin="3"/><net_sink comp="376" pin=0"/></net>

<net id="567"><net_src comp="541" pin="3"/><net_sink comp="386" pin=0"/></net>

<net id="568"><net_src comp="548" pin="3"/><net_sink comp="396" pin=0"/></net>

<net id="569"><net_src comp="555" pin="3"/><net_sink comp="406" pin=0"/></net>

<net id="575"><net_src comp="72" pin="0"/><net_sink comp="570" pin=0"/></net>

<net id="576"><net_src comp="146" pin="0"/><net_sink comp="570" pin=1"/></net>

<net id="582"><net_src comp="570" pin="3"/><net_sink comp="577" pin=0"/></net>

<net id="588"><net_src comp="12" pin="0"/><net_sink comp="583" pin=0"/></net>

<net id="589"><net_src comp="146" pin="0"/><net_sink comp="583" pin=1"/></net>

<net id="595"><net_src comp="14" pin="0"/><net_sink comp="590" pin=0"/></net>

<net id="596"><net_src comp="146" pin="0"/><net_sink comp="590" pin=1"/></net>

<net id="602"><net_src comp="16" pin="0"/><net_sink comp="597" pin=0"/></net>

<net id="603"><net_src comp="146" pin="0"/><net_sink comp="597" pin=1"/></net>

<net id="609"><net_src comp="18" pin="0"/><net_sink comp="604" pin=0"/></net>

<net id="610"><net_src comp="146" pin="0"/><net_sink comp="604" pin=1"/></net>

<net id="616"><net_src comp="20" pin="0"/><net_sink comp="611" pin=0"/></net>

<net id="617"><net_src comp="146" pin="0"/><net_sink comp="611" pin=1"/></net>

<net id="623"><net_src comp="22" pin="0"/><net_sink comp="618" pin=0"/></net>

<net id="624"><net_src comp="146" pin="0"/><net_sink comp="618" pin=1"/></net>

<net id="630"><net_src comp="24" pin="0"/><net_sink comp="625" pin=0"/></net>

<net id="631"><net_src comp="146" pin="0"/><net_sink comp="625" pin=1"/></net>

<net id="637"><net_src comp="26" pin="0"/><net_sink comp="632" pin=0"/></net>

<net id="638"><net_src comp="146" pin="0"/><net_sink comp="632" pin=1"/></net>

<net id="639"><net_src comp="583" pin="3"/><net_sink comp="336" pin=2"/></net>

<net id="640"><net_src comp="590" pin="3"/><net_sink comp="346" pin=2"/></net>

<net id="641"><net_src comp="597" pin="3"/><net_sink comp="356" pin=2"/></net>

<net id="642"><net_src comp="604" pin="3"/><net_sink comp="366" pin=2"/></net>

<net id="643"><net_src comp="611" pin="3"/><net_sink comp="376" pin=2"/></net>

<net id="644"><net_src comp="618" pin="3"/><net_sink comp="386" pin=2"/></net>

<net id="645"><net_src comp="625" pin="3"/><net_sink comp="396" pin=2"/></net>

<net id="646"><net_src comp="632" pin="3"/><net_sink comp="406" pin=2"/></net>

<net id="652"><net_src comp="66" pin="0"/><net_sink comp="647" pin=0"/></net>

<net id="653"><net_src comp="146" pin="0"/><net_sink comp="647" pin=1"/></net>

<net id="659"><net_src comp="647" pin="3"/><net_sink comp="654" pin=0"/></net>

<net id="665"><net_src comp="12" pin="0"/><net_sink comp="660" pin=0"/></net>

<net id="666"><net_src comp="146" pin="0"/><net_sink comp="660" pin=1"/></net>

<net id="672"><net_src comp="14" pin="0"/><net_sink comp="667" pin=0"/></net>

<net id="673"><net_src comp="146" pin="0"/><net_sink comp="667" pin=1"/></net>

<net id="679"><net_src comp="16" pin="0"/><net_sink comp="674" pin=0"/></net>

<net id="680"><net_src comp="146" pin="0"/><net_sink comp="674" pin=1"/></net>

<net id="686"><net_src comp="18" pin="0"/><net_sink comp="681" pin=0"/></net>

<net id="687"><net_src comp="146" pin="0"/><net_sink comp="681" pin=1"/></net>

<net id="693"><net_src comp="20" pin="0"/><net_sink comp="688" pin=0"/></net>

<net id="694"><net_src comp="146" pin="0"/><net_sink comp="688" pin=1"/></net>

<net id="700"><net_src comp="22" pin="0"/><net_sink comp="695" pin=0"/></net>

<net id="701"><net_src comp="146" pin="0"/><net_sink comp="695" pin=1"/></net>

<net id="707"><net_src comp="24" pin="0"/><net_sink comp="702" pin=0"/></net>

<net id="708"><net_src comp="146" pin="0"/><net_sink comp="702" pin=1"/></net>

<net id="714"><net_src comp="26" pin="0"/><net_sink comp="709" pin=0"/></net>

<net id="715"><net_src comp="146" pin="0"/><net_sink comp="709" pin=1"/></net>

<net id="716"><net_src comp="660" pin="3"/><net_sink comp="336" pin=0"/></net>

<net id="717"><net_src comp="667" pin="3"/><net_sink comp="346" pin=0"/></net>

<net id="718"><net_src comp="674" pin="3"/><net_sink comp="356" pin=0"/></net>

<net id="719"><net_src comp="681" pin="3"/><net_sink comp="366" pin=0"/></net>

<net id="720"><net_src comp="688" pin="3"/><net_sink comp="376" pin=0"/></net>

<net id="721"><net_src comp="695" pin="3"/><net_sink comp="386" pin=0"/></net>

<net id="722"><net_src comp="702" pin="3"/><net_sink comp="396" pin=0"/></net>

<net id="723"><net_src comp="709" pin="3"/><net_sink comp="406" pin=0"/></net>

<net id="729"><net_src comp="64" pin="0"/><net_sink comp="724" pin=0"/></net>

<net id="730"><net_src comp="146" pin="0"/><net_sink comp="724" pin=1"/></net>

<net id="736"><net_src comp="724" pin="3"/><net_sink comp="731" pin=0"/></net>

<net id="742"><net_src comp="12" pin="0"/><net_sink comp="737" pin=0"/></net>

<net id="743"><net_src comp="146" pin="0"/><net_sink comp="737" pin=1"/></net>

<net id="749"><net_src comp="14" pin="0"/><net_sink comp="744" pin=0"/></net>

<net id="750"><net_src comp="146" pin="0"/><net_sink comp="744" pin=1"/></net>

<net id="756"><net_src comp="16" pin="0"/><net_sink comp="751" pin=0"/></net>

<net id="757"><net_src comp="146" pin="0"/><net_sink comp="751" pin=1"/></net>

<net id="763"><net_src comp="18" pin="0"/><net_sink comp="758" pin=0"/></net>

<net id="764"><net_src comp="146" pin="0"/><net_sink comp="758" pin=1"/></net>

<net id="770"><net_src comp="20" pin="0"/><net_sink comp="765" pin=0"/></net>

<net id="771"><net_src comp="146" pin="0"/><net_sink comp="765" pin=1"/></net>

<net id="777"><net_src comp="22" pin="0"/><net_sink comp="772" pin=0"/></net>

<net id="778"><net_src comp="146" pin="0"/><net_sink comp="772" pin=1"/></net>

<net id="784"><net_src comp="24" pin="0"/><net_sink comp="779" pin=0"/></net>

<net id="785"><net_src comp="146" pin="0"/><net_sink comp="779" pin=1"/></net>

<net id="791"><net_src comp="26" pin="0"/><net_sink comp="786" pin=0"/></net>

<net id="792"><net_src comp="146" pin="0"/><net_sink comp="786" pin=1"/></net>

<net id="793"><net_src comp="737" pin="3"/><net_sink comp="336" pin=0"/></net>

<net id="794"><net_src comp="744" pin="3"/><net_sink comp="346" pin=0"/></net>

<net id="795"><net_src comp="751" pin="3"/><net_sink comp="356" pin=0"/></net>

<net id="796"><net_src comp="758" pin="3"/><net_sink comp="366" pin=0"/></net>

<net id="797"><net_src comp="765" pin="3"/><net_sink comp="376" pin=0"/></net>

<net id="798"><net_src comp="772" pin="3"/><net_sink comp="386" pin=0"/></net>

<net id="799"><net_src comp="779" pin="3"/><net_sink comp="396" pin=0"/></net>

<net id="800"><net_src comp="786" pin="3"/><net_sink comp="406" pin=0"/></net>

<net id="806"><net_src comp="74" pin="0"/><net_sink comp="801" pin=0"/></net>

<net id="807"><net_src comp="146" pin="0"/><net_sink comp="801" pin=1"/></net>

<net id="813"><net_src comp="801" pin="3"/><net_sink comp="808" pin=0"/></net>

<net id="819"><net_src comp="12" pin="0"/><net_sink comp="814" pin=0"/></net>

<net id="820"><net_src comp="146" pin="0"/><net_sink comp="814" pin=1"/></net>

<net id="826"><net_src comp="14" pin="0"/><net_sink comp="821" pin=0"/></net>

<net id="827"><net_src comp="146" pin="0"/><net_sink comp="821" pin=1"/></net>

<net id="833"><net_src comp="16" pin="0"/><net_sink comp="828" pin=0"/></net>

<net id="834"><net_src comp="146" pin="0"/><net_sink comp="828" pin=1"/></net>

<net id="840"><net_src comp="18" pin="0"/><net_sink comp="835" pin=0"/></net>

<net id="841"><net_src comp="146" pin="0"/><net_sink comp="835" pin=1"/></net>

<net id="847"><net_src comp="20" pin="0"/><net_sink comp="842" pin=0"/></net>

<net id="848"><net_src comp="146" pin="0"/><net_sink comp="842" pin=1"/></net>

<net id="854"><net_src comp="22" pin="0"/><net_sink comp="849" pin=0"/></net>

<net id="855"><net_src comp="146" pin="0"/><net_sink comp="849" pin=1"/></net>

<net id="861"><net_src comp="24" pin="0"/><net_sink comp="856" pin=0"/></net>

<net id="862"><net_src comp="146" pin="0"/><net_sink comp="856" pin=1"/></net>

<net id="868"><net_src comp="26" pin="0"/><net_sink comp="863" pin=0"/></net>

<net id="869"><net_src comp="146" pin="0"/><net_sink comp="863" pin=1"/></net>

<net id="870"><net_src comp="814" pin="3"/><net_sink comp="336" pin=0"/></net>

<net id="871"><net_src comp="821" pin="3"/><net_sink comp="346" pin=0"/></net>

<net id="872"><net_src comp="828" pin="3"/><net_sink comp="356" pin=0"/></net>

<net id="873"><net_src comp="835" pin="3"/><net_sink comp="366" pin=0"/></net>

<net id="874"><net_src comp="842" pin="3"/><net_sink comp="376" pin=0"/></net>

<net id="875"><net_src comp="849" pin="3"/><net_sink comp="386" pin=0"/></net>

<net id="876"><net_src comp="856" pin="3"/><net_sink comp="396" pin=0"/></net>

<net id="877"><net_src comp="863" pin="3"/><net_sink comp="406" pin=0"/></net>

<net id="883"><net_src comp="48" pin="0"/><net_sink comp="878" pin=0"/></net>

<net id="884"><net_src comp="146" pin="0"/><net_sink comp="878" pin=1"/></net>

<net id="890"><net_src comp="878" pin="3"/><net_sink comp="885" pin=0"/></net>

<net id="896"><net_src comp="12" pin="0"/><net_sink comp="891" pin=0"/></net>

<net id="897"><net_src comp="146" pin="0"/><net_sink comp="891" pin=1"/></net>

<net id="903"><net_src comp="14" pin="0"/><net_sink comp="898" pin=0"/></net>

<net id="904"><net_src comp="146" pin="0"/><net_sink comp="898" pin=1"/></net>

<net id="910"><net_src comp="16" pin="0"/><net_sink comp="905" pin=0"/></net>

<net id="911"><net_src comp="146" pin="0"/><net_sink comp="905" pin=1"/></net>

<net id="917"><net_src comp="18" pin="0"/><net_sink comp="912" pin=0"/></net>

<net id="918"><net_src comp="146" pin="0"/><net_sink comp="912" pin=1"/></net>

<net id="924"><net_src comp="20" pin="0"/><net_sink comp="919" pin=0"/></net>

<net id="925"><net_src comp="146" pin="0"/><net_sink comp="919" pin=1"/></net>

<net id="931"><net_src comp="22" pin="0"/><net_sink comp="926" pin=0"/></net>

<net id="932"><net_src comp="146" pin="0"/><net_sink comp="926" pin=1"/></net>

<net id="938"><net_src comp="24" pin="0"/><net_sink comp="933" pin=0"/></net>

<net id="939"><net_src comp="146" pin="0"/><net_sink comp="933" pin=1"/></net>

<net id="945"><net_src comp="26" pin="0"/><net_sink comp="940" pin=0"/></net>

<net id="946"><net_src comp="146" pin="0"/><net_sink comp="940" pin=1"/></net>

<net id="947"><net_src comp="891" pin="3"/><net_sink comp="336" pin=0"/></net>

<net id="948"><net_src comp="898" pin="3"/><net_sink comp="346" pin=0"/></net>

<net id="949"><net_src comp="905" pin="3"/><net_sink comp="356" pin=0"/></net>

<net id="950"><net_src comp="912" pin="3"/><net_sink comp="366" pin=0"/></net>

<net id="951"><net_src comp="919" pin="3"/><net_sink comp="376" pin=0"/></net>

<net id="952"><net_src comp="926" pin="3"/><net_sink comp="386" pin=0"/></net>

<net id="953"><net_src comp="933" pin="3"/><net_sink comp="396" pin=0"/></net>

<net id="954"><net_src comp="940" pin="3"/><net_sink comp="406" pin=0"/></net>

<net id="960"><net_src comp="76" pin="0"/><net_sink comp="955" pin=0"/></net>

<net id="961"><net_src comp="146" pin="0"/><net_sink comp="955" pin=1"/></net>

<net id="967"><net_src comp="955" pin="3"/><net_sink comp="962" pin=0"/></net>

<net id="973"><net_src comp="12" pin="0"/><net_sink comp="968" pin=0"/></net>

<net id="974"><net_src comp="146" pin="0"/><net_sink comp="968" pin=1"/></net>

<net id="980"><net_src comp="14" pin="0"/><net_sink comp="975" pin=0"/></net>

<net id="981"><net_src comp="146" pin="0"/><net_sink comp="975" pin=1"/></net>

<net id="987"><net_src comp="16" pin="0"/><net_sink comp="982" pin=0"/></net>

<net id="988"><net_src comp="146" pin="0"/><net_sink comp="982" pin=1"/></net>

<net id="994"><net_src comp="18" pin="0"/><net_sink comp="989" pin=0"/></net>

<net id="995"><net_src comp="146" pin="0"/><net_sink comp="989" pin=1"/></net>

<net id="1001"><net_src comp="20" pin="0"/><net_sink comp="996" pin=0"/></net>

<net id="1002"><net_src comp="146" pin="0"/><net_sink comp="996" pin=1"/></net>

<net id="1008"><net_src comp="22" pin="0"/><net_sink comp="1003" pin=0"/></net>

<net id="1009"><net_src comp="146" pin="0"/><net_sink comp="1003" pin=1"/></net>

<net id="1015"><net_src comp="24" pin="0"/><net_sink comp="1010" pin=0"/></net>

<net id="1016"><net_src comp="146" pin="0"/><net_sink comp="1010" pin=1"/></net>

<net id="1022"><net_src comp="26" pin="0"/><net_sink comp="1017" pin=0"/></net>

<net id="1023"><net_src comp="146" pin="0"/><net_sink comp="1017" pin=1"/></net>

<net id="1024"><net_src comp="968" pin="3"/><net_sink comp="336" pin=0"/></net>

<net id="1025"><net_src comp="975" pin="3"/><net_sink comp="346" pin=0"/></net>

<net id="1026"><net_src comp="982" pin="3"/><net_sink comp="356" pin=0"/></net>

<net id="1027"><net_src comp="989" pin="3"/><net_sink comp="366" pin=0"/></net>

<net id="1028"><net_src comp="996" pin="3"/><net_sink comp="376" pin=0"/></net>

<net id="1029"><net_src comp="1003" pin="3"/><net_sink comp="386" pin=0"/></net>

<net id="1030"><net_src comp="1010" pin="3"/><net_sink comp="396" pin=0"/></net>

<net id="1031"><net_src comp="1017" pin="3"/><net_sink comp="406" pin=0"/></net>

<net id="1037"><net_src comp="78" pin="0"/><net_sink comp="1032" pin=0"/></net>

<net id="1038"><net_src comp="146" pin="0"/><net_sink comp="1032" pin=1"/></net>

<net id="1044"><net_src comp="1032" pin="3"/><net_sink comp="1039" pin=0"/></net>

<net id="1048"><net_src comp="190" pin="2"/><net_sink comp="1045" pin=0"/></net>

<net id="1052"><net_src comp="226" pin="2"/><net_sink comp="1049" pin=0"/></net>

<net id="1056"><net_src comp="238" pin="2"/><net_sink comp="1053" pin=0"/></net>

<net id="1060"><net_src comp="244" pin="2"/><net_sink comp="1057" pin=0"/></net>

<net id="1065"><net_src comp="274" pin="2"/><net_sink comp="1061" pin=0"/></net>

<net id="1066"><net_src comp="104" pin="0"/><net_sink comp="1061" pin=1"/></net>

<net id="1071"><net_src comp="268" pin="2"/><net_sink comp="1067" pin=0"/></net>

<net id="1072"><net_src comp="104" pin="0"/><net_sink comp="1067" pin=1"/></net>

<net id="1077"><net_src comp="262" pin="2"/><net_sink comp="1073" pin=0"/></net>

<net id="1078"><net_src comp="106" pin="0"/><net_sink comp="1073" pin=1"/></net>

<net id="1083"><net_src comp="256" pin="2"/><net_sink comp="1079" pin=0"/></net>

<net id="1084"><net_src comp="106" pin="0"/><net_sink comp="1079" pin=1"/></net>

<net id="1089"><net_src comp="108" pin="0"/><net_sink comp="1085" pin=0"/></net>

<net id="1094"><net_src comp="110" pin="0"/><net_sink comp="1090" pin=0"/></net>

<net id="1102"><net_src comp="1095" pin="1"/><net_sink comp="1098" pin=0"/></net>

<net id="1103"><net_src comp="112" pin="0"/><net_sink comp="1098" pin=1"/></net>

<net id="1108"><net_src comp="1095" pin="1"/><net_sink comp="1104" pin=0"/></net>

<net id="1109"><net_src comp="114" pin="0"/><net_sink comp="1104" pin=1"/></net>

<net id="1113"><net_src comp="1095" pin="1"/><net_sink comp="1110" pin=0"/></net>

<net id="1119"><net_src comp="116" pin="0"/><net_sink comp="1114" pin=0"/></net>

<net id="1120"><net_src comp="1110" pin="1"/><net_sink comp="1114" pin=1"/></net>

<net id="1121"><net_src comp="118" pin="0"/><net_sink comp="1114" pin=2"/></net>

<net id="1126"><net_src comp="208" pin="2"/><net_sink comp="1122" pin=0"/></net>

<net id="1127"><net_src comp="1114" pin="3"/><net_sink comp="1122" pin=1"/></net>

<net id="1132"><net_src comp="1122" pin="2"/><net_sink comp="1128" pin=0"/></net>

<net id="1133"><net_src comp="202" pin="2"/><net_sink comp="1128" pin=1"/></net>

<net id="1138"><net_src comp="1104" pin="2"/><net_sink comp="1134" pin=0"/></net>

<net id="1152"><net_src comp="1139" pin="1"/><net_sink comp="1148" pin=0"/></net>

<net id="1153"><net_src comp="136" pin="0"/><net_sink comp="1148" pin=1"/></net>

<net id="1158"><net_src comp="1142" pin="1"/><net_sink comp="1154" pin=0"/></net>

<net id="1162"><net_src comp="1154" pin="2"/><net_sink comp="1159" pin=0"/></net>

<net id="1163"><net_src comp="1159" pin="1"/><net_sink comp="416" pin=2"/></net>

<net id="1164"><net_src comp="1159" pin="1"/><net_sink comp="493" pin=2"/></net>

<net id="1165"><net_src comp="1159" pin="1"/><net_sink comp="570" pin=2"/></net>

<net id="1166"><net_src comp="1159" pin="1"/><net_sink comp="647" pin=2"/></net>

<net id="1167"><net_src comp="1159" pin="1"/><net_sink comp="724" pin=2"/></net>

<net id="1168"><net_src comp="1159" pin="1"/><net_sink comp="801" pin=2"/></net>

<net id="1169"><net_src comp="1159" pin="1"/><net_sink comp="878" pin=2"/></net>

<net id="1170"><net_src comp="1159" pin="1"/><net_sink comp="955" pin=2"/></net>

<net id="1171"><net_src comp="1159" pin="1"/><net_sink comp="1032" pin=2"/></net>

<net id="1176"><net_src comp="1139" pin="1"/><net_sink comp="1172" pin=0"/></net>

<net id="1177"><net_src comp="138" pin="0"/><net_sink comp="1172" pin=1"/></net>

<net id="1182"><net_src comp="1172" pin="2"/><net_sink comp="1178" pin=0"/></net>

<net id="1187"><net_src comp="1178" pin="2"/><net_sink comp="1183" pin=0"/></net>

<net id="1194"><net_src comp="140" pin="0"/><net_sink comp="1188" pin=0"/></net>

<net id="1195"><net_src comp="1183" pin="2"/><net_sink comp="1188" pin=1"/></net>

<net id="1196"><net_src comp="142" pin="0"/><net_sink comp="1188" pin=2"/></net>

<net id="1197"><net_src comp="144" pin="0"/><net_sink comp="1188" pin=3"/></net>

<net id="1201"><net_src comp="1188" pin="4"/><net_sink comp="1198" pin=0"/></net>

<net id="1202"><net_src comp="1198" pin="1"/><net_sink comp="280" pin=2"/></net>

<net id="1203"><net_src comp="1198" pin="1"/><net_sink comp="287" pin=2"/></net>

<net id="1204"><net_src comp="1198" pin="1"/><net_sink comp="294" pin=2"/></net>

<net id="1205"><net_src comp="1198" pin="1"/><net_sink comp="301" pin=2"/></net>

<net id="1206"><net_src comp="1198" pin="1"/><net_sink comp="308" pin=2"/></net>

<net id="1207"><net_src comp="1198" pin="1"/><net_sink comp="315" pin=2"/></net>

<net id="1208"><net_src comp="1198" pin="1"/><net_sink comp="322" pin=2"/></net>

<net id="1209"><net_src comp="1198" pin="1"/><net_sink comp="329" pin=2"/></net>

<net id="1214"><net_src comp="1178" pin="2"/><net_sink comp="1210" pin=0"/></net>

<net id="1221"><net_src comp="140" pin="0"/><net_sink comp="1215" pin=0"/></net>

<net id="1222"><net_src comp="1210" pin="2"/><net_sink comp="1215" pin=1"/></net>

<net id="1223"><net_src comp="142" pin="0"/><net_sink comp="1215" pin=2"/></net>

<net id="1224"><net_src comp="144" pin="0"/><net_sink comp="1215" pin=3"/></net>

<net id="1228"><net_src comp="1215" pin="4"/><net_sink comp="1225" pin=0"/></net>

<net id="1229"><net_src comp="1225" pin="1"/><net_sink comp="429" pin=2"/></net>

<net id="1230"><net_src comp="1225" pin="1"/><net_sink comp="436" pin=2"/></net>

<net id="1231"><net_src comp="1225" pin="1"/><net_sink comp="443" pin=2"/></net>

<net id="1232"><net_src comp="1225" pin="1"/><net_sink comp="450" pin=2"/></net>

<net id="1233"><net_src comp="1225" pin="1"/><net_sink comp="457" pin=2"/></net>

<net id="1234"><net_src comp="1225" pin="1"/><net_sink comp="464" pin=2"/></net>

<net id="1235"><net_src comp="1225" pin="1"/><net_sink comp="471" pin=2"/></net>

<net id="1236"><net_src comp="1225" pin="1"/><net_sink comp="478" pin=2"/></net>

<net id="1241"><net_src comp="1178" pin="2"/><net_sink comp="1237" pin=0"/></net>

<net id="1248"><net_src comp="140" pin="0"/><net_sink comp="1242" pin=0"/></net>

<net id="1249"><net_src comp="1237" pin="2"/><net_sink comp="1242" pin=1"/></net>

<net id="1250"><net_src comp="142" pin="0"/><net_sink comp="1242" pin=2"/></net>

<net id="1251"><net_src comp="144" pin="0"/><net_sink comp="1242" pin=3"/></net>

<net id="1255"><net_src comp="1242" pin="4"/><net_sink comp="1252" pin=0"/></net>

<net id="1256"><net_src comp="1252" pin="1"/><net_sink comp="506" pin=2"/></net>

<net id="1257"><net_src comp="1252" pin="1"/><net_sink comp="513" pin=2"/></net>

<net id="1258"><net_src comp="1252" pin="1"/><net_sink comp="520" pin=2"/></net>

<net id="1259"><net_src comp="1252" pin="1"/><net_sink comp="527" pin=2"/></net>

<net id="1260"><net_src comp="1252" pin="1"/><net_sink comp="534" pin=2"/></net>

<net id="1261"><net_src comp="1252" pin="1"/><net_sink comp="541" pin=2"/></net>

<net id="1262"><net_src comp="1252" pin="1"/><net_sink comp="548" pin=2"/></net>

<net id="1263"><net_src comp="1252" pin="1"/><net_sink comp="555" pin=2"/></net>

<net id="1268"><net_src comp="1139" pin="1"/><net_sink comp="1264" pin=0"/></net>

<net id="1273"><net_src comp="1264" pin="2"/><net_sink comp="1269" pin=0"/></net>

<net id="1280"><net_src comp="140" pin="0"/><net_sink comp="1274" pin=0"/></net>

<net id="1281"><net_src comp="1269" pin="2"/><net_sink comp="1274" pin=1"/></net>

<net id="1282"><net_src comp="142" pin="0"/><net_sink comp="1274" pin=2"/></net>

<net id="1283"><net_src comp="144" pin="0"/><net_sink comp="1274" pin=3"/></net>

<net id="1287"><net_src comp="1274" pin="4"/><net_sink comp="1284" pin=0"/></net>

<net id="1288"><net_src comp="1284" pin="1"/><net_sink comp="583" pin=2"/></net>

<net id="1289"><net_src comp="1284" pin="1"/><net_sink comp="590" pin=2"/></net>

<net id="1290"><net_src comp="1284" pin="1"/><net_sink comp="597" pin=2"/></net>

<net id="1291"><net_src comp="1284" pin="1"/><net_sink comp="604" pin=2"/></net>

<net id="1292"><net_src comp="1284" pin="1"/><net_sink comp="611" pin=2"/></net>

<net id="1293"><net_src comp="1284" pin="1"/><net_sink comp="618" pin=2"/></net>

<net id="1294"><net_src comp="1284" pin="1"/><net_sink comp="625" pin=2"/></net>

<net id="1295"><net_src comp="1284" pin="1"/><net_sink comp="632" pin=2"/></net>

<net id="1300"><net_src comp="1264" pin="2"/><net_sink comp="1296" pin=0"/></net>

<net id="1307"><net_src comp="140" pin="0"/><net_sink comp="1301" pin=0"/></net>

<net id="1308"><net_src comp="1296" pin="2"/><net_sink comp="1301" pin=1"/></net>

<net id="1309"><net_src comp="142" pin="0"/><net_sink comp="1301" pin=2"/></net>

<net id="1310"><net_src comp="144" pin="0"/><net_sink comp="1301" pin=3"/></net>

<net id="1314"><net_src comp="1301" pin="4"/><net_sink comp="1311" pin=0"/></net>

<net id="1315"><net_src comp="1311" pin="1"/><net_sink comp="660" pin=2"/></net>

<net id="1316"><net_src comp="1311" pin="1"/><net_sink comp="667" pin=2"/></net>

<net id="1317"><net_src comp="1311" pin="1"/><net_sink comp="674" pin=2"/></net>

<net id="1318"><net_src comp="1311" pin="1"/><net_sink comp="681" pin=2"/></net>

<net id="1319"><net_src comp="1311" pin="1"/><net_sink comp="688" pin=2"/></net>

<net id="1320"><net_src comp="1311" pin="1"/><net_sink comp="695" pin=2"/></net>

<net id="1321"><net_src comp="1311" pin="1"/><net_sink comp="702" pin=2"/></net>

<net id="1322"><net_src comp="1311" pin="1"/><net_sink comp="709" pin=2"/></net>

<net id="1333"><net_src comp="1145" pin="1"/><net_sink comp="1323" pin=0"/></net>

<net id="1334"><net_src comp="148" pin="0"/><net_sink comp="1323" pin=1"/></net>

<net id="1335"><net_src comp="150" pin="0"/><net_sink comp="1323" pin=2"/></net>

<net id="1336"><net_src comp="152" pin="0"/><net_sink comp="1323" pin=3"/></net>

<net id="1337"><net_src comp="154" pin="0"/><net_sink comp="1323" pin=4"/></net>

<net id="1338"><net_src comp="156" pin="0"/><net_sink comp="1323" pin=5"/></net>

<net id="1339"><net_src comp="158" pin="0"/><net_sink comp="1323" pin=6"/></net>

<net id="1340"><net_src comp="160" pin="0"/><net_sink comp="1323" pin=7"/></net>

<net id="1345"><net_src comp="1264" pin="2"/><net_sink comp="1341" pin=0"/></net>

<net id="1352"><net_src comp="140" pin="0"/><net_sink comp="1346" pin=0"/></net>

<net id="1353"><net_src comp="1341" pin="2"/><net_sink comp="1346" pin=1"/></net>

<net id="1354"><net_src comp="142" pin="0"/><net_sink comp="1346" pin=2"/></net>

<net id="1355"><net_src comp="144" pin="0"/><net_sink comp="1346" pin=3"/></net>

<net id="1359"><net_src comp="1346" pin="4"/><net_sink comp="1356" pin=0"/></net>

<net id="1360"><net_src comp="1356" pin="1"/><net_sink comp="737" pin=2"/></net>

<net id="1361"><net_src comp="1356" pin="1"/><net_sink comp="744" pin=2"/></net>

<net id="1362"><net_src comp="1356" pin="1"/><net_sink comp="751" pin=2"/></net>

<net id="1363"><net_src comp="1356" pin="1"/><net_sink comp="758" pin=2"/></net>

<net id="1364"><net_src comp="1356" pin="1"/><net_sink comp="765" pin=2"/></net>

<net id="1365"><net_src comp="1356" pin="1"/><net_sink comp="772" pin=2"/></net>

<net id="1366"><net_src comp="1356" pin="1"/><net_sink comp="779" pin=2"/></net>

<net id="1367"><net_src comp="1356" pin="1"/><net_sink comp="786" pin=2"/></net>

<net id="1372"><net_src comp="1139" pin="1"/><net_sink comp="1368" pin=0"/></net>

<net id="1373"><net_src comp="162" pin="0"/><net_sink comp="1368" pin=1"/></net>

<net id="1378"><net_src comp="1368" pin="2"/><net_sink comp="1374" pin=0"/></net>

<net id="1383"><net_src comp="1374" pin="2"/><net_sink comp="1379" pin=0"/></net>

<net id="1390"><net_src comp="140" pin="0"/><net_sink comp="1384" pin=0"/></net>

<net id="1391"><net_src comp="1379" pin="2"/><net_sink comp="1384" pin=1"/></net>

<net id="1392"><net_src comp="142" pin="0"/><net_sink comp="1384" pin=2"/></net>

<net id="1393"><net_src comp="144" pin="0"/><net_sink comp="1384" pin=3"/></net>

<net id="1397"><net_src comp="1384" pin="4"/><net_sink comp="1394" pin=0"/></net>

<net id="1398"><net_src comp="1394" pin="1"/><net_sink comp="814" pin=2"/></net>

<net id="1399"><net_src comp="1394" pin="1"/><net_sink comp="821" pin=2"/></net>

<net id="1400"><net_src comp="1394" pin="1"/><net_sink comp="828" pin=2"/></net>

<net id="1401"><net_src comp="1394" pin="1"/><net_sink comp="835" pin=2"/></net>

<net id="1402"><net_src comp="1394" pin="1"/><net_sink comp="842" pin=2"/></net>

<net id="1403"><net_src comp="1394" pin="1"/><net_sink comp="849" pin=2"/></net>

<net id="1404"><net_src comp="1394" pin="1"/><net_sink comp="856" pin=2"/></net>

<net id="1405"><net_src comp="1394" pin="1"/><net_sink comp="863" pin=2"/></net>

<net id="1410"><net_src comp="1374" pin="2"/><net_sink comp="1406" pin=0"/></net>

<net id="1417"><net_src comp="140" pin="0"/><net_sink comp="1411" pin=0"/></net>

<net id="1418"><net_src comp="1406" pin="2"/><net_sink comp="1411" pin=1"/></net>

<net id="1419"><net_src comp="142" pin="0"/><net_sink comp="1411" pin=2"/></net>

<net id="1420"><net_src comp="144" pin="0"/><net_sink comp="1411" pin=3"/></net>

<net id="1424"><net_src comp="1411" pin="4"/><net_sink comp="1421" pin=0"/></net>

<net id="1425"><net_src comp="1421" pin="1"/><net_sink comp="891" pin=2"/></net>

<net id="1426"><net_src comp="1421" pin="1"/><net_sink comp="898" pin=2"/></net>

<net id="1427"><net_src comp="1421" pin="1"/><net_sink comp="905" pin=2"/></net>

<net id="1428"><net_src comp="1421" pin="1"/><net_sink comp="912" pin=2"/></net>

<net id="1429"><net_src comp="1421" pin="1"/><net_sink comp="919" pin=2"/></net>

<net id="1430"><net_src comp="1421" pin="1"/><net_sink comp="926" pin=2"/></net>

<net id="1431"><net_src comp="1421" pin="1"/><net_sink comp="933" pin=2"/></net>

<net id="1432"><net_src comp="1421" pin="1"/><net_sink comp="940" pin=2"/></net>

<net id="1437"><net_src comp="1374" pin="2"/><net_sink comp="1433" pin=0"/></net>

<net id="1444"><net_src comp="140" pin="0"/><net_sink comp="1438" pin=0"/></net>

<net id="1445"><net_src comp="1433" pin="2"/><net_sink comp="1438" pin=1"/></net>

<net id="1446"><net_src comp="142" pin="0"/><net_sink comp="1438" pin=2"/></net>

<net id="1447"><net_src comp="144" pin="0"/><net_sink comp="1438" pin=3"/></net>

<net id="1451"><net_src comp="1438" pin="4"/><net_sink comp="1448" pin=0"/></net>

<net id="1452"><net_src comp="1448" pin="1"/><net_sink comp="968" pin=2"/></net>

<net id="1453"><net_src comp="1448" pin="1"/><net_sink comp="975" pin=2"/></net>

<net id="1454"><net_src comp="1448" pin="1"/><net_sink comp="982" pin=2"/></net>

<net id="1455"><net_src comp="1448" pin="1"/><net_sink comp="989" pin=2"/></net>

<net id="1456"><net_src comp="1448" pin="1"/><net_sink comp="996" pin=2"/></net>

<net id="1457"><net_src comp="1448" pin="1"/><net_sink comp="1003" pin=2"/></net>

<net id="1458"><net_src comp="1448" pin="1"/><net_sink comp="1010" pin=2"/></net>

<net id="1459"><net_src comp="1448" pin="1"/><net_sink comp="1017" pin=2"/></net>

<net id="1464"><net_src comp="1148" pin="2"/><net_sink comp="1460" pin=0"/></net>

<net id="1486"><net_src comp="164" pin="0"/><net_sink comp="1465" pin=0"/></net>

<net id="1487"><net_src comp="166" pin="0"/><net_sink comp="1465" pin=1"/></net>

<net id="1488"><net_src comp="336" pin="7"/><net_sink comp="1465" pin=2"/></net>

<net id="1489"><net_src comp="148" pin="0"/><net_sink comp="1465" pin=3"/></net>

<net id="1490"><net_src comp="346" pin="7"/><net_sink comp="1465" pin=4"/></net>

<net id="1491"><net_src comp="150" pin="0"/><net_sink comp="1465" pin=5"/></net>

<net id="1492"><net_src comp="356" pin="7"/><net_sink comp="1465" pin=6"/></net>

<net id="1493"><net_src comp="152" pin="0"/><net_sink comp="1465" pin=7"/></net>

<net id="1494"><net_src comp="366" pin="7"/><net_sink comp="1465" pin=8"/></net>

<net id="1495"><net_src comp="154" pin="0"/><net_sink comp="1465" pin=9"/></net>

<net id="1496"><net_src comp="376" pin="7"/><net_sink comp="1465" pin=10"/></net>

<net id="1497"><net_src comp="156" pin="0"/><net_sink comp="1465" pin=11"/></net>

<net id="1498"><net_src comp="386" pin="7"/><net_sink comp="1465" pin=12"/></net>

<net id="1499"><net_src comp="158" pin="0"/><net_sink comp="1465" pin=13"/></net>

<net id="1500"><net_src comp="396" pin="7"/><net_sink comp="1465" pin=14"/></net>

<net id="1501"><net_src comp="160" pin="0"/><net_sink comp="1465" pin=15"/></net>

<net id="1502"><net_src comp="406" pin="7"/><net_sink comp="1465" pin=16"/></net>

<net id="1503"><net_src comp="168" pin="0"/><net_sink comp="1465" pin=17"/></net>

<net id="1507"><net_src comp="1465" pin="19"/><net_sink comp="1504" pin=0"/></net>

<net id="1511"><net_src comp="423" pin="3"/><net_sink comp="1508" pin=0"/></net>

<net id="1533"><net_src comp="164" pin="0"/><net_sink comp="1512" pin=0"/></net>

<net id="1534"><net_src comp="160" pin="0"/><net_sink comp="1512" pin=1"/></net>

<net id="1535"><net_src comp="336" pin="3"/><net_sink comp="1512" pin=2"/></net>

<net id="1536"><net_src comp="166" pin="0"/><net_sink comp="1512" pin=3"/></net>

<net id="1537"><net_src comp="346" pin="3"/><net_sink comp="1512" pin=4"/></net>

<net id="1538"><net_src comp="148" pin="0"/><net_sink comp="1512" pin=5"/></net>

<net id="1539"><net_src comp="356" pin="3"/><net_sink comp="1512" pin=6"/></net>

<net id="1540"><net_src comp="150" pin="0"/><net_sink comp="1512" pin=7"/></net>

<net id="1541"><net_src comp="366" pin="3"/><net_sink comp="1512" pin=8"/></net>

<net id="1542"><net_src comp="152" pin="0"/><net_sink comp="1512" pin=9"/></net>

<net id="1543"><net_src comp="376" pin="3"/><net_sink comp="1512" pin=10"/></net>

<net id="1544"><net_src comp="154" pin="0"/><net_sink comp="1512" pin=11"/></net>

<net id="1545"><net_src comp="386" pin="3"/><net_sink comp="1512" pin=12"/></net>

<net id="1546"><net_src comp="156" pin="0"/><net_sink comp="1512" pin=13"/></net>

<net id="1547"><net_src comp="396" pin="3"/><net_sink comp="1512" pin=14"/></net>

<net id="1548"><net_src comp="158" pin="0"/><net_sink comp="1512" pin=15"/></net>

<net id="1549"><net_src comp="406" pin="3"/><net_sink comp="1512" pin=16"/></net>

<net id="1550"><net_src comp="168" pin="0"/><net_sink comp="1512" pin=17"/></net>

<net id="1572"><net_src comp="164" pin="0"/><net_sink comp="1551" pin=0"/></net>

<net id="1573"><net_src comp="158" pin="0"/><net_sink comp="1551" pin=1"/></net>

<net id="1574"><net_src comp="336" pin="3"/><net_sink comp="1551" pin=2"/></net>

<net id="1575"><net_src comp="160" pin="0"/><net_sink comp="1551" pin=3"/></net>

<net id="1576"><net_src comp="346" pin="3"/><net_sink comp="1551" pin=4"/></net>

<net id="1577"><net_src comp="166" pin="0"/><net_sink comp="1551" pin=5"/></net>

<net id="1578"><net_src comp="356" pin="3"/><net_sink comp="1551" pin=6"/></net>

<net id="1579"><net_src comp="148" pin="0"/><net_sink comp="1551" pin=7"/></net>

<net id="1580"><net_src comp="366" pin="3"/><net_sink comp="1551" pin=8"/></net>

<net id="1581"><net_src comp="150" pin="0"/><net_sink comp="1551" pin=9"/></net>

<net id="1582"><net_src comp="376" pin="3"/><net_sink comp="1551" pin=10"/></net>

<net id="1583"><net_src comp="152" pin="0"/><net_sink comp="1551" pin=11"/></net>

<net id="1584"><net_src comp="386" pin="3"/><net_sink comp="1551" pin=12"/></net>

<net id="1585"><net_src comp="154" pin="0"/><net_sink comp="1551" pin=13"/></net>

<net id="1586"><net_src comp="396" pin="3"/><net_sink comp="1551" pin=14"/></net>

<net id="1587"><net_src comp="156" pin="0"/><net_sink comp="1551" pin=15"/></net>

<net id="1588"><net_src comp="406" pin="3"/><net_sink comp="1551" pin=16"/></net>

<net id="1589"><net_src comp="168" pin="0"/><net_sink comp="1551" pin=17"/></net>

<net id="1611"><net_src comp="164" pin="0"/><net_sink comp="1590" pin=0"/></net>

<net id="1612"><net_src comp="150" pin="0"/><net_sink comp="1590" pin=1"/></net>

<net id="1613"><net_src comp="336" pin="7"/><net_sink comp="1590" pin=2"/></net>

<net id="1614"><net_src comp="152" pin="0"/><net_sink comp="1590" pin=3"/></net>

<net id="1615"><net_src comp="346" pin="7"/><net_sink comp="1590" pin=4"/></net>

<net id="1616"><net_src comp="154" pin="0"/><net_sink comp="1590" pin=5"/></net>

<net id="1617"><net_src comp="356" pin="7"/><net_sink comp="1590" pin=6"/></net>

<net id="1618"><net_src comp="156" pin="0"/><net_sink comp="1590" pin=7"/></net>

<net id="1619"><net_src comp="366" pin="7"/><net_sink comp="1590" pin=8"/></net>

<net id="1620"><net_src comp="158" pin="0"/><net_sink comp="1590" pin=9"/></net>

<net id="1621"><net_src comp="376" pin="7"/><net_sink comp="1590" pin=10"/></net>

<net id="1622"><net_src comp="160" pin="0"/><net_sink comp="1590" pin=11"/></net>

<net id="1623"><net_src comp="386" pin="7"/><net_sink comp="1590" pin=12"/></net>

<net id="1624"><net_src comp="166" pin="0"/><net_sink comp="1590" pin=13"/></net>

<net id="1625"><net_src comp="396" pin="7"/><net_sink comp="1590" pin=14"/></net>

<net id="1626"><net_src comp="148" pin="0"/><net_sink comp="1590" pin=15"/></net>

<net id="1627"><net_src comp="406" pin="7"/><net_sink comp="1590" pin=16"/></net>

<net id="1628"><net_src comp="168" pin="0"/><net_sink comp="1590" pin=17"/></net>

<net id="1650"><net_src comp="164" pin="0"/><net_sink comp="1629" pin=0"/></net>

<net id="1651"><net_src comp="148" pin="0"/><net_sink comp="1629" pin=1"/></net>

<net id="1652"><net_src comp="336" pin="3"/><net_sink comp="1629" pin=2"/></net>

<net id="1653"><net_src comp="150" pin="0"/><net_sink comp="1629" pin=3"/></net>

<net id="1654"><net_src comp="346" pin="3"/><net_sink comp="1629" pin=4"/></net>

<net id="1655"><net_src comp="152" pin="0"/><net_sink comp="1629" pin=5"/></net>

<net id="1656"><net_src comp="356" pin="3"/><net_sink comp="1629" pin=6"/></net>

<net id="1657"><net_src comp="154" pin="0"/><net_sink comp="1629" pin=7"/></net>

<net id="1658"><net_src comp="366" pin="3"/><net_sink comp="1629" pin=8"/></net>

<net id="1659"><net_src comp="156" pin="0"/><net_sink comp="1629" pin=9"/></net>

<net id="1660"><net_src comp="376" pin="3"/><net_sink comp="1629" pin=10"/></net>

<net id="1661"><net_src comp="158" pin="0"/><net_sink comp="1629" pin=11"/></net>

<net id="1662"><net_src comp="386" pin="3"/><net_sink comp="1629" pin=12"/></net>

<net id="1663"><net_src comp="160" pin="0"/><net_sink comp="1629" pin=13"/></net>

<net id="1664"><net_src comp="396" pin="3"/><net_sink comp="1629" pin=14"/></net>

<net id="1665"><net_src comp="166" pin="0"/><net_sink comp="1629" pin=15"/></net>

<net id="1666"><net_src comp="406" pin="3"/><net_sink comp="1629" pin=16"/></net>

<net id="1667"><net_src comp="168" pin="0"/><net_sink comp="1629" pin=17"/></net>

<net id="1689"><net_src comp="164" pin="0"/><net_sink comp="1668" pin=0"/></net>

<net id="1690"><net_src comp="166" pin="0"/><net_sink comp="1668" pin=1"/></net>

<net id="1691"><net_src comp="336" pin="3"/><net_sink comp="1668" pin=2"/></net>

<net id="1692"><net_src comp="148" pin="0"/><net_sink comp="1668" pin=3"/></net>

<net id="1693"><net_src comp="346" pin="3"/><net_sink comp="1668" pin=4"/></net>

<net id="1694"><net_src comp="150" pin="0"/><net_sink comp="1668" pin=5"/></net>

<net id="1695"><net_src comp="356" pin="3"/><net_sink comp="1668" pin=6"/></net>

<net id="1696"><net_src comp="152" pin="0"/><net_sink comp="1668" pin=7"/></net>

<net id="1697"><net_src comp="366" pin="3"/><net_sink comp="1668" pin=8"/></net>

<net id="1698"><net_src comp="154" pin="0"/><net_sink comp="1668" pin=9"/></net>

<net id="1699"><net_src comp="376" pin="3"/><net_sink comp="1668" pin=10"/></net>

<net id="1700"><net_src comp="156" pin="0"/><net_sink comp="1668" pin=11"/></net>

<net id="1701"><net_src comp="386" pin="3"/><net_sink comp="1668" pin=12"/></net>

<net id="1702"><net_src comp="158" pin="0"/><net_sink comp="1668" pin=13"/></net>

<net id="1703"><net_src comp="396" pin="3"/><net_sink comp="1668" pin=14"/></net>

<net id="1704"><net_src comp="160" pin="0"/><net_sink comp="1668" pin=15"/></net>

<net id="1705"><net_src comp="406" pin="3"/><net_sink comp="1668" pin=16"/></net>

<net id="1706"><net_src comp="168" pin="0"/><net_sink comp="1668" pin=17"/></net>

<net id="1728"><net_src comp="164" pin="0"/><net_sink comp="1707" pin=0"/></net>

<net id="1729"><net_src comp="154" pin="0"/><net_sink comp="1707" pin=1"/></net>

<net id="1730"><net_src comp="336" pin="3"/><net_sink comp="1707" pin=2"/></net>

<net id="1731"><net_src comp="156" pin="0"/><net_sink comp="1707" pin=3"/></net>

<net id="1732"><net_src comp="346" pin="3"/><net_sink comp="1707" pin=4"/></net>

<net id="1733"><net_src comp="158" pin="0"/><net_sink comp="1707" pin=5"/></net>

<net id="1734"><net_src comp="356" pin="3"/><net_sink comp="1707" pin=6"/></net>

<net id="1735"><net_src comp="160" pin="0"/><net_sink comp="1707" pin=7"/></net>

<net id="1736"><net_src comp="366" pin="3"/><net_sink comp="1707" pin=8"/></net>

<net id="1737"><net_src comp="166" pin="0"/><net_sink comp="1707" pin=9"/></net>

<net id="1738"><net_src comp="376" pin="3"/><net_sink comp="1707" pin=10"/></net>

<net id="1739"><net_src comp="148" pin="0"/><net_sink comp="1707" pin=11"/></net>

<net id="1740"><net_src comp="386" pin="3"/><net_sink comp="1707" pin=12"/></net>

<net id="1741"><net_src comp="150" pin="0"/><net_sink comp="1707" pin=13"/></net>

<net id="1742"><net_src comp="396" pin="3"/><net_sink comp="1707" pin=14"/></net>

<net id="1743"><net_src comp="152" pin="0"/><net_sink comp="1707" pin=15"/></net>

<net id="1744"><net_src comp="406" pin="3"/><net_sink comp="1707" pin=16"/></net>

<net id="1745"><net_src comp="168" pin="0"/><net_sink comp="1707" pin=17"/></net>

<net id="1767"><net_src comp="164" pin="0"/><net_sink comp="1746" pin=0"/></net>

<net id="1768"><net_src comp="152" pin="0"/><net_sink comp="1746" pin=1"/></net>

<net id="1769"><net_src comp="336" pin="3"/><net_sink comp="1746" pin=2"/></net>

<net id="1770"><net_src comp="154" pin="0"/><net_sink comp="1746" pin=3"/></net>

<net id="1771"><net_src comp="346" pin="3"/><net_sink comp="1746" pin=4"/></net>

<net id="1772"><net_src comp="156" pin="0"/><net_sink comp="1746" pin=5"/></net>

<net id="1773"><net_src comp="356" pin="3"/><net_sink comp="1746" pin=6"/></net>

<net id="1774"><net_src comp="158" pin="0"/><net_sink comp="1746" pin=7"/></net>

<net id="1775"><net_src comp="366" pin="3"/><net_sink comp="1746" pin=8"/></net>

<net id="1776"><net_src comp="160" pin="0"/><net_sink comp="1746" pin=9"/></net>

<net id="1777"><net_src comp="376" pin="3"/><net_sink comp="1746" pin=10"/></net>

<net id="1778"><net_src comp="166" pin="0"/><net_sink comp="1746" pin=11"/></net>

<net id="1779"><net_src comp="386" pin="3"/><net_sink comp="1746" pin=12"/></net>

<net id="1780"><net_src comp="148" pin="0"/><net_sink comp="1746" pin=13"/></net>

<net id="1781"><net_src comp="396" pin="3"/><net_sink comp="1746" pin=14"/></net>

<net id="1782"><net_src comp="150" pin="0"/><net_sink comp="1746" pin=15"/></net>

<net id="1783"><net_src comp="406" pin="3"/><net_sink comp="1746" pin=16"/></net>

<net id="1784"><net_src comp="168" pin="0"/><net_sink comp="1746" pin=17"/></net>

<net id="1806"><net_src comp="164" pin="0"/><net_sink comp="1785" pin=0"/></net>

<net id="1807"><net_src comp="150" pin="0"/><net_sink comp="1785" pin=1"/></net>

<net id="1808"><net_src comp="336" pin="3"/><net_sink comp="1785" pin=2"/></net>

<net id="1809"><net_src comp="152" pin="0"/><net_sink comp="1785" pin=3"/></net>

<net id="1810"><net_src comp="346" pin="3"/><net_sink comp="1785" pin=4"/></net>

<net id="1811"><net_src comp="154" pin="0"/><net_sink comp="1785" pin=5"/></net>

<net id="1812"><net_src comp="356" pin="3"/><net_sink comp="1785" pin=6"/></net>

<net id="1813"><net_src comp="156" pin="0"/><net_sink comp="1785" pin=7"/></net>

<net id="1814"><net_src comp="366" pin="3"/><net_sink comp="1785" pin=8"/></net>

<net id="1815"><net_src comp="158" pin="0"/><net_sink comp="1785" pin=9"/></net>

<net id="1816"><net_src comp="376" pin="3"/><net_sink comp="1785" pin=10"/></net>

<net id="1817"><net_src comp="160" pin="0"/><net_sink comp="1785" pin=11"/></net>

<net id="1818"><net_src comp="386" pin="3"/><net_sink comp="1785" pin=12"/></net>

<net id="1819"><net_src comp="166" pin="0"/><net_sink comp="1785" pin=13"/></net>

<net id="1820"><net_src comp="396" pin="3"/><net_sink comp="1785" pin=14"/></net>

<net id="1821"><net_src comp="148" pin="0"/><net_sink comp="1785" pin=15"/></net>

<net id="1822"><net_src comp="406" pin="3"/><net_sink comp="1785" pin=16"/></net>

<net id="1823"><net_src comp="168" pin="0"/><net_sink comp="1785" pin=17"/></net>

<net id="1827"><net_src comp="46" pin="0"/><net_sink comp="1824" pin=0"/></net>

<net id="1831"><net_src comp="50" pin="0"/><net_sink comp="1828" pin=0"/></net>

<net id="1835"><net_src comp="52" pin="0"/><net_sink comp="1832" pin=0"/></net>

<net id="1839"><net_src comp="54" pin="0"/><net_sink comp="1836" pin=0"/></net>

<net id="1843"><net_src comp="56" pin="0"/><net_sink comp="1840" pin=0"/></net>

<net id="1847"><net_src comp="58" pin="0"/><net_sink comp="1844" pin=0"/></net>

<net id="1851"><net_src comp="60" pin="0"/><net_sink comp="1848" pin=0"/></net>

<net id="1855"><net_src comp="62" pin="0"/><net_sink comp="1852" pin=0"/></net>

<net id="1877"><net_src comp="170" pin="0"/><net_sink comp="1856" pin=0"/></net>

<net id="1878"><net_src comp="148" pin="0"/><net_sink comp="1856" pin=1"/></net>

<net id="1879"><net_src comp="1824" pin="1"/><net_sink comp="1856" pin=2"/></net>

<net id="1880"><net_src comp="150" pin="0"/><net_sink comp="1856" pin=3"/></net>

<net id="1881"><net_src comp="1828" pin="1"/><net_sink comp="1856" pin=4"/></net>

<net id="1882"><net_src comp="152" pin="0"/><net_sink comp="1856" pin=5"/></net>

<net id="1883"><net_src comp="1832" pin="1"/><net_sink comp="1856" pin=6"/></net>

<net id="1884"><net_src comp="154" pin="0"/><net_sink comp="1856" pin=7"/></net>

<net id="1885"><net_src comp="1836" pin="1"/><net_sink comp="1856" pin=8"/></net>

<net id="1886"><net_src comp="156" pin="0"/><net_sink comp="1856" pin=9"/></net>

<net id="1887"><net_src comp="1840" pin="1"/><net_sink comp="1856" pin=10"/></net>

<net id="1888"><net_src comp="158" pin="0"/><net_sink comp="1856" pin=11"/></net>

<net id="1889"><net_src comp="1844" pin="1"/><net_sink comp="1856" pin=12"/></net>

<net id="1890"><net_src comp="160" pin="0"/><net_sink comp="1856" pin=13"/></net>

<net id="1891"><net_src comp="1848" pin="1"/><net_sink comp="1856" pin=14"/></net>

<net id="1892"><net_src comp="166" pin="0"/><net_sink comp="1856" pin=15"/></net>

<net id="1893"><net_src comp="1852" pin="1"/><net_sink comp="1856" pin=16"/></net>

<net id="1894"><net_src comp="172" pin="0"/><net_sink comp="1856" pin=17"/></net>

<net id="1900"><net_src comp="174" pin="0"/><net_sink comp="1895" pin=0"/></net>

<net id="1901"><net_src comp="1856" pin="19"/><net_sink comp="1895" pin=1"/></net>

<net id="1902"><net_src comp="148" pin="0"/><net_sink comp="1895" pin=2"/></net>

<net id="1906"><net_src comp="1895" pin="3"/><net_sink comp="1903" pin=0"/></net>

<net id="1911"><net_src comp="176" pin="0"/><net_sink comp="1907" pin=1"/></net>

<net id="1922"><net_src comp="148" pin="0"/><net_sink comp="1912" pin=1"/></net>

<net id="1923"><net_src comp="150" pin="0"/><net_sink comp="1912" pin=2"/></net>

<net id="1924"><net_src comp="152" pin="0"/><net_sink comp="1912" pin=3"/></net>

<net id="1925"><net_src comp="154" pin="0"/><net_sink comp="1912" pin=4"/></net>

<net id="1926"><net_src comp="156" pin="0"/><net_sink comp="1912" pin=5"/></net>

<net id="1927"><net_src comp="158" pin="0"/><net_sink comp="1912" pin=6"/></net>

<net id="1928"><net_src comp="160" pin="0"/><net_sink comp="1912" pin=7"/></net>

<net id="1933"><net_src comp="178" pin="0"/><net_sink comp="1929" pin=0"/></net>

<net id="1934"><net_src comp="60" pin="0"/><net_sink comp="1929" pin=1"/></net>

<net id="1939"><net_src comp="178" pin="0"/><net_sink comp="1935" pin=0"/></net>

<net id="1940"><net_src comp="58" pin="0"/><net_sink comp="1935" pin=1"/></net>

<net id="1945"><net_src comp="178" pin="0"/><net_sink comp="1941" pin=0"/></net>

<net id="1946"><net_src comp="56" pin="0"/><net_sink comp="1941" pin=1"/></net>

<net id="1951"><net_src comp="178" pin="0"/><net_sink comp="1947" pin=0"/></net>

<net id="1952"><net_src comp="54" pin="0"/><net_sink comp="1947" pin=1"/></net>

<net id="1957"><net_src comp="178" pin="0"/><net_sink comp="1953" pin=0"/></net>

<net id="1958"><net_src comp="52" pin="0"/><net_sink comp="1953" pin=1"/></net>

<net id="1963"><net_src comp="178" pin="0"/><net_sink comp="1959" pin=0"/></net>

<net id="1964"><net_src comp="50" pin="0"/><net_sink comp="1959" pin=1"/></net>

<net id="1969"><net_src comp="178" pin="0"/><net_sink comp="1965" pin=0"/></net>

<net id="1970"><net_src comp="46" pin="0"/><net_sink comp="1965" pin=1"/></net>

<net id="1975"><net_src comp="178" pin="0"/><net_sink comp="1971" pin=0"/></net>

<net id="1976"><net_src comp="62" pin="0"/><net_sink comp="1971" pin=1"/></net>

<net id="1983"><net_src comp="180" pin="0"/><net_sink comp="1977" pin=0"/></net>

<net id="1984"><net_src comp="142" pin="0"/><net_sink comp="1977" pin=2"/></net>

<net id="1985"><net_src comp="144" pin="0"/><net_sink comp="1977" pin=3"/></net>

<net id="1996"><net_src comp="148" pin="0"/><net_sink comp="1986" pin=1"/></net>

<net id="1997"><net_src comp="150" pin="0"/><net_sink comp="1986" pin=2"/></net>

<net id="1998"><net_src comp="152" pin="0"/><net_sink comp="1986" pin=3"/></net>

<net id="1999"><net_src comp="154" pin="0"/><net_sink comp="1986" pin=4"/></net>

<net id="2000"><net_src comp="156" pin="0"/><net_sink comp="1986" pin=5"/></net>

<net id="2001"><net_src comp="158" pin="0"/><net_sink comp="1986" pin=6"/></net>

<net id="2002"><net_src comp="160" pin="0"/><net_sink comp="1986" pin=7"/></net>

<net id="2007"><net_src comp="1977" pin="4"/><net_sink comp="2003" pin=0"/></net>

<net id="2008"><net_src comp="60" pin="0"/><net_sink comp="2003" pin=1"/></net>

<net id="2013"><net_src comp="1977" pin="4"/><net_sink comp="2009" pin=0"/></net>

<net id="2014"><net_src comp="58" pin="0"/><net_sink comp="2009" pin=1"/></net>

<net id="2019"><net_src comp="1977" pin="4"/><net_sink comp="2015" pin=0"/></net>

<net id="2020"><net_src comp="56" pin="0"/><net_sink comp="2015" pin=1"/></net>

<net id="2025"><net_src comp="1977" pin="4"/><net_sink comp="2021" pin=0"/></net>

<net id="2026"><net_src comp="54" pin="0"/><net_sink comp="2021" pin=1"/></net>

<net id="2031"><net_src comp="1977" pin="4"/><net_sink comp="2027" pin=0"/></net>

<net id="2032"><net_src comp="52" pin="0"/><net_sink comp="2027" pin=1"/></net>

<net id="2037"><net_src comp="1977" pin="4"/><net_sink comp="2033" pin=0"/></net>

<net id="2038"><net_src comp="50" pin="0"/><net_sink comp="2033" pin=1"/></net>

<net id="2043"><net_src comp="1977" pin="4"/><net_sink comp="2039" pin=0"/></net>

<net id="2044"><net_src comp="46" pin="0"/><net_sink comp="2039" pin=1"/></net>

<net id="2049"><net_src comp="1977" pin="4"/><net_sink comp="2045" pin=0"/></net>

<net id="2050"><net_src comp="62" pin="0"/><net_sink comp="2045" pin=1"/></net>

<net id="2061"><net_src comp="2054" pin="1"/><net_sink comp="2057" pin=0"/></net>

<net id="2062"><net_src comp="2051" pin="1"/><net_sink comp="2057" pin=1"/></net>

<net id="2066"><net_src comp="46" pin="0"/><net_sink comp="2063" pin=0"/></net>

<net id="2070"><net_src comp="50" pin="0"/><net_sink comp="2067" pin=0"/></net>

<net id="2074"><net_src comp="52" pin="0"/><net_sink comp="2071" pin=0"/></net>

<net id="2078"><net_src comp="54" pin="0"/><net_sink comp="2075" pin=0"/></net>

<net id="2082"><net_src comp="56" pin="0"/><net_sink comp="2079" pin=0"/></net>

<net id="2086"><net_src comp="58" pin="0"/><net_sink comp="2083" pin=0"/></net>

<net id="2090"><net_src comp="60" pin="0"/><net_sink comp="2087" pin=0"/></net>

<net id="2094"><net_src comp="62" pin="0"/><net_sink comp="2091" pin=0"/></net>

<net id="2116"><net_src comp="170" pin="0"/><net_sink comp="2095" pin=0"/></net>

<net id="2117"><net_src comp="148" pin="0"/><net_sink comp="2095" pin=1"/></net>

<net id="2118"><net_src comp="2063" pin="1"/><net_sink comp="2095" pin=2"/></net>

<net id="2119"><net_src comp="150" pin="0"/><net_sink comp="2095" pin=3"/></net>

<net id="2120"><net_src comp="2067" pin="1"/><net_sink comp="2095" pin=4"/></net>

<net id="2121"><net_src comp="152" pin="0"/><net_sink comp="2095" pin=5"/></net>

<net id="2122"><net_src comp="2071" pin="1"/><net_sink comp="2095" pin=6"/></net>

<net id="2123"><net_src comp="154" pin="0"/><net_sink comp="2095" pin=7"/></net>

<net id="2124"><net_src comp="2075" pin="1"/><net_sink comp="2095" pin=8"/></net>

<net id="2125"><net_src comp="156" pin="0"/><net_sink comp="2095" pin=9"/></net>

<net id="2126"><net_src comp="2079" pin="1"/><net_sink comp="2095" pin=10"/></net>

<net id="2127"><net_src comp="158" pin="0"/><net_sink comp="2095" pin=11"/></net>

<net id="2128"><net_src comp="2083" pin="1"/><net_sink comp="2095" pin=12"/></net>

<net id="2129"><net_src comp="160" pin="0"/><net_sink comp="2095" pin=13"/></net>

<net id="2130"><net_src comp="2087" pin="1"/><net_sink comp="2095" pin=14"/></net>

<net id="2131"><net_src comp="166" pin="0"/><net_sink comp="2095" pin=15"/></net>

<net id="2132"><net_src comp="2091" pin="1"/><net_sink comp="2095" pin=16"/></net>

<net id="2133"><net_src comp="172" pin="0"/><net_sink comp="2095" pin=17"/></net>

<net id="2139"><net_src comp="174" pin="0"/><net_sink comp="2134" pin=0"/></net>

<net id="2140"><net_src comp="2095" pin="19"/><net_sink comp="2134" pin=1"/></net>

<net id="2141"><net_src comp="148" pin="0"/><net_sink comp="2134" pin=2"/></net>

<net id="2146"><net_src comp="2134" pin="3"/><net_sink comp="2142" pin=0"/></net>

<net id="2151"><net_src comp="110" pin="0"/><net_sink comp="2147" pin=0"/></net>

<net id="2156"><net_src comp="2134" pin="3"/><net_sink comp="2152" pin=0"/></net>

<net id="2157"><net_src comp="2147" pin="2"/><net_sink comp="2152" pin=1"/></net>

<net id="2168"><net_src comp="148" pin="0"/><net_sink comp="2158" pin=1"/></net>

<net id="2169"><net_src comp="150" pin="0"/><net_sink comp="2158" pin=2"/></net>

<net id="2170"><net_src comp="152" pin="0"/><net_sink comp="2158" pin=3"/></net>

<net id="2171"><net_src comp="154" pin="0"/><net_sink comp="2158" pin=4"/></net>

<net id="2172"><net_src comp="156" pin="0"/><net_sink comp="2158" pin=5"/></net>

<net id="2173"><net_src comp="158" pin="0"/><net_sink comp="2158" pin=6"/></net>

<net id="2174"><net_src comp="160" pin="0"/><net_sink comp="2158" pin=7"/></net>

<net id="2179"><net_src comp="178" pin="0"/><net_sink comp="2175" pin=0"/></net>

<net id="2180"><net_src comp="60" pin="0"/><net_sink comp="2175" pin=1"/></net>

<net id="2185"><net_src comp="178" pin="0"/><net_sink comp="2181" pin=0"/></net>

<net id="2186"><net_src comp="58" pin="0"/><net_sink comp="2181" pin=1"/></net>

<net id="2191"><net_src comp="178" pin="0"/><net_sink comp="2187" pin=0"/></net>

<net id="2192"><net_src comp="56" pin="0"/><net_sink comp="2187" pin=1"/></net>

<net id="2197"><net_src comp="178" pin="0"/><net_sink comp="2193" pin=0"/></net>

<net id="2198"><net_src comp="54" pin="0"/><net_sink comp="2193" pin=1"/></net>

<net id="2203"><net_src comp="178" pin="0"/><net_sink comp="2199" pin=0"/></net>

<net id="2204"><net_src comp="52" pin="0"/><net_sink comp="2199" pin=1"/></net>

<net id="2209"><net_src comp="178" pin="0"/><net_sink comp="2205" pin=0"/></net>

<net id="2210"><net_src comp="50" pin="0"/><net_sink comp="2205" pin=1"/></net>

<net id="2215"><net_src comp="178" pin="0"/><net_sink comp="2211" pin=0"/></net>

<net id="2216"><net_src comp="46" pin="0"/><net_sink comp="2211" pin=1"/></net>

<net id="2221"><net_src comp="178" pin="0"/><net_sink comp="2217" pin=0"/></net>

<net id="2222"><net_src comp="62" pin="0"/><net_sink comp="2217" pin=1"/></net>

<net id="2229"><net_src comp="140" pin="0"/><net_sink comp="2223" pin=0"/></net>

<net id="2230"><net_src comp="2142" pin="2"/><net_sink comp="2223" pin=1"/></net>

<net id="2231"><net_src comp="142" pin="0"/><net_sink comp="2223" pin=2"/></net>

<net id="2232"><net_src comp="144" pin="0"/><net_sink comp="2223" pin=3"/></net>

<net id="2243"><net_src comp="148" pin="0"/><net_sink comp="2233" pin=1"/></net>

<net id="2244"><net_src comp="150" pin="0"/><net_sink comp="2233" pin=2"/></net>

<net id="2245"><net_src comp="152" pin="0"/><net_sink comp="2233" pin=3"/></net>

<net id="2246"><net_src comp="154" pin="0"/><net_sink comp="2233" pin=4"/></net>

<net id="2247"><net_src comp="156" pin="0"/><net_sink comp="2233" pin=5"/></net>

<net id="2248"><net_src comp="158" pin="0"/><net_sink comp="2233" pin=6"/></net>

<net id="2249"><net_src comp="160" pin="0"/><net_sink comp="2233" pin=7"/></net>

<net id="2254"><net_src comp="2223" pin="4"/><net_sink comp="2250" pin=0"/></net>

<net id="2255"><net_src comp="60" pin="0"/><net_sink comp="2250" pin=1"/></net>

<net id="2260"><net_src comp="2223" pin="4"/><net_sink comp="2256" pin=0"/></net>

<net id="2261"><net_src comp="58" pin="0"/><net_sink comp="2256" pin=1"/></net>

<net id="2266"><net_src comp="2223" pin="4"/><net_sink comp="2262" pin=0"/></net>

<net id="2267"><net_src comp="56" pin="0"/><net_sink comp="2262" pin=1"/></net>

<net id="2272"><net_src comp="2223" pin="4"/><net_sink comp="2268" pin=0"/></net>

<net id="2273"><net_src comp="54" pin="0"/><net_sink comp="2268" pin=1"/></net>

<net id="2278"><net_src comp="2223" pin="4"/><net_sink comp="2274" pin=0"/></net>

<net id="2279"><net_src comp="52" pin="0"/><net_sink comp="2274" pin=1"/></net>

<net id="2284"><net_src comp="2223" pin="4"/><net_sink comp="2280" pin=0"/></net>

<net id="2285"><net_src comp="50" pin="0"/><net_sink comp="2280" pin=1"/></net>

<net id="2290"><net_src comp="2223" pin="4"/><net_sink comp="2286" pin=0"/></net>

<net id="2291"><net_src comp="46" pin="0"/><net_sink comp="2286" pin=1"/></net>

<net id="2296"><net_src comp="2223" pin="4"/><net_sink comp="2292" pin=0"/></net>

<net id="2297"><net_src comp="62" pin="0"/><net_sink comp="2292" pin=1"/></net>

<net id="2308"><net_src comp="2301" pin="1"/><net_sink comp="2304" pin=0"/></net>

<net id="2309"><net_src comp="2298" pin="1"/><net_sink comp="2304" pin=1"/></net>

<net id="2313"><net_src comp="46" pin="0"/><net_sink comp="2310" pin=0"/></net>

<net id="2317"><net_src comp="50" pin="0"/><net_sink comp="2314" pin=0"/></net>

<net id="2321"><net_src comp="52" pin="0"/><net_sink comp="2318" pin=0"/></net>

<net id="2325"><net_src comp="54" pin="0"/><net_sink comp="2322" pin=0"/></net>

<net id="2329"><net_src comp="56" pin="0"/><net_sink comp="2326" pin=0"/></net>

<net id="2333"><net_src comp="58" pin="0"/><net_sink comp="2330" pin=0"/></net>

<net id="2337"><net_src comp="60" pin="0"/><net_sink comp="2334" pin=0"/></net>

<net id="2341"><net_src comp="62" pin="0"/><net_sink comp="2338" pin=0"/></net>

<net id="2363"><net_src comp="170" pin="0"/><net_sink comp="2342" pin=0"/></net>

<net id="2364"><net_src comp="148" pin="0"/><net_sink comp="2342" pin=1"/></net>

<net id="2365"><net_src comp="2310" pin="1"/><net_sink comp="2342" pin=2"/></net>

<net id="2366"><net_src comp="150" pin="0"/><net_sink comp="2342" pin=3"/></net>

<net id="2367"><net_src comp="2314" pin="1"/><net_sink comp="2342" pin=4"/></net>

<net id="2368"><net_src comp="152" pin="0"/><net_sink comp="2342" pin=5"/></net>

<net id="2369"><net_src comp="2318" pin="1"/><net_sink comp="2342" pin=6"/></net>

<net id="2370"><net_src comp="154" pin="0"/><net_sink comp="2342" pin=7"/></net>

<net id="2371"><net_src comp="2322" pin="1"/><net_sink comp="2342" pin=8"/></net>

<net id="2372"><net_src comp="156" pin="0"/><net_sink comp="2342" pin=9"/></net>

<net id="2373"><net_src comp="2326" pin="1"/><net_sink comp="2342" pin=10"/></net>

<net id="2374"><net_src comp="158" pin="0"/><net_sink comp="2342" pin=11"/></net>

<net id="2375"><net_src comp="2330" pin="1"/><net_sink comp="2342" pin=12"/></net>

<net id="2376"><net_src comp="160" pin="0"/><net_sink comp="2342" pin=13"/></net>

<net id="2377"><net_src comp="2334" pin="1"/><net_sink comp="2342" pin=14"/></net>

<net id="2378"><net_src comp="166" pin="0"/><net_sink comp="2342" pin=15"/></net>

<net id="2379"><net_src comp="2338" pin="1"/><net_sink comp="2342" pin=16"/></net>

<net id="2380"><net_src comp="172" pin="0"/><net_sink comp="2342" pin=17"/></net>

<net id="2386"><net_src comp="174" pin="0"/><net_sink comp="2381" pin=0"/></net>

<net id="2387"><net_src comp="2342" pin="19"/><net_sink comp="2381" pin=1"/></net>

<net id="2388"><net_src comp="148" pin="0"/><net_sink comp="2381" pin=2"/></net>

<net id="2393"><net_src comp="2381" pin="3"/><net_sink comp="2389" pin=0"/></net>

<net id="2398"><net_src comp="110" pin="0"/><net_sink comp="2394" pin=0"/></net>

<net id="2403"><net_src comp="2381" pin="3"/><net_sink comp="2399" pin=0"/></net>

<net id="2404"><net_src comp="2394" pin="2"/><net_sink comp="2399" pin=1"/></net>

<net id="2415"><net_src comp="148" pin="0"/><net_sink comp="2405" pin=1"/></net>

<net id="2416"><net_src comp="150" pin="0"/><net_sink comp="2405" pin=2"/></net>

<net id="2417"><net_src comp="152" pin="0"/><net_sink comp="2405" pin=3"/></net>

<net id="2418"><net_src comp="154" pin="0"/><net_sink comp="2405" pin=4"/></net>

<net id="2419"><net_src comp="156" pin="0"/><net_sink comp="2405" pin=5"/></net>

<net id="2420"><net_src comp="158" pin="0"/><net_sink comp="2405" pin=6"/></net>

<net id="2421"><net_src comp="160" pin="0"/><net_sink comp="2405" pin=7"/></net>

<net id="2426"><net_src comp="178" pin="0"/><net_sink comp="2422" pin=0"/></net>

<net id="2427"><net_src comp="60" pin="0"/><net_sink comp="2422" pin=1"/></net>

<net id="2432"><net_src comp="178" pin="0"/><net_sink comp="2428" pin=0"/></net>

<net id="2433"><net_src comp="58" pin="0"/><net_sink comp="2428" pin=1"/></net>

<net id="2438"><net_src comp="178" pin="0"/><net_sink comp="2434" pin=0"/></net>

<net id="2439"><net_src comp="56" pin="0"/><net_sink comp="2434" pin=1"/></net>

<net id="2444"><net_src comp="178" pin="0"/><net_sink comp="2440" pin=0"/></net>

<net id="2445"><net_src comp="54" pin="0"/><net_sink comp="2440" pin=1"/></net>

<net id="2450"><net_src comp="178" pin="0"/><net_sink comp="2446" pin=0"/></net>

<net id="2451"><net_src comp="52" pin="0"/><net_sink comp="2446" pin=1"/></net>

<net id="2456"><net_src comp="178" pin="0"/><net_sink comp="2452" pin=0"/></net>

<net id="2457"><net_src comp="50" pin="0"/><net_sink comp="2452" pin=1"/></net>

<net id="2462"><net_src comp="178" pin="0"/><net_sink comp="2458" pin=0"/></net>

<net id="2463"><net_src comp="46" pin="0"/><net_sink comp="2458" pin=1"/></net>

<net id="2468"><net_src comp="178" pin="0"/><net_sink comp="2464" pin=0"/></net>

<net id="2469"><net_src comp="62" pin="0"/><net_sink comp="2464" pin=1"/></net>

<net id="2476"><net_src comp="140" pin="0"/><net_sink comp="2470" pin=0"/></net>

<net id="2477"><net_src comp="2389" pin="2"/><net_sink comp="2470" pin=1"/></net>

<net id="2478"><net_src comp="142" pin="0"/><net_sink comp="2470" pin=2"/></net>

<net id="2479"><net_src comp="144" pin="0"/><net_sink comp="2470" pin=3"/></net>

<net id="2490"><net_src comp="148" pin="0"/><net_sink comp="2480" pin=1"/></net>

<net id="2491"><net_src comp="150" pin="0"/><net_sink comp="2480" pin=2"/></net>

<net id="2492"><net_src comp="152" pin="0"/><net_sink comp="2480" pin=3"/></net>

<net id="2493"><net_src comp="154" pin="0"/><net_sink comp="2480" pin=4"/></net>

<net id="2494"><net_src comp="156" pin="0"/><net_sink comp="2480" pin=5"/></net>

<net id="2495"><net_src comp="158" pin="0"/><net_sink comp="2480" pin=6"/></net>

<net id="2496"><net_src comp="160" pin="0"/><net_sink comp="2480" pin=7"/></net>

<net id="2501"><net_src comp="2470" pin="4"/><net_sink comp="2497" pin=0"/></net>

<net id="2502"><net_src comp="60" pin="0"/><net_sink comp="2497" pin=1"/></net>

<net id="2507"><net_src comp="2470" pin="4"/><net_sink comp="2503" pin=0"/></net>

<net id="2508"><net_src comp="58" pin="0"/><net_sink comp="2503" pin=1"/></net>

<net id="2513"><net_src comp="2470" pin="4"/><net_sink comp="2509" pin=0"/></net>

<net id="2514"><net_src comp="56" pin="0"/><net_sink comp="2509" pin=1"/></net>

<net id="2519"><net_src comp="2470" pin="4"/><net_sink comp="2515" pin=0"/></net>

<net id="2520"><net_src comp="54" pin="0"/><net_sink comp="2515" pin=1"/></net>

<net id="2525"><net_src comp="2470" pin="4"/><net_sink comp="2521" pin=0"/></net>

<net id="2526"><net_src comp="52" pin="0"/><net_sink comp="2521" pin=1"/></net>

<net id="2531"><net_src comp="2470" pin="4"/><net_sink comp="2527" pin=0"/></net>

<net id="2532"><net_src comp="50" pin="0"/><net_sink comp="2527" pin=1"/></net>

<net id="2537"><net_src comp="2470" pin="4"/><net_sink comp="2533" pin=0"/></net>

<net id="2538"><net_src comp="46" pin="0"/><net_sink comp="2533" pin=1"/></net>

<net id="2543"><net_src comp="2470" pin="4"/><net_sink comp="2539" pin=0"/></net>

<net id="2544"><net_src comp="62" pin="0"/><net_sink comp="2539" pin=1"/></net>

<net id="2555"><net_src comp="2548" pin="1"/><net_sink comp="2551" pin=0"/></net>

<net id="2556"><net_src comp="2545" pin="1"/><net_sink comp="2551" pin=1"/></net>

<net id="2560"><net_src comp="46" pin="0"/><net_sink comp="2557" pin=0"/></net>

<net id="2564"><net_src comp="50" pin="0"/><net_sink comp="2561" pin=0"/></net>

<net id="2568"><net_src comp="52" pin="0"/><net_sink comp="2565" pin=0"/></net>

<net id="2572"><net_src comp="54" pin="0"/><net_sink comp="2569" pin=0"/></net>

<net id="2576"><net_src comp="56" pin="0"/><net_sink comp="2573" pin=0"/></net>

<net id="2580"><net_src comp="58" pin="0"/><net_sink comp="2577" pin=0"/></net>

<net id="2584"><net_src comp="60" pin="0"/><net_sink comp="2581" pin=0"/></net>

<net id="2588"><net_src comp="62" pin="0"/><net_sink comp="2585" pin=0"/></net>

<net id="2610"><net_src comp="170" pin="0"/><net_sink comp="2589" pin=0"/></net>

<net id="2611"><net_src comp="148" pin="0"/><net_sink comp="2589" pin=1"/></net>

<net id="2612"><net_src comp="2557" pin="1"/><net_sink comp="2589" pin=2"/></net>

<net id="2613"><net_src comp="150" pin="0"/><net_sink comp="2589" pin=3"/></net>

<net id="2614"><net_src comp="2561" pin="1"/><net_sink comp="2589" pin=4"/></net>

<net id="2615"><net_src comp="152" pin="0"/><net_sink comp="2589" pin=5"/></net>

<net id="2616"><net_src comp="2565" pin="1"/><net_sink comp="2589" pin=6"/></net>

<net id="2617"><net_src comp="154" pin="0"/><net_sink comp="2589" pin=7"/></net>

<net id="2618"><net_src comp="2569" pin="1"/><net_sink comp="2589" pin=8"/></net>

<net id="2619"><net_src comp="156" pin="0"/><net_sink comp="2589" pin=9"/></net>

<net id="2620"><net_src comp="2573" pin="1"/><net_sink comp="2589" pin=10"/></net>

<net id="2621"><net_src comp="158" pin="0"/><net_sink comp="2589" pin=11"/></net>

<net id="2622"><net_src comp="2577" pin="1"/><net_sink comp="2589" pin=12"/></net>

<net id="2623"><net_src comp="160" pin="0"/><net_sink comp="2589" pin=13"/></net>

<net id="2624"><net_src comp="2581" pin="1"/><net_sink comp="2589" pin=14"/></net>

<net id="2625"><net_src comp="166" pin="0"/><net_sink comp="2589" pin=15"/></net>

<net id="2626"><net_src comp="2585" pin="1"/><net_sink comp="2589" pin=16"/></net>

<net id="2627"><net_src comp="172" pin="0"/><net_sink comp="2589" pin=17"/></net>

<net id="2633"><net_src comp="174" pin="0"/><net_sink comp="2628" pin=0"/></net>

<net id="2634"><net_src comp="2589" pin="19"/><net_sink comp="2628" pin=1"/></net>

<net id="2635"><net_src comp="148" pin="0"/><net_sink comp="2628" pin=2"/></net>

<net id="2640"><net_src comp="2628" pin="3"/><net_sink comp="2636" pin=0"/></net>

<net id="2645"><net_src comp="110" pin="0"/><net_sink comp="2641" pin=0"/></net>

<net id="2650"><net_src comp="2628" pin="3"/><net_sink comp="2646" pin=0"/></net>

<net id="2651"><net_src comp="2641" pin="2"/><net_sink comp="2646" pin=1"/></net>

<net id="2662"><net_src comp="148" pin="0"/><net_sink comp="2652" pin=1"/></net>

<net id="2663"><net_src comp="150" pin="0"/><net_sink comp="2652" pin=2"/></net>

<net id="2664"><net_src comp="152" pin="0"/><net_sink comp="2652" pin=3"/></net>

<net id="2665"><net_src comp="154" pin="0"/><net_sink comp="2652" pin=4"/></net>

<net id="2666"><net_src comp="156" pin="0"/><net_sink comp="2652" pin=5"/></net>

<net id="2667"><net_src comp="158" pin="0"/><net_sink comp="2652" pin=6"/></net>

<net id="2668"><net_src comp="160" pin="0"/><net_sink comp="2652" pin=7"/></net>

<net id="2673"><net_src comp="178" pin="0"/><net_sink comp="2669" pin=0"/></net>

<net id="2674"><net_src comp="60" pin="0"/><net_sink comp="2669" pin=1"/></net>

<net id="2679"><net_src comp="178" pin="0"/><net_sink comp="2675" pin=0"/></net>

<net id="2680"><net_src comp="58" pin="0"/><net_sink comp="2675" pin=1"/></net>

<net id="2685"><net_src comp="178" pin="0"/><net_sink comp="2681" pin=0"/></net>

<net id="2686"><net_src comp="56" pin="0"/><net_sink comp="2681" pin=1"/></net>

<net id="2691"><net_src comp="178" pin="0"/><net_sink comp="2687" pin=0"/></net>

<net id="2692"><net_src comp="54" pin="0"/><net_sink comp="2687" pin=1"/></net>

<net id="2697"><net_src comp="178" pin="0"/><net_sink comp="2693" pin=0"/></net>

<net id="2698"><net_src comp="52" pin="0"/><net_sink comp="2693" pin=1"/></net>

<net id="2703"><net_src comp="178" pin="0"/><net_sink comp="2699" pin=0"/></net>

<net id="2704"><net_src comp="50" pin="0"/><net_sink comp="2699" pin=1"/></net>

<net id="2709"><net_src comp="178" pin="0"/><net_sink comp="2705" pin=0"/></net>

<net id="2710"><net_src comp="46" pin="0"/><net_sink comp="2705" pin=1"/></net>

<net id="2715"><net_src comp="178" pin="0"/><net_sink comp="2711" pin=0"/></net>

<net id="2716"><net_src comp="62" pin="0"/><net_sink comp="2711" pin=1"/></net>

<net id="2723"><net_src comp="140" pin="0"/><net_sink comp="2717" pin=0"/></net>

<net id="2724"><net_src comp="2636" pin="2"/><net_sink comp="2717" pin=1"/></net>

<net id="2725"><net_src comp="142" pin="0"/><net_sink comp="2717" pin=2"/></net>

<net id="2726"><net_src comp="144" pin="0"/><net_sink comp="2717" pin=3"/></net>

<net id="2737"><net_src comp="148" pin="0"/><net_sink comp="2727" pin=1"/></net>

<net id="2738"><net_src comp="150" pin="0"/><net_sink comp="2727" pin=2"/></net>

<net id="2739"><net_src comp="152" pin="0"/><net_sink comp="2727" pin=3"/></net>

<net id="2740"><net_src comp="154" pin="0"/><net_sink comp="2727" pin=4"/></net>

<net id="2741"><net_src comp="156" pin="0"/><net_sink comp="2727" pin=5"/></net>

<net id="2742"><net_src comp="158" pin="0"/><net_sink comp="2727" pin=6"/></net>

<net id="2743"><net_src comp="160" pin="0"/><net_sink comp="2727" pin=7"/></net>

<net id="2748"><net_src comp="2717" pin="4"/><net_sink comp="2744" pin=0"/></net>

<net id="2749"><net_src comp="60" pin="0"/><net_sink comp="2744" pin=1"/></net>

<net id="2754"><net_src comp="2717" pin="4"/><net_sink comp="2750" pin=0"/></net>

<net id="2755"><net_src comp="58" pin="0"/><net_sink comp="2750" pin=1"/></net>

<net id="2760"><net_src comp="2717" pin="4"/><net_sink comp="2756" pin=0"/></net>

<net id="2761"><net_src comp="56" pin="0"/><net_sink comp="2756" pin=1"/></net>

<net id="2766"><net_src comp="2717" pin="4"/><net_sink comp="2762" pin=0"/></net>

<net id="2767"><net_src comp="54" pin="0"/><net_sink comp="2762" pin=1"/></net>

<net id="2772"><net_src comp="2717" pin="4"/><net_sink comp="2768" pin=0"/></net>

<net id="2773"><net_src comp="52" pin="0"/><net_sink comp="2768" pin=1"/></net>

<net id="2778"><net_src comp="2717" pin="4"/><net_sink comp="2774" pin=0"/></net>

<net id="2779"><net_src comp="50" pin="0"/><net_sink comp="2774" pin=1"/></net>

<net id="2784"><net_src comp="2717" pin="4"/><net_sink comp="2780" pin=0"/></net>

<net id="2785"><net_src comp="46" pin="0"/><net_sink comp="2780" pin=1"/></net>

<net id="2790"><net_src comp="2717" pin="4"/><net_sink comp="2786" pin=0"/></net>

<net id="2791"><net_src comp="62" pin="0"/><net_sink comp="2786" pin=1"/></net>

<net id="2802"><net_src comp="2795" pin="1"/><net_sink comp="2798" pin=0"/></net>

<net id="2803"><net_src comp="2792" pin="1"/><net_sink comp="2798" pin=1"/></net>

<net id="2814"><net_src comp="2807" pin="1"/><net_sink comp="2810" pin=0"/></net>

<net id="2815"><net_src comp="2804" pin="1"/><net_sink comp="2810" pin=1"/></net>

<net id="2819"><net_src comp="46" pin="0"/><net_sink comp="2816" pin=0"/></net>

<net id="2823"><net_src comp="50" pin="0"/><net_sink comp="2820" pin=0"/></net>

<net id="2827"><net_src comp="52" pin="0"/><net_sink comp="2824" pin=0"/></net>

<net id="2831"><net_src comp="54" pin="0"/><net_sink comp="2828" pin=0"/></net>

<net id="2835"><net_src comp="56" pin="0"/><net_sink comp="2832" pin=0"/></net>

<net id="2839"><net_src comp="58" pin="0"/><net_sink comp="2836" pin=0"/></net>

<net id="2843"><net_src comp="60" pin="0"/><net_sink comp="2840" pin=0"/></net>

<net id="2847"><net_src comp="62" pin="0"/><net_sink comp="2844" pin=0"/></net>

<net id="2869"><net_src comp="170" pin="0"/><net_sink comp="2848" pin=0"/></net>

<net id="2870"><net_src comp="148" pin="0"/><net_sink comp="2848" pin=1"/></net>

<net id="2871"><net_src comp="2816" pin="1"/><net_sink comp="2848" pin=2"/></net>

<net id="2872"><net_src comp="150" pin="0"/><net_sink comp="2848" pin=3"/></net>

<net id="2873"><net_src comp="2820" pin="1"/><net_sink comp="2848" pin=4"/></net>

<net id="2874"><net_src comp="152" pin="0"/><net_sink comp="2848" pin=5"/></net>

<net id="2875"><net_src comp="2824" pin="1"/><net_sink comp="2848" pin=6"/></net>

<net id="2876"><net_src comp="154" pin="0"/><net_sink comp="2848" pin=7"/></net>

<net id="2877"><net_src comp="2828" pin="1"/><net_sink comp="2848" pin=8"/></net>

<net id="2878"><net_src comp="156" pin="0"/><net_sink comp="2848" pin=9"/></net>

<net id="2879"><net_src comp="2832" pin="1"/><net_sink comp="2848" pin=10"/></net>

<net id="2880"><net_src comp="158" pin="0"/><net_sink comp="2848" pin=11"/></net>

<net id="2881"><net_src comp="2836" pin="1"/><net_sink comp="2848" pin=12"/></net>

<net id="2882"><net_src comp="160" pin="0"/><net_sink comp="2848" pin=13"/></net>

<net id="2883"><net_src comp="2840" pin="1"/><net_sink comp="2848" pin=14"/></net>

<net id="2884"><net_src comp="166" pin="0"/><net_sink comp="2848" pin=15"/></net>

<net id="2885"><net_src comp="2844" pin="1"/><net_sink comp="2848" pin=16"/></net>

<net id="2886"><net_src comp="172" pin="0"/><net_sink comp="2848" pin=17"/></net>

<net id="2892"><net_src comp="174" pin="0"/><net_sink comp="2887" pin=0"/></net>

<net id="2893"><net_src comp="2848" pin="19"/><net_sink comp="2887" pin=1"/></net>

<net id="2894"><net_src comp="148" pin="0"/><net_sink comp="2887" pin=2"/></net>

<net id="2899"><net_src comp="2887" pin="3"/><net_sink comp="2895" pin=0"/></net>

<net id="2904"><net_src comp="110" pin="0"/><net_sink comp="2900" pin=0"/></net>

<net id="2909"><net_src comp="2887" pin="3"/><net_sink comp="2905" pin=0"/></net>

<net id="2910"><net_src comp="2900" pin="2"/><net_sink comp="2905" pin=1"/></net>

<net id="2921"><net_src comp="148" pin="0"/><net_sink comp="2911" pin=1"/></net>

<net id="2922"><net_src comp="150" pin="0"/><net_sink comp="2911" pin=2"/></net>

<net id="2923"><net_src comp="152" pin="0"/><net_sink comp="2911" pin=3"/></net>

<net id="2924"><net_src comp="154" pin="0"/><net_sink comp="2911" pin=4"/></net>

<net id="2925"><net_src comp="156" pin="0"/><net_sink comp="2911" pin=5"/></net>

<net id="2926"><net_src comp="158" pin="0"/><net_sink comp="2911" pin=6"/></net>

<net id="2927"><net_src comp="160" pin="0"/><net_sink comp="2911" pin=7"/></net>

<net id="2932"><net_src comp="178" pin="0"/><net_sink comp="2928" pin=0"/></net>

<net id="2933"><net_src comp="60" pin="0"/><net_sink comp="2928" pin=1"/></net>

<net id="2938"><net_src comp="178" pin="0"/><net_sink comp="2934" pin=0"/></net>

<net id="2939"><net_src comp="58" pin="0"/><net_sink comp="2934" pin=1"/></net>

<net id="2944"><net_src comp="178" pin="0"/><net_sink comp="2940" pin=0"/></net>

<net id="2945"><net_src comp="56" pin="0"/><net_sink comp="2940" pin=1"/></net>

<net id="2950"><net_src comp="178" pin="0"/><net_sink comp="2946" pin=0"/></net>

<net id="2951"><net_src comp="54" pin="0"/><net_sink comp="2946" pin=1"/></net>

<net id="2956"><net_src comp="178" pin="0"/><net_sink comp="2952" pin=0"/></net>

<net id="2957"><net_src comp="52" pin="0"/><net_sink comp="2952" pin=1"/></net>

<net id="2962"><net_src comp="178" pin="0"/><net_sink comp="2958" pin=0"/></net>

<net id="2963"><net_src comp="50" pin="0"/><net_sink comp="2958" pin=1"/></net>

<net id="2968"><net_src comp="178" pin="0"/><net_sink comp="2964" pin=0"/></net>

<net id="2969"><net_src comp="46" pin="0"/><net_sink comp="2964" pin=1"/></net>

<net id="2974"><net_src comp="178" pin="0"/><net_sink comp="2970" pin=0"/></net>

<net id="2975"><net_src comp="62" pin="0"/><net_sink comp="2970" pin=1"/></net>

<net id="2982"><net_src comp="140" pin="0"/><net_sink comp="2976" pin=0"/></net>

<net id="2983"><net_src comp="2895" pin="2"/><net_sink comp="2976" pin=1"/></net>

<net id="2984"><net_src comp="142" pin="0"/><net_sink comp="2976" pin=2"/></net>

<net id="2985"><net_src comp="144" pin="0"/><net_sink comp="2976" pin=3"/></net>

<net id="2990"><net_src comp="2976" pin="4"/><net_sink comp="2986" pin=0"/></net>

<net id="2991"><net_src comp="60" pin="0"/><net_sink comp="2986" pin=1"/></net>

<net id="2996"><net_src comp="2976" pin="4"/><net_sink comp="2992" pin=0"/></net>

<net id="2997"><net_src comp="58" pin="0"/><net_sink comp="2992" pin=1"/></net>

<net id="3002"><net_src comp="2976" pin="4"/><net_sink comp="2998" pin=0"/></net>

<net id="3003"><net_src comp="56" pin="0"/><net_sink comp="2998" pin=1"/></net>

<net id="3008"><net_src comp="2976" pin="4"/><net_sink comp="3004" pin=0"/></net>

<net id="3009"><net_src comp="54" pin="0"/><net_sink comp="3004" pin=1"/></net>

<net id="3014"><net_src comp="2976" pin="4"/><net_sink comp="3010" pin=0"/></net>

<net id="3015"><net_src comp="52" pin="0"/><net_sink comp="3010" pin=1"/></net>

<net id="3020"><net_src comp="2976" pin="4"/><net_sink comp="3016" pin=0"/></net>

<net id="3021"><net_src comp="50" pin="0"/><net_sink comp="3016" pin=1"/></net>

<net id="3026"><net_src comp="2976" pin="4"/><net_sink comp="3022" pin=0"/></net>

<net id="3027"><net_src comp="46" pin="0"/><net_sink comp="3022" pin=1"/></net>

<net id="3032"><net_src comp="2976" pin="4"/><net_sink comp="3028" pin=0"/></net>

<net id="3033"><net_src comp="62" pin="0"/><net_sink comp="3028" pin=1"/></net>

<net id="3039"><net_src comp="174" pin="0"/><net_sink comp="3034" pin=0"/></net>

<net id="3040"><net_src comp="2976" pin="4"/><net_sink comp="3034" pin=1"/></net>

<net id="3041"><net_src comp="148" pin="0"/><net_sink comp="3034" pin=2"/></net>

<net id="3046"><net_src comp="3034" pin="3"/><net_sink comp="3042" pin=0"/></net>

<net id="3051"><net_src comp="110" pin="0"/><net_sink comp="3047" pin=0"/></net>

<net id="3056"><net_src comp="3034" pin="3"/><net_sink comp="3052" pin=0"/></net>

<net id="3057"><net_src comp="3047" pin="2"/><net_sink comp="3052" pin=1"/></net>

<net id="3068"><net_src comp="148" pin="0"/><net_sink comp="3058" pin=1"/></net>

<net id="3069"><net_src comp="150" pin="0"/><net_sink comp="3058" pin=2"/></net>

<net id="3070"><net_src comp="152" pin="0"/><net_sink comp="3058" pin=3"/></net>

<net id="3071"><net_src comp="154" pin="0"/><net_sink comp="3058" pin=4"/></net>

<net id="3072"><net_src comp="156" pin="0"/><net_sink comp="3058" pin=5"/></net>

<net id="3073"><net_src comp="158" pin="0"/><net_sink comp="3058" pin=6"/></net>

<net id="3074"><net_src comp="160" pin="0"/><net_sink comp="3058" pin=7"/></net>

<net id="3079"><net_src comp="178" pin="0"/><net_sink comp="3075" pin=0"/></net>

<net id="3080"><net_src comp="60" pin="0"/><net_sink comp="3075" pin=1"/></net>

<net id="3085"><net_src comp="178" pin="0"/><net_sink comp="3081" pin=0"/></net>

<net id="3086"><net_src comp="58" pin="0"/><net_sink comp="3081" pin=1"/></net>

<net id="3091"><net_src comp="178" pin="0"/><net_sink comp="3087" pin=0"/></net>

<net id="3092"><net_src comp="56" pin="0"/><net_sink comp="3087" pin=1"/></net>

<net id="3097"><net_src comp="178" pin="0"/><net_sink comp="3093" pin=0"/></net>

<net id="3098"><net_src comp="54" pin="0"/><net_sink comp="3093" pin=1"/></net>

<net id="3103"><net_src comp="178" pin="0"/><net_sink comp="3099" pin=0"/></net>

<net id="3104"><net_src comp="52" pin="0"/><net_sink comp="3099" pin=1"/></net>

<net id="3109"><net_src comp="178" pin="0"/><net_sink comp="3105" pin=0"/></net>

<net id="3110"><net_src comp="50" pin="0"/><net_sink comp="3105" pin=1"/></net>

<net id="3115"><net_src comp="178" pin="0"/><net_sink comp="3111" pin=0"/></net>

<net id="3116"><net_src comp="46" pin="0"/><net_sink comp="3111" pin=1"/></net>

<net id="3121"><net_src comp="178" pin="0"/><net_sink comp="3117" pin=0"/></net>

<net id="3122"><net_src comp="62" pin="0"/><net_sink comp="3117" pin=1"/></net>

<net id="3129"><net_src comp="140" pin="0"/><net_sink comp="3123" pin=0"/></net>

<net id="3130"><net_src comp="3042" pin="2"/><net_sink comp="3123" pin=1"/></net>

<net id="3131"><net_src comp="142" pin="0"/><net_sink comp="3123" pin=2"/></net>

<net id="3132"><net_src comp="144" pin="0"/><net_sink comp="3123" pin=3"/></net>

<net id="3143"><net_src comp="148" pin="0"/><net_sink comp="3133" pin=1"/></net>

<net id="3144"><net_src comp="150" pin="0"/><net_sink comp="3133" pin=2"/></net>

<net id="3145"><net_src comp="152" pin="0"/><net_sink comp="3133" pin=3"/></net>

<net id="3146"><net_src comp="154" pin="0"/><net_sink comp="3133" pin=4"/></net>

<net id="3147"><net_src comp="156" pin="0"/><net_sink comp="3133" pin=5"/></net>

<net id="3148"><net_src comp="158" pin="0"/><net_sink comp="3133" pin=6"/></net>

<net id="3149"><net_src comp="160" pin="0"/><net_sink comp="3133" pin=7"/></net>

<net id="3154"><net_src comp="3123" pin="4"/><net_sink comp="3150" pin=0"/></net>

<net id="3155"><net_src comp="60" pin="0"/><net_sink comp="3150" pin=1"/></net>

<net id="3160"><net_src comp="3123" pin="4"/><net_sink comp="3156" pin=0"/></net>

<net id="3161"><net_src comp="58" pin="0"/><net_sink comp="3156" pin=1"/></net>

<net id="3166"><net_src comp="3123" pin="4"/><net_sink comp="3162" pin=0"/></net>

<net id="3167"><net_src comp="56" pin="0"/><net_sink comp="3162" pin=1"/></net>

<net id="3172"><net_src comp="3123" pin="4"/><net_sink comp="3168" pin=0"/></net>

<net id="3173"><net_src comp="54" pin="0"/><net_sink comp="3168" pin=1"/></net>

<net id="3178"><net_src comp="3123" pin="4"/><net_sink comp="3174" pin=0"/></net>

<net id="3179"><net_src comp="52" pin="0"/><net_sink comp="3174" pin=1"/></net>

<net id="3184"><net_src comp="3123" pin="4"/><net_sink comp="3180" pin=0"/></net>

<net id="3185"><net_src comp="50" pin="0"/><net_sink comp="3180" pin=1"/></net>

<net id="3190"><net_src comp="3123" pin="4"/><net_sink comp="3186" pin=0"/></net>

<net id="3191"><net_src comp="46" pin="0"/><net_sink comp="3186" pin=1"/></net>

<net id="3196"><net_src comp="3123" pin="4"/><net_sink comp="3192" pin=0"/></net>

<net id="3197"><net_src comp="62" pin="0"/><net_sink comp="3192" pin=1"/></net>

<net id="3208"><net_src comp="3201" pin="1"/><net_sink comp="3204" pin=0"/></net>

<net id="3209"><net_src comp="3198" pin="1"/><net_sink comp="3204" pin=1"/></net>

<net id="3213"><net_src comp="46" pin="0"/><net_sink comp="3210" pin=0"/></net>

<net id="3217"><net_src comp="50" pin="0"/><net_sink comp="3214" pin=0"/></net>

<net id="3221"><net_src comp="52" pin="0"/><net_sink comp="3218" pin=0"/></net>

<net id="3225"><net_src comp="54" pin="0"/><net_sink comp="3222" pin=0"/></net>

<net id="3229"><net_src comp="56" pin="0"/><net_sink comp="3226" pin=0"/></net>

<net id="3233"><net_src comp="58" pin="0"/><net_sink comp="3230" pin=0"/></net>

<net id="3237"><net_src comp="60" pin="0"/><net_sink comp="3234" pin=0"/></net>

<net id="3241"><net_src comp="62" pin="0"/><net_sink comp="3238" pin=0"/></net>

<net id="3263"><net_src comp="170" pin="0"/><net_sink comp="3242" pin=0"/></net>

<net id="3264"><net_src comp="148" pin="0"/><net_sink comp="3242" pin=1"/></net>

<net id="3265"><net_src comp="3210" pin="1"/><net_sink comp="3242" pin=2"/></net>

<net id="3266"><net_src comp="150" pin="0"/><net_sink comp="3242" pin=3"/></net>

<net id="3267"><net_src comp="3214" pin="1"/><net_sink comp="3242" pin=4"/></net>

<net id="3268"><net_src comp="152" pin="0"/><net_sink comp="3242" pin=5"/></net>

<net id="3269"><net_src comp="3218" pin="1"/><net_sink comp="3242" pin=6"/></net>

<net id="3270"><net_src comp="154" pin="0"/><net_sink comp="3242" pin=7"/></net>

<net id="3271"><net_src comp="3222" pin="1"/><net_sink comp="3242" pin=8"/></net>

<net id="3272"><net_src comp="156" pin="0"/><net_sink comp="3242" pin=9"/></net>

<net id="3273"><net_src comp="3226" pin="1"/><net_sink comp="3242" pin=10"/></net>

<net id="3274"><net_src comp="158" pin="0"/><net_sink comp="3242" pin=11"/></net>

<net id="3275"><net_src comp="3230" pin="1"/><net_sink comp="3242" pin=12"/></net>

<net id="3276"><net_src comp="160" pin="0"/><net_sink comp="3242" pin=13"/></net>

<net id="3277"><net_src comp="3234" pin="1"/><net_sink comp="3242" pin=14"/></net>

<net id="3278"><net_src comp="166" pin="0"/><net_sink comp="3242" pin=15"/></net>

<net id="3279"><net_src comp="3238" pin="1"/><net_sink comp="3242" pin=16"/></net>

<net id="3280"><net_src comp="172" pin="0"/><net_sink comp="3242" pin=17"/></net>

<net id="3286"><net_src comp="174" pin="0"/><net_sink comp="3281" pin=0"/></net>

<net id="3287"><net_src comp="3242" pin="19"/><net_sink comp="3281" pin=1"/></net>

<net id="3288"><net_src comp="148" pin="0"/><net_sink comp="3281" pin=2"/></net>

<net id="3293"><net_src comp="3281" pin="3"/><net_sink comp="3289" pin=0"/></net>

<net id="3298"><net_src comp="110" pin="0"/><net_sink comp="3294" pin=0"/></net>

<net id="3303"><net_src comp="3281" pin="3"/><net_sink comp="3299" pin=0"/></net>

<net id="3304"><net_src comp="3294" pin="2"/><net_sink comp="3299" pin=1"/></net>

<net id="3315"><net_src comp="148" pin="0"/><net_sink comp="3305" pin=1"/></net>

<net id="3316"><net_src comp="150" pin="0"/><net_sink comp="3305" pin=2"/></net>

<net id="3317"><net_src comp="152" pin="0"/><net_sink comp="3305" pin=3"/></net>

<net id="3318"><net_src comp="154" pin="0"/><net_sink comp="3305" pin=4"/></net>

<net id="3319"><net_src comp="156" pin="0"/><net_sink comp="3305" pin=5"/></net>

<net id="3320"><net_src comp="158" pin="0"/><net_sink comp="3305" pin=6"/></net>

<net id="3321"><net_src comp="160" pin="0"/><net_sink comp="3305" pin=7"/></net>

<net id="3326"><net_src comp="178" pin="0"/><net_sink comp="3322" pin=0"/></net>

<net id="3327"><net_src comp="60" pin="0"/><net_sink comp="3322" pin=1"/></net>

<net id="3332"><net_src comp="178" pin="0"/><net_sink comp="3328" pin=0"/></net>

<net id="3333"><net_src comp="58" pin="0"/><net_sink comp="3328" pin=1"/></net>

<net id="3338"><net_src comp="178" pin="0"/><net_sink comp="3334" pin=0"/></net>

<net id="3339"><net_src comp="56" pin="0"/><net_sink comp="3334" pin=1"/></net>

<net id="3344"><net_src comp="178" pin="0"/><net_sink comp="3340" pin=0"/></net>

<net id="3345"><net_src comp="54" pin="0"/><net_sink comp="3340" pin=1"/></net>

<net id="3350"><net_src comp="178" pin="0"/><net_sink comp="3346" pin=0"/></net>

<net id="3351"><net_src comp="52" pin="0"/><net_sink comp="3346" pin=1"/></net>

<net id="3356"><net_src comp="178" pin="0"/><net_sink comp="3352" pin=0"/></net>

<net id="3357"><net_src comp="50" pin="0"/><net_sink comp="3352" pin=1"/></net>

<net id="3362"><net_src comp="178" pin="0"/><net_sink comp="3358" pin=0"/></net>

<net id="3363"><net_src comp="46" pin="0"/><net_sink comp="3358" pin=1"/></net>

<net id="3368"><net_src comp="178" pin="0"/><net_sink comp="3364" pin=0"/></net>

<net id="3369"><net_src comp="62" pin="0"/><net_sink comp="3364" pin=1"/></net>

<net id="3376"><net_src comp="140" pin="0"/><net_sink comp="3370" pin=0"/></net>

<net id="3377"><net_src comp="3289" pin="2"/><net_sink comp="3370" pin=1"/></net>

<net id="3378"><net_src comp="142" pin="0"/><net_sink comp="3370" pin=2"/></net>

<net id="3379"><net_src comp="144" pin="0"/><net_sink comp="3370" pin=3"/></net>

<net id="3390"><net_src comp="148" pin="0"/><net_sink comp="3380" pin=1"/></net>

<net id="3391"><net_src comp="150" pin="0"/><net_sink comp="3380" pin=2"/></net>

<net id="3392"><net_src comp="152" pin="0"/><net_sink comp="3380" pin=3"/></net>

<net id="3393"><net_src comp="154" pin="0"/><net_sink comp="3380" pin=4"/></net>

<net id="3394"><net_src comp="156" pin="0"/><net_sink comp="3380" pin=5"/></net>

<net id="3395"><net_src comp="158" pin="0"/><net_sink comp="3380" pin=6"/></net>

<net id="3396"><net_src comp="160" pin="0"/><net_sink comp="3380" pin=7"/></net>

<net id="3401"><net_src comp="3370" pin="4"/><net_sink comp="3397" pin=0"/></net>

<net id="3402"><net_src comp="60" pin="0"/><net_sink comp="3397" pin=1"/></net>

<net id="3407"><net_src comp="3370" pin="4"/><net_sink comp="3403" pin=0"/></net>

<net id="3408"><net_src comp="58" pin="0"/><net_sink comp="3403" pin=1"/></net>

<net id="3413"><net_src comp="3370" pin="4"/><net_sink comp="3409" pin=0"/></net>

<net id="3414"><net_src comp="56" pin="0"/><net_sink comp="3409" pin=1"/></net>

<net id="3419"><net_src comp="3370" pin="4"/><net_sink comp="3415" pin=0"/></net>

<net id="3420"><net_src comp="54" pin="0"/><net_sink comp="3415" pin=1"/></net>

<net id="3425"><net_src comp="3370" pin="4"/><net_sink comp="3421" pin=0"/></net>

<net id="3426"><net_src comp="52" pin="0"/><net_sink comp="3421" pin=1"/></net>

<net id="3431"><net_src comp="3370" pin="4"/><net_sink comp="3427" pin=0"/></net>

<net id="3432"><net_src comp="50" pin="0"/><net_sink comp="3427" pin=1"/></net>

<net id="3437"><net_src comp="3370" pin="4"/><net_sink comp="3433" pin=0"/></net>

<net id="3438"><net_src comp="46" pin="0"/><net_sink comp="3433" pin=1"/></net>

<net id="3443"><net_src comp="3370" pin="4"/><net_sink comp="3439" pin=0"/></net>

<net id="3444"><net_src comp="62" pin="0"/><net_sink comp="3439" pin=1"/></net>

<net id="3455"><net_src comp="3448" pin="1"/><net_sink comp="3451" pin=0"/></net>

<net id="3456"><net_src comp="3445" pin="1"/><net_sink comp="3451" pin=1"/></net>

<net id="3460"><net_src comp="46" pin="0"/><net_sink comp="3457" pin=0"/></net>

<net id="3464"><net_src comp="50" pin="0"/><net_sink comp="3461" pin=0"/></net>

<net id="3468"><net_src comp="52" pin="0"/><net_sink comp="3465" pin=0"/></net>

<net id="3472"><net_src comp="54" pin="0"/><net_sink comp="3469" pin=0"/></net>

<net id="3476"><net_src comp="56" pin="0"/><net_sink comp="3473" pin=0"/></net>

<net id="3480"><net_src comp="58" pin="0"/><net_sink comp="3477" pin=0"/></net>

<net id="3484"><net_src comp="60" pin="0"/><net_sink comp="3481" pin=0"/></net>

<net id="3488"><net_src comp="62" pin="0"/><net_sink comp="3485" pin=0"/></net>

<net id="3510"><net_src comp="170" pin="0"/><net_sink comp="3489" pin=0"/></net>

<net id="3511"><net_src comp="148" pin="0"/><net_sink comp="3489" pin=1"/></net>

<net id="3512"><net_src comp="3457" pin="1"/><net_sink comp="3489" pin=2"/></net>

<net id="3513"><net_src comp="150" pin="0"/><net_sink comp="3489" pin=3"/></net>

<net id="3514"><net_src comp="3461" pin="1"/><net_sink comp="3489" pin=4"/></net>

<net id="3515"><net_src comp="152" pin="0"/><net_sink comp="3489" pin=5"/></net>

<net id="3516"><net_src comp="3465" pin="1"/><net_sink comp="3489" pin=6"/></net>

<net id="3517"><net_src comp="154" pin="0"/><net_sink comp="3489" pin=7"/></net>

<net id="3518"><net_src comp="3469" pin="1"/><net_sink comp="3489" pin=8"/></net>

<net id="3519"><net_src comp="156" pin="0"/><net_sink comp="3489" pin=9"/></net>

<net id="3520"><net_src comp="3473" pin="1"/><net_sink comp="3489" pin=10"/></net>

<net id="3521"><net_src comp="158" pin="0"/><net_sink comp="3489" pin=11"/></net>

<net id="3522"><net_src comp="3477" pin="1"/><net_sink comp="3489" pin=12"/></net>

<net id="3523"><net_src comp="160" pin="0"/><net_sink comp="3489" pin=13"/></net>

<net id="3524"><net_src comp="3481" pin="1"/><net_sink comp="3489" pin=14"/></net>

<net id="3525"><net_src comp="166" pin="0"/><net_sink comp="3489" pin=15"/></net>

<net id="3526"><net_src comp="3485" pin="1"/><net_sink comp="3489" pin=16"/></net>

<net id="3527"><net_src comp="172" pin="0"/><net_sink comp="3489" pin=17"/></net>

<net id="3533"><net_src comp="174" pin="0"/><net_sink comp="3528" pin=0"/></net>

<net id="3534"><net_src comp="3489" pin="19"/><net_sink comp="3528" pin=1"/></net>

<net id="3535"><net_src comp="148" pin="0"/><net_sink comp="3528" pin=2"/></net>

<net id="3540"><net_src comp="3528" pin="3"/><net_sink comp="3536" pin=0"/></net>

<net id="3545"><net_src comp="110" pin="0"/><net_sink comp="3541" pin=0"/></net>

<net id="3550"><net_src comp="3528" pin="3"/><net_sink comp="3546" pin=0"/></net>

<net id="3551"><net_src comp="3541" pin="2"/><net_sink comp="3546" pin=1"/></net>

<net id="3562"><net_src comp="148" pin="0"/><net_sink comp="3552" pin=1"/></net>

<net id="3563"><net_src comp="150" pin="0"/><net_sink comp="3552" pin=2"/></net>

<net id="3564"><net_src comp="152" pin="0"/><net_sink comp="3552" pin=3"/></net>

<net id="3565"><net_src comp="154" pin="0"/><net_sink comp="3552" pin=4"/></net>

<net id="3566"><net_src comp="156" pin="0"/><net_sink comp="3552" pin=5"/></net>

<net id="3567"><net_src comp="158" pin="0"/><net_sink comp="3552" pin=6"/></net>

<net id="3568"><net_src comp="160" pin="0"/><net_sink comp="3552" pin=7"/></net>

<net id="3573"><net_src comp="178" pin="0"/><net_sink comp="3569" pin=0"/></net>

<net id="3574"><net_src comp="60" pin="0"/><net_sink comp="3569" pin=1"/></net>

<net id="3579"><net_src comp="178" pin="0"/><net_sink comp="3575" pin=0"/></net>

<net id="3580"><net_src comp="58" pin="0"/><net_sink comp="3575" pin=1"/></net>

<net id="3585"><net_src comp="178" pin="0"/><net_sink comp="3581" pin=0"/></net>

<net id="3586"><net_src comp="56" pin="0"/><net_sink comp="3581" pin=1"/></net>

<net id="3591"><net_src comp="178" pin="0"/><net_sink comp="3587" pin=0"/></net>

<net id="3592"><net_src comp="54" pin="0"/><net_sink comp="3587" pin=1"/></net>

<net id="3597"><net_src comp="178" pin="0"/><net_sink comp="3593" pin=0"/></net>

<net id="3598"><net_src comp="52" pin="0"/><net_sink comp="3593" pin=1"/></net>

<net id="3603"><net_src comp="178" pin="0"/><net_sink comp="3599" pin=0"/></net>

<net id="3604"><net_src comp="50" pin="0"/><net_sink comp="3599" pin=1"/></net>

<net id="3609"><net_src comp="178" pin="0"/><net_sink comp="3605" pin=0"/></net>

<net id="3610"><net_src comp="46" pin="0"/><net_sink comp="3605" pin=1"/></net>

<net id="3615"><net_src comp="178" pin="0"/><net_sink comp="3611" pin=0"/></net>

<net id="3616"><net_src comp="62" pin="0"/><net_sink comp="3611" pin=1"/></net>

<net id="3623"><net_src comp="140" pin="0"/><net_sink comp="3617" pin=0"/></net>

<net id="3624"><net_src comp="3536" pin="2"/><net_sink comp="3617" pin=1"/></net>

<net id="3625"><net_src comp="142" pin="0"/><net_sink comp="3617" pin=2"/></net>

<net id="3626"><net_src comp="144" pin="0"/><net_sink comp="3617" pin=3"/></net>

<net id="3637"><net_src comp="148" pin="0"/><net_sink comp="3627" pin=1"/></net>

<net id="3638"><net_src comp="150" pin="0"/><net_sink comp="3627" pin=2"/></net>

<net id="3639"><net_src comp="152" pin="0"/><net_sink comp="3627" pin=3"/></net>

<net id="3640"><net_src comp="154" pin="0"/><net_sink comp="3627" pin=4"/></net>

<net id="3641"><net_src comp="156" pin="0"/><net_sink comp="3627" pin=5"/></net>

<net id="3642"><net_src comp="158" pin="0"/><net_sink comp="3627" pin=6"/></net>

<net id="3643"><net_src comp="160" pin="0"/><net_sink comp="3627" pin=7"/></net>

<net id="3648"><net_src comp="3617" pin="4"/><net_sink comp="3644" pin=0"/></net>

<net id="3649"><net_src comp="60" pin="0"/><net_sink comp="3644" pin=1"/></net>

<net id="3654"><net_src comp="3617" pin="4"/><net_sink comp="3650" pin=0"/></net>

<net id="3655"><net_src comp="58" pin="0"/><net_sink comp="3650" pin=1"/></net>

<net id="3660"><net_src comp="3617" pin="4"/><net_sink comp="3656" pin=0"/></net>

<net id="3661"><net_src comp="56" pin="0"/><net_sink comp="3656" pin=1"/></net>

<net id="3666"><net_src comp="3617" pin="4"/><net_sink comp="3662" pin=0"/></net>

<net id="3667"><net_src comp="54" pin="0"/><net_sink comp="3662" pin=1"/></net>

<net id="3672"><net_src comp="3617" pin="4"/><net_sink comp="3668" pin=0"/></net>

<net id="3673"><net_src comp="52" pin="0"/><net_sink comp="3668" pin=1"/></net>

<net id="3678"><net_src comp="3617" pin="4"/><net_sink comp="3674" pin=0"/></net>

<net id="3679"><net_src comp="50" pin="0"/><net_sink comp="3674" pin=1"/></net>

<net id="3684"><net_src comp="3617" pin="4"/><net_sink comp="3680" pin=0"/></net>

<net id="3685"><net_src comp="46" pin="0"/><net_sink comp="3680" pin=1"/></net>

<net id="3690"><net_src comp="3617" pin="4"/><net_sink comp="3686" pin=0"/></net>

<net id="3691"><net_src comp="62" pin="0"/><net_sink comp="3686" pin=1"/></net>

<net id="3702"><net_src comp="3695" pin="1"/><net_sink comp="3698" pin=0"/></net>

<net id="3703"><net_src comp="3692" pin="1"/><net_sink comp="3698" pin=1"/></net>

<net id="3714"><net_src comp="148" pin="0"/><net_sink comp="3704" pin=1"/></net>

<net id="3715"><net_src comp="150" pin="0"/><net_sink comp="3704" pin=2"/></net>

<net id="3716"><net_src comp="152" pin="0"/><net_sink comp="3704" pin=3"/></net>

<net id="3717"><net_src comp="154" pin="0"/><net_sink comp="3704" pin=4"/></net>

<net id="3718"><net_src comp="156" pin="0"/><net_sink comp="3704" pin=5"/></net>

<net id="3719"><net_src comp="158" pin="0"/><net_sink comp="3704" pin=6"/></net>

<net id="3720"><net_src comp="160" pin="0"/><net_sink comp="3704" pin=7"/></net>

<net id="3724"><net_src comp="46" pin="0"/><net_sink comp="3721" pin=0"/></net>

<net id="3728"><net_src comp="50" pin="0"/><net_sink comp="3725" pin=0"/></net>

<net id="3732"><net_src comp="52" pin="0"/><net_sink comp="3729" pin=0"/></net>

<net id="3736"><net_src comp="54" pin="0"/><net_sink comp="3733" pin=0"/></net>

<net id="3740"><net_src comp="56" pin="0"/><net_sink comp="3737" pin=0"/></net>

<net id="3744"><net_src comp="58" pin="0"/><net_sink comp="3741" pin=0"/></net>

<net id="3748"><net_src comp="60" pin="0"/><net_sink comp="3745" pin=0"/></net>

<net id="3752"><net_src comp="62" pin="0"/><net_sink comp="3749" pin=0"/></net>

<net id="3774"><net_src comp="170" pin="0"/><net_sink comp="3753" pin=0"/></net>

<net id="3775"><net_src comp="148" pin="0"/><net_sink comp="3753" pin=1"/></net>

<net id="3776"><net_src comp="3721" pin="1"/><net_sink comp="3753" pin=2"/></net>

<net id="3777"><net_src comp="150" pin="0"/><net_sink comp="3753" pin=3"/></net>

<net id="3778"><net_src comp="3725" pin="1"/><net_sink comp="3753" pin=4"/></net>

<net id="3779"><net_src comp="152" pin="0"/><net_sink comp="3753" pin=5"/></net>

<net id="3780"><net_src comp="3729" pin="1"/><net_sink comp="3753" pin=6"/></net>

<net id="3781"><net_src comp="154" pin="0"/><net_sink comp="3753" pin=7"/></net>

<net id="3782"><net_src comp="3733" pin="1"/><net_sink comp="3753" pin=8"/></net>

<net id="3783"><net_src comp="156" pin="0"/><net_sink comp="3753" pin=9"/></net>

<net id="3784"><net_src comp="3737" pin="1"/><net_sink comp="3753" pin=10"/></net>

<net id="3785"><net_src comp="158" pin="0"/><net_sink comp="3753" pin=11"/></net>

<net id="3786"><net_src comp="3741" pin="1"/><net_sink comp="3753" pin=12"/></net>

<net id="3787"><net_src comp="160" pin="0"/><net_sink comp="3753" pin=13"/></net>

<net id="3788"><net_src comp="3745" pin="1"/><net_sink comp="3753" pin=14"/></net>

<net id="3789"><net_src comp="166" pin="0"/><net_sink comp="3753" pin=15"/></net>

<net id="3790"><net_src comp="3749" pin="1"/><net_sink comp="3753" pin=16"/></net>

<net id="3791"><net_src comp="172" pin="0"/><net_sink comp="3753" pin=17"/></net>

<net id="3797"><net_src comp="174" pin="0"/><net_sink comp="3792" pin=0"/></net>

<net id="3798"><net_src comp="3753" pin="19"/><net_sink comp="3792" pin=1"/></net>

<net id="3799"><net_src comp="148" pin="0"/><net_sink comp="3792" pin=2"/></net>

<net id="3804"><net_src comp="3792" pin="3"/><net_sink comp="3800" pin=0"/></net>

<net id="3809"><net_src comp="110" pin="0"/><net_sink comp="3805" pin=0"/></net>

<net id="3814"><net_src comp="3792" pin="3"/><net_sink comp="3810" pin=0"/></net>

<net id="3815"><net_src comp="3805" pin="2"/><net_sink comp="3810" pin=1"/></net>

<net id="3826"><net_src comp="148" pin="0"/><net_sink comp="3816" pin=1"/></net>

<net id="3827"><net_src comp="150" pin="0"/><net_sink comp="3816" pin=2"/></net>

<net id="3828"><net_src comp="152" pin="0"/><net_sink comp="3816" pin=3"/></net>

<net id="3829"><net_src comp="154" pin="0"/><net_sink comp="3816" pin=4"/></net>

<net id="3830"><net_src comp="156" pin="0"/><net_sink comp="3816" pin=5"/></net>

<net id="3831"><net_src comp="158" pin="0"/><net_sink comp="3816" pin=6"/></net>

<net id="3832"><net_src comp="160" pin="0"/><net_sink comp="3816" pin=7"/></net>

<net id="3837"><net_src comp="178" pin="0"/><net_sink comp="3833" pin=0"/></net>

<net id="3838"><net_src comp="60" pin="0"/><net_sink comp="3833" pin=1"/></net>

<net id="3843"><net_src comp="178" pin="0"/><net_sink comp="3839" pin=0"/></net>

<net id="3844"><net_src comp="58" pin="0"/><net_sink comp="3839" pin=1"/></net>

<net id="3849"><net_src comp="178" pin="0"/><net_sink comp="3845" pin=0"/></net>

<net id="3850"><net_src comp="56" pin="0"/><net_sink comp="3845" pin=1"/></net>

<net id="3855"><net_src comp="178" pin="0"/><net_sink comp="3851" pin=0"/></net>

<net id="3856"><net_src comp="54" pin="0"/><net_sink comp="3851" pin=1"/></net>

<net id="3861"><net_src comp="178" pin="0"/><net_sink comp="3857" pin=0"/></net>

<net id="3862"><net_src comp="52" pin="0"/><net_sink comp="3857" pin=1"/></net>

<net id="3867"><net_src comp="178" pin="0"/><net_sink comp="3863" pin=0"/></net>

<net id="3868"><net_src comp="50" pin="0"/><net_sink comp="3863" pin=1"/></net>

<net id="3873"><net_src comp="178" pin="0"/><net_sink comp="3869" pin=0"/></net>

<net id="3874"><net_src comp="46" pin="0"/><net_sink comp="3869" pin=1"/></net>

<net id="3879"><net_src comp="178" pin="0"/><net_sink comp="3875" pin=0"/></net>

<net id="3880"><net_src comp="62" pin="0"/><net_sink comp="3875" pin=1"/></net>

<net id="3887"><net_src comp="140" pin="0"/><net_sink comp="3881" pin=0"/></net>

<net id="3888"><net_src comp="3800" pin="2"/><net_sink comp="3881" pin=1"/></net>

<net id="3889"><net_src comp="142" pin="0"/><net_sink comp="3881" pin=2"/></net>

<net id="3890"><net_src comp="144" pin="0"/><net_sink comp="3881" pin=3"/></net>

<net id="3895"><net_src comp="3881" pin="4"/><net_sink comp="3891" pin=0"/></net>

<net id="3896"><net_src comp="60" pin="0"/><net_sink comp="3891" pin=1"/></net>

<net id="3901"><net_src comp="3881" pin="4"/><net_sink comp="3897" pin=0"/></net>

<net id="3902"><net_src comp="58" pin="0"/><net_sink comp="3897" pin=1"/></net>

<net id="3907"><net_src comp="3881" pin="4"/><net_sink comp="3903" pin=0"/></net>

<net id="3908"><net_src comp="56" pin="0"/><net_sink comp="3903" pin=1"/></net>

<net id="3913"><net_src comp="3881" pin="4"/><net_sink comp="3909" pin=0"/></net>

<net id="3914"><net_src comp="54" pin="0"/><net_sink comp="3909" pin=1"/></net>

<net id="3919"><net_src comp="3881" pin="4"/><net_sink comp="3915" pin=0"/></net>

<net id="3920"><net_src comp="52" pin="0"/><net_sink comp="3915" pin=1"/></net>

<net id="3925"><net_src comp="3881" pin="4"/><net_sink comp="3921" pin=0"/></net>

<net id="3926"><net_src comp="50" pin="0"/><net_sink comp="3921" pin=1"/></net>

<net id="3931"><net_src comp="3881" pin="4"/><net_sink comp="3927" pin=0"/></net>

<net id="3932"><net_src comp="46" pin="0"/><net_sink comp="3927" pin=1"/></net>

<net id="3937"><net_src comp="3881" pin="4"/><net_sink comp="3933" pin=0"/></net>

<net id="3938"><net_src comp="62" pin="0"/><net_sink comp="3933" pin=1"/></net>

<net id="3944"><net_src comp="1508" pin="1"/><net_sink comp="3939" pin=0"/></net>

<net id="3945"><net_src comp="1504" pin="1"/><net_sink comp="3939" pin=1"/></net>

<net id="3946"><net_src comp="1903" pin="1"/><net_sink comp="3939" pin=2"/></net>

<net id="3947"><net_src comp="3939" pin="3"/><net_sink comp="1907" pin=0"/></net>

<net id="3948"><net_src comp="3939" pin="3"/><net_sink comp="1977" pin=1"/></net>

<net id="3952"><net_src comp="182" pin="1"/><net_sink comp="3949" pin=0"/></net>

<net id="3953"><net_src comp="3949" pin="1"/><net_sink comp="1090" pin=1"/></net>

<net id="3954"><net_src comp="3949" pin="1"/><net_sink comp="1139" pin=0"/></net>

<net id="3955"><net_src comp="3949" pin="1"/><net_sink comp="1460" pin=1"/></net>

<net id="3959"><net_src comp="186" pin="1"/><net_sink comp="3956" pin=0"/></net>

<net id="3960"><net_src comp="3956" pin="1"/><net_sink comp="1085" pin=1"/></net>

<net id="3961"><net_src comp="3956" pin="1"/><net_sink comp="1095" pin=0"/></net>

<net id="3962"><net_src comp="3956" pin="1"/><net_sink comp="1134" pin=1"/></net>

<net id="3966"><net_src comp="196" pin="2"/><net_sink comp="3963" pin=0"/></net>

<net id="3970"><net_src comp="214" pin="2"/><net_sink comp="3967" pin=0"/></net>

<net id="3971"><net_src comp="3967" pin="1"/><net_sink comp="1154" pin=1"/></net>

<net id="3975"><net_src comp="220" pin="2"/><net_sink comp="3972" pin=0"/></net>

<net id="3979"><net_src comp="232" pin="2"/><net_sink comp="3976" pin=0"/></net>

<net id="3983"><net_src comp="250" pin="2"/><net_sink comp="3980" pin=0"/></net>

<net id="3987"><net_src comp="1045" pin="1"/><net_sink comp="3984" pin=0"/></net>

<net id="3988"><net_src comp="3984" pin="1"/><net_sink comp="1237" pin=1"/></net>

<net id="3989"><net_src comp="3984" pin="1"/><net_sink comp="1341" pin=1"/></net>

<net id="3990"><net_src comp="3984" pin="1"/><net_sink comp="1433" pin=1"/></net>

<net id="3994"><net_src comp="1049" pin="1"/><net_sink comp="3991" pin=0"/></net>

<net id="3995"><net_src comp="3991" pin="1"/><net_sink comp="1210" pin=1"/></net>

<net id="3996"><net_src comp="3991" pin="1"/><net_sink comp="1296" pin=1"/></net>

<net id="3997"><net_src comp="3991" pin="1"/><net_sink comp="1406" pin=1"/></net>

<net id="4001"><net_src comp="1053" pin="1"/><net_sink comp="3998" pin=0"/></net>

<net id="4002"><net_src comp="3998" pin="1"/><net_sink comp="1178" pin=1"/></net>

<net id="4003"><net_src comp="3998" pin="1"/><net_sink comp="1264" pin=1"/></net>

<net id="4004"><net_src comp="3998" pin="1"/><net_sink comp="1374" pin=1"/></net>

<net id="4008"><net_src comp="1057" pin="1"/><net_sink comp="4005" pin=0"/></net>

<net id="4009"><net_src comp="4005" pin="1"/><net_sink comp="1183" pin=1"/></net>

<net id="4010"><net_src comp="4005" pin="1"/><net_sink comp="1269" pin=1"/></net>

<net id="4011"><net_src comp="4005" pin="1"/><net_sink comp="1379" pin=1"/></net>

<net id="4015"><net_src comp="1061" pin="2"/><net_sink comp="4012" pin=0"/></net>

<net id="4019"><net_src comp="1067" pin="2"/><net_sink comp="4016" pin=0"/></net>

<net id="4023"><net_src comp="1073" pin="2"/><net_sink comp="4020" pin=0"/></net>

<net id="4027"><net_src comp="1079" pin="2"/><net_sink comp="4024" pin=0"/></net>

<net id="4031"><net_src comp="1095" pin="1"/><net_sink comp="4028" pin=0"/></net>

<net id="4032"><net_src comp="4028" pin="1"/><net_sink comp="1142" pin=0"/></net>

<net id="4033"><net_src comp="4028" pin="1"/><net_sink comp="1145" pin=0"/></net>

<net id="4037"><net_src comp="1098" pin="2"/><net_sink comp="4034" pin=0"/></net>

<net id="4041"><net_src comp="1128" pin="2"/><net_sink comp="4038" pin=0"/></net>

<net id="4042"><net_src comp="4038" pin="1"/><net_sink comp="1465" pin=18"/></net>

<net id="4043"><net_src comp="4038" pin="1"/><net_sink comp="1512" pin=18"/></net>

<net id="4044"><net_src comp="4038" pin="1"/><net_sink comp="1551" pin=18"/></net>

<net id="4045"><net_src comp="4038" pin="1"/><net_sink comp="1590" pin=18"/></net>

<net id="4046"><net_src comp="4038" pin="1"/><net_sink comp="1629" pin=18"/></net>

<net id="4047"><net_src comp="4038" pin="1"/><net_sink comp="1668" pin=18"/></net>

<net id="4048"><net_src comp="4038" pin="1"/><net_sink comp="1707" pin=18"/></net>

<net id="4049"><net_src comp="4038" pin="1"/><net_sink comp="1746" pin=18"/></net>

<net id="4050"><net_src comp="4038" pin="1"/><net_sink comp="1785" pin=18"/></net>

<net id="4054"><net_src comp="1145" pin="1"/><net_sink comp="4051" pin=0"/></net>

<net id="4055"><net_src comp="4051" pin="1"/><net_sink comp="1856" pin=18"/></net>

<net id="4056"><net_src comp="4051" pin="1"/><net_sink comp="1912" pin=0"/></net>

<net id="4057"><net_src comp="4051" pin="1"/><net_sink comp="1986" pin=0"/></net>

<net id="4058"><net_src comp="4051" pin="1"/><net_sink comp="2095" pin=18"/></net>

<net id="4059"><net_src comp="4051" pin="1"/><net_sink comp="2158" pin=0"/></net>

<net id="4060"><net_src comp="4051" pin="1"/><net_sink comp="2233" pin=0"/></net>

<net id="4061"><net_src comp="4051" pin="1"/><net_sink comp="2342" pin=18"/></net>

<net id="4062"><net_src comp="4051" pin="1"/><net_sink comp="2405" pin=0"/></net>

<net id="4063"><net_src comp="4051" pin="1"/><net_sink comp="2480" pin=0"/></net>

<net id="4064"><net_src comp="4051" pin="1"/><net_sink comp="2589" pin=18"/></net>

<net id="4065"><net_src comp="4051" pin="1"/><net_sink comp="2652" pin=0"/></net>

<net id="4066"><net_src comp="4051" pin="1"/><net_sink comp="2727" pin=0"/></net>

<net id="4067"><net_src comp="4051" pin="1"/><net_sink comp="2848" pin=18"/></net>

<net id="4068"><net_src comp="4051" pin="1"/><net_sink comp="2911" pin=0"/></net>

<net id="4069"><net_src comp="4051" pin="1"/><net_sink comp="3058" pin=0"/></net>

<net id="4070"><net_src comp="4051" pin="1"/><net_sink comp="3133" pin=0"/></net>

<net id="4071"><net_src comp="4051" pin="1"/><net_sink comp="3242" pin=18"/></net>

<net id="4072"><net_src comp="4051" pin="1"/><net_sink comp="3305" pin=0"/></net>

<net id="4073"><net_src comp="4051" pin="1"/><net_sink comp="3380" pin=0"/></net>

<net id="4074"><net_src comp="4051" pin="1"/><net_sink comp="3489" pin=18"/></net>

<net id="4075"><net_src comp="4051" pin="1"/><net_sink comp="3552" pin=0"/></net>

<net id="4076"><net_src comp="4051" pin="1"/><net_sink comp="3627" pin=0"/></net>

<net id="4077"><net_src comp="4051" pin="1"/><net_sink comp="3704" pin=0"/></net>

<net id="4078"><net_src comp="4051" pin="1"/><net_sink comp="3753" pin=18"/></net>

<net id="4079"><net_src comp="4051" pin="1"/><net_sink comp="3816" pin=0"/></net>

<net id="4083"><net_src comp="280" pin="3"/><net_sink comp="4080" pin=0"/></net>

<net id="4084"><net_src comp="4080" pin="1"/><net_sink comp="336" pin=2"/></net>

<net id="4088"><net_src comp="287" pin="3"/><net_sink comp="4085" pin=0"/></net>

<net id="4089"><net_src comp="4085" pin="1"/><net_sink comp="346" pin=2"/></net>

<net id="4093"><net_src comp="294" pin="3"/><net_sink comp="4090" pin=0"/></net>

<net id="4094"><net_src comp="4090" pin="1"/><net_sink comp="356" pin=2"/></net>

<net id="4098"><net_src comp="301" pin="3"/><net_sink comp="4095" pin=0"/></net>

<net id="4099"><net_src comp="4095" pin="1"/><net_sink comp="366" pin=2"/></net>

<net id="4103"><net_src comp="308" pin="3"/><net_sink comp="4100" pin=0"/></net>

<net id="4104"><net_src comp="4100" pin="1"/><net_sink comp="376" pin=2"/></net>

<net id="4108"><net_src comp="315" pin="3"/><net_sink comp="4105" pin=0"/></net>

<net id="4109"><net_src comp="4105" pin="1"/><net_sink comp="386" pin=2"/></net>

<net id="4113"><net_src comp="322" pin="3"/><net_sink comp="4110" pin=0"/></net>

<net id="4114"><net_src comp="4110" pin="1"/><net_sink comp="396" pin=2"/></net>

<net id="4118"><net_src comp="329" pin="3"/><net_sink comp="4115" pin=0"/></net>

<net id="4119"><net_src comp="4115" pin="1"/><net_sink comp="406" pin=2"/></net>

<net id="4123"><net_src comp="416" pin="3"/><net_sink comp="4120" pin=0"/></net>

<net id="4124"><net_src comp="4120" pin="1"/><net_sink comp="423" pin=0"/></net>

<net id="4128"><net_src comp="429" pin="3"/><net_sink comp="4125" pin=0"/></net>

<net id="4129"><net_src comp="4125" pin="1"/><net_sink comp="336" pin=0"/></net>

<net id="4133"><net_src comp="436" pin="3"/><net_sink comp="4130" pin=0"/></net>

<net id="4134"><net_src comp="4130" pin="1"/><net_sink comp="346" pin=0"/></net>

<net id="4138"><net_src comp="443" pin="3"/><net_sink comp="4135" pin=0"/></net>

<net id="4139"><net_src comp="4135" pin="1"/><net_sink comp="356" pin=0"/></net>

<net id="4143"><net_src comp="450" pin="3"/><net_sink comp="4140" pin=0"/></net>

<net id="4144"><net_src comp="4140" pin="1"/><net_sink comp="366" pin=0"/></net>

<net id="4148"><net_src comp="457" pin="3"/><net_sink comp="4145" pin=0"/></net>

<net id="4149"><net_src comp="4145" pin="1"/><net_sink comp="376" pin=0"/></net>

<net id="4153"><net_src comp="464" pin="3"/><net_sink comp="4150" pin=0"/></net>

<net id="4154"><net_src comp="4150" pin="1"/><net_sink comp="386" pin=0"/></net>

<net id="4158"><net_src comp="471" pin="3"/><net_sink comp="4155" pin=0"/></net>

<net id="4159"><net_src comp="4155" pin="1"/><net_sink comp="396" pin=0"/></net>

<net id="4163"><net_src comp="478" pin="3"/><net_sink comp="4160" pin=0"/></net>

<net id="4164"><net_src comp="4160" pin="1"/><net_sink comp="406" pin=0"/></net>

<net id="4168"><net_src comp="493" pin="3"/><net_sink comp="4165" pin=0"/></net>

<net id="4169"><net_src comp="4165" pin="1"/><net_sink comp="500" pin=0"/></net>

<net id="4173"><net_src comp="506" pin="3"/><net_sink comp="4170" pin=0"/></net>

<net id="4174"><net_src comp="4170" pin="1"/><net_sink comp="336" pin=0"/></net>

<net id="4178"><net_src comp="513" pin="3"/><net_sink comp="4175" pin=0"/></net>

<net id="4179"><net_src comp="4175" pin="1"/><net_sink comp="346" pin=0"/></net>

<net id="4183"><net_src comp="520" pin="3"/><net_sink comp="4180" pin=0"/></net>

<net id="4184"><net_src comp="4180" pin="1"/><net_sink comp="356" pin=0"/></net>

<net id="4188"><net_src comp="527" pin="3"/><net_sink comp="4185" pin=0"/></net>

<net id="4189"><net_src comp="4185" pin="1"/><net_sink comp="366" pin=0"/></net>

<net id="4193"><net_src comp="534" pin="3"/><net_sink comp="4190" pin=0"/></net>

<net id="4194"><net_src comp="4190" pin="1"/><net_sink comp="376" pin=0"/></net>

<net id="4198"><net_src comp="541" pin="3"/><net_sink comp="4195" pin=0"/></net>

<net id="4199"><net_src comp="4195" pin="1"/><net_sink comp="386" pin=0"/></net>

<net id="4203"><net_src comp="548" pin="3"/><net_sink comp="4200" pin=0"/></net>

<net id="4204"><net_src comp="4200" pin="1"/><net_sink comp="396" pin=0"/></net>

<net id="4208"><net_src comp="555" pin="3"/><net_sink comp="4205" pin=0"/></net>

<net id="4209"><net_src comp="4205" pin="1"/><net_sink comp="406" pin=0"/></net>

<net id="4213"><net_src comp="570" pin="3"/><net_sink comp="4210" pin=0"/></net>

<net id="4214"><net_src comp="4210" pin="1"/><net_sink comp="577" pin=0"/></net>

<net id="4218"><net_src comp="583" pin="3"/><net_sink comp="4215" pin=0"/></net>

<net id="4219"><net_src comp="4215" pin="1"/><net_sink comp="336" pin=2"/></net>

<net id="4223"><net_src comp="590" pin="3"/><net_sink comp="4220" pin=0"/></net>

<net id="4224"><net_src comp="4220" pin="1"/><net_sink comp="346" pin=2"/></net>

<net id="4228"><net_src comp="597" pin="3"/><net_sink comp="4225" pin=0"/></net>

<net id="4229"><net_src comp="4225" pin="1"/><net_sink comp="356" pin=2"/></net>

<net id="4233"><net_src comp="604" pin="3"/><net_sink comp="4230" pin=0"/></net>

<net id="4234"><net_src comp="4230" pin="1"/><net_sink comp="366" pin=2"/></net>

<net id="4238"><net_src comp="611" pin="3"/><net_sink comp="4235" pin=0"/></net>

<net id="4239"><net_src comp="4235" pin="1"/><net_sink comp="376" pin=2"/></net>

<net id="4243"><net_src comp="618" pin="3"/><net_sink comp="4240" pin=0"/></net>

<net id="4244"><net_src comp="4240" pin="1"/><net_sink comp="386" pin=2"/></net>

<net id="4248"><net_src comp="625" pin="3"/><net_sink comp="4245" pin=0"/></net>

<net id="4249"><net_src comp="4245" pin="1"/><net_sink comp="396" pin=2"/></net>

<net id="4253"><net_src comp="632" pin="3"/><net_sink comp="4250" pin=0"/></net>

<net id="4254"><net_src comp="4250" pin="1"/><net_sink comp="406" pin=2"/></net>

<net id="4258"><net_src comp="647" pin="3"/><net_sink comp="4255" pin=0"/></net>

<net id="4259"><net_src comp="4255" pin="1"/><net_sink comp="654" pin=0"/></net>

<net id="4263"><net_src comp="660" pin="3"/><net_sink comp="4260" pin=0"/></net>

<net id="4264"><net_src comp="4260" pin="1"/><net_sink comp="336" pin=0"/></net>

<net id="4268"><net_src comp="667" pin="3"/><net_sink comp="4265" pin=0"/></net>

<net id="4269"><net_src comp="4265" pin="1"/><net_sink comp="346" pin=0"/></net>

<net id="4273"><net_src comp="674" pin="3"/><net_sink comp="4270" pin=0"/></net>

<net id="4274"><net_src comp="4270" pin="1"/><net_sink comp="356" pin=0"/></net>

<net id="4278"><net_src comp="681" pin="3"/><net_sink comp="4275" pin=0"/></net>

<net id="4279"><net_src comp="4275" pin="1"/><net_sink comp="366" pin=0"/></net>

<net id="4283"><net_src comp="688" pin="3"/><net_sink comp="4280" pin=0"/></net>

<net id="4284"><net_src comp="4280" pin="1"/><net_sink comp="376" pin=0"/></net>

<net id="4288"><net_src comp="695" pin="3"/><net_sink comp="4285" pin=0"/></net>

<net id="4289"><net_src comp="4285" pin="1"/><net_sink comp="386" pin=0"/></net>

<net id="4293"><net_src comp="702" pin="3"/><net_sink comp="4290" pin=0"/></net>

<net id="4294"><net_src comp="4290" pin="1"/><net_sink comp="396" pin=0"/></net>

<net id="4298"><net_src comp="709" pin="3"/><net_sink comp="4295" pin=0"/></net>

<net id="4299"><net_src comp="4295" pin="1"/><net_sink comp="406" pin=0"/></net>

<net id="4303"><net_src comp="724" pin="3"/><net_sink comp="4300" pin=0"/></net>

<net id="4304"><net_src comp="4300" pin="1"/><net_sink comp="731" pin=0"/></net>

<net id="4308"><net_src comp="737" pin="3"/><net_sink comp="4305" pin=0"/></net>

<net id="4309"><net_src comp="4305" pin="1"/><net_sink comp="336" pin=0"/></net>

<net id="4313"><net_src comp="744" pin="3"/><net_sink comp="4310" pin=0"/></net>

<net id="4314"><net_src comp="4310" pin="1"/><net_sink comp="346" pin=0"/></net>

<net id="4318"><net_src comp="751" pin="3"/><net_sink comp="4315" pin=0"/></net>

<net id="4319"><net_src comp="4315" pin="1"/><net_sink comp="356" pin=0"/></net>

<net id="4323"><net_src comp="758" pin="3"/><net_sink comp="4320" pin=0"/></net>

<net id="4324"><net_src comp="4320" pin="1"/><net_sink comp="366" pin=0"/></net>

<net id="4328"><net_src comp="765" pin="3"/><net_sink comp="4325" pin=0"/></net>

<net id="4329"><net_src comp="4325" pin="1"/><net_sink comp="376" pin=0"/></net>

<net id="4333"><net_src comp="772" pin="3"/><net_sink comp="4330" pin=0"/></net>

<net id="4334"><net_src comp="4330" pin="1"/><net_sink comp="386" pin=0"/></net>

<net id="4338"><net_src comp="779" pin="3"/><net_sink comp="4335" pin=0"/></net>

<net id="4339"><net_src comp="4335" pin="1"/><net_sink comp="396" pin=0"/></net>

<net id="4343"><net_src comp="786" pin="3"/><net_sink comp="4340" pin=0"/></net>

<net id="4344"><net_src comp="4340" pin="1"/><net_sink comp="406" pin=0"/></net>

<net id="4348"><net_src comp="801" pin="3"/><net_sink comp="4345" pin=0"/></net>

<net id="4349"><net_src comp="4345" pin="1"/><net_sink comp="808" pin=0"/></net>

<net id="4353"><net_src comp="814" pin="3"/><net_sink comp="4350" pin=0"/></net>

<net id="4354"><net_src comp="4350" pin="1"/><net_sink comp="336" pin=0"/></net>

<net id="4358"><net_src comp="821" pin="3"/><net_sink comp="4355" pin=0"/></net>

<net id="4359"><net_src comp="4355" pin="1"/><net_sink comp="346" pin=0"/></net>

<net id="4363"><net_src comp="828" pin="3"/><net_sink comp="4360" pin=0"/></net>

<net id="4364"><net_src comp="4360" pin="1"/><net_sink comp="356" pin=0"/></net>

<net id="4368"><net_src comp="835" pin="3"/><net_sink comp="4365" pin=0"/></net>

<net id="4369"><net_src comp="4365" pin="1"/><net_sink comp="366" pin=0"/></net>

<net id="4373"><net_src comp="842" pin="3"/><net_sink comp="4370" pin=0"/></net>

<net id="4374"><net_src comp="4370" pin="1"/><net_sink comp="376" pin=0"/></net>

<net id="4378"><net_src comp="849" pin="3"/><net_sink comp="4375" pin=0"/></net>

<net id="4379"><net_src comp="4375" pin="1"/><net_sink comp="386" pin=0"/></net>

<net id="4383"><net_src comp="856" pin="3"/><net_sink comp="4380" pin=0"/></net>

<net id="4384"><net_src comp="4380" pin="1"/><net_sink comp="396" pin=0"/></net>

<net id="4388"><net_src comp="863" pin="3"/><net_sink comp="4385" pin=0"/></net>

<net id="4389"><net_src comp="4385" pin="1"/><net_sink comp="406" pin=0"/></net>

<net id="4393"><net_src comp="878" pin="3"/><net_sink comp="4390" pin=0"/></net>

<net id="4394"><net_src comp="4390" pin="1"/><net_sink comp="885" pin=0"/></net>

<net id="4398"><net_src comp="891" pin="3"/><net_sink comp="4395" pin=0"/></net>

<net id="4399"><net_src comp="4395" pin="1"/><net_sink comp="336" pin=0"/></net>

<net id="4403"><net_src comp="898" pin="3"/><net_sink comp="4400" pin=0"/></net>

<net id="4404"><net_src comp="4400" pin="1"/><net_sink comp="346" pin=0"/></net>

<net id="4408"><net_src comp="905" pin="3"/><net_sink comp="4405" pin=0"/></net>

<net id="4409"><net_src comp="4405" pin="1"/><net_sink comp="356" pin=0"/></net>

<net id="4413"><net_src comp="912" pin="3"/><net_sink comp="4410" pin=0"/></net>

<net id="4414"><net_src comp="4410" pin="1"/><net_sink comp="366" pin=0"/></net>

<net id="4418"><net_src comp="919" pin="3"/><net_sink comp="4415" pin=0"/></net>

<net id="4419"><net_src comp="4415" pin="1"/><net_sink comp="376" pin=0"/></net>

<net id="4423"><net_src comp="926" pin="3"/><net_sink comp="4420" pin=0"/></net>

<net id="4424"><net_src comp="4420" pin="1"/><net_sink comp="386" pin=0"/></net>

<net id="4428"><net_src comp="933" pin="3"/><net_sink comp="4425" pin=0"/></net>

<net id="4429"><net_src comp="4425" pin="1"/><net_sink comp="396" pin=0"/></net>

<net id="4433"><net_src comp="940" pin="3"/><net_sink comp="4430" pin=0"/></net>

<net id="4434"><net_src comp="4430" pin="1"/><net_sink comp="406" pin=0"/></net>

<net id="4438"><net_src comp="955" pin="3"/><net_sink comp="4435" pin=0"/></net>

<net id="4439"><net_src comp="4435" pin="1"/><net_sink comp="962" pin=0"/></net>

<net id="4443"><net_src comp="968" pin="3"/><net_sink comp="4440" pin=0"/></net>

<net id="4444"><net_src comp="4440" pin="1"/><net_sink comp="336" pin=0"/></net>

<net id="4448"><net_src comp="975" pin="3"/><net_sink comp="4445" pin=0"/></net>

<net id="4449"><net_src comp="4445" pin="1"/><net_sink comp="346" pin=0"/></net>

<net id="4453"><net_src comp="982" pin="3"/><net_sink comp="4450" pin=0"/></net>

<net id="4454"><net_src comp="4450" pin="1"/><net_sink comp="356" pin=0"/></net>

<net id="4458"><net_src comp="989" pin="3"/><net_sink comp="4455" pin=0"/></net>

<net id="4459"><net_src comp="4455" pin="1"/><net_sink comp="366" pin=0"/></net>

<net id="4463"><net_src comp="996" pin="3"/><net_sink comp="4460" pin=0"/></net>

<net id="4464"><net_src comp="4460" pin="1"/><net_sink comp="376" pin=0"/></net>

<net id="4468"><net_src comp="1003" pin="3"/><net_sink comp="4465" pin=0"/></net>

<net id="4469"><net_src comp="4465" pin="1"/><net_sink comp="386" pin=0"/></net>

<net id="4473"><net_src comp="1010" pin="3"/><net_sink comp="4470" pin=0"/></net>

<net id="4474"><net_src comp="4470" pin="1"/><net_sink comp="396" pin=0"/></net>

<net id="4478"><net_src comp="1017" pin="3"/><net_sink comp="4475" pin=0"/></net>

<net id="4479"><net_src comp="4475" pin="1"/><net_sink comp="406" pin=0"/></net>

<net id="4483"><net_src comp="1032" pin="3"/><net_sink comp="4480" pin=0"/></net>

<net id="4484"><net_src comp="4480" pin="1"/><net_sink comp="1039" pin=0"/></net>

<net id="4488"><net_src comp="1504" pin="1"/><net_sink comp="4485" pin=0"/></net>

<net id="4489"><net_src comp="4485" pin="1"/><net_sink comp="3939" pin=1"/></net>

<net id="4493"><net_src comp="1508" pin="1"/><net_sink comp="4490" pin=0"/></net>

<net id="4494"><net_src comp="4490" pin="1"/><net_sink comp="3939" pin=0"/></net>

<net id="4498"><net_src comp="1512" pin="19"/><net_sink comp="4495" pin=0"/></net>

<net id="4499"><net_src comp="4495" pin="1"/><net_sink comp="2051" pin=0"/></net>

<net id="4503"><net_src comp="500" pin="3"/><net_sink comp="4500" pin=0"/></net>

<net id="4504"><net_src comp="4500" pin="1"/><net_sink comp="2054" pin=0"/></net>

<net id="4508"><net_src comp="1551" pin="19"/><net_sink comp="4505" pin=0"/></net>

<net id="4509"><net_src comp="4505" pin="1"/><net_sink comp="2298" pin=0"/></net>

<net id="4513"><net_src comp="577" pin="3"/><net_sink comp="4510" pin=0"/></net>

<net id="4514"><net_src comp="4510" pin="1"/><net_sink comp="2301" pin=0"/></net>

<net id="4518"><net_src comp="1590" pin="19"/><net_sink comp="4515" pin=0"/></net>

<net id="4519"><net_src comp="4515" pin="1"/><net_sink comp="2545" pin=0"/></net>

<net id="4523"><net_src comp="654" pin="3"/><net_sink comp="4520" pin=0"/></net>

<net id="4524"><net_src comp="4520" pin="1"/><net_sink comp="2548" pin=0"/></net>

<net id="4528"><net_src comp="1629" pin="19"/><net_sink comp="4525" pin=0"/></net>

<net id="4529"><net_src comp="4525" pin="1"/><net_sink comp="2792" pin=0"/></net>

<net id="4533"><net_src comp="731" pin="3"/><net_sink comp="4530" pin=0"/></net>

<net id="4534"><net_src comp="4530" pin="1"/><net_sink comp="2795" pin=0"/></net>

<net id="4538"><net_src comp="1668" pin="19"/><net_sink comp="4535" pin=0"/></net>

<net id="4539"><net_src comp="4535" pin="1"/><net_sink comp="2804" pin=0"/></net>

<net id="4543"><net_src comp="808" pin="3"/><net_sink comp="4540" pin=0"/></net>

<net id="4544"><net_src comp="4540" pin="1"/><net_sink comp="2807" pin=0"/></net>

<net id="4548"><net_src comp="1707" pin="19"/><net_sink comp="4545" pin=0"/></net>

<net id="4549"><net_src comp="4545" pin="1"/><net_sink comp="3198" pin=0"/></net>

<net id="4553"><net_src comp="885" pin="3"/><net_sink comp="4550" pin=0"/></net>

<net id="4554"><net_src comp="4550" pin="1"/><net_sink comp="3201" pin=0"/></net>

<net id="4558"><net_src comp="1746" pin="19"/><net_sink comp="4555" pin=0"/></net>

<net id="4559"><net_src comp="4555" pin="1"/><net_sink comp="3445" pin=0"/></net>

<net id="4563"><net_src comp="962" pin="3"/><net_sink comp="4560" pin=0"/></net>

<net id="4564"><net_src comp="4560" pin="1"/><net_sink comp="3448" pin=0"/></net>

<net id="4568"><net_src comp="1785" pin="19"/><net_sink comp="4565" pin=0"/></net>

<net id="4569"><net_src comp="4565" pin="1"/><net_sink comp="3692" pin=0"/></net>

<net id="4573"><net_src comp="1039" pin="3"/><net_sink comp="4570" pin=0"/></net>

<net id="4574"><net_src comp="4570" pin="1"/><net_sink comp="3695" pin=0"/></net>

<net id="4578"><net_src comp="1903" pin="1"/><net_sink comp="4575" pin=0"/></net>

<net id="4579"><net_src comp="4575" pin="1"/><net_sink comp="3939" pin=0"/></net>

<net id="4583"><net_src comp="1907" pin="2"/><net_sink comp="4580" pin=0"/></net>

<net id="4587"><net_src comp="2057" pin="2"/><net_sink comp="4584" pin=0"/></net>

<net id="4588"><net_src comp="4584" pin="1"/><net_sink comp="2142" pin=1"/></net>

<net id="4589"><net_src comp="4584" pin="1"/><net_sink comp="2147" pin=1"/></net>

<net id="4593"><net_src comp="2152" pin="2"/><net_sink comp="4590" pin=0"/></net>

<net id="4597"><net_src comp="2304" pin="2"/><net_sink comp="4594" pin=0"/></net>

<net id="4598"><net_src comp="4594" pin="1"/><net_sink comp="2389" pin=1"/></net>

<net id="4599"><net_src comp="4594" pin="1"/><net_sink comp="2394" pin=1"/></net>

<net id="4603"><net_src comp="2399" pin="2"/><net_sink comp="4600" pin=0"/></net>

<net id="4607"><net_src comp="2551" pin="2"/><net_sink comp="4604" pin=0"/></net>

<net id="4608"><net_src comp="4604" pin="1"/><net_sink comp="2636" pin=1"/></net>

<net id="4609"><net_src comp="4604" pin="1"/><net_sink comp="2641" pin=1"/></net>

<net id="4613"><net_src comp="2646" pin="2"/><net_sink comp="4610" pin=0"/></net>

<net id="4617"><net_src comp="2798" pin="2"/><net_sink comp="4614" pin=0"/></net>

<net id="4618"><net_src comp="4614" pin="1"/><net_sink comp="2895" pin=1"/></net>

<net id="4619"><net_src comp="4614" pin="1"/><net_sink comp="2900" pin=1"/></net>

<net id="4623"><net_src comp="2810" pin="2"/><net_sink comp="4620" pin=0"/></net>

<net id="4624"><net_src comp="4620" pin="1"/><net_sink comp="3042" pin=1"/></net>

<net id="4625"><net_src comp="4620" pin="1"/><net_sink comp="3047" pin=1"/></net>

<net id="4629"><net_src comp="2905" pin="2"/><net_sink comp="4626" pin=0"/></net>

<net id="4633"><net_src comp="3052" pin="2"/><net_sink comp="4630" pin=0"/></net>

<net id="4637"><net_src comp="3204" pin="2"/><net_sink comp="4634" pin=0"/></net>

<net id="4638"><net_src comp="4634" pin="1"/><net_sink comp="3289" pin=1"/></net>

<net id="4639"><net_src comp="4634" pin="1"/><net_sink comp="3294" pin=1"/></net>

<net id="4643"><net_src comp="3299" pin="2"/><net_sink comp="4640" pin=0"/></net>

<net id="4647"><net_src comp="3451" pin="2"/><net_sink comp="4644" pin=0"/></net>

<net id="4648"><net_src comp="4644" pin="1"/><net_sink comp="3536" pin=1"/></net>

<net id="4649"><net_src comp="4644" pin="1"/><net_sink comp="3541" pin=1"/></net>

<net id="4653"><net_src comp="3546" pin="2"/><net_sink comp="4650" pin=0"/></net>

<net id="4657"><net_src comp="3698" pin="2"/><net_sink comp="4654" pin=0"/></net>

<net id="4658"><net_src comp="4654" pin="1"/><net_sink comp="3800" pin=1"/></net>

<net id="4659"><net_src comp="4654" pin="1"/><net_sink comp="3805" pin=1"/></net>

</net_list>

</model> 
---------------- Datapath Model END ------------------

* FSMD analyzer results:
  - Output states:
	Port: input_0 | {}
	Port: input_1 | {}
	Port: input_2 | {}
	Port: input_3 | {}
	Port: input_4 | {}
	Port: input_5 | {}
	Port: input_6 | {}
	Port: input_7 | {}
	Port: conv2_ap_fixed_8_5_5_3_0_ap_fixed_8_5_5_3_0_partial_sums | {6 7 8 9 10 11 12 13 }
	Port: p_ZL12conv2_weight_6 | {}
	Port: conv2_ap_fixed_8_5_5_3_0_ap_fixed_8_5_5_3_0_partial_sums_2 | {6 7 8 9 10 11 12 13 }
	Port: conv2_ap_fixed_8_5_5_3_0_ap_fixed_8_5_5_3_0_partial_sums_3 | {6 7 8 9 10 11 12 13 }
	Port: conv2_ap_fixed_8_5_5_3_0_ap_fixed_8_5_5_3_0_partial_sums_4 | {6 7 8 9 10 11 12 13 }
	Port: conv2_ap_fixed_8_5_5_3_0_ap_fixed_8_5_5_3_0_partial_sums_5 | {6 7 8 9 10 11 12 13 }
	Port: conv2_ap_fixed_8_5_5_3_0_ap_fixed_8_5_5_3_0_partial_sums_6 | {6 7 8 9 10 11 12 13 }
	Port: conv2_ap_fixed_8_5_5_3_0_ap_fixed_8_5_5_3_0_partial_sums_7 | {6 7 8 9 10 11 12 13 }
	Port: conv2_ap_fixed_8_5_5_3_0_ap_fixed_8_5_5_3_0_partial_sums_8 | {6 7 8 9 10 11 12 13 }
	Port: p_ZL12conv2_weight_4 | {}
	Port: p_ZL12conv2_weight_3 | {}
	Port: p_ZL12conv2_weight_0 | {}
	Port: p_ZL12conv2_weight_1 | {}
	Port: p_ZL12conv2_weight_2 | {}
	Port: p_ZL12conv2_weight_5 | {}
	Port: p_ZL12conv2_weight_7 | {}
	Port: p_ZL12conv2_weight_8 | {}
 - Input state : 
	Port: conv2_Pipeline_CI_2 : add_ln85 | {1 }
	Port: conv2_Pipeline_CI_2 : add_ln83 | {1 }
	Port: conv2_Pipeline_CI_2 : add_ln83_1 | {1 }
	Port: conv2_Pipeline_CI_2 : add_ln82 | {1 }
	Port: conv2_Pipeline_CI_2 : and_ln85_3 | {1 }
	Port: conv2_Pipeline_CI_2 : sext_ln85 | {1 }
	Port: conv2_Pipeline_CI_2 : input_0 | {2 3 }
	Port: conv2_Pipeline_CI_2 : input_1 | {2 3 }
	Port: conv2_Pipeline_CI_2 : input_2 | {2 3 }
	Port: conv2_Pipeline_CI_2 : input_3 | {2 3 }
	Port: conv2_Pipeline_CI_2 : input_4 | {2 3 }
	Port: conv2_Pipeline_CI_2 : input_5 | {2 3 }
	Port: conv2_Pipeline_CI_2 : input_6 | {2 3 }
	Port: conv2_Pipeline_CI_2 : input_7 | {2 3 }
	Port: conv2_Pipeline_CI_2 : zext_ln82 | {1 }
	Port: conv2_Pipeline_CI_2 : and_ln85_2 | {1 }
	Port: conv2_Pipeline_CI_2 : zext_ln70_1 | {1 }
	Port: conv2_Pipeline_CI_2 : and_ln85_1 | {1 }
	Port: conv2_Pipeline_CI_2 : shl_ln | {1 }
	Port: conv2_Pipeline_CI_2 : mul_ln104 | {1 }
	Port: conv2_Pipeline_CI_2 : empty | {1 }
	Port: conv2_Pipeline_CI_2 : and_ln85 | {1 }
	Port: conv2_Pipeline_CI_2 : zext_ln85_1 | {1 }
	Port: conv2_Pipeline_CI_2 : conv2_ap_fixed_8_5_5_3_0_ap_fixed_8_5_5_3_0_partial_sums | {5 7 8 9 10 11 12 13 }
	Port: conv2_Pipeline_CI_2 : p_ZL12conv2_weight_6 | {2 3 }
	Port: conv2_Pipeline_CI_2 : conv2_ap_fixed_8_5_5_3_0_ap_fixed_8_5_5_3_0_partial_sums_2 | {5 7 8 9 10 11 12 13 }
	Port: conv2_Pipeline_CI_2 : conv2_ap_fixed_8_5_5_3_0_ap_fixed_8_5_5_3_0_partial_sums_3 | {5 7 8 9 10 11 12 13 }
	Port: conv2_Pipeline_CI_2 : conv2_ap_fixed_8_5_5_3_0_ap_fixed_8_5_5_3_0_partial_sums_4 | {5 7 8 9 10 11 12 13 }
	Port: conv2_Pipeline_CI_2 : conv2_ap_fixed_8_5_5_3_0_ap_fixed_8_5_5_3_0_partial_sums_5 | {5 7 8 9 10 11 12 13 }
	Port: conv2_Pipeline_CI_2 : conv2_ap_fixed_8_5_5_3_0_ap_fixed_8_5_5_3_0_partial_sums_6 | {5 7 8 9 10 11 12 13 }
	Port: conv2_Pipeline_CI_2 : conv2_ap_fixed_8_5_5_3_0_ap_fixed_8_5_5_3_0_partial_sums_7 | {5 7 8 9 10 11 12 13 }
	Port: conv2_Pipeline_CI_2 : conv2_ap_fixed_8_5_5_3_0_ap_fixed_8_5_5_3_0_partial_sums_8 | {5 7 8 9 10 11 12 13 }
	Port: conv2_Pipeline_CI_2 : p_ZL12conv2_weight_4 | {2 3 }
	Port: conv2_Pipeline_CI_2 : p_ZL12conv2_weight_3 | {2 3 }
	Port: conv2_Pipeline_CI_2 : p_ZL12conv2_weight_0 | {2 3 }
	Port: conv2_Pipeline_CI_2 : p_ZL12conv2_weight_1 | {2 3 }
	Port: conv2_Pipeline_CI_2 : p_ZL12conv2_weight_2 | {2 3 }
	Port: conv2_Pipeline_CI_2 : p_ZL12conv2_weight_5 | {2 3 }
	Port: conv2_Pipeline_CI_2 : p_ZL12conv2_weight_7 | {2 3 }
	Port: conv2_Pipeline_CI_2 : p_ZL12conv2_weight_8 | {2 3 }
  - Chain level:
	State 1
		store_ln78 : 1
		store_ln0 : 1
		ci_1 : 1
		icmp_ln78 : 2
		add_ln78 : 2
		br_ln78 : 3
		trunc_ln86 : 2
		shl_ln2 : 3
		add_ln86_2 : 4
		add_ln86_3 : 5
		br_ln85 : 1
		br_ln85 : 1
		br_ln85 : 1
		store_ln78 : 3
	State 2
		add_ln89_2 : 1
		add_ln89 : 1
		zext_ln86 : 2
		add_ln86 : 1
		add_ln86_1 : 2
		add_ln86_4 : 3
		lshr_ln1 : 4
		zext_ln89 : 5
		input_0_addr : 6
		input_1_addr : 6
		input_2_addr : 6
		input_3_addr : 6
		input_4_addr : 6
		input_5_addr : 6
		input_6_addr : 6
		input_7_addr : 6
		input_0_load : 7
		input_1_load : 7
		input_2_load : 7
		input_3_load : 7
		input_4_load : 7
		input_5_load : 7
		input_6_load : 7
		input_7_load : 7
		p_ZL12conv2_weight_0_addr : 3
		p_ZL12conv2_weight_0_load : 4
		add_ln86_5 : 3
		lshr_ln2 : 4
		zext_ln89_2 : 5
		input_0_addr_5 : 6
		input_1_addr_5 : 6
		input_2_addr_4 : 6
		input_3_addr_4 : 6
		input_4_addr_4 : 6
		input_5_addr_1 : 6
		input_6_addr_1 : 6
		input_7_addr_1 : 6
		input_0_load_4 : 7
		input_1_load_4 : 7
		input_2_load_4 : 7
		input_3_load_4 : 7
		input_4_load_4 : 7
		input_5_load_1 : 7
		input_6_load_1 : 7
		input_7_load_1 : 7
		p_ZL12conv2_weight_1_addr : 3
		p_ZL12conv2_weight_1_load : 4
		add_ln86_6 : 3
		lshr_ln87_1 : 4
		zext_ln89_4 : 5
		input_0_addr_6 : 6
		input_1_addr_6 : 6
		input_2_addr_5 : 6
		input_3_addr_5 : 6
		input_4_addr_5 : 6
		input_5_addr_2 : 6
		input_6_addr_2 : 6
		input_7_addr_2 : 6
		input_0_load_5 : 7
		input_1_load_5 : 7
		input_2_load_5 : 7
		input_3_load_5 : 7
		input_4_load_5 : 7
		input_5_load_2 : 7
		input_6_load_2 : 7
		input_7_load_2 : 7
		p_ZL12conv2_weight_2_addr : 3
		p_ZL12conv2_weight_2_load : 4
		add_ln86_7 : 1
		add_ln86_8 : 2
		lshr_ln89_4 : 3
		zext_ln89_6 : 4
		input_0_addr_7 : 5
		input_1_addr_7 : 5
		input_2_addr_6 : 5
		input_3_addr_6 : 5
		input_4_addr_6 : 5
		input_5_addr_3 : 5
		input_6_addr_3 : 5
		input_7_addr_3 : 5
		input_0_load_6 : 6
		input_1_load_6 : 6
		input_2_load_6 : 6
		input_3_load_6 : 6
		input_4_load_6 : 6
		input_5_load_3 : 6
		input_6_load_3 : 6
		input_7_load_3 : 6
		p_ZL12conv2_weight_3_addr : 3
		p_ZL12conv2_weight_3_load : 4
		add_ln86_9 : 2
		lshr_ln87_2 : 3
		zext_ln89_8 : 4
		input_0_addr_8 : 5
		input_1_addr_8 : 5
		input_2_addr_7 : 5
		input_3_addr_7 : 5
		input_4_addr_7 : 5
		input_5_addr_4 : 5
		input_6_addr_4 : 5
		input_7_addr_4 : 5
		input_0_load_7 : 6
		input_1_load_7 : 6
		input_2_load_7 : 6
		input_3_load_7 : 6
		input_4_load_7 : 6
		input_5_load_4 : 6
		input_6_load_4 : 6
		input_7_load_4 : 6
		p_ZL12conv2_weight_4_addr : 3
		p_ZL12conv2_weight_4_load : 4
		switch_ln89 : 1
		add_ln86_10 : 2
		lshr_ln87_3 : 3
		zext_ln89_10 : 4
		input_0_addr_9 : 5
		input_1_addr_9 : 5
		input_2_addr_8 : 5
		input_3_addr_8 : 5
		input_4_addr_8 : 5
		input_5_addr_5 : 5
		input_6_addr_5 : 5
		input_7_addr_5 : 5
		input_0_load_8 : 6
		input_1_load_8 : 6
		input_2_load_8 : 6
		input_3_load_8 : 6
		input_4_load_8 : 6
		input_5_load_5 : 6
		input_6_load_5 : 6
		input_7_load_5 : 6
		p_ZL12conv2_weight_5_addr : 3
		p_ZL12conv2_weight_5_load : 4
		add_ln86_11 : 1
		add_ln86_12 : 2
		add_ln86_13 : 3
		lshr_ln89_8 : 4
		zext_ln89_12 : 5
		input_0_addr_10 : 6
		input_1_addr_10 : 6
		input_2_addr_9 : 6
		input_3_addr_9 : 6
		input_4_addr_9 : 6
		input_5_addr_6 : 6
		input_6_addr_6 : 6
		input_7_addr_6 : 6
		input_0_load_9 : 7
		input_1_load_9 : 7
		input_2_load_9 : 7
		input_3_load_9 : 7
		input_4_load_9 : 7
		input_5_load_6 : 7
		input_6_load_6 : 7
		input_7_load_6 : 7
		p_ZL12conv2_weight_6_addr : 3
		p_ZL12conv2_weight_6_load : 4
		add_ln86_14 : 3
		lshr_ln87_4 : 4
		zext_ln89_14 : 5
		input_0_addr_11 : 6
		input_1_addr_11 : 6
		input_2_addr_10 : 6
		input_3_addr_10 : 6
		input_4_addr_10 : 6
		input_5_addr_7 : 6
		input_6_addr_7 : 6
		input_7_addr_7 : 6
		input_0_load_10 : 7
		input_1_load_10 : 7
		input_2_load_10 : 7
		input_3_load_10 : 7
		input_4_load_10 : 7
		input_5_load_7 : 7
		input_6_load_7 : 7
		input_7_load_7 : 7
		p_ZL12conv2_weight_7_addr : 3
		p_ZL12conv2_weight_7_load : 4
		add_ln86_15 : 3
		lshr_ln87_5 : 4
		zext_ln89_16 : 5
		input_0_addr_12 : 6
		input_1_addr_12 : 6
		input_2_addr_11 : 6
		input_3_addr_11 : 6
		input_4_addr_11 : 6
		input_5_addr_8 : 6
		input_6_addr_8 : 6
		input_7_addr_8 : 6
		input_0_load_11 : 7
		input_1_load_11 : 7
		input_2_load_11 : 7
		input_3_load_11 : 7
		input_4_load_11 : 7
		input_5_load_8 : 7
		input_6_load_8 : 7
		input_7_load_8 : 7
		p_ZL12conv2_weight_8_addr : 3
		p_ZL12conv2_weight_8_load : 4
		store_ln89 : 2
	State 3
		tmp_cast : 1
		zext_ln89_1 : 2
		sext_ln89 : 1
		mul_ln89 : 3
		tmp_2_cast : 1
		tmp_4_cast : 1
		tmp_6_cast : 1
		tmp_8_cast : 1
		tmp_cast_47 : 1
		tmp_10_cast : 1
		tmp_12_cast : 1
		tmp_14_cast : 1
	State 4
	State 5
		tmp_1 : 1
		shl_ln3 : 2
		sext_ln89_1 : 3
		sext_ln89_2 : 1
		add_ln89_1 : 4
	State 6
		icmp_ln89 : 1
		br_ln89 : 2
		trunc_ln6 : 1
		store_ln89 : 2
		store_ln89 : 2
		store_ln89 : 2
		store_ln89 : 2
		store_ln89 : 2
		store_ln89 : 2
		store_ln89 : 2
		store_ln89 : 2
		mul_ln89_1 : 1
	State 7
		tmp_3 : 1
		shl_ln89_1 : 2
		add_ln89_3 : 3
		icmp_ln89_2 : 3
		br_ln89 : 4
		trunc_ln89_1 : 4
		store_ln89 : 5
		store_ln89 : 5
		store_ln89 : 5
		store_ln89 : 5
		store_ln89 : 5
		store_ln89 : 5
		store_ln89 : 5
		store_ln89 : 5
		mul_ln89_2 : 1
	State 8
		tmp_5 : 1
		shl_ln89_2 : 2
		add_ln89_4 : 3
		icmp_ln89_3 : 3
		br_ln89 : 4
		trunc_ln89_2 : 4
		store_ln89 : 5
		store_ln89 : 5
		store_ln89 : 5
		store_ln89 : 5
		store_ln89 : 5
		store_ln89 : 5
		store_ln89 : 5
		store_ln89 : 5
		mul_ln89_3 : 1
	State 9
		tmp_7 : 1
		shl_ln89_3 : 2
		add_ln89_5 : 3
		icmp_ln89_4 : 3
		br_ln89 : 4
		trunc_ln89_3 : 4
		store_ln89 : 5
		store_ln89 : 5
		store_ln89 : 5
		store_ln89 : 5
		store_ln89 : 5
		store_ln89 : 5
		store_ln89 : 5
		store_ln89 : 5
		mul_ln89_4 : 1
		mul_ln89_5 : 1
	State 10
		tmp_9 : 1
		shl_ln89_4 : 2
		add_ln89_6 : 3
		icmp_ln89_5 : 3
		br_ln89 : 4
		trunc_ln89_4 : 4
		store_ln89 : 5
		store_ln89 : 5
		store_ln89 : 5
		store_ln89 : 5
		store_ln89 : 5
		store_ln89 : 5
		store_ln89 : 5
		store_ln89 : 5
		shl_ln89_5 : 5
		add_ln89_7 : 6
		icmp_ln89_6 : 6
		br_ln89 : 7
		trunc_ln89_5 : 7
		store_ln89 : 8
		store_ln89 : 8
		store_ln89 : 8
		store_ln89 : 8
		store_ln89 : 8
		store_ln89 : 8
		store_ln89 : 8
		store_ln89 : 8
		mul_ln89_6 : 1
	State 11
		tmp_s : 1
		shl_ln89_6 : 2
		add_ln89_8 : 3
		icmp_ln89_7 : 3
		br_ln89 : 4
		trunc_ln89_6 : 4
		store_ln89 : 5
		store_ln89 : 5
		store_ln89 : 5
		store_ln89 : 5
		store_ln89 : 5
		store_ln89 : 5
		store_ln89 : 5
		store_ln89 : 5
		mul_ln89_7 : 1
	State 12
		tmp_2 : 1
		shl_ln89_7 : 2
		add_ln89_9 : 3
		icmp_ln89_8 : 3
		br_ln89 : 4
		trunc_ln89_7 : 4
		store_ln89 : 5
		store_ln89 : 5
		store_ln89 : 5
		store_ln89 : 5
		store_ln89 : 5
		store_ln89 : 5
		store_ln89 : 5
		store_ln89 : 5
		mul_ln89_8 : 1
	State 13
		tmp_4 : 1
		shl_ln89_8 : 2
		add_ln89_10 : 3
		icmp_ln89_9 : 3
		br_ln89 : 4
		trunc_ln89_8 : 4
		store_ln89 : 5
		store_ln89 : 5
		store_ln89 : 5
		store_ln89 : 5
		store_ln89 : 5
		store_ln89 : 5
		store_ln89 : 5
		store_ln89 : 5


============================================================
+ Verbose Summary: Datapath Resource usage 
============================================================

* Functional unit list:
|----------|------------------------------|---------|---------|---------|
| Operation|        Functional Unit       |   DSP   |    FF   |   LUT   |
|----------|------------------------------|---------|---------|---------|
|          |       tmp_cast_fu_1465       |    0    |    0    |    42   |
|          |      tmp_2_cast_fu_1512      |    0    |    0    |    42   |
|          |      tmp_4_cast_fu_1551      |    0    |    0    |    42   |
|          |      tmp_6_cast_fu_1590      |    0    |    0    |    42   |
|          |      tmp_8_cast_fu_1629      |    0    |    0    |    42   |
|          |      tmp_cast_47_fu_1668     |    0    |    0    |    42   |
|          |      tmp_10_cast_fu_1707     |    0    |    0    |    42   |
|          |      tmp_12_cast_fu_1746     |    0    |    0    |    42   |
| sparsemux|      tmp_14_cast_fu_1785     |    0    |    0    |    42   |
|          |         tmp_1_fu_1856        |    0    |    0    |    42   |
|          |         tmp_3_fu_2095        |    0    |    0    |    42   |
|          |         tmp_5_fu_2342        |    0    |    0    |    42   |
|          |         tmp_7_fu_2589        |    0    |    0    |    42   |
|          |         tmp_9_fu_2848        |    0    |    0    |    42   |
|          |         tmp_s_fu_3242        |    0    |    0    |    42   |
|          |         tmp_2_fu_3489        |    0    |    0    |    42   |
|          |         tmp_4_fu_3753        |    0    |    0    |    42   |
|----------|------------------------------|---------|---------|---------|
|          |       add_ln78_fu_1104       |    0    |    0    |    13   |
|          |      add_ln86_2_fu_1122      |    0    |    0    |    4    |
|          |      add_ln86_3_fu_1128      |    0    |    0    |    4    |
|          |      add_ln89_2_fu_1148      |    0    |    0    |    12   |
|          |       add_ln89_fu_1154       |    0    |    0    |    14   |
|          |       add_ln86_fu_1172       |    0    |    0    |    11   |
|          |      add_ln86_1_fu_1178      |    0    |    0    |    11   |
|          |      add_ln86_4_fu_1183      |    0    |    0    |    12   |
|          |      add_ln86_5_fu_1210      |    0    |    0    |    12   |
|          |      add_ln86_6_fu_1237      |    0    |    0    |    12   |
|          |      add_ln86_7_fu_1264      |    0    |    0    |    12   |
|          |      add_ln86_8_fu_1269      |    0    |    0    |    12   |
|          |      add_ln86_9_fu_1296      |    0    |    0    |    12   |
|    add   |      add_ln86_10_fu_1341     |    0    |    0    |    12   |
|          |      add_ln86_11_fu_1368     |    0    |    0    |    11   |
|          |      add_ln86_12_fu_1374     |    0    |    0    |    11   |
|          |      add_ln86_13_fu_1379     |    0    |    0    |    12   |
|          |      add_ln86_14_fu_1406     |    0    |    0    |    12   |
|          |      add_ln86_15_fu_1433     |    0    |    0    |    12   |
|          |      add_ln89_3_fu_2142      |    0    |    0    |    12   |
|          |      add_ln89_4_fu_2389      |    0    |    0    |    12   |
|          |      add_ln89_5_fu_2636      |    0    |    0    |    12   |
|          |      add_ln89_6_fu_2895      |    0    |    0    |    12   |
|          |      add_ln89_7_fu_3042      |    0    |    0    |    12   |
|          |      add_ln89_8_fu_3289      |    0    |    0    |    12   |
|          |      add_ln89_9_fu_3536      |    0    |    0    |    12   |
|          |      add_ln89_10_fu_3800     |    0    |    0    |    12   |
|----------|------------------------------|---------|---------|---------|
|          |      mul_ln89_1_fu_2057      |    0    |    0    |    33   |
|          |      mul_ln89_2_fu_2304      |    0    |    0    |    33   |
|          |      mul_ln89_3_fu_2551      |    0    |    0    |    33   |
|    mul   |      mul_ln89_4_fu_2798      |    0    |    0    |    33   |
|          |      mul_ln89_5_fu_2810      |    0    |    0    |    33   |
|          |      mul_ln89_6_fu_3204      |    0    |    0    |    33   |
|          |      mul_ln89_7_fu_3451      |    0    |    0    |    33   |
|          |      mul_ln89_8_fu_3698      |    0    |    0    |    33   |
|----------|------------------------------|---------|---------|---------|
|          |       icmp_ln85_fu_1061      |    0    |    0    |    13   |
|          |      icmp_ln85_1_fu_1067     |    0    |    0    |    13   |
|          |      icmp_ln85_2_fu_1073     |    0    |    0    |    13   |
|          |      icmp_ln85_3_fu_1079     |    0    |    0    |    13   |
|          |       icmp_ln78_fu_1098      |    0    |    0    |    13   |
|          |       icmp_ln89_fu_1907      |    0    |    0    |    12   |
|   icmp   |      icmp_ln89_2_fu_2152     |    0    |    0    |    12   |
|          |      icmp_ln89_3_fu_2399     |    0    |    0    |    12   |
|          |      icmp_ln89_4_fu_2646     |    0    |    0    |    12   |
|          |      icmp_ln89_5_fu_2905     |    0    |    0    |    12   |
|          |      icmp_ln89_6_fu_3052     |    0    |    0    |    12   |
|          |      icmp_ln89_7_fu_3299     |    0    |    0    |    12   |
|          |      icmp_ln89_8_fu_3546     |    0    |    0    |    12   |
|          |      icmp_ln89_9_fu_3810     |    0    |    0    |    12   |
|----------|------------------------------|---------|---------|---------|
|          |       sub_ln89_fu_2147       |    0    |    0    |    12   |
|          |      sub_ln89_1_fu_2394      |    0    |    0    |    12   |
|          |      sub_ln89_2_fu_2641      |    0    |    0    |    12   |
|    sub   |      sub_ln89_3_fu_2900      |    0    |    0    |    12   |
|          |      sub_ln89_4_fu_3047      |    0    |    0    |    12   |
|          |      sub_ln89_5_fu_3294      |    0    |    0    |    12   |
|          |      sub_ln89_6_fu_3541      |    0    |    0    |    12   |
|          |      sub_ln89_7_fu_3805      |    0    |    0    |    12   |
|----------|------------------------------|---------|---------|---------|
|  muladd  |          grp_fu_3939         |    1    |    0    |    0    |
|----------|------------------------------|---------|---------|---------|
|          | zext_ln85_1_read_read_fu_190 |    0    |    0    |    0    |
|          |   and_ln85_read_read_fu_196  |    0    |    0    |    0    |
|          |        tmp_read_fu_202       |    0    |    0    |    0    |
|          |  mul_ln104_read_read_fu_208  |    0    |    0    |    0    |
|          |    shl_ln_read_read_fu_214   |    0    |    0    |    0    |
|          |  and_ln85_1_read_read_fu_220 |    0    |    0    |    0    |
|          | zext_ln70_1_read_read_fu_226 |    0    |    0    |    0    |
|   read   |  and_ln85_2_read_read_fu_232 |    0    |    0    |    0    |
|          |  zext_ln82_read_read_fu_238  |    0    |    0    |    0    |
|          |  sext_ln85_read_read_fu_244  |    0    |    0    |    0    |
|          |  and_ln85_3_read_read_fu_250 |    0    |    0    |    0    |
|          |   add_ln82_read_read_fu_256  |    0    |    0    |    0    |
|          |  add_ln83_1_read_read_fu_262 |    0    |    0    |    0    |
|          |   add_ln83_read_read_fu_268  |    0    |    0    |    0    |
|          |   add_ln85_read_read_fu_274  |    0    |    0    |    0    |
|----------|------------------------------|---------|---------|---------|
|          |   zext_ln85_1_cast_fu_1045   |    0    |    0    |    0    |
|          |   zext_ln70_1_cast_fu_1049   |    0    |    0    |    0    |
|          |    zext_ln82_cast_fu_1053    |    0    |    0    |    0    |
|          |       zext_ln78_fu_1142      |    0    |    0    |    0    |
|          |       zext_ln86_fu_1159      |    0    |    0    |    0    |
|          |       zext_ln89_fu_1198      |    0    |    0    |    0    |
|          |      zext_ln89_2_fu_1225     |    0    |    0    |    0    |
|          |      zext_ln89_4_fu_1252     |    0    |    0    |    0    |
|          |      zext_ln89_6_fu_1284     |    0    |    0    |    0    |
|          |      zext_ln89_8_fu_1311     |    0    |    0    |    0    |
|          |     zext_ln89_10_fu_1356     |    0    |    0    |    0    |
|   zext   |     zext_ln89_12_fu_1394     |    0    |    0    |    0    |
|          |     zext_ln89_14_fu_1421     |    0    |    0    |    0    |
|          |     zext_ln89_16_fu_1448     |    0    |    0    |    0    |
|          |      zext_ln89_1_fu_1504     |    0    |    0    |    0    |
|          |      zext_ln89_3_fu_2051     |    0    |    0    |    0    |
|          |      zext_ln89_5_fu_2298     |    0    |    0    |    0    |
|          |      zext_ln89_7_fu_2545     |    0    |    0    |    0    |
|          |      zext_ln89_9_fu_2792     |    0    |    0    |    0    |
|          |     zext_ln89_11_fu_2804     |    0    |    0    |    0    |
|          |     zext_ln89_13_fu_3198     |    0    |    0    |    0    |
|          |     zext_ln89_15_fu_3445     |    0    |    0    |    0    |
|          |     zext_ln89_17_fu_3692     |    0    |    0    |    0    |
|----------|------------------------------|---------|---------|---------|
|          |    sext_ln85_cast_fu_1057    |    0    |    0    |    0    |
|          |       sext_ln89_fu_1508      |    0    |    0    |    0    |
|          |      sext_ln89_1_fu_1903     |    0    |    0    |    0    |
|          |      sext_ln89_3_fu_2054     |    0    |    0    |    0    |
|          |      sext_ln89_4_fu_2301     |    0    |    0    |    0    |
|   sext   |      sext_ln89_5_fu_2548     |    0    |    0    |    0    |
|          |      sext_ln89_6_fu_2795     |    0    |    0    |    0    |
|          |      sext_ln89_7_fu_2807     |    0    |    0    |    0    |
|          |      sext_ln89_8_fu_3201     |    0    |    0    |    0    |
|          |      sext_ln89_9_fu_3448     |    0    |    0    |    0    |
|          |     sext_ln89_10_fu_3695     |    0    |    0    |    0    |
|----------|------------------------------|---------|---------|---------|
|   trunc  |      trunc_ln86_fu_1110      |    0    |    0    |    0    |
|          |      trunc_ln78_fu_1145      |    0    |    0    |    0    |
|----------|------------------------------|---------|---------|---------|
|          |        shl_ln2_fu_1114       |    0    |    0    |    0    |
|          |        shl_ln3_fu_1895       |    0    |    0    |    0    |
|          |      shl_ln89_1_fu_2134      |    0    |    0    |    0    |
|          |      shl_ln89_2_fu_2381      |    0    |    0    |    0    |
|bitconcatenate|      shl_ln89_3_fu_2628      |    0    |    0    |    0    |
|          |      shl_ln89_4_fu_2887      |    0    |    0    |    0    |
|          |      shl_ln89_5_fu_3034      |    0    |    0    |    0    |
|          |      shl_ln89_6_fu_3281      |    0    |    0    |    0    |
|          |      shl_ln89_7_fu_3528      |    0    |    0    |    0    |
|          |      shl_ln89_8_fu_3792      |    0    |    0    |    0    |
|----------|------------------------------|---------|---------|---------|
|          |       lshr_ln1_fu_1188       |    0    |    0    |    0    |
|          |       lshr_ln2_fu_1215       |    0    |    0    |    0    |
|          |      lshr_ln87_1_fu_1242     |    0    |    0    |    0    |
|          |      lshr_ln89_4_fu_1274     |    0    |    0    |    0    |
|          |      lshr_ln87_2_fu_1301     |    0    |    0    |    0    |
|          |      lshr_ln87_3_fu_1346     |    0    |    0    |    0    |
|          |      lshr_ln89_8_fu_1384     |    0    |    0    |    0    |
|          |      lshr_ln87_4_fu_1411     |    0    |    0    |    0    |
|partselect|      lshr_ln87_5_fu_1438     |    0    |    0    |    0    |
|          |       trunc_ln6_fu_1977      |    0    |    0    |    0    |
|          |     trunc_ln89_1_fu_2223     |    0    |    0    |    0    |
|          |     trunc_ln89_2_fu_2470     |    0    |    0    |    0    |
|          |     trunc_ln89_3_fu_2717     |    0    |    0    |    0    |
|          |     trunc_ln89_4_fu_2976     |    0    |    0    |    0    |
|          |     trunc_ln89_5_fu_3123     |    0    |    0    |    0    |
|          |     trunc_ln89_6_fu_3370     |    0    |    0    |    0    |
|          |     trunc_ln89_7_fu_3617     |    0    |    0    |    0    |
|          |     trunc_ln89_8_fu_3881     |    0    |    0    |    0    |
|----------|------------------------------|---------|---------|---------|
|          |      switch_ln89_fu_1323     |    0    |    0    |    0    |
|          |      switch_ln89_fu_1912     |    0    |    0    |    0    |
|          |      switch_ln89_fu_1986     |    0    |    0    |    0    |
|          |      switch_ln89_fu_2158     |    0    |    0    |    0    |
|          |      switch_ln89_fu_2233     |    0    |    0    |    0    |
|          |      switch_ln89_fu_2405     |    0    |    0    |    0    |
|          |      switch_ln89_fu_2480     |    0    |    0    |    0    |
|          |      switch_ln89_fu_2652     |    0    |    0    |    0    |
|  switch  |      switch_ln89_fu_2727     |    0    |    0    |    0    |
|          |      switch_ln89_fu_2911     |    0    |    0    |    0    |
|          |      switch_ln89_fu_3058     |    0    |    0    |    0    |
|          |      switch_ln89_fu_3133     |    0    |    0    |    0    |
|          |      switch_ln89_fu_3305     |    0    |    0    |    0    |
|          |      switch_ln89_fu_3380     |    0    |    0    |    0    |
|          |      switch_ln89_fu_3552     |    0    |    0    |    0    |
|          |      switch_ln89_fu_3627     |    0    |    0    |    0    |
|          |      switch_ln89_fu_3704     |    0    |    0    |    0    |
|          |      switch_ln89_fu_3816     |    0    |    0    |    0    |
|----------|------------------------------|---------|---------|---------|
|   Total  |                              |    1    |    0    |   1554  |
|----------|------------------------------|---------|---------|---------|

Memories:
N/A

* Register list:
+----------------------------------+--------+
|                                  |   FF   |
+----------------------------------+--------+
|        add_ln86_3_reg_4038       |    3   |
|     and_ln85_1_read_reg_3972     |    1   |
|     and_ln85_2_read_reg_3976     |    1   |
|     and_ln85_3_read_reg_3980     |    1   |
|      and_ln85_read_reg_3963      |    1   |
|           ci_1_reg_4028          |    4   |
|            ci_reg_3956           |    4   |
|        icmp_ln78_reg_4034        |    1   |
|       icmp_ln85_1_reg_4016       |    1   |
|       icmp_ln85_2_reg_4020       |    1   |
|       icmp_ln85_3_reg_4024       |    1   |
|        icmp_ln85_reg_4012        |    1   |
|       icmp_ln89_2_reg_4590       |    1   |
|       icmp_ln89_3_reg_4600       |    1   |
|       icmp_ln89_4_reg_4610       |    1   |
|       icmp_ln89_5_reg_4626       |    1   |
|       icmp_ln89_6_reg_4630       |    1   |
|       icmp_ln89_7_reg_4640       |    1   |
|       icmp_ln89_8_reg_4650       |    1   |
|        icmp_ln89_reg_4580        |    1   |
|     input_0_addr_10_reg_4350     |    8   |
|     input_0_addr_11_reg_4395     |    8   |
|     input_0_addr_12_reg_4440     |    8   |
|      input_0_addr_5_reg_4125     |    8   |
|      input_0_addr_6_reg_4170     |    8   |
|      input_0_addr_7_reg_4215     |    8   |
|      input_0_addr_8_reg_4260     |    8   |
|      input_0_addr_9_reg_4305     |    8   |
|       input_0_addr_reg_4080      |    8   |
|     input_1_addr_10_reg_4355     |    8   |
|     input_1_addr_11_reg_4400     |    8   |
|     input_1_addr_12_reg_4445     |    8   |
|      input_1_addr_5_reg_4130     |    8   |
|      input_1_addr_6_reg_4175     |    8   |
|      input_1_addr_7_reg_4220     |    8   |
|      input_1_addr_8_reg_4265     |    8   |
|      input_1_addr_9_reg_4310     |    8   |
|       input_1_addr_reg_4085      |    8   |
|     input_2_addr_10_reg_4405     |    8   |
|     input_2_addr_11_reg_4450     |    8   |
|      input_2_addr_4_reg_4135     |    8   |
|      input_2_addr_5_reg_4180     |    8   |
|      input_2_addr_6_reg_4225     |    8   |
|      input_2_addr_7_reg_4270     |    8   |
|      input_2_addr_8_reg_4315     |    8   |
|      input_2_addr_9_reg_4360     |    8   |
|       input_2_addr_reg_4090      |    8   |
|     input_3_addr_10_reg_4410     |    8   |
|     input_3_addr_11_reg_4455     |    8   |
|      input_3_addr_4_reg_4140     |    8   |
|      input_3_addr_5_reg_4185     |    8   |
|      input_3_addr_6_reg_4230     |    8   |
|      input_3_addr_7_reg_4275     |    8   |
|      input_3_addr_8_reg_4320     |    8   |
|      input_3_addr_9_reg_4365     |    8   |
|       input_3_addr_reg_4095      |    8   |
|     input_4_addr_10_reg_4415     |    8   |
|     input_4_addr_11_reg_4460     |    8   |
|      input_4_addr_4_reg_4145     |    8   |
|      input_4_addr_5_reg_4190     |    8   |
|      input_4_addr_6_reg_4235     |    8   |
|      input_4_addr_7_reg_4280     |    8   |
|      input_4_addr_8_reg_4325     |    8   |
|      input_4_addr_9_reg_4370     |    8   |
|       input_4_addr_reg_4100      |    8   |
|      input_5_addr_1_reg_4150     |    8   |
|      input_5_addr_2_reg_4195     |    8   |
|      input_5_addr_3_reg_4240     |    8   |
|      input_5_addr_4_reg_4285     |    8   |
|      input_5_addr_5_reg_4330     |    8   |
|      input_5_addr_6_reg_4375     |    8   |
|      input_5_addr_7_reg_4420     |    8   |
|      input_5_addr_8_reg_4465     |    8   |
|       input_5_addr_reg_4105      |    8   |
|      input_6_addr_1_reg_4155     |    8   |
|      input_6_addr_2_reg_4200     |    8   |
|      input_6_addr_3_reg_4245     |    8   |
|      input_6_addr_4_reg_4290     |    8   |
|      input_6_addr_5_reg_4335     |    8   |
|      input_6_addr_6_reg_4380     |    8   |
|      input_6_addr_7_reg_4425     |    8   |
|      input_6_addr_8_reg_4470     |    8   |
|       input_6_addr_reg_4110      |    8   |
|      input_7_addr_1_reg_4160     |    8   |
|      input_7_addr_2_reg_4205     |    8   |
|      input_7_addr_3_reg_4250     |    8   |
|      input_7_addr_4_reg_4295     |    8   |
|      input_7_addr_5_reg_4340     |    8   |
|      input_7_addr_6_reg_4385     |    8   |
|      input_7_addr_7_reg_4430     |    8   |
|      input_7_addr_8_reg_4475     |    8   |
|       input_7_addr_reg_4115      |    8   |
|        mul_ln89_1_reg_4584       |   11   |
|        mul_ln89_2_reg_4594       |   11   |
|        mul_ln89_3_reg_4604       |   11   |
|        mul_ln89_4_reg_4614       |   11   |
|        mul_ln89_5_reg_4620       |   11   |
|        mul_ln89_6_reg_4634       |   11   |
|        mul_ln89_7_reg_4644       |   11   |
|        mul_ln89_8_reg_4654       |   11   |
|p_ZL12conv2_weight_0_addr_reg_4120|    7   |
|p_ZL12conv2_weight_1_addr_reg_4165|    7   |
|p_ZL12conv2_weight_1_load_reg_4500|    4   |
|p_ZL12conv2_weight_2_addr_reg_4210|    7   |
|p_ZL12conv2_weight_2_load_reg_4510|    4   |
|p_ZL12conv2_weight_3_addr_reg_4255|    7   |
|p_ZL12conv2_weight_3_load_reg_4520|    4   |
|p_ZL12conv2_weight_4_addr_reg_4300|    7   |
|p_ZL12conv2_weight_4_load_reg_4530|    4   |
|p_ZL12conv2_weight_5_addr_reg_4345|    7   |
|p_ZL12conv2_weight_5_load_reg_4540|    4   |
|p_ZL12conv2_weight_6_addr_reg_4390|    7   |
|p_ZL12conv2_weight_6_load_reg_4550|    4   |
|p_ZL12conv2_weight_7_addr_reg_4435|    7   |
|p_ZL12conv2_weight_7_load_reg_4560|    4   |
|p_ZL12conv2_weight_8_addr_reg_4480|    7   |
|p_ZL12conv2_weight_8_load_reg_4570|    4   |
|         phi_mul_reg_3949         |   11   |
|      sext_ln85_cast_reg_4005     |   11   |
|       sext_ln89_1_reg_4575       |   12   |
|        sext_ln89_reg_4490        |   10   |
|       shl_ln_read_reg_3967       |    7   |
|       tmp_10_cast_reg_4545       |    7   |
|       tmp_12_cast_reg_4555       |    7   |
|       tmp_14_cast_reg_4565       |    7   |
|        tmp_2_cast_reg_4495       |    7   |
|        tmp_4_cast_reg_4505       |    7   |
|        tmp_6_cast_reg_4515       |    7   |
|        tmp_8_cast_reg_4525       |    7   |
|       tmp_cast_47_reg_4535       |    7   |
|        trunc_ln78_reg_4051       |    3   |
|     zext_ln70_1_cast_reg_3991    |   11   |
|      zext_ln82_cast_reg_3998     |   11   |
|     zext_ln85_1_cast_reg_3984    |   11   |
|       zext_ln89_1_reg_4485       |   10   |
+----------------------------------+--------+
|               Total              |   940  |
+----------------------------------+--------+

* Multiplexer (MUX) list: 
|--------------------|------|------|------|--------||---------||---------||---------|
|        Comp        |  Pin | Size |  BW  | S x BW ||  Delay  ||    FF   ||   LUT   |
|--------------------|------|------|------|--------||---------||---------||---------|
|  grp_access_fu_336 |  p0  |  14  |   8  |   112  ||    0    ||    65   |
|  grp_access_fu_336 |  p2  |   4  |   0  |    0   ||    0    ||    20   |
|  grp_access_fu_346 |  p0  |  14  |   8  |   112  ||    0    ||    65   |
|  grp_access_fu_346 |  p2  |   4  |   0  |    0   ||    0    ||    20   |
|  grp_access_fu_356 |  p0  |  14  |   8  |   112  ||    0    ||    65   |
|  grp_access_fu_356 |  p2  |   4  |   0  |    0   ||    0    ||    20   |
|  grp_access_fu_366 |  p0  |  14  |   8  |   112  ||    0    ||    65   |
|  grp_access_fu_366 |  p2  |   4  |   0  |    0   ||    0    ||    20   |
|  grp_access_fu_376 |  p0  |  14  |   8  |   112  ||    0    ||    65   |
|  grp_access_fu_376 |  p2  |   4  |   0  |    0   ||    0    ||    20   |
|  grp_access_fu_386 |  p0  |  14  |   8  |   112  ||    0    ||    65   |
|  grp_access_fu_386 |  p2  |   4  |   0  |    0   ||    0    ||    20   |
|  grp_access_fu_396 |  p0  |  14  |   8  |   112  ||    0    ||    65   |
|  grp_access_fu_396 |  p2  |   4  |   0  |    0   ||    0    ||    20   |
|  grp_access_fu_406 |  p0  |  14  |   8  |   112  ||    0    ||    65   |
|  grp_access_fu_406 |  p2  |   4  |   0  |    0   ||    0    ||    20   |
|  grp_access_fu_423 |  p0  |   2  |   7  |   14   ||    0    ||    9    |
|  grp_access_fu_500 |  p0  |   2  |   7  |   14   ||    0    ||    9    |
|  grp_access_fu_577 |  p0  |   2  |   7  |   14   ||    0    ||    9    |
|  grp_access_fu_654 |  p0  |   2  |   7  |   14   ||    0    ||    9    |
|  grp_access_fu_731 |  p0  |   2  |   7  |   14   ||    0    ||    9    |
|  grp_access_fu_808 |  p0  |   2  |   7  |   14   ||    0    ||    9    |
|  grp_access_fu_885 |  p0  |   2  |   7  |   14   ||    0    ||    9    |
|  grp_access_fu_962 |  p0  |   2  |   7  |   14   ||    0    ||    9    |
| grp_access_fu_1039 |  p0  |   2  |   7  |   14   ||    0    ||    9    |
|     grp_fu_3939    |  p0  |   3  |   7  |   21   ||    0    ||    14   |
|     grp_fu_3939    |  p1  |   2  |   3  |    6   ||    0    ||    9    |
|--------------------|------|------|------|--------||---------||---------||---------|
|        Total       |      |      |      |  1049  || 51.5801 ||    0    ||   784   |
|--------------------|------|------|------|--------||---------||---------||---------|



* Summary:
+-----------+--------+--------+--------+--------+
|           |   DSP  |  Delay |   FF   |   LUT  |
+-----------+--------+--------+--------+--------+
|  Function |    1   |    -   |    0   |  1554  |
|   Memory  |    -   |    -   |    -   |    -   |
|Multiplexer|    -   |   51   |    0   |   784  |
|  Register |    -   |    -   |   940  |    -   |
+-----------+--------+--------+--------+--------+
|   Total   |    1   |   51   |   940  |  2338  |
+-----------+--------+--------+--------+--------+
