

================================================================
== Vitis HLS Report for 'conv2'
================================================================
* Date:           Sun Mar 15 23:46:46 2026

* Version:        2025.2 (Build 6295257 on Nov 14 2025)
* Project:        top
* Solution:       hls (Vivado IP Flow Target)
* Product family: zynq
* Target device:  xc7z020-clg484-1


================================================================
== Performance Estimates
================================================================
+ Timing: 
    * Summary: 
    +--------+----------+----------+------------+
    |  Clock |  Target  | Estimated| Uncertainty|
    +--------+----------+----------+------------+
    |ap_clk  |  10.00 ns|  8.650 ns|     1.25 ns|
    +--------+----------+----------+------------+

+ Latency: 
    * Summary: 
    +---------+---------+----------+----------+-------+-------+---------+
    |  Latency (cycles) |  Latency (absolute) |    Interval   | Pipeline|
    |   min   |   max   |    min   |    max   |  min  |  max  |   Type  |
    +---------+---------+----------+----------+-------+-------+---------+
    |    85153|    85153|  0.852 ms|  0.852 ms|  85153|  85153|       no|
    +---------+---------+----------+----------+-------+-------+---------+

    + Detail: 
        * Instance: 
        +--------------------------------+---------------------+---------+---------+----------+----------+-----+-----+-------------------+
        |                                |                     |  Latency (cycles) |  Latency (absolute) |  Interval |      Pipeline     |
        |            Instance            |        Module       |   min   |   max   |    min   |    max   | min | max |        Type       |
        +--------------------------------+---------------------+---------+---------+----------+----------+-----+-----+-------------------+
        |grp_conv2_Pipeline_CI_2_fu_251  |conv2_Pipeline_CI_2  |       21|       21|  0.210 us|  0.210 us|    0|    0|  loop pipeline stp|
        +--------------------------------+---------------------+---------+---------+----------+----------+-----+-----+-------------------+

        * Loop: 
        +----------------------+---------+---------+----------+-----------+-----------+------+----------+
        |                      |  Latency (cycles) | Iteration|  Initiation Interval  | Trip |          |
        |       Loop Name      |   min   |   max   |  Latency |  achieved |   target  | Count| Pipelined|
        +----------------------+---------+---------+----------+-----------+-----------+------+----------+
        |- CO_2                |    85152|    85152|      5322|          -|          -|    16|        no|
        | + VITIS_LOOP_69_1    |     5320|     5320|       380|          -|          -|    14|        no|
        |  ++ VITIS_LOOP_70_2  |      378|      378|        27|          -|          -|    14|        no|
        +----------------------+---------+---------+----------+-----------+-----------+------+----------+

============================================================
+ Verbose Summary: Synthesis Manager
============================================================
InlineROM: 1
ExposeGlobal: 0
============================================================
+ Verbose Summary: CDFG Model
============================================================
IsTopModel: 0
ResetActiveHigh: 1
IsCombinational: 0
IsDatapathOnly: 0
HasWiredReturn: 1
HasMFsm: 0
HasVarLatency: 1
IsPipeline: 0
IsRtlPipelined: 0
IsInstanceOverlapped: 0
IsDontTouch: 0
HasImplIP: 0
IsGatedGlobalClock: 0


============================================================
+ Verbose Summary: Schedule
============================================================
* Number of FSM states : 9
* Pipeline : 0
* Dataflow Pipeline: 0

* FSM state transitions: 
1 --> 2 
2 --> 3 
3 --> 4 2 
4 --> 5 3 
5 --> 6 
6 --> 7 
7 --> 8 
8 --> 9 
9 --> 4 

* FSM state operations: 

State 1 <SV = 0> <Delay = 1.58>
ST_1 : Operation 10 [1/1] (0.00ns)   --->   "%phi_mul495 = alloca i32 1"   --->   Operation 10 'alloca' 'phi_mul495' <Predicate = true> <Delay = 0.00>
ST_1 : Operation 11 [1/1] (0.00ns)   --->   "%co = alloca i32 1" [../src/conv.cpp:68]   --->   Operation 11 'alloca' 'co' <Predicate = true> <Delay = 0.00>
ST_1 : Operation 12 [1/1] (0.00ns)   --->   "%specmemcore_ln0 = specmemcore void @_ssdm_op_SpecMemCore, i7 %outputConv_0, i64 666, i64 22, i64 18446744073709551615, i1 0"   --->   Operation 12 'specmemcore' 'specmemcore_ln0' <Predicate = true> <Delay = 0.00>
ST_1 : Operation 13 [1/1] (0.00ns)   --->   "%specmemcore_ln0 = specmemcore void @_ssdm_op_SpecMemCore, i7 %outputConv_1, i64 666, i64 22, i64 18446744073709551615, i1 0"   --->   Operation 13 'specmemcore' 'specmemcore_ln0' <Predicate = true> <Delay = 0.00>
ST_1 : Operation 14 [1/1] (0.00ns)   --->   "%specmemcore_ln0 = specmemcore void @_ssdm_op_SpecMemCore, i7 %input_0, i64 666, i64 22, i64 18446744073709551615, i1 0"   --->   Operation 14 'specmemcore' 'specmemcore_ln0' <Predicate = true> <Delay = 0.00>
ST_1 : Operation 15 [1/1] (0.00ns)   --->   "%specmemcore_ln0 = specmemcore void @_ssdm_op_SpecMemCore, i7 %input_1, i64 666, i64 22, i64 18446744073709551615, i1 0"   --->   Operation 15 'specmemcore' 'specmemcore_ln0' <Predicate = true> <Delay = 0.00>
ST_1 : Operation 16 [1/1] (0.00ns)   --->   "%specmemcore_ln0 = specmemcore void @_ssdm_op_SpecMemCore, i7 %input_2, i64 666, i64 22, i64 18446744073709551615, i1 0"   --->   Operation 16 'specmemcore' 'specmemcore_ln0' <Predicate = true> <Delay = 0.00>
ST_1 : Operation 17 [1/1] (0.00ns)   --->   "%specmemcore_ln0 = specmemcore void @_ssdm_op_SpecMemCore, i7 %input_3, i64 666, i64 22, i64 18446744073709551615, i1 0"   --->   Operation 17 'specmemcore' 'specmemcore_ln0' <Predicate = true> <Delay = 0.00>
ST_1 : Operation 18 [1/1] (0.00ns)   --->   "%specmemcore_ln0 = specmemcore void @_ssdm_op_SpecMemCore, i7 %input_4, i64 666, i64 22, i64 18446744073709551615, i1 0"   --->   Operation 18 'specmemcore' 'specmemcore_ln0' <Predicate = true> <Delay = 0.00>
ST_1 : Operation 19 [1/1] (0.00ns)   --->   "%specmemcore_ln0 = specmemcore void @_ssdm_op_SpecMemCore, i7 %input_5, i64 666, i64 22, i64 18446744073709551615, i1 0"   --->   Operation 19 'specmemcore' 'specmemcore_ln0' <Predicate = true> <Delay = 0.00>
ST_1 : Operation 20 [1/1] (0.00ns)   --->   "%specmemcore_ln0 = specmemcore void @_ssdm_op_SpecMemCore, i7 %input_6, i64 666, i64 22, i64 18446744073709551615, i1 0"   --->   Operation 20 'specmemcore' 'specmemcore_ln0' <Predicate = true> <Delay = 0.00>
ST_1 : Operation 21 [1/1] (0.00ns)   --->   "%specmemcore_ln0 = specmemcore void @_ssdm_op_SpecMemCore, i7 %input_7, i64 666, i64 22, i64 18446744073709551615, i1 0"   --->   Operation 21 'specmemcore' 'specmemcore_ln0' <Predicate = true> <Delay = 0.00>
ST_1 : Operation 22 [1/1] (1.58ns)   --->   "%store_ln68 = store i5 0, i5 %co" [../src/conv.cpp:68]   --->   Operation 22 'store' 'store_ln68' <Predicate = true> <Delay = 1.58>
ST_1 : Operation 23 [1/1] (1.58ns)   --->   "%store_ln0 = store i11 0, i11 %phi_mul495"   --->   Operation 23 'store' 'store_ln0' <Predicate = true> <Delay = 1.58>
ST_1 : Operation 24 [1/1] (0.00ns)   --->   "%br_ln68 = br void %VITIS_LOOP_69_1" [../src/conv.cpp:68]   --->   Operation 24 'br' 'br_ln68' <Predicate = true> <Delay = 0.00>

State 2 <SV = 1> <Delay = 3.36>
ST_2 : Operation 25 [1/1] (0.00ns)   --->   "%phi_mul495_load = load i11 %phi_mul495" [../src/conv.cpp:105]   --->   Operation 25 'load' 'phi_mul495_load' <Predicate = true> <Delay = 0.00>
ST_2 : Operation 26 [1/1] (0.00ns)   --->   "%co_1 = load i5 %co" [../src/conv.cpp:68]   --->   Operation 26 'load' 'co_1' <Predicate = true> <Delay = 0.00>
ST_2 : Operation 27 [1/1] (1.63ns)   --->   "%add_ln68_1 = add i11 %phi_mul495_load, i11 98" [../src/conv.cpp:68]   --->   Operation 27 'add' 'add_ln68_1' <Predicate = true> <Delay = 1.63> <CoreInst = "Adder">   --->   Core 1 'Adder' <Latency = 0> <II = 1> <Delay = 1.63> <FuncUnit> <Opcode : 'add' 'sub'> <InPorts = 2> <OutPorts = 1>
ST_2 : Operation 28 [1/1] (1.78ns)   --->   "%icmp_ln68 = icmp_eq  i5 %co_1, i5 16" [../src/conv.cpp:68]   --->   Operation 28 'icmp' 'icmp_ln68' <Predicate = true> <Delay = 1.78> <CoreInst = "Cmp">   --->   Core 9 'Cmp' <Latency = 0> <II = 1> <Delay = 1.78> <FuncUnit> <Opcode : 'seteq' 'setne' 'setle' 'setge' 'setlt' 'setgt'> <InPorts = 2> <OutPorts = 1>
ST_2 : Operation 29 [1/1] (1.78ns)   --->   "%add_ln68 = add i5 %co_1, i5 1" [../src/conv.cpp:68]   --->   Operation 29 'add' 'add_ln68' <Predicate = true> <Delay = 1.78> <CoreInst = "Adder">   --->   Core 1 'Adder' <Latency = 0> <II = 1> <Delay = 1.78> <FuncUnit> <Opcode : 'add' 'sub'> <InPorts = 2> <OutPorts = 1>
ST_2 : Operation 30 [1/1] (0.00ns)   --->   "%br_ln68 = br i1 %icmp_ln68, void %VITIS_LOOP_69_1.split, void %for.end88" [../src/conv.cpp:68]   --->   Operation 30 'br' 'br_ln68' <Predicate = true> <Delay = 0.00>
ST_2 : Operation 31 [1/1] (0.00ns)   --->   "%trunc_ln68 = trunc i5 %co_1" [../src/conv.cpp:68]   --->   Operation 31 'trunc' 'trunc_ln68' <Predicate = (!icmp_ln68)> <Delay = 0.00>
ST_2 : Operation 32 [1/1] (0.00ns)   --->   "%speclooptripcount_ln68 = speclooptripcount void @_ssdm_op_SpecLoopTripCount, i64 16, i64 16, i64 16" [../src/conv.cpp:68]   --->   Operation 32 'speclooptripcount' 'speclooptripcount_ln68' <Predicate = (!icmp_ln68)> <Delay = 0.00>
ST_2 : Operation 33 [1/1] (0.00ns)   --->   "%specloopname_ln68 = specloopname void @_ssdm_op_SpecLoopName, void @empty_28" [../src/conv.cpp:68]   --->   Operation 33 'specloopname' 'specloopname_ln68' <Predicate = (!icmp_ln68)> <Delay = 0.00>
ST_2 : Operation 34 [1/1] (0.00ns)   --->   "%shl_ln = bitconcatenate i7 @_ssdm_op_BitConcatenate.i7.i4.i3, i4 %trunc_ln68, i3 0" [../src/conv.cpp:87]   --->   Operation 34 'bitconcatenate' 'shl_ln' <Predicate = (!icmp_ln68)> <Delay = 0.00>
ST_2 : Operation 35 [1/1] (2.06ns)   --->   "%sum = sparsemux i3 @_ssdm_op_SparseMux.ap_auto.16i3.i3.i4, i4 0, i3 7, i4 1, i3 7, i4 2, i3 0, i4 3, i3 6, i4 4, i3 7, i4 5, i3 6, i4 6, i3 6, i4 7, i3 7, i4 8, i3 1, i4 9, i3 6, i4 10, i3 0, i4 11, i3 0, i4 12, i3 0, i4 13, i3 5, i4 14, i3 0, i4 15, i3 5, i3 0, i4 %trunc_ln68" [../src/conv.cpp:96]   --->   Operation 35 'sparsemux' 'sum' <Predicate = (!icmp_ln68)> <Delay = 2.06> <CoreInst = "BinarySparseMux_DontCare">   --->   Core 137 'BinarySparseMux_DontCare' <Latency = 0> <II = 1> <Delay = 2.06> <FuncUnit> <Opcode : 'sparsemux'> <InPorts = 2> <OutPorts = 1>
ST_2 : Operation 36 [1/1] (0.00ns)   --->   "%sext_ln101 = sext i3 %sum" [../src/conv.cpp:101]   --->   Operation 36 'sext' 'sext_ln101' <Predicate = (!icmp_ln68)> <Delay = 0.00>
ST_2 : Operation 37 [1/1] (1.58ns)   --->   "%br_ln69 = br void %VITIS_LOOP_70_2" [../src/conv.cpp:69]   --->   Operation 37 'br' 'br_ln69' <Predicate = (!icmp_ln68)> <Delay = 1.58>
ST_2 : Operation 38 [1/1] (0.00ns)   --->   "%ret_ln109 = ret" [../src/conv.cpp:109]   --->   Operation 38 'ret' 'ret_ln109' <Predicate = (icmp_ln68)> <Delay = 0.00>

State 3 <SV = 2> <Delay = 3.51>
ST_3 : Operation 39 [1/1] (0.00ns)   --->   "%h = phi i4 0, void %VITIS_LOOP_69_1.split, i4 %add_ln82, void %for.inc83" [../src/conv.cpp:82]   --->   Operation 39 'phi' 'h' <Predicate = true> <Delay = 0.00>
ST_3 : Operation 40 [1/1] (1.73ns)   --->   "%icmp_ln69 = icmp_eq  i4 %h, i4 14" [../src/conv.cpp:69]   --->   Operation 40 'icmp' 'icmp_ln69' <Predicate = true> <Delay = 1.73> <CoreInst = "Cmp">   --->   Core 9 'Cmp' <Latency = 0> <II = 1> <Delay = 1.73> <FuncUnit> <Opcode : 'seteq' 'setne' 'setle' 'setge' 'setlt' 'setgt'> <InPorts = 2> <OutPorts = 1>
ST_3 : Operation 41 [1/1] (1.73ns)   --->   "%add_ln82 = add i4 %h, i4 1" [../src/conv.cpp:82]   --->   Operation 41 'add' 'add_ln82' <Predicate = true> <Delay = 1.73> <CoreInst = "Adder">   --->   Core 1 'Adder' <Latency = 0> <II = 1> <Delay = 1.73> <FuncUnit> <Opcode : 'add' 'sub'> <InPorts = 2> <OutPorts = 1>
ST_3 : Operation 42 [1/1] (0.00ns)   --->   "%br_ln69 = br i1 %icmp_ln69, void %VITIS_LOOP_70_2.split, void %for.inc86" [../src/conv.cpp:69]   --->   Operation 42 'br' 'br_ln69' <Predicate = true> <Delay = 0.00>
ST_3 : Operation 43 [1/1] (0.00ns)   --->   "%zext_ln69 = zext i4 %h" [../src/conv.cpp:69]   --->   Operation 43 'zext' 'zext_ln69' <Predicate = (!icmp_ln69)> <Delay = 0.00>
ST_3 : Operation 44 [1/1] (0.00ns)   --->   "%speclooptripcount_ln69 = speclooptripcount void @_ssdm_op_SpecLoopTripCount, i64 14, i64 14, i64 14" [../src/conv.cpp:69]   --->   Operation 44 'speclooptripcount' 'speclooptripcount_ln69' <Predicate = (!icmp_ln69)> <Delay = 0.00>
ST_3 : Operation 45 [1/1] (0.00ns)   --->   "%specloopname_ln69 = specloopname void @_ssdm_op_SpecLoopName, void @empty_29" [../src/conv.cpp:69]   --->   Operation 45 'specloopname' 'specloopname_ln69' <Predicate = (!icmp_ln69)> <Delay = 0.00>
ST_3 : Operation 46 [1/1] (0.00ns)   --->   "%trunc_ln104 = trunc i4 %h" [../src/conv.cpp:104]   --->   Operation 46 'trunc' 'trunc_ln104' <Predicate = (!icmp_ln69)> <Delay = 0.00>
ST_3 : Operation 47 [1/1] (0.00ns)   --->   "%p_shl7 = bitconcatenate i3 @_ssdm_op_BitConcatenate.i3.i2.i1, i2 %trunc_ln104, i1 0" [../src/conv.cpp:104]   --->   Operation 47 'bitconcatenate' 'p_shl7' <Predicate = (!icmp_ln69)> <Delay = 0.00>
ST_3 : Operation 48 [1/1] (1.65ns)   --->   "%sub_ln104 = sub i3 0, i3 %p_shl7" [../src/conv.cpp:104]   --->   Operation 48 'sub' 'sub_ln104' <Predicate = (!icmp_ln69)> <Delay = 1.65> <CoreInst = "Adder">   --->   Core 1 'Adder' <Latency = 0> <II = 1> <Delay = 1.65> <FuncUnit> <Opcode : 'add' 'sub'> <InPorts = 2> <OutPorts = 1>
ST_3 : Operation 49 [1/1] (0.00ns)   --->   "%p_shl8 = bitconcatenate i8 @_ssdm_op_BitConcatenate.i8.i4.i4, i4 %h, i4 0" [../src/conv.cpp:104]   --->   Operation 49 'bitconcatenate' 'p_shl8' <Predicate = (!icmp_ln69)> <Delay = 0.00>
ST_3 : Operation 50 [1/1] (0.00ns)   --->   "%tmp = bitconcatenate i5 @_ssdm_op_BitConcatenate.i5.i4.i1, i4 %h, i1 0" [../src/conv.cpp:104]   --->   Operation 50 'bitconcatenate' 'tmp' <Predicate = (!icmp_ln69)> <Delay = 0.00>
ST_3 : Operation 51 [1/1] (0.00ns)   --->   "%zext_ln104 = zext i5 %tmp" [../src/conv.cpp:104]   --->   Operation 51 'zext' 'zext_ln104' <Predicate = (!icmp_ln69)> <Delay = 0.00>
ST_3 : Operation 52 [1/1] (1.91ns)   --->   "%sub_ln104_1 = sub i8 %p_shl8, i8 %zext_ln104" [../src/conv.cpp:104]   --->   Operation 52 'sub' 'sub_ln104_1' <Predicate = (!icmp_ln69)> <Delay = 1.91> <CoreInst = "Adder">   --->   Core 1 'Adder' <Latency = 0> <II = 1> <Delay = 1.91> <FuncUnit> <Opcode : 'add' 'sub'> <InPorts = 2> <OutPorts = 1>
ST_3 : Operation 53 [1/1] (0.00ns)   --->   "%zext_ln85 = zext i4 %h" [../src/conv.cpp:85]   --->   Operation 53 'zext' 'zext_ln85' <Predicate = (!icmp_ln69)> <Delay = 0.00>
ST_3 : Operation 54 [1/1] (1.73ns)   --->   "%add_ln85 = add i5 %zext_ln85, i5 31" [../src/conv.cpp:85]   --->   Operation 54 'add' 'add_ln85' <Predicate = (!icmp_ln69)> <Delay = 1.73> <CoreInst = "Adder">   --->   Core 1 'Adder' <Latency = 0> <II = 1> <Delay = 1.73> <FuncUnit> <Opcode : 'add' 'sub'> <InPorts = 2> <OutPorts = 1>
ST_3 : Operation 55 [1/1] (1.78ns)   --->   "%icmp_ln85 = icmp_ult  i5 %add_ln85, i5 14" [../src/conv.cpp:85]   --->   Operation 55 'icmp' 'icmp_ln85' <Predicate = (!icmp_ln69)> <Delay = 1.78> <CoreInst = "Cmp">   --->   Core 9 'Cmp' <Latency = 0> <II = 1> <Delay = 1.78> <FuncUnit> <Opcode : 'seteq' 'setne' 'setle' 'setge' 'setlt' 'setgt'> <InPorts = 2> <OutPorts = 1>
ST_3 : Operation 56 [1/1] (1.73ns)   --->   "%icmp_ln85_1 = icmp_ult  i4 %add_ln82, i4 14" [../src/conv.cpp:85]   --->   Operation 56 'icmp' 'icmp_ln85_1' <Predicate = (!icmp_ln69)> <Delay = 1.73> <CoreInst = "Cmp">   --->   Core 9 'Cmp' <Latency = 0> <II = 1> <Delay = 1.73> <FuncUnit> <Opcode : 'seteq' 'setne' 'setle' 'setge' 'setlt' 'setgt'> <InPorts = 2> <OutPorts = 1>
ST_3 : Operation 57 [1/1] (0.00ns)   --->   "%p_shl = bitconcatenate i7 @_ssdm_op_BitConcatenate.i7.i4.i3, i4 %h, i3 0" [../src/conv.cpp:105]   --->   Operation 57 'bitconcatenate' 'p_shl' <Predicate = (!icmp_ln69)> <Delay = 0.00>
ST_3 : Operation 58 [1/1] (1.87ns)   --->   "%sub_ln105 = sub i7 %p_shl, i7 %zext_ln69" [../src/conv.cpp:105]   --->   Operation 58 'sub' 'sub_ln105' <Predicate = (!icmp_ln69)> <Delay = 1.87> <CoreInst = "Adder">   --->   Core 1 'Adder' <Latency = 0> <II = 1> <Delay = 1.87> <FuncUnit> <Opcode : 'add' 'sub'> <InPorts = 2> <OutPorts = 1>
ST_3 : Operation 59 [1/1] (0.00ns)   --->   "%zext_ln70 = zext i7 %sub_ln105" [../src/conv.cpp:70]   --->   Operation 59 'zext' 'zext_ln70' <Predicate = (!icmp_ln69)> <Delay = 0.00>
ST_3 : Operation 60 [1/1] (1.58ns)   --->   "%br_ln70 = br void %VITIS_LOOP_73_3" [../src/conv.cpp:70]   --->   Operation 60 'br' 'br_ln70' <Predicate = (!icmp_ln69)> <Delay = 1.58>
ST_3 : Operation 61 [1/1] (1.58ns)   --->   "%store_ln68 = store i5 %add_ln68, i5 %co" [../src/conv.cpp:68]   --->   Operation 61 'store' 'store_ln68' <Predicate = (icmp_ln69)> <Delay = 1.58>
ST_3 : Operation 62 [1/1] (1.58ns)   --->   "%store_ln68 = store i11 %add_ln68_1, i11 %phi_mul495" [../src/conv.cpp:68]   --->   Operation 62 'store' 'store_ln68' <Predicate = (icmp_ln69)> <Delay = 1.58>
ST_3 : Operation 63 [1/1] (0.00ns)   --->   "%br_ln68 = br void %VITIS_LOOP_69_1" [../src/conv.cpp:68]   --->   Operation 63 'br' 'br_ln68' <Predicate = (icmp_ln69)> <Delay = 0.00>

State 4 <SV = 3> <Delay = 3.75>
ST_4 : Operation 64 [1/1] (0.00ns)   --->   "%w = phi i4 0, void %VITIS_LOOP_70_2.split, i4 %add_ln83_1, void %arrayidx792.exit" [../src/conv.cpp:83]   --->   Operation 64 'phi' 'w' <Predicate = true> <Delay = 0.00>
ST_4 : Operation 65 [1/1] (1.73ns)   --->   "%icmp_ln70 = icmp_eq  i4 %w, i4 14" [../src/conv.cpp:70]   --->   Operation 65 'icmp' 'icmp_ln70' <Predicate = true> <Delay = 1.73> <CoreInst = "Cmp">   --->   Core 9 'Cmp' <Latency = 0> <II = 1> <Delay = 1.73> <FuncUnit> <Opcode : 'seteq' 'setne' 'setle' 'setge' 'setlt' 'setgt'> <InPorts = 2> <OutPorts = 1>
ST_4 : Operation 66 [1/1] (1.73ns)   --->   "%add_ln83_1 = add i4 %w, i4 1" [../src/conv.cpp:83]   --->   Operation 66 'add' 'add_ln83_1' <Predicate = true> <Delay = 1.73> <CoreInst = "Adder">   --->   Core 1 'Adder' <Latency = 0> <II = 1> <Delay = 1.73> <FuncUnit> <Opcode : 'add' 'sub'> <InPorts = 2> <OutPorts = 1>
ST_4 : Operation 67 [1/1] (0.00ns)   --->   "%br_ln70 = br i1 %icmp_ln70, void %fpga_resource_hint.VITIS_LOOP_99_4.38, void %for.inc83" [../src/conv.cpp:70]   --->   Operation 67 'br' 'br_ln70' <Predicate = true> <Delay = 0.00>
ST_4 : Operation 68 [1/1] (0.00ns)   --->   "%store_ln75 = store i8 0, i8 %conv2_ap_fixed_8_5_5_3_0_ap_fixed_8_5_5_3_0_partial_sums" [../src/conv.cpp:75]   --->   Operation 68 'store' 'store_ln75' <Predicate = (!icmp_ln70)> <Delay = 0.00>
ST_4 : Operation 69 [1/1] (0.00ns)   --->   "%store_ln75 = store i8 0, i8 %conv2_ap_fixed_8_5_5_3_0_ap_fixed_8_5_5_3_0_partial_sums_2" [../src/conv.cpp:75]   --->   Operation 69 'store' 'store_ln75' <Predicate = (!icmp_ln70)> <Delay = 0.00>
ST_4 : Operation 70 [1/1] (0.00ns)   --->   "%store_ln75 = store i8 0, i8 %conv2_ap_fixed_8_5_5_3_0_ap_fixed_8_5_5_3_0_partial_sums_3" [../src/conv.cpp:75]   --->   Operation 70 'store' 'store_ln75' <Predicate = (!icmp_ln70)> <Delay = 0.00>
ST_4 : Operation 71 [1/1] (0.00ns)   --->   "%store_ln75 = store i8 0, i8 %conv2_ap_fixed_8_5_5_3_0_ap_fixed_8_5_5_3_0_partial_sums_4" [../src/conv.cpp:75]   --->   Operation 71 'store' 'store_ln75' <Predicate = (!icmp_ln70)> <Delay = 0.00>
ST_4 : Operation 72 [1/1] (0.00ns)   --->   "%store_ln75 = store i8 0, i8 %conv2_ap_fixed_8_5_5_3_0_ap_fixed_8_5_5_3_0_partial_sums_5" [../src/conv.cpp:75]   --->   Operation 72 'store' 'store_ln75' <Predicate = (!icmp_ln70)> <Delay = 0.00>
ST_4 : Operation 73 [1/1] (0.00ns)   --->   "%store_ln75 = store i8 0, i8 %conv2_ap_fixed_8_5_5_3_0_ap_fixed_8_5_5_3_0_partial_sums_6" [../src/conv.cpp:75]   --->   Operation 73 'store' 'store_ln75' <Predicate = (!icmp_ln70)> <Delay = 0.00>
ST_4 : Operation 74 [1/1] (0.00ns)   --->   "%store_ln75 = store i8 0, i8 %conv2_ap_fixed_8_5_5_3_0_ap_fixed_8_5_5_3_0_partial_sums_7" [../src/conv.cpp:75]   --->   Operation 74 'store' 'store_ln75' <Predicate = (!icmp_ln70)> <Delay = 0.00>
ST_4 : Operation 75 [1/1] (0.00ns)   --->   "%store_ln75 = store i8 0, i8 %conv2_ap_fixed_8_5_5_3_0_ap_fixed_8_5_5_3_0_partial_sums_8" [../src/conv.cpp:75]   --->   Operation 75 'store' 'store_ln75' <Predicate = (!icmp_ln70)> <Delay = 0.00>
ST_4 : Operation 76 [1/1] (0.00ns)   --->   "%lshr_ln = partselect i3 @_ssdm_op_PartSelect.i3.i4.i32.i32, i4 %w, i32 1, i32 3" [../src/conv.cpp:105]   --->   Operation 76 'partselect' 'lshr_ln' <Predicate = (!icmp_ln70)> <Delay = 0.00>
ST_4 : Operation 77 [1/1] (0.00ns)   --->   "%zext_ln105 = zext i3 %lshr_ln" [../src/conv.cpp:105]   --->   Operation 77 'zext' 'zext_ln105' <Predicate = (!icmp_ln70)> <Delay = 0.00>
ST_4 : Operation 78 [1/1] (0.00ns) (grouped into TernaryAdder)   --->   "%add_ln105 = add i11 %phi_mul495_load, i11 %zext_ln105" [../src/conv.cpp:105]   --->   Operation 78 'add' 'add_ln105' <Predicate = (!icmp_ln70)> <Delay = 0.00> <CoreInst = "TAddSub">   --->   Core 10 'TAddSub' <Latency = 0> <II = 1> <Delay = 1.87> <IPBlock> <Opcode : 'add' 'sub'> <InPorts = 3> <OutPorts = 1> <Sync> <CReg>
ST_4 : Operation 79 [1/1] (3.75ns) (root node of TernaryAdder)   --->   "%add_ln105_1 = add i11 %add_ln105, i11 %zext_ln70" [../src/conv.cpp:105]   --->   Operation 79 'add' 'add_ln105_1' <Predicate = (!icmp_ln70)> <Delay = 3.75> <CoreInst = "TAddSub">   --->   Core 10 'TAddSub' <Latency = 0> <II = 1> <Delay = 1.87> <IPBlock> <Opcode : 'add' 'sub'> <InPorts = 3> <OutPorts = 1> <Sync> <CReg>
ST_4 : Operation 80 [1/1] (0.00ns)   --->   "%br_ln69 = br void %VITIS_LOOP_70_2" [../src/conv.cpp:69]   --->   Operation 80 'br' 'br_ln69' <Predicate = (icmp_ln70)> <Delay = 0.00>

State 5 <SV = 4> <Delay = 7.18>
ST_5 : Operation 81 [1/1] (0.00ns)   --->   "%zext_ln70_1 = zext i4 %w" [../src/conv.cpp:70]   --->   Operation 81 'zext' 'zext_ln70_1' <Predicate = true> <Delay = 0.00>
ST_5 : Operation 82 [1/1] (0.00ns)   --->   "%trunc_ln70 = trunc i4 %w" [../src/conv.cpp:70]   --->   Operation 82 'trunc' 'trunc_ln70' <Predicate = true> <Delay = 0.00>
ST_5 : Operation 83 [1/1] (0.00ns)   --->   "%trunc_ln70_1 = trunc i4 %w" [../src/conv.cpp:70]   --->   Operation 83 'trunc' 'trunc_ln70_1' <Predicate = true> <Delay = 0.00>
ST_5 : Operation 84 [1/1] (1.73ns)   --->   "%add_ln83 = add i5 %zext_ln70_1, i5 31" [../src/conv.cpp:83]   --->   Operation 84 'add' 'add_ln83' <Predicate = true> <Delay = 1.73> <CoreInst = "Adder">   --->   Core 1 'Adder' <Latency = 0> <II = 1> <Delay = 1.73> <FuncUnit> <Opcode : 'add' 'sub'> <InPorts = 2> <OutPorts = 1>
ST_5 : Operation 85 [1/1] (1.78ns)   --->   "%icmp_ln85_2 = icmp_ult  i5 %add_ln83, i5 14" [../src/conv.cpp:85]   --->   Operation 85 'icmp' 'icmp_ln85_2' <Predicate = true> <Delay = 1.78> <CoreInst = "Cmp">   --->   Core 9 'Cmp' <Latency = 0> <II = 1> <Delay = 1.78> <FuncUnit> <Opcode : 'seteq' 'setne' 'setle' 'setge' 'setlt' 'setgt'> <InPorts = 2> <OutPorts = 1>
ST_5 : Operation 86 [1/1] (0.97ns)   --->   "%and_ln85 = and i1 %icmp_ln85_2, i1 %icmp_ln85" [../src/conv.cpp:85]   --->   Operation 86 'and' 'and_ln85' <Predicate = true> <Delay = 0.97> <CoreInst = "LogicGate">   --->   Core 74 'LogicGate' <Latency = 0> <II = 1> <Delay = 0.97> <FuncUnit> <Opcode : 'and' 'or' 'xor'> <InPorts = 2> <OutPorts = 1>
ST_5 : Operation 87 [1/1] (1.73ns)   --->   "%icmp_ln85_3 = icmp_ult  i4 %add_ln83_1, i4 14" [../src/conv.cpp:85]   --->   Operation 87 'icmp' 'icmp_ln85_3' <Predicate = true> <Delay = 1.73> <CoreInst = "Cmp">   --->   Core 9 'Cmp' <Latency = 0> <II = 1> <Delay = 1.73> <FuncUnit> <Opcode : 'seteq' 'setne' 'setle' 'setge' 'setlt' 'setgt'> <InPorts = 2> <OutPorts = 1>
ST_5 : Operation 88 [1/1] (0.97ns)   --->   "%and_ln85_1 = and i1 %icmp_ln85_3, i1 %icmp_ln85" [../src/conv.cpp:85]   --->   Operation 88 'and' 'and_ln85_1' <Predicate = true> <Delay = 0.97> <CoreInst = "LogicGate">   --->   Core 74 'LogicGate' <Latency = 0> <II = 1> <Delay = 0.97> <FuncUnit> <Opcode : 'and' 'or' 'xor'> <InPorts = 2> <OutPorts = 1>
ST_5 : Operation 89 [1/1] (0.97ns)   --->   "%and_ln85_2 = and i1 %icmp_ln85_2, i1 %icmp_ln85_1" [../src/conv.cpp:85]   --->   Operation 89 'and' 'and_ln85_2' <Predicate = true> <Delay = 0.97> <CoreInst = "LogicGate">   --->   Core 74 'LogicGate' <Latency = 0> <II = 1> <Delay = 0.97> <FuncUnit> <Opcode : 'and' 'or' 'xor'> <InPorts = 2> <OutPorts = 1>
ST_5 : Operation 90 [1/1] (0.97ns)   --->   "%and_ln85_3 = and i1 %icmp_ln85_3, i1 %icmp_ln85_1" [../src/conv.cpp:85]   --->   Operation 90 'and' 'and_ln85_3' <Predicate = true> <Delay = 0.97> <CoreInst = "LogicGate">   --->   Core 74 'LogicGate' <Latency = 0> <II = 1> <Delay = 0.97> <FuncUnit> <Opcode : 'and' 'or' 'xor'> <InPorts = 2> <OutPorts = 1>
ST_5 : Operation 91 [2/2] (2.69ns)   --->   "%call_ln85 = call void @conv2_Pipeline_CI_2, i5 %add_ln85, i5 %add_ln83, i4 %add_ln83_1, i4 %add_ln82, i1 %and_ln85_3, i5 %add_ln83, i7 %input_0, i7 %input_1, i7 %input_2, i7 %input_3, i7 %input_4, i7 %input_5, i7 %input_6, i7 %input_7, i8 %sub_ln104_1, i1 %and_ln85_2, i4 %w, i1 %and_ln85_1, i7 %shl_ln, i3 %sub_ln104, i3 %trunc_ln70, i1 %and_ln85, i4 %add_ln83_1, i8 %conv2_ap_fixed_8_5_5_3_0_ap_fixed_8_5_5_3_0_partial_sums, i4 %p_ZL12conv2_weight_6, i8 %conv2_ap_fixed_8_5_5_3_0_ap_fixed_8_5_5_3_0_partial_sums_2, i8 %conv2_ap_fixed_8_5_5_3_0_ap_fixed_8_5_5_3_0_partial_sums_3, i8 %conv2_ap_fixed_8_5_5_3_0_ap_fixed_8_5_5_3_0_partial_sums_4, i8 %conv2_ap_fixed_8_5_5_3_0_ap_fixed_8_5_5_3_0_partial_sums_5, i8 %conv2_ap_fixed_8_5_5_3_0_ap_fixed_8_5_5_3_0_partial_sums_6, i8 %conv2_ap_fixed_8_5_5_3_0_ap_fixed_8_5_5_3_0_partial_sums_7, i8 %conv2_ap_fixed_8_5_5_3_0_ap_fixed_8_5_5_3_0_partial_sums_8, i4 %p_ZL12conv2_weight_4, i4 %p_ZL12conv2_weight_3, i3 %p_ZL12conv2_weight_0, i4 %p_ZL12conv2_weight_1, i4 %p_ZL12conv2_weight_2, i4 %p_ZL12conv2_weight_5, i4 %p_ZL12conv2_weight_7, i4 %p_ZL12conv2_weight_8" [../src/conv.cpp:85]   --->   Operation 91 'call' 'call_ln85' <Predicate = true> <Delay = 2.69> <CoreType = "Generic">   --->   Generic Core

State 6 <SV = 5> <Delay = 0.00>
ST_6 : Operation 92 [1/2] (0.00ns)   --->   "%call_ln85 = call void @conv2_Pipeline_CI_2, i5 %add_ln85, i5 %add_ln83, i4 %add_ln83_1, i4 %add_ln82, i1 %and_ln85_3, i5 %add_ln83, i7 %input_0, i7 %input_1, i7 %input_2, i7 %input_3, i7 %input_4, i7 %input_5, i7 %input_6, i7 %input_7, i8 %sub_ln104_1, i1 %and_ln85_2, i4 %w, i1 %and_ln85_1, i7 %shl_ln, i3 %sub_ln104, i3 %trunc_ln70, i1 %and_ln85, i4 %add_ln83_1, i8 %conv2_ap_fixed_8_5_5_3_0_ap_fixed_8_5_5_3_0_partial_sums, i4 %p_ZL12conv2_weight_6, i8 %conv2_ap_fixed_8_5_5_3_0_ap_fixed_8_5_5_3_0_partial_sums_2, i8 %conv2_ap_fixed_8_5_5_3_0_ap_fixed_8_5_5_3_0_partial_sums_3, i8 %conv2_ap_fixed_8_5_5_3_0_ap_fixed_8_5_5_3_0_partial_sums_4, i8 %conv2_ap_fixed_8_5_5_3_0_ap_fixed_8_5_5_3_0_partial_sums_5, i8 %conv2_ap_fixed_8_5_5_3_0_ap_fixed_8_5_5_3_0_partial_sums_6, i8 %conv2_ap_fixed_8_5_5_3_0_ap_fixed_8_5_5_3_0_partial_sums_7, i8 %conv2_ap_fixed_8_5_5_3_0_ap_fixed_8_5_5_3_0_partial_sums_8, i4 %p_ZL12conv2_weight_4, i4 %p_ZL12conv2_weight_3, i3 %p_ZL12conv2_weight_0, i4 %p_ZL12conv2_weight_1, i4 %p_ZL12conv2_weight_2, i4 %p_ZL12conv2_weight_5, i4 %p_ZL12conv2_weight_7, i4 %p_ZL12conv2_weight_8" [../src/conv.cpp:85]   --->   Operation 92 'call' 'call_ln85' <Predicate = true> <Delay = 0.00> <CoreType = "Generic">   --->   Generic Core

State 7 <SV = 6> <Delay = 5.74>
ST_7 : Operation 93 [1/1] (0.00ns)   --->   "%conv2_ap_fixed_8_5_5_3_0_ap_fixed_8_5_5_3_0_partial_sums_load = load i8 %conv2_ap_fixed_8_5_5_3_0_ap_fixed_8_5_5_3_0_partial_sums" [../src/conv.cpp:101]   --->   Operation 93 'load' 'conv2_ap_fixed_8_5_5_3_0_ap_fixed_8_5_5_3_0_partial_sums_load' <Predicate = true> <Delay = 0.00>
ST_7 : Operation 94 [1/1] (1.91ns)   --->   "%sum_10 = add i8 %conv2_ap_fixed_8_5_5_3_0_ap_fixed_8_5_5_3_0_partial_sums_load, i8 %sext_ln101" [../src/conv.cpp:101]   --->   Operation 94 'add' 'sum_10' <Predicate = true> <Delay = 1.91> <CoreInst = "Adder">   --->   Core 1 'Adder' <Latency = 0> <II = 1> <Delay = 1.91> <FuncUnit> <Opcode : 'add' 'sub'> <InPorts = 2> <OutPorts = 1>
ST_7 : Operation 95 [1/1] (0.00ns)   --->   "%specfucore_ln98 = specfucore void @_ssdm_op_SpecFUCore, i8 %sum_10, i64 8, i64 4, i64 18446744073709551615, i1 0" [../src/conv.cpp:98]   --->   Operation 95 'specfucore' 'specfucore_ln98' <Predicate = true> <Delay = 0.00>
ST_7 : Operation 96 [1/1] (0.00ns)   --->   "%conv2_ap_fixed_8_5_5_3_0_ap_fixed_8_5_5_3_0_partial_sums_2_load = load i8 %conv2_ap_fixed_8_5_5_3_0_ap_fixed_8_5_5_3_0_partial_sums_2" [../src/conv.cpp:101]   --->   Operation 96 'load' 'conv2_ap_fixed_8_5_5_3_0_ap_fixed_8_5_5_3_0_partial_sums_2_load' <Predicate = true> <Delay = 0.00>
ST_7 : Operation 97 [1/1] (1.91ns)   --->   "%sum_11 = add i8 %conv2_ap_fixed_8_5_5_3_0_ap_fixed_8_5_5_3_0_partial_sums_2_load, i8 %sum_10" [../src/conv.cpp:101]   --->   Operation 97 'add' 'sum_11' <Predicate = true> <Delay = 1.91> <CoreInst = "Adder">   --->   Core 1 'Adder' <Latency = 0> <II = 1> <Delay = 1.91> <FuncUnit> <Opcode : 'add' 'sub'> <InPorts = 2> <OutPorts = 1>
ST_7 : Operation 98 [1/1] (0.00ns)   --->   "%specfucore_ln98 = specfucore void @_ssdm_op_SpecFUCore, i8 %sum_11, i64 8, i64 4, i64 18446744073709551615, i1 0" [../src/conv.cpp:98]   --->   Operation 98 'specfucore' 'specfucore_ln98' <Predicate = true> <Delay = 0.00>
ST_7 : Operation 99 [1/1] (0.00ns)   --->   "%conv2_ap_fixed_8_5_5_3_0_ap_fixed_8_5_5_3_0_partial_sums_3_load = load i8 %conv2_ap_fixed_8_5_5_3_0_ap_fixed_8_5_5_3_0_partial_sums_3" [../src/conv.cpp:101]   --->   Operation 99 'load' 'conv2_ap_fixed_8_5_5_3_0_ap_fixed_8_5_5_3_0_partial_sums_3_load' <Predicate = true> <Delay = 0.00>
ST_7 : Operation 100 [1/1] (1.91ns)   --->   "%sum_12 = add i8 %conv2_ap_fixed_8_5_5_3_0_ap_fixed_8_5_5_3_0_partial_sums_3_load, i8 %sum_11" [../src/conv.cpp:101]   --->   Operation 100 'add' 'sum_12' <Predicate = true> <Delay = 1.91> <CoreInst = "Adder">   --->   Core 1 'Adder' <Latency = 0> <II = 1> <Delay = 1.91> <FuncUnit> <Opcode : 'add' 'sub'> <InPorts = 2> <OutPorts = 1>
ST_7 : Operation 101 [1/1] (0.00ns)   --->   "%specfucore_ln98 = specfucore void @_ssdm_op_SpecFUCore, i8 %sum_12, i64 8, i64 4, i64 18446744073709551615, i1 0" [../src/conv.cpp:98]   --->   Operation 101 'specfucore' 'specfucore_ln98' <Predicate = true> <Delay = 0.00>

State 8 <SV = 7> <Delay = 7.66>
ST_8 : Operation 102 [1/1] (0.00ns)   --->   "%conv2_ap_fixed_8_5_5_3_0_ap_fixed_8_5_5_3_0_partial_sums_4_load = load i8 %conv2_ap_fixed_8_5_5_3_0_ap_fixed_8_5_5_3_0_partial_sums_4" [../src/conv.cpp:101]   --->   Operation 102 'load' 'conv2_ap_fixed_8_5_5_3_0_ap_fixed_8_5_5_3_0_partial_sums_4_load' <Predicate = true> <Delay = 0.00>
ST_8 : Operation 103 [1/1] (1.91ns)   --->   "%sum_13 = add i8 %conv2_ap_fixed_8_5_5_3_0_ap_fixed_8_5_5_3_0_partial_sums_4_load, i8 %sum_12" [../src/conv.cpp:101]   --->   Operation 103 'add' 'sum_13' <Predicate = true> <Delay = 1.91> <CoreInst = "Adder">   --->   Core 1 'Adder' <Latency = 0> <II = 1> <Delay = 1.91> <FuncUnit> <Opcode : 'add' 'sub'> <InPorts = 2> <OutPorts = 1>
ST_8 : Operation 104 [1/1] (0.00ns)   --->   "%specfucore_ln98 = specfucore void @_ssdm_op_SpecFUCore, i8 %sum_13, i64 8, i64 4, i64 18446744073709551615, i1 0" [../src/conv.cpp:98]   --->   Operation 104 'specfucore' 'specfucore_ln98' <Predicate = true> <Delay = 0.00>
ST_8 : Operation 105 [1/1] (0.00ns)   --->   "%conv2_ap_fixed_8_5_5_3_0_ap_fixed_8_5_5_3_0_partial_sums_5_load = load i8 %conv2_ap_fixed_8_5_5_3_0_ap_fixed_8_5_5_3_0_partial_sums_5" [../src/conv.cpp:101]   --->   Operation 105 'load' 'conv2_ap_fixed_8_5_5_3_0_ap_fixed_8_5_5_3_0_partial_sums_5_load' <Predicate = true> <Delay = 0.00>
ST_8 : Operation 106 [1/1] (1.91ns)   --->   "%sum_14 = add i8 %conv2_ap_fixed_8_5_5_3_0_ap_fixed_8_5_5_3_0_partial_sums_5_load, i8 %sum_13" [../src/conv.cpp:101]   --->   Operation 106 'add' 'sum_14' <Predicate = true> <Delay = 1.91> <CoreInst = "Adder">   --->   Core 1 'Adder' <Latency = 0> <II = 1> <Delay = 1.91> <FuncUnit> <Opcode : 'add' 'sub'> <InPorts = 2> <OutPorts = 1>
ST_8 : Operation 107 [1/1] (0.00ns)   --->   "%specfucore_ln98 = specfucore void @_ssdm_op_SpecFUCore, i8 %sum_14, i64 8, i64 4, i64 18446744073709551615, i1 0" [../src/conv.cpp:98]   --->   Operation 107 'specfucore' 'specfucore_ln98' <Predicate = true> <Delay = 0.00>
ST_8 : Operation 108 [1/1] (0.00ns)   --->   "%conv2_ap_fixed_8_5_5_3_0_ap_fixed_8_5_5_3_0_partial_sums_6_load = load i8 %conv2_ap_fixed_8_5_5_3_0_ap_fixed_8_5_5_3_0_partial_sums_6" [../src/conv.cpp:101]   --->   Operation 108 'load' 'conv2_ap_fixed_8_5_5_3_0_ap_fixed_8_5_5_3_0_partial_sums_6_load' <Predicate = true> <Delay = 0.00>
ST_8 : Operation 109 [1/1] (1.91ns)   --->   "%sum_15 = add i8 %conv2_ap_fixed_8_5_5_3_0_ap_fixed_8_5_5_3_0_partial_sums_6_load, i8 %sum_14" [../src/conv.cpp:101]   --->   Operation 109 'add' 'sum_15' <Predicate = true> <Delay = 1.91> <CoreInst = "Adder">   --->   Core 1 'Adder' <Latency = 0> <II = 1> <Delay = 1.91> <FuncUnit> <Opcode : 'add' 'sub'> <InPorts = 2> <OutPorts = 1>
ST_8 : Operation 110 [1/1] (0.00ns)   --->   "%specfucore_ln98 = specfucore void @_ssdm_op_SpecFUCore, i8 %sum_15, i64 8, i64 4, i64 18446744073709551615, i1 0" [../src/conv.cpp:98]   --->   Operation 110 'specfucore' 'specfucore_ln98' <Predicate = true> <Delay = 0.00>
ST_8 : Operation 111 [1/1] (0.00ns)   --->   "%conv2_ap_fixed_8_5_5_3_0_ap_fixed_8_5_5_3_0_partial_sums_7_load = load i8 %conv2_ap_fixed_8_5_5_3_0_ap_fixed_8_5_5_3_0_partial_sums_7" [../src/conv.cpp:101]   --->   Operation 111 'load' 'conv2_ap_fixed_8_5_5_3_0_ap_fixed_8_5_5_3_0_partial_sums_7_load' <Predicate = true> <Delay = 0.00>
ST_8 : Operation 112 [1/1] (1.91ns)   --->   "%sum_16 = add i8 %conv2_ap_fixed_8_5_5_3_0_ap_fixed_8_5_5_3_0_partial_sums_7_load, i8 %sum_15" [../src/conv.cpp:101]   --->   Operation 112 'add' 'sum_16' <Predicate = true> <Delay = 1.91> <CoreInst = "Adder">   --->   Core 1 'Adder' <Latency = 0> <II = 1> <Delay = 1.91> <FuncUnit> <Opcode : 'add' 'sub'> <InPorts = 2> <OutPorts = 1>
ST_8 : Operation 113 [1/1] (0.00ns)   --->   "%specfucore_ln98 = specfucore void @_ssdm_op_SpecFUCore, i8 %sum_16, i64 8, i64 4, i64 18446744073709551615, i1 0" [../src/conv.cpp:98]   --->   Operation 113 'specfucore' 'specfucore_ln98' <Predicate = true> <Delay = 0.00>

State 9 <SV = 8> <Delay = 8.07>
ST_9 : Operation 114 [1/1] (0.00ns)   --->   "%speclooptripcount_ln70 = speclooptripcount void @_ssdm_op_SpecLoopTripCount, i64 14, i64 14, i64 14" [../src/conv.cpp:70]   --->   Operation 114 'speclooptripcount' 'speclooptripcount_ln70' <Predicate = true> <Delay = 0.00>
ST_9 : Operation 115 [1/1] (0.00ns)   --->   "%specloopname_ln70 = specloopname void @_ssdm_op_SpecLoopName, void @empty_30" [../src/conv.cpp:70]   --->   Operation 115 'specloopname' 'specloopname_ln70' <Predicate = true> <Delay = 0.00>
ST_9 : Operation 116 [1/1] (0.00ns)   --->   "%rbegin6 = specregionbegin i32 @_ssdm_op_SpecRegionBegin, void @empty_20" [../src/conv.cpp:99]   --->   Operation 116 'specregionbegin' 'rbegin6' <Predicate = true> <Delay = 0.00>
ST_9 : Operation 117 [1/1] (0.00ns)   --->   "%rend30 = specregionend i32 @_ssdm_op_SpecRegionEnd, void @empty_20, i32 %rbegin6" [../src/conv.cpp:101]   --->   Operation 117 'specregionend' 'rend30' <Predicate = true> <Delay = 0.00>
ST_9 : Operation 118 [1/1] (0.00ns)   --->   "%rbegin = specregionbegin i32 @_ssdm_op_SpecRegionBegin, void @empty_13" [../src/conv.cpp:99]   --->   Operation 118 'specregionbegin' 'rbegin' <Predicate = true> <Delay = 0.00>
ST_9 : Operation 119 [1/1] (0.00ns)   --->   "%rend26 = specregionend i32 @_ssdm_op_SpecRegionEnd, void @empty_13, i32 %rbegin" [../src/conv.cpp:101]   --->   Operation 119 'specregionend' 'rend26' <Predicate = true> <Delay = 0.00>
ST_9 : Operation 120 [1/1] (0.00ns)   --->   "%rbegin2 = specregionbegin i32 @_ssdm_op_SpecRegionBegin, void @empty_24" [../src/conv.cpp:99]   --->   Operation 120 'specregionbegin' 'rbegin2' <Predicate = true> <Delay = 0.00>
ST_9 : Operation 121 [1/1] (0.00ns)   --->   "%rend22 = specregionend i32 @_ssdm_op_SpecRegionEnd, void @empty_24, i32 %rbegin2" [../src/conv.cpp:101]   --->   Operation 121 'specregionend' 'rend22' <Predicate = true> <Delay = 0.00>
ST_9 : Operation 122 [1/1] (0.00ns)   --->   "%rbegin3 = specregionbegin i32 @_ssdm_op_SpecRegionBegin, void @empty_32" [../src/conv.cpp:99]   --->   Operation 122 'specregionbegin' 'rbegin3' <Predicate = true> <Delay = 0.00>
ST_9 : Operation 123 [1/1] (0.00ns)   --->   "%rend18 = specregionend i32 @_ssdm_op_SpecRegionEnd, void @empty_32, i32 %rbegin3" [../src/conv.cpp:101]   --->   Operation 123 'specregionend' 'rend18' <Predicate = true> <Delay = 0.00>
ST_9 : Operation 124 [1/1] (0.00ns)   --->   "%rbegin4 = specregionbegin i32 @_ssdm_op_SpecRegionBegin, void @empty_15" [../src/conv.cpp:99]   --->   Operation 124 'specregionbegin' 'rbegin4' <Predicate = true> <Delay = 0.00>
ST_9 : Operation 125 [1/1] (0.00ns)   --->   "%rend14 = specregionend i32 @_ssdm_op_SpecRegionEnd, void @empty_15, i32 %rbegin4" [../src/conv.cpp:101]   --->   Operation 125 'specregionend' 'rend14' <Predicate = true> <Delay = 0.00>
ST_9 : Operation 126 [1/1] (0.00ns)   --->   "%rbegin9 = specregionbegin i32 @_ssdm_op_SpecRegionBegin, void @empty_19" [../src/conv.cpp:99]   --->   Operation 126 'specregionbegin' 'rbegin9' <Predicate = true> <Delay = 0.00>
ST_9 : Operation 127 [1/1] (0.00ns)   --->   "%rend10 = specregionend i32 @_ssdm_op_SpecRegionEnd, void @empty_19, i32 %rbegin9" [../src/conv.cpp:101]   --->   Operation 127 'specregionend' 'rend10' <Predicate = true> <Delay = 0.00>
ST_9 : Operation 128 [1/1] (0.00ns)   --->   "%rbegin5 = specregionbegin i32 @_ssdm_op_SpecRegionBegin, void @empty_31" [../src/conv.cpp:99]   --->   Operation 128 'specregionbegin' 'rbegin5' <Predicate = true> <Delay = 0.00>
ST_9 : Operation 129 [1/1] (0.00ns)   --->   "%rend6 = specregionend i32 @_ssdm_op_SpecRegionEnd, void @empty_31, i32 %rbegin5" [../src/conv.cpp:101]   --->   Operation 129 'specregionend' 'rend6' <Predicate = true> <Delay = 0.00>
ST_9 : Operation 130 [1/1] (0.00ns)   --->   "%rbegin1 = specregionbegin i32 @_ssdm_op_SpecRegionBegin, void @empty_23" [../src/conv.cpp:99]   --->   Operation 130 'specregionbegin' 'rbegin1' <Predicate = true> <Delay = 0.00>
ST_9 : Operation 131 [1/1] (0.00ns)   --->   "%conv2_ap_fixed_8_5_5_3_0_ap_fixed_8_5_5_3_0_partial_sums_8_load = load i8 %conv2_ap_fixed_8_5_5_3_0_ap_fixed_8_5_5_3_0_partial_sums_8" [../src/conv.cpp:101]   --->   Operation 131 'load' 'conv2_ap_fixed_8_5_5_3_0_ap_fixed_8_5_5_3_0_partial_sums_8_load' <Predicate = true> <Delay = 0.00>
ST_9 : Operation 132 [1/1] (1.91ns)   --->   "%add_ln101 = add i8 %conv2_ap_fixed_8_5_5_3_0_ap_fixed_8_5_5_3_0_partial_sums_8_load, i8 %sum_16" [../src/conv.cpp:101]   --->   Operation 132 'add' 'add_ln101' <Predicate = true> <Delay = 1.91> <CoreInst = "Adder">   --->   Core 1 'Adder' <Latency = 0> <II = 1> <Delay = 1.91> <FuncUnit> <Opcode : 'add' 'sub'> <InPorts = 2> <OutPorts = 1>
ST_9 : Operation 133 [1/1] (0.00ns)   --->   "%specfucore_ln98 = specfucore void @_ssdm_op_SpecFUCore, i8 %add_ln101, i64 8, i64 4, i64 18446744073709551615, i1 0" [../src/conv.cpp:98]   --->   Operation 133 'specfucore' 'specfucore_ln98' <Predicate = true> <Delay = 0.00>
ST_9 : Operation 134 [1/1] (0.00ns)   --->   "%rend2 = specregionend i32 @_ssdm_op_SpecRegionEnd, void @empty_23, i32 %rbegin1" [../src/conv.cpp:101]   --->   Operation 134 'specregionend' 'rend2' <Predicate = true> <Delay = 0.00>
ST_9 : Operation 135 [1/1] (0.00ns)   --->   "%trunc_ln105 = trunc i8 %add_ln101" [../src/conv.cpp:105]   --->   Operation 135 'trunc' 'trunc_ln105' <Predicate = true> <Delay = 0.00>
ST_9 : Operation 136 [1/1] (0.00ns)   --->   "%zext_ln105_1 = zext i11 %add_ln105_1" [../src/conv.cpp:105]   --->   Operation 136 'zext' 'zext_ln105_1' <Predicate = true> <Delay = 0.00>
ST_9 : Operation 137 [1/1] (1.91ns)   --->   "%icmp_ln105 = icmp_sgt  i8 %add_ln101, i8 0" [../src/conv.cpp:105]   --->   Operation 137 'icmp' 'icmp_ln105' <Predicate = true> <Delay = 1.91> <CoreInst = "Cmp">   --->   Core 9 'Cmp' <Latency = 0> <II = 1> <Delay = 1.91> <FuncUnit> <Opcode : 'seteq' 'setne' 'setle' 'setge' 'setlt' 'setgt'> <InPorts = 2> <OutPorts = 1>
ST_9 : Operation 138 [1/1] (0.99ns)   --->   "%select_ln105 = select i1 %icmp_ln105, i7 %trunc_ln105, i7 0" [../src/conv.cpp:105]   --->   Operation 138 'select' 'select_ln105' <Predicate = true> <Delay = 0.99> <CoreInst = "Sel">   --->   Core 73 'Sel' <Latency = 0> <II = 1> <Delay = 0.99> <FuncUnit> <Opcode : 'select'> <InPorts = 3> <OutPorts = 1>
ST_9 : Operation 139 [1/1] (0.00ns)   --->   "%outputConv_0_addr = getelementptr i7 %outputConv_0, i64 0, i64 %zext_ln105_1" [../src/conv.cpp:105]   --->   Operation 139 'getelementptr' 'outputConv_0_addr' <Predicate = true> <Delay = 0.00>
ST_9 : Operation 140 [1/1] (0.00ns)   --->   "%outputConv_1_addr = getelementptr i7 %outputConv_1, i64 0, i64 %zext_ln105_1" [../src/conv.cpp:105]   --->   Operation 140 'getelementptr' 'outputConv_1_addr' <Predicate = true> <Delay = 0.00>
ST_9 : Operation 141 [1/1] (0.00ns)   --->   "%br_ln105 = br i1 %trunc_ln70_1, void %arrayidx792.case.0, void %arrayidx792.case.1" [../src/conv.cpp:105]   --->   Operation 141 'br' 'br_ln105' <Predicate = true> <Delay = 0.00>
ST_9 : Operation 142 [1/1] ( I:3.25ns O:3.25ns )   --->   "%store_ln105 = store i7 %select_ln105, i11 %outputConv_0_addr" [../src/conv.cpp:105]   --->   Operation 142 'store' 'store_ln105' <Predicate = (!trunc_ln70_1)> <Delay = 3.25> <CoreInst = "RAM_2P_BRAM">   --->   Core 90 'RAM_2P_BRAM' <Latency = 1> <II = 1> <Delay = 3.25> <Storage> <Opcode : 'load' 'store'> <Ports = 2> <Width = 7> <Depth = 1568> <RAM>
ST_9 : Operation 143 [1/1] (0.00ns)   --->   "%br_ln105 = br void %arrayidx792.exit" [../src/conv.cpp:105]   --->   Operation 143 'br' 'br_ln105' <Predicate = (!trunc_ln70_1)> <Delay = 0.00>
ST_9 : Operation 144 [1/1] ( I:3.25ns O:3.25ns )   --->   "%store_ln105 = store i7 %select_ln105, i11 %outputConv_1_addr" [../src/conv.cpp:105]   --->   Operation 144 'store' 'store_ln105' <Predicate = (trunc_ln70_1)> <Delay = 3.25> <CoreInst = "RAM_2P_BRAM">   --->   Core 90 'RAM_2P_BRAM' <Latency = 1> <II = 1> <Delay = 3.25> <Storage> <Opcode : 'load' 'store'> <Ports = 2> <Width = 7> <Depth = 1568> <RAM>
ST_9 : Operation 145 [1/1] (0.00ns)   --->   "%br_ln105 = br void %arrayidx792.exit" [../src/conv.cpp:105]   --->   Operation 145 'br' 'br_ln105' <Predicate = (trunc_ln70_1)> <Delay = 0.00>
ST_9 : Operation 146 [1/1] (0.00ns)   --->   "%br_ln70 = br void %VITIS_LOOP_73_3" [../src/conv.cpp:70]   --->   Operation 146 'br' 'br_ln70' <Predicate = true> <Delay = 0.00>


============================================================
+ Verbose Summary: Binding
============================================================
STG Binding: 
---------------- STG Properties BEGIN ----------------
- Is combinational: 0
- Is one-state seq: 0
- Is datapath-only: 0
- Is pipelined: 0
- Is top level: 0
Port [ Return ] is wired: 1; IO mode=ap_ctrl_hs:ce=0
Port [ input_0]:  wired=1; compound=1; hidden=0; nouse=0; global=0; static=0; extern=0; dir=0; type=1; pingpong=0; private_global=0; MemPort=[11]; IO mode=ap_memory:ce=0
Port [ input_1]:  wired=1; compound=1; hidden=0; nouse=0; global=0; static=0; extern=0; dir=0; type=1; pingpong=0; private_global=0; MemPort=[11]; IO mode=ap_memory:ce=0
Port [ input_2]:  wired=1; compound=1; hidden=0; nouse=0; global=0; static=0; extern=0; dir=0; type=1; pingpong=0; private_global=0; MemPort=[11]; IO mode=ap_memory:ce=0
Port [ input_3]:  wired=1; compound=1; hidden=0; nouse=0; global=0; static=0; extern=0; dir=0; type=1; pingpong=0; private_global=0; MemPort=[11]; IO mode=ap_memory:ce=0
Port [ input_4]:  wired=1; compound=1; hidden=0; nouse=0; global=0; static=0; extern=0; dir=0; type=1; pingpong=0; private_global=0; MemPort=[11]; IO mode=ap_memory:ce=0
Port [ input_5]:  wired=1; compound=1; hidden=0; nouse=0; global=0; static=0; extern=0; dir=0; type=1; pingpong=0; private_global=0; MemPort=[11]; IO mode=ap_memory:ce=0
Port [ input_6]:  wired=1; compound=1; hidden=0; nouse=0; global=0; static=0; extern=0; dir=0; type=1; pingpong=0; private_global=0; MemPort=[11]; IO mode=ap_memory:ce=0
Port [ input_7]:  wired=1; compound=1; hidden=0; nouse=0; global=0; static=0; extern=0; dir=0; type=1; pingpong=0; private_global=0; MemPort=[11]; IO mode=ap_memory:ce=0
Port [ outputConv_0]:  wired=1; compound=1; hidden=0; nouse=0; global=0; static=0; extern=0; dir=1; type=1; pingpong=0; private_global=0; MemPort=[30]; IO mode=ap_memory:ce=0
Port [ outputConv_1]:  wired=1; compound=1; hidden=0; nouse=0; global=0; static=0; extern=0; dir=1; type=1; pingpong=0; private_global=0; MemPort=[30]; IO mode=ap_memory:ce=0
Port [ conv2_ap_fixed_8_5_5_3_0_ap_fixed_8_5_5_3_0_partial_sums]:  wired=0; compound=0; hidden=1; nouse=0; global=1; static=1; extern=0; dir=2; type=0; pingpong=0; private_global=1; IO mode=ap_ovld:ce=0
Port [ conv2_ap_fixed_8_5_5_3_0_ap_fixed_8_5_5_3_0_partial_sums_2]:  wired=0; compound=0; hidden=1; nouse=0; global=1; static=1; extern=0; dir=2; type=0; pingpong=0; private_global=1; IO mode=ap_ovld:ce=0
Port [ conv2_ap_fixed_8_5_5_3_0_ap_fixed_8_5_5_3_0_partial_sums_3]:  wired=0; compound=0; hidden=1; nouse=0; global=1; static=1; extern=0; dir=2; type=0; pingpong=0; private_global=1; IO mode=ap_ovld:ce=0
Port [ conv2_ap_fixed_8_5_5_3_0_ap_fixed_8_5_5_3_0_partial_sums_4]:  wired=0; compound=0; hidden=1; nouse=0; global=1; static=1; extern=0; dir=2; type=0; pingpong=0; private_global=1; IO mode=ap_ovld:ce=0
Port [ conv2_ap_fixed_8_5_5_3_0_ap_fixed_8_5_5_3_0_partial_sums_5]:  wired=0; compound=0; hidden=1; nouse=0; global=1; static=1; extern=0; dir=2; type=0; pingpong=0; private_global=1; IO mode=ap_ovld:ce=0
Port [ conv2_ap_fixed_8_5_5_3_0_ap_fixed_8_5_5_3_0_partial_sums_6]:  wired=0; compound=0; hidden=1; nouse=0; global=1; static=1; extern=0; dir=2; type=0; pingpong=0; private_global=1; IO mode=ap_ovld:ce=0
Port [ conv2_ap_fixed_8_5_5_3_0_ap_fixed_8_5_5_3_0_partial_sums_7]:  wired=0; compound=0; hidden=1; nouse=0; global=1; static=1; extern=0; dir=2; type=0; pingpong=0; private_global=1; IO mode=ap_ovld:ce=0
Port [ conv2_ap_fixed_8_5_5_3_0_ap_fixed_8_5_5_3_0_partial_sums_8]:  wired=0; compound=0; hidden=1; nouse=0; global=1; static=1; extern=0; dir=2; type=0; pingpong=0; private_global=1; IO mode=ap_ovld:ce=0
Port [ p_ZL12conv2_weight_6]:  wired=0; compound=1; hidden=1; nouse=1; global=1; static=1; extern=0; dir=0; type=1; pingpong=0; private_global=0; MemPort=[1]; IO mode=ap_memory:ce=0
Port [ p_ZL12conv2_weight_4]:  wired=0; compound=1; hidden=1; nouse=1; global=1; static=1; extern=0; dir=0; type=1; pingpong=0; private_global=0; MemPort=[1]; IO mode=ap_memory:ce=0
Port [ p_ZL12conv2_weight_3]:  wired=0; compound=1; hidden=1; nouse=1; global=1; static=1; extern=0; dir=0; type=1; pingpong=0; private_global=0; MemPort=[1]; IO mode=ap_memory:ce=0
Port [ p_ZL12conv2_weight_0]:  wired=0; compound=1; hidden=1; nouse=1; global=1; static=1; extern=0; dir=0; type=1; pingpong=0; private_global=0; MemPort=[1]; IO mode=ap_memory:ce=0
Port [ p_ZL12conv2_weight_1]:  wired=0; compound=1; hidden=1; nouse=1; global=1; static=1; extern=0; dir=0; type=1; pingpong=0; private_global=0; MemPort=[1]; IO mode=ap_memory:ce=0
Port [ p_ZL12conv2_weight_2]:  wired=0; compound=1; hidden=1; nouse=1; global=1; static=1; extern=0; dir=0; type=1; pingpong=0; private_global=0; MemPort=[1]; IO mode=ap_memory:ce=0
Port [ p_ZL12conv2_weight_5]:  wired=0; compound=1; hidden=1; nouse=1; global=1; static=1; extern=0; dir=0; type=1; pingpong=0; private_global=0; MemPort=[1]; IO mode=ap_memory:ce=0
Port [ p_ZL12conv2_weight_7]:  wired=0; compound=1; hidden=1; nouse=1; global=1; static=1; extern=0; dir=0; type=1; pingpong=0; private_global=0; MemPort=[1]; IO mode=ap_memory:ce=0
Port [ p_ZL12conv2_weight_8]:  wired=0; compound=1; hidden=1; nouse=1; global=1; static=1; extern=0; dir=0; type=1; pingpong=0; private_global=0; MemPort=[1]; IO mode=ap_memory:ce=0
---------------- STG Properties END ------------------

---------------- Datapath Model BEGIN ----------------

<LifeTime>
<method=bitvector/>
phi_mul495                                                      (alloca           ) [ 0111111111]
co                                                              (alloca           ) [ 0111111111]
specmemcore_ln0                                                 (specmemcore      ) [ 0000000000]
specmemcore_ln0                                                 (specmemcore      ) [ 0000000000]
specmemcore_ln0                                                 (specmemcore      ) [ 0000000000]
specmemcore_ln0                                                 (specmemcore      ) [ 0000000000]
specmemcore_ln0                                                 (specmemcore      ) [ 0000000000]
specmemcore_ln0                                                 (specmemcore      ) [ 0000000000]
specmemcore_ln0                                                 (specmemcore      ) [ 0000000000]
specmemcore_ln0                                                 (specmemcore      ) [ 0000000000]
specmemcore_ln0                                                 (specmemcore      ) [ 0000000000]
specmemcore_ln0                                                 (specmemcore      ) [ 0000000000]
store_ln68                                                      (store            ) [ 0000000000]
store_ln0                                                       (store            ) [ 0000000000]
br_ln68                                                         (br               ) [ 0000000000]
phi_mul495_load                                                 (load             ) [ 0001111111]
co_1                                                            (load             ) [ 0000000000]
add_ln68_1                                                      (add              ) [ 0001111111]
icmp_ln68                                                       (icmp             ) [ 0011111111]
add_ln68                                                        (add              ) [ 0001111111]
br_ln68                                                         (br               ) [ 0000000000]
trunc_ln68                                                      (trunc            ) [ 0000000000]
speclooptripcount_ln68                                          (speclooptripcount) [ 0000000000]
specloopname_ln68                                               (specloopname     ) [ 0000000000]
shl_ln                                                          (bitconcatenate   ) [ 0001111111]
sum                                                             (sparsemux        ) [ 0000000000]
sext_ln101                                                      (sext             ) [ 0001111111]
br_ln69                                                         (br               ) [ 0011111111]
ret_ln109                                                       (ret              ) [ 0000000000]
h                                                               (phi              ) [ 0001000000]
icmp_ln69                                                       (icmp             ) [ 0011111111]
add_ln82                                                        (add              ) [ 0011111111]
br_ln69                                                         (br               ) [ 0000000000]
zext_ln69                                                       (zext             ) [ 0000000000]
speclooptripcount_ln69                                          (speclooptripcount) [ 0000000000]
specloopname_ln69                                               (specloopname     ) [ 0000000000]
trunc_ln104                                                     (trunc            ) [ 0000000000]
p_shl7                                                          (bitconcatenate   ) [ 0000000000]
sub_ln104                                                       (sub              ) [ 0000111111]
p_shl8                                                          (bitconcatenate   ) [ 0000000000]
tmp                                                             (bitconcatenate   ) [ 0000000000]
zext_ln104                                                      (zext             ) [ 0000000000]
sub_ln104_1                                                     (sub              ) [ 0000111111]
zext_ln85                                                       (zext             ) [ 0000000000]
add_ln85                                                        (add              ) [ 0000111111]
icmp_ln85                                                       (icmp             ) [ 0000111111]
icmp_ln85_1                                                     (icmp             ) [ 0000111111]
p_shl                                                           (bitconcatenate   ) [ 0000000000]
sub_ln105                                                       (sub              ) [ 0000000000]
zext_ln70                                                       (zext             ) [ 0000111111]
br_ln70                                                         (br               ) [ 0011111111]
store_ln68                                                      (store            ) [ 0000000000]
store_ln68                                                      (store            ) [ 0000000000]
br_ln68                                                         (br               ) [ 0000000000]
w                                                               (phi              ) [ 0000111000]
icmp_ln70                                                       (icmp             ) [ 0011111111]
add_ln83_1                                                      (add              ) [ 0011111111]
br_ln70                                                         (br               ) [ 0000000000]
store_ln75                                                      (store            ) [ 0000000000]
store_ln75                                                      (store            ) [ 0000000000]
store_ln75                                                      (store            ) [ 0000000000]
store_ln75                                                      (store            ) [ 0000000000]
store_ln75                                                      (store            ) [ 0000000000]
store_ln75                                                      (store            ) [ 0000000000]
store_ln75                                                      (store            ) [ 0000000000]
store_ln75                                                      (store            ) [ 0000000000]
lshr_ln                                                         (partselect       ) [ 0000000000]
zext_ln105                                                      (zext             ) [ 0000000000]
add_ln105                                                       (add              ) [ 0000000000]
add_ln105_1                                                     (add              ) [ 0000011111]
br_ln69                                                         (br               ) [ 0011111111]
zext_ln70_1                                                     (zext             ) [ 0000000000]
trunc_ln70                                                      (trunc            ) [ 0000001000]
trunc_ln70_1                                                    (trunc            ) [ 0000001111]
add_ln83                                                        (add              ) [ 0000001000]
icmp_ln85_2                                                     (icmp             ) [ 0000000000]
and_ln85                                                        (and              ) [ 0000001000]
icmp_ln85_3                                                     (icmp             ) [ 0000000000]
and_ln85_1                                                      (and              ) [ 0000001000]
and_ln85_2                                                      (and              ) [ 0000001000]
and_ln85_3                                                      (and              ) [ 0000001000]
call_ln85                                                       (call             ) [ 0000000000]
conv2_ap_fixed_8_5_5_3_0_ap_fixed_8_5_5_3_0_partial_sums_load   (load             ) [ 0000000000]
sum_10                                                          (add              ) [ 0000000000]
specfucore_ln98                                                 (specfucore       ) [ 0000000000]
conv2_ap_fixed_8_5_5_3_0_ap_fixed_8_5_5_3_0_partial_sums_2_load (load             ) [ 0000000000]
sum_11                                                          (add              ) [ 0000000000]
specfucore_ln98                                                 (specfucore       ) [ 0000000000]
conv2_ap_fixed_8_5_5_3_0_ap_fixed_8_5_5_3_0_partial_sums_3_load (load             ) [ 0000000000]
sum_12                                                          (add              ) [ 0000000010]
specfucore_ln98                                                 (specfucore       ) [ 0000000000]
conv2_ap_fixed_8_5_5_3_0_ap_fixed_8_5_5_3_0_partial_sums_4_load (load             ) [ 0000000000]
sum_13                                                          (add              ) [ 0000000000]
specfucore_ln98                                                 (specfucore       ) [ 0000000000]
conv2_ap_fixed_8_5_5_3_0_ap_fixed_8_5_5_3_0_partial_sums_5_load (load             ) [ 0000000000]
sum_14                                                          (add              ) [ 0000000000]
specfucore_ln98                                                 (specfucore       ) [ 0000000000]
conv2_ap_fixed_8_5_5_3_0_ap_fixed_8_5_5_3_0_partial_sums_6_load (load             ) [ 0000000000]
sum_15                                                          (add              ) [ 0000000000]
specfucore_ln98                                                 (specfucore       ) [ 0000000000]
conv2_ap_fixed_8_5_5_3_0_ap_fixed_8_5_5_3_0_partial_sums_7_load (load             ) [ 0000000000]
sum_16                                                          (add              ) [ 0000000001]
specfucore_ln98                                                 (specfucore       ) [ 0000000000]
speclooptripcount_ln70                                          (speclooptripcount) [ 0000000000]
specloopname_ln70                                               (specloopname     ) [ 0000000000]
rbegin6                                                         (specregionbegin  ) [ 0000000000]
rend30                                                          (specregionend    ) [ 0000000000]
rbegin                                                          (specregionbegin  ) [ 0000000000]
rend26                                                          (specregionend    ) [ 0000000000]
rbegin2                                                         (specregionbegin  ) [ 0000000000]
rend22                                                          (specregionend    ) [ 0000000000]
rbegin3                                                         (specregionbegin  ) [ 0000000000]
rend18                                                          (specregionend    ) [ 0000000000]
rbegin4                                                         (specregionbegin  ) [ 0000000000]
rend14                                                          (specregionend    ) [ 0000000000]
rbegin9                                                         (specregionbegin  ) [ 0000000000]
rend10                                                          (specregionend    ) [ 0000000000]
rbegin5                                                         (specregionbegin  ) [ 0000000000]
rend6                                                           (specregionend    ) [ 0000000000]
rbegin1                                                         (specregionbegin  ) [ 0000000000]
conv2_ap_fixed_8_5_5_3_0_ap_fixed_8_5_5_3_0_partial_sums_8_load (load             ) [ 0000000000]
add_ln101                                                       (add              ) [ 0000000000]
specfucore_ln98                                                 (specfucore       ) [ 0000000000]
rend2                                                           (specregionend    ) [ 0000000000]
trunc_ln105                                                     (trunc            ) [ 0000000000]
zext_ln105_1                                                    (zext             ) [ 0000000000]
icmp_ln105                                                      (icmp             ) [ 0000000000]
select_ln105                                                    (select           ) [ 0000000000]
outputConv_0_addr                                               (getelementptr    ) [ 0000000000]
outputConv_1_addr                                               (getelementptr    ) [ 0000000000]
br_ln105                                                        (br               ) [ 0000000000]
store_ln105                                                     (store            ) [ 0000000000]
br_ln105                                                        (br               ) [ 0000000000]
store_ln105                                                     (store            ) [ 0000000000]
br_ln105                                                        (br               ) [ 0000000000]
br_ln70                                                         (br               ) [ 0011111111]
</LifeTime>

<model>

<comp_list>
<comp id="0" class="1000" name="input_0">
<pin_list>
<pin id="1" dir="1" index="0" bw="1" slack="0"/>
</pin_list>
<bind>
<StgValue><ssdm name="input_0"/><MemPortTyVec>1 1 </MemPortTyVec>
</StgValue>
</bind>
</comp>

<comp id="2" class="1000" name="input_1">
<pin_list>
<pin id="3" dir="1" index="0" bw="1" slack="0"/>
</pin_list>
<bind>
<StgValue><ssdm name="input_1"/><MemPortTyVec>1 1 </MemPortTyVec>
</StgValue>
</bind>
</comp>

<comp id="4" class="1000" name="input_2">
<pin_list>
<pin id="5" dir="1" index="0" bw="1" slack="0"/>
</pin_list>
<bind>
<StgValue><ssdm name="input_2"/><MemPortTyVec>1 1 </MemPortTyVec>
</StgValue>
</bind>
</comp>

<comp id="6" class="1000" name="input_3">
<pin_list>
<pin id="7" dir="1" index="0" bw="1" slack="0"/>
</pin_list>
<bind>
<StgValue><ssdm name="input_3"/><MemPortTyVec>1 1 </MemPortTyVec>
</StgValue>
</bind>
</comp>

<comp id="8" class="1000" name="input_4">
<pin_list>
<pin id="9" dir="1" index="0" bw="1" slack="0"/>
</pin_list>
<bind>
<StgValue><ssdm name="input_4"/><MemPortTyVec>1 1 </MemPortTyVec>
</StgValue>
</bind>
</comp>

<comp id="10" class="1000" name="input_5">
<pin_list>
<pin id="11" dir="1" index="0" bw="1" slack="0"/>
</pin_list>
<bind>
<StgValue><ssdm name="input_5"/><MemPortTyVec>1 1 </MemPortTyVec>
</StgValue>
</bind>
</comp>

<comp id="12" class="1000" name="input_6">
<pin_list>
<pin id="13" dir="1" index="0" bw="1" slack="0"/>
</pin_list>
<bind>
<StgValue><ssdm name="input_6"/><MemPortTyVec>1 1 </MemPortTyVec>
</StgValue>
</bind>
</comp>

<comp id="14" class="1000" name="input_7">
<pin_list>
<pin id="15" dir="1" index="0" bw="1" slack="0"/>
</pin_list>
<bind>
<StgValue><ssdm name="input_7"/><MemPortTyVec>1 1 </MemPortTyVec>
</StgValue>
</bind>
</comp>

<comp id="16" class="1000" name="outputConv_0">
<pin_list>
<pin id="17" dir="1" index="0" bw="1" slack="0"/>
</pin_list>
<bind>
<StgValue><ssdm name="outputConv_0"/><MemPortTyVec>3 0 </MemPortTyVec>
</StgValue>
</bind>
</comp>

<comp id="18" class="1000" name="outputConv_1">
<pin_list>
<pin id="19" dir="1" index="0" bw="1" slack="0"/>
</pin_list>
<bind>
<StgValue><ssdm name="outputConv_1"/><MemPortTyVec>3 0 </MemPortTyVec>
</StgValue>
</bind>
</comp>

<comp id="20" class="1000" name="conv2_ap_fixed_8_5_5_3_0_ap_fixed_8_5_5_3_0_partial_sums">
<pin_list>
<pin id="21" dir="1" index="0" bw="1" slack="0"/>
</pin_list>
<bind>
<StgValue><ssdm name="conv2_ap_fixed_8_5_5_3_0_ap_fixed_8_5_5_3_0_partial_sums"/></StgValue>
</bind>
</comp>

<comp id="22" class="1000" name="conv2_ap_fixed_8_5_5_3_0_ap_fixed_8_5_5_3_0_partial_sums_2">
<pin_list>
<pin id="23" dir="1" index="0" bw="1" slack="0"/>
</pin_list>
<bind>
<StgValue><ssdm name="conv2_ap_fixed_8_5_5_3_0_ap_fixed_8_5_5_3_0_partial_sums_2"/></StgValue>
</bind>
</comp>

<comp id="24" class="1000" name="conv2_ap_fixed_8_5_5_3_0_ap_fixed_8_5_5_3_0_partial_sums_3">
<pin_list>
<pin id="25" dir="1" index="0" bw="1" slack="0"/>
</pin_list>
<bind>
<StgValue><ssdm name="conv2_ap_fixed_8_5_5_3_0_ap_fixed_8_5_5_3_0_partial_sums_3"/></StgValue>
</bind>
</comp>

<comp id="26" class="1000" name="conv2_ap_fixed_8_5_5_3_0_ap_fixed_8_5_5_3_0_partial_sums_4">
<pin_list>
<pin id="27" dir="1" index="0" bw="1" slack="0"/>
</pin_list>
<bind>
<StgValue><ssdm name="conv2_ap_fixed_8_5_5_3_0_ap_fixed_8_5_5_3_0_partial_sums_4"/></StgValue>
</bind>
</comp>

<comp id="28" class="1000" name="conv2_ap_fixed_8_5_5_3_0_ap_fixed_8_5_5_3_0_partial_sums_5">
<pin_list>
<pin id="29" dir="1" index="0" bw="1" slack="0"/>
</pin_list>
<bind>
<StgValue><ssdm name="conv2_ap_fixed_8_5_5_3_0_ap_fixed_8_5_5_3_0_partial_sums_5"/></StgValue>
</bind>
</comp>

<comp id="30" class="1000" name="conv2_ap_fixed_8_5_5_3_0_ap_fixed_8_5_5_3_0_partial_sums_6">
<pin_list>
<pin id="31" dir="1" index="0" bw="1" slack="0"/>
</pin_list>
<bind>
<StgValue><ssdm name="conv2_ap_fixed_8_5_5_3_0_ap_fixed_8_5_5_3_0_partial_sums_6"/></StgValue>
</bind>
</comp>

<comp id="32" class="1000" name="conv2_ap_fixed_8_5_5_3_0_ap_fixed_8_5_5_3_0_partial_sums_7">
<pin_list>
<pin id="33" dir="1" index="0" bw="1" slack="0"/>
</pin_list>
<bind>
<StgValue><ssdm name="conv2_ap_fixed_8_5_5_3_0_ap_fixed_8_5_5_3_0_partial_sums_7"/></StgValue>
</bind>
</comp>

<comp id="34" class="1000" name="conv2_ap_fixed_8_5_5_3_0_ap_fixed_8_5_5_3_0_partial_sums_8">
<pin_list>
<pin id="35" dir="1" index="0" bw="1" slack="0"/>
</pin_list>
<bind>
<StgValue><ssdm name="conv2_ap_fixed_8_5_5_3_0_ap_fixed_8_5_5_3_0_partial_sums_8"/></StgValue>
</bind>
</comp>

<comp id="36" class="1000" name="p_ZL12conv2_weight_6">
<pin_list>
<pin id="37" dir="1" index="0" bw="1" slack="0"/>
</pin_list>
<bind>
<StgValue><ssdm name="p_ZL12conv2_weight_6"/><MemPortTyVec>1 </MemPortTyVec>
</StgValue>
</bind>
</comp>

<comp id="38" class="1000" name="p_ZL12conv2_weight_4">
<pin_list>
<pin id="39" dir="1" index="0" bw="1" slack="0"/>
</pin_list>
<bind>
<StgValue><ssdm name="p_ZL12conv2_weight_4"/><MemPortTyVec>1 </MemPortTyVec>
</StgValue>
</bind>
</comp>

<comp id="40" class="1000" name="p_ZL12conv2_weight_3">
<pin_list>
<pin id="41" dir="1" index="0" bw="1" slack="0"/>
</pin_list>
<bind>
<StgValue><ssdm name="p_ZL12conv2_weight_3"/><MemPortTyVec>1 </MemPortTyVec>
</StgValue>
</bind>
</comp>

<comp id="42" class="1000" name="p_ZL12conv2_weight_0">
<pin_list>
<pin id="43" dir="1" index="0" bw="1" slack="0"/>
</pin_list>
<bind>
<StgValue><ssdm name="p_ZL12conv2_weight_0"/><MemPortTyVec>1 </MemPortTyVec>
</StgValue>
</bind>
</comp>

<comp id="44" class="1000" name="p_ZL12conv2_weight_1">
<pin_list>
<pin id="45" dir="1" index="0" bw="1" slack="0"/>
</pin_list>
<bind>
<StgValue><ssdm name="p_ZL12conv2_weight_1"/><MemPortTyVec>1 </MemPortTyVec>
</StgValue>
</bind>
</comp>

<comp id="46" class="1000" name="p_ZL12conv2_weight_2">
<pin_list>
<pin id="47" dir="1" index="0" bw="1" slack="0"/>
</pin_list>
<bind>
<StgValue><ssdm name="p_ZL12conv2_weight_2"/><MemPortTyVec>1 </MemPortTyVec>
</StgValue>
</bind>
</comp>

<comp id="48" class="1000" name="p_ZL12conv2_weight_5">
<pin_list>
<pin id="49" dir="1" index="0" bw="1" slack="0"/>
</pin_list>
<bind>
<StgValue><ssdm name="p_ZL12conv2_weight_5"/><MemPortTyVec>1 </MemPortTyVec>
</StgValue>
</bind>
</comp>

<comp id="50" class="1000" name="p_ZL12conv2_weight_7">
<pin_list>
<pin id="51" dir="1" index="0" bw="1" slack="0"/>
</pin_list>
<bind>
<StgValue><ssdm name="p_ZL12conv2_weight_7"/><MemPortTyVec>1 </MemPortTyVec>
</StgValue>
</bind>
</comp>

<comp id="52" class="1000" name="p_ZL12conv2_weight_8">
<pin_list>
<pin id="53" dir="1" index="0" bw="1" slack="0"/>
</pin_list>
<bind>
<StgValue><ssdm name="p_ZL12conv2_weight_8"/><MemPortTyVec>1 </MemPortTyVec>
</StgValue>
</bind>
</comp>

<comp id="54" class="1001" name="const_54">
<pin_list>
<pin id="55" dir="1" index="0" bw="1" slack="0"/>
</pin_list>
<bind>
<StgValue><ssdm name=""/></StgValue>
</bind>
</comp>

<comp id="56" class="1001" name="const_56">
<pin_list>
<pin id="57" dir="1" index="0" bw="1" slack="2147483647"/>
</pin_list>
<bind>
<StgValue><ssdm name="_ssdm_op_SpecMemCore"/></StgValue>
</bind>
</comp>

<comp id="58" class="1001" name="const_58">
<pin_list>
<pin id="59" dir="1" index="0" bw="1" slack="2147483647"/>
</pin_list>
<bind>
<StgValue><ssdm name=""/></StgValue>
</bind>
</comp>

<comp id="60" class="1001" name="const_60">
<pin_list>
<pin id="61" dir="1" index="0" bw="1" slack="2147483647"/>
</pin_list>
<bind>
<StgValue><ssdm name=""/></StgValue>
</bind>
</comp>

<comp id="62" class="1001" name="const_62">
<pin_list>
<pin id="63" dir="1" index="0" bw="1" slack="2147483647"/>
</pin_list>
<bind>
<StgValue><ssdm name=""/></StgValue>
</bind>
</comp>

<comp id="64" class="1001" name="const_64">
<pin_list>
<pin id="65" dir="1" index="0" bw="1" slack="0"/>
</pin_list>
<bind>
<StgValue><ssdm name=""/></StgValue>
</bind>
</comp>

<comp id="66" class="1001" name="const_66">
<pin_list>
<pin id="67" dir="1" index="0" bw="1" slack="0"/>
</pin_list>
<bind>
<StgValue><ssdm name=""/></StgValue>
</bind>
</comp>

<comp id="68" class="1001" name="const_68">
<pin_list>
<pin id="69" dir="1" index="0" bw="1" slack="0"/>
</pin_list>
<bind>
<StgValue><ssdm name=""/></StgValue>
</bind>
</comp>

<comp id="70" class="1001" name="const_70">
<pin_list>
<pin id="71" dir="1" index="0" bw="1" slack="0"/>
</pin_list>
<bind>
<StgValue><ssdm name=""/></StgValue>
</bind>
</comp>

<comp id="72" class="1001" name="const_72">
<pin_list>
<pin id="73" dir="1" index="0" bw="1" slack="0"/>
</pin_list>
<bind>
<StgValue><ssdm name=""/></StgValue>
</bind>
</comp>

<comp id="74" class="1001" name="const_74">
<pin_list>
<pin id="75" dir="1" index="0" bw="1" slack="0"/>
</pin_list>
<bind>
<StgValue><ssdm name=""/></StgValue>
</bind>
</comp>

<comp id="76" class="1001" name="const_76">
<pin_list>
<pin id="77" dir="1" index="0" bw="1" slack="2147483647"/>
</pin_list>
<bind>
<StgValue><ssdm name="_ssdm_op_SpecLoopTripCount"/></StgValue>
</bind>
</comp>

<comp id="78" class="1001" name="const_78">
<pin_list>
<pin id="79" dir="1" index="0" bw="1" slack="2147483647"/>
</pin_list>
<bind>
<StgValue><ssdm name=""/></StgValue>
</bind>
</comp>

<comp id="80" class="1001" name="const_80">
<pin_list>
<pin id="81" dir="1" index="0" bw="1" slack="2147483647"/>
</pin_list>
<bind>
<StgValue><ssdm name="_ssdm_op_SpecLoopName"/></StgValue>
</bind>
</comp>

<comp id="82" class="1001" name="const_82">
<pin_list>
<pin id="83" dir="1" index="0" bw="1" slack="2147483647"/>
</pin_list>
<bind>
<StgValue><ssdm name="empty_28"/></StgValue>
</bind>
</comp>

<comp id="84" class="1001" name="const_84">
<pin_list>
<pin id="85" dir="1" index="0" bw="1" slack="0"/>
</pin_list>
<bind>
<StgValue><ssdm name="_ssdm_op_BitConcatenate.i7.i4.i3"/></StgValue>
</bind>
</comp>

<comp id="86" class="1001" name="const_86">
<pin_list>
<pin id="87" dir="1" index="0" bw="1" slack="0"/>
</pin_list>
<bind>
<StgValue><ssdm name=""/></StgValue>
</bind>
</comp>

<comp id="88" class="1001" name="const_88">
<pin_list>
<pin id="89" dir="1" index="0" bw="1" slack="0"/>
</pin_list>
<bind>
<StgValue><ssdm name="_ssdm_op_SparseMux.ap_auto.16i3.i3.i4"/></StgValue>
</bind>
</comp>

<comp id="90" class="1001" name="const_90">
<pin_list>
<pin id="91" dir="1" index="0" bw="1" slack="0"/>
</pin_list>
<bind>
<StgValue><ssdm name=""/></StgValue>
</bind>
</comp>

<comp id="92" class="1001" name="const_92">
<pin_list>
<pin id="93" dir="1" index="0" bw="1" slack="0"/>
</pin_list>
<bind>
<StgValue><ssdm name=""/></StgValue>
</bind>
</comp>

<comp id="94" class="1001" name="const_94">
<pin_list>
<pin id="95" dir="1" index="0" bw="1" slack="0"/>
</pin_list>
<bind>
<StgValue><ssdm name=""/></StgValue>
</bind>
</comp>

<comp id="96" class="1001" name="const_96">
<pin_list>
<pin id="97" dir="1" index="0" bw="1" slack="0"/>
</pin_list>
<bind>
<StgValue><ssdm name=""/></StgValue>
</bind>
</comp>

<comp id="98" class="1001" name="const_98">
<pin_list>
<pin id="99" dir="1" index="0" bw="1" slack="0"/>
</pin_list>
<bind>
<StgValue><ssdm name=""/></StgValue>
</bind>
</comp>

<comp id="100" class="1001" name="const_100">
<pin_list>
<pin id="101" dir="1" index="0" bw="1" slack="0"/>
</pin_list>
<bind>
<StgValue><ssdm name=""/></StgValue>
</bind>
</comp>

<comp id="102" class="1001" name="const_102">
<pin_list>
<pin id="103" dir="1" index="0" bw="1" slack="0"/>
</pin_list>
<bind>
<StgValue><ssdm name=""/></StgValue>
</bind>
</comp>

<comp id="104" class="1001" name="const_104">
<pin_list>
<pin id="105" dir="1" index="0" bw="1" slack="0"/>
</pin_list>
<bind>
<StgValue><ssdm name=""/></StgValue>
</bind>
</comp>

<comp id="106" class="1001" name="const_106">
<pin_list>
<pin id="107" dir="1" index="0" bw="1" slack="0"/>
</pin_list>
<bind>
<StgValue><ssdm name=""/></StgValue>
</bind>
</comp>

<comp id="108" class="1001" name="const_108">
<pin_list>
<pin id="109" dir="1" index="0" bw="1" slack="0"/>
</pin_list>
<bind>
<StgValue><ssdm name=""/></StgValue>
</bind>
</comp>

<comp id="110" class="1001" name="const_110">
<pin_list>
<pin id="111" dir="1" index="0" bw="1" slack="0"/>
</pin_list>
<bind>
<StgValue><ssdm name=""/></StgValue>
</bind>
</comp>

<comp id="112" class="1001" name="const_112">
<pin_list>
<pin id="113" dir="1" index="0" bw="1" slack="0"/>
</pin_list>
<bind>
<StgValue><ssdm name=""/></StgValue>
</bind>
</comp>

<comp id="114" class="1001" name="const_114">
<pin_list>
<pin id="115" dir="1" index="0" bw="1" slack="0"/>
</pin_list>
<bind>
<StgValue><ssdm name=""/></StgValue>
</bind>
</comp>

<comp id="116" class="1001" name="const_116">
<pin_list>
<pin id="117" dir="1" index="0" bw="1" slack="0"/>
</pin_list>
<bind>
<StgValue><ssdm name=""/></StgValue>
</bind>
</comp>

<comp id="118" class="1001" name="const_118">
<pin_list>
<pin id="119" dir="1" index="0" bw="1" slack="0"/>
</pin_list>
<bind>
<StgValue><ssdm name=""/></StgValue>
</bind>
</comp>

<comp id="120" class="1001" name="const_120">
<pin_list>
<pin id="121" dir="1" index="0" bw="1" slack="0"/>
</pin_list>
<bind>
<StgValue><ssdm name=""/></StgValue>
</bind>
</comp>

<comp id="122" class="1001" name="const_122">
<pin_list>
<pin id="123" dir="1" index="0" bw="1" slack="0"/>
</pin_list>
<bind>
<StgValue><ssdm name=""/></StgValue>
</bind>
</comp>

<comp id="124" class="1001" name="const_124">
<pin_list>
<pin id="125" dir="1" index="0" bw="1" slack="0"/>
</pin_list>
<bind>
<StgValue><ssdm name=""/></StgValue>
</bind>
</comp>

<comp id="126" class="1001" name="const_126">
<pin_list>
<pin id="127" dir="1" index="0" bw="1" slack="0"/>
</pin_list>
<bind>
<StgValue><ssdm name=""/></StgValue>
</bind>
</comp>

<comp id="128" class="1001" name="const_128">
<pin_list>
<pin id="129" dir="1" index="0" bw="1" slack="0"/>
</pin_list>
<bind>
<StgValue><ssdm name=""/></StgValue>
</bind>
</comp>

<comp id="130" class="1001" name="const_130">
<pin_list>
<pin id="131" dir="1" index="0" bw="1" slack="0"/>
</pin_list>
<bind>
<StgValue><ssdm name=""/></StgValue>
</bind>
</comp>

<comp id="132" class="1001" name="const_132">
<pin_list>
<pin id="133" dir="1" index="0" bw="1" slack="2147483647"/>
</pin_list>
<bind>
<StgValue><ssdm name=""/></StgValue>
</bind>
</comp>

<comp id="134" class="1001" name="const_134">
<pin_list>
<pin id="135" dir="1" index="0" bw="1" slack="2147483647"/>
</pin_list>
<bind>
<StgValue><ssdm name="empty_29"/></StgValue>
</bind>
</comp>

<comp id="136" class="1001" name="const_136">
<pin_list>
<pin id="137" dir="1" index="0" bw="1" slack="0"/>
</pin_list>
<bind>
<StgValue><ssdm name="_ssdm_op_BitConcatenate.i3.i2.i1"/></StgValue>
</bind>
</comp>

<comp id="138" class="1001" name="const_138">
<pin_list>
<pin id="139" dir="1" index="0" bw="1" slack="0"/>
</pin_list>
<bind>
<StgValue><ssdm name="_ssdm_op_BitConcatenate.i8.i4.i4"/></StgValue>
</bind>
</comp>

<comp id="140" class="1001" name="const_140">
<pin_list>
<pin id="141" dir="1" index="0" bw="1" slack="0"/>
</pin_list>
<bind>
<StgValue><ssdm name="_ssdm_op_BitConcatenate.i5.i4.i1"/></StgValue>
</bind>
</comp>

<comp id="142" class="1001" name="const_142">
<pin_list>
<pin id="143" dir="1" index="0" bw="1" slack="0"/>
</pin_list>
<bind>
<StgValue><ssdm name=""/></StgValue>
</bind>
</comp>

<comp id="144" class="1001" name="const_144">
<pin_list>
<pin id="145" dir="1" index="0" bw="1" slack="0"/>
</pin_list>
<bind>
<StgValue><ssdm name=""/></StgValue>
</bind>
</comp>

<comp id="146" class="1001" name="const_146">
<pin_list>
<pin id="147" dir="1" index="0" bw="1" slack="0"/>
</pin_list>
<bind>
<StgValue><ssdm name=""/></StgValue>
</bind>
</comp>

<comp id="148" class="1001" name="const_148">
<pin_list>
<pin id="149" dir="1" index="0" bw="1" slack="0"/>
</pin_list>
<bind>
<StgValue><ssdm name="_ssdm_op_PartSelect.i3.i4.i32.i32"/></StgValue>
</bind>
</comp>

<comp id="150" class="1001" name="const_150">
<pin_list>
<pin id="151" dir="1" index="0" bw="1" slack="0"/>
</pin_list>
<bind>
<StgValue><ssdm name=""/></StgValue>
</bind>
</comp>

<comp id="152" class="1001" name="const_152">
<pin_list>
<pin id="153" dir="1" index="0" bw="1" slack="0"/>
</pin_list>
<bind>
<StgValue><ssdm name="conv2_Pipeline_CI_2"/></StgValue>
</bind>
</comp>

<comp id="154" class="1001" name="const_154">
<pin_list>
<pin id="155" dir="1" index="0" bw="1" slack="2147483647"/>
</pin_list>
<bind>
<StgValue><ssdm name="_ssdm_op_SpecFUCore"/></StgValue>
</bind>
</comp>

<comp id="156" class="1001" name="const_156">
<pin_list>
<pin id="157" dir="1" index="0" bw="1" slack="2147483647"/>
</pin_list>
<bind>
<StgValue><ssdm name=""/></StgValue>
</bind>
</comp>

<comp id="158" class="1001" name="const_158">
<pin_list>
<pin id="159" dir="1" index="0" bw="1" slack="2147483647"/>
</pin_list>
<bind>
<StgValue><ssdm name=""/></StgValue>
</bind>
</comp>

<comp id="160" class="1001" name="const_160">
<pin_list>
<pin id="161" dir="1" index="0" bw="1" slack="2147483647"/>
</pin_list>
<bind>
<StgValue><ssdm name="empty_30"/></StgValue>
</bind>
</comp>

<comp id="162" class="1001" name="const_162">
<pin_list>
<pin id="163" dir="1" index="0" bw="1" slack="2147483647"/>
</pin_list>
<bind>
<StgValue><ssdm name="_ssdm_op_SpecRegionBegin"/></StgValue>
</bind>
</comp>

<comp id="164" class="1001" name="const_164">
<pin_list>
<pin id="165" dir="1" index="0" bw="1" slack="2147483647"/>
</pin_list>
<bind>
<StgValue><ssdm name="empty_20"/></StgValue>
</bind>
</comp>

<comp id="166" class="1001" name="const_166">
<pin_list>
<pin id="167" dir="1" index="0" bw="1" slack="2147483647"/>
</pin_list>
<bind>
<StgValue><ssdm name="_ssdm_op_SpecRegionEnd"/></StgValue>
</bind>
</comp>

<comp id="168" class="1001" name="const_168">
<pin_list>
<pin id="169" dir="1" index="0" bw="1" slack="2147483647"/>
</pin_list>
<bind>
<StgValue><ssdm name="empty_13"/></StgValue>
</bind>
</comp>

<comp id="170" class="1001" name="const_170">
<pin_list>
<pin id="171" dir="1" index="0" bw="1" slack="2147483647"/>
</pin_list>
<bind>
<StgValue><ssdm name="empty_24"/></StgValue>
</bind>
</comp>

<comp id="172" class="1001" name="const_172">
<pin_list>
<pin id="173" dir="1" index="0" bw="1" slack="2147483647"/>
</pin_list>
<bind>
<StgValue><ssdm name="empty_32"/></StgValue>
</bind>
</comp>

<comp id="174" class="1001" name="const_174">
<pin_list>
<pin id="175" dir="1" index="0" bw="1" slack="2147483647"/>
</pin_list>
<bind>
<StgValue><ssdm name="empty_15"/></StgValue>
</bind>
</comp>

<comp id="176" class="1001" name="const_176">
<pin_list>
<pin id="177" dir="1" index="0" bw="1" slack="2147483647"/>
</pin_list>
<bind>
<StgValue><ssdm name="empty_19"/></StgValue>
</bind>
</comp>

<comp id="178" class="1001" name="const_178">
<pin_list>
<pin id="179" dir="1" index="0" bw="1" slack="2147483647"/>
</pin_list>
<bind>
<StgValue><ssdm name="empty_31"/></StgValue>
</bind>
</comp>

<comp id="180" class="1001" name="const_180">
<pin_list>
<pin id="181" dir="1" index="0" bw="1" slack="2147483647"/>
</pin_list>
<bind>
<StgValue><ssdm name="empty_23"/></StgValue>
</bind>
</comp>

<comp id="182" class="1001" name="const_182">
<pin_list>
<pin id="183" dir="1" index="0" bw="1" slack="0"/>
</pin_list>
<bind>
<StgValue><ssdm name=""/></StgValue>
</bind>
</comp>

<comp id="184" class="1001" name="const_184">
<pin_list>
<pin id="185" dir="1" index="0" bw="1" slack="0"/>
</pin_list>
<bind>
<StgValue><ssdm name=""/></StgValue>
</bind>
</comp>

<comp id="186" class="1004" name="phi_mul495_fu_186">
<pin_list>
<pin id="187" dir="0" index="0" bw="1" slack="0"/>
<pin id="188" dir="1" index="1" bw="11" slack="0"/>
</pin_list>
<bind>
<opcode="alloca(26) " fcode="alloca"/>
<opset="phi_mul495/1 "/>
</bind>
</comp>

<comp id="190" class="1004" name="co_fu_190">
<pin_list>
<pin id="191" dir="0" index="0" bw="1" slack="0"/>
<pin id="192" dir="1" index="1" bw="5" slack="0"/>
</pin_list>
<bind>
<opcode="alloca(26) " fcode="alloca"/>
<opset="co/1 "/>
</bind>
</comp>

<comp id="194" class="1004" name="outputConv_0_addr_gep_fu_194">
<pin_list>
<pin id="195" dir="0" index="0" bw="7" slack="0"/>
<pin id="196" dir="0" index="1" bw="1" slack="0"/>
<pin id="197" dir="0" index="2" bw="11" slack="0"/>
<pin id="198" dir="1" index="3" bw="11" slack="0"/>
</pin_list>
<bind>
<opcode="getelementptr(29) " fcode="getelementptr"/>
<opset="outputConv_0_addr/9 "/>
</bind>
</comp>

<comp id="201" class="1004" name="outputConv_1_addr_gep_fu_201">
<pin_list>
<pin id="202" dir="0" index="0" bw="7" slack="0"/>
<pin id="203" dir="0" index="1" bw="1" slack="0"/>
<pin id="204" dir="0" index="2" bw="11" slack="0"/>
<pin id="205" dir="1" index="3" bw="11" slack="0"/>
</pin_list>
<bind>
<opcode="getelementptr(29) " fcode="getelementptr"/>
<opset="outputConv_1_addr/9 "/>
</bind>
</comp>

<comp id="208" class="1004" name="store_ln105_access_fu_208">
<pin_list>
<pin id="209" dir="0" index="0" bw="11" slack="2147483647"/>
<pin id="210" dir="0" index="1" bw="7" slack="2147483647"/>
<pin id="211" dir="0" index="2" bw="0" slack="0"/>
<pin id="213" dir="0" index="4" bw="11" slack="0"/>
<pin id="214" dir="0" index="5" bw="7" slack="2147483647"/>
<pin id="215" dir="0" index="6" bw="0" slack="2147483647"/>
<pin id="212" dir="1" index="3" bw="7" slack="2147483647"/>
<pin id="216" dir="1" index="7" bw="7" slack="2147483647"/>
</pin_list>
<bind>
<opcode="store(28) " fcode="store"/>
<opset="store_ln105/9 "/>
</bind>
</comp>

<comp id="218" class="1004" name="store_ln105_access_fu_218">
<pin_list>
<pin id="219" dir="0" index="0" bw="11" slack="2147483647"/>
<pin id="220" dir="0" index="1" bw="7" slack="2147483647"/>
<pin id="221" dir="0" index="2" bw="0" slack="0"/>
<pin id="223" dir="0" index="4" bw="11" slack="0"/>
<pin id="224" dir="0" index="5" bw="7" slack="2147483647"/>
<pin id="225" dir="0" index="6" bw="0" slack="2147483647"/>
<pin id="222" dir="1" index="3" bw="7" slack="2147483647"/>
<pin id="226" dir="1" index="7" bw="7" slack="2147483647"/>
</pin_list>
<bind>
<opcode="store(28) " fcode="store"/>
<opset="store_ln105/9 "/>
</bind>
</comp>

<comp id="228" class="1005" name="h_reg_228">
<pin_list>
<pin id="229" dir="0" index="0" bw="4" slack="1"/>
<pin id="230" dir="1" index="1" bw="4" slack="1"/>
</pin_list>
<bind>
<opset="h (phireg) "/>
</bind>
</comp>

<comp id="232" class="1004" name="h_phi_fu_232">
<pin_list>
<pin id="233" dir="0" index="0" bw="1" slack="1"/>
<pin id="234" dir="0" index="1" bw="0" slack="2147483647"/>
<pin id="235" dir="0" index="2" bw="4" slack="0"/>
<pin id="236" dir="0" index="3" bw="0" slack="2147483647"/>
<pin id="237" dir="1" index="4" bw="4" slack="0"/>
</pin_list>
<bind>
<opcode="phi(47) " fcode="phi"/>
<opset="h/3 "/>
</bind>
</comp>

<comp id="239" class="1005" name="w_reg_239">
<pin_list>
<pin id="240" dir="0" index="0" bw="4" slack="1"/>
<pin id="241" dir="1" index="1" bw="4" slack="1"/>
</pin_list>
<bind>
<opset="w (phireg) "/>
</bind>
</comp>

<comp id="243" class="1004" name="w_phi_fu_243">
<pin_list>
<pin id="244" dir="0" index="0" bw="1" slack="1"/>
<pin id="245" dir="0" index="1" bw="0" slack="2147483647"/>
<pin id="246" dir="0" index="2" bw="4" slack="0"/>
<pin id="247" dir="0" index="3" bw="0" slack="2147483647"/>
<pin id="248" dir="1" index="4" bw="4" slack="0"/>
</pin_list>
<bind>
<opcode="phi(47) " fcode="phi"/>
<opset="w/4 "/>
</bind>
</comp>

<comp id="251" class="1004" name="grp_conv2_Pipeline_CI_2_fu_251">
<pin_list>
<pin id="252" dir="0" index="0" bw="0" slack="0"/>
<pin id="253" dir="0" index="1" bw="5" slack="2"/>
<pin id="254" dir="0" index="2" bw="5" slack="0"/>
<pin id="255" dir="0" index="3" bw="4" slack="1"/>
<pin id="256" dir="0" index="4" bw="4" slack="2"/>
<pin id="257" dir="0" index="5" bw="1" slack="0"/>
<pin id="258" dir="0" index="6" bw="5" slack="0"/>
<pin id="259" dir="0" index="7" bw="7" slack="0"/>
<pin id="260" dir="0" index="8" bw="7" slack="0"/>
<pin id="261" dir="0" index="9" bw="7" slack="0"/>
<pin id="262" dir="0" index="10" bw="7" slack="0"/>
<pin id="263" dir="0" index="11" bw="7" slack="0"/>
<pin id="264" dir="0" index="12" bw="7" slack="0"/>
<pin id="265" dir="0" index="13" bw="7" slack="0"/>
<pin id="266" dir="0" index="14" bw="7" slack="0"/>
<pin id="267" dir="0" index="15" bw="8" slack="2"/>
<pin id="268" dir="0" index="16" bw="1" slack="0"/>
<pin id="269" dir="0" index="17" bw="4" slack="1"/>
<pin id="270" dir="0" index="18" bw="1" slack="0"/>
<pin id="271" dir="0" index="19" bw="7" slack="3"/>
<pin id="272" dir="0" index="20" bw="3" slack="2"/>
<pin id="273" dir="0" index="21" bw="3" slack="0"/>
<pin id="274" dir="0" index="22" bw="1" slack="0"/>
<pin id="275" dir="0" index="23" bw="4" slack="1"/>
<pin id="276" dir="0" index="24" bw="8" slack="0"/>
<pin id="277" dir="0" index="25" bw="4" slack="0"/>
<pin id="278" dir="0" index="26" bw="8" slack="0"/>
<pin id="279" dir="0" index="27" bw="8" slack="0"/>
<pin id="280" dir="0" index="28" bw="8" slack="0"/>
<pin id="281" dir="0" index="29" bw="8" slack="0"/>
<pin id="282" dir="0" index="30" bw="8" slack="0"/>
<pin id="283" dir="0" index="31" bw="8" slack="0"/>
<pin id="284" dir="0" index="32" bw="8" slack="0"/>
<pin id="285" dir="0" index="33" bw="4" slack="0"/>
<pin id="286" dir="0" index="34" bw="4" slack="0"/>
<pin id="287" dir="0" index="35" bw="3" slack="0"/>
<pin id="288" dir="0" index="36" bw="4" slack="0"/>
<pin id="289" dir="0" index="37" bw="4" slack="0"/>
<pin id="290" dir="0" index="38" bw="4" slack="0"/>
<pin id="291" dir="0" index="39" bw="4" slack="0"/>
<pin id="292" dir="0" index="40" bw="4" slack="0"/>
<pin id="293" dir="1" index="41" bw="0" slack="2147483647"/>
</pin_list>
<bind>
<opcode="call(48) " fcode="call"/>
<opset="call_ln85/5 "/>
</bind>
</comp>

<comp id="321" class="1004" name="store_ln68_store_fu_321">
<pin_list>
<pin id="322" dir="0" index="0" bw="1" slack="0"/>
<pin id="323" dir="0" index="1" bw="5" slack="0"/>
<pin id="324" dir="1" index="2" bw="0" slack="2147483647"/>
</pin_list>
<bind>
<opcode="store(28) " fcode="store"/>
<opset="store_ln68/1 "/>
</bind>
</comp>

<comp id="326" class="1004" name="store_ln0_store_fu_326">
<pin_list>
<pin id="327" dir="0" index="0" bw="1" slack="0"/>
<pin id="328" dir="0" index="1" bw="11" slack="0"/>
<pin id="329" dir="1" index="2" bw="0" slack="2147483647"/>
</pin_list>
<bind>
<opcode="store(28) " fcode="store"/>
<opset="store_ln0/1 "/>
</bind>
</comp>

<comp id="331" class="1004" name="phi_mul495_load_load_fu_331">
<pin_list>
<pin id="332" dir="0" index="0" bw="11" slack="1"/>
<pin id="333" dir="1" index="1" bw="11" slack="0"/>
</pin_list>
<bind>
<opcode="load(27) " fcode="load"/>
<opset="phi_mul495_load/2 "/>
</bind>
</comp>

<comp id="334" class="1004" name="co_1_load_fu_334">
<pin_list>
<pin id="335" dir="0" index="0" bw="5" slack="1"/>
<pin id="336" dir="1" index="1" bw="5" slack="0"/>
</pin_list>
<bind>
<opcode="load(27) " fcode="load"/>
<opset="co_1/2 "/>
</bind>
</comp>

<comp id="337" class="1004" name="add_ln68_1_fu_337">
<pin_list>
<pin id="338" dir="0" index="0" bw="11" slack="0"/>
<pin id="339" dir="0" index="1" bw="8" slack="0"/>
<pin id="340" dir="1" index="2" bw="11" slack="1"/>
</pin_list>
<bind>
<opcode="add(8) " fcode="add"/>
<opset="add_ln68_1/2 "/>
</bind>
</comp>

<comp id="343" class="1004" name="icmp_ln68_fu_343">
<pin_list>
<pin id="344" dir="0" index="0" bw="5" slack="0"/>
<pin id="345" dir="0" index="1" bw="5" slack="0"/>
<pin id="346" dir="1" index="2" bw="1" slack="2147483647"/>
</pin_list>
<bind>
<opcode="icmp(45) " fcode="icmp"/>
<opset="icmp_ln68/2 "/>
</bind>
</comp>

<comp id="349" class="1004" name="add_ln68_fu_349">
<pin_list>
<pin id="350" dir="0" index="0" bw="5" slack="0"/>
<pin id="351" dir="0" index="1" bw="1" slack="0"/>
<pin id="352" dir="1" index="2" bw="5" slack="1"/>
</pin_list>
<bind>
<opcode="add(8) " fcode="add"/>
<opset="add_ln68/2 "/>
</bind>
</comp>

<comp id="355" class="1004" name="trunc_ln68_fu_355">
<pin_list>
<pin id="356" dir="0" index="0" bw="5" slack="0"/>
<pin id="357" dir="1" index="1" bw="4" slack="0"/>
</pin_list>
<bind>
<opcode="trunc(33) " fcode="trunc"/>
<opset="trunc_ln68/2 "/>
</bind>
</comp>

<comp id="359" class="1004" name="shl_ln_fu_359">
<pin_list>
<pin id="360" dir="0" index="0" bw="7" slack="0"/>
<pin id="361" dir="0" index="1" bw="4" slack="0"/>
<pin id="362" dir="0" index="2" bw="1" slack="0"/>
<pin id="363" dir="1" index="3" bw="7" slack="3"/>
</pin_list>
<bind>
<opcode="bitconcatenate(1004) " fcode="bitconcatenate"/>
<opset="shl_ln/2 "/>
</bind>
</comp>

<comp id="367" class="1004" name="sum_fu_367">
<pin_list>
<pin id="368" dir="0" index="0" bw="3" slack="0"/>
<pin id="369" dir="0" index="1" bw="4" slack="0"/>
<pin id="370" dir="0" index="2" bw="3" slack="0"/>
<pin id="371" dir="0" index="3" bw="4" slack="0"/>
<pin id="372" dir="0" index="4" bw="3" slack="0"/>
<pin id="373" dir="0" index="5" bw="4" slack="0"/>
<pin id="374" dir="0" index="6" bw="3" slack="0"/>
<pin id="375" dir="0" index="7" bw="4" slack="0"/>
<pin id="376" dir="0" index="8" bw="3" slack="0"/>
<pin id="377" dir="0" index="9" bw="4" slack="0"/>
<pin id="378" dir="0" index="10" bw="3" slack="0"/>
<pin id="379" dir="0" index="11" bw="4" slack="0"/>
<pin id="380" dir="0" index="12" bw="3" slack="0"/>
<pin id="381" dir="0" index="13" bw="4" slack="0"/>
<pin id="382" dir="0" index="14" bw="3" slack="0"/>
<pin id="383" dir="0" index="15" bw="4" slack="0"/>
<pin id="384" dir="0" index="16" bw="3" slack="0"/>
<pin id="385" dir="0" index="17" bw="4" slack="0"/>
<pin id="386" dir="0" index="18" bw="3" slack="0"/>
<pin id="387" dir="0" index="19" bw="4" slack="0"/>
<pin id="388" dir="0" index="20" bw="3" slack="0"/>
<pin id="389" dir="0" index="21" bw="4" slack="0"/>
<pin id="390" dir="0" index="22" bw="3" slack="0"/>
<pin id="391" dir="0" index="23" bw="4" slack="0"/>
<pin id="392" dir="0" index="24" bw="3" slack="0"/>
<pin id="393" dir="0" index="25" bw="4" slack="0"/>
<pin id="394" dir="0" index="26" bw="3" slack="0"/>
<pin id="395" dir="0" index="27" bw="4" slack="0"/>
<pin id="396" dir="0" index="28" bw="3" slack="0"/>
<pin id="397" dir="0" index="29" bw="4" slack="0"/>
<pin id="398" dir="0" index="30" bw="3" slack="0"/>
<pin id="399" dir="0" index="31" bw="4" slack="0"/>
<pin id="400" dir="0" index="32" bw="3" slack="0"/>
<pin id="401" dir="0" index="33" bw="3" slack="0"/>
<pin id="402" dir="0" index="34" bw="4" slack="0"/>
<pin id="403" dir="1" index="35" bw="3" slack="0"/>
</pin_list>
<bind>
<opcode="sparsemux(1197) " fcode="sparsemux"/>
<opset="sum/2 "/>
</bind>
</comp>

<comp id="439" class="1004" name="sext_ln101_fu_439">
<pin_list>
<pin id="440" dir="0" index="0" bw="3" slack="0"/>
<pin id="441" dir="1" index="1" bw="8" slack="5"/>
</pin_list>
<bind>
<opcode="sext(35) " fcode="sext"/>
<opset="sext_ln101/2 "/>
</bind>
</comp>

<comp id="443" class="1004" name="icmp_ln69_fu_443">
<pin_list>
<pin id="444" dir="0" index="0" bw="4" slack="0"/>
<pin id="445" dir="0" index="1" bw="4" slack="0"/>
<pin id="446" dir="1" index="2" bw="1" slack="2147483647"/>
</pin_list>
<bind>
<opcode="icmp(45) " fcode="icmp"/>
<opset="icmp_ln69/3 "/>
</bind>
</comp>

<comp id="449" class="1004" name="add_ln82_fu_449">
<pin_list>
<pin id="450" dir="0" index="0" bw="4" slack="0"/>
<pin id="451" dir="0" index="1" bw="1" slack="0"/>
<pin id="452" dir="1" index="2" bw="4" slack="0"/>
</pin_list>
<bind>
<opcode="add(8) " fcode="add"/>
<opset="add_ln82/3 "/>
</bind>
</comp>

<comp id="455" class="1004" name="zext_ln69_fu_455">
<pin_list>
<pin id="456" dir="0" index="0" bw="4" slack="0"/>
<pin id="457" dir="1" index="1" bw="7" slack="0"/>
</pin_list>
<bind>
<opcode="zext(34) " fcode="zext"/>
<opset="zext_ln69/3 "/>
</bind>
</comp>

<comp id="459" class="1004" name="trunc_ln104_fu_459">
<pin_list>
<pin id="460" dir="0" index="0" bw="4" slack="0"/>
<pin id="461" dir="1" index="1" bw="2" slack="0"/>
</pin_list>
<bind>
<opcode="trunc(33) " fcode="trunc"/>
<opset="trunc_ln104/3 "/>
</bind>
</comp>

<comp id="463" class="1004" name="p_shl7_fu_463">
<pin_list>
<pin id="464" dir="0" index="0" bw="3" slack="0"/>
<pin id="465" dir="0" index="1" bw="2" slack="0"/>
<pin id="466" dir="0" index="2" bw="1" slack="0"/>
<pin id="467" dir="1" index="3" bw="3" slack="0"/>
</pin_list>
<bind>
<opcode="bitconcatenate(1004) " fcode="bitconcatenate"/>
<opset="p_shl7/3 "/>
</bind>
</comp>

<comp id="471" class="1004" name="sub_ln104_fu_471">
<pin_list>
<pin id="472" dir="0" index="0" bw="1" slack="0"/>
<pin id="473" dir="0" index="1" bw="3" slack="0"/>
<pin id="474" dir="1" index="2" bw="3" slack="2"/>
</pin_list>
<bind>
<opcode="sub(10) " fcode="sub"/>
<opset="sub_ln104/3 "/>
</bind>
</comp>

<comp id="477" class="1004" name="p_shl8_fu_477">
<pin_list>
<pin id="478" dir="0" index="0" bw="8" slack="0"/>
<pin id="479" dir="0" index="1" bw="4" slack="0"/>
<pin id="480" dir="0" index="2" bw="1" slack="0"/>
<pin id="481" dir="1" index="3" bw="8" slack="0"/>
</pin_list>
<bind>
<opcode="bitconcatenate(1004) " fcode="bitconcatenate"/>
<opset="p_shl8/3 "/>
</bind>
</comp>

<comp id="485" class="1004" name="tmp_fu_485">
<pin_list>
<pin id="486" dir="0" index="0" bw="5" slack="0"/>
<pin id="487" dir="0" index="1" bw="4" slack="0"/>
<pin id="488" dir="0" index="2" bw="1" slack="0"/>
<pin id="489" dir="1" index="3" bw="5" slack="0"/>
</pin_list>
<bind>
<opcode="bitconcatenate(1004) " fcode="bitconcatenate"/>
<opset="tmp/3 "/>
</bind>
</comp>

<comp id="493" class="1004" name="zext_ln104_fu_493">
<pin_list>
<pin id="494" dir="0" index="0" bw="5" slack="0"/>
<pin id="495" dir="1" index="1" bw="8" slack="0"/>
</pin_list>
<bind>
<opcode="zext(34) " fcode="zext"/>
<opset="zext_ln104/3 "/>
</bind>
</comp>

<comp id="497" class="1004" name="sub_ln104_1_fu_497">
<pin_list>
<pin id="498" dir="0" index="0" bw="8" slack="0"/>
<pin id="499" dir="0" index="1" bw="5" slack="0"/>
<pin id="500" dir="1" index="2" bw="8" slack="2"/>
</pin_list>
<bind>
<opcode="sub(10) " fcode="sub"/>
<opset="sub_ln104_1/3 "/>
</bind>
</comp>

<comp id="503" class="1004" name="zext_ln85_fu_503">
<pin_list>
<pin id="504" dir="0" index="0" bw="4" slack="0"/>
<pin id="505" dir="1" index="1" bw="5" slack="0"/>
</pin_list>
<bind>
<opcode="zext(34) " fcode="zext"/>
<opset="zext_ln85/3 "/>
</bind>
</comp>

<comp id="507" class="1004" name="add_ln85_fu_507">
<pin_list>
<pin id="508" dir="0" index="0" bw="4" slack="0"/>
<pin id="509" dir="0" index="1" bw="1" slack="0"/>
<pin id="510" dir="1" index="2" bw="5" slack="0"/>
</pin_list>
<bind>
<opcode="add(8) " fcode="add"/>
<opset="add_ln85/3 "/>
</bind>
</comp>

<comp id="513" class="1004" name="icmp_ln85_fu_513">
<pin_list>
<pin id="514" dir="0" index="0" bw="5" slack="0"/>
<pin id="515" dir="0" index="1" bw="5" slack="0"/>
<pin id="516" dir="1" index="2" bw="1" slack="2"/>
</pin_list>
<bind>
<opcode="icmp(45) " fcode="icmp"/>
<opset="icmp_ln85/3 "/>
</bind>
</comp>

<comp id="519" class="1004" name="icmp_ln85_1_fu_519">
<pin_list>
<pin id="520" dir="0" index="0" bw="4" slack="0"/>
<pin id="521" dir="0" index="1" bw="4" slack="0"/>
<pin id="522" dir="1" index="2" bw="1" slack="2"/>
</pin_list>
<bind>
<opcode="icmp(45) " fcode="icmp"/>
<opset="icmp_ln85_1/3 "/>
</bind>
</comp>

<comp id="525" class="1004" name="p_shl_fu_525">
<pin_list>
<pin id="526" dir="0" index="0" bw="7" slack="0"/>
<pin id="527" dir="0" index="1" bw="4" slack="0"/>
<pin id="528" dir="0" index="2" bw="1" slack="0"/>
<pin id="529" dir="1" index="3" bw="7" slack="0"/>
</pin_list>
<bind>
<opcode="bitconcatenate(1004) " fcode="bitconcatenate"/>
<opset="p_shl/3 "/>
</bind>
</comp>

<comp id="533" class="1004" name="sub_ln105_fu_533">
<pin_list>
<pin id="534" dir="0" index="0" bw="7" slack="0"/>
<pin id="535" dir="0" index="1" bw="4" slack="0"/>
<pin id="536" dir="1" index="2" bw="7" slack="0"/>
</pin_list>
<bind>
<opcode="sub(10) " fcode="sub"/>
<opset="sub_ln105/3 "/>
</bind>
</comp>

<comp id="539" class="1004" name="zext_ln70_fu_539">
<pin_list>
<pin id="540" dir="0" index="0" bw="7" slack="0"/>
<pin id="541" dir="1" index="1" bw="11" slack="1"/>
</pin_list>
<bind>
<opcode="zext(34) " fcode="zext"/>
<opset="zext_ln70/3 "/>
</bind>
</comp>

<comp id="543" class="1004" name="store_ln68_store_fu_543">
<pin_list>
<pin id="544" dir="0" index="0" bw="5" slack="1"/>
<pin id="545" dir="0" index="1" bw="5" slack="2"/>
<pin id="546" dir="1" index="2" bw="0" slack="2147483647"/>
</pin_list>
<bind>
<opcode="store(28) " fcode="store"/>
<opset="store_ln68/3 "/>
</bind>
</comp>

<comp id="547" class="1004" name="store_ln68_store_fu_547">
<pin_list>
<pin id="548" dir="0" index="0" bw="11" slack="1"/>
<pin id="549" dir="0" index="1" bw="11" slack="2"/>
<pin id="550" dir="1" index="2" bw="0" slack="2147483647"/>
</pin_list>
<bind>
<opcode="store(28) " fcode="store"/>
<opset="store_ln68/3 "/>
</bind>
</comp>

<comp id="551" class="1004" name="icmp_ln70_fu_551">
<pin_list>
<pin id="552" dir="0" index="0" bw="4" slack="0"/>
<pin id="553" dir="0" index="1" bw="4" slack="0"/>
<pin id="554" dir="1" index="2" bw="1" slack="2147483647"/>
</pin_list>
<bind>
<opcode="icmp(45) " fcode="icmp"/>
<opset="icmp_ln70/4 "/>
</bind>
</comp>

<comp id="557" class="1004" name="add_ln83_1_fu_557">
<pin_list>
<pin id="558" dir="0" index="0" bw="4" slack="0"/>
<pin id="559" dir="0" index="1" bw="1" slack="0"/>
<pin id="560" dir="1" index="2" bw="4" slack="0"/>
</pin_list>
<bind>
<opcode="add(8) " fcode="add"/>
<opset="add_ln83_1/4 "/>
</bind>
</comp>

<comp id="563" class="1004" name="store_ln75_store_fu_563">
<pin_list>
<pin id="564" dir="0" index="0" bw="1" slack="0"/>
<pin id="565" dir="0" index="1" bw="8" slack="0"/>
<pin id="566" dir="1" index="2" bw="0" slack="2147483647"/>
</pin_list>
<bind>
<opcode="store(28) " fcode="store"/>
<opset="store_ln75/4 "/>
</bind>
</comp>

<comp id="569" class="1004" name="store_ln75_store_fu_569">
<pin_list>
<pin id="570" dir="0" index="0" bw="1" slack="0"/>
<pin id="571" dir="0" index="1" bw="8" slack="0"/>
<pin id="572" dir="1" index="2" bw="0" slack="2147483647"/>
</pin_list>
<bind>
<opcode="store(28) " fcode="store"/>
<opset="store_ln75/4 "/>
</bind>
</comp>

<comp id="575" class="1004" name="store_ln75_store_fu_575">
<pin_list>
<pin id="576" dir="0" index="0" bw="1" slack="0"/>
<pin id="577" dir="0" index="1" bw="8" slack="0"/>
<pin id="578" dir="1" index="2" bw="0" slack="2147483647"/>
</pin_list>
<bind>
<opcode="store(28) " fcode="store"/>
<opset="store_ln75/4 "/>
</bind>
</comp>

<comp id="581" class="1004" name="store_ln75_store_fu_581">
<pin_list>
<pin id="582" dir="0" index="0" bw="1" slack="0"/>
<pin id="583" dir="0" index="1" bw="8" slack="0"/>
<pin id="584" dir="1" index="2" bw="0" slack="2147483647"/>
</pin_list>
<bind>
<opcode="store(28) " fcode="store"/>
<opset="store_ln75/4 "/>
</bind>
</comp>

<comp id="587" class="1004" name="store_ln75_store_fu_587">
<pin_list>
<pin id="588" dir="0" index="0" bw="1" slack="0"/>
<pin id="589" dir="0" index="1" bw="8" slack="0"/>
<pin id="590" dir="1" index="2" bw="0" slack="2147483647"/>
</pin_list>
<bind>
<opcode="store(28) " fcode="store"/>
<opset="store_ln75/4 "/>
</bind>
</comp>

<comp id="593" class="1004" name="store_ln75_store_fu_593">
<pin_list>
<pin id="594" dir="0" index="0" bw="1" slack="0"/>
<pin id="595" dir="0" index="1" bw="8" slack="0"/>
<pin id="596" dir="1" index="2" bw="0" slack="2147483647"/>
</pin_list>
<bind>
<opcode="store(28) " fcode="store"/>
<opset="store_ln75/4 "/>
</bind>
</comp>

<comp id="599" class="1004" name="store_ln75_store_fu_599">
<pin_list>
<pin id="600" dir="0" index="0" bw="1" slack="0"/>
<pin id="601" dir="0" index="1" bw="8" slack="0"/>
<pin id="602" dir="1" index="2" bw="0" slack="2147483647"/>
</pin_list>
<bind>
<opcode="store(28) " fcode="store"/>
<opset="store_ln75/4 "/>
</bind>
</comp>

<comp id="605" class="1004" name="store_ln75_store_fu_605">
<pin_list>
<pin id="606" dir="0" index="0" bw="1" slack="0"/>
<pin id="607" dir="0" index="1" bw="8" slack="0"/>
<pin id="608" dir="1" index="2" bw="0" slack="2147483647"/>
</pin_list>
<bind>
<opcode="store(28) " fcode="store"/>
<opset="store_ln75/4 "/>
</bind>
</comp>

<comp id="611" class="1004" name="lshr_ln_fu_611">
<pin_list>
<pin id="612" dir="0" index="0" bw="3" slack="0"/>
<pin id="613" dir="0" index="1" bw="4" slack="0"/>
<pin id="614" dir="0" index="2" bw="1" slack="0"/>
<pin id="615" dir="0" index="3" bw="3" slack="0"/>
<pin id="616" dir="1" index="4" bw="3" slack="0"/>
</pin_list>
<bind>
<opcode="partselect(1002) " fcode="partselect"/>
<opset="lshr_ln/4 "/>
</bind>
</comp>

<comp id="621" class="1004" name="zext_ln105_fu_621">
<pin_list>
<pin id="622" dir="0" index="0" bw="3" slack="0"/>
<pin id="623" dir="1" index="1" bw="11" slack="0"/>
</pin_list>
<bind>
<opcode="zext(34) " fcode="zext"/>
<opset="zext_ln105/4 "/>
</bind>
</comp>

<comp id="625" class="1004" name="add_ln105_fu_625">
<pin_list>
<pin id="626" dir="0" index="0" bw="11" slack="2"/>
<pin id="627" dir="0" index="1" bw="3" slack="0"/>
<pin id="628" dir="1" index="2" bw="11" slack="0"/>
</pin_list>
<bind>
<opcode="add(8) " fcode="add"/>
<opset="add_ln105/4 "/>
</bind>
</comp>

<comp id="630" class="1004" name="add_ln105_1_fu_630">
<pin_list>
<pin id="631" dir="0" index="0" bw="11" slack="0"/>
<pin id="632" dir="0" index="1" bw="7" slack="1"/>
<pin id="633" dir="1" index="2" bw="11" slack="5"/>
</pin_list>
<bind>
<opcode="add(8) " fcode="add"/>
<opset="add_ln105_1/4 "/>
</bind>
</comp>

<comp id="635" class="1004" name="zext_ln70_1_fu_635">
<pin_list>
<pin id="636" dir="0" index="0" bw="4" slack="1"/>
<pin id="637" dir="1" index="1" bw="5" slack="0"/>
</pin_list>
<bind>
<opcode="zext(34) " fcode="zext"/>
<opset="zext_ln70_1/5 "/>
</bind>
</comp>

<comp id="639" class="1004" name="trunc_ln70_fu_639">
<pin_list>
<pin id="640" dir="0" index="0" bw="4" slack="1"/>
<pin id="641" dir="1" index="1" bw="3" slack="0"/>
</pin_list>
<bind>
<opcode="trunc(33) " fcode="trunc"/>
<opset="trunc_ln70/5 "/>
</bind>
</comp>

<comp id="644" class="1004" name="trunc_ln70_1_fu_644">
<pin_list>
<pin id="645" dir="0" index="0" bw="4" slack="1"/>
<pin id="646" dir="1" index="1" bw="1" slack="4"/>
</pin_list>
<bind>
<opcode="trunc(33) " fcode="trunc"/>
<opset="trunc_ln70_1/5 "/>
</bind>
</comp>

<comp id="648" class="1004" name="add_ln83_fu_648">
<pin_list>
<pin id="649" dir="0" index="0" bw="4" slack="0"/>
<pin id="650" dir="0" index="1" bw="1" slack="0"/>
<pin id="651" dir="1" index="2" bw="5" slack="0"/>
</pin_list>
<bind>
<opcode="add(8) " fcode="add"/>
<opset="add_ln83/5 "/>
</bind>
</comp>

<comp id="656" class="1004" name="icmp_ln85_2_fu_656">
<pin_list>
<pin id="657" dir="0" index="0" bw="5" slack="0"/>
<pin id="658" dir="0" index="1" bw="5" slack="0"/>
<pin id="659" dir="1" index="2" bw="1" slack="0"/>
</pin_list>
<bind>
<opcode="icmp(45) " fcode="icmp"/>
<opset="icmp_ln85_2/5 "/>
</bind>
</comp>

<comp id="662" class="1004" name="and_ln85_fu_662">
<pin_list>
<pin id="663" dir="0" index="0" bw="1" slack="0"/>
<pin id="664" dir="0" index="1" bw="1" slack="2"/>
<pin id="665" dir="1" index="2" bw="1" slack="0"/>
</pin_list>
<bind>
<opcode="and(23) " fcode="and"/>
<opset="and_ln85/5 "/>
</bind>
</comp>

<comp id="668" class="1004" name="icmp_ln85_3_fu_668">
<pin_list>
<pin id="669" dir="0" index="0" bw="4" slack="1"/>
<pin id="670" dir="0" index="1" bw="4" slack="0"/>
<pin id="671" dir="1" index="2" bw="1" slack="0"/>
</pin_list>
<bind>
<opcode="icmp(45) " fcode="icmp"/>
<opset="icmp_ln85_3/5 "/>
</bind>
</comp>

<comp id="673" class="1004" name="and_ln85_1_fu_673">
<pin_list>
<pin id="674" dir="0" index="0" bw="1" slack="0"/>
<pin id="675" dir="0" index="1" bw="1" slack="2"/>
<pin id="676" dir="1" index="2" bw="1" slack="0"/>
</pin_list>
<bind>
<opcode="and(23) " fcode="and"/>
<opset="and_ln85_1/5 "/>
</bind>
</comp>

<comp id="679" class="1004" name="and_ln85_2_fu_679">
<pin_list>
<pin id="680" dir="0" index="0" bw="1" slack="0"/>
<pin id="681" dir="0" index="1" bw="1" slack="2"/>
<pin id="682" dir="1" index="2" bw="1" slack="0"/>
</pin_list>
<bind>
<opcode="and(23) " fcode="and"/>
<opset="and_ln85_2/5 "/>
</bind>
</comp>

<comp id="685" class="1004" name="and_ln85_3_fu_685">
<pin_list>
<pin id="686" dir="0" index="0" bw="1" slack="0"/>
<pin id="687" dir="0" index="1" bw="1" slack="2"/>
<pin id="688" dir="1" index="2" bw="1" slack="0"/>
</pin_list>
<bind>
<opcode="and(23) " fcode="and"/>
<opset="and_ln85_3/5 "/>
</bind>
</comp>

<comp id="691" class="1004" name="conv2_ap_fixed_8_5_5_3_0_ap_fixed_8_5_5_3_0_partial_sums_load_load_fu_691">
<pin_list>
<pin id="692" dir="0" index="0" bw="8" slack="0"/>
<pin id="693" dir="1" index="1" bw="8" slack="0"/>
</pin_list>
<bind>
<opcode="load(27) " fcode="load"/>
<opset="conv2_ap_fixed_8_5_5_3_0_ap_fixed_8_5_5_3_0_partial_sums_load/7 "/>
</bind>
</comp>

<comp id="695" class="1004" name="sum_10_fu_695">
<pin_list>
<pin id="696" dir="0" index="0" bw="8" slack="0"/>
<pin id="697" dir="0" index="1" bw="3" slack="5"/>
<pin id="698" dir="1" index="2" bw="8" slack="0"/>
</pin_list>
<bind>
<opcode="add(8) " fcode="add"/>
<opset="sum_10/7 "/>
</bind>
</comp>

<comp id="700" class="1004" name="conv2_ap_fixed_8_5_5_3_0_ap_fixed_8_5_5_3_0_partial_sums_2_load_load_fu_700">
<pin_list>
<pin id="701" dir="0" index="0" bw="8" slack="0"/>
<pin id="702" dir="1" index="1" bw="8" slack="0"/>
</pin_list>
<bind>
<opcode="load(27) " fcode="load"/>
<opset="conv2_ap_fixed_8_5_5_3_0_ap_fixed_8_5_5_3_0_partial_sums_2_load/7 "/>
</bind>
</comp>

<comp id="704" class="1004" name="sum_11_fu_704">
<pin_list>
<pin id="705" dir="0" index="0" bw="8" slack="0"/>
<pin id="706" dir="0" index="1" bw="8" slack="0"/>
<pin id="707" dir="1" index="2" bw="8" slack="0"/>
</pin_list>
<bind>
<opcode="add(8) " fcode="add"/>
<opset="sum_11/7 "/>
</bind>
</comp>

<comp id="710" class="1004" name="conv2_ap_fixed_8_5_5_3_0_ap_fixed_8_5_5_3_0_partial_sums_3_load_load_fu_710">
<pin_list>
<pin id="711" dir="0" index="0" bw="8" slack="0"/>
<pin id="712" dir="1" index="1" bw="8" slack="0"/>
</pin_list>
<bind>
<opcode="load(27) " fcode="load"/>
<opset="conv2_ap_fixed_8_5_5_3_0_ap_fixed_8_5_5_3_0_partial_sums_3_load/7 "/>
</bind>
</comp>

<comp id="714" class="1004" name="sum_12_fu_714">
<pin_list>
<pin id="715" dir="0" index="0" bw="8" slack="0"/>
<pin id="716" dir="0" index="1" bw="8" slack="0"/>
<pin id="717" dir="1" index="2" bw="8" slack="1"/>
</pin_list>
<bind>
<opcode="add(8) " fcode="add"/>
<opset="sum_12/7 "/>
</bind>
</comp>

<comp id="720" class="1004" name="conv2_ap_fixed_8_5_5_3_0_ap_fixed_8_5_5_3_0_partial_sums_4_load_load_fu_720">
<pin_list>
<pin id="721" dir="0" index="0" bw="8" slack="0"/>
<pin id="722" dir="1" index="1" bw="8" slack="0"/>
</pin_list>
<bind>
<opcode="load(27) " fcode="load"/>
<opset="conv2_ap_fixed_8_5_5_3_0_ap_fixed_8_5_5_3_0_partial_sums_4_load/8 "/>
</bind>
</comp>

<comp id="724" class="1004" name="sum_13_fu_724">
<pin_list>
<pin id="725" dir="0" index="0" bw="8" slack="0"/>
<pin id="726" dir="0" index="1" bw="8" slack="1"/>
<pin id="727" dir="1" index="2" bw="8" slack="0"/>
</pin_list>
<bind>
<opcode="add(8) " fcode="add"/>
<opset="sum_13/8 "/>
</bind>
</comp>

<comp id="729" class="1004" name="conv2_ap_fixed_8_5_5_3_0_ap_fixed_8_5_5_3_0_partial_sums_5_load_load_fu_729">
<pin_list>
<pin id="730" dir="0" index="0" bw="8" slack="0"/>
<pin id="731" dir="1" index="1" bw="8" slack="0"/>
</pin_list>
<bind>
<opcode="load(27) " fcode="load"/>
<opset="conv2_ap_fixed_8_5_5_3_0_ap_fixed_8_5_5_3_0_partial_sums_5_load/8 "/>
</bind>
</comp>

<comp id="733" class="1004" name="sum_14_fu_733">
<pin_list>
<pin id="734" dir="0" index="0" bw="8" slack="0"/>
<pin id="735" dir="0" index="1" bw="8" slack="0"/>
<pin id="736" dir="1" index="2" bw="8" slack="0"/>
</pin_list>
<bind>
<opcode="add(8) " fcode="add"/>
<opset="sum_14/8 "/>
</bind>
</comp>

<comp id="739" class="1004" name="conv2_ap_fixed_8_5_5_3_0_ap_fixed_8_5_5_3_0_partial_sums_6_load_load_fu_739">
<pin_list>
<pin id="740" dir="0" index="0" bw="8" slack="0"/>
<pin id="741" dir="1" index="1" bw="8" slack="0"/>
</pin_list>
<bind>
<opcode="load(27) " fcode="load"/>
<opset="conv2_ap_fixed_8_5_5_3_0_ap_fixed_8_5_5_3_0_partial_sums_6_load/8 "/>
</bind>
</comp>

<comp id="743" class="1004" name="sum_15_fu_743">
<pin_list>
<pin id="744" dir="0" index="0" bw="8" slack="0"/>
<pin id="745" dir="0" index="1" bw="8" slack="0"/>
<pin id="746" dir="1" index="2" bw="8" slack="0"/>
</pin_list>
<bind>
<opcode="add(8) " fcode="add"/>
<opset="sum_15/8 "/>
</bind>
</comp>

<comp id="749" class="1004" name="conv2_ap_fixed_8_5_5_3_0_ap_fixed_8_5_5_3_0_partial_sums_7_load_load_fu_749">
<pin_list>
<pin id="750" dir="0" index="0" bw="8" slack="0"/>
<pin id="751" dir="1" index="1" bw="8" slack="0"/>
</pin_list>
<bind>
<opcode="load(27) " fcode="load"/>
<opset="conv2_ap_fixed_8_5_5_3_0_ap_fixed_8_5_5_3_0_partial_sums_7_load/8 "/>
</bind>
</comp>

<comp id="753" class="1004" name="sum_16_fu_753">
<pin_list>
<pin id="754" dir="0" index="0" bw="8" slack="0"/>
<pin id="755" dir="0" index="1" bw="8" slack="0"/>
<pin id="756" dir="1" index="2" bw="8" slack="1"/>
</pin_list>
<bind>
<opcode="add(8) " fcode="add"/>
<opset="sum_16/8 "/>
</bind>
</comp>

<comp id="759" class="1004" name="conv2_ap_fixed_8_5_5_3_0_ap_fixed_8_5_5_3_0_partial_sums_8_load_load_fu_759">
<pin_list>
<pin id="760" dir="0" index="0" bw="8" slack="0"/>
<pin id="761" dir="1" index="1" bw="8" slack="0"/>
</pin_list>
<bind>
<opcode="load(27) " fcode="load"/>
<opset="conv2_ap_fixed_8_5_5_3_0_ap_fixed_8_5_5_3_0_partial_sums_8_load/9 "/>
</bind>
</comp>

<comp id="763" class="1004" name="add_ln101_fu_763">
<pin_list>
<pin id="764" dir="0" index="0" bw="8" slack="0"/>
<pin id="765" dir="0" index="1" bw="8" slack="1"/>
<pin id="766" dir="1" index="2" bw="8" slack="0"/>
</pin_list>
<bind>
<opcode="add(8) " fcode="add"/>
<opset="add_ln101/9 "/>
</bind>
</comp>

<comp id="768" class="1004" name="trunc_ln105_fu_768">
<pin_list>
<pin id="769" dir="0" index="0" bw="8" slack="0"/>
<pin id="770" dir="1" index="1" bw="7" slack="0"/>
</pin_list>
<bind>
<opcode="trunc(33) " fcode="trunc"/>
<opset="trunc_ln105/9 "/>
</bind>
</comp>

<comp id="772" class="1004" name="zext_ln105_1_fu_772">
<pin_list>
<pin id="773" dir="0" index="0" bw="11" slack="5"/>
<pin id="774" dir="1" index="1" bw="64" slack="0"/>
</pin_list>
<bind>
<opcode="zext(34) " fcode="zext"/>
<opset="zext_ln105_1/9 "/>
</bind>
</comp>

<comp id="777" class="1004" name="icmp_ln105_fu_777">
<pin_list>
<pin id="778" dir="0" index="0" bw="8" slack="0"/>
<pin id="779" dir="0" index="1" bw="1" slack="0"/>
<pin id="780" dir="1" index="2" bw="1" slack="0"/>
</pin_list>
<bind>
<opcode="icmp(45) " fcode="icmp"/>
<opset="icmp_ln105/9 "/>
</bind>
</comp>

<comp id="783" class="1004" name="select_ln105_fu_783">
<pin_list>
<pin id="784" dir="0" index="0" bw="1" slack="0"/>
<pin id="785" dir="0" index="1" bw="7" slack="0"/>
<pin id="786" dir="0" index="2" bw="1" slack="0"/>
<pin id="787" dir="1" index="3" bw="7" slack="0"/>
</pin_list>
<bind>
<opcode="select(49) " fcode="select"/>
<opset="select_ln105/9 "/>
</bind>
</comp>

<comp id="793" class="1005" name="phi_mul495_reg_793">
<pin_list>
<pin id="794" dir="0" index="0" bw="11" slack="0"/>
<pin id="795" dir="1" index="1" bw="11" slack="0"/>
</pin_list>
<bind>
<opset="phi_mul495 "/>
</bind>
</comp>

<comp id="800" class="1005" name="co_reg_800">
<pin_list>
<pin id="801" dir="0" index="0" bw="5" slack="0"/>
<pin id="802" dir="1" index="1" bw="5" slack="0"/>
</pin_list>
<bind>
<opset="co "/>
</bind>
</comp>

<comp id="807" class="1005" name="phi_mul495_load_reg_807">
<pin_list>
<pin id="808" dir="0" index="0" bw="11" slack="2"/>
<pin id="809" dir="1" index="1" bw="11" slack="2"/>
</pin_list>
<bind>
<opset="phi_mul495_load "/>
</bind>
</comp>

<comp id="812" class="1005" name="add_ln68_1_reg_812">
<pin_list>
<pin id="813" dir="0" index="0" bw="11" slack="1"/>
<pin id="814" dir="1" index="1" bw="11" slack="1"/>
</pin_list>
<bind>
<opset="add_ln68_1 "/>
</bind>
</comp>

<comp id="820" class="1005" name="add_ln68_reg_820">
<pin_list>
<pin id="821" dir="0" index="0" bw="5" slack="1"/>
<pin id="822" dir="1" index="1" bw="5" slack="1"/>
</pin_list>
<bind>
<opset="add_ln68 "/>
</bind>
</comp>

<comp id="825" class="1005" name="shl_ln_reg_825">
<pin_list>
<pin id="826" dir="0" index="0" bw="7" slack="3"/>
<pin id="827" dir="1" index="1" bw="7" slack="3"/>
</pin_list>
<bind>
<opset="shl_ln "/>
</bind>
</comp>

<comp id="830" class="1005" name="sext_ln101_reg_830">
<pin_list>
<pin id="831" dir="0" index="0" bw="8" slack="5"/>
<pin id="832" dir="1" index="1" bw="8" slack="5"/>
</pin_list>
<bind>
<opset="sext_ln101 "/>
</bind>
</comp>

<comp id="838" class="1005" name="add_ln82_reg_838">
<pin_list>
<pin id="839" dir="0" index="0" bw="4" slack="0"/>
<pin id="840" dir="1" index="1" bw="4" slack="0"/>
</pin_list>
<bind>
<opset="add_ln82 "/>
</bind>
</comp>

<comp id="844" class="1005" name="sub_ln104_reg_844">
<pin_list>
<pin id="845" dir="0" index="0" bw="3" slack="2"/>
<pin id="846" dir="1" index="1" bw="3" slack="2"/>
</pin_list>
<bind>
<opset="sub_ln104 "/>
</bind>
</comp>

<comp id="849" class="1005" name="sub_ln104_1_reg_849">
<pin_list>
<pin id="850" dir="0" index="0" bw="8" slack="2"/>
<pin id="851" dir="1" index="1" bw="8" slack="2"/>
</pin_list>
<bind>
<opset="sub_ln104_1 "/>
</bind>
</comp>

<comp id="854" class="1005" name="add_ln85_reg_854">
<pin_list>
<pin id="855" dir="0" index="0" bw="5" slack="2"/>
<pin id="856" dir="1" index="1" bw="5" slack="2"/>
</pin_list>
<bind>
<opset="add_ln85 "/>
</bind>
</comp>

<comp id="859" class="1005" name="icmp_ln85_reg_859">
<pin_list>
<pin id="860" dir="0" index="0" bw="1" slack="2"/>
<pin id="861" dir="1" index="1" bw="1" slack="2"/>
</pin_list>
<bind>
<opset="icmp_ln85 "/>
</bind>
</comp>

<comp id="865" class="1005" name="icmp_ln85_1_reg_865">
<pin_list>
<pin id="866" dir="0" index="0" bw="1" slack="2"/>
<pin id="867" dir="1" index="1" bw="1" slack="2"/>
</pin_list>
<bind>
<opset="icmp_ln85_1 "/>
</bind>
</comp>

<comp id="871" class="1005" name="zext_ln70_reg_871">
<pin_list>
<pin id="872" dir="0" index="0" bw="11" slack="1"/>
<pin id="873" dir="1" index="1" bw="11" slack="1"/>
</pin_list>
<bind>
<opset="zext_ln70 "/>
</bind>
</comp>

<comp id="879" class="1005" name="add_ln83_1_reg_879">
<pin_list>
<pin id="880" dir="0" index="0" bw="4" slack="0"/>
<pin id="881" dir="1" index="1" bw="4" slack="0"/>
</pin_list>
<bind>
<opset="add_ln83_1 "/>
</bind>
</comp>

<comp id="887" class="1005" name="add_ln105_1_reg_887">
<pin_list>
<pin id="888" dir="0" index="0" bw="11" slack="5"/>
<pin id="889" dir="1" index="1" bw="11" slack="5"/>
</pin_list>
<bind>
<opset="add_ln105_1 "/>
</bind>
</comp>

<comp id="892" class="1005" name="trunc_ln70_reg_892">
<pin_list>
<pin id="893" dir="0" index="0" bw="3" slack="1"/>
<pin id="894" dir="1" index="1" bw="3" slack="1"/>
</pin_list>
<bind>
<opset="trunc_ln70 "/>
</bind>
</comp>

<comp id="897" class="1005" name="trunc_ln70_1_reg_897">
<pin_list>
<pin id="898" dir="0" index="0" bw="1" slack="4"/>
<pin id="899" dir="1" index="1" bw="1" slack="2147483647"/>
</pin_list>
<bind>
<opset="trunc_ln70_1 "/>
</bind>
</comp>

<comp id="901" class="1005" name="add_ln83_reg_901">
<pin_list>
<pin id="902" dir="0" index="0" bw="5" slack="1"/>
<pin id="903" dir="1" index="1" bw="5" slack="1"/>
</pin_list>
<bind>
<opset="add_ln83 "/>
</bind>
</comp>

<comp id="907" class="1005" name="and_ln85_reg_907">
<pin_list>
<pin id="908" dir="0" index="0" bw="1" slack="1"/>
<pin id="909" dir="1" index="1" bw="1" slack="1"/>
</pin_list>
<bind>
<opset="and_ln85 "/>
</bind>
</comp>

<comp id="912" class="1005" name="and_ln85_1_reg_912">
<pin_list>
<pin id="913" dir="0" index="0" bw="1" slack="1"/>
<pin id="914" dir="1" index="1" bw="1" slack="1"/>
</pin_list>
<bind>
<opset="and_ln85_1 "/>
</bind>
</comp>

<comp id="917" class="1005" name="and_ln85_2_reg_917">
<pin_list>
<pin id="918" dir="0" index="0" bw="1" slack="1"/>
<pin id="919" dir="1" index="1" bw="1" slack="1"/>
</pin_list>
<bind>
<opset="and_ln85_2 "/>
</bind>
</comp>

<comp id="922" class="1005" name="and_ln85_3_reg_922">
<pin_list>
<pin id="923" dir="0" index="0" bw="1" slack="1"/>
<pin id="924" dir="1" index="1" bw="1" slack="1"/>
</pin_list>
<bind>
<opset="and_ln85_3 "/>
</bind>
</comp>

<comp id="927" class="1005" name="sum_12_reg_927">
<pin_list>
<pin id="928" dir="0" index="0" bw="8" slack="1"/>
<pin id="929" dir="1" index="1" bw="8" slack="1"/>
</pin_list>
<bind>
<opset="sum_12 "/>
</bind>
</comp>

<comp id="932" class="1005" name="sum_16_reg_932">
<pin_list>
<pin id="933" dir="0" index="0" bw="8" slack="1"/>
<pin id="934" dir="1" index="1" bw="8" slack="1"/>
</pin_list>
<bind>
<opset="sum_16 "/>
</bind>
</comp>

</comp_list>

<net_list>
<net id="189"><net_src comp="54" pin="0"/><net_sink comp="186" pin=0"/></net>

<net id="193"><net_src comp="54" pin="0"/><net_sink comp="190" pin=0"/></net>

<net id="199"><net_src comp="16" pin="0"/><net_sink comp="194" pin=0"/></net>

<net id="200"><net_src comp="184" pin="0"/><net_sink comp="194" pin=1"/></net>

<net id="206"><net_src comp="18" pin="0"/><net_sink comp="201" pin=0"/></net>

<net id="207"><net_src comp="184" pin="0"/><net_sink comp="201" pin=1"/></net>

<net id="217"><net_src comp="194" pin="3"/><net_sink comp="208" pin=2"/></net>

<net id="227"><net_src comp="201" pin="3"/><net_sink comp="218" pin=2"/></net>

<net id="231"><net_src comp="90" pin="0"/><net_sink comp="228" pin=0"/></net>

<net id="238"><net_src comp="228" pin="1"/><net_sink comp="232" pin=0"/></net>

<net id="242"><net_src comp="90" pin="0"/><net_sink comp="239" pin=0"/></net>

<net id="249"><net_src comp="239" pin="1"/><net_sink comp="243" pin=0"/></net>

<net id="250"><net_src comp="243" pin="4"/><net_sink comp="239" pin=0"/></net>

<net id="294"><net_src comp="152" pin="0"/><net_sink comp="251" pin=0"/></net>

<net id="295"><net_src comp="0" pin="0"/><net_sink comp="251" pin=7"/></net>

<net id="296"><net_src comp="2" pin="0"/><net_sink comp="251" pin=8"/></net>

<net id="297"><net_src comp="4" pin="0"/><net_sink comp="251" pin=9"/></net>

<net id="298"><net_src comp="6" pin="0"/><net_sink comp="251" pin=10"/></net>

<net id="299"><net_src comp="8" pin="0"/><net_sink comp="251" pin=11"/></net>

<net id="300"><net_src comp="10" pin="0"/><net_sink comp="251" pin=12"/></net>

<net id="301"><net_src comp="12" pin="0"/><net_sink comp="251" pin=13"/></net>

<net id="302"><net_src comp="14" pin="0"/><net_sink comp="251" pin=14"/></net>

<net id="303"><net_src comp="239" pin="1"/><net_sink comp="251" pin=17"/></net>

<net id="304"><net_src comp="20" pin="0"/><net_sink comp="251" pin=24"/></net>

<net id="305"><net_src comp="36" pin="0"/><net_sink comp="251" pin=25"/></net>

<net id="306"><net_src comp="22" pin="0"/><net_sink comp="251" pin=26"/></net>

<net id="307"><net_src comp="24" pin="0"/><net_sink comp="251" pin=27"/></net>

<net id="308"><net_src comp="26" pin="0"/><net_sink comp="251" pin=28"/></net>

<net id="309"><net_src comp="28" pin="0"/><net_sink comp="251" pin=29"/></net>

<net id="310"><net_src comp="30" pin="0"/><net_sink comp="251" pin=30"/></net>

<net id="311"><net_src comp="32" pin="0"/><net_sink comp="251" pin=31"/></net>

<net id="312"><net_src comp="34" pin="0"/><net_sink comp="251" pin=32"/></net>

<net id="313"><net_src comp="38" pin="0"/><net_sink comp="251" pin=33"/></net>

<net id="314"><net_src comp="40" pin="0"/><net_sink comp="251" pin=34"/></net>

<net id="315"><net_src comp="42" pin="0"/><net_sink comp="251" pin=35"/></net>

<net id="316"><net_src comp="44" pin="0"/><net_sink comp="251" pin=36"/></net>

<net id="317"><net_src comp="46" pin="0"/><net_sink comp="251" pin=37"/></net>

<net id="318"><net_src comp="48" pin="0"/><net_sink comp="251" pin=38"/></net>

<net id="319"><net_src comp="50" pin="0"/><net_sink comp="251" pin=39"/></net>

<net id="320"><net_src comp="52" pin="0"/><net_sink comp="251" pin=40"/></net>

<net id="325"><net_src comp="66" pin="0"/><net_sink comp="321" pin=0"/></net>

<net id="330"><net_src comp="68" pin="0"/><net_sink comp="326" pin=0"/></net>

<net id="341"><net_src comp="331" pin="1"/><net_sink comp="337" pin=0"/></net>

<net id="342"><net_src comp="70" pin="0"/><net_sink comp="337" pin=1"/></net>

<net id="347"><net_src comp="334" pin="1"/><net_sink comp="343" pin=0"/></net>

<net id="348"><net_src comp="72" pin="0"/><net_sink comp="343" pin=1"/></net>

<net id="353"><net_src comp="334" pin="1"/><net_sink comp="349" pin=0"/></net>

<net id="354"><net_src comp="74" pin="0"/><net_sink comp="349" pin=1"/></net>

<net id="358"><net_src comp="334" pin="1"/><net_sink comp="355" pin=0"/></net>

<net id="364"><net_src comp="84" pin="0"/><net_sink comp="359" pin=0"/></net>

<net id="365"><net_src comp="355" pin="1"/><net_sink comp="359" pin=1"/></net>

<net id="366"><net_src comp="86" pin="0"/><net_sink comp="359" pin=2"/></net>

<net id="404"><net_src comp="88" pin="0"/><net_sink comp="367" pin=0"/></net>

<net id="405"><net_src comp="90" pin="0"/><net_sink comp="367" pin=1"/></net>

<net id="406"><net_src comp="92" pin="0"/><net_sink comp="367" pin=2"/></net>

<net id="407"><net_src comp="94" pin="0"/><net_sink comp="367" pin=3"/></net>

<net id="408"><net_src comp="92" pin="0"/><net_sink comp="367" pin=4"/></net>

<net id="409"><net_src comp="96" pin="0"/><net_sink comp="367" pin=5"/></net>

<net id="410"><net_src comp="86" pin="0"/><net_sink comp="367" pin=6"/></net>

<net id="411"><net_src comp="98" pin="0"/><net_sink comp="367" pin=7"/></net>

<net id="412"><net_src comp="100" pin="0"/><net_sink comp="367" pin=8"/></net>

<net id="413"><net_src comp="102" pin="0"/><net_sink comp="367" pin=9"/></net>

<net id="414"><net_src comp="92" pin="0"/><net_sink comp="367" pin=10"/></net>

<net id="415"><net_src comp="104" pin="0"/><net_sink comp="367" pin=11"/></net>

<net id="416"><net_src comp="100" pin="0"/><net_sink comp="367" pin=12"/></net>

<net id="417"><net_src comp="106" pin="0"/><net_sink comp="367" pin=13"/></net>

<net id="418"><net_src comp="100" pin="0"/><net_sink comp="367" pin=14"/></net>

<net id="419"><net_src comp="108" pin="0"/><net_sink comp="367" pin=15"/></net>

<net id="420"><net_src comp="92" pin="0"/><net_sink comp="367" pin=16"/></net>

<net id="421"><net_src comp="110" pin="0"/><net_sink comp="367" pin=17"/></net>

<net id="422"><net_src comp="112" pin="0"/><net_sink comp="367" pin=18"/></net>

<net id="423"><net_src comp="114" pin="0"/><net_sink comp="367" pin=19"/></net>

<net id="424"><net_src comp="100" pin="0"/><net_sink comp="367" pin=20"/></net>

<net id="425"><net_src comp="116" pin="0"/><net_sink comp="367" pin=21"/></net>

<net id="426"><net_src comp="86" pin="0"/><net_sink comp="367" pin=22"/></net>

<net id="427"><net_src comp="118" pin="0"/><net_sink comp="367" pin=23"/></net>

<net id="428"><net_src comp="86" pin="0"/><net_sink comp="367" pin=24"/></net>

<net id="429"><net_src comp="120" pin="0"/><net_sink comp="367" pin=25"/></net>

<net id="430"><net_src comp="86" pin="0"/><net_sink comp="367" pin=26"/></net>

<net id="431"><net_src comp="122" pin="0"/><net_sink comp="367" pin=27"/></net>

<net id="432"><net_src comp="124" pin="0"/><net_sink comp="367" pin=28"/></net>

<net id="433"><net_src comp="126" pin="0"/><net_sink comp="367" pin=29"/></net>

<net id="434"><net_src comp="86" pin="0"/><net_sink comp="367" pin=30"/></net>

<net id="435"><net_src comp="128" pin="0"/><net_sink comp="367" pin=31"/></net>

<net id="436"><net_src comp="124" pin="0"/><net_sink comp="367" pin=32"/></net>

<net id="437"><net_src comp="130" pin="0"/><net_sink comp="367" pin=33"/></net>

<net id="438"><net_src comp="355" pin="1"/><net_sink comp="367" pin=34"/></net>

<net id="442"><net_src comp="367" pin="35"/><net_sink comp="439" pin=0"/></net>

<net id="447"><net_src comp="232" pin="4"/><net_sink comp="443" pin=0"/></net>

<net id="448"><net_src comp="126" pin="0"/><net_sink comp="443" pin=1"/></net>

<net id="453"><net_src comp="232" pin="4"/><net_sink comp="449" pin=0"/></net>

<net id="454"><net_src comp="94" pin="0"/><net_sink comp="449" pin=1"/></net>

<net id="458"><net_src comp="232" pin="4"/><net_sink comp="455" pin=0"/></net>

<net id="462"><net_src comp="232" pin="4"/><net_sink comp="459" pin=0"/></net>

<net id="468"><net_src comp="136" pin="0"/><net_sink comp="463" pin=0"/></net>

<net id="469"><net_src comp="459" pin="1"/><net_sink comp="463" pin=1"/></net>

<net id="470"><net_src comp="64" pin="0"/><net_sink comp="463" pin=2"/></net>

<net id="475"><net_src comp="86" pin="0"/><net_sink comp="471" pin=0"/></net>

<net id="476"><net_src comp="463" pin="3"/><net_sink comp="471" pin=1"/></net>

<net id="482"><net_src comp="138" pin="0"/><net_sink comp="477" pin=0"/></net>

<net id="483"><net_src comp="232" pin="4"/><net_sink comp="477" pin=1"/></net>

<net id="484"><net_src comp="90" pin="0"/><net_sink comp="477" pin=2"/></net>

<net id="490"><net_src comp="140" pin="0"/><net_sink comp="485" pin=0"/></net>

<net id="491"><net_src comp="232" pin="4"/><net_sink comp="485" pin=1"/></net>

<net id="492"><net_src comp="64" pin="0"/><net_sink comp="485" pin=2"/></net>

<net id="496"><net_src comp="485" pin="3"/><net_sink comp="493" pin=0"/></net>

<net id="501"><net_src comp="477" pin="3"/><net_sink comp="497" pin=0"/></net>

<net id="502"><net_src comp="493" pin="1"/><net_sink comp="497" pin=1"/></net>

<net id="506"><net_src comp="232" pin="4"/><net_sink comp="503" pin=0"/></net>

<net id="511"><net_src comp="503" pin="1"/><net_sink comp="507" pin=0"/></net>

<net id="512"><net_src comp="142" pin="0"/><net_sink comp="507" pin=1"/></net>

<net id="517"><net_src comp="507" pin="2"/><net_sink comp="513" pin=0"/></net>

<net id="518"><net_src comp="144" pin="0"/><net_sink comp="513" pin=1"/></net>

<net id="523"><net_src comp="449" pin="2"/><net_sink comp="519" pin=0"/></net>

<net id="524"><net_src comp="126" pin="0"/><net_sink comp="519" pin=1"/></net>

<net id="530"><net_src comp="84" pin="0"/><net_sink comp="525" pin=0"/></net>

<net id="531"><net_src comp="232" pin="4"/><net_sink comp="525" pin=1"/></net>

<net id="532"><net_src comp="86" pin="0"/><net_sink comp="525" pin=2"/></net>

<net id="537"><net_src comp="525" pin="3"/><net_sink comp="533" pin=0"/></net>

<net id="538"><net_src comp="455" pin="1"/><net_sink comp="533" pin=1"/></net>

<net id="542"><net_src comp="533" pin="2"/><net_sink comp="539" pin=0"/></net>

<net id="555"><net_src comp="243" pin="4"/><net_sink comp="551" pin=0"/></net>

<net id="556"><net_src comp="126" pin="0"/><net_sink comp="551" pin=1"/></net>

<net id="561"><net_src comp="243" pin="4"/><net_sink comp="557" pin=0"/></net>

<net id="562"><net_src comp="94" pin="0"/><net_sink comp="557" pin=1"/></net>

<net id="567"><net_src comp="146" pin="0"/><net_sink comp="563" pin=0"/></net>

<net id="568"><net_src comp="20" pin="0"/><net_sink comp="563" pin=1"/></net>

<net id="573"><net_src comp="146" pin="0"/><net_sink comp="569" pin=0"/></net>

<net id="574"><net_src comp="22" pin="0"/><net_sink comp="569" pin=1"/></net>

<net id="579"><net_src comp="146" pin="0"/><net_sink comp="575" pin=0"/></net>

<net id="580"><net_src comp="24" pin="0"/><net_sink comp="575" pin=1"/></net>

<net id="585"><net_src comp="146" pin="0"/><net_sink comp="581" pin=0"/></net>

<net id="586"><net_src comp="26" pin="0"/><net_sink comp="581" pin=1"/></net>

<net id="591"><net_src comp="146" pin="0"/><net_sink comp="587" pin=0"/></net>

<net id="592"><net_src comp="28" pin="0"/><net_sink comp="587" pin=1"/></net>

<net id="597"><net_src comp="146" pin="0"/><net_sink comp="593" pin=0"/></net>

<net id="598"><net_src comp="30" pin="0"/><net_sink comp="593" pin=1"/></net>

<net id="603"><net_src comp="146" pin="0"/><net_sink comp="599" pin=0"/></net>

<net id="604"><net_src comp="32" pin="0"/><net_sink comp="599" pin=1"/></net>

<net id="609"><net_src comp="146" pin="0"/><net_sink comp="605" pin=0"/></net>

<net id="610"><net_src comp="34" pin="0"/><net_sink comp="605" pin=1"/></net>

<net id="617"><net_src comp="148" pin="0"/><net_sink comp="611" pin=0"/></net>

<net id="618"><net_src comp="243" pin="4"/><net_sink comp="611" pin=1"/></net>

<net id="619"><net_src comp="54" pin="0"/><net_sink comp="611" pin=2"/></net>

<net id="620"><net_src comp="150" pin="0"/><net_sink comp="611" pin=3"/></net>

<net id="624"><net_src comp="611" pin="4"/><net_sink comp="621" pin=0"/></net>

<net id="629"><net_src comp="621" pin="1"/><net_sink comp="625" pin=1"/></net>

<net id="634"><net_src comp="625" pin="2"/><net_sink comp="630" pin=0"/></net>

<net id="638"><net_src comp="239" pin="1"/><net_sink comp="635" pin=0"/></net>

<net id="642"><net_src comp="239" pin="1"/><net_sink comp="639" pin=0"/></net>

<net id="643"><net_src comp="639" pin="1"/><net_sink comp="251" pin=21"/></net>

<net id="647"><net_src comp="239" pin="1"/><net_sink comp="644" pin=0"/></net>

<net id="652"><net_src comp="635" pin="1"/><net_sink comp="648" pin=0"/></net>

<net id="653"><net_src comp="142" pin="0"/><net_sink comp="648" pin=1"/></net>

<net id="654"><net_src comp="648" pin="2"/><net_sink comp="251" pin=2"/></net>

<net id="655"><net_src comp="648" pin="2"/><net_sink comp="251" pin=6"/></net>

<net id="660"><net_src comp="648" pin="2"/><net_sink comp="656" pin=0"/></net>

<net id="661"><net_src comp="144" pin="0"/><net_sink comp="656" pin=1"/></net>

<net id="666"><net_src comp="656" pin="2"/><net_sink comp="662" pin=0"/></net>

<net id="667"><net_src comp="662" pin="2"/><net_sink comp="251" pin=22"/></net>

<net id="672"><net_src comp="126" pin="0"/><net_sink comp="668" pin=1"/></net>

<net id="677"><net_src comp="668" pin="2"/><net_sink comp="673" pin=0"/></net>

<net id="678"><net_src comp="673" pin="2"/><net_sink comp="251" pin=18"/></net>

<net id="683"><net_src comp="656" pin="2"/><net_sink comp="679" pin=0"/></net>

<net id="684"><net_src comp="679" pin="2"/><net_sink comp="251" pin=16"/></net>

<net id="689"><net_src comp="668" pin="2"/><net_sink comp="685" pin=0"/></net>

<net id="690"><net_src comp="685" pin="2"/><net_sink comp="251" pin=5"/></net>

<net id="694"><net_src comp="20" pin="0"/><net_sink comp="691" pin=0"/></net>

<net id="699"><net_src comp="691" pin="1"/><net_sink comp="695" pin=0"/></net>

<net id="703"><net_src comp="22" pin="0"/><net_sink comp="700" pin=0"/></net>

<net id="708"><net_src comp="700" pin="1"/><net_sink comp="704" pin=0"/></net>

<net id="709"><net_src comp="695" pin="2"/><net_sink comp="704" pin=1"/></net>

<net id="713"><net_src comp="24" pin="0"/><net_sink comp="710" pin=0"/></net>

<net id="718"><net_src comp="710" pin="1"/><net_sink comp="714" pin=0"/></net>

<net id="719"><net_src comp="704" pin="2"/><net_sink comp="714" pin=1"/></net>

<net id="723"><net_src comp="26" pin="0"/><net_sink comp="720" pin=0"/></net>

<net id="728"><net_src comp="720" pin="1"/><net_sink comp="724" pin=0"/></net>

<net id="732"><net_src comp="28" pin="0"/><net_sink comp="729" pin=0"/></net>

<net id="737"><net_src comp="729" pin="1"/><net_sink comp="733" pin=0"/></net>

<net id="738"><net_src comp="724" pin="2"/><net_sink comp="733" pin=1"/></net>

<net id="742"><net_src comp="30" pin="0"/><net_sink comp="739" pin=0"/></net>

<net id="747"><net_src comp="739" pin="1"/><net_sink comp="743" pin=0"/></net>

<net id="748"><net_src comp="733" pin="2"/><net_sink comp="743" pin=1"/></net>

<net id="752"><net_src comp="32" pin="0"/><net_sink comp="749" pin=0"/></net>

<net id="757"><net_src comp="749" pin="1"/><net_sink comp="753" pin=0"/></net>

<net id="758"><net_src comp="743" pin="2"/><net_sink comp="753" pin=1"/></net>

<net id="762"><net_src comp="34" pin="0"/><net_sink comp="759" pin=0"/></net>

<net id="767"><net_src comp="759" pin="1"/><net_sink comp="763" pin=0"/></net>

<net id="771"><net_src comp="763" pin="2"/><net_sink comp="768" pin=0"/></net>

<net id="775"><net_src comp="772" pin="1"/><net_sink comp="194" pin=2"/></net>

<net id="776"><net_src comp="772" pin="1"/><net_sink comp="201" pin=2"/></net>

<net id="781"><net_src comp="763" pin="2"/><net_sink comp="777" pin=0"/></net>

<net id="782"><net_src comp="146" pin="0"/><net_sink comp="777" pin=1"/></net>

<net id="788"><net_src comp="777" pin="2"/><net_sink comp="783" pin=0"/></net>

<net id="789"><net_src comp="768" pin="1"/><net_sink comp="783" pin=1"/></net>

<net id="790"><net_src comp="182" pin="0"/><net_sink comp="783" pin=2"/></net>

<net id="791"><net_src comp="783" pin="3"/><net_sink comp="208" pin=4"/></net>

<net id="792"><net_src comp="783" pin="3"/><net_sink comp="218" pin=4"/></net>

<net id="796"><net_src comp="186" pin="1"/><net_sink comp="793" pin=0"/></net>

<net id="797"><net_src comp="793" pin="1"/><net_sink comp="326" pin=1"/></net>

<net id="798"><net_src comp="793" pin="1"/><net_sink comp="331" pin=0"/></net>

<net id="799"><net_src comp="793" pin="1"/><net_sink comp="547" pin=1"/></net>

<net id="803"><net_src comp="190" pin="1"/><net_sink comp="800" pin=0"/></net>

<net id="804"><net_src comp="800" pin="1"/><net_sink comp="321" pin=1"/></net>

<net id="805"><net_src comp="800" pin="1"/><net_sink comp="334" pin=0"/></net>

<net id="806"><net_src comp="800" pin="1"/><net_sink comp="543" pin=1"/></net>

<net id="810"><net_src comp="331" pin="1"/><net_sink comp="807" pin=0"/></net>

<net id="811"><net_src comp="807" pin="1"/><net_sink comp="625" pin=0"/></net>

<net id="815"><net_src comp="337" pin="2"/><net_sink comp="812" pin=0"/></net>

<net id="816"><net_src comp="812" pin="1"/><net_sink comp="547" pin=0"/></net>

<net id="823"><net_src comp="349" pin="2"/><net_sink comp="820" pin=0"/></net>

<net id="824"><net_src comp="820" pin="1"/><net_sink comp="543" pin=0"/></net>

<net id="828"><net_src comp="359" pin="3"/><net_sink comp="825" pin=0"/></net>

<net id="829"><net_src comp="825" pin="1"/><net_sink comp="251" pin=19"/></net>

<net id="833"><net_src comp="439" pin="1"/><net_sink comp="830" pin=0"/></net>

<net id="834"><net_src comp="830" pin="1"/><net_sink comp="695" pin=1"/></net>

<net id="841"><net_src comp="449" pin="2"/><net_sink comp="838" pin=0"/></net>

<net id="842"><net_src comp="838" pin="1"/><net_sink comp="232" pin=2"/></net>

<net id="843"><net_src comp="838" pin="1"/><net_sink comp="251" pin=4"/></net>

<net id="847"><net_src comp="471" pin="2"/><net_sink comp="844" pin=0"/></net>

<net id="848"><net_src comp="844" pin="1"/><net_sink comp="251" pin=20"/></net>

<net id="852"><net_src comp="497" pin="2"/><net_sink comp="849" pin=0"/></net>

<net id="853"><net_src comp="849" pin="1"/><net_sink comp="251" pin=15"/></net>

<net id="857"><net_src comp="507" pin="2"/><net_sink comp="854" pin=0"/></net>

<net id="858"><net_src comp="854" pin="1"/><net_sink comp="251" pin=1"/></net>

<net id="862"><net_src comp="513" pin="2"/><net_sink comp="859" pin=0"/></net>

<net id="863"><net_src comp="859" pin="1"/><net_sink comp="662" pin=1"/></net>

<net id="864"><net_src comp="859" pin="1"/><net_sink comp="673" pin=1"/></net>

<net id="868"><net_src comp="519" pin="2"/><net_sink comp="865" pin=0"/></net>

<net id="869"><net_src comp="865" pin="1"/><net_sink comp="679" pin=1"/></net>

<net id="870"><net_src comp="865" pin="1"/><net_sink comp="685" pin=1"/></net>

<net id="874"><net_src comp="539" pin="1"/><net_sink comp="871" pin=0"/></net>

<net id="875"><net_src comp="871" pin="1"/><net_sink comp="630" pin=1"/></net>

<net id="882"><net_src comp="557" pin="2"/><net_sink comp="879" pin=0"/></net>

<net id="883"><net_src comp="879" pin="1"/><net_sink comp="243" pin=2"/></net>

<net id="884"><net_src comp="879" pin="1"/><net_sink comp="668" pin=0"/></net>

<net id="885"><net_src comp="879" pin="1"/><net_sink comp="251" pin=3"/></net>

<net id="886"><net_src comp="879" pin="1"/><net_sink comp="251" pin=23"/></net>

<net id="890"><net_src comp="630" pin="2"/><net_sink comp="887" pin=0"/></net>

<net id="891"><net_src comp="887" pin="1"/><net_sink comp="772" pin=0"/></net>

<net id="895"><net_src comp="639" pin="1"/><net_sink comp="892" pin=0"/></net>

<net id="896"><net_src comp="892" pin="1"/><net_sink comp="251" pin=21"/></net>

<net id="900"><net_src comp="644" pin="1"/><net_sink comp="897" pin=0"/></net>

<net id="904"><net_src comp="648" pin="2"/><net_sink comp="901" pin=0"/></net>

<net id="905"><net_src comp="901" pin="1"/><net_sink comp="251" pin=2"/></net>

<net id="906"><net_src comp="901" pin="1"/><net_sink comp="251" pin=6"/></net>

<net id="910"><net_src comp="662" pin="2"/><net_sink comp="907" pin=0"/></net>

<net id="911"><net_src comp="907" pin="1"/><net_sink comp="251" pin=22"/></net>

<net id="915"><net_src comp="673" pin="2"/><net_sink comp="912" pin=0"/></net>

<net id="916"><net_src comp="912" pin="1"/><net_sink comp="251" pin=18"/></net>

<net id="920"><net_src comp="679" pin="2"/><net_sink comp="917" pin=0"/></net>

<net id="921"><net_src comp="917" pin="1"/><net_sink comp="251" pin=16"/></net>

<net id="925"><net_src comp="685" pin="2"/><net_sink comp="922" pin=0"/></net>

<net id="926"><net_src comp="922" pin="1"/><net_sink comp="251" pin=5"/></net>

<net id="930"><net_src comp="714" pin="2"/><net_sink comp="927" pin=0"/></net>

<net id="931"><net_src comp="927" pin="1"/><net_sink comp="724" pin=1"/></net>

<net id="935"><net_src comp="753" pin="2"/><net_sink comp="932" pin=0"/></net>

<net id="936"><net_src comp="932" pin="1"/><net_sink comp="763" pin=1"/></net>

</net_list>

</model> 
---------------- Datapath Model END ------------------

* FSMD analyzer results:
  - Output states:
	Port: outputConv_0 | {9 }
	Port: outputConv_1 | {9 }
	Port: conv2_ap_fixed_8_5_5_3_0_ap_fixed_8_5_5_3_0_partial_sums | {4 5 6 }
	Port: conv2_ap_fixed_8_5_5_3_0_ap_fixed_8_5_5_3_0_partial_sums_2 | {4 5 6 }
	Port: conv2_ap_fixed_8_5_5_3_0_ap_fixed_8_5_5_3_0_partial_sums_3 | {4 5 6 }
	Port: conv2_ap_fixed_8_5_5_3_0_ap_fixed_8_5_5_3_0_partial_sums_4 | {4 5 6 }
	Port: conv2_ap_fixed_8_5_5_3_0_ap_fixed_8_5_5_3_0_partial_sums_5 | {4 5 6 }
	Port: conv2_ap_fixed_8_5_5_3_0_ap_fixed_8_5_5_3_0_partial_sums_6 | {4 5 6 }
	Port: conv2_ap_fixed_8_5_5_3_0_ap_fixed_8_5_5_3_0_partial_sums_7 | {4 5 6 }
	Port: conv2_ap_fixed_8_5_5_3_0_ap_fixed_8_5_5_3_0_partial_sums_8 | {4 5 6 }
 - Input state : 
	Port: conv2 : input_0 | {5 6 }
	Port: conv2 : input_1 | {5 6 }
	Port: conv2 : input_2 | {5 6 }
	Port: conv2 : input_3 | {5 6 }
	Port: conv2 : input_4 | {5 6 }
	Port: conv2 : input_5 | {5 6 }
	Port: conv2 : input_6 | {5 6 }
	Port: conv2 : input_7 | {5 6 }
	Port: conv2 : conv2_ap_fixed_8_5_5_3_0_ap_fixed_8_5_5_3_0_partial_sums | {5 6 7 }
	Port: conv2 : conv2_ap_fixed_8_5_5_3_0_ap_fixed_8_5_5_3_0_partial_sums_2 | {5 6 7 }
	Port: conv2 : conv2_ap_fixed_8_5_5_3_0_ap_fixed_8_5_5_3_0_partial_sums_3 | {5 6 7 }
	Port: conv2 : conv2_ap_fixed_8_5_5_3_0_ap_fixed_8_5_5_3_0_partial_sums_4 | {5 6 8 }
	Port: conv2 : conv2_ap_fixed_8_5_5_3_0_ap_fixed_8_5_5_3_0_partial_sums_5 | {5 6 8 }
	Port: conv2 : conv2_ap_fixed_8_5_5_3_0_ap_fixed_8_5_5_3_0_partial_sums_6 | {5 6 8 }
	Port: conv2 : conv2_ap_fixed_8_5_5_3_0_ap_fixed_8_5_5_3_0_partial_sums_7 | {5 6 8 }
	Port: conv2 : conv2_ap_fixed_8_5_5_3_0_ap_fixed_8_5_5_3_0_partial_sums_8 | {5 6 9 }
	Port: conv2 : p_ZL12conv2_weight_6 | {5 6 }
	Port: conv2 : p_ZL12conv2_weight_4 | {5 6 }
	Port: conv2 : p_ZL12conv2_weight_3 | {5 6 }
	Port: conv2 : p_ZL12conv2_weight_0 | {5 6 }
	Port: conv2 : p_ZL12conv2_weight_1 | {5 6 }
	Port: conv2 : p_ZL12conv2_weight_2 | {5 6 }
	Port: conv2 : p_ZL12conv2_weight_5 | {5 6 }
	Port: conv2 : p_ZL12conv2_weight_7 | {5 6 }
	Port: conv2 : p_ZL12conv2_weight_8 | {5 6 }
  - Chain level:
	State 1
		store_ln68 : 1
		store_ln0 : 1
	State 2
		add_ln68_1 : 1
		icmp_ln68 : 1
		add_ln68 : 1
		br_ln68 : 2
		trunc_ln68 : 1
		shl_ln : 2
		sum : 2
		sext_ln101 : 3
	State 3
		icmp_ln69 : 1
		add_ln82 : 1
		br_ln69 : 2
		zext_ln69 : 1
		trunc_ln104 : 1
		p_shl7 : 2
		sub_ln104 : 3
		p_shl8 : 1
		tmp : 1
		zext_ln104 : 2
		sub_ln104_1 : 3
		zext_ln85 : 1
		add_ln85 : 2
		icmp_ln85 : 3
		icmp_ln85_1 : 2
		p_shl : 1
		sub_ln105 : 2
		zext_ln70 : 3
	State 4
		icmp_ln70 : 1
		add_ln83_1 : 1
		br_ln70 : 2
		lshr_ln : 1
		zext_ln105 : 2
		add_ln105 : 3
		add_ln105_1 : 4
	State 5
		add_ln83 : 1
		icmp_ln85_2 : 2
		and_ln85 : 3
		and_ln85_1 : 1
		and_ln85_2 : 3
		and_ln85_3 : 1
		call_ln85 : 3
	State 6
	State 7
		sum_10 : 1
		specfucore_ln98 : 2
		sum_11 : 2
		specfucore_ln98 : 3
		sum_12 : 3
		specfucore_ln98 : 4
	State 8
		sum_13 : 1
		specfucore_ln98 : 2
		sum_14 : 2
		specfucore_ln98 : 3
		sum_15 : 3
		specfucore_ln98 : 4
		sum_16 : 4
		specfucore_ln98 : 5
	State 9
		rend30 : 1
		rend26 : 1
		rend22 : 1
		rend18 : 1
		rend14 : 1
		rend10 : 1
		rend6 : 1
		add_ln101 : 1
		specfucore_ln98 : 2
		rend2 : 1
		trunc_ln105 : 2
		icmp_ln105 : 2
		select_ln105 : 3
		outputConv_0_addr : 1
		outputConv_1_addr : 1
		store_ln105 : 4
		store_ln105 : 4


============================================================
+ Verbose Summary: Datapath Resource usage 
============================================================

* Functional unit list:
|----------|--------------------------------|---------|---------|---------|---------|
| Operation|         Functional Unit        |   DSP   |  Delay  |    FF   |   LUT   |
|----------|--------------------------------|---------|---------|---------|---------|
|   call   | grp_conv2_Pipeline_CI_2_fu_251 |    1    | 51.5801 |   940   |   2338  |
|----------|--------------------------------|---------|---------|---------|---------|
|          |        add_ln68_1_fu_337       |    0    |    0    |    0    |    12   |
|          |         add_ln68_fu_349        |    0    |    0    |    0    |    13   |
|          |         add_ln82_fu_449        |    0    |    0    |    0    |    13   |
|          |         add_ln85_fu_507        |    0    |    0    |    0    |    13   |
|          |        add_ln83_1_fu_557       |    0    |    0    |    0    |    13   |
|          |        add_ln105_fu_625        |    0    |    0    |    0    |    11   |
|          |       add_ln105_1_fu_630       |    0    |    0    |    0    |    11   |
|    add   |         add_ln83_fu_648        |    0    |    0    |    0    |    13   |
|          |          sum_10_fu_695         |    0    |    0    |    0    |    15   |
|          |          sum_11_fu_704         |    0    |    0    |    0    |    15   |
|          |          sum_12_fu_714         |    0    |    0    |    0    |    15   |
|          |          sum_13_fu_724         |    0    |    0    |    0    |    15   |
|          |          sum_14_fu_733         |    0    |    0    |    0    |    15   |
|          |          sum_15_fu_743         |    0    |    0    |    0    |    15   |
|          |          sum_16_fu_753         |    0    |    0    |    0    |    15   |
|          |        add_ln101_fu_763        |    0    |    0    |    0    |    15   |
|----------|--------------------------------|---------|---------|---------|---------|
|          |        icmp_ln68_fu_343        |    0    |    0    |    0    |    13   |
|          |        icmp_ln69_fu_443        |    0    |    0    |    0    |    13   |
|          |        icmp_ln85_fu_513        |    0    |    0    |    0    |    13   |
|   icmp   |       icmp_ln85_1_fu_519       |    0    |    0    |    0    |    13   |
|          |        icmp_ln70_fu_551        |    0    |    0    |    0    |    13   |
|          |       icmp_ln85_2_fu_656       |    0    |    0    |    0    |    13   |
|          |       icmp_ln85_3_fu_668       |    0    |    0    |    0    |    13   |
|          |        icmp_ln105_fu_777       |    0    |    0    |    0    |    15   |
|----------|--------------------------------|---------|---------|---------|---------|
| sparsemux|           sum_fu_367           |    0    |    0    |    0    |    65   |
|----------|--------------------------------|---------|---------|---------|---------|
|          |        sub_ln104_fu_471        |    0    |    0    |    0    |    11   |
|    sub   |       sub_ln104_1_fu_497       |    0    |    0    |    0    |    15   |
|          |        sub_ln105_fu_533        |    0    |    0    |    0    |    14   |
|----------|--------------------------------|---------|---------|---------|---------|
|          |         and_ln85_fu_662        |    0    |    0    |    0    |    2    |
|    and   |        and_ln85_1_fu_673       |    0    |    0    |    0    |    2    |
|          |        and_ln85_2_fu_679       |    0    |    0    |    0    |    2    |
|          |        and_ln85_3_fu_685       |    0    |    0    |    0    |    2    |
|----------|--------------------------------|---------|---------|---------|---------|
|  select  |       select_ln105_fu_783      |    0    |    0    |    0    |    7    |
|----------|--------------------------------|---------|---------|---------|---------|
|          |        trunc_ln68_fu_355       |    0    |    0    |    0    |    0    |
|          |       trunc_ln104_fu_459       |    0    |    0    |    0    |    0    |
|   trunc  |        trunc_ln70_fu_639       |    0    |    0    |    0    |    0    |
|          |       trunc_ln70_1_fu_644      |    0    |    0    |    0    |    0    |
|          |       trunc_ln105_fu_768       |    0    |    0    |    0    |    0    |
|----------|--------------------------------|---------|---------|---------|---------|
|          |          shl_ln_fu_359         |    0    |    0    |    0    |    0    |
|          |          p_shl7_fu_463         |    0    |    0    |    0    |    0    |
|bitconcatenate|          p_shl8_fu_477         |    0    |    0    |    0    |    0    |
|          |           tmp_fu_485           |    0    |    0    |    0    |    0    |
|          |          p_shl_fu_525          |    0    |    0    |    0    |    0    |
|----------|--------------------------------|---------|---------|---------|---------|
|   sext   |        sext_ln101_fu_439       |    0    |    0    |    0    |    0    |
|----------|--------------------------------|---------|---------|---------|---------|
|          |        zext_ln69_fu_455        |    0    |    0    |    0    |    0    |
|          |        zext_ln104_fu_493       |    0    |    0    |    0    |    0    |
|          |        zext_ln85_fu_503        |    0    |    0    |    0    |    0    |
|   zext   |        zext_ln70_fu_539        |    0    |    0    |    0    |    0    |
|          |        zext_ln105_fu_621       |    0    |    0    |    0    |    0    |
|          |       zext_ln70_1_fu_635       |    0    |    0    |    0    |    0    |
|          |       zext_ln105_1_fu_772      |    0    |    0    |    0    |    0    |
|----------|--------------------------------|---------|---------|---------|---------|
|partselect|         lshr_ln_fu_611         |    0    |    0    |    0    |    0    |
|----------|--------------------------------|---------|---------|---------|---------|
|   Total  |                                |    1    | 51.5801 |   940   |   2783  |
|----------|--------------------------------|---------|---------|---------|---------|

Memories:
N/A

* Register list:
+-----------------------+--------+
|                       |   FF   |
+-----------------------+--------+
|  add_ln105_1_reg_887  |   11   |
|   add_ln68_1_reg_812  |   11   |
|    add_ln68_reg_820   |    5   |
|    add_ln82_reg_838   |    4   |
|   add_ln83_1_reg_879  |    4   |
|    add_ln83_reg_901   |    5   |
|    add_ln85_reg_854   |    5   |
|   and_ln85_1_reg_912  |    1   |
|   and_ln85_2_reg_917  |    1   |
|   and_ln85_3_reg_922  |    1   |
|    and_ln85_reg_907   |    1   |
|       co_reg_800      |    5   |
|       h_reg_228       |    4   |
|  icmp_ln85_1_reg_865  |    1   |
|   icmp_ln85_reg_859   |    1   |
|phi_mul495_load_reg_807|   11   |
|   phi_mul495_reg_793  |   11   |
|   sext_ln101_reg_830  |    8   |
|     shl_ln_reg_825    |    7   |
|  sub_ln104_1_reg_849  |    8   |
|   sub_ln104_reg_844   |    3   |
|     sum_12_reg_927    |    8   |
|     sum_16_reg_932    |    8   |
|  trunc_ln70_1_reg_897 |    1   |
|   trunc_ln70_reg_892  |    3   |
|       w_reg_239       |    4   |
|   zext_ln70_reg_871   |   11   |
+-----------------------+--------+
|         Total         |   143  |
+-----------------------+--------+

* Multiplexer (MUX) list: 
|--------------------------------|------|------|------|--------||---------||---------||---------|
|              Comp              |  Pin | Size |  BW  | S x BW ||  Delay  ||    FF   ||   LUT   |
|--------------------------------|------|------|------|--------||---------||---------||---------|
|            w_reg_239           |  p0  |   2  |   4  |    8   ||    0    ||    9    |
| grp_conv2_Pipeline_CI_2_fu_251 |  p2  |   2  |   5  |   10   ||    0    ||    9    |
| grp_conv2_Pipeline_CI_2_fu_251 |  p5  |   2  |   1  |    2   ||    0    ||    9    |
| grp_conv2_Pipeline_CI_2_fu_251 |  p6  |   2  |   5  |   10   ||    0    ||    9    |
| grp_conv2_Pipeline_CI_2_fu_251 |  p16 |   2  |   1  |    2   ||    0    ||    9    |
| grp_conv2_Pipeline_CI_2_fu_251 |  p18 |   2  |   1  |    2   ||    0    ||    9    |
| grp_conv2_Pipeline_CI_2_fu_251 |  p21 |   2  |   3  |    6   ||    0    ||    9    |
| grp_conv2_Pipeline_CI_2_fu_251 |  p22 |   2  |   1  |    2   ||    0    ||    9    |
|--------------------------------|------|------|------|--------||---------||---------||---------|
|              Total             |      |      |      |   42   ||  12.704 ||    0    ||    72   |
|--------------------------------|------|------|------|--------||---------||---------||---------|



* Summary:
+-----------+--------+--------+--------+--------+
|           |   DSP  |  Delay |   FF   |   LUT  |
+-----------+--------+--------+--------+--------+
|  Function |    1   |   51   |   940  |  2783  |
|   Memory  |    -   |    -   |    -   |    -   |
|Multiplexer|    -   |   12   |    0   |   72   |
|  Register |    -   |    -   |   143  |    -   |
+-----------+--------+--------+--------+--------+
|   Total   |    1   |   64   |  1083  |  2855  |
+-----------+--------+--------+--------+--------+
