

================================================================
== Vitis HLS Report for 'conv2_Pipeline_CI_2'
================================================================
* Date:           Sun Mar 15 23:46:46 2026

* Version:        2025.2 (Build 6295257 on Nov 14 2025)
* Project:        top
* Solution:       hls (Vivado IP Flow Target)
* Product family: zynq
* Target device:  xc7z020-clg484-1


================================================================
== Performance Estimates
================================================================
+ Timing: 
    * Summary: 
    +--------+----------+----------+------------+
    |  Clock |  Target  | Estimated| Uncertainty|
    +--------+----------+----------+------------+
    |ap_clk  |  10.00 ns|  8.650 ns|     1.25 ns|
    +--------+----------+----------+------------+

+ Latency: 
    * Summary: 
    +---------+---------+----------+----------+-----+-----+-------------------+
    |  Latency (cycles) |  Latency (absolute) |  Interval |      Pipeline     |
    |   min   |   max   |    min   |    max   | min | max |        Type       |
    +---------+---------+----------+----------+-----+-----+-------------------+
    |       21|       21|  0.210 us|  0.210 us|    0|    0|  loop pipeline stp|
    +---------+---------+----------+----------+-----+-----+-------------------+

    + Detail: 
        * Instance: 
        N/A

        * Loop: 
        +----------+---------+---------+----------+-----------+-----------+------+----------+
        |          |  Latency (cycles) | Iteration|  Initiation Interval  | Trip |          |
        | Loop Name|   min   |   max   |  Latency |  achieved |   target  | Count| Pipelined|
        +----------+---------+---------+----------+-----------+-----------+------+----------+
        |- CI_2    |       19|       19|        13|          1|          1|     8|       yes|
        +----------+---------+---------+----------+-----------+-----------+------+----------+

============================================================
+ Verbose Summary: Synthesis Manager
============================================================
InlineROM: 1
ExposeGlobal: 0
============================================================
+ Verbose Summary: CDFG Model
============================================================
IsTopModel: 0
ResetActiveHigh: 1
IsCombinational: 0
IsDatapathOnly: 0
HasWiredReturn: 1
HasMFsm: 2
HasVarLatency: 1
IsPipeline: 0
IsRtlPipelined: 0
IsInstanceOverlapped: 0
IsDontTouch: 0
HasImplIP: 0
IsGatedGlobalClock: 0

+ Individual pipeline summary: 
  * Pipeline-0: initiation interval (II) = 1, depth = 13


============================================================
+ Verbose Summary: Schedule
============================================================
* Number of FSM states : 13
* Pipeline : 1
  Pipeline-0 : II = 1, D = 13, States = { 1 2 3 4 5 6 7 8 9 10 11 12 13 }
* Dataflow Pipeline: 0

* FSM state transitions: 
1 --> 2 
2 --> 3 
3 --> 4 
4 --> 5 
5 --> 6 
6 --> 7 
7 --> 8 
8 --> 9 
9 --> 10 
10 --> 11 
11 --> 12 
12 --> 13 
13 --> 

* FSM state operations: 

State 1 <SV = 0> <Delay = 4.91>
ST_1 : Operation 16 [1/1] (0.00ns)   --->   "%phi_mul = alloca i32 1"   --->   Operation 16 'alloca' 'phi_mul' <Predicate = true> <Delay = 0.00>
ST_1 : Operation 17 [1/1] (0.00ns)   --->   "%ci = alloca i32 1" [../src/conv.cpp:78]   --->   Operation 17 'alloca' 'ci' <Predicate = true> <Delay = 0.00>
ST_1 : Operation 18 [1/1] (0.00ns)   --->   "%zext_ln85_1_read = read i4 @_ssdm_op_Read.ap_auto.i4, i4 %zext_ln85_1"   --->   Operation 18 'read' 'zext_ln85_1_read' <Predicate = true> <Delay = 0.00>
ST_1 : Operation 19 [1/1] (0.00ns)   --->   "%and_ln85_read = read i1 @_ssdm_op_Read.ap_auto.i1, i1 %and_ln85"   --->   Operation 19 'read' 'and_ln85_read' <Predicate = true> <Delay = 0.00>
ST_1 : Operation 20 [1/1] (0.00ns)   --->   "%tmp = read i3 @_ssdm_op_Read.ap_auto.i3, i3 %empty"   --->   Operation 20 'read' 'tmp' <Predicate = true> <Delay = 0.00>
ST_1 : Operation 21 [1/1] (0.00ns)   --->   "%mul_ln104_read = read i3 @_ssdm_op_Read.ap_auto.i3, i3 %mul_ln104"   --->   Operation 21 'read' 'mul_ln104_read' <Predicate = true> <Delay = 0.00>
ST_1 : Operation 22 [1/1] (0.00ns)   --->   "%shl_ln_read = read i7 @_ssdm_op_Read.ap_auto.i7, i7 %shl_ln"   --->   Operation 22 'read' 'shl_ln_read' <Predicate = true> <Delay = 0.00>
ST_1 : Operation 23 [1/1] (0.00ns)   --->   "%and_ln85_1_read = read i1 @_ssdm_op_Read.ap_auto.i1, i1 %and_ln85_1"   --->   Operation 23 'read' 'and_ln85_1_read' <Predicate = true> <Delay = 0.00>
ST_1 : Operation 24 [1/1] (0.00ns)   --->   "%zext_ln70_1_read = read i4 @_ssdm_op_Read.ap_auto.i4, i4 %zext_ln70_1"   --->   Operation 24 'read' 'zext_ln70_1_read' <Predicate = true> <Delay = 0.00>
ST_1 : Operation 25 [1/1] (0.00ns)   --->   "%and_ln85_2_read = read i1 @_ssdm_op_Read.ap_auto.i1, i1 %and_ln85_2"   --->   Operation 25 'read' 'and_ln85_2_read' <Predicate = true> <Delay = 0.00>
ST_1 : Operation 26 [1/1] (0.00ns)   --->   "%zext_ln82_read = read i8 @_ssdm_op_Read.ap_auto.i8, i8 %zext_ln82"   --->   Operation 26 'read' 'zext_ln82_read' <Predicate = true> <Delay = 0.00>
ST_1 : Operation 27 [1/1] (0.00ns)   --->   "%sext_ln85_read = read i5 @_ssdm_op_Read.ap_auto.i5, i5 %sext_ln85"   --->   Operation 27 'read' 'sext_ln85_read' <Predicate = true> <Delay = 0.00>
ST_1 : Operation 28 [1/1] (0.00ns)   --->   "%and_ln85_3_read = read i1 @_ssdm_op_Read.ap_auto.i1, i1 %and_ln85_3"   --->   Operation 28 'read' 'and_ln85_3_read' <Predicate = true> <Delay = 0.00>
ST_1 : Operation 29 [1/1] (0.00ns)   --->   "%add_ln82_read = read i4 @_ssdm_op_Read.ap_auto.i4, i4 %add_ln82"   --->   Operation 29 'read' 'add_ln82_read' <Predicate = true> <Delay = 0.00>
ST_1 : Operation 30 [1/1] (0.00ns)   --->   "%add_ln83_1_read = read i4 @_ssdm_op_Read.ap_auto.i4, i4 %add_ln83_1"   --->   Operation 30 'read' 'add_ln83_1_read' <Predicate = true> <Delay = 0.00>
ST_1 : Operation 31 [1/1] (0.00ns)   --->   "%add_ln83_read = read i5 @_ssdm_op_Read.ap_auto.i5, i5 %add_ln83"   --->   Operation 31 'read' 'add_ln83_read' <Predicate = true> <Delay = 0.00>
ST_1 : Operation 32 [1/1] (0.00ns)   --->   "%add_ln85_read = read i5 @_ssdm_op_Read.ap_auto.i5, i5 %add_ln85"   --->   Operation 32 'read' 'add_ln85_read' <Predicate = true> <Delay = 0.00>
ST_1 : Operation 33 [1/1] (0.00ns)   --->   "%zext_ln85_1_cast = zext i4 %zext_ln85_1_read"   --->   Operation 33 'zext' 'zext_ln85_1_cast' <Predicate = true> <Delay = 0.00>
ST_1 : Operation 34 [1/1] (0.00ns)   --->   "%zext_ln70_1_cast = zext i4 %zext_ln70_1_read"   --->   Operation 34 'zext' 'zext_ln70_1_cast' <Predicate = true> <Delay = 0.00>
ST_1 : Operation 35 [1/1] (0.00ns)   --->   "%zext_ln82_cast = zext i8 %zext_ln82_read"   --->   Operation 35 'zext' 'zext_ln82_cast' <Predicate = true> <Delay = 0.00>
ST_1 : Operation 36 [1/1] (0.00ns)   --->   "%sext_ln85_cast = sext i5 %sext_ln85_read"   --->   Operation 36 'sext' 'sext_ln85_cast' <Predicate = true> <Delay = 0.00>
ST_1 : Operation 37 [1/1] (0.00ns)   --->   "%specmemcore_ln0 = specmemcore void @_ssdm_op_SpecMemCore, i7 %input_7, i64 666, i64 22, i64 18446744073709551615, i1 0"   --->   Operation 37 'specmemcore' 'specmemcore_ln0' <Predicate = true> <Delay = 0.00>
ST_1 : Operation 38 [1/1] (0.00ns)   --->   "%specmemcore_ln0 = specmemcore void @_ssdm_op_SpecMemCore, i7 %input_6, i64 666, i64 22, i64 18446744073709551615, i1 0"   --->   Operation 38 'specmemcore' 'specmemcore_ln0' <Predicate = true> <Delay = 0.00>
ST_1 : Operation 39 [1/1] (0.00ns)   --->   "%specmemcore_ln0 = specmemcore void @_ssdm_op_SpecMemCore, i7 %input_5, i64 666, i64 22, i64 18446744073709551615, i1 0"   --->   Operation 39 'specmemcore' 'specmemcore_ln0' <Predicate = true> <Delay = 0.00>
ST_1 : Operation 40 [1/1] (0.00ns)   --->   "%specmemcore_ln0 = specmemcore void @_ssdm_op_SpecMemCore, i7 %input_4, i64 666, i64 22, i64 18446744073709551615, i1 0"   --->   Operation 40 'specmemcore' 'specmemcore_ln0' <Predicate = true> <Delay = 0.00>
ST_1 : Operation 41 [1/1] (0.00ns)   --->   "%specmemcore_ln0 = specmemcore void @_ssdm_op_SpecMemCore, i7 %input_3, i64 666, i64 22, i64 18446744073709551615, i1 0"   --->   Operation 41 'specmemcore' 'specmemcore_ln0' <Predicate = true> <Delay = 0.00>
ST_1 : Operation 42 [1/1] (0.00ns)   --->   "%specmemcore_ln0 = specmemcore void @_ssdm_op_SpecMemCore, i7 %input_2, i64 666, i64 22, i64 18446744073709551615, i1 0"   --->   Operation 42 'specmemcore' 'specmemcore_ln0' <Predicate = true> <Delay = 0.00>
ST_1 : Operation 43 [1/1] (0.00ns)   --->   "%specmemcore_ln0 = specmemcore void @_ssdm_op_SpecMemCore, i7 %input_1, i64 666, i64 22, i64 18446744073709551615, i1 0"   --->   Operation 43 'specmemcore' 'specmemcore_ln0' <Predicate = true> <Delay = 0.00>
ST_1 : Operation 44 [1/1] (0.00ns)   --->   "%specmemcore_ln0 = specmemcore void @_ssdm_op_SpecMemCore, i7 %input_0, i64 666, i64 22, i64 18446744073709551615, i1 0"   --->   Operation 44 'specmemcore' 'specmemcore_ln0' <Predicate = true> <Delay = 0.00>
ST_1 : Operation 45 [1/1] (1.78ns)   --->   "%icmp_ln85 = icmp_ult  i5 %add_ln85_read, i5 14" [../src/conv.cpp:85]   --->   Operation 45 'icmp' 'icmp_ln85' <Predicate = true> <Delay = 1.78> <CoreInst = "Cmp">   --->   Core 9 'Cmp' <Latency = 0> <II = 1> <Delay = 1.78> <FuncUnit> <Opcode : 'seteq' 'setne' 'setle' 'setge' 'setlt' 'setgt'> <InPorts = 2> <OutPorts = 1>
ST_1 : Operation 46 [1/1] (1.78ns)   --->   "%icmp_ln85_1 = icmp_ult  i5 %add_ln83_read, i5 14" [../src/conv.cpp:85]   --->   Operation 46 'icmp' 'icmp_ln85_1' <Predicate = true> <Delay = 1.78> <CoreInst = "Cmp">   --->   Core 9 'Cmp' <Latency = 0> <II = 1> <Delay = 1.78> <FuncUnit> <Opcode : 'seteq' 'setne' 'setle' 'setge' 'setlt' 'setgt'> <InPorts = 2> <OutPorts = 1>
ST_1 : Operation 47 [1/1] (1.73ns)   --->   "%icmp_ln85_2 = icmp_ult  i4 %add_ln83_1_read, i4 14" [../src/conv.cpp:85]   --->   Operation 47 'icmp' 'icmp_ln85_2' <Predicate = true> <Delay = 1.73> <CoreInst = "Cmp">   --->   Core 9 'Cmp' <Latency = 0> <II = 1> <Delay = 1.73> <FuncUnit> <Opcode : 'seteq' 'setne' 'setle' 'setge' 'setlt' 'setgt'> <InPorts = 2> <OutPorts = 1>
ST_1 : Operation 48 [1/1] (1.73ns)   --->   "%icmp_ln85_3 = icmp_ult  i4 %add_ln82_read, i4 14" [../src/conv.cpp:85]   --->   Operation 48 'icmp' 'icmp_ln85_3' <Predicate = true> <Delay = 1.73> <CoreInst = "Cmp">   --->   Core 9 'Cmp' <Latency = 0> <II = 1> <Delay = 1.73> <FuncUnit> <Opcode : 'seteq' 'setne' 'setle' 'setge' 'setlt' 'setgt'> <InPorts = 2> <OutPorts = 1>
ST_1 : Operation 49 [1/1] (1.58ns)   --->   "%store_ln78 = store i4 0, i4 %ci" [../src/conv.cpp:78]   --->   Operation 49 'store' 'store_ln78' <Predicate = true> <Delay = 1.58>
ST_1 : Operation 50 [1/1] (1.58ns)   --->   "%store_ln0 = store i11 0, i11 %phi_mul"   --->   Operation 50 'store' 'store_ln0' <Predicate = true> <Delay = 1.58>
ST_1 : Operation 51 [1/1] (0.00ns)   --->   "%br_ln0 = br void %KH_2"   --->   Operation 51 'br' 'br_ln0' <Predicate = true> <Delay = 0.00>
ST_1 : Operation 52 [1/1] (0.00ns)   --->   "%ci_1 = load i4 %ci" [../src/conv.cpp:78]   --->   Operation 52 'load' 'ci_1' <Predicate = true> <Delay = 0.00>
ST_1 : Operation 53 [1/1] (1.73ns)   --->   "%icmp_ln78 = icmp_eq  i4 %ci_1, i4 8" [../src/conv.cpp:78]   --->   Operation 53 'icmp' 'icmp_ln78' <Predicate = true> <Delay = 1.73> <CoreInst = "Cmp">   --->   Core 9 'Cmp' <Latency = 0> <II = 1> <Delay = 1.73> <FuncUnit> <Opcode : 'seteq' 'setne' 'setle' 'setge' 'setlt' 'setgt'> <InPorts = 2> <OutPorts = 1>
ST_1 : Operation 54 [1/1] (1.73ns)   --->   "%add_ln78 = add i4 %ci_1, i4 1" [../src/conv.cpp:78]   --->   Operation 54 'add' 'add_ln78' <Predicate = true> <Delay = 1.73> <CoreInst = "Adder">   --->   Core 1 'Adder' <Latency = 0> <II = 1> <Delay = 1.73> <FuncUnit> <Opcode : 'add' 'sub'> <InPorts = 2> <OutPorts = 1>
ST_1 : Operation 55 [1/1] (0.00ns)   --->   "%br_ln78 = br i1 %icmp_ln78, void %KH_2.split, void %fpga_resource_hint.VITIS_LOOP_99_4.38.exitStub" [../src/conv.cpp:78]   --->   Operation 55 'br' 'br_ln78' <Predicate = true> <Delay = 0.00>
ST_1 : Operation 56 [1/1] (0.00ns)   --->   "%trunc_ln86 = trunc i4 %ci_1" [../src/conv.cpp:86]   --->   Operation 56 'trunc' 'trunc_ln86' <Predicate = (!icmp_ln78)> <Delay = 0.00>
ST_1 : Operation 57 [1/1] (0.00ns)   --->   "%shl_ln2 = bitconcatenate i3 @_ssdm_op_BitConcatenate.i3.i1.i2, i1 %trunc_ln86, i2 0" [../src/conv.cpp:86]   --->   Operation 57 'bitconcatenate' 'shl_ln2' <Predicate = (!icmp_ln78)> <Delay = 0.00>
ST_1 : Operation 58 [1/1] (0.00ns) (grouped into TernaryAdder)   --->   "%add_ln86_2 = add i3 %mul_ln104_read, i3 %shl_ln2" [../src/conv.cpp:86]   --->   Operation 58 'add' 'add_ln86_2' <Predicate = (!icmp_ln78)> <Delay = 0.00> <CoreInst = "TAddSub">   --->   Core 10 'TAddSub' <Latency = 0> <II = 1> <Delay = 1.87> <IPBlock> <Opcode : 'add' 'sub'> <InPorts = 3> <OutPorts = 1> <Sync> <CReg>
ST_1 : Operation 59 [1/1] (2.69ns) (root node of TernaryAdder)   --->   "%add_ln86_3 = add i3 %add_ln86_2, i3 %tmp" [../src/conv.cpp:86]   --->   Operation 59 'add' 'add_ln86_3' <Predicate = (!icmp_ln78)> <Delay = 2.69> <CoreInst = "TAddSub">   --->   Core 10 'TAddSub' <Latency = 0> <II = 1> <Delay = 1.87> <IPBlock> <Opcode : 'add' 'sub'> <InPorts = 3> <OutPorts = 1> <Sync> <CReg>
ST_1 : Operation 60 [1/1] (0.00ns)   --->   "%br_ln85 = br i1 %and_ln85_read, void %for.inc50, void %if.then" [../src/conv.cpp:85]   --->   Operation 60 'br' 'br_ln85' <Predicate = (!icmp_ln78)> <Delay = 0.00>
ST_1 : Operation 61 [1/1] (0.00ns)   --->   "%br_ln85 = br i1 %icmp_ln85, void %for.inc50.159, void %if.then.122" [../src/conv.cpp:85]   --->   Operation 61 'br' 'br_ln85' <Predicate = (!icmp_ln78)> <Delay = 0.00>
ST_1 : Operation 62 [1/1] (0.00ns)   --->   "%br_ln85 = br i1 %and_ln85_1_read, void %for.inc50.2107, void %if.then.270" [../src/conv.cpp:85]   --->   Operation 62 'br' 'br_ln85' <Predicate = (!icmp_ln78)> <Delay = 0.00>
ST_1 : Operation 63 [1/1] (0.00ns)   --->   "%br_ln85 = br i1 %icmp_ln85_1, void %if.then.1.1, void %if.then.1" [../src/conv.cpp:85]   --->   Operation 63 'br' 'br_ln85' <Predicate = (!icmp_ln78)> <Delay = 0.00>
ST_1 : Operation 64 [1/1] (0.00ns)   --->   "%br_ln85 = br i1 %and_ln85_2_read, void %for.inc50.2, void %if.then.2" [../src/conv.cpp:85]   --->   Operation 64 'br' 'br_ln85' <Predicate = (!icmp_ln78)> <Delay = 0.00>
ST_1 : Operation 65 [1/1] (0.00ns)   --->   "%br_ln85 = br i1 %icmp_ln85_3, void %for.inc50.2.1, void %if.then.2.1" [../src/conv.cpp:85]   --->   Operation 65 'br' 'br_ln85' <Predicate = (!icmp_ln78)> <Delay = 0.00>
ST_1 : Operation 66 [1/1] (0.00ns)   --->   "%br_ln85 = br i1 %and_ln85_3_read, void %for.inc50.2.2, void %if.then.2.2" [../src/conv.cpp:85]   --->   Operation 66 'br' 'br_ln85' <Predicate = (!icmp_ln78)> <Delay = 0.00>
ST_1 : Operation 67 [1/1] (1.58ns)   --->   "%store_ln78 = store i4 %add_ln78, i4 %ci" [../src/conv.cpp:78]   --->   Operation 67 'store' 'store_ln78' <Predicate = (!icmp_ln78)> <Delay = 1.58>

State 2 <SV = 1> <Delay = 8.64>
ST_2 : Operation 68 [1/1] (0.00ns)   --->   "%phi_mul_load = load i11 %phi_mul" [../src/conv.cpp:86]   --->   Operation 68 'load' 'phi_mul_load' <Predicate = true> <Delay = 0.00>
ST_2 : Operation 69 [1/1] (0.00ns)   --->   "%zext_ln78 = zext i4 %ci_1" [../src/conv.cpp:78]   --->   Operation 69 'zext' 'zext_ln78' <Predicate = (!icmp_ln78)> <Delay = 0.00>
ST_2 : Operation 70 [1/1] (0.00ns)   --->   "%trunc_ln78 = trunc i4 %ci_1" [../src/conv.cpp:78]   --->   Operation 70 'trunc' 'trunc_ln78' <Predicate = (!icmp_ln78)> <Delay = 0.00>
ST_2 : Operation 71 [1/1] (0.00ns)   --->   "%specpipeline_ln79 = specpipeline void @_ssdm_op_SpecPipeline, i32 1, i32 0, i32 0, i32 0, i32 4294967295, void @empty_22" [../src/conv.cpp:79]   --->   Operation 71 'specpipeline' 'specpipeline_ln79' <Predicate = (!icmp_ln78)> <Delay = 0.00>
ST_2 : Operation 72 [1/1] (0.00ns)   --->   "%speclooptripcount_ln78 = speclooptripcount void @_ssdm_op_SpecLoopTripCount, i64 8, i64 8, i64 8" [../src/conv.cpp:78]   --->   Operation 72 'speclooptripcount' 'speclooptripcount_ln78' <Predicate = (!icmp_ln78)> <Delay = 0.00>
ST_2 : Operation 73 [1/1] (0.00ns)   --->   "%specloopname_ln78 = specloopname void @_ssdm_op_SpecLoopName, void @empty_4" [../src/conv.cpp:78]   --->   Operation 73 'specloopname' 'specloopname_ln78' <Predicate = (!icmp_ln78)> <Delay = 0.00>
ST_2 : Operation 74 [1/1] (1.63ns)   --->   "%add_ln89_2 = add i11 %phi_mul_load, i11 196" [../src/conv.cpp:89]   --->   Operation 74 'add' 'add_ln89_2' <Predicate = (!icmp_ln78)> <Delay = 1.63> <CoreInst = "Adder">   --->   Core 1 'Adder' <Latency = 0> <II = 1> <Delay = 1.63> <FuncUnit> <Opcode : 'add' 'sub'> <InPorts = 2> <OutPorts = 1>
ST_2 : Operation 75 [1/1] (1.87ns)   --->   "%add_ln89 = add i7 %zext_ln78, i7 %shl_ln_read" [../src/conv.cpp:89]   --->   Operation 75 'add' 'add_ln89' <Predicate = (!icmp_ln78)> <Delay = 1.87> <CoreInst = "Adder">   --->   Core 1 'Adder' <Latency = 0> <II = 1> <Delay = 1.87> <FuncUnit> <Opcode : 'add' 'sub'> <InPorts = 2> <OutPorts = 1>
ST_2 : Operation 76 [1/1] (0.00ns)   --->   "%zext_ln86 = zext i7 %add_ln89" [../src/conv.cpp:86]   --->   Operation 76 'zext' 'zext_ln86' <Predicate = (!icmp_ln78)> <Delay = 0.00>
ST_2 : Operation 77 [1/1] (0.00ns) (grouped into TernaryAdder)   --->   "%add_ln86 = add i11 %phi_mul_load, i11 2034" [../src/conv.cpp:86]   --->   Operation 77 'add' 'add_ln86' <Predicate = (!icmp_ln78)> <Delay = 0.00> <CoreInst = "TAddSub">   --->   Core 10 'TAddSub' <Latency = 0> <II = 1> <Delay = 1.87> <IPBlock> <Opcode : 'add' 'sub'> <InPorts = 3> <OutPorts = 1> <Sync> <CReg>
ST_2 : Operation 78 [1/1] (3.75ns) (root node of TernaryAdder)   --->   "%add_ln86_1 = add i11 %add_ln86, i11 %zext_ln82_cast" [../src/conv.cpp:86]   --->   Operation 78 'add' 'add_ln86_1' <Predicate = (!icmp_ln78)> <Delay = 3.75> <CoreInst = "TAddSub">   --->   Core 10 'TAddSub' <Latency = 0> <II = 1> <Delay = 1.87> <IPBlock> <Opcode : 'add' 'sub'> <InPorts = 3> <OutPorts = 1> <Sync> <CReg>
ST_2 : Operation 79 [1/1] (1.63ns)   --->   "%add_ln86_4 = add i11 %add_ln86_1, i11 %sext_ln85_cast" [../src/conv.cpp:86]   --->   Operation 79 'add' 'add_ln86_4' <Predicate = (!icmp_ln78 & and_ln85_read)> <Delay = 1.63> <CoreInst = "Adder">   --->   Core 1 'Adder' <Latency = 0> <II = 1> <Delay = 1.63> <FuncUnit> <Opcode : 'add' 'sub'> <InPorts = 2> <OutPorts = 1>
ST_2 : Operation 80 [1/1] (0.00ns)   --->   "%lshr_ln1 = partselect i8 @_ssdm_op_PartSelect.i8.i11.i32.i32, i11 %add_ln86_4, i32 3, i32 10" [../src/conv.cpp:89]   --->   Operation 80 'partselect' 'lshr_ln1' <Predicate = (!icmp_ln78 & and_ln85_read)> <Delay = 0.00>
ST_2 : Operation 81 [1/1] (0.00ns)   --->   "%zext_ln89 = zext i8 %lshr_ln1" [../src/conv.cpp:89]   --->   Operation 81 'zext' 'zext_ln89' <Predicate = (!icmp_ln78 & and_ln85_read)> <Delay = 0.00>
ST_2 : Operation 82 [1/1] (0.00ns)   --->   "%input_0_addr = getelementptr i7 %input_0, i64 0, i64 %zext_ln89" [../src/conv.cpp:89]   --->   Operation 82 'getelementptr' 'input_0_addr' <Predicate = (!icmp_ln78 & and_ln85_read & add_ln86_3 == 7)> <Delay = 0.00>
ST_2 : Operation 83 [1/1] (0.00ns)   --->   "%input_1_addr = getelementptr i7 %input_1, i64 0, i64 %zext_ln89" [../src/conv.cpp:89]   --->   Operation 83 'getelementptr' 'input_1_addr' <Predicate = (!icmp_ln78 & and_ln85_read & add_ln86_3 == 0)> <Delay = 0.00>
ST_2 : Operation 84 [1/1] (0.00ns)   --->   "%input_2_addr = getelementptr i7 %input_2, i64 0, i64 %zext_ln89" [../src/conv.cpp:89]   --->   Operation 84 'getelementptr' 'input_2_addr' <Predicate = (!icmp_ln78 & and_ln85_read & add_ln86_3 == 1)> <Delay = 0.00>
ST_2 : Operation 85 [1/1] (0.00ns)   --->   "%input_3_addr = getelementptr i7 %input_3, i64 0, i64 %zext_ln89" [../src/conv.cpp:89]   --->   Operation 85 'getelementptr' 'input_3_addr' <Predicate = (!icmp_ln78 & and_ln85_read & add_ln86_3 == 2)> <Delay = 0.00>
ST_2 : Operation 86 [1/1] (0.00ns)   --->   "%input_4_addr = getelementptr i7 %input_4, i64 0, i64 %zext_ln89" [../src/conv.cpp:89]   --->   Operation 86 'getelementptr' 'input_4_addr' <Predicate = (!icmp_ln78 & and_ln85_read & add_ln86_3 == 3)> <Delay = 0.00>
ST_2 : Operation 87 [1/1] (0.00ns)   --->   "%input_5_addr = getelementptr i7 %input_5, i64 0, i64 %zext_ln89" [../src/conv.cpp:89]   --->   Operation 87 'getelementptr' 'input_5_addr' <Predicate = (!icmp_ln78 & and_ln85_read & add_ln86_3 == 4)> <Delay = 0.00>
ST_2 : Operation 88 [1/1] (0.00ns)   --->   "%input_6_addr = getelementptr i7 %input_6, i64 0, i64 %zext_ln89" [../src/conv.cpp:89]   --->   Operation 88 'getelementptr' 'input_6_addr' <Predicate = (!icmp_ln78 & and_ln85_read & add_ln86_3 == 5)> <Delay = 0.00>
ST_2 : Operation 89 [1/1] (0.00ns)   --->   "%input_7_addr = getelementptr i7 %input_7, i64 0, i64 %zext_ln89" [../src/conv.cpp:89]   --->   Operation 89 'getelementptr' 'input_7_addr' <Predicate = (!icmp_ln78 & and_ln85_read & add_ln86_3 == 6)> <Delay = 0.00>
ST_2 : Operation 90 [2/2] (3.25ns)   --->   "%input_0_load = load i8 %input_0_addr" [../src/conv.cpp:89]   --->   Operation 90 'load' 'input_0_load' <Predicate = (!icmp_ln78 & and_ln85_read & add_ln86_3 == 7)> <Delay = 3.25> <CoreInst = "RAM_2P_BRAM">   --->   Core 90 'RAM_2P_BRAM' <Latency = 1> <II = 1> <Delay = 3.25> <Storage> <Opcode : 'load' 'store'> <Ports = 2> <Width = 7> <Depth = 196> <RAM>
ST_2 : Operation 91 [2/2] (3.25ns)   --->   "%input_1_load = load i8 %input_1_addr" [../src/conv.cpp:89]   --->   Operation 91 'load' 'input_1_load' <Predicate = (!icmp_ln78 & and_ln85_read & add_ln86_3 == 0)> <Delay = 3.25> <CoreInst = "RAM_2P_BRAM">   --->   Core 90 'RAM_2P_BRAM' <Latency = 1> <II = 1> <Delay = 3.25> <Storage> <Opcode : 'load' 'store'> <Ports = 2> <Width = 7> <Depth = 196> <RAM>
ST_2 : Operation 92 [2/2] (3.25ns)   --->   "%input_2_load = load i8 %input_2_addr" [../src/conv.cpp:89]   --->   Operation 92 'load' 'input_2_load' <Predicate = (!icmp_ln78 & and_ln85_read & add_ln86_3 == 1)> <Delay = 3.25> <CoreInst = "RAM_2P_BRAM">   --->   Core 90 'RAM_2P_BRAM' <Latency = 1> <II = 1> <Delay = 3.25> <Storage> <Opcode : 'load' 'store'> <Ports = 2> <Width = 7> <Depth = 196> <RAM>
ST_2 : Operation 93 [2/2] (3.25ns)   --->   "%input_3_load = load i8 %input_3_addr" [../src/conv.cpp:89]   --->   Operation 93 'load' 'input_3_load' <Predicate = (!icmp_ln78 & and_ln85_read & add_ln86_3 == 2)> <Delay = 3.25> <CoreInst = "RAM_2P_BRAM">   --->   Core 90 'RAM_2P_BRAM' <Latency = 1> <II = 1> <Delay = 3.25> <Storage> <Opcode : 'load' 'store'> <Ports = 2> <Width = 7> <Depth = 196> <RAM>
ST_2 : Operation 94 [2/2] (3.25ns)   --->   "%input_4_load = load i8 %input_4_addr" [../src/conv.cpp:89]   --->   Operation 94 'load' 'input_4_load' <Predicate = (!icmp_ln78 & and_ln85_read & add_ln86_3 == 3)> <Delay = 3.25> <CoreInst = "RAM_2P_BRAM">   --->   Core 90 'RAM_2P_BRAM' <Latency = 1> <II = 1> <Delay = 3.25> <Storage> <Opcode : 'load' 'store'> <Ports = 2> <Width = 7> <Depth = 196> <RAM>
ST_2 : Operation 95 [2/2] (3.25ns)   --->   "%input_5_load = load i8 %input_5_addr" [../src/conv.cpp:89]   --->   Operation 95 'load' 'input_5_load' <Predicate = (!icmp_ln78 & and_ln85_read & add_ln86_3 == 4)> <Delay = 3.25> <CoreInst = "RAM_2P_BRAM">   --->   Core 90 'RAM_2P_BRAM' <Latency = 1> <II = 1> <Delay = 3.25> <Storage> <Opcode : 'load' 'store'> <Ports = 2> <Width = 7> <Depth = 196> <RAM>
ST_2 : Operation 96 [2/2] (3.25ns)   --->   "%input_6_load = load i8 %input_6_addr" [../src/conv.cpp:89]   --->   Operation 96 'load' 'input_6_load' <Predicate = (!icmp_ln78 & and_ln85_read & add_ln86_3 == 5)> <Delay = 3.25> <CoreInst = "RAM_2P_BRAM">   --->   Core 90 'RAM_2P_BRAM' <Latency = 1> <II = 1> <Delay = 3.25> <Storage> <Opcode : 'load' 'store'> <Ports = 2> <Width = 7> <Depth = 196> <RAM>
ST_2 : Operation 97 [2/2] (3.25ns)   --->   "%input_7_load = load i8 %input_7_addr" [../src/conv.cpp:89]   --->   Operation 97 'load' 'input_7_load' <Predicate = (!icmp_ln78 & and_ln85_read & add_ln86_3 == 6)> <Delay = 3.25> <CoreInst = "RAM_2P_BRAM">   --->   Core 90 'RAM_2P_BRAM' <Latency = 1> <II = 1> <Delay = 3.25> <Storage> <Opcode : 'load' 'store'> <Ports = 2> <Width = 7> <Depth = 196> <RAM>
ST_2 : Operation 98 [1/1] (0.00ns)   --->   "%p_ZL12conv2_weight_0_addr = getelementptr i3 %p_ZL12conv2_weight_0, i64 0, i64 %zext_ln86" [../src/conv.cpp:89]   --->   Operation 98 'getelementptr' 'p_ZL12conv2_weight_0_addr' <Predicate = (!icmp_ln78 & and_ln85_read)> <Delay = 0.00>
ST_2 : Operation 99 [2/2] (2.32ns)   --->   "%p_ZL12conv2_weight_0_load = load i7 %p_ZL12conv2_weight_0_addr" [../src/conv.cpp:89]   --->   Operation 99 'load' 'p_ZL12conv2_weight_0_load' <Predicate = (!icmp_ln78 & and_ln85_read)> <Delay = 2.32> <CoreInst = "ROM">   --->   Core 94 'ROM' <Latency = 1> <II = 1> <Delay = 2.32> <Storage> <Opcode : 'load'> <Ports = 0> <Width = 3> <Depth = 128> <ROM>
ST_2 : Operation 100 [1/1] (1.63ns)   --->   "%add_ln86_5 = add i11 %add_ln86_1, i11 %zext_ln70_1_cast" [../src/conv.cpp:86]   --->   Operation 100 'add' 'add_ln86_5' <Predicate = (!icmp_ln78 & icmp_ln85)> <Delay = 1.63> <CoreInst = "Adder">   --->   Core 1 'Adder' <Latency = 0> <II = 1> <Delay = 1.63> <FuncUnit> <Opcode : 'add' 'sub'> <InPorts = 2> <OutPorts = 1>
ST_2 : Operation 101 [1/1] (0.00ns)   --->   "%lshr_ln2 = partselect i8 @_ssdm_op_PartSelect.i8.i11.i32.i32, i11 %add_ln86_5, i32 3, i32 10" [../src/conv.cpp:87]   --->   Operation 101 'partselect' 'lshr_ln2' <Predicate = (!icmp_ln78 & icmp_ln85)> <Delay = 0.00>
ST_2 : Operation 102 [1/1] (0.00ns)   --->   "%zext_ln89_2 = zext i8 %lshr_ln2" [../src/conv.cpp:89]   --->   Operation 102 'zext' 'zext_ln89_2' <Predicate = (!icmp_ln78 & icmp_ln85)> <Delay = 0.00>
ST_2 : Operation 103 [1/1] (0.00ns)   --->   "%input_0_addr_5 = getelementptr i7 %input_0, i64 0, i64 %zext_ln89_2" [../src/conv.cpp:89]   --->   Operation 103 'getelementptr' 'input_0_addr_5' <Predicate = (!icmp_ln78 & icmp_ln85 & add_ln86_3 == 6)> <Delay = 0.00>
ST_2 : Operation 104 [1/1] (0.00ns)   --->   "%input_1_addr_5 = getelementptr i7 %input_1, i64 0, i64 %zext_ln89_2" [../src/conv.cpp:89]   --->   Operation 104 'getelementptr' 'input_1_addr_5' <Predicate = (!icmp_ln78 & icmp_ln85 & add_ln86_3 == 7)> <Delay = 0.00>
ST_2 : Operation 105 [1/1] (0.00ns)   --->   "%input_2_addr_4 = getelementptr i7 %input_2, i64 0, i64 %zext_ln89_2" [../src/conv.cpp:89]   --->   Operation 105 'getelementptr' 'input_2_addr_4' <Predicate = (!icmp_ln78 & icmp_ln85 & add_ln86_3 == 0)> <Delay = 0.00>
ST_2 : Operation 106 [1/1] (0.00ns)   --->   "%input_3_addr_4 = getelementptr i7 %input_3, i64 0, i64 %zext_ln89_2" [../src/conv.cpp:89]   --->   Operation 106 'getelementptr' 'input_3_addr_4' <Predicate = (!icmp_ln78 & icmp_ln85 & add_ln86_3 == 1)> <Delay = 0.00>
ST_2 : Operation 107 [1/1] (0.00ns)   --->   "%input_4_addr_4 = getelementptr i7 %input_4, i64 0, i64 %zext_ln89_2" [../src/conv.cpp:89]   --->   Operation 107 'getelementptr' 'input_4_addr_4' <Predicate = (!icmp_ln78 & icmp_ln85 & add_ln86_3 == 2)> <Delay = 0.00>
ST_2 : Operation 108 [1/1] (0.00ns)   --->   "%input_5_addr_1 = getelementptr i7 %input_5, i64 0, i64 %zext_ln89_2" [../src/conv.cpp:89]   --->   Operation 108 'getelementptr' 'input_5_addr_1' <Predicate = (!icmp_ln78 & icmp_ln85 & add_ln86_3 == 3)> <Delay = 0.00>
ST_2 : Operation 109 [1/1] (0.00ns)   --->   "%input_6_addr_1 = getelementptr i7 %input_6, i64 0, i64 %zext_ln89_2" [../src/conv.cpp:89]   --->   Operation 109 'getelementptr' 'input_6_addr_1' <Predicate = (!icmp_ln78 & icmp_ln85 & add_ln86_3 == 4)> <Delay = 0.00>
ST_2 : Operation 110 [1/1] (0.00ns)   --->   "%input_7_addr_1 = getelementptr i7 %input_7, i64 0, i64 %zext_ln89_2" [../src/conv.cpp:89]   --->   Operation 110 'getelementptr' 'input_7_addr_1' <Predicate = (!icmp_ln78 & icmp_ln85 & add_ln86_3 == 5)> <Delay = 0.00>
ST_2 : Operation 111 [2/2] (3.25ns)   --->   "%input_0_load_4 = load i8 %input_0_addr_5" [../src/conv.cpp:89]   --->   Operation 111 'load' 'input_0_load_4' <Predicate = (!icmp_ln78 & icmp_ln85 & add_ln86_3 == 6)> <Delay = 3.25> <CoreInst = "RAM_2P_BRAM">   --->   Core 90 'RAM_2P_BRAM' <Latency = 1> <II = 1> <Delay = 3.25> <Storage> <Opcode : 'load' 'store'> <Ports = 2> <Width = 7> <Depth = 196> <RAM>
ST_2 : Operation 112 [2/2] (3.25ns)   --->   "%input_1_load_4 = load i8 %input_1_addr_5" [../src/conv.cpp:89]   --->   Operation 112 'load' 'input_1_load_4' <Predicate = (!icmp_ln78 & icmp_ln85 & add_ln86_3 == 7)> <Delay = 3.25> <CoreInst = "RAM_2P_BRAM">   --->   Core 90 'RAM_2P_BRAM' <Latency = 1> <II = 1> <Delay = 3.25> <Storage> <Opcode : 'load' 'store'> <Ports = 2> <Width = 7> <Depth = 196> <RAM>
ST_2 : Operation 113 [2/2] (3.25ns)   --->   "%input_2_load_4 = load i8 %input_2_addr_4" [../src/conv.cpp:89]   --->   Operation 113 'load' 'input_2_load_4' <Predicate = (!icmp_ln78 & icmp_ln85 & add_ln86_3 == 0)> <Delay = 3.25> <CoreInst = "RAM_2P_BRAM">   --->   Core 90 'RAM_2P_BRAM' <Latency = 1> <II = 1> <Delay = 3.25> <Storage> <Opcode : 'load' 'store'> <Ports = 2> <Width = 7> <Depth = 196> <RAM>
ST_2 : Operation 114 [2/2] (3.25ns)   --->   "%input_3_load_4 = load i8 %input_3_addr_4" [../src/conv.cpp:89]   --->   Operation 114 'load' 'input_3_load_4' <Predicate = (!icmp_ln78 & icmp_ln85 & add_ln86_3 == 1)> <Delay = 3.25> <CoreInst = "RAM_2P_BRAM">   --->   Core 90 'RAM_2P_BRAM' <Latency = 1> <II = 1> <Delay = 3.25> <Storage> <Opcode : 'load' 'store'> <Ports = 2> <Width = 7> <Depth = 196> <RAM>
ST_2 : Operation 115 [2/2] (3.25ns)   --->   "%input_4_load_4 = load i8 %input_4_addr_4" [../src/conv.cpp:89]   --->   Operation 115 'load' 'input_4_load_4' <Predicate = (!icmp_ln78 & icmp_ln85 & add_ln86_3 == 2)> <Delay = 3.25> <CoreInst = "RAM_2P_BRAM">   --->   Core 90 'RAM_2P_BRAM' <Latency = 1> <II = 1> <Delay = 3.25> <Storage> <Opcode : 'load' 'store'> <Ports = 2> <Width = 7> <Depth = 196> <RAM>
ST_2 : Operation 116 [2/2] (3.25ns)   --->   "%input_5_load_1 = load i8 %input_5_addr_1" [../src/conv.cpp:89]   --->   Operation 116 'load' 'input_5_load_1' <Predicate = (!icmp_ln78 & icmp_ln85 & add_ln86_3 == 3)> <Delay = 3.25> <CoreInst = "RAM_2P_BRAM">   --->   Core 90 'RAM_2P_BRAM' <Latency = 1> <II = 1> <Delay = 3.25> <Storage> <Opcode : 'load' 'store'> <Ports = 2> <Width = 7> <Depth = 196> <RAM>
ST_2 : Operation 117 [2/2] (3.25ns)   --->   "%input_6_load_1 = load i8 %input_6_addr_1" [../src/conv.cpp:89]   --->   Operation 117 'load' 'input_6_load_1' <Predicate = (!icmp_ln78 & icmp_ln85 & add_ln86_3 == 4)> <Delay = 3.25> <CoreInst = "RAM_2P_BRAM">   --->   Core 90 'RAM_2P_BRAM' <Latency = 1> <II = 1> <Delay = 3.25> <Storage> <Opcode : 'load' 'store'> <Ports = 2> <Width = 7> <Depth = 196> <RAM>
ST_2 : Operation 118 [2/2] (3.25ns)   --->   "%input_7_load_1 = load i8 %input_7_addr_1" [../src/conv.cpp:89]   --->   Operation 118 'load' 'input_7_load_1' <Predicate = (!icmp_ln78 & icmp_ln85 & add_ln86_3 == 5)> <Delay = 3.25> <CoreInst = "RAM_2P_BRAM">   --->   Core 90 'RAM_2P_BRAM' <Latency = 1> <II = 1> <Delay = 3.25> <Storage> <Opcode : 'load' 'store'> <Ports = 2> <Width = 7> <Depth = 196> <RAM>
ST_2 : Operation 119 [1/1] (0.00ns)   --->   "%p_ZL12conv2_weight_1_addr = getelementptr i4 %p_ZL12conv2_weight_1, i64 0, i64 %zext_ln86" [../src/conv.cpp:89]   --->   Operation 119 'getelementptr' 'p_ZL12conv2_weight_1_addr' <Predicate = (!icmp_ln78 & icmp_ln85)> <Delay = 0.00>
ST_2 : Operation 120 [2/2] (2.32ns)   --->   "%p_ZL12conv2_weight_1_load = load i7 %p_ZL12conv2_weight_1_addr" [../src/conv.cpp:89]   --->   Operation 120 'load' 'p_ZL12conv2_weight_1_load' <Predicate = (!icmp_ln78 & icmp_ln85)> <Delay = 2.32> <CoreInst = "ROM">   --->   Core 94 'ROM' <Latency = 1> <II = 1> <Delay = 2.32> <Storage> <Opcode : 'load'> <Ports = 0> <Width = 4> <Depth = 128> <ROM>
ST_2 : Operation 121 [1/1] (1.63ns)   --->   "%add_ln86_6 = add i11 %add_ln86_1, i11 %zext_ln85_1_cast" [../src/conv.cpp:86]   --->   Operation 121 'add' 'add_ln86_6' <Predicate = (!icmp_ln78 & and_ln85_1_read)> <Delay = 1.63> <CoreInst = "Adder">   --->   Core 1 'Adder' <Latency = 0> <II = 1> <Delay = 1.63> <FuncUnit> <Opcode : 'add' 'sub'> <InPorts = 2> <OutPorts = 1>
ST_2 : Operation 122 [1/1] (0.00ns)   --->   "%lshr_ln87_1 = partselect i8 @_ssdm_op_PartSelect.i8.i11.i32.i32, i11 %add_ln86_6, i32 3, i32 10" [../src/conv.cpp:87]   --->   Operation 122 'partselect' 'lshr_ln87_1' <Predicate = (!icmp_ln78 & and_ln85_1_read)> <Delay = 0.00>
ST_2 : Operation 123 [1/1] (0.00ns)   --->   "%zext_ln89_4 = zext i8 %lshr_ln87_1" [../src/conv.cpp:89]   --->   Operation 123 'zext' 'zext_ln89_4' <Predicate = (!icmp_ln78 & and_ln85_1_read)> <Delay = 0.00>
ST_2 : Operation 124 [1/1] (0.00ns)   --->   "%input_0_addr_6 = getelementptr i7 %input_0, i64 0, i64 %zext_ln89_4" [../src/conv.cpp:89]   --->   Operation 124 'getelementptr' 'input_0_addr_6' <Predicate = (!icmp_ln78 & and_ln85_1_read & add_ln86_3 == 5)> <Delay = 0.00>
ST_2 : Operation 125 [1/1] (0.00ns)   --->   "%input_1_addr_6 = getelementptr i7 %input_1, i64 0, i64 %zext_ln89_4" [../src/conv.cpp:89]   --->   Operation 125 'getelementptr' 'input_1_addr_6' <Predicate = (!icmp_ln78 & and_ln85_1_read & add_ln86_3 == 6)> <Delay = 0.00>
ST_2 : Operation 126 [1/1] (0.00ns)   --->   "%input_2_addr_5 = getelementptr i7 %input_2, i64 0, i64 %zext_ln89_4" [../src/conv.cpp:89]   --->   Operation 126 'getelementptr' 'input_2_addr_5' <Predicate = (!icmp_ln78 & and_ln85_1_read & add_ln86_3 == 7)> <Delay = 0.00>
ST_2 : Operation 127 [1/1] (0.00ns)   --->   "%input_3_addr_5 = getelementptr i7 %input_3, i64 0, i64 %zext_ln89_4" [../src/conv.cpp:89]   --->   Operation 127 'getelementptr' 'input_3_addr_5' <Predicate = (!icmp_ln78 & and_ln85_1_read & add_ln86_3 == 0)> <Delay = 0.00>
ST_2 : Operation 128 [1/1] (0.00ns)   --->   "%input_4_addr_5 = getelementptr i7 %input_4, i64 0, i64 %zext_ln89_4" [../src/conv.cpp:89]   --->   Operation 128 'getelementptr' 'input_4_addr_5' <Predicate = (!icmp_ln78 & and_ln85_1_read & add_ln86_3 == 1)> <Delay = 0.00>
ST_2 : Operation 129 [1/1] (0.00ns)   --->   "%input_5_addr_2 = getelementptr i7 %input_5, i64 0, i64 %zext_ln89_4" [../src/conv.cpp:89]   --->   Operation 129 'getelementptr' 'input_5_addr_2' <Predicate = (!icmp_ln78 & and_ln85_1_read & add_ln86_3 == 2)> <Delay = 0.00>
ST_2 : Operation 130 [1/1] (0.00ns)   --->   "%input_6_addr_2 = getelementptr i7 %input_6, i64 0, i64 %zext_ln89_4" [../src/conv.cpp:89]   --->   Operation 130 'getelementptr' 'input_6_addr_2' <Predicate = (!icmp_ln78 & and_ln85_1_read & add_ln86_3 == 3)> <Delay = 0.00>
ST_2 : Operation 131 [1/1] (0.00ns)   --->   "%input_7_addr_2 = getelementptr i7 %input_7, i64 0, i64 %zext_ln89_4" [../src/conv.cpp:89]   --->   Operation 131 'getelementptr' 'input_7_addr_2' <Predicate = (!icmp_ln78 & and_ln85_1_read & add_ln86_3 == 4)> <Delay = 0.00>
ST_2 : Operation 132 [2/2] (3.25ns)   --->   "%input_0_load_5 = load i8 %input_0_addr_6" [../src/conv.cpp:89]   --->   Operation 132 'load' 'input_0_load_5' <Predicate = (!icmp_ln78 & and_ln85_1_read & add_ln86_3 == 5)> <Delay = 3.25> <CoreInst = "RAM_2P_BRAM">   --->   Core 90 'RAM_2P_BRAM' <Latency = 1> <II = 1> <Delay = 3.25> <Storage> <Opcode : 'load' 'store'> <Ports = 2> <Width = 7> <Depth = 196> <RAM>
ST_2 : Operation 133 [2/2] (3.25ns)   --->   "%input_1_load_5 = load i8 %input_1_addr_6" [../src/conv.cpp:89]   --->   Operation 133 'load' 'input_1_load_5' <Predicate = (!icmp_ln78 & and_ln85_1_read & add_ln86_3 == 6)> <Delay = 3.25> <CoreInst = "RAM_2P_BRAM">   --->   Core 90 'RAM_2P_BRAM' <Latency = 1> <II = 1> <Delay = 3.25> <Storage> <Opcode : 'load' 'store'> <Ports = 2> <Width = 7> <Depth = 196> <RAM>
ST_2 : Operation 134 [2/2] (3.25ns)   --->   "%input_2_load_5 = load i8 %input_2_addr_5" [../src/conv.cpp:89]   --->   Operation 134 'load' 'input_2_load_5' <Predicate = (!icmp_ln78 & and_ln85_1_read & add_ln86_3 == 7)> <Delay = 3.25> <CoreInst = "RAM_2P_BRAM">   --->   Core 90 'RAM_2P_BRAM' <Latency = 1> <II = 1> <Delay = 3.25> <Storage> <Opcode : 'load' 'store'> <Ports = 2> <Width = 7> <Depth = 196> <RAM>
ST_2 : Operation 135 [2/2] (3.25ns)   --->   "%input_3_load_5 = load i8 %input_3_addr_5" [../src/conv.cpp:89]   --->   Operation 135 'load' 'input_3_load_5' <Predicate = (!icmp_ln78 & and_ln85_1_read & add_ln86_3 == 0)> <Delay = 3.25> <CoreInst = "RAM_2P_BRAM">   --->   Core 90 'RAM_2P_BRAM' <Latency = 1> <II = 1> <Delay = 3.25> <Storage> <Opcode : 'load' 'store'> <Ports = 2> <Width = 7> <Depth = 196> <RAM>
ST_2 : Operation 136 [2/2] (3.25ns)   --->   "%input_4_load_5 = load i8 %input_4_addr_5" [../src/conv.cpp:89]   --->   Operation 136 'load' 'input_4_load_5' <Predicate = (!icmp_ln78 & and_ln85_1_read & add_ln86_3 == 1)> <Delay = 3.25> <CoreInst = "RAM_2P_BRAM">   --->   Core 90 'RAM_2P_BRAM' <Latency = 1> <II = 1> <Delay = 3.25> <Storage> <Opcode : 'load' 'store'> <Ports = 2> <Width = 7> <Depth = 196> <RAM>
ST_2 : Operation 137 [2/2] (3.25ns)   --->   "%input_5_load_2 = load i8 %input_5_addr_2" [../src/conv.cpp:89]   --->   Operation 137 'load' 'input_5_load_2' <Predicate = (!icmp_ln78 & and_ln85_1_read & add_ln86_3 == 2)> <Delay = 3.25> <CoreInst = "RAM_2P_BRAM">   --->   Core 90 'RAM_2P_BRAM' <Latency = 1> <II = 1> <Delay = 3.25> <Storage> <Opcode : 'load' 'store'> <Ports = 2> <Width = 7> <Depth = 196> <RAM>
ST_2 : Operation 138 [2/2] (3.25ns)   --->   "%input_6_load_2 = load i8 %input_6_addr_2" [../src/conv.cpp:89]   --->   Operation 138 'load' 'input_6_load_2' <Predicate = (!icmp_ln78 & and_ln85_1_read & add_ln86_3 == 3)> <Delay = 3.25> <CoreInst = "RAM_2P_BRAM">   --->   Core 90 'RAM_2P_BRAM' <Latency = 1> <II = 1> <Delay = 3.25> <Storage> <Opcode : 'load' 'store'> <Ports = 2> <Width = 7> <Depth = 196> <RAM>
ST_2 : Operation 139 [2/2] (3.25ns)   --->   "%input_7_load_2 = load i8 %input_7_addr_2" [../src/conv.cpp:89]   --->   Operation 139 'load' 'input_7_load_2' <Predicate = (!icmp_ln78 & and_ln85_1_read & add_ln86_3 == 4)> <Delay = 3.25> <CoreInst = "RAM_2P_BRAM">   --->   Core 90 'RAM_2P_BRAM' <Latency = 1> <II = 1> <Delay = 3.25> <Storage> <Opcode : 'load' 'store'> <Ports = 2> <Width = 7> <Depth = 196> <RAM>
ST_2 : Operation 140 [1/1] (0.00ns)   --->   "%p_ZL12conv2_weight_2_addr = getelementptr i4 %p_ZL12conv2_weight_2, i64 0, i64 %zext_ln86" [../src/conv.cpp:89]   --->   Operation 140 'getelementptr' 'p_ZL12conv2_weight_2_addr' <Predicate = (!icmp_ln78 & and_ln85_1_read)> <Delay = 0.00>
ST_2 : Operation 141 [2/2] (2.32ns)   --->   "%p_ZL12conv2_weight_2_load = load i7 %p_ZL12conv2_weight_2_addr" [../src/conv.cpp:89]   --->   Operation 141 'load' 'p_ZL12conv2_weight_2_load' <Predicate = (!icmp_ln78 & and_ln85_1_read)> <Delay = 2.32> <CoreInst = "ROM">   --->   Core 94 'ROM' <Latency = 1> <II = 1> <Delay = 2.32> <Storage> <Opcode : 'load'> <Ports = 0> <Width = 4> <Depth = 128> <ROM>
ST_2 : Operation 142 [1/1] (1.63ns)   --->   "%add_ln86_7 = add i11 %phi_mul_load, i11 %zext_ln82_cast" [../src/conv.cpp:86]   --->   Operation 142 'add' 'add_ln86_7' <Predicate = (!icmp_ln78)> <Delay = 1.63> <CoreInst = "Adder">   --->   Core 1 'Adder' <Latency = 0> <II = 1> <Delay = 1.63> <FuncUnit> <Opcode : 'add' 'sub'> <InPorts = 2> <OutPorts = 1>
ST_2 : Operation 143 [1/1] (1.63ns)   --->   "%add_ln86_8 = add i11 %add_ln86_7, i11 %sext_ln85_cast" [../src/conv.cpp:86]   --->   Operation 143 'add' 'add_ln86_8' <Predicate = (!icmp_ln78 & icmp_ln85_1)> <Delay = 1.63> <CoreInst = "Adder">   --->   Core 1 'Adder' <Latency = 0> <II = 1> <Delay = 1.63> <FuncUnit> <Opcode : 'add' 'sub'> <InPorts = 2> <OutPorts = 1>
ST_2 : Operation 144 [1/1] (0.00ns)   --->   "%lshr_ln89_4 = partselect i8 @_ssdm_op_PartSelect.i8.i11.i32.i32, i11 %add_ln86_8, i32 3, i32 10" [../src/conv.cpp:89]   --->   Operation 144 'partselect' 'lshr_ln89_4' <Predicate = (!icmp_ln78 & icmp_ln85_1)> <Delay = 0.00>
ST_2 : Operation 145 [1/1] (0.00ns)   --->   "%zext_ln89_6 = zext i8 %lshr_ln89_4" [../src/conv.cpp:89]   --->   Operation 145 'zext' 'zext_ln89_6' <Predicate = (!icmp_ln78 & icmp_ln85_1)> <Delay = 0.00>
ST_2 : Operation 146 [1/1] (0.00ns)   --->   "%input_0_addr_7 = getelementptr i7 %input_0, i64 0, i64 %zext_ln89_6" [../src/conv.cpp:89]   --->   Operation 146 'getelementptr' 'input_0_addr_7' <Predicate = (!icmp_ln78 & icmp_ln85_1 & add_ln86_3 == 1)> <Delay = 0.00>
ST_2 : Operation 147 [1/1] (0.00ns)   --->   "%input_1_addr_7 = getelementptr i7 %input_1, i64 0, i64 %zext_ln89_6" [../src/conv.cpp:89]   --->   Operation 147 'getelementptr' 'input_1_addr_7' <Predicate = (!icmp_ln78 & icmp_ln85_1 & add_ln86_3 == 2)> <Delay = 0.00>
ST_2 : Operation 148 [1/1] (0.00ns)   --->   "%input_2_addr_6 = getelementptr i7 %input_2, i64 0, i64 %zext_ln89_6" [../src/conv.cpp:89]   --->   Operation 148 'getelementptr' 'input_2_addr_6' <Predicate = (!icmp_ln78 & icmp_ln85_1 & add_ln86_3 == 3)> <Delay = 0.00>
ST_2 : Operation 149 [1/1] (0.00ns)   --->   "%input_3_addr_6 = getelementptr i7 %input_3, i64 0, i64 %zext_ln89_6" [../src/conv.cpp:89]   --->   Operation 149 'getelementptr' 'input_3_addr_6' <Predicate = (!icmp_ln78 & icmp_ln85_1 & add_ln86_3 == 4)> <Delay = 0.00>
ST_2 : Operation 150 [1/1] (0.00ns)   --->   "%input_4_addr_6 = getelementptr i7 %input_4, i64 0, i64 %zext_ln89_6" [../src/conv.cpp:89]   --->   Operation 150 'getelementptr' 'input_4_addr_6' <Predicate = (!icmp_ln78 & icmp_ln85_1 & add_ln86_3 == 5)> <Delay = 0.00>
ST_2 : Operation 151 [1/1] (0.00ns)   --->   "%input_5_addr_3 = getelementptr i7 %input_5, i64 0, i64 %zext_ln89_6" [../src/conv.cpp:89]   --->   Operation 151 'getelementptr' 'input_5_addr_3' <Predicate = (!icmp_ln78 & icmp_ln85_1 & add_ln86_3 == 6)> <Delay = 0.00>
ST_2 : Operation 152 [1/1] (0.00ns)   --->   "%input_6_addr_3 = getelementptr i7 %input_6, i64 0, i64 %zext_ln89_6" [../src/conv.cpp:89]   --->   Operation 152 'getelementptr' 'input_6_addr_3' <Predicate = (!icmp_ln78 & icmp_ln85_1 & add_ln86_3 == 7)> <Delay = 0.00>
ST_2 : Operation 153 [1/1] (0.00ns)   --->   "%input_7_addr_3 = getelementptr i7 %input_7, i64 0, i64 %zext_ln89_6" [../src/conv.cpp:89]   --->   Operation 153 'getelementptr' 'input_7_addr_3' <Predicate = (!icmp_ln78 & icmp_ln85_1 & add_ln86_3 == 0)> <Delay = 0.00>
ST_2 : Operation 154 [2/2] (3.25ns)   --->   "%input_0_load_6 = load i8 %input_0_addr_7" [../src/conv.cpp:89]   --->   Operation 154 'load' 'input_0_load_6' <Predicate = (!icmp_ln78 & icmp_ln85_1 & add_ln86_3 == 1)> <Delay = 3.25> <CoreInst = "RAM_2P_BRAM">   --->   Core 90 'RAM_2P_BRAM' <Latency = 1> <II = 1> <Delay = 3.25> <Storage> <Opcode : 'load' 'store'> <Ports = 2> <Width = 7> <Depth = 196> <RAM>
ST_2 : Operation 155 [2/2] (3.25ns)   --->   "%input_1_load_6 = load i8 %input_1_addr_7" [../src/conv.cpp:89]   --->   Operation 155 'load' 'input_1_load_6' <Predicate = (!icmp_ln78 & icmp_ln85_1 & add_ln86_3 == 2)> <Delay = 3.25> <CoreInst = "RAM_2P_BRAM">   --->   Core 90 'RAM_2P_BRAM' <Latency = 1> <II = 1> <Delay = 3.25> <Storage> <Opcode : 'load' 'store'> <Ports = 2> <Width = 7> <Depth = 196> <RAM>
ST_2 : Operation 156 [2/2] (3.25ns)   --->   "%input_2_load_6 = load i8 %input_2_addr_6" [../src/conv.cpp:89]   --->   Operation 156 'load' 'input_2_load_6' <Predicate = (!icmp_ln78 & icmp_ln85_1 & add_ln86_3 == 3)> <Delay = 3.25> <CoreInst = "RAM_2P_BRAM">   --->   Core 90 'RAM_2P_BRAM' <Latency = 1> <II = 1> <Delay = 3.25> <Storage> <Opcode : 'load' 'store'> <Ports = 2> <Width = 7> <Depth = 196> <RAM>
ST_2 : Operation 157 [2/2] (3.25ns)   --->   "%input_3_load_6 = load i8 %input_3_addr_6" [../src/conv.cpp:89]   --->   Operation 157 'load' 'input_3_load_6' <Predicate = (!icmp_ln78 & icmp_ln85_1 & add_ln86_3 == 4)> <Delay = 3.25> <CoreInst = "RAM_2P_BRAM">   --->   Core 90 'RAM_2P_BRAM' <Latency = 1> <II = 1> <Delay = 3.25> <Storage> <Opcode : 'load' 'store'> <Ports = 2> <Width = 7> <Depth = 196> <RAM>
ST_2 : Operation 158 [2/2] (3.25ns)   --->   "%input_4_load_6 = load i8 %input_4_addr_6" [../src/conv.cpp:89]   --->   Operation 158 'load' 'input_4_load_6' <Predicate = (!icmp_ln78 & icmp_ln85_1 & add_ln86_3 == 5)> <Delay = 3.25> <CoreInst = "RAM_2P_BRAM">   --->   Core 90 'RAM_2P_BRAM' <Latency = 1> <II = 1> <Delay = 3.25> <Storage> <Opcode : 'load' 'store'> <Ports = 2> <Width = 7> <Depth = 196> <RAM>
ST_2 : Operation 159 [2/2] (3.25ns)   --->   "%input_5_load_3 = load i8 %input_5_addr_3" [../src/conv.cpp:89]   --->   Operation 159 'load' 'input_5_load_3' <Predicate = (!icmp_ln78 & icmp_ln85_1 & add_ln86_3 == 6)> <Delay = 3.25> <CoreInst = "RAM_2P_BRAM">   --->   Core 90 'RAM_2P_BRAM' <Latency = 1> <II = 1> <Delay = 3.25> <Storage> <Opcode : 'load' 'store'> <Ports = 2> <Width = 7> <Depth = 196> <RAM>
ST_2 : Operation 160 [2/2] (3.25ns)   --->   "%input_6_load_3 = load i8 %input_6_addr_3" [../src/conv.cpp:89]   --->   Operation 160 'load' 'input_6_load_3' <Predicate = (!icmp_ln78 & icmp_ln85_1 & add_ln86_3 == 7)> <Delay = 3.25> <CoreInst = "RAM_2P_BRAM">   --->   Core 90 'RAM_2P_BRAM' <Latency = 1> <II = 1> <Delay = 3.25> <Storage> <Opcode : 'load' 'store'> <Ports = 2> <Width = 7> <Depth = 196> <RAM>
ST_2 : Operation 161 [2/2] (3.25ns)   --->   "%input_7_load_3 = load i8 %input_7_addr_3" [../src/conv.cpp:89]   --->   Operation 161 'load' 'input_7_load_3' <Predicate = (!icmp_ln78 & icmp_ln85_1 & add_ln86_3 == 0)> <Delay = 3.25> <CoreInst = "RAM_2P_BRAM">   --->   Core 90 'RAM_2P_BRAM' <Latency = 1> <II = 1> <Delay = 3.25> <Storage> <Opcode : 'load' 'store'> <Ports = 2> <Width = 7> <Depth = 196> <RAM>
ST_2 : Operation 162 [1/1] (0.00ns)   --->   "%p_ZL12conv2_weight_3_addr = getelementptr i4 %p_ZL12conv2_weight_3, i64 0, i64 %zext_ln86" [../src/conv.cpp:89]   --->   Operation 162 'getelementptr' 'p_ZL12conv2_weight_3_addr' <Predicate = (!icmp_ln78 & icmp_ln85_1)> <Delay = 0.00>
ST_2 : Operation 163 [2/2] (2.32ns)   --->   "%p_ZL12conv2_weight_3_load = load i7 %p_ZL12conv2_weight_3_addr" [../src/conv.cpp:89]   --->   Operation 163 'load' 'p_ZL12conv2_weight_3_load' <Predicate = (!icmp_ln78 & icmp_ln85_1)> <Delay = 2.32> <CoreInst = "ROM">   --->   Core 94 'ROM' <Latency = 1> <II = 1> <Delay = 2.32> <Storage> <Opcode : 'load'> <Ports = 0> <Width = 4> <Depth = 128> <ROM>
ST_2 : Operation 164 [1/1] (1.63ns)   --->   "%add_ln86_9 = add i11 %add_ln86_7, i11 %zext_ln70_1_cast" [../src/conv.cpp:86]   --->   Operation 164 'add' 'add_ln86_9' <Predicate = (!icmp_ln78)> <Delay = 1.63> <CoreInst = "Adder">   --->   Core 1 'Adder' <Latency = 0> <II = 1> <Delay = 1.63> <FuncUnit> <Opcode : 'add' 'sub'> <InPorts = 2> <OutPorts = 1>
ST_2 : Operation 165 [1/1] (0.00ns)   --->   "%lshr_ln87_2 = partselect i8 @_ssdm_op_PartSelect.i8.i11.i32.i32, i11 %add_ln86_9, i32 3, i32 10" [../src/conv.cpp:87]   --->   Operation 165 'partselect' 'lshr_ln87_2' <Predicate = (!icmp_ln78)> <Delay = 0.00>
ST_2 : Operation 166 [1/1] (0.00ns)   --->   "%zext_ln89_8 = zext i8 %lshr_ln87_2" [../src/conv.cpp:89]   --->   Operation 166 'zext' 'zext_ln89_8' <Predicate = (!icmp_ln78)> <Delay = 0.00>
ST_2 : Operation 167 [1/1] (0.00ns)   --->   "%input_0_addr_8 = getelementptr i7 %input_0, i64 0, i64 %zext_ln89_8" [../src/conv.cpp:89]   --->   Operation 167 'getelementptr' 'input_0_addr_8' <Predicate = (!icmp_ln78 & add_ln86_3 == 0)> <Delay = 0.00>
ST_2 : Operation 168 [1/1] (0.00ns)   --->   "%input_1_addr_8 = getelementptr i7 %input_1, i64 0, i64 %zext_ln89_8" [../src/conv.cpp:89]   --->   Operation 168 'getelementptr' 'input_1_addr_8' <Predicate = (!icmp_ln78 & add_ln86_3 == 1)> <Delay = 0.00>
ST_2 : Operation 169 [1/1] (0.00ns)   --->   "%input_2_addr_7 = getelementptr i7 %input_2, i64 0, i64 %zext_ln89_8" [../src/conv.cpp:89]   --->   Operation 169 'getelementptr' 'input_2_addr_7' <Predicate = (!icmp_ln78 & add_ln86_3 == 2)> <Delay = 0.00>
ST_2 : Operation 170 [1/1] (0.00ns)   --->   "%input_3_addr_7 = getelementptr i7 %input_3, i64 0, i64 %zext_ln89_8" [../src/conv.cpp:89]   --->   Operation 170 'getelementptr' 'input_3_addr_7' <Predicate = (!icmp_ln78 & add_ln86_3 == 3)> <Delay = 0.00>
ST_2 : Operation 171 [1/1] (0.00ns)   --->   "%input_4_addr_7 = getelementptr i7 %input_4, i64 0, i64 %zext_ln89_8" [../src/conv.cpp:89]   --->   Operation 171 'getelementptr' 'input_4_addr_7' <Predicate = (!icmp_ln78 & add_ln86_3 == 4)> <Delay = 0.00>
ST_2 : Operation 172 [1/1] (0.00ns)   --->   "%input_5_addr_4 = getelementptr i7 %input_5, i64 0, i64 %zext_ln89_8" [../src/conv.cpp:89]   --->   Operation 172 'getelementptr' 'input_5_addr_4' <Predicate = (!icmp_ln78 & add_ln86_3 == 5)> <Delay = 0.00>
ST_2 : Operation 173 [1/1] (0.00ns)   --->   "%input_6_addr_4 = getelementptr i7 %input_6, i64 0, i64 %zext_ln89_8" [../src/conv.cpp:89]   --->   Operation 173 'getelementptr' 'input_6_addr_4' <Predicate = (!icmp_ln78 & add_ln86_3 == 6)> <Delay = 0.00>
ST_2 : Operation 174 [1/1] (0.00ns)   --->   "%input_7_addr_4 = getelementptr i7 %input_7, i64 0, i64 %zext_ln89_8" [../src/conv.cpp:89]   --->   Operation 174 'getelementptr' 'input_7_addr_4' <Predicate = (!icmp_ln78 & add_ln86_3 == 7)> <Delay = 0.00>
ST_2 : Operation 175 [2/2] (3.25ns)   --->   "%input_0_load_7 = load i8 %input_0_addr_8" [../src/conv.cpp:89]   --->   Operation 175 'load' 'input_0_load_7' <Predicate = (!icmp_ln78 & add_ln86_3 == 0)> <Delay = 3.25> <CoreInst = "RAM_2P_BRAM">   --->   Core 90 'RAM_2P_BRAM' <Latency = 1> <II = 1> <Delay = 3.25> <Storage> <Opcode : 'load' 'store'> <Ports = 2> <Width = 7> <Depth = 196> <RAM>
ST_2 : Operation 176 [2/2] (3.25ns)   --->   "%input_1_load_7 = load i8 %input_1_addr_8" [../src/conv.cpp:89]   --->   Operation 176 'load' 'input_1_load_7' <Predicate = (!icmp_ln78 & add_ln86_3 == 1)> <Delay = 3.25> <CoreInst = "RAM_2P_BRAM">   --->   Core 90 'RAM_2P_BRAM' <Latency = 1> <II = 1> <Delay = 3.25> <Storage> <Opcode : 'load' 'store'> <Ports = 2> <Width = 7> <Depth = 196> <RAM>
ST_2 : Operation 177 [2/2] (3.25ns)   --->   "%input_2_load_7 = load i8 %input_2_addr_7" [../src/conv.cpp:89]   --->   Operation 177 'load' 'input_2_load_7' <Predicate = (!icmp_ln78 & add_ln86_3 == 2)> <Delay = 3.25> <CoreInst = "RAM_2P_BRAM">   --->   Core 90 'RAM_2P_BRAM' <Latency = 1> <II = 1> <Delay = 3.25> <Storage> <Opcode : 'load' 'store'> <Ports = 2> <Width = 7> <Depth = 196> <RAM>
ST_2 : Operation 178 [2/2] (3.25ns)   --->   "%input_3_load_7 = load i8 %input_3_addr_7" [../src/conv.cpp:89]   --->   Operation 178 'load' 'input_3_load_7' <Predicate = (!icmp_ln78 & add_ln86_3 == 3)> <Delay = 3.25> <CoreInst = "RAM_2P_BRAM">   --->   Core 90 'RAM_2P_BRAM' <Latency = 1> <II = 1> <Delay = 3.25> <Storage> <Opcode : 'load' 'store'> <Ports = 2> <Width = 7> <Depth = 196> <RAM>
ST_2 : Operation 179 [2/2] (3.25ns)   --->   "%input_4_load_7 = load i8 %input_4_addr_7" [../src/conv.cpp:89]   --->   Operation 179 'load' 'input_4_load_7' <Predicate = (!icmp_ln78 & add_ln86_3 == 4)> <Delay = 3.25> <CoreInst = "RAM_2P_BRAM">   --->   Core 90 'RAM_2P_BRAM' <Latency = 1> <II = 1> <Delay = 3.25> <Storage> <Opcode : 'load' 'store'> <Ports = 2> <Width = 7> <Depth = 196> <RAM>
ST_2 : Operation 180 [2/2] (3.25ns)   --->   "%input_5_load_4 = load i8 %input_5_addr_4" [../src/conv.cpp:89]   --->   Operation 180 'load' 'input_5_load_4' <Predicate = (!icmp_ln78 & add_ln86_3 == 5)> <Delay = 3.25> <CoreInst = "RAM_2P_BRAM">   --->   Core 90 'RAM_2P_BRAM' <Latency = 1> <II = 1> <Delay = 3.25> <Storage> <Opcode : 'load' 'store'> <Ports = 2> <Width = 7> <Depth = 196> <RAM>
ST_2 : Operation 181 [2/2] (3.25ns)   --->   "%input_6_load_4 = load i8 %input_6_addr_4" [../src/conv.cpp:89]   --->   Operation 181 'load' 'input_6_load_4' <Predicate = (!icmp_ln78 & add_ln86_3 == 6)> <Delay = 3.25> <CoreInst = "RAM_2P_BRAM">   --->   Core 90 'RAM_2P_BRAM' <Latency = 1> <II = 1> <Delay = 3.25> <Storage> <Opcode : 'load' 'store'> <Ports = 2> <Width = 7> <Depth = 196> <RAM>
ST_2 : Operation 182 [2/2] (3.25ns)   --->   "%input_7_load_4 = load i8 %input_7_addr_4" [../src/conv.cpp:89]   --->   Operation 182 'load' 'input_7_load_4' <Predicate = (!icmp_ln78 & add_ln86_3 == 7)> <Delay = 3.25> <CoreInst = "RAM_2P_BRAM">   --->   Core 90 'RAM_2P_BRAM' <Latency = 1> <II = 1> <Delay = 3.25> <Storage> <Opcode : 'load' 'store'> <Ports = 2> <Width = 7> <Depth = 196> <RAM>
ST_2 : Operation 183 [1/1] (0.00ns)   --->   "%p_ZL12conv2_weight_4_addr = getelementptr i4 %p_ZL12conv2_weight_4, i64 0, i64 %zext_ln86" [../src/conv.cpp:89]   --->   Operation 183 'getelementptr' 'p_ZL12conv2_weight_4_addr' <Predicate = (!icmp_ln78)> <Delay = 0.00>
ST_2 : Operation 184 [2/2] (2.32ns)   --->   "%p_ZL12conv2_weight_4_load = load i7 %p_ZL12conv2_weight_4_addr" [../src/conv.cpp:89]   --->   Operation 184 'load' 'p_ZL12conv2_weight_4_load' <Predicate = (!icmp_ln78)> <Delay = 2.32> <CoreInst = "ROM">   --->   Core 94 'ROM' <Latency = 1> <II = 1> <Delay = 2.32> <Storage> <Opcode : 'load'> <Ports = 0> <Width = 4> <Depth = 128> <ROM>
ST_2 : Operation 185 [1/1] (1.65ns)   --->   "%switch_ln89 = switch i3 %trunc_ln78, void %V42.i.i26.i.i121.case.7, i3 0, void %V42.i.i26.i.i121.case.0, i3 1, void %V42.i.i26.i.i121.case.1, i3 2, void %V42.i.i26.i.i121.case.2, i3 3, void %V42.i.i26.i.i121.case.3, i3 4, void %V42.i.i26.i.i121.case.4, i3 5, void %V42.i.i26.i.i121.case.5, i3 6, void %V42.i.i26.i.i121.case.6" [../src/conv.cpp:89]   --->   Operation 185 'switch' 'switch_ln89' <Predicate = (!icmp_ln78)> <Delay = 1.65>
ST_2 : Operation 186 [1/1] (0.00ns)   --->   "%br_ln89 = br void %V42.i.i26.i.i121.exit" [../src/conv.cpp:89]   --->   Operation 186 'br' 'br_ln89' <Predicate = (!icmp_ln78 & trunc_ln78 == 6)> <Delay = 0.00>
ST_2 : Operation 187 [1/1] (0.00ns)   --->   "%br_ln89 = br void %V42.i.i26.i.i121.exit" [../src/conv.cpp:89]   --->   Operation 187 'br' 'br_ln89' <Predicate = (!icmp_ln78 & trunc_ln78 == 5)> <Delay = 0.00>
ST_2 : Operation 188 [1/1] (0.00ns)   --->   "%br_ln89 = br void %V42.i.i26.i.i121.exit" [../src/conv.cpp:89]   --->   Operation 188 'br' 'br_ln89' <Predicate = (!icmp_ln78 & trunc_ln78 == 4)> <Delay = 0.00>
ST_2 : Operation 189 [1/1] (0.00ns)   --->   "%br_ln89 = br void %V42.i.i26.i.i121.exit" [../src/conv.cpp:89]   --->   Operation 189 'br' 'br_ln89' <Predicate = (!icmp_ln78 & trunc_ln78 == 3)> <Delay = 0.00>
ST_2 : Operation 190 [1/1] (0.00ns)   --->   "%br_ln89 = br void %V42.i.i26.i.i121.exit" [../src/conv.cpp:89]   --->   Operation 190 'br' 'br_ln89' <Predicate = (!icmp_ln78 & trunc_ln78 == 2)> <Delay = 0.00>
ST_2 : Operation 191 [1/1] (0.00ns)   --->   "%br_ln89 = br void %V42.i.i26.i.i121.exit" [../src/conv.cpp:89]   --->   Operation 191 'br' 'br_ln89' <Predicate = (!icmp_ln78 & trunc_ln78 == 1)> <Delay = 0.00>
ST_2 : Operation 192 [1/1] (0.00ns)   --->   "%br_ln89 = br void %V42.i.i26.i.i121.exit" [../src/conv.cpp:89]   --->   Operation 192 'br' 'br_ln89' <Predicate = (!icmp_ln78 & trunc_ln78 == 0)> <Delay = 0.00>
ST_2 : Operation 193 [1/1] (0.00ns)   --->   "%br_ln89 = br void %V42.i.i26.i.i121.exit" [../src/conv.cpp:89]   --->   Operation 193 'br' 'br_ln89' <Predicate = (!icmp_ln78 & trunc_ln78 == 7)> <Delay = 0.00>
ST_2 : Operation 194 [1/1] (1.63ns)   --->   "%add_ln86_10 = add i11 %add_ln86_7, i11 %zext_ln85_1_cast" [../src/conv.cpp:86]   --->   Operation 194 'add' 'add_ln86_10' <Predicate = (!icmp_ln78 & icmp_ln85_2)> <Delay = 1.63> <CoreInst = "Adder">   --->   Core 1 'Adder' <Latency = 0> <II = 1> <Delay = 1.63> <FuncUnit> <Opcode : 'add' 'sub'> <InPorts = 2> <OutPorts = 1>
ST_2 : Operation 195 [1/1] (0.00ns)   --->   "%lshr_ln87_3 = partselect i8 @_ssdm_op_PartSelect.i8.i11.i32.i32, i11 %add_ln86_10, i32 3, i32 10" [../src/conv.cpp:87]   --->   Operation 195 'partselect' 'lshr_ln87_3' <Predicate = (!icmp_ln78 & icmp_ln85_2)> <Delay = 0.00>
ST_2 : Operation 196 [1/1] (0.00ns)   --->   "%zext_ln89_10 = zext i8 %lshr_ln87_3" [../src/conv.cpp:89]   --->   Operation 196 'zext' 'zext_ln89_10' <Predicate = (!icmp_ln78 & icmp_ln85_2)> <Delay = 0.00>
ST_2 : Operation 197 [1/1] (0.00ns)   --->   "%input_0_addr_9 = getelementptr i7 %input_0, i64 0, i64 %zext_ln89_10" [../src/conv.cpp:89]   --->   Operation 197 'getelementptr' 'input_0_addr_9' <Predicate = (!icmp_ln78 & icmp_ln85_2 & add_ln86_3 == 7)> <Delay = 0.00>
ST_2 : Operation 198 [1/1] (0.00ns)   --->   "%input_1_addr_9 = getelementptr i7 %input_1, i64 0, i64 %zext_ln89_10" [../src/conv.cpp:89]   --->   Operation 198 'getelementptr' 'input_1_addr_9' <Predicate = (!icmp_ln78 & icmp_ln85_2 & add_ln86_3 == 0)> <Delay = 0.00>
ST_2 : Operation 199 [1/1] (0.00ns)   --->   "%input_2_addr_8 = getelementptr i7 %input_2, i64 0, i64 %zext_ln89_10" [../src/conv.cpp:89]   --->   Operation 199 'getelementptr' 'input_2_addr_8' <Predicate = (!icmp_ln78 & icmp_ln85_2 & add_ln86_3 == 1)> <Delay = 0.00>
ST_2 : Operation 200 [1/1] (0.00ns)   --->   "%input_3_addr_8 = getelementptr i7 %input_3, i64 0, i64 %zext_ln89_10" [../src/conv.cpp:89]   --->   Operation 200 'getelementptr' 'input_3_addr_8' <Predicate = (!icmp_ln78 & icmp_ln85_2 & add_ln86_3 == 2)> <Delay = 0.00>
ST_2 : Operation 201 [1/1] (0.00ns)   --->   "%input_4_addr_8 = getelementptr i7 %input_4, i64 0, i64 %zext_ln89_10" [../src/conv.cpp:89]   --->   Operation 201 'getelementptr' 'input_4_addr_8' <Predicate = (!icmp_ln78 & icmp_ln85_2 & add_ln86_3 == 3)> <Delay = 0.00>
ST_2 : Operation 202 [1/1] (0.00ns)   --->   "%input_5_addr_5 = getelementptr i7 %input_5, i64 0, i64 %zext_ln89_10" [../src/conv.cpp:89]   --->   Operation 202 'getelementptr' 'input_5_addr_5' <Predicate = (!icmp_ln78 & icmp_ln85_2 & add_ln86_3 == 4)> <Delay = 0.00>
ST_2 : Operation 203 [1/1] (0.00ns)   --->   "%input_6_addr_5 = getelementptr i7 %input_6, i64 0, i64 %zext_ln89_10" [../src/conv.cpp:89]   --->   Operation 203 'getelementptr' 'input_6_addr_5' <Predicate = (!icmp_ln78 & icmp_ln85_2 & add_ln86_3 == 5)> <Delay = 0.00>
ST_2 : Operation 204 [1/1] (0.00ns)   --->   "%input_7_addr_5 = getelementptr i7 %input_7, i64 0, i64 %zext_ln89_10" [../src/conv.cpp:89]   --->   Operation 204 'getelementptr' 'input_7_addr_5' <Predicate = (!icmp_ln78 & icmp_ln85_2 & add_ln86_3 == 6)> <Delay = 0.00>
ST_2 : Operation 205 [2/2] (3.25ns)   --->   "%input_0_load_8 = load i8 %input_0_addr_9" [../src/conv.cpp:89]   --->   Operation 205 'load' 'input_0_load_8' <Predicate = (!icmp_ln78 & icmp_ln85_2 & add_ln86_3 == 7)> <Delay = 3.25> <CoreInst = "RAM_2P_BRAM">   --->   Core 90 'RAM_2P_BRAM' <Latency = 1> <II = 1> <Delay = 3.25> <Storage> <Opcode : 'load' 'store'> <Ports = 2> <Width = 7> <Depth = 196> <RAM>
ST_2 : Operation 206 [2/2] (3.25ns)   --->   "%input_1_load_8 = load i8 %input_1_addr_9" [../src/conv.cpp:89]   --->   Operation 206 'load' 'input_1_load_8' <Predicate = (!icmp_ln78 & icmp_ln85_2 & add_ln86_3 == 0)> <Delay = 3.25> <CoreInst = "RAM_2P_BRAM">   --->   Core 90 'RAM_2P_BRAM' <Latency = 1> <II = 1> <Delay = 3.25> <Storage> <Opcode : 'load' 'store'> <Ports = 2> <Width = 7> <Depth = 196> <RAM>
ST_2 : Operation 207 [2/2] (3.25ns)   --->   "%input_2_load_8 = load i8 %input_2_addr_8" [../src/conv.cpp:89]   --->   Operation 207 'load' 'input_2_load_8' <Predicate = (!icmp_ln78 & icmp_ln85_2 & add_ln86_3 == 1)> <Delay = 3.25> <CoreInst = "RAM_2P_BRAM">   --->   Core 90 'RAM_2P_BRAM' <Latency = 1> <II = 1> <Delay = 3.25> <Storage> <Opcode : 'load' 'store'> <Ports = 2> <Width = 7> <Depth = 196> <RAM>
ST_2 : Operation 208 [2/2] (3.25ns)   --->   "%input_3_load_8 = load i8 %input_3_addr_8" [../src/conv.cpp:89]   --->   Operation 208 'load' 'input_3_load_8' <Predicate = (!icmp_ln78 & icmp_ln85_2 & add_ln86_3 == 2)> <Delay = 3.25> <CoreInst = "RAM_2P_BRAM">   --->   Core 90 'RAM_2P_BRAM' <Latency = 1> <II = 1> <Delay = 3.25> <Storage> <Opcode : 'load' 'store'> <Ports = 2> <Width = 7> <Depth = 196> <RAM>
ST_2 : Operation 209 [2/2] (3.25ns)   --->   "%input_4_load_8 = load i8 %input_4_addr_8" [../src/conv.cpp:89]   --->   Operation 209 'load' 'input_4_load_8' <Predicate = (!icmp_ln78 & icmp_ln85_2 & add_ln86_3 == 3)> <Delay = 3.25> <CoreInst = "RAM_2P_BRAM">   --->   Core 90 'RAM_2P_BRAM' <Latency = 1> <II = 1> <Delay = 3.25> <Storage> <Opcode : 'load' 'store'> <Ports = 2> <Width = 7> <Depth = 196> <RAM>
ST_2 : Operation 210 [2/2] (3.25ns)   --->   "%input_5_load_5 = load i8 %input_5_addr_5" [../src/conv.cpp:89]   --->   Operation 210 'load' 'input_5_load_5' <Predicate = (!icmp_ln78 & icmp_ln85_2 & add_ln86_3 == 4)> <Delay = 3.25> <CoreInst = "RAM_2P_BRAM">   --->   Core 90 'RAM_2P_BRAM' <Latency = 1> <II = 1> <Delay = 3.25> <Storage> <Opcode : 'load' 'store'> <Ports = 2> <Width = 7> <Depth = 196> <RAM>
ST_2 : Operation 211 [2/2] (3.25ns)   --->   "%input_6_load_5 = load i8 %input_6_addr_5" [../src/conv.cpp:89]   --->   Operation 211 'load' 'input_6_load_5' <Predicate = (!icmp_ln78 & icmp_ln85_2 & add_ln86_3 == 5)> <Delay = 3.25> <CoreInst = "RAM_2P_BRAM">   --->   Core 90 'RAM_2P_BRAM' <Latency = 1> <II = 1> <Delay = 3.25> <Storage> <Opcode : 'load' 'store'> <Ports = 2> <Width = 7> <Depth = 196> <RAM>
ST_2 : Operation 212 [2/2] (3.25ns)   --->   "%input_7_load_5 = load i8 %input_7_addr_5" [../src/conv.cpp:89]   --->   Operation 212 'load' 'input_7_load_5' <Predicate = (!icmp_ln78 & icmp_ln85_2 & add_ln86_3 == 6)> <Delay = 3.25> <CoreInst = "RAM_2P_BRAM">   --->   Core 90 'RAM_2P_BRAM' <Latency = 1> <II = 1> <Delay = 3.25> <Storage> <Opcode : 'load' 'store'> <Ports = 2> <Width = 7> <Depth = 196> <RAM>
ST_2 : Operation 213 [1/1] (0.00ns)   --->   "%p_ZL12conv2_weight_5_addr = getelementptr i4 %p_ZL12conv2_weight_5, i64 0, i64 %zext_ln86" [../src/conv.cpp:89]   --->   Operation 213 'getelementptr' 'p_ZL12conv2_weight_5_addr' <Predicate = (!icmp_ln78 & icmp_ln85_2)> <Delay = 0.00>
ST_2 : Operation 214 [2/2] (2.32ns)   --->   "%p_ZL12conv2_weight_5_load = load i7 %p_ZL12conv2_weight_5_addr" [../src/conv.cpp:89]   --->   Operation 214 'load' 'p_ZL12conv2_weight_5_load' <Predicate = (!icmp_ln78 & icmp_ln85_2)> <Delay = 2.32> <CoreInst = "ROM">   --->   Core 94 'ROM' <Latency = 1> <II = 1> <Delay = 2.32> <Storage> <Opcode : 'load'> <Ports = 0> <Width = 4> <Depth = 128> <ROM>
ST_2 : Operation 215 [1/1] (0.00ns) (grouped into TernaryAdder)   --->   "%add_ln86_11 = add i11 %phi_mul_load, i11 14" [../src/conv.cpp:86]   --->   Operation 215 'add' 'add_ln86_11' <Predicate = (!icmp_ln78)> <Delay = 0.00> <CoreInst = "TAddSub">   --->   Core 10 'TAddSub' <Latency = 0> <II = 1> <Delay = 1.87> <IPBlock> <Opcode : 'add' 'sub'> <InPorts = 3> <OutPorts = 1> <Sync> <CReg>
ST_2 : Operation 216 [1/1] (3.75ns) (root node of TernaryAdder)   --->   "%add_ln86_12 = add i11 %add_ln86_11, i11 %zext_ln82_cast" [../src/conv.cpp:86]   --->   Operation 216 'add' 'add_ln86_12' <Predicate = (!icmp_ln78)> <Delay = 3.75> <CoreInst = "TAddSub">   --->   Core 10 'TAddSub' <Latency = 0> <II = 1> <Delay = 1.87> <IPBlock> <Opcode : 'add' 'sub'> <InPorts = 3> <OutPorts = 1> <Sync> <CReg>
ST_2 : Operation 217 [1/1] (1.63ns)   --->   "%add_ln86_13 = add i11 %add_ln86_12, i11 %sext_ln85_cast" [../src/conv.cpp:86]   --->   Operation 217 'add' 'add_ln86_13' <Predicate = (!icmp_ln78 & and_ln85_2_read)> <Delay = 1.63> <CoreInst = "Adder">   --->   Core 1 'Adder' <Latency = 0> <II = 1> <Delay = 1.63> <FuncUnit> <Opcode : 'add' 'sub'> <InPorts = 2> <OutPorts = 1>
ST_2 : Operation 218 [1/1] (0.00ns)   --->   "%lshr_ln89_8 = partselect i8 @_ssdm_op_PartSelect.i8.i11.i32.i32, i11 %add_ln86_13, i32 3, i32 10" [../src/conv.cpp:89]   --->   Operation 218 'partselect' 'lshr_ln89_8' <Predicate = (!icmp_ln78 & and_ln85_2_read)> <Delay = 0.00>
ST_2 : Operation 219 [1/1] (0.00ns)   --->   "%zext_ln89_12 = zext i8 %lshr_ln89_8" [../src/conv.cpp:89]   --->   Operation 219 'zext' 'zext_ln89_12' <Predicate = (!icmp_ln78 & and_ln85_2_read)> <Delay = 0.00>
ST_2 : Operation 220 [1/1] (0.00ns)   --->   "%input_0_addr_10 = getelementptr i7 %input_0, i64 0, i64 %zext_ln89_12" [../src/conv.cpp:89]   --->   Operation 220 'getelementptr' 'input_0_addr_10' <Predicate = (!icmp_ln78 & and_ln85_2_read & add_ln86_3 == 3)> <Delay = 0.00>
ST_2 : Operation 221 [1/1] (0.00ns)   --->   "%input_1_addr_10 = getelementptr i7 %input_1, i64 0, i64 %zext_ln89_12" [../src/conv.cpp:89]   --->   Operation 221 'getelementptr' 'input_1_addr_10' <Predicate = (!icmp_ln78 & and_ln85_2_read & add_ln86_3 == 4)> <Delay = 0.00>
ST_2 : Operation 222 [1/1] (0.00ns)   --->   "%input_2_addr_9 = getelementptr i7 %input_2, i64 0, i64 %zext_ln89_12" [../src/conv.cpp:89]   --->   Operation 222 'getelementptr' 'input_2_addr_9' <Predicate = (!icmp_ln78 & and_ln85_2_read & add_ln86_3 == 5)> <Delay = 0.00>
ST_2 : Operation 223 [1/1] (0.00ns)   --->   "%input_3_addr_9 = getelementptr i7 %input_3, i64 0, i64 %zext_ln89_12" [../src/conv.cpp:89]   --->   Operation 223 'getelementptr' 'input_3_addr_9' <Predicate = (!icmp_ln78 & and_ln85_2_read & add_ln86_3 == 6)> <Delay = 0.00>
ST_2 : Operation 224 [1/1] (0.00ns)   --->   "%input_4_addr_9 = getelementptr i7 %input_4, i64 0, i64 %zext_ln89_12" [../src/conv.cpp:89]   --->   Operation 224 'getelementptr' 'input_4_addr_9' <Predicate = (!icmp_ln78 & and_ln85_2_read & add_ln86_3 == 7)> <Delay = 0.00>
ST_2 : Operation 225 [1/1] (0.00ns)   --->   "%input_5_addr_6 = getelementptr i7 %input_5, i64 0, i64 %zext_ln89_12" [../src/conv.cpp:89]   --->   Operation 225 'getelementptr' 'input_5_addr_6' <Predicate = (!icmp_ln78 & and_ln85_2_read & add_ln86_3 == 0)> <Delay = 0.00>
ST_2 : Operation 226 [1/1] (0.00ns)   --->   "%input_6_addr_6 = getelementptr i7 %input_6, i64 0, i64 %zext_ln89_12" [../src/conv.cpp:89]   --->   Operation 226 'getelementptr' 'input_6_addr_6' <Predicate = (!icmp_ln78 & and_ln85_2_read & add_ln86_3 == 1)> <Delay = 0.00>
ST_2 : Operation 227 [1/1] (0.00ns)   --->   "%input_7_addr_6 = getelementptr i7 %input_7, i64 0, i64 %zext_ln89_12" [../src/conv.cpp:89]   --->   Operation 227 'getelementptr' 'input_7_addr_6' <Predicate = (!icmp_ln78 & and_ln85_2_read & add_ln86_3 == 2)> <Delay = 0.00>
ST_2 : Operation 228 [2/2] (3.25ns)   --->   "%input_0_load_9 = load i8 %input_0_addr_10" [../src/conv.cpp:89]   --->   Operation 228 'load' 'input_0_load_9' <Predicate = (!icmp_ln78 & and_ln85_2_read & add_ln86_3 == 3)> <Delay = 3.25> <CoreInst = "RAM_2P_BRAM">   --->   Core 90 'RAM_2P_BRAM' <Latency = 1> <II = 1> <Delay = 3.25> <Storage> <Opcode : 'load' 'store'> <Ports = 2> <Width = 7> <Depth = 196> <RAM>
ST_2 : Operation 229 [2/2] (3.25ns)   --->   "%input_1_load_9 = load i8 %input_1_addr_10" [../src/conv.cpp:89]   --->   Operation 229 'load' 'input_1_load_9' <Predicate = (!icmp_ln78 & and_ln85_2_read & add_ln86_3 == 4)> <Delay = 3.25> <CoreInst = "RAM_2P_BRAM">   --->   Core 90 'RAM_2P_BRAM' <Latency = 1> <II = 1> <Delay = 3.25> <Storage> <Opcode : 'load' 'store'> <Ports = 2> <Width = 7> <Depth = 196> <RAM>
ST_2 : Operation 230 [2/2] (3.25ns)   --->   "%input_2_load_9 = load i8 %input_2_addr_9" [../src/conv.cpp:89]   --->   Operation 230 'load' 'input_2_load_9' <Predicate = (!icmp_ln78 & and_ln85_2_read & add_ln86_3 == 5)> <Delay = 3.25> <CoreInst = "RAM_2P_BRAM">   --->   Core 90 'RAM_2P_BRAM' <Latency = 1> <II = 1> <Delay = 3.25> <Storage> <Opcode : 'load' 'store'> <Ports = 2> <Width = 7> <Depth = 196> <RAM>
ST_2 : Operation 231 [2/2] (3.25ns)   --->   "%input_3_load_9 = load i8 %input_3_addr_9" [../src/conv.cpp:89]   --->   Operation 231 'load' 'input_3_load_9' <Predicate = (!icmp_ln78 & and_ln85_2_read & add_ln86_3 == 6)> <Delay = 3.25> <CoreInst = "RAM_2P_BRAM">   --->   Core 90 'RAM_2P_BRAM' <Latency = 1> <II = 1> <Delay = 3.25> <Storage> <Opcode : 'load' 'store'> <Ports = 2> <Width = 7> <Depth = 196> <RAM>
ST_2 : Operation 232 [2/2] (3.25ns)   --->   "%input_4_load_9 = load i8 %input_4_addr_9" [../src/conv.cpp:89]   --->   Operation 232 'load' 'input_4_load_9' <Predicate = (!icmp_ln78 & and_ln85_2_read & add_ln86_3 == 7)> <Delay = 3.25> <CoreInst = "RAM_2P_BRAM">   --->   Core 90 'RAM_2P_BRAM' <Latency = 1> <II = 1> <Delay = 3.25> <Storage> <Opcode : 'load' 'store'> <Ports = 2> <Width = 7> <Depth = 196> <RAM>
ST_2 : Operation 233 [2/2] (3.25ns)   --->   "%input_5_load_6 = load i8 %input_5_addr_6" [../src/conv.cpp:89]   --->   Operation 233 'load' 'input_5_load_6' <Predicate = (!icmp_ln78 & and_ln85_2_read & add_ln86_3 == 0)> <Delay = 3.25> <CoreInst = "RAM_2P_BRAM">   --->   Core 90 'RAM_2P_BRAM' <Latency = 1> <II = 1> <Delay = 3.25> <Storage> <Opcode : 'load' 'store'> <Ports = 2> <Width = 7> <Depth = 196> <RAM>
ST_2 : Operation 234 [2/2] (3.25ns)   --->   "%input_6_load_6 = load i8 %input_6_addr_6" [../src/conv.cpp:89]   --->   Operation 234 'load' 'input_6_load_6' <Predicate = (!icmp_ln78 & and_ln85_2_read & add_ln86_3 == 1)> <Delay = 3.25> <CoreInst = "RAM_2P_BRAM">   --->   Core 90 'RAM_2P_BRAM' <Latency = 1> <II = 1> <Delay = 3.25> <Storage> <Opcode : 'load' 'store'> <Ports = 2> <Width = 7> <Depth = 196> <RAM>
ST_2 : Operation 235 [2/2] (3.25ns)   --->   "%input_7_load_6 = load i8 %input_7_addr_6" [../src/conv.cpp:89]   --->   Operation 235 'load' 'input_7_load_6' <Predicate = (!icmp_ln78 & and_ln85_2_read & add_ln86_3 == 2)> <Delay = 3.25> <CoreInst = "RAM_2P_BRAM">   --->   Core 90 'RAM_2P_BRAM' <Latency = 1> <II = 1> <Delay = 3.25> <Storage> <Opcode : 'load' 'store'> <Ports = 2> <Width = 7> <Depth = 196> <RAM>
ST_2 : Operation 236 [1/1] (0.00ns)   --->   "%p_ZL12conv2_weight_6_addr = getelementptr i4 %p_ZL12conv2_weight_6, i64 0, i64 %zext_ln86" [../src/conv.cpp:89]   --->   Operation 236 'getelementptr' 'p_ZL12conv2_weight_6_addr' <Predicate = (!icmp_ln78 & and_ln85_2_read)> <Delay = 0.00>
ST_2 : Operation 237 [2/2] (2.32ns)   --->   "%p_ZL12conv2_weight_6_load = load i7 %p_ZL12conv2_weight_6_addr" [../src/conv.cpp:89]   --->   Operation 237 'load' 'p_ZL12conv2_weight_6_load' <Predicate = (!icmp_ln78 & and_ln85_2_read)> <Delay = 2.32> <CoreInst = "ROM">   --->   Core 94 'ROM' <Latency = 1> <II = 1> <Delay = 2.32> <Storage> <Opcode : 'load'> <Ports = 0> <Width = 4> <Depth = 128> <ROM>
ST_2 : Operation 238 [1/1] (1.63ns)   --->   "%add_ln86_14 = add i11 %add_ln86_12, i11 %zext_ln70_1_cast" [../src/conv.cpp:86]   --->   Operation 238 'add' 'add_ln86_14' <Predicate = (!icmp_ln78 & icmp_ln85_3)> <Delay = 1.63> <CoreInst = "Adder">   --->   Core 1 'Adder' <Latency = 0> <II = 1> <Delay = 1.63> <FuncUnit> <Opcode : 'add' 'sub'> <InPorts = 2> <OutPorts = 1>
ST_2 : Operation 239 [1/1] (0.00ns)   --->   "%lshr_ln87_4 = partselect i8 @_ssdm_op_PartSelect.i8.i11.i32.i32, i11 %add_ln86_14, i32 3, i32 10" [../src/conv.cpp:87]   --->   Operation 239 'partselect' 'lshr_ln87_4' <Predicate = (!icmp_ln78 & icmp_ln85_3)> <Delay = 0.00>
ST_2 : Operation 240 [1/1] (0.00ns)   --->   "%zext_ln89_14 = zext i8 %lshr_ln87_4" [../src/conv.cpp:89]   --->   Operation 240 'zext' 'zext_ln89_14' <Predicate = (!icmp_ln78 & icmp_ln85_3)> <Delay = 0.00>
ST_2 : Operation 241 [1/1] (0.00ns)   --->   "%input_0_addr_11 = getelementptr i7 %input_0, i64 0, i64 %zext_ln89_14" [../src/conv.cpp:89]   --->   Operation 241 'getelementptr' 'input_0_addr_11' <Predicate = (!icmp_ln78 & icmp_ln85_3 & add_ln86_3 == 2)> <Delay = 0.00>
ST_2 : Operation 242 [1/1] (0.00ns)   --->   "%input_1_addr_11 = getelementptr i7 %input_1, i64 0, i64 %zext_ln89_14" [../src/conv.cpp:89]   --->   Operation 242 'getelementptr' 'input_1_addr_11' <Predicate = (!icmp_ln78 & icmp_ln85_3 & add_ln86_3 == 3)> <Delay = 0.00>
ST_2 : Operation 243 [1/1] (0.00ns)   --->   "%input_2_addr_10 = getelementptr i7 %input_2, i64 0, i64 %zext_ln89_14" [../src/conv.cpp:89]   --->   Operation 243 'getelementptr' 'input_2_addr_10' <Predicate = (!icmp_ln78 & icmp_ln85_3 & add_ln86_3 == 4)> <Delay = 0.00>
ST_2 : Operation 244 [1/1] (0.00ns)   --->   "%input_3_addr_10 = getelementptr i7 %input_3, i64 0, i64 %zext_ln89_14" [../src/conv.cpp:89]   --->   Operation 244 'getelementptr' 'input_3_addr_10' <Predicate = (!icmp_ln78 & icmp_ln85_3 & add_ln86_3 == 5)> <Delay = 0.00>
ST_2 : Operation 245 [1/1] (0.00ns)   --->   "%input_4_addr_10 = getelementptr i7 %input_4, i64 0, i64 %zext_ln89_14" [../src/conv.cpp:89]   --->   Operation 245 'getelementptr' 'input_4_addr_10' <Predicate = (!icmp_ln78 & icmp_ln85_3 & add_ln86_3 == 6)> <Delay = 0.00>
ST_2 : Operation 246 [1/1] (0.00ns)   --->   "%input_5_addr_7 = getelementptr i7 %input_5, i64 0, i64 %zext_ln89_14" [../src/conv.cpp:89]   --->   Operation 246 'getelementptr' 'input_5_addr_7' <Predicate = (!icmp_ln78 & icmp_ln85_3 & add_ln86_3 == 7)> <Delay = 0.00>
ST_2 : Operation 247 [1/1] (0.00ns)   --->   "%input_6_addr_7 = getelementptr i7 %input_6, i64 0, i64 %zext_ln89_14" [../src/conv.cpp:89]   --->   Operation 247 'getelementptr' 'input_6_addr_7' <Predicate = (!icmp_ln78 & icmp_ln85_3 & add_ln86_3 == 0)> <Delay = 0.00>
ST_2 : Operation 248 [1/1] (0.00ns)   --->   "%input_7_addr_7 = getelementptr i7 %input_7, i64 0, i64 %zext_ln89_14" [../src/conv.cpp:89]   --->   Operation 248 'getelementptr' 'input_7_addr_7' <Predicate = (!icmp_ln78 & icmp_ln85_3 & add_ln86_3 == 1)> <Delay = 0.00>
ST_2 : Operation 249 [2/2] (3.25ns)   --->   "%input_0_load_10 = load i8 %input_0_addr_11" [../src/conv.cpp:89]   --->   Operation 249 'load' 'input_0_load_10' <Predicate = (!icmp_ln78 & icmp_ln85_3 & add_ln86_3 == 2)> <Delay = 3.25> <CoreInst = "RAM_2P_BRAM">   --->   Core 90 'RAM_2P_BRAM' <Latency = 1> <II = 1> <Delay = 3.25> <Storage> <Opcode : 'load' 'store'> <Ports = 2> <Width = 7> <Depth = 196> <RAM>
ST_2 : Operation 250 [2/2] (3.25ns)   --->   "%input_1_load_10 = load i8 %input_1_addr_11" [../src/conv.cpp:89]   --->   Operation 250 'load' 'input_1_load_10' <Predicate = (!icmp_ln78 & icmp_ln85_3 & add_ln86_3 == 3)> <Delay = 3.25> <CoreInst = "RAM_2P_BRAM">   --->   Core 90 'RAM_2P_BRAM' <Latency = 1> <II = 1> <Delay = 3.25> <Storage> <Opcode : 'load' 'store'> <Ports = 2> <Width = 7> <Depth = 196> <RAM>
ST_2 : Operation 251 [2/2] (3.25ns)   --->   "%input_2_load_10 = load i8 %input_2_addr_10" [../src/conv.cpp:89]   --->   Operation 251 'load' 'input_2_load_10' <Predicate = (!icmp_ln78 & icmp_ln85_3 & add_ln86_3 == 4)> <Delay = 3.25> <CoreInst = "RAM_2P_BRAM">   --->   Core 90 'RAM_2P_BRAM' <Latency = 1> <II = 1> <Delay = 3.25> <Storage> <Opcode : 'load' 'store'> <Ports = 2> <Width = 7> <Depth = 196> <RAM>
ST_2 : Operation 252 [2/2] (3.25ns)   --->   "%input_3_load_10 = load i8 %input_3_addr_10" [../src/conv.cpp:89]   --->   Operation 252 'load' 'input_3_load_10' <Predicate = (!icmp_ln78 & icmp_ln85_3 & add_ln86_3 == 5)> <Delay = 3.25> <CoreInst = "RAM_2P_BRAM">   --->   Core 90 'RAM_2P_BRAM' <Latency = 1> <II = 1> <Delay = 3.25> <Storage> <Opcode : 'load' 'store'> <Ports = 2> <Width = 7> <Depth = 196> <RAM>
ST_2 : Operation 253 [2/2] (3.25ns)   --->   "%input_4_load_10 = load i8 %input_4_addr_10" [../src/conv.cpp:89]   --->   Operation 253 'load' 'input_4_load_10' <Predicate = (!icmp_ln78 & icmp_ln85_3 & add_ln86_3 == 6)> <Delay = 3.25> <CoreInst = "RAM_2P_BRAM">   --->   Core 90 'RAM_2P_BRAM' <Latency = 1> <II = 1> <Delay = 3.25> <Storage> <Opcode : 'load' 'store'> <Ports = 2> <Width = 7> <Depth = 196> <RAM>
ST_2 : Operation 254 [2/2] (3.25ns)   --->   "%input_5_load_7 = load i8 %input_5_addr_7" [../src/conv.cpp:89]   --->   Operation 254 'load' 'input_5_load_7' <Predicate = (!icmp_ln78 & icmp_ln85_3 & add_ln86_3 == 7)> <Delay = 3.25> <CoreInst = "RAM_2P_BRAM">   --->   Core 90 'RAM_2P_BRAM' <Latency = 1> <II = 1> <Delay = 3.25> <Storage> <Opcode : 'load' 'store'> <Ports = 2> <Width = 7> <Depth = 196> <RAM>
ST_2 : Operation 255 [2/2] (3.25ns)   --->   "%input_6_load_7 = load i8 %input_6_addr_7" [../src/conv.cpp:89]   --->   Operation 255 'load' 'input_6_load_7' <Predicate = (!icmp_ln78 & icmp_ln85_3 & add_ln86_3 == 0)> <Delay = 3.25> <CoreInst = "RAM_2P_BRAM">   --->   Core 90 'RAM_2P_BRAM' <Latency = 1> <II = 1> <Delay = 3.25> <Storage> <Opcode : 'load' 'store'> <Ports = 2> <Width = 7> <Depth = 196> <RAM>
ST_2 : Operation 256 [2/2] (3.25ns)   --->   "%input_7_load_7 = load i8 %input_7_addr_7" [../src/conv.cpp:89]   --->   Operation 256 'load' 'input_7_load_7' <Predicate = (!icmp_ln78 & icmp_ln85_3 & add_ln86_3 == 1)> <Delay = 3.25> <CoreInst = "RAM_2P_BRAM">   --->   Core 90 'RAM_2P_BRAM' <Latency = 1> <II = 1> <Delay = 3.25> <Storage> <Opcode : 'load' 'store'> <Ports = 2> <Width = 7> <Depth = 196> <RAM>
ST_2 : Operation 257 [1/1] (0.00ns)   --->   "%p_ZL12conv2_weight_7_addr = getelementptr i4 %p_ZL12conv2_weight_7, i64 0, i64 %zext_ln86" [../src/conv.cpp:89]   --->   Operation 257 'getelementptr' 'p_ZL12conv2_weight_7_addr' <Predicate = (!icmp_ln78 & icmp_ln85_3)> <Delay = 0.00>
ST_2 : Operation 258 [2/2] (2.32ns)   --->   "%p_ZL12conv2_weight_7_load = load i7 %p_ZL12conv2_weight_7_addr" [../src/conv.cpp:89]   --->   Operation 258 'load' 'p_ZL12conv2_weight_7_load' <Predicate = (!icmp_ln78 & icmp_ln85_3)> <Delay = 2.32> <CoreInst = "ROM">   --->   Core 94 'ROM' <Latency = 1> <II = 1> <Delay = 2.32> <Storage> <Opcode : 'load'> <Ports = 0> <Width = 4> <Depth = 128> <ROM>
ST_2 : Operation 259 [1/1] (1.63ns)   --->   "%add_ln86_15 = add i11 %add_ln86_12, i11 %zext_ln85_1_cast" [../src/conv.cpp:86]   --->   Operation 259 'add' 'add_ln86_15' <Predicate = (!icmp_ln78 & and_ln85_3_read)> <Delay = 1.63> <CoreInst = "Adder">   --->   Core 1 'Adder' <Latency = 0> <II = 1> <Delay = 1.63> <FuncUnit> <Opcode : 'add' 'sub'> <InPorts = 2> <OutPorts = 1>
ST_2 : Operation 260 [1/1] (0.00ns)   --->   "%lshr_ln87_5 = partselect i8 @_ssdm_op_PartSelect.i8.i11.i32.i32, i11 %add_ln86_15, i32 3, i32 10" [../src/conv.cpp:87]   --->   Operation 260 'partselect' 'lshr_ln87_5' <Predicate = (!icmp_ln78 & and_ln85_3_read)> <Delay = 0.00>
ST_2 : Operation 261 [1/1] (0.00ns)   --->   "%zext_ln89_16 = zext i8 %lshr_ln87_5" [../src/conv.cpp:89]   --->   Operation 261 'zext' 'zext_ln89_16' <Predicate = (!icmp_ln78 & and_ln85_3_read)> <Delay = 0.00>
ST_2 : Operation 262 [1/1] (0.00ns)   --->   "%input_0_addr_12 = getelementptr i7 %input_0, i64 0, i64 %zext_ln89_16" [../src/conv.cpp:89]   --->   Operation 262 'getelementptr' 'input_0_addr_12' <Predicate = (!icmp_ln78 & and_ln85_3_read & add_ln86_3 == 1)> <Delay = 0.00>
ST_2 : Operation 263 [1/1] (0.00ns)   --->   "%input_1_addr_12 = getelementptr i7 %input_1, i64 0, i64 %zext_ln89_16" [../src/conv.cpp:89]   --->   Operation 263 'getelementptr' 'input_1_addr_12' <Predicate = (!icmp_ln78 & and_ln85_3_read & add_ln86_3 == 2)> <Delay = 0.00>
ST_2 : Operation 264 [1/1] (0.00ns)   --->   "%input_2_addr_11 = getelementptr i7 %input_2, i64 0, i64 %zext_ln89_16" [../src/conv.cpp:89]   --->   Operation 264 'getelementptr' 'input_2_addr_11' <Predicate = (!icmp_ln78 & and_ln85_3_read & add_ln86_3 == 3)> <Delay = 0.00>
ST_2 : Operation 265 [1/1] (0.00ns)   --->   "%input_3_addr_11 = getelementptr i7 %input_3, i64 0, i64 %zext_ln89_16" [../src/conv.cpp:89]   --->   Operation 265 'getelementptr' 'input_3_addr_11' <Predicate = (!icmp_ln78 & and_ln85_3_read & add_ln86_3 == 4)> <Delay = 0.00>
ST_2 : Operation 266 [1/1] (0.00ns)   --->   "%input_4_addr_11 = getelementptr i7 %input_4, i64 0, i64 %zext_ln89_16" [../src/conv.cpp:89]   --->   Operation 266 'getelementptr' 'input_4_addr_11' <Predicate = (!icmp_ln78 & and_ln85_3_read & add_ln86_3 == 5)> <Delay = 0.00>
ST_2 : Operation 267 [1/1] (0.00ns)   --->   "%input_5_addr_8 = getelementptr i7 %input_5, i64 0, i64 %zext_ln89_16" [../src/conv.cpp:89]   --->   Operation 267 'getelementptr' 'input_5_addr_8' <Predicate = (!icmp_ln78 & and_ln85_3_read & add_ln86_3 == 6)> <Delay = 0.00>
ST_2 : Operation 268 [1/1] (0.00ns)   --->   "%input_6_addr_8 = getelementptr i7 %input_6, i64 0, i64 %zext_ln89_16" [../src/conv.cpp:89]   --->   Operation 268 'getelementptr' 'input_6_addr_8' <Predicate = (!icmp_ln78 & and_ln85_3_read & add_ln86_3 == 7)> <Delay = 0.00>
ST_2 : Operation 269 [1/1] (0.00ns)   --->   "%input_7_addr_8 = getelementptr i7 %input_7, i64 0, i64 %zext_ln89_16" [../src/conv.cpp:89]   --->   Operation 269 'getelementptr' 'input_7_addr_8' <Predicate = (!icmp_ln78 & and_ln85_3_read & add_ln86_3 == 0)> <Delay = 0.00>
ST_2 : Operation 270 [2/2] (3.25ns)   --->   "%input_0_load_11 = load i8 %input_0_addr_12" [../src/conv.cpp:89]   --->   Operation 270 'load' 'input_0_load_11' <Predicate = (!icmp_ln78 & and_ln85_3_read & add_ln86_3 == 1)> <Delay = 3.25> <CoreInst = "RAM_2P_BRAM">   --->   Core 90 'RAM_2P_BRAM' <Latency = 1> <II = 1> <Delay = 3.25> <Storage> <Opcode : 'load' 'store'> <Ports = 2> <Width = 7> <Depth = 196> <RAM>
ST_2 : Operation 271 [2/2] (3.25ns)   --->   "%input_1_load_11 = load i8 %input_1_addr_12" [../src/conv.cpp:89]   --->   Operation 271 'load' 'input_1_load_11' <Predicate = (!icmp_ln78 & and_ln85_3_read & add_ln86_3 == 2)> <Delay = 3.25> <CoreInst = "RAM_2P_BRAM">   --->   Core 90 'RAM_2P_BRAM' <Latency = 1> <II = 1> <Delay = 3.25> <Storage> <Opcode : 'load' 'store'> <Ports = 2> <Width = 7> <Depth = 196> <RAM>
ST_2 : Operation 272 [2/2] (3.25ns)   --->   "%input_2_load_11 = load i8 %input_2_addr_11" [../src/conv.cpp:89]   --->   Operation 272 'load' 'input_2_load_11' <Predicate = (!icmp_ln78 & and_ln85_3_read & add_ln86_3 == 3)> <Delay = 3.25> <CoreInst = "RAM_2P_BRAM">   --->   Core 90 'RAM_2P_BRAM' <Latency = 1> <II = 1> <Delay = 3.25> <Storage> <Opcode : 'load' 'store'> <Ports = 2> <Width = 7> <Depth = 196> <RAM>
ST_2 : Operation 273 [2/2] (3.25ns)   --->   "%input_3_load_11 = load i8 %input_3_addr_11" [../src/conv.cpp:89]   --->   Operation 273 'load' 'input_3_load_11' <Predicate = (!icmp_ln78 & and_ln85_3_read & add_ln86_3 == 4)> <Delay = 3.25> <CoreInst = "RAM_2P_BRAM">   --->   Core 90 'RAM_2P_BRAM' <Latency = 1> <II = 1> <Delay = 3.25> <Storage> <Opcode : 'load' 'store'> <Ports = 2> <Width = 7> <Depth = 196> <RAM>
ST_2 : Operation 274 [2/2] (3.25ns)   --->   "%input_4_load_11 = load i8 %input_4_addr_11" [../src/conv.cpp:89]   --->   Operation 274 'load' 'input_4_load_11' <Predicate = (!icmp_ln78 & and_ln85_3_read & add_ln86_3 == 5)> <Delay = 3.25> <CoreInst = "RAM_2P_BRAM">   --->   Core 90 'RAM_2P_BRAM' <Latency = 1> <II = 1> <Delay = 3.25> <Storage> <Opcode : 'load' 'store'> <Ports = 2> <Width = 7> <Depth = 196> <RAM>
ST_2 : Operation 275 [2/2] (3.25ns)   --->   "%input_5_load_8 = load i8 %input_5_addr_8" [../src/conv.cpp:89]   --->   Operation 275 'load' 'input_5_load_8' <Predicate = (!icmp_ln78 & and_ln85_3_read & add_ln86_3 == 6)> <Delay = 3.25> <CoreInst = "RAM_2P_BRAM">   --->   Core 90 'RAM_2P_BRAM' <Latency = 1> <II = 1> <Delay = 3.25> <Storage> <Opcode : 'load' 'store'> <Ports = 2> <Width = 7> <Depth = 196> <RAM>
ST_2 : Operation 276 [2/2] (3.25ns)   --->   "%input_6_load_8 = load i8 %input_6_addr_8" [../src/conv.cpp:89]   --->   Operation 276 'load' 'input_6_load_8' <Predicate = (!icmp_ln78 & and_ln85_3_read & add_ln86_3 == 7)> <Delay = 3.25> <CoreInst = "RAM_2P_BRAM">   --->   Core 90 'RAM_2P_BRAM' <Latency = 1> <II = 1> <Delay = 3.25> <Storage> <Opcode : 'load' 'store'> <Ports = 2> <Width = 7> <Depth = 196> <RAM>
ST_2 : Operation 277 [2/2] (3.25ns)   --->   "%input_7_load_8 = load i8 %input_7_addr_8" [../src/conv.cpp:89]   --->   Operation 277 'load' 'input_7_load_8' <Predicate = (!icmp_ln78 & and_ln85_3_read & add_ln86_3 == 0)> <Delay = 3.25> <CoreInst = "RAM_2P_BRAM">   --->   Core 90 'RAM_2P_BRAM' <Latency = 1> <II = 1> <Delay = 3.25> <Storage> <Opcode : 'load' 'store'> <Ports = 2> <Width = 7> <Depth = 196> <RAM>
ST_2 : Operation 278 [1/1] (0.00ns)   --->   "%p_ZL12conv2_weight_8_addr = getelementptr i4 %p_ZL12conv2_weight_8, i64 0, i64 %zext_ln86" [../src/conv.cpp:89]   --->   Operation 278 'getelementptr' 'p_ZL12conv2_weight_8_addr' <Predicate = (!icmp_ln78 & and_ln85_3_read)> <Delay = 0.00>
ST_2 : Operation 279 [2/2] (2.32ns)   --->   "%p_ZL12conv2_weight_8_load = load i7 %p_ZL12conv2_weight_8_addr" [../src/conv.cpp:89]   --->   Operation 279 'load' 'p_ZL12conv2_weight_8_load' <Predicate = (!icmp_ln78 & and_ln85_3_read)> <Delay = 2.32> <CoreInst = "ROM">   --->   Core 94 'ROM' <Latency = 1> <II = 1> <Delay = 2.32> <Storage> <Opcode : 'load'> <Ports = 0> <Width = 4> <Depth = 128> <ROM>
ST_2 : Operation 280 [1/1] (1.58ns)   --->   "%store_ln89 = store i11 %add_ln89_2, i11 %phi_mul" [../src/conv.cpp:89]   --->   Operation 280 'store' 'store_ln89' <Predicate = (!icmp_ln78)> <Delay = 1.58>
ST_2 : Operation 281 [1/1] (0.00ns)   --->   "%br_ln78 = br void %KH_2" [../src/conv.cpp:78]   --->   Operation 281 'br' 'br_ln78' <Predicate = (!icmp_ln78)> <Delay = 0.00>

State 3 <SV = 2> <Delay = 6.60>
ST_3 : Operation 282 [1/2] ( I:3.25ns O:3.25ns )   --->   "%input_0_load = load i8 %input_0_addr" [../src/conv.cpp:89]   --->   Operation 282 'load' 'input_0_load' <Predicate = (and_ln85_read & add_ln86_3 == 7)> <Delay = 3.25> <CoreInst = "RAM_2P_BRAM">   --->   Core 90 'RAM_2P_BRAM' <Latency = 1> <II = 1> <Delay = 3.25> <Storage> <Opcode : 'load' 'store'> <Ports = 2> <Width = 7> <Depth = 196> <RAM>
ST_3 : Operation 283 [1/2] ( I:3.25ns O:3.25ns )   --->   "%input_1_load = load i8 %input_1_addr" [../src/conv.cpp:89]   --->   Operation 283 'load' 'input_1_load' <Predicate = (and_ln85_read & add_ln86_3 == 0)> <Delay = 3.25> <CoreInst = "RAM_2P_BRAM">   --->   Core 90 'RAM_2P_BRAM' <Latency = 1> <II = 1> <Delay = 3.25> <Storage> <Opcode : 'load' 'store'> <Ports = 2> <Width = 7> <Depth = 196> <RAM>
ST_3 : Operation 284 [1/2] ( I:3.25ns O:3.25ns )   --->   "%input_2_load = load i8 %input_2_addr" [../src/conv.cpp:89]   --->   Operation 284 'load' 'input_2_load' <Predicate = (and_ln85_read & add_ln86_3 == 1)> <Delay = 3.25> <CoreInst = "RAM_2P_BRAM">   --->   Core 90 'RAM_2P_BRAM' <Latency = 1> <II = 1> <Delay = 3.25> <Storage> <Opcode : 'load' 'store'> <Ports = 2> <Width = 7> <Depth = 196> <RAM>
ST_3 : Operation 285 [1/2] ( I:3.25ns O:3.25ns )   --->   "%input_3_load = load i8 %input_3_addr" [../src/conv.cpp:89]   --->   Operation 285 'load' 'input_3_load' <Predicate = (and_ln85_read & add_ln86_3 == 2)> <Delay = 3.25> <CoreInst = "RAM_2P_BRAM">   --->   Core 90 'RAM_2P_BRAM' <Latency = 1> <II = 1> <Delay = 3.25> <Storage> <Opcode : 'load' 'store'> <Ports = 2> <Width = 7> <Depth = 196> <RAM>
ST_3 : Operation 286 [1/2] ( I:3.25ns O:3.25ns )   --->   "%input_4_load = load i8 %input_4_addr" [../src/conv.cpp:89]   --->   Operation 286 'load' 'input_4_load' <Predicate = (and_ln85_read & add_ln86_3 == 3)> <Delay = 3.25> <CoreInst = "RAM_2P_BRAM">   --->   Core 90 'RAM_2P_BRAM' <Latency = 1> <II = 1> <Delay = 3.25> <Storage> <Opcode : 'load' 'store'> <Ports = 2> <Width = 7> <Depth = 196> <RAM>
ST_3 : Operation 287 [1/2] ( I:3.25ns O:3.25ns )   --->   "%input_5_load = load i8 %input_5_addr" [../src/conv.cpp:89]   --->   Operation 287 'load' 'input_5_load' <Predicate = (and_ln85_read & add_ln86_3 == 4)> <Delay = 3.25> <CoreInst = "RAM_2P_BRAM">   --->   Core 90 'RAM_2P_BRAM' <Latency = 1> <II = 1> <Delay = 3.25> <Storage> <Opcode : 'load' 'store'> <Ports = 2> <Width = 7> <Depth = 196> <RAM>
ST_3 : Operation 288 [1/2] ( I:3.25ns O:3.25ns )   --->   "%input_6_load = load i8 %input_6_addr" [../src/conv.cpp:89]   --->   Operation 288 'load' 'input_6_load' <Predicate = (and_ln85_read & add_ln86_3 == 5)> <Delay = 3.25> <CoreInst = "RAM_2P_BRAM">   --->   Core 90 'RAM_2P_BRAM' <Latency = 1> <II = 1> <Delay = 3.25> <Storage> <Opcode : 'load' 'store'> <Ports = 2> <Width = 7> <Depth = 196> <RAM>
ST_3 : Operation 289 [1/2] ( I:3.25ns O:3.25ns )   --->   "%input_7_load = load i8 %input_7_addr" [../src/conv.cpp:89]   --->   Operation 289 'load' 'input_7_load' <Predicate = (and_ln85_read & add_ln86_3 == 6)> <Delay = 3.25> <CoreInst = "RAM_2P_BRAM">   --->   Core 90 'RAM_2P_BRAM' <Latency = 1> <II = 1> <Delay = 3.25> <Storage> <Opcode : 'load' 'store'> <Ports = 2> <Width = 7> <Depth = 196> <RAM>
ST_3 : Operation 290 [1/1] (2.30ns)   --->   "%tmp_cast = sparsemux i7 @_ssdm_op_SparseMux.ap_auto.8i7.i7.i3, i3 7, i7 %input_0_load, i3 0, i7 %input_1_load, i3 1, i7 %input_2_load, i3 2, i7 %input_3_load, i3 3, i7 %input_4_load, i3 4, i7 %input_5_load, i3 5, i7 %input_6_load, i3 6, i7 %input_7_load, i7 0, i3 %add_ln86_3" [../src/conv.cpp:89]   --->   Operation 290 'sparsemux' 'tmp_cast' <Predicate = (and_ln85_read)> <Delay = 2.30> <CoreInst = "BinarySparseMux_DontCare">   --->   Core 137 'BinarySparseMux_DontCare' <Latency = 0> <II = 1> <Delay = 2.30> <FuncUnit> <Opcode : 'sparsemux'> <InPorts = 2> <OutPorts = 1>
ST_3 : Operation 291 [1/1] (0.00ns)   --->   "%zext_ln89_1 = zext i7 %tmp_cast" [../src/conv.cpp:89]   --->   Operation 291 'zext' 'zext_ln89_1' <Predicate = (and_ln85_read)> <Delay = 0.00>
ST_3 : Operation 292 [1/2] ( I:2.32ns O:2.32ns )   --->   "%p_ZL12conv2_weight_0_load = load i7 %p_ZL12conv2_weight_0_addr" [../src/conv.cpp:89]   --->   Operation 292 'load' 'p_ZL12conv2_weight_0_load' <Predicate = (and_ln85_read)> <Delay = 2.32> <CoreInst = "ROM">   --->   Core 94 'ROM' <Latency = 1> <II = 1> <Delay = 2.32> <Storage> <Opcode : 'load'> <Ports = 0> <Width = 3> <Depth = 128> <ROM>
ST_3 : Operation 293 [1/1] (0.00ns)   --->   "%sext_ln89 = sext i3 %p_ZL12conv2_weight_0_load" [../src/conv.cpp:89]   --->   Operation 293 'sext' 'sext_ln89' <Predicate = (and_ln85_read)> <Delay = 0.00>
ST_3 : Operation 294 [3/3] (1.05ns) (grouped into DSP with root node add_ln89_1)   --->   "%mul_ln89 = mul i10 %sext_ln89, i10 %zext_ln89_1" [../src/conv.cpp:89]   --->   Operation 294 'mul' 'mul_ln89' <Predicate = (and_ln85_read)> <Delay = 1.05> <CoreInst = "DSP48">   --->   Core 116 'DSP48' <Latency = 3> <II = 1> <Delay = 2.15> <IPBlock> <Opcode : 'add' 'sub' 'mul' 'select'> <InPorts = 0> <OutPorts = 1> <Sync> <CReg>
ST_3 : Operation 295 [1/2] ( I:3.25ns O:3.25ns )   --->   "%input_0_load_4 = load i8 %input_0_addr_5" [../src/conv.cpp:89]   --->   Operation 295 'load' 'input_0_load_4' <Predicate = (icmp_ln85 & add_ln86_3 == 6)> <Delay = 3.25> <CoreInst = "RAM_2P_BRAM">   --->   Core 90 'RAM_2P_BRAM' <Latency = 1> <II = 1> <Delay = 3.25> <Storage> <Opcode : 'load' 'store'> <Ports = 2> <Width = 7> <Depth = 196> <RAM>
ST_3 : Operation 296 [1/2] ( I:3.25ns O:3.25ns )   --->   "%input_1_load_4 = load i8 %input_1_addr_5" [../src/conv.cpp:89]   --->   Operation 296 'load' 'input_1_load_4' <Predicate = (icmp_ln85 & add_ln86_3 == 7)> <Delay = 3.25> <CoreInst = "RAM_2P_BRAM">   --->   Core 90 'RAM_2P_BRAM' <Latency = 1> <II = 1> <Delay = 3.25> <Storage> <Opcode : 'load' 'store'> <Ports = 2> <Width = 7> <Depth = 196> <RAM>
ST_3 : Operation 297 [1/2] ( I:3.25ns O:3.25ns )   --->   "%input_2_load_4 = load i8 %input_2_addr_4" [../src/conv.cpp:89]   --->   Operation 297 'load' 'input_2_load_4' <Predicate = (icmp_ln85 & add_ln86_3 == 0)> <Delay = 3.25> <CoreInst = "RAM_2P_BRAM">   --->   Core 90 'RAM_2P_BRAM' <Latency = 1> <II = 1> <Delay = 3.25> <Storage> <Opcode : 'load' 'store'> <Ports = 2> <Width = 7> <Depth = 196> <RAM>
ST_3 : Operation 298 [1/2] ( I:3.25ns O:3.25ns )   --->   "%input_3_load_4 = load i8 %input_3_addr_4" [../src/conv.cpp:89]   --->   Operation 298 'load' 'input_3_load_4' <Predicate = (icmp_ln85 & add_ln86_3 == 1)> <Delay = 3.25> <CoreInst = "RAM_2P_BRAM">   --->   Core 90 'RAM_2P_BRAM' <Latency = 1> <II = 1> <Delay = 3.25> <Storage> <Opcode : 'load' 'store'> <Ports = 2> <Width = 7> <Depth = 196> <RAM>
ST_3 : Operation 299 [1/2] ( I:3.25ns O:3.25ns )   --->   "%input_4_load_4 = load i8 %input_4_addr_4" [../src/conv.cpp:89]   --->   Operation 299 'load' 'input_4_load_4' <Predicate = (icmp_ln85 & add_ln86_3 == 2)> <Delay = 3.25> <CoreInst = "RAM_2P_BRAM">   --->   Core 90 'RAM_2P_BRAM' <Latency = 1> <II = 1> <Delay = 3.25> <Storage> <Opcode : 'load' 'store'> <Ports = 2> <Width = 7> <Depth = 196> <RAM>
ST_3 : Operation 300 [1/2] ( I:3.25ns O:3.25ns )   --->   "%input_5_load_1 = load i8 %input_5_addr_1" [../src/conv.cpp:89]   --->   Operation 300 'load' 'input_5_load_1' <Predicate = (icmp_ln85 & add_ln86_3 == 3)> <Delay = 3.25> <CoreInst = "RAM_2P_BRAM">   --->   Core 90 'RAM_2P_BRAM' <Latency = 1> <II = 1> <Delay = 3.25> <Storage> <Opcode : 'load' 'store'> <Ports = 2> <Width = 7> <Depth = 196> <RAM>
ST_3 : Operation 301 [1/2] ( I:3.25ns O:3.25ns )   --->   "%input_6_load_1 = load i8 %input_6_addr_1" [../src/conv.cpp:89]   --->   Operation 301 'load' 'input_6_load_1' <Predicate = (icmp_ln85 & add_ln86_3 == 4)> <Delay = 3.25> <CoreInst = "RAM_2P_BRAM">   --->   Core 90 'RAM_2P_BRAM' <Latency = 1> <II = 1> <Delay = 3.25> <Storage> <Opcode : 'load' 'store'> <Ports = 2> <Width = 7> <Depth = 196> <RAM>
ST_3 : Operation 302 [1/2] ( I:3.25ns O:3.25ns )   --->   "%input_7_load_1 = load i8 %input_7_addr_1" [../src/conv.cpp:89]   --->   Operation 302 'load' 'input_7_load_1' <Predicate = (icmp_ln85 & add_ln86_3 == 5)> <Delay = 3.25> <CoreInst = "RAM_2P_BRAM">   --->   Core 90 'RAM_2P_BRAM' <Latency = 1> <II = 1> <Delay = 3.25> <Storage> <Opcode : 'load' 'store'> <Ports = 2> <Width = 7> <Depth = 196> <RAM>
ST_3 : Operation 303 [1/1] (2.30ns)   --->   "%tmp_2_cast = sparsemux i7 @_ssdm_op_SparseMux.ap_auto.8i7.i7.i3, i3 6, i7 %input_0_load_4, i3 7, i7 %input_1_load_4, i3 0, i7 %input_2_load_4, i3 1, i7 %input_3_load_4, i3 2, i7 %input_4_load_4, i3 3, i7 %input_5_load_1, i3 4, i7 %input_6_load_1, i3 5, i7 %input_7_load_1, i7 0, i3 %add_ln86_3" [../src/conv.cpp:89]   --->   Operation 303 'sparsemux' 'tmp_2_cast' <Predicate = (icmp_ln85)> <Delay = 2.30> <CoreInst = "BinarySparseMux_DontCare">   --->   Core 137 'BinarySparseMux_DontCare' <Latency = 0> <II = 1> <Delay = 2.30> <FuncUnit> <Opcode : 'sparsemux'> <InPorts = 2> <OutPorts = 1>
ST_3 : Operation 304 [1/2] ( I:2.32ns O:2.32ns )   --->   "%p_ZL12conv2_weight_1_load = load i7 %p_ZL12conv2_weight_1_addr" [../src/conv.cpp:89]   --->   Operation 304 'load' 'p_ZL12conv2_weight_1_load' <Predicate = (icmp_ln85)> <Delay = 2.32> <CoreInst = "ROM">   --->   Core 94 'ROM' <Latency = 1> <II = 1> <Delay = 2.32> <Storage> <Opcode : 'load'> <Ports = 0> <Width = 4> <Depth = 128> <ROM>
ST_3 : Operation 305 [1/2] ( I:3.25ns O:3.25ns )   --->   "%input_0_load_5 = load i8 %input_0_addr_6" [../src/conv.cpp:89]   --->   Operation 305 'load' 'input_0_load_5' <Predicate = (and_ln85_1_read & add_ln86_3 == 5)> <Delay = 3.25> <CoreInst = "RAM_2P_BRAM">   --->   Core 90 'RAM_2P_BRAM' <Latency = 1> <II = 1> <Delay = 3.25> <Storage> <Opcode : 'load' 'store'> <Ports = 2> <Width = 7> <Depth = 196> <RAM>
ST_3 : Operation 306 [1/2] ( I:3.25ns O:3.25ns )   --->   "%input_1_load_5 = load i8 %input_1_addr_6" [../src/conv.cpp:89]   --->   Operation 306 'load' 'input_1_load_5' <Predicate = (and_ln85_1_read & add_ln86_3 == 6)> <Delay = 3.25> <CoreInst = "RAM_2P_BRAM">   --->   Core 90 'RAM_2P_BRAM' <Latency = 1> <II = 1> <Delay = 3.25> <Storage> <Opcode : 'load' 'store'> <Ports = 2> <Width = 7> <Depth = 196> <RAM>
ST_3 : Operation 307 [1/2] ( I:3.25ns O:3.25ns )   --->   "%input_2_load_5 = load i8 %input_2_addr_5" [../src/conv.cpp:89]   --->   Operation 307 'load' 'input_2_load_5' <Predicate = (and_ln85_1_read & add_ln86_3 == 7)> <Delay = 3.25> <CoreInst = "RAM_2P_BRAM">   --->   Core 90 'RAM_2P_BRAM' <Latency = 1> <II = 1> <Delay = 3.25> <Storage> <Opcode : 'load' 'store'> <Ports = 2> <Width = 7> <Depth = 196> <RAM>
ST_3 : Operation 308 [1/2] ( I:3.25ns O:3.25ns )   --->   "%input_3_load_5 = load i8 %input_3_addr_5" [../src/conv.cpp:89]   --->   Operation 308 'load' 'input_3_load_5' <Predicate = (and_ln85_1_read & add_ln86_3 == 0)> <Delay = 3.25> <CoreInst = "RAM_2P_BRAM">   --->   Core 90 'RAM_2P_BRAM' <Latency = 1> <II = 1> <Delay = 3.25> <Storage> <Opcode : 'load' 'store'> <Ports = 2> <Width = 7> <Depth = 196> <RAM>
ST_3 : Operation 309 [1/2] ( I:3.25ns O:3.25ns )   --->   "%input_4_load_5 = load i8 %input_4_addr_5" [../src/conv.cpp:89]   --->   Operation 309 'load' 'input_4_load_5' <Predicate = (and_ln85_1_read & add_ln86_3 == 1)> <Delay = 3.25> <CoreInst = "RAM_2P_BRAM">   --->   Core 90 'RAM_2P_BRAM' <Latency = 1> <II = 1> <Delay = 3.25> <Storage> <Opcode : 'load' 'store'> <Ports = 2> <Width = 7> <Depth = 196> <RAM>
ST_3 : Operation 310 [1/2] ( I:3.25ns O:3.25ns )   --->   "%input_5_load_2 = load i8 %input_5_addr_2" [../src/conv.cpp:89]   --->   Operation 310 'load' 'input_5_load_2' <Predicate = (and_ln85_1_read & add_ln86_3 == 2)> <Delay = 3.25> <CoreInst = "RAM_2P_BRAM">   --->   Core 90 'RAM_2P_BRAM' <Latency = 1> <II = 1> <Delay = 3.25> <Storage> <Opcode : 'load' 'store'> <Ports = 2> <Width = 7> <Depth = 196> <RAM>
ST_3 : Operation 311 [1/2] ( I:3.25ns O:3.25ns )   --->   "%input_6_load_2 = load i8 %input_6_addr_2" [../src/conv.cpp:89]   --->   Operation 311 'load' 'input_6_load_2' <Predicate = (and_ln85_1_read & add_ln86_3 == 3)> <Delay = 3.25> <CoreInst = "RAM_2P_BRAM">   --->   Core 90 'RAM_2P_BRAM' <Latency = 1> <II = 1> <Delay = 3.25> <Storage> <Opcode : 'load' 'store'> <Ports = 2> <Width = 7> <Depth = 196> <RAM>
ST_3 : Operation 312 [1/2] ( I:3.25ns O:3.25ns )   --->   "%input_7_load_2 = load i8 %input_7_addr_2" [../src/conv.cpp:89]   --->   Operation 312 'load' 'input_7_load_2' <Predicate = (and_ln85_1_read & add_ln86_3 == 4)> <Delay = 3.25> <CoreInst = "RAM_2P_BRAM">   --->   Core 90 'RAM_2P_BRAM' <Latency = 1> <II = 1> <Delay = 3.25> <Storage> <Opcode : 'load' 'store'> <Ports = 2> <Width = 7> <Depth = 196> <RAM>
ST_3 : Operation 313 [1/1] (2.30ns)   --->   "%tmp_4_cast = sparsemux i7 @_ssdm_op_SparseMux.ap_auto.8i7.i7.i3, i3 5, i7 %input_0_load_5, i3 6, i7 %input_1_load_5, i3 7, i7 %input_2_load_5, i3 0, i7 %input_3_load_5, i3 1, i7 %input_4_load_5, i3 2, i7 %input_5_load_2, i3 3, i7 %input_6_load_2, i3 4, i7 %input_7_load_2, i7 0, i3 %add_ln86_3" [../src/conv.cpp:89]   --->   Operation 313 'sparsemux' 'tmp_4_cast' <Predicate = (and_ln85_1_read)> <Delay = 2.30> <CoreInst = "BinarySparseMux_DontCare">   --->   Core 137 'BinarySparseMux_DontCare' <Latency = 0> <II = 1> <Delay = 2.30> <FuncUnit> <Opcode : 'sparsemux'> <InPorts = 2> <OutPorts = 1>
ST_3 : Operation 314 [1/2] ( I:2.32ns O:2.32ns )   --->   "%p_ZL12conv2_weight_2_load = load i7 %p_ZL12conv2_weight_2_addr" [../src/conv.cpp:89]   --->   Operation 314 'load' 'p_ZL12conv2_weight_2_load' <Predicate = (and_ln85_1_read)> <Delay = 2.32> <CoreInst = "ROM">   --->   Core 94 'ROM' <Latency = 1> <II = 1> <Delay = 2.32> <Storage> <Opcode : 'load'> <Ports = 0> <Width = 4> <Depth = 128> <ROM>
ST_3 : Operation 315 [1/2] ( I:3.25ns O:3.25ns )   --->   "%input_0_load_6 = load i8 %input_0_addr_7" [../src/conv.cpp:89]   --->   Operation 315 'load' 'input_0_load_6' <Predicate = (icmp_ln85_1 & add_ln86_3 == 1)> <Delay = 3.25> <CoreInst = "RAM_2P_BRAM">   --->   Core 90 'RAM_2P_BRAM' <Latency = 1> <II = 1> <Delay = 3.25> <Storage> <Opcode : 'load' 'store'> <Ports = 2> <Width = 7> <Depth = 196> <RAM>
ST_3 : Operation 316 [1/2] ( I:3.25ns O:3.25ns )   --->   "%input_1_load_6 = load i8 %input_1_addr_7" [../src/conv.cpp:89]   --->   Operation 316 'load' 'input_1_load_6' <Predicate = (icmp_ln85_1 & add_ln86_3 == 2)> <Delay = 3.25> <CoreInst = "RAM_2P_BRAM">   --->   Core 90 'RAM_2P_BRAM' <Latency = 1> <II = 1> <Delay = 3.25> <Storage> <Opcode : 'load' 'store'> <Ports = 2> <Width = 7> <Depth = 196> <RAM>
ST_3 : Operation 317 [1/2] ( I:3.25ns O:3.25ns )   --->   "%input_2_load_6 = load i8 %input_2_addr_6" [../src/conv.cpp:89]   --->   Operation 317 'load' 'input_2_load_6' <Predicate = (icmp_ln85_1 & add_ln86_3 == 3)> <Delay = 3.25> <CoreInst = "RAM_2P_BRAM">   --->   Core 90 'RAM_2P_BRAM' <Latency = 1> <II = 1> <Delay = 3.25> <Storage> <Opcode : 'load' 'store'> <Ports = 2> <Width = 7> <Depth = 196> <RAM>
ST_3 : Operation 318 [1/2] ( I:3.25ns O:3.25ns )   --->   "%input_3_load_6 = load i8 %input_3_addr_6" [../src/conv.cpp:89]   --->   Operation 318 'load' 'input_3_load_6' <Predicate = (icmp_ln85_1 & add_ln86_3 == 4)> <Delay = 3.25> <CoreInst = "RAM_2P_BRAM">   --->   Core 90 'RAM_2P_BRAM' <Latency = 1> <II = 1> <Delay = 3.25> <Storage> <Opcode : 'load' 'store'> <Ports = 2> <Width = 7> <Depth = 196> <RAM>
ST_3 : Operation 319 [1/2] ( I:3.25ns O:3.25ns )   --->   "%input_4_load_6 = load i8 %input_4_addr_6" [../src/conv.cpp:89]   --->   Operation 319 'load' 'input_4_load_6' <Predicate = (icmp_ln85_1 & add_ln86_3 == 5)> <Delay = 3.25> <CoreInst = "RAM_2P_BRAM">   --->   Core 90 'RAM_2P_BRAM' <Latency = 1> <II = 1> <Delay = 3.25> <Storage> <Opcode : 'load' 'store'> <Ports = 2> <Width = 7> <Depth = 196> <RAM>
ST_3 : Operation 320 [1/2] ( I:3.25ns O:3.25ns )   --->   "%input_5_load_3 = load i8 %input_5_addr_3" [../src/conv.cpp:89]   --->   Operation 320 'load' 'input_5_load_3' <Predicate = (icmp_ln85_1 & add_ln86_3 == 6)> <Delay = 3.25> <CoreInst = "RAM_2P_BRAM">   --->   Core 90 'RAM_2P_BRAM' <Latency = 1> <II = 1> <Delay = 3.25> <Storage> <Opcode : 'load' 'store'> <Ports = 2> <Width = 7> <Depth = 196> <RAM>
ST_3 : Operation 321 [1/2] ( I:3.25ns O:3.25ns )   --->   "%input_6_load_3 = load i8 %input_6_addr_3" [../src/conv.cpp:89]   --->   Operation 321 'load' 'input_6_load_3' <Predicate = (icmp_ln85_1 & add_ln86_3 == 7)> <Delay = 3.25> <CoreInst = "RAM_2P_BRAM">   --->   Core 90 'RAM_2P_BRAM' <Latency = 1> <II = 1> <Delay = 3.25> <Storage> <Opcode : 'load' 'store'> <Ports = 2> <Width = 7> <Depth = 196> <RAM>
ST_3 : Operation 322 [1/2] ( I:3.25ns O:3.25ns )   --->   "%input_7_load_3 = load i8 %input_7_addr_3" [../src/conv.cpp:89]   --->   Operation 322 'load' 'input_7_load_3' <Predicate = (icmp_ln85_1 & add_ln86_3 == 0)> <Delay = 3.25> <CoreInst = "RAM_2P_BRAM">   --->   Core 90 'RAM_2P_BRAM' <Latency = 1> <II = 1> <Delay = 3.25> <Storage> <Opcode : 'load' 'store'> <Ports = 2> <Width = 7> <Depth = 196> <RAM>
ST_3 : Operation 323 [1/1] (2.30ns)   --->   "%tmp_6_cast = sparsemux i7 @_ssdm_op_SparseMux.ap_auto.8i7.i7.i3, i3 1, i7 %input_0_load_6, i3 2, i7 %input_1_load_6, i3 3, i7 %input_2_load_6, i3 4, i7 %input_3_load_6, i3 5, i7 %input_4_load_6, i3 6, i7 %input_5_load_3, i3 7, i7 %input_6_load_3, i3 0, i7 %input_7_load_3, i7 0, i3 %add_ln86_3" [../src/conv.cpp:89]   --->   Operation 323 'sparsemux' 'tmp_6_cast' <Predicate = (icmp_ln85_1)> <Delay = 2.30> <CoreInst = "BinarySparseMux_DontCare">   --->   Core 137 'BinarySparseMux_DontCare' <Latency = 0> <II = 1> <Delay = 2.30> <FuncUnit> <Opcode : 'sparsemux'> <InPorts = 2> <OutPorts = 1>
ST_3 : Operation 324 [1/2] ( I:2.32ns O:2.32ns )   --->   "%p_ZL12conv2_weight_3_load = load i7 %p_ZL12conv2_weight_3_addr" [../src/conv.cpp:89]   --->   Operation 324 'load' 'p_ZL12conv2_weight_3_load' <Predicate = (icmp_ln85_1)> <Delay = 2.32> <CoreInst = "ROM">   --->   Core 94 'ROM' <Latency = 1> <II = 1> <Delay = 2.32> <Storage> <Opcode : 'load'> <Ports = 0> <Width = 4> <Depth = 128> <ROM>
ST_3 : Operation 325 [1/2] ( I:3.25ns O:3.25ns )   --->   "%input_0_load_7 = load i8 %input_0_addr_8" [../src/conv.cpp:89]   --->   Operation 325 'load' 'input_0_load_7' <Predicate = (add_ln86_3 == 0)> <Delay = 3.25> <CoreInst = "RAM_2P_BRAM">   --->   Core 90 'RAM_2P_BRAM' <Latency = 1> <II = 1> <Delay = 3.25> <Storage> <Opcode : 'load' 'store'> <Ports = 2> <Width = 7> <Depth = 196> <RAM>
ST_3 : Operation 326 [1/2] ( I:3.25ns O:3.25ns )   --->   "%input_1_load_7 = load i8 %input_1_addr_8" [../src/conv.cpp:89]   --->   Operation 326 'load' 'input_1_load_7' <Predicate = (add_ln86_3 == 1)> <Delay = 3.25> <CoreInst = "RAM_2P_BRAM">   --->   Core 90 'RAM_2P_BRAM' <Latency = 1> <II = 1> <Delay = 3.25> <Storage> <Opcode : 'load' 'store'> <Ports = 2> <Width = 7> <Depth = 196> <RAM>
ST_3 : Operation 327 [1/2] ( I:3.25ns O:3.25ns )   --->   "%input_2_load_7 = load i8 %input_2_addr_7" [../src/conv.cpp:89]   --->   Operation 327 'load' 'input_2_load_7' <Predicate = (add_ln86_3 == 2)> <Delay = 3.25> <CoreInst = "RAM_2P_BRAM">   --->   Core 90 'RAM_2P_BRAM' <Latency = 1> <II = 1> <Delay = 3.25> <Storage> <Opcode : 'load' 'store'> <Ports = 2> <Width = 7> <Depth = 196> <RAM>
ST_3 : Operation 328 [1/2] ( I:3.25ns O:3.25ns )   --->   "%input_3_load_7 = load i8 %input_3_addr_7" [../src/conv.cpp:89]   --->   Operation 328 'load' 'input_3_load_7' <Predicate = (add_ln86_3 == 3)> <Delay = 3.25> <CoreInst = "RAM_2P_BRAM">   --->   Core 90 'RAM_2P_BRAM' <Latency = 1> <II = 1> <Delay = 3.25> <Storage> <Opcode : 'load' 'store'> <Ports = 2> <Width = 7> <Depth = 196> <RAM>
ST_3 : Operation 329 [1/2] ( I:3.25ns O:3.25ns )   --->   "%input_4_load_7 = load i8 %input_4_addr_7" [../src/conv.cpp:89]   --->   Operation 329 'load' 'input_4_load_7' <Predicate = (add_ln86_3 == 4)> <Delay = 3.25> <CoreInst = "RAM_2P_BRAM">   --->   Core 90 'RAM_2P_BRAM' <Latency = 1> <II = 1> <Delay = 3.25> <Storage> <Opcode : 'load' 'store'> <Ports = 2> <Width = 7> <Depth = 196> <RAM>
ST_3 : Operation 330 [1/2] ( I:3.25ns O:3.25ns )   --->   "%input_5_load_4 = load i8 %input_5_addr_4" [../src/conv.cpp:89]   --->   Operation 330 'load' 'input_5_load_4' <Predicate = (add_ln86_3 == 5)> <Delay = 3.25> <CoreInst = "RAM_2P_BRAM">   --->   Core 90 'RAM_2P_BRAM' <Latency = 1> <II = 1> <Delay = 3.25> <Storage> <Opcode : 'load' 'store'> <Ports = 2> <Width = 7> <Depth = 196> <RAM>
ST_3 : Operation 331 [1/2] ( I:3.25ns O:3.25ns )   --->   "%input_6_load_4 = load i8 %input_6_addr_4" [../src/conv.cpp:89]   --->   Operation 331 'load' 'input_6_load_4' <Predicate = (add_ln86_3 == 6)> <Delay = 3.25> <CoreInst = "RAM_2P_BRAM">   --->   Core 90 'RAM_2P_BRAM' <Latency = 1> <II = 1> <Delay = 3.25> <Storage> <Opcode : 'load' 'store'> <Ports = 2> <Width = 7> <Depth = 196> <RAM>
ST_3 : Operation 332 [1/2] ( I:3.25ns O:3.25ns )   --->   "%input_7_load_4 = load i8 %input_7_addr_4" [../src/conv.cpp:89]   --->   Operation 332 'load' 'input_7_load_4' <Predicate = (add_ln86_3 == 7)> <Delay = 3.25> <CoreInst = "RAM_2P_BRAM">   --->   Core 90 'RAM_2P_BRAM' <Latency = 1> <II = 1> <Delay = 3.25> <Storage> <Opcode : 'load' 'store'> <Ports = 2> <Width = 7> <Depth = 196> <RAM>
ST_3 : Operation 333 [1/1] (2.30ns)   --->   "%tmp_8_cast = sparsemux i7 @_ssdm_op_SparseMux.ap_auto.8i7.i7.i3, i3 0, i7 %input_0_load_7, i3 1, i7 %input_1_load_7, i3 2, i7 %input_2_load_7, i3 3, i7 %input_3_load_7, i3 4, i7 %input_4_load_7, i3 5, i7 %input_5_load_4, i3 6, i7 %input_6_load_4, i3 7, i7 %input_7_load_4, i7 0, i3 %add_ln86_3" [../src/conv.cpp:89]   --->   Operation 333 'sparsemux' 'tmp_8_cast' <Predicate = true> <Delay = 2.30> <CoreInst = "BinarySparseMux_DontCare">   --->   Core 137 'BinarySparseMux_DontCare' <Latency = 0> <II = 1> <Delay = 2.30> <FuncUnit> <Opcode : 'sparsemux'> <InPorts = 2> <OutPorts = 1>
ST_3 : Operation 334 [1/2] ( I:2.32ns O:2.32ns )   --->   "%p_ZL12conv2_weight_4_load = load i7 %p_ZL12conv2_weight_4_addr" [../src/conv.cpp:89]   --->   Operation 334 'load' 'p_ZL12conv2_weight_4_load' <Predicate = true> <Delay = 2.32> <CoreInst = "ROM">   --->   Core 94 'ROM' <Latency = 1> <II = 1> <Delay = 2.32> <Storage> <Opcode : 'load'> <Ports = 0> <Width = 4> <Depth = 128> <ROM>
ST_3 : Operation 335 [1/1] (0.00ns)   --->   "%br_ln85 = br i1 %icmp_ln85_2, void %for.inc50.1.2, void %if.then.1.2" [../src/conv.cpp:85]   --->   Operation 335 'br' 'br_ln85' <Predicate = true> <Delay = 0.00>
ST_3 : Operation 336 [1/2] ( I:3.25ns O:3.25ns )   --->   "%input_0_load_8 = load i8 %input_0_addr_9" [../src/conv.cpp:89]   --->   Operation 336 'load' 'input_0_load_8' <Predicate = (icmp_ln85_2 & add_ln86_3 == 7)> <Delay = 3.25> <CoreInst = "RAM_2P_BRAM">   --->   Core 90 'RAM_2P_BRAM' <Latency = 1> <II = 1> <Delay = 3.25> <Storage> <Opcode : 'load' 'store'> <Ports = 2> <Width = 7> <Depth = 196> <RAM>
ST_3 : Operation 337 [1/2] ( I:3.25ns O:3.25ns )   --->   "%input_1_load_8 = load i8 %input_1_addr_9" [../src/conv.cpp:89]   --->   Operation 337 'load' 'input_1_load_8' <Predicate = (icmp_ln85_2 & add_ln86_3 == 0)> <Delay = 3.25> <CoreInst = "RAM_2P_BRAM">   --->   Core 90 'RAM_2P_BRAM' <Latency = 1> <II = 1> <Delay = 3.25> <Storage> <Opcode : 'load' 'store'> <Ports = 2> <Width = 7> <Depth = 196> <RAM>
ST_3 : Operation 338 [1/2] ( I:3.25ns O:3.25ns )   --->   "%input_2_load_8 = load i8 %input_2_addr_8" [../src/conv.cpp:89]   --->   Operation 338 'load' 'input_2_load_8' <Predicate = (icmp_ln85_2 & add_ln86_3 == 1)> <Delay = 3.25> <CoreInst = "RAM_2P_BRAM">   --->   Core 90 'RAM_2P_BRAM' <Latency = 1> <II = 1> <Delay = 3.25> <Storage> <Opcode : 'load' 'store'> <Ports = 2> <Width = 7> <Depth = 196> <RAM>
ST_3 : Operation 339 [1/2] ( I:3.25ns O:3.25ns )   --->   "%input_3_load_8 = load i8 %input_3_addr_8" [../src/conv.cpp:89]   --->   Operation 339 'load' 'input_3_load_8' <Predicate = (icmp_ln85_2 & add_ln86_3 == 2)> <Delay = 3.25> <CoreInst = "RAM_2P_BRAM">   --->   Core 90 'RAM_2P_BRAM' <Latency = 1> <II = 1> <Delay = 3.25> <Storage> <Opcode : 'load' 'store'> <Ports = 2> <Width = 7> <Depth = 196> <RAM>
ST_3 : Operation 340 [1/2] ( I:3.25ns O:3.25ns )   --->   "%input_4_load_8 = load i8 %input_4_addr_8" [../src/conv.cpp:89]   --->   Operation 340 'load' 'input_4_load_8' <Predicate = (icmp_ln85_2 & add_ln86_3 == 3)> <Delay = 3.25> <CoreInst = "RAM_2P_BRAM">   --->   Core 90 'RAM_2P_BRAM' <Latency = 1> <II = 1> <Delay = 3.25> <Storage> <Opcode : 'load' 'store'> <Ports = 2> <Width = 7> <Depth = 196> <RAM>
ST_3 : Operation 341 [1/2] ( I:3.25ns O:3.25ns )   --->   "%input_5_load_5 = load i8 %input_5_addr_5" [../src/conv.cpp:89]   --->   Operation 341 'load' 'input_5_load_5' <Predicate = (icmp_ln85_2 & add_ln86_3 == 4)> <Delay = 3.25> <CoreInst = "RAM_2P_BRAM">   --->   Core 90 'RAM_2P_BRAM' <Latency = 1> <II = 1> <Delay = 3.25> <Storage> <Opcode : 'load' 'store'> <Ports = 2> <Width = 7> <Depth = 196> <RAM>
ST_3 : Operation 342 [1/2] ( I:3.25ns O:3.25ns )   --->   "%input_6_load_5 = load i8 %input_6_addr_5" [../src/conv.cpp:89]   --->   Operation 342 'load' 'input_6_load_5' <Predicate = (icmp_ln85_2 & add_ln86_3 == 5)> <Delay = 3.25> <CoreInst = "RAM_2P_BRAM">   --->   Core 90 'RAM_2P_BRAM' <Latency = 1> <II = 1> <Delay = 3.25> <Storage> <Opcode : 'load' 'store'> <Ports = 2> <Width = 7> <Depth = 196> <RAM>
ST_3 : Operation 343 [1/2] ( I:3.25ns O:3.25ns )   --->   "%input_7_load_5 = load i8 %input_7_addr_5" [../src/conv.cpp:89]   --->   Operation 343 'load' 'input_7_load_5' <Predicate = (icmp_ln85_2 & add_ln86_3 == 6)> <Delay = 3.25> <CoreInst = "RAM_2P_BRAM">   --->   Core 90 'RAM_2P_BRAM' <Latency = 1> <II = 1> <Delay = 3.25> <Storage> <Opcode : 'load' 'store'> <Ports = 2> <Width = 7> <Depth = 196> <RAM>
ST_3 : Operation 344 [1/1] (2.30ns)   --->   "%tmp_cast_47 = sparsemux i7 @_ssdm_op_SparseMux.ap_auto.8i7.i7.i3, i3 7, i7 %input_0_load_8, i3 0, i7 %input_1_load_8, i3 1, i7 %input_2_load_8, i3 2, i7 %input_3_load_8, i3 3, i7 %input_4_load_8, i3 4, i7 %input_5_load_5, i3 5, i7 %input_6_load_5, i3 6, i7 %input_7_load_5, i7 0, i3 %add_ln86_3" [../src/conv.cpp:89]   --->   Operation 344 'sparsemux' 'tmp_cast_47' <Predicate = (icmp_ln85_2)> <Delay = 2.30> <CoreInst = "BinarySparseMux_DontCare">   --->   Core 137 'BinarySparseMux_DontCare' <Latency = 0> <II = 1> <Delay = 2.30> <FuncUnit> <Opcode : 'sparsemux'> <InPorts = 2> <OutPorts = 1>
ST_3 : Operation 345 [1/2] ( I:2.32ns O:2.32ns )   --->   "%p_ZL12conv2_weight_5_load = load i7 %p_ZL12conv2_weight_5_addr" [../src/conv.cpp:89]   --->   Operation 345 'load' 'p_ZL12conv2_weight_5_load' <Predicate = (icmp_ln85_2)> <Delay = 2.32> <CoreInst = "ROM">   --->   Core 94 'ROM' <Latency = 1> <II = 1> <Delay = 2.32> <Storage> <Opcode : 'load'> <Ports = 0> <Width = 4> <Depth = 128> <ROM>
ST_3 : Operation 346 [1/2] ( I:3.25ns O:3.25ns )   --->   "%input_0_load_9 = load i8 %input_0_addr_10" [../src/conv.cpp:89]   --->   Operation 346 'load' 'input_0_load_9' <Predicate = (and_ln85_2_read & add_ln86_3 == 3)> <Delay = 3.25> <CoreInst = "RAM_2P_BRAM">   --->   Core 90 'RAM_2P_BRAM' <Latency = 1> <II = 1> <Delay = 3.25> <Storage> <Opcode : 'load' 'store'> <Ports = 2> <Width = 7> <Depth = 196> <RAM>
ST_3 : Operation 347 [1/2] ( I:3.25ns O:3.25ns )   --->   "%input_1_load_9 = load i8 %input_1_addr_10" [../src/conv.cpp:89]   --->   Operation 347 'load' 'input_1_load_9' <Predicate = (and_ln85_2_read & add_ln86_3 == 4)> <Delay = 3.25> <CoreInst = "RAM_2P_BRAM">   --->   Core 90 'RAM_2P_BRAM' <Latency = 1> <II = 1> <Delay = 3.25> <Storage> <Opcode : 'load' 'store'> <Ports = 2> <Width = 7> <Depth = 196> <RAM>
ST_3 : Operation 348 [1/2] ( I:3.25ns O:3.25ns )   --->   "%input_2_load_9 = load i8 %input_2_addr_9" [../src/conv.cpp:89]   --->   Operation 348 'load' 'input_2_load_9' <Predicate = (and_ln85_2_read & add_ln86_3 == 5)> <Delay = 3.25> <CoreInst = "RAM_2P_BRAM">   --->   Core 90 'RAM_2P_BRAM' <Latency = 1> <II = 1> <Delay = 3.25> <Storage> <Opcode : 'load' 'store'> <Ports = 2> <Width = 7> <Depth = 196> <RAM>
ST_3 : Operation 349 [1/2] ( I:3.25ns O:3.25ns )   --->   "%input_3_load_9 = load i8 %input_3_addr_9" [../src/conv.cpp:89]   --->   Operation 349 'load' 'input_3_load_9' <Predicate = (and_ln85_2_read & add_ln86_3 == 6)> <Delay = 3.25> <CoreInst = "RAM_2P_BRAM">   --->   Core 90 'RAM_2P_BRAM' <Latency = 1> <II = 1> <Delay = 3.25> <Storage> <Opcode : 'load' 'store'> <Ports = 2> <Width = 7> <Depth = 196> <RAM>
ST_3 : Operation 350 [1/2] ( I:3.25ns O:3.25ns )   --->   "%input_4_load_9 = load i8 %input_4_addr_9" [../src/conv.cpp:89]   --->   Operation 350 'load' 'input_4_load_9' <Predicate = (and_ln85_2_read & add_ln86_3 == 7)> <Delay = 3.25> <CoreInst = "RAM_2P_BRAM">   --->   Core 90 'RAM_2P_BRAM' <Latency = 1> <II = 1> <Delay = 3.25> <Storage> <Opcode : 'load' 'store'> <Ports = 2> <Width = 7> <Depth = 196> <RAM>
ST_3 : Operation 351 [1/2] ( I:3.25ns O:3.25ns )   --->   "%input_5_load_6 = load i8 %input_5_addr_6" [../src/conv.cpp:89]   --->   Operation 351 'load' 'input_5_load_6' <Predicate = (and_ln85_2_read & add_ln86_3 == 0)> <Delay = 3.25> <CoreInst = "RAM_2P_BRAM">   --->   Core 90 'RAM_2P_BRAM' <Latency = 1> <II = 1> <Delay = 3.25> <Storage> <Opcode : 'load' 'store'> <Ports = 2> <Width = 7> <Depth = 196> <RAM>
ST_3 : Operation 352 [1/2] ( I:3.25ns O:3.25ns )   --->   "%input_6_load_6 = load i8 %input_6_addr_6" [../src/conv.cpp:89]   --->   Operation 352 'load' 'input_6_load_6' <Predicate = (and_ln85_2_read & add_ln86_3 == 1)> <Delay = 3.25> <CoreInst = "RAM_2P_BRAM">   --->   Core 90 'RAM_2P_BRAM' <Latency = 1> <II = 1> <Delay = 3.25> <Storage> <Opcode : 'load' 'store'> <Ports = 2> <Width = 7> <Depth = 196> <RAM>
ST_3 : Operation 353 [1/2] ( I:3.25ns O:3.25ns )   --->   "%input_7_load_6 = load i8 %input_7_addr_6" [../src/conv.cpp:89]   --->   Operation 353 'load' 'input_7_load_6' <Predicate = (and_ln85_2_read & add_ln86_3 == 2)> <Delay = 3.25> <CoreInst = "RAM_2P_BRAM">   --->   Core 90 'RAM_2P_BRAM' <Latency = 1> <II = 1> <Delay = 3.25> <Storage> <Opcode : 'load' 'store'> <Ports = 2> <Width = 7> <Depth = 196> <RAM>
ST_3 : Operation 354 [1/1] (2.30ns)   --->   "%tmp_10_cast = sparsemux i7 @_ssdm_op_SparseMux.ap_auto.8i7.i7.i3, i3 3, i7 %input_0_load_9, i3 4, i7 %input_1_load_9, i3 5, i7 %input_2_load_9, i3 6, i7 %input_3_load_9, i3 7, i7 %input_4_load_9, i3 0, i7 %input_5_load_6, i3 1, i7 %input_6_load_6, i3 2, i7 %input_7_load_6, i7 0, i3 %add_ln86_3" [../src/conv.cpp:89]   --->   Operation 354 'sparsemux' 'tmp_10_cast' <Predicate = (and_ln85_2_read)> <Delay = 2.30> <CoreInst = "BinarySparseMux_DontCare">   --->   Core 137 'BinarySparseMux_DontCare' <Latency = 0> <II = 1> <Delay = 2.30> <FuncUnit> <Opcode : 'sparsemux'> <InPorts = 2> <OutPorts = 1>
ST_3 : Operation 355 [1/2] ( I:2.32ns O:2.32ns )   --->   "%p_ZL12conv2_weight_6_load = load i7 %p_ZL12conv2_weight_6_addr" [../src/conv.cpp:89]   --->   Operation 355 'load' 'p_ZL12conv2_weight_6_load' <Predicate = (and_ln85_2_read)> <Delay = 2.32> <CoreInst = "ROM">   --->   Core 94 'ROM' <Latency = 1> <II = 1> <Delay = 2.32> <Storage> <Opcode : 'load'> <Ports = 0> <Width = 4> <Depth = 128> <ROM>
ST_3 : Operation 356 [1/2] ( I:3.25ns O:3.25ns )   --->   "%input_0_load_10 = load i8 %input_0_addr_11" [../src/conv.cpp:89]   --->   Operation 356 'load' 'input_0_load_10' <Predicate = (icmp_ln85_3 & add_ln86_3 == 2)> <Delay = 3.25> <CoreInst = "RAM_2P_BRAM">   --->   Core 90 'RAM_2P_BRAM' <Latency = 1> <II = 1> <Delay = 3.25> <Storage> <Opcode : 'load' 'store'> <Ports = 2> <Width = 7> <Depth = 196> <RAM>
ST_3 : Operation 357 [1/2] ( I:3.25ns O:3.25ns )   --->   "%input_1_load_10 = load i8 %input_1_addr_11" [../src/conv.cpp:89]   --->   Operation 357 'load' 'input_1_load_10' <Predicate = (icmp_ln85_3 & add_ln86_3 == 3)> <Delay = 3.25> <CoreInst = "RAM_2P_BRAM">   --->   Core 90 'RAM_2P_BRAM' <Latency = 1> <II = 1> <Delay = 3.25> <Storage> <Opcode : 'load' 'store'> <Ports = 2> <Width = 7> <Depth = 196> <RAM>
ST_3 : Operation 358 [1/2] ( I:3.25ns O:3.25ns )   --->   "%input_2_load_10 = load i8 %input_2_addr_10" [../src/conv.cpp:89]   --->   Operation 358 'load' 'input_2_load_10' <Predicate = (icmp_ln85_3 & add_ln86_3 == 4)> <Delay = 3.25> <CoreInst = "RAM_2P_BRAM">   --->   Core 90 'RAM_2P_BRAM' <Latency = 1> <II = 1> <Delay = 3.25> <Storage> <Opcode : 'load' 'store'> <Ports = 2> <Width = 7> <Depth = 196> <RAM>
ST_3 : Operation 359 [1/2] ( I:3.25ns O:3.25ns )   --->   "%input_3_load_10 = load i8 %input_3_addr_10" [../src/conv.cpp:89]   --->   Operation 359 'load' 'input_3_load_10' <Predicate = (icmp_ln85_3 & add_ln86_3 == 5)> <Delay = 3.25> <CoreInst = "RAM_2P_BRAM">   --->   Core 90 'RAM_2P_BRAM' <Latency = 1> <II = 1> <Delay = 3.25> <Storage> <Opcode : 'load' 'store'> <Ports = 2> <Width = 7> <Depth = 196> <RAM>
ST_3 : Operation 360 [1/2] ( I:3.25ns O:3.25ns )   --->   "%input_4_load_10 = load i8 %input_4_addr_10" [../src/conv.cpp:89]   --->   Operation 360 'load' 'input_4_load_10' <Predicate = (icmp_ln85_3 & add_ln86_3 == 6)> <Delay = 3.25> <CoreInst = "RAM_2P_BRAM">   --->   Core 90 'RAM_2P_BRAM' <Latency = 1> <II = 1> <Delay = 3.25> <Storage> <Opcode : 'load' 'store'> <Ports = 2> <Width = 7> <Depth = 196> <RAM>
ST_3 : Operation 361 [1/2] ( I:3.25ns O:3.25ns )   --->   "%input_5_load_7 = load i8 %input_5_addr_7" [../src/conv.cpp:89]   --->   Operation 361 'load' 'input_5_load_7' <Predicate = (icmp_ln85_3 & add_ln86_3 == 7)> <Delay = 3.25> <CoreInst = "RAM_2P_BRAM">   --->   Core 90 'RAM_2P_BRAM' <Latency = 1> <II = 1> <Delay = 3.25> <Storage> <Opcode : 'load' 'store'> <Ports = 2> <Width = 7> <Depth = 196> <RAM>
ST_3 : Operation 362 [1/2] ( I:3.25ns O:3.25ns )   --->   "%input_6_load_7 = load i8 %input_6_addr_7" [../src/conv.cpp:89]   --->   Operation 362 'load' 'input_6_load_7' <Predicate = (icmp_ln85_3 & add_ln86_3 == 0)> <Delay = 3.25> <CoreInst = "RAM_2P_BRAM">   --->   Core 90 'RAM_2P_BRAM' <Latency = 1> <II = 1> <Delay = 3.25> <Storage> <Opcode : 'load' 'store'> <Ports = 2> <Width = 7> <Depth = 196> <RAM>
ST_3 : Operation 363 [1/2] ( I:3.25ns O:3.25ns )   --->   "%input_7_load_7 = load i8 %input_7_addr_7" [../src/conv.cpp:89]   --->   Operation 363 'load' 'input_7_load_7' <Predicate = (icmp_ln85_3 & add_ln86_3 == 1)> <Delay = 3.25> <CoreInst = "RAM_2P_BRAM">   --->   Core 90 'RAM_2P_BRAM' <Latency = 1> <II = 1> <Delay = 3.25> <Storage> <Opcode : 'load' 'store'> <Ports = 2> <Width = 7> <Depth = 196> <RAM>
ST_3 : Operation 364 [1/1] (2.30ns)   --->   "%tmp_12_cast = sparsemux i7 @_ssdm_op_SparseMux.ap_auto.8i7.i7.i3, i3 2, i7 %input_0_load_10, i3 3, i7 %input_1_load_10, i3 4, i7 %input_2_load_10, i3 5, i7 %input_3_load_10, i3 6, i7 %input_4_load_10, i3 7, i7 %input_5_load_7, i3 0, i7 %input_6_load_7, i3 1, i7 %input_7_load_7, i7 0, i3 %add_ln86_3" [../src/conv.cpp:89]   --->   Operation 364 'sparsemux' 'tmp_12_cast' <Predicate = (icmp_ln85_3)> <Delay = 2.30> <CoreInst = "BinarySparseMux_DontCare">   --->   Core 137 'BinarySparseMux_DontCare' <Latency = 0> <II = 1> <Delay = 2.30> <FuncUnit> <Opcode : 'sparsemux'> <InPorts = 2> <OutPorts = 1>
ST_3 : Operation 365 [1/2] ( I:2.32ns O:2.32ns )   --->   "%p_ZL12conv2_weight_7_load = load i7 %p_ZL12conv2_weight_7_addr" [../src/conv.cpp:89]   --->   Operation 365 'load' 'p_ZL12conv2_weight_7_load' <Predicate = (icmp_ln85_3)> <Delay = 2.32> <CoreInst = "ROM">   --->   Core 94 'ROM' <Latency = 1> <II = 1> <Delay = 2.32> <Storage> <Opcode : 'load'> <Ports = 0> <Width = 4> <Depth = 128> <ROM>
ST_3 : Operation 366 [1/2] ( I:3.25ns O:3.25ns )   --->   "%input_0_load_11 = load i8 %input_0_addr_12" [../src/conv.cpp:89]   --->   Operation 366 'load' 'input_0_load_11' <Predicate = (and_ln85_3_read & add_ln86_3 == 1)> <Delay = 3.25> <CoreInst = "RAM_2P_BRAM">   --->   Core 90 'RAM_2P_BRAM' <Latency = 1> <II = 1> <Delay = 3.25> <Storage> <Opcode : 'load' 'store'> <Ports = 2> <Width = 7> <Depth = 196> <RAM>
ST_3 : Operation 367 [1/2] ( I:3.25ns O:3.25ns )   --->   "%input_1_load_11 = load i8 %input_1_addr_12" [../src/conv.cpp:89]   --->   Operation 367 'load' 'input_1_load_11' <Predicate = (and_ln85_3_read & add_ln86_3 == 2)> <Delay = 3.25> <CoreInst = "RAM_2P_BRAM">   --->   Core 90 'RAM_2P_BRAM' <Latency = 1> <II = 1> <Delay = 3.25> <Storage> <Opcode : 'load' 'store'> <Ports = 2> <Width = 7> <Depth = 196> <RAM>
ST_3 : Operation 368 [1/2] ( I:3.25ns O:3.25ns )   --->   "%input_2_load_11 = load i8 %input_2_addr_11" [../src/conv.cpp:89]   --->   Operation 368 'load' 'input_2_load_11' <Predicate = (and_ln85_3_read & add_ln86_3 == 3)> <Delay = 3.25> <CoreInst = "RAM_2P_BRAM">   --->   Core 90 'RAM_2P_BRAM' <Latency = 1> <II = 1> <Delay = 3.25> <Storage> <Opcode : 'load' 'store'> <Ports = 2> <Width = 7> <Depth = 196> <RAM>
ST_3 : Operation 369 [1/2] ( I:3.25ns O:3.25ns )   --->   "%input_3_load_11 = load i8 %input_3_addr_11" [../src/conv.cpp:89]   --->   Operation 369 'load' 'input_3_load_11' <Predicate = (and_ln85_3_read & add_ln86_3 == 4)> <Delay = 3.25> <CoreInst = "RAM_2P_BRAM">   --->   Core 90 'RAM_2P_BRAM' <Latency = 1> <II = 1> <Delay = 3.25> <Storage> <Opcode : 'load' 'store'> <Ports = 2> <Width = 7> <Depth = 196> <RAM>
ST_3 : Operation 370 [1/2] ( I:3.25ns O:3.25ns )   --->   "%input_4_load_11 = load i8 %input_4_addr_11" [../src/conv.cpp:89]   --->   Operation 370 'load' 'input_4_load_11' <Predicate = (and_ln85_3_read & add_ln86_3 == 5)> <Delay = 3.25> <CoreInst = "RAM_2P_BRAM">   --->   Core 90 'RAM_2P_BRAM' <Latency = 1> <II = 1> <Delay = 3.25> <Storage> <Opcode : 'load' 'store'> <Ports = 2> <Width = 7> <Depth = 196> <RAM>
ST_3 : Operation 371 [1/2] ( I:3.25ns O:3.25ns )   --->   "%input_5_load_8 = load i8 %input_5_addr_8" [../src/conv.cpp:89]   --->   Operation 371 'load' 'input_5_load_8' <Predicate = (and_ln85_3_read & add_ln86_3 == 6)> <Delay = 3.25> <CoreInst = "RAM_2P_BRAM">   --->   Core 90 'RAM_2P_BRAM' <Latency = 1> <II = 1> <Delay = 3.25> <Storage> <Opcode : 'load' 'store'> <Ports = 2> <Width = 7> <Depth = 196> <RAM>
ST_3 : Operation 372 [1/2] ( I:3.25ns O:3.25ns )   --->   "%input_6_load_8 = load i8 %input_6_addr_8" [../src/conv.cpp:89]   --->   Operation 372 'load' 'input_6_load_8' <Predicate = (and_ln85_3_read & add_ln86_3 == 7)> <Delay = 3.25> <CoreInst = "RAM_2P_BRAM">   --->   Core 90 'RAM_2P_BRAM' <Latency = 1> <II = 1> <Delay = 3.25> <Storage> <Opcode : 'load' 'store'> <Ports = 2> <Width = 7> <Depth = 196> <RAM>
ST_3 : Operation 373 [1/2] ( I:3.25ns O:3.25ns )   --->   "%input_7_load_8 = load i8 %input_7_addr_8" [../src/conv.cpp:89]   --->   Operation 373 'load' 'input_7_load_8' <Predicate = (and_ln85_3_read & add_ln86_3 == 0)> <Delay = 3.25> <CoreInst = "RAM_2P_BRAM">   --->   Core 90 'RAM_2P_BRAM' <Latency = 1> <II = 1> <Delay = 3.25> <Storage> <Opcode : 'load' 'store'> <Ports = 2> <Width = 7> <Depth = 196> <RAM>
ST_3 : Operation 374 [1/1] (2.30ns)   --->   "%tmp_14_cast = sparsemux i7 @_ssdm_op_SparseMux.ap_auto.8i7.i7.i3, i3 1, i7 %input_0_load_11, i3 2, i7 %input_1_load_11, i3 3, i7 %input_2_load_11, i3 4, i7 %input_3_load_11, i3 5, i7 %input_4_load_11, i3 6, i7 %input_5_load_8, i3 7, i7 %input_6_load_8, i3 0, i7 %input_7_load_8, i7 0, i3 %add_ln86_3" [../src/conv.cpp:89]   --->   Operation 374 'sparsemux' 'tmp_14_cast' <Predicate = (and_ln85_3_read)> <Delay = 2.30> <CoreInst = "BinarySparseMux_DontCare">   --->   Core 137 'BinarySparseMux_DontCare' <Latency = 0> <II = 1> <Delay = 2.30> <FuncUnit> <Opcode : 'sparsemux'> <InPorts = 2> <OutPorts = 1>
ST_3 : Operation 375 [1/2] ( I:2.32ns O:2.32ns )   --->   "%p_ZL12conv2_weight_8_load = load i7 %p_ZL12conv2_weight_8_addr" [../src/conv.cpp:89]   --->   Operation 375 'load' 'p_ZL12conv2_weight_8_load' <Predicate = (and_ln85_3_read)> <Delay = 2.32> <CoreInst = "ROM">   --->   Core 94 'ROM' <Latency = 1> <II = 1> <Delay = 2.32> <Storage> <Opcode : 'load'> <Ports = 0> <Width = 4> <Depth = 128> <ROM>

State 4 <SV = 3> <Delay = 1.05>
ST_4 : Operation 376 [2/3] (1.05ns) (grouped into DSP with root node add_ln89_1)   --->   "%mul_ln89 = mul i10 %sext_ln89, i10 %zext_ln89_1" [../src/conv.cpp:89]   --->   Operation 376 'mul' 'mul_ln89' <Predicate = (and_ln85_read)> <Delay = 1.05> <CoreInst = "DSP48">   --->   Core 116 'DSP48' <Latency = 3> <II = 1> <Delay = 2.15> <IPBlock> <Opcode : 'add' 'sub' 'mul' 'select'> <InPorts = 0> <OutPorts = 1> <Sync> <CReg>

State 5 <SV = 4> <Delay = 4.40>
ST_5 : Operation 377 [1/3] (0.00ns) (grouped into DSP with root node add_ln89_1)   --->   "%mul_ln89 = mul i10 %sext_ln89, i10 %zext_ln89_1" [../src/conv.cpp:89]   --->   Operation 377 'mul' 'mul_ln89' <Predicate = (and_ln85_read)> <Delay = 0.00> <CoreInst = "DSP48">   --->   Core 116 'DSP48' <Latency = 3> <II = 1> <Delay = 2.15> <IPBlock> <Opcode : 'add' 'sub' 'mul' 'select'> <InPorts = 0> <OutPorts = 1> <Sync> <CReg>
ST_5 : Operation 378 [1/1] (0.00ns)   --->   "%conv2_ap_fixed_8_5_5_3_0_ap_fixed_8_5_5_3_0_partial_sums_load = load i8 %conv2_ap_fixed_8_5_5_3_0_ap_fixed_8_5_5_3_0_partial_sums" [../src/conv.cpp:89]   --->   Operation 378 'load' 'conv2_ap_fixed_8_5_5_3_0_ap_fixed_8_5_5_3_0_partial_sums_load' <Predicate = (and_ln85_read & trunc_ln78 == 0)> <Delay = 0.00>
ST_5 : Operation 379 [1/1] (0.00ns)   --->   "%conv2_ap_fixed_8_5_5_3_0_ap_fixed_8_5_5_3_0_partial_sums_2_load = load i8 %conv2_ap_fixed_8_5_5_3_0_ap_fixed_8_5_5_3_0_partial_sums_2" [../src/conv.cpp:89]   --->   Operation 379 'load' 'conv2_ap_fixed_8_5_5_3_0_ap_fixed_8_5_5_3_0_partial_sums_2_load' <Predicate = (and_ln85_read & trunc_ln78 == 1)> <Delay = 0.00>
ST_5 : Operation 380 [1/1] (0.00ns)   --->   "%conv2_ap_fixed_8_5_5_3_0_ap_fixed_8_5_5_3_0_partial_sums_3_load = load i8 %conv2_ap_fixed_8_5_5_3_0_ap_fixed_8_5_5_3_0_partial_sums_3" [../src/conv.cpp:89]   --->   Operation 380 'load' 'conv2_ap_fixed_8_5_5_3_0_ap_fixed_8_5_5_3_0_partial_sums_3_load' <Predicate = (and_ln85_read & trunc_ln78 == 2)> <Delay = 0.00>
ST_5 : Operation 381 [1/1] (0.00ns)   --->   "%conv2_ap_fixed_8_5_5_3_0_ap_fixed_8_5_5_3_0_partial_sums_4_load = load i8 %conv2_ap_fixed_8_5_5_3_0_ap_fixed_8_5_5_3_0_partial_sums_4" [../src/conv.cpp:89]   --->   Operation 381 'load' 'conv2_ap_fixed_8_5_5_3_0_ap_fixed_8_5_5_3_0_partial_sums_4_load' <Predicate = (and_ln85_read & trunc_ln78 == 3)> <Delay = 0.00>
ST_5 : Operation 382 [1/1] (0.00ns)   --->   "%conv2_ap_fixed_8_5_5_3_0_ap_fixed_8_5_5_3_0_partial_sums_5_load = load i8 %conv2_ap_fixed_8_5_5_3_0_ap_fixed_8_5_5_3_0_partial_sums_5" [../src/conv.cpp:89]   --->   Operation 382 'load' 'conv2_ap_fixed_8_5_5_3_0_ap_fixed_8_5_5_3_0_partial_sums_5_load' <Predicate = (and_ln85_read & trunc_ln78 == 4)> <Delay = 0.00>
ST_5 : Operation 383 [1/1] (0.00ns)   --->   "%conv2_ap_fixed_8_5_5_3_0_ap_fixed_8_5_5_3_0_partial_sums_6_load = load i8 %conv2_ap_fixed_8_5_5_3_0_ap_fixed_8_5_5_3_0_partial_sums_6" [../src/conv.cpp:89]   --->   Operation 383 'load' 'conv2_ap_fixed_8_5_5_3_0_ap_fixed_8_5_5_3_0_partial_sums_6_load' <Predicate = (and_ln85_read & trunc_ln78 == 5)> <Delay = 0.00>
ST_5 : Operation 384 [1/1] (0.00ns)   --->   "%conv2_ap_fixed_8_5_5_3_0_ap_fixed_8_5_5_3_0_partial_sums_7_load = load i8 %conv2_ap_fixed_8_5_5_3_0_ap_fixed_8_5_5_3_0_partial_sums_7" [../src/conv.cpp:89]   --->   Operation 384 'load' 'conv2_ap_fixed_8_5_5_3_0_ap_fixed_8_5_5_3_0_partial_sums_7_load' <Predicate = (and_ln85_read & trunc_ln78 == 6)> <Delay = 0.00>
ST_5 : Operation 385 [1/1] (0.00ns)   --->   "%conv2_ap_fixed_8_5_5_3_0_ap_fixed_8_5_5_3_0_partial_sums_8_load = load i8 %conv2_ap_fixed_8_5_5_3_0_ap_fixed_8_5_5_3_0_partial_sums_8" [../src/conv.cpp:89]   --->   Operation 385 'load' 'conv2_ap_fixed_8_5_5_3_0_ap_fixed_8_5_5_3_0_partial_sums_8_load' <Predicate = (and_ln85_read & trunc_ln78 == 7)> <Delay = 0.00>
ST_5 : Operation 386 [1/1] (2.30ns)   --->   "%tmp_1 = sparsemux i8 @_ssdm_op_SparseMux.ap_auto.8i8.i8.i3, i3 0, i8 %conv2_ap_fixed_8_5_5_3_0_ap_fixed_8_5_5_3_0_partial_sums_load, i3 1, i8 %conv2_ap_fixed_8_5_5_3_0_ap_fixed_8_5_5_3_0_partial_sums_2_load, i3 2, i8 %conv2_ap_fixed_8_5_5_3_0_ap_fixed_8_5_5_3_0_partial_sums_3_load, i3 3, i8 %conv2_ap_fixed_8_5_5_3_0_ap_fixed_8_5_5_3_0_partial_sums_4_load, i3 4, i8 %conv2_ap_fixed_8_5_5_3_0_ap_fixed_8_5_5_3_0_partial_sums_5_load, i3 5, i8 %conv2_ap_fixed_8_5_5_3_0_ap_fixed_8_5_5_3_0_partial_sums_6_load, i3 6, i8 %conv2_ap_fixed_8_5_5_3_0_ap_fixed_8_5_5_3_0_partial_sums_7_load, i3 7, i8 %conv2_ap_fixed_8_5_5_3_0_ap_fixed_8_5_5_3_0_partial_sums_8_load, i8 0, i3 %trunc_ln78" [../src/conv.cpp:89]   --->   Operation 386 'sparsemux' 'tmp_1' <Predicate = (and_ln85_read)> <Delay = 2.30> <CoreInst = "BinarySparseMux_DontCare">   --->   Core 137 'BinarySparseMux_DontCare' <Latency = 0> <II = 1> <Delay = 2.30> <FuncUnit> <Opcode : 'sparsemux'> <InPorts = 2> <OutPorts = 1>
ST_5 : Operation 387 [1/1] (0.00ns)   --->   "%shl_ln3 = bitconcatenate i11 @_ssdm_op_BitConcatenate.i11.i8.i3, i8 %tmp_1, i3 0" [../src/conv.cpp:89]   --->   Operation 387 'bitconcatenate' 'shl_ln3' <Predicate = (and_ln85_read)> <Delay = 0.00>
ST_5 : Operation 388 [1/1] (0.00ns)   --->   "%sext_ln89_1 = sext i11 %shl_ln3" [../src/conv.cpp:89]   --->   Operation 388 'sext' 'sext_ln89_1' <Predicate = (and_ln85_read)> <Delay = 0.00>
ST_5 : Operation 389 [1/1] (0.00ns) (grouped into DSP with root node add_ln89_1)   --->   "%sext_ln89_2 = sext i10 %mul_ln89" [../src/conv.cpp:89]   --->   Operation 389 'sext' 'sext_ln89_2' <Predicate = (and_ln85_read)> <Delay = 0.00>
ST_5 : Operation 390 [2/2] (2.10ns) (root node of the DSP)   --->   "%add_ln89_1 = add i12 %sext_ln89_1, i12 %sext_ln89_2" [../src/conv.cpp:89]   --->   Operation 390 'add' 'add_ln89_1' <Predicate = (and_ln85_read)> <Delay = 2.10> <CoreInst = "DSP48">   --->   Core 116 'DSP48' <Latency = 3> <II = 1> <Delay = 2.15> <IPBlock> <Opcode : 'add' 'sub' 'mul' 'select'> <InPorts = 0> <OutPorts = 1> <Sync> <CReg>

State 6 <SV = 5> <Delay = 6.18>
ST_6 : Operation 391 [1/2] (2.10ns) (root node of the DSP)   --->   "%add_ln89_1 = add i12 %sext_ln89_1, i12 %sext_ln89_2" [../src/conv.cpp:89]   --->   Operation 391 'add' 'add_ln89_1' <Predicate = (and_ln85_read)> <Delay = 2.10> <CoreInst = "DSP48">   --->   Core 116 'DSP48' <Latency = 3> <II = 1> <Delay = 2.15> <IPBlock> <Opcode : 'add' 'sub' 'mul' 'select'> <InPorts = 0> <OutPorts = 1> <Sync> <CReg>
ST_6 : Operation 392 [1/1] (1.54ns)   --->   "%icmp_ln89 = icmp_eq  i12 %add_ln89_1, i12 0" [../src/conv.cpp:89]   --->   Operation 392 'icmp' 'icmp_ln89' <Predicate = (and_ln85_read)> <Delay = 1.54> <CoreInst = "Cmp">   --->   Core 9 'Cmp' <Latency = 0> <II = 1> <Delay = 1.54> <FuncUnit> <Opcode : 'seteq' 'setne' 'setle' 'setge' 'setlt' 'setgt'> <InPorts = 2> <OutPorts = 1>
ST_6 : Operation 393 [1/1] (0.00ns)   --->   "%br_ln89 = br i1 %icmp_ln89, void %if.end.i.i83, void %if.then.i.i81" [../src/conv.cpp:89]   --->   Operation 393 'br' 'br_ln89' <Predicate = (and_ln85_read)> <Delay = 0.00>
ST_6 : Operation 394 [1/1] (1.65ns)   --->   "%switch_ln89 = switch i3 %trunc_ln78, void %V42.i.i26.i.i121.case.7236, i3 0, void %V42.i.i26.i.i121.case.0229, i3 1, void %V42.i.i26.i.i121.case.1230, i3 2, void %V42.i.i26.i.i121.case.2231, i3 3, void %V42.i.i26.i.i121.case.3232, i3 4, void %V42.i.i26.i.i121.case.4233, i3 5, void %V42.i.i26.i.i121.case.5234, i3 6, void %V42.i.i26.i.i121.case.6235" [../src/conv.cpp:89]   --->   Operation 394 'switch' 'switch_ln89' <Predicate = (and_ln85_read & icmp_ln89)> <Delay = 1.65>
ST_6 : Operation 395 [1/1] (2.54ns)   --->   "%store_ln89 = store i8 0, i8 %conv2_ap_fixed_8_5_5_3_0_ap_fixed_8_5_5_3_0_partial_sums_7" [../src/conv.cpp:89]   --->   Operation 395 'store' 'store_ln89' <Predicate = (and_ln85_read & icmp_ln89 & trunc_ln78 == 6)> <Delay = 2.54>
ST_6 : Operation 396 [1/1] (0.00ns)   --->   "%br_ln89 = br void %V42.i.i26.i.i121.exit228" [../src/conv.cpp:89]   --->   Operation 396 'br' 'br_ln89' <Predicate = (and_ln85_read & icmp_ln89 & trunc_ln78 == 6)> <Delay = 0.00>
ST_6 : Operation 397 [1/1] (2.54ns)   --->   "%store_ln89 = store i8 0, i8 %conv2_ap_fixed_8_5_5_3_0_ap_fixed_8_5_5_3_0_partial_sums_6" [../src/conv.cpp:89]   --->   Operation 397 'store' 'store_ln89' <Predicate = (and_ln85_read & icmp_ln89 & trunc_ln78 == 5)> <Delay = 2.54>
ST_6 : Operation 398 [1/1] (0.00ns)   --->   "%br_ln89 = br void %V42.i.i26.i.i121.exit228" [../src/conv.cpp:89]   --->   Operation 398 'br' 'br_ln89' <Predicate = (and_ln85_read & icmp_ln89 & trunc_ln78 == 5)> <Delay = 0.00>
ST_6 : Operation 399 [1/1] (2.54ns)   --->   "%store_ln89 = store i8 0, i8 %conv2_ap_fixed_8_5_5_3_0_ap_fixed_8_5_5_3_0_partial_sums_5" [../src/conv.cpp:89]   --->   Operation 399 'store' 'store_ln89' <Predicate = (and_ln85_read & icmp_ln89 & trunc_ln78 == 4)> <Delay = 2.54>
ST_6 : Operation 400 [1/1] (0.00ns)   --->   "%br_ln89 = br void %V42.i.i26.i.i121.exit228" [../src/conv.cpp:89]   --->   Operation 400 'br' 'br_ln89' <Predicate = (and_ln85_read & icmp_ln89 & trunc_ln78 == 4)> <Delay = 0.00>
ST_6 : Operation 401 [1/1] (2.54ns)   --->   "%store_ln89 = store i8 0, i8 %conv2_ap_fixed_8_5_5_3_0_ap_fixed_8_5_5_3_0_partial_sums_4" [../src/conv.cpp:89]   --->   Operation 401 'store' 'store_ln89' <Predicate = (and_ln85_read & icmp_ln89 & trunc_ln78 == 3)> <Delay = 2.54>
ST_6 : Operation 402 [1/1] (0.00ns)   --->   "%br_ln89 = br void %V42.i.i26.i.i121.exit228" [../src/conv.cpp:89]   --->   Operation 402 'br' 'br_ln89' <Predicate = (and_ln85_read & icmp_ln89 & trunc_ln78 == 3)> <Delay = 0.00>
ST_6 : Operation 403 [1/1] (2.54ns)   --->   "%store_ln89 = store i8 0, i8 %conv2_ap_fixed_8_5_5_3_0_ap_fixed_8_5_5_3_0_partial_sums_3" [../src/conv.cpp:89]   --->   Operation 403 'store' 'store_ln89' <Predicate = (and_ln85_read & icmp_ln89 & trunc_ln78 == 2)> <Delay = 2.54>
ST_6 : Operation 404 [1/1] (0.00ns)   --->   "%br_ln89 = br void %V42.i.i26.i.i121.exit228" [../src/conv.cpp:89]   --->   Operation 404 'br' 'br_ln89' <Predicate = (and_ln85_read & icmp_ln89 & trunc_ln78 == 2)> <Delay = 0.00>
ST_6 : Operation 405 [1/1] (2.54ns)   --->   "%store_ln89 = store i8 0, i8 %conv2_ap_fixed_8_5_5_3_0_ap_fixed_8_5_5_3_0_partial_sums_2" [../src/conv.cpp:89]   --->   Operation 405 'store' 'store_ln89' <Predicate = (and_ln85_read & icmp_ln89 & trunc_ln78 == 1)> <Delay = 2.54>
ST_6 : Operation 406 [1/1] (0.00ns)   --->   "%br_ln89 = br void %V42.i.i26.i.i121.exit228" [../src/conv.cpp:89]   --->   Operation 406 'br' 'br_ln89' <Predicate = (and_ln85_read & icmp_ln89 & trunc_ln78 == 1)> <Delay = 0.00>
ST_6 : Operation 407 [1/1] (2.54ns)   --->   "%store_ln89 = store i8 0, i8 %conv2_ap_fixed_8_5_5_3_0_ap_fixed_8_5_5_3_0_partial_sums" [../src/conv.cpp:89]   --->   Operation 407 'store' 'store_ln89' <Predicate = (and_ln85_read & icmp_ln89 & trunc_ln78 == 0)> <Delay = 2.54>
ST_6 : Operation 408 [1/1] (0.00ns)   --->   "%br_ln89 = br void %V42.i.i26.i.i121.exit228" [../src/conv.cpp:89]   --->   Operation 408 'br' 'br_ln89' <Predicate = (and_ln85_read & icmp_ln89 & trunc_ln78 == 0)> <Delay = 0.00>
ST_6 : Operation 409 [1/1] (2.54ns)   --->   "%store_ln89 = store i8 0, i8 %conv2_ap_fixed_8_5_5_3_0_ap_fixed_8_5_5_3_0_partial_sums_8" [../src/conv.cpp:89]   --->   Operation 409 'store' 'store_ln89' <Predicate = (and_ln85_read & icmp_ln89 & trunc_ln78 == 7)> <Delay = 2.54>
ST_6 : Operation 410 [1/1] (0.00ns)   --->   "%br_ln89 = br void %V42.i.i26.i.i121.exit228" [../src/conv.cpp:89]   --->   Operation 410 'br' 'br_ln89' <Predicate = (and_ln85_read & icmp_ln89 & trunc_ln78 == 7)> <Delay = 0.00>
ST_6 : Operation 411 [1/1] (0.00ns)   --->   "%trunc_ln6 = partselect i8 @_ssdm_op_PartSelect.i8.i12.i32.i32, i12 %add_ln89_1, i32 3, i32 10" [../src/conv.cpp:89]   --->   Operation 411 'partselect' 'trunc_ln6' <Predicate = (and_ln85_read)> <Delay = 0.00>
ST_6 : Operation 412 [1/1] (1.65ns)   --->   "%switch_ln89 = switch i3 %trunc_ln78, void %V42.i.i26.i.i121.case.7227, i3 0, void %V42.i.i26.i.i121.case.0220, i3 1, void %V42.i.i26.i.i121.case.1221, i3 2, void %V42.i.i26.i.i121.case.2222, i3 3, void %V42.i.i26.i.i121.case.3223, i3 4, void %V42.i.i26.i.i121.case.4224, i3 5, void %V42.i.i26.i.i121.case.5225, i3 6, void %V42.i.i26.i.i121.case.6226" [../src/conv.cpp:89]   --->   Operation 412 'switch' 'switch_ln89' <Predicate = (and_ln85_read)> <Delay = 1.65>
ST_6 : Operation 413 [1/1] (2.54ns)   --->   "%store_ln89 = store i8 %trunc_ln6, i8 %conv2_ap_fixed_8_5_5_3_0_ap_fixed_8_5_5_3_0_partial_sums_7" [../src/conv.cpp:89]   --->   Operation 413 'store' 'store_ln89' <Predicate = (and_ln85_read & trunc_ln78 == 6)> <Delay = 2.54>
ST_6 : Operation 414 [1/1] (0.00ns)   --->   "%br_ln89 = br void %V42.i.i26.i.i121.exit219" [../src/conv.cpp:89]   --->   Operation 414 'br' 'br_ln89' <Predicate = (and_ln85_read & trunc_ln78 == 6)> <Delay = 0.00>
ST_6 : Operation 415 [1/1] (2.54ns)   --->   "%store_ln89 = store i8 %trunc_ln6, i8 %conv2_ap_fixed_8_5_5_3_0_ap_fixed_8_5_5_3_0_partial_sums_6" [../src/conv.cpp:89]   --->   Operation 415 'store' 'store_ln89' <Predicate = (and_ln85_read & trunc_ln78 == 5)> <Delay = 2.54>
ST_6 : Operation 416 [1/1] (0.00ns)   --->   "%br_ln89 = br void %V42.i.i26.i.i121.exit219" [../src/conv.cpp:89]   --->   Operation 416 'br' 'br_ln89' <Predicate = (and_ln85_read & trunc_ln78 == 5)> <Delay = 0.00>
ST_6 : Operation 417 [1/1] (2.54ns)   --->   "%store_ln89 = store i8 %trunc_ln6, i8 %conv2_ap_fixed_8_5_5_3_0_ap_fixed_8_5_5_3_0_partial_sums_5" [../src/conv.cpp:89]   --->   Operation 417 'store' 'store_ln89' <Predicate = (and_ln85_read & trunc_ln78 == 4)> <Delay = 2.54>
ST_6 : Operation 418 [1/1] (0.00ns)   --->   "%br_ln89 = br void %V42.i.i26.i.i121.exit219" [../src/conv.cpp:89]   --->   Operation 418 'br' 'br_ln89' <Predicate = (and_ln85_read & trunc_ln78 == 4)> <Delay = 0.00>
ST_6 : Operation 419 [1/1] (2.54ns)   --->   "%store_ln89 = store i8 %trunc_ln6, i8 %conv2_ap_fixed_8_5_5_3_0_ap_fixed_8_5_5_3_0_partial_sums_4" [../src/conv.cpp:89]   --->   Operation 419 'store' 'store_ln89' <Predicate = (and_ln85_read & trunc_ln78 == 3)> <Delay = 2.54>
ST_6 : Operation 420 [1/1] (0.00ns)   --->   "%br_ln89 = br void %V42.i.i26.i.i121.exit219" [../src/conv.cpp:89]   --->   Operation 420 'br' 'br_ln89' <Predicate = (and_ln85_read & trunc_ln78 == 3)> <Delay = 0.00>
ST_6 : Operation 421 [1/1] (2.54ns)   --->   "%store_ln89 = store i8 %trunc_ln6, i8 %conv2_ap_fixed_8_5_5_3_0_ap_fixed_8_5_5_3_0_partial_sums_3" [../src/conv.cpp:89]   --->   Operation 421 'store' 'store_ln89' <Predicate = (and_ln85_read & trunc_ln78 == 2)> <Delay = 2.54>
ST_6 : Operation 422 [1/1] (0.00ns)   --->   "%br_ln89 = br void %V42.i.i26.i.i121.exit219" [../src/conv.cpp:89]   --->   Operation 422 'br' 'br_ln89' <Predicate = (and_ln85_read & trunc_ln78 == 2)> <Delay = 0.00>
ST_6 : Operation 423 [1/1] (2.54ns)   --->   "%store_ln89 = store i8 %trunc_ln6, i8 %conv2_ap_fixed_8_5_5_3_0_ap_fixed_8_5_5_3_0_partial_sums_2" [../src/conv.cpp:89]   --->   Operation 423 'store' 'store_ln89' <Predicate = (and_ln85_read & trunc_ln78 == 1)> <Delay = 2.54>
ST_6 : Operation 424 [1/1] (0.00ns)   --->   "%br_ln89 = br void %V42.i.i26.i.i121.exit219" [../src/conv.cpp:89]   --->   Operation 424 'br' 'br_ln89' <Predicate = (and_ln85_read & trunc_ln78 == 1)> <Delay = 0.00>
ST_6 : Operation 425 [1/1] (2.54ns)   --->   "%store_ln89 = store i8 %trunc_ln6, i8 %conv2_ap_fixed_8_5_5_3_0_ap_fixed_8_5_5_3_0_partial_sums" [../src/conv.cpp:89]   --->   Operation 425 'store' 'store_ln89' <Predicate = (and_ln85_read & trunc_ln78 == 0)> <Delay = 2.54>
ST_6 : Operation 426 [1/1] (0.00ns)   --->   "%br_ln89 = br void %V42.i.i26.i.i121.exit219" [../src/conv.cpp:89]   --->   Operation 426 'br' 'br_ln89' <Predicate = (and_ln85_read & trunc_ln78 == 0)> <Delay = 0.00>
ST_6 : Operation 427 [1/1] (2.54ns)   --->   "%store_ln89 = store i8 %trunc_ln6, i8 %conv2_ap_fixed_8_5_5_3_0_ap_fixed_8_5_5_3_0_partial_sums_8" [../src/conv.cpp:89]   --->   Operation 427 'store' 'store_ln89' <Predicate = (and_ln85_read & trunc_ln78 == 7)> <Delay = 2.54>
ST_6 : Operation 428 [1/1] (0.00ns)   --->   "%br_ln89 = br void %V42.i.i26.i.i121.exit219" [../src/conv.cpp:89]   --->   Operation 428 'br' 'br_ln89' <Predicate = (and_ln85_read & trunc_ln78 == 7)> <Delay = 0.00>
ST_6 : Operation 429 [1/1] (0.00ns)   --->   "%zext_ln89_3 = zext i7 %tmp_2_cast" [../src/conv.cpp:89]   --->   Operation 429 'zext' 'zext_ln89_3' <Predicate = (icmp_ln85)> <Delay = 0.00>
ST_6 : Operation 430 [1/1] (0.00ns)   --->   "%sext_ln89_3 = sext i4 %p_ZL12conv2_weight_1_load" [../src/conv.cpp:89]   --->   Operation 430 'sext' 'sext_ln89_3' <Predicate = (icmp_ln85)> <Delay = 0.00>
ST_6 : Operation 431 [1/1] (3.74ns)   --->   "%mul_ln89_1 = mul i11 %sext_ln89_3, i11 %zext_ln89_3" [../src/conv.cpp:89]   --->   Operation 431 'mul' 'mul_ln89_1' <Predicate = (icmp_ln85)> <Delay = 3.74> <CoreInst = "Multiplier">   --->   Core 3 'Multiplier' <Latency = 0> <II = 1> <Delay = 3.74> <FuncUnit> <Opcode : 'mul'> <InPorts = 2> <OutPorts = 1>

State 7 <SV = 6> <Delay = 6.48>
ST_7 : Operation 432 [1/1] (0.00ns)   --->   "%br_ln89 = br void %if.end.i.i83" [../src/conv.cpp:89]   --->   Operation 432 'br' 'br_ln89' <Predicate = (and_ln85_read & icmp_ln89)> <Delay = 0.00>
ST_7 : Operation 433 [1/1] (0.00ns)   --->   "%br_ln90 = br void %for.inc50" [../src/conv.cpp:90]   --->   Operation 433 'br' 'br_ln90' <Predicate = (and_ln85_read)> <Delay = 0.00>
ST_7 : Operation 434 [1/1] (0.00ns)   --->   "%conv2_ap_fixed_8_5_5_3_0_ap_fixed_8_5_5_3_0_partial_sums_load_1 = load i8 %conv2_ap_fixed_8_5_5_3_0_ap_fixed_8_5_5_3_0_partial_sums" [../src/conv.cpp:89]   --->   Operation 434 'load' 'conv2_ap_fixed_8_5_5_3_0_ap_fixed_8_5_5_3_0_partial_sums_load_1' <Predicate = (trunc_ln78 == 0 & icmp_ln85)> <Delay = 0.00>
ST_7 : Operation 435 [1/1] (0.00ns)   --->   "%conv2_ap_fixed_8_5_5_3_0_ap_fixed_8_5_5_3_0_partial_sums_2_load_1 = load i8 %conv2_ap_fixed_8_5_5_3_0_ap_fixed_8_5_5_3_0_partial_sums_2" [../src/conv.cpp:89]   --->   Operation 435 'load' 'conv2_ap_fixed_8_5_5_3_0_ap_fixed_8_5_5_3_0_partial_sums_2_load_1' <Predicate = (trunc_ln78 == 1 & icmp_ln85)> <Delay = 0.00>
ST_7 : Operation 436 [1/1] (0.00ns)   --->   "%conv2_ap_fixed_8_5_5_3_0_ap_fixed_8_5_5_3_0_partial_sums_3_load_1 = load i8 %conv2_ap_fixed_8_5_5_3_0_ap_fixed_8_5_5_3_0_partial_sums_3" [../src/conv.cpp:89]   --->   Operation 436 'load' 'conv2_ap_fixed_8_5_5_3_0_ap_fixed_8_5_5_3_0_partial_sums_3_load_1' <Predicate = (trunc_ln78 == 2 & icmp_ln85)> <Delay = 0.00>
ST_7 : Operation 437 [1/1] (0.00ns)   --->   "%conv2_ap_fixed_8_5_5_3_0_ap_fixed_8_5_5_3_0_partial_sums_4_load_1 = load i8 %conv2_ap_fixed_8_5_5_3_0_ap_fixed_8_5_5_3_0_partial_sums_4" [../src/conv.cpp:89]   --->   Operation 437 'load' 'conv2_ap_fixed_8_5_5_3_0_ap_fixed_8_5_5_3_0_partial_sums_4_load_1' <Predicate = (trunc_ln78 == 3 & icmp_ln85)> <Delay = 0.00>
ST_7 : Operation 438 [1/1] (0.00ns)   --->   "%conv2_ap_fixed_8_5_5_3_0_ap_fixed_8_5_5_3_0_partial_sums_5_load_1 = load i8 %conv2_ap_fixed_8_5_5_3_0_ap_fixed_8_5_5_3_0_partial_sums_5" [../src/conv.cpp:89]   --->   Operation 438 'load' 'conv2_ap_fixed_8_5_5_3_0_ap_fixed_8_5_5_3_0_partial_sums_5_load_1' <Predicate = (trunc_ln78 == 4 & icmp_ln85)> <Delay = 0.00>
ST_7 : Operation 439 [1/1] (0.00ns)   --->   "%conv2_ap_fixed_8_5_5_3_0_ap_fixed_8_5_5_3_0_partial_sums_6_load_1 = load i8 %conv2_ap_fixed_8_5_5_3_0_ap_fixed_8_5_5_3_0_partial_sums_6" [../src/conv.cpp:89]   --->   Operation 439 'load' 'conv2_ap_fixed_8_5_5_3_0_ap_fixed_8_5_5_3_0_partial_sums_6_load_1' <Predicate = (trunc_ln78 == 5 & icmp_ln85)> <Delay = 0.00>
ST_7 : Operation 440 [1/1] (0.00ns)   --->   "%conv2_ap_fixed_8_5_5_3_0_ap_fixed_8_5_5_3_0_partial_sums_7_load_1 = load i8 %conv2_ap_fixed_8_5_5_3_0_ap_fixed_8_5_5_3_0_partial_sums_7" [../src/conv.cpp:89]   --->   Operation 440 'load' 'conv2_ap_fixed_8_5_5_3_0_ap_fixed_8_5_5_3_0_partial_sums_7_load_1' <Predicate = (trunc_ln78 == 6 & icmp_ln85)> <Delay = 0.00>
ST_7 : Operation 441 [1/1] (0.00ns)   --->   "%conv2_ap_fixed_8_5_5_3_0_ap_fixed_8_5_5_3_0_partial_sums_8_load_1 = load i8 %conv2_ap_fixed_8_5_5_3_0_ap_fixed_8_5_5_3_0_partial_sums_8" [../src/conv.cpp:89]   --->   Operation 441 'load' 'conv2_ap_fixed_8_5_5_3_0_ap_fixed_8_5_5_3_0_partial_sums_8_load_1' <Predicate = (trunc_ln78 == 7 & icmp_ln85)> <Delay = 0.00>
ST_7 : Operation 442 [1/1] (2.30ns)   --->   "%tmp_3 = sparsemux i8 @_ssdm_op_SparseMux.ap_auto.8i8.i8.i3, i3 0, i8 %conv2_ap_fixed_8_5_5_3_0_ap_fixed_8_5_5_3_0_partial_sums_load_1, i3 1, i8 %conv2_ap_fixed_8_5_5_3_0_ap_fixed_8_5_5_3_0_partial_sums_2_load_1, i3 2, i8 %conv2_ap_fixed_8_5_5_3_0_ap_fixed_8_5_5_3_0_partial_sums_3_load_1, i3 3, i8 %conv2_ap_fixed_8_5_5_3_0_ap_fixed_8_5_5_3_0_partial_sums_4_load_1, i3 4, i8 %conv2_ap_fixed_8_5_5_3_0_ap_fixed_8_5_5_3_0_partial_sums_5_load_1, i3 5, i8 %conv2_ap_fixed_8_5_5_3_0_ap_fixed_8_5_5_3_0_partial_sums_6_load_1, i3 6, i8 %conv2_ap_fixed_8_5_5_3_0_ap_fixed_8_5_5_3_0_partial_sums_7_load_1, i3 7, i8 %conv2_ap_fixed_8_5_5_3_0_ap_fixed_8_5_5_3_0_partial_sums_8_load_1, i8 0, i3 %trunc_ln78" [../src/conv.cpp:89]   --->   Operation 442 'sparsemux' 'tmp_3' <Predicate = (icmp_ln85)> <Delay = 2.30> <CoreInst = "BinarySparseMux_DontCare">   --->   Core 137 'BinarySparseMux_DontCare' <Latency = 0> <II = 1> <Delay = 2.30> <FuncUnit> <Opcode : 'sparsemux'> <InPorts = 2> <OutPorts = 1>
ST_7 : Operation 443 [1/1] (0.00ns)   --->   "%shl_ln89_1 = bitconcatenate i11 @_ssdm_op_BitConcatenate.i11.i8.i3, i8 %tmp_3, i3 0" [../src/conv.cpp:89]   --->   Operation 443 'bitconcatenate' 'shl_ln89_1' <Predicate = (icmp_ln85)> <Delay = 0.00>
ST_7 : Operation 444 [1/1] (1.63ns)   --->   "%add_ln89_3 = add i11 %shl_ln89_1, i11 %mul_ln89_1" [../src/conv.cpp:89]   --->   Operation 444 'add' 'add_ln89_3' <Predicate = (icmp_ln85)> <Delay = 1.63> <CoreInst = "Adder">   --->   Core 1 'Adder' <Latency = 0> <II = 1> <Delay = 1.63> <FuncUnit> <Opcode : 'add' 'sub'> <InPorts = 2> <OutPorts = 1>
ST_7 : Operation 445 [1/1] (1.63ns)   --->   "%sub_ln89 = sub i11 0, i11 %mul_ln89_1" [../src/conv.cpp:89]   --->   Operation 445 'sub' 'sub_ln89' <Predicate = (icmp_ln85)> <Delay = 1.63> <CoreInst = "Adder">   --->   Core 1 'Adder' <Latency = 0> <II = 1> <Delay = 1.63> <FuncUnit> <Opcode : 'add' 'sub'> <InPorts = 2> <OutPorts = 1>
ST_7 : Operation 446 [1/1] (1.63ns)   --->   "%icmp_ln89_2 = icmp_eq  i11 %shl_ln89_1, i11 %sub_ln89" [../src/conv.cpp:89]   --->   Operation 446 'icmp' 'icmp_ln89_2' <Predicate = (icmp_ln85)> <Delay = 1.63> <CoreInst = "Cmp">   --->   Core 9 'Cmp' <Latency = 0> <II = 1> <Delay = 1.63> <FuncUnit> <Opcode : 'seteq' 'setne' 'setle' 'setge' 'setlt' 'setgt'> <InPorts = 2> <OutPorts = 1>
ST_7 : Operation 447 [1/1] (0.00ns)   --->   "%br_ln89 = br i1 %icmp_ln89_2, void %if.end.i.i83.155, void %if.then.i.i81.154" [../src/conv.cpp:89]   --->   Operation 447 'br' 'br_ln89' <Predicate = (icmp_ln85)> <Delay = 0.00>
ST_7 : Operation 448 [1/1] (1.65ns)   --->   "%switch_ln89 = switch i3 %trunc_ln78, void %V42.i.i26.i.i121.case.773, i3 0, void %V42.i.i26.i.i121.case.066, i3 1, void %V42.i.i26.i.i121.case.167, i3 2, void %V42.i.i26.i.i121.case.268, i3 3, void %V42.i.i26.i.i121.case.369, i3 4, void %V42.i.i26.i.i121.case.470, i3 5, void %V42.i.i26.i.i121.case.571, i3 6, void %V42.i.i26.i.i121.case.672" [../src/conv.cpp:89]   --->   Operation 448 'switch' 'switch_ln89' <Predicate = (icmp_ln85 & icmp_ln89_2)> <Delay = 1.65>
ST_7 : Operation 449 [1/1] (2.54ns)   --->   "%store_ln89 = store i8 0, i8 %conv2_ap_fixed_8_5_5_3_0_ap_fixed_8_5_5_3_0_partial_sums_7" [../src/conv.cpp:89]   --->   Operation 449 'store' 'store_ln89' <Predicate = (trunc_ln78 == 6 & icmp_ln85 & icmp_ln89_2)> <Delay = 2.54>
ST_7 : Operation 450 [1/1] (0.00ns)   --->   "%br_ln89 = br void %V42.i.i26.i.i121.exit65" [../src/conv.cpp:89]   --->   Operation 450 'br' 'br_ln89' <Predicate = (trunc_ln78 == 6 & icmp_ln85 & icmp_ln89_2)> <Delay = 0.00>
ST_7 : Operation 451 [1/1] (2.54ns)   --->   "%store_ln89 = store i8 0, i8 %conv2_ap_fixed_8_5_5_3_0_ap_fixed_8_5_5_3_0_partial_sums_6" [../src/conv.cpp:89]   --->   Operation 451 'store' 'store_ln89' <Predicate = (trunc_ln78 == 5 & icmp_ln85 & icmp_ln89_2)> <Delay = 2.54>
ST_7 : Operation 452 [1/1] (0.00ns)   --->   "%br_ln89 = br void %V42.i.i26.i.i121.exit65" [../src/conv.cpp:89]   --->   Operation 452 'br' 'br_ln89' <Predicate = (trunc_ln78 == 5 & icmp_ln85 & icmp_ln89_2)> <Delay = 0.00>
ST_7 : Operation 453 [1/1] (2.54ns)   --->   "%store_ln89 = store i8 0, i8 %conv2_ap_fixed_8_5_5_3_0_ap_fixed_8_5_5_3_0_partial_sums_5" [../src/conv.cpp:89]   --->   Operation 453 'store' 'store_ln89' <Predicate = (trunc_ln78 == 4 & icmp_ln85 & icmp_ln89_2)> <Delay = 2.54>
ST_7 : Operation 454 [1/1] (0.00ns)   --->   "%br_ln89 = br void %V42.i.i26.i.i121.exit65" [../src/conv.cpp:89]   --->   Operation 454 'br' 'br_ln89' <Predicate = (trunc_ln78 == 4 & icmp_ln85 & icmp_ln89_2)> <Delay = 0.00>
ST_7 : Operation 455 [1/1] (2.54ns)   --->   "%store_ln89 = store i8 0, i8 %conv2_ap_fixed_8_5_5_3_0_ap_fixed_8_5_5_3_0_partial_sums_4" [../src/conv.cpp:89]   --->   Operation 455 'store' 'store_ln89' <Predicate = (trunc_ln78 == 3 & icmp_ln85 & icmp_ln89_2)> <Delay = 2.54>
ST_7 : Operation 456 [1/1] (0.00ns)   --->   "%br_ln89 = br void %V42.i.i26.i.i121.exit65" [../src/conv.cpp:89]   --->   Operation 456 'br' 'br_ln89' <Predicate = (trunc_ln78 == 3 & icmp_ln85 & icmp_ln89_2)> <Delay = 0.00>
ST_7 : Operation 457 [1/1] (2.54ns)   --->   "%store_ln89 = store i8 0, i8 %conv2_ap_fixed_8_5_5_3_0_ap_fixed_8_5_5_3_0_partial_sums_3" [../src/conv.cpp:89]   --->   Operation 457 'store' 'store_ln89' <Predicate = (trunc_ln78 == 2 & icmp_ln85 & icmp_ln89_2)> <Delay = 2.54>
ST_7 : Operation 458 [1/1] (0.00ns)   --->   "%br_ln89 = br void %V42.i.i26.i.i121.exit65" [../src/conv.cpp:89]   --->   Operation 458 'br' 'br_ln89' <Predicate = (trunc_ln78 == 2 & icmp_ln85 & icmp_ln89_2)> <Delay = 0.00>
ST_7 : Operation 459 [1/1] (2.54ns)   --->   "%store_ln89 = store i8 0, i8 %conv2_ap_fixed_8_5_5_3_0_ap_fixed_8_5_5_3_0_partial_sums_2" [../src/conv.cpp:89]   --->   Operation 459 'store' 'store_ln89' <Predicate = (trunc_ln78 == 1 & icmp_ln85 & icmp_ln89_2)> <Delay = 2.54>
ST_7 : Operation 460 [1/1] (0.00ns)   --->   "%br_ln89 = br void %V42.i.i26.i.i121.exit65" [../src/conv.cpp:89]   --->   Operation 460 'br' 'br_ln89' <Predicate = (trunc_ln78 == 1 & icmp_ln85 & icmp_ln89_2)> <Delay = 0.00>
ST_7 : Operation 461 [1/1] (2.54ns)   --->   "%store_ln89 = store i8 0, i8 %conv2_ap_fixed_8_5_5_3_0_ap_fixed_8_5_5_3_0_partial_sums" [../src/conv.cpp:89]   --->   Operation 461 'store' 'store_ln89' <Predicate = (trunc_ln78 == 0 & icmp_ln85 & icmp_ln89_2)> <Delay = 2.54>
ST_7 : Operation 462 [1/1] (0.00ns)   --->   "%br_ln89 = br void %V42.i.i26.i.i121.exit65" [../src/conv.cpp:89]   --->   Operation 462 'br' 'br_ln89' <Predicate = (trunc_ln78 == 0 & icmp_ln85 & icmp_ln89_2)> <Delay = 0.00>
ST_7 : Operation 463 [1/1] (2.54ns)   --->   "%store_ln89 = store i8 0, i8 %conv2_ap_fixed_8_5_5_3_0_ap_fixed_8_5_5_3_0_partial_sums_8" [../src/conv.cpp:89]   --->   Operation 463 'store' 'store_ln89' <Predicate = (trunc_ln78 == 7 & icmp_ln85 & icmp_ln89_2)> <Delay = 2.54>
ST_7 : Operation 464 [1/1] (0.00ns)   --->   "%br_ln89 = br void %V42.i.i26.i.i121.exit65" [../src/conv.cpp:89]   --->   Operation 464 'br' 'br_ln89' <Predicate = (trunc_ln78 == 7 & icmp_ln85 & icmp_ln89_2)> <Delay = 0.00>
ST_7 : Operation 465 [1/1] (0.00ns)   --->   "%trunc_ln89_1 = partselect i8 @_ssdm_op_PartSelect.i8.i11.i32.i32, i11 %add_ln89_3, i32 3, i32 10" [../src/conv.cpp:89]   --->   Operation 465 'partselect' 'trunc_ln89_1' <Predicate = (icmp_ln85)> <Delay = 0.00>
ST_7 : Operation 466 [1/1] (1.65ns)   --->   "%switch_ln89 = switch i3 %trunc_ln78, void %V42.i.i26.i.i121.case.764, i3 0, void %V42.i.i26.i.i121.case.057, i3 1, void %V42.i.i26.i.i121.case.158, i3 2, void %V42.i.i26.i.i121.case.259, i3 3, void %V42.i.i26.i.i121.case.360, i3 4, void %V42.i.i26.i.i121.case.461, i3 5, void %V42.i.i26.i.i121.case.562, i3 6, void %V42.i.i26.i.i121.case.663" [../src/conv.cpp:89]   --->   Operation 466 'switch' 'switch_ln89' <Predicate = (icmp_ln85)> <Delay = 1.65>
ST_7 : Operation 467 [1/1] (2.54ns)   --->   "%store_ln89 = store i8 %trunc_ln89_1, i8 %conv2_ap_fixed_8_5_5_3_0_ap_fixed_8_5_5_3_0_partial_sums_7" [../src/conv.cpp:89]   --->   Operation 467 'store' 'store_ln89' <Predicate = (trunc_ln78 == 6 & icmp_ln85)> <Delay = 2.54>
ST_7 : Operation 468 [1/1] (0.00ns)   --->   "%br_ln89 = br void %V42.i.i26.i.i121.exit56" [../src/conv.cpp:89]   --->   Operation 468 'br' 'br_ln89' <Predicate = (trunc_ln78 == 6 & icmp_ln85)> <Delay = 0.00>
ST_7 : Operation 469 [1/1] (2.54ns)   --->   "%store_ln89 = store i8 %trunc_ln89_1, i8 %conv2_ap_fixed_8_5_5_3_0_ap_fixed_8_5_5_3_0_partial_sums_6" [../src/conv.cpp:89]   --->   Operation 469 'store' 'store_ln89' <Predicate = (trunc_ln78 == 5 & icmp_ln85)> <Delay = 2.54>
ST_7 : Operation 470 [1/1] (0.00ns)   --->   "%br_ln89 = br void %V42.i.i26.i.i121.exit56" [../src/conv.cpp:89]   --->   Operation 470 'br' 'br_ln89' <Predicate = (trunc_ln78 == 5 & icmp_ln85)> <Delay = 0.00>
ST_7 : Operation 471 [1/1] (2.54ns)   --->   "%store_ln89 = store i8 %trunc_ln89_1, i8 %conv2_ap_fixed_8_5_5_3_0_ap_fixed_8_5_5_3_0_partial_sums_5" [../src/conv.cpp:89]   --->   Operation 471 'store' 'store_ln89' <Predicate = (trunc_ln78 == 4 & icmp_ln85)> <Delay = 2.54>
ST_7 : Operation 472 [1/1] (0.00ns)   --->   "%br_ln89 = br void %V42.i.i26.i.i121.exit56" [../src/conv.cpp:89]   --->   Operation 472 'br' 'br_ln89' <Predicate = (trunc_ln78 == 4 & icmp_ln85)> <Delay = 0.00>
ST_7 : Operation 473 [1/1] (2.54ns)   --->   "%store_ln89 = store i8 %trunc_ln89_1, i8 %conv2_ap_fixed_8_5_5_3_0_ap_fixed_8_5_5_3_0_partial_sums_4" [../src/conv.cpp:89]   --->   Operation 473 'store' 'store_ln89' <Predicate = (trunc_ln78 == 3 & icmp_ln85)> <Delay = 2.54>
ST_7 : Operation 474 [1/1] (0.00ns)   --->   "%br_ln89 = br void %V42.i.i26.i.i121.exit56" [../src/conv.cpp:89]   --->   Operation 474 'br' 'br_ln89' <Predicate = (trunc_ln78 == 3 & icmp_ln85)> <Delay = 0.00>
ST_7 : Operation 475 [1/1] (2.54ns)   --->   "%store_ln89 = store i8 %trunc_ln89_1, i8 %conv2_ap_fixed_8_5_5_3_0_ap_fixed_8_5_5_3_0_partial_sums_3" [../src/conv.cpp:89]   --->   Operation 475 'store' 'store_ln89' <Predicate = (trunc_ln78 == 2 & icmp_ln85)> <Delay = 2.54>
ST_7 : Operation 476 [1/1] (0.00ns)   --->   "%br_ln89 = br void %V42.i.i26.i.i121.exit56" [../src/conv.cpp:89]   --->   Operation 476 'br' 'br_ln89' <Predicate = (trunc_ln78 == 2 & icmp_ln85)> <Delay = 0.00>
ST_7 : Operation 477 [1/1] (2.54ns)   --->   "%store_ln89 = store i8 %trunc_ln89_1, i8 %conv2_ap_fixed_8_5_5_3_0_ap_fixed_8_5_5_3_0_partial_sums_2" [../src/conv.cpp:89]   --->   Operation 477 'store' 'store_ln89' <Predicate = (trunc_ln78 == 1 & icmp_ln85)> <Delay = 2.54>
ST_7 : Operation 478 [1/1] (0.00ns)   --->   "%br_ln89 = br void %V42.i.i26.i.i121.exit56" [../src/conv.cpp:89]   --->   Operation 478 'br' 'br_ln89' <Predicate = (trunc_ln78 == 1 & icmp_ln85)> <Delay = 0.00>
ST_7 : Operation 479 [1/1] (2.54ns)   --->   "%store_ln89 = store i8 %trunc_ln89_1, i8 %conv2_ap_fixed_8_5_5_3_0_ap_fixed_8_5_5_3_0_partial_sums" [../src/conv.cpp:89]   --->   Operation 479 'store' 'store_ln89' <Predicate = (trunc_ln78 == 0 & icmp_ln85)> <Delay = 2.54>
ST_7 : Operation 480 [1/1] (0.00ns)   --->   "%br_ln89 = br void %V42.i.i26.i.i121.exit56" [../src/conv.cpp:89]   --->   Operation 480 'br' 'br_ln89' <Predicate = (trunc_ln78 == 0 & icmp_ln85)> <Delay = 0.00>
ST_7 : Operation 481 [1/1] (2.54ns)   --->   "%store_ln89 = store i8 %trunc_ln89_1, i8 %conv2_ap_fixed_8_5_5_3_0_ap_fixed_8_5_5_3_0_partial_sums_8" [../src/conv.cpp:89]   --->   Operation 481 'store' 'store_ln89' <Predicate = (trunc_ln78 == 7 & icmp_ln85)> <Delay = 2.54>
ST_7 : Operation 482 [1/1] (0.00ns)   --->   "%br_ln89 = br void %V42.i.i26.i.i121.exit56" [../src/conv.cpp:89]   --->   Operation 482 'br' 'br_ln89' <Predicate = (trunc_ln78 == 7 & icmp_ln85)> <Delay = 0.00>
ST_7 : Operation 483 [1/1] (0.00ns)   --->   "%zext_ln89_5 = zext i7 %tmp_4_cast" [../src/conv.cpp:89]   --->   Operation 483 'zext' 'zext_ln89_5' <Predicate = (and_ln85_1_read)> <Delay = 0.00>
ST_7 : Operation 484 [1/1] (0.00ns)   --->   "%sext_ln89_4 = sext i4 %p_ZL12conv2_weight_2_load" [../src/conv.cpp:89]   --->   Operation 484 'sext' 'sext_ln89_4' <Predicate = (and_ln85_1_read)> <Delay = 0.00>
ST_7 : Operation 485 [1/1] (3.74ns)   --->   "%mul_ln89_2 = mul i11 %sext_ln89_4, i11 %zext_ln89_5" [../src/conv.cpp:89]   --->   Operation 485 'mul' 'mul_ln89_2' <Predicate = (and_ln85_1_read)> <Delay = 3.74> <CoreInst = "Multiplier">   --->   Core 3 'Multiplier' <Latency = 0> <II = 1> <Delay = 3.74> <FuncUnit> <Opcode : 'mul'> <InPorts = 2> <OutPorts = 1>

State 8 <SV = 7> <Delay = 6.48>
ST_8 : Operation 486 [1/1] (0.00ns)   --->   "%br_ln89 = br void %if.end.i.i83.155" [../src/conv.cpp:89]   --->   Operation 486 'br' 'br_ln89' <Predicate = (icmp_ln85 & icmp_ln89_2)> <Delay = 0.00>
ST_8 : Operation 487 [1/1] (0.00ns)   --->   "%br_ln90 = br void %for.inc50.159" [../src/conv.cpp:90]   --->   Operation 487 'br' 'br_ln90' <Predicate = (icmp_ln85)> <Delay = 0.00>
ST_8 : Operation 488 [1/1] (0.00ns)   --->   "%conv2_ap_fixed_8_5_5_3_0_ap_fixed_8_5_5_3_0_partial_sums_load_2 = load i8 %conv2_ap_fixed_8_5_5_3_0_ap_fixed_8_5_5_3_0_partial_sums" [../src/conv.cpp:89]   --->   Operation 488 'load' 'conv2_ap_fixed_8_5_5_3_0_ap_fixed_8_5_5_3_0_partial_sums_load_2' <Predicate = (trunc_ln78 == 0 & and_ln85_1_read)> <Delay = 0.00>
ST_8 : Operation 489 [1/1] (0.00ns)   --->   "%conv2_ap_fixed_8_5_5_3_0_ap_fixed_8_5_5_3_0_partial_sums_2_load_2 = load i8 %conv2_ap_fixed_8_5_5_3_0_ap_fixed_8_5_5_3_0_partial_sums_2" [../src/conv.cpp:89]   --->   Operation 489 'load' 'conv2_ap_fixed_8_5_5_3_0_ap_fixed_8_5_5_3_0_partial_sums_2_load_2' <Predicate = (trunc_ln78 == 1 & and_ln85_1_read)> <Delay = 0.00>
ST_8 : Operation 490 [1/1] (0.00ns)   --->   "%conv2_ap_fixed_8_5_5_3_0_ap_fixed_8_5_5_3_0_partial_sums_3_load_2 = load i8 %conv2_ap_fixed_8_5_5_3_0_ap_fixed_8_5_5_3_0_partial_sums_3" [../src/conv.cpp:89]   --->   Operation 490 'load' 'conv2_ap_fixed_8_5_5_3_0_ap_fixed_8_5_5_3_0_partial_sums_3_load_2' <Predicate = (trunc_ln78 == 2 & and_ln85_1_read)> <Delay = 0.00>
ST_8 : Operation 491 [1/1] (0.00ns)   --->   "%conv2_ap_fixed_8_5_5_3_0_ap_fixed_8_5_5_3_0_partial_sums_4_load_2 = load i8 %conv2_ap_fixed_8_5_5_3_0_ap_fixed_8_5_5_3_0_partial_sums_4" [../src/conv.cpp:89]   --->   Operation 491 'load' 'conv2_ap_fixed_8_5_5_3_0_ap_fixed_8_5_5_3_0_partial_sums_4_load_2' <Predicate = (trunc_ln78 == 3 & and_ln85_1_read)> <Delay = 0.00>
ST_8 : Operation 492 [1/1] (0.00ns)   --->   "%conv2_ap_fixed_8_5_5_3_0_ap_fixed_8_5_5_3_0_partial_sums_5_load_2 = load i8 %conv2_ap_fixed_8_5_5_3_0_ap_fixed_8_5_5_3_0_partial_sums_5" [../src/conv.cpp:89]   --->   Operation 492 'load' 'conv2_ap_fixed_8_5_5_3_0_ap_fixed_8_5_5_3_0_partial_sums_5_load_2' <Predicate = (trunc_ln78 == 4 & and_ln85_1_read)> <Delay = 0.00>
ST_8 : Operation 493 [1/1] (0.00ns)   --->   "%conv2_ap_fixed_8_5_5_3_0_ap_fixed_8_5_5_3_0_partial_sums_6_load_2 = load i8 %conv2_ap_fixed_8_5_5_3_0_ap_fixed_8_5_5_3_0_partial_sums_6" [../src/conv.cpp:89]   --->   Operation 493 'load' 'conv2_ap_fixed_8_5_5_3_0_ap_fixed_8_5_5_3_0_partial_sums_6_load_2' <Predicate = (trunc_ln78 == 5 & and_ln85_1_read)> <Delay = 0.00>
ST_8 : Operation 494 [1/1] (0.00ns)   --->   "%conv2_ap_fixed_8_5_5_3_0_ap_fixed_8_5_5_3_0_partial_sums_7_load_2 = load i8 %conv2_ap_fixed_8_5_5_3_0_ap_fixed_8_5_5_3_0_partial_sums_7" [../src/conv.cpp:89]   --->   Operation 494 'load' 'conv2_ap_fixed_8_5_5_3_0_ap_fixed_8_5_5_3_0_partial_sums_7_load_2' <Predicate = (trunc_ln78 == 6 & and_ln85_1_read)> <Delay = 0.00>
ST_8 : Operation 495 [1/1] (0.00ns)   --->   "%conv2_ap_fixed_8_5_5_3_0_ap_fixed_8_5_5_3_0_partial_sums_8_load_2 = load i8 %conv2_ap_fixed_8_5_5_3_0_ap_fixed_8_5_5_3_0_partial_sums_8" [../src/conv.cpp:89]   --->   Operation 495 'load' 'conv2_ap_fixed_8_5_5_3_0_ap_fixed_8_5_5_3_0_partial_sums_8_load_2' <Predicate = (trunc_ln78 == 7 & and_ln85_1_read)> <Delay = 0.00>
ST_8 : Operation 496 [1/1] (2.30ns)   --->   "%tmp_5 = sparsemux i8 @_ssdm_op_SparseMux.ap_auto.8i8.i8.i3, i3 0, i8 %conv2_ap_fixed_8_5_5_3_0_ap_fixed_8_5_5_3_0_partial_sums_load_2, i3 1, i8 %conv2_ap_fixed_8_5_5_3_0_ap_fixed_8_5_5_3_0_partial_sums_2_load_2, i3 2, i8 %conv2_ap_fixed_8_5_5_3_0_ap_fixed_8_5_5_3_0_partial_sums_3_load_2, i3 3, i8 %conv2_ap_fixed_8_5_5_3_0_ap_fixed_8_5_5_3_0_partial_sums_4_load_2, i3 4, i8 %conv2_ap_fixed_8_5_5_3_0_ap_fixed_8_5_5_3_0_partial_sums_5_load_2, i3 5, i8 %conv2_ap_fixed_8_5_5_3_0_ap_fixed_8_5_5_3_0_partial_sums_6_load_2, i3 6, i8 %conv2_ap_fixed_8_5_5_3_0_ap_fixed_8_5_5_3_0_partial_sums_7_load_2, i3 7, i8 %conv2_ap_fixed_8_5_5_3_0_ap_fixed_8_5_5_3_0_partial_sums_8_load_2, i8 0, i3 %trunc_ln78" [../src/conv.cpp:89]   --->   Operation 496 'sparsemux' 'tmp_5' <Predicate = (and_ln85_1_read)> <Delay = 2.30> <CoreInst = "BinarySparseMux_DontCare">   --->   Core 137 'BinarySparseMux_DontCare' <Latency = 0> <II = 1> <Delay = 2.30> <FuncUnit> <Opcode : 'sparsemux'> <InPorts = 2> <OutPorts = 1>
ST_8 : Operation 497 [1/1] (0.00ns)   --->   "%shl_ln89_2 = bitconcatenate i11 @_ssdm_op_BitConcatenate.i11.i8.i3, i8 %tmp_5, i3 0" [../src/conv.cpp:89]   --->   Operation 497 'bitconcatenate' 'shl_ln89_2' <Predicate = (and_ln85_1_read)> <Delay = 0.00>
ST_8 : Operation 498 [1/1] (1.63ns)   --->   "%add_ln89_4 = add i11 %shl_ln89_2, i11 %mul_ln89_2" [../src/conv.cpp:89]   --->   Operation 498 'add' 'add_ln89_4' <Predicate = (and_ln85_1_read)> <Delay = 1.63> <CoreInst = "Adder">   --->   Core 1 'Adder' <Latency = 0> <II = 1> <Delay = 1.63> <FuncUnit> <Opcode : 'add' 'sub'> <InPorts = 2> <OutPorts = 1>
ST_8 : Operation 499 [1/1] (1.63ns)   --->   "%sub_ln89_1 = sub i11 0, i11 %mul_ln89_2" [../src/conv.cpp:89]   --->   Operation 499 'sub' 'sub_ln89_1' <Predicate = (and_ln85_1_read)> <Delay = 1.63> <CoreInst = "Adder">   --->   Core 1 'Adder' <Latency = 0> <II = 1> <Delay = 1.63> <FuncUnit> <Opcode : 'add' 'sub'> <InPorts = 2> <OutPorts = 1>
ST_8 : Operation 500 [1/1] (1.63ns)   --->   "%icmp_ln89_3 = icmp_eq  i11 %shl_ln89_2, i11 %sub_ln89_1" [../src/conv.cpp:89]   --->   Operation 500 'icmp' 'icmp_ln89_3' <Predicate = (and_ln85_1_read)> <Delay = 1.63> <CoreInst = "Cmp">   --->   Core 9 'Cmp' <Latency = 0> <II = 1> <Delay = 1.63> <FuncUnit> <Opcode : 'seteq' 'setne' 'setle' 'setge' 'setlt' 'setgt'> <InPorts = 2> <OutPorts = 1>
ST_8 : Operation 501 [1/1] (0.00ns)   --->   "%br_ln89 = br i1 %icmp_ln89_3, void %if.end.i.i83.2103, void %if.then.i.i81.2102" [../src/conv.cpp:89]   --->   Operation 501 'br' 'br_ln89' <Predicate = (and_ln85_1_read)> <Delay = 0.00>
ST_8 : Operation 502 [1/1] (1.65ns)   --->   "%switch_ln89 = switch i3 %trunc_ln78, void %V42.i.i26.i.i121.case.746, i3 0, void %V42.i.i26.i.i121.case.039, i3 1, void %V42.i.i26.i.i121.case.140, i3 2, void %V42.i.i26.i.i121.case.241, i3 3, void %V42.i.i26.i.i121.case.342, i3 4, void %V42.i.i26.i.i121.case.443, i3 5, void %V42.i.i26.i.i121.case.544, i3 6, void %V42.i.i26.i.i121.case.645" [../src/conv.cpp:89]   --->   Operation 502 'switch' 'switch_ln89' <Predicate = (and_ln85_1_read & icmp_ln89_3)> <Delay = 1.65>
ST_8 : Operation 503 [1/1] (2.54ns)   --->   "%store_ln89 = store i8 0, i8 %conv2_ap_fixed_8_5_5_3_0_ap_fixed_8_5_5_3_0_partial_sums_7" [../src/conv.cpp:89]   --->   Operation 503 'store' 'store_ln89' <Predicate = (trunc_ln78 == 6 & and_ln85_1_read & icmp_ln89_3)> <Delay = 2.54>
ST_8 : Operation 504 [1/1] (0.00ns)   --->   "%br_ln89 = br void %V42.i.i26.i.i121.exit38" [../src/conv.cpp:89]   --->   Operation 504 'br' 'br_ln89' <Predicate = (trunc_ln78 == 6 & and_ln85_1_read & icmp_ln89_3)> <Delay = 0.00>
ST_8 : Operation 505 [1/1] (2.54ns)   --->   "%store_ln89 = store i8 0, i8 %conv2_ap_fixed_8_5_5_3_0_ap_fixed_8_5_5_3_0_partial_sums_6" [../src/conv.cpp:89]   --->   Operation 505 'store' 'store_ln89' <Predicate = (trunc_ln78 == 5 & and_ln85_1_read & icmp_ln89_3)> <Delay = 2.54>
ST_8 : Operation 506 [1/1] (0.00ns)   --->   "%br_ln89 = br void %V42.i.i26.i.i121.exit38" [../src/conv.cpp:89]   --->   Operation 506 'br' 'br_ln89' <Predicate = (trunc_ln78 == 5 & and_ln85_1_read & icmp_ln89_3)> <Delay = 0.00>
ST_8 : Operation 507 [1/1] (2.54ns)   --->   "%store_ln89 = store i8 0, i8 %conv2_ap_fixed_8_5_5_3_0_ap_fixed_8_5_5_3_0_partial_sums_5" [../src/conv.cpp:89]   --->   Operation 507 'store' 'store_ln89' <Predicate = (trunc_ln78 == 4 & and_ln85_1_read & icmp_ln89_3)> <Delay = 2.54>
ST_8 : Operation 508 [1/1] (0.00ns)   --->   "%br_ln89 = br void %V42.i.i26.i.i121.exit38" [../src/conv.cpp:89]   --->   Operation 508 'br' 'br_ln89' <Predicate = (trunc_ln78 == 4 & and_ln85_1_read & icmp_ln89_3)> <Delay = 0.00>
ST_8 : Operation 509 [1/1] (2.54ns)   --->   "%store_ln89 = store i8 0, i8 %conv2_ap_fixed_8_5_5_3_0_ap_fixed_8_5_5_3_0_partial_sums_4" [../src/conv.cpp:89]   --->   Operation 509 'store' 'store_ln89' <Predicate = (trunc_ln78 == 3 & and_ln85_1_read & icmp_ln89_3)> <Delay = 2.54>
ST_8 : Operation 510 [1/1] (0.00ns)   --->   "%br_ln89 = br void %V42.i.i26.i.i121.exit38" [../src/conv.cpp:89]   --->   Operation 510 'br' 'br_ln89' <Predicate = (trunc_ln78 == 3 & and_ln85_1_read & icmp_ln89_3)> <Delay = 0.00>
ST_8 : Operation 511 [1/1] (2.54ns)   --->   "%store_ln89 = store i8 0, i8 %conv2_ap_fixed_8_5_5_3_0_ap_fixed_8_5_5_3_0_partial_sums_3" [../src/conv.cpp:89]   --->   Operation 511 'store' 'store_ln89' <Predicate = (trunc_ln78 == 2 & and_ln85_1_read & icmp_ln89_3)> <Delay = 2.54>
ST_8 : Operation 512 [1/1] (0.00ns)   --->   "%br_ln89 = br void %V42.i.i26.i.i121.exit38" [../src/conv.cpp:89]   --->   Operation 512 'br' 'br_ln89' <Predicate = (trunc_ln78 == 2 & and_ln85_1_read & icmp_ln89_3)> <Delay = 0.00>
ST_8 : Operation 513 [1/1] (2.54ns)   --->   "%store_ln89 = store i8 0, i8 %conv2_ap_fixed_8_5_5_3_0_ap_fixed_8_5_5_3_0_partial_sums_2" [../src/conv.cpp:89]   --->   Operation 513 'store' 'store_ln89' <Predicate = (trunc_ln78 == 1 & and_ln85_1_read & icmp_ln89_3)> <Delay = 2.54>
ST_8 : Operation 514 [1/1] (0.00ns)   --->   "%br_ln89 = br void %V42.i.i26.i.i121.exit38" [../src/conv.cpp:89]   --->   Operation 514 'br' 'br_ln89' <Predicate = (trunc_ln78 == 1 & and_ln85_1_read & icmp_ln89_3)> <Delay = 0.00>
ST_8 : Operation 515 [1/1] (2.54ns)   --->   "%store_ln89 = store i8 0, i8 %conv2_ap_fixed_8_5_5_3_0_ap_fixed_8_5_5_3_0_partial_sums" [../src/conv.cpp:89]   --->   Operation 515 'store' 'store_ln89' <Predicate = (trunc_ln78 == 0 & and_ln85_1_read & icmp_ln89_3)> <Delay = 2.54>
ST_8 : Operation 516 [1/1] (0.00ns)   --->   "%br_ln89 = br void %V42.i.i26.i.i121.exit38" [../src/conv.cpp:89]   --->   Operation 516 'br' 'br_ln89' <Predicate = (trunc_ln78 == 0 & and_ln85_1_read & icmp_ln89_3)> <Delay = 0.00>
ST_8 : Operation 517 [1/1] (2.54ns)   --->   "%store_ln89 = store i8 0, i8 %conv2_ap_fixed_8_5_5_3_0_ap_fixed_8_5_5_3_0_partial_sums_8" [../src/conv.cpp:89]   --->   Operation 517 'store' 'store_ln89' <Predicate = (trunc_ln78 == 7 & and_ln85_1_read & icmp_ln89_3)> <Delay = 2.54>
ST_8 : Operation 518 [1/1] (0.00ns)   --->   "%br_ln89 = br void %V42.i.i26.i.i121.exit38" [../src/conv.cpp:89]   --->   Operation 518 'br' 'br_ln89' <Predicate = (trunc_ln78 == 7 & and_ln85_1_read & icmp_ln89_3)> <Delay = 0.00>
ST_8 : Operation 519 [1/1] (0.00ns)   --->   "%trunc_ln89_2 = partselect i8 @_ssdm_op_PartSelect.i8.i11.i32.i32, i11 %add_ln89_4, i32 3, i32 10" [../src/conv.cpp:89]   --->   Operation 519 'partselect' 'trunc_ln89_2' <Predicate = (and_ln85_1_read)> <Delay = 0.00>
ST_8 : Operation 520 [1/1] (1.65ns)   --->   "%switch_ln89 = switch i3 %trunc_ln78, void %V42.i.i26.i.i121.case.737, i3 0, void %V42.i.i26.i.i121.case.030, i3 1, void %V42.i.i26.i.i121.case.131, i3 2, void %V42.i.i26.i.i121.case.232, i3 3, void %V42.i.i26.i.i121.case.333, i3 4, void %V42.i.i26.i.i121.case.434, i3 5, void %V42.i.i26.i.i121.case.535, i3 6, void %V42.i.i26.i.i121.case.636" [../src/conv.cpp:89]   --->   Operation 520 'switch' 'switch_ln89' <Predicate = (and_ln85_1_read)> <Delay = 1.65>
ST_8 : Operation 521 [1/1] (2.54ns)   --->   "%store_ln89 = store i8 %trunc_ln89_2, i8 %conv2_ap_fixed_8_5_5_3_0_ap_fixed_8_5_5_3_0_partial_sums_7" [../src/conv.cpp:89]   --->   Operation 521 'store' 'store_ln89' <Predicate = (trunc_ln78 == 6 & and_ln85_1_read)> <Delay = 2.54>
ST_8 : Operation 522 [1/1] (0.00ns)   --->   "%br_ln89 = br void %V42.i.i26.i.i121.exit29" [../src/conv.cpp:89]   --->   Operation 522 'br' 'br_ln89' <Predicate = (trunc_ln78 == 6 & and_ln85_1_read)> <Delay = 0.00>
ST_8 : Operation 523 [1/1] (2.54ns)   --->   "%store_ln89 = store i8 %trunc_ln89_2, i8 %conv2_ap_fixed_8_5_5_3_0_ap_fixed_8_5_5_3_0_partial_sums_6" [../src/conv.cpp:89]   --->   Operation 523 'store' 'store_ln89' <Predicate = (trunc_ln78 == 5 & and_ln85_1_read)> <Delay = 2.54>
ST_8 : Operation 524 [1/1] (0.00ns)   --->   "%br_ln89 = br void %V42.i.i26.i.i121.exit29" [../src/conv.cpp:89]   --->   Operation 524 'br' 'br_ln89' <Predicate = (trunc_ln78 == 5 & and_ln85_1_read)> <Delay = 0.00>
ST_8 : Operation 525 [1/1] (2.54ns)   --->   "%store_ln89 = store i8 %trunc_ln89_2, i8 %conv2_ap_fixed_8_5_5_3_0_ap_fixed_8_5_5_3_0_partial_sums_5" [../src/conv.cpp:89]   --->   Operation 525 'store' 'store_ln89' <Predicate = (trunc_ln78 == 4 & and_ln85_1_read)> <Delay = 2.54>
ST_8 : Operation 526 [1/1] (0.00ns)   --->   "%br_ln89 = br void %V42.i.i26.i.i121.exit29" [../src/conv.cpp:89]   --->   Operation 526 'br' 'br_ln89' <Predicate = (trunc_ln78 == 4 & and_ln85_1_read)> <Delay = 0.00>
ST_8 : Operation 527 [1/1] (2.54ns)   --->   "%store_ln89 = store i8 %trunc_ln89_2, i8 %conv2_ap_fixed_8_5_5_3_0_ap_fixed_8_5_5_3_0_partial_sums_4" [../src/conv.cpp:89]   --->   Operation 527 'store' 'store_ln89' <Predicate = (trunc_ln78 == 3 & and_ln85_1_read)> <Delay = 2.54>
ST_8 : Operation 528 [1/1] (0.00ns)   --->   "%br_ln89 = br void %V42.i.i26.i.i121.exit29" [../src/conv.cpp:89]   --->   Operation 528 'br' 'br_ln89' <Predicate = (trunc_ln78 == 3 & and_ln85_1_read)> <Delay = 0.00>
ST_8 : Operation 529 [1/1] (2.54ns)   --->   "%store_ln89 = store i8 %trunc_ln89_2, i8 %conv2_ap_fixed_8_5_5_3_0_ap_fixed_8_5_5_3_0_partial_sums_3" [../src/conv.cpp:89]   --->   Operation 529 'store' 'store_ln89' <Predicate = (trunc_ln78 == 2 & and_ln85_1_read)> <Delay = 2.54>
ST_8 : Operation 530 [1/1] (0.00ns)   --->   "%br_ln89 = br void %V42.i.i26.i.i121.exit29" [../src/conv.cpp:89]   --->   Operation 530 'br' 'br_ln89' <Predicate = (trunc_ln78 == 2 & and_ln85_1_read)> <Delay = 0.00>
ST_8 : Operation 531 [1/1] (2.54ns)   --->   "%store_ln89 = store i8 %trunc_ln89_2, i8 %conv2_ap_fixed_8_5_5_3_0_ap_fixed_8_5_5_3_0_partial_sums_2" [../src/conv.cpp:89]   --->   Operation 531 'store' 'store_ln89' <Predicate = (trunc_ln78 == 1 & and_ln85_1_read)> <Delay = 2.54>
ST_8 : Operation 532 [1/1] (0.00ns)   --->   "%br_ln89 = br void %V42.i.i26.i.i121.exit29" [../src/conv.cpp:89]   --->   Operation 532 'br' 'br_ln89' <Predicate = (trunc_ln78 == 1 & and_ln85_1_read)> <Delay = 0.00>
ST_8 : Operation 533 [1/1] (2.54ns)   --->   "%store_ln89 = store i8 %trunc_ln89_2, i8 %conv2_ap_fixed_8_5_5_3_0_ap_fixed_8_5_5_3_0_partial_sums" [../src/conv.cpp:89]   --->   Operation 533 'store' 'store_ln89' <Predicate = (trunc_ln78 == 0 & and_ln85_1_read)> <Delay = 2.54>
ST_8 : Operation 534 [1/1] (0.00ns)   --->   "%br_ln89 = br void %V42.i.i26.i.i121.exit29" [../src/conv.cpp:89]   --->   Operation 534 'br' 'br_ln89' <Predicate = (trunc_ln78 == 0 & and_ln85_1_read)> <Delay = 0.00>
ST_8 : Operation 535 [1/1] (2.54ns)   --->   "%store_ln89 = store i8 %trunc_ln89_2, i8 %conv2_ap_fixed_8_5_5_3_0_ap_fixed_8_5_5_3_0_partial_sums_8" [../src/conv.cpp:89]   --->   Operation 535 'store' 'store_ln89' <Predicate = (trunc_ln78 == 7 & and_ln85_1_read)> <Delay = 2.54>
ST_8 : Operation 536 [1/1] (0.00ns)   --->   "%br_ln89 = br void %V42.i.i26.i.i121.exit29" [../src/conv.cpp:89]   --->   Operation 536 'br' 'br_ln89' <Predicate = (trunc_ln78 == 7 & and_ln85_1_read)> <Delay = 0.00>
ST_8 : Operation 537 [1/1] (0.00ns)   --->   "%zext_ln89_7 = zext i7 %tmp_6_cast" [../src/conv.cpp:89]   --->   Operation 537 'zext' 'zext_ln89_7' <Predicate = (icmp_ln85_1)> <Delay = 0.00>
ST_8 : Operation 538 [1/1] (0.00ns)   --->   "%sext_ln89_5 = sext i4 %p_ZL12conv2_weight_3_load" [../src/conv.cpp:89]   --->   Operation 538 'sext' 'sext_ln89_5' <Predicate = (icmp_ln85_1)> <Delay = 0.00>
ST_8 : Operation 539 [1/1] (3.74ns)   --->   "%mul_ln89_3 = mul i11 %sext_ln89_5, i11 %zext_ln89_7" [../src/conv.cpp:89]   --->   Operation 539 'mul' 'mul_ln89_3' <Predicate = (icmp_ln85_1)> <Delay = 3.74> <CoreInst = "Multiplier">   --->   Core 3 'Multiplier' <Latency = 0> <II = 1> <Delay = 3.74> <FuncUnit> <Opcode : 'mul'> <InPorts = 2> <OutPorts = 1>

State 9 <SV = 8> <Delay = 6.48>
ST_9 : Operation 540 [1/1] (0.00ns)   --->   "%br_ln89 = br void %if.end.i.i83.2103" [../src/conv.cpp:89]   --->   Operation 540 'br' 'br_ln89' <Predicate = (and_ln85_1_read & icmp_ln89_3)> <Delay = 0.00>
ST_9 : Operation 541 [1/1] (0.00ns)   --->   "%br_ln90 = br void %for.inc50.2107" [../src/conv.cpp:90]   --->   Operation 541 'br' 'br_ln90' <Predicate = (and_ln85_1_read)> <Delay = 0.00>
ST_9 : Operation 542 [1/1] (0.00ns)   --->   "%conv2_ap_fixed_8_5_5_3_0_ap_fixed_8_5_5_3_0_partial_sums_load_3 = load i8 %conv2_ap_fixed_8_5_5_3_0_ap_fixed_8_5_5_3_0_partial_sums" [../src/conv.cpp:89]   --->   Operation 542 'load' 'conv2_ap_fixed_8_5_5_3_0_ap_fixed_8_5_5_3_0_partial_sums_load_3' <Predicate = (trunc_ln78 == 0 & icmp_ln85_1)> <Delay = 0.00>
ST_9 : Operation 543 [1/1] (0.00ns)   --->   "%conv2_ap_fixed_8_5_5_3_0_ap_fixed_8_5_5_3_0_partial_sums_2_load_3 = load i8 %conv2_ap_fixed_8_5_5_3_0_ap_fixed_8_5_5_3_0_partial_sums_2" [../src/conv.cpp:89]   --->   Operation 543 'load' 'conv2_ap_fixed_8_5_5_3_0_ap_fixed_8_5_5_3_0_partial_sums_2_load_3' <Predicate = (trunc_ln78 == 1 & icmp_ln85_1)> <Delay = 0.00>
ST_9 : Operation 544 [1/1] (0.00ns)   --->   "%conv2_ap_fixed_8_5_5_3_0_ap_fixed_8_5_5_3_0_partial_sums_3_load_3 = load i8 %conv2_ap_fixed_8_5_5_3_0_ap_fixed_8_5_5_3_0_partial_sums_3" [../src/conv.cpp:89]   --->   Operation 544 'load' 'conv2_ap_fixed_8_5_5_3_0_ap_fixed_8_5_5_3_0_partial_sums_3_load_3' <Predicate = (trunc_ln78 == 2 & icmp_ln85_1)> <Delay = 0.00>
ST_9 : Operation 545 [1/1] (0.00ns)   --->   "%conv2_ap_fixed_8_5_5_3_0_ap_fixed_8_5_5_3_0_partial_sums_4_load_3 = load i8 %conv2_ap_fixed_8_5_5_3_0_ap_fixed_8_5_5_3_0_partial_sums_4" [../src/conv.cpp:89]   --->   Operation 545 'load' 'conv2_ap_fixed_8_5_5_3_0_ap_fixed_8_5_5_3_0_partial_sums_4_load_3' <Predicate = (trunc_ln78 == 3 & icmp_ln85_1)> <Delay = 0.00>
ST_9 : Operation 546 [1/1] (0.00ns)   --->   "%conv2_ap_fixed_8_5_5_3_0_ap_fixed_8_5_5_3_0_partial_sums_5_load_3 = load i8 %conv2_ap_fixed_8_5_5_3_0_ap_fixed_8_5_5_3_0_partial_sums_5" [../src/conv.cpp:89]   --->   Operation 546 'load' 'conv2_ap_fixed_8_5_5_3_0_ap_fixed_8_5_5_3_0_partial_sums_5_load_3' <Predicate = (trunc_ln78 == 4 & icmp_ln85_1)> <Delay = 0.00>
ST_9 : Operation 547 [1/1] (0.00ns)   --->   "%conv2_ap_fixed_8_5_5_3_0_ap_fixed_8_5_5_3_0_partial_sums_6_load_3 = load i8 %conv2_ap_fixed_8_5_5_3_0_ap_fixed_8_5_5_3_0_partial_sums_6" [../src/conv.cpp:89]   --->   Operation 547 'load' 'conv2_ap_fixed_8_5_5_3_0_ap_fixed_8_5_5_3_0_partial_sums_6_load_3' <Predicate = (trunc_ln78 == 5 & icmp_ln85_1)> <Delay = 0.00>
ST_9 : Operation 548 [1/1] (0.00ns)   --->   "%conv2_ap_fixed_8_5_5_3_0_ap_fixed_8_5_5_3_0_partial_sums_7_load_3 = load i8 %conv2_ap_fixed_8_5_5_3_0_ap_fixed_8_5_5_3_0_partial_sums_7" [../src/conv.cpp:89]   --->   Operation 548 'load' 'conv2_ap_fixed_8_5_5_3_0_ap_fixed_8_5_5_3_0_partial_sums_7_load_3' <Predicate = (trunc_ln78 == 6 & icmp_ln85_1)> <Delay = 0.00>
ST_9 : Operation 549 [1/1] (0.00ns)   --->   "%conv2_ap_fixed_8_5_5_3_0_ap_fixed_8_5_5_3_0_partial_sums_8_load_3 = load i8 %conv2_ap_fixed_8_5_5_3_0_ap_fixed_8_5_5_3_0_partial_sums_8" [../src/conv.cpp:89]   --->   Operation 549 'load' 'conv2_ap_fixed_8_5_5_3_0_ap_fixed_8_5_5_3_0_partial_sums_8_load_3' <Predicate = (trunc_ln78 == 7 & icmp_ln85_1)> <Delay = 0.00>
ST_9 : Operation 550 [1/1] (2.30ns)   --->   "%tmp_7 = sparsemux i8 @_ssdm_op_SparseMux.ap_auto.8i8.i8.i3, i3 0, i8 %conv2_ap_fixed_8_5_5_3_0_ap_fixed_8_5_5_3_0_partial_sums_load_3, i3 1, i8 %conv2_ap_fixed_8_5_5_3_0_ap_fixed_8_5_5_3_0_partial_sums_2_load_3, i3 2, i8 %conv2_ap_fixed_8_5_5_3_0_ap_fixed_8_5_5_3_0_partial_sums_3_load_3, i3 3, i8 %conv2_ap_fixed_8_5_5_3_0_ap_fixed_8_5_5_3_0_partial_sums_4_load_3, i3 4, i8 %conv2_ap_fixed_8_5_5_3_0_ap_fixed_8_5_5_3_0_partial_sums_5_load_3, i3 5, i8 %conv2_ap_fixed_8_5_5_3_0_ap_fixed_8_5_5_3_0_partial_sums_6_load_3, i3 6, i8 %conv2_ap_fixed_8_5_5_3_0_ap_fixed_8_5_5_3_0_partial_sums_7_load_3, i3 7, i8 %conv2_ap_fixed_8_5_5_3_0_ap_fixed_8_5_5_3_0_partial_sums_8_load_3, i8 0, i3 %trunc_ln78" [../src/conv.cpp:89]   --->   Operation 550 'sparsemux' 'tmp_7' <Predicate = (icmp_ln85_1)> <Delay = 2.30> <CoreInst = "BinarySparseMux_DontCare">   --->   Core 137 'BinarySparseMux_DontCare' <Latency = 0> <II = 1> <Delay = 2.30> <FuncUnit> <Opcode : 'sparsemux'> <InPorts = 2> <OutPorts = 1>
ST_9 : Operation 551 [1/1] (0.00ns)   --->   "%shl_ln89_3 = bitconcatenate i11 @_ssdm_op_BitConcatenate.i11.i8.i3, i8 %tmp_7, i3 0" [../src/conv.cpp:89]   --->   Operation 551 'bitconcatenate' 'shl_ln89_3' <Predicate = (icmp_ln85_1)> <Delay = 0.00>
ST_9 : Operation 552 [1/1] (1.63ns)   --->   "%add_ln89_5 = add i11 %shl_ln89_3, i11 %mul_ln89_3" [../src/conv.cpp:89]   --->   Operation 552 'add' 'add_ln89_5' <Predicate = (icmp_ln85_1)> <Delay = 1.63> <CoreInst = "Adder">   --->   Core 1 'Adder' <Latency = 0> <II = 1> <Delay = 1.63> <FuncUnit> <Opcode : 'add' 'sub'> <InPorts = 2> <OutPorts = 1>
ST_9 : Operation 553 [1/1] (1.63ns)   --->   "%sub_ln89_2 = sub i11 0, i11 %mul_ln89_3" [../src/conv.cpp:89]   --->   Operation 553 'sub' 'sub_ln89_2' <Predicate = (icmp_ln85_1)> <Delay = 1.63> <CoreInst = "Adder">   --->   Core 1 'Adder' <Latency = 0> <II = 1> <Delay = 1.63> <FuncUnit> <Opcode : 'add' 'sub'> <InPorts = 2> <OutPorts = 1>
ST_9 : Operation 554 [1/1] (1.63ns)   --->   "%icmp_ln89_4 = icmp_eq  i11 %shl_ln89_3, i11 %sub_ln89_2" [../src/conv.cpp:89]   --->   Operation 554 'icmp' 'icmp_ln89_4' <Predicate = (icmp_ln85_1)> <Delay = 1.63> <CoreInst = "Cmp">   --->   Core 9 'Cmp' <Latency = 0> <II = 1> <Delay = 1.63> <FuncUnit> <Opcode : 'seteq' 'setne' 'setle' 'setge' 'setlt' 'setgt'> <InPorts = 2> <OutPorts = 1>
ST_9 : Operation 555 [1/1] (0.00ns)   --->   "%br_ln89 = br i1 %icmp_ln89_4, void %if.end.i.i83.1, void %if.then.i.i81.1" [../src/conv.cpp:89]   --->   Operation 555 'br' 'br_ln89' <Predicate = (icmp_ln85_1)> <Delay = 0.00>
ST_9 : Operation 556 [1/1] (1.65ns)   --->   "%switch_ln89 = switch i3 %trunc_ln78, void %V42.i.i26.i.i121.case.7209, i3 0, void %V42.i.i26.i.i121.case.0202, i3 1, void %V42.i.i26.i.i121.case.1203, i3 2, void %V42.i.i26.i.i121.case.2204, i3 3, void %V42.i.i26.i.i121.case.3205, i3 4, void %V42.i.i26.i.i121.case.4206, i3 5, void %V42.i.i26.i.i121.case.5207, i3 6, void %V42.i.i26.i.i121.case.6208" [../src/conv.cpp:89]   --->   Operation 556 'switch' 'switch_ln89' <Predicate = (icmp_ln85_1 & icmp_ln89_4)> <Delay = 1.65>
ST_9 : Operation 557 [1/1] (2.54ns)   --->   "%store_ln89 = store i8 0, i8 %conv2_ap_fixed_8_5_5_3_0_ap_fixed_8_5_5_3_0_partial_sums_7" [../src/conv.cpp:89]   --->   Operation 557 'store' 'store_ln89' <Predicate = (trunc_ln78 == 6 & icmp_ln85_1 & icmp_ln89_4)> <Delay = 2.54>
ST_9 : Operation 558 [1/1] (0.00ns)   --->   "%br_ln89 = br void %V42.i.i26.i.i121.exit201" [../src/conv.cpp:89]   --->   Operation 558 'br' 'br_ln89' <Predicate = (trunc_ln78 == 6 & icmp_ln85_1 & icmp_ln89_4)> <Delay = 0.00>
ST_9 : Operation 559 [1/1] (2.54ns)   --->   "%store_ln89 = store i8 0, i8 %conv2_ap_fixed_8_5_5_3_0_ap_fixed_8_5_5_3_0_partial_sums_6" [../src/conv.cpp:89]   --->   Operation 559 'store' 'store_ln89' <Predicate = (trunc_ln78 == 5 & icmp_ln85_1 & icmp_ln89_4)> <Delay = 2.54>
ST_9 : Operation 560 [1/1] (0.00ns)   --->   "%br_ln89 = br void %V42.i.i26.i.i121.exit201" [../src/conv.cpp:89]   --->   Operation 560 'br' 'br_ln89' <Predicate = (trunc_ln78 == 5 & icmp_ln85_1 & icmp_ln89_4)> <Delay = 0.00>
ST_9 : Operation 561 [1/1] (2.54ns)   --->   "%store_ln89 = store i8 0, i8 %conv2_ap_fixed_8_5_5_3_0_ap_fixed_8_5_5_3_0_partial_sums_5" [../src/conv.cpp:89]   --->   Operation 561 'store' 'store_ln89' <Predicate = (trunc_ln78 == 4 & icmp_ln85_1 & icmp_ln89_4)> <Delay = 2.54>
ST_9 : Operation 562 [1/1] (0.00ns)   --->   "%br_ln89 = br void %V42.i.i26.i.i121.exit201" [../src/conv.cpp:89]   --->   Operation 562 'br' 'br_ln89' <Predicate = (trunc_ln78 == 4 & icmp_ln85_1 & icmp_ln89_4)> <Delay = 0.00>
ST_9 : Operation 563 [1/1] (2.54ns)   --->   "%store_ln89 = store i8 0, i8 %conv2_ap_fixed_8_5_5_3_0_ap_fixed_8_5_5_3_0_partial_sums_4" [../src/conv.cpp:89]   --->   Operation 563 'store' 'store_ln89' <Predicate = (trunc_ln78 == 3 & icmp_ln85_1 & icmp_ln89_4)> <Delay = 2.54>
ST_9 : Operation 564 [1/1] (0.00ns)   --->   "%br_ln89 = br void %V42.i.i26.i.i121.exit201" [../src/conv.cpp:89]   --->   Operation 564 'br' 'br_ln89' <Predicate = (trunc_ln78 == 3 & icmp_ln85_1 & icmp_ln89_4)> <Delay = 0.00>
ST_9 : Operation 565 [1/1] (2.54ns)   --->   "%store_ln89 = store i8 0, i8 %conv2_ap_fixed_8_5_5_3_0_ap_fixed_8_5_5_3_0_partial_sums_3" [../src/conv.cpp:89]   --->   Operation 565 'store' 'store_ln89' <Predicate = (trunc_ln78 == 2 & icmp_ln85_1 & icmp_ln89_4)> <Delay = 2.54>
ST_9 : Operation 566 [1/1] (0.00ns)   --->   "%br_ln89 = br void %V42.i.i26.i.i121.exit201" [../src/conv.cpp:89]   --->   Operation 566 'br' 'br_ln89' <Predicate = (trunc_ln78 == 2 & icmp_ln85_1 & icmp_ln89_4)> <Delay = 0.00>
ST_9 : Operation 567 [1/1] (2.54ns)   --->   "%store_ln89 = store i8 0, i8 %conv2_ap_fixed_8_5_5_3_0_ap_fixed_8_5_5_3_0_partial_sums_2" [../src/conv.cpp:89]   --->   Operation 567 'store' 'store_ln89' <Predicate = (trunc_ln78 == 1 & icmp_ln85_1 & icmp_ln89_4)> <Delay = 2.54>
ST_9 : Operation 568 [1/1] (0.00ns)   --->   "%br_ln89 = br void %V42.i.i26.i.i121.exit201" [../src/conv.cpp:89]   --->   Operation 568 'br' 'br_ln89' <Predicate = (trunc_ln78 == 1 & icmp_ln85_1 & icmp_ln89_4)> <Delay = 0.00>
ST_9 : Operation 569 [1/1] (2.54ns)   --->   "%store_ln89 = store i8 0, i8 %conv2_ap_fixed_8_5_5_3_0_ap_fixed_8_5_5_3_0_partial_sums" [../src/conv.cpp:89]   --->   Operation 569 'store' 'store_ln89' <Predicate = (trunc_ln78 == 0 & icmp_ln85_1 & icmp_ln89_4)> <Delay = 2.54>
ST_9 : Operation 570 [1/1] (0.00ns)   --->   "%br_ln89 = br void %V42.i.i26.i.i121.exit201" [../src/conv.cpp:89]   --->   Operation 570 'br' 'br_ln89' <Predicate = (trunc_ln78 == 0 & icmp_ln85_1 & icmp_ln89_4)> <Delay = 0.00>
ST_9 : Operation 571 [1/1] (2.54ns)   --->   "%store_ln89 = store i8 0, i8 %conv2_ap_fixed_8_5_5_3_0_ap_fixed_8_5_5_3_0_partial_sums_8" [../src/conv.cpp:89]   --->   Operation 571 'store' 'store_ln89' <Predicate = (trunc_ln78 == 7 & icmp_ln85_1 & icmp_ln89_4)> <Delay = 2.54>
ST_9 : Operation 572 [1/1] (0.00ns)   --->   "%br_ln89 = br void %V42.i.i26.i.i121.exit201" [../src/conv.cpp:89]   --->   Operation 572 'br' 'br_ln89' <Predicate = (trunc_ln78 == 7 & icmp_ln85_1 & icmp_ln89_4)> <Delay = 0.00>
ST_9 : Operation 573 [1/1] (0.00ns)   --->   "%trunc_ln89_3 = partselect i8 @_ssdm_op_PartSelect.i8.i11.i32.i32, i11 %add_ln89_5, i32 3, i32 10" [../src/conv.cpp:89]   --->   Operation 573 'partselect' 'trunc_ln89_3' <Predicate = (icmp_ln85_1)> <Delay = 0.00>
ST_9 : Operation 574 [1/1] (1.65ns)   --->   "%switch_ln89 = switch i3 %trunc_ln78, void %V42.i.i26.i.i121.case.7200, i3 0, void %V42.i.i26.i.i121.case.0193, i3 1, void %V42.i.i26.i.i121.case.1194, i3 2, void %V42.i.i26.i.i121.case.2195, i3 3, void %V42.i.i26.i.i121.case.3196, i3 4, void %V42.i.i26.i.i121.case.4197, i3 5, void %V42.i.i26.i.i121.case.5198, i3 6, void %V42.i.i26.i.i121.case.6199" [../src/conv.cpp:89]   --->   Operation 574 'switch' 'switch_ln89' <Predicate = (icmp_ln85_1)> <Delay = 1.65>
ST_9 : Operation 575 [1/1] (2.54ns)   --->   "%store_ln89 = store i8 %trunc_ln89_3, i8 %conv2_ap_fixed_8_5_5_3_0_ap_fixed_8_5_5_3_0_partial_sums_7" [../src/conv.cpp:89]   --->   Operation 575 'store' 'store_ln89' <Predicate = (trunc_ln78 == 6 & icmp_ln85_1)> <Delay = 2.54>
ST_9 : Operation 576 [1/1] (0.00ns)   --->   "%br_ln89 = br void %V42.i.i26.i.i121.exit192" [../src/conv.cpp:89]   --->   Operation 576 'br' 'br_ln89' <Predicate = (trunc_ln78 == 6 & icmp_ln85_1)> <Delay = 0.00>
ST_9 : Operation 577 [1/1] (2.54ns)   --->   "%store_ln89 = store i8 %trunc_ln89_3, i8 %conv2_ap_fixed_8_5_5_3_0_ap_fixed_8_5_5_3_0_partial_sums_6" [../src/conv.cpp:89]   --->   Operation 577 'store' 'store_ln89' <Predicate = (trunc_ln78 == 5 & icmp_ln85_1)> <Delay = 2.54>
ST_9 : Operation 578 [1/1] (0.00ns)   --->   "%br_ln89 = br void %V42.i.i26.i.i121.exit192" [../src/conv.cpp:89]   --->   Operation 578 'br' 'br_ln89' <Predicate = (trunc_ln78 == 5 & icmp_ln85_1)> <Delay = 0.00>
ST_9 : Operation 579 [1/1] (2.54ns)   --->   "%store_ln89 = store i8 %trunc_ln89_3, i8 %conv2_ap_fixed_8_5_5_3_0_ap_fixed_8_5_5_3_0_partial_sums_5" [../src/conv.cpp:89]   --->   Operation 579 'store' 'store_ln89' <Predicate = (trunc_ln78 == 4 & icmp_ln85_1)> <Delay = 2.54>
ST_9 : Operation 580 [1/1] (0.00ns)   --->   "%br_ln89 = br void %V42.i.i26.i.i121.exit192" [../src/conv.cpp:89]   --->   Operation 580 'br' 'br_ln89' <Predicate = (trunc_ln78 == 4 & icmp_ln85_1)> <Delay = 0.00>
ST_9 : Operation 581 [1/1] (2.54ns)   --->   "%store_ln89 = store i8 %trunc_ln89_3, i8 %conv2_ap_fixed_8_5_5_3_0_ap_fixed_8_5_5_3_0_partial_sums_4" [../src/conv.cpp:89]   --->   Operation 581 'store' 'store_ln89' <Predicate = (trunc_ln78 == 3 & icmp_ln85_1)> <Delay = 2.54>
ST_9 : Operation 582 [1/1] (0.00ns)   --->   "%br_ln89 = br void %V42.i.i26.i.i121.exit192" [../src/conv.cpp:89]   --->   Operation 582 'br' 'br_ln89' <Predicate = (trunc_ln78 == 3 & icmp_ln85_1)> <Delay = 0.00>
ST_9 : Operation 583 [1/1] (2.54ns)   --->   "%store_ln89 = store i8 %trunc_ln89_3, i8 %conv2_ap_fixed_8_5_5_3_0_ap_fixed_8_5_5_3_0_partial_sums_3" [../src/conv.cpp:89]   --->   Operation 583 'store' 'store_ln89' <Predicate = (trunc_ln78 == 2 & icmp_ln85_1)> <Delay = 2.54>
ST_9 : Operation 584 [1/1] (0.00ns)   --->   "%br_ln89 = br void %V42.i.i26.i.i121.exit192" [../src/conv.cpp:89]   --->   Operation 584 'br' 'br_ln89' <Predicate = (trunc_ln78 == 2 & icmp_ln85_1)> <Delay = 0.00>
ST_9 : Operation 585 [1/1] (2.54ns)   --->   "%store_ln89 = store i8 %trunc_ln89_3, i8 %conv2_ap_fixed_8_5_5_3_0_ap_fixed_8_5_5_3_0_partial_sums_2" [../src/conv.cpp:89]   --->   Operation 585 'store' 'store_ln89' <Predicate = (trunc_ln78 == 1 & icmp_ln85_1)> <Delay = 2.54>
ST_9 : Operation 586 [1/1] (0.00ns)   --->   "%br_ln89 = br void %V42.i.i26.i.i121.exit192" [../src/conv.cpp:89]   --->   Operation 586 'br' 'br_ln89' <Predicate = (trunc_ln78 == 1 & icmp_ln85_1)> <Delay = 0.00>
ST_9 : Operation 587 [1/1] (2.54ns)   --->   "%store_ln89 = store i8 %trunc_ln89_3, i8 %conv2_ap_fixed_8_5_5_3_0_ap_fixed_8_5_5_3_0_partial_sums" [../src/conv.cpp:89]   --->   Operation 587 'store' 'store_ln89' <Predicate = (trunc_ln78 == 0 & icmp_ln85_1)> <Delay = 2.54>
ST_9 : Operation 588 [1/1] (0.00ns)   --->   "%br_ln89 = br void %V42.i.i26.i.i121.exit192" [../src/conv.cpp:89]   --->   Operation 588 'br' 'br_ln89' <Predicate = (trunc_ln78 == 0 & icmp_ln85_1)> <Delay = 0.00>
ST_9 : Operation 589 [1/1] (2.54ns)   --->   "%store_ln89 = store i8 %trunc_ln89_3, i8 %conv2_ap_fixed_8_5_5_3_0_ap_fixed_8_5_5_3_0_partial_sums_8" [../src/conv.cpp:89]   --->   Operation 589 'store' 'store_ln89' <Predicate = (trunc_ln78 == 7 & icmp_ln85_1)> <Delay = 2.54>
ST_9 : Operation 590 [1/1] (0.00ns)   --->   "%br_ln89 = br void %V42.i.i26.i.i121.exit192" [../src/conv.cpp:89]   --->   Operation 590 'br' 'br_ln89' <Predicate = (trunc_ln78 == 7 & icmp_ln85_1)> <Delay = 0.00>
ST_9 : Operation 591 [1/1] (0.00ns)   --->   "%zext_ln89_9 = zext i7 %tmp_8_cast" [../src/conv.cpp:89]   --->   Operation 591 'zext' 'zext_ln89_9' <Predicate = true> <Delay = 0.00>
ST_9 : Operation 592 [1/1] (0.00ns)   --->   "%sext_ln89_6 = sext i4 %p_ZL12conv2_weight_4_load" [../src/conv.cpp:89]   --->   Operation 592 'sext' 'sext_ln89_6' <Predicate = true> <Delay = 0.00>
ST_9 : Operation 593 [1/1] (3.74ns)   --->   "%mul_ln89_4 = mul i11 %sext_ln89_6, i11 %zext_ln89_9" [../src/conv.cpp:89]   --->   Operation 593 'mul' 'mul_ln89_4' <Predicate = true> <Delay = 3.74> <CoreInst = "Multiplier">   --->   Core 3 'Multiplier' <Latency = 0> <II = 1> <Delay = 3.74> <FuncUnit> <Opcode : 'mul'> <InPorts = 2> <OutPorts = 1>
ST_9 : Operation 594 [1/1] (0.00ns)   --->   "%zext_ln89_11 = zext i7 %tmp_cast_47" [../src/conv.cpp:89]   --->   Operation 594 'zext' 'zext_ln89_11' <Predicate = (icmp_ln85_2)> <Delay = 0.00>
ST_9 : Operation 595 [1/1] (0.00ns)   --->   "%sext_ln89_7 = sext i4 %p_ZL12conv2_weight_5_load" [../src/conv.cpp:89]   --->   Operation 595 'sext' 'sext_ln89_7' <Predicate = (icmp_ln85_2)> <Delay = 0.00>
ST_9 : Operation 596 [1/1] (3.74ns)   --->   "%mul_ln89_5 = mul i11 %sext_ln89_7, i11 %zext_ln89_11" [../src/conv.cpp:89]   --->   Operation 596 'mul' 'mul_ln89_5' <Predicate = (icmp_ln85_2)> <Delay = 3.74> <CoreInst = "Multiplier">   --->   Core 3 'Multiplier' <Latency = 0> <II = 1> <Delay = 3.74> <FuncUnit> <Opcode : 'mul'> <InPorts = 2> <OutPorts = 1>

State 10 <SV = 9> <Delay = 8.12>
ST_10 : Operation 597 [1/1] (0.00ns)   --->   "%br_ln89 = br void %if.end.i.i83.1" [../src/conv.cpp:89]   --->   Operation 597 'br' 'br_ln89' <Predicate = (icmp_ln85_1 & icmp_ln89_4)> <Delay = 0.00>
ST_10 : Operation 598 [1/1] (0.00ns)   --->   "%br_ln90 = br void %if.then.1.1" [../src/conv.cpp:90]   --->   Operation 598 'br' 'br_ln90' <Predicate = (icmp_ln85_1)> <Delay = 0.00>
ST_10 : Operation 599 [1/1] (0.00ns)   --->   "%conv2_ap_fixed_8_5_5_3_0_ap_fixed_8_5_5_3_0_partial_sums_load_4 = load i8 %conv2_ap_fixed_8_5_5_3_0_ap_fixed_8_5_5_3_0_partial_sums" [../src/conv.cpp:89]   --->   Operation 599 'load' 'conv2_ap_fixed_8_5_5_3_0_ap_fixed_8_5_5_3_0_partial_sums_load_4' <Predicate = (trunc_ln78 == 0)> <Delay = 0.00>
ST_10 : Operation 600 [1/1] (0.00ns)   --->   "%conv2_ap_fixed_8_5_5_3_0_ap_fixed_8_5_5_3_0_partial_sums_2_load_4 = load i8 %conv2_ap_fixed_8_5_5_3_0_ap_fixed_8_5_5_3_0_partial_sums_2" [../src/conv.cpp:89]   --->   Operation 600 'load' 'conv2_ap_fixed_8_5_5_3_0_ap_fixed_8_5_5_3_0_partial_sums_2_load_4' <Predicate = (trunc_ln78 == 1)> <Delay = 0.00>
ST_10 : Operation 601 [1/1] (0.00ns)   --->   "%conv2_ap_fixed_8_5_5_3_0_ap_fixed_8_5_5_3_0_partial_sums_3_load_4 = load i8 %conv2_ap_fixed_8_5_5_3_0_ap_fixed_8_5_5_3_0_partial_sums_3" [../src/conv.cpp:89]   --->   Operation 601 'load' 'conv2_ap_fixed_8_5_5_3_0_ap_fixed_8_5_5_3_0_partial_sums_3_load_4' <Predicate = (trunc_ln78 == 2)> <Delay = 0.00>
ST_10 : Operation 602 [1/1] (0.00ns)   --->   "%conv2_ap_fixed_8_5_5_3_0_ap_fixed_8_5_5_3_0_partial_sums_4_load_4 = load i8 %conv2_ap_fixed_8_5_5_3_0_ap_fixed_8_5_5_3_0_partial_sums_4" [../src/conv.cpp:89]   --->   Operation 602 'load' 'conv2_ap_fixed_8_5_5_3_0_ap_fixed_8_5_5_3_0_partial_sums_4_load_4' <Predicate = (trunc_ln78 == 3)> <Delay = 0.00>
ST_10 : Operation 603 [1/1] (0.00ns)   --->   "%conv2_ap_fixed_8_5_5_3_0_ap_fixed_8_5_5_3_0_partial_sums_5_load_4 = load i8 %conv2_ap_fixed_8_5_5_3_0_ap_fixed_8_5_5_3_0_partial_sums_5" [../src/conv.cpp:89]   --->   Operation 603 'load' 'conv2_ap_fixed_8_5_5_3_0_ap_fixed_8_5_5_3_0_partial_sums_5_load_4' <Predicate = (trunc_ln78 == 4)> <Delay = 0.00>
ST_10 : Operation 604 [1/1] (0.00ns)   --->   "%conv2_ap_fixed_8_5_5_3_0_ap_fixed_8_5_5_3_0_partial_sums_6_load_4 = load i8 %conv2_ap_fixed_8_5_5_3_0_ap_fixed_8_5_5_3_0_partial_sums_6" [../src/conv.cpp:89]   --->   Operation 604 'load' 'conv2_ap_fixed_8_5_5_3_0_ap_fixed_8_5_5_3_0_partial_sums_6_load_4' <Predicate = (trunc_ln78 == 5)> <Delay = 0.00>
ST_10 : Operation 605 [1/1] (0.00ns)   --->   "%conv2_ap_fixed_8_5_5_3_0_ap_fixed_8_5_5_3_0_partial_sums_7_load_4 = load i8 %conv2_ap_fixed_8_5_5_3_0_ap_fixed_8_5_5_3_0_partial_sums_7" [../src/conv.cpp:89]   --->   Operation 605 'load' 'conv2_ap_fixed_8_5_5_3_0_ap_fixed_8_5_5_3_0_partial_sums_7_load_4' <Predicate = (trunc_ln78 == 6)> <Delay = 0.00>
ST_10 : Operation 606 [1/1] (0.00ns)   --->   "%conv2_ap_fixed_8_5_5_3_0_ap_fixed_8_5_5_3_0_partial_sums_8_load_4 = load i8 %conv2_ap_fixed_8_5_5_3_0_ap_fixed_8_5_5_3_0_partial_sums_8" [../src/conv.cpp:89]   --->   Operation 606 'load' 'conv2_ap_fixed_8_5_5_3_0_ap_fixed_8_5_5_3_0_partial_sums_8_load_4' <Predicate = (trunc_ln78 == 7)> <Delay = 0.00>
ST_10 : Operation 607 [1/1] (2.30ns)   --->   "%tmp_9 = sparsemux i8 @_ssdm_op_SparseMux.ap_auto.8i8.i8.i3, i3 0, i8 %conv2_ap_fixed_8_5_5_3_0_ap_fixed_8_5_5_3_0_partial_sums_load_4, i3 1, i8 %conv2_ap_fixed_8_5_5_3_0_ap_fixed_8_5_5_3_0_partial_sums_2_load_4, i3 2, i8 %conv2_ap_fixed_8_5_5_3_0_ap_fixed_8_5_5_3_0_partial_sums_3_load_4, i3 3, i8 %conv2_ap_fixed_8_5_5_3_0_ap_fixed_8_5_5_3_0_partial_sums_4_load_4, i3 4, i8 %conv2_ap_fixed_8_5_5_3_0_ap_fixed_8_5_5_3_0_partial_sums_5_load_4, i3 5, i8 %conv2_ap_fixed_8_5_5_3_0_ap_fixed_8_5_5_3_0_partial_sums_6_load_4, i3 6, i8 %conv2_ap_fixed_8_5_5_3_0_ap_fixed_8_5_5_3_0_partial_sums_7_load_4, i3 7, i8 %conv2_ap_fixed_8_5_5_3_0_ap_fixed_8_5_5_3_0_partial_sums_8_load_4, i8 0, i3 %trunc_ln78" [../src/conv.cpp:89]   --->   Operation 607 'sparsemux' 'tmp_9' <Predicate = true> <Delay = 2.30> <CoreInst = "BinarySparseMux_DontCare">   --->   Core 137 'BinarySparseMux_DontCare' <Latency = 0> <II = 1> <Delay = 2.30> <FuncUnit> <Opcode : 'sparsemux'> <InPorts = 2> <OutPorts = 1>
ST_10 : Operation 608 [1/1] (0.00ns)   --->   "%shl_ln89_4 = bitconcatenate i11 @_ssdm_op_BitConcatenate.i11.i8.i3, i8 %tmp_9, i3 0" [../src/conv.cpp:89]   --->   Operation 608 'bitconcatenate' 'shl_ln89_4' <Predicate = true> <Delay = 0.00>
ST_10 : Operation 609 [1/1] (1.63ns)   --->   "%add_ln89_6 = add i11 %shl_ln89_4, i11 %mul_ln89_4" [../src/conv.cpp:89]   --->   Operation 609 'add' 'add_ln89_6' <Predicate = true> <Delay = 1.63> <CoreInst = "Adder">   --->   Core 1 'Adder' <Latency = 0> <II = 1> <Delay = 1.63> <FuncUnit> <Opcode : 'add' 'sub'> <InPorts = 2> <OutPorts = 1>
ST_10 : Operation 610 [1/1] (1.63ns)   --->   "%sub_ln89_3 = sub i11 0, i11 %mul_ln89_4" [../src/conv.cpp:89]   --->   Operation 610 'sub' 'sub_ln89_3' <Predicate = true> <Delay = 1.63> <CoreInst = "Adder">   --->   Core 1 'Adder' <Latency = 0> <II = 1> <Delay = 1.63> <FuncUnit> <Opcode : 'add' 'sub'> <InPorts = 2> <OutPorts = 1>
ST_10 : Operation 611 [1/1] (1.63ns)   --->   "%icmp_ln89_5 = icmp_eq  i11 %shl_ln89_4, i11 %sub_ln89_3" [../src/conv.cpp:89]   --->   Operation 611 'icmp' 'icmp_ln89_5' <Predicate = true> <Delay = 1.63> <CoreInst = "Cmp">   --->   Core 9 'Cmp' <Latency = 0> <II = 1> <Delay = 1.63> <FuncUnit> <Opcode : 'seteq' 'setne' 'setle' 'setge' 'setlt' 'setgt'> <InPorts = 2> <OutPorts = 1>
ST_10 : Operation 612 [1/1] (0.00ns)   --->   "%br_ln89 = br i1 %icmp_ln89_5, void %if.end.i.i83.1.1, void %if.then.i.i81.1.1" [../src/conv.cpp:89]   --->   Operation 612 'br' 'br_ln89' <Predicate = true> <Delay = 0.00>
ST_10 : Operation 613 [1/1] (1.65ns)   --->   "%switch_ln89 = switch i3 %trunc_ln78, void %V42.i.i26.i.i121.case.7101, i3 0, void %V42.i.i26.i.i121.case.094, i3 1, void %V42.i.i26.i.i121.case.195, i3 2, void %V42.i.i26.i.i121.case.296, i3 3, void %V42.i.i26.i.i121.case.397, i3 4, void %V42.i.i26.i.i121.case.498, i3 5, void %V42.i.i26.i.i121.case.599, i3 6, void %V42.i.i26.i.i121.case.6100" [../src/conv.cpp:89]   --->   Operation 613 'switch' 'switch_ln89' <Predicate = (icmp_ln89_5)> <Delay = 1.65>
ST_10 : Operation 614 [1/1] (2.54ns)   --->   "%store_ln89 = store i8 0, i8 %conv2_ap_fixed_8_5_5_3_0_ap_fixed_8_5_5_3_0_partial_sums_7" [../src/conv.cpp:89]   --->   Operation 614 'store' 'store_ln89' <Predicate = (trunc_ln78 == 6 & icmp_ln89_5)> <Delay = 2.54>
ST_10 : Operation 615 [1/1] (0.00ns)   --->   "%br_ln89 = br void %V42.i.i26.i.i121.exit93" [../src/conv.cpp:89]   --->   Operation 615 'br' 'br_ln89' <Predicate = (trunc_ln78 == 6 & icmp_ln89_5)> <Delay = 0.00>
ST_10 : Operation 616 [1/1] (2.54ns)   --->   "%store_ln89 = store i8 0, i8 %conv2_ap_fixed_8_5_5_3_0_ap_fixed_8_5_5_3_0_partial_sums_6" [../src/conv.cpp:89]   --->   Operation 616 'store' 'store_ln89' <Predicate = (trunc_ln78 == 5 & icmp_ln89_5)> <Delay = 2.54>
ST_10 : Operation 617 [1/1] (0.00ns)   --->   "%br_ln89 = br void %V42.i.i26.i.i121.exit93" [../src/conv.cpp:89]   --->   Operation 617 'br' 'br_ln89' <Predicate = (trunc_ln78 == 5 & icmp_ln89_5)> <Delay = 0.00>
ST_10 : Operation 618 [1/1] (2.54ns)   --->   "%store_ln89 = store i8 0, i8 %conv2_ap_fixed_8_5_5_3_0_ap_fixed_8_5_5_3_0_partial_sums_5" [../src/conv.cpp:89]   --->   Operation 618 'store' 'store_ln89' <Predicate = (trunc_ln78 == 4 & icmp_ln89_5)> <Delay = 2.54>
ST_10 : Operation 619 [1/1] (0.00ns)   --->   "%br_ln89 = br void %V42.i.i26.i.i121.exit93" [../src/conv.cpp:89]   --->   Operation 619 'br' 'br_ln89' <Predicate = (trunc_ln78 == 4 & icmp_ln89_5)> <Delay = 0.00>
ST_10 : Operation 620 [1/1] (2.54ns)   --->   "%store_ln89 = store i8 0, i8 %conv2_ap_fixed_8_5_5_3_0_ap_fixed_8_5_5_3_0_partial_sums_4" [../src/conv.cpp:89]   --->   Operation 620 'store' 'store_ln89' <Predicate = (trunc_ln78 == 3 & icmp_ln89_5)> <Delay = 2.54>
ST_10 : Operation 621 [1/1] (0.00ns)   --->   "%br_ln89 = br void %V42.i.i26.i.i121.exit93" [../src/conv.cpp:89]   --->   Operation 621 'br' 'br_ln89' <Predicate = (trunc_ln78 == 3 & icmp_ln89_5)> <Delay = 0.00>
ST_10 : Operation 622 [1/1] (2.54ns)   --->   "%store_ln89 = store i8 0, i8 %conv2_ap_fixed_8_5_5_3_0_ap_fixed_8_5_5_3_0_partial_sums_3" [../src/conv.cpp:89]   --->   Operation 622 'store' 'store_ln89' <Predicate = (trunc_ln78 == 2 & icmp_ln89_5)> <Delay = 2.54>
ST_10 : Operation 623 [1/1] (0.00ns)   --->   "%br_ln89 = br void %V42.i.i26.i.i121.exit93" [../src/conv.cpp:89]   --->   Operation 623 'br' 'br_ln89' <Predicate = (trunc_ln78 == 2 & icmp_ln89_5)> <Delay = 0.00>
ST_10 : Operation 624 [1/1] (2.54ns)   --->   "%store_ln89 = store i8 0, i8 %conv2_ap_fixed_8_5_5_3_0_ap_fixed_8_5_5_3_0_partial_sums_2" [../src/conv.cpp:89]   --->   Operation 624 'store' 'store_ln89' <Predicate = (trunc_ln78 == 1 & icmp_ln89_5)> <Delay = 2.54>
ST_10 : Operation 625 [1/1] (0.00ns)   --->   "%br_ln89 = br void %V42.i.i26.i.i121.exit93" [../src/conv.cpp:89]   --->   Operation 625 'br' 'br_ln89' <Predicate = (trunc_ln78 == 1 & icmp_ln89_5)> <Delay = 0.00>
ST_10 : Operation 626 [1/1] (2.54ns)   --->   "%store_ln89 = store i8 0, i8 %conv2_ap_fixed_8_5_5_3_0_ap_fixed_8_5_5_3_0_partial_sums" [../src/conv.cpp:89]   --->   Operation 626 'store' 'store_ln89' <Predicate = (trunc_ln78 == 0 & icmp_ln89_5)> <Delay = 2.54>
ST_10 : Operation 627 [1/1] (0.00ns)   --->   "%br_ln89 = br void %V42.i.i26.i.i121.exit93" [../src/conv.cpp:89]   --->   Operation 627 'br' 'br_ln89' <Predicate = (trunc_ln78 == 0 & icmp_ln89_5)> <Delay = 0.00>
ST_10 : Operation 628 [1/1] (2.54ns)   --->   "%store_ln89 = store i8 0, i8 %conv2_ap_fixed_8_5_5_3_0_ap_fixed_8_5_5_3_0_partial_sums_8" [../src/conv.cpp:89]   --->   Operation 628 'store' 'store_ln89' <Predicate = (trunc_ln78 == 7 & icmp_ln89_5)> <Delay = 2.54>
ST_10 : Operation 629 [1/1] (0.00ns)   --->   "%br_ln89 = br void %V42.i.i26.i.i121.exit93" [../src/conv.cpp:89]   --->   Operation 629 'br' 'br_ln89' <Predicate = (trunc_ln78 == 7 & icmp_ln89_5)> <Delay = 0.00>
ST_10 : Operation 630 [1/1] (0.00ns)   --->   "%trunc_ln89_4 = partselect i8 @_ssdm_op_PartSelect.i8.i11.i32.i32, i11 %add_ln89_6, i32 3, i32 10" [../src/conv.cpp:89]   --->   Operation 630 'partselect' 'trunc_ln89_4' <Predicate = true> <Delay = 0.00>
ST_10 : Operation 631 [1/1] (2.54ns)   --->   "%store_ln89 = store i8 %trunc_ln89_4, i8 %conv2_ap_fixed_8_5_5_3_0_ap_fixed_8_5_5_3_0_partial_sums_7" [../src/conv.cpp:89]   --->   Operation 631 'store' 'store_ln89' <Predicate = (trunc_ln78 == 6)> <Delay = 2.54>
ST_10 : Operation 632 [1/1] (2.54ns)   --->   "%store_ln89 = store i8 %trunc_ln89_4, i8 %conv2_ap_fixed_8_5_5_3_0_ap_fixed_8_5_5_3_0_partial_sums_6" [../src/conv.cpp:89]   --->   Operation 632 'store' 'store_ln89' <Predicate = (trunc_ln78 == 5)> <Delay = 2.54>
ST_10 : Operation 633 [1/1] (2.54ns)   --->   "%store_ln89 = store i8 %trunc_ln89_4, i8 %conv2_ap_fixed_8_5_5_3_0_ap_fixed_8_5_5_3_0_partial_sums_5" [../src/conv.cpp:89]   --->   Operation 633 'store' 'store_ln89' <Predicate = (trunc_ln78 == 4)> <Delay = 2.54>
ST_10 : Operation 634 [1/1] (2.54ns)   --->   "%store_ln89 = store i8 %trunc_ln89_4, i8 %conv2_ap_fixed_8_5_5_3_0_ap_fixed_8_5_5_3_0_partial_sums_4" [../src/conv.cpp:89]   --->   Operation 634 'store' 'store_ln89' <Predicate = (trunc_ln78 == 3)> <Delay = 2.54>
ST_10 : Operation 635 [1/1] (2.54ns)   --->   "%store_ln89 = store i8 %trunc_ln89_4, i8 %conv2_ap_fixed_8_5_5_3_0_ap_fixed_8_5_5_3_0_partial_sums_3" [../src/conv.cpp:89]   --->   Operation 635 'store' 'store_ln89' <Predicate = (trunc_ln78 == 2)> <Delay = 2.54>
ST_10 : Operation 636 [1/1] (2.54ns)   --->   "%store_ln89 = store i8 %trunc_ln89_4, i8 %conv2_ap_fixed_8_5_5_3_0_ap_fixed_8_5_5_3_0_partial_sums_2" [../src/conv.cpp:89]   --->   Operation 636 'store' 'store_ln89' <Predicate = (trunc_ln78 == 1)> <Delay = 2.54>
ST_10 : Operation 637 [1/1] (2.54ns)   --->   "%store_ln89 = store i8 %trunc_ln89_4, i8 %conv2_ap_fixed_8_5_5_3_0_ap_fixed_8_5_5_3_0_partial_sums" [../src/conv.cpp:89]   --->   Operation 637 'store' 'store_ln89' <Predicate = (trunc_ln78 == 0)> <Delay = 2.54>
ST_10 : Operation 638 [1/1] (2.54ns)   --->   "%store_ln89 = store i8 %trunc_ln89_4, i8 %conv2_ap_fixed_8_5_5_3_0_ap_fixed_8_5_5_3_0_partial_sums_8" [../src/conv.cpp:89]   --->   Operation 638 'store' 'store_ln89' <Predicate = (trunc_ln78 == 7)> <Delay = 2.54>
ST_10 : Operation 639 [1/1] (0.00ns)   --->   "%shl_ln89_5 = bitconcatenate i11 @_ssdm_op_BitConcatenate.i11.i8.i3, i8 %trunc_ln89_4, i3 0" [../src/conv.cpp:89]   --->   Operation 639 'bitconcatenate' 'shl_ln89_5' <Predicate = (icmp_ln85_2)> <Delay = 0.00>
ST_10 : Operation 640 [1/1] (1.63ns)   --->   "%add_ln89_7 = add i11 %shl_ln89_5, i11 %mul_ln89_5" [../src/conv.cpp:89]   --->   Operation 640 'add' 'add_ln89_7' <Predicate = (icmp_ln85_2)> <Delay = 1.63> <CoreInst = "Adder">   --->   Core 1 'Adder' <Latency = 0> <II = 1> <Delay = 1.63> <FuncUnit> <Opcode : 'add' 'sub'> <InPorts = 2> <OutPorts = 1>
ST_10 : Operation 641 [1/1] (1.63ns)   --->   "%sub_ln89_4 = sub i11 0, i11 %mul_ln89_5" [../src/conv.cpp:89]   --->   Operation 641 'sub' 'sub_ln89_4' <Predicate = (icmp_ln85_2)> <Delay = 1.63> <CoreInst = "Adder">   --->   Core 1 'Adder' <Latency = 0> <II = 1> <Delay = 1.63> <FuncUnit> <Opcode : 'add' 'sub'> <InPorts = 2> <OutPorts = 1>
ST_10 : Operation 642 [1/1] (1.63ns)   --->   "%icmp_ln89_6 = icmp_eq  i11 %shl_ln89_5, i11 %sub_ln89_4" [../src/conv.cpp:89]   --->   Operation 642 'icmp' 'icmp_ln89_6' <Predicate = (icmp_ln85_2)> <Delay = 1.63> <CoreInst = "Cmp">   --->   Core 9 'Cmp' <Latency = 0> <II = 1> <Delay = 1.63> <FuncUnit> <Opcode : 'seteq' 'setne' 'setle' 'setge' 'setlt' 'setgt'> <InPorts = 2> <OutPorts = 1>
ST_10 : Operation 643 [1/1] (0.00ns)   --->   "%br_ln89 = br i1 %icmp_ln89_6, void %if.end.i.i83.1.2, void %if.then.i.i81.1.2" [../src/conv.cpp:89]   --->   Operation 643 'br' 'br_ln89' <Predicate = (icmp_ln85_2)> <Delay = 0.00>
ST_10 : Operation 644 [1/1] (1.65ns)   --->   "%switch_ln89 = switch i3 %trunc_ln78, void %V42.i.i26.i.i121.case.792, i3 0, void %V42.i.i26.i.i121.case.085, i3 1, void %V42.i.i26.i.i121.case.186, i3 2, void %V42.i.i26.i.i121.case.287, i3 3, void %V42.i.i26.i.i121.case.388, i3 4, void %V42.i.i26.i.i121.case.489, i3 5, void %V42.i.i26.i.i121.case.590, i3 6, void %V42.i.i26.i.i121.case.691" [../src/conv.cpp:89]   --->   Operation 644 'switch' 'switch_ln89' <Predicate = (icmp_ln85_2 & icmp_ln89_6)> <Delay = 1.65>
ST_10 : Operation 645 [1/1] (2.54ns)   --->   "%store_ln89 = store i8 0, i8 %conv2_ap_fixed_8_5_5_3_0_ap_fixed_8_5_5_3_0_partial_sums_7" [../src/conv.cpp:89]   --->   Operation 645 'store' 'store_ln89' <Predicate = (trunc_ln78 == 6 & icmp_ln85_2 & icmp_ln89_6)> <Delay = 2.54>
ST_10 : Operation 646 [1/1] (0.00ns)   --->   "%br_ln89 = br void %V42.i.i26.i.i121.exit84" [../src/conv.cpp:89]   --->   Operation 646 'br' 'br_ln89' <Predicate = (trunc_ln78 == 6 & icmp_ln85_2 & icmp_ln89_6)> <Delay = 0.00>
ST_10 : Operation 647 [1/1] (2.54ns)   --->   "%store_ln89 = store i8 0, i8 %conv2_ap_fixed_8_5_5_3_0_ap_fixed_8_5_5_3_0_partial_sums_6" [../src/conv.cpp:89]   --->   Operation 647 'store' 'store_ln89' <Predicate = (trunc_ln78 == 5 & icmp_ln85_2 & icmp_ln89_6)> <Delay = 2.54>
ST_10 : Operation 648 [1/1] (0.00ns)   --->   "%br_ln89 = br void %V42.i.i26.i.i121.exit84" [../src/conv.cpp:89]   --->   Operation 648 'br' 'br_ln89' <Predicate = (trunc_ln78 == 5 & icmp_ln85_2 & icmp_ln89_6)> <Delay = 0.00>
ST_10 : Operation 649 [1/1] (2.54ns)   --->   "%store_ln89 = store i8 0, i8 %conv2_ap_fixed_8_5_5_3_0_ap_fixed_8_5_5_3_0_partial_sums_5" [../src/conv.cpp:89]   --->   Operation 649 'store' 'store_ln89' <Predicate = (trunc_ln78 == 4 & icmp_ln85_2 & icmp_ln89_6)> <Delay = 2.54>
ST_10 : Operation 650 [1/1] (0.00ns)   --->   "%br_ln89 = br void %V42.i.i26.i.i121.exit84" [../src/conv.cpp:89]   --->   Operation 650 'br' 'br_ln89' <Predicate = (trunc_ln78 == 4 & icmp_ln85_2 & icmp_ln89_6)> <Delay = 0.00>
ST_10 : Operation 651 [1/1] (2.54ns)   --->   "%store_ln89 = store i8 0, i8 %conv2_ap_fixed_8_5_5_3_0_ap_fixed_8_5_5_3_0_partial_sums_4" [../src/conv.cpp:89]   --->   Operation 651 'store' 'store_ln89' <Predicate = (trunc_ln78 == 3 & icmp_ln85_2 & icmp_ln89_6)> <Delay = 2.54>
ST_10 : Operation 652 [1/1] (0.00ns)   --->   "%br_ln89 = br void %V42.i.i26.i.i121.exit84" [../src/conv.cpp:89]   --->   Operation 652 'br' 'br_ln89' <Predicate = (trunc_ln78 == 3 & icmp_ln85_2 & icmp_ln89_6)> <Delay = 0.00>
ST_10 : Operation 653 [1/1] (2.54ns)   --->   "%store_ln89 = store i8 0, i8 %conv2_ap_fixed_8_5_5_3_0_ap_fixed_8_5_5_3_0_partial_sums_3" [../src/conv.cpp:89]   --->   Operation 653 'store' 'store_ln89' <Predicate = (trunc_ln78 == 2 & icmp_ln85_2 & icmp_ln89_6)> <Delay = 2.54>
ST_10 : Operation 654 [1/1] (0.00ns)   --->   "%br_ln89 = br void %V42.i.i26.i.i121.exit84" [../src/conv.cpp:89]   --->   Operation 654 'br' 'br_ln89' <Predicate = (trunc_ln78 == 2 & icmp_ln85_2 & icmp_ln89_6)> <Delay = 0.00>
ST_10 : Operation 655 [1/1] (2.54ns)   --->   "%store_ln89 = store i8 0, i8 %conv2_ap_fixed_8_5_5_3_0_ap_fixed_8_5_5_3_0_partial_sums_2" [../src/conv.cpp:89]   --->   Operation 655 'store' 'store_ln89' <Predicate = (trunc_ln78 == 1 & icmp_ln85_2 & icmp_ln89_6)> <Delay = 2.54>
ST_10 : Operation 656 [1/1] (0.00ns)   --->   "%br_ln89 = br void %V42.i.i26.i.i121.exit84" [../src/conv.cpp:89]   --->   Operation 656 'br' 'br_ln89' <Predicate = (trunc_ln78 == 1 & icmp_ln85_2 & icmp_ln89_6)> <Delay = 0.00>
ST_10 : Operation 657 [1/1] (2.54ns)   --->   "%store_ln89 = store i8 0, i8 %conv2_ap_fixed_8_5_5_3_0_ap_fixed_8_5_5_3_0_partial_sums" [../src/conv.cpp:89]   --->   Operation 657 'store' 'store_ln89' <Predicate = (trunc_ln78 == 0 & icmp_ln85_2 & icmp_ln89_6)> <Delay = 2.54>
ST_10 : Operation 658 [1/1] (0.00ns)   --->   "%br_ln89 = br void %V42.i.i26.i.i121.exit84" [../src/conv.cpp:89]   --->   Operation 658 'br' 'br_ln89' <Predicate = (trunc_ln78 == 0 & icmp_ln85_2 & icmp_ln89_6)> <Delay = 0.00>
ST_10 : Operation 659 [1/1] (2.54ns)   --->   "%store_ln89 = store i8 0, i8 %conv2_ap_fixed_8_5_5_3_0_ap_fixed_8_5_5_3_0_partial_sums_8" [../src/conv.cpp:89]   --->   Operation 659 'store' 'store_ln89' <Predicate = (trunc_ln78 == 7 & icmp_ln85_2 & icmp_ln89_6)> <Delay = 2.54>
ST_10 : Operation 660 [1/1] (0.00ns)   --->   "%br_ln89 = br void %V42.i.i26.i.i121.exit84" [../src/conv.cpp:89]   --->   Operation 660 'br' 'br_ln89' <Predicate = (trunc_ln78 == 7 & icmp_ln85_2 & icmp_ln89_6)> <Delay = 0.00>
ST_10 : Operation 661 [1/1] (0.00ns)   --->   "%trunc_ln89_5 = partselect i8 @_ssdm_op_PartSelect.i8.i11.i32.i32, i11 %add_ln89_7, i32 3, i32 10" [../src/conv.cpp:89]   --->   Operation 661 'partselect' 'trunc_ln89_5' <Predicate = (icmp_ln85_2)> <Delay = 0.00>
ST_10 : Operation 662 [1/1] (1.65ns)   --->   "%switch_ln89 = switch i3 %trunc_ln78, void %V42.i.i26.i.i121.case.783, i3 0, void %V42.i.i26.i.i121.case.076, i3 1, void %V42.i.i26.i.i121.case.177, i3 2, void %V42.i.i26.i.i121.case.278, i3 3, void %V42.i.i26.i.i121.case.379, i3 4, void %V42.i.i26.i.i121.case.480, i3 5, void %V42.i.i26.i.i121.case.581, i3 6, void %V42.i.i26.i.i121.case.682" [../src/conv.cpp:89]   --->   Operation 662 'switch' 'switch_ln89' <Predicate = (icmp_ln85_2)> <Delay = 1.65>
ST_10 : Operation 663 [1/1] (2.54ns)   --->   "%store_ln89 = store i8 %trunc_ln89_5, i8 %conv2_ap_fixed_8_5_5_3_0_ap_fixed_8_5_5_3_0_partial_sums_7" [../src/conv.cpp:89]   --->   Operation 663 'store' 'store_ln89' <Predicate = (trunc_ln78 == 6 & icmp_ln85_2)> <Delay = 2.54>
ST_10 : Operation 664 [1/1] (0.00ns)   --->   "%br_ln89 = br void %V42.i.i26.i.i121.exit75" [../src/conv.cpp:89]   --->   Operation 664 'br' 'br_ln89' <Predicate = (trunc_ln78 == 6 & icmp_ln85_2)> <Delay = 0.00>
ST_10 : Operation 665 [1/1] (2.54ns)   --->   "%store_ln89 = store i8 %trunc_ln89_5, i8 %conv2_ap_fixed_8_5_5_3_0_ap_fixed_8_5_5_3_0_partial_sums_6" [../src/conv.cpp:89]   --->   Operation 665 'store' 'store_ln89' <Predicate = (trunc_ln78 == 5 & icmp_ln85_2)> <Delay = 2.54>
ST_10 : Operation 666 [1/1] (0.00ns)   --->   "%br_ln89 = br void %V42.i.i26.i.i121.exit75" [../src/conv.cpp:89]   --->   Operation 666 'br' 'br_ln89' <Predicate = (trunc_ln78 == 5 & icmp_ln85_2)> <Delay = 0.00>
ST_10 : Operation 667 [1/1] (2.54ns)   --->   "%store_ln89 = store i8 %trunc_ln89_5, i8 %conv2_ap_fixed_8_5_5_3_0_ap_fixed_8_5_5_3_0_partial_sums_5" [../src/conv.cpp:89]   --->   Operation 667 'store' 'store_ln89' <Predicate = (trunc_ln78 == 4 & icmp_ln85_2)> <Delay = 2.54>
ST_10 : Operation 668 [1/1] (0.00ns)   --->   "%br_ln89 = br void %V42.i.i26.i.i121.exit75" [../src/conv.cpp:89]   --->   Operation 668 'br' 'br_ln89' <Predicate = (trunc_ln78 == 4 & icmp_ln85_2)> <Delay = 0.00>
ST_10 : Operation 669 [1/1] (2.54ns)   --->   "%store_ln89 = store i8 %trunc_ln89_5, i8 %conv2_ap_fixed_8_5_5_3_0_ap_fixed_8_5_5_3_0_partial_sums_4" [../src/conv.cpp:89]   --->   Operation 669 'store' 'store_ln89' <Predicate = (trunc_ln78 == 3 & icmp_ln85_2)> <Delay = 2.54>
ST_10 : Operation 670 [1/1] (0.00ns)   --->   "%br_ln89 = br void %V42.i.i26.i.i121.exit75" [../src/conv.cpp:89]   --->   Operation 670 'br' 'br_ln89' <Predicate = (trunc_ln78 == 3 & icmp_ln85_2)> <Delay = 0.00>
ST_10 : Operation 671 [1/1] (2.54ns)   --->   "%store_ln89 = store i8 %trunc_ln89_5, i8 %conv2_ap_fixed_8_5_5_3_0_ap_fixed_8_5_5_3_0_partial_sums_3" [../src/conv.cpp:89]   --->   Operation 671 'store' 'store_ln89' <Predicate = (trunc_ln78 == 2 & icmp_ln85_2)> <Delay = 2.54>
ST_10 : Operation 672 [1/1] (0.00ns)   --->   "%br_ln89 = br void %V42.i.i26.i.i121.exit75" [../src/conv.cpp:89]   --->   Operation 672 'br' 'br_ln89' <Predicate = (trunc_ln78 == 2 & icmp_ln85_2)> <Delay = 0.00>
ST_10 : Operation 673 [1/1] (2.54ns)   --->   "%store_ln89 = store i8 %trunc_ln89_5, i8 %conv2_ap_fixed_8_5_5_3_0_ap_fixed_8_5_5_3_0_partial_sums_2" [../src/conv.cpp:89]   --->   Operation 673 'store' 'store_ln89' <Predicate = (trunc_ln78 == 1 & icmp_ln85_2)> <Delay = 2.54>
ST_10 : Operation 674 [1/1] (0.00ns)   --->   "%br_ln89 = br void %V42.i.i26.i.i121.exit75" [../src/conv.cpp:89]   --->   Operation 674 'br' 'br_ln89' <Predicate = (trunc_ln78 == 1 & icmp_ln85_2)> <Delay = 0.00>
ST_10 : Operation 675 [1/1] (2.54ns)   --->   "%store_ln89 = store i8 %trunc_ln89_5, i8 %conv2_ap_fixed_8_5_5_3_0_ap_fixed_8_5_5_3_0_partial_sums" [../src/conv.cpp:89]   --->   Operation 675 'store' 'store_ln89' <Predicate = (trunc_ln78 == 0 & icmp_ln85_2)> <Delay = 2.54>
ST_10 : Operation 676 [1/1] (0.00ns)   --->   "%br_ln89 = br void %V42.i.i26.i.i121.exit75" [../src/conv.cpp:89]   --->   Operation 676 'br' 'br_ln89' <Predicate = (trunc_ln78 == 0 & icmp_ln85_2)> <Delay = 0.00>
ST_10 : Operation 677 [1/1] (2.54ns)   --->   "%store_ln89 = store i8 %trunc_ln89_5, i8 %conv2_ap_fixed_8_5_5_3_0_ap_fixed_8_5_5_3_0_partial_sums_8" [../src/conv.cpp:89]   --->   Operation 677 'store' 'store_ln89' <Predicate = (trunc_ln78 == 7 & icmp_ln85_2)> <Delay = 2.54>
ST_10 : Operation 678 [1/1] (0.00ns)   --->   "%br_ln89 = br void %V42.i.i26.i.i121.exit75" [../src/conv.cpp:89]   --->   Operation 678 'br' 'br_ln89' <Predicate = (trunc_ln78 == 7 & icmp_ln85_2)> <Delay = 0.00>
ST_10 : Operation 679 [1/1] (0.00ns)   --->   "%zext_ln89_13 = zext i7 %tmp_10_cast" [../src/conv.cpp:89]   --->   Operation 679 'zext' 'zext_ln89_13' <Predicate = (and_ln85_2_read)> <Delay = 0.00>
ST_10 : Operation 680 [1/1] (0.00ns)   --->   "%sext_ln89_8 = sext i4 %p_ZL12conv2_weight_6_load" [../src/conv.cpp:89]   --->   Operation 680 'sext' 'sext_ln89_8' <Predicate = (and_ln85_2_read)> <Delay = 0.00>
ST_10 : Operation 681 [1/1] (3.74ns)   --->   "%mul_ln89_6 = mul i11 %sext_ln89_8, i11 %zext_ln89_13" [../src/conv.cpp:89]   --->   Operation 681 'mul' 'mul_ln89_6' <Predicate = (and_ln85_2_read)> <Delay = 3.74> <CoreInst = "Multiplier">   --->   Core 3 'Multiplier' <Latency = 0> <II = 1> <Delay = 3.74> <FuncUnit> <Opcode : 'mul'> <InPorts = 2> <OutPorts = 1>

State 11 <SV = 10> <Delay = 6.48>
ST_11 : Operation 682 [1/1] (0.00ns)   --->   "%br_ln89 = br void %if.end.i.i83.1.1" [../src/conv.cpp:89]   --->   Operation 682 'br' 'br_ln89' <Predicate = (icmp_ln89_5)> <Delay = 0.00>
ST_11 : Operation 683 [1/1] (0.00ns)   --->   "%br_ln89 = br void %if.end.i.i83.1.2" [../src/conv.cpp:89]   --->   Operation 683 'br' 'br_ln89' <Predicate = (icmp_ln85_2 & icmp_ln89_6)> <Delay = 0.00>
ST_11 : Operation 684 [1/1] (0.00ns)   --->   "%br_ln90 = br void %for.inc50.1.2" [../src/conv.cpp:90]   --->   Operation 684 'br' 'br_ln90' <Predicate = (icmp_ln85_2)> <Delay = 0.00>
ST_11 : Operation 685 [1/1] (0.00ns)   --->   "%conv2_ap_fixed_8_5_5_3_0_ap_fixed_8_5_5_3_0_partial_sums_load_5 = load i8 %conv2_ap_fixed_8_5_5_3_0_ap_fixed_8_5_5_3_0_partial_sums" [../src/conv.cpp:89]   --->   Operation 685 'load' 'conv2_ap_fixed_8_5_5_3_0_ap_fixed_8_5_5_3_0_partial_sums_load_5' <Predicate = (trunc_ln78 == 0 & and_ln85_2_read)> <Delay = 0.00>
ST_11 : Operation 686 [1/1] (0.00ns)   --->   "%conv2_ap_fixed_8_5_5_3_0_ap_fixed_8_5_5_3_0_partial_sums_2_load_5 = load i8 %conv2_ap_fixed_8_5_5_3_0_ap_fixed_8_5_5_3_0_partial_sums_2" [../src/conv.cpp:89]   --->   Operation 686 'load' 'conv2_ap_fixed_8_5_5_3_0_ap_fixed_8_5_5_3_0_partial_sums_2_load_5' <Predicate = (trunc_ln78 == 1 & and_ln85_2_read)> <Delay = 0.00>
ST_11 : Operation 687 [1/1] (0.00ns)   --->   "%conv2_ap_fixed_8_5_5_3_0_ap_fixed_8_5_5_3_0_partial_sums_3_load_5 = load i8 %conv2_ap_fixed_8_5_5_3_0_ap_fixed_8_5_5_3_0_partial_sums_3" [../src/conv.cpp:89]   --->   Operation 687 'load' 'conv2_ap_fixed_8_5_5_3_0_ap_fixed_8_5_5_3_0_partial_sums_3_load_5' <Predicate = (trunc_ln78 == 2 & and_ln85_2_read)> <Delay = 0.00>
ST_11 : Operation 688 [1/1] (0.00ns)   --->   "%conv2_ap_fixed_8_5_5_3_0_ap_fixed_8_5_5_3_0_partial_sums_4_load_5 = load i8 %conv2_ap_fixed_8_5_5_3_0_ap_fixed_8_5_5_3_0_partial_sums_4" [../src/conv.cpp:89]   --->   Operation 688 'load' 'conv2_ap_fixed_8_5_5_3_0_ap_fixed_8_5_5_3_0_partial_sums_4_load_5' <Predicate = (trunc_ln78 == 3 & and_ln85_2_read)> <Delay = 0.00>
ST_11 : Operation 689 [1/1] (0.00ns)   --->   "%conv2_ap_fixed_8_5_5_3_0_ap_fixed_8_5_5_3_0_partial_sums_5_load_5 = load i8 %conv2_ap_fixed_8_5_5_3_0_ap_fixed_8_5_5_3_0_partial_sums_5" [../src/conv.cpp:89]   --->   Operation 689 'load' 'conv2_ap_fixed_8_5_5_3_0_ap_fixed_8_5_5_3_0_partial_sums_5_load_5' <Predicate = (trunc_ln78 == 4 & and_ln85_2_read)> <Delay = 0.00>
ST_11 : Operation 690 [1/1] (0.00ns)   --->   "%conv2_ap_fixed_8_5_5_3_0_ap_fixed_8_5_5_3_0_partial_sums_6_load_5 = load i8 %conv2_ap_fixed_8_5_5_3_0_ap_fixed_8_5_5_3_0_partial_sums_6" [../src/conv.cpp:89]   --->   Operation 690 'load' 'conv2_ap_fixed_8_5_5_3_0_ap_fixed_8_5_5_3_0_partial_sums_6_load_5' <Predicate = (trunc_ln78 == 5 & and_ln85_2_read)> <Delay = 0.00>
ST_11 : Operation 691 [1/1] (0.00ns)   --->   "%conv2_ap_fixed_8_5_5_3_0_ap_fixed_8_5_5_3_0_partial_sums_7_load_5 = load i8 %conv2_ap_fixed_8_5_5_3_0_ap_fixed_8_5_5_3_0_partial_sums_7" [../src/conv.cpp:89]   --->   Operation 691 'load' 'conv2_ap_fixed_8_5_5_3_0_ap_fixed_8_5_5_3_0_partial_sums_7_load_5' <Predicate = (trunc_ln78 == 6 & and_ln85_2_read)> <Delay = 0.00>
ST_11 : Operation 692 [1/1] (0.00ns)   --->   "%conv2_ap_fixed_8_5_5_3_0_ap_fixed_8_5_5_3_0_partial_sums_8_load_5 = load i8 %conv2_ap_fixed_8_5_5_3_0_ap_fixed_8_5_5_3_0_partial_sums_8" [../src/conv.cpp:89]   --->   Operation 692 'load' 'conv2_ap_fixed_8_5_5_3_0_ap_fixed_8_5_5_3_0_partial_sums_8_load_5' <Predicate = (trunc_ln78 == 7 & and_ln85_2_read)> <Delay = 0.00>
ST_11 : Operation 693 [1/1] (2.30ns)   --->   "%tmp_s = sparsemux i8 @_ssdm_op_SparseMux.ap_auto.8i8.i8.i3, i3 0, i8 %conv2_ap_fixed_8_5_5_3_0_ap_fixed_8_5_5_3_0_partial_sums_load_5, i3 1, i8 %conv2_ap_fixed_8_5_5_3_0_ap_fixed_8_5_5_3_0_partial_sums_2_load_5, i3 2, i8 %conv2_ap_fixed_8_5_5_3_0_ap_fixed_8_5_5_3_0_partial_sums_3_load_5, i3 3, i8 %conv2_ap_fixed_8_5_5_3_0_ap_fixed_8_5_5_3_0_partial_sums_4_load_5, i3 4, i8 %conv2_ap_fixed_8_5_5_3_0_ap_fixed_8_5_5_3_0_partial_sums_5_load_5, i3 5, i8 %conv2_ap_fixed_8_5_5_3_0_ap_fixed_8_5_5_3_0_partial_sums_6_load_5, i3 6, i8 %conv2_ap_fixed_8_5_5_3_0_ap_fixed_8_5_5_3_0_partial_sums_7_load_5, i3 7, i8 %conv2_ap_fixed_8_5_5_3_0_ap_fixed_8_5_5_3_0_partial_sums_8_load_5, i8 0, i3 %trunc_ln78" [../src/conv.cpp:89]   --->   Operation 693 'sparsemux' 'tmp_s' <Predicate = (and_ln85_2_read)> <Delay = 2.30> <CoreInst = "BinarySparseMux_DontCare">   --->   Core 137 'BinarySparseMux_DontCare' <Latency = 0> <II = 1> <Delay = 2.30> <FuncUnit> <Opcode : 'sparsemux'> <InPorts = 2> <OutPorts = 1>
ST_11 : Operation 694 [1/1] (0.00ns)   --->   "%shl_ln89_6 = bitconcatenate i11 @_ssdm_op_BitConcatenate.i11.i8.i3, i8 %tmp_s, i3 0" [../src/conv.cpp:89]   --->   Operation 694 'bitconcatenate' 'shl_ln89_6' <Predicate = (and_ln85_2_read)> <Delay = 0.00>
ST_11 : Operation 695 [1/1] (1.63ns)   --->   "%add_ln89_8 = add i11 %shl_ln89_6, i11 %mul_ln89_6" [../src/conv.cpp:89]   --->   Operation 695 'add' 'add_ln89_8' <Predicate = (and_ln85_2_read)> <Delay = 1.63> <CoreInst = "Adder">   --->   Core 1 'Adder' <Latency = 0> <II = 1> <Delay = 1.63> <FuncUnit> <Opcode : 'add' 'sub'> <InPorts = 2> <OutPorts = 1>
ST_11 : Operation 696 [1/1] (1.63ns)   --->   "%sub_ln89_5 = sub i11 0, i11 %mul_ln89_6" [../src/conv.cpp:89]   --->   Operation 696 'sub' 'sub_ln89_5' <Predicate = (and_ln85_2_read)> <Delay = 1.63> <CoreInst = "Adder">   --->   Core 1 'Adder' <Latency = 0> <II = 1> <Delay = 1.63> <FuncUnit> <Opcode : 'add' 'sub'> <InPorts = 2> <OutPorts = 1>
ST_11 : Operation 697 [1/1] (1.63ns)   --->   "%icmp_ln89_7 = icmp_eq  i11 %shl_ln89_6, i11 %sub_ln89_5" [../src/conv.cpp:89]   --->   Operation 697 'icmp' 'icmp_ln89_7' <Predicate = (and_ln85_2_read)> <Delay = 1.63> <CoreInst = "Cmp">   --->   Core 9 'Cmp' <Latency = 0> <II = 1> <Delay = 1.63> <FuncUnit> <Opcode : 'seteq' 'setne' 'setle' 'setge' 'setlt' 'setgt'> <InPorts = 2> <OutPorts = 1>
ST_11 : Operation 698 [1/1] (0.00ns)   --->   "%br_ln89 = br i1 %icmp_ln89_7, void %if.end.i.i83.2, void %if.then.i.i81.2" [../src/conv.cpp:89]   --->   Operation 698 'br' 'br_ln89' <Predicate = (and_ln85_2_read)> <Delay = 0.00>
ST_11 : Operation 699 [1/1] (1.65ns)   --->   "%switch_ln89 = switch i3 %trunc_ln78, void %V42.i.i26.i.i121.case.7182, i3 0, void %V42.i.i26.i.i121.case.0175, i3 1, void %V42.i.i26.i.i121.case.1176, i3 2, void %V42.i.i26.i.i121.case.2177, i3 3, void %V42.i.i26.i.i121.case.3178, i3 4, void %V42.i.i26.i.i121.case.4179, i3 5, void %V42.i.i26.i.i121.case.5180, i3 6, void %V42.i.i26.i.i121.case.6181" [../src/conv.cpp:89]   --->   Operation 699 'switch' 'switch_ln89' <Predicate = (and_ln85_2_read & icmp_ln89_7)> <Delay = 1.65>
ST_11 : Operation 700 [1/1] (2.54ns)   --->   "%store_ln89 = store i8 0, i8 %conv2_ap_fixed_8_5_5_3_0_ap_fixed_8_5_5_3_0_partial_sums_7" [../src/conv.cpp:89]   --->   Operation 700 'store' 'store_ln89' <Predicate = (trunc_ln78 == 6 & and_ln85_2_read & icmp_ln89_7)> <Delay = 2.54>
ST_11 : Operation 701 [1/1] (0.00ns)   --->   "%br_ln89 = br void %V42.i.i26.i.i121.exit174" [../src/conv.cpp:89]   --->   Operation 701 'br' 'br_ln89' <Predicate = (trunc_ln78 == 6 & and_ln85_2_read & icmp_ln89_7)> <Delay = 0.00>
ST_11 : Operation 702 [1/1] (2.54ns)   --->   "%store_ln89 = store i8 0, i8 %conv2_ap_fixed_8_5_5_3_0_ap_fixed_8_5_5_3_0_partial_sums_6" [../src/conv.cpp:89]   --->   Operation 702 'store' 'store_ln89' <Predicate = (trunc_ln78 == 5 & and_ln85_2_read & icmp_ln89_7)> <Delay = 2.54>
ST_11 : Operation 703 [1/1] (0.00ns)   --->   "%br_ln89 = br void %V42.i.i26.i.i121.exit174" [../src/conv.cpp:89]   --->   Operation 703 'br' 'br_ln89' <Predicate = (trunc_ln78 == 5 & and_ln85_2_read & icmp_ln89_7)> <Delay = 0.00>
ST_11 : Operation 704 [1/1] (2.54ns)   --->   "%store_ln89 = store i8 0, i8 %conv2_ap_fixed_8_5_5_3_0_ap_fixed_8_5_5_3_0_partial_sums_5" [../src/conv.cpp:89]   --->   Operation 704 'store' 'store_ln89' <Predicate = (trunc_ln78 == 4 & and_ln85_2_read & icmp_ln89_7)> <Delay = 2.54>
ST_11 : Operation 705 [1/1] (0.00ns)   --->   "%br_ln89 = br void %V42.i.i26.i.i121.exit174" [../src/conv.cpp:89]   --->   Operation 705 'br' 'br_ln89' <Predicate = (trunc_ln78 == 4 & and_ln85_2_read & icmp_ln89_7)> <Delay = 0.00>
ST_11 : Operation 706 [1/1] (2.54ns)   --->   "%store_ln89 = store i8 0, i8 %conv2_ap_fixed_8_5_5_3_0_ap_fixed_8_5_5_3_0_partial_sums_4" [../src/conv.cpp:89]   --->   Operation 706 'store' 'store_ln89' <Predicate = (trunc_ln78 == 3 & and_ln85_2_read & icmp_ln89_7)> <Delay = 2.54>
ST_11 : Operation 707 [1/1] (0.00ns)   --->   "%br_ln89 = br void %V42.i.i26.i.i121.exit174" [../src/conv.cpp:89]   --->   Operation 707 'br' 'br_ln89' <Predicate = (trunc_ln78 == 3 & and_ln85_2_read & icmp_ln89_7)> <Delay = 0.00>
ST_11 : Operation 708 [1/1] (2.54ns)   --->   "%store_ln89 = store i8 0, i8 %conv2_ap_fixed_8_5_5_3_0_ap_fixed_8_5_5_3_0_partial_sums_3" [../src/conv.cpp:89]   --->   Operation 708 'store' 'store_ln89' <Predicate = (trunc_ln78 == 2 & and_ln85_2_read & icmp_ln89_7)> <Delay = 2.54>
ST_11 : Operation 709 [1/1] (0.00ns)   --->   "%br_ln89 = br void %V42.i.i26.i.i121.exit174" [../src/conv.cpp:89]   --->   Operation 709 'br' 'br_ln89' <Predicate = (trunc_ln78 == 2 & and_ln85_2_read & icmp_ln89_7)> <Delay = 0.00>
ST_11 : Operation 710 [1/1] (2.54ns)   --->   "%store_ln89 = store i8 0, i8 %conv2_ap_fixed_8_5_5_3_0_ap_fixed_8_5_5_3_0_partial_sums_2" [../src/conv.cpp:89]   --->   Operation 710 'store' 'store_ln89' <Predicate = (trunc_ln78 == 1 & and_ln85_2_read & icmp_ln89_7)> <Delay = 2.54>
ST_11 : Operation 711 [1/1] (0.00ns)   --->   "%br_ln89 = br void %V42.i.i26.i.i121.exit174" [../src/conv.cpp:89]   --->   Operation 711 'br' 'br_ln89' <Predicate = (trunc_ln78 == 1 & and_ln85_2_read & icmp_ln89_7)> <Delay = 0.00>
ST_11 : Operation 712 [1/1] (2.54ns)   --->   "%store_ln89 = store i8 0, i8 %conv2_ap_fixed_8_5_5_3_0_ap_fixed_8_5_5_3_0_partial_sums" [../src/conv.cpp:89]   --->   Operation 712 'store' 'store_ln89' <Predicate = (trunc_ln78 == 0 & and_ln85_2_read & icmp_ln89_7)> <Delay = 2.54>
ST_11 : Operation 713 [1/1] (0.00ns)   --->   "%br_ln89 = br void %V42.i.i26.i.i121.exit174" [../src/conv.cpp:89]   --->   Operation 713 'br' 'br_ln89' <Predicate = (trunc_ln78 == 0 & and_ln85_2_read & icmp_ln89_7)> <Delay = 0.00>
ST_11 : Operation 714 [1/1] (2.54ns)   --->   "%store_ln89 = store i8 0, i8 %conv2_ap_fixed_8_5_5_3_0_ap_fixed_8_5_5_3_0_partial_sums_8" [../src/conv.cpp:89]   --->   Operation 714 'store' 'store_ln89' <Predicate = (trunc_ln78 == 7 & and_ln85_2_read & icmp_ln89_7)> <Delay = 2.54>
ST_11 : Operation 715 [1/1] (0.00ns)   --->   "%br_ln89 = br void %V42.i.i26.i.i121.exit174" [../src/conv.cpp:89]   --->   Operation 715 'br' 'br_ln89' <Predicate = (trunc_ln78 == 7 & and_ln85_2_read & icmp_ln89_7)> <Delay = 0.00>
ST_11 : Operation 716 [1/1] (0.00ns)   --->   "%trunc_ln89_6 = partselect i8 @_ssdm_op_PartSelect.i8.i11.i32.i32, i11 %add_ln89_8, i32 3, i32 10" [../src/conv.cpp:89]   --->   Operation 716 'partselect' 'trunc_ln89_6' <Predicate = (and_ln85_2_read)> <Delay = 0.00>
ST_11 : Operation 717 [1/1] (1.65ns)   --->   "%switch_ln89 = switch i3 %trunc_ln78, void %V42.i.i26.i.i121.case.7173, i3 0, void %V42.i.i26.i.i121.case.0166, i3 1, void %V42.i.i26.i.i121.case.1167, i3 2, void %V42.i.i26.i.i121.case.2168, i3 3, void %V42.i.i26.i.i121.case.3169, i3 4, void %V42.i.i26.i.i121.case.4170, i3 5, void %V42.i.i26.i.i121.case.5171, i3 6, void %V42.i.i26.i.i121.case.6172" [../src/conv.cpp:89]   --->   Operation 717 'switch' 'switch_ln89' <Predicate = (and_ln85_2_read)> <Delay = 1.65>
ST_11 : Operation 718 [1/1] (2.54ns)   --->   "%store_ln89 = store i8 %trunc_ln89_6, i8 %conv2_ap_fixed_8_5_5_3_0_ap_fixed_8_5_5_3_0_partial_sums_7" [../src/conv.cpp:89]   --->   Operation 718 'store' 'store_ln89' <Predicate = (trunc_ln78 == 6 & and_ln85_2_read)> <Delay = 2.54>
ST_11 : Operation 719 [1/1] (0.00ns)   --->   "%br_ln89 = br void %V42.i.i26.i.i121.exit165" [../src/conv.cpp:89]   --->   Operation 719 'br' 'br_ln89' <Predicate = (trunc_ln78 == 6 & and_ln85_2_read)> <Delay = 0.00>
ST_11 : Operation 720 [1/1] (2.54ns)   --->   "%store_ln89 = store i8 %trunc_ln89_6, i8 %conv2_ap_fixed_8_5_5_3_0_ap_fixed_8_5_5_3_0_partial_sums_6" [../src/conv.cpp:89]   --->   Operation 720 'store' 'store_ln89' <Predicate = (trunc_ln78 == 5 & and_ln85_2_read)> <Delay = 2.54>
ST_11 : Operation 721 [1/1] (0.00ns)   --->   "%br_ln89 = br void %V42.i.i26.i.i121.exit165" [../src/conv.cpp:89]   --->   Operation 721 'br' 'br_ln89' <Predicate = (trunc_ln78 == 5 & and_ln85_2_read)> <Delay = 0.00>
ST_11 : Operation 722 [1/1] (2.54ns)   --->   "%store_ln89 = store i8 %trunc_ln89_6, i8 %conv2_ap_fixed_8_5_5_3_0_ap_fixed_8_5_5_3_0_partial_sums_5" [../src/conv.cpp:89]   --->   Operation 722 'store' 'store_ln89' <Predicate = (trunc_ln78 == 4 & and_ln85_2_read)> <Delay = 2.54>
ST_11 : Operation 723 [1/1] (0.00ns)   --->   "%br_ln89 = br void %V42.i.i26.i.i121.exit165" [../src/conv.cpp:89]   --->   Operation 723 'br' 'br_ln89' <Predicate = (trunc_ln78 == 4 & and_ln85_2_read)> <Delay = 0.00>
ST_11 : Operation 724 [1/1] (2.54ns)   --->   "%store_ln89 = store i8 %trunc_ln89_6, i8 %conv2_ap_fixed_8_5_5_3_0_ap_fixed_8_5_5_3_0_partial_sums_4" [../src/conv.cpp:89]   --->   Operation 724 'store' 'store_ln89' <Predicate = (trunc_ln78 == 3 & and_ln85_2_read)> <Delay = 2.54>
ST_11 : Operation 725 [1/1] (0.00ns)   --->   "%br_ln89 = br void %V42.i.i26.i.i121.exit165" [../src/conv.cpp:89]   --->   Operation 725 'br' 'br_ln89' <Predicate = (trunc_ln78 == 3 & and_ln85_2_read)> <Delay = 0.00>
ST_11 : Operation 726 [1/1] (2.54ns)   --->   "%store_ln89 = store i8 %trunc_ln89_6, i8 %conv2_ap_fixed_8_5_5_3_0_ap_fixed_8_5_5_3_0_partial_sums_3" [../src/conv.cpp:89]   --->   Operation 726 'store' 'store_ln89' <Predicate = (trunc_ln78 == 2 & and_ln85_2_read)> <Delay = 2.54>
ST_11 : Operation 727 [1/1] (0.00ns)   --->   "%br_ln89 = br void %V42.i.i26.i.i121.exit165" [../src/conv.cpp:89]   --->   Operation 727 'br' 'br_ln89' <Predicate = (trunc_ln78 == 2 & and_ln85_2_read)> <Delay = 0.00>
ST_11 : Operation 728 [1/1] (2.54ns)   --->   "%store_ln89 = store i8 %trunc_ln89_6, i8 %conv2_ap_fixed_8_5_5_3_0_ap_fixed_8_5_5_3_0_partial_sums_2" [../src/conv.cpp:89]   --->   Operation 728 'store' 'store_ln89' <Predicate = (trunc_ln78 == 1 & and_ln85_2_read)> <Delay = 2.54>
ST_11 : Operation 729 [1/1] (0.00ns)   --->   "%br_ln89 = br void %V42.i.i26.i.i121.exit165" [../src/conv.cpp:89]   --->   Operation 729 'br' 'br_ln89' <Predicate = (trunc_ln78 == 1 & and_ln85_2_read)> <Delay = 0.00>
ST_11 : Operation 730 [1/1] (2.54ns)   --->   "%store_ln89 = store i8 %trunc_ln89_6, i8 %conv2_ap_fixed_8_5_5_3_0_ap_fixed_8_5_5_3_0_partial_sums" [../src/conv.cpp:89]   --->   Operation 730 'store' 'store_ln89' <Predicate = (trunc_ln78 == 0 & and_ln85_2_read)> <Delay = 2.54>
ST_11 : Operation 731 [1/1] (0.00ns)   --->   "%br_ln89 = br void %V42.i.i26.i.i121.exit165" [../src/conv.cpp:89]   --->   Operation 731 'br' 'br_ln89' <Predicate = (trunc_ln78 == 0 & and_ln85_2_read)> <Delay = 0.00>
ST_11 : Operation 732 [1/1] (2.54ns)   --->   "%store_ln89 = store i8 %trunc_ln89_6, i8 %conv2_ap_fixed_8_5_5_3_0_ap_fixed_8_5_5_3_0_partial_sums_8" [../src/conv.cpp:89]   --->   Operation 732 'store' 'store_ln89' <Predicate = (trunc_ln78 == 7 & and_ln85_2_read)> <Delay = 2.54>
ST_11 : Operation 733 [1/1] (0.00ns)   --->   "%br_ln89 = br void %V42.i.i26.i.i121.exit165" [../src/conv.cpp:89]   --->   Operation 733 'br' 'br_ln89' <Predicate = (trunc_ln78 == 7 & and_ln85_2_read)> <Delay = 0.00>
ST_11 : Operation 734 [1/1] (0.00ns)   --->   "%zext_ln89_15 = zext i7 %tmp_12_cast" [../src/conv.cpp:89]   --->   Operation 734 'zext' 'zext_ln89_15' <Predicate = (icmp_ln85_3)> <Delay = 0.00>
ST_11 : Operation 735 [1/1] (0.00ns)   --->   "%sext_ln89_9 = sext i4 %p_ZL12conv2_weight_7_load" [../src/conv.cpp:89]   --->   Operation 735 'sext' 'sext_ln89_9' <Predicate = (icmp_ln85_3)> <Delay = 0.00>
ST_11 : Operation 736 [1/1] (3.74ns)   --->   "%mul_ln89_7 = mul i11 %sext_ln89_9, i11 %zext_ln89_15" [../src/conv.cpp:89]   --->   Operation 736 'mul' 'mul_ln89_7' <Predicate = (icmp_ln85_3)> <Delay = 3.74> <CoreInst = "Multiplier">   --->   Core 3 'Multiplier' <Latency = 0> <II = 1> <Delay = 3.74> <FuncUnit> <Opcode : 'mul'> <InPorts = 2> <OutPorts = 1>

State 12 <SV = 11> <Delay = 6.48>
ST_12 : Operation 737 [1/1] (0.00ns)   --->   "%br_ln89 = br void %if.end.i.i83.2" [../src/conv.cpp:89]   --->   Operation 737 'br' 'br_ln89' <Predicate = (and_ln85_2_read & icmp_ln89_7)> <Delay = 0.00>
ST_12 : Operation 738 [1/1] (0.00ns)   --->   "%br_ln90 = br void %for.inc50.2" [../src/conv.cpp:90]   --->   Operation 738 'br' 'br_ln90' <Predicate = (and_ln85_2_read)> <Delay = 0.00>
ST_12 : Operation 739 [1/1] (0.00ns)   --->   "%conv2_ap_fixed_8_5_5_3_0_ap_fixed_8_5_5_3_0_partial_sums_load_6 = load i8 %conv2_ap_fixed_8_5_5_3_0_ap_fixed_8_5_5_3_0_partial_sums" [../src/conv.cpp:89]   --->   Operation 739 'load' 'conv2_ap_fixed_8_5_5_3_0_ap_fixed_8_5_5_3_0_partial_sums_load_6' <Predicate = (trunc_ln78 == 0 & icmp_ln85_3)> <Delay = 0.00>
ST_12 : Operation 740 [1/1] (0.00ns)   --->   "%conv2_ap_fixed_8_5_5_3_0_ap_fixed_8_5_5_3_0_partial_sums_2_load_6 = load i8 %conv2_ap_fixed_8_5_5_3_0_ap_fixed_8_5_5_3_0_partial_sums_2" [../src/conv.cpp:89]   --->   Operation 740 'load' 'conv2_ap_fixed_8_5_5_3_0_ap_fixed_8_5_5_3_0_partial_sums_2_load_6' <Predicate = (trunc_ln78 == 1 & icmp_ln85_3)> <Delay = 0.00>
ST_12 : Operation 741 [1/1] (0.00ns)   --->   "%conv2_ap_fixed_8_5_5_3_0_ap_fixed_8_5_5_3_0_partial_sums_3_load_6 = load i8 %conv2_ap_fixed_8_5_5_3_0_ap_fixed_8_5_5_3_0_partial_sums_3" [../src/conv.cpp:89]   --->   Operation 741 'load' 'conv2_ap_fixed_8_5_5_3_0_ap_fixed_8_5_5_3_0_partial_sums_3_load_6' <Predicate = (trunc_ln78 == 2 & icmp_ln85_3)> <Delay = 0.00>
ST_12 : Operation 742 [1/1] (0.00ns)   --->   "%conv2_ap_fixed_8_5_5_3_0_ap_fixed_8_5_5_3_0_partial_sums_4_load_6 = load i8 %conv2_ap_fixed_8_5_5_3_0_ap_fixed_8_5_5_3_0_partial_sums_4" [../src/conv.cpp:89]   --->   Operation 742 'load' 'conv2_ap_fixed_8_5_5_3_0_ap_fixed_8_5_5_3_0_partial_sums_4_load_6' <Predicate = (trunc_ln78 == 3 & icmp_ln85_3)> <Delay = 0.00>
ST_12 : Operation 743 [1/1] (0.00ns)   --->   "%conv2_ap_fixed_8_5_5_3_0_ap_fixed_8_5_5_3_0_partial_sums_5_load_6 = load i8 %conv2_ap_fixed_8_5_5_3_0_ap_fixed_8_5_5_3_0_partial_sums_5" [../src/conv.cpp:89]   --->   Operation 743 'load' 'conv2_ap_fixed_8_5_5_3_0_ap_fixed_8_5_5_3_0_partial_sums_5_load_6' <Predicate = (trunc_ln78 == 4 & icmp_ln85_3)> <Delay = 0.00>
ST_12 : Operation 744 [1/1] (0.00ns)   --->   "%conv2_ap_fixed_8_5_5_3_0_ap_fixed_8_5_5_3_0_partial_sums_6_load_6 = load i8 %conv2_ap_fixed_8_5_5_3_0_ap_fixed_8_5_5_3_0_partial_sums_6" [../src/conv.cpp:89]   --->   Operation 744 'load' 'conv2_ap_fixed_8_5_5_3_0_ap_fixed_8_5_5_3_0_partial_sums_6_load_6' <Predicate = (trunc_ln78 == 5 & icmp_ln85_3)> <Delay = 0.00>
ST_12 : Operation 745 [1/1] (0.00ns)   --->   "%conv2_ap_fixed_8_5_5_3_0_ap_fixed_8_5_5_3_0_partial_sums_7_load_6 = load i8 %conv2_ap_fixed_8_5_5_3_0_ap_fixed_8_5_5_3_0_partial_sums_7" [../src/conv.cpp:89]   --->   Operation 745 'load' 'conv2_ap_fixed_8_5_5_3_0_ap_fixed_8_5_5_3_0_partial_sums_7_load_6' <Predicate = (trunc_ln78 == 6 & icmp_ln85_3)> <Delay = 0.00>
ST_12 : Operation 746 [1/1] (0.00ns)   --->   "%conv2_ap_fixed_8_5_5_3_0_ap_fixed_8_5_5_3_0_partial_sums_8_load_6 = load i8 %conv2_ap_fixed_8_5_5_3_0_ap_fixed_8_5_5_3_0_partial_sums_8" [../src/conv.cpp:89]   --->   Operation 746 'load' 'conv2_ap_fixed_8_5_5_3_0_ap_fixed_8_5_5_3_0_partial_sums_8_load_6' <Predicate = (trunc_ln78 == 7 & icmp_ln85_3)> <Delay = 0.00>
ST_12 : Operation 747 [1/1] (2.30ns)   --->   "%tmp_2 = sparsemux i8 @_ssdm_op_SparseMux.ap_auto.8i8.i8.i3, i3 0, i8 %conv2_ap_fixed_8_5_5_3_0_ap_fixed_8_5_5_3_0_partial_sums_load_6, i3 1, i8 %conv2_ap_fixed_8_5_5_3_0_ap_fixed_8_5_5_3_0_partial_sums_2_load_6, i3 2, i8 %conv2_ap_fixed_8_5_5_3_0_ap_fixed_8_5_5_3_0_partial_sums_3_load_6, i3 3, i8 %conv2_ap_fixed_8_5_5_3_0_ap_fixed_8_5_5_3_0_partial_sums_4_load_6, i3 4, i8 %conv2_ap_fixed_8_5_5_3_0_ap_fixed_8_5_5_3_0_partial_sums_5_load_6, i3 5, i8 %conv2_ap_fixed_8_5_5_3_0_ap_fixed_8_5_5_3_0_partial_sums_6_load_6, i3 6, i8 %conv2_ap_fixed_8_5_5_3_0_ap_fixed_8_5_5_3_0_partial_sums_7_load_6, i3 7, i8 %conv2_ap_fixed_8_5_5_3_0_ap_fixed_8_5_5_3_0_partial_sums_8_load_6, i8 0, i3 %trunc_ln78" [../src/conv.cpp:89]   --->   Operation 747 'sparsemux' 'tmp_2' <Predicate = (icmp_ln85_3)> <Delay = 2.30> <CoreInst = "BinarySparseMux_DontCare">   --->   Core 137 'BinarySparseMux_DontCare' <Latency = 0> <II = 1> <Delay = 2.30> <FuncUnit> <Opcode : 'sparsemux'> <InPorts = 2> <OutPorts = 1>
ST_12 : Operation 748 [1/1] (0.00ns)   --->   "%shl_ln89_7 = bitconcatenate i11 @_ssdm_op_BitConcatenate.i11.i8.i3, i8 %tmp_2, i3 0" [../src/conv.cpp:89]   --->   Operation 748 'bitconcatenate' 'shl_ln89_7' <Predicate = (icmp_ln85_3)> <Delay = 0.00>
ST_12 : Operation 749 [1/1] (1.63ns)   --->   "%add_ln89_9 = add i11 %shl_ln89_7, i11 %mul_ln89_7" [../src/conv.cpp:89]   --->   Operation 749 'add' 'add_ln89_9' <Predicate = (icmp_ln85_3)> <Delay = 1.63> <CoreInst = "Adder">   --->   Core 1 'Adder' <Latency = 0> <II = 1> <Delay = 1.63> <FuncUnit> <Opcode : 'add' 'sub'> <InPorts = 2> <OutPorts = 1>
ST_12 : Operation 750 [1/1] (1.63ns)   --->   "%sub_ln89_6 = sub i11 0, i11 %mul_ln89_7" [../src/conv.cpp:89]   --->   Operation 750 'sub' 'sub_ln89_6' <Predicate = (icmp_ln85_3)> <Delay = 1.63> <CoreInst = "Adder">   --->   Core 1 'Adder' <Latency = 0> <II = 1> <Delay = 1.63> <FuncUnit> <Opcode : 'add' 'sub'> <InPorts = 2> <OutPorts = 1>
ST_12 : Operation 751 [1/1] (1.63ns)   --->   "%icmp_ln89_8 = icmp_eq  i11 %shl_ln89_7, i11 %sub_ln89_6" [../src/conv.cpp:89]   --->   Operation 751 'icmp' 'icmp_ln89_8' <Predicate = (icmp_ln85_3)> <Delay = 1.63> <CoreInst = "Cmp">   --->   Core 9 'Cmp' <Latency = 0> <II = 1> <Delay = 1.63> <FuncUnit> <Opcode : 'seteq' 'setne' 'setle' 'setge' 'setlt' 'setgt'> <InPorts = 2> <OutPorts = 1>
ST_12 : Operation 752 [1/1] (0.00ns)   --->   "%br_ln89 = br i1 %icmp_ln89_8, void %if.end.i.i83.2.1, void %if.then.i.i81.2.1" [../src/conv.cpp:89]   --->   Operation 752 'br' 'br_ln89' <Predicate = (icmp_ln85_3)> <Delay = 0.00>
ST_12 : Operation 753 [1/1] (1.65ns)   --->   "%switch_ln89 = switch i3 %trunc_ln78, void %V42.i.i26.i.i121.case.7155, i3 0, void %V42.i.i26.i.i121.case.0148, i3 1, void %V42.i.i26.i.i121.case.1149, i3 2, void %V42.i.i26.i.i121.case.2150, i3 3, void %V42.i.i26.i.i121.case.3151, i3 4, void %V42.i.i26.i.i121.case.4152, i3 5, void %V42.i.i26.i.i121.case.5153, i3 6, void %V42.i.i26.i.i121.case.6154" [../src/conv.cpp:89]   --->   Operation 753 'switch' 'switch_ln89' <Predicate = (icmp_ln85_3 & icmp_ln89_8)> <Delay = 1.65>
ST_12 : Operation 754 [1/1] (2.54ns)   --->   "%store_ln89 = store i8 0, i8 %conv2_ap_fixed_8_5_5_3_0_ap_fixed_8_5_5_3_0_partial_sums_7" [../src/conv.cpp:89]   --->   Operation 754 'store' 'store_ln89' <Predicate = (trunc_ln78 == 6 & icmp_ln85_3 & icmp_ln89_8)> <Delay = 2.54>
ST_12 : Operation 755 [1/1] (0.00ns)   --->   "%br_ln89 = br void %V42.i.i26.i.i121.exit147" [../src/conv.cpp:89]   --->   Operation 755 'br' 'br_ln89' <Predicate = (trunc_ln78 == 6 & icmp_ln85_3 & icmp_ln89_8)> <Delay = 0.00>
ST_12 : Operation 756 [1/1] (2.54ns)   --->   "%store_ln89 = store i8 0, i8 %conv2_ap_fixed_8_5_5_3_0_ap_fixed_8_5_5_3_0_partial_sums_6" [../src/conv.cpp:89]   --->   Operation 756 'store' 'store_ln89' <Predicate = (trunc_ln78 == 5 & icmp_ln85_3 & icmp_ln89_8)> <Delay = 2.54>
ST_12 : Operation 757 [1/1] (0.00ns)   --->   "%br_ln89 = br void %V42.i.i26.i.i121.exit147" [../src/conv.cpp:89]   --->   Operation 757 'br' 'br_ln89' <Predicate = (trunc_ln78 == 5 & icmp_ln85_3 & icmp_ln89_8)> <Delay = 0.00>
ST_12 : Operation 758 [1/1] (2.54ns)   --->   "%store_ln89 = store i8 0, i8 %conv2_ap_fixed_8_5_5_3_0_ap_fixed_8_5_5_3_0_partial_sums_5" [../src/conv.cpp:89]   --->   Operation 758 'store' 'store_ln89' <Predicate = (trunc_ln78 == 4 & icmp_ln85_3 & icmp_ln89_8)> <Delay = 2.54>
ST_12 : Operation 759 [1/1] (0.00ns)   --->   "%br_ln89 = br void %V42.i.i26.i.i121.exit147" [../src/conv.cpp:89]   --->   Operation 759 'br' 'br_ln89' <Predicate = (trunc_ln78 == 4 & icmp_ln85_3 & icmp_ln89_8)> <Delay = 0.00>
ST_12 : Operation 760 [1/1] (2.54ns)   --->   "%store_ln89 = store i8 0, i8 %conv2_ap_fixed_8_5_5_3_0_ap_fixed_8_5_5_3_0_partial_sums_4" [../src/conv.cpp:89]   --->   Operation 760 'store' 'store_ln89' <Predicate = (trunc_ln78 == 3 & icmp_ln85_3 & icmp_ln89_8)> <Delay = 2.54>
ST_12 : Operation 761 [1/1] (0.00ns)   --->   "%br_ln89 = br void %V42.i.i26.i.i121.exit147" [../src/conv.cpp:89]   --->   Operation 761 'br' 'br_ln89' <Predicate = (trunc_ln78 == 3 & icmp_ln85_3 & icmp_ln89_8)> <Delay = 0.00>
ST_12 : Operation 762 [1/1] (2.54ns)   --->   "%store_ln89 = store i8 0, i8 %conv2_ap_fixed_8_5_5_3_0_ap_fixed_8_5_5_3_0_partial_sums_3" [../src/conv.cpp:89]   --->   Operation 762 'store' 'store_ln89' <Predicate = (trunc_ln78 == 2 & icmp_ln85_3 & icmp_ln89_8)> <Delay = 2.54>
ST_12 : Operation 763 [1/1] (0.00ns)   --->   "%br_ln89 = br void %V42.i.i26.i.i121.exit147" [../src/conv.cpp:89]   --->   Operation 763 'br' 'br_ln89' <Predicate = (trunc_ln78 == 2 & icmp_ln85_3 & icmp_ln89_8)> <Delay = 0.00>
ST_12 : Operation 764 [1/1] (2.54ns)   --->   "%store_ln89 = store i8 0, i8 %conv2_ap_fixed_8_5_5_3_0_ap_fixed_8_5_5_3_0_partial_sums_2" [../src/conv.cpp:89]   --->   Operation 764 'store' 'store_ln89' <Predicate = (trunc_ln78 == 1 & icmp_ln85_3 & icmp_ln89_8)> <Delay = 2.54>
ST_12 : Operation 765 [1/1] (0.00ns)   --->   "%br_ln89 = br void %V42.i.i26.i.i121.exit147" [../src/conv.cpp:89]   --->   Operation 765 'br' 'br_ln89' <Predicate = (trunc_ln78 == 1 & icmp_ln85_3 & icmp_ln89_8)> <Delay = 0.00>
ST_12 : Operation 766 [1/1] (2.54ns)   --->   "%store_ln89 = store i8 0, i8 %conv2_ap_fixed_8_5_5_3_0_ap_fixed_8_5_5_3_0_partial_sums" [../src/conv.cpp:89]   --->   Operation 766 'store' 'store_ln89' <Predicate = (trunc_ln78 == 0 & icmp_ln85_3 & icmp_ln89_8)> <Delay = 2.54>
ST_12 : Operation 767 [1/1] (0.00ns)   --->   "%br_ln89 = br void %V42.i.i26.i.i121.exit147" [../src/conv.cpp:89]   --->   Operation 767 'br' 'br_ln89' <Predicate = (trunc_ln78 == 0 & icmp_ln85_3 & icmp_ln89_8)> <Delay = 0.00>
ST_12 : Operation 768 [1/1] (2.54ns)   --->   "%store_ln89 = store i8 0, i8 %conv2_ap_fixed_8_5_5_3_0_ap_fixed_8_5_5_3_0_partial_sums_8" [../src/conv.cpp:89]   --->   Operation 768 'store' 'store_ln89' <Predicate = (trunc_ln78 == 7 & icmp_ln85_3 & icmp_ln89_8)> <Delay = 2.54>
ST_12 : Operation 769 [1/1] (0.00ns)   --->   "%br_ln89 = br void %V42.i.i26.i.i121.exit147" [../src/conv.cpp:89]   --->   Operation 769 'br' 'br_ln89' <Predicate = (trunc_ln78 == 7 & icmp_ln85_3 & icmp_ln89_8)> <Delay = 0.00>
ST_12 : Operation 770 [1/1] (0.00ns)   --->   "%trunc_ln89_7 = partselect i8 @_ssdm_op_PartSelect.i8.i11.i32.i32, i11 %add_ln89_9, i32 3, i32 10" [../src/conv.cpp:89]   --->   Operation 770 'partselect' 'trunc_ln89_7' <Predicate = (icmp_ln85_3)> <Delay = 0.00>
ST_12 : Operation 771 [1/1] (1.65ns)   --->   "%switch_ln89 = switch i3 %trunc_ln78, void %V42.i.i26.i.i121.case.7146, i3 0, void %V42.i.i26.i.i121.case.0139, i3 1, void %V42.i.i26.i.i121.case.1140, i3 2, void %V42.i.i26.i.i121.case.2141, i3 3, void %V42.i.i26.i.i121.case.3142, i3 4, void %V42.i.i26.i.i121.case.4143, i3 5, void %V42.i.i26.i.i121.case.5144, i3 6, void %V42.i.i26.i.i121.case.6145" [../src/conv.cpp:89]   --->   Operation 771 'switch' 'switch_ln89' <Predicate = (icmp_ln85_3)> <Delay = 1.65>
ST_12 : Operation 772 [1/1] (2.54ns)   --->   "%store_ln89 = store i8 %trunc_ln89_7, i8 %conv2_ap_fixed_8_5_5_3_0_ap_fixed_8_5_5_3_0_partial_sums_7" [../src/conv.cpp:89]   --->   Operation 772 'store' 'store_ln89' <Predicate = (trunc_ln78 == 6 & icmp_ln85_3)> <Delay = 2.54>
ST_12 : Operation 773 [1/1] (0.00ns)   --->   "%br_ln89 = br void %V42.i.i26.i.i121.exit138" [../src/conv.cpp:89]   --->   Operation 773 'br' 'br_ln89' <Predicate = (trunc_ln78 == 6 & icmp_ln85_3)> <Delay = 0.00>
ST_12 : Operation 774 [1/1] (2.54ns)   --->   "%store_ln89 = store i8 %trunc_ln89_7, i8 %conv2_ap_fixed_8_5_5_3_0_ap_fixed_8_5_5_3_0_partial_sums_6" [../src/conv.cpp:89]   --->   Operation 774 'store' 'store_ln89' <Predicate = (trunc_ln78 == 5 & icmp_ln85_3)> <Delay = 2.54>
ST_12 : Operation 775 [1/1] (0.00ns)   --->   "%br_ln89 = br void %V42.i.i26.i.i121.exit138" [../src/conv.cpp:89]   --->   Operation 775 'br' 'br_ln89' <Predicate = (trunc_ln78 == 5 & icmp_ln85_3)> <Delay = 0.00>
ST_12 : Operation 776 [1/1] (2.54ns)   --->   "%store_ln89 = store i8 %trunc_ln89_7, i8 %conv2_ap_fixed_8_5_5_3_0_ap_fixed_8_5_5_3_0_partial_sums_5" [../src/conv.cpp:89]   --->   Operation 776 'store' 'store_ln89' <Predicate = (trunc_ln78 == 4 & icmp_ln85_3)> <Delay = 2.54>
ST_12 : Operation 777 [1/1] (0.00ns)   --->   "%br_ln89 = br void %V42.i.i26.i.i121.exit138" [../src/conv.cpp:89]   --->   Operation 777 'br' 'br_ln89' <Predicate = (trunc_ln78 == 4 & icmp_ln85_3)> <Delay = 0.00>
ST_12 : Operation 778 [1/1] (2.54ns)   --->   "%store_ln89 = store i8 %trunc_ln89_7, i8 %conv2_ap_fixed_8_5_5_3_0_ap_fixed_8_5_5_3_0_partial_sums_4" [../src/conv.cpp:89]   --->   Operation 778 'store' 'store_ln89' <Predicate = (trunc_ln78 == 3 & icmp_ln85_3)> <Delay = 2.54>
ST_12 : Operation 779 [1/1] (0.00ns)   --->   "%br_ln89 = br void %V42.i.i26.i.i121.exit138" [../src/conv.cpp:89]   --->   Operation 779 'br' 'br_ln89' <Predicate = (trunc_ln78 == 3 & icmp_ln85_3)> <Delay = 0.00>
ST_12 : Operation 780 [1/1] (2.54ns)   --->   "%store_ln89 = store i8 %trunc_ln89_7, i8 %conv2_ap_fixed_8_5_5_3_0_ap_fixed_8_5_5_3_0_partial_sums_3" [../src/conv.cpp:89]   --->   Operation 780 'store' 'store_ln89' <Predicate = (trunc_ln78 == 2 & icmp_ln85_3)> <Delay = 2.54>
ST_12 : Operation 781 [1/1] (0.00ns)   --->   "%br_ln89 = br void %V42.i.i26.i.i121.exit138" [../src/conv.cpp:89]   --->   Operation 781 'br' 'br_ln89' <Predicate = (trunc_ln78 == 2 & icmp_ln85_3)> <Delay = 0.00>
ST_12 : Operation 782 [1/1] (2.54ns)   --->   "%store_ln89 = store i8 %trunc_ln89_7, i8 %conv2_ap_fixed_8_5_5_3_0_ap_fixed_8_5_5_3_0_partial_sums_2" [../src/conv.cpp:89]   --->   Operation 782 'store' 'store_ln89' <Predicate = (trunc_ln78 == 1 & icmp_ln85_3)> <Delay = 2.54>
ST_12 : Operation 783 [1/1] (0.00ns)   --->   "%br_ln89 = br void %V42.i.i26.i.i121.exit138" [../src/conv.cpp:89]   --->   Operation 783 'br' 'br_ln89' <Predicate = (trunc_ln78 == 1 & icmp_ln85_3)> <Delay = 0.00>
ST_12 : Operation 784 [1/1] (2.54ns)   --->   "%store_ln89 = store i8 %trunc_ln89_7, i8 %conv2_ap_fixed_8_5_5_3_0_ap_fixed_8_5_5_3_0_partial_sums" [../src/conv.cpp:89]   --->   Operation 784 'store' 'store_ln89' <Predicate = (trunc_ln78 == 0 & icmp_ln85_3)> <Delay = 2.54>
ST_12 : Operation 785 [1/1] (0.00ns)   --->   "%br_ln89 = br void %V42.i.i26.i.i121.exit138" [../src/conv.cpp:89]   --->   Operation 785 'br' 'br_ln89' <Predicate = (trunc_ln78 == 0 & icmp_ln85_3)> <Delay = 0.00>
ST_12 : Operation 786 [1/1] (2.54ns)   --->   "%store_ln89 = store i8 %trunc_ln89_7, i8 %conv2_ap_fixed_8_5_5_3_0_ap_fixed_8_5_5_3_0_partial_sums_8" [../src/conv.cpp:89]   --->   Operation 786 'store' 'store_ln89' <Predicate = (trunc_ln78 == 7 & icmp_ln85_3)> <Delay = 2.54>
ST_12 : Operation 787 [1/1] (0.00ns)   --->   "%br_ln89 = br void %V42.i.i26.i.i121.exit138" [../src/conv.cpp:89]   --->   Operation 787 'br' 'br_ln89' <Predicate = (trunc_ln78 == 7 & icmp_ln85_3)> <Delay = 0.00>
ST_12 : Operation 788 [1/1] (0.00ns)   --->   "%zext_ln89_17 = zext i7 %tmp_14_cast" [../src/conv.cpp:89]   --->   Operation 788 'zext' 'zext_ln89_17' <Predicate = (and_ln85_3_read)> <Delay = 0.00>
ST_12 : Operation 789 [1/1] (0.00ns)   --->   "%sext_ln89_10 = sext i4 %p_ZL12conv2_weight_8_load" [../src/conv.cpp:89]   --->   Operation 789 'sext' 'sext_ln89_10' <Predicate = (and_ln85_3_read)> <Delay = 0.00>
ST_12 : Operation 790 [1/1] (3.74ns)   --->   "%mul_ln89_8 = mul i11 %sext_ln89_10, i11 %zext_ln89_17" [../src/conv.cpp:89]   --->   Operation 790 'mul' 'mul_ln89_8' <Predicate = (and_ln85_3_read)> <Delay = 3.74> <CoreInst = "Multiplier">   --->   Core 3 'Multiplier' <Latency = 0> <II = 1> <Delay = 3.74> <FuncUnit> <Opcode : 'mul'> <InPorts = 2> <OutPorts = 1>
ST_12 : Operation 791 [1/1] (1.65ns)   --->   "%switch_ln89 = switch i3 %trunc_ln78, void %V42.i.i26.i.i121.case.7119, i3 0, void %V42.i.i26.i.i121.case.0112, i3 1, void %V42.i.i26.i.i121.case.1113, i3 2, void %V42.i.i26.i.i121.case.2114, i3 3, void %V42.i.i26.i.i121.case.3115, i3 4, void %V42.i.i26.i.i121.case.4116, i3 5, void %V42.i.i26.i.i121.case.5117, i3 6, void %V42.i.i26.i.i121.case.6118" [../src/conv.cpp:89]   --->   Operation 791 'switch' 'switch_ln89' <Predicate = (and_ln85_3_read)> <Delay = 1.65>
ST_12 : Operation 792 [1/1] (0.00ns)   --->   "%br_ln89 = br void %V42.i.i26.i.i121.exit111" [../src/conv.cpp:89]   --->   Operation 792 'br' 'br_ln89' <Predicate = (trunc_ln78 == 6 & and_ln85_3_read)> <Delay = 0.00>
ST_12 : Operation 793 [1/1] (0.00ns)   --->   "%br_ln89 = br void %V42.i.i26.i.i121.exit111" [../src/conv.cpp:89]   --->   Operation 793 'br' 'br_ln89' <Predicate = (trunc_ln78 == 5 & and_ln85_3_read)> <Delay = 0.00>
ST_12 : Operation 794 [1/1] (0.00ns)   --->   "%br_ln89 = br void %V42.i.i26.i.i121.exit111" [../src/conv.cpp:89]   --->   Operation 794 'br' 'br_ln89' <Predicate = (trunc_ln78 == 4 & and_ln85_3_read)> <Delay = 0.00>
ST_12 : Operation 795 [1/1] (0.00ns)   --->   "%br_ln89 = br void %V42.i.i26.i.i121.exit111" [../src/conv.cpp:89]   --->   Operation 795 'br' 'br_ln89' <Predicate = (trunc_ln78 == 3 & and_ln85_3_read)> <Delay = 0.00>
ST_12 : Operation 796 [1/1] (0.00ns)   --->   "%br_ln89 = br void %V42.i.i26.i.i121.exit111" [../src/conv.cpp:89]   --->   Operation 796 'br' 'br_ln89' <Predicate = (trunc_ln78 == 2 & and_ln85_3_read)> <Delay = 0.00>
ST_12 : Operation 797 [1/1] (0.00ns)   --->   "%br_ln89 = br void %V42.i.i26.i.i121.exit111" [../src/conv.cpp:89]   --->   Operation 797 'br' 'br_ln89' <Predicate = (trunc_ln78 == 1 & and_ln85_3_read)> <Delay = 0.00>
ST_12 : Operation 798 [1/1] (0.00ns)   --->   "%br_ln89 = br void %V42.i.i26.i.i121.exit111" [../src/conv.cpp:89]   --->   Operation 798 'br' 'br_ln89' <Predicate = (trunc_ln78 == 0 & and_ln85_3_read)> <Delay = 0.00>
ST_12 : Operation 799 [1/1] (0.00ns)   --->   "%br_ln89 = br void %V42.i.i26.i.i121.exit111" [../src/conv.cpp:89]   --->   Operation 799 'br' 'br_ln89' <Predicate = (trunc_ln78 == 7 & and_ln85_3_read)> <Delay = 0.00>
ST_12 : Operation 844 [1/1] (1.58ns)   --->   "%ret_ln0 = ret"   --->   Operation 844 'ret' 'ret_ln0' <Predicate = (icmp_ln78)> <Delay = 1.58>

State 13 <SV = 12> <Delay = 6.48>
ST_13 : Operation 800 [1/1] (0.00ns)   --->   "%br_ln89 = br void %if.end.i.i83.2.1" [../src/conv.cpp:89]   --->   Operation 800 'br' 'br_ln89' <Predicate = (icmp_ln85_3 & icmp_ln89_8)> <Delay = 0.00>
ST_13 : Operation 801 [1/1] (0.00ns)   --->   "%br_ln90 = br void %for.inc50.2.1" [../src/conv.cpp:90]   --->   Operation 801 'br' 'br_ln90' <Predicate = (icmp_ln85_3)> <Delay = 0.00>
ST_13 : Operation 802 [1/1] (0.00ns)   --->   "%conv2_ap_fixed_8_5_5_3_0_ap_fixed_8_5_5_3_0_partial_sums_load_7 = load i8 %conv2_ap_fixed_8_5_5_3_0_ap_fixed_8_5_5_3_0_partial_sums" [../src/conv.cpp:89]   --->   Operation 802 'load' 'conv2_ap_fixed_8_5_5_3_0_ap_fixed_8_5_5_3_0_partial_sums_load_7' <Predicate = (trunc_ln78 == 0 & and_ln85_3_read)> <Delay = 0.00>
ST_13 : Operation 803 [1/1] (0.00ns)   --->   "%conv2_ap_fixed_8_5_5_3_0_ap_fixed_8_5_5_3_0_partial_sums_2_load_7 = load i8 %conv2_ap_fixed_8_5_5_3_0_ap_fixed_8_5_5_3_0_partial_sums_2" [../src/conv.cpp:89]   --->   Operation 803 'load' 'conv2_ap_fixed_8_5_5_3_0_ap_fixed_8_5_5_3_0_partial_sums_2_load_7' <Predicate = (trunc_ln78 == 1 & and_ln85_3_read)> <Delay = 0.00>
ST_13 : Operation 804 [1/1] (0.00ns)   --->   "%conv2_ap_fixed_8_5_5_3_0_ap_fixed_8_5_5_3_0_partial_sums_3_load_7 = load i8 %conv2_ap_fixed_8_5_5_3_0_ap_fixed_8_5_5_3_0_partial_sums_3" [../src/conv.cpp:89]   --->   Operation 804 'load' 'conv2_ap_fixed_8_5_5_3_0_ap_fixed_8_5_5_3_0_partial_sums_3_load_7' <Predicate = (trunc_ln78 == 2 & and_ln85_3_read)> <Delay = 0.00>
ST_13 : Operation 805 [1/1] (0.00ns)   --->   "%conv2_ap_fixed_8_5_5_3_0_ap_fixed_8_5_5_3_0_partial_sums_4_load_7 = load i8 %conv2_ap_fixed_8_5_5_3_0_ap_fixed_8_5_5_3_0_partial_sums_4" [../src/conv.cpp:89]   --->   Operation 805 'load' 'conv2_ap_fixed_8_5_5_3_0_ap_fixed_8_5_5_3_0_partial_sums_4_load_7' <Predicate = (trunc_ln78 == 3 & and_ln85_3_read)> <Delay = 0.00>
ST_13 : Operation 806 [1/1] (0.00ns)   --->   "%conv2_ap_fixed_8_5_5_3_0_ap_fixed_8_5_5_3_0_partial_sums_5_load_7 = load i8 %conv2_ap_fixed_8_5_5_3_0_ap_fixed_8_5_5_3_0_partial_sums_5" [../src/conv.cpp:89]   --->   Operation 806 'load' 'conv2_ap_fixed_8_5_5_3_0_ap_fixed_8_5_5_3_0_partial_sums_5_load_7' <Predicate = (trunc_ln78 == 4 & and_ln85_3_read)> <Delay = 0.00>
ST_13 : Operation 807 [1/1] (0.00ns)   --->   "%conv2_ap_fixed_8_5_5_3_0_ap_fixed_8_5_5_3_0_partial_sums_6_load_7 = load i8 %conv2_ap_fixed_8_5_5_3_0_ap_fixed_8_5_5_3_0_partial_sums_6" [../src/conv.cpp:89]   --->   Operation 807 'load' 'conv2_ap_fixed_8_5_5_3_0_ap_fixed_8_5_5_3_0_partial_sums_6_load_7' <Predicate = (trunc_ln78 == 5 & and_ln85_3_read)> <Delay = 0.00>
ST_13 : Operation 808 [1/1] (0.00ns)   --->   "%conv2_ap_fixed_8_5_5_3_0_ap_fixed_8_5_5_3_0_partial_sums_7_load_7 = load i8 %conv2_ap_fixed_8_5_5_3_0_ap_fixed_8_5_5_3_0_partial_sums_7" [../src/conv.cpp:89]   --->   Operation 808 'load' 'conv2_ap_fixed_8_5_5_3_0_ap_fixed_8_5_5_3_0_partial_sums_7_load_7' <Predicate = (trunc_ln78 == 6 & and_ln85_3_read)> <Delay = 0.00>
ST_13 : Operation 809 [1/1] (0.00ns)   --->   "%conv2_ap_fixed_8_5_5_3_0_ap_fixed_8_5_5_3_0_partial_sums_8_load_7 = load i8 %conv2_ap_fixed_8_5_5_3_0_ap_fixed_8_5_5_3_0_partial_sums_8" [../src/conv.cpp:89]   --->   Operation 809 'load' 'conv2_ap_fixed_8_5_5_3_0_ap_fixed_8_5_5_3_0_partial_sums_8_load_7' <Predicate = (trunc_ln78 == 7 & and_ln85_3_read)> <Delay = 0.00>
ST_13 : Operation 810 [1/1] (2.30ns)   --->   "%tmp_4 = sparsemux i8 @_ssdm_op_SparseMux.ap_auto.8i8.i8.i3, i3 0, i8 %conv2_ap_fixed_8_5_5_3_0_ap_fixed_8_5_5_3_0_partial_sums_load_7, i3 1, i8 %conv2_ap_fixed_8_5_5_3_0_ap_fixed_8_5_5_3_0_partial_sums_2_load_7, i3 2, i8 %conv2_ap_fixed_8_5_5_3_0_ap_fixed_8_5_5_3_0_partial_sums_3_load_7, i3 3, i8 %conv2_ap_fixed_8_5_5_3_0_ap_fixed_8_5_5_3_0_partial_sums_4_load_7, i3 4, i8 %conv2_ap_fixed_8_5_5_3_0_ap_fixed_8_5_5_3_0_partial_sums_5_load_7, i3 5, i8 %conv2_ap_fixed_8_5_5_3_0_ap_fixed_8_5_5_3_0_partial_sums_6_load_7, i3 6, i8 %conv2_ap_fixed_8_5_5_3_0_ap_fixed_8_5_5_3_0_partial_sums_7_load_7, i3 7, i8 %conv2_ap_fixed_8_5_5_3_0_ap_fixed_8_5_5_3_0_partial_sums_8_load_7, i8 0, i3 %trunc_ln78" [../src/conv.cpp:89]   --->   Operation 810 'sparsemux' 'tmp_4' <Predicate = (and_ln85_3_read)> <Delay = 2.30> <CoreInst = "BinarySparseMux_DontCare">   --->   Core 137 'BinarySparseMux_DontCare' <Latency = 0> <II = 1> <Delay = 2.30> <FuncUnit> <Opcode : 'sparsemux'> <InPorts = 2> <OutPorts = 1>
ST_13 : Operation 811 [1/1] (0.00ns)   --->   "%shl_ln89_8 = bitconcatenate i11 @_ssdm_op_BitConcatenate.i11.i8.i3, i8 %tmp_4, i3 0" [../src/conv.cpp:89]   --->   Operation 811 'bitconcatenate' 'shl_ln89_8' <Predicate = (and_ln85_3_read)> <Delay = 0.00>
ST_13 : Operation 812 [1/1] (1.63ns)   --->   "%add_ln89_10 = add i11 %shl_ln89_8, i11 %mul_ln89_8" [../src/conv.cpp:89]   --->   Operation 812 'add' 'add_ln89_10' <Predicate = (and_ln85_3_read)> <Delay = 1.63> <CoreInst = "Adder">   --->   Core 1 'Adder' <Latency = 0> <II = 1> <Delay = 1.63> <FuncUnit> <Opcode : 'add' 'sub'> <InPorts = 2> <OutPorts = 1>
ST_13 : Operation 813 [1/1] (1.63ns)   --->   "%sub_ln89_7 = sub i11 0, i11 %mul_ln89_8" [../src/conv.cpp:89]   --->   Operation 813 'sub' 'sub_ln89_7' <Predicate = (and_ln85_3_read)> <Delay = 1.63> <CoreInst = "Adder">   --->   Core 1 'Adder' <Latency = 0> <II = 1> <Delay = 1.63> <FuncUnit> <Opcode : 'add' 'sub'> <InPorts = 2> <OutPorts = 1>
ST_13 : Operation 814 [1/1] (1.63ns)   --->   "%icmp_ln89_9 = icmp_eq  i11 %shl_ln89_8, i11 %sub_ln89_7" [../src/conv.cpp:89]   --->   Operation 814 'icmp' 'icmp_ln89_9' <Predicate = (and_ln85_3_read)> <Delay = 1.63> <CoreInst = "Cmp">   --->   Core 9 'Cmp' <Latency = 0> <II = 1> <Delay = 1.63> <FuncUnit> <Opcode : 'seteq' 'setne' 'setle' 'setge' 'setlt' 'setgt'> <InPorts = 2> <OutPorts = 1>
ST_13 : Operation 815 [1/1] (0.00ns)   --->   "%br_ln89 = br i1 %icmp_ln89_9, void %if.end.i.i83.2.2, void %if.then.i.i81.2.2" [../src/conv.cpp:89]   --->   Operation 815 'br' 'br_ln89' <Predicate = (and_ln85_3_read)> <Delay = 0.00>
ST_13 : Operation 816 [1/1] (1.65ns)   --->   "%switch_ln89 = switch i3 %trunc_ln78, void %V42.i.i26.i.i121.case.7128, i3 0, void %V42.i.i26.i.i121.case.0121, i3 1, void %V42.i.i26.i.i121.case.1122, i3 2, void %V42.i.i26.i.i121.case.2123, i3 3, void %V42.i.i26.i.i121.case.3124, i3 4, void %V42.i.i26.i.i121.case.4125, i3 5, void %V42.i.i26.i.i121.case.5126, i3 6, void %V42.i.i26.i.i121.case.6127" [../src/conv.cpp:89]   --->   Operation 816 'switch' 'switch_ln89' <Predicate = (and_ln85_3_read & icmp_ln89_9)> <Delay = 1.65>
ST_13 : Operation 817 [1/1] (2.54ns)   --->   "%store_ln89 = store i8 0, i8 %conv2_ap_fixed_8_5_5_3_0_ap_fixed_8_5_5_3_0_partial_sums_7" [../src/conv.cpp:89]   --->   Operation 817 'store' 'store_ln89' <Predicate = (trunc_ln78 == 6 & and_ln85_3_read & icmp_ln89_9)> <Delay = 2.54>
ST_13 : Operation 818 [1/1] (0.00ns)   --->   "%br_ln89 = br void %V42.i.i26.i.i121.exit120" [../src/conv.cpp:89]   --->   Operation 818 'br' 'br_ln89' <Predicate = (trunc_ln78 == 6 & and_ln85_3_read & icmp_ln89_9)> <Delay = 0.00>
ST_13 : Operation 819 [1/1] (2.54ns)   --->   "%store_ln89 = store i8 0, i8 %conv2_ap_fixed_8_5_5_3_0_ap_fixed_8_5_5_3_0_partial_sums_6" [../src/conv.cpp:89]   --->   Operation 819 'store' 'store_ln89' <Predicate = (trunc_ln78 == 5 & and_ln85_3_read & icmp_ln89_9)> <Delay = 2.54>
ST_13 : Operation 820 [1/1] (0.00ns)   --->   "%br_ln89 = br void %V42.i.i26.i.i121.exit120" [../src/conv.cpp:89]   --->   Operation 820 'br' 'br_ln89' <Predicate = (trunc_ln78 == 5 & and_ln85_3_read & icmp_ln89_9)> <Delay = 0.00>
ST_13 : Operation 821 [1/1] (2.54ns)   --->   "%store_ln89 = store i8 0, i8 %conv2_ap_fixed_8_5_5_3_0_ap_fixed_8_5_5_3_0_partial_sums_5" [../src/conv.cpp:89]   --->   Operation 821 'store' 'store_ln89' <Predicate = (trunc_ln78 == 4 & and_ln85_3_read & icmp_ln89_9)> <Delay = 2.54>
ST_13 : Operation 822 [1/1] (0.00ns)   --->   "%br_ln89 = br void %V42.i.i26.i.i121.exit120" [../src/conv.cpp:89]   --->   Operation 822 'br' 'br_ln89' <Predicate = (trunc_ln78 == 4 & and_ln85_3_read & icmp_ln89_9)> <Delay = 0.00>
ST_13 : Operation 823 [1/1] (2.54ns)   --->   "%store_ln89 = store i8 0, i8 %conv2_ap_fixed_8_5_5_3_0_ap_fixed_8_5_5_3_0_partial_sums_4" [../src/conv.cpp:89]   --->   Operation 823 'store' 'store_ln89' <Predicate = (trunc_ln78 == 3 & and_ln85_3_read & icmp_ln89_9)> <Delay = 2.54>
ST_13 : Operation 824 [1/1] (0.00ns)   --->   "%br_ln89 = br void %V42.i.i26.i.i121.exit120" [../src/conv.cpp:89]   --->   Operation 824 'br' 'br_ln89' <Predicate = (trunc_ln78 == 3 & and_ln85_3_read & icmp_ln89_9)> <Delay = 0.00>
ST_13 : Operation 825 [1/1] (2.54ns)   --->   "%store_ln89 = store i8 0, i8 %conv2_ap_fixed_8_5_5_3_0_ap_fixed_8_5_5_3_0_partial_sums_3" [../src/conv.cpp:89]   --->   Operation 825 'store' 'store_ln89' <Predicate = (trunc_ln78 == 2 & and_ln85_3_read & icmp_ln89_9)> <Delay = 2.54>
ST_13 : Operation 826 [1/1] (0.00ns)   --->   "%br_ln89 = br void %V42.i.i26.i.i121.exit120" [../src/conv.cpp:89]   --->   Operation 826 'br' 'br_ln89' <Predicate = (trunc_ln78 == 2 & and_ln85_3_read & icmp_ln89_9)> <Delay = 0.00>
ST_13 : Operation 827 [1/1] (2.54ns)   --->   "%store_ln89 = store i8 0, i8 %conv2_ap_fixed_8_5_5_3_0_ap_fixed_8_5_5_3_0_partial_sums_2" [../src/conv.cpp:89]   --->   Operation 827 'store' 'store_ln89' <Predicate = (trunc_ln78 == 1 & and_ln85_3_read & icmp_ln89_9)> <Delay = 2.54>
ST_13 : Operation 828 [1/1] (0.00ns)   --->   "%br_ln89 = br void %V42.i.i26.i.i121.exit120" [../src/conv.cpp:89]   --->   Operation 828 'br' 'br_ln89' <Predicate = (trunc_ln78 == 1 & and_ln85_3_read & icmp_ln89_9)> <Delay = 0.00>
ST_13 : Operation 829 [1/1] (2.54ns)   --->   "%store_ln89 = store i8 0, i8 %conv2_ap_fixed_8_5_5_3_0_ap_fixed_8_5_5_3_0_partial_sums" [../src/conv.cpp:89]   --->   Operation 829 'store' 'store_ln89' <Predicate = (trunc_ln78 == 0 & and_ln85_3_read & icmp_ln89_9)> <Delay = 2.54>
ST_13 : Operation 830 [1/1] (0.00ns)   --->   "%br_ln89 = br void %V42.i.i26.i.i121.exit120" [../src/conv.cpp:89]   --->   Operation 830 'br' 'br_ln89' <Predicate = (trunc_ln78 == 0 & and_ln85_3_read & icmp_ln89_9)> <Delay = 0.00>
ST_13 : Operation 831 [1/1] (2.54ns)   --->   "%store_ln89 = store i8 0, i8 %conv2_ap_fixed_8_5_5_3_0_ap_fixed_8_5_5_3_0_partial_sums_8" [../src/conv.cpp:89]   --->   Operation 831 'store' 'store_ln89' <Predicate = (trunc_ln78 == 7 & and_ln85_3_read & icmp_ln89_9)> <Delay = 2.54>
ST_13 : Operation 832 [1/1] (0.00ns)   --->   "%br_ln89 = br void %V42.i.i26.i.i121.exit120" [../src/conv.cpp:89]   --->   Operation 832 'br' 'br_ln89' <Predicate = (trunc_ln78 == 7 & and_ln85_3_read & icmp_ln89_9)> <Delay = 0.00>
ST_13 : Operation 833 [1/1] (0.00ns)   --->   "%br_ln89 = br void %if.end.i.i83.2.2" [../src/conv.cpp:89]   --->   Operation 833 'br' 'br_ln89' <Predicate = (and_ln85_3_read & icmp_ln89_9)> <Delay = 0.00>
ST_13 : Operation 834 [1/1] (0.00ns)   --->   "%trunc_ln89_8 = partselect i8 @_ssdm_op_PartSelect.i8.i11.i32.i32, i11 %add_ln89_10, i32 3, i32 10" [../src/conv.cpp:89]   --->   Operation 834 'partselect' 'trunc_ln89_8' <Predicate = (and_ln85_3_read)> <Delay = 0.00>
ST_13 : Operation 835 [1/1] (2.54ns)   --->   "%store_ln89 = store i8 %trunc_ln89_8, i8 %conv2_ap_fixed_8_5_5_3_0_ap_fixed_8_5_5_3_0_partial_sums_7" [../src/conv.cpp:89]   --->   Operation 835 'store' 'store_ln89' <Predicate = (trunc_ln78 == 6 & and_ln85_3_read)> <Delay = 2.54>
ST_13 : Operation 836 [1/1] (2.54ns)   --->   "%store_ln89 = store i8 %trunc_ln89_8, i8 %conv2_ap_fixed_8_5_5_3_0_ap_fixed_8_5_5_3_0_partial_sums_6" [../src/conv.cpp:89]   --->   Operation 836 'store' 'store_ln89' <Predicate = (trunc_ln78 == 5 & and_ln85_3_read)> <Delay = 2.54>
ST_13 : Operation 837 [1/1] (2.54ns)   --->   "%store_ln89 = store i8 %trunc_ln89_8, i8 %conv2_ap_fixed_8_5_5_3_0_ap_fixed_8_5_5_3_0_partial_sums_5" [../src/conv.cpp:89]   --->   Operation 837 'store' 'store_ln89' <Predicate = (trunc_ln78 == 4 & and_ln85_3_read)> <Delay = 2.54>
ST_13 : Operation 838 [1/1] (2.54ns)   --->   "%store_ln89 = store i8 %trunc_ln89_8, i8 %conv2_ap_fixed_8_5_5_3_0_ap_fixed_8_5_5_3_0_partial_sums_4" [../src/conv.cpp:89]   --->   Operation 838 'store' 'store_ln89' <Predicate = (trunc_ln78 == 3 & and_ln85_3_read)> <Delay = 2.54>
ST_13 : Operation 839 [1/1] (2.54ns)   --->   "%store_ln89 = store i8 %trunc_ln89_8, i8 %conv2_ap_fixed_8_5_5_3_0_ap_fixed_8_5_5_3_0_partial_sums_3" [../src/conv.cpp:89]   --->   Operation 839 'store' 'store_ln89' <Predicate = (trunc_ln78 == 2 & and_ln85_3_read)> <Delay = 2.54>
ST_13 : Operation 840 [1/1] (2.54ns)   --->   "%store_ln89 = store i8 %trunc_ln89_8, i8 %conv2_ap_fixed_8_5_5_3_0_ap_fixed_8_5_5_3_0_partial_sums_2" [../src/conv.cpp:89]   --->   Operation 840 'store' 'store_ln89' <Predicate = (trunc_ln78 == 1 & and_ln85_3_read)> <Delay = 2.54>
ST_13 : Operation 841 [1/1] (2.54ns)   --->   "%store_ln89 = store i8 %trunc_ln89_8, i8 %conv2_ap_fixed_8_5_5_3_0_ap_fixed_8_5_5_3_0_partial_sums" [../src/conv.cpp:89]   --->   Operation 841 'store' 'store_ln89' <Predicate = (trunc_ln78 == 0 & and_ln85_3_read)> <Delay = 2.54>
ST_13 : Operation 842 [1/1] (2.54ns)   --->   "%store_ln89 = store i8 %trunc_ln89_8, i8 %conv2_ap_fixed_8_5_5_3_0_ap_fixed_8_5_5_3_0_partial_sums_8" [../src/conv.cpp:89]   --->   Operation 842 'store' 'store_ln89' <Predicate = (trunc_ln78 == 7 & and_ln85_3_read)> <Delay = 2.54>
ST_13 : Operation 843 [1/1] (0.00ns)   --->   "%br_ln90 = br void %for.inc50.2.2" [../src/conv.cpp:90]   --->   Operation 843 'br' 'br_ln90' <Predicate = (and_ln85_3_read)> <Delay = 0.00>


============================================================
+ Verbose Summary: Timing violations
============================================================
Target clock period: 10.000ns, clock uncertainty: 1.250ns.

 <State 1>: 4.911ns
The critical path consists of the following:
	'store' operation ('store_ln78', ../src/conv.cpp:78) of constant 0 4 bit on local variable 'ci', ../src/conv.cpp:78 [74]  (1.588 ns)
	'load' operation 4 bit ('ci', ../src/conv.cpp:78) on local variable 'ci', ../src/conv.cpp:78 [79]  (0.000 ns)
	'icmp' operation 1 bit ('icmp_ln78', ../src/conv.cpp:78) [80]  (1.735 ns)
	'store' operation ('store_ln78', ../src/conv.cpp:78) of variable 'add_ln78', ../src/conv.cpp:78 4 bit on local variable 'ci', ../src/conv.cpp:78 [980]  (1.588 ns)

 <State 2>: 8.650ns
The critical path consists of the following:
	'load' operation 11 bit ('phi_mul_load', ../src/conv.cpp:86) on local variable 'phi_mul' [78]  (0.000 ns)
	'add' operation 11 bit ('add_ln86', ../src/conv.cpp:86) [92]  (0.000 ns)
	'add' operation 11 bit ('add_ln86_1', ../src/conv.cpp:86) [93]  (3.757 ns)
	'add' operation 11 bit ('add_ln86_5', ../src/conv.cpp:86) [200]  (1.639 ns)
	'getelementptr' operation 8 bit ('input_0_addr_5', ../src/conv.cpp:89) [203]  (0.000 ns)
	'load' operation 7 bit ('input_0_load_4', ../src/conv.cpp:89) on array 'input_0' [211]  (3.254 ns)

 <State 3>: 6.608ns
The critical path consists of the following:
	'load' operation 7 bit ('input_0_load', ../src/conv.cpp:89) on array 'input_0' [111]  (3.254 ns)
	'sparsemux' operation 7 bit ('tmp_cast', ../src/conv.cpp:89) [119]  (2.304 ns)
	'mul' operation 10 bit of DSP[137] ('mul_ln89', ../src/conv.cpp:89) [124]  (1.050 ns)

 <State 4>: 1.050ns
The critical path consists of the following:
	'mul' operation 10 bit of DSP[137] ('mul_ln89', ../src/conv.cpp:89) [124]  (1.050 ns)

 <State 5>: 4.404ns
The critical path consists of the following:
	'load' operation 8 bit ('conv2_ap_fixed_8_5_5_3_0_ap_fixed_8_5_5_3_0_partial_sums_load', ../src/conv.cpp:89) on static variable 'conv2_ap_fixed_8_5_5_3_0_ap_fixed_8_5_5_3_0_partial_sums' [125]  (0.000 ns)
	'sparsemux' operation 8 bit ('tmp_1', ../src/conv.cpp:89) [133]  (2.304 ns)
	'add' operation 12 bit of DSP[137] ('add_ln89_1', ../src/conv.cpp:89) [137]  (2.100 ns)

 <State 6>: 6.189ns
The critical path consists of the following:
	'add' operation 12 bit of DSP[137] ('add_ln89_1', ../src/conv.cpp:89) [137]  (2.100 ns)
	'store' operation ('store_ln89', ../src/conv.cpp:89) of variable 'trunc_ln6', ../src/conv.cpp:89 8 bit on static variable 'conv2_ap_fixed_8_5_5_3_0_ap_fixed_8_5_5_3_0_partial_sums_7' [172]  (2.542 ns)
	blocking operation 1.547 ns on control path)

 <State 7>: 6.485ns
The critical path consists of the following:
	'load' operation 8 bit ('conv2_ap_fixed_8_5_5_3_0_ap_fixed_8_5_5_3_0_partial_sums_load_1', ../src/conv.cpp:89) on static variable 'conv2_ap_fixed_8_5_5_3_0_ap_fixed_8_5_5_3_0_partial_sums' [225]  (0.000 ns)
	'sparsemux' operation 8 bit ('tmp_3', ../src/conv.cpp:89) [233]  (2.304 ns)
	'add' operation 11 bit ('add_ln89_3', ../src/conv.cpp:89) [235]  (1.639 ns)
	'store' operation ('store_ln89', ../src/conv.cpp:89) of variable 'trunc_ln89_1', ../src/conv.cpp:89 8 bit on static variable 'conv2_ap_fixed_8_5_5_3_0_ap_fixed_8_5_5_3_0_partial_sums_2' [286]  (2.542 ns)

 <State 8>: 6.485ns
The critical path consists of the following:
	'load' operation 8 bit ('conv2_ap_fixed_8_5_5_3_0_ap_fixed_8_5_5_3_0_partial_sums_load_2', ../src/conv.cpp:89) on static variable 'conv2_ap_fixed_8_5_5_3_0_ap_fixed_8_5_5_3_0_partial_sums' [324]  (0.000 ns)
	'sparsemux' operation 8 bit ('tmp_5', ../src/conv.cpp:89) [332]  (2.304 ns)
	'add' operation 11 bit ('add_ln89_4', ../src/conv.cpp:89) [334]  (1.639 ns)
	'store' operation ('store_ln89', ../src/conv.cpp:89) of variable 'trunc_ln89_2', ../src/conv.cpp:89 8 bit on static variable 'conv2_ap_fixed_8_5_5_3_0_ap_fixed_8_5_5_3_0_partial_sums_2' [385]  (2.542 ns)

 <State 9>: 6.485ns
The critical path consists of the following:
	'load' operation 8 bit ('conv2_ap_fixed_8_5_5_3_0_ap_fixed_8_5_5_3_0_partial_sums_load_3', ../src/conv.cpp:89) on static variable 'conv2_ap_fixed_8_5_5_3_0_ap_fixed_8_5_5_3_0_partial_sums' [424]  (0.000 ns)
	'sparsemux' operation 8 bit ('tmp_7', ../src/conv.cpp:89) [432]  (2.304 ns)
	'add' operation 11 bit ('add_ln89_5', ../src/conv.cpp:89) [434]  (1.639 ns)
	'store' operation ('store_ln89', ../src/conv.cpp:89) of variable 'trunc_ln89_3', ../src/conv.cpp:89 8 bit on static variable 'conv2_ap_fixed_8_5_5_3_0_ap_fixed_8_5_5_3_0_partial_sums_2' [485]  (2.542 ns)

 <State 10>: 8.124ns
The critical path consists of the following:
	'load' operation 8 bit ('conv2_ap_fixed_8_5_5_3_0_ap_fixed_8_5_5_3_0_partial_sums_load_4', ../src/conv.cpp:89) on static variable 'conv2_ap_fixed_8_5_5_3_0_ap_fixed_8_5_5_3_0_partial_sums' [521]  (0.000 ns)
	'sparsemux' operation 8 bit ('tmp_9', ../src/conv.cpp:89) [529]  (2.304 ns)
	'add' operation 11 bit ('add_ln89_6', ../src/conv.cpp:89) [531]  (1.639 ns)
	'add' operation 11 bit ('add_ln89_7', ../src/conv.cpp:89) [619]  (1.639 ns)
	'store' operation ('store_ln89', ../src/conv.cpp:89) of variable 'trunc_ln89_5', ../src/conv.cpp:89 8 bit on static variable 'conv2_ap_fixed_8_5_5_3_0_ap_fixed_8_5_5_3_0_partial_sums_2' [670]  (2.542 ns)

 <State 11>: 6.485ns
The critical path consists of the following:
	'load' operation 8 bit ('conv2_ap_fixed_8_5_5_3_0_ap_fixed_8_5_5_3_0_partial_sums_load_5', ../src/conv.cpp:89) on static variable 'conv2_ap_fixed_8_5_5_3_0_ap_fixed_8_5_5_3_0_partial_sums' [710]  (0.000 ns)
	'sparsemux' operation 8 bit ('tmp_s', ../src/conv.cpp:89) [718]  (2.304 ns)
	'add' operation 11 bit ('add_ln89_8', ../src/conv.cpp:89) [720]  (1.639 ns)
	'store' operation ('store_ln89', ../src/conv.cpp:89) of variable 'trunc_ln89_6', ../src/conv.cpp:89 8 bit on static variable 'conv2_ap_fixed_8_5_5_3_0_ap_fixed_8_5_5_3_0_partial_sums_2' [771]  (2.542 ns)

 <State 12>: 6.485ns
The critical path consists of the following:
	'load' operation 8 bit ('conv2_ap_fixed_8_5_5_3_0_ap_fixed_8_5_5_3_0_partial_sums_load_6', ../src/conv.cpp:89) on static variable 'conv2_ap_fixed_8_5_5_3_0_ap_fixed_8_5_5_3_0_partial_sums' [809]  (0.000 ns)
	'sparsemux' operation 8 bit ('tmp_2', ../src/conv.cpp:89) [817]  (2.304 ns)
	'add' operation 11 bit ('add_ln89_9', ../src/conv.cpp:89) [819]  (1.639 ns)
	'store' operation ('store_ln89', ../src/conv.cpp:89) of variable 'trunc_ln89_7', ../src/conv.cpp:89 8 bit on static variable 'conv2_ap_fixed_8_5_5_3_0_ap_fixed_8_5_5_3_0_partial_sums_5' [861]  (2.542 ns)

 <State 13>: 6.485ns
The critical path consists of the following:
	'load' operation 8 bit ('conv2_ap_fixed_8_5_5_3_0_ap_fixed_8_5_5_3_0_partial_sums_load_7', ../src/conv.cpp:89) on static variable 'conv2_ap_fixed_8_5_5_3_0_ap_fixed_8_5_5_3_0_partial_sums' [908]  (0.000 ns)
	'sparsemux' operation 8 bit ('tmp_4', ../src/conv.cpp:89) [916]  (2.304 ns)
	'add' operation 11 bit ('add_ln89_10', ../src/conv.cpp:89) [918]  (1.639 ns)
	'store' operation ('store_ln89', ../src/conv.cpp:89) of variable 'trunc_ln89_8', ../src/conv.cpp:89 8 bit on static variable 'conv2_ap_fixed_8_5_5_3_0_ap_fixed_8_5_5_3_0_partial_sums_4' [963]  (2.542 ns)


============================================================
+ Verbose Summary: Binding
============================================================
N/A
* FSMD analyzer results:
  - Output states:
 - Input state : 
  - Chain level:
	State 1
	State 2
	State 3
	State 4
	State 5
	State 6
	State 7
	State 8
	State 9
	State 10
	State 11
	State 12
	State 13


============================================================
+ Verbose Summary: Datapath Resource usage 
============================================================
N/A
