

================================================================
== Vitis HLS Report for 'conv1_Pipeline_LOAD_W'
================================================================
* Date:           Sat Mar  7 18:28:19 2026

* Version:        2025.2 (Build 6295257 on Nov 14 2025)
* Project:        top
* Solution:       hls (Vivado IP Flow Target)
* Product family: zynq
* Target device:  xc7z020-clg484-1


================================================================
== Performance Estimates
================================================================
+ Timing: 
    * Summary: 
    +--------+----------+----------+------------+
    |  Clock |  Target  | Estimated| Uncertainty|
    +--------+----------+----------+------------+
    |ap_clk  |  10.00 ns|  8.750 ns|     1.25 ns|
    +--------+----------+----------+------------+

+ Latency: 
    * Summary: 
    +---------+---------+----------+----------+-----+-----+-------------------+
    |  Latency (cycles) |  Latency (absolute) |  Interval |      Pipeline     |
    |   min   |   max   |    min   |    max   | min | max |        Type       |
    +---------+---------+----------+----------+-----+-----+-------------------+
    |       74|       74|  0.740 us|  0.740 us|    0|    0|  loop pipeline stp|
    +---------+---------+----------+----------+-----+-----+-------------------+

    + Detail: 
        * Instance: 
        N/A

        * Loop: 
        +----------+---------+---------+----------+-----------+-----------+------+----------+
        |          |  Latency (cycles) | Iteration|  Initiation Interval  | Trip |          |
        | Loop Name|   min   |   max   |  Latency |  achieved |   target  | Count| Pipelined|
        +----------+---------+---------+----------+-----------+-----------+------+----------+
        |- LOAD_W  |       72|       72|         2|          1|          1|    72|       yes|
        +----------+---------+---------+----------+-----------+-----------+------+----------+

============================================================
+ Verbose Summary: Synthesis Manager
============================================================
InlineROM: 1
ExposeGlobal: 0
============================================================
+ Verbose Summary: CDFG Model
============================================================
IsTopModel: 0
ResetActiveHigh: 1
IsCombinational: 0
IsDatapathOnly: 0
HasWiredReturn: 1
HasMFsm: 2
HasVarLatency: 1
IsPipeline: 0
IsRtlPipelined: 0
IsInstanceOverlapped: 0
IsDontTouch: 0
HasImplIP: 0
IsGatedGlobalClock: 0

+ Individual pipeline summary: 
  * Pipeline-0: initiation interval (II) = 1, depth = 2


============================================================
+ Verbose Summary: Schedule
============================================================
* Number of FSM states : 2
* Pipeline : 1
  Pipeline-0 : II = 1, D = 2, States = { 1 2 }
* Dataflow Pipeline: 0

* FSM state transitions: 
1 --> 2 
2 --> 

* FSM state operations: 

State 1 <SV = 0> <Delay = 5.04>
ST_1 : Operation 5 [1/1] (0.00ns)   --->   "%i = alloca i32 1" [../src/conv.cpp:21]   --->   Operation 5 'alloca' 'i' <Predicate = true> <Delay = 0.00>
ST_1 : Operation 6 [1/1] (0.00ns)   --->   "%specstablecontent_ln0 = specstablecontent void @_ssdm_op_SpecStableContent, i8 %gmem1, i1 1, void "   --->   Operation 6 'specstablecontent' 'specstablecontent_ln0' <Predicate = true> <Delay = 0.00>
ST_1 : Operation 7 [1/1] (0.00ns)   --->   "%specinterface_ln0 = specinterface void @_ssdm_op_SpecInterface, i8 %gmem1, void @empty_7, i32 0, i32 0, void @empty_8, i32 0, i32 136, void @empty_32, void @empty_20, void @empty_8, i32 16, i32 16, i32 16, i32 16, void @empty_8, void @empty_8, i32 4294967295, i32 0, i32 0, i32 1"   --->   Operation 7 'specinterface' 'specinterface_ln0' <Predicate = true> <Delay = 0.00>
ST_1 : Operation 8 [1/1] (0.00ns)   --->   "%weight_read = read i64 @_ssdm_op_Read.ap_auto.i64, i64 %weight"   --->   Operation 8 'read' 'weight_read' <Predicate = true> <Delay = 0.00>
ST_1 : Operation 9 [1/1] (1.58ns)   --->   "%store_ln21 = store i7 0, i7 %i" [../src/conv.cpp:21]   --->   Operation 9 'store' 'store_ln21' <Predicate = true> <Delay = 1.58>
ST_1 : Operation 10 [1/1] (0.00ns)   --->   "%br_ln0 = br void %for.inc"   --->   Operation 10 'br' 'br_ln0' <Predicate = true> <Delay = 0.00>
ST_1 : Operation 11 [1/1] (0.00ns)   --->   "%i_5 = load i7 %i" [../src/conv.cpp:21]   --->   Operation 11 'load' 'i_5' <Predicate = true> <Delay = 0.00>
ST_1 : Operation 12 [1/1] (1.87ns)   --->   "%icmp_ln21 = icmp_eq  i7 %i_5, i7 72" [../src/conv.cpp:21]   --->   Operation 12 'icmp' 'icmp_ln21' <Predicate = true> <Delay = 1.87> <CoreInst = "Cmp">   --->   Core 9 'Cmp' <Latency = 0> <II = 1> <Delay = 1.87> <FuncUnit> <Opcode : 'seteq' 'setne' 'setle' 'setge' 'setlt' 'setgt'> <InPorts = 2> <OutPorts = 1>
ST_1 : Operation 13 [1/1] (1.87ns)   --->   "%add_ln21 = add i7 %i_5, i7 1" [../src/conv.cpp:21]   --->   Operation 13 'add' 'add_ln21' <Predicate = true> <Delay = 1.87> <CoreInst = "Adder">   --->   Core 1 'Adder' <Latency = 0> <II = 1> <Delay = 1.87> <FuncUnit> <Opcode : 'add' 'sub'> <InPorts = 2> <OutPorts = 1>
ST_1 : Operation 14 [1/1] (0.00ns)   --->   "%br_ln21 = br i1 %icmp_ln21, void %for.inc.split, void %LOAD_B.exitStub" [../src/conv.cpp:21]   --->   Operation 14 'br' 'br_ln21' <Predicate = true> <Delay = 0.00>
ST_1 : Operation 15 [1/1] (0.00ns)   --->   "%gmem1_addr = getelementptr i8 %gmem1, i64 %weight_read" [../src/conv.cpp:21]   --->   Operation 15 'getelementptr' 'gmem1_addr' <Predicate = (!icmp_ln21)> <Delay = 0.00>
ST_1 : Operation 16 [1/1] (1.87ns)   --->   "%switch_ln23 = switch i7 %i_5, void %arrayidx2.case.71, i7 0, void %arrayidx2.case.0, i7 1, void %arrayidx2.case.1, i7 2, void %arrayidx2.case.2, i7 3, void %arrayidx2.case.3, i7 4, void %arrayidx2.case.4, i7 5, void %arrayidx2.case.5, i7 6, void %arrayidx2.case.6, i7 7, void %arrayidx2.case.7, i7 8, void %arrayidx2.case.8, i7 9, void %arrayidx2.case.9, i7 10, void %arrayidx2.case.10, i7 11, void %arrayidx2.case.11, i7 12, void %arrayidx2.case.12, i7 13, void %arrayidx2.case.13, i7 14, void %arrayidx2.case.14, i7 15, void %arrayidx2.case.15, i7 16, void %arrayidx2.case.16, i7 17, void %arrayidx2.case.17, i7 18, void %arrayidx2.case.18, i7 19, void %arrayidx2.case.19, i7 20, void %arrayidx2.case.20, i7 21, void %arrayidx2.case.21, i7 22, void %arrayidx2.case.22, i7 23, void %arrayidx2.case.23, i7 24, void %arrayidx2.case.24, i7 25, void %arrayidx2.case.25, i7 26, void %arrayidx2.case.26, i7 27, void %arrayidx2.case.27, i7 28, void %arrayidx2.case.28, i7 29, void %arrayidx2.case.29, i7 30, void %arrayidx2.case.30, i7 31, void %arrayidx2.case.31, i7 32, void %arrayidx2.case.32, i7 33, void %arrayidx2.case.33, i7 34, void %arrayidx2.case.34, i7 35, void %arrayidx2.case.35, i7 36, void %arrayidx2.case.36, i7 37, void %arrayidx2.case.37, i7 38, void %arrayidx2.case.38, i7 39, void %arrayidx2.case.39, i7 40, void %arrayidx2.case.40, i7 41, void %arrayidx2.case.41, i7 42, void %arrayidx2.case.42, i7 43, void %arrayidx2.case.43, i7 44, void %arrayidx2.case.44, i7 45, void %arrayidx2.case.45, i7 46, void %arrayidx2.case.46, i7 47, void %arrayidx2.case.47, i7 48, void %arrayidx2.case.48, i7 49, void %arrayidx2.case.49, i7 50, void %arrayidx2.case.50, i7 51, void %arrayidx2.case.51, i7 52, void %arrayidx2.case.52, i7 53, void %arrayidx2.case.53, i7 54, void %arrayidx2.case.54, i7 55, void %arrayidx2.case.55, i7 56, void %arrayidx2.case.56, i7 57, void %arrayidx2.case.57, i7 58, void %arrayidx2.case.58, i7 59, void %arrayidx2.case.59, i7 60, void %arrayidx2.case.60, i7 61, void %arrayidx2.case.61, i7 62, void %arrayidx2.case.62, i7 63, void %arrayidx2.case.63, i7 64, void %arrayidx2.case.64, i7 65, void %arrayidx2.case.65, i7 66, void %arrayidx2.case.66, i7 67, void %arrayidx2.case.67, i7 68, void %arrayidx2.case.68, i7 69, void %arrayidx2.case.69, i7 70, void %arrayidx2.case.70" [../src/conv.cpp:23]   --->   Operation 16 'switch' 'switch_ln23' <Predicate = (!icmp_ln21)> <Delay = 1.87>
ST_1 : Operation 17 [1/1] (1.58ns)   --->   "%store_ln21 = store i7 %add_ln21, i7 %i" [../src/conv.cpp:21]   --->   Operation 17 'store' 'store_ln21' <Predicate = (!icmp_ln21)> <Delay = 1.58>
ST_1 : Operation 18 [1/1] (0.00ns)   --->   "%br_ln21 = br void %for.inc" [../src/conv.cpp:21]   --->   Operation 18 'br' 'br_ln21' <Predicate = (!icmp_ln21)> <Delay = 0.00>
ST_1 : Operation 167 [1/1] (1.58ns)   --->   "%ret_ln0 = ret"   --->   Operation 167 'ret' 'ret_ln0' <Predicate = (icmp_ln21)> <Delay = 1.58>

State 2 <SV = 1> <Delay = 8.75>
ST_2 : Operation 19 [1/1] (0.00ns)   --->   "%specpipeline_ln22 = specpipeline void @_ssdm_op_SpecPipeline, i32 1, i32 0, i32 0, i32 0, i32 4294967295, void @empty_8" [../src/conv.cpp:22]   --->   Operation 19 'specpipeline' 'specpipeline_ln22' <Predicate = true> <Delay = 0.00>
ST_2 : Operation 20 [1/1] (0.00ns)   --->   "%speclooptripcount_ln21 = speclooptripcount void @_ssdm_op_SpecLoopTripCount, i64 72, i64 72, i64 72" [../src/conv.cpp:21]   --->   Operation 20 'speclooptripcount' 'speclooptripcount_ln21' <Predicate = true> <Delay = 0.00>
ST_2 : Operation 21 [1/1] (0.00ns)   --->   "%specloopname_ln21 = specloopname void @_ssdm_op_SpecLoopName, void @empty" [../src/conv.cpp:21]   --->   Operation 21 'specloopname' 'specloopname_ln21' <Predicate = true> <Delay = 0.00>
ST_2 : Operation 22 [1/1] ( I:8.75ns O:8.75ns )   --->   "%gmem1_addr_read = read i8 @_ssdm_op_Read.m_axi.i8.p1i8, i8 %gmem1_addr" [../src/conv.cpp:23]   --->   Operation 22 'read' 'gmem1_addr_read' <Predicate = true> <Delay = 8.75> <CoreInst = "m_axi">   --->   Core 111 'm_axi' <Latency = 3> <II = 1> <Delay = 1.00> <Adapter> <Opcode : 'readrequnaligned' 'writerequnaligned' 'read' 'write' 'readreq' 'writereq' 'writeresp'>
ST_2 : Operation 23 [1/1] (0.00ns)   --->   "%store_ln23 = store i8 %gmem1_addr_read, i8 %p_ZZ5conv1P8ap_fixedILi8ELi5EL9ap_q_mode5EL9ap_o_mode3ELi0EES3_S3_S3_E12local_wei_1" [../src/conv.cpp:23]   --->   Operation 23 'store' 'store_ln23' <Predicate = (i_5 == 70)> <Delay = 0.00>
ST_2 : Operation 24 [1/1] (0.00ns)   --->   "%br_ln23 = br void %arrayidx2.exit" [../src/conv.cpp:23]   --->   Operation 24 'br' 'br_ln23' <Predicate = (i_5 == 70)> <Delay = 0.00>
ST_2 : Operation 25 [1/1] (0.00ns)   --->   "%store_ln23 = store i8 %gmem1_addr_read, i8 %p_ZZ5conv1P8ap_fixedILi8ELi5EL9ap_q_mode5EL9ap_o_mode3ELi0EES3_S3_S3_E12local_wei_2" [../src/conv.cpp:23]   --->   Operation 25 'store' 'store_ln23' <Predicate = (i_5 == 69)> <Delay = 0.00>
ST_2 : Operation 26 [1/1] (0.00ns)   --->   "%br_ln23 = br void %arrayidx2.exit" [../src/conv.cpp:23]   --->   Operation 26 'br' 'br_ln23' <Predicate = (i_5 == 69)> <Delay = 0.00>
ST_2 : Operation 27 [1/1] (0.00ns)   --->   "%store_ln23 = store i8 %gmem1_addr_read, i8 %p_ZZ5conv1P8ap_fixedILi8ELi5EL9ap_q_mode5EL9ap_o_mode3ELi0EES3_S3_S3_E12local_wei_3" [../src/conv.cpp:23]   --->   Operation 27 'store' 'store_ln23' <Predicate = (i_5 == 68)> <Delay = 0.00>
ST_2 : Operation 28 [1/1] (0.00ns)   --->   "%br_ln23 = br void %arrayidx2.exit" [../src/conv.cpp:23]   --->   Operation 28 'br' 'br_ln23' <Predicate = (i_5 == 68)> <Delay = 0.00>
ST_2 : Operation 29 [1/1] (0.00ns)   --->   "%store_ln23 = store i8 %gmem1_addr_read, i8 %p_ZZ5conv1P8ap_fixedILi8ELi5EL9ap_q_mode5EL9ap_o_mode3ELi0EES3_S3_S3_E12local_wei_4" [../src/conv.cpp:23]   --->   Operation 29 'store' 'store_ln23' <Predicate = (i_5 == 67)> <Delay = 0.00>
ST_2 : Operation 30 [1/1] (0.00ns)   --->   "%br_ln23 = br void %arrayidx2.exit" [../src/conv.cpp:23]   --->   Operation 30 'br' 'br_ln23' <Predicate = (i_5 == 67)> <Delay = 0.00>
ST_2 : Operation 31 [1/1] (0.00ns)   --->   "%store_ln23 = store i8 %gmem1_addr_read, i8 %p_ZZ5conv1P8ap_fixedILi8ELi5EL9ap_q_mode5EL9ap_o_mode3ELi0EES3_S3_S3_E12local_wei_5" [../src/conv.cpp:23]   --->   Operation 31 'store' 'store_ln23' <Predicate = (i_5 == 66)> <Delay = 0.00>
ST_2 : Operation 32 [1/1] (0.00ns)   --->   "%br_ln23 = br void %arrayidx2.exit" [../src/conv.cpp:23]   --->   Operation 32 'br' 'br_ln23' <Predicate = (i_5 == 66)> <Delay = 0.00>
ST_2 : Operation 33 [1/1] (0.00ns)   --->   "%store_ln23 = store i8 %gmem1_addr_read, i8 %p_ZZ5conv1P8ap_fixedILi8ELi5EL9ap_q_mode5EL9ap_o_mode3ELi0EES3_S3_S3_E12local_wei_6" [../src/conv.cpp:23]   --->   Operation 33 'store' 'store_ln23' <Predicate = (i_5 == 65)> <Delay = 0.00>
ST_2 : Operation 34 [1/1] (0.00ns)   --->   "%br_ln23 = br void %arrayidx2.exit" [../src/conv.cpp:23]   --->   Operation 34 'br' 'br_ln23' <Predicate = (i_5 == 65)> <Delay = 0.00>
ST_2 : Operation 35 [1/1] (0.00ns)   --->   "%store_ln23 = store i8 %gmem1_addr_read, i8 %p_ZZ5conv1P8ap_fixedILi8ELi5EL9ap_q_mode5EL9ap_o_mode3ELi0EES3_S3_S3_E12local_wei_7" [../src/conv.cpp:23]   --->   Operation 35 'store' 'store_ln23' <Predicate = (i_5 == 64)> <Delay = 0.00>
ST_2 : Operation 36 [1/1] (0.00ns)   --->   "%br_ln23 = br void %arrayidx2.exit" [../src/conv.cpp:23]   --->   Operation 36 'br' 'br_ln23' <Predicate = (i_5 == 64)> <Delay = 0.00>
ST_2 : Operation 37 [1/1] (0.00ns)   --->   "%store_ln23 = store i8 %gmem1_addr_read, i8 %p_ZZ5conv1P8ap_fixedILi8ELi5EL9ap_q_mode5EL9ap_o_mode3ELi0EES3_S3_S3_E12local_wei_8" [../src/conv.cpp:23]   --->   Operation 37 'store' 'store_ln23' <Predicate = (i_5 == 63)> <Delay = 0.00>
ST_2 : Operation 38 [1/1] (0.00ns)   --->   "%br_ln23 = br void %arrayidx2.exit" [../src/conv.cpp:23]   --->   Operation 38 'br' 'br_ln23' <Predicate = (i_5 == 63)> <Delay = 0.00>
ST_2 : Operation 39 [1/1] (0.00ns)   --->   "%store_ln23 = store i8 %gmem1_addr_read, i8 %p_ZZ5conv1P8ap_fixedILi8ELi5EL9ap_q_mode5EL9ap_o_mode3ELi0EES3_S3_S3_E12local_wei_9" [../src/conv.cpp:23]   --->   Operation 39 'store' 'store_ln23' <Predicate = (i_5 == 62)> <Delay = 0.00>
ST_2 : Operation 40 [1/1] (0.00ns)   --->   "%br_ln23 = br void %arrayidx2.exit" [../src/conv.cpp:23]   --->   Operation 40 'br' 'br_ln23' <Predicate = (i_5 == 62)> <Delay = 0.00>
ST_2 : Operation 41 [1/1] (0.00ns)   --->   "%store_ln23 = store i8 %gmem1_addr_read, i8 %conv1_ap_fixed_8_5_ap_q_mode_5_ap_o_mode_3_0_ap_fixed_8_5_ap_q_mode_5_ap_o_mode_3_0_ap_fixed_8_5_ap_q_mode_5_ap_o_mode_3_0_ap_fixed_8_5_ap_q_mode_5_ap_o_mode_3_0_local_wei_10" [../src/conv.cpp:23]   --->   Operation 41 'store' 'store_ln23' <Predicate = (i_5 == 61)> <Delay = 0.00>
ST_2 : Operation 42 [1/1] (0.00ns)   --->   "%br_ln23 = br void %arrayidx2.exit" [../src/conv.cpp:23]   --->   Operation 42 'br' 'br_ln23' <Predicate = (i_5 == 61)> <Delay = 0.00>
ST_2 : Operation 43 [1/1] (0.00ns)   --->   "%store_ln23 = store i8 %gmem1_addr_read, i8 %conv1_ap_fixed_8_5_ap_q_mode_5_ap_o_mode_3_0_ap_fixed_8_5_ap_q_mode_5_ap_o_mode_3_0_ap_fixed_8_5_ap_q_mode_5_ap_o_mode_3_0_ap_fixed_8_5_ap_q_mode_5_ap_o_mode_3_0_local_wei_11" [../src/conv.cpp:23]   --->   Operation 43 'store' 'store_ln23' <Predicate = (i_5 == 60)> <Delay = 0.00>
ST_2 : Operation 44 [1/1] (0.00ns)   --->   "%br_ln23 = br void %arrayidx2.exit" [../src/conv.cpp:23]   --->   Operation 44 'br' 'br_ln23' <Predicate = (i_5 == 60)> <Delay = 0.00>
ST_2 : Operation 45 [1/1] (0.00ns)   --->   "%store_ln23 = store i8 %gmem1_addr_read, i8 %conv1_ap_fixed_8_5_ap_q_mode_5_ap_o_mode_3_0_ap_fixed_8_5_ap_q_mode_5_ap_o_mode_3_0_ap_fixed_8_5_ap_q_mode_5_ap_o_mode_3_0_ap_fixed_8_5_ap_q_mode_5_ap_o_mode_3_0_local_wei_12" [../src/conv.cpp:23]   --->   Operation 45 'store' 'store_ln23' <Predicate = (i_5 == 59)> <Delay = 0.00>
ST_2 : Operation 46 [1/1] (0.00ns)   --->   "%br_ln23 = br void %arrayidx2.exit" [../src/conv.cpp:23]   --->   Operation 46 'br' 'br_ln23' <Predicate = (i_5 == 59)> <Delay = 0.00>
ST_2 : Operation 47 [1/1] (0.00ns)   --->   "%store_ln23 = store i8 %gmem1_addr_read, i8 %conv1_ap_fixed_8_5_ap_q_mode_5_ap_o_mode_3_0_ap_fixed_8_5_ap_q_mode_5_ap_o_mode_3_0_ap_fixed_8_5_ap_q_mode_5_ap_o_mode_3_0_ap_fixed_8_5_ap_q_mode_5_ap_o_mode_3_0_local_wei_13" [../src/conv.cpp:23]   --->   Operation 47 'store' 'store_ln23' <Predicate = (i_5 == 58)> <Delay = 0.00>
ST_2 : Operation 48 [1/1] (0.00ns)   --->   "%br_ln23 = br void %arrayidx2.exit" [../src/conv.cpp:23]   --->   Operation 48 'br' 'br_ln23' <Predicate = (i_5 == 58)> <Delay = 0.00>
ST_2 : Operation 49 [1/1] (0.00ns)   --->   "%store_ln23 = store i8 %gmem1_addr_read, i8 %conv1_ap_fixed_8_5_ap_q_mode_5_ap_o_mode_3_0_ap_fixed_8_5_ap_q_mode_5_ap_o_mode_3_0_ap_fixed_8_5_ap_q_mode_5_ap_o_mode_3_0_ap_fixed_8_5_ap_q_mode_5_ap_o_mode_3_0_local_wei_14" [../src/conv.cpp:23]   --->   Operation 49 'store' 'store_ln23' <Predicate = (i_5 == 57)> <Delay = 0.00>
ST_2 : Operation 50 [1/1] (0.00ns)   --->   "%br_ln23 = br void %arrayidx2.exit" [../src/conv.cpp:23]   --->   Operation 50 'br' 'br_ln23' <Predicate = (i_5 == 57)> <Delay = 0.00>
ST_2 : Operation 51 [1/1] (0.00ns)   --->   "%store_ln23 = store i8 %gmem1_addr_read, i8 %conv1_ap_fixed_8_5_ap_q_mode_5_ap_o_mode_3_0_ap_fixed_8_5_ap_q_mode_5_ap_o_mode_3_0_ap_fixed_8_5_ap_q_mode_5_ap_o_mode_3_0_ap_fixed_8_5_ap_q_mode_5_ap_o_mode_3_0_local_wei_15" [../src/conv.cpp:23]   --->   Operation 51 'store' 'store_ln23' <Predicate = (i_5 == 56)> <Delay = 0.00>
ST_2 : Operation 52 [1/1] (0.00ns)   --->   "%br_ln23 = br void %arrayidx2.exit" [../src/conv.cpp:23]   --->   Operation 52 'br' 'br_ln23' <Predicate = (i_5 == 56)> <Delay = 0.00>
ST_2 : Operation 53 [1/1] (0.00ns)   --->   "%store_ln23 = store i8 %gmem1_addr_read, i8 %conv1_ap_fixed_8_5_ap_q_mode_5_ap_o_mode_3_0_ap_fixed_8_5_ap_q_mode_5_ap_o_mode_3_0_ap_fixed_8_5_ap_q_mode_5_ap_o_mode_3_0_ap_fixed_8_5_ap_q_mode_5_ap_o_mode_3_0_local_wei_16" [../src/conv.cpp:23]   --->   Operation 53 'store' 'store_ln23' <Predicate = (i_5 == 55)> <Delay = 0.00>
ST_2 : Operation 54 [1/1] (0.00ns)   --->   "%br_ln23 = br void %arrayidx2.exit" [../src/conv.cpp:23]   --->   Operation 54 'br' 'br_ln23' <Predicate = (i_5 == 55)> <Delay = 0.00>
ST_2 : Operation 55 [1/1] (0.00ns)   --->   "%store_ln23 = store i8 %gmem1_addr_read, i8 %conv1_ap_fixed_8_5_ap_q_mode_5_ap_o_mode_3_0_ap_fixed_8_5_ap_q_mode_5_ap_o_mode_3_0_ap_fixed_8_5_ap_q_mode_5_ap_o_mode_3_0_ap_fixed_8_5_ap_q_mode_5_ap_o_mode_3_0_local_wei_17" [../src/conv.cpp:23]   --->   Operation 55 'store' 'store_ln23' <Predicate = (i_5 == 54)> <Delay = 0.00>
ST_2 : Operation 56 [1/1] (0.00ns)   --->   "%br_ln23 = br void %arrayidx2.exit" [../src/conv.cpp:23]   --->   Operation 56 'br' 'br_ln23' <Predicate = (i_5 == 54)> <Delay = 0.00>
ST_2 : Operation 57 [1/1] (0.00ns)   --->   "%store_ln23 = store i8 %gmem1_addr_read, i8 %conv1_ap_fixed_8_5_ap_q_mode_5_ap_o_mode_3_0_ap_fixed_8_5_ap_q_mode_5_ap_o_mode_3_0_ap_fixed_8_5_ap_q_mode_5_ap_o_mode_3_0_ap_fixed_8_5_ap_q_mode_5_ap_o_mode_3_0_local_wei_18" [../src/conv.cpp:23]   --->   Operation 57 'store' 'store_ln23' <Predicate = (i_5 == 53)> <Delay = 0.00>
ST_2 : Operation 58 [1/1] (0.00ns)   --->   "%br_ln23 = br void %arrayidx2.exit" [../src/conv.cpp:23]   --->   Operation 58 'br' 'br_ln23' <Predicate = (i_5 == 53)> <Delay = 0.00>
ST_2 : Operation 59 [1/1] (0.00ns)   --->   "%store_ln23 = store i8 %gmem1_addr_read, i8 %conv1_ap_fixed_8_5_ap_q_mode_5_ap_o_mode_3_0_ap_fixed_8_5_ap_q_mode_5_ap_o_mode_3_0_ap_fixed_8_5_ap_q_mode_5_ap_o_mode_3_0_ap_fixed_8_5_ap_q_mode_5_ap_o_mode_3_0_local_wei_19" [../src/conv.cpp:23]   --->   Operation 59 'store' 'store_ln23' <Predicate = (i_5 == 52)> <Delay = 0.00>
ST_2 : Operation 60 [1/1] (0.00ns)   --->   "%br_ln23 = br void %arrayidx2.exit" [../src/conv.cpp:23]   --->   Operation 60 'br' 'br_ln23' <Predicate = (i_5 == 52)> <Delay = 0.00>
ST_2 : Operation 61 [1/1] (0.00ns)   --->   "%store_ln23 = store i8 %gmem1_addr_read, i8 %conv1_ap_fixed_8_5_ap_q_mode_5_ap_o_mode_3_0_ap_fixed_8_5_ap_q_mode_5_ap_o_mode_3_0_ap_fixed_8_5_ap_q_mode_5_ap_o_mode_3_0_ap_fixed_8_5_ap_q_mode_5_ap_o_mode_3_0_local_wei_20" [../src/conv.cpp:23]   --->   Operation 61 'store' 'store_ln23' <Predicate = (i_5 == 51)> <Delay = 0.00>
ST_2 : Operation 62 [1/1] (0.00ns)   --->   "%br_ln23 = br void %arrayidx2.exit" [../src/conv.cpp:23]   --->   Operation 62 'br' 'br_ln23' <Predicate = (i_5 == 51)> <Delay = 0.00>
ST_2 : Operation 63 [1/1] (0.00ns)   --->   "%store_ln23 = store i8 %gmem1_addr_read, i8 %conv1_ap_fixed_8_5_ap_q_mode_5_ap_o_mode_3_0_ap_fixed_8_5_ap_q_mode_5_ap_o_mode_3_0_ap_fixed_8_5_ap_q_mode_5_ap_o_mode_3_0_ap_fixed_8_5_ap_q_mode_5_ap_o_mode_3_0_local_wei_21" [../src/conv.cpp:23]   --->   Operation 63 'store' 'store_ln23' <Predicate = (i_5 == 50)> <Delay = 0.00>
ST_2 : Operation 64 [1/1] (0.00ns)   --->   "%br_ln23 = br void %arrayidx2.exit" [../src/conv.cpp:23]   --->   Operation 64 'br' 'br_ln23' <Predicate = (i_5 == 50)> <Delay = 0.00>
ST_2 : Operation 65 [1/1] (0.00ns)   --->   "%store_ln23 = store i8 %gmem1_addr_read, i8 %conv1_ap_fixed_8_5_ap_q_mode_5_ap_o_mode_3_0_ap_fixed_8_5_ap_q_mode_5_ap_o_mode_3_0_ap_fixed_8_5_ap_q_mode_5_ap_o_mode_3_0_ap_fixed_8_5_ap_q_mode_5_ap_o_mode_3_0_local_wei_22" [../src/conv.cpp:23]   --->   Operation 65 'store' 'store_ln23' <Predicate = (i_5 == 49)> <Delay = 0.00>
ST_2 : Operation 66 [1/1] (0.00ns)   --->   "%br_ln23 = br void %arrayidx2.exit" [../src/conv.cpp:23]   --->   Operation 66 'br' 'br_ln23' <Predicate = (i_5 == 49)> <Delay = 0.00>
ST_2 : Operation 67 [1/1] (0.00ns)   --->   "%store_ln23 = store i8 %gmem1_addr_read, i8 %conv1_ap_fixed_8_5_ap_q_mode_5_ap_o_mode_3_0_ap_fixed_8_5_ap_q_mode_5_ap_o_mode_3_0_ap_fixed_8_5_ap_q_mode_5_ap_o_mode_3_0_ap_fixed_8_5_ap_q_mode_5_ap_o_mode_3_0_local_wei_23" [../src/conv.cpp:23]   --->   Operation 67 'store' 'store_ln23' <Predicate = (i_5 == 48)> <Delay = 0.00>
ST_2 : Operation 68 [1/1] (0.00ns)   --->   "%br_ln23 = br void %arrayidx2.exit" [../src/conv.cpp:23]   --->   Operation 68 'br' 'br_ln23' <Predicate = (i_5 == 48)> <Delay = 0.00>
ST_2 : Operation 69 [1/1] (0.00ns)   --->   "%store_ln23 = store i8 %gmem1_addr_read, i8 %conv1_ap_fixed_8_5_ap_q_mode_5_ap_o_mode_3_0_ap_fixed_8_5_ap_q_mode_5_ap_o_mode_3_0_ap_fixed_8_5_ap_q_mode_5_ap_o_mode_3_0_ap_fixed_8_5_ap_q_mode_5_ap_o_mode_3_0_local_wei_24" [../src/conv.cpp:23]   --->   Operation 69 'store' 'store_ln23' <Predicate = (i_5 == 47)> <Delay = 0.00>
ST_2 : Operation 70 [1/1] (0.00ns)   --->   "%br_ln23 = br void %arrayidx2.exit" [../src/conv.cpp:23]   --->   Operation 70 'br' 'br_ln23' <Predicate = (i_5 == 47)> <Delay = 0.00>
ST_2 : Operation 71 [1/1] (0.00ns)   --->   "%store_ln23 = store i8 %gmem1_addr_read, i8 %conv1_ap_fixed_8_5_ap_q_mode_5_ap_o_mode_3_0_ap_fixed_8_5_ap_q_mode_5_ap_o_mode_3_0_ap_fixed_8_5_ap_q_mode_5_ap_o_mode_3_0_ap_fixed_8_5_ap_q_mode_5_ap_o_mode_3_0_local_wei_25" [../src/conv.cpp:23]   --->   Operation 71 'store' 'store_ln23' <Predicate = (i_5 == 46)> <Delay = 0.00>
ST_2 : Operation 72 [1/1] (0.00ns)   --->   "%br_ln23 = br void %arrayidx2.exit" [../src/conv.cpp:23]   --->   Operation 72 'br' 'br_ln23' <Predicate = (i_5 == 46)> <Delay = 0.00>
ST_2 : Operation 73 [1/1] (0.00ns)   --->   "%store_ln23 = store i8 %gmem1_addr_read, i8 %conv1_ap_fixed_8_5_ap_q_mode_5_ap_o_mode_3_0_ap_fixed_8_5_ap_q_mode_5_ap_o_mode_3_0_ap_fixed_8_5_ap_q_mode_5_ap_o_mode_3_0_ap_fixed_8_5_ap_q_mode_5_ap_o_mode_3_0_local_wei_26" [../src/conv.cpp:23]   --->   Operation 73 'store' 'store_ln23' <Predicate = (i_5 == 45)> <Delay = 0.00>
ST_2 : Operation 74 [1/1] (0.00ns)   --->   "%br_ln23 = br void %arrayidx2.exit" [../src/conv.cpp:23]   --->   Operation 74 'br' 'br_ln23' <Predicate = (i_5 == 45)> <Delay = 0.00>
ST_2 : Operation 75 [1/1] (0.00ns)   --->   "%store_ln23 = store i8 %gmem1_addr_read, i8 %conv1_ap_fixed_8_5_ap_q_mode_5_ap_o_mode_3_0_ap_fixed_8_5_ap_q_mode_5_ap_o_mode_3_0_ap_fixed_8_5_ap_q_mode_5_ap_o_mode_3_0_ap_fixed_8_5_ap_q_mode_5_ap_o_mode_3_0_local_wei_27" [../src/conv.cpp:23]   --->   Operation 75 'store' 'store_ln23' <Predicate = (i_5 == 44)> <Delay = 0.00>
ST_2 : Operation 76 [1/1] (0.00ns)   --->   "%br_ln23 = br void %arrayidx2.exit" [../src/conv.cpp:23]   --->   Operation 76 'br' 'br_ln23' <Predicate = (i_5 == 44)> <Delay = 0.00>
ST_2 : Operation 77 [1/1] (0.00ns)   --->   "%store_ln23 = store i8 %gmem1_addr_read, i8 %conv1_ap_fixed_8_5_ap_q_mode_5_ap_o_mode_3_0_ap_fixed_8_5_ap_q_mode_5_ap_o_mode_3_0_ap_fixed_8_5_ap_q_mode_5_ap_o_mode_3_0_ap_fixed_8_5_ap_q_mode_5_ap_o_mode_3_0_local_wei_28" [../src/conv.cpp:23]   --->   Operation 77 'store' 'store_ln23' <Predicate = (i_5 == 43)> <Delay = 0.00>
ST_2 : Operation 78 [1/1] (0.00ns)   --->   "%br_ln23 = br void %arrayidx2.exit" [../src/conv.cpp:23]   --->   Operation 78 'br' 'br_ln23' <Predicate = (i_5 == 43)> <Delay = 0.00>
ST_2 : Operation 79 [1/1] (0.00ns)   --->   "%store_ln23 = store i8 %gmem1_addr_read, i8 %conv1_ap_fixed_8_5_ap_q_mode_5_ap_o_mode_3_0_ap_fixed_8_5_ap_q_mode_5_ap_o_mode_3_0_ap_fixed_8_5_ap_q_mode_5_ap_o_mode_3_0_ap_fixed_8_5_ap_q_mode_5_ap_o_mode_3_0_local_wei_29" [../src/conv.cpp:23]   --->   Operation 79 'store' 'store_ln23' <Predicate = (i_5 == 42)> <Delay = 0.00>
ST_2 : Operation 80 [1/1] (0.00ns)   --->   "%br_ln23 = br void %arrayidx2.exit" [../src/conv.cpp:23]   --->   Operation 80 'br' 'br_ln23' <Predicate = (i_5 == 42)> <Delay = 0.00>
ST_2 : Operation 81 [1/1] (0.00ns)   --->   "%store_ln23 = store i8 %gmem1_addr_read, i8 %conv1_ap_fixed_8_5_ap_q_mode_5_ap_o_mode_3_0_ap_fixed_8_5_ap_q_mode_5_ap_o_mode_3_0_ap_fixed_8_5_ap_q_mode_5_ap_o_mode_3_0_ap_fixed_8_5_ap_q_mode_5_ap_o_mode_3_0_local_wei_30" [../src/conv.cpp:23]   --->   Operation 81 'store' 'store_ln23' <Predicate = (i_5 == 41)> <Delay = 0.00>
ST_2 : Operation 82 [1/1] (0.00ns)   --->   "%br_ln23 = br void %arrayidx2.exit" [../src/conv.cpp:23]   --->   Operation 82 'br' 'br_ln23' <Predicate = (i_5 == 41)> <Delay = 0.00>
ST_2 : Operation 83 [1/1] (0.00ns)   --->   "%store_ln23 = store i8 %gmem1_addr_read, i8 %conv1_ap_fixed_8_5_ap_q_mode_5_ap_o_mode_3_0_ap_fixed_8_5_ap_q_mode_5_ap_o_mode_3_0_ap_fixed_8_5_ap_q_mode_5_ap_o_mode_3_0_ap_fixed_8_5_ap_q_mode_5_ap_o_mode_3_0_local_wei_31" [../src/conv.cpp:23]   --->   Operation 83 'store' 'store_ln23' <Predicate = (i_5 == 40)> <Delay = 0.00>
ST_2 : Operation 84 [1/1] (0.00ns)   --->   "%br_ln23 = br void %arrayidx2.exit" [../src/conv.cpp:23]   --->   Operation 84 'br' 'br_ln23' <Predicate = (i_5 == 40)> <Delay = 0.00>
ST_2 : Operation 85 [1/1] (0.00ns)   --->   "%store_ln23 = store i8 %gmem1_addr_read, i8 %conv1_ap_fixed_8_5_ap_q_mode_5_ap_o_mode_3_0_ap_fixed_8_5_ap_q_mode_5_ap_o_mode_3_0_ap_fixed_8_5_ap_q_mode_5_ap_o_mode_3_0_ap_fixed_8_5_ap_q_mode_5_ap_o_mode_3_0_local_wei_32" [../src/conv.cpp:23]   --->   Operation 85 'store' 'store_ln23' <Predicate = (i_5 == 39)> <Delay = 0.00>
ST_2 : Operation 86 [1/1] (0.00ns)   --->   "%br_ln23 = br void %arrayidx2.exit" [../src/conv.cpp:23]   --->   Operation 86 'br' 'br_ln23' <Predicate = (i_5 == 39)> <Delay = 0.00>
ST_2 : Operation 87 [1/1] (0.00ns)   --->   "%store_ln23 = store i8 %gmem1_addr_read, i8 %conv1_ap_fixed_8_5_ap_q_mode_5_ap_o_mode_3_0_ap_fixed_8_5_ap_q_mode_5_ap_o_mode_3_0_ap_fixed_8_5_ap_q_mode_5_ap_o_mode_3_0_ap_fixed_8_5_ap_q_mode_5_ap_o_mode_3_0_local_wei_33" [../src/conv.cpp:23]   --->   Operation 87 'store' 'store_ln23' <Predicate = (i_5 == 38)> <Delay = 0.00>
ST_2 : Operation 88 [1/1] (0.00ns)   --->   "%br_ln23 = br void %arrayidx2.exit" [../src/conv.cpp:23]   --->   Operation 88 'br' 'br_ln23' <Predicate = (i_5 == 38)> <Delay = 0.00>
ST_2 : Operation 89 [1/1] (0.00ns)   --->   "%store_ln23 = store i8 %gmem1_addr_read, i8 %conv1_ap_fixed_8_5_ap_q_mode_5_ap_o_mode_3_0_ap_fixed_8_5_ap_q_mode_5_ap_o_mode_3_0_ap_fixed_8_5_ap_q_mode_5_ap_o_mode_3_0_ap_fixed_8_5_ap_q_mode_5_ap_o_mode_3_0_local_wei_34" [../src/conv.cpp:23]   --->   Operation 89 'store' 'store_ln23' <Predicate = (i_5 == 37)> <Delay = 0.00>
ST_2 : Operation 90 [1/1] (0.00ns)   --->   "%br_ln23 = br void %arrayidx2.exit" [../src/conv.cpp:23]   --->   Operation 90 'br' 'br_ln23' <Predicate = (i_5 == 37)> <Delay = 0.00>
ST_2 : Operation 91 [1/1] (0.00ns)   --->   "%store_ln23 = store i8 %gmem1_addr_read, i8 %conv1_ap_fixed_8_5_ap_q_mode_5_ap_o_mode_3_0_ap_fixed_8_5_ap_q_mode_5_ap_o_mode_3_0_ap_fixed_8_5_ap_q_mode_5_ap_o_mode_3_0_ap_fixed_8_5_ap_q_mode_5_ap_o_mode_3_0_local_wei_35" [../src/conv.cpp:23]   --->   Operation 91 'store' 'store_ln23' <Predicate = (i_5 == 36)> <Delay = 0.00>
ST_2 : Operation 92 [1/1] (0.00ns)   --->   "%br_ln23 = br void %arrayidx2.exit" [../src/conv.cpp:23]   --->   Operation 92 'br' 'br_ln23' <Predicate = (i_5 == 36)> <Delay = 0.00>
ST_2 : Operation 93 [1/1] (0.00ns)   --->   "%store_ln23 = store i8 %gmem1_addr_read, i8 %conv1_ap_fixed_8_5_ap_q_mode_5_ap_o_mode_3_0_ap_fixed_8_5_ap_q_mode_5_ap_o_mode_3_0_ap_fixed_8_5_ap_q_mode_5_ap_o_mode_3_0_ap_fixed_8_5_ap_q_mode_5_ap_o_mode_3_0_local_wei_36" [../src/conv.cpp:23]   --->   Operation 93 'store' 'store_ln23' <Predicate = (i_5 == 35)> <Delay = 0.00>
ST_2 : Operation 94 [1/1] (0.00ns)   --->   "%br_ln23 = br void %arrayidx2.exit" [../src/conv.cpp:23]   --->   Operation 94 'br' 'br_ln23' <Predicate = (i_5 == 35)> <Delay = 0.00>
ST_2 : Operation 95 [1/1] (0.00ns)   --->   "%store_ln23 = store i8 %gmem1_addr_read, i8 %conv1_ap_fixed_8_5_ap_q_mode_5_ap_o_mode_3_0_ap_fixed_8_5_ap_q_mode_5_ap_o_mode_3_0_ap_fixed_8_5_ap_q_mode_5_ap_o_mode_3_0_ap_fixed_8_5_ap_q_mode_5_ap_o_mode_3_0_local_wei_37" [../src/conv.cpp:23]   --->   Operation 95 'store' 'store_ln23' <Predicate = (i_5 == 34)> <Delay = 0.00>
ST_2 : Operation 96 [1/1] (0.00ns)   --->   "%br_ln23 = br void %arrayidx2.exit" [../src/conv.cpp:23]   --->   Operation 96 'br' 'br_ln23' <Predicate = (i_5 == 34)> <Delay = 0.00>
ST_2 : Operation 97 [1/1] (0.00ns)   --->   "%store_ln23 = store i8 %gmem1_addr_read, i8 %conv1_ap_fixed_8_5_ap_q_mode_5_ap_o_mode_3_0_ap_fixed_8_5_ap_q_mode_5_ap_o_mode_3_0_ap_fixed_8_5_ap_q_mode_5_ap_o_mode_3_0_ap_fixed_8_5_ap_q_mode_5_ap_o_mode_3_0_local_wei_38" [../src/conv.cpp:23]   --->   Operation 97 'store' 'store_ln23' <Predicate = (i_5 == 33)> <Delay = 0.00>
ST_2 : Operation 98 [1/1] (0.00ns)   --->   "%br_ln23 = br void %arrayidx2.exit" [../src/conv.cpp:23]   --->   Operation 98 'br' 'br_ln23' <Predicate = (i_5 == 33)> <Delay = 0.00>
ST_2 : Operation 99 [1/1] (0.00ns)   --->   "%store_ln23 = store i8 %gmem1_addr_read, i8 %conv1_ap_fixed_8_5_ap_q_mode_5_ap_o_mode_3_0_ap_fixed_8_5_ap_q_mode_5_ap_o_mode_3_0_ap_fixed_8_5_ap_q_mode_5_ap_o_mode_3_0_ap_fixed_8_5_ap_q_mode_5_ap_o_mode_3_0_local_wei_39" [../src/conv.cpp:23]   --->   Operation 99 'store' 'store_ln23' <Predicate = (i_5 == 32)> <Delay = 0.00>
ST_2 : Operation 100 [1/1] (0.00ns)   --->   "%br_ln23 = br void %arrayidx2.exit" [../src/conv.cpp:23]   --->   Operation 100 'br' 'br_ln23' <Predicate = (i_5 == 32)> <Delay = 0.00>
ST_2 : Operation 101 [1/1] (0.00ns)   --->   "%store_ln23 = store i8 %gmem1_addr_read, i8 %conv1_ap_fixed_8_5_ap_q_mode_5_ap_o_mode_3_0_ap_fixed_8_5_ap_q_mode_5_ap_o_mode_3_0_ap_fixed_8_5_ap_q_mode_5_ap_o_mode_3_0_ap_fixed_8_5_ap_q_mode_5_ap_o_mode_3_0_local_wei_40" [../src/conv.cpp:23]   --->   Operation 101 'store' 'store_ln23' <Predicate = (i_5 == 31)> <Delay = 0.00>
ST_2 : Operation 102 [1/1] (0.00ns)   --->   "%br_ln23 = br void %arrayidx2.exit" [../src/conv.cpp:23]   --->   Operation 102 'br' 'br_ln23' <Predicate = (i_5 == 31)> <Delay = 0.00>
ST_2 : Operation 103 [1/1] (0.00ns)   --->   "%store_ln23 = store i8 %gmem1_addr_read, i8 %conv1_ap_fixed_8_5_ap_q_mode_5_ap_o_mode_3_0_ap_fixed_8_5_ap_q_mode_5_ap_o_mode_3_0_ap_fixed_8_5_ap_q_mode_5_ap_o_mode_3_0_ap_fixed_8_5_ap_q_mode_5_ap_o_mode_3_0_local_wei_41" [../src/conv.cpp:23]   --->   Operation 103 'store' 'store_ln23' <Predicate = (i_5 == 30)> <Delay = 0.00>
ST_2 : Operation 104 [1/1] (0.00ns)   --->   "%br_ln23 = br void %arrayidx2.exit" [../src/conv.cpp:23]   --->   Operation 104 'br' 'br_ln23' <Predicate = (i_5 == 30)> <Delay = 0.00>
ST_2 : Operation 105 [1/1] (0.00ns)   --->   "%store_ln23 = store i8 %gmem1_addr_read, i8 %conv1_ap_fixed_8_5_ap_q_mode_5_ap_o_mode_3_0_ap_fixed_8_5_ap_q_mode_5_ap_o_mode_3_0_ap_fixed_8_5_ap_q_mode_5_ap_o_mode_3_0_ap_fixed_8_5_ap_q_mode_5_ap_o_mode_3_0_local_wei_42" [../src/conv.cpp:23]   --->   Operation 105 'store' 'store_ln23' <Predicate = (i_5 == 29)> <Delay = 0.00>
ST_2 : Operation 106 [1/1] (0.00ns)   --->   "%br_ln23 = br void %arrayidx2.exit" [../src/conv.cpp:23]   --->   Operation 106 'br' 'br_ln23' <Predicate = (i_5 == 29)> <Delay = 0.00>
ST_2 : Operation 107 [1/1] (0.00ns)   --->   "%store_ln23 = store i8 %gmem1_addr_read, i8 %conv1_ap_fixed_8_5_ap_q_mode_5_ap_o_mode_3_0_ap_fixed_8_5_ap_q_mode_5_ap_o_mode_3_0_ap_fixed_8_5_ap_q_mode_5_ap_o_mode_3_0_ap_fixed_8_5_ap_q_mode_5_ap_o_mode_3_0_local_wei_43" [../src/conv.cpp:23]   --->   Operation 107 'store' 'store_ln23' <Predicate = (i_5 == 28)> <Delay = 0.00>
ST_2 : Operation 108 [1/1] (0.00ns)   --->   "%br_ln23 = br void %arrayidx2.exit" [../src/conv.cpp:23]   --->   Operation 108 'br' 'br_ln23' <Predicate = (i_5 == 28)> <Delay = 0.00>
ST_2 : Operation 109 [1/1] (0.00ns)   --->   "%store_ln23 = store i8 %gmem1_addr_read, i8 %conv1_ap_fixed_8_5_ap_q_mode_5_ap_o_mode_3_0_ap_fixed_8_5_ap_q_mode_5_ap_o_mode_3_0_ap_fixed_8_5_ap_q_mode_5_ap_o_mode_3_0_ap_fixed_8_5_ap_q_mode_5_ap_o_mode_3_0_local_wei_44" [../src/conv.cpp:23]   --->   Operation 109 'store' 'store_ln23' <Predicate = (i_5 == 27)> <Delay = 0.00>
ST_2 : Operation 110 [1/1] (0.00ns)   --->   "%br_ln23 = br void %arrayidx2.exit" [../src/conv.cpp:23]   --->   Operation 110 'br' 'br_ln23' <Predicate = (i_5 == 27)> <Delay = 0.00>
ST_2 : Operation 111 [1/1] (0.00ns)   --->   "%store_ln23 = store i8 %gmem1_addr_read, i8 %conv1_ap_fixed_8_5_ap_q_mode_5_ap_o_mode_3_0_ap_fixed_8_5_ap_q_mode_5_ap_o_mode_3_0_ap_fixed_8_5_ap_q_mode_5_ap_o_mode_3_0_ap_fixed_8_5_ap_q_mode_5_ap_o_mode_3_0_local_wei_45" [../src/conv.cpp:23]   --->   Operation 111 'store' 'store_ln23' <Predicate = (i_5 == 26)> <Delay = 0.00>
ST_2 : Operation 112 [1/1] (0.00ns)   --->   "%br_ln23 = br void %arrayidx2.exit" [../src/conv.cpp:23]   --->   Operation 112 'br' 'br_ln23' <Predicate = (i_5 == 26)> <Delay = 0.00>
ST_2 : Operation 113 [1/1] (0.00ns)   --->   "%store_ln23 = store i8 %gmem1_addr_read, i8 %conv1_ap_fixed_8_5_ap_q_mode_5_ap_o_mode_3_0_ap_fixed_8_5_ap_q_mode_5_ap_o_mode_3_0_ap_fixed_8_5_ap_q_mode_5_ap_o_mode_3_0_ap_fixed_8_5_ap_q_mode_5_ap_o_mode_3_0_local_wei_46" [../src/conv.cpp:23]   --->   Operation 113 'store' 'store_ln23' <Predicate = (i_5 == 25)> <Delay = 0.00>
ST_2 : Operation 114 [1/1] (0.00ns)   --->   "%br_ln23 = br void %arrayidx2.exit" [../src/conv.cpp:23]   --->   Operation 114 'br' 'br_ln23' <Predicate = (i_5 == 25)> <Delay = 0.00>
ST_2 : Operation 115 [1/1] (0.00ns)   --->   "%store_ln23 = store i8 %gmem1_addr_read, i8 %conv1_ap_fixed_8_5_ap_q_mode_5_ap_o_mode_3_0_ap_fixed_8_5_ap_q_mode_5_ap_o_mode_3_0_ap_fixed_8_5_ap_q_mode_5_ap_o_mode_3_0_ap_fixed_8_5_ap_q_mode_5_ap_o_mode_3_0_local_wei_47" [../src/conv.cpp:23]   --->   Operation 115 'store' 'store_ln23' <Predicate = (i_5 == 24)> <Delay = 0.00>
ST_2 : Operation 116 [1/1] (0.00ns)   --->   "%br_ln23 = br void %arrayidx2.exit" [../src/conv.cpp:23]   --->   Operation 116 'br' 'br_ln23' <Predicate = (i_5 == 24)> <Delay = 0.00>
ST_2 : Operation 117 [1/1] (0.00ns)   --->   "%store_ln23 = store i8 %gmem1_addr_read, i8 %conv1_ap_fixed_8_5_ap_q_mode_5_ap_o_mode_3_0_ap_fixed_8_5_ap_q_mode_5_ap_o_mode_3_0_ap_fixed_8_5_ap_q_mode_5_ap_o_mode_3_0_ap_fixed_8_5_ap_q_mode_5_ap_o_mode_3_0_local_wei_48" [../src/conv.cpp:23]   --->   Operation 117 'store' 'store_ln23' <Predicate = (i_5 == 23)> <Delay = 0.00>
ST_2 : Operation 118 [1/1] (0.00ns)   --->   "%br_ln23 = br void %arrayidx2.exit" [../src/conv.cpp:23]   --->   Operation 118 'br' 'br_ln23' <Predicate = (i_5 == 23)> <Delay = 0.00>
ST_2 : Operation 119 [1/1] (0.00ns)   --->   "%store_ln23 = store i8 %gmem1_addr_read, i8 %conv1_ap_fixed_8_5_ap_q_mode_5_ap_o_mode_3_0_ap_fixed_8_5_ap_q_mode_5_ap_o_mode_3_0_ap_fixed_8_5_ap_q_mode_5_ap_o_mode_3_0_ap_fixed_8_5_ap_q_mode_5_ap_o_mode_3_0_local_wei_49" [../src/conv.cpp:23]   --->   Operation 119 'store' 'store_ln23' <Predicate = (i_5 == 22)> <Delay = 0.00>
ST_2 : Operation 120 [1/1] (0.00ns)   --->   "%br_ln23 = br void %arrayidx2.exit" [../src/conv.cpp:23]   --->   Operation 120 'br' 'br_ln23' <Predicate = (i_5 == 22)> <Delay = 0.00>
ST_2 : Operation 121 [1/1] (0.00ns)   --->   "%store_ln23 = store i8 %gmem1_addr_read, i8 %conv1_ap_fixed_8_5_ap_q_mode_5_ap_o_mode_3_0_ap_fixed_8_5_ap_q_mode_5_ap_o_mode_3_0_ap_fixed_8_5_ap_q_mode_5_ap_o_mode_3_0_ap_fixed_8_5_ap_q_mode_5_ap_o_mode_3_0_local_wei_50" [../src/conv.cpp:23]   --->   Operation 121 'store' 'store_ln23' <Predicate = (i_5 == 21)> <Delay = 0.00>
ST_2 : Operation 122 [1/1] (0.00ns)   --->   "%br_ln23 = br void %arrayidx2.exit" [../src/conv.cpp:23]   --->   Operation 122 'br' 'br_ln23' <Predicate = (i_5 == 21)> <Delay = 0.00>
ST_2 : Operation 123 [1/1] (0.00ns)   --->   "%store_ln23 = store i8 %gmem1_addr_read, i8 %conv1_ap_fixed_8_5_ap_q_mode_5_ap_o_mode_3_0_ap_fixed_8_5_ap_q_mode_5_ap_o_mode_3_0_ap_fixed_8_5_ap_q_mode_5_ap_o_mode_3_0_ap_fixed_8_5_ap_q_mode_5_ap_o_mode_3_0_local_wei_51" [../src/conv.cpp:23]   --->   Operation 123 'store' 'store_ln23' <Predicate = (i_5 == 20)> <Delay = 0.00>
ST_2 : Operation 124 [1/1] (0.00ns)   --->   "%br_ln23 = br void %arrayidx2.exit" [../src/conv.cpp:23]   --->   Operation 124 'br' 'br_ln23' <Predicate = (i_5 == 20)> <Delay = 0.00>
ST_2 : Operation 125 [1/1] (0.00ns)   --->   "%store_ln23 = store i8 %gmem1_addr_read, i8 %conv1_ap_fixed_8_5_ap_q_mode_5_ap_o_mode_3_0_ap_fixed_8_5_ap_q_mode_5_ap_o_mode_3_0_ap_fixed_8_5_ap_q_mode_5_ap_o_mode_3_0_ap_fixed_8_5_ap_q_mode_5_ap_o_mode_3_0_local_wei_52" [../src/conv.cpp:23]   --->   Operation 125 'store' 'store_ln23' <Predicate = (i_5 == 19)> <Delay = 0.00>
ST_2 : Operation 126 [1/1] (0.00ns)   --->   "%br_ln23 = br void %arrayidx2.exit" [../src/conv.cpp:23]   --->   Operation 126 'br' 'br_ln23' <Predicate = (i_5 == 19)> <Delay = 0.00>
ST_2 : Operation 127 [1/1] (0.00ns)   --->   "%store_ln23 = store i8 %gmem1_addr_read, i8 %conv1_ap_fixed_8_5_ap_q_mode_5_ap_o_mode_3_0_ap_fixed_8_5_ap_q_mode_5_ap_o_mode_3_0_ap_fixed_8_5_ap_q_mode_5_ap_o_mode_3_0_ap_fixed_8_5_ap_q_mode_5_ap_o_mode_3_0_local_wei_53" [../src/conv.cpp:23]   --->   Operation 127 'store' 'store_ln23' <Predicate = (i_5 == 18)> <Delay = 0.00>
ST_2 : Operation 128 [1/1] (0.00ns)   --->   "%br_ln23 = br void %arrayidx2.exit" [../src/conv.cpp:23]   --->   Operation 128 'br' 'br_ln23' <Predicate = (i_5 == 18)> <Delay = 0.00>
ST_2 : Operation 129 [1/1] (0.00ns)   --->   "%store_ln23 = store i8 %gmem1_addr_read, i8 %conv1_ap_fixed_8_5_ap_q_mode_5_ap_o_mode_3_0_ap_fixed_8_5_ap_q_mode_5_ap_o_mode_3_0_ap_fixed_8_5_ap_q_mode_5_ap_o_mode_3_0_ap_fixed_8_5_ap_q_mode_5_ap_o_mode_3_0_local_wei_54" [../src/conv.cpp:23]   --->   Operation 129 'store' 'store_ln23' <Predicate = (i_5 == 17)> <Delay = 0.00>
ST_2 : Operation 130 [1/1] (0.00ns)   --->   "%br_ln23 = br void %arrayidx2.exit" [../src/conv.cpp:23]   --->   Operation 130 'br' 'br_ln23' <Predicate = (i_5 == 17)> <Delay = 0.00>
ST_2 : Operation 131 [1/1] (0.00ns)   --->   "%store_ln23 = store i8 %gmem1_addr_read, i8 %conv1_ap_fixed_8_5_ap_q_mode_5_ap_o_mode_3_0_ap_fixed_8_5_ap_q_mode_5_ap_o_mode_3_0_ap_fixed_8_5_ap_q_mode_5_ap_o_mode_3_0_ap_fixed_8_5_ap_q_mode_5_ap_o_mode_3_0_local_wei_55" [../src/conv.cpp:23]   --->   Operation 131 'store' 'store_ln23' <Predicate = (i_5 == 16)> <Delay = 0.00>
ST_2 : Operation 132 [1/1] (0.00ns)   --->   "%br_ln23 = br void %arrayidx2.exit" [../src/conv.cpp:23]   --->   Operation 132 'br' 'br_ln23' <Predicate = (i_5 == 16)> <Delay = 0.00>
ST_2 : Operation 133 [1/1] (0.00ns)   --->   "%store_ln23 = store i8 %gmem1_addr_read, i8 %conv1_ap_fixed_8_5_ap_q_mode_5_ap_o_mode_3_0_ap_fixed_8_5_ap_q_mode_5_ap_o_mode_3_0_ap_fixed_8_5_ap_q_mode_5_ap_o_mode_3_0_ap_fixed_8_5_ap_q_mode_5_ap_o_mode_3_0_local_wei_56" [../src/conv.cpp:23]   --->   Operation 133 'store' 'store_ln23' <Predicate = (i_5 == 15)> <Delay = 0.00>
ST_2 : Operation 134 [1/1] (0.00ns)   --->   "%br_ln23 = br void %arrayidx2.exit" [../src/conv.cpp:23]   --->   Operation 134 'br' 'br_ln23' <Predicate = (i_5 == 15)> <Delay = 0.00>
ST_2 : Operation 135 [1/1] (0.00ns)   --->   "%store_ln23 = store i8 %gmem1_addr_read, i8 %conv1_ap_fixed_8_5_ap_q_mode_5_ap_o_mode_3_0_ap_fixed_8_5_ap_q_mode_5_ap_o_mode_3_0_ap_fixed_8_5_ap_q_mode_5_ap_o_mode_3_0_ap_fixed_8_5_ap_q_mode_5_ap_o_mode_3_0_local_wei_57" [../src/conv.cpp:23]   --->   Operation 135 'store' 'store_ln23' <Predicate = (i_5 == 14)> <Delay = 0.00>
ST_2 : Operation 136 [1/1] (0.00ns)   --->   "%br_ln23 = br void %arrayidx2.exit" [../src/conv.cpp:23]   --->   Operation 136 'br' 'br_ln23' <Predicate = (i_5 == 14)> <Delay = 0.00>
ST_2 : Operation 137 [1/1] (0.00ns)   --->   "%store_ln23 = store i8 %gmem1_addr_read, i8 %conv1_ap_fixed_8_5_ap_q_mode_5_ap_o_mode_3_0_ap_fixed_8_5_ap_q_mode_5_ap_o_mode_3_0_ap_fixed_8_5_ap_q_mode_5_ap_o_mode_3_0_ap_fixed_8_5_ap_q_mode_5_ap_o_mode_3_0_local_wei_58" [../src/conv.cpp:23]   --->   Operation 137 'store' 'store_ln23' <Predicate = (i_5 == 13)> <Delay = 0.00>
ST_2 : Operation 138 [1/1] (0.00ns)   --->   "%br_ln23 = br void %arrayidx2.exit" [../src/conv.cpp:23]   --->   Operation 138 'br' 'br_ln23' <Predicate = (i_5 == 13)> <Delay = 0.00>
ST_2 : Operation 139 [1/1] (0.00ns)   --->   "%store_ln23 = store i8 %gmem1_addr_read, i8 %conv1_ap_fixed_8_5_ap_q_mode_5_ap_o_mode_3_0_ap_fixed_8_5_ap_q_mode_5_ap_o_mode_3_0_ap_fixed_8_5_ap_q_mode_5_ap_o_mode_3_0_ap_fixed_8_5_ap_q_mode_5_ap_o_mode_3_0_local_wei_59" [../src/conv.cpp:23]   --->   Operation 139 'store' 'store_ln23' <Predicate = (i_5 == 12)> <Delay = 0.00>
ST_2 : Operation 140 [1/1] (0.00ns)   --->   "%br_ln23 = br void %arrayidx2.exit" [../src/conv.cpp:23]   --->   Operation 140 'br' 'br_ln23' <Predicate = (i_5 == 12)> <Delay = 0.00>
ST_2 : Operation 141 [1/1] (0.00ns)   --->   "%store_ln23 = store i8 %gmem1_addr_read, i8 %conv1_ap_fixed_8_5_ap_q_mode_5_ap_o_mode_3_0_ap_fixed_8_5_ap_q_mode_5_ap_o_mode_3_0_ap_fixed_8_5_ap_q_mode_5_ap_o_mode_3_0_ap_fixed_8_5_ap_q_mode_5_ap_o_mode_3_0_local_wei_60" [../src/conv.cpp:23]   --->   Operation 141 'store' 'store_ln23' <Predicate = (i_5 == 11)> <Delay = 0.00>
ST_2 : Operation 142 [1/1] (0.00ns)   --->   "%br_ln23 = br void %arrayidx2.exit" [../src/conv.cpp:23]   --->   Operation 142 'br' 'br_ln23' <Predicate = (i_5 == 11)> <Delay = 0.00>
ST_2 : Operation 143 [1/1] (0.00ns)   --->   "%store_ln23 = store i8 %gmem1_addr_read, i8 %conv1_ap_fixed_8_5_ap_q_mode_5_ap_o_mode_3_0_ap_fixed_8_5_ap_q_mode_5_ap_o_mode_3_0_ap_fixed_8_5_ap_q_mode_5_ap_o_mode_3_0_ap_fixed_8_5_ap_q_mode_5_ap_o_mode_3_0_local_wei_61" [../src/conv.cpp:23]   --->   Operation 143 'store' 'store_ln23' <Predicate = (i_5 == 10)> <Delay = 0.00>
ST_2 : Operation 144 [1/1] (0.00ns)   --->   "%br_ln23 = br void %arrayidx2.exit" [../src/conv.cpp:23]   --->   Operation 144 'br' 'br_ln23' <Predicate = (i_5 == 10)> <Delay = 0.00>
ST_2 : Operation 145 [1/1] (0.00ns)   --->   "%store_ln23 = store i8 %gmem1_addr_read, i8 %conv1_ap_fixed_ap_fixed_ap_fixed_ap_fixed_8_5_5_3_0_local_weight" [../src/conv.cpp:23]   --->   Operation 145 'store' 'store_ln23' <Predicate = (i_5 == 9)> <Delay = 0.00>
ST_2 : Operation 146 [1/1] (0.00ns)   --->   "%br_ln23 = br void %arrayidx2.exit" [../src/conv.cpp:23]   --->   Operation 146 'br' 'br_ln23' <Predicate = (i_5 == 9)> <Delay = 0.00>
ST_2 : Operation 147 [1/1] (0.00ns)   --->   "%store_ln23 = store i8 %gmem1_addr_read, i8 %conv1_ap_fixed_ap_fixed_ap_fixed_ap_fixed_8_5_5_3_0_local_weight_1" [../src/conv.cpp:23]   --->   Operation 147 'store' 'store_ln23' <Predicate = (i_5 == 8)> <Delay = 0.00>
ST_2 : Operation 148 [1/1] (0.00ns)   --->   "%br_ln23 = br void %arrayidx2.exit" [../src/conv.cpp:23]   --->   Operation 148 'br' 'br_ln23' <Predicate = (i_5 == 8)> <Delay = 0.00>
ST_2 : Operation 149 [1/1] (0.00ns)   --->   "%store_ln23 = store i8 %gmem1_addr_read, i8 %conv1_ap_fixed_ap_fixed_ap_fixed_ap_fixed_8_5_5_3_0_local_weight_2" [../src/conv.cpp:23]   --->   Operation 149 'store' 'store_ln23' <Predicate = (i_5 == 7)> <Delay = 0.00>
ST_2 : Operation 150 [1/1] (0.00ns)   --->   "%br_ln23 = br void %arrayidx2.exit" [../src/conv.cpp:23]   --->   Operation 150 'br' 'br_ln23' <Predicate = (i_5 == 7)> <Delay = 0.00>
ST_2 : Operation 151 [1/1] (0.00ns)   --->   "%store_ln23 = store i8 %gmem1_addr_read, i8 %conv1_ap_fixed_ap_fixed_ap_fixed_ap_fixed_8_5_5_3_0_local_weight_3" [../src/conv.cpp:23]   --->   Operation 151 'store' 'store_ln23' <Predicate = (i_5 == 6)> <Delay = 0.00>
ST_2 : Operation 152 [1/1] (0.00ns)   --->   "%br_ln23 = br void %arrayidx2.exit" [../src/conv.cpp:23]   --->   Operation 152 'br' 'br_ln23' <Predicate = (i_5 == 6)> <Delay = 0.00>
ST_2 : Operation 153 [1/1] (0.00ns)   --->   "%store_ln23 = store i8 %gmem1_addr_read, i8 %conv1_ap_fixed_ap_fixed_ap_fixed_ap_fixed_8_5_5_3_0_local_weight_4" [../src/conv.cpp:23]   --->   Operation 153 'store' 'store_ln23' <Predicate = (i_5 == 5)> <Delay = 0.00>
ST_2 : Operation 154 [1/1] (0.00ns)   --->   "%br_ln23 = br void %arrayidx2.exit" [../src/conv.cpp:23]   --->   Operation 154 'br' 'br_ln23' <Predicate = (i_5 == 5)> <Delay = 0.00>
ST_2 : Operation 155 [1/1] (0.00ns)   --->   "%store_ln23 = store i8 %gmem1_addr_read, i8 %conv1_ap_fixed_ap_fixed_ap_fixed_ap_fixed_8_5_5_3_0_local_weight_5" [../src/conv.cpp:23]   --->   Operation 155 'store' 'store_ln23' <Predicate = (i_5 == 4)> <Delay = 0.00>
ST_2 : Operation 156 [1/1] (0.00ns)   --->   "%br_ln23 = br void %arrayidx2.exit" [../src/conv.cpp:23]   --->   Operation 156 'br' 'br_ln23' <Predicate = (i_5 == 4)> <Delay = 0.00>
ST_2 : Operation 157 [1/1] (0.00ns)   --->   "%store_ln23 = store i8 %gmem1_addr_read, i8 %conv1_ap_fixed_ap_fixed_ap_fixed_ap_fixed_8_5_5_3_0_local_weight_6" [../src/conv.cpp:23]   --->   Operation 157 'store' 'store_ln23' <Predicate = (i_5 == 3)> <Delay = 0.00>
ST_2 : Operation 158 [1/1] (0.00ns)   --->   "%br_ln23 = br void %arrayidx2.exit" [../src/conv.cpp:23]   --->   Operation 158 'br' 'br_ln23' <Predicate = (i_5 == 3)> <Delay = 0.00>
ST_2 : Operation 159 [1/1] (0.00ns)   --->   "%store_ln23 = store i8 %gmem1_addr_read, i8 %conv1_ap_fixed_ap_fixed_ap_fixed_ap_fixed_8_5_5_3_0_local_weight_7" [../src/conv.cpp:23]   --->   Operation 159 'store' 'store_ln23' <Predicate = (i_5 == 2)> <Delay = 0.00>
ST_2 : Operation 160 [1/1] (0.00ns)   --->   "%br_ln23 = br void %arrayidx2.exit" [../src/conv.cpp:23]   --->   Operation 160 'br' 'br_ln23' <Predicate = (i_5 == 2)> <Delay = 0.00>
ST_2 : Operation 161 [1/1] (0.00ns)   --->   "%store_ln23 = store i8 %gmem1_addr_read, i8 %conv1_ap_fixed_ap_fixed_ap_fixed_ap_fixed_8_5_5_3_0_local_weight_8" [../src/conv.cpp:23]   --->   Operation 161 'store' 'store_ln23' <Predicate = (i_5 == 1)> <Delay = 0.00>
ST_2 : Operation 162 [1/1] (0.00ns)   --->   "%br_ln23 = br void %arrayidx2.exit" [../src/conv.cpp:23]   --->   Operation 162 'br' 'br_ln23' <Predicate = (i_5 == 1)> <Delay = 0.00>
ST_2 : Operation 163 [1/1] (0.00ns)   --->   "%store_ln23 = store i8 %gmem1_addr_read, i8 %conv1_ap_fixed_ap_fixed_ap_fixed_ap_fixed_8_5_5_3_0_local_weight_9" [../src/conv.cpp:23]   --->   Operation 163 'store' 'store_ln23' <Predicate = (i_5 == 0)> <Delay = 0.00>
ST_2 : Operation 164 [1/1] (0.00ns)   --->   "%br_ln23 = br void %arrayidx2.exit" [../src/conv.cpp:23]   --->   Operation 164 'br' 'br_ln23' <Predicate = (i_5 == 0)> <Delay = 0.00>
ST_2 : Operation 165 [1/1] (0.00ns)   --->   "%store_ln23 = store i8 %gmem1_addr_read, i8 %p_ZZ5conv1P8ap_fixedILi8ELi5EL9ap_q_mode5EL9ap_o_mode3ELi0EES3_S3_S3_E12local_wei" [../src/conv.cpp:23]   --->   Operation 165 'store' 'store_ln23' <Predicate = (i_5 != 0 & i_5 != 1 & i_5 != 2 & i_5 != 3 & i_5 != 4 & i_5 != 5 & i_5 != 6 & i_5 != 7 & i_5 != 8 & i_5 != 9 & i_5 != 10 & i_5 != 11 & i_5 != 12 & i_5 != 13 & i_5 != 14 & i_5 != 15 & i_5 != 16 & i_5 != 17 & i_5 != 18 & i_5 != 19 & i_5 != 20 & i_5 != 21 & i_5 != 22 & i_5 != 23 & i_5 != 24 & i_5 != 25 & i_5 != 26 & i_5 != 27 & i_5 != 28 & i_5 != 29 & i_5 != 30 & i_5 != 31 & i_5 != 32 & i_5 != 33 & i_5 != 34 & i_5 != 35 & i_5 != 36 & i_5 != 37 & i_5 != 38 & i_5 != 39 & i_5 != 40 & i_5 != 41 & i_5 != 42 & i_5 != 43 & i_5 != 44 & i_5 != 45 & i_5 != 46 & i_5 != 47 & i_5 != 48 & i_5 != 49 & i_5 != 50 & i_5 != 51 & i_5 != 52 & i_5 != 53 & i_5 != 54 & i_5 != 55 & i_5 != 56 & i_5 != 57 & i_5 != 58 & i_5 != 59 & i_5 != 60 & i_5 != 61 & i_5 != 62 & i_5 != 63 & i_5 != 64 & i_5 != 65 & i_5 != 66 & i_5 != 67 & i_5 != 68 & i_5 != 69 & i_5 != 70)> <Delay = 0.00>
ST_2 : Operation 166 [1/1] (0.00ns)   --->   "%br_ln23 = br void %arrayidx2.exit" [../src/conv.cpp:23]   --->   Operation 166 'br' 'br_ln23' <Predicate = (i_5 != 0 & i_5 != 1 & i_5 != 2 & i_5 != 3 & i_5 != 4 & i_5 != 5 & i_5 != 6 & i_5 != 7 & i_5 != 8 & i_5 != 9 & i_5 != 10 & i_5 != 11 & i_5 != 12 & i_5 != 13 & i_5 != 14 & i_5 != 15 & i_5 != 16 & i_5 != 17 & i_5 != 18 & i_5 != 19 & i_5 != 20 & i_5 != 21 & i_5 != 22 & i_5 != 23 & i_5 != 24 & i_5 != 25 & i_5 != 26 & i_5 != 27 & i_5 != 28 & i_5 != 29 & i_5 != 30 & i_5 != 31 & i_5 != 32 & i_5 != 33 & i_5 != 34 & i_5 != 35 & i_5 != 36 & i_5 != 37 & i_5 != 38 & i_5 != 39 & i_5 != 40 & i_5 != 41 & i_5 != 42 & i_5 != 43 & i_5 != 44 & i_5 != 45 & i_5 != 46 & i_5 != 47 & i_5 != 48 & i_5 != 49 & i_5 != 50 & i_5 != 51 & i_5 != 52 & i_5 != 53 & i_5 != 54 & i_5 != 55 & i_5 != 56 & i_5 != 57 & i_5 != 58 & i_5 != 59 & i_5 != 60 & i_5 != 61 & i_5 != 62 & i_5 != 63 & i_5 != 64 & i_5 != 65 & i_5 != 66 & i_5 != 67 & i_5 != 68 & i_5 != 69 & i_5 != 70)> <Delay = 0.00>


============================================================
+ Verbose Summary: Binding
============================================================
STG Binding: 
---------------- STG Properties BEGIN ----------------
- Is combinational: 0
- Is one-state seq: 0
- Is datapath-only: 0
- Is pipelined: 0
- Is top level: 0
Port [ Return ] is wired: 1; IO mode=ap_ctrl_hs:ce=0
Port [ gmem1]:  wired=1; compound=1; hidden=0; nouse=0; global=0; static=0; extern=0; dir=0; type=4; pingpong=0; private_global=0; IO mode=m_axi:ce=0
Port [ weight]:  wired=1; compound=0; hidden=0; nouse=0; global=0; static=0; extern=0; dir=0; type=0; pingpong=0; private_global=0; IO mode=ap_none:ce=0
Port [ conv1_ap_fixed_ap_fixed_ap_fixed_ap_fixed_8_5_5_3_0_local_weight_9]:  wired=1; compound=0; hidden=0; nouse=0; global=1; static=1; extern=0; dir=1; type=0; pingpong=0; private_global=0; IO mode=ap_vld:ce=0
Port [ conv1_ap_fixed_ap_fixed_ap_fixed_ap_fixed_8_5_5_3_0_local_weight_8]:  wired=1; compound=0; hidden=0; nouse=0; global=1; static=1; extern=0; dir=1; type=0; pingpong=0; private_global=0; IO mode=ap_vld:ce=0
Port [ conv1_ap_fixed_ap_fixed_ap_fixed_ap_fixed_8_5_5_3_0_local_weight_7]:  wired=1; compound=0; hidden=0; nouse=0; global=1; static=1; extern=0; dir=1; type=0; pingpong=0; private_global=0; IO mode=ap_vld:ce=0
Port [ conv1_ap_fixed_ap_fixed_ap_fixed_ap_fixed_8_5_5_3_0_local_weight_6]:  wired=1; compound=0; hidden=0; nouse=0; global=1; static=1; extern=0; dir=1; type=0; pingpong=0; private_global=0; IO mode=ap_vld:ce=0
Port [ conv1_ap_fixed_ap_fixed_ap_fixed_ap_fixed_8_5_5_3_0_local_weight_5]:  wired=1; compound=0; hidden=0; nouse=0; global=1; static=1; extern=0; dir=1; type=0; pingpong=0; private_global=0; IO mode=ap_vld:ce=0
Port [ conv1_ap_fixed_ap_fixed_ap_fixed_ap_fixed_8_5_5_3_0_local_weight_4]:  wired=1; compound=0; hidden=0; nouse=0; global=1; static=1; extern=0; dir=1; type=0; pingpong=0; private_global=0; IO mode=ap_vld:ce=0
Port [ conv1_ap_fixed_ap_fixed_ap_fixed_ap_fixed_8_5_5_3_0_local_weight_3]:  wired=1; compound=0; hidden=0; nouse=0; global=1; static=1; extern=0; dir=1; type=0; pingpong=0; private_global=0; IO mode=ap_vld:ce=0
Port [ conv1_ap_fixed_ap_fixed_ap_fixed_ap_fixed_8_5_5_3_0_local_weight_2]:  wired=1; compound=0; hidden=0; nouse=0; global=1; static=1; extern=0; dir=1; type=0; pingpong=0; private_global=0; IO mode=ap_vld:ce=0
Port [ conv1_ap_fixed_ap_fixed_ap_fixed_ap_fixed_8_5_5_3_0_local_weight_1]:  wired=1; compound=0; hidden=0; nouse=0; global=1; static=1; extern=0; dir=1; type=0; pingpong=0; private_global=0; IO mode=ap_vld:ce=0
Port [ conv1_ap_fixed_ap_fixed_ap_fixed_ap_fixed_8_5_5_3_0_local_weight]:  wired=1; compound=0; hidden=0; nouse=0; global=1; static=1; extern=0; dir=1; type=0; pingpong=0; private_global=0; IO mode=ap_vld:ce=0
Port [ conv1_ap_fixed_8_5_ap_q_mode_5_ap_o_mode_3_0_ap_fixed_8_5_ap_q_mode_5_ap_o_mode_3_0_ap_fixed_8_5_ap_q_mode_5_ap_o_mode_3_0_ap_fixed_8_5_ap_q_mode_5_ap_o_mode_3_0_local_wei_61]:  wired=1; compound=0; hidden=0; nouse=0; global=1; static=1; extern=0; dir=1; type=0; pingpong=0; private_global=0; IO mode=ap_vld:ce=0
Port [ conv1_ap_fixed_8_5_ap_q_mode_5_ap_o_mode_3_0_ap_fixed_8_5_ap_q_mode_5_ap_o_mode_3_0_ap_fixed_8_5_ap_q_mode_5_ap_o_mode_3_0_ap_fixed_8_5_ap_q_mode_5_ap_o_mode_3_0_local_wei_60]:  wired=1; compound=0; hidden=0; nouse=0; global=1; static=1; extern=0; dir=1; type=0; pingpong=0; private_global=0; IO mode=ap_vld:ce=0
Port [ conv1_ap_fixed_8_5_ap_q_mode_5_ap_o_mode_3_0_ap_fixed_8_5_ap_q_mode_5_ap_o_mode_3_0_ap_fixed_8_5_ap_q_mode_5_ap_o_mode_3_0_ap_fixed_8_5_ap_q_mode_5_ap_o_mode_3_0_local_wei_59]:  wired=1; compound=0; hidden=0; nouse=0; global=1; static=1; extern=0; dir=1; type=0; pingpong=0; private_global=0; IO mode=ap_vld:ce=0
Port [ conv1_ap_fixed_8_5_ap_q_mode_5_ap_o_mode_3_0_ap_fixed_8_5_ap_q_mode_5_ap_o_mode_3_0_ap_fixed_8_5_ap_q_mode_5_ap_o_mode_3_0_ap_fixed_8_5_ap_q_mode_5_ap_o_mode_3_0_local_wei_58]:  wired=1; compound=0; hidden=0; nouse=0; global=1; static=1; extern=0; dir=1; type=0; pingpong=0; private_global=0; IO mode=ap_vld:ce=0
Port [ conv1_ap_fixed_8_5_ap_q_mode_5_ap_o_mode_3_0_ap_fixed_8_5_ap_q_mode_5_ap_o_mode_3_0_ap_fixed_8_5_ap_q_mode_5_ap_o_mode_3_0_ap_fixed_8_5_ap_q_mode_5_ap_o_mode_3_0_local_wei_57]:  wired=1; compound=0; hidden=0; nouse=0; global=1; static=1; extern=0; dir=1; type=0; pingpong=0; private_global=0; IO mode=ap_vld:ce=0
Port [ conv1_ap_fixed_8_5_ap_q_mode_5_ap_o_mode_3_0_ap_fixed_8_5_ap_q_mode_5_ap_o_mode_3_0_ap_fixed_8_5_ap_q_mode_5_ap_o_mode_3_0_ap_fixed_8_5_ap_q_mode_5_ap_o_mode_3_0_local_wei_56]:  wired=1; compound=0; hidden=0; nouse=0; global=1; static=1; extern=0; dir=1; type=0; pingpong=0; private_global=0; IO mode=ap_vld:ce=0
Port [ conv1_ap_fixed_8_5_ap_q_mode_5_ap_o_mode_3_0_ap_fixed_8_5_ap_q_mode_5_ap_o_mode_3_0_ap_fixed_8_5_ap_q_mode_5_ap_o_mode_3_0_ap_fixed_8_5_ap_q_mode_5_ap_o_mode_3_0_local_wei_55]:  wired=1; compound=0; hidden=0; nouse=0; global=1; static=1; extern=0; dir=1; type=0; pingpong=0; private_global=0; IO mode=ap_vld:ce=0
Port [ conv1_ap_fixed_8_5_ap_q_mode_5_ap_o_mode_3_0_ap_fixed_8_5_ap_q_mode_5_ap_o_mode_3_0_ap_fixed_8_5_ap_q_mode_5_ap_o_mode_3_0_ap_fixed_8_5_ap_q_mode_5_ap_o_mode_3_0_local_wei_54]:  wired=1; compound=0; hidden=0; nouse=0; global=1; static=1; extern=0; dir=1; type=0; pingpong=0; private_global=0; IO mode=ap_vld:ce=0
Port [ conv1_ap_fixed_8_5_ap_q_mode_5_ap_o_mode_3_0_ap_fixed_8_5_ap_q_mode_5_ap_o_mode_3_0_ap_fixed_8_5_ap_q_mode_5_ap_o_mode_3_0_ap_fixed_8_5_ap_q_mode_5_ap_o_mode_3_0_local_wei_53]:  wired=1; compound=0; hidden=0; nouse=0; global=1; static=1; extern=0; dir=1; type=0; pingpong=0; private_global=0; IO mode=ap_vld:ce=0
Port [ conv1_ap_fixed_8_5_ap_q_mode_5_ap_o_mode_3_0_ap_fixed_8_5_ap_q_mode_5_ap_o_mode_3_0_ap_fixed_8_5_ap_q_mode_5_ap_o_mode_3_0_ap_fixed_8_5_ap_q_mode_5_ap_o_mode_3_0_local_wei_52]:  wired=1; compound=0; hidden=0; nouse=0; global=1; static=1; extern=0; dir=1; type=0; pingpong=0; private_global=0; IO mode=ap_vld:ce=0
Port [ conv1_ap_fixed_8_5_ap_q_mode_5_ap_o_mode_3_0_ap_fixed_8_5_ap_q_mode_5_ap_o_mode_3_0_ap_fixed_8_5_ap_q_mode_5_ap_o_mode_3_0_ap_fixed_8_5_ap_q_mode_5_ap_o_mode_3_0_local_wei_51]:  wired=1; compound=0; hidden=0; nouse=0; global=1; static=1; extern=0; dir=1; type=0; pingpong=0; private_global=0; IO mode=ap_vld:ce=0
Port [ conv1_ap_fixed_8_5_ap_q_mode_5_ap_o_mode_3_0_ap_fixed_8_5_ap_q_mode_5_ap_o_mode_3_0_ap_fixed_8_5_ap_q_mode_5_ap_o_mode_3_0_ap_fixed_8_5_ap_q_mode_5_ap_o_mode_3_0_local_wei_50]:  wired=1; compound=0; hidden=0; nouse=0; global=1; static=1; extern=0; dir=1; type=0; pingpong=0; private_global=0; IO mode=ap_vld:ce=0
Port [ conv1_ap_fixed_8_5_ap_q_mode_5_ap_o_mode_3_0_ap_fixed_8_5_ap_q_mode_5_ap_o_mode_3_0_ap_fixed_8_5_ap_q_mode_5_ap_o_mode_3_0_ap_fixed_8_5_ap_q_mode_5_ap_o_mode_3_0_local_wei_49]:  wired=1; compound=0; hidden=0; nouse=0; global=1; static=1; extern=0; dir=1; type=0; pingpong=0; private_global=0; IO mode=ap_vld:ce=0
Port [ conv1_ap_fixed_8_5_ap_q_mode_5_ap_o_mode_3_0_ap_fixed_8_5_ap_q_mode_5_ap_o_mode_3_0_ap_fixed_8_5_ap_q_mode_5_ap_o_mode_3_0_ap_fixed_8_5_ap_q_mode_5_ap_o_mode_3_0_local_wei_48]:  wired=1; compound=0; hidden=0; nouse=0; global=1; static=1; extern=0; dir=1; type=0; pingpong=0; private_global=0; IO mode=ap_vld:ce=0
Port [ conv1_ap_fixed_8_5_ap_q_mode_5_ap_o_mode_3_0_ap_fixed_8_5_ap_q_mode_5_ap_o_mode_3_0_ap_fixed_8_5_ap_q_mode_5_ap_o_mode_3_0_ap_fixed_8_5_ap_q_mode_5_ap_o_mode_3_0_local_wei_47]:  wired=1; compound=0; hidden=0; nouse=0; global=1; static=1; extern=0; dir=1; type=0; pingpong=0; private_global=0; IO mode=ap_vld:ce=0
Port [ conv1_ap_fixed_8_5_ap_q_mode_5_ap_o_mode_3_0_ap_fixed_8_5_ap_q_mode_5_ap_o_mode_3_0_ap_fixed_8_5_ap_q_mode_5_ap_o_mode_3_0_ap_fixed_8_5_ap_q_mode_5_ap_o_mode_3_0_local_wei_46]:  wired=1; compound=0; hidden=0; nouse=0; global=1; static=1; extern=0; dir=1; type=0; pingpong=0; private_global=0; IO mode=ap_vld:ce=0
Port [ conv1_ap_fixed_8_5_ap_q_mode_5_ap_o_mode_3_0_ap_fixed_8_5_ap_q_mode_5_ap_o_mode_3_0_ap_fixed_8_5_ap_q_mode_5_ap_o_mode_3_0_ap_fixed_8_5_ap_q_mode_5_ap_o_mode_3_0_local_wei_45]:  wired=1; compound=0; hidden=0; nouse=0; global=1; static=1; extern=0; dir=1; type=0; pingpong=0; private_global=0; IO mode=ap_vld:ce=0
Port [ conv1_ap_fixed_8_5_ap_q_mode_5_ap_o_mode_3_0_ap_fixed_8_5_ap_q_mode_5_ap_o_mode_3_0_ap_fixed_8_5_ap_q_mode_5_ap_o_mode_3_0_ap_fixed_8_5_ap_q_mode_5_ap_o_mode_3_0_local_wei_44]:  wired=1; compound=0; hidden=0; nouse=0; global=1; static=1; extern=0; dir=1; type=0; pingpong=0; private_global=0; IO mode=ap_vld:ce=0
Port [ conv1_ap_fixed_8_5_ap_q_mode_5_ap_o_mode_3_0_ap_fixed_8_5_ap_q_mode_5_ap_o_mode_3_0_ap_fixed_8_5_ap_q_mode_5_ap_o_mode_3_0_ap_fixed_8_5_ap_q_mode_5_ap_o_mode_3_0_local_wei_43]:  wired=1; compound=0; hidden=0; nouse=0; global=1; static=1; extern=0; dir=1; type=0; pingpong=0; private_global=0; IO mode=ap_vld:ce=0
Port [ conv1_ap_fixed_8_5_ap_q_mode_5_ap_o_mode_3_0_ap_fixed_8_5_ap_q_mode_5_ap_o_mode_3_0_ap_fixed_8_5_ap_q_mode_5_ap_o_mode_3_0_ap_fixed_8_5_ap_q_mode_5_ap_o_mode_3_0_local_wei_42]:  wired=1; compound=0; hidden=0; nouse=0; global=1; static=1; extern=0; dir=1; type=0; pingpong=0; private_global=0; IO mode=ap_vld:ce=0
Port [ conv1_ap_fixed_8_5_ap_q_mode_5_ap_o_mode_3_0_ap_fixed_8_5_ap_q_mode_5_ap_o_mode_3_0_ap_fixed_8_5_ap_q_mode_5_ap_o_mode_3_0_ap_fixed_8_5_ap_q_mode_5_ap_o_mode_3_0_local_wei_41]:  wired=1; compound=0; hidden=0; nouse=0; global=1; static=1; extern=0; dir=1; type=0; pingpong=0; private_global=0; IO mode=ap_vld:ce=0
Port [ conv1_ap_fixed_8_5_ap_q_mode_5_ap_o_mode_3_0_ap_fixed_8_5_ap_q_mode_5_ap_o_mode_3_0_ap_fixed_8_5_ap_q_mode_5_ap_o_mode_3_0_ap_fixed_8_5_ap_q_mode_5_ap_o_mode_3_0_local_wei_40]:  wired=1; compound=0; hidden=0; nouse=0; global=1; static=1; extern=0; dir=1; type=0; pingpong=0; private_global=0; IO mode=ap_vld:ce=0
Port [ conv1_ap_fixed_8_5_ap_q_mode_5_ap_o_mode_3_0_ap_fixed_8_5_ap_q_mode_5_ap_o_mode_3_0_ap_fixed_8_5_ap_q_mode_5_ap_o_mode_3_0_ap_fixed_8_5_ap_q_mode_5_ap_o_mode_3_0_local_wei_39]:  wired=1; compound=0; hidden=0; nouse=0; global=1; static=1; extern=0; dir=1; type=0; pingpong=0; private_global=0; IO mode=ap_vld:ce=0
Port [ conv1_ap_fixed_8_5_ap_q_mode_5_ap_o_mode_3_0_ap_fixed_8_5_ap_q_mode_5_ap_o_mode_3_0_ap_fixed_8_5_ap_q_mode_5_ap_o_mode_3_0_ap_fixed_8_5_ap_q_mode_5_ap_o_mode_3_0_local_wei_38]:  wired=1; compound=0; hidden=0; nouse=0; global=1; static=1; extern=0; dir=1; type=0; pingpong=0; private_global=0; IO mode=ap_vld:ce=0
Port [ conv1_ap_fixed_8_5_ap_q_mode_5_ap_o_mode_3_0_ap_fixed_8_5_ap_q_mode_5_ap_o_mode_3_0_ap_fixed_8_5_ap_q_mode_5_ap_o_mode_3_0_ap_fixed_8_5_ap_q_mode_5_ap_o_mode_3_0_local_wei_37]:  wired=1; compound=0; hidden=0; nouse=0; global=1; static=1; extern=0; dir=1; type=0; pingpong=0; private_global=0; IO mode=ap_vld:ce=0
Port [ conv1_ap_fixed_8_5_ap_q_mode_5_ap_o_mode_3_0_ap_fixed_8_5_ap_q_mode_5_ap_o_mode_3_0_ap_fixed_8_5_ap_q_mode_5_ap_o_mode_3_0_ap_fixed_8_5_ap_q_mode_5_ap_o_mode_3_0_local_wei_36]:  wired=1; compound=0; hidden=0; nouse=0; global=1; static=1; extern=0; dir=1; type=0; pingpong=0; private_global=0; IO mode=ap_vld:ce=0
Port [ conv1_ap_fixed_8_5_ap_q_mode_5_ap_o_mode_3_0_ap_fixed_8_5_ap_q_mode_5_ap_o_mode_3_0_ap_fixed_8_5_ap_q_mode_5_ap_o_mode_3_0_ap_fixed_8_5_ap_q_mode_5_ap_o_mode_3_0_local_wei_35]:  wired=1; compound=0; hidden=0; nouse=0; global=1; static=1; extern=0; dir=1; type=0; pingpong=0; private_global=0; IO mode=ap_vld:ce=0
Port [ conv1_ap_fixed_8_5_ap_q_mode_5_ap_o_mode_3_0_ap_fixed_8_5_ap_q_mode_5_ap_o_mode_3_0_ap_fixed_8_5_ap_q_mode_5_ap_o_mode_3_0_ap_fixed_8_5_ap_q_mode_5_ap_o_mode_3_0_local_wei_34]:  wired=1; compound=0; hidden=0; nouse=0; global=1; static=1; extern=0; dir=1; type=0; pingpong=0; private_global=0; IO mode=ap_vld:ce=0
Port [ conv1_ap_fixed_8_5_ap_q_mode_5_ap_o_mode_3_0_ap_fixed_8_5_ap_q_mode_5_ap_o_mode_3_0_ap_fixed_8_5_ap_q_mode_5_ap_o_mode_3_0_ap_fixed_8_5_ap_q_mode_5_ap_o_mode_3_0_local_wei_33]:  wired=1; compound=0; hidden=0; nouse=0; global=1; static=1; extern=0; dir=1; type=0; pingpong=0; private_global=0; IO mode=ap_vld:ce=0
Port [ conv1_ap_fixed_8_5_ap_q_mode_5_ap_o_mode_3_0_ap_fixed_8_5_ap_q_mode_5_ap_o_mode_3_0_ap_fixed_8_5_ap_q_mode_5_ap_o_mode_3_0_ap_fixed_8_5_ap_q_mode_5_ap_o_mode_3_0_local_wei_32]:  wired=1; compound=0; hidden=0; nouse=0; global=1; static=1; extern=0; dir=1; type=0; pingpong=0; private_global=0; IO mode=ap_vld:ce=0
Port [ conv1_ap_fixed_8_5_ap_q_mode_5_ap_o_mode_3_0_ap_fixed_8_5_ap_q_mode_5_ap_o_mode_3_0_ap_fixed_8_5_ap_q_mode_5_ap_o_mode_3_0_ap_fixed_8_5_ap_q_mode_5_ap_o_mode_3_0_local_wei_31]:  wired=1; compound=0; hidden=0; nouse=0; global=1; static=1; extern=0; dir=1; type=0; pingpong=0; private_global=0; IO mode=ap_vld:ce=0
Port [ conv1_ap_fixed_8_5_ap_q_mode_5_ap_o_mode_3_0_ap_fixed_8_5_ap_q_mode_5_ap_o_mode_3_0_ap_fixed_8_5_ap_q_mode_5_ap_o_mode_3_0_ap_fixed_8_5_ap_q_mode_5_ap_o_mode_3_0_local_wei_30]:  wired=1; compound=0; hidden=0; nouse=0; global=1; static=1; extern=0; dir=1; type=0; pingpong=0; private_global=0; IO mode=ap_vld:ce=0
Port [ conv1_ap_fixed_8_5_ap_q_mode_5_ap_o_mode_3_0_ap_fixed_8_5_ap_q_mode_5_ap_o_mode_3_0_ap_fixed_8_5_ap_q_mode_5_ap_o_mode_3_0_ap_fixed_8_5_ap_q_mode_5_ap_o_mode_3_0_local_wei_29]:  wired=1; compound=0; hidden=0; nouse=0; global=1; static=1; extern=0; dir=1; type=0; pingpong=0; private_global=0; IO mode=ap_vld:ce=0
Port [ conv1_ap_fixed_8_5_ap_q_mode_5_ap_o_mode_3_0_ap_fixed_8_5_ap_q_mode_5_ap_o_mode_3_0_ap_fixed_8_5_ap_q_mode_5_ap_o_mode_3_0_ap_fixed_8_5_ap_q_mode_5_ap_o_mode_3_0_local_wei_28]:  wired=1; compound=0; hidden=0; nouse=0; global=1; static=1; extern=0; dir=1; type=0; pingpong=0; private_global=0; IO mode=ap_vld:ce=0
Port [ conv1_ap_fixed_8_5_ap_q_mode_5_ap_o_mode_3_0_ap_fixed_8_5_ap_q_mode_5_ap_o_mode_3_0_ap_fixed_8_5_ap_q_mode_5_ap_o_mode_3_0_ap_fixed_8_5_ap_q_mode_5_ap_o_mode_3_0_local_wei_27]:  wired=1; compound=0; hidden=0; nouse=0; global=1; static=1; extern=0; dir=1; type=0; pingpong=0; private_global=0; IO mode=ap_vld:ce=0
Port [ conv1_ap_fixed_8_5_ap_q_mode_5_ap_o_mode_3_0_ap_fixed_8_5_ap_q_mode_5_ap_o_mode_3_0_ap_fixed_8_5_ap_q_mode_5_ap_o_mode_3_0_ap_fixed_8_5_ap_q_mode_5_ap_o_mode_3_0_local_wei_26]:  wired=1; compound=0; hidden=0; nouse=0; global=1; static=1; extern=0; dir=1; type=0; pingpong=0; private_global=0; IO mode=ap_vld:ce=0
Port [ conv1_ap_fixed_8_5_ap_q_mode_5_ap_o_mode_3_0_ap_fixed_8_5_ap_q_mode_5_ap_o_mode_3_0_ap_fixed_8_5_ap_q_mode_5_ap_o_mode_3_0_ap_fixed_8_5_ap_q_mode_5_ap_o_mode_3_0_local_wei_25]:  wired=1; compound=0; hidden=0; nouse=0; global=1; static=1; extern=0; dir=1; type=0; pingpong=0; private_global=0; IO mode=ap_vld:ce=0
Port [ conv1_ap_fixed_8_5_ap_q_mode_5_ap_o_mode_3_0_ap_fixed_8_5_ap_q_mode_5_ap_o_mode_3_0_ap_fixed_8_5_ap_q_mode_5_ap_o_mode_3_0_ap_fixed_8_5_ap_q_mode_5_ap_o_mode_3_0_local_wei_24]:  wired=1; compound=0; hidden=0; nouse=0; global=1; static=1; extern=0; dir=1; type=0; pingpong=0; private_global=0; IO mode=ap_vld:ce=0
Port [ conv1_ap_fixed_8_5_ap_q_mode_5_ap_o_mode_3_0_ap_fixed_8_5_ap_q_mode_5_ap_o_mode_3_0_ap_fixed_8_5_ap_q_mode_5_ap_o_mode_3_0_ap_fixed_8_5_ap_q_mode_5_ap_o_mode_3_0_local_wei_23]:  wired=1; compound=0; hidden=0; nouse=0; global=1; static=1; extern=0; dir=1; type=0; pingpong=0; private_global=0; IO mode=ap_vld:ce=0
Port [ conv1_ap_fixed_8_5_ap_q_mode_5_ap_o_mode_3_0_ap_fixed_8_5_ap_q_mode_5_ap_o_mode_3_0_ap_fixed_8_5_ap_q_mode_5_ap_o_mode_3_0_ap_fixed_8_5_ap_q_mode_5_ap_o_mode_3_0_local_wei_22]:  wired=1; compound=0; hidden=0; nouse=0; global=1; static=1; extern=0; dir=1; type=0; pingpong=0; private_global=0; IO mode=ap_vld:ce=0
Port [ conv1_ap_fixed_8_5_ap_q_mode_5_ap_o_mode_3_0_ap_fixed_8_5_ap_q_mode_5_ap_o_mode_3_0_ap_fixed_8_5_ap_q_mode_5_ap_o_mode_3_0_ap_fixed_8_5_ap_q_mode_5_ap_o_mode_3_0_local_wei_21]:  wired=1; compound=0; hidden=0; nouse=0; global=1; static=1; extern=0; dir=1; type=0; pingpong=0; private_global=0; IO mode=ap_vld:ce=0
Port [ conv1_ap_fixed_8_5_ap_q_mode_5_ap_o_mode_3_0_ap_fixed_8_5_ap_q_mode_5_ap_o_mode_3_0_ap_fixed_8_5_ap_q_mode_5_ap_o_mode_3_0_ap_fixed_8_5_ap_q_mode_5_ap_o_mode_3_0_local_wei_20]:  wired=1; compound=0; hidden=0; nouse=0; global=1; static=1; extern=0; dir=1; type=0; pingpong=0; private_global=0; IO mode=ap_vld:ce=0
Port [ conv1_ap_fixed_8_5_ap_q_mode_5_ap_o_mode_3_0_ap_fixed_8_5_ap_q_mode_5_ap_o_mode_3_0_ap_fixed_8_5_ap_q_mode_5_ap_o_mode_3_0_ap_fixed_8_5_ap_q_mode_5_ap_o_mode_3_0_local_wei_19]:  wired=1; compound=0; hidden=0; nouse=0; global=1; static=1; extern=0; dir=1; type=0; pingpong=0; private_global=0; IO mode=ap_vld:ce=0
Port [ conv1_ap_fixed_8_5_ap_q_mode_5_ap_o_mode_3_0_ap_fixed_8_5_ap_q_mode_5_ap_o_mode_3_0_ap_fixed_8_5_ap_q_mode_5_ap_o_mode_3_0_ap_fixed_8_5_ap_q_mode_5_ap_o_mode_3_0_local_wei_18]:  wired=1; compound=0; hidden=0; nouse=0; global=1; static=1; extern=0; dir=1; type=0; pingpong=0; private_global=0; IO mode=ap_vld:ce=0
Port [ conv1_ap_fixed_8_5_ap_q_mode_5_ap_o_mode_3_0_ap_fixed_8_5_ap_q_mode_5_ap_o_mode_3_0_ap_fixed_8_5_ap_q_mode_5_ap_o_mode_3_0_ap_fixed_8_5_ap_q_mode_5_ap_o_mode_3_0_local_wei_17]:  wired=1; compound=0; hidden=0; nouse=0; global=1; static=1; extern=0; dir=1; type=0; pingpong=0; private_global=0; IO mode=ap_vld:ce=0
Port [ conv1_ap_fixed_8_5_ap_q_mode_5_ap_o_mode_3_0_ap_fixed_8_5_ap_q_mode_5_ap_o_mode_3_0_ap_fixed_8_5_ap_q_mode_5_ap_o_mode_3_0_ap_fixed_8_5_ap_q_mode_5_ap_o_mode_3_0_local_wei_16]:  wired=1; compound=0; hidden=0; nouse=0; global=1; static=1; extern=0; dir=1; type=0; pingpong=0; private_global=0; IO mode=ap_vld:ce=0
Port [ conv1_ap_fixed_8_5_ap_q_mode_5_ap_o_mode_3_0_ap_fixed_8_5_ap_q_mode_5_ap_o_mode_3_0_ap_fixed_8_5_ap_q_mode_5_ap_o_mode_3_0_ap_fixed_8_5_ap_q_mode_5_ap_o_mode_3_0_local_wei_15]:  wired=1; compound=0; hidden=0; nouse=0; global=1; static=1; extern=0; dir=1; type=0; pingpong=0; private_global=0; IO mode=ap_vld:ce=0
Port [ conv1_ap_fixed_8_5_ap_q_mode_5_ap_o_mode_3_0_ap_fixed_8_5_ap_q_mode_5_ap_o_mode_3_0_ap_fixed_8_5_ap_q_mode_5_ap_o_mode_3_0_ap_fixed_8_5_ap_q_mode_5_ap_o_mode_3_0_local_wei_14]:  wired=1; compound=0; hidden=0; nouse=0; global=1; static=1; extern=0; dir=1; type=0; pingpong=0; private_global=0; IO mode=ap_vld:ce=0
Port [ conv1_ap_fixed_8_5_ap_q_mode_5_ap_o_mode_3_0_ap_fixed_8_5_ap_q_mode_5_ap_o_mode_3_0_ap_fixed_8_5_ap_q_mode_5_ap_o_mode_3_0_ap_fixed_8_5_ap_q_mode_5_ap_o_mode_3_0_local_wei_13]:  wired=1; compound=0; hidden=0; nouse=0; global=1; static=1; extern=0; dir=1; type=0; pingpong=0; private_global=0; IO mode=ap_vld:ce=0
Port [ conv1_ap_fixed_8_5_ap_q_mode_5_ap_o_mode_3_0_ap_fixed_8_5_ap_q_mode_5_ap_o_mode_3_0_ap_fixed_8_5_ap_q_mode_5_ap_o_mode_3_0_ap_fixed_8_5_ap_q_mode_5_ap_o_mode_3_0_local_wei_12]:  wired=1; compound=0; hidden=0; nouse=0; global=1; static=1; extern=0; dir=1; type=0; pingpong=0; private_global=0; IO mode=ap_vld:ce=0
Port [ conv1_ap_fixed_8_5_ap_q_mode_5_ap_o_mode_3_0_ap_fixed_8_5_ap_q_mode_5_ap_o_mode_3_0_ap_fixed_8_5_ap_q_mode_5_ap_o_mode_3_0_ap_fixed_8_5_ap_q_mode_5_ap_o_mode_3_0_local_wei_11]:  wired=1; compound=0; hidden=0; nouse=0; global=1; static=1; extern=0; dir=1; type=0; pingpong=0; private_global=0; IO mode=ap_vld:ce=0
Port [ conv1_ap_fixed_8_5_ap_q_mode_5_ap_o_mode_3_0_ap_fixed_8_5_ap_q_mode_5_ap_o_mode_3_0_ap_fixed_8_5_ap_q_mode_5_ap_o_mode_3_0_ap_fixed_8_5_ap_q_mode_5_ap_o_mode_3_0_local_wei_10]:  wired=1; compound=0; hidden=0; nouse=0; global=1; static=1; extern=0; dir=1; type=0; pingpong=0; private_global=0; IO mode=ap_vld:ce=0
Port [ p_ZZ5conv1P8ap_fixedILi8ELi5EL9ap_q_mode5EL9ap_o_mode3ELi0EES3_S3_S3_E12local_wei_9]:  wired=1; compound=0; hidden=0; nouse=0; global=1; static=1; extern=0; dir=1; type=0; pingpong=0; private_global=0; IO mode=ap_vld:ce=0
Port [ p_ZZ5conv1P8ap_fixedILi8ELi5EL9ap_q_mode5EL9ap_o_mode3ELi0EES3_S3_S3_E12local_wei_8]:  wired=1; compound=0; hidden=0; nouse=0; global=1; static=1; extern=0; dir=1; type=0; pingpong=0; private_global=0; IO mode=ap_vld:ce=0
Port [ p_ZZ5conv1P8ap_fixedILi8ELi5EL9ap_q_mode5EL9ap_o_mode3ELi0EES3_S3_S3_E12local_wei_7]:  wired=1; compound=0; hidden=0; nouse=0; global=1; static=1; extern=0; dir=1; type=0; pingpong=0; private_global=0; IO mode=ap_vld:ce=0
Port [ p_ZZ5conv1P8ap_fixedILi8ELi5EL9ap_q_mode5EL9ap_o_mode3ELi0EES3_S3_S3_E12local_wei_6]:  wired=1; compound=0; hidden=0; nouse=0; global=1; static=1; extern=0; dir=1; type=0; pingpong=0; private_global=0; IO mode=ap_vld:ce=0
Port [ p_ZZ5conv1P8ap_fixedILi8ELi5EL9ap_q_mode5EL9ap_o_mode3ELi0EES3_S3_S3_E12local_wei_5]:  wired=1; compound=0; hidden=0; nouse=0; global=1; static=1; extern=0; dir=1; type=0; pingpong=0; private_global=0; IO mode=ap_vld:ce=0
Port [ p_ZZ5conv1P8ap_fixedILi8ELi5EL9ap_q_mode5EL9ap_o_mode3ELi0EES3_S3_S3_E12local_wei_4]:  wired=1; compound=0; hidden=0; nouse=0; global=1; static=1; extern=0; dir=1; type=0; pingpong=0; private_global=0; IO mode=ap_vld:ce=0
Port [ p_ZZ5conv1P8ap_fixedILi8ELi5EL9ap_q_mode5EL9ap_o_mode3ELi0EES3_S3_S3_E12local_wei_3]:  wired=1; compound=0; hidden=0; nouse=0; global=1; static=1; extern=0; dir=1; type=0; pingpong=0; private_global=0; IO mode=ap_vld:ce=0
Port [ p_ZZ5conv1P8ap_fixedILi8ELi5EL9ap_q_mode5EL9ap_o_mode3ELi0EES3_S3_S3_E12local_wei_2]:  wired=1; compound=0; hidden=0; nouse=0; global=1; static=1; extern=0; dir=1; type=0; pingpong=0; private_global=0; IO mode=ap_vld:ce=0
Port [ p_ZZ5conv1P8ap_fixedILi8ELi5EL9ap_q_mode5EL9ap_o_mode3ELi0EES3_S3_S3_E12local_wei_1]:  wired=1; compound=0; hidden=0; nouse=0; global=1; static=1; extern=0; dir=1; type=0; pingpong=0; private_global=0; IO mode=ap_vld:ce=0
Port [ p_ZZ5conv1P8ap_fixedILi8ELi5EL9ap_q_mode5EL9ap_o_mode3ELi0EES3_S3_S3_E12local_wei]:  wired=1; compound=0; hidden=0; nouse=0; global=1; static=1; extern=0; dir=1; type=0; pingpong=0; private_global=0; IO mode=ap_vld:ce=0
---------------- STG Properties END ------------------

---------------- Datapath Model BEGIN ----------------

<LifeTime>
<method=bitvector/>
i                      (alloca           ) [ 010]
specstablecontent_ln0  (specstablecontent) [ 000]
specinterface_ln0      (specinterface    ) [ 000]
weight_read            (read             ) [ 000]
store_ln21             (store            ) [ 000]
br_ln0                 (br               ) [ 000]
i_5                    (load             ) [ 011]
icmp_ln21              (icmp             ) [ 010]
add_ln21               (add              ) [ 000]
br_ln21                (br               ) [ 000]
gmem1_addr             (getelementptr    ) [ 011]
switch_ln23            (switch           ) [ 000]
store_ln21             (store            ) [ 000]
br_ln21                (br               ) [ 000]
specpipeline_ln22      (specpipeline     ) [ 000]
speclooptripcount_ln21 (speclooptripcount) [ 000]
specloopname_ln21      (specloopname     ) [ 000]
gmem1_addr_read        (read             ) [ 000]
store_ln23             (store            ) [ 000]
br_ln23                (br               ) [ 000]
store_ln23             (store            ) [ 000]
br_ln23                (br               ) [ 000]
store_ln23             (store            ) [ 000]
br_ln23                (br               ) [ 000]
store_ln23             (store            ) [ 000]
br_ln23                (br               ) [ 000]
store_ln23             (store            ) [ 000]
br_ln23                (br               ) [ 000]
store_ln23             (store            ) [ 000]
br_ln23                (br               ) [ 000]
store_ln23             (store            ) [ 000]
br_ln23                (br               ) [ 000]
store_ln23             (store            ) [ 000]
br_ln23                (br               ) [ 000]
store_ln23             (store            ) [ 000]
br_ln23                (br               ) [ 000]
store_ln23             (store            ) [ 000]
br_ln23                (br               ) [ 000]
store_ln23             (store            ) [ 000]
br_ln23                (br               ) [ 000]
store_ln23             (store            ) [ 000]
br_ln23                (br               ) [ 000]
store_ln23             (store            ) [ 000]
br_ln23                (br               ) [ 000]
store_ln23             (store            ) [ 000]
br_ln23                (br               ) [ 000]
store_ln23             (store            ) [ 000]
br_ln23                (br               ) [ 000]
store_ln23             (store            ) [ 000]
br_ln23                (br               ) [ 000]
store_ln23             (store            ) [ 000]
br_ln23                (br               ) [ 000]
store_ln23             (store            ) [ 000]
br_ln23                (br               ) [ 000]
store_ln23             (store            ) [ 000]
br_ln23                (br               ) [ 000]
store_ln23             (store            ) [ 000]
br_ln23                (br               ) [ 000]
store_ln23             (store            ) [ 000]
br_ln23                (br               ) [ 000]
store_ln23             (store            ) [ 000]
br_ln23                (br               ) [ 000]
store_ln23             (store            ) [ 000]
br_ln23                (br               ) [ 000]
store_ln23             (store            ) [ 000]
br_ln23                (br               ) [ 000]
store_ln23             (store            ) [ 000]
br_ln23                (br               ) [ 000]
store_ln23             (store            ) [ 000]
br_ln23                (br               ) [ 000]
store_ln23             (store            ) [ 000]
br_ln23                (br               ) [ 000]
store_ln23             (store            ) [ 000]
br_ln23                (br               ) [ 000]
store_ln23             (store            ) [ 000]
br_ln23                (br               ) [ 000]
store_ln23             (store            ) [ 000]
br_ln23                (br               ) [ 000]
store_ln23             (store            ) [ 000]
br_ln23                (br               ) [ 000]
store_ln23             (store            ) [ 000]
br_ln23                (br               ) [ 000]
store_ln23             (store            ) [ 000]
br_ln23                (br               ) [ 000]
store_ln23             (store            ) [ 000]
br_ln23                (br               ) [ 000]
store_ln23             (store            ) [ 000]
br_ln23                (br               ) [ 000]
store_ln23             (store            ) [ 000]
br_ln23                (br               ) [ 000]
store_ln23             (store            ) [ 000]
br_ln23                (br               ) [ 000]
store_ln23             (store            ) [ 000]
br_ln23                (br               ) [ 000]
store_ln23             (store            ) [ 000]
br_ln23                (br               ) [ 000]
store_ln23             (store            ) [ 000]
br_ln23                (br               ) [ 000]
store_ln23             (store            ) [ 000]
br_ln23                (br               ) [ 000]
store_ln23             (store            ) [ 000]
br_ln23                (br               ) [ 000]
store_ln23             (store            ) [ 000]
br_ln23                (br               ) [ 000]
store_ln23             (store            ) [ 000]
br_ln23                (br               ) [ 000]
store_ln23             (store            ) [ 000]
br_ln23                (br               ) [ 000]
store_ln23             (store            ) [ 000]
br_ln23                (br               ) [ 000]
store_ln23             (store            ) [ 000]
br_ln23                (br               ) [ 000]
store_ln23             (store            ) [ 000]
br_ln23                (br               ) [ 000]
store_ln23             (store            ) [ 000]
br_ln23                (br               ) [ 000]
store_ln23             (store            ) [ 000]
br_ln23                (br               ) [ 000]
store_ln23             (store            ) [ 000]
br_ln23                (br               ) [ 000]
store_ln23             (store            ) [ 000]
br_ln23                (br               ) [ 000]
store_ln23             (store            ) [ 000]
br_ln23                (br               ) [ 000]
store_ln23             (store            ) [ 000]
br_ln23                (br               ) [ 000]
store_ln23             (store            ) [ 000]
br_ln23                (br               ) [ 000]
store_ln23             (store            ) [ 000]
br_ln23                (br               ) [ 000]
store_ln23             (store            ) [ 000]
br_ln23                (br               ) [ 000]
store_ln23             (store            ) [ 000]
br_ln23                (br               ) [ 000]
store_ln23             (store            ) [ 000]
br_ln23                (br               ) [ 000]
store_ln23             (store            ) [ 000]
br_ln23                (br               ) [ 000]
store_ln23             (store            ) [ 000]
br_ln23                (br               ) [ 000]
store_ln23             (store            ) [ 000]
br_ln23                (br               ) [ 000]
store_ln23             (store            ) [ 000]
br_ln23                (br               ) [ 000]
store_ln23             (store            ) [ 000]
br_ln23                (br               ) [ 000]
store_ln23             (store            ) [ 000]
br_ln23                (br               ) [ 000]
store_ln23             (store            ) [ 000]
br_ln23                (br               ) [ 000]
store_ln23             (store            ) [ 000]
br_ln23                (br               ) [ 000]
store_ln23             (store            ) [ 000]
br_ln23                (br               ) [ 000]
store_ln23             (store            ) [ 000]
br_ln23                (br               ) [ 000]
store_ln23             (store            ) [ 000]
br_ln23                (br               ) [ 000]
store_ln23             (store            ) [ 000]
br_ln23                (br               ) [ 000]
store_ln23             (store            ) [ 000]
br_ln23                (br               ) [ 000]
ret_ln0                (ret              ) [ 000]
</LifeTime>

<model>

<comp_list>
<comp id="0" class="1000" name="gmem1">
<pin_list>
<pin id="1" dir="1" index="0" bw="1" slack="0"/>
</pin_list>
<bind>
<StgValue><ssdm name="gmem1"/><MemPortTyVec>0 </MemPortTyVec>
</StgValue>
</bind>
</comp>

<comp id="2" class="1000" name="weight">
<pin_list>
<pin id="3" dir="1" index="0" bw="1" slack="0"/>
</pin_list>
<bind>
<StgValue><ssdm name="weight"/></StgValue>
</bind>
</comp>

<comp id="4" class="1000" name="conv1_ap_fixed_ap_fixed_ap_fixed_ap_fixed_8_5_5_3_0_local_weight_9">
<pin_list>
<pin id="5" dir="1" index="0" bw="1" slack="0"/>
</pin_list>
<bind>
<StgValue><ssdm name="conv1_ap_fixed_ap_fixed_ap_fixed_ap_fixed_8_5_5_3_0_local_weight_9"/></StgValue>
</bind>
</comp>

<comp id="6" class="1000" name="conv1_ap_fixed_ap_fixed_ap_fixed_ap_fixed_8_5_5_3_0_local_weight_8">
<pin_list>
<pin id="7" dir="1" index="0" bw="1" slack="0"/>
</pin_list>
<bind>
<StgValue><ssdm name="conv1_ap_fixed_ap_fixed_ap_fixed_ap_fixed_8_5_5_3_0_local_weight_8"/></StgValue>
</bind>
</comp>

<comp id="8" class="1000" name="conv1_ap_fixed_ap_fixed_ap_fixed_ap_fixed_8_5_5_3_0_local_weight_7">
<pin_list>
<pin id="9" dir="1" index="0" bw="1" slack="0"/>
</pin_list>
<bind>
<StgValue><ssdm name="conv1_ap_fixed_ap_fixed_ap_fixed_ap_fixed_8_5_5_3_0_local_weight_7"/></StgValue>
</bind>
</comp>

<comp id="10" class="1000" name="conv1_ap_fixed_ap_fixed_ap_fixed_ap_fixed_8_5_5_3_0_local_weight_6">
<pin_list>
<pin id="11" dir="1" index="0" bw="1" slack="0"/>
</pin_list>
<bind>
<StgValue><ssdm name="conv1_ap_fixed_ap_fixed_ap_fixed_ap_fixed_8_5_5_3_0_local_weight_6"/></StgValue>
</bind>
</comp>

<comp id="12" class="1000" name="conv1_ap_fixed_ap_fixed_ap_fixed_ap_fixed_8_5_5_3_0_local_weight_5">
<pin_list>
<pin id="13" dir="1" index="0" bw="1" slack="0"/>
</pin_list>
<bind>
<StgValue><ssdm name="conv1_ap_fixed_ap_fixed_ap_fixed_ap_fixed_8_5_5_3_0_local_weight_5"/></StgValue>
</bind>
</comp>

<comp id="14" class="1000" name="conv1_ap_fixed_ap_fixed_ap_fixed_ap_fixed_8_5_5_3_0_local_weight_4">
<pin_list>
<pin id="15" dir="1" index="0" bw="1" slack="0"/>
</pin_list>
<bind>
<StgValue><ssdm name="conv1_ap_fixed_ap_fixed_ap_fixed_ap_fixed_8_5_5_3_0_local_weight_4"/></StgValue>
</bind>
</comp>

<comp id="16" class="1000" name="conv1_ap_fixed_ap_fixed_ap_fixed_ap_fixed_8_5_5_3_0_local_weight_3">
<pin_list>
<pin id="17" dir="1" index="0" bw="1" slack="0"/>
</pin_list>
<bind>
<StgValue><ssdm name="conv1_ap_fixed_ap_fixed_ap_fixed_ap_fixed_8_5_5_3_0_local_weight_3"/></StgValue>
</bind>
</comp>

<comp id="18" class="1000" name="conv1_ap_fixed_ap_fixed_ap_fixed_ap_fixed_8_5_5_3_0_local_weight_2">
<pin_list>
<pin id="19" dir="1" index="0" bw="1" slack="0"/>
</pin_list>
<bind>
<StgValue><ssdm name="conv1_ap_fixed_ap_fixed_ap_fixed_ap_fixed_8_5_5_3_0_local_weight_2"/></StgValue>
</bind>
</comp>

<comp id="20" class="1000" name="conv1_ap_fixed_ap_fixed_ap_fixed_ap_fixed_8_5_5_3_0_local_weight_1">
<pin_list>
<pin id="21" dir="1" index="0" bw="1" slack="0"/>
</pin_list>
<bind>
<StgValue><ssdm name="conv1_ap_fixed_ap_fixed_ap_fixed_ap_fixed_8_5_5_3_0_local_weight_1"/></StgValue>
</bind>
</comp>

<comp id="22" class="1000" name="conv1_ap_fixed_ap_fixed_ap_fixed_ap_fixed_8_5_5_3_0_local_weight">
<pin_list>
<pin id="23" dir="1" index="0" bw="1" slack="0"/>
</pin_list>
<bind>
<StgValue><ssdm name="conv1_ap_fixed_ap_fixed_ap_fixed_ap_fixed_8_5_5_3_0_local_weight"/></StgValue>
</bind>
</comp>

<comp id="24" class="1000" name="conv1_ap_fixed_8_5_ap_q_mode_5_ap_o_mode_3_0_ap_fixed_8_5_ap_q_mode_5_ap_o_mode_3_0_ap_fixed_8_5_ap_q_mode_5_ap_o_mode_3_0_ap_fixed_8_5_ap_q_mode_5_ap_o_mode_3_0_local_wei_61">
<pin_list>
<pin id="25" dir="1" index="0" bw="1" slack="0"/>
</pin_list>
<bind>
<StgValue><ssdm name="conv1_ap_fixed_8_5_ap_q_mode_5_ap_o_mode_3_0_ap_fixed_8_5_ap_q_mode_5_ap_o_mode_3_0_ap_fixed_8_5_ap_q_mode_5_ap_o_mode_3_0_ap_fixed_8_5_ap_q_mode_5_ap_o_mode_3_0_local_wei_61"/></StgValue>
</bind>
</comp>

<comp id="26" class="1000" name="conv1_ap_fixed_8_5_ap_q_mode_5_ap_o_mode_3_0_ap_fixed_8_5_ap_q_mode_5_ap_o_mode_3_0_ap_fixed_8_5_ap_q_mode_5_ap_o_mode_3_0_ap_fixed_8_5_ap_q_mode_5_ap_o_mode_3_0_local_wei_60">
<pin_list>
<pin id="27" dir="1" index="0" bw="1" slack="0"/>
</pin_list>
<bind>
<StgValue><ssdm name="conv1_ap_fixed_8_5_ap_q_mode_5_ap_o_mode_3_0_ap_fixed_8_5_ap_q_mode_5_ap_o_mode_3_0_ap_fixed_8_5_ap_q_mode_5_ap_o_mode_3_0_ap_fixed_8_5_ap_q_mode_5_ap_o_mode_3_0_local_wei_60"/></StgValue>
</bind>
</comp>

<comp id="28" class="1000" name="conv1_ap_fixed_8_5_ap_q_mode_5_ap_o_mode_3_0_ap_fixed_8_5_ap_q_mode_5_ap_o_mode_3_0_ap_fixed_8_5_ap_q_mode_5_ap_o_mode_3_0_ap_fixed_8_5_ap_q_mode_5_ap_o_mode_3_0_local_wei_59">
<pin_list>
<pin id="29" dir="1" index="0" bw="1" slack="0"/>
</pin_list>
<bind>
<StgValue><ssdm name="conv1_ap_fixed_8_5_ap_q_mode_5_ap_o_mode_3_0_ap_fixed_8_5_ap_q_mode_5_ap_o_mode_3_0_ap_fixed_8_5_ap_q_mode_5_ap_o_mode_3_0_ap_fixed_8_5_ap_q_mode_5_ap_o_mode_3_0_local_wei_59"/></StgValue>
</bind>
</comp>

<comp id="30" class="1000" name="conv1_ap_fixed_8_5_ap_q_mode_5_ap_o_mode_3_0_ap_fixed_8_5_ap_q_mode_5_ap_o_mode_3_0_ap_fixed_8_5_ap_q_mode_5_ap_o_mode_3_0_ap_fixed_8_5_ap_q_mode_5_ap_o_mode_3_0_local_wei_58">
<pin_list>
<pin id="31" dir="1" index="0" bw="1" slack="0"/>
</pin_list>
<bind>
<StgValue><ssdm name="conv1_ap_fixed_8_5_ap_q_mode_5_ap_o_mode_3_0_ap_fixed_8_5_ap_q_mode_5_ap_o_mode_3_0_ap_fixed_8_5_ap_q_mode_5_ap_o_mode_3_0_ap_fixed_8_5_ap_q_mode_5_ap_o_mode_3_0_local_wei_58"/></StgValue>
</bind>
</comp>

<comp id="32" class="1000" name="conv1_ap_fixed_8_5_ap_q_mode_5_ap_o_mode_3_0_ap_fixed_8_5_ap_q_mode_5_ap_o_mode_3_0_ap_fixed_8_5_ap_q_mode_5_ap_o_mode_3_0_ap_fixed_8_5_ap_q_mode_5_ap_o_mode_3_0_local_wei_57">
<pin_list>
<pin id="33" dir="1" index="0" bw="1" slack="0"/>
</pin_list>
<bind>
<StgValue><ssdm name="conv1_ap_fixed_8_5_ap_q_mode_5_ap_o_mode_3_0_ap_fixed_8_5_ap_q_mode_5_ap_o_mode_3_0_ap_fixed_8_5_ap_q_mode_5_ap_o_mode_3_0_ap_fixed_8_5_ap_q_mode_5_ap_o_mode_3_0_local_wei_57"/></StgValue>
</bind>
</comp>

<comp id="34" class="1000" name="conv1_ap_fixed_8_5_ap_q_mode_5_ap_o_mode_3_0_ap_fixed_8_5_ap_q_mode_5_ap_o_mode_3_0_ap_fixed_8_5_ap_q_mode_5_ap_o_mode_3_0_ap_fixed_8_5_ap_q_mode_5_ap_o_mode_3_0_local_wei_56">
<pin_list>
<pin id="35" dir="1" index="0" bw="1" slack="0"/>
</pin_list>
<bind>
<StgValue><ssdm name="conv1_ap_fixed_8_5_ap_q_mode_5_ap_o_mode_3_0_ap_fixed_8_5_ap_q_mode_5_ap_o_mode_3_0_ap_fixed_8_5_ap_q_mode_5_ap_o_mode_3_0_ap_fixed_8_5_ap_q_mode_5_ap_o_mode_3_0_local_wei_56"/></StgValue>
</bind>
</comp>

<comp id="36" class="1000" name="conv1_ap_fixed_8_5_ap_q_mode_5_ap_o_mode_3_0_ap_fixed_8_5_ap_q_mode_5_ap_o_mode_3_0_ap_fixed_8_5_ap_q_mode_5_ap_o_mode_3_0_ap_fixed_8_5_ap_q_mode_5_ap_o_mode_3_0_local_wei_55">
<pin_list>
<pin id="37" dir="1" index="0" bw="1" slack="0"/>
</pin_list>
<bind>
<StgValue><ssdm name="conv1_ap_fixed_8_5_ap_q_mode_5_ap_o_mode_3_0_ap_fixed_8_5_ap_q_mode_5_ap_o_mode_3_0_ap_fixed_8_5_ap_q_mode_5_ap_o_mode_3_0_ap_fixed_8_5_ap_q_mode_5_ap_o_mode_3_0_local_wei_55"/></StgValue>
</bind>
</comp>

<comp id="38" class="1000" name="conv1_ap_fixed_8_5_ap_q_mode_5_ap_o_mode_3_0_ap_fixed_8_5_ap_q_mode_5_ap_o_mode_3_0_ap_fixed_8_5_ap_q_mode_5_ap_o_mode_3_0_ap_fixed_8_5_ap_q_mode_5_ap_o_mode_3_0_local_wei_54">
<pin_list>
<pin id="39" dir="1" index="0" bw="1" slack="0"/>
</pin_list>
<bind>
<StgValue><ssdm name="conv1_ap_fixed_8_5_ap_q_mode_5_ap_o_mode_3_0_ap_fixed_8_5_ap_q_mode_5_ap_o_mode_3_0_ap_fixed_8_5_ap_q_mode_5_ap_o_mode_3_0_ap_fixed_8_5_ap_q_mode_5_ap_o_mode_3_0_local_wei_54"/></StgValue>
</bind>
</comp>

<comp id="40" class="1000" name="conv1_ap_fixed_8_5_ap_q_mode_5_ap_o_mode_3_0_ap_fixed_8_5_ap_q_mode_5_ap_o_mode_3_0_ap_fixed_8_5_ap_q_mode_5_ap_o_mode_3_0_ap_fixed_8_5_ap_q_mode_5_ap_o_mode_3_0_local_wei_53">
<pin_list>
<pin id="41" dir="1" index="0" bw="1" slack="0"/>
</pin_list>
<bind>
<StgValue><ssdm name="conv1_ap_fixed_8_5_ap_q_mode_5_ap_o_mode_3_0_ap_fixed_8_5_ap_q_mode_5_ap_o_mode_3_0_ap_fixed_8_5_ap_q_mode_5_ap_o_mode_3_0_ap_fixed_8_5_ap_q_mode_5_ap_o_mode_3_0_local_wei_53"/></StgValue>
</bind>
</comp>

<comp id="42" class="1000" name="conv1_ap_fixed_8_5_ap_q_mode_5_ap_o_mode_3_0_ap_fixed_8_5_ap_q_mode_5_ap_o_mode_3_0_ap_fixed_8_5_ap_q_mode_5_ap_o_mode_3_0_ap_fixed_8_5_ap_q_mode_5_ap_o_mode_3_0_local_wei_52">
<pin_list>
<pin id="43" dir="1" index="0" bw="1" slack="0"/>
</pin_list>
<bind>
<StgValue><ssdm name="conv1_ap_fixed_8_5_ap_q_mode_5_ap_o_mode_3_0_ap_fixed_8_5_ap_q_mode_5_ap_o_mode_3_0_ap_fixed_8_5_ap_q_mode_5_ap_o_mode_3_0_ap_fixed_8_5_ap_q_mode_5_ap_o_mode_3_0_local_wei_52"/></StgValue>
</bind>
</comp>

<comp id="44" class="1000" name="conv1_ap_fixed_8_5_ap_q_mode_5_ap_o_mode_3_0_ap_fixed_8_5_ap_q_mode_5_ap_o_mode_3_0_ap_fixed_8_5_ap_q_mode_5_ap_o_mode_3_0_ap_fixed_8_5_ap_q_mode_5_ap_o_mode_3_0_local_wei_51">
<pin_list>
<pin id="45" dir="1" index="0" bw="1" slack="0"/>
</pin_list>
<bind>
<StgValue><ssdm name="conv1_ap_fixed_8_5_ap_q_mode_5_ap_o_mode_3_0_ap_fixed_8_5_ap_q_mode_5_ap_o_mode_3_0_ap_fixed_8_5_ap_q_mode_5_ap_o_mode_3_0_ap_fixed_8_5_ap_q_mode_5_ap_o_mode_3_0_local_wei_51"/></StgValue>
</bind>
</comp>

<comp id="46" class="1000" name="conv1_ap_fixed_8_5_ap_q_mode_5_ap_o_mode_3_0_ap_fixed_8_5_ap_q_mode_5_ap_o_mode_3_0_ap_fixed_8_5_ap_q_mode_5_ap_o_mode_3_0_ap_fixed_8_5_ap_q_mode_5_ap_o_mode_3_0_local_wei_50">
<pin_list>
<pin id="47" dir="1" index="0" bw="1" slack="0"/>
</pin_list>
<bind>
<StgValue><ssdm name="conv1_ap_fixed_8_5_ap_q_mode_5_ap_o_mode_3_0_ap_fixed_8_5_ap_q_mode_5_ap_o_mode_3_0_ap_fixed_8_5_ap_q_mode_5_ap_o_mode_3_0_ap_fixed_8_5_ap_q_mode_5_ap_o_mode_3_0_local_wei_50"/></StgValue>
</bind>
</comp>

<comp id="48" class="1000" name="conv1_ap_fixed_8_5_ap_q_mode_5_ap_o_mode_3_0_ap_fixed_8_5_ap_q_mode_5_ap_o_mode_3_0_ap_fixed_8_5_ap_q_mode_5_ap_o_mode_3_0_ap_fixed_8_5_ap_q_mode_5_ap_o_mode_3_0_local_wei_49">
<pin_list>
<pin id="49" dir="1" index="0" bw="1" slack="0"/>
</pin_list>
<bind>
<StgValue><ssdm name="conv1_ap_fixed_8_5_ap_q_mode_5_ap_o_mode_3_0_ap_fixed_8_5_ap_q_mode_5_ap_o_mode_3_0_ap_fixed_8_5_ap_q_mode_5_ap_o_mode_3_0_ap_fixed_8_5_ap_q_mode_5_ap_o_mode_3_0_local_wei_49"/></StgValue>
</bind>
</comp>

<comp id="50" class="1000" name="conv1_ap_fixed_8_5_ap_q_mode_5_ap_o_mode_3_0_ap_fixed_8_5_ap_q_mode_5_ap_o_mode_3_0_ap_fixed_8_5_ap_q_mode_5_ap_o_mode_3_0_ap_fixed_8_5_ap_q_mode_5_ap_o_mode_3_0_local_wei_48">
<pin_list>
<pin id="51" dir="1" index="0" bw="1" slack="0"/>
</pin_list>
<bind>
<StgValue><ssdm name="conv1_ap_fixed_8_5_ap_q_mode_5_ap_o_mode_3_0_ap_fixed_8_5_ap_q_mode_5_ap_o_mode_3_0_ap_fixed_8_5_ap_q_mode_5_ap_o_mode_3_0_ap_fixed_8_5_ap_q_mode_5_ap_o_mode_3_0_local_wei_48"/></StgValue>
</bind>
</comp>

<comp id="52" class="1000" name="conv1_ap_fixed_8_5_ap_q_mode_5_ap_o_mode_3_0_ap_fixed_8_5_ap_q_mode_5_ap_o_mode_3_0_ap_fixed_8_5_ap_q_mode_5_ap_o_mode_3_0_ap_fixed_8_5_ap_q_mode_5_ap_o_mode_3_0_local_wei_47">
<pin_list>
<pin id="53" dir="1" index="0" bw="1" slack="0"/>
</pin_list>
<bind>
<StgValue><ssdm name="conv1_ap_fixed_8_5_ap_q_mode_5_ap_o_mode_3_0_ap_fixed_8_5_ap_q_mode_5_ap_o_mode_3_0_ap_fixed_8_5_ap_q_mode_5_ap_o_mode_3_0_ap_fixed_8_5_ap_q_mode_5_ap_o_mode_3_0_local_wei_47"/></StgValue>
</bind>
</comp>

<comp id="54" class="1000" name="conv1_ap_fixed_8_5_ap_q_mode_5_ap_o_mode_3_0_ap_fixed_8_5_ap_q_mode_5_ap_o_mode_3_0_ap_fixed_8_5_ap_q_mode_5_ap_o_mode_3_0_ap_fixed_8_5_ap_q_mode_5_ap_o_mode_3_0_local_wei_46">
<pin_list>
<pin id="55" dir="1" index="0" bw="1" slack="0"/>
</pin_list>
<bind>
<StgValue><ssdm name="conv1_ap_fixed_8_5_ap_q_mode_5_ap_o_mode_3_0_ap_fixed_8_5_ap_q_mode_5_ap_o_mode_3_0_ap_fixed_8_5_ap_q_mode_5_ap_o_mode_3_0_ap_fixed_8_5_ap_q_mode_5_ap_o_mode_3_0_local_wei_46"/></StgValue>
</bind>
</comp>

<comp id="56" class="1000" name="conv1_ap_fixed_8_5_ap_q_mode_5_ap_o_mode_3_0_ap_fixed_8_5_ap_q_mode_5_ap_o_mode_3_0_ap_fixed_8_5_ap_q_mode_5_ap_o_mode_3_0_ap_fixed_8_5_ap_q_mode_5_ap_o_mode_3_0_local_wei_45">
<pin_list>
<pin id="57" dir="1" index="0" bw="1" slack="0"/>
</pin_list>
<bind>
<StgValue><ssdm name="conv1_ap_fixed_8_5_ap_q_mode_5_ap_o_mode_3_0_ap_fixed_8_5_ap_q_mode_5_ap_o_mode_3_0_ap_fixed_8_5_ap_q_mode_5_ap_o_mode_3_0_ap_fixed_8_5_ap_q_mode_5_ap_o_mode_3_0_local_wei_45"/></StgValue>
</bind>
</comp>

<comp id="58" class="1000" name="conv1_ap_fixed_8_5_ap_q_mode_5_ap_o_mode_3_0_ap_fixed_8_5_ap_q_mode_5_ap_o_mode_3_0_ap_fixed_8_5_ap_q_mode_5_ap_o_mode_3_0_ap_fixed_8_5_ap_q_mode_5_ap_o_mode_3_0_local_wei_44">
<pin_list>
<pin id="59" dir="1" index="0" bw="1" slack="0"/>
</pin_list>
<bind>
<StgValue><ssdm name="conv1_ap_fixed_8_5_ap_q_mode_5_ap_o_mode_3_0_ap_fixed_8_5_ap_q_mode_5_ap_o_mode_3_0_ap_fixed_8_5_ap_q_mode_5_ap_o_mode_3_0_ap_fixed_8_5_ap_q_mode_5_ap_o_mode_3_0_local_wei_44"/></StgValue>
</bind>
</comp>

<comp id="60" class="1000" name="conv1_ap_fixed_8_5_ap_q_mode_5_ap_o_mode_3_0_ap_fixed_8_5_ap_q_mode_5_ap_o_mode_3_0_ap_fixed_8_5_ap_q_mode_5_ap_o_mode_3_0_ap_fixed_8_5_ap_q_mode_5_ap_o_mode_3_0_local_wei_43">
<pin_list>
<pin id="61" dir="1" index="0" bw="1" slack="0"/>
</pin_list>
<bind>
<StgValue><ssdm name="conv1_ap_fixed_8_5_ap_q_mode_5_ap_o_mode_3_0_ap_fixed_8_5_ap_q_mode_5_ap_o_mode_3_0_ap_fixed_8_5_ap_q_mode_5_ap_o_mode_3_0_ap_fixed_8_5_ap_q_mode_5_ap_o_mode_3_0_local_wei_43"/></StgValue>
</bind>
</comp>

<comp id="62" class="1000" name="conv1_ap_fixed_8_5_ap_q_mode_5_ap_o_mode_3_0_ap_fixed_8_5_ap_q_mode_5_ap_o_mode_3_0_ap_fixed_8_5_ap_q_mode_5_ap_o_mode_3_0_ap_fixed_8_5_ap_q_mode_5_ap_o_mode_3_0_local_wei_42">
<pin_list>
<pin id="63" dir="1" index="0" bw="1" slack="0"/>
</pin_list>
<bind>
<StgValue><ssdm name="conv1_ap_fixed_8_5_ap_q_mode_5_ap_o_mode_3_0_ap_fixed_8_5_ap_q_mode_5_ap_o_mode_3_0_ap_fixed_8_5_ap_q_mode_5_ap_o_mode_3_0_ap_fixed_8_5_ap_q_mode_5_ap_o_mode_3_0_local_wei_42"/></StgValue>
</bind>
</comp>

<comp id="64" class="1000" name="conv1_ap_fixed_8_5_ap_q_mode_5_ap_o_mode_3_0_ap_fixed_8_5_ap_q_mode_5_ap_o_mode_3_0_ap_fixed_8_5_ap_q_mode_5_ap_o_mode_3_0_ap_fixed_8_5_ap_q_mode_5_ap_o_mode_3_0_local_wei_41">
<pin_list>
<pin id="65" dir="1" index="0" bw="1" slack="0"/>
</pin_list>
<bind>
<StgValue><ssdm name="conv1_ap_fixed_8_5_ap_q_mode_5_ap_o_mode_3_0_ap_fixed_8_5_ap_q_mode_5_ap_o_mode_3_0_ap_fixed_8_5_ap_q_mode_5_ap_o_mode_3_0_ap_fixed_8_5_ap_q_mode_5_ap_o_mode_3_0_local_wei_41"/></StgValue>
</bind>
</comp>

<comp id="66" class="1000" name="conv1_ap_fixed_8_5_ap_q_mode_5_ap_o_mode_3_0_ap_fixed_8_5_ap_q_mode_5_ap_o_mode_3_0_ap_fixed_8_5_ap_q_mode_5_ap_o_mode_3_0_ap_fixed_8_5_ap_q_mode_5_ap_o_mode_3_0_local_wei_40">
<pin_list>
<pin id="67" dir="1" index="0" bw="1" slack="0"/>
</pin_list>
<bind>
<StgValue><ssdm name="conv1_ap_fixed_8_5_ap_q_mode_5_ap_o_mode_3_0_ap_fixed_8_5_ap_q_mode_5_ap_o_mode_3_0_ap_fixed_8_5_ap_q_mode_5_ap_o_mode_3_0_ap_fixed_8_5_ap_q_mode_5_ap_o_mode_3_0_local_wei_40"/></StgValue>
</bind>
</comp>

<comp id="68" class="1000" name="conv1_ap_fixed_8_5_ap_q_mode_5_ap_o_mode_3_0_ap_fixed_8_5_ap_q_mode_5_ap_o_mode_3_0_ap_fixed_8_5_ap_q_mode_5_ap_o_mode_3_0_ap_fixed_8_5_ap_q_mode_5_ap_o_mode_3_0_local_wei_39">
<pin_list>
<pin id="69" dir="1" index="0" bw="1" slack="0"/>
</pin_list>
<bind>
<StgValue><ssdm name="conv1_ap_fixed_8_5_ap_q_mode_5_ap_o_mode_3_0_ap_fixed_8_5_ap_q_mode_5_ap_o_mode_3_0_ap_fixed_8_5_ap_q_mode_5_ap_o_mode_3_0_ap_fixed_8_5_ap_q_mode_5_ap_o_mode_3_0_local_wei_39"/></StgValue>
</bind>
</comp>

<comp id="70" class="1000" name="conv1_ap_fixed_8_5_ap_q_mode_5_ap_o_mode_3_0_ap_fixed_8_5_ap_q_mode_5_ap_o_mode_3_0_ap_fixed_8_5_ap_q_mode_5_ap_o_mode_3_0_ap_fixed_8_5_ap_q_mode_5_ap_o_mode_3_0_local_wei_38">
<pin_list>
<pin id="71" dir="1" index="0" bw="1" slack="0"/>
</pin_list>
<bind>
<StgValue><ssdm name="conv1_ap_fixed_8_5_ap_q_mode_5_ap_o_mode_3_0_ap_fixed_8_5_ap_q_mode_5_ap_o_mode_3_0_ap_fixed_8_5_ap_q_mode_5_ap_o_mode_3_0_ap_fixed_8_5_ap_q_mode_5_ap_o_mode_3_0_local_wei_38"/></StgValue>
</bind>
</comp>

<comp id="72" class="1000" name="conv1_ap_fixed_8_5_ap_q_mode_5_ap_o_mode_3_0_ap_fixed_8_5_ap_q_mode_5_ap_o_mode_3_0_ap_fixed_8_5_ap_q_mode_5_ap_o_mode_3_0_ap_fixed_8_5_ap_q_mode_5_ap_o_mode_3_0_local_wei_37">
<pin_list>
<pin id="73" dir="1" index="0" bw="1" slack="0"/>
</pin_list>
<bind>
<StgValue><ssdm name="conv1_ap_fixed_8_5_ap_q_mode_5_ap_o_mode_3_0_ap_fixed_8_5_ap_q_mode_5_ap_o_mode_3_0_ap_fixed_8_5_ap_q_mode_5_ap_o_mode_3_0_ap_fixed_8_5_ap_q_mode_5_ap_o_mode_3_0_local_wei_37"/></StgValue>
</bind>
</comp>

<comp id="74" class="1000" name="conv1_ap_fixed_8_5_ap_q_mode_5_ap_o_mode_3_0_ap_fixed_8_5_ap_q_mode_5_ap_o_mode_3_0_ap_fixed_8_5_ap_q_mode_5_ap_o_mode_3_0_ap_fixed_8_5_ap_q_mode_5_ap_o_mode_3_0_local_wei_36">
<pin_list>
<pin id="75" dir="1" index="0" bw="1" slack="0"/>
</pin_list>
<bind>
<StgValue><ssdm name="conv1_ap_fixed_8_5_ap_q_mode_5_ap_o_mode_3_0_ap_fixed_8_5_ap_q_mode_5_ap_o_mode_3_0_ap_fixed_8_5_ap_q_mode_5_ap_o_mode_3_0_ap_fixed_8_5_ap_q_mode_5_ap_o_mode_3_0_local_wei_36"/></StgValue>
</bind>
</comp>

<comp id="76" class="1000" name="conv1_ap_fixed_8_5_ap_q_mode_5_ap_o_mode_3_0_ap_fixed_8_5_ap_q_mode_5_ap_o_mode_3_0_ap_fixed_8_5_ap_q_mode_5_ap_o_mode_3_0_ap_fixed_8_5_ap_q_mode_5_ap_o_mode_3_0_local_wei_35">
<pin_list>
<pin id="77" dir="1" index="0" bw="1" slack="0"/>
</pin_list>
<bind>
<StgValue><ssdm name="conv1_ap_fixed_8_5_ap_q_mode_5_ap_o_mode_3_0_ap_fixed_8_5_ap_q_mode_5_ap_o_mode_3_0_ap_fixed_8_5_ap_q_mode_5_ap_o_mode_3_0_ap_fixed_8_5_ap_q_mode_5_ap_o_mode_3_0_local_wei_35"/></StgValue>
</bind>
</comp>

<comp id="78" class="1000" name="conv1_ap_fixed_8_5_ap_q_mode_5_ap_o_mode_3_0_ap_fixed_8_5_ap_q_mode_5_ap_o_mode_3_0_ap_fixed_8_5_ap_q_mode_5_ap_o_mode_3_0_ap_fixed_8_5_ap_q_mode_5_ap_o_mode_3_0_local_wei_34">
<pin_list>
<pin id="79" dir="1" index="0" bw="1" slack="0"/>
</pin_list>
<bind>
<StgValue><ssdm name="conv1_ap_fixed_8_5_ap_q_mode_5_ap_o_mode_3_0_ap_fixed_8_5_ap_q_mode_5_ap_o_mode_3_0_ap_fixed_8_5_ap_q_mode_5_ap_o_mode_3_0_ap_fixed_8_5_ap_q_mode_5_ap_o_mode_3_0_local_wei_34"/></StgValue>
</bind>
</comp>

<comp id="80" class="1000" name="conv1_ap_fixed_8_5_ap_q_mode_5_ap_o_mode_3_0_ap_fixed_8_5_ap_q_mode_5_ap_o_mode_3_0_ap_fixed_8_5_ap_q_mode_5_ap_o_mode_3_0_ap_fixed_8_5_ap_q_mode_5_ap_o_mode_3_0_local_wei_33">
<pin_list>
<pin id="81" dir="1" index="0" bw="1" slack="0"/>
</pin_list>
<bind>
<StgValue><ssdm name="conv1_ap_fixed_8_5_ap_q_mode_5_ap_o_mode_3_0_ap_fixed_8_5_ap_q_mode_5_ap_o_mode_3_0_ap_fixed_8_5_ap_q_mode_5_ap_o_mode_3_0_ap_fixed_8_5_ap_q_mode_5_ap_o_mode_3_0_local_wei_33"/></StgValue>
</bind>
</comp>

<comp id="82" class="1000" name="conv1_ap_fixed_8_5_ap_q_mode_5_ap_o_mode_3_0_ap_fixed_8_5_ap_q_mode_5_ap_o_mode_3_0_ap_fixed_8_5_ap_q_mode_5_ap_o_mode_3_0_ap_fixed_8_5_ap_q_mode_5_ap_o_mode_3_0_local_wei_32">
<pin_list>
<pin id="83" dir="1" index="0" bw="1" slack="0"/>
</pin_list>
<bind>
<StgValue><ssdm name="conv1_ap_fixed_8_5_ap_q_mode_5_ap_o_mode_3_0_ap_fixed_8_5_ap_q_mode_5_ap_o_mode_3_0_ap_fixed_8_5_ap_q_mode_5_ap_o_mode_3_0_ap_fixed_8_5_ap_q_mode_5_ap_o_mode_3_0_local_wei_32"/></StgValue>
</bind>
</comp>

<comp id="84" class="1000" name="conv1_ap_fixed_8_5_ap_q_mode_5_ap_o_mode_3_0_ap_fixed_8_5_ap_q_mode_5_ap_o_mode_3_0_ap_fixed_8_5_ap_q_mode_5_ap_o_mode_3_0_ap_fixed_8_5_ap_q_mode_5_ap_o_mode_3_0_local_wei_31">
<pin_list>
<pin id="85" dir="1" index="0" bw="1" slack="0"/>
</pin_list>
<bind>
<StgValue><ssdm name="conv1_ap_fixed_8_5_ap_q_mode_5_ap_o_mode_3_0_ap_fixed_8_5_ap_q_mode_5_ap_o_mode_3_0_ap_fixed_8_5_ap_q_mode_5_ap_o_mode_3_0_ap_fixed_8_5_ap_q_mode_5_ap_o_mode_3_0_local_wei_31"/></StgValue>
</bind>
</comp>

<comp id="86" class="1000" name="conv1_ap_fixed_8_5_ap_q_mode_5_ap_o_mode_3_0_ap_fixed_8_5_ap_q_mode_5_ap_o_mode_3_0_ap_fixed_8_5_ap_q_mode_5_ap_o_mode_3_0_ap_fixed_8_5_ap_q_mode_5_ap_o_mode_3_0_local_wei_30">
<pin_list>
<pin id="87" dir="1" index="0" bw="1" slack="0"/>
</pin_list>
<bind>
<StgValue><ssdm name="conv1_ap_fixed_8_5_ap_q_mode_5_ap_o_mode_3_0_ap_fixed_8_5_ap_q_mode_5_ap_o_mode_3_0_ap_fixed_8_5_ap_q_mode_5_ap_o_mode_3_0_ap_fixed_8_5_ap_q_mode_5_ap_o_mode_3_0_local_wei_30"/></StgValue>
</bind>
</comp>

<comp id="88" class="1000" name="conv1_ap_fixed_8_5_ap_q_mode_5_ap_o_mode_3_0_ap_fixed_8_5_ap_q_mode_5_ap_o_mode_3_0_ap_fixed_8_5_ap_q_mode_5_ap_o_mode_3_0_ap_fixed_8_5_ap_q_mode_5_ap_o_mode_3_0_local_wei_29">
<pin_list>
<pin id="89" dir="1" index="0" bw="1" slack="0"/>
</pin_list>
<bind>
<StgValue><ssdm name="conv1_ap_fixed_8_5_ap_q_mode_5_ap_o_mode_3_0_ap_fixed_8_5_ap_q_mode_5_ap_o_mode_3_0_ap_fixed_8_5_ap_q_mode_5_ap_o_mode_3_0_ap_fixed_8_5_ap_q_mode_5_ap_o_mode_3_0_local_wei_29"/></StgValue>
</bind>
</comp>

<comp id="90" class="1000" name="conv1_ap_fixed_8_5_ap_q_mode_5_ap_o_mode_3_0_ap_fixed_8_5_ap_q_mode_5_ap_o_mode_3_0_ap_fixed_8_5_ap_q_mode_5_ap_o_mode_3_0_ap_fixed_8_5_ap_q_mode_5_ap_o_mode_3_0_local_wei_28">
<pin_list>
<pin id="91" dir="1" index="0" bw="1" slack="0"/>
</pin_list>
<bind>
<StgValue><ssdm name="conv1_ap_fixed_8_5_ap_q_mode_5_ap_o_mode_3_0_ap_fixed_8_5_ap_q_mode_5_ap_o_mode_3_0_ap_fixed_8_5_ap_q_mode_5_ap_o_mode_3_0_ap_fixed_8_5_ap_q_mode_5_ap_o_mode_3_0_local_wei_28"/></StgValue>
</bind>
</comp>

<comp id="92" class="1000" name="conv1_ap_fixed_8_5_ap_q_mode_5_ap_o_mode_3_0_ap_fixed_8_5_ap_q_mode_5_ap_o_mode_3_0_ap_fixed_8_5_ap_q_mode_5_ap_o_mode_3_0_ap_fixed_8_5_ap_q_mode_5_ap_o_mode_3_0_local_wei_27">
<pin_list>
<pin id="93" dir="1" index="0" bw="1" slack="0"/>
</pin_list>
<bind>
<StgValue><ssdm name="conv1_ap_fixed_8_5_ap_q_mode_5_ap_o_mode_3_0_ap_fixed_8_5_ap_q_mode_5_ap_o_mode_3_0_ap_fixed_8_5_ap_q_mode_5_ap_o_mode_3_0_ap_fixed_8_5_ap_q_mode_5_ap_o_mode_3_0_local_wei_27"/></StgValue>
</bind>
</comp>

<comp id="94" class="1000" name="conv1_ap_fixed_8_5_ap_q_mode_5_ap_o_mode_3_0_ap_fixed_8_5_ap_q_mode_5_ap_o_mode_3_0_ap_fixed_8_5_ap_q_mode_5_ap_o_mode_3_0_ap_fixed_8_5_ap_q_mode_5_ap_o_mode_3_0_local_wei_26">
<pin_list>
<pin id="95" dir="1" index="0" bw="1" slack="0"/>
</pin_list>
<bind>
<StgValue><ssdm name="conv1_ap_fixed_8_5_ap_q_mode_5_ap_o_mode_3_0_ap_fixed_8_5_ap_q_mode_5_ap_o_mode_3_0_ap_fixed_8_5_ap_q_mode_5_ap_o_mode_3_0_ap_fixed_8_5_ap_q_mode_5_ap_o_mode_3_0_local_wei_26"/></StgValue>
</bind>
</comp>

<comp id="96" class="1000" name="conv1_ap_fixed_8_5_ap_q_mode_5_ap_o_mode_3_0_ap_fixed_8_5_ap_q_mode_5_ap_o_mode_3_0_ap_fixed_8_5_ap_q_mode_5_ap_o_mode_3_0_ap_fixed_8_5_ap_q_mode_5_ap_o_mode_3_0_local_wei_25">
<pin_list>
<pin id="97" dir="1" index="0" bw="1" slack="0"/>
</pin_list>
<bind>
<StgValue><ssdm name="conv1_ap_fixed_8_5_ap_q_mode_5_ap_o_mode_3_0_ap_fixed_8_5_ap_q_mode_5_ap_o_mode_3_0_ap_fixed_8_5_ap_q_mode_5_ap_o_mode_3_0_ap_fixed_8_5_ap_q_mode_5_ap_o_mode_3_0_local_wei_25"/></StgValue>
</bind>
</comp>

<comp id="98" class="1000" name="conv1_ap_fixed_8_5_ap_q_mode_5_ap_o_mode_3_0_ap_fixed_8_5_ap_q_mode_5_ap_o_mode_3_0_ap_fixed_8_5_ap_q_mode_5_ap_o_mode_3_0_ap_fixed_8_5_ap_q_mode_5_ap_o_mode_3_0_local_wei_24">
<pin_list>
<pin id="99" dir="1" index="0" bw="1" slack="0"/>
</pin_list>
<bind>
<StgValue><ssdm name="conv1_ap_fixed_8_5_ap_q_mode_5_ap_o_mode_3_0_ap_fixed_8_5_ap_q_mode_5_ap_o_mode_3_0_ap_fixed_8_5_ap_q_mode_5_ap_o_mode_3_0_ap_fixed_8_5_ap_q_mode_5_ap_o_mode_3_0_local_wei_24"/></StgValue>
</bind>
</comp>

<comp id="100" class="1000" name="conv1_ap_fixed_8_5_ap_q_mode_5_ap_o_mode_3_0_ap_fixed_8_5_ap_q_mode_5_ap_o_mode_3_0_ap_fixed_8_5_ap_q_mode_5_ap_o_mode_3_0_ap_fixed_8_5_ap_q_mode_5_ap_o_mode_3_0_local_wei_23">
<pin_list>
<pin id="101" dir="1" index="0" bw="1" slack="0"/>
</pin_list>
<bind>
<StgValue><ssdm name="conv1_ap_fixed_8_5_ap_q_mode_5_ap_o_mode_3_0_ap_fixed_8_5_ap_q_mode_5_ap_o_mode_3_0_ap_fixed_8_5_ap_q_mode_5_ap_o_mode_3_0_ap_fixed_8_5_ap_q_mode_5_ap_o_mode_3_0_local_wei_23"/></StgValue>
</bind>
</comp>

<comp id="102" class="1000" name="conv1_ap_fixed_8_5_ap_q_mode_5_ap_o_mode_3_0_ap_fixed_8_5_ap_q_mode_5_ap_o_mode_3_0_ap_fixed_8_5_ap_q_mode_5_ap_o_mode_3_0_ap_fixed_8_5_ap_q_mode_5_ap_o_mode_3_0_local_wei_22">
<pin_list>
<pin id="103" dir="1" index="0" bw="1" slack="0"/>
</pin_list>
<bind>
<StgValue><ssdm name="conv1_ap_fixed_8_5_ap_q_mode_5_ap_o_mode_3_0_ap_fixed_8_5_ap_q_mode_5_ap_o_mode_3_0_ap_fixed_8_5_ap_q_mode_5_ap_o_mode_3_0_ap_fixed_8_5_ap_q_mode_5_ap_o_mode_3_0_local_wei_22"/></StgValue>
</bind>
</comp>

<comp id="104" class="1000" name="conv1_ap_fixed_8_5_ap_q_mode_5_ap_o_mode_3_0_ap_fixed_8_5_ap_q_mode_5_ap_o_mode_3_0_ap_fixed_8_5_ap_q_mode_5_ap_o_mode_3_0_ap_fixed_8_5_ap_q_mode_5_ap_o_mode_3_0_local_wei_21">
<pin_list>
<pin id="105" dir="1" index="0" bw="1" slack="0"/>
</pin_list>
<bind>
<StgValue><ssdm name="conv1_ap_fixed_8_5_ap_q_mode_5_ap_o_mode_3_0_ap_fixed_8_5_ap_q_mode_5_ap_o_mode_3_0_ap_fixed_8_5_ap_q_mode_5_ap_o_mode_3_0_ap_fixed_8_5_ap_q_mode_5_ap_o_mode_3_0_local_wei_21"/></StgValue>
</bind>
</comp>

<comp id="106" class="1000" name="conv1_ap_fixed_8_5_ap_q_mode_5_ap_o_mode_3_0_ap_fixed_8_5_ap_q_mode_5_ap_o_mode_3_0_ap_fixed_8_5_ap_q_mode_5_ap_o_mode_3_0_ap_fixed_8_5_ap_q_mode_5_ap_o_mode_3_0_local_wei_20">
<pin_list>
<pin id="107" dir="1" index="0" bw="1" slack="0"/>
</pin_list>
<bind>
<StgValue><ssdm name="conv1_ap_fixed_8_5_ap_q_mode_5_ap_o_mode_3_0_ap_fixed_8_5_ap_q_mode_5_ap_o_mode_3_0_ap_fixed_8_5_ap_q_mode_5_ap_o_mode_3_0_ap_fixed_8_5_ap_q_mode_5_ap_o_mode_3_0_local_wei_20"/></StgValue>
</bind>
</comp>

<comp id="108" class="1000" name="conv1_ap_fixed_8_5_ap_q_mode_5_ap_o_mode_3_0_ap_fixed_8_5_ap_q_mode_5_ap_o_mode_3_0_ap_fixed_8_5_ap_q_mode_5_ap_o_mode_3_0_ap_fixed_8_5_ap_q_mode_5_ap_o_mode_3_0_local_wei_19">
<pin_list>
<pin id="109" dir="1" index="0" bw="1" slack="0"/>
</pin_list>
<bind>
<StgValue><ssdm name="conv1_ap_fixed_8_5_ap_q_mode_5_ap_o_mode_3_0_ap_fixed_8_5_ap_q_mode_5_ap_o_mode_3_0_ap_fixed_8_5_ap_q_mode_5_ap_o_mode_3_0_ap_fixed_8_5_ap_q_mode_5_ap_o_mode_3_0_local_wei_19"/></StgValue>
</bind>
</comp>

<comp id="110" class="1000" name="conv1_ap_fixed_8_5_ap_q_mode_5_ap_o_mode_3_0_ap_fixed_8_5_ap_q_mode_5_ap_o_mode_3_0_ap_fixed_8_5_ap_q_mode_5_ap_o_mode_3_0_ap_fixed_8_5_ap_q_mode_5_ap_o_mode_3_0_local_wei_18">
<pin_list>
<pin id="111" dir="1" index="0" bw="1" slack="0"/>
</pin_list>
<bind>
<StgValue><ssdm name="conv1_ap_fixed_8_5_ap_q_mode_5_ap_o_mode_3_0_ap_fixed_8_5_ap_q_mode_5_ap_o_mode_3_0_ap_fixed_8_5_ap_q_mode_5_ap_o_mode_3_0_ap_fixed_8_5_ap_q_mode_5_ap_o_mode_3_0_local_wei_18"/></StgValue>
</bind>
</comp>

<comp id="112" class="1000" name="conv1_ap_fixed_8_5_ap_q_mode_5_ap_o_mode_3_0_ap_fixed_8_5_ap_q_mode_5_ap_o_mode_3_0_ap_fixed_8_5_ap_q_mode_5_ap_o_mode_3_0_ap_fixed_8_5_ap_q_mode_5_ap_o_mode_3_0_local_wei_17">
<pin_list>
<pin id="113" dir="1" index="0" bw="1" slack="0"/>
</pin_list>
<bind>
<StgValue><ssdm name="conv1_ap_fixed_8_5_ap_q_mode_5_ap_o_mode_3_0_ap_fixed_8_5_ap_q_mode_5_ap_o_mode_3_0_ap_fixed_8_5_ap_q_mode_5_ap_o_mode_3_0_ap_fixed_8_5_ap_q_mode_5_ap_o_mode_3_0_local_wei_17"/></StgValue>
</bind>
</comp>

<comp id="114" class="1000" name="conv1_ap_fixed_8_5_ap_q_mode_5_ap_o_mode_3_0_ap_fixed_8_5_ap_q_mode_5_ap_o_mode_3_0_ap_fixed_8_5_ap_q_mode_5_ap_o_mode_3_0_ap_fixed_8_5_ap_q_mode_5_ap_o_mode_3_0_local_wei_16">
<pin_list>
<pin id="115" dir="1" index="0" bw="1" slack="0"/>
</pin_list>
<bind>
<StgValue><ssdm name="conv1_ap_fixed_8_5_ap_q_mode_5_ap_o_mode_3_0_ap_fixed_8_5_ap_q_mode_5_ap_o_mode_3_0_ap_fixed_8_5_ap_q_mode_5_ap_o_mode_3_0_ap_fixed_8_5_ap_q_mode_5_ap_o_mode_3_0_local_wei_16"/></StgValue>
</bind>
</comp>

<comp id="116" class="1000" name="conv1_ap_fixed_8_5_ap_q_mode_5_ap_o_mode_3_0_ap_fixed_8_5_ap_q_mode_5_ap_o_mode_3_0_ap_fixed_8_5_ap_q_mode_5_ap_o_mode_3_0_ap_fixed_8_5_ap_q_mode_5_ap_o_mode_3_0_local_wei_15">
<pin_list>
<pin id="117" dir="1" index="0" bw="1" slack="0"/>
</pin_list>
<bind>
<StgValue><ssdm name="conv1_ap_fixed_8_5_ap_q_mode_5_ap_o_mode_3_0_ap_fixed_8_5_ap_q_mode_5_ap_o_mode_3_0_ap_fixed_8_5_ap_q_mode_5_ap_o_mode_3_0_ap_fixed_8_5_ap_q_mode_5_ap_o_mode_3_0_local_wei_15"/></StgValue>
</bind>
</comp>

<comp id="118" class="1000" name="conv1_ap_fixed_8_5_ap_q_mode_5_ap_o_mode_3_0_ap_fixed_8_5_ap_q_mode_5_ap_o_mode_3_0_ap_fixed_8_5_ap_q_mode_5_ap_o_mode_3_0_ap_fixed_8_5_ap_q_mode_5_ap_o_mode_3_0_local_wei_14">
<pin_list>
<pin id="119" dir="1" index="0" bw="1" slack="0"/>
</pin_list>
<bind>
<StgValue><ssdm name="conv1_ap_fixed_8_5_ap_q_mode_5_ap_o_mode_3_0_ap_fixed_8_5_ap_q_mode_5_ap_o_mode_3_0_ap_fixed_8_5_ap_q_mode_5_ap_o_mode_3_0_ap_fixed_8_5_ap_q_mode_5_ap_o_mode_3_0_local_wei_14"/></StgValue>
</bind>
</comp>

<comp id="120" class="1000" name="conv1_ap_fixed_8_5_ap_q_mode_5_ap_o_mode_3_0_ap_fixed_8_5_ap_q_mode_5_ap_o_mode_3_0_ap_fixed_8_5_ap_q_mode_5_ap_o_mode_3_0_ap_fixed_8_5_ap_q_mode_5_ap_o_mode_3_0_local_wei_13">
<pin_list>
<pin id="121" dir="1" index="0" bw="1" slack="0"/>
</pin_list>
<bind>
<StgValue><ssdm name="conv1_ap_fixed_8_5_ap_q_mode_5_ap_o_mode_3_0_ap_fixed_8_5_ap_q_mode_5_ap_o_mode_3_0_ap_fixed_8_5_ap_q_mode_5_ap_o_mode_3_0_ap_fixed_8_5_ap_q_mode_5_ap_o_mode_3_0_local_wei_13"/></StgValue>
</bind>
</comp>

<comp id="122" class="1000" name="conv1_ap_fixed_8_5_ap_q_mode_5_ap_o_mode_3_0_ap_fixed_8_5_ap_q_mode_5_ap_o_mode_3_0_ap_fixed_8_5_ap_q_mode_5_ap_o_mode_3_0_ap_fixed_8_5_ap_q_mode_5_ap_o_mode_3_0_local_wei_12">
<pin_list>
<pin id="123" dir="1" index="0" bw="1" slack="0"/>
</pin_list>
<bind>
<StgValue><ssdm name="conv1_ap_fixed_8_5_ap_q_mode_5_ap_o_mode_3_0_ap_fixed_8_5_ap_q_mode_5_ap_o_mode_3_0_ap_fixed_8_5_ap_q_mode_5_ap_o_mode_3_0_ap_fixed_8_5_ap_q_mode_5_ap_o_mode_3_0_local_wei_12"/></StgValue>
</bind>
</comp>

<comp id="124" class="1000" name="conv1_ap_fixed_8_5_ap_q_mode_5_ap_o_mode_3_0_ap_fixed_8_5_ap_q_mode_5_ap_o_mode_3_0_ap_fixed_8_5_ap_q_mode_5_ap_o_mode_3_0_ap_fixed_8_5_ap_q_mode_5_ap_o_mode_3_0_local_wei_11">
<pin_list>
<pin id="125" dir="1" index="0" bw="1" slack="0"/>
</pin_list>
<bind>
<StgValue><ssdm name="conv1_ap_fixed_8_5_ap_q_mode_5_ap_o_mode_3_0_ap_fixed_8_5_ap_q_mode_5_ap_o_mode_3_0_ap_fixed_8_5_ap_q_mode_5_ap_o_mode_3_0_ap_fixed_8_5_ap_q_mode_5_ap_o_mode_3_0_local_wei_11"/></StgValue>
</bind>
</comp>

<comp id="126" class="1000" name="conv1_ap_fixed_8_5_ap_q_mode_5_ap_o_mode_3_0_ap_fixed_8_5_ap_q_mode_5_ap_o_mode_3_0_ap_fixed_8_5_ap_q_mode_5_ap_o_mode_3_0_ap_fixed_8_5_ap_q_mode_5_ap_o_mode_3_0_local_wei_10">
<pin_list>
<pin id="127" dir="1" index="0" bw="1" slack="0"/>
</pin_list>
<bind>
<StgValue><ssdm name="conv1_ap_fixed_8_5_ap_q_mode_5_ap_o_mode_3_0_ap_fixed_8_5_ap_q_mode_5_ap_o_mode_3_0_ap_fixed_8_5_ap_q_mode_5_ap_o_mode_3_0_ap_fixed_8_5_ap_q_mode_5_ap_o_mode_3_0_local_wei_10"/></StgValue>
</bind>
</comp>

<comp id="128" class="1000" name="p_ZZ5conv1P8ap_fixedILi8ELi5EL9ap_q_mode5EL9ap_o_mode3ELi0EES3_S3_S3_E12local_wei_9">
<pin_list>
<pin id="129" dir="1" index="0" bw="1" slack="0"/>
</pin_list>
<bind>
<StgValue><ssdm name="p_ZZ5conv1P8ap_fixedILi8ELi5EL9ap_q_mode5EL9ap_o_mode3ELi0EES3_S3_S3_E12local_wei_9"/></StgValue>
</bind>
</comp>

<comp id="130" class="1000" name="p_ZZ5conv1P8ap_fixedILi8ELi5EL9ap_q_mode5EL9ap_o_mode3ELi0EES3_S3_S3_E12local_wei_8">
<pin_list>
<pin id="131" dir="1" index="0" bw="1" slack="0"/>
</pin_list>
<bind>
<StgValue><ssdm name="p_ZZ5conv1P8ap_fixedILi8ELi5EL9ap_q_mode5EL9ap_o_mode3ELi0EES3_S3_S3_E12local_wei_8"/></StgValue>
</bind>
</comp>

<comp id="132" class="1000" name="p_ZZ5conv1P8ap_fixedILi8ELi5EL9ap_q_mode5EL9ap_o_mode3ELi0EES3_S3_S3_E12local_wei_7">
<pin_list>
<pin id="133" dir="1" index="0" bw="1" slack="0"/>
</pin_list>
<bind>
<StgValue><ssdm name="p_ZZ5conv1P8ap_fixedILi8ELi5EL9ap_q_mode5EL9ap_o_mode3ELi0EES3_S3_S3_E12local_wei_7"/></StgValue>
</bind>
</comp>

<comp id="134" class="1000" name="p_ZZ5conv1P8ap_fixedILi8ELi5EL9ap_q_mode5EL9ap_o_mode3ELi0EES3_S3_S3_E12local_wei_6">
<pin_list>
<pin id="135" dir="1" index="0" bw="1" slack="0"/>
</pin_list>
<bind>
<StgValue><ssdm name="p_ZZ5conv1P8ap_fixedILi8ELi5EL9ap_q_mode5EL9ap_o_mode3ELi0EES3_S3_S3_E12local_wei_6"/></StgValue>
</bind>
</comp>

<comp id="136" class="1000" name="p_ZZ5conv1P8ap_fixedILi8ELi5EL9ap_q_mode5EL9ap_o_mode3ELi0EES3_S3_S3_E12local_wei_5">
<pin_list>
<pin id="137" dir="1" index="0" bw="1" slack="0"/>
</pin_list>
<bind>
<StgValue><ssdm name="p_ZZ5conv1P8ap_fixedILi8ELi5EL9ap_q_mode5EL9ap_o_mode3ELi0EES3_S3_S3_E12local_wei_5"/></StgValue>
</bind>
</comp>

<comp id="138" class="1000" name="p_ZZ5conv1P8ap_fixedILi8ELi5EL9ap_q_mode5EL9ap_o_mode3ELi0EES3_S3_S3_E12local_wei_4">
<pin_list>
<pin id="139" dir="1" index="0" bw="1" slack="0"/>
</pin_list>
<bind>
<StgValue><ssdm name="p_ZZ5conv1P8ap_fixedILi8ELi5EL9ap_q_mode5EL9ap_o_mode3ELi0EES3_S3_S3_E12local_wei_4"/></StgValue>
</bind>
</comp>

<comp id="140" class="1000" name="p_ZZ5conv1P8ap_fixedILi8ELi5EL9ap_q_mode5EL9ap_o_mode3ELi0EES3_S3_S3_E12local_wei_3">
<pin_list>
<pin id="141" dir="1" index="0" bw="1" slack="0"/>
</pin_list>
<bind>
<StgValue><ssdm name="p_ZZ5conv1P8ap_fixedILi8ELi5EL9ap_q_mode5EL9ap_o_mode3ELi0EES3_S3_S3_E12local_wei_3"/></StgValue>
</bind>
</comp>

<comp id="142" class="1000" name="p_ZZ5conv1P8ap_fixedILi8ELi5EL9ap_q_mode5EL9ap_o_mode3ELi0EES3_S3_S3_E12local_wei_2">
<pin_list>
<pin id="143" dir="1" index="0" bw="1" slack="0"/>
</pin_list>
<bind>
<StgValue><ssdm name="p_ZZ5conv1P8ap_fixedILi8ELi5EL9ap_q_mode5EL9ap_o_mode3ELi0EES3_S3_S3_E12local_wei_2"/></StgValue>
</bind>
</comp>

<comp id="144" class="1000" name="p_ZZ5conv1P8ap_fixedILi8ELi5EL9ap_q_mode5EL9ap_o_mode3ELi0EES3_S3_S3_E12local_wei_1">
<pin_list>
<pin id="145" dir="1" index="0" bw="1" slack="0"/>
</pin_list>
<bind>
<StgValue><ssdm name="p_ZZ5conv1P8ap_fixedILi8ELi5EL9ap_q_mode5EL9ap_o_mode3ELi0EES3_S3_S3_E12local_wei_1"/></StgValue>
</bind>
</comp>

<comp id="146" class="1000" name="p_ZZ5conv1P8ap_fixedILi8ELi5EL9ap_q_mode5EL9ap_o_mode3ELi0EES3_S3_S3_E12local_wei">
<pin_list>
<pin id="147" dir="1" index="0" bw="1" slack="0"/>
</pin_list>
<bind>
<StgValue><ssdm name="p_ZZ5conv1P8ap_fixedILi8ELi5EL9ap_q_mode5EL9ap_o_mode3ELi0EES3_S3_S3_E12local_wei"/></StgValue>
</bind>
</comp>

<comp id="148" class="1001" name="const_148">
<pin_list>
<pin id="149" dir="1" index="0" bw="1" slack="0"/>
</pin_list>
<bind>
<StgValue><ssdm name=""/></StgValue>
</bind>
</comp>

<comp id="150" class="1001" name="const_150">
<pin_list>
<pin id="151" dir="1" index="0" bw="1" slack="2147483647"/>
</pin_list>
<bind>
<StgValue><ssdm name="_ssdm_op_SpecStableContent"/></StgValue>
</bind>
</comp>

<comp id="152" class="1001" name="const_152">
<pin_list>
<pin id="153" dir="1" index="0" bw="1" slack="2147483647"/>
</pin_list>
<bind>
<StgValue><ssdm name=""/></StgValue>
</bind>
</comp>

<comp id="154" class="1001" name="const_154">
<pin_list>
<pin id="155" dir="1" index="0" bw="1" slack="2147483647"/>
</pin_list>
<bind>
<StgValue><ssdm name=""/></StgValue>
</bind>
</comp>

<comp id="156" class="1001" name="const_156">
<pin_list>
<pin id="157" dir="1" index="0" bw="1" slack="2147483647"/>
</pin_list>
<bind>
<StgValue><ssdm name="_ssdm_op_SpecInterface"/></StgValue>
</bind>
</comp>

<comp id="158" class="1001" name="const_158">
<pin_list>
<pin id="159" dir="1" index="0" bw="1" slack="2147483647"/>
</pin_list>
<bind>
<StgValue><ssdm name="empty_7"/></StgValue>
</bind>
</comp>

<comp id="160" class="1001" name="const_160">
<pin_list>
<pin id="161" dir="1" index="0" bw="1" slack="2147483647"/>
</pin_list>
<bind>
<StgValue><ssdm name=""/></StgValue>
</bind>
</comp>

<comp id="162" class="1001" name="const_162">
<pin_list>
<pin id="163" dir="1" index="0" bw="1" slack="2147483647"/>
</pin_list>
<bind>
<StgValue><ssdm name="empty_8"/></StgValue>
</bind>
</comp>

<comp id="164" class="1001" name="const_164">
<pin_list>
<pin id="165" dir="1" index="0" bw="1" slack="2147483647"/>
</pin_list>
<bind>
<StgValue><ssdm name=""/></StgValue>
</bind>
</comp>

<comp id="166" class="1001" name="const_166">
<pin_list>
<pin id="167" dir="1" index="0" bw="1" slack="2147483647"/>
</pin_list>
<bind>
<StgValue><ssdm name="empty_32"/></StgValue>
</bind>
</comp>

<comp id="168" class="1001" name="const_168">
<pin_list>
<pin id="169" dir="1" index="0" bw="1" slack="2147483647"/>
</pin_list>
<bind>
<StgValue><ssdm name="empty_20"/></StgValue>
</bind>
</comp>

<comp id="170" class="1001" name="const_170">
<pin_list>
<pin id="171" dir="1" index="0" bw="1" slack="2147483647"/>
</pin_list>
<bind>
<StgValue><ssdm name=""/></StgValue>
</bind>
</comp>

<comp id="172" class="1001" name="const_172">
<pin_list>
<pin id="173" dir="1" index="0" bw="1" slack="2147483647"/>
</pin_list>
<bind>
<StgValue><ssdm name=""/></StgValue>
</bind>
</comp>

<comp id="174" class="1001" name="const_174">
<pin_list>
<pin id="175" dir="1" index="0" bw="1" slack="0"/>
</pin_list>
<bind>
<StgValue><ssdm name="_ssdm_op_Read.ap_auto.i64"/></StgValue>
</bind>
</comp>

<comp id="176" class="1001" name="const_176">
<pin_list>
<pin id="177" dir="1" index="0" bw="1" slack="0"/>
</pin_list>
<bind>
<StgValue><ssdm name=""/></StgValue>
</bind>
</comp>

<comp id="178" class="1001" name="const_178">
<pin_list>
<pin id="179" dir="1" index="0" bw="1" slack="0"/>
</pin_list>
<bind>
<StgValue><ssdm name=""/></StgValue>
</bind>
</comp>

<comp id="180" class="1001" name="const_180">
<pin_list>
<pin id="181" dir="1" index="0" bw="1" slack="0"/>
</pin_list>
<bind>
<StgValue><ssdm name=""/></StgValue>
</bind>
</comp>

<comp id="182" class="1001" name="const_182">
<pin_list>
<pin id="183" dir="1" index="0" bw="1" slack="0"/>
</pin_list>
<bind>
<StgValue><ssdm name=""/></StgValue>
</bind>
</comp>

<comp id="184" class="1001" name="const_184">
<pin_list>
<pin id="185" dir="1" index="0" bw="1" slack="0"/>
</pin_list>
<bind>
<StgValue><ssdm name=""/></StgValue>
</bind>
</comp>

<comp id="186" class="1001" name="const_186">
<pin_list>
<pin id="187" dir="1" index="0" bw="1" slack="0"/>
</pin_list>
<bind>
<StgValue><ssdm name=""/></StgValue>
</bind>
</comp>

<comp id="188" class="1001" name="const_188">
<pin_list>
<pin id="189" dir="1" index="0" bw="1" slack="0"/>
</pin_list>
<bind>
<StgValue><ssdm name=""/></StgValue>
</bind>
</comp>

<comp id="190" class="1001" name="const_190">
<pin_list>
<pin id="191" dir="1" index="0" bw="1" slack="0"/>
</pin_list>
<bind>
<StgValue><ssdm name=""/></StgValue>
</bind>
</comp>

<comp id="192" class="1001" name="const_192">
<pin_list>
<pin id="193" dir="1" index="0" bw="1" slack="0"/>
</pin_list>
<bind>
<StgValue><ssdm name=""/></StgValue>
</bind>
</comp>

<comp id="194" class="1001" name="const_194">
<pin_list>
<pin id="195" dir="1" index="0" bw="1" slack="0"/>
</pin_list>
<bind>
<StgValue><ssdm name=""/></StgValue>
</bind>
</comp>

<comp id="196" class="1001" name="const_196">
<pin_list>
<pin id="197" dir="1" index="0" bw="1" slack="0"/>
</pin_list>
<bind>
<StgValue><ssdm name=""/></StgValue>
</bind>
</comp>

<comp id="198" class="1001" name="const_198">
<pin_list>
<pin id="199" dir="1" index="0" bw="1" slack="0"/>
</pin_list>
<bind>
<StgValue><ssdm name=""/></StgValue>
</bind>
</comp>

<comp id="200" class="1001" name="const_200">
<pin_list>
<pin id="201" dir="1" index="0" bw="1" slack="0"/>
</pin_list>
<bind>
<StgValue><ssdm name=""/></StgValue>
</bind>
</comp>

<comp id="202" class="1001" name="const_202">
<pin_list>
<pin id="203" dir="1" index="0" bw="1" slack="0"/>
</pin_list>
<bind>
<StgValue><ssdm name=""/></StgValue>
</bind>
</comp>

<comp id="204" class="1001" name="const_204">
<pin_list>
<pin id="205" dir="1" index="0" bw="1" slack="0"/>
</pin_list>
<bind>
<StgValue><ssdm name=""/></StgValue>
</bind>
</comp>

<comp id="206" class="1001" name="const_206">
<pin_list>
<pin id="207" dir="1" index="0" bw="1" slack="0"/>
</pin_list>
<bind>
<StgValue><ssdm name=""/></StgValue>
</bind>
</comp>

<comp id="208" class="1001" name="const_208">
<pin_list>
<pin id="209" dir="1" index="0" bw="1" slack="0"/>
</pin_list>
<bind>
<StgValue><ssdm name=""/></StgValue>
</bind>
</comp>

<comp id="210" class="1001" name="const_210">
<pin_list>
<pin id="211" dir="1" index="0" bw="1" slack="0"/>
</pin_list>
<bind>
<StgValue><ssdm name=""/></StgValue>
</bind>
</comp>

<comp id="212" class="1001" name="const_212">
<pin_list>
<pin id="213" dir="1" index="0" bw="1" slack="0"/>
</pin_list>
<bind>
<StgValue><ssdm name=""/></StgValue>
</bind>
</comp>

<comp id="214" class="1001" name="const_214">
<pin_list>
<pin id="215" dir="1" index="0" bw="1" slack="0"/>
</pin_list>
<bind>
<StgValue><ssdm name=""/></StgValue>
</bind>
</comp>

<comp id="216" class="1001" name="const_216">
<pin_list>
<pin id="217" dir="1" index="0" bw="1" slack="0"/>
</pin_list>
<bind>
<StgValue><ssdm name=""/></StgValue>
</bind>
</comp>

<comp id="218" class="1001" name="const_218">
<pin_list>
<pin id="219" dir="1" index="0" bw="1" slack="0"/>
</pin_list>
<bind>
<StgValue><ssdm name=""/></StgValue>
</bind>
</comp>

<comp id="220" class="1001" name="const_220">
<pin_list>
<pin id="221" dir="1" index="0" bw="1" slack="0"/>
</pin_list>
<bind>
<StgValue><ssdm name=""/></StgValue>
</bind>
</comp>

<comp id="222" class="1001" name="const_222">
<pin_list>
<pin id="223" dir="1" index="0" bw="1" slack="0"/>
</pin_list>
<bind>
<StgValue><ssdm name=""/></StgValue>
</bind>
</comp>

<comp id="224" class="1001" name="const_224">
<pin_list>
<pin id="225" dir="1" index="0" bw="1" slack="0"/>
</pin_list>
<bind>
<StgValue><ssdm name=""/></StgValue>
</bind>
</comp>

<comp id="226" class="1001" name="const_226">
<pin_list>
<pin id="227" dir="1" index="0" bw="1" slack="0"/>
</pin_list>
<bind>
<StgValue><ssdm name=""/></StgValue>
</bind>
</comp>

<comp id="228" class="1001" name="const_228">
<pin_list>
<pin id="229" dir="1" index="0" bw="1" slack="0"/>
</pin_list>
<bind>
<StgValue><ssdm name=""/></StgValue>
</bind>
</comp>

<comp id="230" class="1001" name="const_230">
<pin_list>
<pin id="231" dir="1" index="0" bw="1" slack="0"/>
</pin_list>
<bind>
<StgValue><ssdm name=""/></StgValue>
</bind>
</comp>

<comp id="232" class="1001" name="const_232">
<pin_list>
<pin id="233" dir="1" index="0" bw="1" slack="0"/>
</pin_list>
<bind>
<StgValue><ssdm name=""/></StgValue>
</bind>
</comp>

<comp id="234" class="1001" name="const_234">
<pin_list>
<pin id="235" dir="1" index="0" bw="1" slack="0"/>
</pin_list>
<bind>
<StgValue><ssdm name=""/></StgValue>
</bind>
</comp>

<comp id="236" class="1001" name="const_236">
<pin_list>
<pin id="237" dir="1" index="0" bw="1" slack="0"/>
</pin_list>
<bind>
<StgValue><ssdm name=""/></StgValue>
</bind>
</comp>

<comp id="238" class="1001" name="const_238">
<pin_list>
<pin id="239" dir="1" index="0" bw="1" slack="0"/>
</pin_list>
<bind>
<StgValue><ssdm name=""/></StgValue>
</bind>
</comp>

<comp id="240" class="1001" name="const_240">
<pin_list>
<pin id="241" dir="1" index="0" bw="1" slack="0"/>
</pin_list>
<bind>
<StgValue><ssdm name=""/></StgValue>
</bind>
</comp>

<comp id="242" class="1001" name="const_242">
<pin_list>
<pin id="243" dir="1" index="0" bw="1" slack="0"/>
</pin_list>
<bind>
<StgValue><ssdm name=""/></StgValue>
</bind>
</comp>

<comp id="244" class="1001" name="const_244">
<pin_list>
<pin id="245" dir="1" index="0" bw="1" slack="0"/>
</pin_list>
<bind>
<StgValue><ssdm name=""/></StgValue>
</bind>
</comp>

<comp id="246" class="1001" name="const_246">
<pin_list>
<pin id="247" dir="1" index="0" bw="1" slack="0"/>
</pin_list>
<bind>
<StgValue><ssdm name=""/></StgValue>
</bind>
</comp>

<comp id="248" class="1001" name="const_248">
<pin_list>
<pin id="249" dir="1" index="0" bw="1" slack="0"/>
</pin_list>
<bind>
<StgValue><ssdm name=""/></StgValue>
</bind>
</comp>

<comp id="250" class="1001" name="const_250">
<pin_list>
<pin id="251" dir="1" index="0" bw="1" slack="0"/>
</pin_list>
<bind>
<StgValue><ssdm name=""/></StgValue>
</bind>
</comp>

<comp id="252" class="1001" name="const_252">
<pin_list>
<pin id="253" dir="1" index="0" bw="1" slack="0"/>
</pin_list>
<bind>
<StgValue><ssdm name=""/></StgValue>
</bind>
</comp>

<comp id="254" class="1001" name="const_254">
<pin_list>
<pin id="255" dir="1" index="0" bw="1" slack="0"/>
</pin_list>
<bind>
<StgValue><ssdm name=""/></StgValue>
</bind>
</comp>

<comp id="256" class="1001" name="const_256">
<pin_list>
<pin id="257" dir="1" index="0" bw="1" slack="0"/>
</pin_list>
<bind>
<StgValue><ssdm name=""/></StgValue>
</bind>
</comp>

<comp id="258" class="1001" name="const_258">
<pin_list>
<pin id="259" dir="1" index="0" bw="1" slack="0"/>
</pin_list>
<bind>
<StgValue><ssdm name=""/></StgValue>
</bind>
</comp>

<comp id="260" class="1001" name="const_260">
<pin_list>
<pin id="261" dir="1" index="0" bw="1" slack="0"/>
</pin_list>
<bind>
<StgValue><ssdm name=""/></StgValue>
</bind>
</comp>

<comp id="262" class="1001" name="const_262">
<pin_list>
<pin id="263" dir="1" index="0" bw="1" slack="0"/>
</pin_list>
<bind>
<StgValue><ssdm name=""/></StgValue>
</bind>
</comp>

<comp id="264" class="1001" name="const_264">
<pin_list>
<pin id="265" dir="1" index="0" bw="1" slack="0"/>
</pin_list>
<bind>
<StgValue><ssdm name=""/></StgValue>
</bind>
</comp>

<comp id="266" class="1001" name="const_266">
<pin_list>
<pin id="267" dir="1" index="0" bw="1" slack="0"/>
</pin_list>
<bind>
<StgValue><ssdm name=""/></StgValue>
</bind>
</comp>

<comp id="268" class="1001" name="const_268">
<pin_list>
<pin id="269" dir="1" index="0" bw="1" slack="0"/>
</pin_list>
<bind>
<StgValue><ssdm name=""/></StgValue>
</bind>
</comp>

<comp id="270" class="1001" name="const_270">
<pin_list>
<pin id="271" dir="1" index="0" bw="1" slack="0"/>
</pin_list>
<bind>
<StgValue><ssdm name=""/></StgValue>
</bind>
</comp>

<comp id="272" class="1001" name="const_272">
<pin_list>
<pin id="273" dir="1" index="0" bw="1" slack="0"/>
</pin_list>
<bind>
<StgValue><ssdm name=""/></StgValue>
</bind>
</comp>

<comp id="274" class="1001" name="const_274">
<pin_list>
<pin id="275" dir="1" index="0" bw="1" slack="0"/>
</pin_list>
<bind>
<StgValue><ssdm name=""/></StgValue>
</bind>
</comp>

<comp id="276" class="1001" name="const_276">
<pin_list>
<pin id="277" dir="1" index="0" bw="1" slack="0"/>
</pin_list>
<bind>
<StgValue><ssdm name=""/></StgValue>
</bind>
</comp>

<comp id="278" class="1001" name="const_278">
<pin_list>
<pin id="279" dir="1" index="0" bw="1" slack="0"/>
</pin_list>
<bind>
<StgValue><ssdm name=""/></StgValue>
</bind>
</comp>

<comp id="280" class="1001" name="const_280">
<pin_list>
<pin id="281" dir="1" index="0" bw="1" slack="0"/>
</pin_list>
<bind>
<StgValue><ssdm name=""/></StgValue>
</bind>
</comp>

<comp id="282" class="1001" name="const_282">
<pin_list>
<pin id="283" dir="1" index="0" bw="1" slack="0"/>
</pin_list>
<bind>
<StgValue><ssdm name=""/></StgValue>
</bind>
</comp>

<comp id="284" class="1001" name="const_284">
<pin_list>
<pin id="285" dir="1" index="0" bw="1" slack="0"/>
</pin_list>
<bind>
<StgValue><ssdm name=""/></StgValue>
</bind>
</comp>

<comp id="286" class="1001" name="const_286">
<pin_list>
<pin id="287" dir="1" index="0" bw="1" slack="0"/>
</pin_list>
<bind>
<StgValue><ssdm name=""/></StgValue>
</bind>
</comp>

<comp id="288" class="1001" name="const_288">
<pin_list>
<pin id="289" dir="1" index="0" bw="1" slack="0"/>
</pin_list>
<bind>
<StgValue><ssdm name=""/></StgValue>
</bind>
</comp>

<comp id="290" class="1001" name="const_290">
<pin_list>
<pin id="291" dir="1" index="0" bw="1" slack="0"/>
</pin_list>
<bind>
<StgValue><ssdm name=""/></StgValue>
</bind>
</comp>

<comp id="292" class="1001" name="const_292">
<pin_list>
<pin id="293" dir="1" index="0" bw="1" slack="0"/>
</pin_list>
<bind>
<StgValue><ssdm name=""/></StgValue>
</bind>
</comp>

<comp id="294" class="1001" name="const_294">
<pin_list>
<pin id="295" dir="1" index="0" bw="1" slack="0"/>
</pin_list>
<bind>
<StgValue><ssdm name=""/></StgValue>
</bind>
</comp>

<comp id="296" class="1001" name="const_296">
<pin_list>
<pin id="297" dir="1" index="0" bw="1" slack="0"/>
</pin_list>
<bind>
<StgValue><ssdm name=""/></StgValue>
</bind>
</comp>

<comp id="298" class="1001" name="const_298">
<pin_list>
<pin id="299" dir="1" index="0" bw="1" slack="0"/>
</pin_list>
<bind>
<StgValue><ssdm name=""/></StgValue>
</bind>
</comp>

<comp id="300" class="1001" name="const_300">
<pin_list>
<pin id="301" dir="1" index="0" bw="1" slack="0"/>
</pin_list>
<bind>
<StgValue><ssdm name=""/></StgValue>
</bind>
</comp>

<comp id="302" class="1001" name="const_302">
<pin_list>
<pin id="303" dir="1" index="0" bw="1" slack="0"/>
</pin_list>
<bind>
<StgValue><ssdm name=""/></StgValue>
</bind>
</comp>

<comp id="304" class="1001" name="const_304">
<pin_list>
<pin id="305" dir="1" index="0" bw="1" slack="0"/>
</pin_list>
<bind>
<StgValue><ssdm name=""/></StgValue>
</bind>
</comp>

<comp id="306" class="1001" name="const_306">
<pin_list>
<pin id="307" dir="1" index="0" bw="1" slack="0"/>
</pin_list>
<bind>
<StgValue><ssdm name=""/></StgValue>
</bind>
</comp>

<comp id="308" class="1001" name="const_308">
<pin_list>
<pin id="309" dir="1" index="0" bw="1" slack="0"/>
</pin_list>
<bind>
<StgValue><ssdm name=""/></StgValue>
</bind>
</comp>

<comp id="310" class="1001" name="const_310">
<pin_list>
<pin id="311" dir="1" index="0" bw="1" slack="0"/>
</pin_list>
<bind>
<StgValue><ssdm name=""/></StgValue>
</bind>
</comp>

<comp id="312" class="1001" name="const_312">
<pin_list>
<pin id="313" dir="1" index="0" bw="1" slack="0"/>
</pin_list>
<bind>
<StgValue><ssdm name=""/></StgValue>
</bind>
</comp>

<comp id="314" class="1001" name="const_314">
<pin_list>
<pin id="315" dir="1" index="0" bw="1" slack="0"/>
</pin_list>
<bind>
<StgValue><ssdm name=""/></StgValue>
</bind>
</comp>

<comp id="316" class="1001" name="const_316">
<pin_list>
<pin id="317" dir="1" index="0" bw="1" slack="0"/>
</pin_list>
<bind>
<StgValue><ssdm name=""/></StgValue>
</bind>
</comp>

<comp id="318" class="1001" name="const_318">
<pin_list>
<pin id="319" dir="1" index="0" bw="1" slack="0"/>
</pin_list>
<bind>
<StgValue><ssdm name=""/></StgValue>
</bind>
</comp>

<comp id="320" class="1001" name="const_320">
<pin_list>
<pin id="321" dir="1" index="0" bw="1" slack="2147483647"/>
</pin_list>
<bind>
<StgValue><ssdm name="_ssdm_op_SpecPipeline"/></StgValue>
</bind>
</comp>

<comp id="322" class="1001" name="const_322">
<pin_list>
<pin id="323" dir="1" index="0" bw="1" slack="2147483647"/>
</pin_list>
<bind>
<StgValue><ssdm name="_ssdm_op_SpecLoopTripCount"/></StgValue>
</bind>
</comp>

<comp id="324" class="1001" name="const_324">
<pin_list>
<pin id="325" dir="1" index="0" bw="1" slack="2147483647"/>
</pin_list>
<bind>
<StgValue><ssdm name=""/></StgValue>
</bind>
</comp>

<comp id="326" class="1001" name="const_326">
<pin_list>
<pin id="327" dir="1" index="0" bw="1" slack="2147483647"/>
</pin_list>
<bind>
<StgValue><ssdm name="_ssdm_op_SpecLoopName"/></StgValue>
</bind>
</comp>

<comp id="328" class="1001" name="const_328">
<pin_list>
<pin id="329" dir="1" index="0" bw="1" slack="2147483647"/>
</pin_list>
<bind>
<StgValue><ssdm name="empty"/></StgValue>
</bind>
</comp>

<comp id="330" class="1001" name="const_330">
<pin_list>
<pin id="331" dir="1" index="0" bw="1" slack="0"/>
</pin_list>
<bind>
<StgValue><ssdm name="_ssdm_op_Read.m_axi.i8.p1i8"/></StgValue>
</bind>
</comp>

<comp id="332" class="1004" name="i_fu_332">
<pin_list>
<pin id="333" dir="0" index="0" bw="1" slack="0"/>
<pin id="334" dir="1" index="1" bw="7" slack="0"/>
</pin_list>
<bind>
<opcode="alloca(26) " fcode="alloca"/>
<opset="i/1 "/>
</bind>
</comp>

<comp id="336" class="1004" name="weight_read_read_fu_336">
<pin_list>
<pin id="337" dir="0" index="0" bw="64" slack="0"/>
<pin id="338" dir="0" index="1" bw="64" slack="0"/>
<pin id="339" dir="1" index="2" bw="64" slack="0"/>
</pin_list>
<bind>
<opcode="read(1150) " fcode="read"/>
<opset="weight_read/1 "/>
</bind>
</comp>

<comp id="342" class="1004" name="gmem1_addr_read_read_fu_342">
<pin_list>
<pin id="343" dir="0" index="0" bw="8" slack="0"/>
<pin id="344" dir="0" index="1" bw="8" slack="1"/>
<pin id="345" dir="1" index="2" bw="8" slack="0"/>
</pin_list>
<bind>
<opcode="read(1150) " fcode="read"/>
<opset="gmem1_addr_read/2 "/>
</bind>
</comp>

<comp id="347" class="1004" name="store_ln21_store_fu_347">
<pin_list>
<pin id="348" dir="0" index="0" bw="1" slack="0"/>
<pin id="349" dir="0" index="1" bw="7" slack="0"/>
<pin id="350" dir="1" index="2" bw="0" slack="2147483647"/>
</pin_list>
<bind>
<opcode="store(28) " fcode="store"/>
<opset="store_ln21/1 "/>
</bind>
</comp>

<comp id="352" class="1004" name="i_5_load_fu_352">
<pin_list>
<pin id="353" dir="0" index="0" bw="7" slack="0"/>
<pin id="354" dir="1" index="1" bw="7" slack="0"/>
</pin_list>
<bind>
<opcode="load(27) " fcode="load"/>
<opset="i_5/1 "/>
</bind>
</comp>

<comp id="355" class="1004" name="icmp_ln21_fu_355">
<pin_list>
<pin id="356" dir="0" index="0" bw="7" slack="0"/>
<pin id="357" dir="0" index="1" bw="7" slack="0"/>
<pin id="358" dir="1" index="2" bw="1" slack="2147483647"/>
</pin_list>
<bind>
<opcode="icmp(45) " fcode="icmp"/>
<opset="icmp_ln21/1 "/>
</bind>
</comp>

<comp id="361" class="1004" name="add_ln21_fu_361">
<pin_list>
<pin id="362" dir="0" index="0" bw="7" slack="0"/>
<pin id="363" dir="0" index="1" bw="1" slack="0"/>
<pin id="364" dir="1" index="2" bw="7" slack="0"/>
</pin_list>
<bind>
<opcode="add(8) " fcode="add"/>
<opset="add_ln21/1 "/>
</bind>
</comp>

<comp id="367" class="1004" name="gmem1_addr_fu_367">
<pin_list>
<pin id="368" dir="0" index="0" bw="8" slack="0"/>
<pin id="369" dir="0" index="1" bw="64" slack="0"/>
<pin id="370" dir="1" index="2" bw="8" slack="1"/>
</pin_list>
<bind>
<opcode="getelementptr(29) " fcode="getelementptr"/>
<opset="gmem1_addr/1 "/>
</bind>
</comp>

<comp id="373" class="1004" name="switch_ln23_fu_373">
<pin_list>
<pin id="374" dir="0" index="0" bw="7" slack="0"/>
<pin id="375" dir="0" index="1" bw="1" slack="0"/>
<pin id="376" dir="0" index="2" bw="1" slack="0"/>
<pin id="377" dir="0" index="3" bw="3" slack="0"/>
<pin id="378" dir="0" index="4" bw="3" slack="0"/>
<pin id="379" dir="0" index="5" bw="4" slack="0"/>
<pin id="380" dir="0" index="6" bw="4" slack="0"/>
<pin id="381" dir="0" index="7" bw="4" slack="0"/>
<pin id="382" dir="0" index="8" bw="4" slack="0"/>
<pin id="383" dir="0" index="9" bw="5" slack="0"/>
<pin id="384" dir="0" index="10" bw="5" slack="0"/>
<pin id="385" dir="0" index="11" bw="5" slack="0"/>
<pin id="386" dir="0" index="12" bw="5" slack="0"/>
<pin id="387" dir="0" index="13" bw="5" slack="0"/>
<pin id="388" dir="0" index="14" bw="5" slack="0"/>
<pin id="389" dir="0" index="15" bw="5" slack="0"/>
<pin id="390" dir="0" index="16" bw="5" slack="0"/>
<pin id="391" dir="0" index="17" bw="6" slack="0"/>
<pin id="392" dir="0" index="18" bw="6" slack="0"/>
<pin id="393" dir="0" index="19" bw="6" slack="0"/>
<pin id="394" dir="0" index="20" bw="6" slack="0"/>
<pin id="395" dir="0" index="21" bw="6" slack="0"/>
<pin id="396" dir="0" index="22" bw="6" slack="0"/>
<pin id="397" dir="0" index="23" bw="6" slack="0"/>
<pin id="398" dir="0" index="24" bw="6" slack="0"/>
<pin id="399" dir="0" index="25" bw="6" slack="0"/>
<pin id="400" dir="0" index="26" bw="6" slack="0"/>
<pin id="401" dir="0" index="27" bw="6" slack="0"/>
<pin id="402" dir="0" index="28" bw="6" slack="0"/>
<pin id="403" dir="0" index="29" bw="6" slack="0"/>
<pin id="404" dir="0" index="30" bw="6" slack="0"/>
<pin id="405" dir="0" index="31" bw="6" slack="0"/>
<pin id="406" dir="0" index="32" bw="6" slack="0"/>
<pin id="407" dir="0" index="33" bw="7" slack="0"/>
<pin id="408" dir="0" index="34" bw="7" slack="0"/>
<pin id="409" dir="0" index="35" bw="7" slack="0"/>
<pin id="410" dir="0" index="36" bw="7" slack="0"/>
<pin id="411" dir="0" index="37" bw="7" slack="0"/>
<pin id="412" dir="0" index="38" bw="7" slack="0"/>
<pin id="413" dir="0" index="39" bw="7" slack="0"/>
<pin id="414" dir="0" index="40" bw="7" slack="0"/>
<pin id="415" dir="0" index="41" bw="7" slack="0"/>
<pin id="416" dir="0" index="42" bw="7" slack="0"/>
<pin id="417" dir="0" index="43" bw="7" slack="0"/>
<pin id="418" dir="0" index="44" bw="7" slack="0"/>
<pin id="419" dir="0" index="45" bw="7" slack="0"/>
<pin id="420" dir="0" index="46" bw="7" slack="0"/>
<pin id="421" dir="0" index="47" bw="7" slack="0"/>
<pin id="422" dir="0" index="48" bw="7" slack="0"/>
<pin id="423" dir="0" index="49" bw="7" slack="0"/>
<pin id="424" dir="0" index="50" bw="7" slack="0"/>
<pin id="425" dir="0" index="51" bw="7" slack="0"/>
<pin id="426" dir="0" index="52" bw="7" slack="0"/>
<pin id="427" dir="0" index="53" bw="7" slack="0"/>
<pin id="428" dir="0" index="54" bw="7" slack="0"/>
<pin id="429" dir="0" index="55" bw="7" slack="0"/>
<pin id="430" dir="0" index="56" bw="7" slack="0"/>
<pin id="431" dir="0" index="57" bw="7" slack="0"/>
<pin id="432" dir="0" index="58" bw="7" slack="0"/>
<pin id="433" dir="0" index="59" bw="7" slack="0"/>
<pin id="434" dir="0" index="60" bw="7" slack="0"/>
<pin id="435" dir="0" index="61" bw="7" slack="0"/>
<pin id="436" dir="0" index="62" bw="7" slack="0"/>
<pin id="437" dir="0" index="63" bw="7" slack="0"/>
<pin id="438" dir="0" index="64" bw="7" slack="0"/>
<pin id="439" dir="0" index="65" bw="7" slack="0"/>
<pin id="440" dir="0" index="66" bw="7" slack="0"/>
<pin id="441" dir="0" index="67" bw="7" slack="0"/>
<pin id="442" dir="0" index="68" bw="7" slack="0"/>
<pin id="443" dir="0" index="69" bw="7" slack="0"/>
<pin id="444" dir="0" index="70" bw="7" slack="0"/>
<pin id="445" dir="0" index="71" bw="7" slack="0"/>
<pin id="446" dir="1" index="72" bw="0" slack="2147483647"/>
</pin_list>
<bind>
<opcode="switch(3) " fcode="switch"/>
<opset="switch_ln23/1 "/>
</bind>
</comp>

<comp id="519" class="1004" name="store_ln21_store_fu_519">
<pin_list>
<pin id="520" dir="0" index="0" bw="7" slack="0"/>
<pin id="521" dir="0" index="1" bw="7" slack="0"/>
<pin id="522" dir="1" index="2" bw="0" slack="2147483647"/>
</pin_list>
<bind>
<opcode="store(28) " fcode="store"/>
<opset="store_ln21/1 "/>
</bind>
</comp>

<comp id="524" class="1004" name="store_ln23_store_fu_524">
<pin_list>
<pin id="525" dir="0" index="0" bw="8" slack="0"/>
<pin id="526" dir="0" index="1" bw="8" slack="0"/>
<pin id="527" dir="1" index="2" bw="0" slack="2147483647"/>
</pin_list>
<bind>
<opcode="store(28) " fcode="store"/>
<opset="store_ln23/2 "/>
</bind>
</comp>

<comp id="530" class="1004" name="store_ln23_store_fu_530">
<pin_list>
<pin id="531" dir="0" index="0" bw="8" slack="0"/>
<pin id="532" dir="0" index="1" bw="8" slack="0"/>
<pin id="533" dir="1" index="2" bw="0" slack="2147483647"/>
</pin_list>
<bind>
<opcode="store(28) " fcode="store"/>
<opset="store_ln23/2 "/>
</bind>
</comp>

<comp id="536" class="1004" name="store_ln23_store_fu_536">
<pin_list>
<pin id="537" dir="0" index="0" bw="8" slack="0"/>
<pin id="538" dir="0" index="1" bw="8" slack="0"/>
<pin id="539" dir="1" index="2" bw="0" slack="2147483647"/>
</pin_list>
<bind>
<opcode="store(28) " fcode="store"/>
<opset="store_ln23/2 "/>
</bind>
</comp>

<comp id="542" class="1004" name="store_ln23_store_fu_542">
<pin_list>
<pin id="543" dir="0" index="0" bw="8" slack="0"/>
<pin id="544" dir="0" index="1" bw="8" slack="0"/>
<pin id="545" dir="1" index="2" bw="0" slack="2147483647"/>
</pin_list>
<bind>
<opcode="store(28) " fcode="store"/>
<opset="store_ln23/2 "/>
</bind>
</comp>

<comp id="548" class="1004" name="store_ln23_store_fu_548">
<pin_list>
<pin id="549" dir="0" index="0" bw="8" slack="0"/>
<pin id="550" dir="0" index="1" bw="8" slack="0"/>
<pin id="551" dir="1" index="2" bw="0" slack="2147483647"/>
</pin_list>
<bind>
<opcode="store(28) " fcode="store"/>
<opset="store_ln23/2 "/>
</bind>
</comp>

<comp id="554" class="1004" name="store_ln23_store_fu_554">
<pin_list>
<pin id="555" dir="0" index="0" bw="8" slack="0"/>
<pin id="556" dir="0" index="1" bw="8" slack="0"/>
<pin id="557" dir="1" index="2" bw="0" slack="2147483647"/>
</pin_list>
<bind>
<opcode="store(28) " fcode="store"/>
<opset="store_ln23/2 "/>
</bind>
</comp>

<comp id="560" class="1004" name="store_ln23_store_fu_560">
<pin_list>
<pin id="561" dir="0" index="0" bw="8" slack="0"/>
<pin id="562" dir="0" index="1" bw="8" slack="0"/>
<pin id="563" dir="1" index="2" bw="0" slack="2147483647"/>
</pin_list>
<bind>
<opcode="store(28) " fcode="store"/>
<opset="store_ln23/2 "/>
</bind>
</comp>

<comp id="566" class="1004" name="store_ln23_store_fu_566">
<pin_list>
<pin id="567" dir="0" index="0" bw="8" slack="0"/>
<pin id="568" dir="0" index="1" bw="8" slack="0"/>
<pin id="569" dir="1" index="2" bw="0" slack="2147483647"/>
</pin_list>
<bind>
<opcode="store(28) " fcode="store"/>
<opset="store_ln23/2 "/>
</bind>
</comp>

<comp id="572" class="1004" name="store_ln23_store_fu_572">
<pin_list>
<pin id="573" dir="0" index="0" bw="8" slack="0"/>
<pin id="574" dir="0" index="1" bw="8" slack="0"/>
<pin id="575" dir="1" index="2" bw="0" slack="2147483647"/>
</pin_list>
<bind>
<opcode="store(28) " fcode="store"/>
<opset="store_ln23/2 "/>
</bind>
</comp>

<comp id="578" class="1004" name="store_ln23_store_fu_578">
<pin_list>
<pin id="579" dir="0" index="0" bw="8" slack="0"/>
<pin id="580" dir="0" index="1" bw="8" slack="0"/>
<pin id="581" dir="1" index="2" bw="0" slack="2147483647"/>
</pin_list>
<bind>
<opcode="store(28) " fcode="store"/>
<opset="store_ln23/2 "/>
</bind>
</comp>

<comp id="584" class="1004" name="store_ln23_store_fu_584">
<pin_list>
<pin id="585" dir="0" index="0" bw="8" slack="0"/>
<pin id="586" dir="0" index="1" bw="8" slack="0"/>
<pin id="587" dir="1" index="2" bw="0" slack="2147483647"/>
</pin_list>
<bind>
<opcode="store(28) " fcode="store"/>
<opset="store_ln23/2 "/>
</bind>
</comp>

<comp id="590" class="1004" name="store_ln23_store_fu_590">
<pin_list>
<pin id="591" dir="0" index="0" bw="8" slack="0"/>
<pin id="592" dir="0" index="1" bw="8" slack="0"/>
<pin id="593" dir="1" index="2" bw="0" slack="2147483647"/>
</pin_list>
<bind>
<opcode="store(28) " fcode="store"/>
<opset="store_ln23/2 "/>
</bind>
</comp>

<comp id="596" class="1004" name="store_ln23_store_fu_596">
<pin_list>
<pin id="597" dir="0" index="0" bw="8" slack="0"/>
<pin id="598" dir="0" index="1" bw="8" slack="0"/>
<pin id="599" dir="1" index="2" bw="0" slack="2147483647"/>
</pin_list>
<bind>
<opcode="store(28) " fcode="store"/>
<opset="store_ln23/2 "/>
</bind>
</comp>

<comp id="602" class="1004" name="store_ln23_store_fu_602">
<pin_list>
<pin id="603" dir="0" index="0" bw="8" slack="0"/>
<pin id="604" dir="0" index="1" bw="8" slack="0"/>
<pin id="605" dir="1" index="2" bw="0" slack="2147483647"/>
</pin_list>
<bind>
<opcode="store(28) " fcode="store"/>
<opset="store_ln23/2 "/>
</bind>
</comp>

<comp id="608" class="1004" name="store_ln23_store_fu_608">
<pin_list>
<pin id="609" dir="0" index="0" bw="8" slack="0"/>
<pin id="610" dir="0" index="1" bw="8" slack="0"/>
<pin id="611" dir="1" index="2" bw="0" slack="2147483647"/>
</pin_list>
<bind>
<opcode="store(28) " fcode="store"/>
<opset="store_ln23/2 "/>
</bind>
</comp>

<comp id="614" class="1004" name="store_ln23_store_fu_614">
<pin_list>
<pin id="615" dir="0" index="0" bw="8" slack="0"/>
<pin id="616" dir="0" index="1" bw="8" slack="0"/>
<pin id="617" dir="1" index="2" bw="0" slack="2147483647"/>
</pin_list>
<bind>
<opcode="store(28) " fcode="store"/>
<opset="store_ln23/2 "/>
</bind>
</comp>

<comp id="620" class="1004" name="store_ln23_store_fu_620">
<pin_list>
<pin id="621" dir="0" index="0" bw="8" slack="0"/>
<pin id="622" dir="0" index="1" bw="8" slack="0"/>
<pin id="623" dir="1" index="2" bw="0" slack="2147483647"/>
</pin_list>
<bind>
<opcode="store(28) " fcode="store"/>
<opset="store_ln23/2 "/>
</bind>
</comp>

<comp id="626" class="1004" name="store_ln23_store_fu_626">
<pin_list>
<pin id="627" dir="0" index="0" bw="8" slack="0"/>
<pin id="628" dir="0" index="1" bw="8" slack="0"/>
<pin id="629" dir="1" index="2" bw="0" slack="2147483647"/>
</pin_list>
<bind>
<opcode="store(28) " fcode="store"/>
<opset="store_ln23/2 "/>
</bind>
</comp>

<comp id="632" class="1004" name="store_ln23_store_fu_632">
<pin_list>
<pin id="633" dir="0" index="0" bw="8" slack="0"/>
<pin id="634" dir="0" index="1" bw="8" slack="0"/>
<pin id="635" dir="1" index="2" bw="0" slack="2147483647"/>
</pin_list>
<bind>
<opcode="store(28) " fcode="store"/>
<opset="store_ln23/2 "/>
</bind>
</comp>

<comp id="638" class="1004" name="store_ln23_store_fu_638">
<pin_list>
<pin id="639" dir="0" index="0" bw="8" slack="0"/>
<pin id="640" dir="0" index="1" bw="8" slack="0"/>
<pin id="641" dir="1" index="2" bw="0" slack="2147483647"/>
</pin_list>
<bind>
<opcode="store(28) " fcode="store"/>
<opset="store_ln23/2 "/>
</bind>
</comp>

<comp id="644" class="1004" name="store_ln23_store_fu_644">
<pin_list>
<pin id="645" dir="0" index="0" bw="8" slack="0"/>
<pin id="646" dir="0" index="1" bw="8" slack="0"/>
<pin id="647" dir="1" index="2" bw="0" slack="2147483647"/>
</pin_list>
<bind>
<opcode="store(28) " fcode="store"/>
<opset="store_ln23/2 "/>
</bind>
</comp>

<comp id="650" class="1004" name="store_ln23_store_fu_650">
<pin_list>
<pin id="651" dir="0" index="0" bw="8" slack="0"/>
<pin id="652" dir="0" index="1" bw="8" slack="0"/>
<pin id="653" dir="1" index="2" bw="0" slack="2147483647"/>
</pin_list>
<bind>
<opcode="store(28) " fcode="store"/>
<opset="store_ln23/2 "/>
</bind>
</comp>

<comp id="656" class="1004" name="store_ln23_store_fu_656">
<pin_list>
<pin id="657" dir="0" index="0" bw="8" slack="0"/>
<pin id="658" dir="0" index="1" bw="8" slack="0"/>
<pin id="659" dir="1" index="2" bw="0" slack="2147483647"/>
</pin_list>
<bind>
<opcode="store(28) " fcode="store"/>
<opset="store_ln23/2 "/>
</bind>
</comp>

<comp id="662" class="1004" name="store_ln23_store_fu_662">
<pin_list>
<pin id="663" dir="0" index="0" bw="8" slack="0"/>
<pin id="664" dir="0" index="1" bw="8" slack="0"/>
<pin id="665" dir="1" index="2" bw="0" slack="2147483647"/>
</pin_list>
<bind>
<opcode="store(28) " fcode="store"/>
<opset="store_ln23/2 "/>
</bind>
</comp>

<comp id="668" class="1004" name="store_ln23_store_fu_668">
<pin_list>
<pin id="669" dir="0" index="0" bw="8" slack="0"/>
<pin id="670" dir="0" index="1" bw="8" slack="0"/>
<pin id="671" dir="1" index="2" bw="0" slack="2147483647"/>
</pin_list>
<bind>
<opcode="store(28) " fcode="store"/>
<opset="store_ln23/2 "/>
</bind>
</comp>

<comp id="674" class="1004" name="store_ln23_store_fu_674">
<pin_list>
<pin id="675" dir="0" index="0" bw="8" slack="0"/>
<pin id="676" dir="0" index="1" bw="8" slack="0"/>
<pin id="677" dir="1" index="2" bw="0" slack="2147483647"/>
</pin_list>
<bind>
<opcode="store(28) " fcode="store"/>
<opset="store_ln23/2 "/>
</bind>
</comp>

<comp id="680" class="1004" name="store_ln23_store_fu_680">
<pin_list>
<pin id="681" dir="0" index="0" bw="8" slack="0"/>
<pin id="682" dir="0" index="1" bw="8" slack="0"/>
<pin id="683" dir="1" index="2" bw="0" slack="2147483647"/>
</pin_list>
<bind>
<opcode="store(28) " fcode="store"/>
<opset="store_ln23/2 "/>
</bind>
</comp>

<comp id="686" class="1004" name="store_ln23_store_fu_686">
<pin_list>
<pin id="687" dir="0" index="0" bw="8" slack="0"/>
<pin id="688" dir="0" index="1" bw="8" slack="0"/>
<pin id="689" dir="1" index="2" bw="0" slack="2147483647"/>
</pin_list>
<bind>
<opcode="store(28) " fcode="store"/>
<opset="store_ln23/2 "/>
</bind>
</comp>

<comp id="692" class="1004" name="store_ln23_store_fu_692">
<pin_list>
<pin id="693" dir="0" index="0" bw="8" slack="0"/>
<pin id="694" dir="0" index="1" bw="8" slack="0"/>
<pin id="695" dir="1" index="2" bw="0" slack="2147483647"/>
</pin_list>
<bind>
<opcode="store(28) " fcode="store"/>
<opset="store_ln23/2 "/>
</bind>
</comp>

<comp id="698" class="1004" name="store_ln23_store_fu_698">
<pin_list>
<pin id="699" dir="0" index="0" bw="8" slack="0"/>
<pin id="700" dir="0" index="1" bw="8" slack="0"/>
<pin id="701" dir="1" index="2" bw="0" slack="2147483647"/>
</pin_list>
<bind>
<opcode="store(28) " fcode="store"/>
<opset="store_ln23/2 "/>
</bind>
</comp>

<comp id="704" class="1004" name="store_ln23_store_fu_704">
<pin_list>
<pin id="705" dir="0" index="0" bw="8" slack="0"/>
<pin id="706" dir="0" index="1" bw="8" slack="0"/>
<pin id="707" dir="1" index="2" bw="0" slack="2147483647"/>
</pin_list>
<bind>
<opcode="store(28) " fcode="store"/>
<opset="store_ln23/2 "/>
</bind>
</comp>

<comp id="710" class="1004" name="store_ln23_store_fu_710">
<pin_list>
<pin id="711" dir="0" index="0" bw="8" slack="0"/>
<pin id="712" dir="0" index="1" bw="8" slack="0"/>
<pin id="713" dir="1" index="2" bw="0" slack="2147483647"/>
</pin_list>
<bind>
<opcode="store(28) " fcode="store"/>
<opset="store_ln23/2 "/>
</bind>
</comp>

<comp id="716" class="1004" name="store_ln23_store_fu_716">
<pin_list>
<pin id="717" dir="0" index="0" bw="8" slack="0"/>
<pin id="718" dir="0" index="1" bw="8" slack="0"/>
<pin id="719" dir="1" index="2" bw="0" slack="2147483647"/>
</pin_list>
<bind>
<opcode="store(28) " fcode="store"/>
<opset="store_ln23/2 "/>
</bind>
</comp>

<comp id="722" class="1004" name="store_ln23_store_fu_722">
<pin_list>
<pin id="723" dir="0" index="0" bw="8" slack="0"/>
<pin id="724" dir="0" index="1" bw="8" slack="0"/>
<pin id="725" dir="1" index="2" bw="0" slack="2147483647"/>
</pin_list>
<bind>
<opcode="store(28) " fcode="store"/>
<opset="store_ln23/2 "/>
</bind>
</comp>

<comp id="728" class="1004" name="store_ln23_store_fu_728">
<pin_list>
<pin id="729" dir="0" index="0" bw="8" slack="0"/>
<pin id="730" dir="0" index="1" bw="8" slack="0"/>
<pin id="731" dir="1" index="2" bw="0" slack="2147483647"/>
</pin_list>
<bind>
<opcode="store(28) " fcode="store"/>
<opset="store_ln23/2 "/>
</bind>
</comp>

<comp id="734" class="1004" name="store_ln23_store_fu_734">
<pin_list>
<pin id="735" dir="0" index="0" bw="8" slack="0"/>
<pin id="736" dir="0" index="1" bw="8" slack="0"/>
<pin id="737" dir="1" index="2" bw="0" slack="2147483647"/>
</pin_list>
<bind>
<opcode="store(28) " fcode="store"/>
<opset="store_ln23/2 "/>
</bind>
</comp>

<comp id="740" class="1004" name="store_ln23_store_fu_740">
<pin_list>
<pin id="741" dir="0" index="0" bw="8" slack="0"/>
<pin id="742" dir="0" index="1" bw="8" slack="0"/>
<pin id="743" dir="1" index="2" bw="0" slack="2147483647"/>
</pin_list>
<bind>
<opcode="store(28) " fcode="store"/>
<opset="store_ln23/2 "/>
</bind>
</comp>

<comp id="746" class="1004" name="store_ln23_store_fu_746">
<pin_list>
<pin id="747" dir="0" index="0" bw="8" slack="0"/>
<pin id="748" dir="0" index="1" bw="8" slack="0"/>
<pin id="749" dir="1" index="2" bw="0" slack="2147483647"/>
</pin_list>
<bind>
<opcode="store(28) " fcode="store"/>
<opset="store_ln23/2 "/>
</bind>
</comp>

<comp id="752" class="1004" name="store_ln23_store_fu_752">
<pin_list>
<pin id="753" dir="0" index="0" bw="8" slack="0"/>
<pin id="754" dir="0" index="1" bw="8" slack="0"/>
<pin id="755" dir="1" index="2" bw="0" slack="2147483647"/>
</pin_list>
<bind>
<opcode="store(28) " fcode="store"/>
<opset="store_ln23/2 "/>
</bind>
</comp>

<comp id="758" class="1004" name="store_ln23_store_fu_758">
<pin_list>
<pin id="759" dir="0" index="0" bw="8" slack="0"/>
<pin id="760" dir="0" index="1" bw="8" slack="0"/>
<pin id="761" dir="1" index="2" bw="0" slack="2147483647"/>
</pin_list>
<bind>
<opcode="store(28) " fcode="store"/>
<opset="store_ln23/2 "/>
</bind>
</comp>

<comp id="764" class="1004" name="store_ln23_store_fu_764">
<pin_list>
<pin id="765" dir="0" index="0" bw="8" slack="0"/>
<pin id="766" dir="0" index="1" bw="8" slack="0"/>
<pin id="767" dir="1" index="2" bw="0" slack="2147483647"/>
</pin_list>
<bind>
<opcode="store(28) " fcode="store"/>
<opset="store_ln23/2 "/>
</bind>
</comp>

<comp id="770" class="1004" name="store_ln23_store_fu_770">
<pin_list>
<pin id="771" dir="0" index="0" bw="8" slack="0"/>
<pin id="772" dir="0" index="1" bw="8" slack="0"/>
<pin id="773" dir="1" index="2" bw="0" slack="2147483647"/>
</pin_list>
<bind>
<opcode="store(28) " fcode="store"/>
<opset="store_ln23/2 "/>
</bind>
</comp>

<comp id="776" class="1004" name="store_ln23_store_fu_776">
<pin_list>
<pin id="777" dir="0" index="0" bw="8" slack="0"/>
<pin id="778" dir="0" index="1" bw="8" slack="0"/>
<pin id="779" dir="1" index="2" bw="0" slack="2147483647"/>
</pin_list>
<bind>
<opcode="store(28) " fcode="store"/>
<opset="store_ln23/2 "/>
</bind>
</comp>

<comp id="782" class="1004" name="store_ln23_store_fu_782">
<pin_list>
<pin id="783" dir="0" index="0" bw="8" slack="0"/>
<pin id="784" dir="0" index="1" bw="8" slack="0"/>
<pin id="785" dir="1" index="2" bw="0" slack="2147483647"/>
</pin_list>
<bind>
<opcode="store(28) " fcode="store"/>
<opset="store_ln23/2 "/>
</bind>
</comp>

<comp id="788" class="1004" name="store_ln23_store_fu_788">
<pin_list>
<pin id="789" dir="0" index="0" bw="8" slack="0"/>
<pin id="790" dir="0" index="1" bw="8" slack="0"/>
<pin id="791" dir="1" index="2" bw="0" slack="2147483647"/>
</pin_list>
<bind>
<opcode="store(28) " fcode="store"/>
<opset="store_ln23/2 "/>
</bind>
</comp>

<comp id="794" class="1004" name="store_ln23_store_fu_794">
<pin_list>
<pin id="795" dir="0" index="0" bw="8" slack="0"/>
<pin id="796" dir="0" index="1" bw="8" slack="0"/>
<pin id="797" dir="1" index="2" bw="0" slack="2147483647"/>
</pin_list>
<bind>
<opcode="store(28) " fcode="store"/>
<opset="store_ln23/2 "/>
</bind>
</comp>

<comp id="800" class="1004" name="store_ln23_store_fu_800">
<pin_list>
<pin id="801" dir="0" index="0" bw="8" slack="0"/>
<pin id="802" dir="0" index="1" bw="8" slack="0"/>
<pin id="803" dir="1" index="2" bw="0" slack="2147483647"/>
</pin_list>
<bind>
<opcode="store(28) " fcode="store"/>
<opset="store_ln23/2 "/>
</bind>
</comp>

<comp id="806" class="1004" name="store_ln23_store_fu_806">
<pin_list>
<pin id="807" dir="0" index="0" bw="8" slack="0"/>
<pin id="808" dir="0" index="1" bw="8" slack="0"/>
<pin id="809" dir="1" index="2" bw="0" slack="2147483647"/>
</pin_list>
<bind>
<opcode="store(28) " fcode="store"/>
<opset="store_ln23/2 "/>
</bind>
</comp>

<comp id="812" class="1004" name="store_ln23_store_fu_812">
<pin_list>
<pin id="813" dir="0" index="0" bw="8" slack="0"/>
<pin id="814" dir="0" index="1" bw="8" slack="0"/>
<pin id="815" dir="1" index="2" bw="0" slack="2147483647"/>
</pin_list>
<bind>
<opcode="store(28) " fcode="store"/>
<opset="store_ln23/2 "/>
</bind>
</comp>

<comp id="818" class="1004" name="store_ln23_store_fu_818">
<pin_list>
<pin id="819" dir="0" index="0" bw="8" slack="0"/>
<pin id="820" dir="0" index="1" bw="8" slack="0"/>
<pin id="821" dir="1" index="2" bw="0" slack="2147483647"/>
</pin_list>
<bind>
<opcode="store(28) " fcode="store"/>
<opset="store_ln23/2 "/>
</bind>
</comp>

<comp id="824" class="1004" name="store_ln23_store_fu_824">
<pin_list>
<pin id="825" dir="0" index="0" bw="8" slack="0"/>
<pin id="826" dir="0" index="1" bw="8" slack="0"/>
<pin id="827" dir="1" index="2" bw="0" slack="2147483647"/>
</pin_list>
<bind>
<opcode="store(28) " fcode="store"/>
<opset="store_ln23/2 "/>
</bind>
</comp>

<comp id="830" class="1004" name="store_ln23_store_fu_830">
<pin_list>
<pin id="831" dir="0" index="0" bw="8" slack="0"/>
<pin id="832" dir="0" index="1" bw="8" slack="0"/>
<pin id="833" dir="1" index="2" bw="0" slack="2147483647"/>
</pin_list>
<bind>
<opcode="store(28) " fcode="store"/>
<opset="store_ln23/2 "/>
</bind>
</comp>

<comp id="836" class="1004" name="store_ln23_store_fu_836">
<pin_list>
<pin id="837" dir="0" index="0" bw="8" slack="0"/>
<pin id="838" dir="0" index="1" bw="8" slack="0"/>
<pin id="839" dir="1" index="2" bw="0" slack="2147483647"/>
</pin_list>
<bind>
<opcode="store(28) " fcode="store"/>
<opset="store_ln23/2 "/>
</bind>
</comp>

<comp id="842" class="1004" name="store_ln23_store_fu_842">
<pin_list>
<pin id="843" dir="0" index="0" bw="8" slack="0"/>
<pin id="844" dir="0" index="1" bw="8" slack="0"/>
<pin id="845" dir="1" index="2" bw="0" slack="2147483647"/>
</pin_list>
<bind>
<opcode="store(28) " fcode="store"/>
<opset="store_ln23/2 "/>
</bind>
</comp>

<comp id="848" class="1004" name="store_ln23_store_fu_848">
<pin_list>
<pin id="849" dir="0" index="0" bw="8" slack="0"/>
<pin id="850" dir="0" index="1" bw="8" slack="0"/>
<pin id="851" dir="1" index="2" bw="0" slack="2147483647"/>
</pin_list>
<bind>
<opcode="store(28) " fcode="store"/>
<opset="store_ln23/2 "/>
</bind>
</comp>

<comp id="854" class="1004" name="store_ln23_store_fu_854">
<pin_list>
<pin id="855" dir="0" index="0" bw="8" slack="0"/>
<pin id="856" dir="0" index="1" bw="8" slack="0"/>
<pin id="857" dir="1" index="2" bw="0" slack="2147483647"/>
</pin_list>
<bind>
<opcode="store(28) " fcode="store"/>
<opset="store_ln23/2 "/>
</bind>
</comp>

<comp id="860" class="1004" name="store_ln23_store_fu_860">
<pin_list>
<pin id="861" dir="0" index="0" bw="8" slack="0"/>
<pin id="862" dir="0" index="1" bw="8" slack="0"/>
<pin id="863" dir="1" index="2" bw="0" slack="2147483647"/>
</pin_list>
<bind>
<opcode="store(28) " fcode="store"/>
<opset="store_ln23/2 "/>
</bind>
</comp>

<comp id="866" class="1004" name="store_ln23_store_fu_866">
<pin_list>
<pin id="867" dir="0" index="0" bw="8" slack="0"/>
<pin id="868" dir="0" index="1" bw="8" slack="0"/>
<pin id="869" dir="1" index="2" bw="0" slack="2147483647"/>
</pin_list>
<bind>
<opcode="store(28) " fcode="store"/>
<opset="store_ln23/2 "/>
</bind>
</comp>

<comp id="872" class="1004" name="store_ln23_store_fu_872">
<pin_list>
<pin id="873" dir="0" index="0" bw="8" slack="0"/>
<pin id="874" dir="0" index="1" bw="8" slack="0"/>
<pin id="875" dir="1" index="2" bw="0" slack="2147483647"/>
</pin_list>
<bind>
<opcode="store(28) " fcode="store"/>
<opset="store_ln23/2 "/>
</bind>
</comp>

<comp id="878" class="1004" name="store_ln23_store_fu_878">
<pin_list>
<pin id="879" dir="0" index="0" bw="8" slack="0"/>
<pin id="880" dir="0" index="1" bw="8" slack="0"/>
<pin id="881" dir="1" index="2" bw="0" slack="2147483647"/>
</pin_list>
<bind>
<opcode="store(28) " fcode="store"/>
<opset="store_ln23/2 "/>
</bind>
</comp>

<comp id="884" class="1004" name="store_ln23_store_fu_884">
<pin_list>
<pin id="885" dir="0" index="0" bw="8" slack="0"/>
<pin id="886" dir="0" index="1" bw="8" slack="0"/>
<pin id="887" dir="1" index="2" bw="0" slack="2147483647"/>
</pin_list>
<bind>
<opcode="store(28) " fcode="store"/>
<opset="store_ln23/2 "/>
</bind>
</comp>

<comp id="890" class="1004" name="store_ln23_store_fu_890">
<pin_list>
<pin id="891" dir="0" index="0" bw="8" slack="0"/>
<pin id="892" dir="0" index="1" bw="8" slack="0"/>
<pin id="893" dir="1" index="2" bw="0" slack="2147483647"/>
</pin_list>
<bind>
<opcode="store(28) " fcode="store"/>
<opset="store_ln23/2 "/>
</bind>
</comp>

<comp id="896" class="1004" name="store_ln23_store_fu_896">
<pin_list>
<pin id="897" dir="0" index="0" bw="8" slack="0"/>
<pin id="898" dir="0" index="1" bw="8" slack="0"/>
<pin id="899" dir="1" index="2" bw="0" slack="2147483647"/>
</pin_list>
<bind>
<opcode="store(28) " fcode="store"/>
<opset="store_ln23/2 "/>
</bind>
</comp>

<comp id="902" class="1004" name="store_ln23_store_fu_902">
<pin_list>
<pin id="903" dir="0" index="0" bw="8" slack="0"/>
<pin id="904" dir="0" index="1" bw="8" slack="0"/>
<pin id="905" dir="1" index="2" bw="0" slack="2147483647"/>
</pin_list>
<bind>
<opcode="store(28) " fcode="store"/>
<opset="store_ln23/2 "/>
</bind>
</comp>

<comp id="908" class="1004" name="store_ln23_store_fu_908">
<pin_list>
<pin id="909" dir="0" index="0" bw="8" slack="0"/>
<pin id="910" dir="0" index="1" bw="8" slack="0"/>
<pin id="911" dir="1" index="2" bw="0" slack="2147483647"/>
</pin_list>
<bind>
<opcode="store(28) " fcode="store"/>
<opset="store_ln23/2 "/>
</bind>
</comp>

<comp id="914" class="1004" name="store_ln23_store_fu_914">
<pin_list>
<pin id="915" dir="0" index="0" bw="8" slack="0"/>
<pin id="916" dir="0" index="1" bw="8" slack="0"/>
<pin id="917" dir="1" index="2" bw="0" slack="2147483647"/>
</pin_list>
<bind>
<opcode="store(28) " fcode="store"/>
<opset="store_ln23/2 "/>
</bind>
</comp>

<comp id="920" class="1004" name="store_ln23_store_fu_920">
<pin_list>
<pin id="921" dir="0" index="0" bw="8" slack="0"/>
<pin id="922" dir="0" index="1" bw="8" slack="0"/>
<pin id="923" dir="1" index="2" bw="0" slack="2147483647"/>
</pin_list>
<bind>
<opcode="store(28) " fcode="store"/>
<opset="store_ln23/2 "/>
</bind>
</comp>

<comp id="926" class="1004" name="store_ln23_store_fu_926">
<pin_list>
<pin id="927" dir="0" index="0" bw="8" slack="0"/>
<pin id="928" dir="0" index="1" bw="8" slack="0"/>
<pin id="929" dir="1" index="2" bw="0" slack="2147483647"/>
</pin_list>
<bind>
<opcode="store(28) " fcode="store"/>
<opset="store_ln23/2 "/>
</bind>
</comp>

<comp id="932" class="1004" name="store_ln23_store_fu_932">
<pin_list>
<pin id="933" dir="0" index="0" bw="8" slack="0"/>
<pin id="934" dir="0" index="1" bw="8" slack="0"/>
<pin id="935" dir="1" index="2" bw="0" slack="2147483647"/>
</pin_list>
<bind>
<opcode="store(28) " fcode="store"/>
<opset="store_ln23/2 "/>
</bind>
</comp>

<comp id="938" class="1004" name="store_ln23_store_fu_938">
<pin_list>
<pin id="939" dir="0" index="0" bw="8" slack="0"/>
<pin id="940" dir="0" index="1" bw="8" slack="0"/>
<pin id="941" dir="1" index="2" bw="0" slack="2147483647"/>
</pin_list>
<bind>
<opcode="store(28) " fcode="store"/>
<opset="store_ln23/2 "/>
</bind>
</comp>

<comp id="944" class="1004" name="store_ln23_store_fu_944">
<pin_list>
<pin id="945" dir="0" index="0" bw="8" slack="0"/>
<pin id="946" dir="0" index="1" bw="8" slack="0"/>
<pin id="947" dir="1" index="2" bw="0" slack="2147483647"/>
</pin_list>
<bind>
<opcode="store(28) " fcode="store"/>
<opset="store_ln23/2 "/>
</bind>
</comp>

<comp id="950" class="1004" name="store_ln23_store_fu_950">
<pin_list>
<pin id="951" dir="0" index="0" bw="8" slack="0"/>
<pin id="952" dir="0" index="1" bw="8" slack="0"/>
<pin id="953" dir="1" index="2" bw="0" slack="2147483647"/>
</pin_list>
<bind>
<opcode="store(28) " fcode="store"/>
<opset="store_ln23/2 "/>
</bind>
</comp>

<comp id="956" class="1005" name="i_reg_956">
<pin_list>
<pin id="957" dir="0" index="0" bw="7" slack="0"/>
<pin id="958" dir="1" index="1" bw="7" slack="0"/>
</pin_list>
<bind>
<opset="i "/>
</bind>
</comp>

<comp id="963" class="1005" name="i_5_reg_963">
<pin_list>
<pin id="964" dir="0" index="0" bw="7" slack="1"/>
<pin id="965" dir="1" index="1" bw="7" slack="2147483647"/>
</pin_list>
<bind>
<opset="i_5 "/>
</bind>
</comp>

<comp id="970" class="1005" name="gmem1_addr_reg_970">
<pin_list>
<pin id="971" dir="0" index="0" bw="8" slack="1"/>
<pin id="972" dir="1" index="1" bw="8" slack="1"/>
</pin_list>
<bind>
<opset="gmem1_addr "/>
</bind>
</comp>

</comp_list>

<net_list>
<net id="335"><net_src comp="148" pin="0"/><net_sink comp="332" pin=0"/></net>

<net id="340"><net_src comp="174" pin="0"/><net_sink comp="336" pin=0"/></net>

<net id="341"><net_src comp="2" pin="0"/><net_sink comp="336" pin=1"/></net>

<net id="346"><net_src comp="330" pin="0"/><net_sink comp="342" pin=0"/></net>

<net id="351"><net_src comp="176" pin="0"/><net_sink comp="347" pin=0"/></net>

<net id="359"><net_src comp="352" pin="1"/><net_sink comp="355" pin=0"/></net>

<net id="360"><net_src comp="178" pin="0"/><net_sink comp="355" pin=1"/></net>

<net id="365"><net_src comp="352" pin="1"/><net_sink comp="361" pin=0"/></net>

<net id="366"><net_src comp="180" pin="0"/><net_sink comp="361" pin=1"/></net>

<net id="371"><net_src comp="0" pin="0"/><net_sink comp="367" pin=0"/></net>

<net id="372"><net_src comp="336" pin="2"/><net_sink comp="367" pin=1"/></net>

<net id="447"><net_src comp="352" pin="1"/><net_sink comp="373" pin=0"/></net>

<net id="448"><net_src comp="176" pin="0"/><net_sink comp="373" pin=1"/></net>

<net id="449"><net_src comp="180" pin="0"/><net_sink comp="373" pin=2"/></net>

<net id="450"><net_src comp="182" pin="0"/><net_sink comp="373" pin=3"/></net>

<net id="451"><net_src comp="184" pin="0"/><net_sink comp="373" pin=4"/></net>

<net id="452"><net_src comp="186" pin="0"/><net_sink comp="373" pin=5"/></net>

<net id="453"><net_src comp="188" pin="0"/><net_sink comp="373" pin=6"/></net>

<net id="454"><net_src comp="190" pin="0"/><net_sink comp="373" pin=7"/></net>

<net id="455"><net_src comp="192" pin="0"/><net_sink comp="373" pin=8"/></net>

<net id="456"><net_src comp="194" pin="0"/><net_sink comp="373" pin=9"/></net>

<net id="457"><net_src comp="196" pin="0"/><net_sink comp="373" pin=10"/></net>

<net id="458"><net_src comp="198" pin="0"/><net_sink comp="373" pin=11"/></net>

<net id="459"><net_src comp="200" pin="0"/><net_sink comp="373" pin=12"/></net>

<net id="460"><net_src comp="202" pin="0"/><net_sink comp="373" pin=13"/></net>

<net id="461"><net_src comp="204" pin="0"/><net_sink comp="373" pin=14"/></net>

<net id="462"><net_src comp="206" pin="0"/><net_sink comp="373" pin=15"/></net>

<net id="463"><net_src comp="208" pin="0"/><net_sink comp="373" pin=16"/></net>

<net id="464"><net_src comp="210" pin="0"/><net_sink comp="373" pin=17"/></net>

<net id="465"><net_src comp="212" pin="0"/><net_sink comp="373" pin=18"/></net>

<net id="466"><net_src comp="214" pin="0"/><net_sink comp="373" pin=19"/></net>

<net id="467"><net_src comp="216" pin="0"/><net_sink comp="373" pin=20"/></net>

<net id="468"><net_src comp="218" pin="0"/><net_sink comp="373" pin=21"/></net>

<net id="469"><net_src comp="220" pin="0"/><net_sink comp="373" pin=22"/></net>

<net id="470"><net_src comp="222" pin="0"/><net_sink comp="373" pin=23"/></net>

<net id="471"><net_src comp="224" pin="0"/><net_sink comp="373" pin=24"/></net>

<net id="472"><net_src comp="226" pin="0"/><net_sink comp="373" pin=25"/></net>

<net id="473"><net_src comp="228" pin="0"/><net_sink comp="373" pin=26"/></net>

<net id="474"><net_src comp="230" pin="0"/><net_sink comp="373" pin=27"/></net>

<net id="475"><net_src comp="232" pin="0"/><net_sink comp="373" pin=28"/></net>

<net id="476"><net_src comp="234" pin="0"/><net_sink comp="373" pin=29"/></net>

<net id="477"><net_src comp="236" pin="0"/><net_sink comp="373" pin=30"/></net>

<net id="478"><net_src comp="238" pin="0"/><net_sink comp="373" pin=31"/></net>

<net id="479"><net_src comp="240" pin="0"/><net_sink comp="373" pin=32"/></net>

<net id="480"><net_src comp="242" pin="0"/><net_sink comp="373" pin=33"/></net>

<net id="481"><net_src comp="244" pin="0"/><net_sink comp="373" pin=34"/></net>

<net id="482"><net_src comp="246" pin="0"/><net_sink comp="373" pin=35"/></net>

<net id="483"><net_src comp="248" pin="0"/><net_sink comp="373" pin=36"/></net>

<net id="484"><net_src comp="250" pin="0"/><net_sink comp="373" pin=37"/></net>

<net id="485"><net_src comp="252" pin="0"/><net_sink comp="373" pin=38"/></net>

<net id="486"><net_src comp="254" pin="0"/><net_sink comp="373" pin=39"/></net>

<net id="487"><net_src comp="256" pin="0"/><net_sink comp="373" pin=40"/></net>

<net id="488"><net_src comp="258" pin="0"/><net_sink comp="373" pin=41"/></net>

<net id="489"><net_src comp="260" pin="0"/><net_sink comp="373" pin=42"/></net>

<net id="490"><net_src comp="262" pin="0"/><net_sink comp="373" pin=43"/></net>

<net id="491"><net_src comp="264" pin="0"/><net_sink comp="373" pin=44"/></net>

<net id="492"><net_src comp="266" pin="0"/><net_sink comp="373" pin=45"/></net>

<net id="493"><net_src comp="268" pin="0"/><net_sink comp="373" pin=46"/></net>

<net id="494"><net_src comp="270" pin="0"/><net_sink comp="373" pin=47"/></net>

<net id="495"><net_src comp="272" pin="0"/><net_sink comp="373" pin=48"/></net>

<net id="496"><net_src comp="274" pin="0"/><net_sink comp="373" pin=49"/></net>

<net id="497"><net_src comp="276" pin="0"/><net_sink comp="373" pin=50"/></net>

<net id="498"><net_src comp="278" pin="0"/><net_sink comp="373" pin=51"/></net>

<net id="499"><net_src comp="280" pin="0"/><net_sink comp="373" pin=52"/></net>

<net id="500"><net_src comp="282" pin="0"/><net_sink comp="373" pin=53"/></net>

<net id="501"><net_src comp="284" pin="0"/><net_sink comp="373" pin=54"/></net>

<net id="502"><net_src comp="286" pin="0"/><net_sink comp="373" pin=55"/></net>

<net id="503"><net_src comp="288" pin="0"/><net_sink comp="373" pin=56"/></net>

<net id="504"><net_src comp="290" pin="0"/><net_sink comp="373" pin=57"/></net>

<net id="505"><net_src comp="292" pin="0"/><net_sink comp="373" pin=58"/></net>

<net id="506"><net_src comp="294" pin="0"/><net_sink comp="373" pin=59"/></net>

<net id="507"><net_src comp="296" pin="0"/><net_sink comp="373" pin=60"/></net>

<net id="508"><net_src comp="298" pin="0"/><net_sink comp="373" pin=61"/></net>

<net id="509"><net_src comp="300" pin="0"/><net_sink comp="373" pin=62"/></net>

<net id="510"><net_src comp="302" pin="0"/><net_sink comp="373" pin=63"/></net>

<net id="511"><net_src comp="304" pin="0"/><net_sink comp="373" pin=64"/></net>

<net id="512"><net_src comp="306" pin="0"/><net_sink comp="373" pin=65"/></net>

<net id="513"><net_src comp="308" pin="0"/><net_sink comp="373" pin=66"/></net>

<net id="514"><net_src comp="310" pin="0"/><net_sink comp="373" pin=67"/></net>

<net id="515"><net_src comp="312" pin="0"/><net_sink comp="373" pin=68"/></net>

<net id="516"><net_src comp="314" pin="0"/><net_sink comp="373" pin=69"/></net>

<net id="517"><net_src comp="316" pin="0"/><net_sink comp="373" pin=70"/></net>

<net id="518"><net_src comp="318" pin="0"/><net_sink comp="373" pin=71"/></net>

<net id="523"><net_src comp="361" pin="2"/><net_sink comp="519" pin=0"/></net>

<net id="528"><net_src comp="342" pin="2"/><net_sink comp="524" pin=0"/></net>

<net id="529"><net_src comp="144" pin="0"/><net_sink comp="524" pin=1"/></net>

<net id="534"><net_src comp="342" pin="2"/><net_sink comp="530" pin=0"/></net>

<net id="535"><net_src comp="142" pin="0"/><net_sink comp="530" pin=1"/></net>

<net id="540"><net_src comp="342" pin="2"/><net_sink comp="536" pin=0"/></net>

<net id="541"><net_src comp="140" pin="0"/><net_sink comp="536" pin=1"/></net>

<net id="546"><net_src comp="342" pin="2"/><net_sink comp="542" pin=0"/></net>

<net id="547"><net_src comp="138" pin="0"/><net_sink comp="542" pin=1"/></net>

<net id="552"><net_src comp="342" pin="2"/><net_sink comp="548" pin=0"/></net>

<net id="553"><net_src comp="136" pin="0"/><net_sink comp="548" pin=1"/></net>

<net id="558"><net_src comp="342" pin="2"/><net_sink comp="554" pin=0"/></net>

<net id="559"><net_src comp="134" pin="0"/><net_sink comp="554" pin=1"/></net>

<net id="564"><net_src comp="342" pin="2"/><net_sink comp="560" pin=0"/></net>

<net id="565"><net_src comp="132" pin="0"/><net_sink comp="560" pin=1"/></net>

<net id="570"><net_src comp="342" pin="2"/><net_sink comp="566" pin=0"/></net>

<net id="571"><net_src comp="130" pin="0"/><net_sink comp="566" pin=1"/></net>

<net id="576"><net_src comp="342" pin="2"/><net_sink comp="572" pin=0"/></net>

<net id="577"><net_src comp="128" pin="0"/><net_sink comp="572" pin=1"/></net>

<net id="582"><net_src comp="342" pin="2"/><net_sink comp="578" pin=0"/></net>

<net id="583"><net_src comp="126" pin="0"/><net_sink comp="578" pin=1"/></net>

<net id="588"><net_src comp="342" pin="2"/><net_sink comp="584" pin=0"/></net>

<net id="589"><net_src comp="124" pin="0"/><net_sink comp="584" pin=1"/></net>

<net id="594"><net_src comp="342" pin="2"/><net_sink comp="590" pin=0"/></net>

<net id="595"><net_src comp="122" pin="0"/><net_sink comp="590" pin=1"/></net>

<net id="600"><net_src comp="342" pin="2"/><net_sink comp="596" pin=0"/></net>

<net id="601"><net_src comp="120" pin="0"/><net_sink comp="596" pin=1"/></net>

<net id="606"><net_src comp="342" pin="2"/><net_sink comp="602" pin=0"/></net>

<net id="607"><net_src comp="118" pin="0"/><net_sink comp="602" pin=1"/></net>

<net id="612"><net_src comp="342" pin="2"/><net_sink comp="608" pin=0"/></net>

<net id="613"><net_src comp="116" pin="0"/><net_sink comp="608" pin=1"/></net>

<net id="618"><net_src comp="342" pin="2"/><net_sink comp="614" pin=0"/></net>

<net id="619"><net_src comp="114" pin="0"/><net_sink comp="614" pin=1"/></net>

<net id="624"><net_src comp="342" pin="2"/><net_sink comp="620" pin=0"/></net>

<net id="625"><net_src comp="112" pin="0"/><net_sink comp="620" pin=1"/></net>

<net id="630"><net_src comp="342" pin="2"/><net_sink comp="626" pin=0"/></net>

<net id="631"><net_src comp="110" pin="0"/><net_sink comp="626" pin=1"/></net>

<net id="636"><net_src comp="342" pin="2"/><net_sink comp="632" pin=0"/></net>

<net id="637"><net_src comp="108" pin="0"/><net_sink comp="632" pin=1"/></net>

<net id="642"><net_src comp="342" pin="2"/><net_sink comp="638" pin=0"/></net>

<net id="643"><net_src comp="106" pin="0"/><net_sink comp="638" pin=1"/></net>

<net id="648"><net_src comp="342" pin="2"/><net_sink comp="644" pin=0"/></net>

<net id="649"><net_src comp="104" pin="0"/><net_sink comp="644" pin=1"/></net>

<net id="654"><net_src comp="342" pin="2"/><net_sink comp="650" pin=0"/></net>

<net id="655"><net_src comp="102" pin="0"/><net_sink comp="650" pin=1"/></net>

<net id="660"><net_src comp="342" pin="2"/><net_sink comp="656" pin=0"/></net>

<net id="661"><net_src comp="100" pin="0"/><net_sink comp="656" pin=1"/></net>

<net id="666"><net_src comp="342" pin="2"/><net_sink comp="662" pin=0"/></net>

<net id="667"><net_src comp="98" pin="0"/><net_sink comp="662" pin=1"/></net>

<net id="672"><net_src comp="342" pin="2"/><net_sink comp="668" pin=0"/></net>

<net id="673"><net_src comp="96" pin="0"/><net_sink comp="668" pin=1"/></net>

<net id="678"><net_src comp="342" pin="2"/><net_sink comp="674" pin=0"/></net>

<net id="679"><net_src comp="94" pin="0"/><net_sink comp="674" pin=1"/></net>

<net id="684"><net_src comp="342" pin="2"/><net_sink comp="680" pin=0"/></net>

<net id="685"><net_src comp="92" pin="0"/><net_sink comp="680" pin=1"/></net>

<net id="690"><net_src comp="342" pin="2"/><net_sink comp="686" pin=0"/></net>

<net id="691"><net_src comp="90" pin="0"/><net_sink comp="686" pin=1"/></net>

<net id="696"><net_src comp="342" pin="2"/><net_sink comp="692" pin=0"/></net>

<net id="697"><net_src comp="88" pin="0"/><net_sink comp="692" pin=1"/></net>

<net id="702"><net_src comp="342" pin="2"/><net_sink comp="698" pin=0"/></net>

<net id="703"><net_src comp="86" pin="0"/><net_sink comp="698" pin=1"/></net>

<net id="708"><net_src comp="342" pin="2"/><net_sink comp="704" pin=0"/></net>

<net id="709"><net_src comp="84" pin="0"/><net_sink comp="704" pin=1"/></net>

<net id="714"><net_src comp="342" pin="2"/><net_sink comp="710" pin=0"/></net>

<net id="715"><net_src comp="82" pin="0"/><net_sink comp="710" pin=1"/></net>

<net id="720"><net_src comp="342" pin="2"/><net_sink comp="716" pin=0"/></net>

<net id="721"><net_src comp="80" pin="0"/><net_sink comp="716" pin=1"/></net>

<net id="726"><net_src comp="342" pin="2"/><net_sink comp="722" pin=0"/></net>

<net id="727"><net_src comp="78" pin="0"/><net_sink comp="722" pin=1"/></net>

<net id="732"><net_src comp="342" pin="2"/><net_sink comp="728" pin=0"/></net>

<net id="733"><net_src comp="76" pin="0"/><net_sink comp="728" pin=1"/></net>

<net id="738"><net_src comp="342" pin="2"/><net_sink comp="734" pin=0"/></net>

<net id="739"><net_src comp="74" pin="0"/><net_sink comp="734" pin=1"/></net>

<net id="744"><net_src comp="342" pin="2"/><net_sink comp="740" pin=0"/></net>

<net id="745"><net_src comp="72" pin="0"/><net_sink comp="740" pin=1"/></net>

<net id="750"><net_src comp="342" pin="2"/><net_sink comp="746" pin=0"/></net>

<net id="751"><net_src comp="70" pin="0"/><net_sink comp="746" pin=1"/></net>

<net id="756"><net_src comp="342" pin="2"/><net_sink comp="752" pin=0"/></net>

<net id="757"><net_src comp="68" pin="0"/><net_sink comp="752" pin=1"/></net>

<net id="762"><net_src comp="342" pin="2"/><net_sink comp="758" pin=0"/></net>

<net id="763"><net_src comp="66" pin="0"/><net_sink comp="758" pin=1"/></net>

<net id="768"><net_src comp="342" pin="2"/><net_sink comp="764" pin=0"/></net>

<net id="769"><net_src comp="64" pin="0"/><net_sink comp="764" pin=1"/></net>

<net id="774"><net_src comp="342" pin="2"/><net_sink comp="770" pin=0"/></net>

<net id="775"><net_src comp="62" pin="0"/><net_sink comp="770" pin=1"/></net>

<net id="780"><net_src comp="342" pin="2"/><net_sink comp="776" pin=0"/></net>

<net id="781"><net_src comp="60" pin="0"/><net_sink comp="776" pin=1"/></net>

<net id="786"><net_src comp="342" pin="2"/><net_sink comp="782" pin=0"/></net>

<net id="787"><net_src comp="58" pin="0"/><net_sink comp="782" pin=1"/></net>

<net id="792"><net_src comp="342" pin="2"/><net_sink comp="788" pin=0"/></net>

<net id="793"><net_src comp="56" pin="0"/><net_sink comp="788" pin=1"/></net>

<net id="798"><net_src comp="342" pin="2"/><net_sink comp="794" pin=0"/></net>

<net id="799"><net_src comp="54" pin="0"/><net_sink comp="794" pin=1"/></net>

<net id="804"><net_src comp="342" pin="2"/><net_sink comp="800" pin=0"/></net>

<net id="805"><net_src comp="52" pin="0"/><net_sink comp="800" pin=1"/></net>

<net id="810"><net_src comp="342" pin="2"/><net_sink comp="806" pin=0"/></net>

<net id="811"><net_src comp="50" pin="0"/><net_sink comp="806" pin=1"/></net>

<net id="816"><net_src comp="342" pin="2"/><net_sink comp="812" pin=0"/></net>

<net id="817"><net_src comp="48" pin="0"/><net_sink comp="812" pin=1"/></net>

<net id="822"><net_src comp="342" pin="2"/><net_sink comp="818" pin=0"/></net>

<net id="823"><net_src comp="46" pin="0"/><net_sink comp="818" pin=1"/></net>

<net id="828"><net_src comp="342" pin="2"/><net_sink comp="824" pin=0"/></net>

<net id="829"><net_src comp="44" pin="0"/><net_sink comp="824" pin=1"/></net>

<net id="834"><net_src comp="342" pin="2"/><net_sink comp="830" pin=0"/></net>

<net id="835"><net_src comp="42" pin="0"/><net_sink comp="830" pin=1"/></net>

<net id="840"><net_src comp="342" pin="2"/><net_sink comp="836" pin=0"/></net>

<net id="841"><net_src comp="40" pin="0"/><net_sink comp="836" pin=1"/></net>

<net id="846"><net_src comp="342" pin="2"/><net_sink comp="842" pin=0"/></net>

<net id="847"><net_src comp="38" pin="0"/><net_sink comp="842" pin=1"/></net>

<net id="852"><net_src comp="342" pin="2"/><net_sink comp="848" pin=0"/></net>

<net id="853"><net_src comp="36" pin="0"/><net_sink comp="848" pin=1"/></net>

<net id="858"><net_src comp="342" pin="2"/><net_sink comp="854" pin=0"/></net>

<net id="859"><net_src comp="34" pin="0"/><net_sink comp="854" pin=1"/></net>

<net id="864"><net_src comp="342" pin="2"/><net_sink comp="860" pin=0"/></net>

<net id="865"><net_src comp="32" pin="0"/><net_sink comp="860" pin=1"/></net>

<net id="870"><net_src comp="342" pin="2"/><net_sink comp="866" pin=0"/></net>

<net id="871"><net_src comp="30" pin="0"/><net_sink comp="866" pin=1"/></net>

<net id="876"><net_src comp="342" pin="2"/><net_sink comp="872" pin=0"/></net>

<net id="877"><net_src comp="28" pin="0"/><net_sink comp="872" pin=1"/></net>

<net id="882"><net_src comp="342" pin="2"/><net_sink comp="878" pin=0"/></net>

<net id="883"><net_src comp="26" pin="0"/><net_sink comp="878" pin=1"/></net>

<net id="888"><net_src comp="342" pin="2"/><net_sink comp="884" pin=0"/></net>

<net id="889"><net_src comp="24" pin="0"/><net_sink comp="884" pin=1"/></net>

<net id="894"><net_src comp="342" pin="2"/><net_sink comp="890" pin=0"/></net>

<net id="895"><net_src comp="22" pin="0"/><net_sink comp="890" pin=1"/></net>

<net id="900"><net_src comp="342" pin="2"/><net_sink comp="896" pin=0"/></net>

<net id="901"><net_src comp="20" pin="0"/><net_sink comp="896" pin=1"/></net>

<net id="906"><net_src comp="342" pin="2"/><net_sink comp="902" pin=0"/></net>

<net id="907"><net_src comp="18" pin="0"/><net_sink comp="902" pin=1"/></net>

<net id="912"><net_src comp="342" pin="2"/><net_sink comp="908" pin=0"/></net>

<net id="913"><net_src comp="16" pin="0"/><net_sink comp="908" pin=1"/></net>

<net id="918"><net_src comp="342" pin="2"/><net_sink comp="914" pin=0"/></net>

<net id="919"><net_src comp="14" pin="0"/><net_sink comp="914" pin=1"/></net>

<net id="924"><net_src comp="342" pin="2"/><net_sink comp="920" pin=0"/></net>

<net id="925"><net_src comp="12" pin="0"/><net_sink comp="920" pin=1"/></net>

<net id="930"><net_src comp="342" pin="2"/><net_sink comp="926" pin=0"/></net>

<net id="931"><net_src comp="10" pin="0"/><net_sink comp="926" pin=1"/></net>

<net id="936"><net_src comp="342" pin="2"/><net_sink comp="932" pin=0"/></net>

<net id="937"><net_src comp="8" pin="0"/><net_sink comp="932" pin=1"/></net>

<net id="942"><net_src comp="342" pin="2"/><net_sink comp="938" pin=0"/></net>

<net id="943"><net_src comp="6" pin="0"/><net_sink comp="938" pin=1"/></net>

<net id="948"><net_src comp="342" pin="2"/><net_sink comp="944" pin=0"/></net>

<net id="949"><net_src comp="4" pin="0"/><net_sink comp="944" pin=1"/></net>

<net id="954"><net_src comp="342" pin="2"/><net_sink comp="950" pin=0"/></net>

<net id="955"><net_src comp="146" pin="0"/><net_sink comp="950" pin=1"/></net>

<net id="959"><net_src comp="332" pin="1"/><net_sink comp="956" pin=0"/></net>

<net id="960"><net_src comp="956" pin="1"/><net_sink comp="347" pin=1"/></net>

<net id="961"><net_src comp="956" pin="1"/><net_sink comp="352" pin=0"/></net>

<net id="962"><net_src comp="956" pin="1"/><net_sink comp="519" pin=1"/></net>

<net id="966"><net_src comp="352" pin="1"/><net_sink comp="963" pin=0"/></net>

<net id="973"><net_src comp="367" pin="2"/><net_sink comp="970" pin=0"/></net>

<net id="974"><net_src comp="970" pin="1"/><net_sink comp="342" pin=1"/></net>

</net_list>

</model> 
---------------- Datapath Model END ------------------

* FSMD analyzer results:
  - Output states:
	Port: conv1_ap_fixed_ap_fixed_ap_fixed_ap_fixed_8_5_5_3_0_local_weight_9 | {2 }
	Port: conv1_ap_fixed_ap_fixed_ap_fixed_ap_fixed_8_5_5_3_0_local_weight_8 | {2 }
	Port: conv1_ap_fixed_ap_fixed_ap_fixed_ap_fixed_8_5_5_3_0_local_weight_7 | {2 }
	Port: conv1_ap_fixed_ap_fixed_ap_fixed_ap_fixed_8_5_5_3_0_local_weight_6 | {2 }
	Port: conv1_ap_fixed_ap_fixed_ap_fixed_ap_fixed_8_5_5_3_0_local_weight_5 | {2 }
	Port: conv1_ap_fixed_ap_fixed_ap_fixed_ap_fixed_8_5_5_3_0_local_weight_4 | {2 }
	Port: conv1_ap_fixed_ap_fixed_ap_fixed_ap_fixed_8_5_5_3_0_local_weight_3 | {2 }
	Port: conv1_ap_fixed_ap_fixed_ap_fixed_ap_fixed_8_5_5_3_0_local_weight_2 | {2 }
	Port: conv1_ap_fixed_ap_fixed_ap_fixed_ap_fixed_8_5_5_3_0_local_weight_1 | {2 }
	Port: conv1_ap_fixed_ap_fixed_ap_fixed_ap_fixed_8_5_5_3_0_local_weight | {2 }
	Port: conv1_ap_fixed_8_5_ap_q_mode_5_ap_o_mode_3_0_ap_fixed_8_5_ap_q_mode_5_ap_o_mode_3_0_ap_fixed_8_5_ap_q_mode_5_ap_o_mode_3_0_ap_fixed_8_5_ap_q_mode_5_ap_o_mode_3_0_local_wei_61 | {2 }
	Port: conv1_ap_fixed_8_5_ap_q_mode_5_ap_o_mode_3_0_ap_fixed_8_5_ap_q_mode_5_ap_o_mode_3_0_ap_fixed_8_5_ap_q_mode_5_ap_o_mode_3_0_ap_fixed_8_5_ap_q_mode_5_ap_o_mode_3_0_local_wei_60 | {2 }
	Port: conv1_ap_fixed_8_5_ap_q_mode_5_ap_o_mode_3_0_ap_fixed_8_5_ap_q_mode_5_ap_o_mode_3_0_ap_fixed_8_5_ap_q_mode_5_ap_o_mode_3_0_ap_fixed_8_5_ap_q_mode_5_ap_o_mode_3_0_local_wei_59 | {2 }
	Port: conv1_ap_fixed_8_5_ap_q_mode_5_ap_o_mode_3_0_ap_fixed_8_5_ap_q_mode_5_ap_o_mode_3_0_ap_fixed_8_5_ap_q_mode_5_ap_o_mode_3_0_ap_fixed_8_5_ap_q_mode_5_ap_o_mode_3_0_local_wei_58 | {2 }
	Port: conv1_ap_fixed_8_5_ap_q_mode_5_ap_o_mode_3_0_ap_fixed_8_5_ap_q_mode_5_ap_o_mode_3_0_ap_fixed_8_5_ap_q_mode_5_ap_o_mode_3_0_ap_fixed_8_5_ap_q_mode_5_ap_o_mode_3_0_local_wei_57 | {2 }
	Port: conv1_ap_fixed_8_5_ap_q_mode_5_ap_o_mode_3_0_ap_fixed_8_5_ap_q_mode_5_ap_o_mode_3_0_ap_fixed_8_5_ap_q_mode_5_ap_o_mode_3_0_ap_fixed_8_5_ap_q_mode_5_ap_o_mode_3_0_local_wei_56 | {2 }
	Port: conv1_ap_fixed_8_5_ap_q_mode_5_ap_o_mode_3_0_ap_fixed_8_5_ap_q_mode_5_ap_o_mode_3_0_ap_fixed_8_5_ap_q_mode_5_ap_o_mode_3_0_ap_fixed_8_5_ap_q_mode_5_ap_o_mode_3_0_local_wei_55 | {2 }
	Port: conv1_ap_fixed_8_5_ap_q_mode_5_ap_o_mode_3_0_ap_fixed_8_5_ap_q_mode_5_ap_o_mode_3_0_ap_fixed_8_5_ap_q_mode_5_ap_o_mode_3_0_ap_fixed_8_5_ap_q_mode_5_ap_o_mode_3_0_local_wei_54 | {2 }
	Port: conv1_ap_fixed_8_5_ap_q_mode_5_ap_o_mode_3_0_ap_fixed_8_5_ap_q_mode_5_ap_o_mode_3_0_ap_fixed_8_5_ap_q_mode_5_ap_o_mode_3_0_ap_fixed_8_5_ap_q_mode_5_ap_o_mode_3_0_local_wei_53 | {2 }
	Port: conv1_ap_fixed_8_5_ap_q_mode_5_ap_o_mode_3_0_ap_fixed_8_5_ap_q_mode_5_ap_o_mode_3_0_ap_fixed_8_5_ap_q_mode_5_ap_o_mode_3_0_ap_fixed_8_5_ap_q_mode_5_ap_o_mode_3_0_local_wei_52 | {2 }
	Port: conv1_ap_fixed_8_5_ap_q_mode_5_ap_o_mode_3_0_ap_fixed_8_5_ap_q_mode_5_ap_o_mode_3_0_ap_fixed_8_5_ap_q_mode_5_ap_o_mode_3_0_ap_fixed_8_5_ap_q_mode_5_ap_o_mode_3_0_local_wei_51 | {2 }
	Port: conv1_ap_fixed_8_5_ap_q_mode_5_ap_o_mode_3_0_ap_fixed_8_5_ap_q_mode_5_ap_o_mode_3_0_ap_fixed_8_5_ap_q_mode_5_ap_o_mode_3_0_ap_fixed_8_5_ap_q_mode_5_ap_o_mode_3_0_local_wei_50 | {2 }
	Port: conv1_ap_fixed_8_5_ap_q_mode_5_ap_o_mode_3_0_ap_fixed_8_5_ap_q_mode_5_ap_o_mode_3_0_ap_fixed_8_5_ap_q_mode_5_ap_o_mode_3_0_ap_fixed_8_5_ap_q_mode_5_ap_o_mode_3_0_local_wei_49 | {2 }
	Port: conv1_ap_fixed_8_5_ap_q_mode_5_ap_o_mode_3_0_ap_fixed_8_5_ap_q_mode_5_ap_o_mode_3_0_ap_fixed_8_5_ap_q_mode_5_ap_o_mode_3_0_ap_fixed_8_5_ap_q_mode_5_ap_o_mode_3_0_local_wei_48 | {2 }
	Port: conv1_ap_fixed_8_5_ap_q_mode_5_ap_o_mode_3_0_ap_fixed_8_5_ap_q_mode_5_ap_o_mode_3_0_ap_fixed_8_5_ap_q_mode_5_ap_o_mode_3_0_ap_fixed_8_5_ap_q_mode_5_ap_o_mode_3_0_local_wei_47 | {2 }
	Port: conv1_ap_fixed_8_5_ap_q_mode_5_ap_o_mode_3_0_ap_fixed_8_5_ap_q_mode_5_ap_o_mode_3_0_ap_fixed_8_5_ap_q_mode_5_ap_o_mode_3_0_ap_fixed_8_5_ap_q_mode_5_ap_o_mode_3_0_local_wei_46 | {2 }
	Port: conv1_ap_fixed_8_5_ap_q_mode_5_ap_o_mode_3_0_ap_fixed_8_5_ap_q_mode_5_ap_o_mode_3_0_ap_fixed_8_5_ap_q_mode_5_ap_o_mode_3_0_ap_fixed_8_5_ap_q_mode_5_ap_o_mode_3_0_local_wei_45 | {2 }
	Port: conv1_ap_fixed_8_5_ap_q_mode_5_ap_o_mode_3_0_ap_fixed_8_5_ap_q_mode_5_ap_o_mode_3_0_ap_fixed_8_5_ap_q_mode_5_ap_o_mode_3_0_ap_fixed_8_5_ap_q_mode_5_ap_o_mode_3_0_local_wei_44 | {2 }
	Port: conv1_ap_fixed_8_5_ap_q_mode_5_ap_o_mode_3_0_ap_fixed_8_5_ap_q_mode_5_ap_o_mode_3_0_ap_fixed_8_5_ap_q_mode_5_ap_o_mode_3_0_ap_fixed_8_5_ap_q_mode_5_ap_o_mode_3_0_local_wei_43 | {2 }
	Port: conv1_ap_fixed_8_5_ap_q_mode_5_ap_o_mode_3_0_ap_fixed_8_5_ap_q_mode_5_ap_o_mode_3_0_ap_fixed_8_5_ap_q_mode_5_ap_o_mode_3_0_ap_fixed_8_5_ap_q_mode_5_ap_o_mode_3_0_local_wei_42 | {2 }
	Port: conv1_ap_fixed_8_5_ap_q_mode_5_ap_o_mode_3_0_ap_fixed_8_5_ap_q_mode_5_ap_o_mode_3_0_ap_fixed_8_5_ap_q_mode_5_ap_o_mode_3_0_ap_fixed_8_5_ap_q_mode_5_ap_o_mode_3_0_local_wei_41 | {2 }
	Port: conv1_ap_fixed_8_5_ap_q_mode_5_ap_o_mode_3_0_ap_fixed_8_5_ap_q_mode_5_ap_o_mode_3_0_ap_fixed_8_5_ap_q_mode_5_ap_o_mode_3_0_ap_fixed_8_5_ap_q_mode_5_ap_o_mode_3_0_local_wei_40 | {2 }
	Port: conv1_ap_fixed_8_5_ap_q_mode_5_ap_o_mode_3_0_ap_fixed_8_5_ap_q_mode_5_ap_o_mode_3_0_ap_fixed_8_5_ap_q_mode_5_ap_o_mode_3_0_ap_fixed_8_5_ap_q_mode_5_ap_o_mode_3_0_local_wei_39 | {2 }
	Port: conv1_ap_fixed_8_5_ap_q_mode_5_ap_o_mode_3_0_ap_fixed_8_5_ap_q_mode_5_ap_o_mode_3_0_ap_fixed_8_5_ap_q_mode_5_ap_o_mode_3_0_ap_fixed_8_5_ap_q_mode_5_ap_o_mode_3_0_local_wei_38 | {2 }
	Port: conv1_ap_fixed_8_5_ap_q_mode_5_ap_o_mode_3_0_ap_fixed_8_5_ap_q_mode_5_ap_o_mode_3_0_ap_fixed_8_5_ap_q_mode_5_ap_o_mode_3_0_ap_fixed_8_5_ap_q_mode_5_ap_o_mode_3_0_local_wei_37 | {2 }
	Port: conv1_ap_fixed_8_5_ap_q_mode_5_ap_o_mode_3_0_ap_fixed_8_5_ap_q_mode_5_ap_o_mode_3_0_ap_fixed_8_5_ap_q_mode_5_ap_o_mode_3_0_ap_fixed_8_5_ap_q_mode_5_ap_o_mode_3_0_local_wei_36 | {2 }
	Port: conv1_ap_fixed_8_5_ap_q_mode_5_ap_o_mode_3_0_ap_fixed_8_5_ap_q_mode_5_ap_o_mode_3_0_ap_fixed_8_5_ap_q_mode_5_ap_o_mode_3_0_ap_fixed_8_5_ap_q_mode_5_ap_o_mode_3_0_local_wei_35 | {2 }
	Port: conv1_ap_fixed_8_5_ap_q_mode_5_ap_o_mode_3_0_ap_fixed_8_5_ap_q_mode_5_ap_o_mode_3_0_ap_fixed_8_5_ap_q_mode_5_ap_o_mode_3_0_ap_fixed_8_5_ap_q_mode_5_ap_o_mode_3_0_local_wei_34 | {2 }
	Port: conv1_ap_fixed_8_5_ap_q_mode_5_ap_o_mode_3_0_ap_fixed_8_5_ap_q_mode_5_ap_o_mode_3_0_ap_fixed_8_5_ap_q_mode_5_ap_o_mode_3_0_ap_fixed_8_5_ap_q_mode_5_ap_o_mode_3_0_local_wei_33 | {2 }
	Port: conv1_ap_fixed_8_5_ap_q_mode_5_ap_o_mode_3_0_ap_fixed_8_5_ap_q_mode_5_ap_o_mode_3_0_ap_fixed_8_5_ap_q_mode_5_ap_o_mode_3_0_ap_fixed_8_5_ap_q_mode_5_ap_o_mode_3_0_local_wei_32 | {2 }
	Port: conv1_ap_fixed_8_5_ap_q_mode_5_ap_o_mode_3_0_ap_fixed_8_5_ap_q_mode_5_ap_o_mode_3_0_ap_fixed_8_5_ap_q_mode_5_ap_o_mode_3_0_ap_fixed_8_5_ap_q_mode_5_ap_o_mode_3_0_local_wei_31 | {2 }
	Port: conv1_ap_fixed_8_5_ap_q_mode_5_ap_o_mode_3_0_ap_fixed_8_5_ap_q_mode_5_ap_o_mode_3_0_ap_fixed_8_5_ap_q_mode_5_ap_o_mode_3_0_ap_fixed_8_5_ap_q_mode_5_ap_o_mode_3_0_local_wei_30 | {2 }
	Port: conv1_ap_fixed_8_5_ap_q_mode_5_ap_o_mode_3_0_ap_fixed_8_5_ap_q_mode_5_ap_o_mode_3_0_ap_fixed_8_5_ap_q_mode_5_ap_o_mode_3_0_ap_fixed_8_5_ap_q_mode_5_ap_o_mode_3_0_local_wei_29 | {2 }
	Port: conv1_ap_fixed_8_5_ap_q_mode_5_ap_o_mode_3_0_ap_fixed_8_5_ap_q_mode_5_ap_o_mode_3_0_ap_fixed_8_5_ap_q_mode_5_ap_o_mode_3_0_ap_fixed_8_5_ap_q_mode_5_ap_o_mode_3_0_local_wei_28 | {2 }
	Port: conv1_ap_fixed_8_5_ap_q_mode_5_ap_o_mode_3_0_ap_fixed_8_5_ap_q_mode_5_ap_o_mode_3_0_ap_fixed_8_5_ap_q_mode_5_ap_o_mode_3_0_ap_fixed_8_5_ap_q_mode_5_ap_o_mode_3_0_local_wei_27 | {2 }
	Port: conv1_ap_fixed_8_5_ap_q_mode_5_ap_o_mode_3_0_ap_fixed_8_5_ap_q_mode_5_ap_o_mode_3_0_ap_fixed_8_5_ap_q_mode_5_ap_o_mode_3_0_ap_fixed_8_5_ap_q_mode_5_ap_o_mode_3_0_local_wei_26 | {2 }
	Port: conv1_ap_fixed_8_5_ap_q_mode_5_ap_o_mode_3_0_ap_fixed_8_5_ap_q_mode_5_ap_o_mode_3_0_ap_fixed_8_5_ap_q_mode_5_ap_o_mode_3_0_ap_fixed_8_5_ap_q_mode_5_ap_o_mode_3_0_local_wei_25 | {2 }
	Port: conv1_ap_fixed_8_5_ap_q_mode_5_ap_o_mode_3_0_ap_fixed_8_5_ap_q_mode_5_ap_o_mode_3_0_ap_fixed_8_5_ap_q_mode_5_ap_o_mode_3_0_ap_fixed_8_5_ap_q_mode_5_ap_o_mode_3_0_local_wei_24 | {2 }
	Port: conv1_ap_fixed_8_5_ap_q_mode_5_ap_o_mode_3_0_ap_fixed_8_5_ap_q_mode_5_ap_o_mode_3_0_ap_fixed_8_5_ap_q_mode_5_ap_o_mode_3_0_ap_fixed_8_5_ap_q_mode_5_ap_o_mode_3_0_local_wei_23 | {2 }
	Port: conv1_ap_fixed_8_5_ap_q_mode_5_ap_o_mode_3_0_ap_fixed_8_5_ap_q_mode_5_ap_o_mode_3_0_ap_fixed_8_5_ap_q_mode_5_ap_o_mode_3_0_ap_fixed_8_5_ap_q_mode_5_ap_o_mode_3_0_local_wei_22 | {2 }
	Port: conv1_ap_fixed_8_5_ap_q_mode_5_ap_o_mode_3_0_ap_fixed_8_5_ap_q_mode_5_ap_o_mode_3_0_ap_fixed_8_5_ap_q_mode_5_ap_o_mode_3_0_ap_fixed_8_5_ap_q_mode_5_ap_o_mode_3_0_local_wei_21 | {2 }
	Port: conv1_ap_fixed_8_5_ap_q_mode_5_ap_o_mode_3_0_ap_fixed_8_5_ap_q_mode_5_ap_o_mode_3_0_ap_fixed_8_5_ap_q_mode_5_ap_o_mode_3_0_ap_fixed_8_5_ap_q_mode_5_ap_o_mode_3_0_local_wei_20 | {2 }
	Port: conv1_ap_fixed_8_5_ap_q_mode_5_ap_o_mode_3_0_ap_fixed_8_5_ap_q_mode_5_ap_o_mode_3_0_ap_fixed_8_5_ap_q_mode_5_ap_o_mode_3_0_ap_fixed_8_5_ap_q_mode_5_ap_o_mode_3_0_local_wei_19 | {2 }
	Port: conv1_ap_fixed_8_5_ap_q_mode_5_ap_o_mode_3_0_ap_fixed_8_5_ap_q_mode_5_ap_o_mode_3_0_ap_fixed_8_5_ap_q_mode_5_ap_o_mode_3_0_ap_fixed_8_5_ap_q_mode_5_ap_o_mode_3_0_local_wei_18 | {2 }
	Port: conv1_ap_fixed_8_5_ap_q_mode_5_ap_o_mode_3_0_ap_fixed_8_5_ap_q_mode_5_ap_o_mode_3_0_ap_fixed_8_5_ap_q_mode_5_ap_o_mode_3_0_ap_fixed_8_5_ap_q_mode_5_ap_o_mode_3_0_local_wei_17 | {2 }
	Port: conv1_ap_fixed_8_5_ap_q_mode_5_ap_o_mode_3_0_ap_fixed_8_5_ap_q_mode_5_ap_o_mode_3_0_ap_fixed_8_5_ap_q_mode_5_ap_o_mode_3_0_ap_fixed_8_5_ap_q_mode_5_ap_o_mode_3_0_local_wei_16 | {2 }
	Port: conv1_ap_fixed_8_5_ap_q_mode_5_ap_o_mode_3_0_ap_fixed_8_5_ap_q_mode_5_ap_o_mode_3_0_ap_fixed_8_5_ap_q_mode_5_ap_o_mode_3_0_ap_fixed_8_5_ap_q_mode_5_ap_o_mode_3_0_local_wei_15 | {2 }
	Port: conv1_ap_fixed_8_5_ap_q_mode_5_ap_o_mode_3_0_ap_fixed_8_5_ap_q_mode_5_ap_o_mode_3_0_ap_fixed_8_5_ap_q_mode_5_ap_o_mode_3_0_ap_fixed_8_5_ap_q_mode_5_ap_o_mode_3_0_local_wei_14 | {2 }
	Port: conv1_ap_fixed_8_5_ap_q_mode_5_ap_o_mode_3_0_ap_fixed_8_5_ap_q_mode_5_ap_o_mode_3_0_ap_fixed_8_5_ap_q_mode_5_ap_o_mode_3_0_ap_fixed_8_5_ap_q_mode_5_ap_o_mode_3_0_local_wei_13 | {2 }
	Port: conv1_ap_fixed_8_5_ap_q_mode_5_ap_o_mode_3_0_ap_fixed_8_5_ap_q_mode_5_ap_o_mode_3_0_ap_fixed_8_5_ap_q_mode_5_ap_o_mode_3_0_ap_fixed_8_5_ap_q_mode_5_ap_o_mode_3_0_local_wei_12 | {2 }
	Port: conv1_ap_fixed_8_5_ap_q_mode_5_ap_o_mode_3_0_ap_fixed_8_5_ap_q_mode_5_ap_o_mode_3_0_ap_fixed_8_5_ap_q_mode_5_ap_o_mode_3_0_ap_fixed_8_5_ap_q_mode_5_ap_o_mode_3_0_local_wei_11 | {2 }
	Port: conv1_ap_fixed_8_5_ap_q_mode_5_ap_o_mode_3_0_ap_fixed_8_5_ap_q_mode_5_ap_o_mode_3_0_ap_fixed_8_5_ap_q_mode_5_ap_o_mode_3_0_ap_fixed_8_5_ap_q_mode_5_ap_o_mode_3_0_local_wei_10 | {2 }
	Port: p_ZZ5conv1P8ap_fixedILi8ELi5EL9ap_q_mode5EL9ap_o_mode3ELi0EES3_S3_S3_E12local_wei_9 | {2 }
	Port: p_ZZ5conv1P8ap_fixedILi8ELi5EL9ap_q_mode5EL9ap_o_mode3ELi0EES3_S3_S3_E12local_wei_8 | {2 }
	Port: p_ZZ5conv1P8ap_fixedILi8ELi5EL9ap_q_mode5EL9ap_o_mode3ELi0EES3_S3_S3_E12local_wei_7 | {2 }
	Port: p_ZZ5conv1P8ap_fixedILi8ELi5EL9ap_q_mode5EL9ap_o_mode3ELi0EES3_S3_S3_E12local_wei_6 | {2 }
	Port: p_ZZ5conv1P8ap_fixedILi8ELi5EL9ap_q_mode5EL9ap_o_mode3ELi0EES3_S3_S3_E12local_wei_5 | {2 }
	Port: p_ZZ5conv1P8ap_fixedILi8ELi5EL9ap_q_mode5EL9ap_o_mode3ELi0EES3_S3_S3_E12local_wei_4 | {2 }
	Port: p_ZZ5conv1P8ap_fixedILi8ELi5EL9ap_q_mode5EL9ap_o_mode3ELi0EES3_S3_S3_E12local_wei_3 | {2 }
	Port: p_ZZ5conv1P8ap_fixedILi8ELi5EL9ap_q_mode5EL9ap_o_mode3ELi0EES3_S3_S3_E12local_wei_2 | {2 }
	Port: p_ZZ5conv1P8ap_fixedILi8ELi5EL9ap_q_mode5EL9ap_o_mode3ELi0EES3_S3_S3_E12local_wei_1 | {2 }
	Port: p_ZZ5conv1P8ap_fixedILi8ELi5EL9ap_q_mode5EL9ap_o_mode3ELi0EES3_S3_S3_E12local_wei | {2 }
 - Input state : 
	Port: conv1_Pipeline_LOAD_W : gmem1 | {2 }
	Port: conv1_Pipeline_LOAD_W : weight | {1 }
  - Chain level:
	State 1
		store_ln21 : 1
		i_5 : 1
		icmp_ln21 : 2
		add_ln21 : 2
		br_ln21 : 3
		switch_ln23 : 2
		store_ln21 : 3
	State 2


============================================================
+ Verbose Summary: Datapath Resource usage 
============================================================

* Functional unit list:
|----------|-----------------------------|---------|---------|
| Operation|       Functional Unit       |    FF   |   LUT   |
|----------|-----------------------------|---------|---------|
|   icmp   |       icmp_ln21_fu_355      |    0    |    14   |
|----------|-----------------------------|---------|---------|
|    add   |       add_ln21_fu_361       |    0    |    14   |
|----------|-----------------------------|---------|---------|
|   read   |   weight_read_read_fu_336   |    0    |    0    |
|          | gmem1_addr_read_read_fu_342 |    0    |    0    |
|----------|-----------------------------|---------|---------|
|  switch  |      switch_ln23_fu_373     |    0    |    0    |
|----------|-----------------------------|---------|---------|
|   Total  |                             |    0    |    28   |
|----------|-----------------------------|---------|---------|

Memories:
N/A

* Register list:
+------------------+--------+
|                  |   FF   |
+------------------+--------+
|gmem1_addr_reg_970|    8   |
|    i_5_reg_963   |    7   |
|     i_reg_956    |    7   |
+------------------+--------+
|       Total      |   22   |
+------------------+--------+

* Multiplexer (MUX) list: 
|--------|------|------|------|--------|
|  Comp  |  Pin | Size |  BW  | S x BW |
|--------|------|------|------|--------|
|  Total |      |      |      |    0   |
|--------|------|------|------|--------|



* Summary:
+-----------+--------+--------+
|           |   FF   |   LUT  |
+-----------+--------+--------+
|  Function |    0   |   28   |
|   Memory  |    -   |    -   |
|Multiplexer|    -   |    -   |
|  Register |   22   |    -   |
+-----------+--------+--------+
|   Total   |   22   |   28   |
+-----------+--------+--------+
