

================================================================
== Vitis HLS Report for 'pool'
================================================================
* Date:           Sun Mar 15 23:46:46 2026

* Version:        2025.2 (Build 6295257 on Nov 14 2025)
* Project:        top
* Solution:       hls (Vivado IP Flow Target)
* Product family: zynq
* Target device:  xc7z020-clg484-1


================================================================
== Performance Estimates
================================================================
+ Timing: 
    * Summary: 
    +--------+----------+----------+------------+
    |  Clock |  Target  | Estimated| Uncertainty|
    +--------+----------+----------+------------+
    |ap_clk  |  10.00 ns|  8.126 ns|     1.25 ns|
    +--------+----------+----------+------------+

+ Latency: 
    * Summary: 
    +---------+---------+-----------+-----------+-----+-----+-------------------+
    |  Latency (cycles) |   Latency (absolute)  |  Interval |      Pipeline     |
    |   min   |   max   |    min    |    max    | min | max |        Type       |
    +---------+---------+-----------+-----------+-----+-----+-------------------+
    |     1586|     1586|  15.860 us|  15.860 us|    0|    0|  loop pipeline stp|
    +---------+---------+-----------+-----------+-----+-----+-------------------+

    + Detail: 
        * Instance: 
        N/A

        * Loop: 
        +-------------------------+---------+---------+----------+-----------+-----------+------+----------+
        |                         |  Latency (cycles) | Iteration|  Initiation Interval  | Trip |          |
        |        Loop Name        |   min   |   max   |  Latency |  achieved |   target  | Count| Pipelined|
        +-------------------------+---------+---------+----------+-----------+-----------+------+----------+
        |- CO_LOOP_H_LOOP_W_LOOP  |     1584|     1584|        18|          1|          1|  1568|       yes|
        +-------------------------+---------+---------+----------+-----------+-----------+------+----------+



================================================================
== Utilization Estimates
================================================================
* Summary: 
+-----------------+---------+-----+--------+-------+-----+
|       Name      | BRAM_18K| DSP |   FF   |  LUT  | URAM|
+-----------------+---------+-----+--------+-------+-----+
|DSP              |        -|    1|       -|      -|    -|
|Expression       |        -|    -|       0|    403|    -|
|FIFO             |        -|    -|       -|      -|    -|
|Instance         |        -|    4|     195|    256|    -|
|Memory           |        -|    -|       -|      -|    -|
|Multiplexer      |        -|    -|       0|    212|    -|
|Register         |        -|    -|     818|    288|    -|
+-----------------+---------+-----+--------+-------+-----+
|Total            |        0|    5|    1013|   1159|    0|
+-----------------+---------+-----+--------+-------+-----+
|Available        |      280|  220|  106400|  53200|    0|
+-----------------+---------+-----+--------+-------+-----+
|Utilization (%)  |        0|    2|      ~0|      2|    0|
+-----------------+---------+-----+--------+-------+-----+

+ Detail: 
    * Instance: 
    +---------------------------+----------------------+---------+----+-----+-----+-----+
    |          Instance         |        Module        | BRAM_18K| DSP|  FF | LUT | URAM|
    +---------------------------+----------------------+---------+----+-----+-----+-----+
    |mul_13ns_15ns_27_1_1_U106  |mul_13ns_15ns_27_1_1  |        0|   1|    0|    6|    0|
    |mul_13ns_15ns_27_1_1_U107  |mul_13ns_15ns_27_1_1  |        0|   1|    0|    6|    0|
    |mul_13ns_15ns_27_1_1_U108  |mul_13ns_15ns_27_1_1  |        0|   1|    0|    6|    0|
    |mul_13ns_15ns_27_1_1_U109  |mul_13ns_15ns_27_1_1  |        0|   1|    0|    6|    0|
    |mul_4ns_11ns_13_1_1_U105   |mul_4ns_11ns_13_1_1   |        0|   0|    0|    6|    0|
    |sparsemux_11_3_7_1_1_U110  |sparsemux_11_3_7_1_1  |        0|   0|    0|   25|    0|
    |sparsemux_11_3_7_1_1_U111  |sparsemux_11_3_7_1_1  |        0|   0|    0|   25|    0|
    |sparsemux_11_3_7_1_1_U112  |sparsemux_11_3_7_1_1  |        0|   0|    0|   25|    0|
    |sparsemux_11_3_7_1_1_U113  |sparsemux_11_3_7_1_1  |        0|   0|    0|   25|    0|
    |urem_8ns_4ns_3_12_1_U104   |urem_8ns_4ns_3_12_1   |        0|   0|  195|  126|    0|
    +---------------------------+----------------------+---------+----+-----+-----+-----+
    |Total                      |                      |        0|   4|  195|  256|    0|
    +---------------------------+----------------------+---------+----+-----+-----+-----+

    * DSP: 
    +------------------------------------+-------------------------------+--------------+
    |              Instance              |             Module            |  Expression  |
    +------------------------------------+-------------------------------+--------------+
    |mac_muladd_8ns_4ns_4ns_11_4_1_U114  |mac_muladd_8ns_4ns_4ns_11_4_1  |  i0 * i1 + i2|
    +------------------------------------+-------------------------------+--------------+

    * Memory: 
    N/A

    * FIFO: 
    N/A

    * Expression: 
    +-------------------------+----------+----+---+----+------------+------------+
    |      Variable Name      | Operation| DSP| FF| LUT| Bitwidth P0| Bitwidth P1|
    +-------------------------+----------+----+---+----+------------+------------+
    |add_ln16_2_fu_582_p2     |         +|   0|  0|  13|           4|           1|
    |add_ln16_fu_527_p2       |         +|   0|  0|  12|          11|           1|
    |add_ln17_2_fu_660_p2     |         +|   0|  0|  15|           8|           1|
    |add_ln17_fu_596_p2       |         +|   0|  0|  13|           4|           1|
    |add_ln18_fu_654_p2       |         +|   0|  0|  13|           4|           1|
    |add_ln27_1_fu_852_p2     |         +|   0|  0|  13|          10|           5|
    |add_ln27_2_fu_862_p2     |         +|   0|  0|  14|          13|          13|
    |add_ln27_3_fu_747_p2     |         +|   0|  0|  14|           7|           7|
    |add_ln27_5_fu_874_p2     |         +|   0|  0|  14|          13|          13|
    |add_ln27_6_fu_914_p2     |         +|   0|  0|  14|          13|          13|
    |add_ln27_7_fu_939_p2     |         +|   0|  0|  14|          13|          13|
    |add_ln27_8_fu_964_p2     |         +|   0|  0|  14|          13|          13|
    |add_ln27_9_fu_640_p2     |         +|   0|  0|  14|           6|           6|
    |add_ln27_fu_846_p2       |         +|   0|  0|  14|          13|          13|
    |add_ln33_1_fu_774_p2     |         +|   0|  0|   4|           3|           3|
    |add_ln33_3_fu_1008_p2    |         +|   0|  0|  12|          11|          11|
    |add_ln33_fu_769_p2       |         +|   0|  0|   4|           3|           3|
    |grp_fu_763_p0            |         +|   0|  0|  15|           8|           8|
    |sub_ln27_fu_836_p2       |         -|   0|  0|  13|          10|          10|
    |sub_ln33_1_fu_820_p2     |         -|   0|  0|  15|           8|           8|
    |sub_ln33_fu_722_p2       |         -|   0|  0|  14|           7|           7|
    |and_ln16_fu_576_p2       |       and|   0|  0|   2|           1|           1|
    |icmp_ln16_fu_521_p2      |      icmp|   0|  0|  12|          11|          10|
    |icmp_ln17_fu_550_p2      |      icmp|   0|  0|  15|           8|           7|
    |icmp_ln18_fu_570_p2      |      icmp|   0|  0|  13|           4|           3|
    |icmp_ln30_3_fu_1134_p2   |      icmp|   0|  0|  14|           7|           7|
    |icmp_ln30_4_fu_1173_p2   |      icmp|   0|  0|  14|           7|           7|
    |icmp_ln30_fu_1077_p2     |      icmp|   0|  0|  14|           7|           7|
    |empty_fu_602_p2          |        or|   0|  0|   2|           1|           1|
    |max_val_5_fu_1083_p3     |    select|   0|  0|   7|           1|           7|
    |max_val_7_fu_1139_p3     |    select|   0|  0|   7|           1|           7|
    |max_val_8_fu_1177_p3     |    select|   0|  0|   7|           1|           7|
    |select_ln16_2_fu_588_p3  |    select|   0|  0|   4|           1|           4|
    |select_ln16_fu_556_p3    |    select|   0|  0|   4|           1|           1|
    |select_ln17_2_fu_666_p3  |    select|   0|  0|   8|           1|           1|
    |select_ln17_fu_616_p3    |    select|   0|  0|   4|           1|           4|
    |w_mid2_fu_608_p3         |    select|   0|  0|   4|           1|           1|
    |ap_enable_pp0            |       xor|   0|  0|   2|           1|           2|
    |xor_ln16_fu_564_p2       |       xor|   0|  0|   2|           1|           2|
    +-------------------------+----------+----+---+----+------------+------------+
    |Total                    |          |   0|  0| 403|         238|         230|
    +-------------------------+----------+----+---+----+------------+------------+

    * Multiplexer: 
    +----------------------------------------+----+-----------+-----+-----------+
    |                  Name                  | LUT| Input Size| Bits| Total Bits|
    +----------------------------------------+----+-----------+-----+-----------+
    |ap_done_int                             |   9|          2|    1|          2|
    |ap_enable_reg_pp0_iter2                 |   9|          2|    1|          2|
    |ap_sig_allocacmp_indvar_flatten12_load  |   9|          2|   11|         22|
    |co_fu_144                               |   9|          2|    4|          8|
    |h_fu_136                                |   9|          2|    4|          8|
    |indvar_flatten12_fu_148                 |   9|          2|   11|         22|
    |indvar_flatten_fu_140                   |   9|          2|    8|         16|
    |input_0_address0_local                  |  14|          3|   11|         33|
    |input_0_address1_local                  |  14|          3|   11|         33|
    |input_1_address0_local                  |  14|          3|   11|         33|
    |input_1_address1_local                  |  14|          3|   11|         33|
    |input_2_address0_local                  |  14|          3|   11|         33|
    |input_2_address1_local                  |  14|          3|   11|         33|
    |input_3_address0_local                  |  14|          3|   11|         33|
    |input_3_address1_local                  |  14|          3|   11|         33|
    |input_4_address0_local                  |  14|          3|   11|         33|
    |input_4_address1_local                  |  14|          3|   11|         33|
    |w_fu_132                                |   9|          2|    4|          8|
    +----------------------------------------+----+-----------+-----+-----------+
    |Total                                   | 212|         46|  154|        418|
    +----------------------------------------+----+-----------+-----+-----------+

    * Register: 
    +------------------------------------+----+----+-----+-----------+
    |                Name                | FF | LUT| Bits| Const Bits|
    +------------------------------------+----+----+-----+-----------+
    |add_ln27_2_reg_1326                 |  13|   0|   13|          0|
    |add_ln27_9_reg_1271                 |   6|   0|    6|          0|
    |add_ln27_reg_1320                   |  13|   0|   13|          0|
    |add_ln33_1_reg_1306                 |   3|   0|    3|          0|
    |ap_CS_fsm                           |   1|   0|    1|          0|
    |ap_done_reg                         |   1|   0|    1|          0|
    |ap_enable_reg_pp0_iter1             |   1|   0|    1|          0|
    |ap_enable_reg_pp0_iter10            |   1|   0|    1|          0|
    |ap_enable_reg_pp0_iter11            |   1|   0|    1|          0|
    |ap_enable_reg_pp0_iter12            |   1|   0|    1|          0|
    |ap_enable_reg_pp0_iter13            |   1|   0|    1|          0|
    |ap_enable_reg_pp0_iter14            |   1|   0|    1|          0|
    |ap_enable_reg_pp0_iter15            |   1|   0|    1|          0|
    |ap_enable_reg_pp0_iter16            |   1|   0|    1|          0|
    |ap_enable_reg_pp0_iter17            |   1|   0|    1|          0|
    |ap_enable_reg_pp0_iter2             |   1|   0|    1|          0|
    |ap_enable_reg_pp0_iter3             |   1|   0|    1|          0|
    |ap_enable_reg_pp0_iter4             |   1|   0|    1|          0|
    |ap_enable_reg_pp0_iter5             |   1|   0|    1|          0|
    |ap_enable_reg_pp0_iter6             |   1|   0|    1|          0|
    |ap_enable_reg_pp0_iter7             |   1|   0|    1|          0|
    |ap_enable_reg_pp0_iter8             |   1|   0|    1|          0|
    |ap_enable_reg_pp0_iter9             |   1|   0|    1|          0|
    |ap_loop_exit_ready_pp0_iter10_reg   |   1|   0|    1|          0|
    |ap_loop_exit_ready_pp0_iter11_reg   |   1|   0|    1|          0|
    |ap_loop_exit_ready_pp0_iter12_reg   |   1|   0|    1|          0|
    |ap_loop_exit_ready_pp0_iter13_reg   |   1|   0|    1|          0|
    |ap_loop_exit_ready_pp0_iter14_reg   |   1|   0|    1|          0|
    |ap_loop_exit_ready_pp0_iter15_reg   |   1|   0|    1|          0|
    |ap_loop_exit_ready_pp0_iter16_reg   |   1|   0|    1|          0|
    |ap_loop_exit_ready_pp0_iter1_reg    |   1|   0|    1|          0|
    |ap_loop_exit_ready_pp0_iter2_reg    |   1|   0|    1|          0|
    |ap_loop_exit_ready_pp0_iter3_reg    |   1|   0|    1|          0|
    |ap_loop_exit_ready_pp0_iter4_reg    |   1|   0|    1|          0|
    |ap_loop_exit_ready_pp0_iter5_reg    |   1|   0|    1|          0|
    |ap_loop_exit_ready_pp0_iter6_reg    |   1|   0|    1|          0|
    |ap_loop_exit_ready_pp0_iter7_reg    |   1|   0|    1|          0|
    |ap_loop_exit_ready_pp0_iter8_reg    |   1|   0|    1|          0|
    |ap_loop_exit_ready_pp0_iter9_reg    |   1|   0|    1|          0|
    |co_fu_144                           |   4|   0|    4|          0|
    |h_fu_136                            |   4|   0|    4|          0|
    |icmp_ln16_reg_1246                  |   1|   0|    1|          0|
    |indvar_flatten12_fu_148             |  11|   0|   11|          0|
    |indvar_flatten_fu_140               |   8|   0|    8|          0|
    |lshr_ln_reg_1415                    |   8|   0|    8|          0|
    |max_val_5_reg_1420                  |   7|   0|    7|          0|
    |max_val_7_reg_1476                  |   7|   0|    7|          0|
    |p_shl5_reg_1286                     |   4|   0|    7|          3|
    |select_ln16_2_reg_1250              |   4|   0|    4|          0|
    |select_ln17_reg_1263                |   4|   0|    4|          0|
    |shl_ln1_reg_1296                    |   4|   0|    5|          1|
    |sub_ln33_1_reg_1315                 |   7|   0|    8|          1|
    |sub_ln33_1_reg_1315_pp0_iter13_reg  |   7|   0|    8|          1|
    |tmp_2_reg_1337                      |  11|   0|   11|          0|
    |tmp_3_reg_1350                      |  11|   0|   11|          0|
    |tmp_4_reg_1355                      |  11|   0|   11|          0|
    |tmp_4_reg_1355_pp0_iter14_reg       |  11|   0|   11|          0|
    |tmp_5_reg_1360                      |  11|   0|   11|          0|
    |tmp_5_reg_1360_pp0_iter14_reg       |  11|   0|   11|          0|
    |tmp_reg_1291                        |   4|   0|    5|          1|
    |trunc_ln18_reg_1281                 |   3|   0|    3|          0|
    |trunc_ln29_reg_1342                 |   3|   0|    3|          0|
    |trunc_ln33_reg_1276                 |   1|   0|    1|          0|
    |val_6_reg_1482                      |   7|   0|    7|          0|
    |w_fu_132                            |   4|   0|    4|          0|
    |w_mid2_reg_1256                     |   4|   0|    4|          0|
    |add_ln33_1_reg_1306                 |  64|  32|    3|          0|
    |lshr_ln_reg_1415                    |  64|  32|    8|          0|
    |p_shl5_reg_1286                     |  64|  32|    7|          3|
    |select_ln16_2_reg_1250              |  64|  32|    4|          0|
    |select_ln17_reg_1263                |  64|  32|    4|          0|
    |shl_ln1_reg_1296                    |  64|  32|    5|          1|
    |tmp_reg_1291                        |  64|  32|    5|          1|
    |trunc_ln29_reg_1342                 |  64|  32|    3|          0|
    |w_mid2_reg_1256                     |  64|  32|    4|          0|
    +------------------------------------+----+----+-----+-----------+
    |Total                               | 818| 288|  292|         12|
    +------------------------------------+----+----+-----+-----------+



================================================================
== Interface
================================================================
* Summary: 
+-----------------------+-----+-----+------------+--------------+--------------+
|       RTL Ports       | Dir | Bits|  Protocol  | Source Object|    C Type    |
+-----------------------+-----+-----+------------+--------------+--------------+
|ap_clk                 |   in|    1|  ap_ctrl_hs|          pool|  return value|
|ap_rst                 |   in|    1|  ap_ctrl_hs|          pool|  return value|
|ap_start               |   in|    1|  ap_ctrl_hs|          pool|  return value|
|ap_done                |  out|    1|  ap_ctrl_hs|          pool|  return value|
|ap_idle                |  out|    1|  ap_ctrl_hs|          pool|  return value|
|ap_ready               |  out|    1|  ap_ctrl_hs|          pool|  return value|
|input_0_address0       |  out|   11|   ap_memory|       input_0|         array|
|input_0_ce0            |  out|    1|   ap_memory|       input_0|         array|
|input_0_q0             |   in|    7|   ap_memory|       input_0|         array|
|input_0_address1       |  out|   11|   ap_memory|       input_0|         array|
|input_0_ce1            |  out|    1|   ap_memory|       input_0|         array|
|input_0_q1             |   in|    7|   ap_memory|       input_0|         array|
|input_1_address0       |  out|   11|   ap_memory|       input_1|         array|
|input_1_ce0            |  out|    1|   ap_memory|       input_1|         array|
|input_1_q0             |   in|    7|   ap_memory|       input_1|         array|
|input_1_address1       |  out|   11|   ap_memory|       input_1|         array|
|input_1_ce1            |  out|    1|   ap_memory|       input_1|         array|
|input_1_q1             |   in|    7|   ap_memory|       input_1|         array|
|input_2_address0       |  out|   11|   ap_memory|       input_2|         array|
|input_2_ce0            |  out|    1|   ap_memory|       input_2|         array|
|input_2_q0             |   in|    7|   ap_memory|       input_2|         array|
|input_2_address1       |  out|   11|   ap_memory|       input_2|         array|
|input_2_ce1            |  out|    1|   ap_memory|       input_2|         array|
|input_2_q1             |   in|    7|   ap_memory|       input_2|         array|
|input_3_address0       |  out|   11|   ap_memory|       input_3|         array|
|input_3_ce0            |  out|    1|   ap_memory|       input_3|         array|
|input_3_q0             |   in|    7|   ap_memory|       input_3|         array|
|input_3_address1       |  out|   11|   ap_memory|       input_3|         array|
|input_3_ce1            |  out|    1|   ap_memory|       input_3|         array|
|input_3_q1             |   in|    7|   ap_memory|       input_3|         array|
|input_4_address0       |  out|   11|   ap_memory|       input_4|         array|
|input_4_ce0            |  out|    1|   ap_memory|       input_4|         array|
|input_4_q0             |   in|    7|   ap_memory|       input_4|         array|
|input_4_address1       |  out|   11|   ap_memory|       input_4|         array|
|input_4_ce1            |  out|    1|   ap_memory|       input_4|         array|
|input_4_q1             |   in|    7|   ap_memory|       input_4|         array|
|outputPool_0_address1  |  out|    8|   ap_memory|  outputPool_0|         array|
|outputPool_0_ce1       |  out|    1|   ap_memory|  outputPool_0|         array|
|outputPool_0_we1       |  out|    1|   ap_memory|  outputPool_0|         array|
|outputPool_0_d1        |  out|    7|   ap_memory|  outputPool_0|         array|
|outputPool_1_address1  |  out|    8|   ap_memory|  outputPool_1|         array|
|outputPool_1_ce1       |  out|    1|   ap_memory|  outputPool_1|         array|
|outputPool_1_we1       |  out|    1|   ap_memory|  outputPool_1|         array|
|outputPool_1_d1        |  out|    7|   ap_memory|  outputPool_1|         array|
|outputPool_2_address1  |  out|    8|   ap_memory|  outputPool_2|         array|
|outputPool_2_ce1       |  out|    1|   ap_memory|  outputPool_2|         array|
|outputPool_2_we1       |  out|    1|   ap_memory|  outputPool_2|         array|
|outputPool_2_d1        |  out|    7|   ap_memory|  outputPool_2|         array|
|outputPool_3_address1  |  out|    8|   ap_memory|  outputPool_3|         array|
|outputPool_3_ce1       |  out|    1|   ap_memory|  outputPool_3|         array|
|outputPool_3_we1       |  out|    1|   ap_memory|  outputPool_3|         array|
|outputPool_3_d1        |  out|    7|   ap_memory|  outputPool_3|         array|
|outputPool_4_address1  |  out|    8|   ap_memory|  outputPool_4|         array|
|outputPool_4_ce1       |  out|    1|   ap_memory|  outputPool_4|         array|
|outputPool_4_we1       |  out|    1|   ap_memory|  outputPool_4|         array|
|outputPool_4_d1        |  out|    7|   ap_memory|  outputPool_4|         array|
|outputPool_5_address1  |  out|    8|   ap_memory|  outputPool_5|         array|
|outputPool_5_ce1       |  out|    1|   ap_memory|  outputPool_5|         array|
|outputPool_5_we1       |  out|    1|   ap_memory|  outputPool_5|         array|
|outputPool_5_d1        |  out|    7|   ap_memory|  outputPool_5|         array|
|outputPool_6_address1  |  out|    8|   ap_memory|  outputPool_6|         array|
|outputPool_6_ce1       |  out|    1|   ap_memory|  outputPool_6|         array|
|outputPool_6_we1       |  out|    1|   ap_memory|  outputPool_6|         array|
|outputPool_6_d1        |  out|    7|   ap_memory|  outputPool_6|         array|
|outputPool_7_address1  |  out|    8|   ap_memory|  outputPool_7|         array|
|outputPool_7_ce1       |  out|    1|   ap_memory|  outputPool_7|         array|
|outputPool_7_we1       |  out|    1|   ap_memory|  outputPool_7|         array|
|outputPool_7_d1        |  out|    7|   ap_memory|  outputPool_7|         array|
+-----------------------+-----+-----+------------+--------------+--------------+

============================================================
+ Verbose Summary: Synthesis Manager
============================================================
InlineROM: 1
ExposeGlobal: 0
============================================================
+ Verbose Summary: CDFG Model
============================================================
IsTopModel: 0
ResetActiveHigh: 1
IsCombinational: 2
IsDatapathOnly: 2
HasWiredReturn: 1
HasMFsm: 2
HasVarLatency: 1
IsPipeline: 0
IsRtlPipelined: 0
IsInstanceOverlapped: 0
IsDontTouch: 0
HasImplIP: 0
IsGatedGlobalClock: 0

+ Individual pipeline summary: 
  * Pipeline-0: initiation interval (II) = 1, depth = 18


============================================================
+ Verbose Summary: Schedule
============================================================
* Number of FSM states : 18
* Pipeline : 1
  Pipeline-0 : II = 1, D = 18, States = { 1 2 3 4 5 6 7 8 9 10 11 12 13 14 15 16 17 18 }
* Dataflow Pipeline: 0

* FSM state transitions: 
1 --> 2 
2 --> 3 
3 --> 4 
4 --> 5 
5 --> 6 
6 --> 7 
7 --> 8 
8 --> 9 
9 --> 10 
10 --> 11 
11 --> 12 
12 --> 13 
13 --> 14 
14 --> 15 
15 --> 16 
16 --> 17 
17 --> 18 
18 --> 

* FSM state operations: 

State 1 <SV = 0> <Delay = 4.81>
ST_1 : Operation 21 [1/1] (0.00ns)   --->   "%w = alloca i32 1" [../src/pool.cpp:18]   --->   Operation 21 'alloca' 'w' <Predicate = true> <Delay = 0.00>
ST_1 : Operation 22 [1/1] (0.00ns)   --->   "%h = alloca i32 1" [../src/pool.cpp:17]   --->   Operation 22 'alloca' 'h' <Predicate = true> <Delay = 0.00>
ST_1 : Operation 23 [1/1] (0.00ns)   --->   "%indvar_flatten = alloca i32 1"   --->   Operation 23 'alloca' 'indvar_flatten' <Predicate = true> <Delay = 0.00>
ST_1 : Operation 24 [1/1] (0.00ns)   --->   "%co = alloca i32 1" [../src/pool.cpp:16]   --->   Operation 24 'alloca' 'co' <Predicate = true> <Delay = 0.00>
ST_1 : Operation 25 [1/1] (0.00ns)   --->   "%indvar_flatten12 = alloca i32 1"   --->   Operation 25 'alloca' 'indvar_flatten12' <Predicate = true> <Delay = 0.00>
ST_1 : Operation 26 [1/1] (0.00ns)   --->   "%specmemcore_ln0 = specmemcore void @_ssdm_op_SpecMemCore, i7 %outputPool_0, i64 666, i64 22, i64 18446744073709551615, i1 0"   --->   Operation 26 'specmemcore' 'specmemcore_ln0' <Predicate = true> <Delay = 0.00>
ST_1 : Operation 27 [1/1] (0.00ns)   --->   "%specmemcore_ln0 = specmemcore void @_ssdm_op_SpecMemCore, i7 %outputPool_1, i64 666, i64 22, i64 18446744073709551615, i1 0"   --->   Operation 27 'specmemcore' 'specmemcore_ln0' <Predicate = true> <Delay = 0.00>
ST_1 : Operation 28 [1/1] (0.00ns)   --->   "%specmemcore_ln0 = specmemcore void @_ssdm_op_SpecMemCore, i7 %outputPool_2, i64 666, i64 22, i64 18446744073709551615, i1 0"   --->   Operation 28 'specmemcore' 'specmemcore_ln0' <Predicate = true> <Delay = 0.00>
ST_1 : Operation 29 [1/1] (0.00ns)   --->   "%specmemcore_ln0 = specmemcore void @_ssdm_op_SpecMemCore, i7 %outputPool_3, i64 666, i64 22, i64 18446744073709551615, i1 0"   --->   Operation 29 'specmemcore' 'specmemcore_ln0' <Predicate = true> <Delay = 0.00>
ST_1 : Operation 30 [1/1] (0.00ns)   --->   "%specmemcore_ln0 = specmemcore void @_ssdm_op_SpecMemCore, i7 %outputPool_4, i64 666, i64 22, i64 18446744073709551615, i1 0"   --->   Operation 30 'specmemcore' 'specmemcore_ln0' <Predicate = true> <Delay = 0.00>
ST_1 : Operation 31 [1/1] (0.00ns)   --->   "%specmemcore_ln0 = specmemcore void @_ssdm_op_SpecMemCore, i7 %outputPool_5, i64 666, i64 22, i64 18446744073709551615, i1 0"   --->   Operation 31 'specmemcore' 'specmemcore_ln0' <Predicate = true> <Delay = 0.00>
ST_1 : Operation 32 [1/1] (0.00ns)   --->   "%specmemcore_ln0 = specmemcore void @_ssdm_op_SpecMemCore, i7 %outputPool_6, i64 666, i64 22, i64 18446744073709551615, i1 0"   --->   Operation 32 'specmemcore' 'specmemcore_ln0' <Predicate = true> <Delay = 0.00>
ST_1 : Operation 33 [1/1] (0.00ns)   --->   "%specmemcore_ln0 = specmemcore void @_ssdm_op_SpecMemCore, i7 %outputPool_7, i64 666, i64 22, i64 18446744073709551615, i1 0"   --->   Operation 33 'specmemcore' 'specmemcore_ln0' <Predicate = true> <Delay = 0.00>
ST_1 : Operation 34 [1/1] (0.00ns)   --->   "%specmemcore_ln0 = specmemcore void @_ssdm_op_SpecMemCore, i7 %input_0, i64 666, i64 22, i64 18446744073709551615, i1 0"   --->   Operation 34 'specmemcore' 'specmemcore_ln0' <Predicate = true> <Delay = 0.00>
ST_1 : Operation 35 [1/1] (0.00ns)   --->   "%specmemcore_ln0 = specmemcore void @_ssdm_op_SpecMemCore, i7 %input_1, i64 666, i64 22, i64 18446744073709551615, i1 0"   --->   Operation 35 'specmemcore' 'specmemcore_ln0' <Predicate = true> <Delay = 0.00>
ST_1 : Operation 36 [1/1] (0.00ns)   --->   "%specmemcore_ln0 = specmemcore void @_ssdm_op_SpecMemCore, i7 %input_2, i64 666, i64 22, i64 18446744073709551615, i1 0"   --->   Operation 36 'specmemcore' 'specmemcore_ln0' <Predicate = true> <Delay = 0.00>
ST_1 : Operation 37 [1/1] (0.00ns)   --->   "%specmemcore_ln0 = specmemcore void @_ssdm_op_SpecMemCore, i7 %input_3, i64 666, i64 22, i64 18446744073709551615, i1 0"   --->   Operation 37 'specmemcore' 'specmemcore_ln0' <Predicate = true> <Delay = 0.00>
ST_1 : Operation 38 [1/1] (0.00ns)   --->   "%specmemcore_ln0 = specmemcore void @_ssdm_op_SpecMemCore, i7 %input_4, i64 666, i64 22, i64 18446744073709551615, i1 0"   --->   Operation 38 'specmemcore' 'specmemcore_ln0' <Predicate = true> <Delay = 0.00>
ST_1 : Operation 39 [1/1] (1.58ns)   --->   "%store_ln0 = store i11 0, i11 %indvar_flatten12"   --->   Operation 39 'store' 'store_ln0' <Predicate = true> <Delay = 1.58>
ST_1 : Operation 40 [1/1] (1.58ns)   --->   "%store_ln16 = store i4 0, i4 %co" [../src/pool.cpp:16]   --->   Operation 40 'store' 'store_ln16' <Predicate = true> <Delay = 1.58>
ST_1 : Operation 41 [1/1] (1.58ns)   --->   "%store_ln0 = store i8 0, i8 %indvar_flatten"   --->   Operation 41 'store' 'store_ln0' <Predicate = true> <Delay = 1.58>
ST_1 : Operation 42 [1/1] (1.58ns)   --->   "%store_ln17 = store i4 0, i4 %h" [../src/pool.cpp:17]   --->   Operation 42 'store' 'store_ln17' <Predicate = true> <Delay = 1.58>
ST_1 : Operation 43 [1/1] (1.58ns)   --->   "%store_ln18 = store i4 0, i4 %w" [../src/pool.cpp:18]   --->   Operation 43 'store' 'store_ln18' <Predicate = true> <Delay = 1.58>
ST_1 : Operation 44 [1/1] (0.00ns)   --->   "%br_ln16 = br void %if.end.i.i.i" [../src/pool.cpp:16]   --->   Operation 44 'br' 'br_ln16' <Predicate = true> <Delay = 0.00>
ST_1 : Operation 45 [1/1] (0.00ns)   --->   "%indvar_flatten12_load = load i11 %indvar_flatten12" [../src/pool.cpp:16]   --->   Operation 45 'load' 'indvar_flatten12_load' <Predicate = true> <Delay = 0.00>
ST_1 : Operation 46 [1/1] (1.63ns)   --->   "%icmp_ln16 = icmp_eq  i11 %indvar_flatten12_load, i11 1568" [../src/pool.cpp:16]   --->   Operation 46 'icmp' 'icmp_ln16' <Predicate = true> <Delay = 1.63> <CoreInst = "Cmp">   --->   Core 9 'Cmp' <Latency = 0> <II = 1> <Delay = 1.63> <FuncUnit> <Opcode : 'seteq' 'setne' 'setle' 'setge' 'setlt' 'setgt'> <InPorts = 2> <OutPorts = 1>
ST_1 : Operation 47 [1/1] (1.63ns)   --->   "%add_ln16 = add i11 %indvar_flatten12_load, i11 1" [../src/pool.cpp:16]   --->   Operation 47 'add' 'add_ln16' <Predicate = true> <Delay = 1.63> <CoreInst = "Adder">   --->   Core 1 'Adder' <Latency = 0> <II = 1> <Delay = 1.63> <FuncUnit> <Opcode : 'add' 'sub'> <InPorts = 2> <OutPorts = 1>
ST_1 : Operation 48 [1/1] (0.00ns)   --->   "%br_ln16 = br i1 %icmp_ln16, void %for.inc44, void %for.end46" [../src/pool.cpp:16]   --->   Operation 48 'br' 'br_ln16' <Predicate = true> <Delay = 0.00>
ST_1 : Operation 49 [1/1] (1.58ns)   --->   "%store_ln16 = store i11 %add_ln16, i11 %indvar_flatten12" [../src/pool.cpp:16]   --->   Operation 49 'store' 'store_ln16' <Predicate = (!icmp_ln16)> <Delay = 1.58>

State 2 <SV = 1> <Delay = 7.28>
ST_2 : Operation 50 [1/1] (0.00ns)   --->   "%indvar_flatten_load = load i8 %indvar_flatten" [../src/pool.cpp:17]   --->   Operation 50 'load' 'indvar_flatten_load' <Predicate = true> <Delay = 0.00>
ST_2 : Operation 51 [1/1] (0.00ns)   --->   "%w_load = load i4 %w" [../src/pool.cpp:18]   --->   Operation 51 'load' 'w_load' <Predicate = (!icmp_ln16)> <Delay = 0.00>
ST_2 : Operation 52 [1/1] (0.00ns)   --->   "%h_load = load i4 %h" [../src/pool.cpp:16]   --->   Operation 52 'load' 'h_load' <Predicate = (!icmp_ln16)> <Delay = 0.00>
ST_2 : Operation 53 [1/1] (0.00ns)   --->   "%co_load = load i4 %co" [../src/pool.cpp:16]   --->   Operation 53 'load' 'co_load' <Predicate = (!icmp_ln16)> <Delay = 0.00>
ST_2 : Operation 54 [1/1] (1.91ns)   --->   "%icmp_ln17 = icmp_eq  i8 %indvar_flatten_load, i8 196" [../src/pool.cpp:17]   --->   Operation 54 'icmp' 'icmp_ln17' <Predicate = (!icmp_ln16)> <Delay = 1.91> <CoreInst = "Cmp">   --->   Core 9 'Cmp' <Latency = 0> <II = 1> <Delay = 1.91> <FuncUnit> <Opcode : 'seteq' 'setne' 'setle' 'setge' 'setlt' 'setgt'> <InPorts = 2> <OutPorts = 1>
ST_2 : Operation 55 [1/1] (1.02ns)   --->   "%select_ln16 = select i1 %icmp_ln17, i4 0, i4 %h_load" [../src/pool.cpp:16]   --->   Operation 55 'select' 'select_ln16' <Predicate = (!icmp_ln16)> <Delay = 1.02> <CoreInst = "Sel">   --->   Core 73 'Sel' <Latency = 0> <II = 1> <Delay = 1.02> <FuncUnit> <Opcode : 'select'> <InPorts = 3> <OutPorts = 1>
ST_2 : Operation 56 [1/1] (0.00ns) (grouped into LUT with out node and_ln16)   --->   "%xor_ln16 = xor i1 %icmp_ln17, i1 1" [../src/pool.cpp:16]   --->   Operation 56 'xor' 'xor_ln16' <Predicate = (!icmp_ln16)> <Delay = 0.00> <CoreInst = "LogicGate">   --->   Core 74 'LogicGate' <Latency = 0> <II = 1> <Delay = 0.97> <FuncUnit> <Opcode : 'and' 'or' 'xor'> <InPorts = 2> <OutPorts = 1>
ST_2 : Operation 57 [1/1] (1.73ns)   --->   "%icmp_ln18 = icmp_eq  i4 %w_load, i4 14" [../src/pool.cpp:18]   --->   Operation 57 'icmp' 'icmp_ln18' <Predicate = (!icmp_ln16)> <Delay = 1.73> <CoreInst = "Cmp">   --->   Core 9 'Cmp' <Latency = 0> <II = 1> <Delay = 1.73> <FuncUnit> <Opcode : 'seteq' 'setne' 'setle' 'setge' 'setlt' 'setgt'> <InPorts = 2> <OutPorts = 1>
ST_2 : Operation 58 [1/1] (0.97ns) (out node of the LUT)   --->   "%and_ln16 = and i1 %icmp_ln18, i1 %xor_ln16" [../src/pool.cpp:16]   --->   Operation 58 'and' 'and_ln16' <Predicate = (!icmp_ln16)> <Delay = 0.97> <CoreInst = "LogicGate">   --->   Core 74 'LogicGate' <Latency = 0> <II = 1> <Delay = 0.97> <FuncUnit> <Opcode : 'and' 'or' 'xor'> <InPorts = 2> <OutPorts = 1>
ST_2 : Operation 59 [1/1] (1.73ns)   --->   "%add_ln16_2 = add i4 %co_load, i4 1" [../src/pool.cpp:16]   --->   Operation 59 'add' 'add_ln16_2' <Predicate = (!icmp_ln16)> <Delay = 1.73> <CoreInst = "Adder">   --->   Core 1 'Adder' <Latency = 0> <II = 1> <Delay = 1.73> <FuncUnit> <Opcode : 'add' 'sub'> <InPorts = 2> <OutPorts = 1>
ST_2 : Operation 60 [1/1] (1.02ns)   --->   "%select_ln16_2 = select i1 %icmp_ln17, i4 %add_ln16_2, i4 %co_load" [../src/pool.cpp:16]   --->   Operation 60 'select' 'select_ln16_2' <Predicate = (!icmp_ln16)> <Delay = 1.02> <CoreInst = "Sel">   --->   Core 73 'Sel' <Latency = 0> <II = 1> <Delay = 1.02> <FuncUnit> <Opcode : 'select'> <InPorts = 3> <OutPorts = 1>
ST_2 : Operation 61 [1/1] (1.73ns)   --->   "%add_ln17 = add i4 %select_ln16, i4 1" [../src/pool.cpp:17]   --->   Operation 61 'add' 'add_ln17' <Predicate = (!icmp_ln16)> <Delay = 1.73> <CoreInst = "Adder">   --->   Core 1 'Adder' <Latency = 0> <II = 1> <Delay = 1.73> <FuncUnit> <Opcode : 'add' 'sub'> <InPorts = 2> <OutPorts = 1>
ST_2 : Operation 62 [1/1] (0.00ns) (grouped into LUT with out node w_mid2)   --->   "%empty = or i1 %and_ln16, i1 %icmp_ln17" [../src/pool.cpp:16]   --->   Operation 62 'or' 'empty' <Predicate = (!icmp_ln16)> <Delay = 0.00> <CoreInst = "LogicGate">   --->   Core 74 'LogicGate' <Latency = 0> <II = 1> <Delay = 0.97> <FuncUnit> <Opcode : 'and' 'or' 'xor'> <InPorts = 2> <OutPorts = 1>
ST_2 : Operation 63 [1/1] (1.02ns) (out node of the LUT)   --->   "%w_mid2 = select i1 %empty, i4 0, i4 %w_load" [../src/pool.cpp:16]   --->   Operation 63 'select' 'w_mid2' <Predicate = (!icmp_ln16)> <Delay = 1.02> <CoreInst = "Sel">   --->   Core 73 'Sel' <Latency = 0> <II = 1> <Delay = 1.02> <FuncUnit> <Opcode : 'select'> <InPorts = 3> <OutPorts = 1>
ST_2 : Operation 64 [1/1] (1.02ns)   --->   "%select_ln17 = select i1 %and_ln16, i4 %add_ln17, i4 %select_ln16" [../src/pool.cpp:17]   --->   Operation 64 'select' 'select_ln17' <Predicate = (!icmp_ln16)> <Delay = 1.02> <CoreInst = "Sel">   --->   Core 73 'Sel' <Latency = 0> <II = 1> <Delay = 1.02> <FuncUnit> <Opcode : 'select'> <InPorts = 3> <OutPorts = 1>
ST_2 : Operation 65 [1/1] (0.00ns)   --->   "%zext_ln27 = zext i4 %select_ln16_2" [../src/pool.cpp:27]   --->   Operation 65 'zext' 'zext_ln27' <Predicate = (!icmp_ln16)> <Delay = 0.00>
ST_2 : Operation 66 [1/1] (0.00ns)   --->   "%trunc_ln27 = trunc i4 %select_ln16_2" [../src/pool.cpp:27]   --->   Operation 66 'trunc' 'trunc_ln27' <Predicate = (!icmp_ln16)> <Delay = 0.00>
ST_2 : Operation 67 [1/1] (0.00ns)   --->   "%p_shl4 = bitconcatenate i6 @_ssdm_op_BitConcatenate.i6.i3.i3, i3 %trunc_ln27, i3 0" [../src/pool.cpp:27]   --->   Operation 67 'bitconcatenate' 'p_shl4' <Predicate = (!icmp_ln16)> <Delay = 0.00>
ST_2 : Operation 68 [1/1] (1.82ns)   --->   "%add_ln27_9 = add i6 %p_shl4, i6 %zext_ln27" [../src/pool.cpp:27]   --->   Operation 68 'add' 'add_ln27_9' <Predicate = (!icmp_ln16)> <Delay = 1.82> <CoreInst = "Adder">   --->   Core 1 'Adder' <Latency = 0> <II = 1> <Delay = 1.82> <FuncUnit> <Opcode : 'add' 'sub'> <InPorts = 2> <OutPorts = 1>
ST_2 : Operation 69 [1/1] (0.00ns)   --->   "%trunc_ln33 = trunc i4 %select_ln16_2" [../src/pool.cpp:33]   --->   Operation 69 'trunc' 'trunc_ln33' <Predicate = (!icmp_ln16)> <Delay = 0.00>
ST_2 : Operation 70 [1/1] (0.00ns)   --->   "%trunc_ln18 = trunc i4 %w_mid2" [../src/pool.cpp:18]   --->   Operation 70 'trunc' 'trunc_ln18' <Predicate = (!icmp_ln16)> <Delay = 0.00>
ST_2 : Operation 71 [1/1] (1.73ns)   --->   "%add_ln18 = add i4 %w_mid2, i4 1" [../src/pool.cpp:18]   --->   Operation 71 'add' 'add_ln18' <Predicate = (!icmp_ln16)> <Delay = 1.73> <CoreInst = "Adder">   --->   Core 1 'Adder' <Latency = 0> <II = 1> <Delay = 1.73> <FuncUnit> <Opcode : 'add' 'sub'> <InPorts = 2> <OutPorts = 1>
ST_2 : Operation 72 [1/1] (1.91ns)   --->   "%add_ln17_2 = add i8 %indvar_flatten_load, i8 1" [../src/pool.cpp:17]   --->   Operation 72 'add' 'add_ln17_2' <Predicate = (!icmp_ln16)> <Delay = 1.91> <CoreInst = "Adder">   --->   Core 1 'Adder' <Latency = 0> <II = 1> <Delay = 1.91> <FuncUnit> <Opcode : 'add' 'sub'> <InPorts = 2> <OutPorts = 1>
ST_2 : Operation 73 [1/1] (1.24ns)   --->   "%select_ln17_2 = select i1 %icmp_ln17, i8 1, i8 %add_ln17_2" [../src/pool.cpp:17]   --->   Operation 73 'select' 'select_ln17_2' <Predicate = (!icmp_ln16)> <Delay = 1.24> <CoreInst = "Sel">   --->   Core 73 'Sel' <Latency = 0> <II = 1> <Delay = 1.24> <FuncUnit> <Opcode : 'select'> <InPorts = 3> <OutPorts = 1>
ST_2 : Operation 74 [1/1] (1.58ns)   --->   "%store_ln16 = store i4 %select_ln16_2, i4 %co" [../src/pool.cpp:16]   --->   Operation 74 'store' 'store_ln16' <Predicate = (!icmp_ln16)> <Delay = 1.58>
ST_2 : Operation 75 [1/1] (1.58ns)   --->   "%store_ln17 = store i8 %select_ln17_2, i8 %indvar_flatten" [../src/pool.cpp:17]   --->   Operation 75 'store' 'store_ln17' <Predicate = (!icmp_ln16)> <Delay = 1.58>
ST_2 : Operation 76 [1/1] (1.58ns)   --->   "%store_ln17 = store i4 %select_ln17, i4 %h" [../src/pool.cpp:17]   --->   Operation 76 'store' 'store_ln17' <Predicate = (!icmp_ln16)> <Delay = 1.58>
ST_2 : Operation 77 [1/1] (1.58ns)   --->   "%store_ln18 = store i4 %add_ln18, i4 %w" [../src/pool.cpp:18]   --->   Operation 77 'store' 'store_ln18' <Predicate = (!icmp_ln16)> <Delay = 1.58>
ST_2 : Operation 78 [1/1] (0.00ns)   --->   "%br_ln18 = br void %if.end.i.i.i" [../src/pool.cpp:18]   --->   Operation 78 'br' 'br_ln18' <Predicate = (!icmp_ln16)> <Delay = 0.00>

State 3 <SV = 2> <Delay = 8.12>
ST_3 : Operation 79 [1/1] (0.00ns)   --->   "%zext_ln27_1 = zext i6 %add_ln27_9" [../src/pool.cpp:27]   --->   Operation 79 'zext' 'zext_ln27_1' <Predicate = true> <Delay = 0.00>
ST_3 : Operation 80 [1/1] (0.00ns)   --->   "%shl_ln = bitconcatenate i3 @_ssdm_op_BitConcatenate.i3.i1.i2, i1 %trunc_ln33, i2 0" [../src/pool.cpp:33]   --->   Operation 80 'bitconcatenate' 'shl_ln' <Predicate = true> <Delay = 0.00>
ST_3 : Operation 81 [1/1] (0.00ns)   --->   "%p_shl5 = bitconcatenate i7 @_ssdm_op_BitConcatenate.i7.i4.i3, i4 %select_ln17, i3 0" [../src/pool.cpp:33]   --->   Operation 81 'bitconcatenate' 'p_shl5' <Predicate = true> <Delay = 0.00>
ST_3 : Operation 82 [1/1] (0.00ns)   --->   "%tmp = bitconcatenate i5 @_ssdm_op_BitConcatenate.i5.i4.i1, i4 %select_ln17, i1 0" [../src/pool.cpp:33]   --->   Operation 82 'bitconcatenate' 'tmp' <Predicate = true> <Delay = 0.00>
ST_3 : Operation 83 [1/1] (0.00ns)   --->   "%zext_ln33_4 = zext i5 %tmp" [../src/pool.cpp:33]   --->   Operation 83 'zext' 'zext_ln33_4' <Predicate = true> <Delay = 0.00>
ST_3 : Operation 84 [1/1] (1.87ns)   --->   "%sub_ln33 = sub i7 %p_shl5, i7 %zext_ln33_4" [../src/pool.cpp:33]   --->   Operation 84 'sub' 'sub_ln33' <Predicate = true> <Delay = 1.87> <CoreInst = "Adder">   --->   Core 1 'Adder' <Latency = 0> <II = 1> <Delay = 1.87> <FuncUnit> <Opcode : 'add' 'sub'> <InPorts = 2> <OutPorts = 1>
ST_3 : Operation 85 [1/1] (0.00ns)   --->   "%trunc_ln33_1 = trunc i7 %sub_ln33" [../src/pool.cpp:33]   --->   Operation 85 'trunc' 'trunc_ln33_1' <Predicate = true> <Delay = 0.00>
ST_3 : Operation 86 [1/1] (0.00ns)   --->   "%zext_ln33_2 = zext i7 %sub_ln33" [../src/pool.cpp:33]   --->   Operation 86 'zext' 'zext_ln33_2' <Predicate = true> <Delay = 0.00>
ST_3 : Operation 87 [1/1] (0.00ns)   --->   "%shl_ln1 = bitconcatenate i5 @_ssdm_op_BitConcatenate.i5.i4.i1, i4 %w_mid2, i1 0" [../src/pool.cpp:26]   --->   Operation 87 'bitconcatenate' 'shl_ln1' <Predicate = true> <Delay = 0.00>
ST_3 : Operation 88 [1/1] (0.00ns)   --->   "%zext_ln27_6 = zext i5 %shl_ln1" [../src/pool.cpp:27]   --->   Operation 88 'zext' 'zext_ln27_6' <Predicate = true> <Delay = 0.00>
ST_3 : Operation 89 [1/1] (1.82ns)   --->   "%add_ln27_3 = add i7 %zext_ln27_1, i7 %zext_ln27_6" [../src/pool.cpp:27]   --->   Operation 89 'add' 'add_ln27_3' <Predicate = true> <Delay = 1.82> <CoreInst = "Adder">   --->   Core 1 'Adder' <Latency = 0> <II = 1> <Delay = 1.87> <FuncUnit> <Opcode : 'add' 'sub'> <InPorts = 2> <OutPorts = 1>
ST_3 : Operation 90 [1/1] (0.00ns)   --->   "%zext_ln27_7 = zext i7 %add_ln27_3" [../src/pool.cpp:27]   --->   Operation 90 'zext' 'zext_ln27_7' <Predicate = true> <Delay = 0.00>
ST_3 : Operation 91 [1/1] (1.87ns)   --->   "%add_ln27_4 = add i8 %zext_ln27_7, i8 %zext_ln33_2" [../src/pool.cpp:27]   --->   Operation 91 'add' 'add_ln27_4' <Predicate = true> <Delay = 1.87> <CoreInst = "Adder">   --->   Core 1 'Adder' <Latency = 0> <II = 1> <Delay = 1.91> <FuncUnit> <Opcode : 'add' 'sub'> <InPorts = 2> <OutPorts = 1>
ST_3 : Operation 92 [12/12] (4.38ns)   --->   "%urem_ln29 = urem i8 %add_ln27_4, i8 5" [../src/pool.cpp:29]   --->   Operation 92 'urem' 'urem_ln29' <Predicate = true> <Delay = 4.38> <CoreInst = "Divider">   --->   Core 6 'Divider' <Latency = 11> <II = 1> <Delay = 4.38> <FuncUnit> <Opcode : 'udiv' 'sdiv' 'urem' 'srem'> <InPorts = 2> <OutPorts = 1>
ST_3 : Operation 93 [1/1] (0.00ns) (grouped into TernaryAdder)   --->   "%add_ln33 = add i3 %shl_ln, i3 %trunc_ln18" [../src/pool.cpp:33]   --->   Operation 93 'add' 'add_ln33' <Predicate = true> <Delay = 0.00> <CoreInst = "TAddSub">   --->   Core 10 'TAddSub' <Latency = 0> <II = 1> <Delay = 1.34> <IPBlock> <Opcode : 'add' 'sub'> <InPorts = 3> <OutPorts = 1> <Sync> <CReg>
ST_3 : Operation 94 [1/1] (2.69ns) (root node of TernaryAdder)   --->   "%add_ln33_1 = add i3 %add_ln33, i3 %trunc_ln33_1" [../src/pool.cpp:33]   --->   Operation 94 'add' 'add_ln33_1' <Predicate = true> <Delay = 2.69> <CoreInst = "TAddSub">   --->   Core 10 'TAddSub' <Latency = 0> <II = 1> <Delay = 1.34> <IPBlock> <Opcode : 'add' 'sub'> <InPorts = 3> <OutPorts = 1> <Sync> <CReg>
ST_3 : Operation 95 [1/1] (1.65ns)   --->   "%switch_ln33 = switch i3 %add_ln33_1, void %arrayidx3710.case.7, i3 0, void %arrayidx3710.case.0, i3 1, void %arrayidx3710.case.1, i3 2, void %arrayidx3710.case.2, i3 3, void %arrayidx3710.case.3, i3 4, void %arrayidx3710.case.4, i3 5, void %arrayidx3710.case.5, i3 6, void %arrayidx3710.case.6" [../src/pool.cpp:33]   --->   Operation 95 'switch' 'switch_ln33' <Predicate = true> <Delay = 1.65>

State 4 <SV = 3> <Delay = 4.38>
ST_4 : Operation 96 [11/12] (4.38ns)   --->   "%urem_ln29 = urem i8 %add_ln27_4, i8 5" [../src/pool.cpp:29]   --->   Operation 96 'urem' 'urem_ln29' <Predicate = true> <Delay = 4.38> <CoreInst = "Divider">   --->   Core 6 'Divider' <Latency = 11> <II = 1> <Delay = 4.38> <FuncUnit> <Opcode : 'udiv' 'sdiv' 'urem' 'srem'> <InPorts = 2> <OutPorts = 1>

State 5 <SV = 4> <Delay = 4.38>
ST_5 : Operation 97 [10/12] (4.38ns)   --->   "%urem_ln29 = urem i8 %add_ln27_4, i8 5" [../src/pool.cpp:29]   --->   Operation 97 'urem' 'urem_ln29' <Predicate = true> <Delay = 4.38> <CoreInst = "Divider">   --->   Core 6 'Divider' <Latency = 11> <II = 1> <Delay = 4.38> <FuncUnit> <Opcode : 'udiv' 'sdiv' 'urem' 'srem'> <InPorts = 2> <OutPorts = 1>

State 6 <SV = 5> <Delay = 4.38>
ST_6 : Operation 98 [9/12] (4.38ns)   --->   "%urem_ln29 = urem i8 %add_ln27_4, i8 5" [../src/pool.cpp:29]   --->   Operation 98 'urem' 'urem_ln29' <Predicate = true> <Delay = 4.38> <CoreInst = "Divider">   --->   Core 6 'Divider' <Latency = 11> <II = 1> <Delay = 4.38> <FuncUnit> <Opcode : 'udiv' 'sdiv' 'urem' 'srem'> <InPorts = 2> <OutPorts = 1>

State 7 <SV = 6> <Delay = 4.38>
ST_7 : Operation 99 [8/12] (4.38ns)   --->   "%urem_ln29 = urem i8 %add_ln27_4, i8 5" [../src/pool.cpp:29]   --->   Operation 99 'urem' 'urem_ln29' <Predicate = true> <Delay = 4.38> <CoreInst = "Divider">   --->   Core 6 'Divider' <Latency = 11> <II = 1> <Delay = 4.38> <FuncUnit> <Opcode : 'udiv' 'sdiv' 'urem' 'srem'> <InPorts = 2> <OutPorts = 1>

State 8 <SV = 7> <Delay = 4.38>
ST_8 : Operation 100 [7/12] (4.38ns)   --->   "%urem_ln29 = urem i8 %add_ln27_4, i8 5" [../src/pool.cpp:29]   --->   Operation 100 'urem' 'urem_ln29' <Predicate = true> <Delay = 4.38> <CoreInst = "Divider">   --->   Core 6 'Divider' <Latency = 11> <II = 1> <Delay = 4.38> <FuncUnit> <Opcode : 'udiv' 'sdiv' 'urem' 'srem'> <InPorts = 2> <OutPorts = 1>

State 9 <SV = 8> <Delay = 4.38>
ST_9 : Operation 101 [6/12] (4.38ns)   --->   "%urem_ln29 = urem i8 %add_ln27_4, i8 5" [../src/pool.cpp:29]   --->   Operation 101 'urem' 'urem_ln29' <Predicate = true> <Delay = 4.38> <CoreInst = "Divider">   --->   Core 6 'Divider' <Latency = 11> <II = 1> <Delay = 4.38> <FuncUnit> <Opcode : 'udiv' 'sdiv' 'urem' 'srem'> <InPorts = 2> <OutPorts = 1>

State 10 <SV = 9> <Delay = 4.38>
ST_10 : Operation 102 [5/12] (4.38ns)   --->   "%urem_ln29 = urem i8 %add_ln27_4, i8 5" [../src/pool.cpp:29]   --->   Operation 102 'urem' 'urem_ln29' <Predicate = true> <Delay = 4.38> <CoreInst = "Divider">   --->   Core 6 'Divider' <Latency = 11> <II = 1> <Delay = 4.38> <FuncUnit> <Opcode : 'udiv' 'sdiv' 'urem' 'srem'> <InPorts = 2> <OutPorts = 1>

State 11 <SV = 10> <Delay = 4.38>
ST_11 : Operation 103 [4/12] (4.38ns)   --->   "%urem_ln29 = urem i8 %add_ln27_4, i8 5" [../src/pool.cpp:29]   --->   Operation 103 'urem' 'urem_ln29' <Predicate = true> <Delay = 4.38> <CoreInst = "Divider">   --->   Core 6 'Divider' <Latency = 11> <II = 1> <Delay = 4.38> <FuncUnit> <Opcode : 'udiv' 'sdiv' 'urem' 'srem'> <InPorts = 2> <OutPorts = 1>

State 12 <SV = 11> <Delay = 4.38>
ST_12 : Operation 104 [1/1] (0.00ns)   --->   "%zext_ln17 = zext i4 %select_ln16_2" [../src/pool.cpp:17]   --->   Operation 104 'zext' 'zext_ln17' <Predicate = true> <Delay = 0.00>
ST_12 : Operation 105 [3/3] (1.05ns) (grouped into DSP with root node add_ln33_2)   --->   "%mul_ln17 = mul i11 %zext_ln17, i11 196" [../src/pool.cpp:17]   --->   Operation 105 'mul' 'mul_ln17' <Predicate = true> <Delay = 1.05> <CoreInst = "DSP48">   --->   Core 116 'DSP48' <Latency = 3> <II = 1> <Delay = 2.15> <IPBlock> <Opcode : 'add' 'sub' 'mul' 'select'> <InPorts = 0> <OutPorts = 1> <Sync> <CReg>
ST_12 : Operation 106 [3/12] (4.38ns)   --->   "%urem_ln29 = urem i8 %add_ln27_4, i8 5" [../src/pool.cpp:29]   --->   Operation 106 'urem' 'urem_ln29' <Predicate = true> <Delay = 4.38> <CoreInst = "Divider">   --->   Core 6 'Divider' <Latency = 11> <II = 1> <Delay = 4.38> <FuncUnit> <Opcode : 'udiv' 'sdiv' 'urem' 'srem'> <InPorts = 2> <OutPorts = 1>

State 13 <SV = 12> <Delay = 7.30>
ST_13 : Operation 107 [1/1] (0.00ns)   --->   "%zext_ln33 = zext i4 %select_ln16_2" [../src/pool.cpp:33]   --->   Operation 107 'zext' 'zext_ln33' <Predicate = true> <Delay = 0.00>
ST_13 : Operation 108 [1/1] (5.63ns)   --->   "%mul_ln33_1 = mul i13 %zext_ln33, i13 784" [../src/pool.cpp:33]   --->   Operation 108 'mul' 'mul_ln33_1' <Predicate = true> <Delay = 5.63> <CoreInst = "Multiplier">   --->   Core 3 'Multiplier' <Latency = 0> <II = 1> <Delay = 5.63> <FuncUnit> <Opcode : 'mul'> <InPorts = 2> <OutPorts = 1>
ST_13 : Operation 109 [2/3] (1.05ns) (grouped into DSP with root node add_ln33_2)   --->   "%mul_ln17 = mul i11 %zext_ln17, i11 196" [../src/pool.cpp:17]   --->   Operation 109 'mul' 'mul_ln17' <Predicate = true> <Delay = 1.05> <CoreInst = "DSP48">   --->   Core 116 'DSP48' <Latency = 3> <II = 1> <Delay = 2.15> <IPBlock> <Opcode : 'add' 'sub' 'mul' 'select'> <InPorts = 0> <OutPorts = 1> <Sync> <CReg>
ST_13 : Operation 110 [1/1] (0.00ns)   --->   "%p_shl6 = bitconcatenate i8 @_ssdm_op_BitConcatenate.i8.i4.i4, i4 %select_ln17, i4 0" [../src/pool.cpp:33]   --->   Operation 110 'bitconcatenate' 'p_shl6' <Predicate = true> <Delay = 0.00>
ST_13 : Operation 111 [1/1] (0.00ns)   --->   "%zext_ln33_5 = zext i5 %tmp" [../src/pool.cpp:33]   --->   Operation 111 'zext' 'zext_ln33_5' <Predicate = true> <Delay = 0.00>
ST_13 : Operation 112 [1/1] (1.91ns)   --->   "%sub_ln33_1 = sub i8 %p_shl6, i8 %zext_ln33_5" [../src/pool.cpp:33]   --->   Operation 112 'sub' 'sub_ln33_1' <Predicate = true> <Delay = 1.91> <CoreInst = "Adder">   --->   Core 1 'Adder' <Latency = 0> <II = 1> <Delay = 1.91> <FuncUnit> <Opcode : 'add' 'sub'> <InPorts = 2> <OutPorts = 1>
ST_13 : Operation 113 [1/1] (0.00ns)   --->   "%p_shl = bitconcatenate i10 @_ssdm_op_BitConcatenate.i10.i4.i6, i4 %select_ln17, i6 0" [../src/pool.cpp:27]   --->   Operation 113 'bitconcatenate' 'p_shl' <Predicate = true> <Delay = 0.00>
ST_13 : Operation 114 [1/1] (0.00ns)   --->   "%zext_ln27_9 = zext i7 %p_shl5" [../src/pool.cpp:27]   --->   Operation 114 'zext' 'zext_ln27_9' <Predicate = true> <Delay = 0.00>
ST_13 : Operation 115 [1/1] (1.73ns)   --->   "%sub_ln27 = sub i10 %p_shl, i10 %zext_ln27_9" [../src/pool.cpp:27]   --->   Operation 115 'sub' 'sub_ln27' <Predicate = true> <Delay = 1.73> <CoreInst = "Adder">   --->   Core 1 'Adder' <Latency = 0> <II = 1> <Delay = 1.73> <FuncUnit> <Opcode : 'add' 'sub'> <InPorts = 2> <OutPorts = 1>
ST_13 : Operation 116 [1/1] (0.00ns)   --->   "%zext_ln27_3 = zext i10 %sub_ln27" [../src/pool.cpp:27]   --->   Operation 116 'zext' 'zext_ln27_3' <Predicate = true> <Delay = 0.00>
ST_13 : Operation 117 [1/1] (1.67ns)   --->   "%add_ln27 = add i13 %zext_ln27_3, i13 %mul_ln33_1" [../src/pool.cpp:27]   --->   Operation 117 'add' 'add_ln27' <Predicate = true> <Delay = 1.67> <CoreInst = "Adder">   --->   Core 1 'Adder' <Latency = 0> <II = 1> <Delay = 1.67> <FuncUnit> <Opcode : 'add' 'sub'> <InPorts = 2> <OutPorts = 1>
ST_13 : Operation 118 [1/1] (1.73ns)   --->   "%add_ln27_1 = add i10 %sub_ln27, i10 28" [../src/pool.cpp:27]   --->   Operation 118 'add' 'add_ln27_1' <Predicate = true> <Delay = 1.73> <CoreInst = "Adder">   --->   Core 1 'Adder' <Latency = 0> <II = 1> <Delay = 1.73> <FuncUnit> <Opcode : 'add' 'sub'> <InPorts = 2> <OutPorts = 1>
ST_13 : Operation 119 [1/1] (0.00ns)   --->   "%zext_ln27_4 = zext i10 %add_ln27_1" [../src/pool.cpp:27]   --->   Operation 119 'zext' 'zext_ln27_4' <Predicate = true> <Delay = 0.00>
ST_13 : Operation 120 [1/1] (1.67ns)   --->   "%add_ln27_2 = add i13 %zext_ln27_4, i13 %mul_ln33_1" [../src/pool.cpp:27]   --->   Operation 120 'add' 'add_ln27_2' <Predicate = true> <Delay = 1.67> <CoreInst = "Adder">   --->   Core 1 'Adder' <Latency = 0> <II = 1> <Delay = 1.67> <FuncUnit> <Opcode : 'add' 'sub'> <InPorts = 2> <OutPorts = 1>
ST_13 : Operation 121 [2/12] (4.38ns)   --->   "%urem_ln29 = urem i8 %add_ln27_4, i8 5" [../src/pool.cpp:29]   --->   Operation 121 'urem' 'urem_ln29' <Predicate = true> <Delay = 4.38> <CoreInst = "Divider">   --->   Core 6 'Divider' <Latency = 11> <II = 1> <Delay = 4.38> <FuncUnit> <Opcode : 'udiv' 'sdiv' 'urem' 'srem'> <InPorts = 2> <OutPorts = 1>

State 14 <SV = 13> <Delay = 7.26>
ST_14 : Operation 122 [1/3] (0.00ns) (grouped into DSP with root node add_ln33_2)   --->   "%mul_ln17 = mul i11 %zext_ln17, i11 196" [../src/pool.cpp:17]   --->   Operation 122 'mul' 'mul_ln17' <Predicate = true> <Delay = 0.00> <CoreInst = "DSP48">   --->   Core 116 'DSP48' <Latency = 3> <II = 1> <Delay = 2.15> <IPBlock> <Opcode : 'add' 'sub' 'mul' 'select'> <InPorts = 0> <OutPorts = 1> <Sync> <CReg>
ST_14 : Operation 123 [1/1] (0.00ns)   --->   "%zext_ln18 = zext i4 %w_mid2" [../src/pool.cpp:18]   --->   Operation 123 'zext' 'zext_ln18' <Predicate = true> <Delay = 0.00>
ST_14 : Operation 124 [1/1] (0.00ns)   --->   "%zext_ln27_5 = zext i5 %shl_ln1" [../src/pool.cpp:27]   --->   Operation 124 'zext' 'zext_ln27_5' <Predicate = true> <Delay = 0.00>
ST_14 : Operation 125 [1/1] (1.67ns)   --->   "%add_ln27_5 = add i13 %zext_ln27_5, i13 %add_ln27" [../src/pool.cpp:27]   --->   Operation 125 'add' 'add_ln27_5' <Predicate = true> <Delay = 1.67> <CoreInst = "Adder">   --->   Core 1 'Adder' <Latency = 0> <II = 1> <Delay = 1.67> <FuncUnit> <Opcode : 'add' 'sub'> <InPorts = 2> <OutPorts = 1>
ST_14 : Operation 126 [1/1] (0.00ns)   --->   "%zext_ln29_8 = zext i13 %add_ln27_5" [../src/pool.cpp:29]   --->   Operation 126 'zext' 'zext_ln29_8' <Predicate = true> <Delay = 0.00>
ST_14 : Operation 127 [1/1] (5.59ns)   --->   "%mul_ln29 = mul i27 %zext_ln29_8, i27 13108" [../src/pool.cpp:29]   --->   Operation 127 'mul' 'mul_ln29' <Predicate = true> <Delay = 5.59> <CoreInst = "Multiplier">   --->   Core 3 'Multiplier' <Latency = 0> <II = 1> <Delay = 5.59> <FuncUnit> <Opcode : 'mul'> <InPorts = 2> <OutPorts = 1>
ST_14 : Operation 128 [1/1] (0.00ns)   --->   "%tmp_2 = partselect i11 @_ssdm_op_PartSelect.i11.i27.i32.i32, i27 %mul_ln29, i32 16, i32 26" [../src/pool.cpp:29]   --->   Operation 128 'partselect' 'tmp_2' <Predicate = true> <Delay = 0.00>
ST_14 : Operation 129 [1/12] (4.38ns)   --->   "%urem_ln29 = urem i8 %add_ln27_4, i8 5" [../src/pool.cpp:29]   --->   Operation 129 'urem' 'urem_ln29' <Predicate = true> <Delay = 4.38> <CoreInst = "Divider">   --->   Core 6 'Divider' <Latency = 11> <II = 1> <Delay = 4.38> <FuncUnit> <Opcode : 'udiv' 'sdiv' 'urem' 'srem'> <InPorts = 2> <OutPorts = 1>
ST_14 : Operation 130 [1/1] (0.00ns)   --->   "%trunc_ln29 = trunc i3 %urem_ln29" [../src/pool.cpp:29]   --->   Operation 130 'trunc' 'trunc_ln29' <Predicate = true> <Delay = 0.00>
ST_14 : Operation 131 [1/1] (0.00ns)   --->   "%or_ln = bitconcatenate i5 @_ssdm_op_BitConcatenate.i5.i4.i1, i4 %w_mid2, i1 1" [../src/pool.cpp:26]   --->   Operation 131 'bitconcatenate' 'or_ln' <Predicate = true> <Delay = 0.00>
ST_14 : Operation 132 [1/1] (0.00ns)   --->   "%zext_ln27_8 = zext i5 %or_ln" [../src/pool.cpp:27]   --->   Operation 132 'zext' 'zext_ln27_8' <Predicate = true> <Delay = 0.00>
ST_14 : Operation 133 [1/1] (1.67ns)   --->   "%add_ln27_6 = add i13 %zext_ln27_8, i13 %add_ln27" [../src/pool.cpp:27]   --->   Operation 133 'add' 'add_ln27_6' <Predicate = true> <Delay = 1.67> <CoreInst = "Adder">   --->   Core 1 'Adder' <Latency = 0> <II = 1> <Delay = 1.67> <FuncUnit> <Opcode : 'add' 'sub'> <InPorts = 2> <OutPorts = 1>
ST_14 : Operation 134 [1/1] (0.00ns)   --->   "%zext_ln29_9 = zext i13 %add_ln27_6" [../src/pool.cpp:29]   --->   Operation 134 'zext' 'zext_ln29_9' <Predicate = true> <Delay = 0.00>
ST_14 : Operation 135 [1/1] (5.59ns)   --->   "%mul_ln29_1 = mul i27 %zext_ln29_9, i27 13108" [../src/pool.cpp:29]   --->   Operation 135 'mul' 'mul_ln29_1' <Predicate = true> <Delay = 5.59> <CoreInst = "Multiplier">   --->   Core 3 'Multiplier' <Latency = 0> <II = 1> <Delay = 5.59> <FuncUnit> <Opcode : 'mul'> <InPorts = 2> <OutPorts = 1>
ST_14 : Operation 136 [1/1] (0.00ns)   --->   "%tmp_3 = partselect i11 @_ssdm_op_PartSelect.i11.i27.i32.i32, i27 %mul_ln29_1, i32 16, i32 26" [../src/pool.cpp:29]   --->   Operation 136 'partselect' 'tmp_3' <Predicate = true> <Delay = 0.00>
ST_14 : Operation 137 [1/1] (1.67ns)   --->   "%add_ln27_7 = add i13 %zext_ln27_5, i13 %add_ln27_2" [../src/pool.cpp:27]   --->   Operation 137 'add' 'add_ln27_7' <Predicate = true> <Delay = 1.67> <CoreInst = "Adder">   --->   Core 1 'Adder' <Latency = 0> <II = 1> <Delay = 1.67> <FuncUnit> <Opcode : 'add' 'sub'> <InPorts = 2> <OutPorts = 1>
ST_14 : Operation 138 [1/1] (0.00ns)   --->   "%zext_ln29_10 = zext i13 %add_ln27_7" [../src/pool.cpp:29]   --->   Operation 138 'zext' 'zext_ln29_10' <Predicate = true> <Delay = 0.00>
ST_14 : Operation 139 [1/1] (5.59ns)   --->   "%mul_ln29_2 = mul i27 %zext_ln29_10, i27 13108" [../src/pool.cpp:29]   --->   Operation 139 'mul' 'mul_ln29_2' <Predicate = true> <Delay = 5.59> <CoreInst = "Multiplier">   --->   Core 3 'Multiplier' <Latency = 0> <II = 1> <Delay = 5.59> <FuncUnit> <Opcode : 'mul'> <InPorts = 2> <OutPorts = 1>
ST_14 : Operation 140 [1/1] (0.00ns)   --->   "%tmp_4 = partselect i11 @_ssdm_op_PartSelect.i11.i27.i32.i32, i27 %mul_ln29_2, i32 16, i32 26" [../src/pool.cpp:29]   --->   Operation 140 'partselect' 'tmp_4' <Predicate = true> <Delay = 0.00>
ST_14 : Operation 141 [1/1] (1.67ns)   --->   "%add_ln27_8 = add i13 %zext_ln27_8, i13 %add_ln27_2" [../src/pool.cpp:27]   --->   Operation 141 'add' 'add_ln27_8' <Predicate = true> <Delay = 1.67> <CoreInst = "Adder">   --->   Core 1 'Adder' <Latency = 0> <II = 1> <Delay = 1.67> <FuncUnit> <Opcode : 'add' 'sub'> <InPorts = 2> <OutPorts = 1>
ST_14 : Operation 142 [1/1] (0.00ns)   --->   "%zext_ln29_11 = zext i13 %add_ln27_8" [../src/pool.cpp:29]   --->   Operation 142 'zext' 'zext_ln29_11' <Predicate = true> <Delay = 0.00>
ST_14 : Operation 143 [1/1] (5.59ns)   --->   "%mul_ln29_3 = mul i27 %zext_ln29_11, i27 13108" [../src/pool.cpp:29]   --->   Operation 143 'mul' 'mul_ln29_3' <Predicate = true> <Delay = 5.59> <CoreInst = "Multiplier">   --->   Core 3 'Multiplier' <Latency = 0> <II = 1> <Delay = 5.59> <FuncUnit> <Opcode : 'mul'> <InPorts = 2> <OutPorts = 1>
ST_14 : Operation 144 [1/1] (0.00ns)   --->   "%tmp_5 = partselect i11 @_ssdm_op_PartSelect.i11.i27.i32.i32, i27 %mul_ln29_3, i32 16, i32 26" [../src/pool.cpp:29]   --->   Operation 144 'partselect' 'tmp_5' <Predicate = true> <Delay = 0.00>
ST_14 : Operation 145 [2/2] (2.10ns) (root node of the DSP)   --->   "%add_ln33_2 = add i11 %mul_ln17, i11 %zext_ln18" [../src/pool.cpp:33]   --->   Operation 145 'add' 'add_ln33_2' <Predicate = true> <Delay = 2.10> <CoreInst = "DSP48">   --->   Core 116 'DSP48' <Latency = 3> <II = 1> <Delay = 2.15> <IPBlock> <Opcode : 'add' 'sub' 'mul' 'select'> <InPorts = 0> <OutPorts = 1> <Sync> <CReg>

State 15 <SV = 14> <Delay = 3.73>
ST_15 : Operation 146 [1/1] (0.00ns)   --->   "%zext_ln27_2 = zext i8 %sub_ln33_1" [../src/pool.cpp:27]   --->   Operation 146 'zext' 'zext_ln27_2' <Predicate = true> <Delay = 0.00>
ST_15 : Operation 147 [1/1] (0.00ns)   --->   "%zext_ln29 = zext i11 %tmp_2" [../src/pool.cpp:29]   --->   Operation 147 'zext' 'zext_ln29' <Predicate = true> <Delay = 0.00>
ST_15 : Operation 148 [1/1] (0.00ns)   --->   "%input_0_addr = getelementptr i7 %input_0, i64 0, i64 %zext_ln29" [../src/pool.cpp:29]   --->   Operation 148 'getelementptr' 'input_0_addr' <Predicate = (trunc_ln29 == 0)> <Delay = 0.00>
ST_15 : Operation 149 [1/1] (0.00ns)   --->   "%input_1_addr = getelementptr i7 %input_1, i64 0, i64 %zext_ln29" [../src/pool.cpp:29]   --->   Operation 149 'getelementptr' 'input_1_addr' <Predicate = (trunc_ln29 == 1)> <Delay = 0.00>
ST_15 : Operation 150 [1/1] (0.00ns)   --->   "%input_2_addr = getelementptr i7 %input_2, i64 0, i64 %zext_ln29" [../src/pool.cpp:29]   --->   Operation 150 'getelementptr' 'input_2_addr' <Predicate = (trunc_ln29 == 2)> <Delay = 0.00>
ST_15 : Operation 151 [1/1] (0.00ns)   --->   "%input_3_addr = getelementptr i7 %input_3, i64 0, i64 %zext_ln29" [../src/pool.cpp:29]   --->   Operation 151 'getelementptr' 'input_3_addr' <Predicate = (trunc_ln29 == 3)> <Delay = 0.00>
ST_15 : Operation 152 [1/1] (0.00ns)   --->   "%input_4_addr = getelementptr i7 %input_4, i64 0, i64 %zext_ln29" [../src/pool.cpp:29]   --->   Operation 152 'getelementptr' 'input_4_addr' <Predicate = (trunc_ln29 == 4)> <Delay = 0.00>
ST_15 : Operation 153 [2/2] (3.25ns)   --->   "%input_0_load = load i11 %input_0_addr" [../src/pool.cpp:29]   --->   Operation 153 'load' 'input_0_load' <Predicate = (trunc_ln29 == 0)> <Delay = 3.25> <CoreInst = "RAM_2P_BRAM">   --->   Core 90 'RAM_2P_BRAM' <Latency = 1> <II = 1> <Delay = 3.25> <Storage> <Opcode : 'load' 'store'> <Ports = 2> <Width = 7> <Depth = 1255> <RAM>
ST_15 : Operation 154 [2/2] (3.25ns)   --->   "%input_1_load = load i11 %input_1_addr" [../src/pool.cpp:29]   --->   Operation 154 'load' 'input_1_load' <Predicate = (trunc_ln29 == 1)> <Delay = 3.25> <CoreInst = "RAM_2P_BRAM">   --->   Core 90 'RAM_2P_BRAM' <Latency = 1> <II = 1> <Delay = 3.25> <Storage> <Opcode : 'load' 'store'> <Ports = 2> <Width = 7> <Depth = 1255> <RAM>
ST_15 : Operation 155 [2/2] (3.25ns)   --->   "%input_2_load = load i11 %input_2_addr" [../src/pool.cpp:29]   --->   Operation 155 'load' 'input_2_load' <Predicate = (trunc_ln29 == 2)> <Delay = 3.25> <CoreInst = "RAM_2P_BRAM">   --->   Core 90 'RAM_2P_BRAM' <Latency = 1> <II = 1> <Delay = 3.25> <Storage> <Opcode : 'load' 'store'> <Ports = 2> <Width = 7> <Depth = 1255> <RAM>
ST_15 : Operation 156 [2/2] (3.25ns)   --->   "%input_3_load = load i11 %input_3_addr" [../src/pool.cpp:29]   --->   Operation 156 'load' 'input_3_load' <Predicate = (trunc_ln29 == 3)> <Delay = 3.25> <CoreInst = "RAM_2P_BRAM">   --->   Core 90 'RAM_2P_BRAM' <Latency = 1> <II = 1> <Delay = 3.25> <Storage> <Opcode : 'load' 'store'> <Ports = 2> <Width = 7> <Depth = 1255> <RAM>
ST_15 : Operation 157 [2/2] (3.25ns)   --->   "%input_4_load = load i11 %input_4_addr" [../src/pool.cpp:29]   --->   Operation 157 'load' 'input_4_load' <Predicate = (trunc_ln29 == 4)> <Delay = 3.25> <CoreInst = "RAM_2P_BRAM">   --->   Core 90 'RAM_2P_BRAM' <Latency = 1> <II = 1> <Delay = 3.25> <Storage> <Opcode : 'load' 'store'> <Ports = 2> <Width = 7> <Depth = 1255> <RAM>
ST_15 : Operation 158 [1/1] (0.00ns)   --->   "%zext_ln29_5 = zext i11 %tmp_3" [../src/pool.cpp:29]   --->   Operation 158 'zext' 'zext_ln29_5' <Predicate = true> <Delay = 0.00>
ST_15 : Operation 159 [1/1] (0.00ns)   --->   "%input_0_addr_2 = getelementptr i7 %input_0, i64 0, i64 %zext_ln29_5" [../src/pool.cpp:29]   --->   Operation 159 'getelementptr' 'input_0_addr_2' <Predicate = (trunc_ln29 == 4)> <Delay = 0.00>
ST_15 : Operation 160 [1/1] (0.00ns)   --->   "%input_1_addr_2 = getelementptr i7 %input_1, i64 0, i64 %zext_ln29_5" [../src/pool.cpp:29]   --->   Operation 160 'getelementptr' 'input_1_addr_2' <Predicate = (trunc_ln29 == 0)> <Delay = 0.00>
ST_15 : Operation 161 [1/1] (0.00ns)   --->   "%input_2_addr_1 = getelementptr i7 %input_2, i64 0, i64 %zext_ln29_5" [../src/pool.cpp:29]   --->   Operation 161 'getelementptr' 'input_2_addr_1' <Predicate = (trunc_ln29 == 1)> <Delay = 0.00>
ST_15 : Operation 162 [1/1] (0.00ns)   --->   "%input_3_addr_1 = getelementptr i7 %input_3, i64 0, i64 %zext_ln29_5" [../src/pool.cpp:29]   --->   Operation 162 'getelementptr' 'input_3_addr_1' <Predicate = (trunc_ln29 == 2)> <Delay = 0.00>
ST_15 : Operation 163 [1/1] (0.00ns)   --->   "%input_4_addr_1 = getelementptr i7 %input_4, i64 0, i64 %zext_ln29_5" [../src/pool.cpp:29]   --->   Operation 163 'getelementptr' 'input_4_addr_1' <Predicate = (trunc_ln29 == 3)> <Delay = 0.00>
ST_15 : Operation 164 [2/2] (3.25ns)   --->   "%input_0_load_1 = load i11 %input_0_addr_2" [../src/pool.cpp:29]   --->   Operation 164 'load' 'input_0_load_1' <Predicate = (trunc_ln29 == 4)> <Delay = 3.25> <CoreInst = "RAM_2P_BRAM">   --->   Core 90 'RAM_2P_BRAM' <Latency = 1> <II = 1> <Delay = 3.25> <Storage> <Opcode : 'load' 'store'> <Ports = 2> <Width = 7> <Depth = 1255> <RAM>
ST_15 : Operation 165 [2/2] (3.25ns)   --->   "%input_1_load_1 = load i11 %input_1_addr_2" [../src/pool.cpp:29]   --->   Operation 165 'load' 'input_1_load_1' <Predicate = (trunc_ln29 == 0)> <Delay = 3.25> <CoreInst = "RAM_2P_BRAM">   --->   Core 90 'RAM_2P_BRAM' <Latency = 1> <II = 1> <Delay = 3.25> <Storage> <Opcode : 'load' 'store'> <Ports = 2> <Width = 7> <Depth = 1255> <RAM>
ST_15 : Operation 166 [2/2] (3.25ns)   --->   "%input_2_load_1 = load i11 %input_2_addr_1" [../src/pool.cpp:29]   --->   Operation 166 'load' 'input_2_load_1' <Predicate = (trunc_ln29 == 1)> <Delay = 3.25> <CoreInst = "RAM_2P_BRAM">   --->   Core 90 'RAM_2P_BRAM' <Latency = 1> <II = 1> <Delay = 3.25> <Storage> <Opcode : 'load' 'store'> <Ports = 2> <Width = 7> <Depth = 1255> <RAM>
ST_15 : Operation 167 [2/2] (3.25ns)   --->   "%input_3_load_1 = load i11 %input_3_addr_1" [../src/pool.cpp:29]   --->   Operation 167 'load' 'input_3_load_1' <Predicate = (trunc_ln29 == 2)> <Delay = 3.25> <CoreInst = "RAM_2P_BRAM">   --->   Core 90 'RAM_2P_BRAM' <Latency = 1> <II = 1> <Delay = 3.25> <Storage> <Opcode : 'load' 'store'> <Ports = 2> <Width = 7> <Depth = 1255> <RAM>
ST_15 : Operation 168 [2/2] (3.25ns)   --->   "%input_4_load_1 = load i11 %input_4_addr_1" [../src/pool.cpp:29]   --->   Operation 168 'load' 'input_4_load_1' <Predicate = (trunc_ln29 == 3)> <Delay = 3.25> <CoreInst = "RAM_2P_BRAM">   --->   Core 90 'RAM_2P_BRAM' <Latency = 1> <II = 1> <Delay = 3.25> <Storage> <Opcode : 'load' 'store'> <Ports = 2> <Width = 7> <Depth = 1255> <RAM>
ST_15 : Operation 169 [1/2] (2.10ns) (root node of the DSP)   --->   "%add_ln33_2 = add i11 %mul_ln17, i11 %zext_ln18" [../src/pool.cpp:33]   --->   Operation 169 'add' 'add_ln33_2' <Predicate = true> <Delay = 2.10> <CoreInst = "DSP48">   --->   Core 116 'DSP48' <Latency = 3> <II = 1> <Delay = 2.15> <IPBlock> <Opcode : 'add' 'sub' 'mul' 'select'> <InPorts = 0> <OutPorts = 1> <Sync> <CReg>
ST_15 : Operation 170 [1/1] (1.63ns)   --->   "%add_ln33_3 = add i11 %add_ln33_2, i11 %zext_ln27_2" [../src/pool.cpp:33]   --->   Operation 170 'add' 'add_ln33_3' <Predicate = true> <Delay = 1.63> <CoreInst = "Adder">   --->   Core 1 'Adder' <Latency = 0> <II = 1> <Delay = 1.63> <FuncUnit> <Opcode : 'add' 'sub'> <InPorts = 2> <OutPorts = 1>
ST_15 : Operation 171 [1/1] (0.00ns)   --->   "%lshr_ln = partselect i8 @_ssdm_op_PartSelect.i8.i11.i32.i32, i11 %add_ln33_3, i32 3, i32 10" [../src/pool.cpp:33]   --->   Operation 171 'partselect' 'lshr_ln' <Predicate = true> <Delay = 0.00>

State 16 <SV = 15> <Delay = 8.06>
ST_16 : Operation 172 [1/2] ( I:3.25ns O:3.25ns )   --->   "%input_0_load = load i11 %input_0_addr" [../src/pool.cpp:29]   --->   Operation 172 'load' 'input_0_load' <Predicate = (trunc_ln29 == 0)> <Delay = 3.25> <CoreInst = "RAM_2P_BRAM">   --->   Core 90 'RAM_2P_BRAM' <Latency = 1> <II = 1> <Delay = 3.25> <Storage> <Opcode : 'load' 'store'> <Ports = 2> <Width = 7> <Depth = 1255> <RAM>
ST_16 : Operation 173 [1/2] ( I:3.25ns O:3.25ns )   --->   "%input_1_load = load i11 %input_1_addr" [../src/pool.cpp:29]   --->   Operation 173 'load' 'input_1_load' <Predicate = (trunc_ln29 == 1)> <Delay = 3.25> <CoreInst = "RAM_2P_BRAM">   --->   Core 90 'RAM_2P_BRAM' <Latency = 1> <II = 1> <Delay = 3.25> <Storage> <Opcode : 'load' 'store'> <Ports = 2> <Width = 7> <Depth = 1255> <RAM>
ST_16 : Operation 174 [1/2] ( I:3.25ns O:3.25ns )   --->   "%input_2_load = load i11 %input_2_addr" [../src/pool.cpp:29]   --->   Operation 174 'load' 'input_2_load' <Predicate = (trunc_ln29 == 2)> <Delay = 3.25> <CoreInst = "RAM_2P_BRAM">   --->   Core 90 'RAM_2P_BRAM' <Latency = 1> <II = 1> <Delay = 3.25> <Storage> <Opcode : 'load' 'store'> <Ports = 2> <Width = 7> <Depth = 1255> <RAM>
ST_16 : Operation 175 [1/2] ( I:3.25ns O:3.25ns )   --->   "%input_3_load = load i11 %input_3_addr" [../src/pool.cpp:29]   --->   Operation 175 'load' 'input_3_load' <Predicate = (trunc_ln29 == 3)> <Delay = 3.25> <CoreInst = "RAM_2P_BRAM">   --->   Core 90 'RAM_2P_BRAM' <Latency = 1> <II = 1> <Delay = 3.25> <Storage> <Opcode : 'load' 'store'> <Ports = 2> <Width = 7> <Depth = 1255> <RAM>
ST_16 : Operation 176 [1/2] ( I:3.25ns O:3.25ns )   --->   "%input_4_load = load i11 %input_4_addr" [../src/pool.cpp:29]   --->   Operation 176 'load' 'input_4_load' <Predicate = (trunc_ln29 == 4)> <Delay = 3.25> <CoreInst = "RAM_2P_BRAM">   --->   Core 90 'RAM_2P_BRAM' <Latency = 1> <II = 1> <Delay = 3.25> <Storage> <Opcode : 'load' 'store'> <Ports = 2> <Width = 7> <Depth = 1255> <RAM>
ST_16 : Operation 177 [1/1] (1.94ns)   --->   "%val_9 = sparsemux i7 @_ssdm_op_SparseMux.ap_auto.5i7.i7.i3, i3 0, i7 %input_0_load, i3 1, i7 %input_1_load, i3 2, i7 %input_2_load, i3 3, i7 %input_3_load, i3 4, i7 %input_4_load, i7 0, i3 %trunc_ln29" [../src/pool.cpp:29]   --->   Operation 177 'sparsemux' 'val_9' <Predicate = true> <Delay = 1.94> <CoreInst = "BinarySparseMux_DontCare">   --->   Core 137 'BinarySparseMux_DontCare' <Latency = 0> <II = 1> <Delay = 1.94> <FuncUnit> <Opcode : 'sparsemux'> <InPorts = 2> <OutPorts = 1>
ST_16 : Operation 178 [1/2] ( I:3.25ns O:3.25ns )   --->   "%input_0_load_1 = load i11 %input_0_addr_2" [../src/pool.cpp:29]   --->   Operation 178 'load' 'input_0_load_1' <Predicate = (trunc_ln29 == 4)> <Delay = 3.25> <CoreInst = "RAM_2P_BRAM">   --->   Core 90 'RAM_2P_BRAM' <Latency = 1> <II = 1> <Delay = 3.25> <Storage> <Opcode : 'load' 'store'> <Ports = 2> <Width = 7> <Depth = 1255> <RAM>
ST_16 : Operation 179 [1/2] ( I:3.25ns O:3.25ns )   --->   "%input_1_load_1 = load i11 %input_1_addr_2" [../src/pool.cpp:29]   --->   Operation 179 'load' 'input_1_load_1' <Predicate = (trunc_ln29 == 0)> <Delay = 3.25> <CoreInst = "RAM_2P_BRAM">   --->   Core 90 'RAM_2P_BRAM' <Latency = 1> <II = 1> <Delay = 3.25> <Storage> <Opcode : 'load' 'store'> <Ports = 2> <Width = 7> <Depth = 1255> <RAM>
ST_16 : Operation 180 [1/2] ( I:3.25ns O:3.25ns )   --->   "%input_2_load_1 = load i11 %input_2_addr_1" [../src/pool.cpp:29]   --->   Operation 180 'load' 'input_2_load_1' <Predicate = (trunc_ln29 == 1)> <Delay = 3.25> <CoreInst = "RAM_2P_BRAM">   --->   Core 90 'RAM_2P_BRAM' <Latency = 1> <II = 1> <Delay = 3.25> <Storage> <Opcode : 'load' 'store'> <Ports = 2> <Width = 7> <Depth = 1255> <RAM>
ST_16 : Operation 181 [1/2] ( I:3.25ns O:3.25ns )   --->   "%input_3_load_1 = load i11 %input_3_addr_1" [../src/pool.cpp:29]   --->   Operation 181 'load' 'input_3_load_1' <Predicate = (trunc_ln29 == 2)> <Delay = 3.25> <CoreInst = "RAM_2P_BRAM">   --->   Core 90 'RAM_2P_BRAM' <Latency = 1> <II = 1> <Delay = 3.25> <Storage> <Opcode : 'load' 'store'> <Ports = 2> <Width = 7> <Depth = 1255> <RAM>
ST_16 : Operation 182 [1/2] ( I:3.25ns O:3.25ns )   --->   "%input_4_load_1 = load i11 %input_4_addr_1" [../src/pool.cpp:29]   --->   Operation 182 'load' 'input_4_load_1' <Predicate = (trunc_ln29 == 3)> <Delay = 3.25> <CoreInst = "RAM_2P_BRAM">   --->   Core 90 'RAM_2P_BRAM' <Latency = 1> <II = 1> <Delay = 3.25> <Storage> <Opcode : 'load' 'store'> <Ports = 2> <Width = 7> <Depth = 1255> <RAM>
ST_16 : Operation 183 [1/1] (1.94ns)   --->   "%val = sparsemux i7 @_ssdm_op_SparseMux.ap_auto.5i7.i7.i3, i3 4, i7 %input_0_load_1, i3 0, i7 %input_1_load_1, i3 1, i7 %input_2_load_1, i3 2, i7 %input_3_load_1, i3 3, i7 %input_4_load_1, i7 0, i3 %trunc_ln29" [../src/pool.cpp:29]   --->   Operation 183 'sparsemux' 'val' <Predicate = true> <Delay = 1.94> <CoreInst = "BinarySparseMux_DontCare">   --->   Core 137 'BinarySparseMux_DontCare' <Latency = 0> <II = 1> <Delay = 1.94> <FuncUnit> <Opcode : 'sparsemux'> <InPorts = 2> <OutPorts = 1>
ST_16 : Operation 184 [1/1] (1.87ns)   --->   "%icmp_ln30 = icmp_ugt  i7 %val, i7 %val_9" [../src/pool.cpp:30]   --->   Operation 184 'icmp' 'icmp_ln30' <Predicate = true> <Delay = 1.87> <CoreInst = "Cmp">   --->   Core 9 'Cmp' <Latency = 0> <II = 1> <Delay = 1.87> <FuncUnit> <Opcode : 'seteq' 'setne' 'setle' 'setge' 'setlt' 'setgt'> <InPorts = 2> <OutPorts = 1>
ST_16 : Operation 185 [1/1] (0.99ns)   --->   "%max_val_5 = select i1 %icmp_ln30, i7 %val, i7 %val_9" [../src/pool.cpp:30]   --->   Operation 185 'select' 'max_val_5' <Predicate = true> <Delay = 0.99> <CoreInst = "Sel">   --->   Core 73 'Sel' <Latency = 0> <II = 1> <Delay = 0.99> <FuncUnit> <Opcode : 'select'> <InPorts = 3> <OutPorts = 1>
ST_16 : Operation 186 [1/1] (0.00ns)   --->   "%zext_ln29_6 = zext i11 %tmp_4" [../src/pool.cpp:29]   --->   Operation 186 'zext' 'zext_ln29_6' <Predicate = true> <Delay = 0.00>
ST_16 : Operation 187 [1/1] (0.00ns)   --->   "%input_0_addr_3 = getelementptr i7 %input_0, i64 0, i64 %zext_ln29_6" [../src/pool.cpp:29]   --->   Operation 187 'getelementptr' 'input_0_addr_3' <Predicate = (trunc_ln29 == 2)> <Delay = 0.00>
ST_16 : Operation 188 [1/1] (0.00ns)   --->   "%input_1_addr_3 = getelementptr i7 %input_1, i64 0, i64 %zext_ln29_6" [../src/pool.cpp:29]   --->   Operation 188 'getelementptr' 'input_1_addr_3' <Predicate = (trunc_ln29 == 3)> <Delay = 0.00>
ST_16 : Operation 189 [1/1] (0.00ns)   --->   "%input_2_addr_2 = getelementptr i7 %input_2, i64 0, i64 %zext_ln29_6" [../src/pool.cpp:29]   --->   Operation 189 'getelementptr' 'input_2_addr_2' <Predicate = (trunc_ln29 == 4)> <Delay = 0.00>
ST_16 : Operation 190 [1/1] (0.00ns)   --->   "%input_3_addr_2 = getelementptr i7 %input_3, i64 0, i64 %zext_ln29_6" [../src/pool.cpp:29]   --->   Operation 190 'getelementptr' 'input_3_addr_2' <Predicate = (trunc_ln29 == 0)> <Delay = 0.00>
ST_16 : Operation 191 [1/1] (0.00ns)   --->   "%input_4_addr_2 = getelementptr i7 %input_4, i64 0, i64 %zext_ln29_6" [../src/pool.cpp:29]   --->   Operation 191 'getelementptr' 'input_4_addr_2' <Predicate = (trunc_ln29 == 1)> <Delay = 0.00>
ST_16 : Operation 192 [2/2] (3.25ns)   --->   "%input_0_load_2 = load i11 %input_0_addr_3" [../src/pool.cpp:29]   --->   Operation 192 'load' 'input_0_load_2' <Predicate = (trunc_ln29 == 2)> <Delay = 3.25> <CoreInst = "RAM_2P_BRAM">   --->   Core 90 'RAM_2P_BRAM' <Latency = 1> <II = 1> <Delay = 3.25> <Storage> <Opcode : 'load' 'store'> <Ports = 2> <Width = 7> <Depth = 1255> <RAM>
ST_16 : Operation 193 [2/2] (3.25ns)   --->   "%input_1_load_2 = load i11 %input_1_addr_3" [../src/pool.cpp:29]   --->   Operation 193 'load' 'input_1_load_2' <Predicate = (trunc_ln29 == 3)> <Delay = 3.25> <CoreInst = "RAM_2P_BRAM">   --->   Core 90 'RAM_2P_BRAM' <Latency = 1> <II = 1> <Delay = 3.25> <Storage> <Opcode : 'load' 'store'> <Ports = 2> <Width = 7> <Depth = 1255> <RAM>
ST_16 : Operation 194 [2/2] (3.25ns)   --->   "%input_2_load_2 = load i11 %input_2_addr_2" [../src/pool.cpp:29]   --->   Operation 194 'load' 'input_2_load_2' <Predicate = (trunc_ln29 == 4)> <Delay = 3.25> <CoreInst = "RAM_2P_BRAM">   --->   Core 90 'RAM_2P_BRAM' <Latency = 1> <II = 1> <Delay = 3.25> <Storage> <Opcode : 'load' 'store'> <Ports = 2> <Width = 7> <Depth = 1255> <RAM>
ST_16 : Operation 195 [2/2] (3.25ns)   --->   "%input_3_load_2 = load i11 %input_3_addr_2" [../src/pool.cpp:29]   --->   Operation 195 'load' 'input_3_load_2' <Predicate = (trunc_ln29 == 0)> <Delay = 3.25> <CoreInst = "RAM_2P_BRAM">   --->   Core 90 'RAM_2P_BRAM' <Latency = 1> <II = 1> <Delay = 3.25> <Storage> <Opcode : 'load' 'store'> <Ports = 2> <Width = 7> <Depth = 1255> <RAM>
ST_16 : Operation 196 [2/2] (3.25ns)   --->   "%input_4_load_2 = load i11 %input_4_addr_2" [../src/pool.cpp:29]   --->   Operation 196 'load' 'input_4_load_2' <Predicate = (trunc_ln29 == 1)> <Delay = 3.25> <CoreInst = "RAM_2P_BRAM">   --->   Core 90 'RAM_2P_BRAM' <Latency = 1> <II = 1> <Delay = 3.25> <Storage> <Opcode : 'load' 'store'> <Ports = 2> <Width = 7> <Depth = 1255> <RAM>
ST_16 : Operation 197 [1/1] (0.00ns)   --->   "%zext_ln29_7 = zext i11 %tmp_5" [../src/pool.cpp:29]   --->   Operation 197 'zext' 'zext_ln29_7' <Predicate = true> <Delay = 0.00>
ST_16 : Operation 198 [1/1] (0.00ns)   --->   "%input_0_addr_4 = getelementptr i7 %input_0, i64 0, i64 %zext_ln29_7" [../src/pool.cpp:29]   --->   Operation 198 'getelementptr' 'input_0_addr_4' <Predicate = (trunc_ln29 == 1)> <Delay = 0.00>
ST_16 : Operation 199 [1/1] (0.00ns)   --->   "%input_1_addr_4 = getelementptr i7 %input_1, i64 0, i64 %zext_ln29_7" [../src/pool.cpp:29]   --->   Operation 199 'getelementptr' 'input_1_addr_4' <Predicate = (trunc_ln29 == 2)> <Delay = 0.00>
ST_16 : Operation 200 [1/1] (0.00ns)   --->   "%input_2_addr_3 = getelementptr i7 %input_2, i64 0, i64 %zext_ln29_7" [../src/pool.cpp:29]   --->   Operation 200 'getelementptr' 'input_2_addr_3' <Predicate = (trunc_ln29 == 3)> <Delay = 0.00>
ST_16 : Operation 201 [1/1] (0.00ns)   --->   "%input_3_addr_3 = getelementptr i7 %input_3, i64 0, i64 %zext_ln29_7" [../src/pool.cpp:29]   --->   Operation 201 'getelementptr' 'input_3_addr_3' <Predicate = (trunc_ln29 == 4)> <Delay = 0.00>
ST_16 : Operation 202 [1/1] (0.00ns)   --->   "%input_4_addr_3 = getelementptr i7 %input_4, i64 0, i64 %zext_ln29_7" [../src/pool.cpp:29]   --->   Operation 202 'getelementptr' 'input_4_addr_3' <Predicate = (trunc_ln29 == 0)> <Delay = 0.00>
ST_16 : Operation 203 [2/2] (3.25ns)   --->   "%input_0_load_3 = load i11 %input_0_addr_4" [../src/pool.cpp:29]   --->   Operation 203 'load' 'input_0_load_3' <Predicate = (trunc_ln29 == 1)> <Delay = 3.25> <CoreInst = "RAM_2P_BRAM">   --->   Core 90 'RAM_2P_BRAM' <Latency = 1> <II = 1> <Delay = 3.25> <Storage> <Opcode : 'load' 'store'> <Ports = 2> <Width = 7> <Depth = 1255> <RAM>
ST_16 : Operation 204 [2/2] (3.25ns)   --->   "%input_1_load_3 = load i11 %input_1_addr_4" [../src/pool.cpp:29]   --->   Operation 204 'load' 'input_1_load_3' <Predicate = (trunc_ln29 == 2)> <Delay = 3.25> <CoreInst = "RAM_2P_BRAM">   --->   Core 90 'RAM_2P_BRAM' <Latency = 1> <II = 1> <Delay = 3.25> <Storage> <Opcode : 'load' 'store'> <Ports = 2> <Width = 7> <Depth = 1255> <RAM>
ST_16 : Operation 205 [2/2] (3.25ns)   --->   "%input_2_load_3 = load i11 %input_2_addr_3" [../src/pool.cpp:29]   --->   Operation 205 'load' 'input_2_load_3' <Predicate = (trunc_ln29 == 3)> <Delay = 3.25> <CoreInst = "RAM_2P_BRAM">   --->   Core 90 'RAM_2P_BRAM' <Latency = 1> <II = 1> <Delay = 3.25> <Storage> <Opcode : 'load' 'store'> <Ports = 2> <Width = 7> <Depth = 1255> <RAM>
ST_16 : Operation 206 [2/2] (3.25ns)   --->   "%input_3_load_3 = load i11 %input_3_addr_3" [../src/pool.cpp:29]   --->   Operation 206 'load' 'input_3_load_3' <Predicate = (trunc_ln29 == 4)> <Delay = 3.25> <CoreInst = "RAM_2P_BRAM">   --->   Core 90 'RAM_2P_BRAM' <Latency = 1> <II = 1> <Delay = 3.25> <Storage> <Opcode : 'load' 'store'> <Ports = 2> <Width = 7> <Depth = 1255> <RAM>
ST_16 : Operation 207 [2/2] (3.25ns)   --->   "%input_4_load_3 = load i11 %input_4_addr_3" [../src/pool.cpp:29]   --->   Operation 207 'load' 'input_4_load_3' <Predicate = (trunc_ln29 == 0)> <Delay = 3.25> <CoreInst = "RAM_2P_BRAM">   --->   Core 90 'RAM_2P_BRAM' <Latency = 1> <II = 1> <Delay = 3.25> <Storage> <Opcode : 'load' 'store'> <Ports = 2> <Width = 7> <Depth = 1255> <RAM>

State 17 <SV = 16> <Delay = 8.06>
ST_17 : Operation 208 [1/2] ( I:3.25ns O:3.25ns )   --->   "%input_0_load_2 = load i11 %input_0_addr_3" [../src/pool.cpp:29]   --->   Operation 208 'load' 'input_0_load_2' <Predicate = (trunc_ln29 == 2)> <Delay = 3.25> <CoreInst = "RAM_2P_BRAM">   --->   Core 90 'RAM_2P_BRAM' <Latency = 1> <II = 1> <Delay = 3.25> <Storage> <Opcode : 'load' 'store'> <Ports = 2> <Width = 7> <Depth = 1255> <RAM>
ST_17 : Operation 209 [1/2] ( I:3.25ns O:3.25ns )   --->   "%input_1_load_2 = load i11 %input_1_addr_3" [../src/pool.cpp:29]   --->   Operation 209 'load' 'input_1_load_2' <Predicate = (trunc_ln29 == 3)> <Delay = 3.25> <CoreInst = "RAM_2P_BRAM">   --->   Core 90 'RAM_2P_BRAM' <Latency = 1> <II = 1> <Delay = 3.25> <Storage> <Opcode : 'load' 'store'> <Ports = 2> <Width = 7> <Depth = 1255> <RAM>
ST_17 : Operation 210 [1/2] ( I:3.25ns O:3.25ns )   --->   "%input_2_load_2 = load i11 %input_2_addr_2" [../src/pool.cpp:29]   --->   Operation 210 'load' 'input_2_load_2' <Predicate = (trunc_ln29 == 4)> <Delay = 3.25> <CoreInst = "RAM_2P_BRAM">   --->   Core 90 'RAM_2P_BRAM' <Latency = 1> <II = 1> <Delay = 3.25> <Storage> <Opcode : 'load' 'store'> <Ports = 2> <Width = 7> <Depth = 1255> <RAM>
ST_17 : Operation 211 [1/2] ( I:3.25ns O:3.25ns )   --->   "%input_3_load_2 = load i11 %input_3_addr_2" [../src/pool.cpp:29]   --->   Operation 211 'load' 'input_3_load_2' <Predicate = (trunc_ln29 == 0)> <Delay = 3.25> <CoreInst = "RAM_2P_BRAM">   --->   Core 90 'RAM_2P_BRAM' <Latency = 1> <II = 1> <Delay = 3.25> <Storage> <Opcode : 'load' 'store'> <Ports = 2> <Width = 7> <Depth = 1255> <RAM>
ST_17 : Operation 212 [1/2] ( I:3.25ns O:3.25ns )   --->   "%input_4_load_2 = load i11 %input_4_addr_2" [../src/pool.cpp:29]   --->   Operation 212 'load' 'input_4_load_2' <Predicate = (trunc_ln29 == 1)> <Delay = 3.25> <CoreInst = "RAM_2P_BRAM">   --->   Core 90 'RAM_2P_BRAM' <Latency = 1> <II = 1> <Delay = 3.25> <Storage> <Opcode : 'load' 'store'> <Ports = 2> <Width = 7> <Depth = 1255> <RAM>
ST_17 : Operation 213 [1/1] (1.94ns)   --->   "%val_10 = sparsemux i7 @_ssdm_op_SparseMux.ap_auto.5i7.i7.i3, i3 2, i7 %input_0_load_2, i3 3, i7 %input_1_load_2, i3 4, i7 %input_2_load_2, i3 0, i7 %input_3_load_2, i3 1, i7 %input_4_load_2, i7 0, i3 %trunc_ln29" [../src/pool.cpp:29]   --->   Operation 213 'sparsemux' 'val_10' <Predicate = true> <Delay = 1.94> <CoreInst = "BinarySparseMux_DontCare">   --->   Core 137 'BinarySparseMux_DontCare' <Latency = 0> <II = 1> <Delay = 1.94> <FuncUnit> <Opcode : 'sparsemux'> <InPorts = 2> <OutPorts = 1>
ST_17 : Operation 214 [1/1] (1.87ns)   --->   "%icmp_ln30_3 = icmp_ugt  i7 %val_10, i7 %max_val_5" [../src/pool.cpp:30]   --->   Operation 214 'icmp' 'icmp_ln30_3' <Predicate = true> <Delay = 1.87> <CoreInst = "Cmp">   --->   Core 9 'Cmp' <Latency = 0> <II = 1> <Delay = 1.87> <FuncUnit> <Opcode : 'seteq' 'setne' 'setle' 'setge' 'setlt' 'setgt'> <InPorts = 2> <OutPorts = 1>
ST_17 : Operation 215 [1/1] (0.99ns)   --->   "%max_val_7 = select i1 %icmp_ln30_3, i7 %val_10, i7 %max_val_5" [../src/pool.cpp:30]   --->   Operation 215 'select' 'max_val_7' <Predicate = true> <Delay = 0.99> <CoreInst = "Sel">   --->   Core 73 'Sel' <Latency = 0> <II = 1> <Delay = 0.99> <FuncUnit> <Opcode : 'select'> <InPorts = 3> <OutPorts = 1>
ST_17 : Operation 216 [1/2] ( I:3.25ns O:3.25ns )   --->   "%input_0_load_3 = load i11 %input_0_addr_4" [../src/pool.cpp:29]   --->   Operation 216 'load' 'input_0_load_3' <Predicate = (trunc_ln29 == 1)> <Delay = 3.25> <CoreInst = "RAM_2P_BRAM">   --->   Core 90 'RAM_2P_BRAM' <Latency = 1> <II = 1> <Delay = 3.25> <Storage> <Opcode : 'load' 'store'> <Ports = 2> <Width = 7> <Depth = 1255> <RAM>
ST_17 : Operation 217 [1/2] ( I:3.25ns O:3.25ns )   --->   "%input_1_load_3 = load i11 %input_1_addr_4" [../src/pool.cpp:29]   --->   Operation 217 'load' 'input_1_load_3' <Predicate = (trunc_ln29 == 2)> <Delay = 3.25> <CoreInst = "RAM_2P_BRAM">   --->   Core 90 'RAM_2P_BRAM' <Latency = 1> <II = 1> <Delay = 3.25> <Storage> <Opcode : 'load' 'store'> <Ports = 2> <Width = 7> <Depth = 1255> <RAM>
ST_17 : Operation 218 [1/2] ( I:3.25ns O:3.25ns )   --->   "%input_2_load_3 = load i11 %input_2_addr_3" [../src/pool.cpp:29]   --->   Operation 218 'load' 'input_2_load_3' <Predicate = (trunc_ln29 == 3)> <Delay = 3.25> <CoreInst = "RAM_2P_BRAM">   --->   Core 90 'RAM_2P_BRAM' <Latency = 1> <II = 1> <Delay = 3.25> <Storage> <Opcode : 'load' 'store'> <Ports = 2> <Width = 7> <Depth = 1255> <RAM>
ST_17 : Operation 219 [1/2] ( I:3.25ns O:3.25ns )   --->   "%input_3_load_3 = load i11 %input_3_addr_3" [../src/pool.cpp:29]   --->   Operation 219 'load' 'input_3_load_3' <Predicate = (trunc_ln29 == 4)> <Delay = 3.25> <CoreInst = "RAM_2P_BRAM">   --->   Core 90 'RAM_2P_BRAM' <Latency = 1> <II = 1> <Delay = 3.25> <Storage> <Opcode : 'load' 'store'> <Ports = 2> <Width = 7> <Depth = 1255> <RAM>
ST_17 : Operation 220 [1/2] ( I:3.25ns O:3.25ns )   --->   "%input_4_load_3 = load i11 %input_4_addr_3" [../src/pool.cpp:29]   --->   Operation 220 'load' 'input_4_load_3' <Predicate = (trunc_ln29 == 0)> <Delay = 3.25> <CoreInst = "RAM_2P_BRAM">   --->   Core 90 'RAM_2P_BRAM' <Latency = 1> <II = 1> <Delay = 3.25> <Storage> <Opcode : 'load' 'store'> <Ports = 2> <Width = 7> <Depth = 1255> <RAM>
ST_17 : Operation 221 [1/1] (1.94ns)   --->   "%val_6 = sparsemux i7 @_ssdm_op_SparseMux.ap_auto.5i7.i7.i3, i3 1, i7 %input_0_load_3, i3 2, i7 %input_1_load_3, i3 3, i7 %input_2_load_3, i3 4, i7 %input_3_load_3, i3 0, i7 %input_4_load_3, i7 0, i3 %trunc_ln29" [../src/pool.cpp:29]   --->   Operation 221 'sparsemux' 'val_6' <Predicate = true> <Delay = 1.94> <CoreInst = "BinarySparseMux_DontCare">   --->   Core 137 'BinarySparseMux_DontCare' <Latency = 0> <II = 1> <Delay = 1.94> <FuncUnit> <Opcode : 'sparsemux'> <InPorts = 2> <OutPorts = 1>
ST_17 : Operation 252 [1/1] (1.58ns)   --->   "%ret_ln37 = ret" [../src/pool.cpp:37]   --->   Operation 252 'ret' 'ret_ln37' <Predicate = (icmp_ln16)> <Delay = 1.58>

State 18 <SV = 17> <Delay = 6.11>
ST_18 : Operation 222 [1/1] (0.00ns)   --->   "%specloopname_ln0 = specloopname void @_ssdm_op_SpecLoopName, void @CO_LOOP_H_LOOP_W_LOOP_str"   --->   Operation 222 'specloopname' 'specloopname_ln0' <Predicate = true> <Delay = 0.00>
ST_18 : Operation 223 [1/1] (0.00ns)   --->   "%speclooptripcount_ln0 = speclooptripcount void @_ssdm_op_SpecLoopTripCount, i64 1568, i64 1568, i64 1568"   --->   Operation 223 'speclooptripcount' 'speclooptripcount_ln0' <Predicate = true> <Delay = 0.00>
ST_18 : Operation 224 [1/1] (0.00ns)   --->   "%specpipeline_ln19 = specpipeline void @_ssdm_op_SpecPipeline, i32 1, i32 0, i32 0, i32 0, i32 4294967295, void @empty_22" [../src/pool.cpp:19]   --->   Operation 224 'specpipeline' 'specpipeline_ln19' <Predicate = true> <Delay = 0.00>
ST_18 : Operation 225 [1/1] (1.87ns)   --->   "%icmp_ln30_4 = icmp_ugt  i7 %val_6, i7 %max_val_7" [../src/pool.cpp:30]   --->   Operation 225 'icmp' 'icmp_ln30_4' <Predicate = true> <Delay = 1.87> <CoreInst = "Cmp">   --->   Core 9 'Cmp' <Latency = 0> <II = 1> <Delay = 1.87> <FuncUnit> <Opcode : 'seteq' 'setne' 'setle' 'setge' 'setlt' 'setgt'> <InPorts = 2> <OutPorts = 1>
ST_18 : Operation 226 [1/1] (0.99ns)   --->   "%max_val_8 = select i1 %icmp_ln30_4, i7 %val_6, i7 %max_val_7" [../src/pool.cpp:30]   --->   Operation 226 'select' 'max_val_8' <Predicate = true> <Delay = 0.99> <CoreInst = "Sel">   --->   Core 73 'Sel' <Latency = 0> <II = 1> <Delay = 0.99> <FuncUnit> <Opcode : 'select'> <InPorts = 3> <OutPorts = 1>
ST_18 : Operation 227 [1/1] (0.00ns)   --->   "%zext_ln33_3 = zext i8 %lshr_ln" [../src/pool.cpp:33]   --->   Operation 227 'zext' 'zext_ln33_3' <Predicate = true> <Delay = 0.00>
ST_18 : Operation 228 [1/1] (0.00ns)   --->   "%outputPool_0_addr = getelementptr i7 %outputPool_0, i64 0, i64 %zext_ln33_3" [../src/pool.cpp:33]   --->   Operation 228 'getelementptr' 'outputPool_0_addr' <Predicate = true> <Delay = 0.00>
ST_18 : Operation 229 [1/1] (0.00ns)   --->   "%outputPool_1_addr = getelementptr i7 %outputPool_1, i64 0, i64 %zext_ln33_3" [../src/pool.cpp:33]   --->   Operation 229 'getelementptr' 'outputPool_1_addr' <Predicate = true> <Delay = 0.00>
ST_18 : Operation 230 [1/1] (0.00ns)   --->   "%outputPool_2_addr = getelementptr i7 %outputPool_2, i64 0, i64 %zext_ln33_3" [../src/pool.cpp:33]   --->   Operation 230 'getelementptr' 'outputPool_2_addr' <Predicate = true> <Delay = 0.00>
ST_18 : Operation 231 [1/1] (0.00ns)   --->   "%outputPool_3_addr = getelementptr i7 %outputPool_3, i64 0, i64 %zext_ln33_3" [../src/pool.cpp:33]   --->   Operation 231 'getelementptr' 'outputPool_3_addr' <Predicate = true> <Delay = 0.00>
ST_18 : Operation 232 [1/1] (0.00ns)   --->   "%outputPool_4_addr = getelementptr i7 %outputPool_4, i64 0, i64 %zext_ln33_3" [../src/pool.cpp:33]   --->   Operation 232 'getelementptr' 'outputPool_4_addr' <Predicate = true> <Delay = 0.00>
ST_18 : Operation 233 [1/1] (0.00ns)   --->   "%outputPool_5_addr = getelementptr i7 %outputPool_5, i64 0, i64 %zext_ln33_3" [../src/pool.cpp:33]   --->   Operation 233 'getelementptr' 'outputPool_5_addr' <Predicate = true> <Delay = 0.00>
ST_18 : Operation 234 [1/1] (0.00ns)   --->   "%outputPool_6_addr = getelementptr i7 %outputPool_6, i64 0, i64 %zext_ln33_3" [../src/pool.cpp:33]   --->   Operation 234 'getelementptr' 'outputPool_6_addr' <Predicate = true> <Delay = 0.00>
ST_18 : Operation 235 [1/1] (0.00ns)   --->   "%outputPool_7_addr = getelementptr i7 %outputPool_7, i64 0, i64 %zext_ln33_3" [../src/pool.cpp:33]   --->   Operation 235 'getelementptr' 'outputPool_7_addr' <Predicate = true> <Delay = 0.00>
ST_18 : Operation 236 [1/1] ( I:3.25ns O:3.25ns )   --->   "%store_ln33 = store i7 %max_val_8, i8 %outputPool_6_addr" [../src/pool.cpp:33]   --->   Operation 236 'store' 'store_ln33' <Predicate = (add_ln33_1 == 6)> <Delay = 3.25> <CoreInst = "RAM_2P_BRAM">   --->   Core 90 'RAM_2P_BRAM' <Latency = 1> <II = 1> <Delay = 3.25> <Storage> <Opcode : 'load' 'store'> <Ports = 2> <Width = 7> <Depth = 196> <RAM>
ST_18 : Operation 237 [1/1] (0.00ns)   --->   "%br_ln33 = br void %arrayidx3710.exit" [../src/pool.cpp:33]   --->   Operation 237 'br' 'br_ln33' <Predicate = (add_ln33_1 == 6)> <Delay = 0.00>
ST_18 : Operation 238 [1/1] ( I:3.25ns O:3.25ns )   --->   "%store_ln33 = store i7 %max_val_8, i8 %outputPool_5_addr" [../src/pool.cpp:33]   --->   Operation 238 'store' 'store_ln33' <Predicate = (add_ln33_1 == 5)> <Delay = 3.25> <CoreInst = "RAM_2P_BRAM">   --->   Core 90 'RAM_2P_BRAM' <Latency = 1> <II = 1> <Delay = 3.25> <Storage> <Opcode : 'load' 'store'> <Ports = 2> <Width = 7> <Depth = 196> <RAM>
ST_18 : Operation 239 [1/1] (0.00ns)   --->   "%br_ln33 = br void %arrayidx3710.exit" [../src/pool.cpp:33]   --->   Operation 239 'br' 'br_ln33' <Predicate = (add_ln33_1 == 5)> <Delay = 0.00>
ST_18 : Operation 240 [1/1] ( I:3.25ns O:3.25ns )   --->   "%store_ln33 = store i7 %max_val_8, i8 %outputPool_4_addr" [../src/pool.cpp:33]   --->   Operation 240 'store' 'store_ln33' <Predicate = (add_ln33_1 == 4)> <Delay = 3.25> <CoreInst = "RAM_2P_BRAM">   --->   Core 90 'RAM_2P_BRAM' <Latency = 1> <II = 1> <Delay = 3.25> <Storage> <Opcode : 'load' 'store'> <Ports = 2> <Width = 7> <Depth = 196> <RAM>
ST_18 : Operation 241 [1/1] (0.00ns)   --->   "%br_ln33 = br void %arrayidx3710.exit" [../src/pool.cpp:33]   --->   Operation 241 'br' 'br_ln33' <Predicate = (add_ln33_1 == 4)> <Delay = 0.00>
ST_18 : Operation 242 [1/1] ( I:3.25ns O:3.25ns )   --->   "%store_ln33 = store i7 %max_val_8, i8 %outputPool_3_addr" [../src/pool.cpp:33]   --->   Operation 242 'store' 'store_ln33' <Predicate = (add_ln33_1 == 3)> <Delay = 3.25> <CoreInst = "RAM_2P_BRAM">   --->   Core 90 'RAM_2P_BRAM' <Latency = 1> <II = 1> <Delay = 3.25> <Storage> <Opcode : 'load' 'store'> <Ports = 2> <Width = 7> <Depth = 196> <RAM>
ST_18 : Operation 243 [1/1] (0.00ns)   --->   "%br_ln33 = br void %arrayidx3710.exit" [../src/pool.cpp:33]   --->   Operation 243 'br' 'br_ln33' <Predicate = (add_ln33_1 == 3)> <Delay = 0.00>
ST_18 : Operation 244 [1/1] ( I:3.25ns O:3.25ns )   --->   "%store_ln33 = store i7 %max_val_8, i8 %outputPool_2_addr" [../src/pool.cpp:33]   --->   Operation 244 'store' 'store_ln33' <Predicate = (add_ln33_1 == 2)> <Delay = 3.25> <CoreInst = "RAM_2P_BRAM">   --->   Core 90 'RAM_2P_BRAM' <Latency = 1> <II = 1> <Delay = 3.25> <Storage> <Opcode : 'load' 'store'> <Ports = 2> <Width = 7> <Depth = 196> <RAM>
ST_18 : Operation 245 [1/1] (0.00ns)   --->   "%br_ln33 = br void %arrayidx3710.exit" [../src/pool.cpp:33]   --->   Operation 245 'br' 'br_ln33' <Predicate = (add_ln33_1 == 2)> <Delay = 0.00>
ST_18 : Operation 246 [1/1] ( I:3.25ns O:3.25ns )   --->   "%store_ln33 = store i7 %max_val_8, i8 %outputPool_1_addr" [../src/pool.cpp:33]   --->   Operation 246 'store' 'store_ln33' <Predicate = (add_ln33_1 == 1)> <Delay = 3.25> <CoreInst = "RAM_2P_BRAM">   --->   Core 90 'RAM_2P_BRAM' <Latency = 1> <II = 1> <Delay = 3.25> <Storage> <Opcode : 'load' 'store'> <Ports = 2> <Width = 7> <Depth = 196> <RAM>
ST_18 : Operation 247 [1/1] (0.00ns)   --->   "%br_ln33 = br void %arrayidx3710.exit" [../src/pool.cpp:33]   --->   Operation 247 'br' 'br_ln33' <Predicate = (add_ln33_1 == 1)> <Delay = 0.00>
ST_18 : Operation 248 [1/1] ( I:3.25ns O:3.25ns )   --->   "%store_ln33 = store i7 %max_val_8, i8 %outputPool_0_addr" [../src/pool.cpp:33]   --->   Operation 248 'store' 'store_ln33' <Predicate = (add_ln33_1 == 0)> <Delay = 3.25> <CoreInst = "RAM_2P_BRAM">   --->   Core 90 'RAM_2P_BRAM' <Latency = 1> <II = 1> <Delay = 3.25> <Storage> <Opcode : 'load' 'store'> <Ports = 2> <Width = 7> <Depth = 196> <RAM>
ST_18 : Operation 249 [1/1] (0.00ns)   --->   "%br_ln33 = br void %arrayidx3710.exit" [../src/pool.cpp:33]   --->   Operation 249 'br' 'br_ln33' <Predicate = (add_ln33_1 == 0)> <Delay = 0.00>
ST_18 : Operation 250 [1/1] ( I:3.25ns O:3.25ns )   --->   "%store_ln33 = store i7 %max_val_8, i8 %outputPool_7_addr" [../src/pool.cpp:33]   --->   Operation 250 'store' 'store_ln33' <Predicate = (add_ln33_1 == 7)> <Delay = 3.25> <CoreInst = "RAM_2P_BRAM">   --->   Core 90 'RAM_2P_BRAM' <Latency = 1> <II = 1> <Delay = 3.25> <Storage> <Opcode : 'load' 'store'> <Ports = 2> <Width = 7> <Depth = 196> <RAM>
ST_18 : Operation 251 [1/1] (0.00ns)   --->   "%br_ln33 = br void %arrayidx3710.exit" [../src/pool.cpp:33]   --->   Operation 251 'br' 'br_ln33' <Predicate = (add_ln33_1 == 7)> <Delay = 0.00>


============================================================
+ Verbose Summary: Binding
============================================================
STG Binding: 
---------------- STG Properties BEGIN ----------------
- Is combinational: 0
- Is one-state seq: 0
- Is datapath-only: 0
- Is pipelined: 0
- Is top level: 0
Port [ Return ] is wired: 1; IO mode=ap_ctrl_hs:ce=0
Port [ input_0]:  wired=1; compound=1; hidden=0; nouse=0; global=0; static=0; extern=0; dir=0; type=1; pingpong=0; private_global=0; MemPort=[11]; IO mode=ap_memory:ce=0
Port [ input_1]:  wired=1; compound=1; hidden=0; nouse=0; global=0; static=0; extern=0; dir=0; type=1; pingpong=0; private_global=0; MemPort=[11]; IO mode=ap_memory:ce=0
Port [ input_2]:  wired=1; compound=1; hidden=0; nouse=0; global=0; static=0; extern=0; dir=0; type=1; pingpong=0; private_global=0; MemPort=[11]; IO mode=ap_memory:ce=0
Port [ input_3]:  wired=1; compound=1; hidden=0; nouse=0; global=0; static=0; extern=0; dir=0; type=1; pingpong=0; private_global=0; MemPort=[11]; IO mode=ap_memory:ce=0
Port [ input_4]:  wired=1; compound=1; hidden=0; nouse=0; global=0; static=0; extern=0; dir=0; type=1; pingpong=0; private_global=0; MemPort=[11]; IO mode=ap_memory:ce=0
Port [ outputPool_0]:  wired=1; compound=1; hidden=0; nouse=0; global=0; static=0; extern=0; dir=1; type=1; pingpong=0; private_global=0; MemPort=[30]; IO mode=ap_memory:ce=0
Port [ outputPool_1]:  wired=1; compound=1; hidden=0; nouse=0; global=0; static=0; extern=0; dir=1; type=1; pingpong=0; private_global=0; MemPort=[30]; IO mode=ap_memory:ce=0
Port [ outputPool_2]:  wired=1; compound=1; hidden=0; nouse=0; global=0; static=0; extern=0; dir=1; type=1; pingpong=0; private_global=0; MemPort=[30]; IO mode=ap_memory:ce=0
Port [ outputPool_3]:  wired=1; compound=1; hidden=0; nouse=0; global=0; static=0; extern=0; dir=1; type=1; pingpong=0; private_global=0; MemPort=[30]; IO mode=ap_memory:ce=0
Port [ outputPool_4]:  wired=1; compound=1; hidden=0; nouse=0; global=0; static=0; extern=0; dir=1; type=1; pingpong=0; private_global=0; MemPort=[30]; IO mode=ap_memory:ce=0
Port [ outputPool_5]:  wired=1; compound=1; hidden=0; nouse=0; global=0; static=0; extern=0; dir=1; type=1; pingpong=0; private_global=0; MemPort=[30]; IO mode=ap_memory:ce=0
Port [ outputPool_6]:  wired=1; compound=1; hidden=0; nouse=0; global=0; static=0; extern=0; dir=1; type=1; pingpong=0; private_global=0; MemPort=[30]; IO mode=ap_memory:ce=0
Port [ outputPool_7]:  wired=1; compound=1; hidden=0; nouse=0; global=0; static=0; extern=0; dir=1; type=1; pingpong=0; private_global=0; MemPort=[30]; IO mode=ap_memory:ce=0
---------------- STG Properties END ------------------

---------------- Datapath Model BEGIN ----------------

<LifeTime>
<method=bitvector/>
w                     (alloca           ) [ 0110000000000000000]
h                     (alloca           ) [ 0110000000000000000]
indvar_flatten        (alloca           ) [ 0110000000000000000]
co                    (alloca           ) [ 0110000000000000000]
indvar_flatten12      (alloca           ) [ 0100000000000000000]
specmemcore_ln0       (specmemcore      ) [ 0000000000000000000]
specmemcore_ln0       (specmemcore      ) [ 0000000000000000000]
specmemcore_ln0       (specmemcore      ) [ 0000000000000000000]
specmemcore_ln0       (specmemcore      ) [ 0000000000000000000]
specmemcore_ln0       (specmemcore      ) [ 0000000000000000000]
specmemcore_ln0       (specmemcore      ) [ 0000000000000000000]
specmemcore_ln0       (specmemcore      ) [ 0000000000000000000]
specmemcore_ln0       (specmemcore      ) [ 0000000000000000000]
specmemcore_ln0       (specmemcore      ) [ 0000000000000000000]
specmemcore_ln0       (specmemcore      ) [ 0000000000000000000]
specmemcore_ln0       (specmemcore      ) [ 0000000000000000000]
specmemcore_ln0       (specmemcore      ) [ 0000000000000000000]
specmemcore_ln0       (specmemcore      ) [ 0000000000000000000]
store_ln0             (store            ) [ 0000000000000000000]
store_ln16            (store            ) [ 0000000000000000000]
store_ln0             (store            ) [ 0000000000000000000]
store_ln17            (store            ) [ 0000000000000000000]
store_ln18            (store            ) [ 0000000000000000000]
br_ln16               (br               ) [ 0000000000000000000]
indvar_flatten12_load (load             ) [ 0000000000000000000]
icmp_ln16             (icmp             ) [ 0111111111111111110]
add_ln16              (add              ) [ 0000000000000000000]
br_ln16               (br               ) [ 0000000000000000000]
store_ln16            (store            ) [ 0000000000000000000]
indvar_flatten_load   (load             ) [ 0000000000000000000]
w_load                (load             ) [ 0000000000000000000]
h_load                (load             ) [ 0000000000000000000]
co_load               (load             ) [ 0000000000000000000]
icmp_ln17             (icmp             ) [ 0000000000000000000]
select_ln16           (select           ) [ 0000000000000000000]
xor_ln16              (xor              ) [ 0000000000000000000]
icmp_ln18             (icmp             ) [ 0000000000000000000]
and_ln16              (and              ) [ 0000000000000000000]
add_ln16_2            (add              ) [ 0000000000000000000]
select_ln16_2         (select           ) [ 0101111111111100000]
add_ln17              (add              ) [ 0000000000000000000]
empty                 (or               ) [ 0000000000000000000]
w_mid2                (select           ) [ 0101111111111110000]
select_ln17           (select           ) [ 0101111111111100000]
zext_ln27             (zext             ) [ 0000000000000000000]
trunc_ln27            (trunc            ) [ 0000000000000000000]
p_shl4                (bitconcatenate   ) [ 0000000000000000000]
add_ln27_9            (add              ) [ 0101000000000000000]
trunc_ln33            (trunc            ) [ 0101000000000000000]
trunc_ln18            (trunc            ) [ 0101000000000000000]
add_ln18              (add              ) [ 0000000000000000000]
add_ln17_2            (add              ) [ 0000000000000000000]
select_ln17_2         (select           ) [ 0000000000000000000]
store_ln16            (store            ) [ 0000000000000000000]
store_ln17            (store            ) [ 0000000000000000000]
store_ln17            (store            ) [ 0000000000000000000]
store_ln18            (store            ) [ 0000000000000000000]
br_ln18               (br               ) [ 0000000000000000000]
zext_ln27_1           (zext             ) [ 0000000000000000000]
shl_ln                (bitconcatenate   ) [ 0000000000000000000]
p_shl5                (bitconcatenate   ) [ 0100111111111100000]
tmp                   (bitconcatenate   ) [ 0100111111111100000]
zext_ln33_4           (zext             ) [ 0000000000000000000]
sub_ln33              (sub              ) [ 0000000000000000000]
trunc_ln33_1          (trunc            ) [ 0000000000000000000]
zext_ln33_2           (zext             ) [ 0000000000000000000]
shl_ln1               (bitconcatenate   ) [ 0100111111111110000]
zext_ln27_6           (zext             ) [ 0000000000000000000]
add_ln27_3            (add              ) [ 0000000000000000000]
zext_ln27_7           (zext             ) [ 0000000000000000000]
add_ln27_4            (add              ) [ 0100111111111110000]
add_ln33              (add              ) [ 0000000000000000000]
add_ln33_1            (add              ) [ 0100111111111111111]
switch_ln33           (switch           ) [ 0000000000000000000]
zext_ln17             (zext             ) [ 0100000000000110000]
zext_ln33             (zext             ) [ 0000000000000000000]
mul_ln33_1            (mul              ) [ 0000000000000000000]
p_shl6                (bitconcatenate   ) [ 0000000000000000000]
zext_ln33_5           (zext             ) [ 0000000000000000000]
sub_ln33_1            (sub              ) [ 0100000000000011000]
p_shl                 (bitconcatenate   ) [ 0000000000000000000]
zext_ln27_9           (zext             ) [ 0000000000000000000]
sub_ln27              (sub              ) [ 0000000000000000000]
zext_ln27_3           (zext             ) [ 0000000000000000000]
add_ln27              (add              ) [ 0100000000000010000]
add_ln27_1            (add              ) [ 0000000000000000000]
zext_ln27_4           (zext             ) [ 0000000000000000000]
add_ln27_2            (add              ) [ 0100000000000010000]
mul_ln17              (mul              ) [ 0100000000000001000]
zext_ln18             (zext             ) [ 0100000000000001000]
zext_ln27_5           (zext             ) [ 0000000000000000000]
add_ln27_5            (add              ) [ 0000000000000000000]
zext_ln29_8           (zext             ) [ 0000000000000000000]
mul_ln29              (mul              ) [ 0000000000000000000]
tmp_2                 (partselect       ) [ 0100000000000001000]
urem_ln29             (urem             ) [ 0000000000000000000]
trunc_ln29            (trunc            ) [ 0100000000000001110]
or_ln                 (bitconcatenate   ) [ 0000000000000000000]
zext_ln27_8           (zext             ) [ 0000000000000000000]
add_ln27_6            (add              ) [ 0000000000000000000]
zext_ln29_9           (zext             ) [ 0000000000000000000]
mul_ln29_1            (mul              ) [ 0000000000000000000]
tmp_3                 (partselect       ) [ 0100000000000001000]
add_ln27_7            (add              ) [ 0000000000000000000]
zext_ln29_10          (zext             ) [ 0000000000000000000]
mul_ln29_2            (mul              ) [ 0000000000000000000]
tmp_4                 (partselect       ) [ 0100000000000001100]
add_ln27_8            (add              ) [ 0000000000000000000]
zext_ln29_11          (zext             ) [ 0000000000000000000]
mul_ln29_3            (mul              ) [ 0000000000000000000]
tmp_5                 (partselect       ) [ 0100000000000001100]
zext_ln27_2           (zext             ) [ 0000000000000000000]
zext_ln29             (zext             ) [ 0000000000000000000]
input_0_addr          (getelementptr    ) [ 0100000000000000100]
input_1_addr          (getelementptr    ) [ 0100000000000000100]
input_2_addr          (getelementptr    ) [ 0100000000000000100]
input_3_addr          (getelementptr    ) [ 0100000000000000100]
input_4_addr          (getelementptr    ) [ 0100000000000000100]
zext_ln29_5           (zext             ) [ 0000000000000000000]
input_0_addr_2        (getelementptr    ) [ 0100000000000000100]
input_1_addr_2        (getelementptr    ) [ 0100000000000000100]
input_2_addr_1        (getelementptr    ) [ 0100000000000000100]
input_3_addr_1        (getelementptr    ) [ 0100000000000000100]
input_4_addr_1        (getelementptr    ) [ 0100000000000000100]
add_ln33_2            (add              ) [ 0000000000000000000]
add_ln33_3            (add              ) [ 0000000000000000000]
lshr_ln               (partselect       ) [ 0100000000000000111]
input_0_load          (load             ) [ 0000000000000000000]
input_1_load          (load             ) [ 0000000000000000000]
input_2_load          (load             ) [ 0000000000000000000]
input_3_load          (load             ) [ 0000000000000000000]
input_4_load          (load             ) [ 0000000000000000000]
val_9                 (sparsemux        ) [ 0000000000000000000]
input_0_load_1        (load             ) [ 0000000000000000000]
input_1_load_1        (load             ) [ 0000000000000000000]
input_2_load_1        (load             ) [ 0000000000000000000]
input_3_load_1        (load             ) [ 0000000000000000000]
input_4_load_1        (load             ) [ 0000000000000000000]
val                   (sparsemux        ) [ 0000000000000000000]
icmp_ln30             (icmp             ) [ 0000000000000000000]
max_val_5             (select           ) [ 0100000000000000010]
zext_ln29_6           (zext             ) [ 0000000000000000000]
input_0_addr_3        (getelementptr    ) [ 0100000000000000010]
input_1_addr_3        (getelementptr    ) [ 0100000000000000010]
input_2_addr_2        (getelementptr    ) [ 0100000000000000010]
input_3_addr_2        (getelementptr    ) [ 0100000000000000010]
input_4_addr_2        (getelementptr    ) [ 0100000000000000010]
zext_ln29_7           (zext             ) [ 0000000000000000000]
input_0_addr_4        (getelementptr    ) [ 0100000000000000010]
input_1_addr_4        (getelementptr    ) [ 0100000000000000010]
input_2_addr_3        (getelementptr    ) [ 0100000000000000010]
input_3_addr_3        (getelementptr    ) [ 0100000000000000010]
input_4_addr_3        (getelementptr    ) [ 0100000000000000010]
input_0_load_2        (load             ) [ 0000000000000000000]
input_1_load_2        (load             ) [ 0000000000000000000]
input_2_load_2        (load             ) [ 0000000000000000000]
input_3_load_2        (load             ) [ 0000000000000000000]
input_4_load_2        (load             ) [ 0000000000000000000]
val_10                (sparsemux        ) [ 0000000000000000000]
icmp_ln30_3           (icmp             ) [ 0000000000000000000]
max_val_7             (select           ) [ 0100000000000000001]
input_0_load_3        (load             ) [ 0000000000000000000]
input_1_load_3        (load             ) [ 0000000000000000000]
input_2_load_3        (load             ) [ 0000000000000000000]
input_3_load_3        (load             ) [ 0000000000000000000]
input_4_load_3        (load             ) [ 0000000000000000000]
val_6                 (sparsemux        ) [ 0100000000000000001]
specloopname_ln0      (specloopname     ) [ 0000000000000000000]
speclooptripcount_ln0 (speclooptripcount) [ 0000000000000000000]
specpipeline_ln19     (specpipeline     ) [ 0000000000000000000]
icmp_ln30_4           (icmp             ) [ 0000000000000000000]
max_val_8             (select           ) [ 0000000000000000000]
zext_ln33_3           (zext             ) [ 0000000000000000000]
outputPool_0_addr     (getelementptr    ) [ 0000000000000000000]
outputPool_1_addr     (getelementptr    ) [ 0000000000000000000]
outputPool_2_addr     (getelementptr    ) [ 0000000000000000000]
outputPool_3_addr     (getelementptr    ) [ 0000000000000000000]
outputPool_4_addr     (getelementptr    ) [ 0000000000000000000]
outputPool_5_addr     (getelementptr    ) [ 0000000000000000000]
outputPool_6_addr     (getelementptr    ) [ 0000000000000000000]
outputPool_7_addr     (getelementptr    ) [ 0000000000000000000]
store_ln33            (store            ) [ 0000000000000000000]
br_ln33               (br               ) [ 0000000000000000000]
store_ln33            (store            ) [ 0000000000000000000]
br_ln33               (br               ) [ 0000000000000000000]
store_ln33            (store            ) [ 0000000000000000000]
br_ln33               (br               ) [ 0000000000000000000]
store_ln33            (store            ) [ 0000000000000000000]
br_ln33               (br               ) [ 0000000000000000000]
store_ln33            (store            ) [ 0000000000000000000]
br_ln33               (br               ) [ 0000000000000000000]
store_ln33            (store            ) [ 0000000000000000000]
br_ln33               (br               ) [ 0000000000000000000]
store_ln33            (store            ) [ 0000000000000000000]
br_ln33               (br               ) [ 0000000000000000000]
store_ln33            (store            ) [ 0000000000000000000]
br_ln33               (br               ) [ 0000000000000000000]
ret_ln37              (ret              ) [ 0000000000000000000]
</LifeTime>

<model>

<comp_list>
<comp id="0" class="1000" name="input_0">
<pin_list>
<pin id="1" dir="1" index="0" bw="1" slack="0"/>
</pin_list>
<bind>
<StgValue><ssdm name="input_0"/><MemPortTyVec>1 1 </MemPortTyVec>
</StgValue>
</bind>
</comp>

<comp id="2" class="1000" name="input_1">
<pin_list>
<pin id="3" dir="1" index="0" bw="1" slack="0"/>
</pin_list>
<bind>
<StgValue><ssdm name="input_1"/><MemPortTyVec>1 1 </MemPortTyVec>
</StgValue>
</bind>
</comp>

<comp id="4" class="1000" name="input_2">
<pin_list>
<pin id="5" dir="1" index="0" bw="1" slack="0"/>
</pin_list>
<bind>
<StgValue><ssdm name="input_2"/><MemPortTyVec>1 1 </MemPortTyVec>
</StgValue>
</bind>
</comp>

<comp id="6" class="1000" name="input_3">
<pin_list>
<pin id="7" dir="1" index="0" bw="1" slack="0"/>
</pin_list>
<bind>
<StgValue><ssdm name="input_3"/><MemPortTyVec>1 1 </MemPortTyVec>
</StgValue>
</bind>
</comp>

<comp id="8" class="1000" name="input_4">
<pin_list>
<pin id="9" dir="1" index="0" bw="1" slack="0"/>
</pin_list>
<bind>
<StgValue><ssdm name="input_4"/><MemPortTyVec>1 1 </MemPortTyVec>
</StgValue>
</bind>
</comp>

<comp id="10" class="1000" name="outputPool_0">
<pin_list>
<pin id="11" dir="1" index="0" bw="1" slack="0"/>
</pin_list>
<bind>
<StgValue><ssdm name="outputPool_0"/><MemPortTyVec>3 0 </MemPortTyVec>
</StgValue>
</bind>
</comp>

<comp id="12" class="1000" name="outputPool_1">
<pin_list>
<pin id="13" dir="1" index="0" bw="1" slack="0"/>
</pin_list>
<bind>
<StgValue><ssdm name="outputPool_1"/><MemPortTyVec>3 0 </MemPortTyVec>
</StgValue>
</bind>
</comp>

<comp id="14" class="1000" name="outputPool_2">
<pin_list>
<pin id="15" dir="1" index="0" bw="1" slack="0"/>
</pin_list>
<bind>
<StgValue><ssdm name="outputPool_2"/><MemPortTyVec>3 0 </MemPortTyVec>
</StgValue>
</bind>
</comp>

<comp id="16" class="1000" name="outputPool_3">
<pin_list>
<pin id="17" dir="1" index="0" bw="1" slack="0"/>
</pin_list>
<bind>
<StgValue><ssdm name="outputPool_3"/><MemPortTyVec>3 0 </MemPortTyVec>
</StgValue>
</bind>
</comp>

<comp id="18" class="1000" name="outputPool_4">
<pin_list>
<pin id="19" dir="1" index="0" bw="1" slack="0"/>
</pin_list>
<bind>
<StgValue><ssdm name="outputPool_4"/><MemPortTyVec>3 0 </MemPortTyVec>
</StgValue>
</bind>
</comp>

<comp id="20" class="1000" name="outputPool_5">
<pin_list>
<pin id="21" dir="1" index="0" bw="1" slack="0"/>
</pin_list>
<bind>
<StgValue><ssdm name="outputPool_5"/><MemPortTyVec>3 0 </MemPortTyVec>
</StgValue>
</bind>
</comp>

<comp id="22" class="1000" name="outputPool_6">
<pin_list>
<pin id="23" dir="1" index="0" bw="1" slack="0"/>
</pin_list>
<bind>
<StgValue><ssdm name="outputPool_6"/><MemPortTyVec>3 0 </MemPortTyVec>
</StgValue>
</bind>
</comp>

<comp id="24" class="1000" name="outputPool_7">
<pin_list>
<pin id="25" dir="1" index="0" bw="1" slack="0"/>
</pin_list>
<bind>
<StgValue><ssdm name="outputPool_7"/><MemPortTyVec>3 0 </MemPortTyVec>
</StgValue>
</bind>
</comp>

<comp id="26" class="1001" name="const_26">
<pin_list>
<pin id="27" dir="1" index="0" bw="1" slack="0"/>
</pin_list>
<bind>
<StgValue><ssdm name=""/></StgValue>
</bind>
</comp>

<comp id="28" class="1001" name="const_28">
<pin_list>
<pin id="29" dir="1" index="0" bw="1" slack="2147483647"/>
</pin_list>
<bind>
<StgValue><ssdm name="_ssdm_op_SpecMemCore"/></StgValue>
</bind>
</comp>

<comp id="30" class="1001" name="const_30">
<pin_list>
<pin id="31" dir="1" index="0" bw="1" slack="2147483647"/>
</pin_list>
<bind>
<StgValue><ssdm name=""/></StgValue>
</bind>
</comp>

<comp id="32" class="1001" name="const_32">
<pin_list>
<pin id="33" dir="1" index="0" bw="1" slack="2147483647"/>
</pin_list>
<bind>
<StgValue><ssdm name=""/></StgValue>
</bind>
</comp>

<comp id="34" class="1001" name="const_34">
<pin_list>
<pin id="35" dir="1" index="0" bw="1" slack="2147483647"/>
</pin_list>
<bind>
<StgValue><ssdm name=""/></StgValue>
</bind>
</comp>

<comp id="36" class="1001" name="const_36">
<pin_list>
<pin id="37" dir="1" index="0" bw="1" slack="0"/>
</pin_list>
<bind>
<StgValue><ssdm name=""/></StgValue>
</bind>
</comp>

<comp id="38" class="1001" name="const_38">
<pin_list>
<pin id="39" dir="1" index="0" bw="1" slack="0"/>
</pin_list>
<bind>
<StgValue><ssdm name=""/></StgValue>
</bind>
</comp>

<comp id="40" class="1001" name="const_40">
<pin_list>
<pin id="41" dir="1" index="0" bw="1" slack="0"/>
</pin_list>
<bind>
<StgValue><ssdm name=""/></StgValue>
</bind>
</comp>

<comp id="42" class="1001" name="const_42">
<pin_list>
<pin id="43" dir="1" index="0" bw="1" slack="0"/>
</pin_list>
<bind>
<StgValue><ssdm name=""/></StgValue>
</bind>
</comp>

<comp id="44" class="1001" name="const_44">
<pin_list>
<pin id="45" dir="1" index="0" bw="1" slack="0"/>
</pin_list>
<bind>
<StgValue><ssdm name=""/></StgValue>
</bind>
</comp>

<comp id="46" class="1001" name="const_46">
<pin_list>
<pin id="47" dir="1" index="0" bw="1" slack="0"/>
</pin_list>
<bind>
<StgValue><ssdm name=""/></StgValue>
</bind>
</comp>

<comp id="48" class="1001" name="const_48">
<pin_list>
<pin id="49" dir="1" index="0" bw="1" slack="0"/>
</pin_list>
<bind>
<StgValue><ssdm name=""/></StgValue>
</bind>
</comp>

<comp id="50" class="1001" name="const_50">
<pin_list>
<pin id="51" dir="1" index="0" bw="1" slack="0"/>
</pin_list>
<bind>
<StgValue><ssdm name=""/></StgValue>
</bind>
</comp>

<comp id="52" class="1001" name="const_52">
<pin_list>
<pin id="53" dir="1" index="0" bw="1" slack="0"/>
</pin_list>
<bind>
<StgValue><ssdm name=""/></StgValue>
</bind>
</comp>

<comp id="54" class="1001" name="const_54">
<pin_list>
<pin id="55" dir="1" index="0" bw="1" slack="0"/>
</pin_list>
<bind>
<StgValue><ssdm name=""/></StgValue>
</bind>
</comp>

<comp id="56" class="1001" name="const_56">
<pin_list>
<pin id="57" dir="1" index="0" bw="1" slack="0"/>
</pin_list>
<bind>
<StgValue><ssdm name="_ssdm_op_BitConcatenate.i6.i3.i3"/></StgValue>
</bind>
</comp>

<comp id="58" class="1001" name="const_58">
<pin_list>
<pin id="59" dir="1" index="0" bw="1" slack="0"/>
</pin_list>
<bind>
<StgValue><ssdm name=""/></StgValue>
</bind>
</comp>

<comp id="60" class="1001" name="const_60">
<pin_list>
<pin id="61" dir="1" index="0" bw="1" slack="0"/>
</pin_list>
<bind>
<StgValue><ssdm name=""/></StgValue>
</bind>
</comp>

<comp id="62" class="1001" name="const_62">
<pin_list>
<pin id="63" dir="1" index="0" bw="1" slack="0"/>
</pin_list>
<bind>
<StgValue><ssdm name="_ssdm_op_BitConcatenate.i3.i1.i2"/></StgValue>
</bind>
</comp>

<comp id="64" class="1001" name="const_64">
<pin_list>
<pin id="65" dir="1" index="0" bw="1" slack="0"/>
</pin_list>
<bind>
<StgValue><ssdm name=""/></StgValue>
</bind>
</comp>

<comp id="66" class="1001" name="const_66">
<pin_list>
<pin id="67" dir="1" index="0" bw="1" slack="0"/>
</pin_list>
<bind>
<StgValue><ssdm name="_ssdm_op_BitConcatenate.i7.i4.i3"/></StgValue>
</bind>
</comp>

<comp id="68" class="1001" name="const_68">
<pin_list>
<pin id="69" dir="1" index="0" bw="1" slack="0"/>
</pin_list>
<bind>
<StgValue><ssdm name="_ssdm_op_BitConcatenate.i5.i4.i1"/></StgValue>
</bind>
</comp>

<comp id="70" class="1001" name="const_70">
<pin_list>
<pin id="71" dir="1" index="0" bw="1" slack="0"/>
</pin_list>
<bind>
<StgValue><ssdm name=""/></StgValue>
</bind>
</comp>

<comp id="72" class="1001" name="const_72">
<pin_list>
<pin id="73" dir="1" index="0" bw="1" slack="0"/>
</pin_list>
<bind>
<StgValue><ssdm name=""/></StgValue>
</bind>
</comp>

<comp id="74" class="1001" name="const_74">
<pin_list>
<pin id="75" dir="1" index="0" bw="1" slack="0"/>
</pin_list>
<bind>
<StgValue><ssdm name=""/></StgValue>
</bind>
</comp>

<comp id="76" class="1001" name="const_76">
<pin_list>
<pin id="77" dir="1" index="0" bw="1" slack="0"/>
</pin_list>
<bind>
<StgValue><ssdm name=""/></StgValue>
</bind>
</comp>

<comp id="78" class="1001" name="const_78">
<pin_list>
<pin id="79" dir="1" index="0" bw="1" slack="0"/>
</pin_list>
<bind>
<StgValue><ssdm name=""/></StgValue>
</bind>
</comp>

<comp id="80" class="1001" name="const_80">
<pin_list>
<pin id="81" dir="1" index="0" bw="1" slack="0"/>
</pin_list>
<bind>
<StgValue><ssdm name=""/></StgValue>
</bind>
</comp>

<comp id="82" class="1001" name="const_82">
<pin_list>
<pin id="83" dir="1" index="0" bw="1" slack="0"/>
</pin_list>
<bind>
<StgValue><ssdm name=""/></StgValue>
</bind>
</comp>

<comp id="84" class="1001" name="const_84">
<pin_list>
<pin id="85" dir="1" index="0" bw="1" slack="0"/>
</pin_list>
<bind>
<StgValue><ssdm name=""/></StgValue>
</bind>
</comp>

<comp id="86" class="1001" name="const_86">
<pin_list>
<pin id="87" dir="1" index="0" bw="1" slack="0"/>
</pin_list>
<bind>
<StgValue><ssdm name=""/></StgValue>
</bind>
</comp>

<comp id="88" class="1001" name="const_88">
<pin_list>
<pin id="89" dir="1" index="0" bw="1" slack="0"/>
</pin_list>
<bind>
<StgValue><ssdm name="_ssdm_op_BitConcatenate.i8.i4.i4"/></StgValue>
</bind>
</comp>

<comp id="90" class="1001" name="const_90">
<pin_list>
<pin id="91" dir="1" index="0" bw="1" slack="0"/>
</pin_list>
<bind>
<StgValue><ssdm name="_ssdm_op_BitConcatenate.i10.i4.i6"/></StgValue>
</bind>
</comp>

<comp id="92" class="1001" name="const_92">
<pin_list>
<pin id="93" dir="1" index="0" bw="1" slack="0"/>
</pin_list>
<bind>
<StgValue><ssdm name=""/></StgValue>
</bind>
</comp>

<comp id="94" class="1001" name="const_94">
<pin_list>
<pin id="95" dir="1" index="0" bw="1" slack="0"/>
</pin_list>
<bind>
<StgValue><ssdm name=""/></StgValue>
</bind>
</comp>

<comp id="96" class="1001" name="const_96">
<pin_list>
<pin id="97" dir="1" index="0" bw="1" slack="0"/>
</pin_list>
<bind>
<StgValue><ssdm name=""/></StgValue>
</bind>
</comp>

<comp id="98" class="1001" name="const_98">
<pin_list>
<pin id="99" dir="1" index="0" bw="1" slack="0"/>
</pin_list>
<bind>
<StgValue><ssdm name="_ssdm_op_PartSelect.i11.i27.i32.i32"/></StgValue>
</bind>
</comp>

<comp id="100" class="1001" name="const_100">
<pin_list>
<pin id="101" dir="1" index="0" bw="1" slack="0"/>
</pin_list>
<bind>
<StgValue><ssdm name=""/></StgValue>
</bind>
</comp>

<comp id="102" class="1001" name="const_102">
<pin_list>
<pin id="103" dir="1" index="0" bw="1" slack="0"/>
</pin_list>
<bind>
<StgValue><ssdm name=""/></StgValue>
</bind>
</comp>

<comp id="104" class="1001" name="const_104">
<pin_list>
<pin id="105" dir="1" index="0" bw="1" slack="0"/>
</pin_list>
<bind>
<StgValue><ssdm name=""/></StgValue>
</bind>
</comp>

<comp id="106" class="1001" name="const_106">
<pin_list>
<pin id="107" dir="1" index="0" bw="1" slack="0"/>
</pin_list>
<bind>
<StgValue><ssdm name="_ssdm_op_PartSelect.i8.i11.i32.i32"/></StgValue>
</bind>
</comp>

<comp id="108" class="1001" name="const_108">
<pin_list>
<pin id="109" dir="1" index="0" bw="1" slack="0"/>
</pin_list>
<bind>
<StgValue><ssdm name=""/></StgValue>
</bind>
</comp>

<comp id="110" class="1001" name="const_110">
<pin_list>
<pin id="111" dir="1" index="0" bw="1" slack="0"/>
</pin_list>
<bind>
<StgValue><ssdm name=""/></StgValue>
</bind>
</comp>

<comp id="112" class="1001" name="const_112">
<pin_list>
<pin id="113" dir="1" index="0" bw="1" slack="0"/>
</pin_list>
<bind>
<StgValue><ssdm name="_ssdm_op_SparseMux.ap_auto.5i7.i7.i3"/></StgValue>
</bind>
</comp>

<comp id="114" class="1001" name="const_114">
<pin_list>
<pin id="115" dir="1" index="0" bw="1" slack="0"/>
</pin_list>
<bind>
<StgValue><ssdm name=""/></StgValue>
</bind>
</comp>

<comp id="116" class="1001" name="const_116">
<pin_list>
<pin id="117" dir="1" index="0" bw="1" slack="2147483647"/>
</pin_list>
<bind>
<StgValue><ssdm name="_ssdm_op_SpecLoopName"/></StgValue>
</bind>
</comp>

<comp id="118" class="1001" name="const_118">
<pin_list>
<pin id="119" dir="1" index="0" bw="1" slack="2147483647"/>
</pin_list>
<bind>
<StgValue><ssdm name="CO_LOOP_H_LOOP_W_LOOP_str"/></StgValue>
</bind>
</comp>

<comp id="120" class="1001" name="const_120">
<pin_list>
<pin id="121" dir="1" index="0" bw="1" slack="2147483647"/>
</pin_list>
<bind>
<StgValue><ssdm name="_ssdm_op_SpecLoopTripCount"/></StgValue>
</bind>
</comp>

<comp id="122" class="1001" name="const_122">
<pin_list>
<pin id="123" dir="1" index="0" bw="1" slack="2147483647"/>
</pin_list>
<bind>
<StgValue><ssdm name=""/></StgValue>
</bind>
</comp>

<comp id="124" class="1001" name="const_124">
<pin_list>
<pin id="125" dir="1" index="0" bw="1" slack="2147483647"/>
</pin_list>
<bind>
<StgValue><ssdm name="_ssdm_op_SpecPipeline"/></StgValue>
</bind>
</comp>

<comp id="126" class="1001" name="const_126">
<pin_list>
<pin id="127" dir="1" index="0" bw="1" slack="2147483647"/>
</pin_list>
<bind>
<StgValue><ssdm name=""/></StgValue>
</bind>
</comp>

<comp id="128" class="1001" name="const_128">
<pin_list>
<pin id="129" dir="1" index="0" bw="1" slack="2147483647"/>
</pin_list>
<bind>
<StgValue><ssdm name=""/></StgValue>
</bind>
</comp>

<comp id="130" class="1001" name="const_130">
<pin_list>
<pin id="131" dir="1" index="0" bw="1" slack="2147483647"/>
</pin_list>
<bind>
<StgValue><ssdm name="empty_22"/></StgValue>
</bind>
</comp>

<comp id="132" class="1004" name="w_fu_132">
<pin_list>
<pin id="133" dir="0" index="0" bw="1" slack="0"/>
<pin id="134" dir="1" index="1" bw="4" slack="0"/>
</pin_list>
<bind>
<opcode="alloca(26) " fcode="alloca"/>
<opset="w/1 "/>
</bind>
</comp>

<comp id="136" class="1004" name="h_fu_136">
<pin_list>
<pin id="137" dir="0" index="0" bw="1" slack="0"/>
<pin id="138" dir="1" index="1" bw="4" slack="0"/>
</pin_list>
<bind>
<opcode="alloca(26) " fcode="alloca"/>
<opset="h/1 "/>
</bind>
</comp>

<comp id="140" class="1004" name="indvar_flatten_fu_140">
<pin_list>
<pin id="141" dir="0" index="0" bw="1" slack="0"/>
<pin id="142" dir="1" index="1" bw="8" slack="0"/>
</pin_list>
<bind>
<opcode="alloca(26) " fcode="alloca"/>
<opset="indvar_flatten/1 "/>
</bind>
</comp>

<comp id="144" class="1004" name="co_fu_144">
<pin_list>
<pin id="145" dir="0" index="0" bw="1" slack="0"/>
<pin id="146" dir="1" index="1" bw="4" slack="0"/>
</pin_list>
<bind>
<opcode="alloca(26) " fcode="alloca"/>
<opset="co/1 "/>
</bind>
</comp>

<comp id="148" class="1004" name="indvar_flatten12_fu_148">
<pin_list>
<pin id="149" dir="0" index="0" bw="1" slack="0"/>
<pin id="150" dir="1" index="1" bw="11" slack="0"/>
</pin_list>
<bind>
<opcode="alloca(26) " fcode="alloca"/>
<opset="indvar_flatten12/1 "/>
</bind>
</comp>

<comp id="152" class="1004" name="input_0_addr_gep_fu_152">
<pin_list>
<pin id="153" dir="0" index="0" bw="7" slack="0"/>
<pin id="154" dir="0" index="1" bw="1" slack="0"/>
<pin id="155" dir="0" index="2" bw="11" slack="0"/>
<pin id="156" dir="1" index="3" bw="11" slack="0"/>
</pin_list>
<bind>
<opcode="getelementptr(29) " fcode="getelementptr"/>
<opset="input_0_addr/15 "/>
</bind>
</comp>

<comp id="159" class="1004" name="input_1_addr_gep_fu_159">
<pin_list>
<pin id="160" dir="0" index="0" bw="7" slack="0"/>
<pin id="161" dir="0" index="1" bw="1" slack="0"/>
<pin id="162" dir="0" index="2" bw="11" slack="0"/>
<pin id="163" dir="1" index="3" bw="11" slack="0"/>
</pin_list>
<bind>
<opcode="getelementptr(29) " fcode="getelementptr"/>
<opset="input_1_addr/15 "/>
</bind>
</comp>

<comp id="166" class="1004" name="input_2_addr_gep_fu_166">
<pin_list>
<pin id="167" dir="0" index="0" bw="7" slack="0"/>
<pin id="168" dir="0" index="1" bw="1" slack="0"/>
<pin id="169" dir="0" index="2" bw="11" slack="0"/>
<pin id="170" dir="1" index="3" bw="11" slack="0"/>
</pin_list>
<bind>
<opcode="getelementptr(29) " fcode="getelementptr"/>
<opset="input_2_addr/15 "/>
</bind>
</comp>

<comp id="173" class="1004" name="input_3_addr_gep_fu_173">
<pin_list>
<pin id="174" dir="0" index="0" bw="7" slack="0"/>
<pin id="175" dir="0" index="1" bw="1" slack="0"/>
<pin id="176" dir="0" index="2" bw="11" slack="0"/>
<pin id="177" dir="1" index="3" bw="11" slack="0"/>
</pin_list>
<bind>
<opcode="getelementptr(29) " fcode="getelementptr"/>
<opset="input_3_addr/15 "/>
</bind>
</comp>

<comp id="180" class="1004" name="input_4_addr_gep_fu_180">
<pin_list>
<pin id="181" dir="0" index="0" bw="7" slack="0"/>
<pin id="182" dir="0" index="1" bw="1" slack="0"/>
<pin id="183" dir="0" index="2" bw="11" slack="0"/>
<pin id="184" dir="1" index="3" bw="11" slack="0"/>
</pin_list>
<bind>
<opcode="getelementptr(29) " fcode="getelementptr"/>
<opset="input_4_addr/15 "/>
</bind>
</comp>

<comp id="187" class="1004" name="grp_access_fu_187">
<pin_list>
<pin id="188" dir="0" index="0" bw="11" slack="0"/>
<pin id="189" dir="0" index="1" bw="7" slack="2147483647"/>
<pin id="190" dir="0" index="2" bw="0" slack="0"/>
<pin id="192" dir="0" index="4" bw="11" slack="2147483647"/>
<pin id="193" dir="0" index="5" bw="7" slack="2147483647"/>
<pin id="194" dir="0" index="6" bw="0" slack="2147483647"/>
<pin id="191" dir="1" index="3" bw="7" slack="0"/>
<pin id="195" dir="1" index="7" bw="7" slack="0"/>
</pin_list>
<bind>
<opcode="load(27) " fcode="load"/>
<opset="input_0_load/15 input_0_load_1/15 input_0_load_2/16 input_0_load_3/16 "/>
</bind>
</comp>

<comp id="197" class="1004" name="grp_access_fu_197">
<pin_list>
<pin id="198" dir="0" index="0" bw="11" slack="0"/>
<pin id="199" dir="0" index="1" bw="7" slack="2147483647"/>
<pin id="200" dir="0" index="2" bw="0" slack="0"/>
<pin id="202" dir="0" index="4" bw="11" slack="2147483647"/>
<pin id="203" dir="0" index="5" bw="7" slack="2147483647"/>
<pin id="204" dir="0" index="6" bw="0" slack="2147483647"/>
<pin id="201" dir="1" index="3" bw="7" slack="0"/>
<pin id="205" dir="1" index="7" bw="7" slack="0"/>
</pin_list>
<bind>
<opcode="load(27) " fcode="load"/>
<opset="input_1_load/15 input_1_load_1/15 input_1_load_2/16 input_1_load_3/16 "/>
</bind>
</comp>

<comp id="207" class="1004" name="grp_access_fu_207">
<pin_list>
<pin id="208" dir="0" index="0" bw="11" slack="0"/>
<pin id="209" dir="0" index="1" bw="7" slack="2147483647"/>
<pin id="210" dir="0" index="2" bw="0" slack="0"/>
<pin id="212" dir="0" index="4" bw="11" slack="2147483647"/>
<pin id="213" dir="0" index="5" bw="7" slack="2147483647"/>
<pin id="214" dir="0" index="6" bw="0" slack="2147483647"/>
<pin id="211" dir="1" index="3" bw="7" slack="0"/>
<pin id="215" dir="1" index="7" bw="7" slack="0"/>
</pin_list>
<bind>
<opcode="load(27) " fcode="load"/>
<opset="input_2_load/15 input_2_load_1/15 input_2_load_2/16 input_2_load_3/16 "/>
</bind>
</comp>

<comp id="217" class="1004" name="grp_access_fu_217">
<pin_list>
<pin id="218" dir="0" index="0" bw="11" slack="0"/>
<pin id="219" dir="0" index="1" bw="7" slack="2147483647"/>
<pin id="220" dir="0" index="2" bw="0" slack="0"/>
<pin id="222" dir="0" index="4" bw="11" slack="2147483647"/>
<pin id="223" dir="0" index="5" bw="7" slack="2147483647"/>
<pin id="224" dir="0" index="6" bw="0" slack="2147483647"/>
<pin id="221" dir="1" index="3" bw="7" slack="0"/>
<pin id="225" dir="1" index="7" bw="7" slack="0"/>
</pin_list>
<bind>
<opcode="load(27) " fcode="load"/>
<opset="input_3_load/15 input_3_load_1/15 input_3_load_2/16 input_3_load_3/16 "/>
</bind>
</comp>

<comp id="227" class="1004" name="grp_access_fu_227">
<pin_list>
<pin id="228" dir="0" index="0" bw="11" slack="0"/>
<pin id="229" dir="0" index="1" bw="7" slack="2147483647"/>
<pin id="230" dir="0" index="2" bw="0" slack="0"/>
<pin id="232" dir="0" index="4" bw="11" slack="2147483647"/>
<pin id="233" dir="0" index="5" bw="7" slack="2147483647"/>
<pin id="234" dir="0" index="6" bw="0" slack="2147483647"/>
<pin id="231" dir="1" index="3" bw="7" slack="0"/>
<pin id="235" dir="1" index="7" bw="7" slack="0"/>
</pin_list>
<bind>
<opcode="load(27) " fcode="load"/>
<opset="input_4_load/15 input_4_load_1/15 input_4_load_2/16 input_4_load_3/16 "/>
</bind>
</comp>

<comp id="237" class="1004" name="input_0_addr_2_gep_fu_237">
<pin_list>
<pin id="238" dir="0" index="0" bw="7" slack="0"/>
<pin id="239" dir="0" index="1" bw="1" slack="0"/>
<pin id="240" dir="0" index="2" bw="11" slack="0"/>
<pin id="241" dir="1" index="3" bw="11" slack="0"/>
</pin_list>
<bind>
<opcode="getelementptr(29) " fcode="getelementptr"/>
<opset="input_0_addr_2/15 "/>
</bind>
</comp>

<comp id="244" class="1004" name="input_1_addr_2_gep_fu_244">
<pin_list>
<pin id="245" dir="0" index="0" bw="7" slack="0"/>
<pin id="246" dir="0" index="1" bw="1" slack="0"/>
<pin id="247" dir="0" index="2" bw="11" slack="0"/>
<pin id="248" dir="1" index="3" bw="11" slack="0"/>
</pin_list>
<bind>
<opcode="getelementptr(29) " fcode="getelementptr"/>
<opset="input_1_addr_2/15 "/>
</bind>
</comp>

<comp id="251" class="1004" name="input_2_addr_1_gep_fu_251">
<pin_list>
<pin id="252" dir="0" index="0" bw="7" slack="0"/>
<pin id="253" dir="0" index="1" bw="1" slack="0"/>
<pin id="254" dir="0" index="2" bw="11" slack="0"/>
<pin id="255" dir="1" index="3" bw="11" slack="0"/>
</pin_list>
<bind>
<opcode="getelementptr(29) " fcode="getelementptr"/>
<opset="input_2_addr_1/15 "/>
</bind>
</comp>

<comp id="258" class="1004" name="input_3_addr_1_gep_fu_258">
<pin_list>
<pin id="259" dir="0" index="0" bw="7" slack="0"/>
<pin id="260" dir="0" index="1" bw="1" slack="0"/>
<pin id="261" dir="0" index="2" bw="11" slack="0"/>
<pin id="262" dir="1" index="3" bw="11" slack="0"/>
</pin_list>
<bind>
<opcode="getelementptr(29) " fcode="getelementptr"/>
<opset="input_3_addr_1/15 "/>
</bind>
</comp>

<comp id="265" class="1004" name="input_4_addr_1_gep_fu_265">
<pin_list>
<pin id="266" dir="0" index="0" bw="7" slack="0"/>
<pin id="267" dir="0" index="1" bw="1" slack="0"/>
<pin id="268" dir="0" index="2" bw="11" slack="0"/>
<pin id="269" dir="1" index="3" bw="11" slack="0"/>
</pin_list>
<bind>
<opcode="getelementptr(29) " fcode="getelementptr"/>
<opset="input_4_addr_1/15 "/>
</bind>
</comp>

<comp id="277" class="1004" name="input_0_addr_3_gep_fu_277">
<pin_list>
<pin id="278" dir="0" index="0" bw="7" slack="0"/>
<pin id="279" dir="0" index="1" bw="1" slack="0"/>
<pin id="280" dir="0" index="2" bw="11" slack="0"/>
<pin id="281" dir="1" index="3" bw="11" slack="0"/>
</pin_list>
<bind>
<opcode="getelementptr(29) " fcode="getelementptr"/>
<opset="input_0_addr_3/16 "/>
</bind>
</comp>

<comp id="284" class="1004" name="input_1_addr_3_gep_fu_284">
<pin_list>
<pin id="285" dir="0" index="0" bw="7" slack="0"/>
<pin id="286" dir="0" index="1" bw="1" slack="0"/>
<pin id="287" dir="0" index="2" bw="11" slack="0"/>
<pin id="288" dir="1" index="3" bw="11" slack="0"/>
</pin_list>
<bind>
<opcode="getelementptr(29) " fcode="getelementptr"/>
<opset="input_1_addr_3/16 "/>
</bind>
</comp>

<comp id="291" class="1004" name="input_2_addr_2_gep_fu_291">
<pin_list>
<pin id="292" dir="0" index="0" bw="7" slack="0"/>
<pin id="293" dir="0" index="1" bw="1" slack="0"/>
<pin id="294" dir="0" index="2" bw="11" slack="0"/>
<pin id="295" dir="1" index="3" bw="11" slack="0"/>
</pin_list>
<bind>
<opcode="getelementptr(29) " fcode="getelementptr"/>
<opset="input_2_addr_2/16 "/>
</bind>
</comp>

<comp id="298" class="1004" name="input_3_addr_2_gep_fu_298">
<pin_list>
<pin id="299" dir="0" index="0" bw="7" slack="0"/>
<pin id="300" dir="0" index="1" bw="1" slack="0"/>
<pin id="301" dir="0" index="2" bw="11" slack="0"/>
<pin id="302" dir="1" index="3" bw="11" slack="0"/>
</pin_list>
<bind>
<opcode="getelementptr(29) " fcode="getelementptr"/>
<opset="input_3_addr_2/16 "/>
</bind>
</comp>

<comp id="305" class="1004" name="input_4_addr_2_gep_fu_305">
<pin_list>
<pin id="306" dir="0" index="0" bw="7" slack="0"/>
<pin id="307" dir="0" index="1" bw="1" slack="0"/>
<pin id="308" dir="0" index="2" bw="11" slack="0"/>
<pin id="309" dir="1" index="3" bw="11" slack="0"/>
</pin_list>
<bind>
<opcode="getelementptr(29) " fcode="getelementptr"/>
<opset="input_4_addr_2/16 "/>
</bind>
</comp>

<comp id="317" class="1004" name="input_0_addr_4_gep_fu_317">
<pin_list>
<pin id="318" dir="0" index="0" bw="7" slack="0"/>
<pin id="319" dir="0" index="1" bw="1" slack="0"/>
<pin id="320" dir="0" index="2" bw="11" slack="0"/>
<pin id="321" dir="1" index="3" bw="11" slack="0"/>
</pin_list>
<bind>
<opcode="getelementptr(29) " fcode="getelementptr"/>
<opset="input_0_addr_4/16 "/>
</bind>
</comp>

<comp id="324" class="1004" name="input_1_addr_4_gep_fu_324">
<pin_list>
<pin id="325" dir="0" index="0" bw="7" slack="0"/>
<pin id="326" dir="0" index="1" bw="1" slack="0"/>
<pin id="327" dir="0" index="2" bw="11" slack="0"/>
<pin id="328" dir="1" index="3" bw="11" slack="0"/>
</pin_list>
<bind>
<opcode="getelementptr(29) " fcode="getelementptr"/>
<opset="input_1_addr_4/16 "/>
</bind>
</comp>

<comp id="331" class="1004" name="input_2_addr_3_gep_fu_331">
<pin_list>
<pin id="332" dir="0" index="0" bw="7" slack="0"/>
<pin id="333" dir="0" index="1" bw="1" slack="0"/>
<pin id="334" dir="0" index="2" bw="11" slack="0"/>
<pin id="335" dir="1" index="3" bw="11" slack="0"/>
</pin_list>
<bind>
<opcode="getelementptr(29) " fcode="getelementptr"/>
<opset="input_2_addr_3/16 "/>
</bind>
</comp>

<comp id="338" class="1004" name="input_3_addr_3_gep_fu_338">
<pin_list>
<pin id="339" dir="0" index="0" bw="7" slack="0"/>
<pin id="340" dir="0" index="1" bw="1" slack="0"/>
<pin id="341" dir="0" index="2" bw="11" slack="0"/>
<pin id="342" dir="1" index="3" bw="11" slack="0"/>
</pin_list>
<bind>
<opcode="getelementptr(29) " fcode="getelementptr"/>
<opset="input_3_addr_3/16 "/>
</bind>
</comp>

<comp id="345" class="1004" name="input_4_addr_3_gep_fu_345">
<pin_list>
<pin id="346" dir="0" index="0" bw="7" slack="0"/>
<pin id="347" dir="0" index="1" bw="1" slack="0"/>
<pin id="348" dir="0" index="2" bw="11" slack="0"/>
<pin id="349" dir="1" index="3" bw="11" slack="0"/>
</pin_list>
<bind>
<opcode="getelementptr(29) " fcode="getelementptr"/>
<opset="input_4_addr_3/16 "/>
</bind>
</comp>

<comp id="357" class="1004" name="outputPool_0_addr_gep_fu_357">
<pin_list>
<pin id="358" dir="0" index="0" bw="7" slack="0"/>
<pin id="359" dir="0" index="1" bw="1" slack="0"/>
<pin id="360" dir="0" index="2" bw="8" slack="0"/>
<pin id="361" dir="1" index="3" bw="8" slack="0"/>
</pin_list>
<bind>
<opcode="getelementptr(29) " fcode="getelementptr"/>
<opset="outputPool_0_addr/18 "/>
</bind>
</comp>

<comp id="364" class="1004" name="outputPool_1_addr_gep_fu_364">
<pin_list>
<pin id="365" dir="0" index="0" bw="7" slack="0"/>
<pin id="366" dir="0" index="1" bw="1" slack="0"/>
<pin id="367" dir="0" index="2" bw="8" slack="0"/>
<pin id="368" dir="1" index="3" bw="8" slack="0"/>
</pin_list>
<bind>
<opcode="getelementptr(29) " fcode="getelementptr"/>
<opset="outputPool_1_addr/18 "/>
</bind>
</comp>

<comp id="371" class="1004" name="outputPool_2_addr_gep_fu_371">
<pin_list>
<pin id="372" dir="0" index="0" bw="7" slack="0"/>
<pin id="373" dir="0" index="1" bw="1" slack="0"/>
<pin id="374" dir="0" index="2" bw="8" slack="0"/>
<pin id="375" dir="1" index="3" bw="8" slack="0"/>
</pin_list>
<bind>
<opcode="getelementptr(29) " fcode="getelementptr"/>
<opset="outputPool_2_addr/18 "/>
</bind>
</comp>

<comp id="378" class="1004" name="outputPool_3_addr_gep_fu_378">
<pin_list>
<pin id="379" dir="0" index="0" bw="7" slack="0"/>
<pin id="380" dir="0" index="1" bw="1" slack="0"/>
<pin id="381" dir="0" index="2" bw="8" slack="0"/>
<pin id="382" dir="1" index="3" bw="8" slack="0"/>
</pin_list>
<bind>
<opcode="getelementptr(29) " fcode="getelementptr"/>
<opset="outputPool_3_addr/18 "/>
</bind>
</comp>

<comp id="385" class="1004" name="outputPool_4_addr_gep_fu_385">
<pin_list>
<pin id="386" dir="0" index="0" bw="7" slack="0"/>
<pin id="387" dir="0" index="1" bw="1" slack="0"/>
<pin id="388" dir="0" index="2" bw="8" slack="0"/>
<pin id="389" dir="1" index="3" bw="8" slack="0"/>
</pin_list>
<bind>
<opcode="getelementptr(29) " fcode="getelementptr"/>
<opset="outputPool_4_addr/18 "/>
</bind>
</comp>

<comp id="392" class="1004" name="outputPool_5_addr_gep_fu_392">
<pin_list>
<pin id="393" dir="0" index="0" bw="7" slack="0"/>
<pin id="394" dir="0" index="1" bw="1" slack="0"/>
<pin id="395" dir="0" index="2" bw="8" slack="0"/>
<pin id="396" dir="1" index="3" bw="8" slack="0"/>
</pin_list>
<bind>
<opcode="getelementptr(29) " fcode="getelementptr"/>
<opset="outputPool_5_addr/18 "/>
</bind>
</comp>

<comp id="399" class="1004" name="outputPool_6_addr_gep_fu_399">
<pin_list>
<pin id="400" dir="0" index="0" bw="7" slack="0"/>
<pin id="401" dir="0" index="1" bw="1" slack="0"/>
<pin id="402" dir="0" index="2" bw="8" slack="0"/>
<pin id="403" dir="1" index="3" bw="8" slack="0"/>
</pin_list>
<bind>
<opcode="getelementptr(29) " fcode="getelementptr"/>
<opset="outputPool_6_addr/18 "/>
</bind>
</comp>

<comp id="406" class="1004" name="outputPool_7_addr_gep_fu_406">
<pin_list>
<pin id="407" dir="0" index="0" bw="7" slack="0"/>
<pin id="408" dir="0" index="1" bw="1" slack="0"/>
<pin id="409" dir="0" index="2" bw="8" slack="0"/>
<pin id="410" dir="1" index="3" bw="8" slack="0"/>
</pin_list>
<bind>
<opcode="getelementptr(29) " fcode="getelementptr"/>
<opset="outputPool_7_addr/18 "/>
</bind>
</comp>

<comp id="413" class="1004" name="store_ln33_access_fu_413">
<pin_list>
<pin id="414" dir="0" index="0" bw="8" slack="2147483647"/>
<pin id="415" dir="0" index="1" bw="7" slack="2147483647"/>
<pin id="416" dir="0" index="2" bw="0" slack="0"/>
<pin id="418" dir="0" index="4" bw="8" slack="0"/>
<pin id="419" dir="0" index="5" bw="7" slack="2147483647"/>
<pin id="420" dir="0" index="6" bw="0" slack="2147483647"/>
<pin id="417" dir="1" index="3" bw="7" slack="2147483647"/>
<pin id="421" dir="1" index="7" bw="7" slack="2147483647"/>
</pin_list>
<bind>
<opcode="store(28) " fcode="store"/>
<opset="store_ln33/18 "/>
</bind>
</comp>

<comp id="423" class="1004" name="store_ln33_access_fu_423">
<pin_list>
<pin id="424" dir="0" index="0" bw="8" slack="2147483647"/>
<pin id="425" dir="0" index="1" bw="7" slack="2147483647"/>
<pin id="426" dir="0" index="2" bw="0" slack="0"/>
<pin id="428" dir="0" index="4" bw="8" slack="0"/>
<pin id="429" dir="0" index="5" bw="7" slack="2147483647"/>
<pin id="430" dir="0" index="6" bw="0" slack="2147483647"/>
<pin id="427" dir="1" index="3" bw="7" slack="2147483647"/>
<pin id="431" dir="1" index="7" bw="7" slack="2147483647"/>
</pin_list>
<bind>
<opcode="store(28) " fcode="store"/>
<opset="store_ln33/18 "/>
</bind>
</comp>

<comp id="433" class="1004" name="store_ln33_access_fu_433">
<pin_list>
<pin id="434" dir="0" index="0" bw="8" slack="2147483647"/>
<pin id="435" dir="0" index="1" bw="7" slack="2147483647"/>
<pin id="436" dir="0" index="2" bw="0" slack="0"/>
<pin id="438" dir="0" index="4" bw="8" slack="0"/>
<pin id="439" dir="0" index="5" bw="7" slack="2147483647"/>
<pin id="440" dir="0" index="6" bw="0" slack="2147483647"/>
<pin id="437" dir="1" index="3" bw="7" slack="2147483647"/>
<pin id="441" dir="1" index="7" bw="7" slack="2147483647"/>
</pin_list>
<bind>
<opcode="store(28) " fcode="store"/>
<opset="store_ln33/18 "/>
</bind>
</comp>

<comp id="443" class="1004" name="store_ln33_access_fu_443">
<pin_list>
<pin id="444" dir="0" index="0" bw="8" slack="2147483647"/>
<pin id="445" dir="0" index="1" bw="7" slack="2147483647"/>
<pin id="446" dir="0" index="2" bw="0" slack="0"/>
<pin id="448" dir="0" index="4" bw="8" slack="0"/>
<pin id="449" dir="0" index="5" bw="7" slack="2147483647"/>
<pin id="450" dir="0" index="6" bw="0" slack="2147483647"/>
<pin id="447" dir="1" index="3" bw="7" slack="2147483647"/>
<pin id="451" dir="1" index="7" bw="7" slack="2147483647"/>
</pin_list>
<bind>
<opcode="store(28) " fcode="store"/>
<opset="store_ln33/18 "/>
</bind>
</comp>

<comp id="453" class="1004" name="store_ln33_access_fu_453">
<pin_list>
<pin id="454" dir="0" index="0" bw="8" slack="2147483647"/>
<pin id="455" dir="0" index="1" bw="7" slack="2147483647"/>
<pin id="456" dir="0" index="2" bw="0" slack="0"/>
<pin id="458" dir="0" index="4" bw="8" slack="0"/>
<pin id="459" dir="0" index="5" bw="7" slack="2147483647"/>
<pin id="460" dir="0" index="6" bw="0" slack="2147483647"/>
<pin id="457" dir="1" index="3" bw="7" slack="2147483647"/>
<pin id="461" dir="1" index="7" bw="7" slack="2147483647"/>
</pin_list>
<bind>
<opcode="store(28) " fcode="store"/>
<opset="store_ln33/18 "/>
</bind>
</comp>

<comp id="463" class="1004" name="store_ln33_access_fu_463">
<pin_list>
<pin id="464" dir="0" index="0" bw="8" slack="2147483647"/>
<pin id="465" dir="0" index="1" bw="7" slack="2147483647"/>
<pin id="466" dir="0" index="2" bw="0" slack="0"/>
<pin id="468" dir="0" index="4" bw="8" slack="0"/>
<pin id="469" dir="0" index="5" bw="7" slack="2147483647"/>
<pin id="470" dir="0" index="6" bw="0" slack="2147483647"/>
<pin id="467" dir="1" index="3" bw="7" slack="2147483647"/>
<pin id="471" dir="1" index="7" bw="7" slack="2147483647"/>
</pin_list>
<bind>
<opcode="store(28) " fcode="store"/>
<opset="store_ln33/18 "/>
</bind>
</comp>

<comp id="473" class="1004" name="store_ln33_access_fu_473">
<pin_list>
<pin id="474" dir="0" index="0" bw="8" slack="2147483647"/>
<pin id="475" dir="0" index="1" bw="7" slack="2147483647"/>
<pin id="476" dir="0" index="2" bw="0" slack="0"/>
<pin id="478" dir="0" index="4" bw="8" slack="0"/>
<pin id="479" dir="0" index="5" bw="7" slack="2147483647"/>
<pin id="480" dir="0" index="6" bw="0" slack="2147483647"/>
<pin id="477" dir="1" index="3" bw="7" slack="2147483647"/>
<pin id="481" dir="1" index="7" bw="7" slack="2147483647"/>
</pin_list>
<bind>
<opcode="store(28) " fcode="store"/>
<opset="store_ln33/18 "/>
</bind>
</comp>

<comp id="483" class="1004" name="store_ln33_access_fu_483">
<pin_list>
<pin id="484" dir="0" index="0" bw="8" slack="2147483647"/>
<pin id="485" dir="0" index="1" bw="7" slack="2147483647"/>
<pin id="486" dir="0" index="2" bw="0" slack="0"/>
<pin id="488" dir="0" index="4" bw="8" slack="0"/>
<pin id="489" dir="0" index="5" bw="7" slack="2147483647"/>
<pin id="490" dir="0" index="6" bw="0" slack="2147483647"/>
<pin id="487" dir="1" index="3" bw="7" slack="2147483647"/>
<pin id="491" dir="1" index="7" bw="7" slack="2147483647"/>
</pin_list>
<bind>
<opcode="store(28) " fcode="store"/>
<opset="store_ln33/18 "/>
</bind>
</comp>

<comp id="493" class="1004" name="store_ln0_store_fu_493">
<pin_list>
<pin id="494" dir="0" index="0" bw="1" slack="0"/>
<pin id="495" dir="0" index="1" bw="11" slack="0"/>
<pin id="496" dir="1" index="2" bw="0" slack="2147483647"/>
</pin_list>
<bind>
<opcode="store(28) " fcode="store"/>
<opset="store_ln0/1 "/>
</bind>
</comp>

<comp id="498" class="1004" name="store_ln16_store_fu_498">
<pin_list>
<pin id="499" dir="0" index="0" bw="1" slack="0"/>
<pin id="500" dir="0" index="1" bw="4" slack="0"/>
<pin id="501" dir="1" index="2" bw="0" slack="2147483647"/>
</pin_list>
<bind>
<opcode="store(28) " fcode="store"/>
<opset="store_ln16/1 "/>
</bind>
</comp>

<comp id="503" class="1004" name="store_ln0_store_fu_503">
<pin_list>
<pin id="504" dir="0" index="0" bw="1" slack="0"/>
<pin id="505" dir="0" index="1" bw="8" slack="0"/>
<pin id="506" dir="1" index="2" bw="0" slack="2147483647"/>
</pin_list>
<bind>
<opcode="store(28) " fcode="store"/>
<opset="store_ln0/1 "/>
</bind>
</comp>

<comp id="508" class="1004" name="store_ln17_store_fu_508">
<pin_list>
<pin id="509" dir="0" index="0" bw="1" slack="0"/>
<pin id="510" dir="0" index="1" bw="4" slack="0"/>
<pin id="511" dir="1" index="2" bw="0" slack="2147483647"/>
</pin_list>
<bind>
<opcode="store(28) " fcode="store"/>
<opset="store_ln17/1 "/>
</bind>
</comp>

<comp id="513" class="1004" name="store_ln18_store_fu_513">
<pin_list>
<pin id="514" dir="0" index="0" bw="1" slack="0"/>
<pin id="515" dir="0" index="1" bw="4" slack="0"/>
<pin id="516" dir="1" index="2" bw="0" slack="2147483647"/>
</pin_list>
<bind>
<opcode="store(28) " fcode="store"/>
<opset="store_ln18/1 "/>
</bind>
</comp>

<comp id="518" class="1004" name="indvar_flatten12_load_load_fu_518">
<pin_list>
<pin id="519" dir="0" index="0" bw="11" slack="0"/>
<pin id="520" dir="1" index="1" bw="11" slack="0"/>
</pin_list>
<bind>
<opcode="load(27) " fcode="load"/>
<opset="indvar_flatten12_load/1 "/>
</bind>
</comp>

<comp id="521" class="1004" name="icmp_ln16_fu_521">
<pin_list>
<pin id="522" dir="0" index="0" bw="11" slack="0"/>
<pin id="523" dir="0" index="1" bw="11" slack="0"/>
<pin id="524" dir="1" index="2" bw="1" slack="1"/>
</pin_list>
<bind>
<opcode="icmp(45) " fcode="icmp"/>
<opset="icmp_ln16/1 "/>
</bind>
</comp>

<comp id="527" class="1004" name="add_ln16_fu_527">
<pin_list>
<pin id="528" dir="0" index="0" bw="11" slack="0"/>
<pin id="529" dir="0" index="1" bw="1" slack="0"/>
<pin id="530" dir="1" index="2" bw="11" slack="0"/>
</pin_list>
<bind>
<opcode="add(8) " fcode="add"/>
<opset="add_ln16/1 "/>
</bind>
</comp>

<comp id="533" class="1004" name="store_ln16_store_fu_533">
<pin_list>
<pin id="534" dir="0" index="0" bw="11" slack="0"/>
<pin id="535" dir="0" index="1" bw="11" slack="0"/>
<pin id="536" dir="1" index="2" bw="0" slack="2147483647"/>
</pin_list>
<bind>
<opcode="store(28) " fcode="store"/>
<opset="store_ln16/1 "/>
</bind>
</comp>

<comp id="538" class="1004" name="indvar_flatten_load_load_fu_538">
<pin_list>
<pin id="539" dir="0" index="0" bw="8" slack="1"/>
<pin id="540" dir="1" index="1" bw="8" slack="0"/>
</pin_list>
<bind>
<opcode="load(27) " fcode="load"/>
<opset="indvar_flatten_load/2 "/>
</bind>
</comp>

<comp id="541" class="1004" name="w_load_load_fu_541">
<pin_list>
<pin id="542" dir="0" index="0" bw="4" slack="1"/>
<pin id="543" dir="1" index="1" bw="4" slack="0"/>
</pin_list>
<bind>
<opcode="load(27) " fcode="load"/>
<opset="w_load/2 "/>
</bind>
</comp>

<comp id="544" class="1004" name="h_load_load_fu_544">
<pin_list>
<pin id="545" dir="0" index="0" bw="4" slack="1"/>
<pin id="546" dir="1" index="1" bw="4" slack="0"/>
</pin_list>
<bind>
<opcode="load(27) " fcode="load"/>
<opset="h_load/2 "/>
</bind>
</comp>

<comp id="547" class="1004" name="co_load_load_fu_547">
<pin_list>
<pin id="548" dir="0" index="0" bw="4" slack="1"/>
<pin id="549" dir="1" index="1" bw="4" slack="0"/>
</pin_list>
<bind>
<opcode="load(27) " fcode="load"/>
<opset="co_load/2 "/>
</bind>
</comp>

<comp id="550" class="1004" name="icmp_ln17_fu_550">
<pin_list>
<pin id="551" dir="0" index="0" bw="8" slack="0"/>
<pin id="552" dir="0" index="1" bw="8" slack="0"/>
<pin id="553" dir="1" index="2" bw="1" slack="0"/>
</pin_list>
<bind>
<opcode="icmp(45) " fcode="icmp"/>
<opset="icmp_ln17/2 "/>
</bind>
</comp>

<comp id="556" class="1004" name="select_ln16_fu_556">
<pin_list>
<pin id="557" dir="0" index="0" bw="1" slack="0"/>
<pin id="558" dir="0" index="1" bw="4" slack="0"/>
<pin id="559" dir="0" index="2" bw="4" slack="0"/>
<pin id="560" dir="1" index="3" bw="4" slack="0"/>
</pin_list>
<bind>
<opcode="select(49) " fcode="select"/>
<opset="select_ln16/2 "/>
</bind>
</comp>

<comp id="564" class="1004" name="xor_ln16_fu_564">
<pin_list>
<pin id="565" dir="0" index="0" bw="1" slack="0"/>
<pin id="566" dir="0" index="1" bw="1" slack="0"/>
<pin id="567" dir="1" index="2" bw="1" slack="0"/>
</pin_list>
<bind>
<opcode="xor(25) " fcode="xor"/>
<opset="xor_ln16/2 "/>
</bind>
</comp>

<comp id="570" class="1004" name="icmp_ln18_fu_570">
<pin_list>
<pin id="571" dir="0" index="0" bw="4" slack="0"/>
<pin id="572" dir="0" index="1" bw="4" slack="0"/>
<pin id="573" dir="1" index="2" bw="1" slack="0"/>
</pin_list>
<bind>
<opcode="icmp(45) " fcode="icmp"/>
<opset="icmp_ln18/2 "/>
</bind>
</comp>

<comp id="576" class="1004" name="and_ln16_fu_576">
<pin_list>
<pin id="577" dir="0" index="0" bw="1" slack="0"/>
<pin id="578" dir="0" index="1" bw="1" slack="0"/>
<pin id="579" dir="1" index="2" bw="1" slack="0"/>
</pin_list>
<bind>
<opcode="and(23) " fcode="and"/>
<opset="and_ln16/2 "/>
</bind>
</comp>

<comp id="582" class="1004" name="add_ln16_2_fu_582">
<pin_list>
<pin id="583" dir="0" index="0" bw="4" slack="0"/>
<pin id="584" dir="0" index="1" bw="1" slack="0"/>
<pin id="585" dir="1" index="2" bw="4" slack="0"/>
</pin_list>
<bind>
<opcode="add(8) " fcode="add"/>
<opset="add_ln16_2/2 "/>
</bind>
</comp>

<comp id="588" class="1004" name="select_ln16_2_fu_588">
<pin_list>
<pin id="589" dir="0" index="0" bw="1" slack="0"/>
<pin id="590" dir="0" index="1" bw="4" slack="0"/>
<pin id="591" dir="0" index="2" bw="4" slack="0"/>
<pin id="592" dir="1" index="3" bw="4" slack="0"/>
</pin_list>
<bind>
<opcode="select(49) " fcode="select"/>
<opset="select_ln16_2/2 "/>
</bind>
</comp>

<comp id="596" class="1004" name="add_ln17_fu_596">
<pin_list>
<pin id="597" dir="0" index="0" bw="4" slack="0"/>
<pin id="598" dir="0" index="1" bw="1" slack="0"/>
<pin id="599" dir="1" index="2" bw="4" slack="0"/>
</pin_list>
<bind>
<opcode="add(8) " fcode="add"/>
<opset="add_ln17/2 "/>
</bind>
</comp>

<comp id="602" class="1004" name="empty_fu_602">
<pin_list>
<pin id="603" dir="0" index="0" bw="1" slack="0"/>
<pin id="604" dir="0" index="1" bw="1" slack="0"/>
<pin id="605" dir="1" index="2" bw="1" slack="0"/>
</pin_list>
<bind>
<opcode="or(24) " fcode="or"/>
<opset="empty/2 "/>
</bind>
</comp>

<comp id="608" class="1004" name="w_mid2_fu_608">
<pin_list>
<pin id="609" dir="0" index="0" bw="1" slack="0"/>
<pin id="610" dir="0" index="1" bw="4" slack="0"/>
<pin id="611" dir="0" index="2" bw="4" slack="0"/>
<pin id="612" dir="1" index="3" bw="4" slack="0"/>
</pin_list>
<bind>
<opcode="select(49) " fcode="select"/>
<opset="w_mid2/2 "/>
</bind>
</comp>

<comp id="616" class="1004" name="select_ln17_fu_616">
<pin_list>
<pin id="617" dir="0" index="0" bw="1" slack="0"/>
<pin id="618" dir="0" index="1" bw="4" slack="0"/>
<pin id="619" dir="0" index="2" bw="4" slack="0"/>
<pin id="620" dir="1" index="3" bw="4" slack="0"/>
</pin_list>
<bind>
<opcode="select(49) " fcode="select"/>
<opset="select_ln17/2 "/>
</bind>
</comp>

<comp id="624" class="1004" name="zext_ln27_fu_624">
<pin_list>
<pin id="625" dir="0" index="0" bw="4" slack="0"/>
<pin id="626" dir="1" index="1" bw="6" slack="0"/>
</pin_list>
<bind>
<opcode="zext(34) " fcode="zext"/>
<opset="zext_ln27/2 "/>
</bind>
</comp>

<comp id="628" class="1004" name="trunc_ln27_fu_628">
<pin_list>
<pin id="629" dir="0" index="0" bw="4" slack="0"/>
<pin id="630" dir="1" index="1" bw="3" slack="0"/>
</pin_list>
<bind>
<opcode="trunc(33) " fcode="trunc"/>
<opset="trunc_ln27/2 "/>
</bind>
</comp>

<comp id="632" class="1004" name="p_shl4_fu_632">
<pin_list>
<pin id="633" dir="0" index="0" bw="6" slack="0"/>
<pin id="634" dir="0" index="1" bw="3" slack="0"/>
<pin id="635" dir="0" index="2" bw="1" slack="0"/>
<pin id="636" dir="1" index="3" bw="6" slack="0"/>
</pin_list>
<bind>
<opcode="bitconcatenate(1004) " fcode="bitconcatenate"/>
<opset="p_shl4/2 "/>
</bind>
</comp>

<comp id="640" class="1004" name="add_ln27_9_fu_640">
<pin_list>
<pin id="641" dir="0" index="0" bw="6" slack="0"/>
<pin id="642" dir="0" index="1" bw="4" slack="0"/>
<pin id="643" dir="1" index="2" bw="6" slack="1"/>
</pin_list>
<bind>
<opcode="add(8) " fcode="add"/>
<opset="add_ln27_9/2 "/>
</bind>
</comp>

<comp id="646" class="1004" name="trunc_ln33_fu_646">
<pin_list>
<pin id="647" dir="0" index="0" bw="4" slack="0"/>
<pin id="648" dir="1" index="1" bw="1" slack="1"/>
</pin_list>
<bind>
<opcode="trunc(33) " fcode="trunc"/>
<opset="trunc_ln33/2 "/>
</bind>
</comp>

<comp id="650" class="1004" name="trunc_ln18_fu_650">
<pin_list>
<pin id="651" dir="0" index="0" bw="4" slack="0"/>
<pin id="652" dir="1" index="1" bw="3" slack="1"/>
</pin_list>
<bind>
<opcode="trunc(33) " fcode="trunc"/>
<opset="trunc_ln18/2 "/>
</bind>
</comp>

<comp id="654" class="1004" name="add_ln18_fu_654">
<pin_list>
<pin id="655" dir="0" index="0" bw="4" slack="0"/>
<pin id="656" dir="0" index="1" bw="1" slack="0"/>
<pin id="657" dir="1" index="2" bw="4" slack="0"/>
</pin_list>
<bind>
<opcode="add(8) " fcode="add"/>
<opset="add_ln18/2 "/>
</bind>
</comp>

<comp id="660" class="1004" name="add_ln17_2_fu_660">
<pin_list>
<pin id="661" dir="0" index="0" bw="8" slack="0"/>
<pin id="662" dir="0" index="1" bw="1" slack="0"/>
<pin id="663" dir="1" index="2" bw="8" slack="0"/>
</pin_list>
<bind>
<opcode="add(8) " fcode="add"/>
<opset="add_ln17_2/2 "/>
</bind>
</comp>

<comp id="666" class="1004" name="select_ln17_2_fu_666">
<pin_list>
<pin id="667" dir="0" index="0" bw="1" slack="0"/>
<pin id="668" dir="0" index="1" bw="8" slack="0"/>
<pin id="669" dir="0" index="2" bw="8" slack="0"/>
<pin id="670" dir="1" index="3" bw="8" slack="0"/>
</pin_list>
<bind>
<opcode="select(49) " fcode="select"/>
<opset="select_ln17_2/2 "/>
</bind>
</comp>

<comp id="674" class="1004" name="store_ln16_store_fu_674">
<pin_list>
<pin id="675" dir="0" index="0" bw="4" slack="0"/>
<pin id="676" dir="0" index="1" bw="4" slack="1"/>
<pin id="677" dir="1" index="2" bw="0" slack="2147483647"/>
</pin_list>
<bind>
<opcode="store(28) " fcode="store"/>
<opset="store_ln16/2 "/>
</bind>
</comp>

<comp id="679" class="1004" name="store_ln17_store_fu_679">
<pin_list>
<pin id="680" dir="0" index="0" bw="8" slack="0"/>
<pin id="681" dir="0" index="1" bw="8" slack="1"/>
<pin id="682" dir="1" index="2" bw="0" slack="2147483647"/>
</pin_list>
<bind>
<opcode="store(28) " fcode="store"/>
<opset="store_ln17/2 "/>
</bind>
</comp>

<comp id="684" class="1004" name="store_ln17_store_fu_684">
<pin_list>
<pin id="685" dir="0" index="0" bw="4" slack="0"/>
<pin id="686" dir="0" index="1" bw="4" slack="1"/>
<pin id="687" dir="1" index="2" bw="0" slack="2147483647"/>
</pin_list>
<bind>
<opcode="store(28) " fcode="store"/>
<opset="store_ln17/2 "/>
</bind>
</comp>

<comp id="689" class="1004" name="store_ln18_store_fu_689">
<pin_list>
<pin id="690" dir="0" index="0" bw="4" slack="0"/>
<pin id="691" dir="0" index="1" bw="4" slack="1"/>
<pin id="692" dir="1" index="2" bw="0" slack="2147483647"/>
</pin_list>
<bind>
<opcode="store(28) " fcode="store"/>
<opset="store_ln18/2 "/>
</bind>
</comp>

<comp id="694" class="1004" name="zext_ln27_1_fu_694">
<pin_list>
<pin id="695" dir="0" index="0" bw="6" slack="1"/>
<pin id="696" dir="1" index="1" bw="7" slack="0"/>
</pin_list>
<bind>
<opcode="zext(34) " fcode="zext"/>
<opset="zext_ln27_1/3 "/>
</bind>
</comp>

<comp id="697" class="1004" name="shl_ln_fu_697">
<pin_list>
<pin id="698" dir="0" index="0" bw="3" slack="0"/>
<pin id="699" dir="0" index="1" bw="1" slack="1"/>
<pin id="700" dir="0" index="2" bw="1" slack="0"/>
<pin id="701" dir="1" index="3" bw="3" slack="0"/>
</pin_list>
<bind>
<opcode="bitconcatenate(1004) " fcode="bitconcatenate"/>
<opset="shl_ln/3 "/>
</bind>
</comp>

<comp id="704" class="1004" name="p_shl5_fu_704">
<pin_list>
<pin id="705" dir="0" index="0" bw="7" slack="0"/>
<pin id="706" dir="0" index="1" bw="4" slack="1"/>
<pin id="707" dir="0" index="2" bw="1" slack="0"/>
<pin id="708" dir="1" index="3" bw="7" slack="0"/>
</pin_list>
<bind>
<opcode="bitconcatenate(1004) " fcode="bitconcatenate"/>
<opset="p_shl5/3 "/>
</bind>
</comp>

<comp id="711" class="1004" name="tmp_fu_711">
<pin_list>
<pin id="712" dir="0" index="0" bw="5" slack="0"/>
<pin id="713" dir="0" index="1" bw="4" slack="1"/>
<pin id="714" dir="0" index="2" bw="1" slack="0"/>
<pin id="715" dir="1" index="3" bw="5" slack="0"/>
</pin_list>
<bind>
<opcode="bitconcatenate(1004) " fcode="bitconcatenate"/>
<opset="tmp/3 "/>
</bind>
</comp>

<comp id="718" class="1004" name="zext_ln33_4_fu_718">
<pin_list>
<pin id="719" dir="0" index="0" bw="5" slack="0"/>
<pin id="720" dir="1" index="1" bw="7" slack="0"/>
</pin_list>
<bind>
<opcode="zext(34) " fcode="zext"/>
<opset="zext_ln33_4/3 "/>
</bind>
</comp>

<comp id="722" class="1004" name="sub_ln33_fu_722">
<pin_list>
<pin id="723" dir="0" index="0" bw="7" slack="0"/>
<pin id="724" dir="0" index="1" bw="5" slack="0"/>
<pin id="725" dir="1" index="2" bw="7" slack="0"/>
</pin_list>
<bind>
<opcode="sub(10) " fcode="sub"/>
<opset="sub_ln33/3 "/>
</bind>
</comp>

<comp id="728" class="1004" name="trunc_ln33_1_fu_728">
<pin_list>
<pin id="729" dir="0" index="0" bw="7" slack="0"/>
<pin id="730" dir="1" index="1" bw="3" slack="0"/>
</pin_list>
<bind>
<opcode="trunc(33) " fcode="trunc"/>
<opset="trunc_ln33_1/3 "/>
</bind>
</comp>

<comp id="732" class="1004" name="zext_ln33_2_fu_732">
<pin_list>
<pin id="733" dir="0" index="0" bw="7" slack="0"/>
<pin id="734" dir="1" index="1" bw="8" slack="0"/>
</pin_list>
<bind>
<opcode="zext(34) " fcode="zext"/>
<opset="zext_ln33_2/3 "/>
</bind>
</comp>

<comp id="736" class="1004" name="shl_ln1_fu_736">
<pin_list>
<pin id="737" dir="0" index="0" bw="5" slack="0"/>
<pin id="738" dir="0" index="1" bw="4" slack="1"/>
<pin id="739" dir="0" index="2" bw="1" slack="0"/>
<pin id="740" dir="1" index="3" bw="5" slack="0"/>
</pin_list>
<bind>
<opcode="bitconcatenate(1004) " fcode="bitconcatenate"/>
<opset="shl_ln1/3 "/>
</bind>
</comp>

<comp id="743" class="1004" name="zext_ln27_6_fu_743">
<pin_list>
<pin id="744" dir="0" index="0" bw="5" slack="0"/>
<pin id="745" dir="1" index="1" bw="7" slack="0"/>
</pin_list>
<bind>
<opcode="zext(34) " fcode="zext"/>
<opset="zext_ln27_6/3 "/>
</bind>
</comp>

<comp id="747" class="1004" name="add_ln27_3_fu_747">
<pin_list>
<pin id="748" dir="0" index="0" bw="6" slack="0"/>
<pin id="749" dir="0" index="1" bw="5" slack="0"/>
<pin id="750" dir="1" index="2" bw="7" slack="0"/>
</pin_list>
<bind>
<opcode="add(8) " fcode="add"/>
<opset="add_ln27_3/3 "/>
</bind>
</comp>

<comp id="753" class="1004" name="zext_ln27_7_fu_753">
<pin_list>
<pin id="754" dir="0" index="0" bw="7" slack="0"/>
<pin id="755" dir="1" index="1" bw="8" slack="0"/>
</pin_list>
<bind>
<opcode="zext(34) " fcode="zext"/>
<opset="zext_ln27_7/3 "/>
</bind>
</comp>

<comp id="757" class="1004" name="add_ln27_4_fu_757">
<pin_list>
<pin id="758" dir="0" index="0" bw="7" slack="0"/>
<pin id="759" dir="0" index="1" bw="7" slack="0"/>
<pin id="760" dir="1" index="2" bw="8" slack="0"/>
</pin_list>
<bind>
<opcode="add(8) " fcode="add"/>
<opset="add_ln27_4/3 "/>
</bind>
</comp>

<comp id="763" class="1004" name="grp_fu_763">
<pin_list>
<pin id="764" dir="0" index="0" bw="8" slack="0"/>
<pin id="765" dir="0" index="1" bw="4" slack="0"/>
<pin id="766" dir="1" index="2" bw="3" slack="0"/>
</pin_list>
<bind>
<opcode="urem(17) " fcode="urem"/>
<opset="urem_ln29/3 "/>
</bind>
</comp>

<comp id="769" class="1004" name="add_ln33_fu_769">
<pin_list>
<pin id="770" dir="0" index="0" bw="3" slack="0"/>
<pin id="771" dir="0" index="1" bw="3" slack="1"/>
<pin id="772" dir="1" index="2" bw="3" slack="0"/>
</pin_list>
<bind>
<opcode="add(8) " fcode="add"/>
<opset="add_ln33/3 "/>
</bind>
</comp>

<comp id="774" class="1004" name="add_ln33_1_fu_774">
<pin_list>
<pin id="775" dir="0" index="0" bw="3" slack="0"/>
<pin id="776" dir="0" index="1" bw="3" slack="0"/>
<pin id="777" dir="1" index="2" bw="3" slack="0"/>
</pin_list>
<bind>
<opcode="add(8) " fcode="add"/>
<opset="add_ln33_1/3 "/>
</bind>
</comp>

<comp id="780" class="1004" name="switch_ln33_fu_780">
<pin_list>
<pin id="781" dir="0" index="0" bw="3" slack="0"/>
<pin id="782" dir="0" index="1" bw="1" slack="0"/>
<pin id="783" dir="0" index="2" bw="1" slack="0"/>
<pin id="784" dir="0" index="3" bw="3" slack="0"/>
<pin id="785" dir="0" index="4" bw="3" slack="0"/>
<pin id="786" dir="0" index="5" bw="3" slack="0"/>
<pin id="787" dir="0" index="6" bw="3" slack="0"/>
<pin id="788" dir="0" index="7" bw="2" slack="0"/>
<pin id="789" dir="1" index="8" bw="0" slack="2147483647"/>
</pin_list>
<bind>
<opcode="switch(3) " fcode="switch"/>
<opset="switch_ln33/3 "/>
</bind>
</comp>

<comp id="798" class="1004" name="zext_ln17_fu_798">
<pin_list>
<pin id="799" dir="0" index="0" bw="4" slack="10"/>
<pin id="800" dir="1" index="1" bw="11" slack="0"/>
</pin_list>
<bind>
<opcode="zext(34) " fcode="zext"/>
<opset="zext_ln17/12 "/>
</bind>
</comp>

<comp id="801" class="1004" name="zext_ln33_fu_801">
<pin_list>
<pin id="802" dir="0" index="0" bw="4" slack="11"/>
<pin id="803" dir="1" index="1" bw="13" slack="0"/>
</pin_list>
<bind>
<opcode="zext(34) " fcode="zext"/>
<opset="zext_ln33/13 "/>
</bind>
</comp>

<comp id="804" class="1004" name="mul_ln33_1_fu_804">
<pin_list>
<pin id="805" dir="0" index="0" bw="4" slack="0"/>
<pin id="806" dir="0" index="1" bw="11" slack="0"/>
<pin id="807" dir="1" index="2" bw="13" slack="0"/>
</pin_list>
<bind>
<opcode="mul(12) " fcode="mul"/>
<opset="mul_ln33_1/13 "/>
</bind>
</comp>

<comp id="810" class="1004" name="p_shl6_fu_810">
<pin_list>
<pin id="811" dir="0" index="0" bw="8" slack="0"/>
<pin id="812" dir="0" index="1" bw="4" slack="11"/>
<pin id="813" dir="0" index="2" bw="1" slack="0"/>
<pin id="814" dir="1" index="3" bw="8" slack="0"/>
</pin_list>
<bind>
<opcode="bitconcatenate(1004) " fcode="bitconcatenate"/>
<opset="p_shl6/13 "/>
</bind>
</comp>

<comp id="817" class="1004" name="zext_ln33_5_fu_817">
<pin_list>
<pin id="818" dir="0" index="0" bw="5" slack="10"/>
<pin id="819" dir="1" index="1" bw="8" slack="0"/>
</pin_list>
<bind>
<opcode="zext(34) " fcode="zext"/>
<opset="zext_ln33_5/13 "/>
</bind>
</comp>

<comp id="820" class="1004" name="sub_ln33_1_fu_820">
<pin_list>
<pin id="821" dir="0" index="0" bw="8" slack="0"/>
<pin id="822" dir="0" index="1" bw="5" slack="0"/>
<pin id="823" dir="1" index="2" bw="8" slack="2"/>
</pin_list>
<bind>
<opcode="sub(10) " fcode="sub"/>
<opset="sub_ln33_1/13 "/>
</bind>
</comp>

<comp id="826" class="1004" name="p_shl_fu_826">
<pin_list>
<pin id="827" dir="0" index="0" bw="10" slack="0"/>
<pin id="828" dir="0" index="1" bw="4" slack="11"/>
<pin id="829" dir="0" index="2" bw="1" slack="0"/>
<pin id="830" dir="1" index="3" bw="10" slack="0"/>
</pin_list>
<bind>
<opcode="bitconcatenate(1004) " fcode="bitconcatenate"/>
<opset="p_shl/13 "/>
</bind>
</comp>

<comp id="833" class="1004" name="zext_ln27_9_fu_833">
<pin_list>
<pin id="834" dir="0" index="0" bw="7" slack="10"/>
<pin id="835" dir="1" index="1" bw="10" slack="0"/>
</pin_list>
<bind>
<opcode="zext(34) " fcode="zext"/>
<opset="zext_ln27_9/13 "/>
</bind>
</comp>

<comp id="836" class="1004" name="sub_ln27_fu_836">
<pin_list>
<pin id="837" dir="0" index="0" bw="10" slack="0"/>
<pin id="838" dir="0" index="1" bw="7" slack="0"/>
<pin id="839" dir="1" index="2" bw="10" slack="0"/>
</pin_list>
<bind>
<opcode="sub(10) " fcode="sub"/>
<opset="sub_ln27/13 "/>
</bind>
</comp>

<comp id="842" class="1004" name="zext_ln27_3_fu_842">
<pin_list>
<pin id="843" dir="0" index="0" bw="10" slack="0"/>
<pin id="844" dir="1" index="1" bw="13" slack="0"/>
</pin_list>
<bind>
<opcode="zext(34) " fcode="zext"/>
<opset="zext_ln27_3/13 "/>
</bind>
</comp>

<comp id="846" class="1004" name="add_ln27_fu_846">
<pin_list>
<pin id="847" dir="0" index="0" bw="10" slack="0"/>
<pin id="848" dir="0" index="1" bw="13" slack="0"/>
<pin id="849" dir="1" index="2" bw="13" slack="1"/>
</pin_list>
<bind>
<opcode="add(8) " fcode="add"/>
<opset="add_ln27/13 "/>
</bind>
</comp>

<comp id="852" class="1004" name="add_ln27_1_fu_852">
<pin_list>
<pin id="853" dir="0" index="0" bw="10" slack="0"/>
<pin id="854" dir="0" index="1" bw="6" slack="0"/>
<pin id="855" dir="1" index="2" bw="10" slack="0"/>
</pin_list>
<bind>
<opcode="add(8) " fcode="add"/>
<opset="add_ln27_1/13 "/>
</bind>
</comp>

<comp id="858" class="1004" name="zext_ln27_4_fu_858">
<pin_list>
<pin id="859" dir="0" index="0" bw="10" slack="0"/>
<pin id="860" dir="1" index="1" bw="13" slack="0"/>
</pin_list>
<bind>
<opcode="zext(34) " fcode="zext"/>
<opset="zext_ln27_4/13 "/>
</bind>
</comp>

<comp id="862" class="1004" name="add_ln27_2_fu_862">
<pin_list>
<pin id="863" dir="0" index="0" bw="10" slack="0"/>
<pin id="864" dir="0" index="1" bw="13" slack="0"/>
<pin id="865" dir="1" index="2" bw="13" slack="1"/>
</pin_list>
<bind>
<opcode="add(8) " fcode="add"/>
<opset="add_ln27_2/13 "/>
</bind>
</comp>

<comp id="868" class="1004" name="zext_ln18_fu_868">
<pin_list>
<pin id="869" dir="0" index="0" bw="4" slack="12"/>
<pin id="870" dir="1" index="1" bw="11" slack="0"/>
</pin_list>
<bind>
<opcode="zext(34) " fcode="zext"/>
<opset="zext_ln18/14 "/>
</bind>
</comp>

<comp id="871" class="1004" name="zext_ln27_5_fu_871">
<pin_list>
<pin id="872" dir="0" index="0" bw="5" slack="11"/>
<pin id="873" dir="1" index="1" bw="13" slack="0"/>
</pin_list>
<bind>
<opcode="zext(34) " fcode="zext"/>
<opset="zext_ln27_5/14 "/>
</bind>
</comp>

<comp id="874" class="1004" name="add_ln27_5_fu_874">
<pin_list>
<pin id="875" dir="0" index="0" bw="5" slack="0"/>
<pin id="876" dir="0" index="1" bw="13" slack="1"/>
<pin id="877" dir="1" index="2" bw="13" slack="0"/>
</pin_list>
<bind>
<opcode="add(8) " fcode="add"/>
<opset="add_ln27_5/14 "/>
</bind>
</comp>

<comp id="879" class="1004" name="zext_ln29_8_fu_879">
<pin_list>
<pin id="880" dir="0" index="0" bw="13" slack="0"/>
<pin id="881" dir="1" index="1" bw="27" slack="0"/>
</pin_list>
<bind>
<opcode="zext(34) " fcode="zext"/>
<opset="zext_ln29_8/14 "/>
</bind>
</comp>

<comp id="883" class="1004" name="mul_ln29_fu_883">
<pin_list>
<pin id="884" dir="0" index="0" bw="13" slack="0"/>
<pin id="885" dir="0" index="1" bw="15" slack="0"/>
<pin id="886" dir="1" index="2" bw="27" slack="0"/>
</pin_list>
<bind>
<opcode="mul(12) " fcode="mul"/>
<opset="mul_ln29/14 "/>
</bind>
</comp>

<comp id="889" class="1004" name="tmp_2_fu_889">
<pin_list>
<pin id="890" dir="0" index="0" bw="11" slack="0"/>
<pin id="891" dir="0" index="1" bw="27" slack="0"/>
<pin id="892" dir="0" index="2" bw="6" slack="0"/>
<pin id="893" dir="0" index="3" bw="6" slack="0"/>
<pin id="894" dir="1" index="4" bw="11" slack="1"/>
</pin_list>
<bind>
<opcode="partselect(1002) " fcode="partselect"/>
<opset="tmp_2/14 "/>
</bind>
</comp>

<comp id="899" class="1004" name="trunc_ln29_fu_899">
<pin_list>
<pin id="900" dir="0" index="0" bw="3" slack="0"/>
<pin id="901" dir="1" index="1" bw="3" slack="1"/>
</pin_list>
<bind>
<opcode="trunc(33) " fcode="trunc"/>
<opset="trunc_ln29/14 "/>
</bind>
</comp>

<comp id="903" class="1004" name="or_ln_fu_903">
<pin_list>
<pin id="904" dir="0" index="0" bw="5" slack="0"/>
<pin id="905" dir="0" index="1" bw="4" slack="12"/>
<pin id="906" dir="0" index="2" bw="1" slack="0"/>
<pin id="907" dir="1" index="3" bw="5" slack="0"/>
</pin_list>
<bind>
<opcode="bitconcatenate(1004) " fcode="bitconcatenate"/>
<opset="or_ln/14 "/>
</bind>
</comp>

<comp id="910" class="1004" name="zext_ln27_8_fu_910">
<pin_list>
<pin id="911" dir="0" index="0" bw="5" slack="0"/>
<pin id="912" dir="1" index="1" bw="13" slack="0"/>
</pin_list>
<bind>
<opcode="zext(34) " fcode="zext"/>
<opset="zext_ln27_8/14 "/>
</bind>
</comp>

<comp id="914" class="1004" name="add_ln27_6_fu_914">
<pin_list>
<pin id="915" dir="0" index="0" bw="5" slack="0"/>
<pin id="916" dir="0" index="1" bw="13" slack="1"/>
<pin id="917" dir="1" index="2" bw="13" slack="0"/>
</pin_list>
<bind>
<opcode="add(8) " fcode="add"/>
<opset="add_ln27_6/14 "/>
</bind>
</comp>

<comp id="919" class="1004" name="zext_ln29_9_fu_919">
<pin_list>
<pin id="920" dir="0" index="0" bw="13" slack="0"/>
<pin id="921" dir="1" index="1" bw="27" slack="0"/>
</pin_list>
<bind>
<opcode="zext(34) " fcode="zext"/>
<opset="zext_ln29_9/14 "/>
</bind>
</comp>

<comp id="923" class="1004" name="mul_ln29_1_fu_923">
<pin_list>
<pin id="924" dir="0" index="0" bw="13" slack="0"/>
<pin id="925" dir="0" index="1" bw="15" slack="0"/>
<pin id="926" dir="1" index="2" bw="27" slack="0"/>
</pin_list>
<bind>
<opcode="mul(12) " fcode="mul"/>
<opset="mul_ln29_1/14 "/>
</bind>
</comp>

<comp id="929" class="1004" name="tmp_3_fu_929">
<pin_list>
<pin id="930" dir="0" index="0" bw="11" slack="0"/>
<pin id="931" dir="0" index="1" bw="27" slack="0"/>
<pin id="932" dir="0" index="2" bw="6" slack="0"/>
<pin id="933" dir="0" index="3" bw="6" slack="0"/>
<pin id="934" dir="1" index="4" bw="11" slack="1"/>
</pin_list>
<bind>
<opcode="partselect(1002) " fcode="partselect"/>
<opset="tmp_3/14 "/>
</bind>
</comp>

<comp id="939" class="1004" name="add_ln27_7_fu_939">
<pin_list>
<pin id="940" dir="0" index="0" bw="5" slack="0"/>
<pin id="941" dir="0" index="1" bw="13" slack="1"/>
<pin id="942" dir="1" index="2" bw="13" slack="0"/>
</pin_list>
<bind>
<opcode="add(8) " fcode="add"/>
<opset="add_ln27_7/14 "/>
</bind>
</comp>

<comp id="944" class="1004" name="zext_ln29_10_fu_944">
<pin_list>
<pin id="945" dir="0" index="0" bw="13" slack="0"/>
<pin id="946" dir="1" index="1" bw="27" slack="0"/>
</pin_list>
<bind>
<opcode="zext(34) " fcode="zext"/>
<opset="zext_ln29_10/14 "/>
</bind>
</comp>

<comp id="948" class="1004" name="mul_ln29_2_fu_948">
<pin_list>
<pin id="949" dir="0" index="0" bw="13" slack="0"/>
<pin id="950" dir="0" index="1" bw="15" slack="0"/>
<pin id="951" dir="1" index="2" bw="27" slack="0"/>
</pin_list>
<bind>
<opcode="mul(12) " fcode="mul"/>
<opset="mul_ln29_2/14 "/>
</bind>
</comp>

<comp id="954" class="1004" name="tmp_4_fu_954">
<pin_list>
<pin id="955" dir="0" index="0" bw="11" slack="0"/>
<pin id="956" dir="0" index="1" bw="27" slack="0"/>
<pin id="957" dir="0" index="2" bw="6" slack="0"/>
<pin id="958" dir="0" index="3" bw="6" slack="0"/>
<pin id="959" dir="1" index="4" bw="11" slack="2"/>
</pin_list>
<bind>
<opcode="partselect(1002) " fcode="partselect"/>
<opset="tmp_4/14 "/>
</bind>
</comp>

<comp id="964" class="1004" name="add_ln27_8_fu_964">
<pin_list>
<pin id="965" dir="0" index="0" bw="5" slack="0"/>
<pin id="966" dir="0" index="1" bw="13" slack="1"/>
<pin id="967" dir="1" index="2" bw="13" slack="0"/>
</pin_list>
<bind>
<opcode="add(8) " fcode="add"/>
<opset="add_ln27_8/14 "/>
</bind>
</comp>

<comp id="969" class="1004" name="zext_ln29_11_fu_969">
<pin_list>
<pin id="970" dir="0" index="0" bw="13" slack="0"/>
<pin id="971" dir="1" index="1" bw="27" slack="0"/>
</pin_list>
<bind>
<opcode="zext(34) " fcode="zext"/>
<opset="zext_ln29_11/14 "/>
</bind>
</comp>

<comp id="973" class="1004" name="mul_ln29_3_fu_973">
<pin_list>
<pin id="974" dir="0" index="0" bw="13" slack="0"/>
<pin id="975" dir="0" index="1" bw="15" slack="0"/>
<pin id="976" dir="1" index="2" bw="27" slack="0"/>
</pin_list>
<bind>
<opcode="mul(12) " fcode="mul"/>
<opset="mul_ln29_3/14 "/>
</bind>
</comp>

<comp id="979" class="1004" name="tmp_5_fu_979">
<pin_list>
<pin id="980" dir="0" index="0" bw="11" slack="0"/>
<pin id="981" dir="0" index="1" bw="27" slack="0"/>
<pin id="982" dir="0" index="2" bw="6" slack="0"/>
<pin id="983" dir="0" index="3" bw="6" slack="0"/>
<pin id="984" dir="1" index="4" bw="11" slack="2"/>
</pin_list>
<bind>
<opcode="partselect(1002) " fcode="partselect"/>
<opset="tmp_5/14 "/>
</bind>
</comp>

<comp id="989" class="1004" name="zext_ln27_2_fu_989">
<pin_list>
<pin id="990" dir="0" index="0" bw="8" slack="2"/>
<pin id="991" dir="1" index="1" bw="11" slack="0"/>
</pin_list>
<bind>
<opcode="zext(34) " fcode="zext"/>
<opset="zext_ln27_2/15 "/>
</bind>
</comp>

<comp id="992" class="1004" name="zext_ln29_fu_992">
<pin_list>
<pin id="993" dir="0" index="0" bw="11" slack="1"/>
<pin id="994" dir="1" index="1" bw="64" slack="0"/>
</pin_list>
<bind>
<opcode="zext(34) " fcode="zext"/>
<opset="zext_ln29/15 "/>
</bind>
</comp>

<comp id="1000" class="1004" name="zext_ln29_5_fu_1000">
<pin_list>
<pin id="1001" dir="0" index="0" bw="11" slack="1"/>
<pin id="1002" dir="1" index="1" bw="64" slack="0"/>
</pin_list>
<bind>
<opcode="zext(34) " fcode="zext"/>
<opset="zext_ln29_5/15 "/>
</bind>
</comp>

<comp id="1008" class="1004" name="add_ln33_3_fu_1008">
<pin_list>
<pin id="1009" dir="0" index="0" bw="11" slack="0"/>
<pin id="1010" dir="0" index="1" bw="8" slack="0"/>
<pin id="1011" dir="1" index="2" bw="11" slack="0"/>
</pin_list>
<bind>
<opcode="add(8) " fcode="add"/>
<opset="add_ln33_3/15 "/>
</bind>
</comp>

<comp id="1013" class="1004" name="lshr_ln_fu_1013">
<pin_list>
<pin id="1014" dir="0" index="0" bw="8" slack="0"/>
<pin id="1015" dir="0" index="1" bw="11" slack="0"/>
<pin id="1016" dir="0" index="2" bw="3" slack="0"/>
<pin id="1017" dir="0" index="3" bw="5" slack="0"/>
<pin id="1018" dir="1" index="4" bw="8" slack="3"/>
</pin_list>
<bind>
<opcode="partselect(1002) " fcode="partselect"/>
<opset="lshr_ln/15 "/>
</bind>
</comp>

<comp id="1023" class="1004" name="val_9_fu_1023">
<pin_list>
<pin id="1024" dir="0" index="0" bw="7" slack="0"/>
<pin id="1025" dir="0" index="1" bw="3" slack="0"/>
<pin id="1026" dir="0" index="2" bw="7" slack="0"/>
<pin id="1027" dir="0" index="3" bw="3" slack="0"/>
<pin id="1028" dir="0" index="4" bw="7" slack="0"/>
<pin id="1029" dir="0" index="5" bw="3" slack="0"/>
<pin id="1030" dir="0" index="6" bw="7" slack="0"/>
<pin id="1031" dir="0" index="7" bw="3" slack="0"/>
<pin id="1032" dir="0" index="8" bw="7" slack="0"/>
<pin id="1033" dir="0" index="9" bw="3" slack="0"/>
<pin id="1034" dir="0" index="10" bw="7" slack="0"/>
<pin id="1035" dir="0" index="11" bw="7" slack="0"/>
<pin id="1036" dir="0" index="12" bw="3" slack="2"/>
<pin id="1037" dir="1" index="13" bw="7" slack="0"/>
</pin_list>
<bind>
<opcode="sparsemux(1197) " fcode="sparsemux"/>
<opset="val_9/16 "/>
</bind>
</comp>

<comp id="1050" class="1004" name="val_fu_1050">
<pin_list>
<pin id="1051" dir="0" index="0" bw="7" slack="0"/>
<pin id="1052" dir="0" index="1" bw="3" slack="0"/>
<pin id="1053" dir="0" index="2" bw="7" slack="0"/>
<pin id="1054" dir="0" index="3" bw="3" slack="0"/>
<pin id="1055" dir="0" index="4" bw="7" slack="0"/>
<pin id="1056" dir="0" index="5" bw="3" slack="0"/>
<pin id="1057" dir="0" index="6" bw="7" slack="0"/>
<pin id="1058" dir="0" index="7" bw="3" slack="0"/>
<pin id="1059" dir="0" index="8" bw="7" slack="0"/>
<pin id="1060" dir="0" index="9" bw="3" slack="0"/>
<pin id="1061" dir="0" index="10" bw="7" slack="0"/>
<pin id="1062" dir="0" index="11" bw="7" slack="0"/>
<pin id="1063" dir="0" index="12" bw="3" slack="2"/>
<pin id="1064" dir="1" index="13" bw="7" slack="0"/>
</pin_list>
<bind>
<opcode="sparsemux(1197) " fcode="sparsemux"/>
<opset="val/16 "/>
</bind>
</comp>

<comp id="1077" class="1004" name="icmp_ln30_fu_1077">
<pin_list>
<pin id="1078" dir="0" index="0" bw="7" slack="0"/>
<pin id="1079" dir="0" index="1" bw="7" slack="0"/>
<pin id="1080" dir="1" index="2" bw="1" slack="0"/>
</pin_list>
<bind>
<opcode="icmp(45) " fcode="icmp"/>
<opset="icmp_ln30/16 "/>
</bind>
</comp>

<comp id="1083" class="1004" name="max_val_5_fu_1083">
<pin_list>
<pin id="1084" dir="0" index="0" bw="1" slack="0"/>
<pin id="1085" dir="0" index="1" bw="7" slack="0"/>
<pin id="1086" dir="0" index="2" bw="7" slack="0"/>
<pin id="1087" dir="1" index="3" bw="7" slack="1"/>
</pin_list>
<bind>
<opcode="select(49) " fcode="select"/>
<opset="max_val_5/16 "/>
</bind>
</comp>

<comp id="1091" class="1004" name="zext_ln29_6_fu_1091">
<pin_list>
<pin id="1092" dir="0" index="0" bw="11" slack="2"/>
<pin id="1093" dir="1" index="1" bw="64" slack="0"/>
</pin_list>
<bind>
<opcode="zext(34) " fcode="zext"/>
<opset="zext_ln29_6/16 "/>
</bind>
</comp>

<comp id="1099" class="1004" name="zext_ln29_7_fu_1099">
<pin_list>
<pin id="1100" dir="0" index="0" bw="11" slack="2"/>
<pin id="1101" dir="1" index="1" bw="64" slack="0"/>
</pin_list>
<bind>
<opcode="zext(34) " fcode="zext"/>
<opset="zext_ln29_7/16 "/>
</bind>
</comp>

<comp id="1107" class="1004" name="val_10_fu_1107">
<pin_list>
<pin id="1108" dir="0" index="0" bw="7" slack="0"/>
<pin id="1109" dir="0" index="1" bw="3" slack="0"/>
<pin id="1110" dir="0" index="2" bw="7" slack="0"/>
<pin id="1111" dir="0" index="3" bw="3" slack="0"/>
<pin id="1112" dir="0" index="4" bw="7" slack="0"/>
<pin id="1113" dir="0" index="5" bw="3" slack="0"/>
<pin id="1114" dir="0" index="6" bw="7" slack="0"/>
<pin id="1115" dir="0" index="7" bw="3" slack="0"/>
<pin id="1116" dir="0" index="8" bw="7" slack="0"/>
<pin id="1117" dir="0" index="9" bw="3" slack="0"/>
<pin id="1118" dir="0" index="10" bw="7" slack="0"/>
<pin id="1119" dir="0" index="11" bw="7" slack="0"/>
<pin id="1120" dir="0" index="12" bw="3" slack="3"/>
<pin id="1121" dir="1" index="13" bw="7" slack="0"/>
</pin_list>
<bind>
<opcode="sparsemux(1197) " fcode="sparsemux"/>
<opset="val_10/17 "/>
</bind>
</comp>

<comp id="1134" class="1004" name="icmp_ln30_3_fu_1134">
<pin_list>
<pin id="1135" dir="0" index="0" bw="7" slack="0"/>
<pin id="1136" dir="0" index="1" bw="7" slack="1"/>
<pin id="1137" dir="1" index="2" bw="1" slack="0"/>
</pin_list>
<bind>
<opcode="icmp(45) " fcode="icmp"/>
<opset="icmp_ln30_3/17 "/>
</bind>
</comp>

<comp id="1139" class="1004" name="max_val_7_fu_1139">
<pin_list>
<pin id="1140" dir="0" index="0" bw="1" slack="0"/>
<pin id="1141" dir="0" index="1" bw="7" slack="0"/>
<pin id="1142" dir="0" index="2" bw="7" slack="1"/>
<pin id="1143" dir="1" index="3" bw="7" slack="1"/>
</pin_list>
<bind>
<opcode="select(49) " fcode="select"/>
<opset="max_val_7/17 "/>
</bind>
</comp>

<comp id="1146" class="1004" name="val_6_fu_1146">
<pin_list>
<pin id="1147" dir="0" index="0" bw="7" slack="0"/>
<pin id="1148" dir="0" index="1" bw="3" slack="0"/>
<pin id="1149" dir="0" index="2" bw="7" slack="0"/>
<pin id="1150" dir="0" index="3" bw="3" slack="0"/>
<pin id="1151" dir="0" index="4" bw="7" slack="0"/>
<pin id="1152" dir="0" index="5" bw="3" slack="0"/>
<pin id="1153" dir="0" index="6" bw="7" slack="0"/>
<pin id="1154" dir="0" index="7" bw="3" slack="0"/>
<pin id="1155" dir="0" index="8" bw="7" slack="0"/>
<pin id="1156" dir="0" index="9" bw="3" slack="0"/>
<pin id="1157" dir="0" index="10" bw="7" slack="0"/>
<pin id="1158" dir="0" index="11" bw="7" slack="0"/>
<pin id="1159" dir="0" index="12" bw="3" slack="3"/>
<pin id="1160" dir="1" index="13" bw="7" slack="1"/>
</pin_list>
<bind>
<opcode="sparsemux(1197) " fcode="sparsemux"/>
<opset="val_6/17 "/>
</bind>
</comp>

<comp id="1173" class="1004" name="icmp_ln30_4_fu_1173">
<pin_list>
<pin id="1174" dir="0" index="0" bw="7" slack="1"/>
<pin id="1175" dir="0" index="1" bw="7" slack="1"/>
<pin id="1176" dir="1" index="2" bw="1" slack="0"/>
</pin_list>
<bind>
<opcode="icmp(45) " fcode="icmp"/>
<opset="icmp_ln30_4/18 "/>
</bind>
</comp>

<comp id="1177" class="1004" name="max_val_8_fu_1177">
<pin_list>
<pin id="1178" dir="0" index="0" bw="1" slack="0"/>
<pin id="1179" dir="0" index="1" bw="7" slack="1"/>
<pin id="1180" dir="0" index="2" bw="7" slack="1"/>
<pin id="1181" dir="1" index="3" bw="7" slack="0"/>
</pin_list>
<bind>
<opcode="select(49) " fcode="select"/>
<opset="max_val_8/18 "/>
</bind>
</comp>

<comp id="1191" class="1004" name="zext_ln33_3_fu_1191">
<pin_list>
<pin id="1192" dir="0" index="0" bw="8" slack="3"/>
<pin id="1193" dir="1" index="1" bw="64" slack="0"/>
</pin_list>
<bind>
<opcode="zext(34) " fcode="zext"/>
<opset="zext_ln33_3/18 "/>
</bind>
</comp>

<comp id="1202" class="1007" name="grp_fu_1202">
<pin_list>
<pin id="1203" dir="0" index="0" bw="8" slack="0"/>
<pin id="1204" dir="0" index="1" bw="4" slack="0"/>
<pin id="1205" dir="0" index="2" bw="4" slack="0"/>
<pin id="1206" dir="1" index="3" bw="11" slack="0"/>
</pin_list>
<bind>
<opcode="muladd(1172) " fcode="muladd"/>
<opset="mul_ln17/12 add_ln33_2/14 "/>
</bind>
</comp>

<comp id="1211" class="1005" name="w_reg_1211">
<pin_list>
<pin id="1212" dir="0" index="0" bw="4" slack="0"/>
<pin id="1213" dir="1" index="1" bw="4" slack="0"/>
</pin_list>
<bind>
<opset="w "/>
</bind>
</comp>

<comp id="1218" class="1005" name="h_reg_1218">
<pin_list>
<pin id="1219" dir="0" index="0" bw="4" slack="0"/>
<pin id="1220" dir="1" index="1" bw="4" slack="0"/>
</pin_list>
<bind>
<opset="h "/>
</bind>
</comp>

<comp id="1225" class="1005" name="indvar_flatten_reg_1225">
<pin_list>
<pin id="1226" dir="0" index="0" bw="8" slack="0"/>
<pin id="1227" dir="1" index="1" bw="8" slack="0"/>
</pin_list>
<bind>
<opset="indvar_flatten "/>
</bind>
</comp>

<comp id="1232" class="1005" name="co_reg_1232">
<pin_list>
<pin id="1233" dir="0" index="0" bw="4" slack="0"/>
<pin id="1234" dir="1" index="1" bw="4" slack="0"/>
</pin_list>
<bind>
<opset="co "/>
</bind>
</comp>

<comp id="1239" class="1005" name="indvar_flatten12_reg_1239">
<pin_list>
<pin id="1240" dir="0" index="0" bw="11" slack="0"/>
<pin id="1241" dir="1" index="1" bw="11" slack="0"/>
</pin_list>
<bind>
<opset="indvar_flatten12 "/>
</bind>
</comp>

<comp id="1246" class="1005" name="icmp_ln16_reg_1246">
<pin_list>
<pin id="1247" dir="0" index="0" bw="1" slack="1"/>
<pin id="1248" dir="1" index="1" bw="1" slack="2147483647"/>
</pin_list>
<bind>
<opset="icmp_ln16 "/>
</bind>
</comp>

<comp id="1250" class="1005" name="select_ln16_2_reg_1250">
<pin_list>
<pin id="1251" dir="0" index="0" bw="4" slack="10"/>
<pin id="1252" dir="1" index="1" bw="4" slack="10"/>
</pin_list>
<bind>
<opset="select_ln16_2 "/>
</bind>
</comp>

<comp id="1256" class="1005" name="w_mid2_reg_1256">
<pin_list>
<pin id="1257" dir="0" index="0" bw="4" slack="1"/>
<pin id="1258" dir="1" index="1" bw="4" slack="1"/>
</pin_list>
<bind>
<opset="w_mid2 "/>
</bind>
</comp>

<comp id="1263" class="1005" name="select_ln17_reg_1263">
<pin_list>
<pin id="1264" dir="0" index="0" bw="4" slack="1"/>
<pin id="1265" dir="1" index="1" bw="4" slack="1"/>
</pin_list>
<bind>
<opset="select_ln17 "/>
</bind>
</comp>

<comp id="1271" class="1005" name="add_ln27_9_reg_1271">
<pin_list>
<pin id="1272" dir="0" index="0" bw="6" slack="1"/>
<pin id="1273" dir="1" index="1" bw="6" slack="1"/>
</pin_list>
<bind>
<opset="add_ln27_9 "/>
</bind>
</comp>

<comp id="1276" class="1005" name="trunc_ln33_reg_1276">
<pin_list>
<pin id="1277" dir="0" index="0" bw="1" slack="1"/>
<pin id="1278" dir="1" index="1" bw="1" slack="1"/>
</pin_list>
<bind>
<opset="trunc_ln33 "/>
</bind>
</comp>

<comp id="1281" class="1005" name="trunc_ln18_reg_1281">
<pin_list>
<pin id="1282" dir="0" index="0" bw="3" slack="1"/>
<pin id="1283" dir="1" index="1" bw="3" slack="1"/>
</pin_list>
<bind>
<opset="trunc_ln18 "/>
</bind>
</comp>

<comp id="1286" class="1005" name="p_shl5_reg_1286">
<pin_list>
<pin id="1287" dir="0" index="0" bw="7" slack="10"/>
<pin id="1288" dir="1" index="1" bw="7" slack="10"/>
</pin_list>
<bind>
<opset="p_shl5 "/>
</bind>
</comp>

<comp id="1291" class="1005" name="tmp_reg_1291">
<pin_list>
<pin id="1292" dir="0" index="0" bw="5" slack="10"/>
<pin id="1293" dir="1" index="1" bw="5" slack="10"/>
</pin_list>
<bind>
<opset="tmp "/>
</bind>
</comp>

<comp id="1296" class="1005" name="shl_ln1_reg_1296">
<pin_list>
<pin id="1297" dir="0" index="0" bw="5" slack="11"/>
<pin id="1298" dir="1" index="1" bw="5" slack="11"/>
</pin_list>
<bind>
<opset="shl_ln1 "/>
</bind>
</comp>

<comp id="1301" class="1005" name="add_ln27_4_reg_1301">
<pin_list>
<pin id="1302" dir="0" index="0" bw="8" slack="1"/>
<pin id="1303" dir="1" index="1" bw="8" slack="1"/>
</pin_list>
<bind>
<opset="add_ln27_4 "/>
</bind>
</comp>

<comp id="1306" class="1005" name="add_ln33_1_reg_1306">
<pin_list>
<pin id="1307" dir="0" index="0" bw="3" slack="15"/>
<pin id="1308" dir="1" index="1" bw="3" slack="2147483647"/>
</pin_list>
<bind>
<opset="add_ln33_1 "/>
</bind>
</comp>

<comp id="1310" class="1005" name="zext_ln17_reg_1310">
<pin_list>
<pin id="1311" dir="0" index="0" bw="11" slack="1"/>
<pin id="1312" dir="1" index="1" bw="11" slack="1"/>
</pin_list>
<bind>
<opset="zext_ln17 "/>
</bind>
</comp>

<comp id="1315" class="1005" name="sub_ln33_1_reg_1315">
<pin_list>
<pin id="1316" dir="0" index="0" bw="8" slack="2"/>
<pin id="1317" dir="1" index="1" bw="8" slack="2"/>
</pin_list>
<bind>
<opset="sub_ln33_1 "/>
</bind>
</comp>

<comp id="1320" class="1005" name="add_ln27_reg_1320">
<pin_list>
<pin id="1321" dir="0" index="0" bw="13" slack="1"/>
<pin id="1322" dir="1" index="1" bw="13" slack="1"/>
</pin_list>
<bind>
<opset="add_ln27 "/>
</bind>
</comp>

<comp id="1326" class="1005" name="add_ln27_2_reg_1326">
<pin_list>
<pin id="1327" dir="0" index="0" bw="13" slack="1"/>
<pin id="1328" dir="1" index="1" bw="13" slack="1"/>
</pin_list>
<bind>
<opset="add_ln27_2 "/>
</bind>
</comp>

<comp id="1332" class="1005" name="zext_ln18_reg_1332">
<pin_list>
<pin id="1333" dir="0" index="0" bw="11" slack="1"/>
<pin id="1334" dir="1" index="1" bw="11" slack="1"/>
</pin_list>
<bind>
<opset="zext_ln18 "/>
</bind>
</comp>

<comp id="1337" class="1005" name="tmp_2_reg_1337">
<pin_list>
<pin id="1338" dir="0" index="0" bw="11" slack="1"/>
<pin id="1339" dir="1" index="1" bw="11" slack="1"/>
</pin_list>
<bind>
<opset="tmp_2 "/>
</bind>
</comp>

<comp id="1342" class="1005" name="trunc_ln29_reg_1342">
<pin_list>
<pin id="1343" dir="0" index="0" bw="3" slack="1"/>
<pin id="1344" dir="1" index="1" bw="3" slack="2"/>
</pin_list>
<bind>
<opset="trunc_ln29 "/>
</bind>
</comp>

<comp id="1350" class="1005" name="tmp_3_reg_1350">
<pin_list>
<pin id="1351" dir="0" index="0" bw="11" slack="1"/>
<pin id="1352" dir="1" index="1" bw="11" slack="1"/>
</pin_list>
<bind>
<opset="tmp_3 "/>
</bind>
</comp>

<comp id="1355" class="1005" name="tmp_4_reg_1355">
<pin_list>
<pin id="1356" dir="0" index="0" bw="11" slack="2"/>
<pin id="1357" dir="1" index="1" bw="11" slack="2"/>
</pin_list>
<bind>
<opset="tmp_4 "/>
</bind>
</comp>

<comp id="1360" class="1005" name="tmp_5_reg_1360">
<pin_list>
<pin id="1361" dir="0" index="0" bw="11" slack="2"/>
<pin id="1362" dir="1" index="1" bw="11" slack="2"/>
</pin_list>
<bind>
<opset="tmp_5 "/>
</bind>
</comp>

<comp id="1365" class="1005" name="input_0_addr_reg_1365">
<pin_list>
<pin id="1366" dir="0" index="0" bw="11" slack="1"/>
<pin id="1367" dir="1" index="1" bw="11" slack="1"/>
</pin_list>
<bind>
<opset="input_0_addr "/>
</bind>
</comp>

<comp id="1370" class="1005" name="input_1_addr_reg_1370">
<pin_list>
<pin id="1371" dir="0" index="0" bw="11" slack="1"/>
<pin id="1372" dir="1" index="1" bw="11" slack="1"/>
</pin_list>
<bind>
<opset="input_1_addr "/>
</bind>
</comp>

<comp id="1375" class="1005" name="input_2_addr_reg_1375">
<pin_list>
<pin id="1376" dir="0" index="0" bw="11" slack="1"/>
<pin id="1377" dir="1" index="1" bw="11" slack="1"/>
</pin_list>
<bind>
<opset="input_2_addr "/>
</bind>
</comp>

<comp id="1380" class="1005" name="input_3_addr_reg_1380">
<pin_list>
<pin id="1381" dir="0" index="0" bw="11" slack="1"/>
<pin id="1382" dir="1" index="1" bw="11" slack="1"/>
</pin_list>
<bind>
<opset="input_3_addr "/>
</bind>
</comp>

<comp id="1385" class="1005" name="input_4_addr_reg_1385">
<pin_list>
<pin id="1386" dir="0" index="0" bw="11" slack="1"/>
<pin id="1387" dir="1" index="1" bw="11" slack="1"/>
</pin_list>
<bind>
<opset="input_4_addr "/>
</bind>
</comp>

<comp id="1390" class="1005" name="input_0_addr_2_reg_1390">
<pin_list>
<pin id="1391" dir="0" index="0" bw="11" slack="1"/>
<pin id="1392" dir="1" index="1" bw="11" slack="1"/>
</pin_list>
<bind>
<opset="input_0_addr_2 "/>
</bind>
</comp>

<comp id="1395" class="1005" name="input_1_addr_2_reg_1395">
<pin_list>
<pin id="1396" dir="0" index="0" bw="11" slack="1"/>
<pin id="1397" dir="1" index="1" bw="11" slack="1"/>
</pin_list>
<bind>
<opset="input_1_addr_2 "/>
</bind>
</comp>

<comp id="1400" class="1005" name="input_2_addr_1_reg_1400">
<pin_list>
<pin id="1401" dir="0" index="0" bw="11" slack="1"/>
<pin id="1402" dir="1" index="1" bw="11" slack="1"/>
</pin_list>
<bind>
<opset="input_2_addr_1 "/>
</bind>
</comp>

<comp id="1405" class="1005" name="input_3_addr_1_reg_1405">
<pin_list>
<pin id="1406" dir="0" index="0" bw="11" slack="1"/>
<pin id="1407" dir="1" index="1" bw="11" slack="1"/>
</pin_list>
<bind>
<opset="input_3_addr_1 "/>
</bind>
</comp>

<comp id="1410" class="1005" name="input_4_addr_1_reg_1410">
<pin_list>
<pin id="1411" dir="0" index="0" bw="11" slack="1"/>
<pin id="1412" dir="1" index="1" bw="11" slack="1"/>
</pin_list>
<bind>
<opset="input_4_addr_1 "/>
</bind>
</comp>

<comp id="1415" class="1005" name="lshr_ln_reg_1415">
<pin_list>
<pin id="1416" dir="0" index="0" bw="8" slack="3"/>
<pin id="1417" dir="1" index="1" bw="8" slack="3"/>
</pin_list>
<bind>
<opset="lshr_ln "/>
</bind>
</comp>

<comp id="1420" class="1005" name="max_val_5_reg_1420">
<pin_list>
<pin id="1421" dir="0" index="0" bw="7" slack="1"/>
<pin id="1422" dir="1" index="1" bw="7" slack="1"/>
</pin_list>
<bind>
<opset="max_val_5 "/>
</bind>
</comp>

<comp id="1426" class="1005" name="input_0_addr_3_reg_1426">
<pin_list>
<pin id="1427" dir="0" index="0" bw="11" slack="1"/>
<pin id="1428" dir="1" index="1" bw="11" slack="1"/>
</pin_list>
<bind>
<opset="input_0_addr_3 "/>
</bind>
</comp>

<comp id="1431" class="1005" name="input_1_addr_3_reg_1431">
<pin_list>
<pin id="1432" dir="0" index="0" bw="11" slack="1"/>
<pin id="1433" dir="1" index="1" bw="11" slack="1"/>
</pin_list>
<bind>
<opset="input_1_addr_3 "/>
</bind>
</comp>

<comp id="1436" class="1005" name="input_2_addr_2_reg_1436">
<pin_list>
<pin id="1437" dir="0" index="0" bw="11" slack="1"/>
<pin id="1438" dir="1" index="1" bw="11" slack="1"/>
</pin_list>
<bind>
<opset="input_2_addr_2 "/>
</bind>
</comp>

<comp id="1441" class="1005" name="input_3_addr_2_reg_1441">
<pin_list>
<pin id="1442" dir="0" index="0" bw="11" slack="1"/>
<pin id="1443" dir="1" index="1" bw="11" slack="1"/>
</pin_list>
<bind>
<opset="input_3_addr_2 "/>
</bind>
</comp>

<comp id="1446" class="1005" name="input_4_addr_2_reg_1446">
<pin_list>
<pin id="1447" dir="0" index="0" bw="11" slack="1"/>
<pin id="1448" dir="1" index="1" bw="11" slack="1"/>
</pin_list>
<bind>
<opset="input_4_addr_2 "/>
</bind>
</comp>

<comp id="1451" class="1005" name="input_0_addr_4_reg_1451">
<pin_list>
<pin id="1452" dir="0" index="0" bw="11" slack="1"/>
<pin id="1453" dir="1" index="1" bw="11" slack="1"/>
</pin_list>
<bind>
<opset="input_0_addr_4 "/>
</bind>
</comp>

<comp id="1456" class="1005" name="input_1_addr_4_reg_1456">
<pin_list>
<pin id="1457" dir="0" index="0" bw="11" slack="1"/>
<pin id="1458" dir="1" index="1" bw="11" slack="1"/>
</pin_list>
<bind>
<opset="input_1_addr_4 "/>
</bind>
</comp>

<comp id="1461" class="1005" name="input_2_addr_3_reg_1461">
<pin_list>
<pin id="1462" dir="0" index="0" bw="11" slack="1"/>
<pin id="1463" dir="1" index="1" bw="11" slack="1"/>
</pin_list>
<bind>
<opset="input_2_addr_3 "/>
</bind>
</comp>

<comp id="1466" class="1005" name="input_3_addr_3_reg_1466">
<pin_list>
<pin id="1467" dir="0" index="0" bw="11" slack="1"/>
<pin id="1468" dir="1" index="1" bw="11" slack="1"/>
</pin_list>
<bind>
<opset="input_3_addr_3 "/>
</bind>
</comp>

<comp id="1471" class="1005" name="input_4_addr_3_reg_1471">
<pin_list>
<pin id="1472" dir="0" index="0" bw="11" slack="1"/>
<pin id="1473" dir="1" index="1" bw="11" slack="1"/>
</pin_list>
<bind>
<opset="input_4_addr_3 "/>
</bind>
</comp>

<comp id="1476" class="1005" name="max_val_7_reg_1476">
<pin_list>
<pin id="1477" dir="0" index="0" bw="7" slack="1"/>
<pin id="1478" dir="1" index="1" bw="7" slack="1"/>
</pin_list>
<bind>
<opset="max_val_7 "/>
</bind>
</comp>

<comp id="1482" class="1005" name="val_6_reg_1482">
<pin_list>
<pin id="1483" dir="0" index="0" bw="7" slack="1"/>
<pin id="1484" dir="1" index="1" bw="7" slack="1"/>
</pin_list>
<bind>
<opset="val_6 "/>
</bind>
</comp>

</comp_list>

<net_list>
<net id="135"><net_src comp="26" pin="0"/><net_sink comp="132" pin=0"/></net>

<net id="139"><net_src comp="26" pin="0"/><net_sink comp="136" pin=0"/></net>

<net id="143"><net_src comp="26" pin="0"/><net_sink comp="140" pin=0"/></net>

<net id="147"><net_src comp="26" pin="0"/><net_sink comp="144" pin=0"/></net>

<net id="151"><net_src comp="26" pin="0"/><net_sink comp="148" pin=0"/></net>

<net id="157"><net_src comp="0" pin="0"/><net_sink comp="152" pin=0"/></net>

<net id="158"><net_src comp="104" pin="0"/><net_sink comp="152" pin=1"/></net>

<net id="164"><net_src comp="2" pin="0"/><net_sink comp="159" pin=0"/></net>

<net id="165"><net_src comp="104" pin="0"/><net_sink comp="159" pin=1"/></net>

<net id="171"><net_src comp="4" pin="0"/><net_sink comp="166" pin=0"/></net>

<net id="172"><net_src comp="104" pin="0"/><net_sink comp="166" pin=1"/></net>

<net id="178"><net_src comp="6" pin="0"/><net_sink comp="173" pin=0"/></net>

<net id="179"><net_src comp="104" pin="0"/><net_sink comp="173" pin=1"/></net>

<net id="185"><net_src comp="8" pin="0"/><net_sink comp="180" pin=0"/></net>

<net id="186"><net_src comp="104" pin="0"/><net_sink comp="180" pin=1"/></net>

<net id="196"><net_src comp="152" pin="3"/><net_sink comp="187" pin=2"/></net>

<net id="206"><net_src comp="159" pin="3"/><net_sink comp="197" pin=2"/></net>

<net id="216"><net_src comp="166" pin="3"/><net_sink comp="207" pin=2"/></net>

<net id="226"><net_src comp="173" pin="3"/><net_sink comp="217" pin=2"/></net>

<net id="236"><net_src comp="180" pin="3"/><net_sink comp="227" pin=2"/></net>

<net id="242"><net_src comp="0" pin="0"/><net_sink comp="237" pin=0"/></net>

<net id="243"><net_src comp="104" pin="0"/><net_sink comp="237" pin=1"/></net>

<net id="249"><net_src comp="2" pin="0"/><net_sink comp="244" pin=0"/></net>

<net id="250"><net_src comp="104" pin="0"/><net_sink comp="244" pin=1"/></net>

<net id="256"><net_src comp="4" pin="0"/><net_sink comp="251" pin=0"/></net>

<net id="257"><net_src comp="104" pin="0"/><net_sink comp="251" pin=1"/></net>

<net id="263"><net_src comp="6" pin="0"/><net_sink comp="258" pin=0"/></net>

<net id="264"><net_src comp="104" pin="0"/><net_sink comp="258" pin=1"/></net>

<net id="270"><net_src comp="8" pin="0"/><net_sink comp="265" pin=0"/></net>

<net id="271"><net_src comp="104" pin="0"/><net_sink comp="265" pin=1"/></net>

<net id="272"><net_src comp="237" pin="3"/><net_sink comp="187" pin=2"/></net>

<net id="273"><net_src comp="244" pin="3"/><net_sink comp="197" pin=2"/></net>

<net id="274"><net_src comp="251" pin="3"/><net_sink comp="207" pin=2"/></net>

<net id="275"><net_src comp="258" pin="3"/><net_sink comp="217" pin=2"/></net>

<net id="276"><net_src comp="265" pin="3"/><net_sink comp="227" pin=2"/></net>

<net id="282"><net_src comp="0" pin="0"/><net_sink comp="277" pin=0"/></net>

<net id="283"><net_src comp="104" pin="0"/><net_sink comp="277" pin=1"/></net>

<net id="289"><net_src comp="2" pin="0"/><net_sink comp="284" pin=0"/></net>

<net id="290"><net_src comp="104" pin="0"/><net_sink comp="284" pin=1"/></net>

<net id="296"><net_src comp="4" pin="0"/><net_sink comp="291" pin=0"/></net>

<net id="297"><net_src comp="104" pin="0"/><net_sink comp="291" pin=1"/></net>

<net id="303"><net_src comp="6" pin="0"/><net_sink comp="298" pin=0"/></net>

<net id="304"><net_src comp="104" pin="0"/><net_sink comp="298" pin=1"/></net>

<net id="310"><net_src comp="8" pin="0"/><net_sink comp="305" pin=0"/></net>

<net id="311"><net_src comp="104" pin="0"/><net_sink comp="305" pin=1"/></net>

<net id="312"><net_src comp="277" pin="3"/><net_sink comp="187" pin=0"/></net>

<net id="313"><net_src comp="284" pin="3"/><net_sink comp="197" pin=0"/></net>

<net id="314"><net_src comp="291" pin="3"/><net_sink comp="207" pin=0"/></net>

<net id="315"><net_src comp="298" pin="3"/><net_sink comp="217" pin=0"/></net>

<net id="316"><net_src comp="305" pin="3"/><net_sink comp="227" pin=0"/></net>

<net id="322"><net_src comp="0" pin="0"/><net_sink comp="317" pin=0"/></net>

<net id="323"><net_src comp="104" pin="0"/><net_sink comp="317" pin=1"/></net>

<net id="329"><net_src comp="2" pin="0"/><net_sink comp="324" pin=0"/></net>

<net id="330"><net_src comp="104" pin="0"/><net_sink comp="324" pin=1"/></net>

<net id="336"><net_src comp="4" pin="0"/><net_sink comp="331" pin=0"/></net>

<net id="337"><net_src comp="104" pin="0"/><net_sink comp="331" pin=1"/></net>

<net id="343"><net_src comp="6" pin="0"/><net_sink comp="338" pin=0"/></net>

<net id="344"><net_src comp="104" pin="0"/><net_sink comp="338" pin=1"/></net>

<net id="350"><net_src comp="8" pin="0"/><net_sink comp="345" pin=0"/></net>

<net id="351"><net_src comp="104" pin="0"/><net_sink comp="345" pin=1"/></net>

<net id="352"><net_src comp="317" pin="3"/><net_sink comp="187" pin=0"/></net>

<net id="353"><net_src comp="324" pin="3"/><net_sink comp="197" pin=0"/></net>

<net id="354"><net_src comp="331" pin="3"/><net_sink comp="207" pin=0"/></net>

<net id="355"><net_src comp="338" pin="3"/><net_sink comp="217" pin=0"/></net>

<net id="356"><net_src comp="345" pin="3"/><net_sink comp="227" pin=0"/></net>

<net id="362"><net_src comp="10" pin="0"/><net_sink comp="357" pin=0"/></net>

<net id="363"><net_src comp="104" pin="0"/><net_sink comp="357" pin=1"/></net>

<net id="369"><net_src comp="12" pin="0"/><net_sink comp="364" pin=0"/></net>

<net id="370"><net_src comp="104" pin="0"/><net_sink comp="364" pin=1"/></net>

<net id="376"><net_src comp="14" pin="0"/><net_sink comp="371" pin=0"/></net>

<net id="377"><net_src comp="104" pin="0"/><net_sink comp="371" pin=1"/></net>

<net id="383"><net_src comp="16" pin="0"/><net_sink comp="378" pin=0"/></net>

<net id="384"><net_src comp="104" pin="0"/><net_sink comp="378" pin=1"/></net>

<net id="390"><net_src comp="18" pin="0"/><net_sink comp="385" pin=0"/></net>

<net id="391"><net_src comp="104" pin="0"/><net_sink comp="385" pin=1"/></net>

<net id="397"><net_src comp="20" pin="0"/><net_sink comp="392" pin=0"/></net>

<net id="398"><net_src comp="104" pin="0"/><net_sink comp="392" pin=1"/></net>

<net id="404"><net_src comp="22" pin="0"/><net_sink comp="399" pin=0"/></net>

<net id="405"><net_src comp="104" pin="0"/><net_sink comp="399" pin=1"/></net>

<net id="411"><net_src comp="24" pin="0"/><net_sink comp="406" pin=0"/></net>

<net id="412"><net_src comp="104" pin="0"/><net_sink comp="406" pin=1"/></net>

<net id="422"><net_src comp="399" pin="3"/><net_sink comp="413" pin=2"/></net>

<net id="432"><net_src comp="392" pin="3"/><net_sink comp="423" pin=2"/></net>

<net id="442"><net_src comp="385" pin="3"/><net_sink comp="433" pin=2"/></net>

<net id="452"><net_src comp="378" pin="3"/><net_sink comp="443" pin=2"/></net>

<net id="462"><net_src comp="371" pin="3"/><net_sink comp="453" pin=2"/></net>

<net id="472"><net_src comp="364" pin="3"/><net_sink comp="463" pin=2"/></net>

<net id="482"><net_src comp="357" pin="3"/><net_sink comp="473" pin=2"/></net>

<net id="492"><net_src comp="406" pin="3"/><net_sink comp="483" pin=2"/></net>

<net id="497"><net_src comp="38" pin="0"/><net_sink comp="493" pin=0"/></net>

<net id="502"><net_src comp="40" pin="0"/><net_sink comp="498" pin=0"/></net>

<net id="507"><net_src comp="42" pin="0"/><net_sink comp="503" pin=0"/></net>

<net id="512"><net_src comp="40" pin="0"/><net_sink comp="508" pin=0"/></net>

<net id="517"><net_src comp="40" pin="0"/><net_sink comp="513" pin=0"/></net>

<net id="525"><net_src comp="518" pin="1"/><net_sink comp="521" pin=0"/></net>

<net id="526"><net_src comp="44" pin="0"/><net_sink comp="521" pin=1"/></net>

<net id="531"><net_src comp="518" pin="1"/><net_sink comp="527" pin=0"/></net>

<net id="532"><net_src comp="46" pin="0"/><net_sink comp="527" pin=1"/></net>

<net id="537"><net_src comp="527" pin="2"/><net_sink comp="533" pin=0"/></net>

<net id="554"><net_src comp="538" pin="1"/><net_sink comp="550" pin=0"/></net>

<net id="555"><net_src comp="48" pin="0"/><net_sink comp="550" pin=1"/></net>

<net id="561"><net_src comp="550" pin="2"/><net_sink comp="556" pin=0"/></net>

<net id="562"><net_src comp="40" pin="0"/><net_sink comp="556" pin=1"/></net>

<net id="563"><net_src comp="544" pin="1"/><net_sink comp="556" pin=2"/></net>

<net id="568"><net_src comp="550" pin="2"/><net_sink comp="564" pin=0"/></net>

<net id="569"><net_src comp="50" pin="0"/><net_sink comp="564" pin=1"/></net>

<net id="574"><net_src comp="541" pin="1"/><net_sink comp="570" pin=0"/></net>

<net id="575"><net_src comp="52" pin="0"/><net_sink comp="570" pin=1"/></net>

<net id="580"><net_src comp="570" pin="2"/><net_sink comp="576" pin=0"/></net>

<net id="581"><net_src comp="564" pin="2"/><net_sink comp="576" pin=1"/></net>

<net id="586"><net_src comp="547" pin="1"/><net_sink comp="582" pin=0"/></net>

<net id="587"><net_src comp="54" pin="0"/><net_sink comp="582" pin=1"/></net>

<net id="593"><net_src comp="550" pin="2"/><net_sink comp="588" pin=0"/></net>

<net id="594"><net_src comp="582" pin="2"/><net_sink comp="588" pin=1"/></net>

<net id="595"><net_src comp="547" pin="1"/><net_sink comp="588" pin=2"/></net>

<net id="600"><net_src comp="556" pin="3"/><net_sink comp="596" pin=0"/></net>

<net id="601"><net_src comp="54" pin="0"/><net_sink comp="596" pin=1"/></net>

<net id="606"><net_src comp="576" pin="2"/><net_sink comp="602" pin=0"/></net>

<net id="607"><net_src comp="550" pin="2"/><net_sink comp="602" pin=1"/></net>

<net id="613"><net_src comp="602" pin="2"/><net_sink comp="608" pin=0"/></net>

<net id="614"><net_src comp="40" pin="0"/><net_sink comp="608" pin=1"/></net>

<net id="615"><net_src comp="541" pin="1"/><net_sink comp="608" pin=2"/></net>

<net id="621"><net_src comp="576" pin="2"/><net_sink comp="616" pin=0"/></net>

<net id="622"><net_src comp="596" pin="2"/><net_sink comp="616" pin=1"/></net>

<net id="623"><net_src comp="556" pin="3"/><net_sink comp="616" pin=2"/></net>

<net id="627"><net_src comp="588" pin="3"/><net_sink comp="624" pin=0"/></net>

<net id="631"><net_src comp="588" pin="3"/><net_sink comp="628" pin=0"/></net>

<net id="637"><net_src comp="56" pin="0"/><net_sink comp="632" pin=0"/></net>

<net id="638"><net_src comp="628" pin="1"/><net_sink comp="632" pin=1"/></net>

<net id="639"><net_src comp="58" pin="0"/><net_sink comp="632" pin=2"/></net>

<net id="644"><net_src comp="632" pin="3"/><net_sink comp="640" pin=0"/></net>

<net id="645"><net_src comp="624" pin="1"/><net_sink comp="640" pin=1"/></net>

<net id="649"><net_src comp="588" pin="3"/><net_sink comp="646" pin=0"/></net>

<net id="653"><net_src comp="608" pin="3"/><net_sink comp="650" pin=0"/></net>

<net id="658"><net_src comp="608" pin="3"/><net_sink comp="654" pin=0"/></net>

<net id="659"><net_src comp="54" pin="0"/><net_sink comp="654" pin=1"/></net>

<net id="664"><net_src comp="538" pin="1"/><net_sink comp="660" pin=0"/></net>

<net id="665"><net_src comp="60" pin="0"/><net_sink comp="660" pin=1"/></net>

<net id="671"><net_src comp="550" pin="2"/><net_sink comp="666" pin=0"/></net>

<net id="672"><net_src comp="60" pin="0"/><net_sink comp="666" pin=1"/></net>

<net id="673"><net_src comp="660" pin="2"/><net_sink comp="666" pin=2"/></net>

<net id="678"><net_src comp="588" pin="3"/><net_sink comp="674" pin=0"/></net>

<net id="683"><net_src comp="666" pin="3"/><net_sink comp="679" pin=0"/></net>

<net id="688"><net_src comp="616" pin="3"/><net_sink comp="684" pin=0"/></net>

<net id="693"><net_src comp="654" pin="2"/><net_sink comp="689" pin=0"/></net>

<net id="702"><net_src comp="62" pin="0"/><net_sink comp="697" pin=0"/></net>

<net id="703"><net_src comp="64" pin="0"/><net_sink comp="697" pin=2"/></net>

<net id="709"><net_src comp="66" pin="0"/><net_sink comp="704" pin=0"/></net>

<net id="710"><net_src comp="58" pin="0"/><net_sink comp="704" pin=2"/></net>

<net id="716"><net_src comp="68" pin="0"/><net_sink comp="711" pin=0"/></net>

<net id="717"><net_src comp="36" pin="0"/><net_sink comp="711" pin=2"/></net>

<net id="721"><net_src comp="711" pin="3"/><net_sink comp="718" pin=0"/></net>

<net id="726"><net_src comp="704" pin="3"/><net_sink comp="722" pin=0"/></net>

<net id="727"><net_src comp="718" pin="1"/><net_sink comp="722" pin=1"/></net>

<net id="731"><net_src comp="722" pin="2"/><net_sink comp="728" pin=0"/></net>

<net id="735"><net_src comp="722" pin="2"/><net_sink comp="732" pin=0"/></net>

<net id="741"><net_src comp="68" pin="0"/><net_sink comp="736" pin=0"/></net>

<net id="742"><net_src comp="36" pin="0"/><net_sink comp="736" pin=2"/></net>

<net id="746"><net_src comp="736" pin="3"/><net_sink comp="743" pin=0"/></net>

<net id="751"><net_src comp="694" pin="1"/><net_sink comp="747" pin=0"/></net>

<net id="752"><net_src comp="743" pin="1"/><net_sink comp="747" pin=1"/></net>

<net id="756"><net_src comp="747" pin="2"/><net_sink comp="753" pin=0"/></net>

<net id="761"><net_src comp="753" pin="1"/><net_sink comp="757" pin=0"/></net>

<net id="762"><net_src comp="732" pin="1"/><net_sink comp="757" pin=1"/></net>

<net id="767"><net_src comp="757" pin="2"/><net_sink comp="763" pin=0"/></net>

<net id="768"><net_src comp="70" pin="0"/><net_sink comp="763" pin=1"/></net>

<net id="773"><net_src comp="697" pin="3"/><net_sink comp="769" pin=0"/></net>

<net id="778"><net_src comp="769" pin="2"/><net_sink comp="774" pin=0"/></net>

<net id="779"><net_src comp="728" pin="1"/><net_sink comp="774" pin=1"/></net>

<net id="790"><net_src comp="774" pin="2"/><net_sink comp="780" pin=0"/></net>

<net id="791"><net_src comp="58" pin="0"/><net_sink comp="780" pin=1"/></net>

<net id="792"><net_src comp="72" pin="0"/><net_sink comp="780" pin=2"/></net>

<net id="793"><net_src comp="74" pin="0"/><net_sink comp="780" pin=3"/></net>

<net id="794"><net_src comp="76" pin="0"/><net_sink comp="780" pin=4"/></net>

<net id="795"><net_src comp="78" pin="0"/><net_sink comp="780" pin=5"/></net>

<net id="796"><net_src comp="80" pin="0"/><net_sink comp="780" pin=6"/></net>

<net id="797"><net_src comp="82" pin="0"/><net_sink comp="780" pin=7"/></net>

<net id="808"><net_src comp="801" pin="1"/><net_sink comp="804" pin=0"/></net>

<net id="809"><net_src comp="86" pin="0"/><net_sink comp="804" pin=1"/></net>

<net id="815"><net_src comp="88" pin="0"/><net_sink comp="810" pin=0"/></net>

<net id="816"><net_src comp="40" pin="0"/><net_sink comp="810" pin=2"/></net>

<net id="824"><net_src comp="810" pin="3"/><net_sink comp="820" pin=0"/></net>

<net id="825"><net_src comp="817" pin="1"/><net_sink comp="820" pin=1"/></net>

<net id="831"><net_src comp="90" pin="0"/><net_sink comp="826" pin=0"/></net>

<net id="832"><net_src comp="92" pin="0"/><net_sink comp="826" pin=2"/></net>

<net id="840"><net_src comp="826" pin="3"/><net_sink comp="836" pin=0"/></net>

<net id="841"><net_src comp="833" pin="1"/><net_sink comp="836" pin=1"/></net>

<net id="845"><net_src comp="836" pin="2"/><net_sink comp="842" pin=0"/></net>

<net id="850"><net_src comp="842" pin="1"/><net_sink comp="846" pin=0"/></net>

<net id="851"><net_src comp="804" pin="2"/><net_sink comp="846" pin=1"/></net>

<net id="856"><net_src comp="836" pin="2"/><net_sink comp="852" pin=0"/></net>

<net id="857"><net_src comp="94" pin="0"/><net_sink comp="852" pin=1"/></net>

<net id="861"><net_src comp="852" pin="2"/><net_sink comp="858" pin=0"/></net>

<net id="866"><net_src comp="858" pin="1"/><net_sink comp="862" pin=0"/></net>

<net id="867"><net_src comp="804" pin="2"/><net_sink comp="862" pin=1"/></net>

<net id="878"><net_src comp="871" pin="1"/><net_sink comp="874" pin=0"/></net>

<net id="882"><net_src comp="874" pin="2"/><net_sink comp="879" pin=0"/></net>

<net id="887"><net_src comp="879" pin="1"/><net_sink comp="883" pin=0"/></net>

<net id="888"><net_src comp="96" pin="0"/><net_sink comp="883" pin=1"/></net>

<net id="895"><net_src comp="98" pin="0"/><net_sink comp="889" pin=0"/></net>

<net id="896"><net_src comp="883" pin="2"/><net_sink comp="889" pin=1"/></net>

<net id="897"><net_src comp="100" pin="0"/><net_sink comp="889" pin=2"/></net>

<net id="898"><net_src comp="102" pin="0"/><net_sink comp="889" pin=3"/></net>

<net id="902"><net_src comp="763" pin="2"/><net_sink comp="899" pin=0"/></net>

<net id="908"><net_src comp="68" pin="0"/><net_sink comp="903" pin=0"/></net>

<net id="909"><net_src comp="50" pin="0"/><net_sink comp="903" pin=2"/></net>

<net id="913"><net_src comp="903" pin="3"/><net_sink comp="910" pin=0"/></net>

<net id="918"><net_src comp="910" pin="1"/><net_sink comp="914" pin=0"/></net>

<net id="922"><net_src comp="914" pin="2"/><net_sink comp="919" pin=0"/></net>

<net id="927"><net_src comp="919" pin="1"/><net_sink comp="923" pin=0"/></net>

<net id="928"><net_src comp="96" pin="0"/><net_sink comp="923" pin=1"/></net>

<net id="935"><net_src comp="98" pin="0"/><net_sink comp="929" pin=0"/></net>

<net id="936"><net_src comp="923" pin="2"/><net_sink comp="929" pin=1"/></net>

<net id="937"><net_src comp="100" pin="0"/><net_sink comp="929" pin=2"/></net>

<net id="938"><net_src comp="102" pin="0"/><net_sink comp="929" pin=3"/></net>

<net id="943"><net_src comp="871" pin="1"/><net_sink comp="939" pin=0"/></net>

<net id="947"><net_src comp="939" pin="2"/><net_sink comp="944" pin=0"/></net>

<net id="952"><net_src comp="944" pin="1"/><net_sink comp="948" pin=0"/></net>

<net id="953"><net_src comp="96" pin="0"/><net_sink comp="948" pin=1"/></net>

<net id="960"><net_src comp="98" pin="0"/><net_sink comp="954" pin=0"/></net>

<net id="961"><net_src comp="948" pin="2"/><net_sink comp="954" pin=1"/></net>

<net id="962"><net_src comp="100" pin="0"/><net_sink comp="954" pin=2"/></net>

<net id="963"><net_src comp="102" pin="0"/><net_sink comp="954" pin=3"/></net>

<net id="968"><net_src comp="910" pin="1"/><net_sink comp="964" pin=0"/></net>

<net id="972"><net_src comp="964" pin="2"/><net_sink comp="969" pin=0"/></net>

<net id="977"><net_src comp="969" pin="1"/><net_sink comp="973" pin=0"/></net>

<net id="978"><net_src comp="96" pin="0"/><net_sink comp="973" pin=1"/></net>

<net id="985"><net_src comp="98" pin="0"/><net_sink comp="979" pin=0"/></net>

<net id="986"><net_src comp="973" pin="2"/><net_sink comp="979" pin=1"/></net>

<net id="987"><net_src comp="100" pin="0"/><net_sink comp="979" pin=2"/></net>

<net id="988"><net_src comp="102" pin="0"/><net_sink comp="979" pin=3"/></net>

<net id="995"><net_src comp="992" pin="1"/><net_sink comp="152" pin=2"/></net>

<net id="996"><net_src comp="992" pin="1"/><net_sink comp="159" pin=2"/></net>

<net id="997"><net_src comp="992" pin="1"/><net_sink comp="166" pin=2"/></net>

<net id="998"><net_src comp="992" pin="1"/><net_sink comp="173" pin=2"/></net>

<net id="999"><net_src comp="992" pin="1"/><net_sink comp="180" pin=2"/></net>

<net id="1003"><net_src comp="1000" pin="1"/><net_sink comp="237" pin=2"/></net>

<net id="1004"><net_src comp="1000" pin="1"/><net_sink comp="244" pin=2"/></net>

<net id="1005"><net_src comp="1000" pin="1"/><net_sink comp="251" pin=2"/></net>

<net id="1006"><net_src comp="1000" pin="1"/><net_sink comp="258" pin=2"/></net>

<net id="1007"><net_src comp="1000" pin="1"/><net_sink comp="265" pin=2"/></net>

<net id="1012"><net_src comp="989" pin="1"/><net_sink comp="1008" pin=1"/></net>

<net id="1019"><net_src comp="106" pin="0"/><net_sink comp="1013" pin=0"/></net>

<net id="1020"><net_src comp="1008" pin="2"/><net_sink comp="1013" pin=1"/></net>

<net id="1021"><net_src comp="108" pin="0"/><net_sink comp="1013" pin=2"/></net>

<net id="1022"><net_src comp="110" pin="0"/><net_sink comp="1013" pin=3"/></net>

<net id="1038"><net_src comp="112" pin="0"/><net_sink comp="1023" pin=0"/></net>

<net id="1039"><net_src comp="58" pin="0"/><net_sink comp="1023" pin=1"/></net>

<net id="1040"><net_src comp="187" pin="7"/><net_sink comp="1023" pin=2"/></net>

<net id="1041"><net_src comp="72" pin="0"/><net_sink comp="1023" pin=3"/></net>

<net id="1042"><net_src comp="197" pin="7"/><net_sink comp="1023" pin=4"/></net>

<net id="1043"><net_src comp="74" pin="0"/><net_sink comp="1023" pin=5"/></net>

<net id="1044"><net_src comp="207" pin="7"/><net_sink comp="1023" pin=6"/></net>

<net id="1045"><net_src comp="76" pin="0"/><net_sink comp="1023" pin=7"/></net>

<net id="1046"><net_src comp="217" pin="7"/><net_sink comp="1023" pin=8"/></net>

<net id="1047"><net_src comp="78" pin="0"/><net_sink comp="1023" pin=9"/></net>

<net id="1048"><net_src comp="227" pin="7"/><net_sink comp="1023" pin=10"/></net>

<net id="1049"><net_src comp="114" pin="0"/><net_sink comp="1023" pin=11"/></net>

<net id="1065"><net_src comp="112" pin="0"/><net_sink comp="1050" pin=0"/></net>

<net id="1066"><net_src comp="78" pin="0"/><net_sink comp="1050" pin=1"/></net>

<net id="1067"><net_src comp="187" pin="7"/><net_sink comp="1050" pin=2"/></net>

<net id="1068"><net_src comp="58" pin="0"/><net_sink comp="1050" pin=3"/></net>

<net id="1069"><net_src comp="197" pin="7"/><net_sink comp="1050" pin=4"/></net>

<net id="1070"><net_src comp="72" pin="0"/><net_sink comp="1050" pin=5"/></net>

<net id="1071"><net_src comp="207" pin="7"/><net_sink comp="1050" pin=6"/></net>

<net id="1072"><net_src comp="74" pin="0"/><net_sink comp="1050" pin=7"/></net>

<net id="1073"><net_src comp="217" pin="7"/><net_sink comp="1050" pin=8"/></net>

<net id="1074"><net_src comp="76" pin="0"/><net_sink comp="1050" pin=9"/></net>

<net id="1075"><net_src comp="227" pin="7"/><net_sink comp="1050" pin=10"/></net>

<net id="1076"><net_src comp="114" pin="0"/><net_sink comp="1050" pin=11"/></net>

<net id="1081"><net_src comp="1050" pin="13"/><net_sink comp="1077" pin=0"/></net>

<net id="1082"><net_src comp="1023" pin="13"/><net_sink comp="1077" pin=1"/></net>

<net id="1088"><net_src comp="1077" pin="2"/><net_sink comp="1083" pin=0"/></net>

<net id="1089"><net_src comp="1050" pin="13"/><net_sink comp="1083" pin=1"/></net>

<net id="1090"><net_src comp="1023" pin="13"/><net_sink comp="1083" pin=2"/></net>

<net id="1094"><net_src comp="1091" pin="1"/><net_sink comp="277" pin=2"/></net>

<net id="1095"><net_src comp="1091" pin="1"/><net_sink comp="284" pin=2"/></net>

<net id="1096"><net_src comp="1091" pin="1"/><net_sink comp="291" pin=2"/></net>

<net id="1097"><net_src comp="1091" pin="1"/><net_sink comp="298" pin=2"/></net>

<net id="1098"><net_src comp="1091" pin="1"/><net_sink comp="305" pin=2"/></net>

<net id="1102"><net_src comp="1099" pin="1"/><net_sink comp="317" pin=2"/></net>

<net id="1103"><net_src comp="1099" pin="1"/><net_sink comp="324" pin=2"/></net>

<net id="1104"><net_src comp="1099" pin="1"/><net_sink comp="331" pin=2"/></net>

<net id="1105"><net_src comp="1099" pin="1"/><net_sink comp="338" pin=2"/></net>

<net id="1106"><net_src comp="1099" pin="1"/><net_sink comp="345" pin=2"/></net>

<net id="1122"><net_src comp="112" pin="0"/><net_sink comp="1107" pin=0"/></net>

<net id="1123"><net_src comp="74" pin="0"/><net_sink comp="1107" pin=1"/></net>

<net id="1124"><net_src comp="187" pin="3"/><net_sink comp="1107" pin=2"/></net>

<net id="1125"><net_src comp="76" pin="0"/><net_sink comp="1107" pin=3"/></net>

<net id="1126"><net_src comp="197" pin="3"/><net_sink comp="1107" pin=4"/></net>

<net id="1127"><net_src comp="78" pin="0"/><net_sink comp="1107" pin=5"/></net>

<net id="1128"><net_src comp="207" pin="3"/><net_sink comp="1107" pin=6"/></net>

<net id="1129"><net_src comp="58" pin="0"/><net_sink comp="1107" pin=7"/></net>

<net id="1130"><net_src comp="217" pin="3"/><net_sink comp="1107" pin=8"/></net>

<net id="1131"><net_src comp="72" pin="0"/><net_sink comp="1107" pin=9"/></net>

<net id="1132"><net_src comp="227" pin="3"/><net_sink comp="1107" pin=10"/></net>

<net id="1133"><net_src comp="114" pin="0"/><net_sink comp="1107" pin=11"/></net>

<net id="1138"><net_src comp="1107" pin="13"/><net_sink comp="1134" pin=0"/></net>

<net id="1144"><net_src comp="1134" pin="2"/><net_sink comp="1139" pin=0"/></net>

<net id="1145"><net_src comp="1107" pin="13"/><net_sink comp="1139" pin=1"/></net>

<net id="1161"><net_src comp="112" pin="0"/><net_sink comp="1146" pin=0"/></net>

<net id="1162"><net_src comp="72" pin="0"/><net_sink comp="1146" pin=1"/></net>

<net id="1163"><net_src comp="187" pin="3"/><net_sink comp="1146" pin=2"/></net>

<net id="1164"><net_src comp="74" pin="0"/><net_sink comp="1146" pin=3"/></net>

<net id="1165"><net_src comp="197" pin="3"/><net_sink comp="1146" pin=4"/></net>

<net id="1166"><net_src comp="76" pin="0"/><net_sink comp="1146" pin=5"/></net>

<net id="1167"><net_src comp="207" pin="3"/><net_sink comp="1146" pin=6"/></net>

<net id="1168"><net_src comp="78" pin="0"/><net_sink comp="1146" pin=7"/></net>

<net id="1169"><net_src comp="217" pin="3"/><net_sink comp="1146" pin=8"/></net>

<net id="1170"><net_src comp="58" pin="0"/><net_sink comp="1146" pin=9"/></net>

<net id="1171"><net_src comp="227" pin="3"/><net_sink comp="1146" pin=10"/></net>

<net id="1172"><net_src comp="114" pin="0"/><net_sink comp="1146" pin=11"/></net>

<net id="1182"><net_src comp="1173" pin="2"/><net_sink comp="1177" pin=0"/></net>

<net id="1183"><net_src comp="1177" pin="3"/><net_sink comp="413" pin=4"/></net>

<net id="1184"><net_src comp="1177" pin="3"/><net_sink comp="423" pin=4"/></net>

<net id="1185"><net_src comp="1177" pin="3"/><net_sink comp="433" pin=4"/></net>

<net id="1186"><net_src comp="1177" pin="3"/><net_sink comp="443" pin=4"/></net>

<net id="1187"><net_src comp="1177" pin="3"/><net_sink comp="453" pin=4"/></net>

<net id="1188"><net_src comp="1177" pin="3"/><net_sink comp="463" pin=4"/></net>

<net id="1189"><net_src comp="1177" pin="3"/><net_sink comp="473" pin=4"/></net>

<net id="1190"><net_src comp="1177" pin="3"/><net_sink comp="483" pin=4"/></net>

<net id="1194"><net_src comp="1191" pin="1"/><net_sink comp="357" pin=2"/></net>

<net id="1195"><net_src comp="1191" pin="1"/><net_sink comp="364" pin=2"/></net>

<net id="1196"><net_src comp="1191" pin="1"/><net_sink comp="371" pin=2"/></net>

<net id="1197"><net_src comp="1191" pin="1"/><net_sink comp="378" pin=2"/></net>

<net id="1198"><net_src comp="1191" pin="1"/><net_sink comp="385" pin=2"/></net>

<net id="1199"><net_src comp="1191" pin="1"/><net_sink comp="392" pin=2"/></net>

<net id="1200"><net_src comp="1191" pin="1"/><net_sink comp="399" pin=2"/></net>

<net id="1201"><net_src comp="1191" pin="1"/><net_sink comp="406" pin=2"/></net>

<net id="1207"><net_src comp="798" pin="1"/><net_sink comp="1202" pin=0"/></net>

<net id="1208"><net_src comp="84" pin="0"/><net_sink comp="1202" pin=1"/></net>

<net id="1209"><net_src comp="868" pin="1"/><net_sink comp="1202" pin=2"/></net>

<net id="1210"><net_src comp="1202" pin="3"/><net_sink comp="1008" pin=0"/></net>

<net id="1214"><net_src comp="132" pin="1"/><net_sink comp="1211" pin=0"/></net>

<net id="1215"><net_src comp="1211" pin="1"/><net_sink comp="513" pin=1"/></net>

<net id="1216"><net_src comp="1211" pin="1"/><net_sink comp="541" pin=0"/></net>

<net id="1217"><net_src comp="1211" pin="1"/><net_sink comp="689" pin=1"/></net>

<net id="1221"><net_src comp="136" pin="1"/><net_sink comp="1218" pin=0"/></net>

<net id="1222"><net_src comp="1218" pin="1"/><net_sink comp="508" pin=1"/></net>

<net id="1223"><net_src comp="1218" pin="1"/><net_sink comp="544" pin=0"/></net>

<net id="1224"><net_src comp="1218" pin="1"/><net_sink comp="684" pin=1"/></net>

<net id="1228"><net_src comp="140" pin="1"/><net_sink comp="1225" pin=0"/></net>

<net id="1229"><net_src comp="1225" pin="1"/><net_sink comp="503" pin=1"/></net>

<net id="1230"><net_src comp="1225" pin="1"/><net_sink comp="538" pin=0"/></net>

<net id="1231"><net_src comp="1225" pin="1"/><net_sink comp="679" pin=1"/></net>

<net id="1235"><net_src comp="144" pin="1"/><net_sink comp="1232" pin=0"/></net>

<net id="1236"><net_src comp="1232" pin="1"/><net_sink comp="498" pin=1"/></net>

<net id="1237"><net_src comp="1232" pin="1"/><net_sink comp="547" pin=0"/></net>

<net id="1238"><net_src comp="1232" pin="1"/><net_sink comp="674" pin=1"/></net>

<net id="1242"><net_src comp="148" pin="1"/><net_sink comp="1239" pin=0"/></net>

<net id="1243"><net_src comp="1239" pin="1"/><net_sink comp="493" pin=1"/></net>

<net id="1244"><net_src comp="1239" pin="1"/><net_sink comp="518" pin=0"/></net>

<net id="1245"><net_src comp="1239" pin="1"/><net_sink comp="533" pin=1"/></net>

<net id="1249"><net_src comp="521" pin="2"/><net_sink comp="1246" pin=0"/></net>

<net id="1253"><net_src comp="588" pin="3"/><net_sink comp="1250" pin=0"/></net>

<net id="1254"><net_src comp="1250" pin="1"/><net_sink comp="798" pin=0"/></net>

<net id="1255"><net_src comp="1250" pin="1"/><net_sink comp="801" pin=0"/></net>

<net id="1259"><net_src comp="608" pin="3"/><net_sink comp="1256" pin=0"/></net>

<net id="1260"><net_src comp="1256" pin="1"/><net_sink comp="736" pin=1"/></net>

<net id="1261"><net_src comp="1256" pin="1"/><net_sink comp="868" pin=0"/></net>

<net id="1262"><net_src comp="1256" pin="1"/><net_sink comp="903" pin=1"/></net>

<net id="1266"><net_src comp="616" pin="3"/><net_sink comp="1263" pin=0"/></net>

<net id="1267"><net_src comp="1263" pin="1"/><net_sink comp="704" pin=1"/></net>

<net id="1268"><net_src comp="1263" pin="1"/><net_sink comp="711" pin=1"/></net>

<net id="1269"><net_src comp="1263" pin="1"/><net_sink comp="810" pin=1"/></net>

<net id="1270"><net_src comp="1263" pin="1"/><net_sink comp="826" pin=1"/></net>

<net id="1274"><net_src comp="640" pin="2"/><net_sink comp="1271" pin=0"/></net>

<net id="1275"><net_src comp="1271" pin="1"/><net_sink comp="694" pin=0"/></net>

<net id="1279"><net_src comp="646" pin="1"/><net_sink comp="1276" pin=0"/></net>

<net id="1280"><net_src comp="1276" pin="1"/><net_sink comp="697" pin=1"/></net>

<net id="1284"><net_src comp="650" pin="1"/><net_sink comp="1281" pin=0"/></net>

<net id="1285"><net_src comp="1281" pin="1"/><net_sink comp="769" pin=1"/></net>

<net id="1289"><net_src comp="704" pin="3"/><net_sink comp="1286" pin=0"/></net>

<net id="1290"><net_src comp="1286" pin="1"/><net_sink comp="833" pin=0"/></net>

<net id="1294"><net_src comp="711" pin="3"/><net_sink comp="1291" pin=0"/></net>

<net id="1295"><net_src comp="1291" pin="1"/><net_sink comp="817" pin=0"/></net>

<net id="1299"><net_src comp="736" pin="3"/><net_sink comp="1296" pin=0"/></net>

<net id="1300"><net_src comp="1296" pin="1"/><net_sink comp="871" pin=0"/></net>

<net id="1304"><net_src comp="757" pin="2"/><net_sink comp="1301" pin=0"/></net>

<net id="1305"><net_src comp="1301" pin="1"/><net_sink comp="763" pin=0"/></net>

<net id="1309"><net_src comp="774" pin="2"/><net_sink comp="1306" pin=0"/></net>

<net id="1313"><net_src comp="798" pin="1"/><net_sink comp="1310" pin=0"/></net>

<net id="1314"><net_src comp="1310" pin="1"/><net_sink comp="1202" pin=0"/></net>

<net id="1318"><net_src comp="820" pin="2"/><net_sink comp="1315" pin=0"/></net>

<net id="1319"><net_src comp="1315" pin="1"/><net_sink comp="989" pin=0"/></net>

<net id="1323"><net_src comp="846" pin="2"/><net_sink comp="1320" pin=0"/></net>

<net id="1324"><net_src comp="1320" pin="1"/><net_sink comp="874" pin=1"/></net>

<net id="1325"><net_src comp="1320" pin="1"/><net_sink comp="914" pin=1"/></net>

<net id="1329"><net_src comp="862" pin="2"/><net_sink comp="1326" pin=0"/></net>

<net id="1330"><net_src comp="1326" pin="1"/><net_sink comp="939" pin=1"/></net>

<net id="1331"><net_src comp="1326" pin="1"/><net_sink comp="964" pin=1"/></net>

<net id="1335"><net_src comp="868" pin="1"/><net_sink comp="1332" pin=0"/></net>

<net id="1336"><net_src comp="1332" pin="1"/><net_sink comp="1202" pin=1"/></net>

<net id="1340"><net_src comp="889" pin="4"/><net_sink comp="1337" pin=0"/></net>

<net id="1341"><net_src comp="1337" pin="1"/><net_sink comp="992" pin=0"/></net>

<net id="1345"><net_src comp="899" pin="1"/><net_sink comp="1342" pin=0"/></net>

<net id="1346"><net_src comp="1342" pin="1"/><net_sink comp="1023" pin=12"/></net>

<net id="1347"><net_src comp="1342" pin="1"/><net_sink comp="1050" pin=12"/></net>

<net id="1348"><net_src comp="1342" pin="1"/><net_sink comp="1107" pin=12"/></net>

<net id="1349"><net_src comp="1342" pin="1"/><net_sink comp="1146" pin=12"/></net>

<net id="1353"><net_src comp="929" pin="4"/><net_sink comp="1350" pin=0"/></net>

<net id="1354"><net_src comp="1350" pin="1"/><net_sink comp="1000" pin=0"/></net>

<net id="1358"><net_src comp="954" pin="4"/><net_sink comp="1355" pin=0"/></net>

<net id="1359"><net_src comp="1355" pin="1"/><net_sink comp="1091" pin=0"/></net>

<net id="1363"><net_src comp="979" pin="4"/><net_sink comp="1360" pin=0"/></net>

<net id="1364"><net_src comp="1360" pin="1"/><net_sink comp="1099" pin=0"/></net>

<net id="1368"><net_src comp="152" pin="3"/><net_sink comp="1365" pin=0"/></net>

<net id="1369"><net_src comp="1365" pin="1"/><net_sink comp="187" pin=2"/></net>

<net id="1373"><net_src comp="159" pin="3"/><net_sink comp="1370" pin=0"/></net>

<net id="1374"><net_src comp="1370" pin="1"/><net_sink comp="197" pin=2"/></net>

<net id="1378"><net_src comp="166" pin="3"/><net_sink comp="1375" pin=0"/></net>

<net id="1379"><net_src comp="1375" pin="1"/><net_sink comp="207" pin=2"/></net>

<net id="1383"><net_src comp="173" pin="3"/><net_sink comp="1380" pin=0"/></net>

<net id="1384"><net_src comp="1380" pin="1"/><net_sink comp="217" pin=2"/></net>

<net id="1388"><net_src comp="180" pin="3"/><net_sink comp="1385" pin=0"/></net>

<net id="1389"><net_src comp="1385" pin="1"/><net_sink comp="227" pin=2"/></net>

<net id="1393"><net_src comp="237" pin="3"/><net_sink comp="1390" pin=0"/></net>

<net id="1394"><net_src comp="1390" pin="1"/><net_sink comp="187" pin=2"/></net>

<net id="1398"><net_src comp="244" pin="3"/><net_sink comp="1395" pin=0"/></net>

<net id="1399"><net_src comp="1395" pin="1"/><net_sink comp="197" pin=2"/></net>

<net id="1403"><net_src comp="251" pin="3"/><net_sink comp="1400" pin=0"/></net>

<net id="1404"><net_src comp="1400" pin="1"/><net_sink comp="207" pin=2"/></net>

<net id="1408"><net_src comp="258" pin="3"/><net_sink comp="1405" pin=0"/></net>

<net id="1409"><net_src comp="1405" pin="1"/><net_sink comp="217" pin=2"/></net>

<net id="1413"><net_src comp="265" pin="3"/><net_sink comp="1410" pin=0"/></net>

<net id="1414"><net_src comp="1410" pin="1"/><net_sink comp="227" pin=2"/></net>

<net id="1418"><net_src comp="1013" pin="4"/><net_sink comp="1415" pin=0"/></net>

<net id="1419"><net_src comp="1415" pin="1"/><net_sink comp="1191" pin=0"/></net>

<net id="1423"><net_src comp="1083" pin="3"/><net_sink comp="1420" pin=0"/></net>

<net id="1424"><net_src comp="1420" pin="1"/><net_sink comp="1134" pin=1"/></net>

<net id="1425"><net_src comp="1420" pin="1"/><net_sink comp="1139" pin=2"/></net>

<net id="1429"><net_src comp="277" pin="3"/><net_sink comp="1426" pin=0"/></net>

<net id="1430"><net_src comp="1426" pin="1"/><net_sink comp="187" pin=0"/></net>

<net id="1434"><net_src comp="284" pin="3"/><net_sink comp="1431" pin=0"/></net>

<net id="1435"><net_src comp="1431" pin="1"/><net_sink comp="197" pin=0"/></net>

<net id="1439"><net_src comp="291" pin="3"/><net_sink comp="1436" pin=0"/></net>

<net id="1440"><net_src comp="1436" pin="1"/><net_sink comp="207" pin=0"/></net>

<net id="1444"><net_src comp="298" pin="3"/><net_sink comp="1441" pin=0"/></net>

<net id="1445"><net_src comp="1441" pin="1"/><net_sink comp="217" pin=0"/></net>

<net id="1449"><net_src comp="305" pin="3"/><net_sink comp="1446" pin=0"/></net>

<net id="1450"><net_src comp="1446" pin="1"/><net_sink comp="227" pin=0"/></net>

<net id="1454"><net_src comp="317" pin="3"/><net_sink comp="1451" pin=0"/></net>

<net id="1455"><net_src comp="1451" pin="1"/><net_sink comp="187" pin=0"/></net>

<net id="1459"><net_src comp="324" pin="3"/><net_sink comp="1456" pin=0"/></net>

<net id="1460"><net_src comp="1456" pin="1"/><net_sink comp="197" pin=0"/></net>

<net id="1464"><net_src comp="331" pin="3"/><net_sink comp="1461" pin=0"/></net>

<net id="1465"><net_src comp="1461" pin="1"/><net_sink comp="207" pin=0"/></net>

<net id="1469"><net_src comp="338" pin="3"/><net_sink comp="1466" pin=0"/></net>

<net id="1470"><net_src comp="1466" pin="1"/><net_sink comp="217" pin=0"/></net>

<net id="1474"><net_src comp="345" pin="3"/><net_sink comp="1471" pin=0"/></net>

<net id="1475"><net_src comp="1471" pin="1"/><net_sink comp="227" pin=0"/></net>

<net id="1479"><net_src comp="1139" pin="3"/><net_sink comp="1476" pin=0"/></net>

<net id="1480"><net_src comp="1476" pin="1"/><net_sink comp="1173" pin=1"/></net>

<net id="1481"><net_src comp="1476" pin="1"/><net_sink comp="1177" pin=2"/></net>

<net id="1485"><net_src comp="1146" pin="13"/><net_sink comp="1482" pin=0"/></net>

<net id="1486"><net_src comp="1482" pin="1"/><net_sink comp="1173" pin=0"/></net>

<net id="1487"><net_src comp="1482" pin="1"/><net_sink comp="1177" pin=1"/></net>

</net_list>

</model> 
---------------- Datapath Model END ------------------

* FSMD analyzer results:
  - Output states:
	Port: outputPool_0 | {18 }
	Port: outputPool_1 | {18 }
	Port: outputPool_2 | {18 }
	Port: outputPool_3 | {18 }
	Port: outputPool_4 | {18 }
	Port: outputPool_5 | {18 }
	Port: outputPool_6 | {18 }
	Port: outputPool_7 | {18 }
 - Input state : 
	Port: pool : input_0 | {15 16 17 }
	Port: pool : input_1 | {15 16 17 }
	Port: pool : input_2 | {15 16 17 }
	Port: pool : input_3 | {15 16 17 }
	Port: pool : input_4 | {15 16 17 }
  - Chain level:
	State 1
		store_ln0 : 1
		store_ln16 : 1
		store_ln0 : 1
		store_ln17 : 1
		store_ln18 : 1
		indvar_flatten12_load : 1
		icmp_ln16 : 2
		add_ln16 : 2
		br_ln16 : 3
		store_ln16 : 3
	State 2
		icmp_ln17 : 1
		select_ln16 : 2
		xor_ln16 : 2
		icmp_ln18 : 1
		and_ln16 : 2
		add_ln16_2 : 1
		select_ln16_2 : 2
		add_ln17 : 3
		empty : 2
		w_mid2 : 2
		select_ln17 : 2
		zext_ln27 : 3
		trunc_ln27 : 3
		p_shl4 : 4
		add_ln27_9 : 5
		trunc_ln33 : 3
		trunc_ln18 : 3
		add_ln18 : 3
		add_ln17_2 : 1
		select_ln17_2 : 2
		store_ln16 : 3
		store_ln17 : 3
		store_ln17 : 3
		store_ln18 : 4
	State 3
		zext_ln33_4 : 1
		sub_ln33 : 2
		trunc_ln33_1 : 3
		zext_ln33_2 : 3
		zext_ln27_6 : 1
		add_ln27_3 : 2
		zext_ln27_7 : 3
		add_ln27_4 : 4
		urem_ln29 : 5
		add_ln33 : 1
		add_ln33_1 : 4
		switch_ln33 : 5
	State 4
	State 5
	State 6
	State 7
	State 8
	State 9
	State 10
	State 11
	State 12
		mul_ln17 : 1
	State 13
		mul_ln33_1 : 1
		sub_ln33_1 : 1
		sub_ln27 : 1
		zext_ln27_3 : 2
		add_ln27 : 3
		add_ln27_1 : 2
		zext_ln27_4 : 3
		add_ln27_2 : 4
	State 14
		add_ln27_5 : 1
		zext_ln29_8 : 2
		mul_ln29 : 3
		tmp_2 : 4
		trunc_ln29 : 1
		zext_ln27_8 : 1
		add_ln27_6 : 2
		zext_ln29_9 : 3
		mul_ln29_1 : 4
		tmp_3 : 5
		add_ln27_7 : 1
		zext_ln29_10 : 2
		mul_ln29_2 : 3
		tmp_4 : 4
		add_ln27_8 : 2
		zext_ln29_11 : 3
		mul_ln29_3 : 4
		tmp_5 : 5
		add_ln33_2 : 1
	State 15
		input_0_addr : 1
		input_1_addr : 1
		input_2_addr : 1
		input_3_addr : 1
		input_4_addr : 1
		input_0_load : 2
		input_1_load : 2
		input_2_load : 2
		input_3_load : 2
		input_4_load : 2
		input_0_addr_2 : 1
		input_1_addr_2 : 1
		input_2_addr_1 : 1
		input_3_addr_1 : 1
		input_4_addr_1 : 1
		input_0_load_1 : 2
		input_1_load_1 : 2
		input_2_load_1 : 2
		input_3_load_1 : 2
		input_4_load_1 : 2
		add_ln33_3 : 1
		lshr_ln : 2
	State 16
		val_9 : 1
		val : 1
		icmp_ln30 : 2
		max_val_5 : 3
		input_0_addr_3 : 1
		input_1_addr_3 : 1
		input_2_addr_2 : 1
		input_3_addr_2 : 1
		input_4_addr_2 : 1
		input_0_load_2 : 2
		input_1_load_2 : 2
		input_2_load_2 : 2
		input_3_load_2 : 2
		input_4_load_2 : 2
		input_0_addr_4 : 1
		input_1_addr_4 : 1
		input_2_addr_3 : 1
		input_3_addr_3 : 1
		input_4_addr_3 : 1
		input_0_load_3 : 2
		input_1_load_3 : 2
		input_2_load_3 : 2
		input_3_load_3 : 2
		input_4_load_3 : 2
	State 17
		val_10 : 1
		icmp_ln30_3 : 2
		max_val_7 : 3
		val_6 : 1
	State 18
		max_val_8 : 1
		outputPool_0_addr : 1
		outputPool_1_addr : 1
		outputPool_2_addr : 1
		outputPool_3_addr : 1
		outputPool_4_addr : 1
		outputPool_5_addr : 1
		outputPool_6_addr : 1
		outputPool_7_addr : 1
		store_ln33 : 2
		store_ln33 : 2
		store_ln33 : 2
		store_ln33 : 2
		store_ln33 : 2
		store_ln33 : 2
		store_ln33 : 2
		store_ln33 : 2


============================================================
+ Verbose Summary: Datapath Resource usage 
============================================================

* Functional unit list:
|----------|----------------------|---------|---------|---------|
| Operation|    Functional Unit   |   DSP   |    FF   |   LUT   |
|----------|----------------------|---------|---------|---------|
|   urem   |      grp_fu_763      |    0    |   195   |   126   |
|----------|----------------------|---------|---------|---------|
|          |    add_ln16_fu_527   |    0    |    0    |    12   |
|          |   add_ln16_2_fu_582  |    0    |    0    |    13   |
|          |    add_ln17_fu_596   |    0    |    0    |    13   |
|          |   add_ln27_9_fu_640  |    0    |    0    |    14   |
|          |    add_ln18_fu_654   |    0    |    0    |    13   |
|          |   add_ln17_2_fu_660  |    0    |    0    |    15   |
|          |   add_ln27_3_fu_747  |    0    |    0    |    14   |
|          |   add_ln27_4_fu_757  |    0    |    0    |    14   |
|    add   |    add_ln33_fu_769   |    0    |    0    |    4    |
|          |   add_ln33_1_fu_774  |    0    |    0    |    4    |
|          |    add_ln27_fu_846   |    0    |    0    |    14   |
|          |   add_ln27_1_fu_852  |    0    |    0    |    13   |
|          |   add_ln27_2_fu_862  |    0    |    0    |    14   |
|          |   add_ln27_5_fu_874  |    0    |    0    |    14   |
|          |   add_ln27_6_fu_914  |    0    |    0    |    14   |
|          |   add_ln27_7_fu_939  |    0    |    0    |    14   |
|          |   add_ln27_8_fu_964  |    0    |    0    |    14   |
|          |  add_ln33_3_fu_1008  |    0    |    0    |    12   |
|----------|----------------------|---------|---------|---------|
|          |     val_9_fu_1023    |    0    |    0    |    25   |
| sparsemux|      val_fu_1050     |    0    |    0    |    25   |
|          |    val_10_fu_1107    |    0    |    0    |    25   |
|          |     val_6_fu_1146    |    0    |    0    |    25   |
|----------|----------------------|---------|---------|---------|
|          |   icmp_ln16_fu_521   |    0    |    0    |    12   |
|          |   icmp_ln17_fu_550   |    0    |    0    |    15   |
|   icmp   |   icmp_ln18_fu_570   |    0    |    0    |    13   |
|          |   icmp_ln30_fu_1077  |    0    |    0    |    14   |
|          |  icmp_ln30_3_fu_1134 |    0    |    0    |    14   |
|          |  icmp_ln30_4_fu_1173 |    0    |    0    |    14   |
|----------|----------------------|---------|---------|---------|
|          |  select_ln16_fu_556  |    0    |    0    |    4    |
|          | select_ln16_2_fu_588 |    0    |    0    |    4    |
|          |     w_mid2_fu_608    |    0    |    0    |    4    |
|  select  |  select_ln17_fu_616  |    0    |    0    |    4    |
|          | select_ln17_2_fu_666 |    0    |    0    |    8    |
|          |   max_val_5_fu_1083  |    0    |    0    |    7    |
|          |   max_val_7_fu_1139  |    0    |    0    |    7    |
|          |   max_val_8_fu_1177  |    0    |    0    |    7    |
|----------|----------------------|---------|---------|---------|
|          |    sub_ln33_fu_722   |    0    |    0    |    14   |
|    sub   |   sub_ln33_1_fu_820  |    0    |    0    |    15   |
|          |    sub_ln27_fu_836   |    0    |    0    |    13   |
|----------|----------------------|---------|---------|---------|
|          |   mul_ln33_1_fu_804  |    0    |    0    |    6    |
|          |    mul_ln29_fu_883   |    1    |    0    |    6    |
|    mul   |   mul_ln29_1_fu_923  |    1    |    0    |    6    |
|          |   mul_ln29_2_fu_948  |    1    |    0    |    6    |
|          |   mul_ln29_3_fu_973  |    1    |    0    |    6    |
|----------|----------------------|---------|---------|---------|
|    xor   |    xor_ln16_fu_564   |    0    |    0    |    2    |
|----------|----------------------|---------|---------|---------|
|    and   |    and_ln16_fu_576   |    0    |    0    |    2    |
|----------|----------------------|---------|---------|---------|
|    or    |     empty_fu_602     |    0    |    0    |    2    |
|----------|----------------------|---------|---------|---------|
|  muladd  |      grp_fu_1202     |    1    |    0    |    0    |
|----------|----------------------|---------|---------|---------|
|          |   zext_ln27_fu_624   |    0    |    0    |    0    |
|          |  zext_ln27_1_fu_694  |    0    |    0    |    0    |
|          |  zext_ln33_4_fu_718  |    0    |    0    |    0    |
|          |  zext_ln33_2_fu_732  |    0    |    0    |    0    |
|          |  zext_ln27_6_fu_743  |    0    |    0    |    0    |
|          |  zext_ln27_7_fu_753  |    0    |    0    |    0    |
|          |   zext_ln17_fu_798   |    0    |    0    |    0    |
|          |   zext_ln33_fu_801   |    0    |    0    |    0    |
|          |  zext_ln33_5_fu_817  |    0    |    0    |    0    |
|          |  zext_ln27_9_fu_833  |    0    |    0    |    0    |
|          |  zext_ln27_3_fu_842  |    0    |    0    |    0    |
|          |  zext_ln27_4_fu_858  |    0    |    0    |    0    |
|   zext   |   zext_ln18_fu_868   |    0    |    0    |    0    |
|          |  zext_ln27_5_fu_871  |    0    |    0    |    0    |
|          |  zext_ln29_8_fu_879  |    0    |    0    |    0    |
|          |  zext_ln27_8_fu_910  |    0    |    0    |    0    |
|          |  zext_ln29_9_fu_919  |    0    |    0    |    0    |
|          |  zext_ln29_10_fu_944 |    0    |    0    |    0    |
|          |  zext_ln29_11_fu_969 |    0    |    0    |    0    |
|          |  zext_ln27_2_fu_989  |    0    |    0    |    0    |
|          |   zext_ln29_fu_992   |    0    |    0    |    0    |
|          |  zext_ln29_5_fu_1000 |    0    |    0    |    0    |
|          |  zext_ln29_6_fu_1091 |    0    |    0    |    0    |
|          |  zext_ln29_7_fu_1099 |    0    |    0    |    0    |
|          |  zext_ln33_3_fu_1191 |    0    |    0    |    0    |
|----------|----------------------|---------|---------|---------|
|          |   trunc_ln27_fu_628  |    0    |    0    |    0    |
|          |   trunc_ln33_fu_646  |    0    |    0    |    0    |
|   trunc  |   trunc_ln18_fu_650  |    0    |    0    |    0    |
|          |  trunc_ln33_1_fu_728 |    0    |    0    |    0    |
|          |   trunc_ln29_fu_899  |    0    |    0    |    0    |
|----------|----------------------|---------|---------|---------|
|          |     p_shl4_fu_632    |    0    |    0    |    0    |
|          |     shl_ln_fu_697    |    0    |    0    |    0    |
|          |     p_shl5_fu_704    |    0    |    0    |    0    |
|bitconcatenate|      tmp_fu_711      |    0    |    0    |    0    |
|          |    shl_ln1_fu_736    |    0    |    0    |    0    |
|          |     p_shl6_fu_810    |    0    |    0    |    0    |
|          |     p_shl_fu_826     |    0    |    0    |    0    |
|          |     or_ln_fu_903     |    0    |    0    |    0    |
|----------|----------------------|---------|---------|---------|
|  switch  |  switch_ln33_fu_780  |    0    |    0    |    0    |
|----------|----------------------|---------|---------|---------|
|          |     tmp_2_fu_889     |    0    |    0    |    0    |
|          |     tmp_3_fu_929     |    0    |    0    |    0    |
|partselect|     tmp_4_fu_954     |    0    |    0    |    0    |
|          |     tmp_5_fu_979     |    0    |    0    |    0    |
|          |    lshr_ln_fu_1013   |    0    |    0    |    0    |
|----------|----------------------|---------|---------|---------|
|   Total  |                      |    5    |   195   |   656   |
|----------|----------------------|---------|---------|---------|

Memories:
N/A

* Register list:
+-------------------------+--------+
|                         |   FF   |
+-------------------------+--------+
|   add_ln27_2_reg_1326   |   13   |
|   add_ln27_4_reg_1301   |    8   |
|   add_ln27_9_reg_1271   |    6   |
|    add_ln27_reg_1320    |   13   |
|   add_ln33_1_reg_1306   |    3   |
|       co_reg_1232       |    4   |
|        h_reg_1218       |    4   |
|    icmp_ln16_reg_1246   |    1   |
|indvar_flatten12_reg_1239|   11   |
| indvar_flatten_reg_1225 |    8   |
| input_0_addr_2_reg_1390 |   11   |
| input_0_addr_3_reg_1426 |   11   |
| input_0_addr_4_reg_1451 |   11   |
|  input_0_addr_reg_1365  |   11   |
| input_1_addr_2_reg_1395 |   11   |
| input_1_addr_3_reg_1431 |   11   |
| input_1_addr_4_reg_1456 |   11   |
|  input_1_addr_reg_1370  |   11   |
| input_2_addr_1_reg_1400 |   11   |
| input_2_addr_2_reg_1436 |   11   |
| input_2_addr_3_reg_1461 |   11   |
|  input_2_addr_reg_1375  |   11   |
| input_3_addr_1_reg_1405 |   11   |
| input_3_addr_2_reg_1441 |   11   |
| input_3_addr_3_reg_1466 |   11   |
|  input_3_addr_reg_1380  |   11   |
| input_4_addr_1_reg_1410 |   11   |
| input_4_addr_2_reg_1446 |   11   |
| input_4_addr_3_reg_1471 |   11   |
|  input_4_addr_reg_1385  |   11   |
|     lshr_ln_reg_1415    |    8   |
|    max_val_5_reg_1420   |    7   |
|    max_val_7_reg_1476   |    7   |
|     p_shl5_reg_1286     |    7   |
|  select_ln16_2_reg_1250 |    4   |
|   select_ln17_reg_1263  |    4   |
|     shl_ln1_reg_1296    |    5   |
|   sub_ln33_1_reg_1315   |    8   |
|      tmp_2_reg_1337     |   11   |
|      tmp_3_reg_1350     |   11   |
|      tmp_4_reg_1355     |   11   |
|      tmp_5_reg_1360     |   11   |
|       tmp_reg_1291      |    5   |
|   trunc_ln18_reg_1281   |    3   |
|   trunc_ln29_reg_1342   |    3   |
|   trunc_ln33_reg_1276   |    1   |
|      val_6_reg_1482     |    7   |
|     w_mid2_reg_1256     |    4   |
|        w_reg_1211       |    4   |
|    zext_ln17_reg_1310   |   11   |
|    zext_ln18_reg_1332   |   11   |
+-------------------------+--------+
|          Total          |   434  |
+-------------------------+--------+

* Multiplexer (MUX) list: 
|-------------------|------|------|------|--------||---------||---------||---------|
|        Comp       |  Pin | Size |  BW  | S x BW ||  Delay  ||    FF   ||   LUT   |
|-------------------|------|------|------|--------||---------||---------||---------|
| grp_access_fu_187 |  p0  |   4  |  11  |   44   ||    0    ||    20   |
| grp_access_fu_187 |  p2  |   4  |   0  |    0   ||    0    ||    20   |
| grp_access_fu_197 |  p0  |   4  |  11  |   44   ||    0    ||    20   |
| grp_access_fu_197 |  p2  |   4  |   0  |    0   ||    0    ||    20   |
| grp_access_fu_207 |  p0  |   4  |  11  |   44   ||    0    ||    20   |
| grp_access_fu_207 |  p2  |   4  |   0  |    0   ||    0    ||    20   |
| grp_access_fu_217 |  p0  |   4  |  11  |   44   ||    0    ||    20   |
| grp_access_fu_217 |  p2  |   4  |   0  |    0   ||    0    ||    20   |
| grp_access_fu_227 |  p0  |   4  |  11  |   44   ||    0    ||    20   |
| grp_access_fu_227 |  p2  |   4  |   0  |    0   ||    0    ||    20   |
|     grp_fu_763    |  p0  |   2  |   8  |   16   ||    0    ||    9    |
|    grp_fu_1202    |  p0  |   2  |   8  |   16   ||    0    ||    9    |
|    grp_fu_1202    |  p1  |   2  |   4  |    8   ||    0    ||    9    |
|-------------------|------|------|------|--------||---------||---------||---------|
|       Total       |      |      |      |   260  ||  23.03  ||    0    ||   227   |
|-------------------|------|------|------|--------||---------||---------||---------|



* Summary:
+-----------+--------+--------+--------+--------+
|           |   DSP  |  Delay |   FF   |   LUT  |
+-----------+--------+--------+--------+--------+
|  Function |    5   |    -   |   195  |   656  |
|   Memory  |    -   |    -   |    -   |    -   |
|Multiplexer|    -   |   23   |    0   |   227  |
|  Register |    -   |    -   |   434  |    -   |
+-----------+--------+--------+--------+--------+
|   Total   |    5   |   23   |   629  |   883  |
+-----------+--------+--------+--------+--------+
