

================================================================
== Vitis HLS Report for 'pool_Pipeline_CO_LOOP_H_LOOP_W_LOOP'
================================================================
* Date:           Sat Mar  7 18:28:20 2026

* Version:        2025.2 (Build 6295257 on Nov 14 2025)
* Project:        top
* Solution:       hls (Vivado IP Flow Target)
* Product family: zynq
* Target device:  xc7z020-clg484-1


================================================================
== Performance Estimates
================================================================
+ Timing: 
    * Summary: 
    +--------+----------+----------+------------+
    |  Clock |  Target  | Estimated| Uncertainty|
    +--------+----------+----------+------------+
    |ap_clk  |  10.00 ns|  8.750 ns|     1.25 ns|
    +--------+----------+----------+------------+

+ Latency: 
    * Summary: 
    +---------+---------+-----------+-----------+-----+-----+-------------------+
    |  Latency (cycles) |   Latency (absolute)  |  Interval |      Pipeline     |
    |   min   |   max   |    min    |    max    | min | max |        Type       |
    +---------+---------+-----------+-----------+-----+-----+-------------------+
    |     1586|     1586|  15.860 us|  15.860 us|    0|    0|  loop pipeline stp|
    +---------+---------+-----------+-----------+-----+-----+-------------------+

    + Detail: 
        * Instance: 
        N/A

        * Loop: 
        +-------------------------+---------+---------+----------+-----------+-----------+------+----------+
        |                         |  Latency (cycles) | Iteration|  Initiation Interval  | Trip |          |
        |        Loop Name        |   min   |   max   |  Latency |  achieved |   target  | Count| Pipelined|
        +-------------------------+---------+---------+----------+-----------+-----------+------+----------+
        |- CO_LOOP_H_LOOP_W_LOOP  |     1584|     1584|        18|          1|          1|  1568|       yes|
        +-------------------------+---------+---------+----------+-----------+-----------+------+----------+

============================================================
+ Verbose Summary: Synthesis Manager
============================================================
InlineROM: 1
ExposeGlobal: 0
============================================================
+ Verbose Summary: CDFG Model
============================================================
IsTopModel: 0
ResetActiveHigh: 1
IsCombinational: 0
IsDatapathOnly: 0
HasWiredReturn: 1
HasMFsm: 2
HasVarLatency: 1
IsPipeline: 0
IsRtlPipelined: 0
IsInstanceOverlapped: 0
IsDontTouch: 0
HasImplIP: 0
IsGatedGlobalClock: 0

+ Individual pipeline summary: 
  * Pipeline-0: initiation interval (II) = 1, depth = 18


============================================================
+ Verbose Summary: Schedule
============================================================
* Number of FSM states : 18
* Pipeline : 1
  Pipeline-0 : II = 1, D = 18, States = { 1 2 3 4 5 6 7 8 9 10 11 12 13 14 15 16 17 18 }
* Dataflow Pipeline: 0

* FSM state transitions: 
1 --> 2 
2 --> 3 
3 --> 4 
4 --> 5 
5 --> 6 
6 --> 7 
7 --> 8 
8 --> 9 
9 --> 10 
10 --> 11 
11 --> 12 
12 --> 13 
13 --> 14 
14 --> 15 
15 --> 16 
16 --> 17 
17 --> 18 
18 --> 

* FSM state operations: 

State 1 <SV = 0> <Delay = 4.81>
ST_1 : Operation 21 [1/1] (0.00ns)   --->   "%w = alloca i32 1" [../src/pool.cpp:25]   --->   Operation 21 'alloca' 'w' <Predicate = true> <Delay = 0.00>
ST_1 : Operation 22 [1/1] (0.00ns)   --->   "%h = alloca i32 1" [../src/pool.cpp:24]   --->   Operation 22 'alloca' 'h' <Predicate = true> <Delay = 0.00>
ST_1 : Operation 23 [1/1] (0.00ns)   --->   "%indvar_flatten = alloca i32 1"   --->   Operation 23 'alloca' 'indvar_flatten' <Predicate = true> <Delay = 0.00>
ST_1 : Operation 24 [1/1] (0.00ns)   --->   "%co = alloca i32 1" [../src/pool.cpp:23]   --->   Operation 24 'alloca' 'co' <Predicate = true> <Delay = 0.00>
ST_1 : Operation 25 [1/1] (0.00ns)   --->   "%indvar_flatten12 = alloca i32 1"   --->   Operation 25 'alloca' 'indvar_flatten12' <Predicate = true> <Delay = 0.00>
ST_1 : Operation 26 [1/1] (0.00ns)   --->   "%specmemcore_ln0 = specmemcore void @_ssdm_op_SpecMemCore, i8 %pool_ap_fixed_ap_fixed_8_5_5_3_0_int_int_int_int_int_local_input, i64 666, i64 22, i64 18446744073709551615, i1 0"   --->   Operation 26 'specmemcore' 'specmemcore_ln0' <Predicate = true> <Delay = 0.00>
ST_1 : Operation 27 [1/1] (0.00ns)   --->   "%specmemcore_ln0 = specmemcore void @_ssdm_op_SpecMemCore, i8 %pool_ap_fixed_ap_fixed_8_5_5_3_0_int_int_int_int_int_local_input_1, i64 666, i64 22, i64 18446744073709551615, i1 0"   --->   Operation 27 'specmemcore' 'specmemcore_ln0' <Predicate = true> <Delay = 0.00>
ST_1 : Operation 28 [1/1] (0.00ns)   --->   "%specmemcore_ln0 = specmemcore void @_ssdm_op_SpecMemCore, i8 %pool_ap_fixed_ap_fixed_8_5_5_3_0_int_int_int_int_int_local_input_2, i64 666, i64 22, i64 18446744073709551615, i1 0"   --->   Operation 28 'specmemcore' 'specmemcore_ln0' <Predicate = true> <Delay = 0.00>
ST_1 : Operation 29 [1/1] (0.00ns)   --->   "%specmemcore_ln0 = specmemcore void @_ssdm_op_SpecMemCore, i8 %pool_ap_fixed_ap_fixed_8_5_5_3_0_int_int_int_int_int_local_input_3, i64 666, i64 22, i64 18446744073709551615, i1 0"   --->   Operation 29 'specmemcore' 'specmemcore_ln0' <Predicate = true> <Delay = 0.00>
ST_1 : Operation 30 [1/1] (0.00ns)   --->   "%specmemcore_ln0 = specmemcore void @_ssdm_op_SpecMemCore, i8 %pool_ap_fixed_ap_fixed_8_5_5_3_0_int_int_int_int_int_local_input_4, i64 666, i64 22, i64 18446744073709551615, i1 0"   --->   Operation 30 'specmemcore' 'specmemcore_ln0' <Predicate = true> <Delay = 0.00>
ST_1 : Operation 31 [1/1] (0.00ns)   --->   "%specinterface_ln0 = specinterface void @_ssdm_op_SpecInterface, i8 %gmem0, void @empty_7, i32 0, i32 0, void @empty_8, i32 0, i32 848, void @empty_34, void @empty_20, void @empty_8, i32 16, i32 16, i32 16, i32 16, void @empty_8, void @empty_8, i32 4294967295, i32 0, i32 0, i32 1"   --->   Operation 31 'specinterface' 'specinterface_ln0' <Predicate = true> <Delay = 0.00>
ST_1 : Operation 32 [1/1] (0.00ns)   --->   "%outputPool_read = read i64 @_ssdm_op_Read.ap_auto.i64, i64 %outputPool"   --->   Operation 32 'read' 'outputPool_read' <Predicate = true> <Delay = 0.00>
ST_1 : Operation 33 [1/1] (1.58ns)   --->   "%store_ln0 = store i11 0, i11 %indvar_flatten12"   --->   Operation 33 'store' 'store_ln0' <Predicate = true> <Delay = 1.58>
ST_1 : Operation 34 [1/1] (1.58ns)   --->   "%store_ln23 = store i4 0, i4 %co" [../src/pool.cpp:23]   --->   Operation 34 'store' 'store_ln23' <Predicate = true> <Delay = 1.58>
ST_1 : Operation 35 [1/1] (1.58ns)   --->   "%store_ln0 = store i8 0, i8 %indvar_flatten"   --->   Operation 35 'store' 'store_ln0' <Predicate = true> <Delay = 1.58>
ST_1 : Operation 36 [1/1] (1.58ns)   --->   "%store_ln24 = store i4 0, i4 %h" [../src/pool.cpp:24]   --->   Operation 36 'store' 'store_ln24' <Predicate = true> <Delay = 1.58>
ST_1 : Operation 37 [1/1] (1.58ns)   --->   "%store_ln25 = store i4 0, i4 %w" [../src/pool.cpp:25]   --->   Operation 37 'store' 'store_ln25' <Predicate = true> <Delay = 1.58>
ST_1 : Operation 38 [1/1] (0.00ns)   --->   "%br_ln0 = br void %if.end.i.i.i"   --->   Operation 38 'br' 'br_ln0' <Predicate = true> <Delay = 0.00>
ST_1 : Operation 39 [1/1] (0.00ns)   --->   "%indvar_flatten12_load = load i11 %indvar_flatten12" [../src/pool.cpp:23]   --->   Operation 39 'load' 'indvar_flatten12_load' <Predicate = true> <Delay = 0.00>
ST_1 : Operation 40 [1/1] (1.63ns)   --->   "%icmp_ln23 = icmp_eq  i11 %indvar_flatten12_load, i11 1568" [../src/pool.cpp:23]   --->   Operation 40 'icmp' 'icmp_ln23' <Predicate = true> <Delay = 1.63> <CoreInst = "Cmp">   --->   Core 9 'Cmp' <Latency = 0> <II = 1> <Delay = 1.63> <FuncUnit> <Opcode : 'seteq' 'setne' 'setle' 'setge' 'setlt' 'setgt'> <InPorts = 2> <OutPorts = 1>
ST_1 : Operation 41 [1/1] (1.63ns)   --->   "%add_ln23 = add i11 %indvar_flatten12_load, i11 1" [../src/pool.cpp:23]   --->   Operation 41 'add' 'add_ln23' <Predicate = true> <Delay = 1.63> <CoreInst = "Adder">   --->   Core 1 'Adder' <Latency = 0> <II = 1> <Delay = 1.63> <FuncUnit> <Opcode : 'add' 'sub'> <InPorts = 2> <OutPorts = 1>
ST_1 : Operation 42 [1/1] (0.00ns)   --->   "%br_ln23 = br i1 %icmp_ln23, void %for.inc57, void %for.end59.exitStub" [../src/pool.cpp:23]   --->   Operation 42 'br' 'br_ln23' <Predicate = true> <Delay = 0.00>
ST_1 : Operation 43 [1/1] (1.58ns)   --->   "%store_ln23 = store i11 %add_ln23, i11 %indvar_flatten12" [../src/pool.cpp:23]   --->   Operation 43 'store' 'store_ln23' <Predicate = (!icmp_ln23)> <Delay = 1.58>

State 2 <SV = 1> <Delay = 7.28>
ST_2 : Operation 44 [1/1] (0.00ns)   --->   "%w_load = load i4 %w" [../src/pool.cpp:25]   --->   Operation 44 'load' 'w_load' <Predicate = true> <Delay = 0.00>
ST_2 : Operation 45 [1/1] (0.00ns)   --->   "%h_load = load i4 %h" [../src/pool.cpp:23]   --->   Operation 45 'load' 'h_load' <Predicate = true> <Delay = 0.00>
ST_2 : Operation 46 [1/1] (0.00ns)   --->   "%indvar_flatten_load = load i8 %indvar_flatten" [../src/pool.cpp:24]   --->   Operation 46 'load' 'indvar_flatten_load' <Predicate = true> <Delay = 0.00>
ST_2 : Operation 47 [1/1] (0.00ns)   --->   "%co_load = load i4 %co" [../src/pool.cpp:23]   --->   Operation 47 'load' 'co_load' <Predicate = true> <Delay = 0.00>
ST_2 : Operation 48 [1/1] (1.91ns)   --->   "%icmp_ln24 = icmp_eq  i8 %indvar_flatten_load, i8 196" [../src/pool.cpp:24]   --->   Operation 48 'icmp' 'icmp_ln24' <Predicate = true> <Delay = 1.91> <CoreInst = "Cmp">   --->   Core 9 'Cmp' <Latency = 0> <II = 1> <Delay = 1.91> <FuncUnit> <Opcode : 'seteq' 'setne' 'setle' 'setge' 'setlt' 'setgt'> <InPorts = 2> <OutPorts = 1>
ST_2 : Operation 49 [1/1] (1.02ns)   --->   "%select_ln23 = select i1 %icmp_ln24, i4 0, i4 %h_load" [../src/pool.cpp:23]   --->   Operation 49 'select' 'select_ln23' <Predicate = true> <Delay = 1.02> <CoreInst = "Sel">   --->   Core 73 'Sel' <Latency = 0> <II = 1> <Delay = 1.02> <FuncUnit> <Opcode : 'select'> <InPorts = 3> <OutPorts = 1>
ST_2 : Operation 50 [1/1] (0.00ns) (grouped into LUT with out node and_ln23)   --->   "%xor_ln23 = xor i1 %icmp_ln24, i1 1" [../src/pool.cpp:23]   --->   Operation 50 'xor' 'xor_ln23' <Predicate = true> <Delay = 0.00> <CoreInst = "LogicGate">   --->   Core 74 'LogicGate' <Latency = 0> <II = 1> <Delay = 0.97> <FuncUnit> <Opcode : 'and' 'or' 'xor'> <InPorts = 2> <OutPorts = 1>
ST_2 : Operation 51 [1/1] (1.73ns)   --->   "%icmp_ln25 = icmp_eq  i4 %w_load, i4 14" [../src/pool.cpp:25]   --->   Operation 51 'icmp' 'icmp_ln25' <Predicate = true> <Delay = 1.73> <CoreInst = "Cmp">   --->   Core 9 'Cmp' <Latency = 0> <II = 1> <Delay = 1.73> <FuncUnit> <Opcode : 'seteq' 'setne' 'setle' 'setge' 'setlt' 'setgt'> <InPorts = 2> <OutPorts = 1>
ST_2 : Operation 52 [1/1] (0.97ns) (out node of the LUT)   --->   "%and_ln23 = and i1 %icmp_ln25, i1 %xor_ln23" [../src/pool.cpp:23]   --->   Operation 52 'and' 'and_ln23' <Predicate = true> <Delay = 0.97> <CoreInst = "LogicGate">   --->   Core 74 'LogicGate' <Latency = 0> <II = 1> <Delay = 0.97> <FuncUnit> <Opcode : 'and' 'or' 'xor'> <InPorts = 2> <OutPorts = 1>
ST_2 : Operation 53 [1/1] (1.73ns)   --->   "%add_ln23_1 = add i4 %co_load, i4 1" [../src/pool.cpp:23]   --->   Operation 53 'add' 'add_ln23_1' <Predicate = true> <Delay = 1.73> <CoreInst = "Adder">   --->   Core 1 'Adder' <Latency = 0> <II = 1> <Delay = 1.73> <FuncUnit> <Opcode : 'add' 'sub'> <InPorts = 2> <OutPorts = 1>
ST_2 : Operation 54 [1/1] (1.02ns)   --->   "%select_ln23_1 = select i1 %icmp_ln24, i4 %add_ln23_1, i4 %co_load" [../src/pool.cpp:23]   --->   Operation 54 'select' 'select_ln23_1' <Predicate = true> <Delay = 1.02> <CoreInst = "Sel">   --->   Core 73 'Sel' <Latency = 0> <II = 1> <Delay = 1.02> <FuncUnit> <Opcode : 'select'> <InPorts = 3> <OutPorts = 1>
ST_2 : Operation 55 [1/1] (1.73ns)   --->   "%add_ln24 = add i4 %select_ln23, i4 1" [../src/pool.cpp:24]   --->   Operation 55 'add' 'add_ln24' <Predicate = true> <Delay = 1.73> <CoreInst = "Adder">   --->   Core 1 'Adder' <Latency = 0> <II = 1> <Delay = 1.73> <FuncUnit> <Opcode : 'add' 'sub'> <InPorts = 2> <OutPorts = 1>
ST_2 : Operation 56 [1/1] (0.00ns) (grouped into LUT with out node w_mid2)   --->   "%empty = or i1 %and_ln23, i1 %icmp_ln24" [../src/pool.cpp:23]   --->   Operation 56 'or' 'empty' <Predicate = true> <Delay = 0.00> <CoreInst = "LogicGate">   --->   Core 74 'LogicGate' <Latency = 0> <II = 1> <Delay = 0.97> <FuncUnit> <Opcode : 'and' 'or' 'xor'> <InPorts = 2> <OutPorts = 1>
ST_2 : Operation 57 [1/1] (1.02ns) (out node of the LUT)   --->   "%w_mid2 = select i1 %empty, i4 0, i4 %w_load" [../src/pool.cpp:23]   --->   Operation 57 'select' 'w_mid2' <Predicate = true> <Delay = 1.02> <CoreInst = "Sel">   --->   Core 73 'Sel' <Latency = 0> <II = 1> <Delay = 1.02> <FuncUnit> <Opcode : 'select'> <InPorts = 3> <OutPorts = 1>
ST_2 : Operation 58 [1/1] (1.02ns)   --->   "%select_ln24 = select i1 %and_ln23, i4 %add_ln24, i4 %select_ln23" [../src/pool.cpp:24]   --->   Operation 58 'select' 'select_ln24' <Predicate = true> <Delay = 1.02> <CoreInst = "Sel">   --->   Core 73 'Sel' <Latency = 0> <II = 1> <Delay = 1.02> <FuncUnit> <Opcode : 'select'> <InPorts = 3> <OutPorts = 1>
ST_2 : Operation 59 [1/1] (0.00ns)   --->   "%zext_ln34 = zext i4 %select_ln23_1" [../src/pool.cpp:34]   --->   Operation 59 'zext' 'zext_ln34' <Predicate = true> <Delay = 0.00>
ST_2 : Operation 60 [1/1] (0.00ns)   --->   "%trunc_ln34 = trunc i4 %select_ln23_1" [../src/pool.cpp:34]   --->   Operation 60 'trunc' 'trunc_ln34' <Predicate = true> <Delay = 0.00>
ST_2 : Operation 61 [1/1] (0.00ns)   --->   "%p_shl1 = bitconcatenate i6 @_ssdm_op_BitConcatenate.i6.i3.i3, i3 %trunc_ln34, i3 0" [../src/pool.cpp:34]   --->   Operation 61 'bitconcatenate' 'p_shl1' <Predicate = true> <Delay = 0.00>
ST_2 : Operation 62 [1/1] (1.82ns)   --->   "%add_ln34_1 = add i6 %p_shl1, i6 %zext_ln34" [../src/pool.cpp:34]   --->   Operation 62 'add' 'add_ln34_1' <Predicate = true> <Delay = 1.82> <CoreInst = "Adder">   --->   Core 1 'Adder' <Latency = 0> <II = 1> <Delay = 1.82> <FuncUnit> <Opcode : 'add' 'sub'> <InPorts = 2> <OutPorts = 1>
ST_2 : Operation 63 [1/1] (1.73ns)   --->   "%add_ln25 = add i4 %w_mid2, i4 1" [../src/pool.cpp:25]   --->   Operation 63 'add' 'add_ln25' <Predicate = true> <Delay = 1.73> <CoreInst = "Adder">   --->   Core 1 'Adder' <Latency = 0> <II = 1> <Delay = 1.73> <FuncUnit> <Opcode : 'add' 'sub'> <InPorts = 2> <OutPorts = 1>
ST_2 : Operation 64 [1/1] (1.91ns)   --->   "%add_ln24_1 = add i8 %indvar_flatten_load, i8 1" [../src/pool.cpp:24]   --->   Operation 64 'add' 'add_ln24_1' <Predicate = true> <Delay = 1.91> <CoreInst = "Adder">   --->   Core 1 'Adder' <Latency = 0> <II = 1> <Delay = 1.91> <FuncUnit> <Opcode : 'add' 'sub'> <InPorts = 2> <OutPorts = 1>
ST_2 : Operation 65 [1/1] (1.24ns)   --->   "%select_ln24_1 = select i1 %icmp_ln24, i8 1, i8 %add_ln24_1" [../src/pool.cpp:24]   --->   Operation 65 'select' 'select_ln24_1' <Predicate = true> <Delay = 1.24> <CoreInst = "Sel">   --->   Core 73 'Sel' <Latency = 0> <II = 1> <Delay = 1.24> <FuncUnit> <Opcode : 'select'> <InPorts = 3> <OutPorts = 1>
ST_2 : Operation 66 [1/1] (1.58ns)   --->   "%store_ln23 = store i4 %select_ln23_1, i4 %co" [../src/pool.cpp:23]   --->   Operation 66 'store' 'store_ln23' <Predicate = true> <Delay = 1.58>
ST_2 : Operation 67 [1/1] (1.58ns)   --->   "%store_ln24 = store i8 %select_ln24_1, i8 %indvar_flatten" [../src/pool.cpp:24]   --->   Operation 67 'store' 'store_ln24' <Predicate = true> <Delay = 1.58>
ST_2 : Operation 68 [1/1] (1.58ns)   --->   "%store_ln24 = store i4 %select_ln24, i4 %h" [../src/pool.cpp:24]   --->   Operation 68 'store' 'store_ln24' <Predicate = true> <Delay = 1.58>
ST_2 : Operation 69 [1/1] (1.58ns)   --->   "%store_ln25 = store i4 %add_ln25, i4 %w" [../src/pool.cpp:25]   --->   Operation 69 'store' 'store_ln25' <Predicate = true> <Delay = 1.58>

State 3 <SV = 2> <Delay = 8.12>
ST_3 : Operation 70 [1/1] (0.00ns)   --->   "%zext_ln34_1 = zext i6 %add_ln34_1" [../src/pool.cpp:34]   --->   Operation 70 'zext' 'zext_ln34_1' <Predicate = true> <Delay = 0.00>
ST_3 : Operation 71 [1/1] (0.00ns)   --->   "%p_shl2 = bitconcatenate i7 @_ssdm_op_BitConcatenate.i7.i4.i3, i4 %select_ln24, i3 0" [../src/pool.cpp:34]   --->   Operation 71 'bitconcatenate' 'p_shl2' <Predicate = true> <Delay = 0.00>
ST_3 : Operation 72 [1/1] (0.00ns)   --->   "%tmp = bitconcatenate i5 @_ssdm_op_BitConcatenate.i5.i4.i1, i4 %select_ln24, i1 0" [../src/pool.cpp:34]   --->   Operation 72 'bitconcatenate' 'tmp' <Predicate = true> <Delay = 0.00>
ST_3 : Operation 73 [1/1] (0.00ns)   --->   "%zext_ln34_2 = zext i5 %tmp" [../src/pool.cpp:34]   --->   Operation 73 'zext' 'zext_ln34_2' <Predicate = true> <Delay = 0.00>
ST_3 : Operation 74 [1/1] (1.87ns)   --->   "%sub_ln34 = sub i7 %p_shl2, i7 %zext_ln34_2" [../src/pool.cpp:34]   --->   Operation 74 'sub' 'sub_ln34' <Predicate = true> <Delay = 1.87> <CoreInst = "Adder">   --->   Core 1 'Adder' <Latency = 0> <II = 1> <Delay = 1.87> <FuncUnit> <Opcode : 'add' 'sub'> <InPorts = 2> <OutPorts = 1>
ST_3 : Operation 75 [1/1] (0.00ns)   --->   "%zext_ln34_3 = zext i7 %sub_ln34" [../src/pool.cpp:34]   --->   Operation 75 'zext' 'zext_ln34_3' <Predicate = true> <Delay = 0.00>
ST_3 : Operation 76 [1/1] (0.00ns)   --->   "%p_shl = bitconcatenate i10 @_ssdm_op_BitConcatenate.i10.i4.i6, i4 %select_ln24, i6 0" [../src/pool.cpp:34]   --->   Operation 76 'bitconcatenate' 'p_shl' <Predicate = true> <Delay = 0.00>
ST_3 : Operation 77 [1/1] (0.00ns)   --->   "%zext_ln34_4 = zext i7 %p_shl2" [../src/pool.cpp:34]   --->   Operation 77 'zext' 'zext_ln34_4' <Predicate = true> <Delay = 0.00>
ST_3 : Operation 78 [1/1] (1.73ns)   --->   "%sub_ln34_1 = sub i10 %p_shl, i10 %zext_ln34_4" [../src/pool.cpp:34]   --->   Operation 78 'sub' 'sub_ln34_1' <Predicate = true> <Delay = 1.73> <CoreInst = "Adder">   --->   Core 1 'Adder' <Latency = 0> <II = 1> <Delay = 1.73> <FuncUnit> <Opcode : 'add' 'sub'> <InPorts = 2> <OutPorts = 1>
ST_3 : Operation 79 [1/1] (0.00ns)   --->   "%shl_ln = bitconcatenate i5 @_ssdm_op_BitConcatenate.i5.i4.i1, i4 %w_mid2, i1 0" [../src/pool.cpp:33]   --->   Operation 79 'bitconcatenate' 'shl_ln' <Predicate = true> <Delay = 0.00>
ST_3 : Operation 80 [1/1] (0.00ns)   --->   "%zext_ln34_8 = zext i5 %shl_ln" [../src/pool.cpp:34]   --->   Operation 80 'zext' 'zext_ln34_8' <Predicate = true> <Delay = 0.00>
ST_3 : Operation 81 [1/1] (1.82ns)   --->   "%add_ln34_4 = add i7 %zext_ln34_1, i7 %zext_ln34_8" [../src/pool.cpp:34]   --->   Operation 81 'add' 'add_ln34_4' <Predicate = true> <Delay = 1.82> <CoreInst = "Adder">   --->   Core 1 'Adder' <Latency = 0> <II = 1> <Delay = 1.82> <FuncUnit> <Opcode : 'add' 'sub'> <InPorts = 2> <OutPorts = 1>
ST_3 : Operation 82 [1/1] (0.00ns)   --->   "%zext_ln34_9 = zext i7 %add_ln34_4" [../src/pool.cpp:34]   --->   Operation 82 'zext' 'zext_ln34_9' <Predicate = true> <Delay = 0.00>
ST_3 : Operation 83 [1/1] (1.87ns)   --->   "%add_ln34_5 = add i8 %zext_ln34_9, i8 %zext_ln34_3" [../src/pool.cpp:34]   --->   Operation 83 'add' 'add_ln34_5' <Predicate = true> <Delay = 1.87> <CoreInst = "Adder">   --->   Core 1 'Adder' <Latency = 0> <II = 1> <Delay = 1.87> <FuncUnit> <Opcode : 'add' 'sub'> <InPorts = 2> <OutPorts = 1>
ST_3 : Operation 84 [12/12] (4.38ns)   --->   "%urem_ln36 = urem i8 %add_ln34_5, i8 5" [../src/pool.cpp:36]   --->   Operation 84 'urem' 'urem_ln36' <Predicate = true> <Delay = 4.38> <CoreInst = "Divider">   --->   Core 6 'Divider' <Latency = 11> <II = 1> <Delay = 4.38> <FuncUnit> <Opcode : 'udiv' 'sdiv' 'urem' 'srem'> <InPorts = 2> <OutPorts = 1>

State 4 <SV = 3> <Delay = 4.38>
ST_4 : Operation 85 [11/12] (4.38ns)   --->   "%urem_ln36 = urem i8 %add_ln34_5, i8 5" [../src/pool.cpp:36]   --->   Operation 85 'urem' 'urem_ln36' <Predicate = true> <Delay = 4.38> <CoreInst = "Divider">   --->   Core 6 'Divider' <Latency = 11> <II = 1> <Delay = 4.38> <FuncUnit> <Opcode : 'udiv' 'sdiv' 'urem' 'srem'> <InPorts = 2> <OutPorts = 1>

State 5 <SV = 4> <Delay = 4.38>
ST_5 : Operation 86 [10/12] (4.38ns)   --->   "%urem_ln36 = urem i8 %add_ln34_5, i8 5" [../src/pool.cpp:36]   --->   Operation 86 'urem' 'urem_ln36' <Predicate = true> <Delay = 4.38> <CoreInst = "Divider">   --->   Core 6 'Divider' <Latency = 11> <II = 1> <Delay = 4.38> <FuncUnit> <Opcode : 'udiv' 'sdiv' 'urem' 'srem'> <InPorts = 2> <OutPorts = 1>

State 6 <SV = 5> <Delay = 4.38>
ST_6 : Operation 87 [9/12] (4.38ns)   --->   "%urem_ln36 = urem i8 %add_ln34_5, i8 5" [../src/pool.cpp:36]   --->   Operation 87 'urem' 'urem_ln36' <Predicate = true> <Delay = 4.38> <CoreInst = "Divider">   --->   Core 6 'Divider' <Latency = 11> <II = 1> <Delay = 4.38> <FuncUnit> <Opcode : 'udiv' 'sdiv' 'urem' 'srem'> <InPorts = 2> <OutPorts = 1>

State 7 <SV = 6> <Delay = 4.38>
ST_7 : Operation 88 [8/12] (4.38ns)   --->   "%urem_ln36 = urem i8 %add_ln34_5, i8 5" [../src/pool.cpp:36]   --->   Operation 88 'urem' 'urem_ln36' <Predicate = true> <Delay = 4.38> <CoreInst = "Divider">   --->   Core 6 'Divider' <Latency = 11> <II = 1> <Delay = 4.38> <FuncUnit> <Opcode : 'udiv' 'sdiv' 'urem' 'srem'> <InPorts = 2> <OutPorts = 1>

State 8 <SV = 7> <Delay = 4.38>
ST_8 : Operation 89 [7/12] (4.38ns)   --->   "%urem_ln36 = urem i8 %add_ln34_5, i8 5" [../src/pool.cpp:36]   --->   Operation 89 'urem' 'urem_ln36' <Predicate = true> <Delay = 4.38> <CoreInst = "Divider">   --->   Core 6 'Divider' <Latency = 11> <II = 1> <Delay = 4.38> <FuncUnit> <Opcode : 'udiv' 'sdiv' 'urem' 'srem'> <InPorts = 2> <OutPorts = 1>

State 9 <SV = 8> <Delay = 4.38>
ST_9 : Operation 90 [6/12] (4.38ns)   --->   "%urem_ln36 = urem i8 %add_ln34_5, i8 5" [../src/pool.cpp:36]   --->   Operation 90 'urem' 'urem_ln36' <Predicate = true> <Delay = 4.38> <CoreInst = "Divider">   --->   Core 6 'Divider' <Latency = 11> <II = 1> <Delay = 4.38> <FuncUnit> <Opcode : 'udiv' 'sdiv' 'urem' 'srem'> <InPorts = 2> <OutPorts = 1>

State 10 <SV = 9> <Delay = 4.38>
ST_10 : Operation 91 [5/12] (4.38ns)   --->   "%urem_ln36 = urem i8 %add_ln34_5, i8 5" [../src/pool.cpp:36]   --->   Operation 91 'urem' 'urem_ln36' <Predicate = true> <Delay = 4.38> <CoreInst = "Divider">   --->   Core 6 'Divider' <Latency = 11> <II = 1> <Delay = 4.38> <FuncUnit> <Opcode : 'udiv' 'sdiv' 'urem' 'srem'> <InPorts = 2> <OutPorts = 1>

State 11 <SV = 10> <Delay = 4.38>
ST_11 : Operation 92 [4/12] (4.38ns)   --->   "%urem_ln36 = urem i8 %add_ln34_5, i8 5" [../src/pool.cpp:36]   --->   Operation 92 'urem' 'urem_ln36' <Predicate = true> <Delay = 4.38> <CoreInst = "Divider">   --->   Core 6 'Divider' <Latency = 11> <II = 1> <Delay = 4.38> <FuncUnit> <Opcode : 'udiv' 'sdiv' 'urem' 'srem'> <InPorts = 2> <OutPorts = 1>

State 12 <SV = 11> <Delay = 4.38>
ST_12 : Operation 93 [3/12] (4.38ns)   --->   "%urem_ln36 = urem i8 %add_ln34_5, i8 5" [../src/pool.cpp:36]   --->   Operation 93 'urem' 'urem_ln36' <Predicate = true> <Delay = 4.38> <CoreInst = "Divider">   --->   Core 6 'Divider' <Latency = 11> <II = 1> <Delay = 4.38> <FuncUnit> <Opcode : 'udiv' 'sdiv' 'urem' 'srem'> <InPorts = 2> <OutPorts = 1>

State 13 <SV = 12> <Delay = 7.30>
ST_13 : Operation 94 [1/1] (0.00ns)   --->   "%zext_ln24 = zext i4 %select_ln23_1" [../src/pool.cpp:24]   --->   Operation 94 'zext' 'zext_ln24' <Predicate = true> <Delay = 0.00>
ST_13 : Operation 95 [1/1] (5.63ns)   --->   "%mul_ln24 = mul i13 %zext_ln24, i13 784" [../src/pool.cpp:24]   --->   Operation 95 'mul' 'mul_ln24' <Predicate = true> <Delay = 5.63> <CoreInst = "Multiplier">   --->   Core 3 'Multiplier' <Latency = 0> <II = 1> <Delay = 5.63> <FuncUnit> <Opcode : 'mul'> <InPorts = 2> <OutPorts = 1>
ST_13 : Operation 96 [1/1] (0.00ns)   --->   "%zext_ln34_5 = zext i10 %sub_ln34_1" [../src/pool.cpp:34]   --->   Operation 96 'zext' 'zext_ln34_5' <Predicate = true> <Delay = 0.00>
ST_13 : Operation 97 [1/1] (1.67ns)   --->   "%add_ln34 = add i13 %zext_ln34_5, i13 %mul_ln24" [../src/pool.cpp:34]   --->   Operation 97 'add' 'add_ln34' <Predicate = true> <Delay = 1.67> <CoreInst = "Adder">   --->   Core 1 'Adder' <Latency = 0> <II = 1> <Delay = 1.67> <FuncUnit> <Opcode : 'add' 'sub'> <InPorts = 2> <OutPorts = 1>
ST_13 : Operation 98 [1/1] (1.73ns)   --->   "%add_ln34_2 = add i10 %sub_ln34_1, i10 28" [../src/pool.cpp:34]   --->   Operation 98 'add' 'add_ln34_2' <Predicate = true> <Delay = 1.73> <CoreInst = "Adder">   --->   Core 1 'Adder' <Latency = 0> <II = 1> <Delay = 1.73> <FuncUnit> <Opcode : 'add' 'sub'> <InPorts = 2> <OutPorts = 1>
ST_13 : Operation 99 [1/1] (0.00ns)   --->   "%zext_ln34_6 = zext i10 %add_ln34_2" [../src/pool.cpp:34]   --->   Operation 99 'zext' 'zext_ln34_6' <Predicate = true> <Delay = 0.00>
ST_13 : Operation 100 [1/1] (1.67ns)   --->   "%add_ln34_3 = add i13 %zext_ln34_6, i13 %mul_ln24" [../src/pool.cpp:34]   --->   Operation 100 'add' 'add_ln34_3' <Predicate = true> <Delay = 1.67> <CoreInst = "Adder">   --->   Core 1 'Adder' <Latency = 0> <II = 1> <Delay = 1.67> <FuncUnit> <Opcode : 'add' 'sub'> <InPorts = 2> <OutPorts = 1>
ST_13 : Operation 101 [2/12] (4.38ns)   --->   "%urem_ln36 = urem i8 %add_ln34_5, i8 5" [../src/pool.cpp:36]   --->   Operation 101 'urem' 'urem_ln36' <Predicate = true> <Delay = 4.38> <CoreInst = "Divider">   --->   Core 6 'Divider' <Latency = 11> <II = 1> <Delay = 4.38> <FuncUnit> <Opcode : 'udiv' 'sdiv' 'urem' 'srem'> <InPorts = 2> <OutPorts = 1>

State 14 <SV = 13> <Delay = 7.26>
ST_14 : Operation 102 [1/1] (0.00ns)   --->   "%zext_ln34_7 = zext i5 %shl_ln" [../src/pool.cpp:34]   --->   Operation 102 'zext' 'zext_ln34_7' <Predicate = true> <Delay = 0.00>
ST_14 : Operation 103 [1/1] (1.67ns)   --->   "%add_ln34_6 = add i13 %zext_ln34_7, i13 %add_ln34" [../src/pool.cpp:34]   --->   Operation 103 'add' 'add_ln34_6' <Predicate = true> <Delay = 1.67> <CoreInst = "Adder">   --->   Core 1 'Adder' <Latency = 0> <II = 1> <Delay = 1.67> <FuncUnit> <Opcode : 'add' 'sub'> <InPorts = 2> <OutPorts = 1>
ST_14 : Operation 104 [1/1] (0.00ns)   --->   "%zext_ln36_1 = zext i13 %add_ln34_6" [../src/pool.cpp:36]   --->   Operation 104 'zext' 'zext_ln36_1' <Predicate = true> <Delay = 0.00>
ST_14 : Operation 105 [1/1] (5.59ns)   --->   "%mul_ln36 = mul i27 %zext_ln36_1, i27 13108" [../src/pool.cpp:36]   --->   Operation 105 'mul' 'mul_ln36' <Predicate = true> <Delay = 5.59> <CoreInst = "Multiplier">   --->   Core 3 'Multiplier' <Latency = 0> <II = 1> <Delay = 5.59> <FuncUnit> <Opcode : 'mul'> <InPorts = 2> <OutPorts = 1>
ST_14 : Operation 106 [1/1] (0.00ns)   --->   "%tmp_1 = partselect i11 @_ssdm_op_PartSelect.i11.i27.i32.i32, i27 %mul_ln36, i32 16, i32 26" [../src/pool.cpp:36]   --->   Operation 106 'partselect' 'tmp_1' <Predicate = true> <Delay = 0.00>
ST_14 : Operation 107 [1/12] (4.38ns)   --->   "%urem_ln36 = urem i8 %add_ln34_5, i8 5" [../src/pool.cpp:36]   --->   Operation 107 'urem' 'urem_ln36' <Predicate = true> <Delay = 4.38> <CoreInst = "Divider">   --->   Core 6 'Divider' <Latency = 11> <II = 1> <Delay = 4.38> <FuncUnit> <Opcode : 'udiv' 'sdiv' 'urem' 'srem'> <InPorts = 2> <OutPorts = 1>
ST_14 : Operation 108 [1/1] (0.00ns)   --->   "%trunc_ln36 = trunc i3 %urem_ln36" [../src/pool.cpp:36]   --->   Operation 108 'trunc' 'trunc_ln36' <Predicate = true> <Delay = 0.00>
ST_14 : Operation 109 [1/1] (0.00ns)   --->   "%or_ln = bitconcatenate i5 @_ssdm_op_BitConcatenate.i5.i4.i1, i4 %w_mid2, i1 1" [../src/pool.cpp:33]   --->   Operation 109 'bitconcatenate' 'or_ln' <Predicate = true> <Delay = 0.00>
ST_14 : Operation 110 [1/1] (0.00ns)   --->   "%zext_ln34_10 = zext i5 %or_ln" [../src/pool.cpp:34]   --->   Operation 110 'zext' 'zext_ln34_10' <Predicate = true> <Delay = 0.00>
ST_14 : Operation 111 [1/1] (1.67ns)   --->   "%add_ln34_7 = add i13 %zext_ln34_10, i13 %add_ln34" [../src/pool.cpp:34]   --->   Operation 111 'add' 'add_ln34_7' <Predicate = true> <Delay = 1.67> <CoreInst = "Adder">   --->   Core 1 'Adder' <Latency = 0> <II = 1> <Delay = 1.67> <FuncUnit> <Opcode : 'add' 'sub'> <InPorts = 2> <OutPorts = 1>
ST_14 : Operation 112 [1/1] (0.00ns)   --->   "%zext_ln36_2 = zext i13 %add_ln34_7" [../src/pool.cpp:36]   --->   Operation 112 'zext' 'zext_ln36_2' <Predicate = true> <Delay = 0.00>
ST_14 : Operation 113 [1/1] (5.59ns)   --->   "%mul_ln36_1 = mul i27 %zext_ln36_2, i27 13108" [../src/pool.cpp:36]   --->   Operation 113 'mul' 'mul_ln36_1' <Predicate = true> <Delay = 5.59> <CoreInst = "Multiplier">   --->   Core 3 'Multiplier' <Latency = 0> <II = 1> <Delay = 5.59> <FuncUnit> <Opcode : 'mul'> <InPorts = 2> <OutPorts = 1>
ST_14 : Operation 114 [1/1] (0.00ns)   --->   "%tmp_2 = partselect i11 @_ssdm_op_PartSelect.i11.i27.i32.i32, i27 %mul_ln36_1, i32 16, i32 26" [../src/pool.cpp:36]   --->   Operation 114 'partselect' 'tmp_2' <Predicate = true> <Delay = 0.00>
ST_14 : Operation 115 [1/1] (1.67ns)   --->   "%add_ln34_8 = add i13 %zext_ln34_7, i13 %add_ln34_3" [../src/pool.cpp:34]   --->   Operation 115 'add' 'add_ln34_8' <Predicate = true> <Delay = 1.67> <CoreInst = "Adder">   --->   Core 1 'Adder' <Latency = 0> <II = 1> <Delay = 1.67> <FuncUnit> <Opcode : 'add' 'sub'> <InPorts = 2> <OutPorts = 1>
ST_14 : Operation 116 [1/1] (0.00ns)   --->   "%zext_ln36_4 = zext i13 %add_ln34_8" [../src/pool.cpp:36]   --->   Operation 116 'zext' 'zext_ln36_4' <Predicate = true> <Delay = 0.00>
ST_14 : Operation 117 [1/1] (5.59ns)   --->   "%mul_ln36_2 = mul i27 %zext_ln36_4, i27 13108" [../src/pool.cpp:36]   --->   Operation 117 'mul' 'mul_ln36_2' <Predicate = true> <Delay = 5.59> <CoreInst = "Multiplier">   --->   Core 3 'Multiplier' <Latency = 0> <II = 1> <Delay = 5.59> <FuncUnit> <Opcode : 'mul'> <InPorts = 2> <OutPorts = 1>
ST_14 : Operation 118 [1/1] (0.00ns)   --->   "%tmp_3 = partselect i11 @_ssdm_op_PartSelect.i11.i27.i32.i32, i27 %mul_ln36_2, i32 16, i32 26" [../src/pool.cpp:36]   --->   Operation 118 'partselect' 'tmp_3' <Predicate = true> <Delay = 0.00>
ST_14 : Operation 119 [1/1] (1.67ns)   --->   "%add_ln34_9 = add i13 %zext_ln34_10, i13 %add_ln34_3" [../src/pool.cpp:34]   --->   Operation 119 'add' 'add_ln34_9' <Predicate = true> <Delay = 1.67> <CoreInst = "Adder">   --->   Core 1 'Adder' <Latency = 0> <II = 1> <Delay = 1.67> <FuncUnit> <Opcode : 'add' 'sub'> <InPorts = 2> <OutPorts = 1>
ST_14 : Operation 120 [1/1] (0.00ns)   --->   "%zext_ln36_7 = zext i13 %add_ln34_9" [../src/pool.cpp:36]   --->   Operation 120 'zext' 'zext_ln36_7' <Predicate = true> <Delay = 0.00>
ST_14 : Operation 121 [1/1] (5.59ns)   --->   "%mul_ln36_3 = mul i27 %zext_ln36_7, i27 13108" [../src/pool.cpp:36]   --->   Operation 121 'mul' 'mul_ln36_3' <Predicate = true> <Delay = 5.59> <CoreInst = "Multiplier">   --->   Core 3 'Multiplier' <Latency = 0> <II = 1> <Delay = 5.59> <FuncUnit> <Opcode : 'mul'> <InPorts = 2> <OutPorts = 1>
ST_14 : Operation 122 [1/1] (0.00ns)   --->   "%tmp_4 = partselect i11 @_ssdm_op_PartSelect.i11.i27.i32.i32, i27 %mul_ln36_3, i32 16, i32 26" [../src/pool.cpp:36]   --->   Operation 122 'partselect' 'tmp_4' <Predicate = true> <Delay = 0.00>

State 15 <SV = 14> <Delay = 3.25>
ST_15 : Operation 123 [1/1] (0.00ns)   --->   "%zext_ln36 = zext i11 %tmp_1" [../src/pool.cpp:36]   --->   Operation 123 'zext' 'zext_ln36' <Predicate = true> <Delay = 0.00>
ST_15 : Operation 124 [1/1] (0.00ns)   --->   "%pool_ap_fixed_ap_fixed_8_5_5_3_0_int_int_int_int_int_local_input_4_addr = getelementptr i8 %pool_ap_fixed_ap_fixed_8_5_5_3_0_int_int_int_int_int_local_input_4, i64 0, i64 %zext_ln36" [../src/pool.cpp:36]   --->   Operation 124 'getelementptr' 'pool_ap_fixed_ap_fixed_8_5_5_3_0_int_int_int_int_int_local_input_4_addr' <Predicate = (trunc_ln36 == 0)> <Delay = 0.00>
ST_15 : Operation 125 [1/1] (0.00ns)   --->   "%pool_ap_fixed_ap_fixed_8_5_5_3_0_int_int_int_int_int_local_input_3_addr = getelementptr i8 %pool_ap_fixed_ap_fixed_8_5_5_3_0_int_int_int_int_int_local_input_3, i64 0, i64 %zext_ln36" [../src/pool.cpp:36]   --->   Operation 125 'getelementptr' 'pool_ap_fixed_ap_fixed_8_5_5_3_0_int_int_int_int_int_local_input_3_addr' <Predicate = (trunc_ln36 == 1)> <Delay = 0.00>
ST_15 : Operation 126 [1/1] (0.00ns)   --->   "%pool_ap_fixed_ap_fixed_8_5_5_3_0_int_int_int_int_int_local_input_2_addr = getelementptr i8 %pool_ap_fixed_ap_fixed_8_5_5_3_0_int_int_int_int_int_local_input_2, i64 0, i64 %zext_ln36" [../src/pool.cpp:36]   --->   Operation 126 'getelementptr' 'pool_ap_fixed_ap_fixed_8_5_5_3_0_int_int_int_int_int_local_input_2_addr' <Predicate = (trunc_ln36 == 2)> <Delay = 0.00>
ST_15 : Operation 127 [1/1] (0.00ns)   --->   "%pool_ap_fixed_ap_fixed_8_5_5_3_0_int_int_int_int_int_local_input_1_addr = getelementptr i8 %pool_ap_fixed_ap_fixed_8_5_5_3_0_int_int_int_int_int_local_input_1, i64 0, i64 %zext_ln36" [../src/pool.cpp:36]   --->   Operation 127 'getelementptr' 'pool_ap_fixed_ap_fixed_8_5_5_3_0_int_int_int_int_int_local_input_1_addr' <Predicate = (trunc_ln36 == 3)> <Delay = 0.00>
ST_15 : Operation 128 [1/1] (0.00ns)   --->   "%pool_ap_fixed_ap_fixed_8_5_5_3_0_int_int_int_int_int_local_input_addr = getelementptr i8 %pool_ap_fixed_ap_fixed_8_5_5_3_0_int_int_int_int_int_local_input, i64 0, i64 %zext_ln36" [../src/pool.cpp:36]   --->   Operation 128 'getelementptr' 'pool_ap_fixed_ap_fixed_8_5_5_3_0_int_int_int_int_int_local_input_addr' <Predicate = (trunc_ln36 == 4)> <Delay = 0.00>
ST_15 : Operation 129 [2/2] (3.25ns)   --->   "%pool_ap_fixed_ap_fixed_8_5_5_3_0_int_int_int_int_int_local_input_4_load = load i11 %pool_ap_fixed_ap_fixed_8_5_5_3_0_int_int_int_int_int_local_input_4_addr" [../src/pool.cpp:36]   --->   Operation 129 'load' 'pool_ap_fixed_ap_fixed_8_5_5_3_0_int_int_int_int_int_local_input_4_load' <Predicate = (trunc_ln36 == 0)> <Delay = 3.25> <CoreInst = "RAM_2P_BRAM">   --->   Core 90 'RAM_2P_BRAM' <Latency = 1> <II = 1> <Delay = 3.25> <Storage> <Opcode : 'load' 'store'> <Ports = 2> <Width = 8> <Depth = 1255> <RAM>
ST_15 : Operation 130 [2/2] (3.25ns)   --->   "%pool_ap_fixed_ap_fixed_8_5_5_3_0_int_int_int_int_int_local_input_3_load = load i11 %pool_ap_fixed_ap_fixed_8_5_5_3_0_int_int_int_int_int_local_input_3_addr" [../src/pool.cpp:36]   --->   Operation 130 'load' 'pool_ap_fixed_ap_fixed_8_5_5_3_0_int_int_int_int_int_local_input_3_load' <Predicate = (trunc_ln36 == 1)> <Delay = 3.25> <CoreInst = "RAM_2P_BRAM">   --->   Core 90 'RAM_2P_BRAM' <Latency = 1> <II = 1> <Delay = 3.25> <Storage> <Opcode : 'load' 'store'> <Ports = 2> <Width = 8> <Depth = 1255> <RAM>
ST_15 : Operation 131 [2/2] (3.25ns)   --->   "%pool_ap_fixed_ap_fixed_8_5_5_3_0_int_int_int_int_int_local_input_2_load = load i11 %pool_ap_fixed_ap_fixed_8_5_5_3_0_int_int_int_int_int_local_input_2_addr" [../src/pool.cpp:36]   --->   Operation 131 'load' 'pool_ap_fixed_ap_fixed_8_5_5_3_0_int_int_int_int_int_local_input_2_load' <Predicate = (trunc_ln36 == 2)> <Delay = 3.25> <CoreInst = "RAM_2P_BRAM">   --->   Core 90 'RAM_2P_BRAM' <Latency = 1> <II = 1> <Delay = 3.25> <Storage> <Opcode : 'load' 'store'> <Ports = 2> <Width = 8> <Depth = 1255> <RAM>
ST_15 : Operation 132 [2/2] (3.25ns)   --->   "%pool_ap_fixed_ap_fixed_8_5_5_3_0_int_int_int_int_int_local_input_1_load = load i11 %pool_ap_fixed_ap_fixed_8_5_5_3_0_int_int_int_int_int_local_input_1_addr" [../src/pool.cpp:36]   --->   Operation 132 'load' 'pool_ap_fixed_ap_fixed_8_5_5_3_0_int_int_int_int_int_local_input_1_load' <Predicate = (trunc_ln36 == 3)> <Delay = 3.25> <CoreInst = "RAM_2P_BRAM">   --->   Core 90 'RAM_2P_BRAM' <Latency = 1> <II = 1> <Delay = 3.25> <Storage> <Opcode : 'load' 'store'> <Ports = 2> <Width = 8> <Depth = 1255> <RAM>
ST_15 : Operation 133 [2/2] (3.25ns)   --->   "%pool_ap_fixed_ap_fixed_8_5_5_3_0_int_int_int_int_int_local_input_load = load i11 %pool_ap_fixed_ap_fixed_8_5_5_3_0_int_int_int_int_int_local_input_addr" [../src/pool.cpp:36]   --->   Operation 133 'load' 'pool_ap_fixed_ap_fixed_8_5_5_3_0_int_int_int_int_int_local_input_load' <Predicate = (trunc_ln36 == 4)> <Delay = 3.25> <CoreInst = "RAM_2P_BRAM">   --->   Core 90 'RAM_2P_BRAM' <Latency = 1> <II = 1> <Delay = 3.25> <Storage> <Opcode : 'load' 'store'> <Ports = 2> <Width = 8> <Depth = 1255> <RAM>
ST_15 : Operation 134 [1/1] (0.00ns)   --->   "%zext_ln36_3 = zext i11 %tmp_2" [../src/pool.cpp:36]   --->   Operation 134 'zext' 'zext_ln36_3' <Predicate = true> <Delay = 0.00>
ST_15 : Operation 135 [1/1] (0.00ns)   --->   "%pool_ap_fixed_ap_fixed_8_5_5_3_0_int_int_int_int_int_local_input_4_addr_1 = getelementptr i8 %pool_ap_fixed_ap_fixed_8_5_5_3_0_int_int_int_int_int_local_input_4, i64 0, i64 %zext_ln36_3" [../src/pool.cpp:36]   --->   Operation 135 'getelementptr' 'pool_ap_fixed_ap_fixed_8_5_5_3_0_int_int_int_int_int_local_input_4_addr_1' <Predicate = (trunc_ln36 == 4)> <Delay = 0.00>
ST_15 : Operation 136 [1/1] (0.00ns)   --->   "%pool_ap_fixed_ap_fixed_8_5_5_3_0_int_int_int_int_int_local_input_3_addr_1 = getelementptr i8 %pool_ap_fixed_ap_fixed_8_5_5_3_0_int_int_int_int_int_local_input_3, i64 0, i64 %zext_ln36_3" [../src/pool.cpp:36]   --->   Operation 136 'getelementptr' 'pool_ap_fixed_ap_fixed_8_5_5_3_0_int_int_int_int_int_local_input_3_addr_1' <Predicate = (trunc_ln36 == 0)> <Delay = 0.00>
ST_15 : Operation 137 [1/1] (0.00ns)   --->   "%pool_ap_fixed_ap_fixed_8_5_5_3_0_int_int_int_int_int_local_input_2_addr_1 = getelementptr i8 %pool_ap_fixed_ap_fixed_8_5_5_3_0_int_int_int_int_int_local_input_2, i64 0, i64 %zext_ln36_3" [../src/pool.cpp:36]   --->   Operation 137 'getelementptr' 'pool_ap_fixed_ap_fixed_8_5_5_3_0_int_int_int_int_int_local_input_2_addr_1' <Predicate = (trunc_ln36 == 1)> <Delay = 0.00>
ST_15 : Operation 138 [1/1] (0.00ns)   --->   "%pool_ap_fixed_ap_fixed_8_5_5_3_0_int_int_int_int_int_local_input_1_addr_1 = getelementptr i8 %pool_ap_fixed_ap_fixed_8_5_5_3_0_int_int_int_int_int_local_input_1, i64 0, i64 %zext_ln36_3" [../src/pool.cpp:36]   --->   Operation 138 'getelementptr' 'pool_ap_fixed_ap_fixed_8_5_5_3_0_int_int_int_int_int_local_input_1_addr_1' <Predicate = (trunc_ln36 == 2)> <Delay = 0.00>
ST_15 : Operation 139 [1/1] (0.00ns)   --->   "%pool_ap_fixed_ap_fixed_8_5_5_3_0_int_int_int_int_int_local_input_addr_1 = getelementptr i8 %pool_ap_fixed_ap_fixed_8_5_5_3_0_int_int_int_int_int_local_input, i64 0, i64 %zext_ln36_3" [../src/pool.cpp:36]   --->   Operation 139 'getelementptr' 'pool_ap_fixed_ap_fixed_8_5_5_3_0_int_int_int_int_int_local_input_addr_1' <Predicate = (trunc_ln36 == 3)> <Delay = 0.00>
ST_15 : Operation 140 [2/2] (3.25ns)   --->   "%pool_ap_fixed_ap_fixed_8_5_5_3_0_int_int_int_int_int_local_input_4_load_1 = load i11 %pool_ap_fixed_ap_fixed_8_5_5_3_0_int_int_int_int_int_local_input_4_addr_1" [../src/pool.cpp:36]   --->   Operation 140 'load' 'pool_ap_fixed_ap_fixed_8_5_5_3_0_int_int_int_int_int_local_input_4_load_1' <Predicate = (trunc_ln36 == 4)> <Delay = 3.25> <CoreInst = "RAM_2P_BRAM">   --->   Core 90 'RAM_2P_BRAM' <Latency = 1> <II = 1> <Delay = 3.25> <Storage> <Opcode : 'load' 'store'> <Ports = 2> <Width = 8> <Depth = 1255> <RAM>
ST_15 : Operation 141 [2/2] (3.25ns)   --->   "%pool_ap_fixed_ap_fixed_8_5_5_3_0_int_int_int_int_int_local_input_3_load_1 = load i11 %pool_ap_fixed_ap_fixed_8_5_5_3_0_int_int_int_int_int_local_input_3_addr_1" [../src/pool.cpp:36]   --->   Operation 141 'load' 'pool_ap_fixed_ap_fixed_8_5_5_3_0_int_int_int_int_int_local_input_3_load_1' <Predicate = (trunc_ln36 == 0)> <Delay = 3.25> <CoreInst = "RAM_2P_BRAM">   --->   Core 90 'RAM_2P_BRAM' <Latency = 1> <II = 1> <Delay = 3.25> <Storage> <Opcode : 'load' 'store'> <Ports = 2> <Width = 8> <Depth = 1255> <RAM>
ST_15 : Operation 142 [2/2] (3.25ns)   --->   "%pool_ap_fixed_ap_fixed_8_5_5_3_0_int_int_int_int_int_local_input_2_load_1 = load i11 %pool_ap_fixed_ap_fixed_8_5_5_3_0_int_int_int_int_int_local_input_2_addr_1" [../src/pool.cpp:36]   --->   Operation 142 'load' 'pool_ap_fixed_ap_fixed_8_5_5_3_0_int_int_int_int_int_local_input_2_load_1' <Predicate = (trunc_ln36 == 1)> <Delay = 3.25> <CoreInst = "RAM_2P_BRAM">   --->   Core 90 'RAM_2P_BRAM' <Latency = 1> <II = 1> <Delay = 3.25> <Storage> <Opcode : 'load' 'store'> <Ports = 2> <Width = 8> <Depth = 1255> <RAM>
ST_15 : Operation 143 [2/2] (3.25ns)   --->   "%pool_ap_fixed_ap_fixed_8_5_5_3_0_int_int_int_int_int_local_input_1_load_1 = load i11 %pool_ap_fixed_ap_fixed_8_5_5_3_0_int_int_int_int_int_local_input_1_addr_1" [../src/pool.cpp:36]   --->   Operation 143 'load' 'pool_ap_fixed_ap_fixed_8_5_5_3_0_int_int_int_int_int_local_input_1_load_1' <Predicate = (trunc_ln36 == 2)> <Delay = 3.25> <CoreInst = "RAM_2P_BRAM">   --->   Core 90 'RAM_2P_BRAM' <Latency = 1> <II = 1> <Delay = 3.25> <Storage> <Opcode : 'load' 'store'> <Ports = 2> <Width = 8> <Depth = 1255> <RAM>
ST_15 : Operation 144 [2/2] (3.25ns)   --->   "%pool_ap_fixed_ap_fixed_8_5_5_3_0_int_int_int_int_int_local_input_load_1 = load i11 %pool_ap_fixed_ap_fixed_8_5_5_3_0_int_int_int_int_int_local_input_addr_1" [../src/pool.cpp:36]   --->   Operation 144 'load' 'pool_ap_fixed_ap_fixed_8_5_5_3_0_int_int_int_int_int_local_input_load_1' <Predicate = (trunc_ln36 == 3)> <Delay = 3.25> <CoreInst = "RAM_2P_BRAM">   --->   Core 90 'RAM_2P_BRAM' <Latency = 1> <II = 1> <Delay = 3.25> <Storage> <Opcode : 'load' 'store'> <Ports = 2> <Width = 8> <Depth = 1255> <RAM>
ST_15 : Operation 145 [1/1] (0.00ns)   --->   "%zext_ln36_5 = zext i11 %tmp_3" [../src/pool.cpp:36]   --->   Operation 145 'zext' 'zext_ln36_5' <Predicate = true> <Delay = 0.00>
ST_15 : Operation 146 [1/1] (0.00ns)   --->   "%pool_ap_fixed_ap_fixed_8_5_5_3_0_int_int_int_int_int_local_input_4_addr_2 = getelementptr i8 %pool_ap_fixed_ap_fixed_8_5_5_3_0_int_int_int_int_int_local_input_4, i64 0, i64 %zext_ln36_5" [../src/pool.cpp:36]   --->   Operation 146 'getelementptr' 'pool_ap_fixed_ap_fixed_8_5_5_3_0_int_int_int_int_int_local_input_4_addr_2' <Predicate = (trunc_ln36 == 2)> <Delay = 0.00>
ST_15 : Operation 147 [1/1] (0.00ns)   --->   "%pool_ap_fixed_ap_fixed_8_5_5_3_0_int_int_int_int_int_local_input_3_addr_2 = getelementptr i8 %pool_ap_fixed_ap_fixed_8_5_5_3_0_int_int_int_int_int_local_input_3, i64 0, i64 %zext_ln36_5" [../src/pool.cpp:36]   --->   Operation 147 'getelementptr' 'pool_ap_fixed_ap_fixed_8_5_5_3_0_int_int_int_int_int_local_input_3_addr_2' <Predicate = (trunc_ln36 == 3)> <Delay = 0.00>
ST_15 : Operation 148 [1/1] (0.00ns)   --->   "%pool_ap_fixed_ap_fixed_8_5_5_3_0_int_int_int_int_int_local_input_2_addr_2 = getelementptr i8 %pool_ap_fixed_ap_fixed_8_5_5_3_0_int_int_int_int_int_local_input_2, i64 0, i64 %zext_ln36_5" [../src/pool.cpp:36]   --->   Operation 148 'getelementptr' 'pool_ap_fixed_ap_fixed_8_5_5_3_0_int_int_int_int_int_local_input_2_addr_2' <Predicate = (trunc_ln36 == 4)> <Delay = 0.00>
ST_15 : Operation 149 [1/1] (0.00ns)   --->   "%pool_ap_fixed_ap_fixed_8_5_5_3_0_int_int_int_int_int_local_input_1_addr_2 = getelementptr i8 %pool_ap_fixed_ap_fixed_8_5_5_3_0_int_int_int_int_int_local_input_1, i64 0, i64 %zext_ln36_5" [../src/pool.cpp:36]   --->   Operation 149 'getelementptr' 'pool_ap_fixed_ap_fixed_8_5_5_3_0_int_int_int_int_int_local_input_1_addr_2' <Predicate = (trunc_ln36 == 0)> <Delay = 0.00>
ST_15 : Operation 150 [1/1] (0.00ns)   --->   "%pool_ap_fixed_ap_fixed_8_5_5_3_0_int_int_int_int_int_local_input_addr_2 = getelementptr i8 %pool_ap_fixed_ap_fixed_8_5_5_3_0_int_int_int_int_int_local_input, i64 0, i64 %zext_ln36_5" [../src/pool.cpp:36]   --->   Operation 150 'getelementptr' 'pool_ap_fixed_ap_fixed_8_5_5_3_0_int_int_int_int_int_local_input_addr_2' <Predicate = (trunc_ln36 == 1)> <Delay = 0.00>
ST_15 : Operation 151 [2/2] (3.25ns)   --->   "%pool_ap_fixed_ap_fixed_8_5_5_3_0_int_int_int_int_int_local_input_4_load_2 = load i11 %pool_ap_fixed_ap_fixed_8_5_5_3_0_int_int_int_int_int_local_input_4_addr_2" [../src/pool.cpp:36]   --->   Operation 151 'load' 'pool_ap_fixed_ap_fixed_8_5_5_3_0_int_int_int_int_int_local_input_4_load_2' <Predicate = (trunc_ln36 == 2)> <Delay = 3.25> <CoreInst = "RAM_2P_BRAM">   --->   Core 90 'RAM_2P_BRAM' <Latency = 1> <II = 1> <Delay = 3.25> <Storage> <Opcode : 'load' 'store'> <Ports = 2> <Width = 8> <Depth = 1255> <RAM>
ST_15 : Operation 152 [2/2] (3.25ns)   --->   "%pool_ap_fixed_ap_fixed_8_5_5_3_0_int_int_int_int_int_local_input_3_load_2 = load i11 %pool_ap_fixed_ap_fixed_8_5_5_3_0_int_int_int_int_int_local_input_3_addr_2" [../src/pool.cpp:36]   --->   Operation 152 'load' 'pool_ap_fixed_ap_fixed_8_5_5_3_0_int_int_int_int_int_local_input_3_load_2' <Predicate = (trunc_ln36 == 3)> <Delay = 3.25> <CoreInst = "RAM_2P_BRAM">   --->   Core 90 'RAM_2P_BRAM' <Latency = 1> <II = 1> <Delay = 3.25> <Storage> <Opcode : 'load' 'store'> <Ports = 2> <Width = 8> <Depth = 1255> <RAM>
ST_15 : Operation 153 [2/2] (3.25ns)   --->   "%pool_ap_fixed_ap_fixed_8_5_5_3_0_int_int_int_int_int_local_input_2_load_2 = load i11 %pool_ap_fixed_ap_fixed_8_5_5_3_0_int_int_int_int_int_local_input_2_addr_2" [../src/pool.cpp:36]   --->   Operation 153 'load' 'pool_ap_fixed_ap_fixed_8_5_5_3_0_int_int_int_int_int_local_input_2_load_2' <Predicate = (trunc_ln36 == 4)> <Delay = 3.25> <CoreInst = "RAM_2P_BRAM">   --->   Core 90 'RAM_2P_BRAM' <Latency = 1> <II = 1> <Delay = 3.25> <Storage> <Opcode : 'load' 'store'> <Ports = 2> <Width = 8> <Depth = 1255> <RAM>
ST_15 : Operation 154 [2/2] (3.25ns)   --->   "%pool_ap_fixed_ap_fixed_8_5_5_3_0_int_int_int_int_int_local_input_1_load_2 = load i11 %pool_ap_fixed_ap_fixed_8_5_5_3_0_int_int_int_int_int_local_input_1_addr_2" [../src/pool.cpp:36]   --->   Operation 154 'load' 'pool_ap_fixed_ap_fixed_8_5_5_3_0_int_int_int_int_int_local_input_1_load_2' <Predicate = (trunc_ln36 == 0)> <Delay = 3.25> <CoreInst = "RAM_2P_BRAM">   --->   Core 90 'RAM_2P_BRAM' <Latency = 1> <II = 1> <Delay = 3.25> <Storage> <Opcode : 'load' 'store'> <Ports = 2> <Width = 8> <Depth = 1255> <RAM>
ST_15 : Operation 155 [2/2] (3.25ns)   --->   "%pool_ap_fixed_ap_fixed_8_5_5_3_0_int_int_int_int_int_local_input_load_2 = load i11 %pool_ap_fixed_ap_fixed_8_5_5_3_0_int_int_int_int_int_local_input_addr_2" [../src/pool.cpp:36]   --->   Operation 155 'load' 'pool_ap_fixed_ap_fixed_8_5_5_3_0_int_int_int_int_int_local_input_load_2' <Predicate = (trunc_ln36 == 1)> <Delay = 3.25> <CoreInst = "RAM_2P_BRAM">   --->   Core 90 'RAM_2P_BRAM' <Latency = 1> <II = 1> <Delay = 3.25> <Storage> <Opcode : 'load' 'store'> <Ports = 2> <Width = 8> <Depth = 1255> <RAM>

State 16 <SV = 15> <Delay = 8.10>
ST_16 : Operation 156 [1/2] ( I:3.25ns O:3.25ns )   --->   "%pool_ap_fixed_ap_fixed_8_5_5_3_0_int_int_int_int_int_local_input_4_load = load i11 %pool_ap_fixed_ap_fixed_8_5_5_3_0_int_int_int_int_int_local_input_4_addr" [../src/pool.cpp:36]   --->   Operation 156 'load' 'pool_ap_fixed_ap_fixed_8_5_5_3_0_int_int_int_int_int_local_input_4_load' <Predicate = (trunc_ln36 == 0)> <Delay = 3.25> <CoreInst = "RAM_2P_BRAM">   --->   Core 90 'RAM_2P_BRAM' <Latency = 1> <II = 1> <Delay = 3.25> <Storage> <Opcode : 'load' 'store'> <Ports = 2> <Width = 8> <Depth = 1255> <RAM>
ST_16 : Operation 157 [1/2] ( I:3.25ns O:3.25ns )   --->   "%pool_ap_fixed_ap_fixed_8_5_5_3_0_int_int_int_int_int_local_input_3_load = load i11 %pool_ap_fixed_ap_fixed_8_5_5_3_0_int_int_int_int_int_local_input_3_addr" [../src/pool.cpp:36]   --->   Operation 157 'load' 'pool_ap_fixed_ap_fixed_8_5_5_3_0_int_int_int_int_int_local_input_3_load' <Predicate = (trunc_ln36 == 1)> <Delay = 3.25> <CoreInst = "RAM_2P_BRAM">   --->   Core 90 'RAM_2P_BRAM' <Latency = 1> <II = 1> <Delay = 3.25> <Storage> <Opcode : 'load' 'store'> <Ports = 2> <Width = 8> <Depth = 1255> <RAM>
ST_16 : Operation 158 [1/2] ( I:3.25ns O:3.25ns )   --->   "%pool_ap_fixed_ap_fixed_8_5_5_3_0_int_int_int_int_int_local_input_2_load = load i11 %pool_ap_fixed_ap_fixed_8_5_5_3_0_int_int_int_int_int_local_input_2_addr" [../src/pool.cpp:36]   --->   Operation 158 'load' 'pool_ap_fixed_ap_fixed_8_5_5_3_0_int_int_int_int_int_local_input_2_load' <Predicate = (trunc_ln36 == 2)> <Delay = 3.25> <CoreInst = "RAM_2P_BRAM">   --->   Core 90 'RAM_2P_BRAM' <Latency = 1> <II = 1> <Delay = 3.25> <Storage> <Opcode : 'load' 'store'> <Ports = 2> <Width = 8> <Depth = 1255> <RAM>
ST_16 : Operation 159 [1/2] ( I:3.25ns O:3.25ns )   --->   "%pool_ap_fixed_ap_fixed_8_5_5_3_0_int_int_int_int_int_local_input_1_load = load i11 %pool_ap_fixed_ap_fixed_8_5_5_3_0_int_int_int_int_int_local_input_1_addr" [../src/pool.cpp:36]   --->   Operation 159 'load' 'pool_ap_fixed_ap_fixed_8_5_5_3_0_int_int_int_int_int_local_input_1_load' <Predicate = (trunc_ln36 == 3)> <Delay = 3.25> <CoreInst = "RAM_2P_BRAM">   --->   Core 90 'RAM_2P_BRAM' <Latency = 1> <II = 1> <Delay = 3.25> <Storage> <Opcode : 'load' 'store'> <Ports = 2> <Width = 8> <Depth = 1255> <RAM>
ST_16 : Operation 160 [1/2] ( I:3.25ns O:3.25ns )   --->   "%pool_ap_fixed_ap_fixed_8_5_5_3_0_int_int_int_int_int_local_input_load = load i11 %pool_ap_fixed_ap_fixed_8_5_5_3_0_int_int_int_int_int_local_input_addr" [../src/pool.cpp:36]   --->   Operation 160 'load' 'pool_ap_fixed_ap_fixed_8_5_5_3_0_int_int_int_int_int_local_input_load' <Predicate = (trunc_ln36 == 4)> <Delay = 3.25> <CoreInst = "RAM_2P_BRAM">   --->   Core 90 'RAM_2P_BRAM' <Latency = 1> <II = 1> <Delay = 3.25> <Storage> <Opcode : 'load' 'store'> <Ports = 2> <Width = 8> <Depth = 1255> <RAM>
ST_16 : Operation 161 [1/1] (1.94ns)   --->   "%val_4 = sparsemux i8 @_ssdm_op_SparseMux.ap_auto.5i8.i8.i3, i3 0, i8 %pool_ap_fixed_ap_fixed_8_5_5_3_0_int_int_int_int_int_local_input_4_load, i3 1, i8 %pool_ap_fixed_ap_fixed_8_5_5_3_0_int_int_int_int_int_local_input_3_load, i3 2, i8 %pool_ap_fixed_ap_fixed_8_5_5_3_0_int_int_int_int_int_local_input_2_load, i3 3, i8 %pool_ap_fixed_ap_fixed_8_5_5_3_0_int_int_int_int_int_local_input_1_load, i3 4, i8 %pool_ap_fixed_ap_fixed_8_5_5_3_0_int_int_int_int_int_local_input_load, i8 0, i3 %trunc_ln36" [../src/pool.cpp:36]   --->   Operation 161 'sparsemux' 'val_4' <Predicate = true> <Delay = 1.94> <CoreInst = "BinarySparseMux_DontCare">   --->   Core 137 'BinarySparseMux_DontCare' <Latency = 0> <II = 1> <Delay = 1.94> <FuncUnit> <Opcode : 'sparsemux'> <InPorts = 2> <OutPorts = 1>
ST_16 : Operation 162 [1/1] (0.00ns)   --->   "%trunc_ln36_1 = trunc i8 %val_4" [../src/pool.cpp:36]   --->   Operation 162 'trunc' 'trunc_ln36_1' <Predicate = true> <Delay = 0.00>
ST_16 : Operation 163 [1/1] (1.91ns)   --->   "%icmp_ln37 = icmp_sgt  i8 %val_4, i8 0" [../src/pool.cpp:37]   --->   Operation 163 'icmp' 'icmp_ln37' <Predicate = true> <Delay = 1.91> <CoreInst = "Cmp">   --->   Core 9 'Cmp' <Latency = 0> <II = 1> <Delay = 1.91> <FuncUnit> <Opcode : 'seteq' 'setne' 'setle' 'setge' 'setlt' 'setgt'> <InPorts = 2> <OutPorts = 1>
ST_16 : Operation 164 [1/1] (0.99ns)   --->   "%max_val_1 = select i1 %icmp_ln37, i7 %trunc_ln36_1, i7 0" [../src/pool.cpp:37]   --->   Operation 164 'select' 'max_val_1' <Predicate = true> <Delay = 0.99> <CoreInst = "Sel">   --->   Core 73 'Sel' <Latency = 0> <II = 1> <Delay = 0.99> <FuncUnit> <Opcode : 'select'> <InPorts = 3> <OutPorts = 1>
ST_16 : Operation 165 [1/2] ( I:3.25ns O:3.25ns )   --->   "%pool_ap_fixed_ap_fixed_8_5_5_3_0_int_int_int_int_int_local_input_4_load_1 = load i11 %pool_ap_fixed_ap_fixed_8_5_5_3_0_int_int_int_int_int_local_input_4_addr_1" [../src/pool.cpp:36]   --->   Operation 165 'load' 'pool_ap_fixed_ap_fixed_8_5_5_3_0_int_int_int_int_int_local_input_4_load_1' <Predicate = (trunc_ln36 == 4)> <Delay = 3.25> <CoreInst = "RAM_2P_BRAM">   --->   Core 90 'RAM_2P_BRAM' <Latency = 1> <II = 1> <Delay = 3.25> <Storage> <Opcode : 'load' 'store'> <Ports = 2> <Width = 8> <Depth = 1255> <RAM>
ST_16 : Operation 166 [1/2] ( I:3.25ns O:3.25ns )   --->   "%pool_ap_fixed_ap_fixed_8_5_5_3_0_int_int_int_int_int_local_input_3_load_1 = load i11 %pool_ap_fixed_ap_fixed_8_5_5_3_0_int_int_int_int_int_local_input_3_addr_1" [../src/pool.cpp:36]   --->   Operation 166 'load' 'pool_ap_fixed_ap_fixed_8_5_5_3_0_int_int_int_int_int_local_input_3_load_1' <Predicate = (trunc_ln36 == 0)> <Delay = 3.25> <CoreInst = "RAM_2P_BRAM">   --->   Core 90 'RAM_2P_BRAM' <Latency = 1> <II = 1> <Delay = 3.25> <Storage> <Opcode : 'load' 'store'> <Ports = 2> <Width = 8> <Depth = 1255> <RAM>
ST_16 : Operation 167 [1/2] ( I:3.25ns O:3.25ns )   --->   "%pool_ap_fixed_ap_fixed_8_5_5_3_0_int_int_int_int_int_local_input_2_load_1 = load i11 %pool_ap_fixed_ap_fixed_8_5_5_3_0_int_int_int_int_int_local_input_2_addr_1" [../src/pool.cpp:36]   --->   Operation 167 'load' 'pool_ap_fixed_ap_fixed_8_5_5_3_0_int_int_int_int_int_local_input_2_load_1' <Predicate = (trunc_ln36 == 1)> <Delay = 3.25> <CoreInst = "RAM_2P_BRAM">   --->   Core 90 'RAM_2P_BRAM' <Latency = 1> <II = 1> <Delay = 3.25> <Storage> <Opcode : 'load' 'store'> <Ports = 2> <Width = 8> <Depth = 1255> <RAM>
ST_16 : Operation 168 [1/2] ( I:3.25ns O:3.25ns )   --->   "%pool_ap_fixed_ap_fixed_8_5_5_3_0_int_int_int_int_int_local_input_1_load_1 = load i11 %pool_ap_fixed_ap_fixed_8_5_5_3_0_int_int_int_int_int_local_input_1_addr_1" [../src/pool.cpp:36]   --->   Operation 168 'load' 'pool_ap_fixed_ap_fixed_8_5_5_3_0_int_int_int_int_int_local_input_1_load_1' <Predicate = (trunc_ln36 == 2)> <Delay = 3.25> <CoreInst = "RAM_2P_BRAM">   --->   Core 90 'RAM_2P_BRAM' <Latency = 1> <II = 1> <Delay = 3.25> <Storage> <Opcode : 'load' 'store'> <Ports = 2> <Width = 8> <Depth = 1255> <RAM>
ST_16 : Operation 169 [1/2] ( I:3.25ns O:3.25ns )   --->   "%pool_ap_fixed_ap_fixed_8_5_5_3_0_int_int_int_int_int_local_input_load_1 = load i11 %pool_ap_fixed_ap_fixed_8_5_5_3_0_int_int_int_int_int_local_input_addr_1" [../src/pool.cpp:36]   --->   Operation 169 'load' 'pool_ap_fixed_ap_fixed_8_5_5_3_0_int_int_int_int_int_local_input_load_1' <Predicate = (trunc_ln36 == 3)> <Delay = 3.25> <CoreInst = "RAM_2P_BRAM">   --->   Core 90 'RAM_2P_BRAM' <Latency = 1> <II = 1> <Delay = 3.25> <Storage> <Opcode : 'load' 'store'> <Ports = 2> <Width = 8> <Depth = 1255> <RAM>
ST_16 : Operation 170 [1/1] (1.94ns)   --->   "%val = sparsemux i8 @_ssdm_op_SparseMux.ap_auto.5i8.i8.i3, i3 4, i8 %pool_ap_fixed_ap_fixed_8_5_5_3_0_int_int_int_int_int_local_input_4_load_1, i3 0, i8 %pool_ap_fixed_ap_fixed_8_5_5_3_0_int_int_int_int_int_local_input_3_load_1, i3 1, i8 %pool_ap_fixed_ap_fixed_8_5_5_3_0_int_int_int_int_int_local_input_2_load_1, i3 2, i8 %pool_ap_fixed_ap_fixed_8_5_5_3_0_int_int_int_int_int_local_input_1_load_1, i3 3, i8 %pool_ap_fixed_ap_fixed_8_5_5_3_0_int_int_int_int_int_local_input_load_1, i8 0, i3 %trunc_ln36" [../src/pool.cpp:36]   --->   Operation 170 'sparsemux' 'val' <Predicate = true> <Delay = 1.94> <CoreInst = "BinarySparseMux_DontCare">   --->   Core 137 'BinarySparseMux_DontCare' <Latency = 0> <II = 1> <Delay = 1.94> <FuncUnit> <Opcode : 'sparsemux'> <InPorts = 2> <OutPorts = 1>
ST_16 : Operation 171 [1/1] (0.00ns)   --->   "%trunc_ln36_2 = trunc i8 %val" [../src/pool.cpp:36]   --->   Operation 171 'trunc' 'trunc_ln36_2' <Predicate = true> <Delay = 0.00>
ST_16 : Operation 172 [1/2] ( I:3.25ns O:3.25ns )   --->   "%pool_ap_fixed_ap_fixed_8_5_5_3_0_int_int_int_int_int_local_input_4_load_2 = load i11 %pool_ap_fixed_ap_fixed_8_5_5_3_0_int_int_int_int_int_local_input_4_addr_2" [../src/pool.cpp:36]   --->   Operation 172 'load' 'pool_ap_fixed_ap_fixed_8_5_5_3_0_int_int_int_int_int_local_input_4_load_2' <Predicate = (trunc_ln36 == 2)> <Delay = 3.25> <CoreInst = "RAM_2P_BRAM">   --->   Core 90 'RAM_2P_BRAM' <Latency = 1> <II = 1> <Delay = 3.25> <Storage> <Opcode : 'load' 'store'> <Ports = 2> <Width = 8> <Depth = 1255> <RAM>
ST_16 : Operation 173 [1/2] ( I:3.25ns O:3.25ns )   --->   "%pool_ap_fixed_ap_fixed_8_5_5_3_0_int_int_int_int_int_local_input_3_load_2 = load i11 %pool_ap_fixed_ap_fixed_8_5_5_3_0_int_int_int_int_int_local_input_3_addr_2" [../src/pool.cpp:36]   --->   Operation 173 'load' 'pool_ap_fixed_ap_fixed_8_5_5_3_0_int_int_int_int_int_local_input_3_load_2' <Predicate = (trunc_ln36 == 3)> <Delay = 3.25> <CoreInst = "RAM_2P_BRAM">   --->   Core 90 'RAM_2P_BRAM' <Latency = 1> <II = 1> <Delay = 3.25> <Storage> <Opcode : 'load' 'store'> <Ports = 2> <Width = 8> <Depth = 1255> <RAM>
ST_16 : Operation 174 [1/2] ( I:3.25ns O:3.25ns )   --->   "%pool_ap_fixed_ap_fixed_8_5_5_3_0_int_int_int_int_int_local_input_2_load_2 = load i11 %pool_ap_fixed_ap_fixed_8_5_5_3_0_int_int_int_int_int_local_input_2_addr_2" [../src/pool.cpp:36]   --->   Operation 174 'load' 'pool_ap_fixed_ap_fixed_8_5_5_3_0_int_int_int_int_int_local_input_2_load_2' <Predicate = (trunc_ln36 == 4)> <Delay = 3.25> <CoreInst = "RAM_2P_BRAM">   --->   Core 90 'RAM_2P_BRAM' <Latency = 1> <II = 1> <Delay = 3.25> <Storage> <Opcode : 'load' 'store'> <Ports = 2> <Width = 8> <Depth = 1255> <RAM>
ST_16 : Operation 175 [1/2] ( I:3.25ns O:3.25ns )   --->   "%pool_ap_fixed_ap_fixed_8_5_5_3_0_int_int_int_int_int_local_input_1_load_2 = load i11 %pool_ap_fixed_ap_fixed_8_5_5_3_0_int_int_int_int_int_local_input_1_addr_2" [../src/pool.cpp:36]   --->   Operation 175 'load' 'pool_ap_fixed_ap_fixed_8_5_5_3_0_int_int_int_int_int_local_input_1_load_2' <Predicate = (trunc_ln36 == 0)> <Delay = 3.25> <CoreInst = "RAM_2P_BRAM">   --->   Core 90 'RAM_2P_BRAM' <Latency = 1> <II = 1> <Delay = 3.25> <Storage> <Opcode : 'load' 'store'> <Ports = 2> <Width = 8> <Depth = 1255> <RAM>
ST_16 : Operation 176 [1/2] ( I:3.25ns O:3.25ns )   --->   "%pool_ap_fixed_ap_fixed_8_5_5_3_0_int_int_int_int_int_local_input_load_2 = load i11 %pool_ap_fixed_ap_fixed_8_5_5_3_0_int_int_int_int_int_local_input_addr_2" [../src/pool.cpp:36]   --->   Operation 176 'load' 'pool_ap_fixed_ap_fixed_8_5_5_3_0_int_int_int_int_int_local_input_load_2' <Predicate = (trunc_ln36 == 1)> <Delay = 3.25> <CoreInst = "RAM_2P_BRAM">   --->   Core 90 'RAM_2P_BRAM' <Latency = 1> <II = 1> <Delay = 3.25> <Storage> <Opcode : 'load' 'store'> <Ports = 2> <Width = 8> <Depth = 1255> <RAM>
ST_16 : Operation 177 [1/1] (1.94ns)   --->   "%val_5 = sparsemux i8 @_ssdm_op_SparseMux.ap_auto.5i8.i8.i3, i3 2, i8 %pool_ap_fixed_ap_fixed_8_5_5_3_0_int_int_int_int_int_local_input_4_load_2, i3 3, i8 %pool_ap_fixed_ap_fixed_8_5_5_3_0_int_int_int_int_int_local_input_3_load_2, i3 4, i8 %pool_ap_fixed_ap_fixed_8_5_5_3_0_int_int_int_int_int_local_input_2_load_2, i3 0, i8 %pool_ap_fixed_ap_fixed_8_5_5_3_0_int_int_int_int_int_local_input_1_load_2, i3 1, i8 %pool_ap_fixed_ap_fixed_8_5_5_3_0_int_int_int_int_int_local_input_load_2, i8 0, i3 %trunc_ln36" [../src/pool.cpp:36]   --->   Operation 177 'sparsemux' 'val_5' <Predicate = true> <Delay = 1.94> <CoreInst = "BinarySparseMux_DontCare">   --->   Core 137 'BinarySparseMux_DontCare' <Latency = 0> <II = 1> <Delay = 1.94> <FuncUnit> <Opcode : 'sparsemux'> <InPorts = 2> <OutPorts = 1>
ST_16 : Operation 178 [1/1] (0.00ns)   --->   "%trunc_ln36_3 = trunc i8 %val_5" [../src/pool.cpp:36]   --->   Operation 178 'trunc' 'trunc_ln36_3' <Predicate = true> <Delay = 0.00>
ST_16 : Operation 179 [1/1] (0.00ns)   --->   "%zext_ln36_6 = zext i11 %tmp_4" [../src/pool.cpp:36]   --->   Operation 179 'zext' 'zext_ln36_6' <Predicate = true> <Delay = 0.00>
ST_16 : Operation 180 [1/1] (0.00ns)   --->   "%pool_ap_fixed_ap_fixed_8_5_5_3_0_int_int_int_int_int_local_input_4_addr_3 = getelementptr i8 %pool_ap_fixed_ap_fixed_8_5_5_3_0_int_int_int_int_int_local_input_4, i64 0, i64 %zext_ln36_6" [../src/pool.cpp:36]   --->   Operation 180 'getelementptr' 'pool_ap_fixed_ap_fixed_8_5_5_3_0_int_int_int_int_int_local_input_4_addr_3' <Predicate = (trunc_ln36 == 1)> <Delay = 0.00>
ST_16 : Operation 181 [1/1] (0.00ns)   --->   "%pool_ap_fixed_ap_fixed_8_5_5_3_0_int_int_int_int_int_local_input_3_addr_3 = getelementptr i8 %pool_ap_fixed_ap_fixed_8_5_5_3_0_int_int_int_int_int_local_input_3, i64 0, i64 %zext_ln36_6" [../src/pool.cpp:36]   --->   Operation 181 'getelementptr' 'pool_ap_fixed_ap_fixed_8_5_5_3_0_int_int_int_int_int_local_input_3_addr_3' <Predicate = (trunc_ln36 == 2)> <Delay = 0.00>
ST_16 : Operation 182 [1/1] (0.00ns)   --->   "%pool_ap_fixed_ap_fixed_8_5_5_3_0_int_int_int_int_int_local_input_2_addr_3 = getelementptr i8 %pool_ap_fixed_ap_fixed_8_5_5_3_0_int_int_int_int_int_local_input_2, i64 0, i64 %zext_ln36_6" [../src/pool.cpp:36]   --->   Operation 182 'getelementptr' 'pool_ap_fixed_ap_fixed_8_5_5_3_0_int_int_int_int_int_local_input_2_addr_3' <Predicate = (trunc_ln36 == 3)> <Delay = 0.00>
ST_16 : Operation 183 [1/1] (0.00ns)   --->   "%pool_ap_fixed_ap_fixed_8_5_5_3_0_int_int_int_int_int_local_input_1_addr_3 = getelementptr i8 %pool_ap_fixed_ap_fixed_8_5_5_3_0_int_int_int_int_int_local_input_1, i64 0, i64 %zext_ln36_6" [../src/pool.cpp:36]   --->   Operation 183 'getelementptr' 'pool_ap_fixed_ap_fixed_8_5_5_3_0_int_int_int_int_int_local_input_1_addr_3' <Predicate = (trunc_ln36 == 4)> <Delay = 0.00>
ST_16 : Operation 184 [1/1] (0.00ns)   --->   "%pool_ap_fixed_ap_fixed_8_5_5_3_0_int_int_int_int_int_local_input_addr_3 = getelementptr i8 %pool_ap_fixed_ap_fixed_8_5_5_3_0_int_int_int_int_int_local_input, i64 0, i64 %zext_ln36_6" [../src/pool.cpp:36]   --->   Operation 184 'getelementptr' 'pool_ap_fixed_ap_fixed_8_5_5_3_0_int_int_int_int_int_local_input_addr_3' <Predicate = (trunc_ln36 == 0)> <Delay = 0.00>
ST_16 : Operation 185 [2/2] (3.25ns)   --->   "%pool_ap_fixed_ap_fixed_8_5_5_3_0_int_int_int_int_int_local_input_4_load_3 = load i11 %pool_ap_fixed_ap_fixed_8_5_5_3_0_int_int_int_int_int_local_input_4_addr_3" [../src/pool.cpp:36]   --->   Operation 185 'load' 'pool_ap_fixed_ap_fixed_8_5_5_3_0_int_int_int_int_int_local_input_4_load_3' <Predicate = (trunc_ln36 == 1)> <Delay = 3.25> <CoreInst = "RAM_2P_BRAM">   --->   Core 90 'RAM_2P_BRAM' <Latency = 1> <II = 1> <Delay = 3.25> <Storage> <Opcode : 'load' 'store'> <Ports = 2> <Width = 8> <Depth = 1255> <RAM>
ST_16 : Operation 186 [2/2] (3.25ns)   --->   "%pool_ap_fixed_ap_fixed_8_5_5_3_0_int_int_int_int_int_local_input_3_load_3 = load i11 %pool_ap_fixed_ap_fixed_8_5_5_3_0_int_int_int_int_int_local_input_3_addr_3" [../src/pool.cpp:36]   --->   Operation 186 'load' 'pool_ap_fixed_ap_fixed_8_5_5_3_0_int_int_int_int_int_local_input_3_load_3' <Predicate = (trunc_ln36 == 2)> <Delay = 3.25> <CoreInst = "RAM_2P_BRAM">   --->   Core 90 'RAM_2P_BRAM' <Latency = 1> <II = 1> <Delay = 3.25> <Storage> <Opcode : 'load' 'store'> <Ports = 2> <Width = 8> <Depth = 1255> <RAM>
ST_16 : Operation 187 [2/2] (3.25ns)   --->   "%pool_ap_fixed_ap_fixed_8_5_5_3_0_int_int_int_int_int_local_input_2_load_3 = load i11 %pool_ap_fixed_ap_fixed_8_5_5_3_0_int_int_int_int_int_local_input_2_addr_3" [../src/pool.cpp:36]   --->   Operation 187 'load' 'pool_ap_fixed_ap_fixed_8_5_5_3_0_int_int_int_int_int_local_input_2_load_3' <Predicate = (trunc_ln36 == 3)> <Delay = 3.25> <CoreInst = "RAM_2P_BRAM">   --->   Core 90 'RAM_2P_BRAM' <Latency = 1> <II = 1> <Delay = 3.25> <Storage> <Opcode : 'load' 'store'> <Ports = 2> <Width = 8> <Depth = 1255> <RAM>
ST_16 : Operation 188 [2/2] (3.25ns)   --->   "%pool_ap_fixed_ap_fixed_8_5_5_3_0_int_int_int_int_int_local_input_1_load_3 = load i11 %pool_ap_fixed_ap_fixed_8_5_5_3_0_int_int_int_int_int_local_input_1_addr_3" [../src/pool.cpp:36]   --->   Operation 188 'load' 'pool_ap_fixed_ap_fixed_8_5_5_3_0_int_int_int_int_int_local_input_1_load_3' <Predicate = (trunc_ln36 == 4)> <Delay = 3.25> <CoreInst = "RAM_2P_BRAM">   --->   Core 90 'RAM_2P_BRAM' <Latency = 1> <II = 1> <Delay = 3.25> <Storage> <Opcode : 'load' 'store'> <Ports = 2> <Width = 8> <Depth = 1255> <RAM>
ST_16 : Operation 189 [2/2] (3.25ns)   --->   "%pool_ap_fixed_ap_fixed_8_5_5_3_0_int_int_int_int_int_local_input_load_3 = load i11 %pool_ap_fixed_ap_fixed_8_5_5_3_0_int_int_int_int_int_local_input_addr_3" [../src/pool.cpp:36]   --->   Operation 189 'load' 'pool_ap_fixed_ap_fixed_8_5_5_3_0_int_int_int_int_int_local_input_load_3' <Predicate = (trunc_ln36 == 0)> <Delay = 3.25> <CoreInst = "RAM_2P_BRAM">   --->   Core 90 'RAM_2P_BRAM' <Latency = 1> <II = 1> <Delay = 3.25> <Storage> <Opcode : 'load' 'store'> <Ports = 2> <Width = 8> <Depth = 1255> <RAM>

State 17 <SV = 16> <Delay = 8.72>
ST_17 : Operation 190 [1/1] (0.00ns)   --->   "%zext_ln28 = zext i7 %max_val_1" [../src/pool.cpp:28]   --->   Operation 190 'zext' 'zext_ln28' <Predicate = true> <Delay = 0.00>
ST_17 : Operation 191 [1/1] (1.91ns)   --->   "%icmp_ln37_1 = icmp_sgt  i8 %val, i8 %zext_ln28" [../src/pool.cpp:37]   --->   Operation 191 'icmp' 'icmp_ln37_1' <Predicate = true> <Delay = 1.91> <CoreInst = "Cmp">   --->   Core 9 'Cmp' <Latency = 0> <II = 1> <Delay = 1.91> <FuncUnit> <Opcode : 'seteq' 'setne' 'setle' 'setge' 'setlt' 'setgt'> <InPorts = 2> <OutPorts = 1>
ST_17 : Operation 192 [1/1] (0.99ns)   --->   "%max_val_2 = select i1 %icmp_ln37_1, i7 %trunc_ln36_2, i7 %max_val_1" [../src/pool.cpp:37]   --->   Operation 192 'select' 'max_val_2' <Predicate = true> <Delay = 0.99> <CoreInst = "Sel">   --->   Core 73 'Sel' <Latency = 0> <II = 1> <Delay = 0.99> <FuncUnit> <Opcode : 'select'> <InPorts = 3> <OutPorts = 1>
ST_17 : Operation 193 [1/1] (0.00ns)   --->   "%zext_ln28_1 = zext i7 %max_val_2" [../src/pool.cpp:28]   --->   Operation 193 'zext' 'zext_ln28_1' <Predicate = true> <Delay = 0.00>
ST_17 : Operation 194 [1/1] (1.91ns)   --->   "%icmp_ln37_2 = icmp_sgt  i8 %val_5, i8 %zext_ln28_1" [../src/pool.cpp:37]   --->   Operation 194 'icmp' 'icmp_ln37_2' <Predicate = true> <Delay = 1.91> <CoreInst = "Cmp">   --->   Core 9 'Cmp' <Latency = 0> <II = 1> <Delay = 1.91> <FuncUnit> <Opcode : 'seteq' 'setne' 'setle' 'setge' 'setlt' 'setgt'> <InPorts = 2> <OutPorts = 1>
ST_17 : Operation 195 [1/1] (0.99ns)   --->   "%max_val_4 = select i1 %icmp_ln37_2, i7 %trunc_ln36_3, i7 %max_val_2" [../src/pool.cpp:37]   --->   Operation 195 'select' 'max_val_4' <Predicate = true> <Delay = 0.99> <CoreInst = "Sel">   --->   Core 73 'Sel' <Latency = 0> <II = 1> <Delay = 0.99> <FuncUnit> <Opcode : 'select'> <InPorts = 3> <OutPorts = 1>
ST_17 : Operation 196 [1/1] (0.00ns)   --->   "%zext_ln28_2 = zext i7 %max_val_4" [../src/pool.cpp:28]   --->   Operation 196 'zext' 'zext_ln28_2' <Predicate = true> <Delay = 0.00>
ST_17 : Operation 197 [1/2] ( I:3.25ns O:3.25ns )   --->   "%pool_ap_fixed_ap_fixed_8_5_5_3_0_int_int_int_int_int_local_input_4_load_3 = load i11 %pool_ap_fixed_ap_fixed_8_5_5_3_0_int_int_int_int_int_local_input_4_addr_3" [../src/pool.cpp:36]   --->   Operation 197 'load' 'pool_ap_fixed_ap_fixed_8_5_5_3_0_int_int_int_int_int_local_input_4_load_3' <Predicate = (trunc_ln36 == 1)> <Delay = 3.25> <CoreInst = "RAM_2P_BRAM">   --->   Core 90 'RAM_2P_BRAM' <Latency = 1> <II = 1> <Delay = 3.25> <Storage> <Opcode : 'load' 'store'> <Ports = 2> <Width = 8> <Depth = 1255> <RAM>
ST_17 : Operation 198 [1/2] ( I:3.25ns O:3.25ns )   --->   "%pool_ap_fixed_ap_fixed_8_5_5_3_0_int_int_int_int_int_local_input_3_load_3 = load i11 %pool_ap_fixed_ap_fixed_8_5_5_3_0_int_int_int_int_int_local_input_3_addr_3" [../src/pool.cpp:36]   --->   Operation 198 'load' 'pool_ap_fixed_ap_fixed_8_5_5_3_0_int_int_int_int_int_local_input_3_load_3' <Predicate = (trunc_ln36 == 2)> <Delay = 3.25> <CoreInst = "RAM_2P_BRAM">   --->   Core 90 'RAM_2P_BRAM' <Latency = 1> <II = 1> <Delay = 3.25> <Storage> <Opcode : 'load' 'store'> <Ports = 2> <Width = 8> <Depth = 1255> <RAM>
ST_17 : Operation 199 [1/2] ( I:3.25ns O:3.25ns )   --->   "%pool_ap_fixed_ap_fixed_8_5_5_3_0_int_int_int_int_int_local_input_2_load_3 = load i11 %pool_ap_fixed_ap_fixed_8_5_5_3_0_int_int_int_int_int_local_input_2_addr_3" [../src/pool.cpp:36]   --->   Operation 199 'load' 'pool_ap_fixed_ap_fixed_8_5_5_3_0_int_int_int_int_int_local_input_2_load_3' <Predicate = (trunc_ln36 == 3)> <Delay = 3.25> <CoreInst = "RAM_2P_BRAM">   --->   Core 90 'RAM_2P_BRAM' <Latency = 1> <II = 1> <Delay = 3.25> <Storage> <Opcode : 'load' 'store'> <Ports = 2> <Width = 8> <Depth = 1255> <RAM>
ST_17 : Operation 200 [1/2] ( I:3.25ns O:3.25ns )   --->   "%pool_ap_fixed_ap_fixed_8_5_5_3_0_int_int_int_int_int_local_input_1_load_3 = load i11 %pool_ap_fixed_ap_fixed_8_5_5_3_0_int_int_int_int_int_local_input_1_addr_3" [../src/pool.cpp:36]   --->   Operation 200 'load' 'pool_ap_fixed_ap_fixed_8_5_5_3_0_int_int_int_int_int_local_input_1_load_3' <Predicate = (trunc_ln36 == 4)> <Delay = 3.25> <CoreInst = "RAM_2P_BRAM">   --->   Core 90 'RAM_2P_BRAM' <Latency = 1> <II = 1> <Delay = 3.25> <Storage> <Opcode : 'load' 'store'> <Ports = 2> <Width = 8> <Depth = 1255> <RAM>
ST_17 : Operation 201 [1/2] ( I:3.25ns O:3.25ns )   --->   "%pool_ap_fixed_ap_fixed_8_5_5_3_0_int_int_int_int_int_local_input_load_3 = load i11 %pool_ap_fixed_ap_fixed_8_5_5_3_0_int_int_int_int_int_local_input_addr_3" [../src/pool.cpp:36]   --->   Operation 201 'load' 'pool_ap_fixed_ap_fixed_8_5_5_3_0_int_int_int_int_int_local_input_load_3' <Predicate = (trunc_ln36 == 0)> <Delay = 3.25> <CoreInst = "RAM_2P_BRAM">   --->   Core 90 'RAM_2P_BRAM' <Latency = 1> <II = 1> <Delay = 3.25> <Storage> <Opcode : 'load' 'store'> <Ports = 2> <Width = 8> <Depth = 1255> <RAM>
ST_17 : Operation 202 [1/1] (1.94ns)   --->   "%val_3 = sparsemux i8 @_ssdm_op_SparseMux.ap_auto.5i8.i8.i3, i3 1, i8 %pool_ap_fixed_ap_fixed_8_5_5_3_0_int_int_int_int_int_local_input_4_load_3, i3 2, i8 %pool_ap_fixed_ap_fixed_8_5_5_3_0_int_int_int_int_int_local_input_3_load_3, i3 3, i8 %pool_ap_fixed_ap_fixed_8_5_5_3_0_int_int_int_int_int_local_input_2_load_3, i3 4, i8 %pool_ap_fixed_ap_fixed_8_5_5_3_0_int_int_int_int_int_local_input_1_load_3, i3 0, i8 %pool_ap_fixed_ap_fixed_8_5_5_3_0_int_int_int_int_int_local_input_load_3, i8 0, i3 %trunc_ln36" [../src/pool.cpp:36]   --->   Operation 202 'sparsemux' 'val_3' <Predicate = true> <Delay = 1.94> <CoreInst = "BinarySparseMux_DontCare">   --->   Core 137 'BinarySparseMux_DontCare' <Latency = 0> <II = 1> <Delay = 1.94> <FuncUnit> <Opcode : 'sparsemux'> <InPorts = 2> <OutPorts = 1>
ST_17 : Operation 203 [1/1] (0.00ns)   --->   "%trunc_ln36_4 = trunc i8 %val_3" [../src/pool.cpp:36]   --->   Operation 203 'trunc' 'trunc_ln36_4' <Predicate = true> <Delay = 0.00>
ST_17 : Operation 204 [1/1] (1.91ns)   --->   "%icmp_ln37_3 = icmp_sgt  i8 %val_3, i8 %zext_ln28_2" [../src/pool.cpp:37]   --->   Operation 204 'icmp' 'icmp_ln37_3' <Predicate = true> <Delay = 1.91> <CoreInst = "Cmp">   --->   Core 9 'Cmp' <Latency = 0> <II = 1> <Delay = 1.91> <FuncUnit> <Opcode : 'seteq' 'setne' 'setle' 'setge' 'setlt' 'setgt'> <InPorts = 2> <OutPorts = 1>
ST_17 : Operation 205 [1/1] (0.99ns)   --->   "%max_val_5 = select i1 %icmp_ln37_3, i7 %trunc_ln36_4, i7 %max_val_4" [../src/pool.cpp:37]   --->   Operation 205 'select' 'max_val_5' <Predicate = true> <Delay = 0.99> <CoreInst = "Sel">   --->   Core 73 'Sel' <Latency = 0> <II = 1> <Delay = 0.99> <FuncUnit> <Opcode : 'select'> <InPorts = 3> <OutPorts = 1>
ST_17 : Operation 213 [1/1] (1.58ns)   --->   "%ret_ln0 = ret"   --->   Operation 213 'ret' 'ret_ln0' <Predicate = (icmp_ln23)> <Delay = 1.58>

State 18 <SV = 17> <Delay = 8.75>
ST_18 : Operation 206 [1/1] (0.00ns)   --->   "%gmem0_addr = getelementptr i8 %gmem0, i64 %outputPool_read" [../src/pool.cpp:23]   --->   Operation 206 'getelementptr' 'gmem0_addr' <Predicate = true> <Delay = 0.00>
ST_18 : Operation 207 [1/1] (0.00ns)   --->   "%specloopname_ln0 = specloopname void @_ssdm_op_SpecLoopName, void @CO_LOOP_H_LOOP_W_LOOP_str"   --->   Operation 207 'specloopname' 'specloopname_ln0' <Predicate = true> <Delay = 0.00>
ST_18 : Operation 208 [1/1] (0.00ns)   --->   "%speclooptripcount_ln0 = speclooptripcount void @_ssdm_op_SpecLoopTripCount, i64 1568, i64 1568, i64 1568"   --->   Operation 208 'speclooptripcount' 'speclooptripcount_ln0' <Predicate = true> <Delay = 0.00>
ST_18 : Operation 209 [1/1] (0.00ns)   --->   "%specpipeline_ln26 = specpipeline void @_ssdm_op_SpecPipeline, i32 1, i32 0, i32 0, i32 0, i32 4294967295, void @empty_8" [../src/pool.cpp:26]   --->   Operation 209 'specpipeline' 'specpipeline_ln26' <Predicate = true> <Delay = 0.00>
ST_18 : Operation 210 [1/1] (0.00ns)   --->   "%zext_ln28_3 = zext i7 %max_val_5" [../src/pool.cpp:28]   --->   Operation 210 'zext' 'zext_ln28_3' <Predicate = true> <Delay = 0.00>
ST_18 : Operation 211 [1/1] ( I:8.75ns O:8.75ns )   --->   "%write_ln40 = write void @_ssdm_op_Write.m_axi.p1i8.i8, i8 %gmem0_addr, i8 %zext_ln28_3, i1 1" [../src/pool.cpp:40]   --->   Operation 211 'write' 'write_ln40' <Predicate = true> <Delay = 8.75> <CoreInst = "m_axi">   --->   Core 111 'm_axi' <Latency = 5> <II = 1> <Delay = 1.00> <Adapter> <Opcode : 'readrequnaligned' 'writerequnaligned' 'read' 'write' 'readreq' 'writereq' 'writeresp'>
ST_18 : Operation 212 [1/1] (0.00ns)   --->   "%br_ln25 = br void %if.end.i.i.i" [../src/pool.cpp:25]   --->   Operation 212 'br' 'br_ln25' <Predicate = true> <Delay = 0.00>


============================================================
+ Verbose Summary: Binding
============================================================
STG Binding: 
---------------- STG Properties BEGIN ----------------
- Is combinational: 0
- Is one-state seq: 0
- Is datapath-only: 0
- Is pipelined: 0
- Is top level: 0
Port [ Return ] is wired: 1; IO mode=ap_ctrl_hs:ce=0
Port [ gmem0]:  wired=1; compound=1; hidden=0; nouse=0; global=0; static=0; extern=0; dir=1; type=4; pingpong=0; private_global=0; IO mode=m_axi:ce=0
Port [ outputPool]:  wired=1; compound=0; hidden=0; nouse=0; global=0; static=0; extern=0; dir=0; type=0; pingpong=0; private_global=0; IO mode=ap_none:ce=0
Port [ pool_ap_fixed_ap_fixed_8_5_5_3_0_int_int_int_int_int_local_input_4]:  wired=1; compound=1; hidden=0; nouse=0; global=1; static=1; extern=0; dir=0; type=1; pingpong=0; private_global=0; MemPort=[11]; IO mode=ap_memory:ce=0
Port [ pool_ap_fixed_ap_fixed_8_5_5_3_0_int_int_int_int_int_local_input_3]:  wired=1; compound=1; hidden=0; nouse=0; global=1; static=1; extern=0; dir=0; type=1; pingpong=0; private_global=0; MemPort=[11]; IO mode=ap_memory:ce=0
Port [ pool_ap_fixed_ap_fixed_8_5_5_3_0_int_int_int_int_int_local_input_2]:  wired=1; compound=1; hidden=0; nouse=0; global=1; static=1; extern=0; dir=0; type=1; pingpong=0; private_global=0; MemPort=[11]; IO mode=ap_memory:ce=0
Port [ pool_ap_fixed_ap_fixed_8_5_5_3_0_int_int_int_int_int_local_input_1]:  wired=1; compound=1; hidden=0; nouse=0; global=1; static=1; extern=0; dir=0; type=1; pingpong=0; private_global=0; MemPort=[11]; IO mode=ap_memory:ce=0
Port [ pool_ap_fixed_ap_fixed_8_5_5_3_0_int_int_int_int_int_local_input]:  wired=1; compound=1; hidden=0; nouse=0; global=1; static=1; extern=0; dir=0; type=1; pingpong=0; private_global=0; MemPort=[11]; IO mode=ap_memory:ce=0
---------------- STG Properties END ------------------

---------------- Datapath Model BEGIN ----------------

<LifeTime>
<method=bitvector/>
w                                                                         (alloca           ) [ 0110000000000000000]
h                                                                         (alloca           ) [ 0110000000000000000]
indvar_flatten                                                            (alloca           ) [ 0110000000000000000]
co                                                                        (alloca           ) [ 0110000000000000000]
indvar_flatten12                                                          (alloca           ) [ 0100000000000000000]
specmemcore_ln0                                                           (specmemcore      ) [ 0000000000000000000]
specmemcore_ln0                                                           (specmemcore      ) [ 0000000000000000000]
specmemcore_ln0                                                           (specmemcore      ) [ 0000000000000000000]
specmemcore_ln0                                                           (specmemcore      ) [ 0000000000000000000]
specmemcore_ln0                                                           (specmemcore      ) [ 0000000000000000000]
specinterface_ln0                                                         (specinterface    ) [ 0000000000000000000]
outputPool_read                                                           (read             ) [ 0111111111111111111]
store_ln0                                                                 (store            ) [ 0000000000000000000]
store_ln23                                                                (store            ) [ 0000000000000000000]
store_ln0                                                                 (store            ) [ 0000000000000000000]
store_ln24                                                                (store            ) [ 0000000000000000000]
store_ln25                                                                (store            ) [ 0000000000000000000]
br_ln0                                                                    (br               ) [ 0000000000000000000]
indvar_flatten12_load                                                     (load             ) [ 0000000000000000000]
icmp_ln23                                                                 (icmp             ) [ 0111111111111111110]
add_ln23                                                                  (add              ) [ 0000000000000000000]
br_ln23                                                                   (br               ) [ 0000000000000000000]
store_ln23                                                                (store            ) [ 0000000000000000000]
w_load                                                                    (load             ) [ 0000000000000000000]
h_load                                                                    (load             ) [ 0000000000000000000]
indvar_flatten_load                                                       (load             ) [ 0000000000000000000]
co_load                                                                   (load             ) [ 0000000000000000000]
icmp_ln24                                                                 (icmp             ) [ 0000000000000000000]
select_ln23                                                               (select           ) [ 0000000000000000000]
xor_ln23                                                                  (xor              ) [ 0000000000000000000]
icmp_ln25                                                                 (icmp             ) [ 0000000000000000000]
and_ln23                                                                  (and              ) [ 0000000000000000000]
add_ln23_1                                                                (add              ) [ 0000000000000000000]
select_ln23_1                                                             (select           ) [ 0101111111111100000]
add_ln24                                                                  (add              ) [ 0000000000000000000]
empty                                                                     (or               ) [ 0000000000000000000]
w_mid2                                                                    (select           ) [ 0101111111111110000]
select_ln24                                                               (select           ) [ 0101000000000000000]
zext_ln34                                                                 (zext             ) [ 0000000000000000000]
trunc_ln34                                                                (trunc            ) [ 0000000000000000000]
p_shl1                                                                    (bitconcatenate   ) [ 0000000000000000000]
add_ln34_1                                                                (add              ) [ 0101000000000000000]
add_ln25                                                                  (add              ) [ 0000000000000000000]
add_ln24_1                                                                (add              ) [ 0000000000000000000]
select_ln24_1                                                             (select           ) [ 0000000000000000000]
store_ln23                                                                (store            ) [ 0000000000000000000]
store_ln24                                                                (store            ) [ 0000000000000000000]
store_ln24                                                                (store            ) [ 0000000000000000000]
store_ln25                                                                (store            ) [ 0000000000000000000]
zext_ln34_1                                                               (zext             ) [ 0000000000000000000]
p_shl2                                                                    (bitconcatenate   ) [ 0000000000000000000]
tmp                                                                       (bitconcatenate   ) [ 0000000000000000000]
zext_ln34_2                                                               (zext             ) [ 0000000000000000000]
sub_ln34                                                                  (sub              ) [ 0000000000000000000]
zext_ln34_3                                                               (zext             ) [ 0000000000000000000]
p_shl                                                                     (bitconcatenate   ) [ 0000000000000000000]
zext_ln34_4                                                               (zext             ) [ 0000000000000000000]
sub_ln34_1                                                                (sub              ) [ 0100111111111100000]
shl_ln                                                                    (bitconcatenate   ) [ 0100111111111110000]
zext_ln34_8                                                               (zext             ) [ 0000000000000000000]
add_ln34_4                                                                (add              ) [ 0000000000000000000]
zext_ln34_9                                                               (zext             ) [ 0000000000000000000]
add_ln34_5                                                                (add              ) [ 0100111111111110000]
zext_ln24                                                                 (zext             ) [ 0000000000000000000]
mul_ln24                                                                  (mul              ) [ 0000000000000000000]
zext_ln34_5                                                               (zext             ) [ 0000000000000000000]
add_ln34                                                                  (add              ) [ 0100000000000010000]
add_ln34_2                                                                (add              ) [ 0000000000000000000]
zext_ln34_6                                                               (zext             ) [ 0000000000000000000]
add_ln34_3                                                                (add              ) [ 0100000000000010000]
zext_ln34_7                                                               (zext             ) [ 0000000000000000000]
add_ln34_6                                                                (add              ) [ 0000000000000000000]
zext_ln36_1                                                               (zext             ) [ 0000000000000000000]
mul_ln36                                                                  (mul              ) [ 0000000000000000000]
tmp_1                                                                     (partselect       ) [ 0100000000000001000]
urem_ln36                                                                 (urem             ) [ 0000000000000000000]
trunc_ln36                                                                (trunc            ) [ 0100000000000001110]
or_ln                                                                     (bitconcatenate   ) [ 0000000000000000000]
zext_ln34_10                                                              (zext             ) [ 0000000000000000000]
add_ln34_7                                                                (add              ) [ 0000000000000000000]
zext_ln36_2                                                               (zext             ) [ 0000000000000000000]
mul_ln36_1                                                                (mul              ) [ 0000000000000000000]
tmp_2                                                                     (partselect       ) [ 0100000000000001000]
add_ln34_8                                                                (add              ) [ 0000000000000000000]
zext_ln36_4                                                               (zext             ) [ 0000000000000000000]
mul_ln36_2                                                                (mul              ) [ 0000000000000000000]
tmp_3                                                                     (partselect       ) [ 0100000000000001000]
add_ln34_9                                                                (add              ) [ 0000000000000000000]
zext_ln36_7                                                               (zext             ) [ 0000000000000000000]
mul_ln36_3                                                                (mul              ) [ 0000000000000000000]
tmp_4                                                                     (partselect       ) [ 0100000000000001100]
zext_ln36                                                                 (zext             ) [ 0000000000000000000]
pool_ap_fixed_ap_fixed_8_5_5_3_0_int_int_int_int_int_local_input_4_addr   (getelementptr    ) [ 0100000000000000100]
pool_ap_fixed_ap_fixed_8_5_5_3_0_int_int_int_int_int_local_input_3_addr   (getelementptr    ) [ 0100000000000000100]
pool_ap_fixed_ap_fixed_8_5_5_3_0_int_int_int_int_int_local_input_2_addr   (getelementptr    ) [ 0100000000000000100]
pool_ap_fixed_ap_fixed_8_5_5_3_0_int_int_int_int_int_local_input_1_addr   (getelementptr    ) [ 0100000000000000100]
pool_ap_fixed_ap_fixed_8_5_5_3_0_int_int_int_int_int_local_input_addr     (getelementptr    ) [ 0100000000000000100]
zext_ln36_3                                                               (zext             ) [ 0000000000000000000]
pool_ap_fixed_ap_fixed_8_5_5_3_0_int_int_int_int_int_local_input_4_addr_1 (getelementptr    ) [ 0100000000000000100]
pool_ap_fixed_ap_fixed_8_5_5_3_0_int_int_int_int_int_local_input_3_addr_1 (getelementptr    ) [ 0100000000000000100]
pool_ap_fixed_ap_fixed_8_5_5_3_0_int_int_int_int_int_local_input_2_addr_1 (getelementptr    ) [ 0100000000000000100]
pool_ap_fixed_ap_fixed_8_5_5_3_0_int_int_int_int_int_local_input_1_addr_1 (getelementptr    ) [ 0100000000000000100]
pool_ap_fixed_ap_fixed_8_5_5_3_0_int_int_int_int_int_local_input_addr_1   (getelementptr    ) [ 0100000000000000100]
zext_ln36_5                                                               (zext             ) [ 0000000000000000000]
pool_ap_fixed_ap_fixed_8_5_5_3_0_int_int_int_int_int_local_input_4_addr_2 (getelementptr    ) [ 0100000000000000100]
pool_ap_fixed_ap_fixed_8_5_5_3_0_int_int_int_int_int_local_input_3_addr_2 (getelementptr    ) [ 0100000000000000100]
pool_ap_fixed_ap_fixed_8_5_5_3_0_int_int_int_int_int_local_input_2_addr_2 (getelementptr    ) [ 0100000000000000100]
pool_ap_fixed_ap_fixed_8_5_5_3_0_int_int_int_int_int_local_input_1_addr_2 (getelementptr    ) [ 0100000000000000100]
pool_ap_fixed_ap_fixed_8_5_5_3_0_int_int_int_int_int_local_input_addr_2   (getelementptr    ) [ 0100000000000000100]
pool_ap_fixed_ap_fixed_8_5_5_3_0_int_int_int_int_int_local_input_4_load   (load             ) [ 0000000000000000000]
pool_ap_fixed_ap_fixed_8_5_5_3_0_int_int_int_int_int_local_input_3_load   (load             ) [ 0000000000000000000]
pool_ap_fixed_ap_fixed_8_5_5_3_0_int_int_int_int_int_local_input_2_load   (load             ) [ 0000000000000000000]
pool_ap_fixed_ap_fixed_8_5_5_3_0_int_int_int_int_int_local_input_1_load   (load             ) [ 0000000000000000000]
pool_ap_fixed_ap_fixed_8_5_5_3_0_int_int_int_int_int_local_input_load     (load             ) [ 0000000000000000000]
val_4                                                                     (sparsemux        ) [ 0000000000000000000]
trunc_ln36_1                                                              (trunc            ) [ 0000000000000000000]
icmp_ln37                                                                 (icmp             ) [ 0000000000000000000]
max_val_1                                                                 (select           ) [ 0100000000000000010]
pool_ap_fixed_ap_fixed_8_5_5_3_0_int_int_int_int_int_local_input_4_load_1 (load             ) [ 0000000000000000000]
pool_ap_fixed_ap_fixed_8_5_5_3_0_int_int_int_int_int_local_input_3_load_1 (load             ) [ 0000000000000000000]
pool_ap_fixed_ap_fixed_8_5_5_3_0_int_int_int_int_int_local_input_2_load_1 (load             ) [ 0000000000000000000]
pool_ap_fixed_ap_fixed_8_5_5_3_0_int_int_int_int_int_local_input_1_load_1 (load             ) [ 0000000000000000000]
pool_ap_fixed_ap_fixed_8_5_5_3_0_int_int_int_int_int_local_input_load_1   (load             ) [ 0000000000000000000]
val                                                                       (sparsemux        ) [ 0100000000000000010]
trunc_ln36_2                                                              (trunc            ) [ 0100000000000000010]
pool_ap_fixed_ap_fixed_8_5_5_3_0_int_int_int_int_int_local_input_4_load_2 (load             ) [ 0000000000000000000]
pool_ap_fixed_ap_fixed_8_5_5_3_0_int_int_int_int_int_local_input_3_load_2 (load             ) [ 0000000000000000000]
pool_ap_fixed_ap_fixed_8_5_5_3_0_int_int_int_int_int_local_input_2_load_2 (load             ) [ 0000000000000000000]
pool_ap_fixed_ap_fixed_8_5_5_3_0_int_int_int_int_int_local_input_1_load_2 (load             ) [ 0000000000000000000]
pool_ap_fixed_ap_fixed_8_5_5_3_0_int_int_int_int_int_local_input_load_2   (load             ) [ 0000000000000000000]
val_5                                                                     (sparsemux        ) [ 0100000000000000010]
trunc_ln36_3                                                              (trunc            ) [ 0100000000000000010]
zext_ln36_6                                                               (zext             ) [ 0000000000000000000]
pool_ap_fixed_ap_fixed_8_5_5_3_0_int_int_int_int_int_local_input_4_addr_3 (getelementptr    ) [ 0100000000000000010]
pool_ap_fixed_ap_fixed_8_5_5_3_0_int_int_int_int_int_local_input_3_addr_3 (getelementptr    ) [ 0100000000000000010]
pool_ap_fixed_ap_fixed_8_5_5_3_0_int_int_int_int_int_local_input_2_addr_3 (getelementptr    ) [ 0100000000000000010]
pool_ap_fixed_ap_fixed_8_5_5_3_0_int_int_int_int_int_local_input_1_addr_3 (getelementptr    ) [ 0100000000000000010]
pool_ap_fixed_ap_fixed_8_5_5_3_0_int_int_int_int_int_local_input_addr_3   (getelementptr    ) [ 0100000000000000010]
zext_ln28                                                                 (zext             ) [ 0000000000000000000]
icmp_ln37_1                                                               (icmp             ) [ 0000000000000000000]
max_val_2                                                                 (select           ) [ 0000000000000000000]
zext_ln28_1                                                               (zext             ) [ 0000000000000000000]
icmp_ln37_2                                                               (icmp             ) [ 0000000000000000000]
max_val_4                                                                 (select           ) [ 0000000000000000000]
zext_ln28_2                                                               (zext             ) [ 0000000000000000000]
pool_ap_fixed_ap_fixed_8_5_5_3_0_int_int_int_int_int_local_input_4_load_3 (load             ) [ 0000000000000000000]
pool_ap_fixed_ap_fixed_8_5_5_3_0_int_int_int_int_int_local_input_3_load_3 (load             ) [ 0000000000000000000]
pool_ap_fixed_ap_fixed_8_5_5_3_0_int_int_int_int_int_local_input_2_load_3 (load             ) [ 0000000000000000000]
pool_ap_fixed_ap_fixed_8_5_5_3_0_int_int_int_int_int_local_input_1_load_3 (load             ) [ 0000000000000000000]
pool_ap_fixed_ap_fixed_8_5_5_3_0_int_int_int_int_int_local_input_load_3   (load             ) [ 0000000000000000000]
val_3                                                                     (sparsemux        ) [ 0000000000000000000]
trunc_ln36_4                                                              (trunc            ) [ 0000000000000000000]
icmp_ln37_3                                                               (icmp             ) [ 0000000000000000000]
max_val_5                                                                 (select           ) [ 0100000000000000001]
gmem0_addr                                                                (getelementptr    ) [ 0000000000000000000]
specloopname_ln0                                                          (specloopname     ) [ 0000000000000000000]
speclooptripcount_ln0                                                     (speclooptripcount) [ 0000000000000000000]
specpipeline_ln26                                                         (specpipeline     ) [ 0000000000000000000]
zext_ln28_3                                                               (zext             ) [ 0000000000000000000]
write_ln40                                                                (write            ) [ 0000000000000000000]
br_ln25                                                                   (br               ) [ 0000000000000000000]
ret_ln0                                                                   (ret              ) [ 0000000000000000000]
</LifeTime>

<model>

<comp_list>
<comp id="0" class="1000" name="gmem0">
<pin_list>
<pin id="1" dir="1" index="0" bw="1" slack="0"/>
</pin_list>
<bind>
<StgValue><ssdm name="gmem0"/><MemPortTyVec>1 </MemPortTyVec>
</StgValue>
</bind>
</comp>

<comp id="2" class="1000" name="outputPool">
<pin_list>
<pin id="3" dir="1" index="0" bw="1" slack="0"/>
</pin_list>
<bind>
<StgValue><ssdm name="outputPool"/></StgValue>
</bind>
</comp>

<comp id="4" class="1000" name="pool_ap_fixed_ap_fixed_8_5_5_3_0_int_int_int_int_int_local_input_4">
<pin_list>
<pin id="5" dir="1" index="0" bw="1" slack="0"/>
</pin_list>
<bind>
<StgValue><ssdm name="pool_ap_fixed_ap_fixed_8_5_5_3_0_int_int_int_int_int_local_input_4"/><MemPortTyVec>1 1 </MemPortTyVec>
</StgValue>
</bind>
</comp>

<comp id="6" class="1000" name="pool_ap_fixed_ap_fixed_8_5_5_3_0_int_int_int_int_int_local_input_3">
<pin_list>
<pin id="7" dir="1" index="0" bw="1" slack="0"/>
</pin_list>
<bind>
<StgValue><ssdm name="pool_ap_fixed_ap_fixed_8_5_5_3_0_int_int_int_int_int_local_input_3"/><MemPortTyVec>1 1 </MemPortTyVec>
</StgValue>
</bind>
</comp>

<comp id="8" class="1000" name="pool_ap_fixed_ap_fixed_8_5_5_3_0_int_int_int_int_int_local_input_2">
<pin_list>
<pin id="9" dir="1" index="0" bw="1" slack="0"/>
</pin_list>
<bind>
<StgValue><ssdm name="pool_ap_fixed_ap_fixed_8_5_5_3_0_int_int_int_int_int_local_input_2"/><MemPortTyVec>1 1 </MemPortTyVec>
</StgValue>
</bind>
</comp>

<comp id="10" class="1000" name="pool_ap_fixed_ap_fixed_8_5_5_3_0_int_int_int_int_int_local_input_1">
<pin_list>
<pin id="11" dir="1" index="0" bw="1" slack="0"/>
</pin_list>
<bind>
<StgValue><ssdm name="pool_ap_fixed_ap_fixed_8_5_5_3_0_int_int_int_int_int_local_input_1"/><MemPortTyVec>1 1 </MemPortTyVec>
</StgValue>
</bind>
</comp>

<comp id="12" class="1000" name="pool_ap_fixed_ap_fixed_8_5_5_3_0_int_int_int_int_int_local_input">
<pin_list>
<pin id="13" dir="1" index="0" bw="1" slack="0"/>
</pin_list>
<bind>
<StgValue><ssdm name="pool_ap_fixed_ap_fixed_8_5_5_3_0_int_int_int_int_int_local_input"/><MemPortTyVec>1 1 </MemPortTyVec>
</StgValue>
</bind>
</comp>

<comp id="14" class="1001" name="const_14">
<pin_list>
<pin id="15" dir="1" index="0" bw="1" slack="0"/>
</pin_list>
<bind>
<StgValue><ssdm name=""/></StgValue>
</bind>
</comp>

<comp id="16" class="1001" name="const_16">
<pin_list>
<pin id="17" dir="1" index="0" bw="1" slack="2147483647"/>
</pin_list>
<bind>
<StgValue><ssdm name="_ssdm_op_SpecMemCore"/></StgValue>
</bind>
</comp>

<comp id="18" class="1001" name="const_18">
<pin_list>
<pin id="19" dir="1" index="0" bw="1" slack="2147483647"/>
</pin_list>
<bind>
<StgValue><ssdm name=""/></StgValue>
</bind>
</comp>

<comp id="20" class="1001" name="const_20">
<pin_list>
<pin id="21" dir="1" index="0" bw="1" slack="2147483647"/>
</pin_list>
<bind>
<StgValue><ssdm name=""/></StgValue>
</bind>
</comp>

<comp id="22" class="1001" name="const_22">
<pin_list>
<pin id="23" dir="1" index="0" bw="1" slack="2147483647"/>
</pin_list>
<bind>
<StgValue><ssdm name=""/></StgValue>
</bind>
</comp>

<comp id="24" class="1001" name="const_24">
<pin_list>
<pin id="25" dir="1" index="0" bw="1" slack="0"/>
</pin_list>
<bind>
<StgValue><ssdm name=""/></StgValue>
</bind>
</comp>

<comp id="26" class="1001" name="const_26">
<pin_list>
<pin id="27" dir="1" index="0" bw="1" slack="2147483647"/>
</pin_list>
<bind>
<StgValue><ssdm name="_ssdm_op_SpecInterface"/></StgValue>
</bind>
</comp>

<comp id="28" class="1001" name="const_28">
<pin_list>
<pin id="29" dir="1" index="0" bw="1" slack="2147483647"/>
</pin_list>
<bind>
<StgValue><ssdm name="empty_7"/></StgValue>
</bind>
</comp>

<comp id="30" class="1001" name="const_30">
<pin_list>
<pin id="31" dir="1" index="0" bw="1" slack="2147483647"/>
</pin_list>
<bind>
<StgValue><ssdm name=""/></StgValue>
</bind>
</comp>

<comp id="32" class="1001" name="const_32">
<pin_list>
<pin id="33" dir="1" index="0" bw="1" slack="2147483647"/>
</pin_list>
<bind>
<StgValue><ssdm name="empty_8"/></StgValue>
</bind>
</comp>

<comp id="34" class="1001" name="const_34">
<pin_list>
<pin id="35" dir="1" index="0" bw="1" slack="2147483647"/>
</pin_list>
<bind>
<StgValue><ssdm name=""/></StgValue>
</bind>
</comp>

<comp id="36" class="1001" name="const_36">
<pin_list>
<pin id="37" dir="1" index="0" bw="1" slack="2147483647"/>
</pin_list>
<bind>
<StgValue><ssdm name="empty_34"/></StgValue>
</bind>
</comp>

<comp id="38" class="1001" name="const_38">
<pin_list>
<pin id="39" dir="1" index="0" bw="1" slack="2147483647"/>
</pin_list>
<bind>
<StgValue><ssdm name="empty_20"/></StgValue>
</bind>
</comp>

<comp id="40" class="1001" name="const_40">
<pin_list>
<pin id="41" dir="1" index="0" bw="1" slack="0"/>
</pin_list>
<bind>
<StgValue><ssdm name=""/></StgValue>
</bind>
</comp>

<comp id="42" class="1001" name="const_42">
<pin_list>
<pin id="43" dir="1" index="0" bw="1" slack="2147483647"/>
</pin_list>
<bind>
<StgValue><ssdm name=""/></StgValue>
</bind>
</comp>

<comp id="44" class="1001" name="const_44">
<pin_list>
<pin id="45" dir="1" index="0" bw="1" slack="0"/>
</pin_list>
<bind>
<StgValue><ssdm name="_ssdm_op_Read.ap_auto.i64"/></StgValue>
</bind>
</comp>

<comp id="46" class="1001" name="const_46">
<pin_list>
<pin id="47" dir="1" index="0" bw="1" slack="0"/>
</pin_list>
<bind>
<StgValue><ssdm name=""/></StgValue>
</bind>
</comp>

<comp id="48" class="1001" name="const_48">
<pin_list>
<pin id="49" dir="1" index="0" bw="1" slack="0"/>
</pin_list>
<bind>
<StgValue><ssdm name=""/></StgValue>
</bind>
</comp>

<comp id="50" class="1001" name="const_50">
<pin_list>
<pin id="51" dir="1" index="0" bw="1" slack="0"/>
</pin_list>
<bind>
<StgValue><ssdm name=""/></StgValue>
</bind>
</comp>

<comp id="52" class="1001" name="const_52">
<pin_list>
<pin id="53" dir="1" index="0" bw="1" slack="0"/>
</pin_list>
<bind>
<StgValue><ssdm name=""/></StgValue>
</bind>
</comp>

<comp id="54" class="1001" name="const_54">
<pin_list>
<pin id="55" dir="1" index="0" bw="1" slack="0"/>
</pin_list>
<bind>
<StgValue><ssdm name=""/></StgValue>
</bind>
</comp>

<comp id="56" class="1001" name="const_56">
<pin_list>
<pin id="57" dir="1" index="0" bw="1" slack="0"/>
</pin_list>
<bind>
<StgValue><ssdm name=""/></StgValue>
</bind>
</comp>

<comp id="58" class="1001" name="const_58">
<pin_list>
<pin id="59" dir="1" index="0" bw="1" slack="0"/>
</pin_list>
<bind>
<StgValue><ssdm name=""/></StgValue>
</bind>
</comp>

<comp id="60" class="1001" name="const_60">
<pin_list>
<pin id="61" dir="1" index="0" bw="1" slack="0"/>
</pin_list>
<bind>
<StgValue><ssdm name=""/></StgValue>
</bind>
</comp>

<comp id="62" class="1001" name="const_62">
<pin_list>
<pin id="63" dir="1" index="0" bw="1" slack="0"/>
</pin_list>
<bind>
<StgValue><ssdm name=""/></StgValue>
</bind>
</comp>

<comp id="64" class="1001" name="const_64">
<pin_list>
<pin id="65" dir="1" index="0" bw="1" slack="0"/>
</pin_list>
<bind>
<StgValue><ssdm name="_ssdm_op_BitConcatenate.i6.i3.i3"/></StgValue>
</bind>
</comp>

<comp id="66" class="1001" name="const_66">
<pin_list>
<pin id="67" dir="1" index="0" bw="1" slack="0"/>
</pin_list>
<bind>
<StgValue><ssdm name=""/></StgValue>
</bind>
</comp>

<comp id="68" class="1001" name="const_68">
<pin_list>
<pin id="69" dir="1" index="0" bw="1" slack="0"/>
</pin_list>
<bind>
<StgValue><ssdm name=""/></StgValue>
</bind>
</comp>

<comp id="70" class="1001" name="const_70">
<pin_list>
<pin id="71" dir="1" index="0" bw="1" slack="0"/>
</pin_list>
<bind>
<StgValue><ssdm name="_ssdm_op_BitConcatenate.i7.i4.i3"/></StgValue>
</bind>
</comp>

<comp id="72" class="1001" name="const_72">
<pin_list>
<pin id="73" dir="1" index="0" bw="1" slack="0"/>
</pin_list>
<bind>
<StgValue><ssdm name="_ssdm_op_BitConcatenate.i5.i4.i1"/></StgValue>
</bind>
</comp>

<comp id="74" class="1001" name="const_74">
<pin_list>
<pin id="75" dir="1" index="0" bw="1" slack="0"/>
</pin_list>
<bind>
<StgValue><ssdm name="_ssdm_op_BitConcatenate.i10.i4.i6"/></StgValue>
</bind>
</comp>

<comp id="76" class="1001" name="const_76">
<pin_list>
<pin id="77" dir="1" index="0" bw="1" slack="0"/>
</pin_list>
<bind>
<StgValue><ssdm name=""/></StgValue>
</bind>
</comp>

<comp id="78" class="1001" name="const_78">
<pin_list>
<pin id="79" dir="1" index="0" bw="1" slack="0"/>
</pin_list>
<bind>
<StgValue><ssdm name=""/></StgValue>
</bind>
</comp>

<comp id="80" class="1001" name="const_80">
<pin_list>
<pin id="81" dir="1" index="0" bw="1" slack="0"/>
</pin_list>
<bind>
<StgValue><ssdm name=""/></StgValue>
</bind>
</comp>

<comp id="82" class="1001" name="const_82">
<pin_list>
<pin id="83" dir="1" index="0" bw="1" slack="0"/>
</pin_list>
<bind>
<StgValue><ssdm name=""/></StgValue>
</bind>
</comp>

<comp id="84" class="1001" name="const_84">
<pin_list>
<pin id="85" dir="1" index="0" bw="1" slack="0"/>
</pin_list>
<bind>
<StgValue><ssdm name=""/></StgValue>
</bind>
</comp>

<comp id="86" class="1001" name="const_86">
<pin_list>
<pin id="87" dir="1" index="0" bw="1" slack="0"/>
</pin_list>
<bind>
<StgValue><ssdm name="_ssdm_op_PartSelect.i11.i27.i32.i32"/></StgValue>
</bind>
</comp>

<comp id="88" class="1001" name="const_88">
<pin_list>
<pin id="89" dir="1" index="0" bw="1" slack="0"/>
</pin_list>
<bind>
<StgValue><ssdm name=""/></StgValue>
</bind>
</comp>

<comp id="90" class="1001" name="const_90">
<pin_list>
<pin id="91" dir="1" index="0" bw="1" slack="0"/>
</pin_list>
<bind>
<StgValue><ssdm name=""/></StgValue>
</bind>
</comp>

<comp id="92" class="1001" name="const_92">
<pin_list>
<pin id="93" dir="1" index="0" bw="1" slack="0"/>
</pin_list>
<bind>
<StgValue><ssdm name="_ssdm_op_SparseMux.ap_auto.5i8.i8.i3"/></StgValue>
</bind>
</comp>

<comp id="94" class="1001" name="const_94">
<pin_list>
<pin id="95" dir="1" index="0" bw="1" slack="0"/>
</pin_list>
<bind>
<StgValue><ssdm name=""/></StgValue>
</bind>
</comp>

<comp id="96" class="1001" name="const_96">
<pin_list>
<pin id="97" dir="1" index="0" bw="1" slack="0"/>
</pin_list>
<bind>
<StgValue><ssdm name=""/></StgValue>
</bind>
</comp>

<comp id="98" class="1001" name="const_98">
<pin_list>
<pin id="99" dir="1" index="0" bw="1" slack="0"/>
</pin_list>
<bind>
<StgValue><ssdm name=""/></StgValue>
</bind>
</comp>

<comp id="100" class="1001" name="const_100">
<pin_list>
<pin id="101" dir="1" index="0" bw="1" slack="0"/>
</pin_list>
<bind>
<StgValue><ssdm name=""/></StgValue>
</bind>
</comp>

<comp id="102" class="1001" name="const_102">
<pin_list>
<pin id="103" dir="1" index="0" bw="1" slack="0"/>
</pin_list>
<bind>
<StgValue><ssdm name=""/></StgValue>
</bind>
</comp>

<comp id="104" class="1001" name="const_104">
<pin_list>
<pin id="105" dir="1" index="0" bw="1" slack="0"/>
</pin_list>
<bind>
<StgValue><ssdm name=""/></StgValue>
</bind>
</comp>

<comp id="106" class="1001" name="const_106">
<pin_list>
<pin id="107" dir="1" index="0" bw="1" slack="2147483647"/>
</pin_list>
<bind>
<StgValue><ssdm name="_ssdm_op_SpecLoopName"/></StgValue>
</bind>
</comp>

<comp id="108" class="1001" name="const_108">
<pin_list>
<pin id="109" dir="1" index="0" bw="1" slack="2147483647"/>
</pin_list>
<bind>
<StgValue><ssdm name="CO_LOOP_H_LOOP_W_LOOP_str"/></StgValue>
</bind>
</comp>

<comp id="110" class="1001" name="const_110">
<pin_list>
<pin id="111" dir="1" index="0" bw="1" slack="2147483647"/>
</pin_list>
<bind>
<StgValue><ssdm name="_ssdm_op_SpecLoopTripCount"/></StgValue>
</bind>
</comp>

<comp id="112" class="1001" name="const_112">
<pin_list>
<pin id="113" dir="1" index="0" bw="1" slack="2147483647"/>
</pin_list>
<bind>
<StgValue><ssdm name=""/></StgValue>
</bind>
</comp>

<comp id="114" class="1001" name="const_114">
<pin_list>
<pin id="115" dir="1" index="0" bw="1" slack="2147483647"/>
</pin_list>
<bind>
<StgValue><ssdm name="_ssdm_op_SpecPipeline"/></StgValue>
</bind>
</comp>

<comp id="116" class="1001" name="const_116">
<pin_list>
<pin id="117" dir="1" index="0" bw="1" slack="0"/>
</pin_list>
<bind>
<StgValue><ssdm name="_ssdm_op_Write.m_axi.p1i8.i8"/></StgValue>
</bind>
</comp>

<comp id="118" class="1004" name="w_fu_118">
<pin_list>
<pin id="119" dir="0" index="0" bw="1" slack="0"/>
<pin id="120" dir="1" index="1" bw="4" slack="0"/>
</pin_list>
<bind>
<opcode="alloca(26) " fcode="alloca"/>
<opset="w/1 "/>
</bind>
</comp>

<comp id="122" class="1004" name="h_fu_122">
<pin_list>
<pin id="123" dir="0" index="0" bw="1" slack="0"/>
<pin id="124" dir="1" index="1" bw="4" slack="0"/>
</pin_list>
<bind>
<opcode="alloca(26) " fcode="alloca"/>
<opset="h/1 "/>
</bind>
</comp>

<comp id="126" class="1004" name="indvar_flatten_fu_126">
<pin_list>
<pin id="127" dir="0" index="0" bw="1" slack="0"/>
<pin id="128" dir="1" index="1" bw="8" slack="0"/>
</pin_list>
<bind>
<opcode="alloca(26) " fcode="alloca"/>
<opset="indvar_flatten/1 "/>
</bind>
</comp>

<comp id="130" class="1004" name="co_fu_130">
<pin_list>
<pin id="131" dir="0" index="0" bw="1" slack="0"/>
<pin id="132" dir="1" index="1" bw="4" slack="0"/>
</pin_list>
<bind>
<opcode="alloca(26) " fcode="alloca"/>
<opset="co/1 "/>
</bind>
</comp>

<comp id="134" class="1004" name="indvar_flatten12_fu_134">
<pin_list>
<pin id="135" dir="0" index="0" bw="1" slack="0"/>
<pin id="136" dir="1" index="1" bw="11" slack="0"/>
</pin_list>
<bind>
<opcode="alloca(26) " fcode="alloca"/>
<opset="indvar_flatten12/1 "/>
</bind>
</comp>

<comp id="138" class="1004" name="outputPool_read_read_fu_138">
<pin_list>
<pin id="139" dir="0" index="0" bw="64" slack="0"/>
<pin id="140" dir="0" index="1" bw="64" slack="0"/>
<pin id="141" dir="1" index="2" bw="64" slack="17"/>
</pin_list>
<bind>
<opcode="read(1150) " fcode="read"/>
<opset="outputPool_read/1 "/>
</bind>
</comp>

<comp id="144" class="1004" name="pool_ap_fixed_ap_fixed_8_5_5_3_0_int_int_int_int_int_local_input_4_addr_gep_fu_144">
<pin_list>
<pin id="145" dir="0" index="0" bw="8" slack="0"/>
<pin id="146" dir="0" index="1" bw="1" slack="0"/>
<pin id="147" dir="0" index="2" bw="11" slack="0"/>
<pin id="148" dir="1" index="3" bw="11" slack="0"/>
</pin_list>
<bind>
<opcode="getelementptr(29) " fcode="getelementptr"/>
<opset="pool_ap_fixed_ap_fixed_8_5_5_3_0_int_int_int_int_int_local_input_4_addr/15 "/>
</bind>
</comp>

<comp id="151" class="1004" name="pool_ap_fixed_ap_fixed_8_5_5_3_0_int_int_int_int_int_local_input_3_addr_gep_fu_151">
<pin_list>
<pin id="152" dir="0" index="0" bw="8" slack="0"/>
<pin id="153" dir="0" index="1" bw="1" slack="0"/>
<pin id="154" dir="0" index="2" bw="11" slack="0"/>
<pin id="155" dir="1" index="3" bw="11" slack="0"/>
</pin_list>
<bind>
<opcode="getelementptr(29) " fcode="getelementptr"/>
<opset="pool_ap_fixed_ap_fixed_8_5_5_3_0_int_int_int_int_int_local_input_3_addr/15 "/>
</bind>
</comp>

<comp id="158" class="1004" name="pool_ap_fixed_ap_fixed_8_5_5_3_0_int_int_int_int_int_local_input_2_addr_gep_fu_158">
<pin_list>
<pin id="159" dir="0" index="0" bw="8" slack="0"/>
<pin id="160" dir="0" index="1" bw="1" slack="0"/>
<pin id="161" dir="0" index="2" bw="11" slack="0"/>
<pin id="162" dir="1" index="3" bw="11" slack="0"/>
</pin_list>
<bind>
<opcode="getelementptr(29) " fcode="getelementptr"/>
<opset="pool_ap_fixed_ap_fixed_8_5_5_3_0_int_int_int_int_int_local_input_2_addr/15 "/>
</bind>
</comp>

<comp id="165" class="1004" name="pool_ap_fixed_ap_fixed_8_5_5_3_0_int_int_int_int_int_local_input_1_addr_gep_fu_165">
<pin_list>
<pin id="166" dir="0" index="0" bw="8" slack="0"/>
<pin id="167" dir="0" index="1" bw="1" slack="0"/>
<pin id="168" dir="0" index="2" bw="11" slack="0"/>
<pin id="169" dir="1" index="3" bw="11" slack="0"/>
</pin_list>
<bind>
<opcode="getelementptr(29) " fcode="getelementptr"/>
<opset="pool_ap_fixed_ap_fixed_8_5_5_3_0_int_int_int_int_int_local_input_1_addr/15 "/>
</bind>
</comp>

<comp id="172" class="1004" name="pool_ap_fixed_ap_fixed_8_5_5_3_0_int_int_int_int_int_local_input_addr_gep_fu_172">
<pin_list>
<pin id="173" dir="0" index="0" bw="8" slack="0"/>
<pin id="174" dir="0" index="1" bw="1" slack="0"/>
<pin id="175" dir="0" index="2" bw="11" slack="0"/>
<pin id="176" dir="1" index="3" bw="11" slack="0"/>
</pin_list>
<bind>
<opcode="getelementptr(29) " fcode="getelementptr"/>
<opset="pool_ap_fixed_ap_fixed_8_5_5_3_0_int_int_int_int_int_local_input_addr/15 "/>
</bind>
</comp>

<comp id="179" class="1004" name="grp_access_fu_179">
<pin_list>
<pin id="180" dir="0" index="0" bw="11" slack="0"/>
<pin id="181" dir="0" index="1" bw="8" slack="2147483647"/>
<pin id="182" dir="0" index="2" bw="0" slack="0"/>
<pin id="184" dir="0" index="4" bw="11" slack="2147483647"/>
<pin id="185" dir="0" index="5" bw="8" slack="2147483647"/>
<pin id="186" dir="0" index="6" bw="0" slack="2147483647"/>
<pin id="183" dir="1" index="3" bw="8" slack="0"/>
<pin id="187" dir="1" index="7" bw="8" slack="0"/>
</pin_list>
<bind>
<opcode="load(27) " fcode="load"/>
<opset="pool_ap_fixed_ap_fixed_8_5_5_3_0_int_int_int_int_int_local_input_4_load/15 pool_ap_fixed_ap_fixed_8_5_5_3_0_int_int_int_int_int_local_input_4_load_1/15 pool_ap_fixed_ap_fixed_8_5_5_3_0_int_int_int_int_int_local_input_4_load_2/15 pool_ap_fixed_ap_fixed_8_5_5_3_0_int_int_int_int_int_local_input_4_load_3/16 "/>
</bind>
</comp>

<comp id="189" class="1004" name="grp_access_fu_189">
<pin_list>
<pin id="190" dir="0" index="0" bw="11" slack="0"/>
<pin id="191" dir="0" index="1" bw="8" slack="2147483647"/>
<pin id="192" dir="0" index="2" bw="0" slack="0"/>
<pin id="194" dir="0" index="4" bw="11" slack="2147483647"/>
<pin id="195" dir="0" index="5" bw="8" slack="2147483647"/>
<pin id="196" dir="0" index="6" bw="0" slack="2147483647"/>
<pin id="193" dir="1" index="3" bw="8" slack="0"/>
<pin id="197" dir="1" index="7" bw="8" slack="0"/>
</pin_list>
<bind>
<opcode="load(27) " fcode="load"/>
<opset="pool_ap_fixed_ap_fixed_8_5_5_3_0_int_int_int_int_int_local_input_3_load/15 pool_ap_fixed_ap_fixed_8_5_5_3_0_int_int_int_int_int_local_input_3_load_1/15 pool_ap_fixed_ap_fixed_8_5_5_3_0_int_int_int_int_int_local_input_3_load_2/15 pool_ap_fixed_ap_fixed_8_5_5_3_0_int_int_int_int_int_local_input_3_load_3/16 "/>
</bind>
</comp>

<comp id="199" class="1004" name="grp_access_fu_199">
<pin_list>
<pin id="200" dir="0" index="0" bw="11" slack="0"/>
<pin id="201" dir="0" index="1" bw="8" slack="2147483647"/>
<pin id="202" dir="0" index="2" bw="0" slack="0"/>
<pin id="204" dir="0" index="4" bw="11" slack="2147483647"/>
<pin id="205" dir="0" index="5" bw="8" slack="2147483647"/>
<pin id="206" dir="0" index="6" bw="0" slack="2147483647"/>
<pin id="203" dir="1" index="3" bw="8" slack="0"/>
<pin id="207" dir="1" index="7" bw="8" slack="0"/>
</pin_list>
<bind>
<opcode="load(27) " fcode="load"/>
<opset="pool_ap_fixed_ap_fixed_8_5_5_3_0_int_int_int_int_int_local_input_2_load/15 pool_ap_fixed_ap_fixed_8_5_5_3_0_int_int_int_int_int_local_input_2_load_1/15 pool_ap_fixed_ap_fixed_8_5_5_3_0_int_int_int_int_int_local_input_2_load_2/15 pool_ap_fixed_ap_fixed_8_5_5_3_0_int_int_int_int_int_local_input_2_load_3/16 "/>
</bind>
</comp>

<comp id="209" class="1004" name="grp_access_fu_209">
<pin_list>
<pin id="210" dir="0" index="0" bw="11" slack="0"/>
<pin id="211" dir="0" index="1" bw="8" slack="2147483647"/>
<pin id="212" dir="0" index="2" bw="0" slack="0"/>
<pin id="214" dir="0" index="4" bw="11" slack="2147483647"/>
<pin id="215" dir="0" index="5" bw="8" slack="2147483647"/>
<pin id="216" dir="0" index="6" bw="0" slack="2147483647"/>
<pin id="213" dir="1" index="3" bw="8" slack="0"/>
<pin id="217" dir="1" index="7" bw="8" slack="0"/>
</pin_list>
<bind>
<opcode="load(27) " fcode="load"/>
<opset="pool_ap_fixed_ap_fixed_8_5_5_3_0_int_int_int_int_int_local_input_1_load/15 pool_ap_fixed_ap_fixed_8_5_5_3_0_int_int_int_int_int_local_input_1_load_1/15 pool_ap_fixed_ap_fixed_8_5_5_3_0_int_int_int_int_int_local_input_1_load_2/15 pool_ap_fixed_ap_fixed_8_5_5_3_0_int_int_int_int_int_local_input_1_load_3/16 "/>
</bind>
</comp>

<comp id="219" class="1004" name="grp_access_fu_219">
<pin_list>
<pin id="220" dir="0" index="0" bw="11" slack="0"/>
<pin id="221" dir="0" index="1" bw="8" slack="2147483647"/>
<pin id="222" dir="0" index="2" bw="0" slack="0"/>
<pin id="224" dir="0" index="4" bw="11" slack="2147483647"/>
<pin id="225" dir="0" index="5" bw="8" slack="2147483647"/>
<pin id="226" dir="0" index="6" bw="0" slack="2147483647"/>
<pin id="223" dir="1" index="3" bw="8" slack="0"/>
<pin id="227" dir="1" index="7" bw="8" slack="0"/>
</pin_list>
<bind>
<opcode="load(27) " fcode="load"/>
<opset="pool_ap_fixed_ap_fixed_8_5_5_3_0_int_int_int_int_int_local_input_load/15 pool_ap_fixed_ap_fixed_8_5_5_3_0_int_int_int_int_int_local_input_load_1/15 pool_ap_fixed_ap_fixed_8_5_5_3_0_int_int_int_int_int_local_input_load_2/15 pool_ap_fixed_ap_fixed_8_5_5_3_0_int_int_int_int_int_local_input_load_3/16 "/>
</bind>
</comp>

<comp id="229" class="1004" name="pool_ap_fixed_ap_fixed_8_5_5_3_0_int_int_int_int_int_local_input_4_addr_1_gep_fu_229">
<pin_list>
<pin id="230" dir="0" index="0" bw="8" slack="0"/>
<pin id="231" dir="0" index="1" bw="1" slack="0"/>
<pin id="232" dir="0" index="2" bw="11" slack="0"/>
<pin id="233" dir="1" index="3" bw="11" slack="0"/>
</pin_list>
<bind>
<opcode="getelementptr(29) " fcode="getelementptr"/>
<opset="pool_ap_fixed_ap_fixed_8_5_5_3_0_int_int_int_int_int_local_input_4_addr_1/15 "/>
</bind>
</comp>

<comp id="236" class="1004" name="pool_ap_fixed_ap_fixed_8_5_5_3_0_int_int_int_int_int_local_input_3_addr_1_gep_fu_236">
<pin_list>
<pin id="237" dir="0" index="0" bw="8" slack="0"/>
<pin id="238" dir="0" index="1" bw="1" slack="0"/>
<pin id="239" dir="0" index="2" bw="11" slack="0"/>
<pin id="240" dir="1" index="3" bw="11" slack="0"/>
</pin_list>
<bind>
<opcode="getelementptr(29) " fcode="getelementptr"/>
<opset="pool_ap_fixed_ap_fixed_8_5_5_3_0_int_int_int_int_int_local_input_3_addr_1/15 "/>
</bind>
</comp>

<comp id="243" class="1004" name="pool_ap_fixed_ap_fixed_8_5_5_3_0_int_int_int_int_int_local_input_2_addr_1_gep_fu_243">
<pin_list>
<pin id="244" dir="0" index="0" bw="8" slack="0"/>
<pin id="245" dir="0" index="1" bw="1" slack="0"/>
<pin id="246" dir="0" index="2" bw="11" slack="0"/>
<pin id="247" dir="1" index="3" bw="11" slack="0"/>
</pin_list>
<bind>
<opcode="getelementptr(29) " fcode="getelementptr"/>
<opset="pool_ap_fixed_ap_fixed_8_5_5_3_0_int_int_int_int_int_local_input_2_addr_1/15 "/>
</bind>
</comp>

<comp id="250" class="1004" name="pool_ap_fixed_ap_fixed_8_5_5_3_0_int_int_int_int_int_local_input_1_addr_1_gep_fu_250">
<pin_list>
<pin id="251" dir="0" index="0" bw="8" slack="0"/>
<pin id="252" dir="0" index="1" bw="1" slack="0"/>
<pin id="253" dir="0" index="2" bw="11" slack="0"/>
<pin id="254" dir="1" index="3" bw="11" slack="0"/>
</pin_list>
<bind>
<opcode="getelementptr(29) " fcode="getelementptr"/>
<opset="pool_ap_fixed_ap_fixed_8_5_5_3_0_int_int_int_int_int_local_input_1_addr_1/15 "/>
</bind>
</comp>

<comp id="257" class="1004" name="pool_ap_fixed_ap_fixed_8_5_5_3_0_int_int_int_int_int_local_input_addr_1_gep_fu_257">
<pin_list>
<pin id="258" dir="0" index="0" bw="8" slack="0"/>
<pin id="259" dir="0" index="1" bw="1" slack="0"/>
<pin id="260" dir="0" index="2" bw="11" slack="0"/>
<pin id="261" dir="1" index="3" bw="11" slack="0"/>
</pin_list>
<bind>
<opcode="getelementptr(29) " fcode="getelementptr"/>
<opset="pool_ap_fixed_ap_fixed_8_5_5_3_0_int_int_int_int_int_local_input_addr_1/15 "/>
</bind>
</comp>

<comp id="269" class="1004" name="pool_ap_fixed_ap_fixed_8_5_5_3_0_int_int_int_int_int_local_input_4_addr_2_gep_fu_269">
<pin_list>
<pin id="270" dir="0" index="0" bw="8" slack="0"/>
<pin id="271" dir="0" index="1" bw="1" slack="0"/>
<pin id="272" dir="0" index="2" bw="11" slack="0"/>
<pin id="273" dir="1" index="3" bw="11" slack="0"/>
</pin_list>
<bind>
<opcode="getelementptr(29) " fcode="getelementptr"/>
<opset="pool_ap_fixed_ap_fixed_8_5_5_3_0_int_int_int_int_int_local_input_4_addr_2/15 "/>
</bind>
</comp>

<comp id="276" class="1004" name="pool_ap_fixed_ap_fixed_8_5_5_3_0_int_int_int_int_int_local_input_3_addr_2_gep_fu_276">
<pin_list>
<pin id="277" dir="0" index="0" bw="8" slack="0"/>
<pin id="278" dir="0" index="1" bw="1" slack="0"/>
<pin id="279" dir="0" index="2" bw="11" slack="0"/>
<pin id="280" dir="1" index="3" bw="11" slack="0"/>
</pin_list>
<bind>
<opcode="getelementptr(29) " fcode="getelementptr"/>
<opset="pool_ap_fixed_ap_fixed_8_5_5_3_0_int_int_int_int_int_local_input_3_addr_2/15 "/>
</bind>
</comp>

<comp id="283" class="1004" name="pool_ap_fixed_ap_fixed_8_5_5_3_0_int_int_int_int_int_local_input_2_addr_2_gep_fu_283">
<pin_list>
<pin id="284" dir="0" index="0" bw="8" slack="0"/>
<pin id="285" dir="0" index="1" bw="1" slack="0"/>
<pin id="286" dir="0" index="2" bw="11" slack="0"/>
<pin id="287" dir="1" index="3" bw="11" slack="0"/>
</pin_list>
<bind>
<opcode="getelementptr(29) " fcode="getelementptr"/>
<opset="pool_ap_fixed_ap_fixed_8_5_5_3_0_int_int_int_int_int_local_input_2_addr_2/15 "/>
</bind>
</comp>

<comp id="290" class="1004" name="pool_ap_fixed_ap_fixed_8_5_5_3_0_int_int_int_int_int_local_input_1_addr_2_gep_fu_290">
<pin_list>
<pin id="291" dir="0" index="0" bw="8" slack="0"/>
<pin id="292" dir="0" index="1" bw="1" slack="0"/>
<pin id="293" dir="0" index="2" bw="11" slack="0"/>
<pin id="294" dir="1" index="3" bw="11" slack="0"/>
</pin_list>
<bind>
<opcode="getelementptr(29) " fcode="getelementptr"/>
<opset="pool_ap_fixed_ap_fixed_8_5_5_3_0_int_int_int_int_int_local_input_1_addr_2/15 "/>
</bind>
</comp>

<comp id="297" class="1004" name="pool_ap_fixed_ap_fixed_8_5_5_3_0_int_int_int_int_int_local_input_addr_2_gep_fu_297">
<pin_list>
<pin id="298" dir="0" index="0" bw="8" slack="0"/>
<pin id="299" dir="0" index="1" bw="1" slack="0"/>
<pin id="300" dir="0" index="2" bw="11" slack="0"/>
<pin id="301" dir="1" index="3" bw="11" slack="0"/>
</pin_list>
<bind>
<opcode="getelementptr(29) " fcode="getelementptr"/>
<opset="pool_ap_fixed_ap_fixed_8_5_5_3_0_int_int_int_int_int_local_input_addr_2/15 "/>
</bind>
</comp>

<comp id="309" class="1004" name="pool_ap_fixed_ap_fixed_8_5_5_3_0_int_int_int_int_int_local_input_4_addr_3_gep_fu_309">
<pin_list>
<pin id="310" dir="0" index="0" bw="8" slack="0"/>
<pin id="311" dir="0" index="1" bw="1" slack="0"/>
<pin id="312" dir="0" index="2" bw="11" slack="0"/>
<pin id="313" dir="1" index="3" bw="11" slack="0"/>
</pin_list>
<bind>
<opcode="getelementptr(29) " fcode="getelementptr"/>
<opset="pool_ap_fixed_ap_fixed_8_5_5_3_0_int_int_int_int_int_local_input_4_addr_3/16 "/>
</bind>
</comp>

<comp id="316" class="1004" name="pool_ap_fixed_ap_fixed_8_5_5_3_0_int_int_int_int_int_local_input_3_addr_3_gep_fu_316">
<pin_list>
<pin id="317" dir="0" index="0" bw="8" slack="0"/>
<pin id="318" dir="0" index="1" bw="1" slack="0"/>
<pin id="319" dir="0" index="2" bw="11" slack="0"/>
<pin id="320" dir="1" index="3" bw="11" slack="0"/>
</pin_list>
<bind>
<opcode="getelementptr(29) " fcode="getelementptr"/>
<opset="pool_ap_fixed_ap_fixed_8_5_5_3_0_int_int_int_int_int_local_input_3_addr_3/16 "/>
</bind>
</comp>

<comp id="323" class="1004" name="pool_ap_fixed_ap_fixed_8_5_5_3_0_int_int_int_int_int_local_input_2_addr_3_gep_fu_323">
<pin_list>
<pin id="324" dir="0" index="0" bw="8" slack="0"/>
<pin id="325" dir="0" index="1" bw="1" slack="0"/>
<pin id="326" dir="0" index="2" bw="11" slack="0"/>
<pin id="327" dir="1" index="3" bw="11" slack="0"/>
</pin_list>
<bind>
<opcode="getelementptr(29) " fcode="getelementptr"/>
<opset="pool_ap_fixed_ap_fixed_8_5_5_3_0_int_int_int_int_int_local_input_2_addr_3/16 "/>
</bind>
</comp>

<comp id="330" class="1004" name="pool_ap_fixed_ap_fixed_8_5_5_3_0_int_int_int_int_int_local_input_1_addr_3_gep_fu_330">
<pin_list>
<pin id="331" dir="0" index="0" bw="8" slack="0"/>
<pin id="332" dir="0" index="1" bw="1" slack="0"/>
<pin id="333" dir="0" index="2" bw="11" slack="0"/>
<pin id="334" dir="1" index="3" bw="11" slack="0"/>
</pin_list>
<bind>
<opcode="getelementptr(29) " fcode="getelementptr"/>
<opset="pool_ap_fixed_ap_fixed_8_5_5_3_0_int_int_int_int_int_local_input_1_addr_3/16 "/>
</bind>
</comp>

<comp id="337" class="1004" name="pool_ap_fixed_ap_fixed_8_5_5_3_0_int_int_int_int_int_local_input_addr_3_gep_fu_337">
<pin_list>
<pin id="338" dir="0" index="0" bw="8" slack="0"/>
<pin id="339" dir="0" index="1" bw="1" slack="0"/>
<pin id="340" dir="0" index="2" bw="11" slack="0"/>
<pin id="341" dir="1" index="3" bw="11" slack="0"/>
</pin_list>
<bind>
<opcode="getelementptr(29) " fcode="getelementptr"/>
<opset="pool_ap_fixed_ap_fixed_8_5_5_3_0_int_int_int_int_int_local_input_addr_3/16 "/>
</bind>
</comp>

<comp id="349" class="1004" name="write_ln40_write_fu_349">
<pin_list>
<pin id="350" dir="0" index="0" bw="0" slack="0"/>
<pin id="351" dir="0" index="1" bw="8" slack="0"/>
<pin id="352" dir="0" index="2" bw="7" slack="0"/>
<pin id="353" dir="0" index="3" bw="1" slack="0"/>
<pin id="354" dir="1" index="4" bw="0" slack="2147483647"/>
</pin_list>
<bind>
<opcode="write(1151) " fcode="write"/>
<opset="write_ln40/18 "/>
</bind>
</comp>

<comp id="357" class="1004" name="store_ln0_store_fu_357">
<pin_list>
<pin id="358" dir="0" index="0" bw="1" slack="0"/>
<pin id="359" dir="0" index="1" bw="11" slack="0"/>
<pin id="360" dir="1" index="2" bw="0" slack="2147483647"/>
</pin_list>
<bind>
<opcode="store(28) " fcode="store"/>
<opset="store_ln0/1 "/>
</bind>
</comp>

<comp id="362" class="1004" name="store_ln23_store_fu_362">
<pin_list>
<pin id="363" dir="0" index="0" bw="1" slack="0"/>
<pin id="364" dir="0" index="1" bw="4" slack="0"/>
<pin id="365" dir="1" index="2" bw="0" slack="2147483647"/>
</pin_list>
<bind>
<opcode="store(28) " fcode="store"/>
<opset="store_ln23/1 "/>
</bind>
</comp>

<comp id="367" class="1004" name="store_ln0_store_fu_367">
<pin_list>
<pin id="368" dir="0" index="0" bw="1" slack="0"/>
<pin id="369" dir="0" index="1" bw="8" slack="0"/>
<pin id="370" dir="1" index="2" bw="0" slack="2147483647"/>
</pin_list>
<bind>
<opcode="store(28) " fcode="store"/>
<opset="store_ln0/1 "/>
</bind>
</comp>

<comp id="372" class="1004" name="store_ln24_store_fu_372">
<pin_list>
<pin id="373" dir="0" index="0" bw="1" slack="0"/>
<pin id="374" dir="0" index="1" bw="4" slack="0"/>
<pin id="375" dir="1" index="2" bw="0" slack="2147483647"/>
</pin_list>
<bind>
<opcode="store(28) " fcode="store"/>
<opset="store_ln24/1 "/>
</bind>
</comp>

<comp id="377" class="1004" name="store_ln25_store_fu_377">
<pin_list>
<pin id="378" dir="0" index="0" bw="1" slack="0"/>
<pin id="379" dir="0" index="1" bw="4" slack="0"/>
<pin id="380" dir="1" index="2" bw="0" slack="2147483647"/>
</pin_list>
<bind>
<opcode="store(28) " fcode="store"/>
<opset="store_ln25/1 "/>
</bind>
</comp>

<comp id="382" class="1004" name="indvar_flatten12_load_load_fu_382">
<pin_list>
<pin id="383" dir="0" index="0" bw="11" slack="0"/>
<pin id="384" dir="1" index="1" bw="11" slack="0"/>
</pin_list>
<bind>
<opcode="load(27) " fcode="load"/>
<opset="indvar_flatten12_load/1 "/>
</bind>
</comp>

<comp id="385" class="1004" name="icmp_ln23_fu_385">
<pin_list>
<pin id="386" dir="0" index="0" bw="11" slack="0"/>
<pin id="387" dir="0" index="1" bw="10" slack="0"/>
<pin id="388" dir="1" index="2" bw="1" slack="16"/>
</pin_list>
<bind>
<opcode="icmp(45) " fcode="icmp"/>
<opset="icmp_ln23/1 "/>
</bind>
</comp>

<comp id="391" class="1004" name="add_ln23_fu_391">
<pin_list>
<pin id="392" dir="0" index="0" bw="11" slack="0"/>
<pin id="393" dir="0" index="1" bw="1" slack="0"/>
<pin id="394" dir="1" index="2" bw="11" slack="0"/>
</pin_list>
<bind>
<opcode="add(8) " fcode="add"/>
<opset="add_ln23/1 "/>
</bind>
</comp>

<comp id="397" class="1004" name="store_ln23_store_fu_397">
<pin_list>
<pin id="398" dir="0" index="0" bw="11" slack="0"/>
<pin id="399" dir="0" index="1" bw="11" slack="0"/>
<pin id="400" dir="1" index="2" bw="0" slack="2147483647"/>
</pin_list>
<bind>
<opcode="store(28) " fcode="store"/>
<opset="store_ln23/1 "/>
</bind>
</comp>

<comp id="402" class="1004" name="w_load_load_fu_402">
<pin_list>
<pin id="403" dir="0" index="0" bw="4" slack="1"/>
<pin id="404" dir="1" index="1" bw="4" slack="0"/>
</pin_list>
<bind>
<opcode="load(27) " fcode="load"/>
<opset="w_load/2 "/>
</bind>
</comp>

<comp id="405" class="1004" name="h_load_load_fu_405">
<pin_list>
<pin id="406" dir="0" index="0" bw="4" slack="1"/>
<pin id="407" dir="1" index="1" bw="4" slack="0"/>
</pin_list>
<bind>
<opcode="load(27) " fcode="load"/>
<opset="h_load/2 "/>
</bind>
</comp>

<comp id="408" class="1004" name="indvar_flatten_load_load_fu_408">
<pin_list>
<pin id="409" dir="0" index="0" bw="8" slack="1"/>
<pin id="410" dir="1" index="1" bw="8" slack="0"/>
</pin_list>
<bind>
<opcode="load(27) " fcode="load"/>
<opset="indvar_flatten_load/2 "/>
</bind>
</comp>

<comp id="411" class="1004" name="co_load_load_fu_411">
<pin_list>
<pin id="412" dir="0" index="0" bw="4" slack="1"/>
<pin id="413" dir="1" index="1" bw="4" slack="0"/>
</pin_list>
<bind>
<opcode="load(27) " fcode="load"/>
<opset="co_load/2 "/>
</bind>
</comp>

<comp id="414" class="1004" name="icmp_ln24_fu_414">
<pin_list>
<pin id="415" dir="0" index="0" bw="8" slack="0"/>
<pin id="416" dir="0" index="1" bw="7" slack="0"/>
<pin id="417" dir="1" index="2" bw="1" slack="0"/>
</pin_list>
<bind>
<opcode="icmp(45) " fcode="icmp"/>
<opset="icmp_ln24/2 "/>
</bind>
</comp>

<comp id="420" class="1004" name="select_ln23_fu_420">
<pin_list>
<pin id="421" dir="0" index="0" bw="1" slack="0"/>
<pin id="422" dir="0" index="1" bw="1" slack="0"/>
<pin id="423" dir="0" index="2" bw="4" slack="0"/>
<pin id="424" dir="1" index="3" bw="4" slack="0"/>
</pin_list>
<bind>
<opcode="select(49) " fcode="select"/>
<opset="select_ln23/2 "/>
</bind>
</comp>

<comp id="428" class="1004" name="xor_ln23_fu_428">
<pin_list>
<pin id="429" dir="0" index="0" bw="1" slack="0"/>
<pin id="430" dir="0" index="1" bw="1" slack="0"/>
<pin id="431" dir="1" index="2" bw="1" slack="0"/>
</pin_list>
<bind>
<opcode="xor(25) " fcode="xor"/>
<opset="xor_ln23/2 "/>
</bind>
</comp>

<comp id="434" class="1004" name="icmp_ln25_fu_434">
<pin_list>
<pin id="435" dir="0" index="0" bw="4" slack="0"/>
<pin id="436" dir="0" index="1" bw="2" slack="0"/>
<pin id="437" dir="1" index="2" bw="1" slack="0"/>
</pin_list>
<bind>
<opcode="icmp(45) " fcode="icmp"/>
<opset="icmp_ln25/2 "/>
</bind>
</comp>

<comp id="440" class="1004" name="and_ln23_fu_440">
<pin_list>
<pin id="441" dir="0" index="0" bw="1" slack="0"/>
<pin id="442" dir="0" index="1" bw="1" slack="0"/>
<pin id="443" dir="1" index="2" bw="1" slack="0"/>
</pin_list>
<bind>
<opcode="and(23) " fcode="and"/>
<opset="and_ln23/2 "/>
</bind>
</comp>

<comp id="446" class="1004" name="add_ln23_1_fu_446">
<pin_list>
<pin id="447" dir="0" index="0" bw="4" slack="0"/>
<pin id="448" dir="0" index="1" bw="1" slack="0"/>
<pin id="449" dir="1" index="2" bw="4" slack="0"/>
</pin_list>
<bind>
<opcode="add(8) " fcode="add"/>
<opset="add_ln23_1/2 "/>
</bind>
</comp>

<comp id="452" class="1004" name="select_ln23_1_fu_452">
<pin_list>
<pin id="453" dir="0" index="0" bw="1" slack="0"/>
<pin id="454" dir="0" index="1" bw="4" slack="0"/>
<pin id="455" dir="0" index="2" bw="4" slack="0"/>
<pin id="456" dir="1" index="3" bw="4" slack="0"/>
</pin_list>
<bind>
<opcode="select(49) " fcode="select"/>
<opset="select_ln23_1/2 "/>
</bind>
</comp>

<comp id="460" class="1004" name="add_ln24_fu_460">
<pin_list>
<pin id="461" dir="0" index="0" bw="4" slack="0"/>
<pin id="462" dir="0" index="1" bw="1" slack="0"/>
<pin id="463" dir="1" index="2" bw="4" slack="0"/>
</pin_list>
<bind>
<opcode="add(8) " fcode="add"/>
<opset="add_ln24/2 "/>
</bind>
</comp>

<comp id="466" class="1004" name="empty_fu_466">
<pin_list>
<pin id="467" dir="0" index="0" bw="1" slack="0"/>
<pin id="468" dir="0" index="1" bw="1" slack="0"/>
<pin id="469" dir="1" index="2" bw="1" slack="0"/>
</pin_list>
<bind>
<opcode="or(24) " fcode="or"/>
<opset="empty/2 "/>
</bind>
</comp>

<comp id="472" class="1004" name="w_mid2_fu_472">
<pin_list>
<pin id="473" dir="0" index="0" bw="1" slack="0"/>
<pin id="474" dir="0" index="1" bw="1" slack="0"/>
<pin id="475" dir="0" index="2" bw="4" slack="0"/>
<pin id="476" dir="1" index="3" bw="4" slack="0"/>
</pin_list>
<bind>
<opcode="select(49) " fcode="select"/>
<opset="w_mid2/2 "/>
</bind>
</comp>

<comp id="480" class="1004" name="select_ln24_fu_480">
<pin_list>
<pin id="481" dir="0" index="0" bw="1" slack="0"/>
<pin id="482" dir="0" index="1" bw="4" slack="0"/>
<pin id="483" dir="0" index="2" bw="4" slack="0"/>
<pin id="484" dir="1" index="3" bw="4" slack="0"/>
</pin_list>
<bind>
<opcode="select(49) " fcode="select"/>
<opset="select_ln24/2 "/>
</bind>
</comp>

<comp id="488" class="1004" name="zext_ln34_fu_488">
<pin_list>
<pin id="489" dir="0" index="0" bw="4" slack="0"/>
<pin id="490" dir="1" index="1" bw="6" slack="0"/>
</pin_list>
<bind>
<opcode="zext(34) " fcode="zext"/>
<opset="zext_ln34/2 "/>
</bind>
</comp>

<comp id="492" class="1004" name="trunc_ln34_fu_492">
<pin_list>
<pin id="493" dir="0" index="0" bw="4" slack="0"/>
<pin id="494" dir="1" index="1" bw="3" slack="0"/>
</pin_list>
<bind>
<opcode="trunc(33) " fcode="trunc"/>
<opset="trunc_ln34/2 "/>
</bind>
</comp>

<comp id="496" class="1004" name="p_shl1_fu_496">
<pin_list>
<pin id="497" dir="0" index="0" bw="6" slack="0"/>
<pin id="498" dir="0" index="1" bw="3" slack="0"/>
<pin id="499" dir="0" index="2" bw="1" slack="0"/>
<pin id="500" dir="1" index="3" bw="6" slack="0"/>
</pin_list>
<bind>
<opcode="bitconcatenate(1004) " fcode="bitconcatenate"/>
<opset="p_shl1/2 "/>
</bind>
</comp>

<comp id="504" class="1004" name="add_ln34_1_fu_504">
<pin_list>
<pin id="505" dir="0" index="0" bw="6" slack="0"/>
<pin id="506" dir="0" index="1" bw="4" slack="0"/>
<pin id="507" dir="1" index="2" bw="6" slack="1"/>
</pin_list>
<bind>
<opcode="add(8) " fcode="add"/>
<opset="add_ln34_1/2 "/>
</bind>
</comp>

<comp id="510" class="1004" name="add_ln25_fu_510">
<pin_list>
<pin id="511" dir="0" index="0" bw="4" slack="0"/>
<pin id="512" dir="0" index="1" bw="1" slack="0"/>
<pin id="513" dir="1" index="2" bw="4" slack="0"/>
</pin_list>
<bind>
<opcode="add(8) " fcode="add"/>
<opset="add_ln25/2 "/>
</bind>
</comp>

<comp id="516" class="1004" name="add_ln24_1_fu_516">
<pin_list>
<pin id="517" dir="0" index="0" bw="8" slack="0"/>
<pin id="518" dir="0" index="1" bw="1" slack="0"/>
<pin id="519" dir="1" index="2" bw="8" slack="0"/>
</pin_list>
<bind>
<opcode="add(8) " fcode="add"/>
<opset="add_ln24_1/2 "/>
</bind>
</comp>

<comp id="522" class="1004" name="select_ln24_1_fu_522">
<pin_list>
<pin id="523" dir="0" index="0" bw="1" slack="0"/>
<pin id="524" dir="0" index="1" bw="1" slack="0"/>
<pin id="525" dir="0" index="2" bw="8" slack="0"/>
<pin id="526" dir="1" index="3" bw="8" slack="0"/>
</pin_list>
<bind>
<opcode="select(49) " fcode="select"/>
<opset="select_ln24_1/2 "/>
</bind>
</comp>

<comp id="530" class="1004" name="store_ln23_store_fu_530">
<pin_list>
<pin id="531" dir="0" index="0" bw="4" slack="0"/>
<pin id="532" dir="0" index="1" bw="4" slack="1"/>
<pin id="533" dir="1" index="2" bw="0" slack="2147483647"/>
</pin_list>
<bind>
<opcode="store(28) " fcode="store"/>
<opset="store_ln23/2 "/>
</bind>
</comp>

<comp id="535" class="1004" name="store_ln24_store_fu_535">
<pin_list>
<pin id="536" dir="0" index="0" bw="8" slack="0"/>
<pin id="537" dir="0" index="1" bw="8" slack="1"/>
<pin id="538" dir="1" index="2" bw="0" slack="2147483647"/>
</pin_list>
<bind>
<opcode="store(28) " fcode="store"/>
<opset="store_ln24/2 "/>
</bind>
</comp>

<comp id="540" class="1004" name="store_ln24_store_fu_540">
<pin_list>
<pin id="541" dir="0" index="0" bw="4" slack="0"/>
<pin id="542" dir="0" index="1" bw="4" slack="1"/>
<pin id="543" dir="1" index="2" bw="0" slack="2147483647"/>
</pin_list>
<bind>
<opcode="store(28) " fcode="store"/>
<opset="store_ln24/2 "/>
</bind>
</comp>

<comp id="545" class="1004" name="store_ln25_store_fu_545">
<pin_list>
<pin id="546" dir="0" index="0" bw="4" slack="0"/>
<pin id="547" dir="0" index="1" bw="4" slack="1"/>
<pin id="548" dir="1" index="2" bw="0" slack="2147483647"/>
</pin_list>
<bind>
<opcode="store(28) " fcode="store"/>
<opset="store_ln25/2 "/>
</bind>
</comp>

<comp id="550" class="1004" name="zext_ln34_1_fu_550">
<pin_list>
<pin id="551" dir="0" index="0" bw="6" slack="1"/>
<pin id="552" dir="1" index="1" bw="7" slack="0"/>
</pin_list>
<bind>
<opcode="zext(34) " fcode="zext"/>
<opset="zext_ln34_1/3 "/>
</bind>
</comp>

<comp id="553" class="1004" name="p_shl2_fu_553">
<pin_list>
<pin id="554" dir="0" index="0" bw="7" slack="0"/>
<pin id="555" dir="0" index="1" bw="4" slack="1"/>
<pin id="556" dir="0" index="2" bw="1" slack="0"/>
<pin id="557" dir="1" index="3" bw="7" slack="0"/>
</pin_list>
<bind>
<opcode="bitconcatenate(1004) " fcode="bitconcatenate"/>
<opset="p_shl2/3 "/>
</bind>
</comp>

<comp id="560" class="1004" name="tmp_fu_560">
<pin_list>
<pin id="561" dir="0" index="0" bw="5" slack="0"/>
<pin id="562" dir="0" index="1" bw="4" slack="1"/>
<pin id="563" dir="0" index="2" bw="1" slack="0"/>
<pin id="564" dir="1" index="3" bw="5" slack="0"/>
</pin_list>
<bind>
<opcode="bitconcatenate(1004) " fcode="bitconcatenate"/>
<opset="tmp/3 "/>
</bind>
</comp>

<comp id="567" class="1004" name="zext_ln34_2_fu_567">
<pin_list>
<pin id="568" dir="0" index="0" bw="5" slack="0"/>
<pin id="569" dir="1" index="1" bw="7" slack="0"/>
</pin_list>
<bind>
<opcode="zext(34) " fcode="zext"/>
<opset="zext_ln34_2/3 "/>
</bind>
</comp>

<comp id="571" class="1004" name="sub_ln34_fu_571">
<pin_list>
<pin id="572" dir="0" index="0" bw="7" slack="0"/>
<pin id="573" dir="0" index="1" bw="5" slack="0"/>
<pin id="574" dir="1" index="2" bw="7" slack="0"/>
</pin_list>
<bind>
<opcode="sub(10) " fcode="sub"/>
<opset="sub_ln34/3 "/>
</bind>
</comp>

<comp id="577" class="1004" name="zext_ln34_3_fu_577">
<pin_list>
<pin id="578" dir="0" index="0" bw="7" slack="0"/>
<pin id="579" dir="1" index="1" bw="8" slack="0"/>
</pin_list>
<bind>
<opcode="zext(34) " fcode="zext"/>
<opset="zext_ln34_3/3 "/>
</bind>
</comp>

<comp id="581" class="1004" name="p_shl_fu_581">
<pin_list>
<pin id="582" dir="0" index="0" bw="10" slack="0"/>
<pin id="583" dir="0" index="1" bw="4" slack="1"/>
<pin id="584" dir="0" index="2" bw="1" slack="0"/>
<pin id="585" dir="1" index="3" bw="10" slack="0"/>
</pin_list>
<bind>
<opcode="bitconcatenate(1004) " fcode="bitconcatenate"/>
<opset="p_shl/3 "/>
</bind>
</comp>

<comp id="588" class="1004" name="zext_ln34_4_fu_588">
<pin_list>
<pin id="589" dir="0" index="0" bw="7" slack="0"/>
<pin id="590" dir="1" index="1" bw="10" slack="0"/>
</pin_list>
<bind>
<opcode="zext(34) " fcode="zext"/>
<opset="zext_ln34_4/3 "/>
</bind>
</comp>

<comp id="592" class="1004" name="sub_ln34_1_fu_592">
<pin_list>
<pin id="593" dir="0" index="0" bw="10" slack="0"/>
<pin id="594" dir="0" index="1" bw="7" slack="0"/>
<pin id="595" dir="1" index="2" bw="10" slack="10"/>
</pin_list>
<bind>
<opcode="sub(10) " fcode="sub"/>
<opset="sub_ln34_1/3 "/>
</bind>
</comp>

<comp id="598" class="1004" name="shl_ln_fu_598">
<pin_list>
<pin id="599" dir="0" index="0" bw="5" slack="0"/>
<pin id="600" dir="0" index="1" bw="4" slack="1"/>
<pin id="601" dir="0" index="2" bw="1" slack="0"/>
<pin id="602" dir="1" index="3" bw="5" slack="0"/>
</pin_list>
<bind>
<opcode="bitconcatenate(1004) " fcode="bitconcatenate"/>
<opset="shl_ln/3 "/>
</bind>
</comp>

<comp id="605" class="1004" name="zext_ln34_8_fu_605">
<pin_list>
<pin id="606" dir="0" index="0" bw="5" slack="0"/>
<pin id="607" dir="1" index="1" bw="7" slack="0"/>
</pin_list>
<bind>
<opcode="zext(34) " fcode="zext"/>
<opset="zext_ln34_8/3 "/>
</bind>
</comp>

<comp id="609" class="1004" name="add_ln34_4_fu_609">
<pin_list>
<pin id="610" dir="0" index="0" bw="6" slack="0"/>
<pin id="611" dir="0" index="1" bw="5" slack="0"/>
<pin id="612" dir="1" index="2" bw="7" slack="0"/>
</pin_list>
<bind>
<opcode="add(8) " fcode="add"/>
<opset="add_ln34_4/3 "/>
</bind>
</comp>

<comp id="615" class="1004" name="zext_ln34_9_fu_615">
<pin_list>
<pin id="616" dir="0" index="0" bw="7" slack="0"/>
<pin id="617" dir="1" index="1" bw="8" slack="0"/>
</pin_list>
<bind>
<opcode="zext(34) " fcode="zext"/>
<opset="zext_ln34_9/3 "/>
</bind>
</comp>

<comp id="619" class="1004" name="add_ln34_5_fu_619">
<pin_list>
<pin id="620" dir="0" index="0" bw="7" slack="0"/>
<pin id="621" dir="0" index="1" bw="7" slack="0"/>
<pin id="622" dir="1" index="2" bw="8" slack="0"/>
</pin_list>
<bind>
<opcode="add(8) " fcode="add"/>
<opset="add_ln34_5/3 "/>
</bind>
</comp>

<comp id="625" class="1004" name="grp_fu_625">
<pin_list>
<pin id="626" dir="0" index="0" bw="8" slack="0"/>
<pin id="627" dir="0" index="1" bw="4" slack="0"/>
<pin id="628" dir="1" index="2" bw="3" slack="0"/>
</pin_list>
<bind>
<opcode="urem(17) " fcode="urem"/>
<opset="urem_ln36/3 "/>
</bind>
</comp>

<comp id="631" class="1004" name="zext_ln24_fu_631">
<pin_list>
<pin id="632" dir="0" index="0" bw="4" slack="11"/>
<pin id="633" dir="1" index="1" bw="13" slack="0"/>
</pin_list>
<bind>
<opcode="zext(34) " fcode="zext"/>
<opset="zext_ln24/13 "/>
</bind>
</comp>

<comp id="634" class="1004" name="mul_ln24_fu_634">
<pin_list>
<pin id="635" dir="0" index="0" bw="4" slack="0"/>
<pin id="636" dir="0" index="1" bw="11" slack="0"/>
<pin id="637" dir="1" index="2" bw="13" slack="0"/>
</pin_list>
<bind>
<opcode="mul(12) " fcode="mul"/>
<opset="mul_ln24/13 "/>
</bind>
</comp>

<comp id="640" class="1004" name="zext_ln34_5_fu_640">
<pin_list>
<pin id="641" dir="0" index="0" bw="10" slack="10"/>
<pin id="642" dir="1" index="1" bw="13" slack="0"/>
</pin_list>
<bind>
<opcode="zext(34) " fcode="zext"/>
<opset="zext_ln34_5/13 "/>
</bind>
</comp>

<comp id="643" class="1004" name="add_ln34_fu_643">
<pin_list>
<pin id="644" dir="0" index="0" bw="10" slack="0"/>
<pin id="645" dir="0" index="1" bw="13" slack="0"/>
<pin id="646" dir="1" index="2" bw="13" slack="1"/>
</pin_list>
<bind>
<opcode="add(8) " fcode="add"/>
<opset="add_ln34/13 "/>
</bind>
</comp>

<comp id="649" class="1004" name="add_ln34_2_fu_649">
<pin_list>
<pin id="650" dir="0" index="0" bw="10" slack="10"/>
<pin id="651" dir="0" index="1" bw="6" slack="0"/>
<pin id="652" dir="1" index="2" bw="10" slack="0"/>
</pin_list>
<bind>
<opcode="add(8) " fcode="add"/>
<opset="add_ln34_2/13 "/>
</bind>
</comp>

<comp id="654" class="1004" name="zext_ln34_6_fu_654">
<pin_list>
<pin id="655" dir="0" index="0" bw="10" slack="0"/>
<pin id="656" dir="1" index="1" bw="13" slack="0"/>
</pin_list>
<bind>
<opcode="zext(34) " fcode="zext"/>
<opset="zext_ln34_6/13 "/>
</bind>
</comp>

<comp id="658" class="1004" name="add_ln34_3_fu_658">
<pin_list>
<pin id="659" dir="0" index="0" bw="10" slack="0"/>
<pin id="660" dir="0" index="1" bw="13" slack="0"/>
<pin id="661" dir="1" index="2" bw="13" slack="1"/>
</pin_list>
<bind>
<opcode="add(8) " fcode="add"/>
<opset="add_ln34_3/13 "/>
</bind>
</comp>

<comp id="664" class="1004" name="zext_ln34_7_fu_664">
<pin_list>
<pin id="665" dir="0" index="0" bw="5" slack="11"/>
<pin id="666" dir="1" index="1" bw="13" slack="0"/>
</pin_list>
<bind>
<opcode="zext(34) " fcode="zext"/>
<opset="zext_ln34_7/14 "/>
</bind>
</comp>

<comp id="667" class="1004" name="add_ln34_6_fu_667">
<pin_list>
<pin id="668" dir="0" index="0" bw="5" slack="0"/>
<pin id="669" dir="0" index="1" bw="13" slack="1"/>
<pin id="670" dir="1" index="2" bw="13" slack="0"/>
</pin_list>
<bind>
<opcode="add(8) " fcode="add"/>
<opset="add_ln34_6/14 "/>
</bind>
</comp>

<comp id="672" class="1004" name="zext_ln36_1_fu_672">
<pin_list>
<pin id="673" dir="0" index="0" bw="13" slack="0"/>
<pin id="674" dir="1" index="1" bw="27" slack="0"/>
</pin_list>
<bind>
<opcode="zext(34) " fcode="zext"/>
<opset="zext_ln36_1/14 "/>
</bind>
</comp>

<comp id="676" class="1004" name="mul_ln36_fu_676">
<pin_list>
<pin id="677" dir="0" index="0" bw="13" slack="0"/>
<pin id="678" dir="0" index="1" bw="15" slack="0"/>
<pin id="679" dir="1" index="2" bw="27" slack="0"/>
</pin_list>
<bind>
<opcode="mul(12) " fcode="mul"/>
<opset="mul_ln36/14 "/>
</bind>
</comp>

<comp id="682" class="1004" name="tmp_1_fu_682">
<pin_list>
<pin id="683" dir="0" index="0" bw="11" slack="0"/>
<pin id="684" dir="0" index="1" bw="27" slack="0"/>
<pin id="685" dir="0" index="2" bw="6" slack="0"/>
<pin id="686" dir="0" index="3" bw="6" slack="0"/>
<pin id="687" dir="1" index="4" bw="11" slack="1"/>
</pin_list>
<bind>
<opcode="partselect(1002) " fcode="partselect"/>
<opset="tmp_1/14 "/>
</bind>
</comp>

<comp id="692" class="1004" name="trunc_ln36_fu_692">
<pin_list>
<pin id="693" dir="0" index="0" bw="3" slack="0"/>
<pin id="694" dir="1" index="1" bw="3" slack="1"/>
</pin_list>
<bind>
<opcode="trunc(33) " fcode="trunc"/>
<opset="trunc_ln36/14 "/>
</bind>
</comp>

<comp id="696" class="1004" name="or_ln_fu_696">
<pin_list>
<pin id="697" dir="0" index="0" bw="5" slack="0"/>
<pin id="698" dir="0" index="1" bw="4" slack="12"/>
<pin id="699" dir="0" index="2" bw="1" slack="0"/>
<pin id="700" dir="1" index="3" bw="5" slack="0"/>
</pin_list>
<bind>
<opcode="bitconcatenate(1004) " fcode="bitconcatenate"/>
<opset="or_ln/14 "/>
</bind>
</comp>

<comp id="703" class="1004" name="zext_ln34_10_fu_703">
<pin_list>
<pin id="704" dir="0" index="0" bw="5" slack="0"/>
<pin id="705" dir="1" index="1" bw="13" slack="0"/>
</pin_list>
<bind>
<opcode="zext(34) " fcode="zext"/>
<opset="zext_ln34_10/14 "/>
</bind>
</comp>

<comp id="707" class="1004" name="add_ln34_7_fu_707">
<pin_list>
<pin id="708" dir="0" index="0" bw="5" slack="0"/>
<pin id="709" dir="0" index="1" bw="13" slack="1"/>
<pin id="710" dir="1" index="2" bw="13" slack="0"/>
</pin_list>
<bind>
<opcode="add(8) " fcode="add"/>
<opset="add_ln34_7/14 "/>
</bind>
</comp>

<comp id="712" class="1004" name="zext_ln36_2_fu_712">
<pin_list>
<pin id="713" dir="0" index="0" bw="13" slack="0"/>
<pin id="714" dir="1" index="1" bw="27" slack="0"/>
</pin_list>
<bind>
<opcode="zext(34) " fcode="zext"/>
<opset="zext_ln36_2/14 "/>
</bind>
</comp>

<comp id="716" class="1004" name="mul_ln36_1_fu_716">
<pin_list>
<pin id="717" dir="0" index="0" bw="13" slack="0"/>
<pin id="718" dir="0" index="1" bw="15" slack="0"/>
<pin id="719" dir="1" index="2" bw="27" slack="0"/>
</pin_list>
<bind>
<opcode="mul(12) " fcode="mul"/>
<opset="mul_ln36_1/14 "/>
</bind>
</comp>

<comp id="722" class="1004" name="tmp_2_fu_722">
<pin_list>
<pin id="723" dir="0" index="0" bw="11" slack="0"/>
<pin id="724" dir="0" index="1" bw="27" slack="0"/>
<pin id="725" dir="0" index="2" bw="6" slack="0"/>
<pin id="726" dir="0" index="3" bw="6" slack="0"/>
<pin id="727" dir="1" index="4" bw="11" slack="1"/>
</pin_list>
<bind>
<opcode="partselect(1002) " fcode="partselect"/>
<opset="tmp_2/14 "/>
</bind>
</comp>

<comp id="732" class="1004" name="add_ln34_8_fu_732">
<pin_list>
<pin id="733" dir="0" index="0" bw="5" slack="0"/>
<pin id="734" dir="0" index="1" bw="13" slack="1"/>
<pin id="735" dir="1" index="2" bw="13" slack="0"/>
</pin_list>
<bind>
<opcode="add(8) " fcode="add"/>
<opset="add_ln34_8/14 "/>
</bind>
</comp>

<comp id="737" class="1004" name="zext_ln36_4_fu_737">
<pin_list>
<pin id="738" dir="0" index="0" bw="13" slack="0"/>
<pin id="739" dir="1" index="1" bw="27" slack="0"/>
</pin_list>
<bind>
<opcode="zext(34) " fcode="zext"/>
<opset="zext_ln36_4/14 "/>
</bind>
</comp>

<comp id="741" class="1004" name="mul_ln36_2_fu_741">
<pin_list>
<pin id="742" dir="0" index="0" bw="13" slack="0"/>
<pin id="743" dir="0" index="1" bw="15" slack="0"/>
<pin id="744" dir="1" index="2" bw="27" slack="0"/>
</pin_list>
<bind>
<opcode="mul(12) " fcode="mul"/>
<opset="mul_ln36_2/14 "/>
</bind>
</comp>

<comp id="747" class="1004" name="tmp_3_fu_747">
<pin_list>
<pin id="748" dir="0" index="0" bw="11" slack="0"/>
<pin id="749" dir="0" index="1" bw="27" slack="0"/>
<pin id="750" dir="0" index="2" bw="6" slack="0"/>
<pin id="751" dir="0" index="3" bw="6" slack="0"/>
<pin id="752" dir="1" index="4" bw="11" slack="1"/>
</pin_list>
<bind>
<opcode="partselect(1002) " fcode="partselect"/>
<opset="tmp_3/14 "/>
</bind>
</comp>

<comp id="757" class="1004" name="add_ln34_9_fu_757">
<pin_list>
<pin id="758" dir="0" index="0" bw="5" slack="0"/>
<pin id="759" dir="0" index="1" bw="13" slack="1"/>
<pin id="760" dir="1" index="2" bw="13" slack="0"/>
</pin_list>
<bind>
<opcode="add(8) " fcode="add"/>
<opset="add_ln34_9/14 "/>
</bind>
</comp>

<comp id="762" class="1004" name="zext_ln36_7_fu_762">
<pin_list>
<pin id="763" dir="0" index="0" bw="13" slack="0"/>
<pin id="764" dir="1" index="1" bw="27" slack="0"/>
</pin_list>
<bind>
<opcode="zext(34) " fcode="zext"/>
<opset="zext_ln36_7/14 "/>
</bind>
</comp>

<comp id="766" class="1004" name="mul_ln36_3_fu_766">
<pin_list>
<pin id="767" dir="0" index="0" bw="13" slack="0"/>
<pin id="768" dir="0" index="1" bw="15" slack="0"/>
<pin id="769" dir="1" index="2" bw="27" slack="0"/>
</pin_list>
<bind>
<opcode="mul(12) " fcode="mul"/>
<opset="mul_ln36_3/14 "/>
</bind>
</comp>

<comp id="772" class="1004" name="tmp_4_fu_772">
<pin_list>
<pin id="773" dir="0" index="0" bw="11" slack="0"/>
<pin id="774" dir="0" index="1" bw="27" slack="0"/>
<pin id="775" dir="0" index="2" bw="6" slack="0"/>
<pin id="776" dir="0" index="3" bw="6" slack="0"/>
<pin id="777" dir="1" index="4" bw="11" slack="2"/>
</pin_list>
<bind>
<opcode="partselect(1002) " fcode="partselect"/>
<opset="tmp_4/14 "/>
</bind>
</comp>

<comp id="782" class="1004" name="zext_ln36_fu_782">
<pin_list>
<pin id="783" dir="0" index="0" bw="11" slack="1"/>
<pin id="784" dir="1" index="1" bw="64" slack="0"/>
</pin_list>
<bind>
<opcode="zext(34) " fcode="zext"/>
<opset="zext_ln36/15 "/>
</bind>
</comp>

<comp id="790" class="1004" name="zext_ln36_3_fu_790">
<pin_list>
<pin id="791" dir="0" index="0" bw="11" slack="1"/>
<pin id="792" dir="1" index="1" bw="64" slack="0"/>
</pin_list>
<bind>
<opcode="zext(34) " fcode="zext"/>
<opset="zext_ln36_3/15 "/>
</bind>
</comp>

<comp id="798" class="1004" name="zext_ln36_5_fu_798">
<pin_list>
<pin id="799" dir="0" index="0" bw="11" slack="1"/>
<pin id="800" dir="1" index="1" bw="64" slack="0"/>
</pin_list>
<bind>
<opcode="zext(34) " fcode="zext"/>
<opset="zext_ln36_5/15 "/>
</bind>
</comp>

<comp id="806" class="1004" name="val_4_fu_806">
<pin_list>
<pin id="807" dir="0" index="0" bw="8" slack="0"/>
<pin id="808" dir="0" index="1" bw="3" slack="0"/>
<pin id="809" dir="0" index="2" bw="8" slack="0"/>
<pin id="810" dir="0" index="3" bw="3" slack="0"/>
<pin id="811" dir="0" index="4" bw="8" slack="0"/>
<pin id="812" dir="0" index="5" bw="3" slack="0"/>
<pin id="813" dir="0" index="6" bw="8" slack="0"/>
<pin id="814" dir="0" index="7" bw="3" slack="0"/>
<pin id="815" dir="0" index="8" bw="8" slack="0"/>
<pin id="816" dir="0" index="9" bw="3" slack="0"/>
<pin id="817" dir="0" index="10" bw="8" slack="0"/>
<pin id="818" dir="0" index="11" bw="8" slack="0"/>
<pin id="819" dir="0" index="12" bw="3" slack="2"/>
<pin id="820" dir="1" index="13" bw="8" slack="0"/>
</pin_list>
<bind>
<opcode="sparsemux(1197) " fcode="sparsemux"/>
<opset="val_4/16 "/>
</bind>
</comp>

<comp id="833" class="1004" name="trunc_ln36_1_fu_833">
<pin_list>
<pin id="834" dir="0" index="0" bw="8" slack="0"/>
<pin id="835" dir="1" index="1" bw="7" slack="0"/>
</pin_list>
<bind>
<opcode="trunc(33) " fcode="trunc"/>
<opset="trunc_ln36_1/16 "/>
</bind>
</comp>

<comp id="837" class="1004" name="icmp_ln37_fu_837">
<pin_list>
<pin id="838" dir="0" index="0" bw="8" slack="0"/>
<pin id="839" dir="0" index="1" bw="1" slack="0"/>
<pin id="840" dir="1" index="2" bw="1" slack="0"/>
</pin_list>
<bind>
<opcode="icmp(45) " fcode="icmp"/>
<opset="icmp_ln37/16 "/>
</bind>
</comp>

<comp id="843" class="1004" name="max_val_1_fu_843">
<pin_list>
<pin id="844" dir="0" index="0" bw="1" slack="0"/>
<pin id="845" dir="0" index="1" bw="7" slack="0"/>
<pin id="846" dir="0" index="2" bw="1" slack="0"/>
<pin id="847" dir="1" index="3" bw="7" slack="1"/>
</pin_list>
<bind>
<opcode="select(49) " fcode="select"/>
<opset="max_val_1/16 "/>
</bind>
</comp>

<comp id="851" class="1004" name="val_fu_851">
<pin_list>
<pin id="852" dir="0" index="0" bw="8" slack="0"/>
<pin id="853" dir="0" index="1" bw="3" slack="0"/>
<pin id="854" dir="0" index="2" bw="8" slack="0"/>
<pin id="855" dir="0" index="3" bw="3" slack="0"/>
<pin id="856" dir="0" index="4" bw="8" slack="0"/>
<pin id="857" dir="0" index="5" bw="3" slack="0"/>
<pin id="858" dir="0" index="6" bw="8" slack="0"/>
<pin id="859" dir="0" index="7" bw="3" slack="0"/>
<pin id="860" dir="0" index="8" bw="8" slack="0"/>
<pin id="861" dir="0" index="9" bw="3" slack="0"/>
<pin id="862" dir="0" index="10" bw="8" slack="0"/>
<pin id="863" dir="0" index="11" bw="8" slack="0"/>
<pin id="864" dir="0" index="12" bw="3" slack="2"/>
<pin id="865" dir="1" index="13" bw="8" slack="0"/>
</pin_list>
<bind>
<opcode="sparsemux(1197) " fcode="sparsemux"/>
<opset="val/16 "/>
</bind>
</comp>

<comp id="878" class="1004" name="trunc_ln36_2_fu_878">
<pin_list>
<pin id="879" dir="0" index="0" bw="8" slack="0"/>
<pin id="880" dir="1" index="1" bw="7" slack="1"/>
</pin_list>
<bind>
<opcode="trunc(33) " fcode="trunc"/>
<opset="trunc_ln36_2/16 "/>
</bind>
</comp>

<comp id="882" class="1004" name="val_5_fu_882">
<pin_list>
<pin id="883" dir="0" index="0" bw="8" slack="0"/>
<pin id="884" dir="0" index="1" bw="3" slack="0"/>
<pin id="885" dir="0" index="2" bw="8" slack="0"/>
<pin id="886" dir="0" index="3" bw="3" slack="0"/>
<pin id="887" dir="0" index="4" bw="8" slack="0"/>
<pin id="888" dir="0" index="5" bw="3" slack="0"/>
<pin id="889" dir="0" index="6" bw="8" slack="0"/>
<pin id="890" dir="0" index="7" bw="3" slack="0"/>
<pin id="891" dir="0" index="8" bw="8" slack="0"/>
<pin id="892" dir="0" index="9" bw="3" slack="0"/>
<pin id="893" dir="0" index="10" bw="8" slack="0"/>
<pin id="894" dir="0" index="11" bw="8" slack="0"/>
<pin id="895" dir="0" index="12" bw="3" slack="2"/>
<pin id="896" dir="1" index="13" bw="8" slack="0"/>
</pin_list>
<bind>
<opcode="sparsemux(1197) " fcode="sparsemux"/>
<opset="val_5/16 "/>
</bind>
</comp>

<comp id="909" class="1004" name="trunc_ln36_3_fu_909">
<pin_list>
<pin id="910" dir="0" index="0" bw="8" slack="0"/>
<pin id="911" dir="1" index="1" bw="7" slack="1"/>
</pin_list>
<bind>
<opcode="trunc(33) " fcode="trunc"/>
<opset="trunc_ln36_3/16 "/>
</bind>
</comp>

<comp id="913" class="1004" name="zext_ln36_6_fu_913">
<pin_list>
<pin id="914" dir="0" index="0" bw="11" slack="2"/>
<pin id="915" dir="1" index="1" bw="64" slack="0"/>
</pin_list>
<bind>
<opcode="zext(34) " fcode="zext"/>
<opset="zext_ln36_6/16 "/>
</bind>
</comp>

<comp id="921" class="1004" name="zext_ln28_fu_921">
<pin_list>
<pin id="922" dir="0" index="0" bw="7" slack="1"/>
<pin id="923" dir="1" index="1" bw="8" slack="0"/>
</pin_list>
<bind>
<opcode="zext(34) " fcode="zext"/>
<opset="zext_ln28/17 "/>
</bind>
</comp>

<comp id="924" class="1004" name="icmp_ln37_1_fu_924">
<pin_list>
<pin id="925" dir="0" index="0" bw="8" slack="1"/>
<pin id="926" dir="0" index="1" bw="7" slack="0"/>
<pin id="927" dir="1" index="2" bw="1" slack="0"/>
</pin_list>
<bind>
<opcode="icmp(45) " fcode="icmp"/>
<opset="icmp_ln37_1/17 "/>
</bind>
</comp>

<comp id="929" class="1004" name="max_val_2_fu_929">
<pin_list>
<pin id="930" dir="0" index="0" bw="1" slack="0"/>
<pin id="931" dir="0" index="1" bw="7" slack="1"/>
<pin id="932" dir="0" index="2" bw="7" slack="1"/>
<pin id="933" dir="1" index="3" bw="7" slack="0"/>
</pin_list>
<bind>
<opcode="select(49) " fcode="select"/>
<opset="max_val_2/17 "/>
</bind>
</comp>

<comp id="935" class="1004" name="zext_ln28_1_fu_935">
<pin_list>
<pin id="936" dir="0" index="0" bw="7" slack="0"/>
<pin id="937" dir="1" index="1" bw="8" slack="0"/>
</pin_list>
<bind>
<opcode="zext(34) " fcode="zext"/>
<opset="zext_ln28_1/17 "/>
</bind>
</comp>

<comp id="939" class="1004" name="icmp_ln37_2_fu_939">
<pin_list>
<pin id="940" dir="0" index="0" bw="8" slack="1"/>
<pin id="941" dir="0" index="1" bw="7" slack="0"/>
<pin id="942" dir="1" index="2" bw="1" slack="0"/>
</pin_list>
<bind>
<opcode="icmp(45) " fcode="icmp"/>
<opset="icmp_ln37_2/17 "/>
</bind>
</comp>

<comp id="944" class="1004" name="max_val_4_fu_944">
<pin_list>
<pin id="945" dir="0" index="0" bw="1" slack="0"/>
<pin id="946" dir="0" index="1" bw="7" slack="1"/>
<pin id="947" dir="0" index="2" bw="7" slack="0"/>
<pin id="948" dir="1" index="3" bw="7" slack="0"/>
</pin_list>
<bind>
<opcode="select(49) " fcode="select"/>
<opset="max_val_4/17 "/>
</bind>
</comp>

<comp id="951" class="1004" name="zext_ln28_2_fu_951">
<pin_list>
<pin id="952" dir="0" index="0" bw="7" slack="0"/>
<pin id="953" dir="1" index="1" bw="8" slack="0"/>
</pin_list>
<bind>
<opcode="zext(34) " fcode="zext"/>
<opset="zext_ln28_2/17 "/>
</bind>
</comp>

<comp id="955" class="1004" name="val_3_fu_955">
<pin_list>
<pin id="956" dir="0" index="0" bw="8" slack="0"/>
<pin id="957" dir="0" index="1" bw="3" slack="0"/>
<pin id="958" dir="0" index="2" bw="8" slack="0"/>
<pin id="959" dir="0" index="3" bw="3" slack="0"/>
<pin id="960" dir="0" index="4" bw="8" slack="0"/>
<pin id="961" dir="0" index="5" bw="3" slack="0"/>
<pin id="962" dir="0" index="6" bw="8" slack="0"/>
<pin id="963" dir="0" index="7" bw="3" slack="0"/>
<pin id="964" dir="0" index="8" bw="8" slack="0"/>
<pin id="965" dir="0" index="9" bw="3" slack="0"/>
<pin id="966" dir="0" index="10" bw="8" slack="0"/>
<pin id="967" dir="0" index="11" bw="8" slack="0"/>
<pin id="968" dir="0" index="12" bw="3" slack="3"/>
<pin id="969" dir="1" index="13" bw="8" slack="0"/>
</pin_list>
<bind>
<opcode="sparsemux(1197) " fcode="sparsemux"/>
<opset="val_3/17 "/>
</bind>
</comp>

<comp id="982" class="1004" name="trunc_ln36_4_fu_982">
<pin_list>
<pin id="983" dir="0" index="0" bw="8" slack="0"/>
<pin id="984" dir="1" index="1" bw="7" slack="0"/>
</pin_list>
<bind>
<opcode="trunc(33) " fcode="trunc"/>
<opset="trunc_ln36_4/17 "/>
</bind>
</comp>

<comp id="986" class="1004" name="icmp_ln37_3_fu_986">
<pin_list>
<pin id="987" dir="0" index="0" bw="8" slack="0"/>
<pin id="988" dir="0" index="1" bw="7" slack="0"/>
<pin id="989" dir="1" index="2" bw="1" slack="0"/>
</pin_list>
<bind>
<opcode="icmp(45) " fcode="icmp"/>
<opset="icmp_ln37_3/17 "/>
</bind>
</comp>

<comp id="992" class="1004" name="max_val_5_fu_992">
<pin_list>
<pin id="993" dir="0" index="0" bw="1" slack="0"/>
<pin id="994" dir="0" index="1" bw="7" slack="0"/>
<pin id="995" dir="0" index="2" bw="7" slack="0"/>
<pin id="996" dir="1" index="3" bw="7" slack="1"/>
</pin_list>
<bind>
<opcode="select(49) " fcode="select"/>
<opset="max_val_5/17 "/>
</bind>
</comp>

<comp id="1000" class="1004" name="gmem0_addr_fu_1000">
<pin_list>
<pin id="1001" dir="0" index="0" bw="8" slack="0"/>
<pin id="1002" dir="0" index="1" bw="64" slack="17"/>
<pin id="1003" dir="1" index="2" bw="8" slack="0"/>
</pin_list>
<bind>
<opcode="getelementptr(29) " fcode="getelementptr"/>
<opset="gmem0_addr/18 "/>
</bind>
</comp>

<comp id="1006" class="1004" name="zext_ln28_3_fu_1006">
<pin_list>
<pin id="1007" dir="0" index="0" bw="7" slack="1"/>
<pin id="1008" dir="1" index="1" bw="8" slack="0"/>
</pin_list>
<bind>
<opcode="zext(34) " fcode="zext"/>
<opset="zext_ln28_3/18 "/>
</bind>
</comp>

<comp id="1010" class="1005" name="w_reg_1010">
<pin_list>
<pin id="1011" dir="0" index="0" bw="4" slack="0"/>
<pin id="1012" dir="1" index="1" bw="4" slack="0"/>
</pin_list>
<bind>
<opset="w "/>
</bind>
</comp>

<comp id="1017" class="1005" name="h_reg_1017">
<pin_list>
<pin id="1018" dir="0" index="0" bw="4" slack="0"/>
<pin id="1019" dir="1" index="1" bw="4" slack="0"/>
</pin_list>
<bind>
<opset="h "/>
</bind>
</comp>

<comp id="1024" class="1005" name="indvar_flatten_reg_1024">
<pin_list>
<pin id="1025" dir="0" index="0" bw="8" slack="0"/>
<pin id="1026" dir="1" index="1" bw="8" slack="0"/>
</pin_list>
<bind>
<opset="indvar_flatten "/>
</bind>
</comp>

<comp id="1031" class="1005" name="co_reg_1031">
<pin_list>
<pin id="1032" dir="0" index="0" bw="4" slack="0"/>
<pin id="1033" dir="1" index="1" bw="4" slack="0"/>
</pin_list>
<bind>
<opset="co "/>
</bind>
</comp>

<comp id="1038" class="1005" name="indvar_flatten12_reg_1038">
<pin_list>
<pin id="1039" dir="0" index="0" bw="11" slack="0"/>
<pin id="1040" dir="1" index="1" bw="11" slack="0"/>
</pin_list>
<bind>
<opset="indvar_flatten12 "/>
</bind>
</comp>

<comp id="1045" class="1005" name="outputPool_read_reg_1045">
<pin_list>
<pin id="1046" dir="0" index="0" bw="64" slack="17"/>
<pin id="1047" dir="1" index="1" bw="64" slack="17"/>
</pin_list>
<bind>
<opset="outputPool_read "/>
</bind>
</comp>

<comp id="1050" class="1005" name="icmp_ln23_reg_1050">
<pin_list>
<pin id="1051" dir="0" index="0" bw="1" slack="16"/>
<pin id="1052" dir="1" index="1" bw="1" slack="2147483647"/>
</pin_list>
<bind>
<opset="icmp_ln23 "/>
</bind>
</comp>

<comp id="1054" class="1005" name="select_ln23_1_reg_1054">
<pin_list>
<pin id="1055" dir="0" index="0" bw="4" slack="11"/>
<pin id="1056" dir="1" index="1" bw="4" slack="11"/>
</pin_list>
<bind>
<opset="select_ln23_1 "/>
</bind>
</comp>

<comp id="1059" class="1005" name="w_mid2_reg_1059">
<pin_list>
<pin id="1060" dir="0" index="0" bw="4" slack="1"/>
<pin id="1061" dir="1" index="1" bw="4" slack="1"/>
</pin_list>
<bind>
<opset="w_mid2 "/>
</bind>
</comp>

<comp id="1065" class="1005" name="select_ln24_reg_1065">
<pin_list>
<pin id="1066" dir="0" index="0" bw="4" slack="1"/>
<pin id="1067" dir="1" index="1" bw="4" slack="1"/>
</pin_list>
<bind>
<opset="select_ln24 "/>
</bind>
</comp>

<comp id="1072" class="1005" name="add_ln34_1_reg_1072">
<pin_list>
<pin id="1073" dir="0" index="0" bw="6" slack="1"/>
<pin id="1074" dir="1" index="1" bw="6" slack="1"/>
</pin_list>
<bind>
<opset="add_ln34_1 "/>
</bind>
</comp>

<comp id="1077" class="1005" name="sub_ln34_1_reg_1077">
<pin_list>
<pin id="1078" dir="0" index="0" bw="10" slack="10"/>
<pin id="1079" dir="1" index="1" bw="10" slack="10"/>
</pin_list>
<bind>
<opset="sub_ln34_1 "/>
</bind>
</comp>

<comp id="1083" class="1005" name="shl_ln_reg_1083">
<pin_list>
<pin id="1084" dir="0" index="0" bw="5" slack="11"/>
<pin id="1085" dir="1" index="1" bw="5" slack="11"/>
</pin_list>
<bind>
<opset="shl_ln "/>
</bind>
</comp>

<comp id="1088" class="1005" name="add_ln34_5_reg_1088">
<pin_list>
<pin id="1089" dir="0" index="0" bw="8" slack="1"/>
<pin id="1090" dir="1" index="1" bw="8" slack="1"/>
</pin_list>
<bind>
<opset="add_ln34_5 "/>
</bind>
</comp>

<comp id="1093" class="1005" name="add_ln34_reg_1093">
<pin_list>
<pin id="1094" dir="0" index="0" bw="13" slack="1"/>
<pin id="1095" dir="1" index="1" bw="13" slack="1"/>
</pin_list>
<bind>
<opset="add_ln34 "/>
</bind>
</comp>

<comp id="1099" class="1005" name="add_ln34_3_reg_1099">
<pin_list>
<pin id="1100" dir="0" index="0" bw="13" slack="1"/>
<pin id="1101" dir="1" index="1" bw="13" slack="1"/>
</pin_list>
<bind>
<opset="add_ln34_3 "/>
</bind>
</comp>

<comp id="1105" class="1005" name="tmp_1_reg_1105">
<pin_list>
<pin id="1106" dir="0" index="0" bw="11" slack="1"/>
<pin id="1107" dir="1" index="1" bw="11" slack="1"/>
</pin_list>
<bind>
<opset="tmp_1 "/>
</bind>
</comp>

<comp id="1110" class="1005" name="trunc_ln36_reg_1110">
<pin_list>
<pin id="1111" dir="0" index="0" bw="3" slack="1"/>
<pin id="1112" dir="1" index="1" bw="3" slack="2"/>
</pin_list>
<bind>
<opset="trunc_ln36 "/>
</bind>
</comp>

<comp id="1118" class="1005" name="tmp_2_reg_1118">
<pin_list>
<pin id="1119" dir="0" index="0" bw="11" slack="1"/>
<pin id="1120" dir="1" index="1" bw="11" slack="1"/>
</pin_list>
<bind>
<opset="tmp_2 "/>
</bind>
</comp>

<comp id="1123" class="1005" name="tmp_3_reg_1123">
<pin_list>
<pin id="1124" dir="0" index="0" bw="11" slack="1"/>
<pin id="1125" dir="1" index="1" bw="11" slack="1"/>
</pin_list>
<bind>
<opset="tmp_3 "/>
</bind>
</comp>

<comp id="1128" class="1005" name="tmp_4_reg_1128">
<pin_list>
<pin id="1129" dir="0" index="0" bw="11" slack="2"/>
<pin id="1130" dir="1" index="1" bw="11" slack="2"/>
</pin_list>
<bind>
<opset="tmp_4 "/>
</bind>
</comp>

<comp id="1133" class="1005" name="pool_ap_fixed_ap_fixed_8_5_5_3_0_int_int_int_int_int_local_input_4_addr_reg_1133">
<pin_list>
<pin id="1134" dir="0" index="0" bw="11" slack="1"/>
<pin id="1135" dir="1" index="1" bw="11" slack="1"/>
</pin_list>
<bind>
<opset="pool_ap_fixed_ap_fixed_8_5_5_3_0_int_int_int_int_int_local_input_4_addr "/>
</bind>
</comp>

<comp id="1138" class="1005" name="pool_ap_fixed_ap_fixed_8_5_5_3_0_int_int_int_int_int_local_input_3_addr_reg_1138">
<pin_list>
<pin id="1139" dir="0" index="0" bw="11" slack="1"/>
<pin id="1140" dir="1" index="1" bw="11" slack="1"/>
</pin_list>
<bind>
<opset="pool_ap_fixed_ap_fixed_8_5_5_3_0_int_int_int_int_int_local_input_3_addr "/>
</bind>
</comp>

<comp id="1143" class="1005" name="pool_ap_fixed_ap_fixed_8_5_5_3_0_int_int_int_int_int_local_input_2_addr_reg_1143">
<pin_list>
<pin id="1144" dir="0" index="0" bw="11" slack="1"/>
<pin id="1145" dir="1" index="1" bw="11" slack="1"/>
</pin_list>
<bind>
<opset="pool_ap_fixed_ap_fixed_8_5_5_3_0_int_int_int_int_int_local_input_2_addr "/>
</bind>
</comp>

<comp id="1148" class="1005" name="pool_ap_fixed_ap_fixed_8_5_5_3_0_int_int_int_int_int_local_input_1_addr_reg_1148">
<pin_list>
<pin id="1149" dir="0" index="0" bw="11" slack="1"/>
<pin id="1150" dir="1" index="1" bw="11" slack="1"/>
</pin_list>
<bind>
<opset="pool_ap_fixed_ap_fixed_8_5_5_3_0_int_int_int_int_int_local_input_1_addr "/>
</bind>
</comp>

<comp id="1153" class="1005" name="pool_ap_fixed_ap_fixed_8_5_5_3_0_int_int_int_int_int_local_input_addr_reg_1153">
<pin_list>
<pin id="1154" dir="0" index="0" bw="11" slack="1"/>
<pin id="1155" dir="1" index="1" bw="11" slack="1"/>
</pin_list>
<bind>
<opset="pool_ap_fixed_ap_fixed_8_5_5_3_0_int_int_int_int_int_local_input_addr "/>
</bind>
</comp>

<comp id="1158" class="1005" name="pool_ap_fixed_ap_fixed_8_5_5_3_0_int_int_int_int_int_local_input_4_addr_1_reg_1158">
<pin_list>
<pin id="1159" dir="0" index="0" bw="11" slack="1"/>
<pin id="1160" dir="1" index="1" bw="11" slack="1"/>
</pin_list>
<bind>
<opset="pool_ap_fixed_ap_fixed_8_5_5_3_0_int_int_int_int_int_local_input_4_addr_1 "/>
</bind>
</comp>

<comp id="1163" class="1005" name="pool_ap_fixed_ap_fixed_8_5_5_3_0_int_int_int_int_int_local_input_3_addr_1_reg_1163">
<pin_list>
<pin id="1164" dir="0" index="0" bw="11" slack="1"/>
<pin id="1165" dir="1" index="1" bw="11" slack="1"/>
</pin_list>
<bind>
<opset="pool_ap_fixed_ap_fixed_8_5_5_3_0_int_int_int_int_int_local_input_3_addr_1 "/>
</bind>
</comp>

<comp id="1168" class="1005" name="pool_ap_fixed_ap_fixed_8_5_5_3_0_int_int_int_int_int_local_input_2_addr_1_reg_1168">
<pin_list>
<pin id="1169" dir="0" index="0" bw="11" slack="1"/>
<pin id="1170" dir="1" index="1" bw="11" slack="1"/>
</pin_list>
<bind>
<opset="pool_ap_fixed_ap_fixed_8_5_5_3_0_int_int_int_int_int_local_input_2_addr_1 "/>
</bind>
</comp>

<comp id="1173" class="1005" name="pool_ap_fixed_ap_fixed_8_5_5_3_0_int_int_int_int_int_local_input_1_addr_1_reg_1173">
<pin_list>
<pin id="1174" dir="0" index="0" bw="11" slack="1"/>
<pin id="1175" dir="1" index="1" bw="11" slack="1"/>
</pin_list>
<bind>
<opset="pool_ap_fixed_ap_fixed_8_5_5_3_0_int_int_int_int_int_local_input_1_addr_1 "/>
</bind>
</comp>

<comp id="1178" class="1005" name="pool_ap_fixed_ap_fixed_8_5_5_3_0_int_int_int_int_int_local_input_addr_1_reg_1178">
<pin_list>
<pin id="1179" dir="0" index="0" bw="11" slack="1"/>
<pin id="1180" dir="1" index="1" bw="11" slack="1"/>
</pin_list>
<bind>
<opset="pool_ap_fixed_ap_fixed_8_5_5_3_0_int_int_int_int_int_local_input_addr_1 "/>
</bind>
</comp>

<comp id="1183" class="1005" name="pool_ap_fixed_ap_fixed_8_5_5_3_0_int_int_int_int_int_local_input_4_addr_2_reg_1183">
<pin_list>
<pin id="1184" dir="0" index="0" bw="11" slack="1"/>
<pin id="1185" dir="1" index="1" bw="11" slack="1"/>
</pin_list>
<bind>
<opset="pool_ap_fixed_ap_fixed_8_5_5_3_0_int_int_int_int_int_local_input_4_addr_2 "/>
</bind>
</comp>

<comp id="1188" class="1005" name="pool_ap_fixed_ap_fixed_8_5_5_3_0_int_int_int_int_int_local_input_3_addr_2_reg_1188">
<pin_list>
<pin id="1189" dir="0" index="0" bw="11" slack="1"/>
<pin id="1190" dir="1" index="1" bw="11" slack="1"/>
</pin_list>
<bind>
<opset="pool_ap_fixed_ap_fixed_8_5_5_3_0_int_int_int_int_int_local_input_3_addr_2 "/>
</bind>
</comp>

<comp id="1193" class="1005" name="pool_ap_fixed_ap_fixed_8_5_5_3_0_int_int_int_int_int_local_input_2_addr_2_reg_1193">
<pin_list>
<pin id="1194" dir="0" index="0" bw="11" slack="1"/>
<pin id="1195" dir="1" index="1" bw="11" slack="1"/>
</pin_list>
<bind>
<opset="pool_ap_fixed_ap_fixed_8_5_5_3_0_int_int_int_int_int_local_input_2_addr_2 "/>
</bind>
</comp>

<comp id="1198" class="1005" name="pool_ap_fixed_ap_fixed_8_5_5_3_0_int_int_int_int_int_local_input_1_addr_2_reg_1198">
<pin_list>
<pin id="1199" dir="0" index="0" bw="11" slack="1"/>
<pin id="1200" dir="1" index="1" bw="11" slack="1"/>
</pin_list>
<bind>
<opset="pool_ap_fixed_ap_fixed_8_5_5_3_0_int_int_int_int_int_local_input_1_addr_2 "/>
</bind>
</comp>

<comp id="1203" class="1005" name="pool_ap_fixed_ap_fixed_8_5_5_3_0_int_int_int_int_int_local_input_addr_2_reg_1203">
<pin_list>
<pin id="1204" dir="0" index="0" bw="11" slack="1"/>
<pin id="1205" dir="1" index="1" bw="11" slack="1"/>
</pin_list>
<bind>
<opset="pool_ap_fixed_ap_fixed_8_5_5_3_0_int_int_int_int_int_local_input_addr_2 "/>
</bind>
</comp>

<comp id="1208" class="1005" name="max_val_1_reg_1208">
<pin_list>
<pin id="1209" dir="0" index="0" bw="7" slack="1"/>
<pin id="1210" dir="1" index="1" bw="7" slack="1"/>
</pin_list>
<bind>
<opset="max_val_1 "/>
</bind>
</comp>

<comp id="1214" class="1005" name="val_reg_1214">
<pin_list>
<pin id="1215" dir="0" index="0" bw="8" slack="1"/>
<pin id="1216" dir="1" index="1" bw="8" slack="1"/>
</pin_list>
<bind>
<opset="val "/>
</bind>
</comp>

<comp id="1219" class="1005" name="trunc_ln36_2_reg_1219">
<pin_list>
<pin id="1220" dir="0" index="0" bw="7" slack="1"/>
<pin id="1221" dir="1" index="1" bw="7" slack="1"/>
</pin_list>
<bind>
<opset="trunc_ln36_2 "/>
</bind>
</comp>

<comp id="1224" class="1005" name="val_5_reg_1224">
<pin_list>
<pin id="1225" dir="0" index="0" bw="8" slack="1"/>
<pin id="1226" dir="1" index="1" bw="8" slack="1"/>
</pin_list>
<bind>
<opset="val_5 "/>
</bind>
</comp>

<comp id="1229" class="1005" name="trunc_ln36_3_reg_1229">
<pin_list>
<pin id="1230" dir="0" index="0" bw="7" slack="1"/>
<pin id="1231" dir="1" index="1" bw="7" slack="1"/>
</pin_list>
<bind>
<opset="trunc_ln36_3 "/>
</bind>
</comp>

<comp id="1234" class="1005" name="pool_ap_fixed_ap_fixed_8_5_5_3_0_int_int_int_int_int_local_input_4_addr_3_reg_1234">
<pin_list>
<pin id="1235" dir="0" index="0" bw="11" slack="1"/>
<pin id="1236" dir="1" index="1" bw="11" slack="1"/>
</pin_list>
<bind>
<opset="pool_ap_fixed_ap_fixed_8_5_5_3_0_int_int_int_int_int_local_input_4_addr_3 "/>
</bind>
</comp>

<comp id="1239" class="1005" name="pool_ap_fixed_ap_fixed_8_5_5_3_0_int_int_int_int_int_local_input_3_addr_3_reg_1239">
<pin_list>
<pin id="1240" dir="0" index="0" bw="11" slack="1"/>
<pin id="1241" dir="1" index="1" bw="11" slack="1"/>
</pin_list>
<bind>
<opset="pool_ap_fixed_ap_fixed_8_5_5_3_0_int_int_int_int_int_local_input_3_addr_3 "/>
</bind>
</comp>

<comp id="1244" class="1005" name="pool_ap_fixed_ap_fixed_8_5_5_3_0_int_int_int_int_int_local_input_2_addr_3_reg_1244">
<pin_list>
<pin id="1245" dir="0" index="0" bw="11" slack="1"/>
<pin id="1246" dir="1" index="1" bw="11" slack="1"/>
</pin_list>
<bind>
<opset="pool_ap_fixed_ap_fixed_8_5_5_3_0_int_int_int_int_int_local_input_2_addr_3 "/>
</bind>
</comp>

<comp id="1249" class="1005" name="pool_ap_fixed_ap_fixed_8_5_5_3_0_int_int_int_int_int_local_input_1_addr_3_reg_1249">
<pin_list>
<pin id="1250" dir="0" index="0" bw="11" slack="1"/>
<pin id="1251" dir="1" index="1" bw="11" slack="1"/>
</pin_list>
<bind>
<opset="pool_ap_fixed_ap_fixed_8_5_5_3_0_int_int_int_int_int_local_input_1_addr_3 "/>
</bind>
</comp>

<comp id="1254" class="1005" name="pool_ap_fixed_ap_fixed_8_5_5_3_0_int_int_int_int_int_local_input_addr_3_reg_1254">
<pin_list>
<pin id="1255" dir="0" index="0" bw="11" slack="1"/>
<pin id="1256" dir="1" index="1" bw="11" slack="1"/>
</pin_list>
<bind>
<opset="pool_ap_fixed_ap_fixed_8_5_5_3_0_int_int_int_int_int_local_input_addr_3 "/>
</bind>
</comp>

<comp id="1259" class="1005" name="max_val_5_reg_1259">
<pin_list>
<pin id="1260" dir="0" index="0" bw="7" slack="1"/>
<pin id="1261" dir="1" index="1" bw="7" slack="1"/>
</pin_list>
<bind>
<opset="max_val_5 "/>
</bind>
</comp>

</comp_list>

<net_list>
<net id="121"><net_src comp="14" pin="0"/><net_sink comp="118" pin=0"/></net>

<net id="125"><net_src comp="14" pin="0"/><net_sink comp="122" pin=0"/></net>

<net id="129"><net_src comp="14" pin="0"/><net_sink comp="126" pin=0"/></net>

<net id="133"><net_src comp="14" pin="0"/><net_sink comp="130" pin=0"/></net>

<net id="137"><net_src comp="14" pin="0"/><net_sink comp="134" pin=0"/></net>

<net id="142"><net_src comp="44" pin="0"/><net_sink comp="138" pin=0"/></net>

<net id="143"><net_src comp="2" pin="0"/><net_sink comp="138" pin=1"/></net>

<net id="149"><net_src comp="4" pin="0"/><net_sink comp="144" pin=0"/></net>

<net id="150"><net_src comp="90" pin="0"/><net_sink comp="144" pin=1"/></net>

<net id="156"><net_src comp="6" pin="0"/><net_sink comp="151" pin=0"/></net>

<net id="157"><net_src comp="90" pin="0"/><net_sink comp="151" pin=1"/></net>

<net id="163"><net_src comp="8" pin="0"/><net_sink comp="158" pin=0"/></net>

<net id="164"><net_src comp="90" pin="0"/><net_sink comp="158" pin=1"/></net>

<net id="170"><net_src comp="10" pin="0"/><net_sink comp="165" pin=0"/></net>

<net id="171"><net_src comp="90" pin="0"/><net_sink comp="165" pin=1"/></net>

<net id="177"><net_src comp="12" pin="0"/><net_sink comp="172" pin=0"/></net>

<net id="178"><net_src comp="90" pin="0"/><net_sink comp="172" pin=1"/></net>

<net id="188"><net_src comp="144" pin="3"/><net_sink comp="179" pin=2"/></net>

<net id="198"><net_src comp="151" pin="3"/><net_sink comp="189" pin=2"/></net>

<net id="208"><net_src comp="158" pin="3"/><net_sink comp="199" pin=2"/></net>

<net id="218"><net_src comp="165" pin="3"/><net_sink comp="209" pin=2"/></net>

<net id="228"><net_src comp="172" pin="3"/><net_sink comp="219" pin=2"/></net>

<net id="234"><net_src comp="4" pin="0"/><net_sink comp="229" pin=0"/></net>

<net id="235"><net_src comp="90" pin="0"/><net_sink comp="229" pin=1"/></net>

<net id="241"><net_src comp="6" pin="0"/><net_sink comp="236" pin=0"/></net>

<net id="242"><net_src comp="90" pin="0"/><net_sink comp="236" pin=1"/></net>

<net id="248"><net_src comp="8" pin="0"/><net_sink comp="243" pin=0"/></net>

<net id="249"><net_src comp="90" pin="0"/><net_sink comp="243" pin=1"/></net>

<net id="255"><net_src comp="10" pin="0"/><net_sink comp="250" pin=0"/></net>

<net id="256"><net_src comp="90" pin="0"/><net_sink comp="250" pin=1"/></net>

<net id="262"><net_src comp="12" pin="0"/><net_sink comp="257" pin=0"/></net>

<net id="263"><net_src comp="90" pin="0"/><net_sink comp="257" pin=1"/></net>

<net id="264"><net_src comp="229" pin="3"/><net_sink comp="179" pin=2"/></net>

<net id="265"><net_src comp="236" pin="3"/><net_sink comp="189" pin=2"/></net>

<net id="266"><net_src comp="243" pin="3"/><net_sink comp="199" pin=2"/></net>

<net id="267"><net_src comp="250" pin="3"/><net_sink comp="209" pin=2"/></net>

<net id="268"><net_src comp="257" pin="3"/><net_sink comp="219" pin=2"/></net>

<net id="274"><net_src comp="4" pin="0"/><net_sink comp="269" pin=0"/></net>

<net id="275"><net_src comp="90" pin="0"/><net_sink comp="269" pin=1"/></net>

<net id="281"><net_src comp="6" pin="0"/><net_sink comp="276" pin=0"/></net>

<net id="282"><net_src comp="90" pin="0"/><net_sink comp="276" pin=1"/></net>

<net id="288"><net_src comp="8" pin="0"/><net_sink comp="283" pin=0"/></net>

<net id="289"><net_src comp="90" pin="0"/><net_sink comp="283" pin=1"/></net>

<net id="295"><net_src comp="10" pin="0"/><net_sink comp="290" pin=0"/></net>

<net id="296"><net_src comp="90" pin="0"/><net_sink comp="290" pin=1"/></net>

<net id="302"><net_src comp="12" pin="0"/><net_sink comp="297" pin=0"/></net>

<net id="303"><net_src comp="90" pin="0"/><net_sink comp="297" pin=1"/></net>

<net id="304"><net_src comp="269" pin="3"/><net_sink comp="179" pin=2"/></net>

<net id="305"><net_src comp="276" pin="3"/><net_sink comp="189" pin=2"/></net>

<net id="306"><net_src comp="283" pin="3"/><net_sink comp="199" pin=2"/></net>

<net id="307"><net_src comp="290" pin="3"/><net_sink comp="209" pin=2"/></net>

<net id="308"><net_src comp="297" pin="3"/><net_sink comp="219" pin=2"/></net>

<net id="314"><net_src comp="4" pin="0"/><net_sink comp="309" pin=0"/></net>

<net id="315"><net_src comp="90" pin="0"/><net_sink comp="309" pin=1"/></net>

<net id="321"><net_src comp="6" pin="0"/><net_sink comp="316" pin=0"/></net>

<net id="322"><net_src comp="90" pin="0"/><net_sink comp="316" pin=1"/></net>

<net id="328"><net_src comp="8" pin="0"/><net_sink comp="323" pin=0"/></net>

<net id="329"><net_src comp="90" pin="0"/><net_sink comp="323" pin=1"/></net>

<net id="335"><net_src comp="10" pin="0"/><net_sink comp="330" pin=0"/></net>

<net id="336"><net_src comp="90" pin="0"/><net_sink comp="330" pin=1"/></net>

<net id="342"><net_src comp="12" pin="0"/><net_sink comp="337" pin=0"/></net>

<net id="343"><net_src comp="90" pin="0"/><net_sink comp="337" pin=1"/></net>

<net id="344"><net_src comp="309" pin="3"/><net_sink comp="179" pin=0"/></net>

<net id="345"><net_src comp="316" pin="3"/><net_sink comp="189" pin=0"/></net>

<net id="346"><net_src comp="323" pin="3"/><net_sink comp="199" pin=0"/></net>

<net id="347"><net_src comp="330" pin="3"/><net_sink comp="209" pin=0"/></net>

<net id="348"><net_src comp="337" pin="3"/><net_sink comp="219" pin=0"/></net>

<net id="355"><net_src comp="116" pin="0"/><net_sink comp="349" pin=0"/></net>

<net id="356"><net_src comp="58" pin="0"/><net_sink comp="349" pin=3"/></net>

<net id="361"><net_src comp="46" pin="0"/><net_sink comp="357" pin=0"/></net>

<net id="366"><net_src comp="48" pin="0"/><net_sink comp="362" pin=0"/></net>

<net id="371"><net_src comp="50" pin="0"/><net_sink comp="367" pin=0"/></net>

<net id="376"><net_src comp="48" pin="0"/><net_sink comp="372" pin=0"/></net>

<net id="381"><net_src comp="48" pin="0"/><net_sink comp="377" pin=0"/></net>

<net id="389"><net_src comp="382" pin="1"/><net_sink comp="385" pin=0"/></net>

<net id="390"><net_src comp="52" pin="0"/><net_sink comp="385" pin=1"/></net>

<net id="395"><net_src comp="382" pin="1"/><net_sink comp="391" pin=0"/></net>

<net id="396"><net_src comp="54" pin="0"/><net_sink comp="391" pin=1"/></net>

<net id="401"><net_src comp="391" pin="2"/><net_sink comp="397" pin=0"/></net>

<net id="418"><net_src comp="408" pin="1"/><net_sink comp="414" pin=0"/></net>

<net id="419"><net_src comp="56" pin="0"/><net_sink comp="414" pin=1"/></net>

<net id="425"><net_src comp="414" pin="2"/><net_sink comp="420" pin=0"/></net>

<net id="426"><net_src comp="48" pin="0"/><net_sink comp="420" pin=1"/></net>

<net id="427"><net_src comp="405" pin="1"/><net_sink comp="420" pin=2"/></net>

<net id="432"><net_src comp="414" pin="2"/><net_sink comp="428" pin=0"/></net>

<net id="433"><net_src comp="58" pin="0"/><net_sink comp="428" pin=1"/></net>

<net id="438"><net_src comp="402" pin="1"/><net_sink comp="434" pin=0"/></net>

<net id="439"><net_src comp="60" pin="0"/><net_sink comp="434" pin=1"/></net>

<net id="444"><net_src comp="434" pin="2"/><net_sink comp="440" pin=0"/></net>

<net id="445"><net_src comp="428" pin="2"/><net_sink comp="440" pin=1"/></net>

<net id="450"><net_src comp="411" pin="1"/><net_sink comp="446" pin=0"/></net>

<net id="451"><net_src comp="62" pin="0"/><net_sink comp="446" pin=1"/></net>

<net id="457"><net_src comp="414" pin="2"/><net_sink comp="452" pin=0"/></net>

<net id="458"><net_src comp="446" pin="2"/><net_sink comp="452" pin=1"/></net>

<net id="459"><net_src comp="411" pin="1"/><net_sink comp="452" pin=2"/></net>

<net id="464"><net_src comp="420" pin="3"/><net_sink comp="460" pin=0"/></net>

<net id="465"><net_src comp="62" pin="0"/><net_sink comp="460" pin=1"/></net>

<net id="470"><net_src comp="440" pin="2"/><net_sink comp="466" pin=0"/></net>

<net id="471"><net_src comp="414" pin="2"/><net_sink comp="466" pin=1"/></net>

<net id="477"><net_src comp="466" pin="2"/><net_sink comp="472" pin=0"/></net>

<net id="478"><net_src comp="48" pin="0"/><net_sink comp="472" pin=1"/></net>

<net id="479"><net_src comp="402" pin="1"/><net_sink comp="472" pin=2"/></net>

<net id="485"><net_src comp="440" pin="2"/><net_sink comp="480" pin=0"/></net>

<net id="486"><net_src comp="460" pin="2"/><net_sink comp="480" pin=1"/></net>

<net id="487"><net_src comp="420" pin="3"/><net_sink comp="480" pin=2"/></net>

<net id="491"><net_src comp="452" pin="3"/><net_sink comp="488" pin=0"/></net>

<net id="495"><net_src comp="452" pin="3"/><net_sink comp="492" pin=0"/></net>

<net id="501"><net_src comp="64" pin="0"/><net_sink comp="496" pin=0"/></net>

<net id="502"><net_src comp="492" pin="1"/><net_sink comp="496" pin=1"/></net>

<net id="503"><net_src comp="66" pin="0"/><net_sink comp="496" pin=2"/></net>

<net id="508"><net_src comp="496" pin="3"/><net_sink comp="504" pin=0"/></net>

<net id="509"><net_src comp="488" pin="1"/><net_sink comp="504" pin=1"/></net>

<net id="514"><net_src comp="472" pin="3"/><net_sink comp="510" pin=0"/></net>

<net id="515"><net_src comp="62" pin="0"/><net_sink comp="510" pin=1"/></net>

<net id="520"><net_src comp="408" pin="1"/><net_sink comp="516" pin=0"/></net>

<net id="521"><net_src comp="68" pin="0"/><net_sink comp="516" pin=1"/></net>

<net id="527"><net_src comp="414" pin="2"/><net_sink comp="522" pin=0"/></net>

<net id="528"><net_src comp="68" pin="0"/><net_sink comp="522" pin=1"/></net>

<net id="529"><net_src comp="516" pin="2"/><net_sink comp="522" pin=2"/></net>

<net id="534"><net_src comp="452" pin="3"/><net_sink comp="530" pin=0"/></net>

<net id="539"><net_src comp="522" pin="3"/><net_sink comp="535" pin=0"/></net>

<net id="544"><net_src comp="480" pin="3"/><net_sink comp="540" pin=0"/></net>

<net id="549"><net_src comp="510" pin="2"/><net_sink comp="545" pin=0"/></net>

<net id="558"><net_src comp="70" pin="0"/><net_sink comp="553" pin=0"/></net>

<net id="559"><net_src comp="66" pin="0"/><net_sink comp="553" pin=2"/></net>

<net id="565"><net_src comp="72" pin="0"/><net_sink comp="560" pin=0"/></net>

<net id="566"><net_src comp="24" pin="0"/><net_sink comp="560" pin=2"/></net>

<net id="570"><net_src comp="560" pin="3"/><net_sink comp="567" pin=0"/></net>

<net id="575"><net_src comp="553" pin="3"/><net_sink comp="571" pin=0"/></net>

<net id="576"><net_src comp="567" pin="1"/><net_sink comp="571" pin=1"/></net>

<net id="580"><net_src comp="571" pin="2"/><net_sink comp="577" pin=0"/></net>

<net id="586"><net_src comp="74" pin="0"/><net_sink comp="581" pin=0"/></net>

<net id="587"><net_src comp="76" pin="0"/><net_sink comp="581" pin=2"/></net>

<net id="591"><net_src comp="553" pin="3"/><net_sink comp="588" pin=0"/></net>

<net id="596"><net_src comp="581" pin="3"/><net_sink comp="592" pin=0"/></net>

<net id="597"><net_src comp="588" pin="1"/><net_sink comp="592" pin=1"/></net>

<net id="603"><net_src comp="72" pin="0"/><net_sink comp="598" pin=0"/></net>

<net id="604"><net_src comp="24" pin="0"/><net_sink comp="598" pin=2"/></net>

<net id="608"><net_src comp="598" pin="3"/><net_sink comp="605" pin=0"/></net>

<net id="613"><net_src comp="550" pin="1"/><net_sink comp="609" pin=0"/></net>

<net id="614"><net_src comp="605" pin="1"/><net_sink comp="609" pin=1"/></net>

<net id="618"><net_src comp="609" pin="2"/><net_sink comp="615" pin=0"/></net>

<net id="623"><net_src comp="615" pin="1"/><net_sink comp="619" pin=0"/></net>

<net id="624"><net_src comp="577" pin="1"/><net_sink comp="619" pin=1"/></net>

<net id="629"><net_src comp="619" pin="2"/><net_sink comp="625" pin=0"/></net>

<net id="630"><net_src comp="78" pin="0"/><net_sink comp="625" pin=1"/></net>

<net id="638"><net_src comp="631" pin="1"/><net_sink comp="634" pin=0"/></net>

<net id="639"><net_src comp="80" pin="0"/><net_sink comp="634" pin=1"/></net>

<net id="647"><net_src comp="640" pin="1"/><net_sink comp="643" pin=0"/></net>

<net id="648"><net_src comp="634" pin="2"/><net_sink comp="643" pin=1"/></net>

<net id="653"><net_src comp="82" pin="0"/><net_sink comp="649" pin=1"/></net>

<net id="657"><net_src comp="649" pin="2"/><net_sink comp="654" pin=0"/></net>

<net id="662"><net_src comp="654" pin="1"/><net_sink comp="658" pin=0"/></net>

<net id="663"><net_src comp="634" pin="2"/><net_sink comp="658" pin=1"/></net>

<net id="671"><net_src comp="664" pin="1"/><net_sink comp="667" pin=0"/></net>

<net id="675"><net_src comp="667" pin="2"/><net_sink comp="672" pin=0"/></net>

<net id="680"><net_src comp="672" pin="1"/><net_sink comp="676" pin=0"/></net>

<net id="681"><net_src comp="84" pin="0"/><net_sink comp="676" pin=1"/></net>

<net id="688"><net_src comp="86" pin="0"/><net_sink comp="682" pin=0"/></net>

<net id="689"><net_src comp="676" pin="2"/><net_sink comp="682" pin=1"/></net>

<net id="690"><net_src comp="40" pin="0"/><net_sink comp="682" pin=2"/></net>

<net id="691"><net_src comp="88" pin="0"/><net_sink comp="682" pin=3"/></net>

<net id="695"><net_src comp="625" pin="2"/><net_sink comp="692" pin=0"/></net>

<net id="701"><net_src comp="72" pin="0"/><net_sink comp="696" pin=0"/></net>

<net id="702"><net_src comp="58" pin="0"/><net_sink comp="696" pin=2"/></net>

<net id="706"><net_src comp="696" pin="3"/><net_sink comp="703" pin=0"/></net>

<net id="711"><net_src comp="703" pin="1"/><net_sink comp="707" pin=0"/></net>

<net id="715"><net_src comp="707" pin="2"/><net_sink comp="712" pin=0"/></net>

<net id="720"><net_src comp="712" pin="1"/><net_sink comp="716" pin=0"/></net>

<net id="721"><net_src comp="84" pin="0"/><net_sink comp="716" pin=1"/></net>

<net id="728"><net_src comp="86" pin="0"/><net_sink comp="722" pin=0"/></net>

<net id="729"><net_src comp="716" pin="2"/><net_sink comp="722" pin=1"/></net>

<net id="730"><net_src comp="40" pin="0"/><net_sink comp="722" pin=2"/></net>

<net id="731"><net_src comp="88" pin="0"/><net_sink comp="722" pin=3"/></net>

<net id="736"><net_src comp="664" pin="1"/><net_sink comp="732" pin=0"/></net>

<net id="740"><net_src comp="732" pin="2"/><net_sink comp="737" pin=0"/></net>

<net id="745"><net_src comp="737" pin="1"/><net_sink comp="741" pin=0"/></net>

<net id="746"><net_src comp="84" pin="0"/><net_sink comp="741" pin=1"/></net>

<net id="753"><net_src comp="86" pin="0"/><net_sink comp="747" pin=0"/></net>

<net id="754"><net_src comp="741" pin="2"/><net_sink comp="747" pin=1"/></net>

<net id="755"><net_src comp="40" pin="0"/><net_sink comp="747" pin=2"/></net>

<net id="756"><net_src comp="88" pin="0"/><net_sink comp="747" pin=3"/></net>

<net id="761"><net_src comp="703" pin="1"/><net_sink comp="757" pin=0"/></net>

<net id="765"><net_src comp="757" pin="2"/><net_sink comp="762" pin=0"/></net>

<net id="770"><net_src comp="762" pin="1"/><net_sink comp="766" pin=0"/></net>

<net id="771"><net_src comp="84" pin="0"/><net_sink comp="766" pin=1"/></net>

<net id="778"><net_src comp="86" pin="0"/><net_sink comp="772" pin=0"/></net>

<net id="779"><net_src comp="766" pin="2"/><net_sink comp="772" pin=1"/></net>

<net id="780"><net_src comp="40" pin="0"/><net_sink comp="772" pin=2"/></net>

<net id="781"><net_src comp="88" pin="0"/><net_sink comp="772" pin=3"/></net>

<net id="785"><net_src comp="782" pin="1"/><net_sink comp="144" pin=2"/></net>

<net id="786"><net_src comp="782" pin="1"/><net_sink comp="151" pin=2"/></net>

<net id="787"><net_src comp="782" pin="1"/><net_sink comp="158" pin=2"/></net>

<net id="788"><net_src comp="782" pin="1"/><net_sink comp="165" pin=2"/></net>

<net id="789"><net_src comp="782" pin="1"/><net_sink comp="172" pin=2"/></net>

<net id="793"><net_src comp="790" pin="1"/><net_sink comp="229" pin=2"/></net>

<net id="794"><net_src comp="790" pin="1"/><net_sink comp="236" pin=2"/></net>

<net id="795"><net_src comp="790" pin="1"/><net_sink comp="243" pin=2"/></net>

<net id="796"><net_src comp="790" pin="1"/><net_sink comp="250" pin=2"/></net>

<net id="797"><net_src comp="790" pin="1"/><net_sink comp="257" pin=2"/></net>

<net id="801"><net_src comp="798" pin="1"/><net_sink comp="269" pin=2"/></net>

<net id="802"><net_src comp="798" pin="1"/><net_sink comp="276" pin=2"/></net>

<net id="803"><net_src comp="798" pin="1"/><net_sink comp="283" pin=2"/></net>

<net id="804"><net_src comp="798" pin="1"/><net_sink comp="290" pin=2"/></net>

<net id="805"><net_src comp="798" pin="1"/><net_sink comp="297" pin=2"/></net>

<net id="821"><net_src comp="92" pin="0"/><net_sink comp="806" pin=0"/></net>

<net id="822"><net_src comp="66" pin="0"/><net_sink comp="806" pin=1"/></net>

<net id="823"><net_src comp="179" pin="7"/><net_sink comp="806" pin=2"/></net>

<net id="824"><net_src comp="94" pin="0"/><net_sink comp="806" pin=3"/></net>

<net id="825"><net_src comp="189" pin="7"/><net_sink comp="806" pin=4"/></net>

<net id="826"><net_src comp="96" pin="0"/><net_sink comp="806" pin=5"/></net>

<net id="827"><net_src comp="199" pin="7"/><net_sink comp="806" pin=6"/></net>

<net id="828"><net_src comp="98" pin="0"/><net_sink comp="806" pin=7"/></net>

<net id="829"><net_src comp="209" pin="7"/><net_sink comp="806" pin=8"/></net>

<net id="830"><net_src comp="100" pin="0"/><net_sink comp="806" pin=9"/></net>

<net id="831"><net_src comp="219" pin="7"/><net_sink comp="806" pin=10"/></net>

<net id="832"><net_src comp="102" pin="0"/><net_sink comp="806" pin=11"/></net>

<net id="836"><net_src comp="806" pin="13"/><net_sink comp="833" pin=0"/></net>

<net id="841"><net_src comp="806" pin="13"/><net_sink comp="837" pin=0"/></net>

<net id="842"><net_src comp="50" pin="0"/><net_sink comp="837" pin=1"/></net>

<net id="848"><net_src comp="837" pin="2"/><net_sink comp="843" pin=0"/></net>

<net id="849"><net_src comp="833" pin="1"/><net_sink comp="843" pin=1"/></net>

<net id="850"><net_src comp="104" pin="0"/><net_sink comp="843" pin=2"/></net>

<net id="866"><net_src comp="92" pin="0"/><net_sink comp="851" pin=0"/></net>

<net id="867"><net_src comp="100" pin="0"/><net_sink comp="851" pin=1"/></net>

<net id="868"><net_src comp="179" pin="7"/><net_sink comp="851" pin=2"/></net>

<net id="869"><net_src comp="66" pin="0"/><net_sink comp="851" pin=3"/></net>

<net id="870"><net_src comp="189" pin="7"/><net_sink comp="851" pin=4"/></net>

<net id="871"><net_src comp="94" pin="0"/><net_sink comp="851" pin=5"/></net>

<net id="872"><net_src comp="199" pin="7"/><net_sink comp="851" pin=6"/></net>

<net id="873"><net_src comp="96" pin="0"/><net_sink comp="851" pin=7"/></net>

<net id="874"><net_src comp="209" pin="7"/><net_sink comp="851" pin=8"/></net>

<net id="875"><net_src comp="98" pin="0"/><net_sink comp="851" pin=9"/></net>

<net id="876"><net_src comp="219" pin="7"/><net_sink comp="851" pin=10"/></net>

<net id="877"><net_src comp="102" pin="0"/><net_sink comp="851" pin=11"/></net>

<net id="881"><net_src comp="851" pin="13"/><net_sink comp="878" pin=0"/></net>

<net id="897"><net_src comp="92" pin="0"/><net_sink comp="882" pin=0"/></net>

<net id="898"><net_src comp="96" pin="0"/><net_sink comp="882" pin=1"/></net>

<net id="899"><net_src comp="179" pin="7"/><net_sink comp="882" pin=2"/></net>

<net id="900"><net_src comp="98" pin="0"/><net_sink comp="882" pin=3"/></net>

<net id="901"><net_src comp="189" pin="7"/><net_sink comp="882" pin=4"/></net>

<net id="902"><net_src comp="100" pin="0"/><net_sink comp="882" pin=5"/></net>

<net id="903"><net_src comp="199" pin="7"/><net_sink comp="882" pin=6"/></net>

<net id="904"><net_src comp="66" pin="0"/><net_sink comp="882" pin=7"/></net>

<net id="905"><net_src comp="209" pin="7"/><net_sink comp="882" pin=8"/></net>

<net id="906"><net_src comp="94" pin="0"/><net_sink comp="882" pin=9"/></net>

<net id="907"><net_src comp="219" pin="7"/><net_sink comp="882" pin=10"/></net>

<net id="908"><net_src comp="102" pin="0"/><net_sink comp="882" pin=11"/></net>

<net id="912"><net_src comp="882" pin="13"/><net_sink comp="909" pin=0"/></net>

<net id="916"><net_src comp="913" pin="1"/><net_sink comp="309" pin=2"/></net>

<net id="917"><net_src comp="913" pin="1"/><net_sink comp="316" pin=2"/></net>

<net id="918"><net_src comp="913" pin="1"/><net_sink comp="323" pin=2"/></net>

<net id="919"><net_src comp="913" pin="1"/><net_sink comp="330" pin=2"/></net>

<net id="920"><net_src comp="913" pin="1"/><net_sink comp="337" pin=2"/></net>

<net id="928"><net_src comp="921" pin="1"/><net_sink comp="924" pin=1"/></net>

<net id="934"><net_src comp="924" pin="2"/><net_sink comp="929" pin=0"/></net>

<net id="938"><net_src comp="929" pin="3"/><net_sink comp="935" pin=0"/></net>

<net id="943"><net_src comp="935" pin="1"/><net_sink comp="939" pin=1"/></net>

<net id="949"><net_src comp="939" pin="2"/><net_sink comp="944" pin=0"/></net>

<net id="950"><net_src comp="929" pin="3"/><net_sink comp="944" pin=2"/></net>

<net id="954"><net_src comp="944" pin="3"/><net_sink comp="951" pin=0"/></net>

<net id="970"><net_src comp="92" pin="0"/><net_sink comp="955" pin=0"/></net>

<net id="971"><net_src comp="94" pin="0"/><net_sink comp="955" pin=1"/></net>

<net id="972"><net_src comp="179" pin="3"/><net_sink comp="955" pin=2"/></net>

<net id="973"><net_src comp="96" pin="0"/><net_sink comp="955" pin=3"/></net>

<net id="974"><net_src comp="189" pin="3"/><net_sink comp="955" pin=4"/></net>

<net id="975"><net_src comp="98" pin="0"/><net_sink comp="955" pin=5"/></net>

<net id="976"><net_src comp="199" pin="3"/><net_sink comp="955" pin=6"/></net>

<net id="977"><net_src comp="100" pin="0"/><net_sink comp="955" pin=7"/></net>

<net id="978"><net_src comp="209" pin="3"/><net_sink comp="955" pin=8"/></net>

<net id="979"><net_src comp="66" pin="0"/><net_sink comp="955" pin=9"/></net>

<net id="980"><net_src comp="219" pin="3"/><net_sink comp="955" pin=10"/></net>

<net id="981"><net_src comp="102" pin="0"/><net_sink comp="955" pin=11"/></net>

<net id="985"><net_src comp="955" pin="13"/><net_sink comp="982" pin=0"/></net>

<net id="990"><net_src comp="955" pin="13"/><net_sink comp="986" pin=0"/></net>

<net id="991"><net_src comp="951" pin="1"/><net_sink comp="986" pin=1"/></net>

<net id="997"><net_src comp="986" pin="2"/><net_sink comp="992" pin=0"/></net>

<net id="998"><net_src comp="982" pin="1"/><net_sink comp="992" pin=1"/></net>

<net id="999"><net_src comp="944" pin="3"/><net_sink comp="992" pin=2"/></net>

<net id="1004"><net_src comp="0" pin="0"/><net_sink comp="1000" pin=0"/></net>

<net id="1005"><net_src comp="1000" pin="2"/><net_sink comp="349" pin=1"/></net>

<net id="1009"><net_src comp="1006" pin="1"/><net_sink comp="349" pin=2"/></net>

<net id="1013"><net_src comp="118" pin="1"/><net_sink comp="1010" pin=0"/></net>

<net id="1014"><net_src comp="1010" pin="1"/><net_sink comp="377" pin=1"/></net>

<net id="1015"><net_src comp="1010" pin="1"/><net_sink comp="402" pin=0"/></net>

<net id="1016"><net_src comp="1010" pin="1"/><net_sink comp="545" pin=1"/></net>

<net id="1020"><net_src comp="122" pin="1"/><net_sink comp="1017" pin=0"/></net>

<net id="1021"><net_src comp="1017" pin="1"/><net_sink comp="372" pin=1"/></net>

<net id="1022"><net_src comp="1017" pin="1"/><net_sink comp="405" pin=0"/></net>

<net id="1023"><net_src comp="1017" pin="1"/><net_sink comp="540" pin=1"/></net>

<net id="1027"><net_src comp="126" pin="1"/><net_sink comp="1024" pin=0"/></net>

<net id="1028"><net_src comp="1024" pin="1"/><net_sink comp="367" pin=1"/></net>

<net id="1029"><net_src comp="1024" pin="1"/><net_sink comp="408" pin=0"/></net>

<net id="1030"><net_src comp="1024" pin="1"/><net_sink comp="535" pin=1"/></net>

<net id="1034"><net_src comp="130" pin="1"/><net_sink comp="1031" pin=0"/></net>

<net id="1035"><net_src comp="1031" pin="1"/><net_sink comp="362" pin=1"/></net>

<net id="1036"><net_src comp="1031" pin="1"/><net_sink comp="411" pin=0"/></net>

<net id="1037"><net_src comp="1031" pin="1"/><net_sink comp="530" pin=1"/></net>

<net id="1041"><net_src comp="134" pin="1"/><net_sink comp="1038" pin=0"/></net>

<net id="1042"><net_src comp="1038" pin="1"/><net_sink comp="357" pin=1"/></net>

<net id="1043"><net_src comp="1038" pin="1"/><net_sink comp="382" pin=0"/></net>

<net id="1044"><net_src comp="1038" pin="1"/><net_sink comp="397" pin=1"/></net>

<net id="1048"><net_src comp="138" pin="2"/><net_sink comp="1045" pin=0"/></net>

<net id="1049"><net_src comp="1045" pin="1"/><net_sink comp="1000" pin=1"/></net>

<net id="1053"><net_src comp="385" pin="2"/><net_sink comp="1050" pin=0"/></net>

<net id="1057"><net_src comp="452" pin="3"/><net_sink comp="1054" pin=0"/></net>

<net id="1058"><net_src comp="1054" pin="1"/><net_sink comp="631" pin=0"/></net>

<net id="1062"><net_src comp="472" pin="3"/><net_sink comp="1059" pin=0"/></net>

<net id="1063"><net_src comp="1059" pin="1"/><net_sink comp="598" pin=1"/></net>

<net id="1064"><net_src comp="1059" pin="1"/><net_sink comp="696" pin=1"/></net>

<net id="1068"><net_src comp="480" pin="3"/><net_sink comp="1065" pin=0"/></net>

<net id="1069"><net_src comp="1065" pin="1"/><net_sink comp="553" pin=1"/></net>

<net id="1070"><net_src comp="1065" pin="1"/><net_sink comp="560" pin=1"/></net>

<net id="1071"><net_src comp="1065" pin="1"/><net_sink comp="581" pin=1"/></net>

<net id="1075"><net_src comp="504" pin="2"/><net_sink comp="1072" pin=0"/></net>

<net id="1076"><net_src comp="1072" pin="1"/><net_sink comp="550" pin=0"/></net>

<net id="1080"><net_src comp="592" pin="2"/><net_sink comp="1077" pin=0"/></net>

<net id="1081"><net_src comp="1077" pin="1"/><net_sink comp="640" pin=0"/></net>

<net id="1082"><net_src comp="1077" pin="1"/><net_sink comp="649" pin=0"/></net>

<net id="1086"><net_src comp="598" pin="3"/><net_sink comp="1083" pin=0"/></net>

<net id="1087"><net_src comp="1083" pin="1"/><net_sink comp="664" pin=0"/></net>

<net id="1091"><net_src comp="619" pin="2"/><net_sink comp="1088" pin=0"/></net>

<net id="1092"><net_src comp="1088" pin="1"/><net_sink comp="625" pin=0"/></net>

<net id="1096"><net_src comp="643" pin="2"/><net_sink comp="1093" pin=0"/></net>

<net id="1097"><net_src comp="1093" pin="1"/><net_sink comp="667" pin=1"/></net>

<net id="1098"><net_src comp="1093" pin="1"/><net_sink comp="707" pin=1"/></net>

<net id="1102"><net_src comp="658" pin="2"/><net_sink comp="1099" pin=0"/></net>

<net id="1103"><net_src comp="1099" pin="1"/><net_sink comp="732" pin=1"/></net>

<net id="1104"><net_src comp="1099" pin="1"/><net_sink comp="757" pin=1"/></net>

<net id="1108"><net_src comp="682" pin="4"/><net_sink comp="1105" pin=0"/></net>

<net id="1109"><net_src comp="1105" pin="1"/><net_sink comp="782" pin=0"/></net>

<net id="1113"><net_src comp="692" pin="1"/><net_sink comp="1110" pin=0"/></net>

<net id="1114"><net_src comp="1110" pin="1"/><net_sink comp="806" pin=12"/></net>

<net id="1115"><net_src comp="1110" pin="1"/><net_sink comp="851" pin=12"/></net>

<net id="1116"><net_src comp="1110" pin="1"/><net_sink comp="882" pin=12"/></net>

<net id="1117"><net_src comp="1110" pin="1"/><net_sink comp="955" pin=12"/></net>

<net id="1121"><net_src comp="722" pin="4"/><net_sink comp="1118" pin=0"/></net>

<net id="1122"><net_src comp="1118" pin="1"/><net_sink comp="790" pin=0"/></net>

<net id="1126"><net_src comp="747" pin="4"/><net_sink comp="1123" pin=0"/></net>

<net id="1127"><net_src comp="1123" pin="1"/><net_sink comp="798" pin=0"/></net>

<net id="1131"><net_src comp="772" pin="4"/><net_sink comp="1128" pin=0"/></net>

<net id="1132"><net_src comp="1128" pin="1"/><net_sink comp="913" pin=0"/></net>

<net id="1136"><net_src comp="144" pin="3"/><net_sink comp="1133" pin=0"/></net>

<net id="1137"><net_src comp="1133" pin="1"/><net_sink comp="179" pin=2"/></net>

<net id="1141"><net_src comp="151" pin="3"/><net_sink comp="1138" pin=0"/></net>

<net id="1142"><net_src comp="1138" pin="1"/><net_sink comp="189" pin=2"/></net>

<net id="1146"><net_src comp="158" pin="3"/><net_sink comp="1143" pin=0"/></net>

<net id="1147"><net_src comp="1143" pin="1"/><net_sink comp="199" pin=2"/></net>

<net id="1151"><net_src comp="165" pin="3"/><net_sink comp="1148" pin=0"/></net>

<net id="1152"><net_src comp="1148" pin="1"/><net_sink comp="209" pin=2"/></net>

<net id="1156"><net_src comp="172" pin="3"/><net_sink comp="1153" pin=0"/></net>

<net id="1157"><net_src comp="1153" pin="1"/><net_sink comp="219" pin=2"/></net>

<net id="1161"><net_src comp="229" pin="3"/><net_sink comp="1158" pin=0"/></net>

<net id="1162"><net_src comp="1158" pin="1"/><net_sink comp="179" pin=2"/></net>

<net id="1166"><net_src comp="236" pin="3"/><net_sink comp="1163" pin=0"/></net>

<net id="1167"><net_src comp="1163" pin="1"/><net_sink comp="189" pin=2"/></net>

<net id="1171"><net_src comp="243" pin="3"/><net_sink comp="1168" pin=0"/></net>

<net id="1172"><net_src comp="1168" pin="1"/><net_sink comp="199" pin=2"/></net>

<net id="1176"><net_src comp="250" pin="3"/><net_sink comp="1173" pin=0"/></net>

<net id="1177"><net_src comp="1173" pin="1"/><net_sink comp="209" pin=2"/></net>

<net id="1181"><net_src comp="257" pin="3"/><net_sink comp="1178" pin=0"/></net>

<net id="1182"><net_src comp="1178" pin="1"/><net_sink comp="219" pin=2"/></net>

<net id="1186"><net_src comp="269" pin="3"/><net_sink comp="1183" pin=0"/></net>

<net id="1187"><net_src comp="1183" pin="1"/><net_sink comp="179" pin=2"/></net>

<net id="1191"><net_src comp="276" pin="3"/><net_sink comp="1188" pin=0"/></net>

<net id="1192"><net_src comp="1188" pin="1"/><net_sink comp="189" pin=2"/></net>

<net id="1196"><net_src comp="283" pin="3"/><net_sink comp="1193" pin=0"/></net>

<net id="1197"><net_src comp="1193" pin="1"/><net_sink comp="199" pin=2"/></net>

<net id="1201"><net_src comp="290" pin="3"/><net_sink comp="1198" pin=0"/></net>

<net id="1202"><net_src comp="1198" pin="1"/><net_sink comp="209" pin=2"/></net>

<net id="1206"><net_src comp="297" pin="3"/><net_sink comp="1203" pin=0"/></net>

<net id="1207"><net_src comp="1203" pin="1"/><net_sink comp="219" pin=2"/></net>

<net id="1211"><net_src comp="843" pin="3"/><net_sink comp="1208" pin=0"/></net>

<net id="1212"><net_src comp="1208" pin="1"/><net_sink comp="921" pin=0"/></net>

<net id="1213"><net_src comp="1208" pin="1"/><net_sink comp="929" pin=2"/></net>

<net id="1217"><net_src comp="851" pin="13"/><net_sink comp="1214" pin=0"/></net>

<net id="1218"><net_src comp="1214" pin="1"/><net_sink comp="924" pin=0"/></net>

<net id="1222"><net_src comp="878" pin="1"/><net_sink comp="1219" pin=0"/></net>

<net id="1223"><net_src comp="1219" pin="1"/><net_sink comp="929" pin=1"/></net>

<net id="1227"><net_src comp="882" pin="13"/><net_sink comp="1224" pin=0"/></net>

<net id="1228"><net_src comp="1224" pin="1"/><net_sink comp="939" pin=0"/></net>

<net id="1232"><net_src comp="909" pin="1"/><net_sink comp="1229" pin=0"/></net>

<net id="1233"><net_src comp="1229" pin="1"/><net_sink comp="944" pin=1"/></net>

<net id="1237"><net_src comp="309" pin="3"/><net_sink comp="1234" pin=0"/></net>

<net id="1238"><net_src comp="1234" pin="1"/><net_sink comp="179" pin=0"/></net>

<net id="1242"><net_src comp="316" pin="3"/><net_sink comp="1239" pin=0"/></net>

<net id="1243"><net_src comp="1239" pin="1"/><net_sink comp="189" pin=0"/></net>

<net id="1247"><net_src comp="323" pin="3"/><net_sink comp="1244" pin=0"/></net>

<net id="1248"><net_src comp="1244" pin="1"/><net_sink comp="199" pin=0"/></net>

<net id="1252"><net_src comp="330" pin="3"/><net_sink comp="1249" pin=0"/></net>

<net id="1253"><net_src comp="1249" pin="1"/><net_sink comp="209" pin=0"/></net>

<net id="1257"><net_src comp="337" pin="3"/><net_sink comp="1254" pin=0"/></net>

<net id="1258"><net_src comp="1254" pin="1"/><net_sink comp="219" pin=0"/></net>

<net id="1262"><net_src comp="992" pin="3"/><net_sink comp="1259" pin=0"/></net>

<net id="1263"><net_src comp="1259" pin="1"/><net_sink comp="1006" pin=0"/></net>

</net_list>

</model> 
---------------- Datapath Model END ------------------

* FSMD analyzer results:
  - Output states:
	Port: gmem0 | {18 }
 - Input state : 
	Port: pool_Pipeline_CO_LOOP_H_LOOP_W_LOOP : outputPool | {1 }
	Port: pool_Pipeline_CO_LOOP_H_LOOP_W_LOOP : pool_ap_fixed_ap_fixed_8_5_5_3_0_int_int_int_int_int_local_input_4 | {15 16 17 }
	Port: pool_Pipeline_CO_LOOP_H_LOOP_W_LOOP : pool_ap_fixed_ap_fixed_8_5_5_3_0_int_int_int_int_int_local_input_3 | {15 16 17 }
	Port: pool_Pipeline_CO_LOOP_H_LOOP_W_LOOP : pool_ap_fixed_ap_fixed_8_5_5_3_0_int_int_int_int_int_local_input_2 | {15 16 17 }
	Port: pool_Pipeline_CO_LOOP_H_LOOP_W_LOOP : pool_ap_fixed_ap_fixed_8_5_5_3_0_int_int_int_int_int_local_input_1 | {15 16 17 }
	Port: pool_Pipeline_CO_LOOP_H_LOOP_W_LOOP : pool_ap_fixed_ap_fixed_8_5_5_3_0_int_int_int_int_int_local_input | {15 16 17 }
  - Chain level:
	State 1
		store_ln0 : 1
		store_ln23 : 1
		store_ln0 : 1
		store_ln24 : 1
		store_ln25 : 1
		indvar_flatten12_load : 1
		icmp_ln23 : 2
		add_ln23 : 2
		br_ln23 : 3
		store_ln23 : 3
	State 2
		icmp_ln24 : 1
		select_ln23 : 2
		xor_ln23 : 2
		icmp_ln25 : 1
		and_ln23 : 2
		add_ln23_1 : 1
		select_ln23_1 : 2
		add_ln24 : 3
		empty : 2
		w_mid2 : 2
		select_ln24 : 2
		zext_ln34 : 3
		trunc_ln34 : 3
		p_shl1 : 4
		add_ln34_1 : 5
		add_ln25 : 3
		add_ln24_1 : 1
		select_ln24_1 : 2
		store_ln23 : 3
		store_ln24 : 3
		store_ln24 : 3
		store_ln25 : 4
	State 3
		zext_ln34_2 : 1
		sub_ln34 : 2
		zext_ln34_3 : 3
		zext_ln34_4 : 1
		sub_ln34_1 : 2
		zext_ln34_8 : 1
		add_ln34_4 : 2
		zext_ln34_9 : 3
		add_ln34_5 : 4
		urem_ln36 : 5
	State 4
	State 5
	State 6
	State 7
	State 8
	State 9
	State 10
	State 11
	State 12
	State 13
		mul_ln24 : 1
		add_ln34 : 2
		zext_ln34_6 : 1
		add_ln34_3 : 2
	State 14
		add_ln34_6 : 1
		zext_ln36_1 : 2
		mul_ln36 : 3
		tmp_1 : 4
		trunc_ln36 : 1
		zext_ln34_10 : 1
		add_ln34_7 : 2
		zext_ln36_2 : 3
		mul_ln36_1 : 4
		tmp_2 : 5
		add_ln34_8 : 1
		zext_ln36_4 : 2
		mul_ln36_2 : 3
		tmp_3 : 4
		add_ln34_9 : 2
		zext_ln36_7 : 3
		mul_ln36_3 : 4
		tmp_4 : 5
	State 15
		pool_ap_fixed_ap_fixed_8_5_5_3_0_int_int_int_int_int_local_input_4_addr : 1
		pool_ap_fixed_ap_fixed_8_5_5_3_0_int_int_int_int_int_local_input_3_addr : 1
		pool_ap_fixed_ap_fixed_8_5_5_3_0_int_int_int_int_int_local_input_2_addr : 1
		pool_ap_fixed_ap_fixed_8_5_5_3_0_int_int_int_int_int_local_input_1_addr : 1
		pool_ap_fixed_ap_fixed_8_5_5_3_0_int_int_int_int_int_local_input_addr : 1
		pool_ap_fixed_ap_fixed_8_5_5_3_0_int_int_int_int_int_local_input_4_load : 2
		pool_ap_fixed_ap_fixed_8_5_5_3_0_int_int_int_int_int_local_input_3_load : 2
		pool_ap_fixed_ap_fixed_8_5_5_3_0_int_int_int_int_int_local_input_2_load : 2
		pool_ap_fixed_ap_fixed_8_5_5_3_0_int_int_int_int_int_local_input_1_load : 2
		pool_ap_fixed_ap_fixed_8_5_5_3_0_int_int_int_int_int_local_input_load : 2
		pool_ap_fixed_ap_fixed_8_5_5_3_0_int_int_int_int_int_local_input_4_addr_1 : 1
		pool_ap_fixed_ap_fixed_8_5_5_3_0_int_int_int_int_int_local_input_3_addr_1 : 1
		pool_ap_fixed_ap_fixed_8_5_5_3_0_int_int_int_int_int_local_input_2_addr_1 : 1
		pool_ap_fixed_ap_fixed_8_5_5_3_0_int_int_int_int_int_local_input_1_addr_1 : 1
		pool_ap_fixed_ap_fixed_8_5_5_3_0_int_int_int_int_int_local_input_addr_1 : 1
		pool_ap_fixed_ap_fixed_8_5_5_3_0_int_int_int_int_int_local_input_4_load_1 : 2
		pool_ap_fixed_ap_fixed_8_5_5_3_0_int_int_int_int_int_local_input_3_load_1 : 2
		pool_ap_fixed_ap_fixed_8_5_5_3_0_int_int_int_int_int_local_input_2_load_1 : 2
		pool_ap_fixed_ap_fixed_8_5_5_3_0_int_int_int_int_int_local_input_1_load_1 : 2
		pool_ap_fixed_ap_fixed_8_5_5_3_0_int_int_int_int_int_local_input_load_1 : 2
		pool_ap_fixed_ap_fixed_8_5_5_3_0_int_int_int_int_int_local_input_4_addr_2 : 1
		pool_ap_fixed_ap_fixed_8_5_5_3_0_int_int_int_int_int_local_input_3_addr_2 : 1
		pool_ap_fixed_ap_fixed_8_5_5_3_0_int_int_int_int_int_local_input_2_addr_2 : 1
		pool_ap_fixed_ap_fixed_8_5_5_3_0_int_int_int_int_int_local_input_1_addr_2 : 1
		pool_ap_fixed_ap_fixed_8_5_5_3_0_int_int_int_int_int_local_input_addr_2 : 1
		pool_ap_fixed_ap_fixed_8_5_5_3_0_int_int_int_int_int_local_input_4_load_2 : 2
		pool_ap_fixed_ap_fixed_8_5_5_3_0_int_int_int_int_int_local_input_3_load_2 : 2
		pool_ap_fixed_ap_fixed_8_5_5_3_0_int_int_int_int_int_local_input_2_load_2 : 2
		pool_ap_fixed_ap_fixed_8_5_5_3_0_int_int_int_int_int_local_input_1_load_2 : 2
		pool_ap_fixed_ap_fixed_8_5_5_3_0_int_int_int_int_int_local_input_load_2 : 2
	State 16
		val_4 : 1
		trunc_ln36_1 : 2
		icmp_ln37 : 2
		max_val_1 : 3
		val : 1
		trunc_ln36_2 : 2
		val_5 : 1
		trunc_ln36_3 : 2
		pool_ap_fixed_ap_fixed_8_5_5_3_0_int_int_int_int_int_local_input_4_addr_3 : 1
		pool_ap_fixed_ap_fixed_8_5_5_3_0_int_int_int_int_int_local_input_3_addr_3 : 1
		pool_ap_fixed_ap_fixed_8_5_5_3_0_int_int_int_int_int_local_input_2_addr_3 : 1
		pool_ap_fixed_ap_fixed_8_5_5_3_0_int_int_int_int_int_local_input_1_addr_3 : 1
		pool_ap_fixed_ap_fixed_8_5_5_3_0_int_int_int_int_int_local_input_addr_3 : 1
		pool_ap_fixed_ap_fixed_8_5_5_3_0_int_int_int_int_int_local_input_4_load_3 : 2
		pool_ap_fixed_ap_fixed_8_5_5_3_0_int_int_int_int_int_local_input_3_load_3 : 2
		pool_ap_fixed_ap_fixed_8_5_5_3_0_int_int_int_int_int_local_input_2_load_3 : 2
		pool_ap_fixed_ap_fixed_8_5_5_3_0_int_int_int_int_int_local_input_1_load_3 : 2
		pool_ap_fixed_ap_fixed_8_5_5_3_0_int_int_int_int_int_local_input_load_3 : 2
	State 17
		icmp_ln37_1 : 1
		max_val_2 : 2
		zext_ln28_1 : 3
		icmp_ln37_2 : 4
		max_val_4 : 5
		zext_ln28_2 : 6
		val_3 : 1
		trunc_ln36_4 : 2
		icmp_ln37_3 : 7
		max_val_5 : 8
	State 18
		write_ln40 : 1


============================================================
+ Verbose Summary: Datapath Resource usage 
============================================================

* Functional unit list:
|----------|-----------------------------|---------|---------|---------|
| Operation|       Functional Unit       |   DSP   |    FF   |   LUT   |
|----------|-----------------------------|---------|---------|---------|
|   urem   |          grp_fu_625         |    0    |   195   |   126   |
|----------|-----------------------------|---------|---------|---------|
|          |       add_ln23_fu_391       |    0    |    0    |    12   |
|          |      add_ln23_1_fu_446      |    0    |    0    |    13   |
|          |       add_ln24_fu_460       |    0    |    0    |    13   |
|          |      add_ln34_1_fu_504      |    0    |    0    |    14   |
|          |       add_ln25_fu_510       |    0    |    0    |    13   |
|          |      add_ln24_1_fu_516      |    0    |    0    |    15   |
|          |      add_ln34_4_fu_609      |    0    |    0    |    14   |
|    add   |      add_ln34_5_fu_619      |    0    |    0    |    14   |
|          |       add_ln34_fu_643       |    0    |    0    |    14   |
|          |      add_ln34_2_fu_649      |    0    |    0    |    13   |
|          |      add_ln34_3_fu_658      |    0    |    0    |    14   |
|          |      add_ln34_6_fu_667      |    0    |    0    |    14   |
|          |      add_ln34_7_fu_707      |    0    |    0    |    14   |
|          |      add_ln34_8_fu_732      |    0    |    0    |    14   |
|          |      add_ln34_9_fu_757      |    0    |    0    |    14   |
|----------|-----------------------------|---------|---------|---------|
|          |       icmp_ln23_fu_385      |    0    |    0    |    12   |
|          |       icmp_ln24_fu_414      |    0    |    0    |    15   |
|          |       icmp_ln25_fu_434      |    0    |    0    |    13   |
|   icmp   |       icmp_ln37_fu_837      |    0    |    0    |    15   |
|          |      icmp_ln37_1_fu_924     |    0    |    0    |    15   |
|          |      icmp_ln37_2_fu_939     |    0    |    0    |    15   |
|          |      icmp_ln37_3_fu_986     |    0    |    0    |    15   |
|----------|-----------------------------|---------|---------|---------|
|          |         val_4_fu_806        |    0    |    0    |    25   |
| sparsemux|          val_fu_851         |    0    |    0    |    25   |
|          |         val_5_fu_882        |    0    |    0    |    25   |
|          |         val_3_fu_955        |    0    |    0    |    25   |
|----------|-----------------------------|---------|---------|---------|
|          |      select_ln23_fu_420     |    0    |    0    |    4    |
|          |     select_ln23_1_fu_452    |    0    |    0    |    4    |
|          |        w_mid2_fu_472        |    0    |    0    |    4    |
|          |      select_ln24_fu_480     |    0    |    0    |    4    |
|  select  |     select_ln24_1_fu_522    |    0    |    0    |    8    |
|          |       max_val_1_fu_843      |    0    |    0    |    7    |
|          |       max_val_2_fu_929      |    0    |    0    |    7    |
|          |       max_val_4_fu_944      |    0    |    0    |    7    |
|          |       max_val_5_fu_992      |    0    |    0    |    7    |
|----------|-----------------------------|---------|---------|---------|
|          |       mul_ln24_fu_634       |    0    |    0    |    6    |
|          |       mul_ln36_fu_676       |    1    |    0    |    6    |
|    mul   |      mul_ln36_1_fu_716      |    1    |    0    |    6    |
|          |      mul_ln36_2_fu_741      |    1    |    0    |    6    |
|          |      mul_ln36_3_fu_766      |    1    |    0    |    6    |
|----------|-----------------------------|---------|---------|---------|
|    sub   |       sub_ln34_fu_571       |    0    |    0    |    14   |
|          |      sub_ln34_1_fu_592      |    0    |    0    |    13   |
|----------|-----------------------------|---------|---------|---------|
|    xor   |       xor_ln23_fu_428       |    0    |    0    |    2    |
|----------|-----------------------------|---------|---------|---------|
|    and   |       and_ln23_fu_440       |    0    |    0    |    2    |
|----------|-----------------------------|---------|---------|---------|
|    or    |         empty_fu_466        |    0    |    0    |    2    |
|----------|-----------------------------|---------|---------|---------|
|   read   | outputPool_read_read_fu_138 |    0    |    0    |    0    |
|----------|-----------------------------|---------|---------|---------|
|   write  |   write_ln40_write_fu_349   |    0    |    0    |    0    |
|----------|-----------------------------|---------|---------|---------|
|          |       zext_ln34_fu_488      |    0    |    0    |    0    |
|          |      zext_ln34_1_fu_550     |    0    |    0    |    0    |
|          |      zext_ln34_2_fu_567     |    0    |    0    |    0    |
|          |      zext_ln34_3_fu_577     |    0    |    0    |    0    |
|          |      zext_ln34_4_fu_588     |    0    |    0    |    0    |
|          |      zext_ln34_8_fu_605     |    0    |    0    |    0    |
|          |      zext_ln34_9_fu_615     |    0    |    0    |    0    |
|          |       zext_ln24_fu_631      |    0    |    0    |    0    |
|          |      zext_ln34_5_fu_640     |    0    |    0    |    0    |
|          |      zext_ln34_6_fu_654     |    0    |    0    |    0    |
|          |      zext_ln34_7_fu_664     |    0    |    0    |    0    |
|   zext   |      zext_ln36_1_fu_672     |    0    |    0    |    0    |
|          |     zext_ln34_10_fu_703     |    0    |    0    |    0    |
|          |      zext_ln36_2_fu_712     |    0    |    0    |    0    |
|          |      zext_ln36_4_fu_737     |    0    |    0    |    0    |
|          |      zext_ln36_7_fu_762     |    0    |    0    |    0    |
|          |       zext_ln36_fu_782      |    0    |    0    |    0    |
|          |      zext_ln36_3_fu_790     |    0    |    0    |    0    |
|          |      zext_ln36_5_fu_798     |    0    |    0    |    0    |
|          |      zext_ln36_6_fu_913     |    0    |    0    |    0    |
|          |       zext_ln28_fu_921      |    0    |    0    |    0    |
|          |      zext_ln28_1_fu_935     |    0    |    0    |    0    |
|          |      zext_ln28_2_fu_951     |    0    |    0    |    0    |
|          |     zext_ln28_3_fu_1006     |    0    |    0    |    0    |
|----------|-----------------------------|---------|---------|---------|
|          |      trunc_ln34_fu_492      |    0    |    0    |    0    |
|          |      trunc_ln36_fu_692      |    0    |    0    |    0    |
|   trunc  |     trunc_ln36_1_fu_833     |    0    |    0    |    0    |
|          |     trunc_ln36_2_fu_878     |    0    |    0    |    0    |
|          |     trunc_ln36_3_fu_909     |    0    |    0    |    0    |
|          |     trunc_ln36_4_fu_982     |    0    |    0    |    0    |
|----------|-----------------------------|---------|---------|---------|
|          |        p_shl1_fu_496        |    0    |    0    |    0    |
|          |        p_shl2_fu_553        |    0    |    0    |    0    |
|bitconcatenate|          tmp_fu_560         |    0    |    0    |    0    |
|          |         p_shl_fu_581        |    0    |    0    |    0    |
|          |        shl_ln_fu_598        |    0    |    0    |    0    |
|          |         or_ln_fu_696        |    0    |    0    |    0    |
|----------|-----------------------------|---------|---------|---------|
|          |         tmp_1_fu_682        |    0    |    0    |    0    |
|partselect|         tmp_2_fu_722        |    0    |    0    |    0    |
|          |         tmp_3_fu_747        |    0    |    0    |    0    |
|          |         tmp_4_fu_772        |    0    |    0    |    0    |
|----------|-----------------------------|---------|---------|---------|
|   Total  |                             |    4    |   195   |   646   |
|----------|-----------------------------|---------|---------|---------|

Memories:
N/A

* Register list:
+----------------------------------------------------------------------------------+--------+
|                                                                                  |   FF   |
+----------------------------------------------------------------------------------+--------+
|                                add_ln34_1_reg_1072                               |    6   |
|                                add_ln34_3_reg_1099                               |   13   |
|                                add_ln34_5_reg_1088                               |    8   |
|                                 add_ln34_reg_1093                                |   13   |
|                                    co_reg_1031                                   |    4   |
|                                    h_reg_1017                                    |    4   |
|                                icmp_ln23_reg_1050                                |    1   |
|                             indvar_flatten12_reg_1038                            |   11   |
|                              indvar_flatten_reg_1024                             |    8   |
|                                max_val_1_reg_1208                                |    7   |
|                                max_val_5_reg_1259                                |    7   |
|                             outputPool_read_reg_1045                             |   64   |
|pool_ap_fixed_ap_fixed_8_5_5_3_0_int_int_int_int_int_local_input_1_addr_1_reg_1173|   11   |
|pool_ap_fixed_ap_fixed_8_5_5_3_0_int_int_int_int_int_local_input_1_addr_2_reg_1198|   11   |
|pool_ap_fixed_ap_fixed_8_5_5_3_0_int_int_int_int_int_local_input_1_addr_3_reg_1249|   11   |
| pool_ap_fixed_ap_fixed_8_5_5_3_0_int_int_int_int_int_local_input_1_addr_reg_1148 |   11   |
|pool_ap_fixed_ap_fixed_8_5_5_3_0_int_int_int_int_int_local_input_2_addr_1_reg_1168|   11   |
|pool_ap_fixed_ap_fixed_8_5_5_3_0_int_int_int_int_int_local_input_2_addr_2_reg_1193|   11   |
|pool_ap_fixed_ap_fixed_8_5_5_3_0_int_int_int_int_int_local_input_2_addr_3_reg_1244|   11   |
| pool_ap_fixed_ap_fixed_8_5_5_3_0_int_int_int_int_int_local_input_2_addr_reg_1143 |   11   |
|pool_ap_fixed_ap_fixed_8_5_5_3_0_int_int_int_int_int_local_input_3_addr_1_reg_1163|   11   |
|pool_ap_fixed_ap_fixed_8_5_5_3_0_int_int_int_int_int_local_input_3_addr_2_reg_1188|   11   |
|pool_ap_fixed_ap_fixed_8_5_5_3_0_int_int_int_int_int_local_input_3_addr_3_reg_1239|   11   |
| pool_ap_fixed_ap_fixed_8_5_5_3_0_int_int_int_int_int_local_input_3_addr_reg_1138 |   11   |
|pool_ap_fixed_ap_fixed_8_5_5_3_0_int_int_int_int_int_local_input_4_addr_1_reg_1158|   11   |
|pool_ap_fixed_ap_fixed_8_5_5_3_0_int_int_int_int_int_local_input_4_addr_2_reg_1183|   11   |
|pool_ap_fixed_ap_fixed_8_5_5_3_0_int_int_int_int_int_local_input_4_addr_3_reg_1234|   11   |
| pool_ap_fixed_ap_fixed_8_5_5_3_0_int_int_int_int_int_local_input_4_addr_reg_1133 |   11   |
| pool_ap_fixed_ap_fixed_8_5_5_3_0_int_int_int_int_int_local_input_addr_1_reg_1178 |   11   |
| pool_ap_fixed_ap_fixed_8_5_5_3_0_int_int_int_int_int_local_input_addr_2_reg_1203 |   11   |
| pool_ap_fixed_ap_fixed_8_5_5_3_0_int_int_int_int_int_local_input_addr_3_reg_1254 |   11   |
|  pool_ap_fixed_ap_fixed_8_5_5_3_0_int_int_int_int_int_local_input_addr_reg_1153  |   11   |
|                              select_ln23_1_reg_1054                              |    4   |
|                               select_ln24_reg_1065                               |    4   |
|                                  shl_ln_reg_1083                                 |    5   |
|                                sub_ln34_1_reg_1077                               |   10   |
|                                  tmp_1_reg_1105                                  |   11   |
|                                  tmp_2_reg_1118                                  |   11   |
|                                  tmp_3_reg_1123                                  |   11   |
|                                  tmp_4_reg_1128                                  |   11   |
|                               trunc_ln36_2_reg_1219                              |    7   |
|                               trunc_ln36_3_reg_1229                              |    7   |
|                                trunc_ln36_reg_1110                               |    3   |
|                                  val_5_reg_1224                                  |    8   |
|                                   val_reg_1214                                   |    8   |
|                                  w_mid2_reg_1059                                 |    4   |
|                                    w_reg_1010                                    |    4   |
+----------------------------------------------------------------------------------+--------+
|                                       Total                                      |   474  |
+----------------------------------------------------------------------------------+--------+

* Multiplexer (MUX) list: 
|-------------------|------|------|------|--------||---------||---------||---------|
|        Comp       |  Pin | Size |  BW  | S x BW ||  Delay  ||    FF   ||   LUT   |
|-------------------|------|------|------|--------||---------||---------||---------|
| grp_access_fu_179 |  p0  |   2  |  11  |   22   ||    0    ||    9    |
| grp_access_fu_179 |  p2  |   6  |   0  |    0   ||    0    ||    31   |
| grp_access_fu_189 |  p0  |   2  |  11  |   22   ||    0    ||    9    |
| grp_access_fu_189 |  p2  |   6  |   0  |    0   ||    0    ||    31   |
| grp_access_fu_199 |  p0  |   2  |  11  |   22   ||    0    ||    9    |
| grp_access_fu_199 |  p2  |   6  |   0  |    0   ||    0    ||    31   |
| grp_access_fu_209 |  p0  |   2  |  11  |   22   ||    0    ||    9    |
| grp_access_fu_209 |  p2  |   6  |   0  |    0   ||    0    ||    31   |
| grp_access_fu_219 |  p0  |   2  |  11  |   22   ||    0    ||    9    |
| grp_access_fu_219 |  p2  |   6  |   0  |    0   ||    0    ||    31   |
|     grp_fu_625    |  p0  |   2  |   8  |   16   ||    0    ||    9    |
|-------------------|------|------|------|--------||---------||---------||---------|
|       Total       |      |      |      |   126  ||  19.854 ||    0    ||   209   |
|-------------------|------|------|------|--------||---------||---------||---------|



* Summary:
+-----------+--------+--------+--------+--------+
|           |   DSP  |  Delay |   FF   |   LUT  |
+-----------+--------+--------+--------+--------+
|  Function |    4   |    -   |   195  |   646  |
|   Memory  |    -   |    -   |    -   |    -   |
|Multiplexer|    -   |   19   |    0   |   209  |
|  Register |    -   |    -   |   474  |    -   |
+-----------+--------+--------+--------+--------+
|   Total   |    4   |   19   |   669  |   855  |
+-----------+--------+--------+--------+--------+
