

================================================================
== Vitis HLS Report for 'top_Pipeline_DENSE_OUTER_DENSE_INNER'
================================================================
* Date:           Sun Mar 15 23:46:46 2026

* Version:        2025.2 (Build 6295257 on Nov 14 2025)
* Project:        top
* Solution:       hls (Vivado IP Flow Target)
* Product family: zynq
* Target device:  xc7z020-clg484-1


================================================================
== Performance Estimates
================================================================
+ Timing: 
    * Summary: 
    +--------+----------+----------+------------+
    |  Clock |  Target  | Estimated| Uncertainty|
    +--------+----------+----------+------------+
    |ap_clk  |  10.00 ns|  8.750 ns|     1.25 ns|
    +--------+----------+----------+------------+

+ Latency: 
    * Summary: 
    +---------+---------+-----------+-----------+-----+-----+-------------------+
    |  Latency (cycles) |   Latency (absolute)  |  Interval |      Pipeline     |
    |   min   |   max   |    min    |    max    | min | max |        Type       |
    +---------+---------+-----------+-----------+-----+-----+-------------------+
    |     7847|     7847|  78.470 us|  78.470 us|    0|    0|  loop pipeline stp|
    +---------+---------+-----------+-----------+-----+-----+-------------------+

    + Detail: 
        * Instance: 
        N/A

        * Loop: 
        +---------------------------+---------+---------+----------+-----------+-----------+------+----------+
        |                           |  Latency (cycles) | Iteration|  Initiation Interval  | Trip |          |
        |         Loop Name         |   min   |   max   |  Latency |  achieved |   target  | Count| Pipelined|
        +---------------------------+---------+---------+----------+-----------+-----------+------+----------+
        |- DENSE_OUTER_DENSE_INNER  |     7845|     7845|         7|          1|          1|  7840|       yes|
        +---------------------------+---------+---------+----------+-----------+-----------+------+----------+

============================================================
+ Verbose Summary: Synthesis Manager
============================================================
InlineROM: 1
ExposeGlobal: 0
============================================================
+ Verbose Summary: CDFG Model
============================================================
IsTopModel: 0
ResetActiveHigh: 1
IsCombinational: 0
IsDatapathOnly: 0
HasWiredReturn: 1
HasMFsm: 2
HasVarLatency: 1
IsPipeline: 0
IsRtlPipelined: 0
IsInstanceOverlapped: 0
IsDontTouch: 0
HasImplIP: 0
IsGatedGlobalClock: 0

+ Individual pipeline summary: 
  * Pipeline-0: initiation interval (II) = 1, depth = 7


============================================================
+ Verbose Summary: Schedule
============================================================
* Number of FSM states : 7
* Pipeline : 1
  Pipeline-0 : II = 1, D = 7, States = { 1 2 3 4 5 6 7 }
* Dataflow Pipeline: 0

* FSM state transitions: 
1 --> 2 
2 --> 3 
3 --> 4 
4 --> 5 
5 --> 6 
6 --> 7 
7 --> 

* FSM state operations: 

State 1 <SV = 0> <Delay = 5.93>
ST_1 : Operation 10 [1/1] (0.00ns)   --->   "%indvar_flatten3 = alloca i32 1"   --->   Operation 10 'alloca' 'indvar_flatten3' <Predicate = true> <Delay = 0.00>
ST_1 : Operation 11 [1/1] (0.00ns)   --->   "%c = alloca i32 1" [../src/dense.cpp:13->../src/eight.cpp:29]   --->   Operation 11 'alloca' 'c' <Predicate = true> <Delay = 0.00>
ST_1 : Operation 12 [1/1] (0.00ns)   --->   "%i = alloca i32 1" [../src/dense.cpp:18->../src/eight.cpp:29]   --->   Operation 12 'alloca' 'i' <Predicate = true> <Delay = 0.00>
ST_1 : Operation 13 [1/1] (0.00ns)   --->   "%add_ln138 = alloca i32 1"   --->   Operation 13 'alloca' 'add_ln138' <Predicate = true> <Delay = 0.00>
ST_1 : Operation 14 [1/1] (0.00ns)   --->   "%sum_1 = alloca i32 1" [../src/dense.cpp:14->../src/eight.cpp:29]   --->   Operation 14 'alloca' 'sum_1' <Predicate = true> <Delay = 0.00>
ST_1 : Operation 15 [1/1] (0.00ns)   --->   "%specinterface_ln0 = specinterface void @_ssdm_op_SpecInterface, i8 %gmem0, void @empty_21, i32 0, i32 0, void @empty_22, i32 0, i32 848, void @empty_14, void @empty, void @empty_22, i32 16, i32 16, i32 16, i32 16, void @empty_22, void @empty_22, i32 4294967295, i32 0, i32 0, i32 1"   --->   Operation 15 'specinterface' 'specinterface_ln0' <Predicate = true> <Delay = 0.00>
ST_1 : Operation 16 [1/1] (0.00ns)   --->   "%outputDense_read = read i64 @_ssdm_op_Read.ap_auto.i64, i64 %outputDense"   --->   Operation 16 'read' 'outputDense_read' <Predicate = true> <Delay = 0.00>
ST_1 : Operation 17 [1/1] (1.58ns)   --->   "%store_ln0 = store i4 1, i4 %add_ln138"   --->   Operation 17 'store' 'store_ln0' <Predicate = true> <Delay = 1.58>
ST_1 : Operation 18 [1/1] (1.58ns)   --->   "%store_ln18 = store i10 0, i10 %i" [../src/dense.cpp:18->../src/eight.cpp:29]   --->   Operation 18 'store' 'store_ln18' <Predicate = true> <Delay = 1.58>
ST_1 : Operation 19 [1/1] (1.58ns)   --->   "%store_ln13 = store i4 0, i4 %c" [../src/dense.cpp:13->../src/eight.cpp:29]   --->   Operation 19 'store' 'store_ln13' <Predicate = true> <Delay = 1.58>
ST_1 : Operation 20 [1/1] (1.58ns)   --->   "%store_ln0 = store i13 0, i13 %indvar_flatten3"   --->   Operation 20 'store' 'store_ln0' <Predicate = true> <Delay = 1.58>
ST_1 : Operation 21 [1/1] (1.58ns)   --->   "%br_ln0 = br void %for.inc12.i"   --->   Operation 21 'br' 'br_ln0' <Predicate = true> <Delay = 1.58>
ST_1 : Operation 22 [1/1] (0.00ns)   --->   "%icmp_ln187 = phi i1 0, void %newFuncRoot, i1 %icmp_ln18, void %new.latch.for.body4.i.split" [../src/dense.cpp:18->../src/eight.cpp:29]   --->   Operation 22 'phi' 'icmp_ln187' <Predicate = true> <Delay = 0.00>
ST_1 : Operation 23 [1/1] (0.00ns)   --->   "%indvar_flatten3_load = load i13 %indvar_flatten3" [../src/dense.cpp:13->../src/eight.cpp:29]   --->   Operation 23 'load' 'indvar_flatten3_load' <Predicate = true> <Delay = 0.00>
ST_1 : Operation 24 [1/1] (0.00ns)   --->   "%c_2 = load i4 %c" [../src/dense.cpp:13->../src/eight.cpp:29]   --->   Operation 24 'load' 'c_2' <Predicate = true> <Delay = 0.00>
ST_1 : Operation 25 [1/1] (0.00ns)   --->   "%i_1 = load i10 %i" [../src/dense.cpp:13->../src/eight.cpp:29]   --->   Operation 25 'load' 'i_1' <Predicate = true> <Delay = 0.00>
ST_1 : Operation 26 [1/1] (0.00ns)   --->   "%add_ln138_load = load i4 %add_ln138" [../src/dense.cpp:13->../src/eight.cpp:29]   --->   Operation 26 'load' 'add_ln138_load' <Predicate = true> <Delay = 0.00>
ST_1 : Operation 27 [1/1] (0.68ns)   --->   "%select_ln13 = select i1 %icmp_ln187, i10 0, i10 %i_1" [../src/dense.cpp:13->../src/eight.cpp:29]   --->   Operation 27 'select' 'select_ln13' <Predicate = true> <Delay = 0.68> <CoreInst = "Sel">   --->   Core 73 'Sel' <Latency = 0> <II = 1> <Delay = 0.68> <FuncUnit> <Opcode : 'select'> <InPorts = 3> <OutPorts = 1>
ST_1 : Operation 28 [1/1] (1.02ns)   --->   "%c_3 = select i1 %icmp_ln187, i4 %add_ln138_load, i4 %c_2" [../src/dense.cpp:13->../src/eight.cpp:29]   --->   Operation 28 'select' 'c_3' <Predicate = true> <Delay = 1.02> <CoreInst = "Sel">   --->   Core 73 'Sel' <Latency = 0> <II = 1> <Delay = 1.02> <FuncUnit> <Opcode : 'select'> <InPorts = 3> <OutPorts = 1>
ST_1 : Operation 29 [1/1] (1.73ns)   --->   "%first_iter_0 = icmp_eq  i10 %select_ln13, i10 0" [../src/dense.cpp:13->../src/eight.cpp:29]   --->   Operation 29 'icmp' 'first_iter_0' <Predicate = true> <Delay = 1.73> <CoreInst = "Cmp">   --->   Core 9 'Cmp' <Latency = 0> <II = 1> <Delay = 1.73> <FuncUnit> <Opcode : 'seteq' 'setne' 'setle' 'setge' 'setlt' 'setgt'> <InPorts = 2> <OutPorts = 1>
ST_1 : Operation 30 [1/1] (2.54ns)   --->   "%sum = sparsemux i2 @_ssdm_op_SparseMux.ap_auto.10i2.i2.i4, i4 0, i2 1, i4 1, i2 0, i4 2, i2 1, i4 3, i2 3, i4 4, i2 3, i4 5, i2 1, i4 6, i2 0, i4 7, i2 0, i4 8, i2 0, i4 9, i2 0, i2 0, i4 %c_3" [../src/dense.cpp:14->../src/eight.cpp:29]   --->   Operation 30 'sparsemux' 'sum' <Predicate = true> <Delay = 2.54> <CoreInst = "BinarySparseMux_DontCare">   --->   Core 137 'BinarySparseMux_DontCare' <Latency = 0> <II = 1> <Delay = 2.54> <FuncUnit> <Opcode : 'sparsemux'> <InPorts = 2> <OutPorts = 1>
ST_1 : Operation 31 [1/1] (1.67ns)   --->   "%add_ln13_1 = add i13 %indvar_flatten3_load, i13 1" [../src/dense.cpp:13->../src/eight.cpp:29]   --->   Operation 31 'add' 'add_ln13_1' <Predicate = true> <Delay = 1.67> <CoreInst = "Adder">   --->   Core 1 'Adder' <Latency = 0> <II = 1> <Delay = 1.67> <FuncUnit> <Opcode : 'add' 'sub'> <InPorts = 2> <OutPorts = 1>
ST_1 : Operation 32 [1/1] (1.58ns)   --->   "%br_ln18 = br i1 %first_iter_0, void %fpga_resource_hint.for.body4.i.1, void %for.first.iter.for.body4.i" [../src/dense.cpp:18->../src/eight.cpp:29]   --->   Operation 32 'br' 'br_ln18' <Predicate = true> <Delay = 1.58>
ST_1 : Operation 33 [1/1] (0.00ns)   --->   "%zext_ln18 = zext i4 %c_3" [../src/dense.cpp:18->../src/eight.cpp:29]   --->   Operation 33 'zext' 'zext_ln18' <Predicate = true> <Delay = 0.00>
ST_1 : Operation 34 [3/3] (1.05ns) (grouped into DSP with root node add_ln21)   --->   "%mul_ln18 = mul i13 %zext_ln18, i13 784" [../src/dense.cpp:18->../src/eight.cpp:29]   --->   Operation 34 'mul' 'mul_ln18' <Predicate = true> <Delay = 1.05> <CoreInst = "DSP48">   --->   Core 116 'DSP48' <Latency = 3> <II = 1> <Delay = 2.15> <IPBlock> <Opcode : 'add' 'sub' 'mul' 'select'> <InPorts = 0> <OutPorts = 1> <Sync> <CReg>
ST_1 : Operation 35 [1/1] (1.73ns)   --->   "%i_3 = add i10 %select_ln13, i10 1" [../src/dense.cpp:18->../src/eight.cpp:29]   --->   Operation 35 'add' 'i_3' <Predicate = true> <Delay = 1.73> <CoreInst = "Adder">   --->   Core 1 'Adder' <Latency = 0> <II = 1> <Delay = 1.73> <FuncUnit> <Opcode : 'add' 'sub'> <InPorts = 2> <OutPorts = 1>
ST_1 : Operation 36 [1/1] (1.73ns)   --->   "%icmp_ln18 = icmp_eq  i10 %i_3, i10 784" [../src/dense.cpp:18->../src/eight.cpp:29]   --->   Operation 36 'icmp' 'icmp_ln18' <Predicate = true> <Delay = 1.73> <CoreInst = "Cmp">   --->   Core 9 'Cmp' <Latency = 0> <II = 1> <Delay = 1.73> <FuncUnit> <Opcode : 'seteq' 'setne' 'setle' 'setge' 'setlt' 'setgt'> <InPorts = 2> <OutPorts = 1>
ST_1 : Operation 37 [1/1] (0.00ns)   --->   "%br_ln18 = br i1 %icmp_ln18, void %new.latch.for.body4.i.split, void %last.iter.for.body4.i.split" [../src/dense.cpp:18->../src/eight.cpp:29]   --->   Operation 37 'br' 'br_ln18' <Predicate = true> <Delay = 0.00>
ST_1 : Operation 38 [1/1] (1.73ns)   --->   "%add_ln13 = add i4 %c_3, i4 1" [../src/dense.cpp:13->../src/eight.cpp:29]   --->   Operation 38 'add' 'add_ln13' <Predicate = true> <Delay = 1.73> <CoreInst = "Adder">   --->   Core 1 'Adder' <Latency = 0> <II = 1> <Delay = 1.73> <FuncUnit> <Opcode : 'add' 'sub'> <InPorts = 2> <OutPorts = 1>
ST_1 : Operation 39 [1/1] (1.67ns)   --->   "%icmp_ln13 = icmp_eq  i13 %indvar_flatten3_load, i13 7839" [../src/dense.cpp:13->../src/eight.cpp:29]   --->   Operation 39 'icmp' 'icmp_ln13' <Predicate = true> <Delay = 1.67> <CoreInst = "Cmp">   --->   Core 9 'Cmp' <Latency = 0> <II = 1> <Delay = 1.67> <FuncUnit> <Opcode : 'seteq' 'setne' 'setle' 'setge' 'setlt' 'setgt'> <InPorts = 2> <OutPorts = 1>
ST_1 : Operation 40 [1/1] (1.58ns)   --->   "%store_ln13 = store i4 %add_ln13, i4 %add_ln138" [../src/dense.cpp:13->../src/eight.cpp:29]   --->   Operation 40 'store' 'store_ln13' <Predicate = true> <Delay = 1.58>
ST_1 : Operation 41 [1/1] (1.58ns)   --->   "%store_ln18 = store i10 %i_3, i10 %i" [../src/dense.cpp:18->../src/eight.cpp:29]   --->   Operation 41 'store' 'store_ln18' <Predicate = true> <Delay = 1.58>
ST_1 : Operation 42 [1/1] (1.58ns)   --->   "%store_ln13 = store i4 %c_3, i4 %c" [../src/dense.cpp:13->../src/eight.cpp:29]   --->   Operation 42 'store' 'store_ln13' <Predicate = true> <Delay = 1.58>
ST_1 : Operation 43 [1/1] (1.58ns)   --->   "%store_ln13 = store i13 %add_ln13_1, i13 %indvar_flatten3" [../src/dense.cpp:13->../src/eight.cpp:29]   --->   Operation 43 'store' 'store_ln13' <Predicate = true> <Delay = 1.58>
ST_1 : Operation 44 [1/1] (0.00ns)   --->   "%br_ln13 = br i1 %icmp_ln13, void %for.inc12.i, void %_Z5denseP8ap_fixedILi8ELi5EL9ap_q_mode5EL9ap_o_mode3ELi0EES3_.exit.exitStub" [../src/dense.cpp:13->../src/eight.cpp:29]   --->   Operation 44 'br' 'br_ln13' <Predicate = true> <Delay = 0.00>

State 2 <SV = 1> <Delay = 1.05>
ST_2 : Operation 45 [2/3] (1.05ns) (grouped into DSP with root node add_ln21)   --->   "%mul_ln18 = mul i13 %zext_ln18, i13 784" [../src/dense.cpp:18->../src/eight.cpp:29]   --->   Operation 45 'mul' 'mul_ln18' <Predicate = true> <Delay = 1.05> <CoreInst = "DSP48">   --->   Core 116 'DSP48' <Latency = 3> <II = 1> <Delay = 2.15> <IPBlock> <Opcode : 'add' 'sub' 'mul' 'select'> <InPorts = 0> <OutPorts = 1> <Sync> <CReg>

State 3 <SV = 2> <Delay = 2.10>
ST_3 : Operation 46 [1/3] (0.00ns) (grouped into DSP with root node add_ln21)   --->   "%mul_ln18 = mul i13 %zext_ln18, i13 784" [../src/dense.cpp:18->../src/eight.cpp:29]   --->   Operation 46 'mul' 'mul_ln18' <Predicate = true> <Delay = 0.00> <CoreInst = "DSP48">   --->   Core 116 'DSP48' <Latency = 3> <II = 1> <Delay = 2.15> <IPBlock> <Opcode : 'add' 'sub' 'mul' 'select'> <InPorts = 0> <OutPorts = 1> <Sync> <CReg>
ST_3 : Operation 47 [1/1] (0.00ns)   --->   "%zext_ln18_1 = zext i10 %select_ln13" [../src/dense.cpp:18->../src/eight.cpp:29]   --->   Operation 47 'zext' 'zext_ln18_1' <Predicate = true> <Delay = 0.00>
ST_3 : Operation 48 [2/2] (2.10ns) (root node of the DSP)   --->   "%add_ln21 = add i13 %zext_ln18_1, i13 %mul_ln18" [../src/dense.cpp:21->../src/eight.cpp:29]   --->   Operation 48 'add' 'add_ln21' <Predicate = true> <Delay = 2.10> <CoreInst = "DSP48">   --->   Core 116 'DSP48' <Latency = 3> <II = 1> <Delay = 2.15> <IPBlock> <Opcode : 'add' 'sub' 'mul' 'select'> <InPorts = 0> <OutPorts = 1> <Sync> <CReg>

State 4 <SV = 3> <Delay = 5.35>
ST_4 : Operation 49 [1/1] (0.00ns)   --->   "%trunc_ln18 = trunc i10 %select_ln13" [../src/dense.cpp:18->../src/eight.cpp:29]   --->   Operation 49 'trunc' 'trunc_ln18' <Predicate = true> <Delay = 0.00>
ST_4 : Operation 50 [1/1] (0.00ns)   --->   "%lshr_ln = partselect i7 @_ssdm_op_PartSelect.i7.i10.i32.i32, i10 %select_ln13, i32 3, i32 9" [../src/dense.cpp:14->../src/eight.cpp:29]   --->   Operation 50 'partselect' 'lshr_ln' <Predicate = true> <Delay = 0.00>
ST_4 : Operation 51 [1/1] (0.00ns)   --->   "%zext_ln14 = zext i7 %lshr_ln" [../src/dense.cpp:14->../src/eight.cpp:29]   --->   Operation 51 'zext' 'zext_ln14' <Predicate = true> <Delay = 0.00>
ST_4 : Operation 52 [1/2] (2.10ns) (root node of the DSP)   --->   "%add_ln21 = add i13 %zext_ln18_1, i13 %mul_ln18" [../src/dense.cpp:21->../src/eight.cpp:29]   --->   Operation 52 'add' 'add_ln21' <Predicate = true> <Delay = 2.10> <CoreInst = "DSP48">   --->   Core 116 'DSP48' <Latency = 3> <II = 1> <Delay = 2.15> <IPBlock> <Opcode : 'add' 'sub' 'mul' 'select'> <InPorts = 0> <OutPorts = 1> <Sync> <CReg>
ST_4 : Operation 53 [1/1] (0.00ns)   --->   "%zext_ln24 = zext i13 %add_ln21" [../src/dense.cpp:24->../src/eight.cpp:29]   --->   Operation 53 'zext' 'zext_ln24' <Predicate = true> <Delay = 0.00>
ST_4 : Operation 54 [1/1] (0.00ns)   --->   "%fc1_weight_addr = getelementptr i4 %fc1_weight, i64 0, i64 %zext_ln24" [../src/dense.cpp:24->../src/eight.cpp:29]   --->   Operation 54 'getelementptr' 'fc1_weight_addr' <Predicate = true> <Delay = 0.00>
ST_4 : Operation 55 [2/2] (3.25ns)   --->   "%w_val = load i13 %fc1_weight_addr" [../src/dense.cpp:24->../src/eight.cpp:29]   --->   Operation 55 'load' 'w_val' <Predicate = true> <Delay = 3.25> <CoreInst = "ROM">   --->   Core 94 'ROM' <Latency = 1> <II = 1> <Delay = 3.25> <Storage> <Opcode : 'load'> <Ports = 0> <Width = 4> <Depth = 7840> <ROM>
ST_4 : Operation 56 [1/1] (0.00ns)   --->   "%outputPool2_addr = getelementptr i7 %outputPool2, i64 0, i64 %zext_ln14" [../src/dense.cpp:25->../src/eight.cpp:29]   --->   Operation 56 'getelementptr' 'outputPool2_addr' <Predicate = true> <Delay = 0.00>
ST_4 : Operation 57 [1/1] (0.00ns)   --->   "%outputPool2_1_addr = getelementptr i7 %outputPool2_1, i64 0, i64 %zext_ln14" [../src/dense.cpp:25->../src/eight.cpp:29]   --->   Operation 57 'getelementptr' 'outputPool2_1_addr' <Predicate = true> <Delay = 0.00>
ST_4 : Operation 58 [1/1] (0.00ns)   --->   "%outputPool2_2_addr = getelementptr i7 %outputPool2_2, i64 0, i64 %zext_ln14" [../src/dense.cpp:25->../src/eight.cpp:29]   --->   Operation 58 'getelementptr' 'outputPool2_2_addr' <Predicate = true> <Delay = 0.00>
ST_4 : Operation 59 [1/1] (0.00ns)   --->   "%outputPool2_3_addr = getelementptr i7 %outputPool2_3, i64 0, i64 %zext_ln14" [../src/dense.cpp:25->../src/eight.cpp:29]   --->   Operation 59 'getelementptr' 'outputPool2_3_addr' <Predicate = true> <Delay = 0.00>
ST_4 : Operation 60 [1/1] (0.00ns)   --->   "%outputPool2_4_addr = getelementptr i7 %outputPool2_4, i64 0, i64 %zext_ln14" [../src/dense.cpp:25->../src/eight.cpp:29]   --->   Operation 60 'getelementptr' 'outputPool2_4_addr' <Predicate = true> <Delay = 0.00>
ST_4 : Operation 61 [1/1] (0.00ns)   --->   "%outputPool2_5_addr = getelementptr i7 %outputPool2_5, i64 0, i64 %zext_ln14" [../src/dense.cpp:25->../src/eight.cpp:29]   --->   Operation 61 'getelementptr' 'outputPool2_5_addr' <Predicate = true> <Delay = 0.00>
ST_4 : Operation 62 [1/1] (0.00ns)   --->   "%outputPool2_6_addr = getelementptr i7 %outputPool2_6, i64 0, i64 %zext_ln14" [../src/dense.cpp:25->../src/eight.cpp:29]   --->   Operation 62 'getelementptr' 'outputPool2_6_addr' <Predicate = true> <Delay = 0.00>
ST_4 : Operation 63 [1/1] (0.00ns)   --->   "%outputPool2_7_addr = getelementptr i7 %outputPool2_7, i64 0, i64 %zext_ln14" [../src/dense.cpp:25->../src/eight.cpp:29]   --->   Operation 63 'getelementptr' 'outputPool2_7_addr' <Predicate = true> <Delay = 0.00>
ST_4 : Operation 64 [2/2] (2.32ns)   --->   "%outputPool2_load = load i7 %outputPool2_addr" [../src/dense.cpp:25->../src/eight.cpp:29]   --->   Operation 64 'load' 'outputPool2_load' <Predicate = true> <Delay = 2.32> <CoreInst = "RAM">   --->   Core 81 'RAM' <Latency = 1> <II = 1> <Delay = 2.32> <Storage> <Opcode : 'load' 'store'> <Ports = 2> <Width = 7> <Depth = 98> <RAM>
ST_4 : Operation 65 [2/2] (2.32ns)   --->   "%outputPool2_1_load = load i7 %outputPool2_1_addr" [../src/dense.cpp:25->../src/eight.cpp:29]   --->   Operation 65 'load' 'outputPool2_1_load' <Predicate = true> <Delay = 2.32> <CoreInst = "RAM">   --->   Core 81 'RAM' <Latency = 1> <II = 1> <Delay = 2.32> <Storage> <Opcode : 'load' 'store'> <Ports = 2> <Width = 7> <Depth = 98> <RAM>
ST_4 : Operation 66 [2/2] (2.32ns)   --->   "%outputPool2_2_load = load i7 %outputPool2_2_addr" [../src/dense.cpp:25->../src/eight.cpp:29]   --->   Operation 66 'load' 'outputPool2_2_load' <Predicate = true> <Delay = 2.32> <CoreInst = "RAM">   --->   Core 81 'RAM' <Latency = 1> <II = 1> <Delay = 2.32> <Storage> <Opcode : 'load' 'store'> <Ports = 2> <Width = 7> <Depth = 98> <RAM>
ST_4 : Operation 67 [2/2] (2.32ns)   --->   "%outputPool2_3_load = load i7 %outputPool2_3_addr" [../src/dense.cpp:25->../src/eight.cpp:29]   --->   Operation 67 'load' 'outputPool2_3_load' <Predicate = true> <Delay = 2.32> <CoreInst = "RAM">   --->   Core 81 'RAM' <Latency = 1> <II = 1> <Delay = 2.32> <Storage> <Opcode : 'load' 'store'> <Ports = 2> <Width = 7> <Depth = 98> <RAM>
ST_4 : Operation 68 [2/2] (2.32ns)   --->   "%outputPool2_4_load = load i7 %outputPool2_4_addr" [../src/dense.cpp:25->../src/eight.cpp:29]   --->   Operation 68 'load' 'outputPool2_4_load' <Predicate = true> <Delay = 2.32> <CoreInst = "RAM">   --->   Core 81 'RAM' <Latency = 1> <II = 1> <Delay = 2.32> <Storage> <Opcode : 'load' 'store'> <Ports = 2> <Width = 7> <Depth = 98> <RAM>
ST_4 : Operation 69 [2/2] (2.32ns)   --->   "%outputPool2_5_load = load i7 %outputPool2_5_addr" [../src/dense.cpp:25->../src/eight.cpp:29]   --->   Operation 69 'load' 'outputPool2_5_load' <Predicate = true> <Delay = 2.32> <CoreInst = "RAM">   --->   Core 81 'RAM' <Latency = 1> <II = 1> <Delay = 2.32> <Storage> <Opcode : 'load' 'store'> <Ports = 2> <Width = 7> <Depth = 98> <RAM>
ST_4 : Operation 70 [2/2] (2.32ns)   --->   "%outputPool2_6_load = load i7 %outputPool2_6_addr" [../src/dense.cpp:25->../src/eight.cpp:29]   --->   Operation 70 'load' 'outputPool2_6_load' <Predicate = true> <Delay = 2.32> <CoreInst = "RAM">   --->   Core 81 'RAM' <Latency = 1> <II = 1> <Delay = 2.32> <Storage> <Opcode : 'load' 'store'> <Ports = 2> <Width = 7> <Depth = 98> <RAM>
ST_4 : Operation 71 [2/2] (2.32ns)   --->   "%outputPool2_7_load = load i7 %outputPool2_7_addr" [../src/dense.cpp:25->../src/eight.cpp:29]   --->   Operation 71 'load' 'outputPool2_7_load' <Predicate = true> <Delay = 2.32> <CoreInst = "RAM">   --->   Core 81 'RAM' <Latency = 1> <II = 1> <Delay = 2.32> <Storage> <Opcode : 'load' 'store'> <Ports = 2> <Width = 7> <Depth = 98> <RAM>

State 5 <SV = 4> <Delay = 4.62>
ST_5 : Operation 72 [1/1] (1.58ns)   --->   "%br_ln18 = br void %fpga_resource_hint.for.body4.i.1" [../src/dense.cpp:18->../src/eight.cpp:29]   --->   Operation 72 'br' 'br_ln18' <Predicate = (first_iter_0)> <Delay = 1.58>
ST_5 : Operation 73 [1/2] ( I:3.25ns O:3.25ns )   --->   "%w_val = load i13 %fc1_weight_addr" [../src/dense.cpp:24->../src/eight.cpp:29]   --->   Operation 73 'load' 'w_val' <Predicate = true> <Delay = 3.25> <CoreInst = "ROM">   --->   Core 94 'ROM' <Latency = 1> <II = 1> <Delay = 3.25> <Storage> <Opcode : 'load'> <Ports = 0> <Width = 4> <Depth = 7840> <ROM>
ST_5 : Operation 74 [1/2] ( I:2.32ns O:2.32ns )   --->   "%outputPool2_load = load i7 %outputPool2_addr" [../src/dense.cpp:25->../src/eight.cpp:29]   --->   Operation 74 'load' 'outputPool2_load' <Predicate = true> <Delay = 2.32> <CoreInst = "RAM">   --->   Core 81 'RAM' <Latency = 1> <II = 1> <Delay = 2.32> <Storage> <Opcode : 'load' 'store'> <Ports = 2> <Width = 7> <Depth = 98> <RAM>
ST_5 : Operation 75 [1/2] ( I:2.32ns O:2.32ns )   --->   "%outputPool2_1_load = load i7 %outputPool2_1_addr" [../src/dense.cpp:25->../src/eight.cpp:29]   --->   Operation 75 'load' 'outputPool2_1_load' <Predicate = true> <Delay = 2.32> <CoreInst = "RAM">   --->   Core 81 'RAM' <Latency = 1> <II = 1> <Delay = 2.32> <Storage> <Opcode : 'load' 'store'> <Ports = 2> <Width = 7> <Depth = 98> <RAM>
ST_5 : Operation 76 [1/2] ( I:2.32ns O:2.32ns )   --->   "%outputPool2_2_load = load i7 %outputPool2_2_addr" [../src/dense.cpp:25->../src/eight.cpp:29]   --->   Operation 76 'load' 'outputPool2_2_load' <Predicate = true> <Delay = 2.32> <CoreInst = "RAM">   --->   Core 81 'RAM' <Latency = 1> <II = 1> <Delay = 2.32> <Storage> <Opcode : 'load' 'store'> <Ports = 2> <Width = 7> <Depth = 98> <RAM>
ST_5 : Operation 77 [1/2] ( I:2.32ns O:2.32ns )   --->   "%outputPool2_3_load = load i7 %outputPool2_3_addr" [../src/dense.cpp:25->../src/eight.cpp:29]   --->   Operation 77 'load' 'outputPool2_3_load' <Predicate = true> <Delay = 2.32> <CoreInst = "RAM">   --->   Core 81 'RAM' <Latency = 1> <II = 1> <Delay = 2.32> <Storage> <Opcode : 'load' 'store'> <Ports = 2> <Width = 7> <Depth = 98> <RAM>
ST_5 : Operation 78 [1/2] ( I:2.32ns O:2.32ns )   --->   "%outputPool2_4_load = load i7 %outputPool2_4_addr" [../src/dense.cpp:25->../src/eight.cpp:29]   --->   Operation 78 'load' 'outputPool2_4_load' <Predicate = true> <Delay = 2.32> <CoreInst = "RAM">   --->   Core 81 'RAM' <Latency = 1> <II = 1> <Delay = 2.32> <Storage> <Opcode : 'load' 'store'> <Ports = 2> <Width = 7> <Depth = 98> <RAM>
ST_5 : Operation 79 [1/2] ( I:2.32ns O:2.32ns )   --->   "%outputPool2_5_load = load i7 %outputPool2_5_addr" [../src/dense.cpp:25->../src/eight.cpp:29]   --->   Operation 79 'load' 'outputPool2_5_load' <Predicate = true> <Delay = 2.32> <CoreInst = "RAM">   --->   Core 81 'RAM' <Latency = 1> <II = 1> <Delay = 2.32> <Storage> <Opcode : 'load' 'store'> <Ports = 2> <Width = 7> <Depth = 98> <RAM>
ST_5 : Operation 80 [1/2] ( I:2.32ns O:2.32ns )   --->   "%outputPool2_6_load = load i7 %outputPool2_6_addr" [../src/dense.cpp:25->../src/eight.cpp:29]   --->   Operation 80 'load' 'outputPool2_6_load' <Predicate = true> <Delay = 2.32> <CoreInst = "RAM">   --->   Core 81 'RAM' <Latency = 1> <II = 1> <Delay = 2.32> <Storage> <Opcode : 'load' 'store'> <Ports = 2> <Width = 7> <Depth = 98> <RAM>
ST_5 : Operation 81 [1/2] ( I:2.32ns O:2.32ns )   --->   "%outputPool2_7_load = load i7 %outputPool2_7_addr" [../src/dense.cpp:25->../src/eight.cpp:29]   --->   Operation 81 'load' 'outputPool2_7_load' <Predicate = true> <Delay = 2.32> <CoreInst = "RAM">   --->   Core 81 'RAM' <Latency = 1> <II = 1> <Delay = 2.32> <Storage> <Opcode : 'load' 'store'> <Ports = 2> <Width = 7> <Depth = 98> <RAM>
ST_5 : Operation 82 [1/1] (2.30ns)   --->   "%tmp_cast = sparsemux i7 @_ssdm_op_SparseMux.ap_auto.8i7.i7.i3, i3 0, i7 %outputPool2_load, i3 1, i7 %outputPool2_1_load, i3 2, i7 %outputPool2_2_load, i3 3, i7 %outputPool2_3_load, i3 4, i7 %outputPool2_4_load, i3 5, i7 %outputPool2_5_load, i3 6, i7 %outputPool2_6_load, i3 7, i7 %outputPool2_7_load, i7 0, i3 %trunc_ln18" [../src/dense.cpp:25->../src/eight.cpp:29]   --->   Operation 82 'sparsemux' 'tmp_cast' <Predicate = true> <Delay = 2.30> <CoreInst = "BinarySparseMux_DontCare">   --->   Core 137 'BinarySparseMux_DontCare' <Latency = 0> <II = 1> <Delay = 2.30> <FuncUnit> <Opcode : 'sparsemux'> <InPorts = 2> <OutPorts = 1>

State 6 <SV = 5> <Delay = 7.54>
ST_6 : Operation 83 [1/1] (0.00ns)   --->   "%sum_3 = load i8 %sum_1"   --->   Operation 83 'load' 'sum_3' <Predicate = true> <Delay = 0.00>
ST_6 : Operation 84 [1/1] (0.00ns)   --->   "%specbitsmap_ln0 = specbitsmap void @_ssdm_op_SpecBitsMap, i8 %gmem0"   --->   Operation 84 'specbitsmap' 'specbitsmap_ln0' <Predicate = true> <Delay = 0.00>
ST_6 : Operation 85 [1/1] (0.00ns)   --->   "%gmem0_addr = getelementptr i8 %gmem0, i64 %outputDense_read" [../src/dense.cpp:13->../src/eight.cpp:29]   --->   Operation 85 'getelementptr' 'gmem0_addr' <Predicate = true> <Delay = 0.00>
ST_6 : Operation 86 [1/1] (0.00ns)   --->   "%specloopname_ln0 = specloopname void @_ssdm_op_SpecLoopName, void @DENSE_OUTER_DENSE_INNER_str"   --->   Operation 86 'specloopname' 'specloopname_ln0' <Predicate = true> <Delay = 0.00>
ST_6 : Operation 87 [1/1] (0.00ns)   --->   "%speclooptripcount_ln0 = speclooptripcount void @_ssdm_op_SpecLoopTripCount, i64 7840, i64 7840, i64 7840"   --->   Operation 87 'speclooptripcount' 'speclooptripcount_ln0' <Predicate = true> <Delay = 0.00>
ST_6 : Operation 88 [1/1] (0.00ns)   --->   "%sext_ln14 = sext i2 %sum" [../src/dense.cpp:14->../src/eight.cpp:29]   --->   Operation 88 'sext' 'sext_ln14' <Predicate = (first_iter_0)> <Delay = 0.00>
ST_6 : Operation 89 [1/1] (0.00ns) (grouped into LUT with out node add_ln25)   --->   "%sext_ln141 = phi i8 %sum_3, void %for.inc12.i, i8 %sext_ln14, void %for.first.iter.for.body4.i"   --->   Operation 89 'phi' 'sext_ln141' <Predicate = true> <Delay = 0.00>
ST_6 : Operation 90 [1/1] (0.00ns)   --->   "%specpipeline_ln19 = specpipeline void @_ssdm_op_SpecPipeline, i32 1, i32 0, i32 0, i32 0, i32 4294967295, void @empty_22" [../src/dense.cpp:19->../src/eight.cpp:29]   --->   Operation 90 'specpipeline' 'specpipeline_ln19' <Predicate = true> <Delay = 0.00>
ST_6 : Operation 91 [1/1] (0.00ns)   --->   "%rbegin7 = specregionbegin i32 @_ssdm_op_SpecRegionBegin, void @empty_9" [../src/dense.cpp:24->../src/eight.cpp:29]   --->   Operation 91 'specregionbegin' 'rbegin7' <Predicate = true> <Delay = 0.00>
ST_6 : Operation 92 [1/1] (0.00ns)   --->   "%zext_ln25 = zext i7 %tmp_cast" [../src/dense.cpp:25->../src/eight.cpp:29]   --->   Operation 92 'zext' 'zext_ln25' <Predicate = true> <Delay = 0.00>
ST_6 : Operation 93 [1/1] (0.00ns)   --->   "%sext_ln25 = sext i4 %w_val" [../src/dense.cpp:25->../src/eight.cpp:29]   --->   Operation 93 'sext' 'sext_ln25' <Predicate = true> <Delay = 0.00>
ST_6 : Operation 94 [1/1] (5.90ns)   --->   "%mul_ln25 = mul i11 %zext_ln25, i11 %sext_ln25" [../src/dense.cpp:25->../src/eight.cpp:29]   --->   Operation 94 'mul' 'mul_ln25' <Predicate = true> <Delay = 5.90> <CoreInst = "Mul_LUT">   --->   Core 4 'Mul_LUT' <Latency = 0> <II = 1> <Delay = 5.90> <FuncUnit> <Opcode : 'mul'> <InPorts = 2> <OutPorts = 1>
ST_6 : Operation 95 [1/1] (0.00ns)   --->   "%specfucore_ln15 = specfucore void @_ssdm_op_SpecFUCore, i11 %mul_ln25, i64 12, i64 4, i64 18446744073709551615, i1 0" [../src/dense.cpp:15->../src/eight.cpp:29]   --->   Operation 95 'specfucore' 'specfucore_ln15' <Predicate = true> <Delay = 0.00>
ST_6 : Operation 96 [1/1] (0.00ns) (grouped into LUT with out node add_ln25)   --->   "%shl_ln = bitconcatenate i11 @_ssdm_op_BitConcatenate.i11.i8.i3, i8 %sext_ln141, i3 0" [../src/dense.cpp:25->../src/eight.cpp:29]   --->   Operation 96 'bitconcatenate' 'shl_ln' <Predicate = true> <Delay = 0.00>
ST_6 : Operation 97 [1/1] (1.63ns) (out node of the LUT)   --->   "%add_ln25 = add i11 %mul_ln25, i11 %shl_ln" [../src/dense.cpp:25->../src/eight.cpp:29]   --->   Operation 97 'add' 'add_ln25' <Predicate = true> <Delay = 1.63> <CoreInst = "Adder">   --->   Core 1 'Adder' <Latency = 0> <II = 1> <Delay = 1.63> <FuncUnit> <Opcode : 'add' 'sub'> <InPorts = 2> <OutPorts = 1>
ST_6 : Operation 98 [1/1] (0.00ns)   --->   "%specfucore_ln16 = specfucore void @_ssdm_op_SpecFUCore, i11 %add_ln25, i64 8, i64 4, i64 18446744073709551615, i1 0" [../src/dense.cpp:16->../src/eight.cpp:29]   --->   Operation 98 'specfucore' 'specfucore_ln16' <Predicate = true> <Delay = 0.00>
ST_6 : Operation 99 [1/1] (0.00ns)   --->   "%sum_2 = partselect i8 @_ssdm_op_PartSelect.i8.i11.i32.i32, i11 %add_ln25, i32 3, i32 10" [../src/dense.cpp:25->../src/eight.cpp:29]   --->   Operation 99 'partselect' 'sum_2' <Predicate = true> <Delay = 0.00>
ST_6 : Operation 100 [1/1] (0.00ns)   --->   "%rend8 = specregionend i32 @_ssdm_op_SpecRegionEnd, void @empty_9, i32 %rbegin7" [../src/dense.cpp:25->../src/eight.cpp:29]   --->   Operation 100 'specregionend' 'rend8' <Predicate = true> <Delay = 0.00>
ST_6 : Operation 101 [1/1] (0.00ns)   --->   "%store_ln14 = store i8 %sum_2, i8 %sum_1" [../src/dense.cpp:14->../src/eight.cpp:29]   --->   Operation 101 'store' 'store_ln14' <Predicate = true> <Delay = 0.00>

State 7 <SV = 6> <Delay = 8.75>
ST_7 : Operation 102 [1/1] ( I:8.75ns O:8.75ns )   --->   "%write_ln27 = write void @_ssdm_op_Write.m_axi.p1i8.i8, i8 %gmem0_addr, i8 %sum_2, i1 1" [../src/dense.cpp:27->../src/eight.cpp:29]   --->   Operation 102 'write' 'write_ln27' <Predicate = (icmp_ln18)> <Delay = 8.75> <CoreInst = "m_axi">   --->   Core 111 'm_axi' <Latency = 5> <II = 1> <Delay = 1.00> <Adapter> <Opcode : 'readrequnaligned' 'writerequnaligned' 'read' 'write' 'readreq' 'writereq' 'writeresp'>
ST_7 : Operation 103 [1/1] (0.00ns)   --->   "%br_ln18 = br void %new.latch.for.body4.i.split" [../src/dense.cpp:18->../src/eight.cpp:29]   --->   Operation 103 'br' 'br_ln18' <Predicate = (icmp_ln18)> <Delay = 0.00>
ST_7 : Operation 104 [1/1] (1.58ns)   --->   "%ret_ln0 = ret"   --->   Operation 104 'ret' 'ret_ln0' <Predicate = (icmp_ln13)> <Delay = 1.58>


============================================================
+ Verbose Summary: Binding
============================================================
STG Binding: 
---------------- STG Properties BEGIN ----------------
- Is combinational: 0
- Is one-state seq: 0
- Is datapath-only: 0
- Is pipelined: 0
- Is top level: 0
Port [ Return ] is wired: 1; IO mode=ap_ctrl_hs:ce=0
Port [ gmem0]:  wired=1; compound=1; hidden=0; nouse=0; global=0; static=0; extern=0; dir=1; type=4; pingpong=0; private_global=0; IO mode=m_axi:ce=0
Port [ outputDense]:  wired=1; compound=0; hidden=0; nouse=0; global=0; static=0; extern=0; dir=0; type=0; pingpong=0; private_global=0; IO mode=ap_none:ce=0
Port [ outputPool2]:  wired=1; compound=1; hidden=0; nouse=0; global=0; static=0; extern=0; dir=0; type=1; pingpong=0; private_global=0; MemPort=[13]; IO mode=ap_memory:ce=0
Port [ outputPool2_1]:  wired=1; compound=1; hidden=0; nouse=0; global=0; static=0; extern=0; dir=0; type=1; pingpong=0; private_global=0; MemPort=[13]; IO mode=ap_memory:ce=0
Port [ outputPool2_2]:  wired=1; compound=1; hidden=0; nouse=0; global=0; static=0; extern=0; dir=0; type=1; pingpong=0; private_global=0; MemPort=[13]; IO mode=ap_memory:ce=0
Port [ outputPool2_3]:  wired=1; compound=1; hidden=0; nouse=0; global=0; static=0; extern=0; dir=0; type=1; pingpong=0; private_global=0; MemPort=[13]; IO mode=ap_memory:ce=0
Port [ outputPool2_4]:  wired=1; compound=1; hidden=0; nouse=0; global=0; static=0; extern=0; dir=0; type=1; pingpong=0; private_global=0; MemPort=[13]; IO mode=ap_memory:ce=0
Port [ outputPool2_5]:  wired=1; compound=1; hidden=0; nouse=0; global=0; static=0; extern=0; dir=0; type=1; pingpong=0; private_global=0; MemPort=[13]; IO mode=ap_memory:ce=0
Port [ outputPool2_6]:  wired=1; compound=1; hidden=0; nouse=0; global=0; static=0; extern=0; dir=0; type=1; pingpong=0; private_global=0; MemPort=[13]; IO mode=ap_memory:ce=0
Port [ outputPool2_7]:  wired=1; compound=1; hidden=0; nouse=0; global=0; static=0; extern=0; dir=0; type=1; pingpong=0; private_global=0; MemPort=[13]; IO mode=ap_memory:ce=0
Port [ fc1_weight]:  wired=0; compound=1; hidden=1; nouse=0; global=1; static=1; extern=0; dir=0; type=1; pingpong=0; private_global=1; MemPort=[1]; IO mode=ap_memory:ce=0
---------------- STG Properties END ------------------

---------------- Datapath Model BEGIN ----------------

<LifeTime>
<method=bitvector/>
indvar_flatten3       (alloca           ) [ 01000000]
c                     (alloca           ) [ 01000000]
i                     (alloca           ) [ 01000000]
add_ln138             (alloca           ) [ 01000000]
sum_1                 (alloca           ) [ 01111110]
specinterface_ln0     (specinterface    ) [ 00000000]
outputDense_read      (read             ) [ 01111110]
store_ln0             (store            ) [ 00000000]
store_ln18            (store            ) [ 00000000]
store_ln13            (store            ) [ 00000000]
store_ln0             (store            ) [ 00000000]
br_ln0                (br               ) [ 00000000]
icmp_ln187            (phi              ) [ 01000000]
indvar_flatten3_load  (load             ) [ 00000000]
c_2                   (load             ) [ 00000000]
i_1                   (load             ) [ 00000000]
add_ln138_load        (load             ) [ 00000000]
select_ln13           (select           ) [ 01111000]
c_3                   (select           ) [ 00000000]
first_iter_0          (icmp             ) [ 01111111]
sum                   (sparsemux        ) [ 01111110]
add_ln13_1            (add              ) [ 00000000]
br_ln18               (br               ) [ 01111110]
zext_ln18             (zext             ) [ 01110000]
i_3                   (add              ) [ 00000000]
icmp_ln18             (icmp             ) [ 01111111]
br_ln18               (br               ) [ 00000000]
add_ln13              (add              ) [ 00000000]
icmp_ln13             (icmp             ) [ 01111111]
store_ln13            (store            ) [ 00000000]
store_ln18            (store            ) [ 00000000]
store_ln13            (store            ) [ 00000000]
store_ln13            (store            ) [ 00000000]
br_ln13               (br               ) [ 01000000]
mul_ln18              (mul              ) [ 01001000]
zext_ln18_1           (zext             ) [ 01001000]
trunc_ln18            (trunc            ) [ 01000100]
lshr_ln               (partselect       ) [ 00000000]
zext_ln14             (zext             ) [ 00000000]
add_ln21              (add              ) [ 00000000]
zext_ln24             (zext             ) [ 00000000]
fc1_weight_addr       (getelementptr    ) [ 01000100]
outputPool2_addr      (getelementptr    ) [ 01000100]
outputPool2_1_addr    (getelementptr    ) [ 01000100]
outputPool2_2_addr    (getelementptr    ) [ 01000100]
outputPool2_3_addr    (getelementptr    ) [ 01000100]
outputPool2_4_addr    (getelementptr    ) [ 01000100]
outputPool2_5_addr    (getelementptr    ) [ 01000100]
outputPool2_6_addr    (getelementptr    ) [ 01000100]
outputPool2_7_addr    (getelementptr    ) [ 01000100]
br_ln18               (br               ) [ 01000110]
w_val                 (load             ) [ 01000010]
outputPool2_load      (load             ) [ 00000000]
outputPool2_1_load    (load             ) [ 00000000]
outputPool2_2_load    (load             ) [ 00000000]
outputPool2_3_load    (load             ) [ 00000000]
outputPool2_4_load    (load             ) [ 00000000]
outputPool2_5_load    (load             ) [ 00000000]
outputPool2_6_load    (load             ) [ 00000000]
outputPool2_7_load    (load             ) [ 00000000]
tmp_cast              (sparsemux        ) [ 01000010]
sum_3                 (load             ) [ 00000000]
specbitsmap_ln0       (specbitsmap      ) [ 00000000]
gmem0_addr            (getelementptr    ) [ 01000001]
specloopname_ln0      (specloopname     ) [ 00000000]
speclooptripcount_ln0 (speclooptripcount) [ 00000000]
sext_ln14             (sext             ) [ 00000000]
sext_ln141            (phi              ) [ 01000010]
specpipeline_ln19     (specpipeline     ) [ 00000000]
rbegin7               (specregionbegin  ) [ 00000000]
zext_ln25             (zext             ) [ 00000000]
sext_ln25             (sext             ) [ 00000000]
mul_ln25              (mul              ) [ 00000000]
specfucore_ln15       (specfucore       ) [ 00000000]
shl_ln                (bitconcatenate   ) [ 00000000]
add_ln25              (add              ) [ 00000000]
specfucore_ln16       (specfucore       ) [ 00000000]
sum_2                 (partselect       ) [ 01000001]
rend8                 (specregionend    ) [ 00000000]
store_ln14            (store            ) [ 00000000]
write_ln27            (write            ) [ 00000000]
br_ln18               (br               ) [ 00000000]
ret_ln0               (ret              ) [ 00000000]
</LifeTime>

<model>

<comp_list>
<comp id="0" class="1000" name="gmem0">
<pin_list>
<pin id="1" dir="1" index="0" bw="1" slack="0"/>
</pin_list>
<bind>
<StgValue><ssdm name="gmem0"/><MemPortTyVec>1 </MemPortTyVec>
</StgValue>
</bind>
</comp>

<comp id="2" class="1000" name="outputDense">
<pin_list>
<pin id="3" dir="1" index="0" bw="1" slack="0"/>
</pin_list>
<bind>
<StgValue><ssdm name="outputDense"/></StgValue>
</bind>
</comp>

<comp id="4" class="1000" name="outputPool2">
<pin_list>
<pin id="5" dir="1" index="0" bw="1" slack="0"/>
</pin_list>
<bind>
<StgValue><ssdm name="outputPool2"/><MemPortTyVec>1 3 </MemPortTyVec>
</StgValue>
</bind>
</comp>

<comp id="6" class="1000" name="outputPool2_1">
<pin_list>
<pin id="7" dir="1" index="0" bw="1" slack="0"/>
</pin_list>
<bind>
<StgValue><ssdm name="outputPool2_1"/><MemPortTyVec>1 3 </MemPortTyVec>
</StgValue>
</bind>
</comp>

<comp id="8" class="1000" name="outputPool2_2">
<pin_list>
<pin id="9" dir="1" index="0" bw="1" slack="0"/>
</pin_list>
<bind>
<StgValue><ssdm name="outputPool2_2"/><MemPortTyVec>1 3 </MemPortTyVec>
</StgValue>
</bind>
</comp>

<comp id="10" class="1000" name="outputPool2_3">
<pin_list>
<pin id="11" dir="1" index="0" bw="1" slack="0"/>
</pin_list>
<bind>
<StgValue><ssdm name="outputPool2_3"/><MemPortTyVec>1 3 </MemPortTyVec>
</StgValue>
</bind>
</comp>

<comp id="12" class="1000" name="outputPool2_4">
<pin_list>
<pin id="13" dir="1" index="0" bw="1" slack="0"/>
</pin_list>
<bind>
<StgValue><ssdm name="outputPool2_4"/><MemPortTyVec>1 3 </MemPortTyVec>
</StgValue>
</bind>
</comp>

<comp id="14" class="1000" name="outputPool2_5">
<pin_list>
<pin id="15" dir="1" index="0" bw="1" slack="0"/>
</pin_list>
<bind>
<StgValue><ssdm name="outputPool2_5"/><MemPortTyVec>1 3 </MemPortTyVec>
</StgValue>
</bind>
</comp>

<comp id="16" class="1000" name="outputPool2_6">
<pin_list>
<pin id="17" dir="1" index="0" bw="1" slack="0"/>
</pin_list>
<bind>
<StgValue><ssdm name="outputPool2_6"/><MemPortTyVec>1 3 </MemPortTyVec>
</StgValue>
</bind>
</comp>

<comp id="18" class="1000" name="outputPool2_7">
<pin_list>
<pin id="19" dir="1" index="0" bw="1" slack="0"/>
</pin_list>
<bind>
<StgValue><ssdm name="outputPool2_7"/><MemPortTyVec>1 3 </MemPortTyVec>
</StgValue>
</bind>
</comp>

<comp id="20" class="1000" name="fc1_weight">
<pin_list>
<pin id="21" dir="1" index="0" bw="1" slack="0"/>
</pin_list>
<bind>
<StgValue><ssdm name="fc1_weight"/><MemPortTyVec>1 </MemPortTyVec>
</StgValue>
</bind>
</comp>

<comp id="22" class="1001" name="const_22">
<pin_list>
<pin id="23" dir="1" index="0" bw="1" slack="0"/>
</pin_list>
<bind>
<StgValue><ssdm name=""/></StgValue>
</bind>
</comp>

<comp id="24" class="1001" name="const_24">
<pin_list>
<pin id="25" dir="1" index="0" bw="1" slack="2147483647"/>
</pin_list>
<bind>
<StgValue><ssdm name="_ssdm_op_SpecInterface"/></StgValue>
</bind>
</comp>

<comp id="26" class="1001" name="const_26">
<pin_list>
<pin id="27" dir="1" index="0" bw="1" slack="2147483647"/>
</pin_list>
<bind>
<StgValue><ssdm name="empty_21"/></StgValue>
</bind>
</comp>

<comp id="28" class="1001" name="const_28">
<pin_list>
<pin id="29" dir="1" index="0" bw="1" slack="2147483647"/>
</pin_list>
<bind>
<StgValue><ssdm name=""/></StgValue>
</bind>
</comp>

<comp id="30" class="1001" name="const_30">
<pin_list>
<pin id="31" dir="1" index="0" bw="1" slack="2147483647"/>
</pin_list>
<bind>
<StgValue><ssdm name="empty_22"/></StgValue>
</bind>
</comp>

<comp id="32" class="1001" name="const_32">
<pin_list>
<pin id="33" dir="1" index="0" bw="1" slack="2147483647"/>
</pin_list>
<bind>
<StgValue><ssdm name=""/></StgValue>
</bind>
</comp>

<comp id="34" class="1001" name="const_34">
<pin_list>
<pin id="35" dir="1" index="0" bw="1" slack="2147483647"/>
</pin_list>
<bind>
<StgValue><ssdm name="empty_14"/></StgValue>
</bind>
</comp>

<comp id="36" class="1001" name="const_36">
<pin_list>
<pin id="37" dir="1" index="0" bw="1" slack="2147483647"/>
</pin_list>
<bind>
<StgValue><ssdm name="empty"/></StgValue>
</bind>
</comp>

<comp id="38" class="1001" name="const_38">
<pin_list>
<pin id="39" dir="1" index="0" bw="1" slack="2147483647"/>
</pin_list>
<bind>
<StgValue><ssdm name=""/></StgValue>
</bind>
</comp>

<comp id="40" class="1001" name="const_40">
<pin_list>
<pin id="41" dir="1" index="0" bw="1" slack="2147483647"/>
</pin_list>
<bind>
<StgValue><ssdm name=""/></StgValue>
</bind>
</comp>

<comp id="42" class="1001" name="const_42">
<pin_list>
<pin id="43" dir="1" index="0" bw="1" slack="0"/>
</pin_list>
<bind>
<StgValue><ssdm name="_ssdm_op_Read.ap_auto.i64"/></StgValue>
</bind>
</comp>

<comp id="44" class="1001" name="const_44">
<pin_list>
<pin id="45" dir="1" index="0" bw="1" slack="0"/>
</pin_list>
<bind>
<StgValue><ssdm name=""/></StgValue>
</bind>
</comp>

<comp id="46" class="1001" name="const_46">
<pin_list>
<pin id="47" dir="1" index="0" bw="1" slack="0"/>
</pin_list>
<bind>
<StgValue><ssdm name=""/></StgValue>
</bind>
</comp>

<comp id="48" class="1001" name="const_48">
<pin_list>
<pin id="49" dir="1" index="0" bw="1" slack="0"/>
</pin_list>
<bind>
<StgValue><ssdm name=""/></StgValue>
</bind>
</comp>

<comp id="50" class="1001" name="const_50">
<pin_list>
<pin id="51" dir="1" index="0" bw="1" slack="0"/>
</pin_list>
<bind>
<StgValue><ssdm name=""/></StgValue>
</bind>
</comp>

<comp id="52" class="1001" name="const_52">
<pin_list>
<pin id="53" dir="1" index="0" bw="1" slack="0"/>
</pin_list>
<bind>
<StgValue><ssdm name=""/></StgValue>
</bind>
</comp>

<comp id="54" class="1001" name="const_54">
<pin_list>
<pin id="55" dir="1" index="0" bw="1" slack="0"/>
</pin_list>
<bind>
<StgValue><ssdm name="_ssdm_op_SparseMux.ap_auto.10i2.i2.i4"/></StgValue>
</bind>
</comp>

<comp id="56" class="1001" name="const_56">
<pin_list>
<pin id="57" dir="1" index="0" bw="1" slack="0"/>
</pin_list>
<bind>
<StgValue><ssdm name=""/></StgValue>
</bind>
</comp>

<comp id="58" class="1001" name="const_58">
<pin_list>
<pin id="59" dir="1" index="0" bw="1" slack="0"/>
</pin_list>
<bind>
<StgValue><ssdm name=""/></StgValue>
</bind>
</comp>

<comp id="60" class="1001" name="const_60">
<pin_list>
<pin id="61" dir="1" index="0" bw="1" slack="0"/>
</pin_list>
<bind>
<StgValue><ssdm name=""/></StgValue>
</bind>
</comp>

<comp id="62" class="1001" name="const_62">
<pin_list>
<pin id="63" dir="1" index="0" bw="1" slack="0"/>
</pin_list>
<bind>
<StgValue><ssdm name=""/></StgValue>
</bind>
</comp>

<comp id="64" class="1001" name="const_64">
<pin_list>
<pin id="65" dir="1" index="0" bw="1" slack="0"/>
</pin_list>
<bind>
<StgValue><ssdm name=""/></StgValue>
</bind>
</comp>

<comp id="66" class="1001" name="const_66">
<pin_list>
<pin id="67" dir="1" index="0" bw="1" slack="0"/>
</pin_list>
<bind>
<StgValue><ssdm name=""/></StgValue>
</bind>
</comp>

<comp id="68" class="1001" name="const_68">
<pin_list>
<pin id="69" dir="1" index="0" bw="1" slack="0"/>
</pin_list>
<bind>
<StgValue><ssdm name=""/></StgValue>
</bind>
</comp>

<comp id="70" class="1001" name="const_70">
<pin_list>
<pin id="71" dir="1" index="0" bw="1" slack="0"/>
</pin_list>
<bind>
<StgValue><ssdm name=""/></StgValue>
</bind>
</comp>

<comp id="72" class="1001" name="const_72">
<pin_list>
<pin id="73" dir="1" index="0" bw="1" slack="0"/>
</pin_list>
<bind>
<StgValue><ssdm name=""/></StgValue>
</bind>
</comp>

<comp id="74" class="1001" name="const_74">
<pin_list>
<pin id="75" dir="1" index="0" bw="1" slack="0"/>
</pin_list>
<bind>
<StgValue><ssdm name=""/></StgValue>
</bind>
</comp>

<comp id="76" class="1001" name="const_76">
<pin_list>
<pin id="77" dir="1" index="0" bw="1" slack="0"/>
</pin_list>
<bind>
<StgValue><ssdm name=""/></StgValue>
</bind>
</comp>

<comp id="78" class="1001" name="const_78">
<pin_list>
<pin id="79" dir="1" index="0" bw="1" slack="0"/>
</pin_list>
<bind>
<StgValue><ssdm name=""/></StgValue>
</bind>
</comp>

<comp id="80" class="1001" name="const_80">
<pin_list>
<pin id="81" dir="1" index="0" bw="1" slack="0"/>
</pin_list>
<bind>
<StgValue><ssdm name=""/></StgValue>
</bind>
</comp>

<comp id="82" class="1001" name="const_82">
<pin_list>
<pin id="83" dir="1" index="0" bw="1" slack="0"/>
</pin_list>
<bind>
<StgValue><ssdm name=""/></StgValue>
</bind>
</comp>

<comp id="84" class="1001" name="const_84">
<pin_list>
<pin id="85" dir="1" index="0" bw="1" slack="0"/>
</pin_list>
<bind>
<StgValue><ssdm name=""/></StgValue>
</bind>
</comp>

<comp id="86" class="1001" name="const_86">
<pin_list>
<pin id="87" dir="1" index="0" bw="1" slack="0"/>
</pin_list>
<bind>
<StgValue><ssdm name=""/></StgValue>
</bind>
</comp>

<comp id="88" class="1001" name="const_88">
<pin_list>
<pin id="89" dir="1" index="0" bw="1" slack="0"/>
</pin_list>
<bind>
<StgValue><ssdm name=""/></StgValue>
</bind>
</comp>

<comp id="90" class="1001" name="const_90">
<pin_list>
<pin id="91" dir="1" index="0" bw="1" slack="0"/>
</pin_list>
<bind>
<StgValue><ssdm name="_ssdm_op_PartSelect.i7.i10.i32.i32"/></StgValue>
</bind>
</comp>

<comp id="92" class="1001" name="const_92">
<pin_list>
<pin id="93" dir="1" index="0" bw="1" slack="0"/>
</pin_list>
<bind>
<StgValue><ssdm name=""/></StgValue>
</bind>
</comp>

<comp id="94" class="1001" name="const_94">
<pin_list>
<pin id="95" dir="1" index="0" bw="1" slack="0"/>
</pin_list>
<bind>
<StgValue><ssdm name=""/></StgValue>
</bind>
</comp>

<comp id="96" class="1001" name="const_96">
<pin_list>
<pin id="97" dir="1" index="0" bw="1" slack="0"/>
</pin_list>
<bind>
<StgValue><ssdm name=""/></StgValue>
</bind>
</comp>

<comp id="98" class="1001" name="const_98">
<pin_list>
<pin id="99" dir="1" index="0" bw="1" slack="0"/>
</pin_list>
<bind>
<StgValue><ssdm name="_ssdm_op_SparseMux.ap_auto.8i7.i7.i3"/></StgValue>
</bind>
</comp>

<comp id="100" class="1001" name="const_100">
<pin_list>
<pin id="101" dir="1" index="0" bw="1" slack="0"/>
</pin_list>
<bind>
<StgValue><ssdm name=""/></StgValue>
</bind>
</comp>

<comp id="102" class="1001" name="const_102">
<pin_list>
<pin id="103" dir="1" index="0" bw="1" slack="0"/>
</pin_list>
<bind>
<StgValue><ssdm name=""/></StgValue>
</bind>
</comp>

<comp id="104" class="1001" name="const_104">
<pin_list>
<pin id="105" dir="1" index="0" bw="1" slack="0"/>
</pin_list>
<bind>
<StgValue><ssdm name=""/></StgValue>
</bind>
</comp>

<comp id="106" class="1001" name="const_106">
<pin_list>
<pin id="107" dir="1" index="0" bw="1" slack="0"/>
</pin_list>
<bind>
<StgValue><ssdm name=""/></StgValue>
</bind>
</comp>

<comp id="108" class="1001" name="const_108">
<pin_list>
<pin id="109" dir="1" index="0" bw="1" slack="0"/>
</pin_list>
<bind>
<StgValue><ssdm name=""/></StgValue>
</bind>
</comp>

<comp id="110" class="1001" name="const_110">
<pin_list>
<pin id="111" dir="1" index="0" bw="1" slack="0"/>
</pin_list>
<bind>
<StgValue><ssdm name=""/></StgValue>
</bind>
</comp>

<comp id="112" class="1001" name="const_112">
<pin_list>
<pin id="113" dir="1" index="0" bw="1" slack="0"/>
</pin_list>
<bind>
<StgValue><ssdm name=""/></StgValue>
</bind>
</comp>

<comp id="114" class="1001" name="const_114">
<pin_list>
<pin id="115" dir="1" index="0" bw="1" slack="0"/>
</pin_list>
<bind>
<StgValue><ssdm name=""/></StgValue>
</bind>
</comp>

<comp id="116" class="1001" name="const_116">
<pin_list>
<pin id="117" dir="1" index="0" bw="1" slack="0"/>
</pin_list>
<bind>
<StgValue><ssdm name=""/></StgValue>
</bind>
</comp>

<comp id="118" class="1001" name="const_118">
<pin_list>
<pin id="119" dir="1" index="0" bw="1" slack="2147483647"/>
</pin_list>
<bind>
<StgValue><ssdm name="_ssdm_op_SpecBitsMap"/></StgValue>
</bind>
</comp>

<comp id="120" class="1001" name="const_120">
<pin_list>
<pin id="121" dir="1" index="0" bw="1" slack="2147483647"/>
</pin_list>
<bind>
<StgValue><ssdm name="_ssdm_op_SpecLoopName"/></StgValue>
</bind>
</comp>

<comp id="122" class="1001" name="const_122">
<pin_list>
<pin id="123" dir="1" index="0" bw="1" slack="2147483647"/>
</pin_list>
<bind>
<StgValue><ssdm name="DENSE_OUTER_DENSE_INNER_str"/></StgValue>
</bind>
</comp>

<comp id="124" class="1001" name="const_124">
<pin_list>
<pin id="125" dir="1" index="0" bw="1" slack="2147483647"/>
</pin_list>
<bind>
<StgValue><ssdm name="_ssdm_op_SpecLoopTripCount"/></StgValue>
</bind>
</comp>

<comp id="126" class="1001" name="const_126">
<pin_list>
<pin id="127" dir="1" index="0" bw="1" slack="2147483647"/>
</pin_list>
<bind>
<StgValue><ssdm name=""/></StgValue>
</bind>
</comp>

<comp id="128" class="1001" name="const_128">
<pin_list>
<pin id="129" dir="1" index="0" bw="1" slack="2147483647"/>
</pin_list>
<bind>
<StgValue><ssdm name="_ssdm_op_SpecPipeline"/></StgValue>
</bind>
</comp>

<comp id="130" class="1001" name="const_130">
<pin_list>
<pin id="131" dir="1" index="0" bw="1" slack="2147483647"/>
</pin_list>
<bind>
<StgValue><ssdm name="_ssdm_op_SpecRegionBegin"/></StgValue>
</bind>
</comp>

<comp id="132" class="1001" name="const_132">
<pin_list>
<pin id="133" dir="1" index="0" bw="1" slack="2147483647"/>
</pin_list>
<bind>
<StgValue><ssdm name="empty_9"/></StgValue>
</bind>
</comp>

<comp id="134" class="1001" name="const_134">
<pin_list>
<pin id="135" dir="1" index="0" bw="1" slack="2147483647"/>
</pin_list>
<bind>
<StgValue><ssdm name="_ssdm_op_SpecFUCore"/></StgValue>
</bind>
</comp>

<comp id="136" class="1001" name="const_136">
<pin_list>
<pin id="137" dir="1" index="0" bw="1" slack="2147483647"/>
</pin_list>
<bind>
<StgValue><ssdm name=""/></StgValue>
</bind>
</comp>

<comp id="138" class="1001" name="const_138">
<pin_list>
<pin id="139" dir="1" index="0" bw="1" slack="2147483647"/>
</pin_list>
<bind>
<StgValue><ssdm name=""/></StgValue>
</bind>
</comp>

<comp id="140" class="1001" name="const_140">
<pin_list>
<pin id="141" dir="1" index="0" bw="1" slack="2147483647"/>
</pin_list>
<bind>
<StgValue><ssdm name=""/></StgValue>
</bind>
</comp>

<comp id="142" class="1001" name="const_142">
<pin_list>
<pin id="143" dir="1" index="0" bw="1" slack="0"/>
</pin_list>
<bind>
<StgValue><ssdm name="_ssdm_op_BitConcatenate.i11.i8.i3"/></StgValue>
</bind>
</comp>

<comp id="144" class="1001" name="const_144">
<pin_list>
<pin id="145" dir="1" index="0" bw="1" slack="2147483647"/>
</pin_list>
<bind>
<StgValue><ssdm name=""/></StgValue>
</bind>
</comp>

<comp id="146" class="1001" name="const_146">
<pin_list>
<pin id="147" dir="1" index="0" bw="1" slack="0"/>
</pin_list>
<bind>
<StgValue><ssdm name="_ssdm_op_PartSelect.i8.i11.i32.i32"/></StgValue>
</bind>
</comp>

<comp id="148" class="1001" name="const_148">
<pin_list>
<pin id="149" dir="1" index="0" bw="1" slack="0"/>
</pin_list>
<bind>
<StgValue><ssdm name=""/></StgValue>
</bind>
</comp>

<comp id="150" class="1001" name="const_150">
<pin_list>
<pin id="151" dir="1" index="0" bw="1" slack="2147483647"/>
</pin_list>
<bind>
<StgValue><ssdm name="_ssdm_op_SpecRegionEnd"/></StgValue>
</bind>
</comp>

<comp id="152" class="1001" name="const_152">
<pin_list>
<pin id="153" dir="1" index="0" bw="1" slack="0"/>
</pin_list>
<bind>
<StgValue><ssdm name="_ssdm_op_Write.m_axi.p1i8.i8"/></StgValue>
</bind>
</comp>

<comp id="154" class="1001" name="const_154">
<pin_list>
<pin id="155" dir="1" index="0" bw="1" slack="0"/>
</pin_list>
<bind>
<StgValue><ssdm name=""/></StgValue>
</bind>
</comp>

<comp id="156" class="1004" name="indvar_flatten3_fu_156">
<pin_list>
<pin id="157" dir="0" index="0" bw="1" slack="0"/>
<pin id="158" dir="1" index="1" bw="13" slack="0"/>
</pin_list>
<bind>
<opcode="alloca(26) " fcode="alloca"/>
<opset="indvar_flatten3/1 "/>
</bind>
</comp>

<comp id="160" class="1004" name="c_fu_160">
<pin_list>
<pin id="161" dir="0" index="0" bw="1" slack="0"/>
<pin id="162" dir="1" index="1" bw="4" slack="0"/>
</pin_list>
<bind>
<opcode="alloca(26) " fcode="alloca"/>
<opset="c/1 "/>
</bind>
</comp>

<comp id="164" class="1004" name="i_fu_164">
<pin_list>
<pin id="165" dir="0" index="0" bw="1" slack="0"/>
<pin id="166" dir="1" index="1" bw="10" slack="0"/>
</pin_list>
<bind>
<opcode="alloca(26) " fcode="alloca"/>
<opset="i/1 "/>
</bind>
</comp>

<comp id="168" class="1004" name="add_ln138_fu_168">
<pin_list>
<pin id="169" dir="0" index="0" bw="1" slack="0"/>
<pin id="170" dir="1" index="1" bw="4" slack="0"/>
</pin_list>
<bind>
<opcode="alloca(26) " fcode="alloca"/>
<opset="add_ln138/1 "/>
</bind>
</comp>

<comp id="172" class="1004" name="sum_1_fu_172">
<pin_list>
<pin id="173" dir="0" index="0" bw="1" slack="0"/>
<pin id="174" dir="1" index="1" bw="8" slack="5"/>
</pin_list>
<bind>
<opcode="alloca(26) " fcode="alloca"/>
<opset="sum_1/1 "/>
</bind>
</comp>

<comp id="176" class="1004" name="outputDense_read_read_fu_176">
<pin_list>
<pin id="177" dir="0" index="0" bw="64" slack="0"/>
<pin id="178" dir="0" index="1" bw="64" slack="0"/>
<pin id="179" dir="1" index="2" bw="64" slack="5"/>
</pin_list>
<bind>
<opcode="read(1150) " fcode="read"/>
<opset="outputDense_read/1 "/>
</bind>
</comp>

<comp id="182" class="1004" name="fc1_weight_addr_gep_fu_182">
<pin_list>
<pin id="183" dir="0" index="0" bw="4" slack="0"/>
<pin id="184" dir="0" index="1" bw="1" slack="0"/>
<pin id="185" dir="0" index="2" bw="13" slack="0"/>
<pin id="186" dir="1" index="3" bw="13" slack="0"/>
</pin_list>
<bind>
<opcode="getelementptr(29) " fcode="getelementptr"/>
<opset="fc1_weight_addr/4 "/>
</bind>
</comp>

<comp id="189" class="1004" name="grp_access_fu_189">
<pin_list>
<pin id="190" dir="0" index="0" bw="13" slack="0"/>
<pin id="191" dir="0" index="1" bw="4" slack="2147483647"/>
<pin id="192" dir="0" index="2" bw="0" slack="2147483647"/>
<pin id="193" dir="1" index="3" bw="4" slack="1"/>
</pin_list>
<bind>
<opcode="load(27) " fcode="load"/>
<opset="w_val/4 "/>
</bind>
</comp>

<comp id="195" class="1004" name="outputPool2_addr_gep_fu_195">
<pin_list>
<pin id="196" dir="0" index="0" bw="7" slack="0"/>
<pin id="197" dir="0" index="1" bw="1" slack="0"/>
<pin id="198" dir="0" index="2" bw="7" slack="0"/>
<pin id="199" dir="1" index="3" bw="7" slack="0"/>
</pin_list>
<bind>
<opcode="getelementptr(29) " fcode="getelementptr"/>
<opset="outputPool2_addr/4 "/>
</bind>
</comp>

<comp id="202" class="1004" name="outputPool2_1_addr_gep_fu_202">
<pin_list>
<pin id="203" dir="0" index="0" bw="7" slack="0"/>
<pin id="204" dir="0" index="1" bw="1" slack="0"/>
<pin id="205" dir="0" index="2" bw="7" slack="0"/>
<pin id="206" dir="1" index="3" bw="7" slack="0"/>
</pin_list>
<bind>
<opcode="getelementptr(29) " fcode="getelementptr"/>
<opset="outputPool2_1_addr/4 "/>
</bind>
</comp>

<comp id="209" class="1004" name="outputPool2_2_addr_gep_fu_209">
<pin_list>
<pin id="210" dir="0" index="0" bw="7" slack="0"/>
<pin id="211" dir="0" index="1" bw="1" slack="0"/>
<pin id="212" dir="0" index="2" bw="7" slack="0"/>
<pin id="213" dir="1" index="3" bw="7" slack="0"/>
</pin_list>
<bind>
<opcode="getelementptr(29) " fcode="getelementptr"/>
<opset="outputPool2_2_addr/4 "/>
</bind>
</comp>

<comp id="216" class="1004" name="outputPool2_3_addr_gep_fu_216">
<pin_list>
<pin id="217" dir="0" index="0" bw="7" slack="0"/>
<pin id="218" dir="0" index="1" bw="1" slack="0"/>
<pin id="219" dir="0" index="2" bw="7" slack="0"/>
<pin id="220" dir="1" index="3" bw="7" slack="0"/>
</pin_list>
<bind>
<opcode="getelementptr(29) " fcode="getelementptr"/>
<opset="outputPool2_3_addr/4 "/>
</bind>
</comp>

<comp id="223" class="1004" name="outputPool2_4_addr_gep_fu_223">
<pin_list>
<pin id="224" dir="0" index="0" bw="7" slack="0"/>
<pin id="225" dir="0" index="1" bw="1" slack="0"/>
<pin id="226" dir="0" index="2" bw="7" slack="0"/>
<pin id="227" dir="1" index="3" bw="7" slack="0"/>
</pin_list>
<bind>
<opcode="getelementptr(29) " fcode="getelementptr"/>
<opset="outputPool2_4_addr/4 "/>
</bind>
</comp>

<comp id="230" class="1004" name="outputPool2_5_addr_gep_fu_230">
<pin_list>
<pin id="231" dir="0" index="0" bw="7" slack="0"/>
<pin id="232" dir="0" index="1" bw="1" slack="0"/>
<pin id="233" dir="0" index="2" bw="7" slack="0"/>
<pin id="234" dir="1" index="3" bw="7" slack="0"/>
</pin_list>
<bind>
<opcode="getelementptr(29) " fcode="getelementptr"/>
<opset="outputPool2_5_addr/4 "/>
</bind>
</comp>

<comp id="237" class="1004" name="outputPool2_6_addr_gep_fu_237">
<pin_list>
<pin id="238" dir="0" index="0" bw="7" slack="0"/>
<pin id="239" dir="0" index="1" bw="1" slack="0"/>
<pin id="240" dir="0" index="2" bw="7" slack="0"/>
<pin id="241" dir="1" index="3" bw="7" slack="0"/>
</pin_list>
<bind>
<opcode="getelementptr(29) " fcode="getelementptr"/>
<opset="outputPool2_6_addr/4 "/>
</bind>
</comp>

<comp id="244" class="1004" name="outputPool2_7_addr_gep_fu_244">
<pin_list>
<pin id="245" dir="0" index="0" bw="7" slack="0"/>
<pin id="246" dir="0" index="1" bw="1" slack="0"/>
<pin id="247" dir="0" index="2" bw="7" slack="0"/>
<pin id="248" dir="1" index="3" bw="7" slack="0"/>
</pin_list>
<bind>
<opcode="getelementptr(29) " fcode="getelementptr"/>
<opset="outputPool2_7_addr/4 "/>
</bind>
</comp>

<comp id="251" class="1004" name="grp_access_fu_251">
<pin_list>
<pin id="252" dir="0" index="0" bw="7" slack="0"/>
<pin id="253" dir="0" index="1" bw="7" slack="2147483647"/>
<pin id="254" dir="0" index="2" bw="0" slack="2147483647"/>
<pin id="255" dir="1" index="3" bw="7" slack="0"/>
</pin_list>
<bind>
<opcode="load(27) " fcode="load"/>
<opset="outputPool2_load/4 "/>
</bind>
</comp>

<comp id="257" class="1004" name="grp_access_fu_257">
<pin_list>
<pin id="258" dir="0" index="0" bw="7" slack="0"/>
<pin id="259" dir="0" index="1" bw="7" slack="2147483647"/>
<pin id="260" dir="0" index="2" bw="0" slack="2147483647"/>
<pin id="261" dir="1" index="3" bw="7" slack="0"/>
</pin_list>
<bind>
<opcode="load(27) " fcode="load"/>
<opset="outputPool2_1_load/4 "/>
</bind>
</comp>

<comp id="263" class="1004" name="grp_access_fu_263">
<pin_list>
<pin id="264" dir="0" index="0" bw="7" slack="0"/>
<pin id="265" dir="0" index="1" bw="7" slack="2147483647"/>
<pin id="266" dir="0" index="2" bw="0" slack="2147483647"/>
<pin id="267" dir="1" index="3" bw="7" slack="0"/>
</pin_list>
<bind>
<opcode="load(27) " fcode="load"/>
<opset="outputPool2_2_load/4 "/>
</bind>
</comp>

<comp id="269" class="1004" name="grp_access_fu_269">
<pin_list>
<pin id="270" dir="0" index="0" bw="7" slack="0"/>
<pin id="271" dir="0" index="1" bw="7" slack="2147483647"/>
<pin id="272" dir="0" index="2" bw="0" slack="2147483647"/>
<pin id="273" dir="1" index="3" bw="7" slack="0"/>
</pin_list>
<bind>
<opcode="load(27) " fcode="load"/>
<opset="outputPool2_3_load/4 "/>
</bind>
</comp>

<comp id="275" class="1004" name="grp_access_fu_275">
<pin_list>
<pin id="276" dir="0" index="0" bw="7" slack="0"/>
<pin id="277" dir="0" index="1" bw="7" slack="2147483647"/>
<pin id="278" dir="0" index="2" bw="0" slack="2147483647"/>
<pin id="279" dir="1" index="3" bw="7" slack="0"/>
</pin_list>
<bind>
<opcode="load(27) " fcode="load"/>
<opset="outputPool2_4_load/4 "/>
</bind>
</comp>

<comp id="281" class="1004" name="grp_access_fu_281">
<pin_list>
<pin id="282" dir="0" index="0" bw="7" slack="0"/>
<pin id="283" dir="0" index="1" bw="7" slack="2147483647"/>
<pin id="284" dir="0" index="2" bw="0" slack="2147483647"/>
<pin id="285" dir="1" index="3" bw="7" slack="0"/>
</pin_list>
<bind>
<opcode="load(27) " fcode="load"/>
<opset="outputPool2_5_load/4 "/>
</bind>
</comp>

<comp id="287" class="1004" name="grp_access_fu_287">
<pin_list>
<pin id="288" dir="0" index="0" bw="7" slack="0"/>
<pin id="289" dir="0" index="1" bw="7" slack="2147483647"/>
<pin id="290" dir="0" index="2" bw="0" slack="2147483647"/>
<pin id="291" dir="1" index="3" bw="7" slack="0"/>
</pin_list>
<bind>
<opcode="load(27) " fcode="load"/>
<opset="outputPool2_6_load/4 "/>
</bind>
</comp>

<comp id="293" class="1004" name="grp_access_fu_293">
<pin_list>
<pin id="294" dir="0" index="0" bw="7" slack="0"/>
<pin id="295" dir="0" index="1" bw="7" slack="2147483647"/>
<pin id="296" dir="0" index="2" bw="0" slack="2147483647"/>
<pin id="297" dir="1" index="3" bw="7" slack="0"/>
</pin_list>
<bind>
<opcode="load(27) " fcode="load"/>
<opset="outputPool2_7_load/4 "/>
</bind>
</comp>

<comp id="299" class="1004" name="write_ln27_write_fu_299">
<pin_list>
<pin id="300" dir="0" index="0" bw="0" slack="0"/>
<pin id="301" dir="0" index="1" bw="8" slack="1"/>
<pin id="302" dir="0" index="2" bw="8" slack="1"/>
<pin id="303" dir="0" index="3" bw="1" slack="0"/>
<pin id="304" dir="1" index="4" bw="0" slack="2147483647"/>
</pin_list>
<bind>
<opcode="write(1151) " fcode="write"/>
<opset="write_ln27/7 "/>
</bind>
</comp>

<comp id="307" class="1005" name="icmp_ln187_reg_307">
<pin_list>
<pin id="308" dir="0" index="0" bw="1" slack="2147483647"/>
<pin id="309" dir="1" index="1" bw="1" slack="2147483647"/>
</pin_list>
<bind>
<opset="icmp_ln187 (phireg) "/>
</bind>
</comp>

<comp id="310" class="1004" name="icmp_ln187_phi_fu_310">
<pin_list>
<pin id="311" dir="0" index="0" bw="1" slack="0"/>
<pin id="312" dir="0" index="1" bw="0" slack="2147483647"/>
<pin id="313" dir="0" index="2" bw="1" slack="0"/>
<pin id="314" dir="0" index="3" bw="0" slack="2147483647"/>
<pin id="315" dir="1" index="4" bw="1" slack="0"/>
</pin_list>
<bind>
<opcode="phi(47) " fcode="phi"/>
<opset="icmp_ln187/1 "/>
</bind>
</comp>

<comp id="317" class="1005" name="sext_ln141_reg_317">
<pin_list>
<pin id="318" dir="0" index="0" bw="8" slack="2147483647"/>
<pin id="319" dir="1" index="1" bw="8" slack="2147483647"/>
</pin_list>
<bind>
<opset="sext_ln141 (phireg) "/>
</bind>
</comp>

<comp id="320" class="1004" name="sext_ln141_phi_fu_320">
<pin_list>
<pin id="321" dir="0" index="0" bw="8" slack="0"/>
<pin id="322" dir="0" index="1" bw="0" slack="2147483647"/>
<pin id="323" dir="0" index="2" bw="2" slack="0"/>
<pin id="324" dir="0" index="3" bw="0" slack="2147483647"/>
<pin id="325" dir="1" index="4" bw="8" slack="0"/>
</pin_list>
<bind>
<opcode="phi(47) " fcode="phi"/>
<opset="sext_ln141/6 "/>
</bind>
</comp>

<comp id="326" class="1004" name="store_ln0_store_fu_326">
<pin_list>
<pin id="327" dir="0" index="0" bw="1" slack="0"/>
<pin id="328" dir="0" index="1" bw="4" slack="0"/>
<pin id="329" dir="1" index="2" bw="0" slack="2147483647"/>
</pin_list>
<bind>
<opcode="store(28) " fcode="store"/>
<opset="store_ln0/1 "/>
</bind>
</comp>

<comp id="331" class="1004" name="store_ln18_store_fu_331">
<pin_list>
<pin id="332" dir="0" index="0" bw="1" slack="0"/>
<pin id="333" dir="0" index="1" bw="10" slack="0"/>
<pin id="334" dir="1" index="2" bw="0" slack="2147483647"/>
</pin_list>
<bind>
<opcode="store(28) " fcode="store"/>
<opset="store_ln18/1 "/>
</bind>
</comp>

<comp id="336" class="1004" name="store_ln13_store_fu_336">
<pin_list>
<pin id="337" dir="0" index="0" bw="1" slack="0"/>
<pin id="338" dir="0" index="1" bw="4" slack="0"/>
<pin id="339" dir="1" index="2" bw="0" slack="2147483647"/>
</pin_list>
<bind>
<opcode="store(28) " fcode="store"/>
<opset="store_ln13/1 "/>
</bind>
</comp>

<comp id="341" class="1004" name="store_ln0_store_fu_341">
<pin_list>
<pin id="342" dir="0" index="0" bw="1" slack="0"/>
<pin id="343" dir="0" index="1" bw="13" slack="0"/>
<pin id="344" dir="1" index="2" bw="0" slack="2147483647"/>
</pin_list>
<bind>
<opcode="store(28) " fcode="store"/>
<opset="store_ln0/1 "/>
</bind>
</comp>

<comp id="346" class="1004" name="indvar_flatten3_load_load_fu_346">
<pin_list>
<pin id="347" dir="0" index="0" bw="13" slack="0"/>
<pin id="348" dir="1" index="1" bw="13" slack="0"/>
</pin_list>
<bind>
<opcode="load(27) " fcode="load"/>
<opset="indvar_flatten3_load/1 "/>
</bind>
</comp>

<comp id="349" class="1004" name="c_2_load_fu_349">
<pin_list>
<pin id="350" dir="0" index="0" bw="4" slack="0"/>
<pin id="351" dir="1" index="1" bw="4" slack="0"/>
</pin_list>
<bind>
<opcode="load(27) " fcode="load"/>
<opset="c_2/1 "/>
</bind>
</comp>

<comp id="352" class="1004" name="i_1_load_fu_352">
<pin_list>
<pin id="353" dir="0" index="0" bw="10" slack="0"/>
<pin id="354" dir="1" index="1" bw="10" slack="0"/>
</pin_list>
<bind>
<opcode="load(27) " fcode="load"/>
<opset="i_1/1 "/>
</bind>
</comp>

<comp id="355" class="1004" name="add_ln138_load_load_fu_355">
<pin_list>
<pin id="356" dir="0" index="0" bw="4" slack="0"/>
<pin id="357" dir="1" index="1" bw="4" slack="0"/>
</pin_list>
<bind>
<opcode="load(27) " fcode="load"/>
<opset="add_ln138_load/1 "/>
</bind>
</comp>

<comp id="358" class="1004" name="select_ln13_fu_358">
<pin_list>
<pin id="359" dir="0" index="0" bw="1" slack="0"/>
<pin id="360" dir="0" index="1" bw="1" slack="0"/>
<pin id="361" dir="0" index="2" bw="10" slack="0"/>
<pin id="362" dir="1" index="3" bw="10" slack="0"/>
</pin_list>
<bind>
<opcode="select(49) " fcode="select"/>
<opset="select_ln13/1 "/>
</bind>
</comp>

<comp id="366" class="1004" name="c_3_fu_366">
<pin_list>
<pin id="367" dir="0" index="0" bw="1" slack="0"/>
<pin id="368" dir="0" index="1" bw="4" slack="0"/>
<pin id="369" dir="0" index="2" bw="4" slack="0"/>
<pin id="370" dir="1" index="3" bw="4" slack="0"/>
</pin_list>
<bind>
<opcode="select(49) " fcode="select"/>
<opset="c_3/1 "/>
</bind>
</comp>

<comp id="374" class="1004" name="first_iter_0_fu_374">
<pin_list>
<pin id="375" dir="0" index="0" bw="10" slack="0"/>
<pin id="376" dir="0" index="1" bw="1" slack="0"/>
<pin id="377" dir="1" index="2" bw="1" slack="1"/>
</pin_list>
<bind>
<opcode="icmp(45) " fcode="icmp"/>
<opset="first_iter_0/1 "/>
</bind>
</comp>

<comp id="380" class="1004" name="sum_fu_380">
<pin_list>
<pin id="381" dir="0" index="0" bw="2" slack="0"/>
<pin id="382" dir="0" index="1" bw="4" slack="0"/>
<pin id="383" dir="0" index="2" bw="2" slack="0"/>
<pin id="384" dir="0" index="3" bw="4" slack="0"/>
<pin id="385" dir="0" index="4" bw="2" slack="0"/>
<pin id="386" dir="0" index="5" bw="4" slack="0"/>
<pin id="387" dir="0" index="6" bw="2" slack="0"/>
<pin id="388" dir="0" index="7" bw="4" slack="0"/>
<pin id="389" dir="0" index="8" bw="2" slack="0"/>
<pin id="390" dir="0" index="9" bw="4" slack="0"/>
<pin id="391" dir="0" index="10" bw="2" slack="0"/>
<pin id="392" dir="0" index="11" bw="4" slack="0"/>
<pin id="393" dir="0" index="12" bw="2" slack="0"/>
<pin id="394" dir="0" index="13" bw="4" slack="0"/>
<pin id="395" dir="0" index="14" bw="2" slack="0"/>
<pin id="396" dir="0" index="15" bw="4" slack="0"/>
<pin id="397" dir="0" index="16" bw="2" slack="0"/>
<pin id="398" dir="0" index="17" bw="4" slack="0"/>
<pin id="399" dir="0" index="18" bw="2" slack="0"/>
<pin id="400" dir="0" index="19" bw="4" slack="0"/>
<pin id="401" dir="0" index="20" bw="2" slack="0"/>
<pin id="402" dir="0" index="21" bw="2" slack="0"/>
<pin id="403" dir="0" index="22" bw="4" slack="0"/>
<pin id="404" dir="1" index="23" bw="2" slack="5"/>
</pin_list>
<bind>
<opcode="sparsemux(1197) " fcode="sparsemux"/>
<opset="sum/1 "/>
</bind>
</comp>

<comp id="428" class="1004" name="add_ln13_1_fu_428">
<pin_list>
<pin id="429" dir="0" index="0" bw="13" slack="0"/>
<pin id="430" dir="0" index="1" bw="1" slack="0"/>
<pin id="431" dir="1" index="2" bw="13" slack="0"/>
</pin_list>
<bind>
<opcode="add(8) " fcode="add"/>
<opset="add_ln13_1/1 "/>
</bind>
</comp>

<comp id="434" class="1004" name="zext_ln18_fu_434">
<pin_list>
<pin id="435" dir="0" index="0" bw="4" slack="0"/>
<pin id="436" dir="1" index="1" bw="13" slack="0"/>
</pin_list>
<bind>
<opcode="zext(34) " fcode="zext"/>
<opset="zext_ln18/1 "/>
</bind>
</comp>

<comp id="438" class="1004" name="i_3_fu_438">
<pin_list>
<pin id="439" dir="0" index="0" bw="10" slack="0"/>
<pin id="440" dir="0" index="1" bw="1" slack="0"/>
<pin id="441" dir="1" index="2" bw="10" slack="0"/>
</pin_list>
<bind>
<opcode="add(8) " fcode="add"/>
<opset="i_3/1 "/>
</bind>
</comp>

<comp id="444" class="1004" name="icmp_ln18_fu_444">
<pin_list>
<pin id="445" dir="0" index="0" bw="10" slack="0"/>
<pin id="446" dir="0" index="1" bw="9" slack="0"/>
<pin id="447" dir="1" index="2" bw="1" slack="0"/>
</pin_list>
<bind>
<opcode="icmp(45) " fcode="icmp"/>
<opset="icmp_ln18/1 "/>
</bind>
</comp>

<comp id="450" class="1004" name="add_ln13_fu_450">
<pin_list>
<pin id="451" dir="0" index="0" bw="4" slack="0"/>
<pin id="452" dir="0" index="1" bw="1" slack="0"/>
<pin id="453" dir="1" index="2" bw="4" slack="0"/>
</pin_list>
<bind>
<opcode="add(8) " fcode="add"/>
<opset="add_ln13/1 "/>
</bind>
</comp>

<comp id="456" class="1004" name="icmp_ln13_fu_456">
<pin_list>
<pin id="457" dir="0" index="0" bw="13" slack="0"/>
<pin id="458" dir="0" index="1" bw="10" slack="0"/>
<pin id="459" dir="1" index="2" bw="1" slack="1"/>
</pin_list>
<bind>
<opcode="icmp(45) " fcode="icmp"/>
<opset="icmp_ln13/1 "/>
</bind>
</comp>

<comp id="462" class="1004" name="store_ln13_store_fu_462">
<pin_list>
<pin id="463" dir="0" index="0" bw="4" slack="0"/>
<pin id="464" dir="0" index="1" bw="4" slack="0"/>
<pin id="465" dir="1" index="2" bw="0" slack="2147483647"/>
</pin_list>
<bind>
<opcode="store(28) " fcode="store"/>
<opset="store_ln13/1 "/>
</bind>
</comp>

<comp id="467" class="1004" name="store_ln18_store_fu_467">
<pin_list>
<pin id="468" dir="0" index="0" bw="10" slack="0"/>
<pin id="469" dir="0" index="1" bw="10" slack="0"/>
<pin id="470" dir="1" index="2" bw="0" slack="2147483647"/>
</pin_list>
<bind>
<opcode="store(28) " fcode="store"/>
<opset="store_ln18/1 "/>
</bind>
</comp>

<comp id="472" class="1004" name="store_ln13_store_fu_472">
<pin_list>
<pin id="473" dir="0" index="0" bw="4" slack="0"/>
<pin id="474" dir="0" index="1" bw="4" slack="0"/>
<pin id="475" dir="1" index="2" bw="0" slack="2147483647"/>
</pin_list>
<bind>
<opcode="store(28) " fcode="store"/>
<opset="store_ln13/1 "/>
</bind>
</comp>

<comp id="477" class="1004" name="store_ln13_store_fu_477">
<pin_list>
<pin id="478" dir="0" index="0" bw="13" slack="0"/>
<pin id="479" dir="0" index="1" bw="13" slack="0"/>
<pin id="480" dir="1" index="2" bw="0" slack="2147483647"/>
</pin_list>
<bind>
<opcode="store(28) " fcode="store"/>
<opset="store_ln13/1 "/>
</bind>
</comp>

<comp id="482" class="1004" name="zext_ln18_1_fu_482">
<pin_list>
<pin id="483" dir="0" index="0" bw="10" slack="2"/>
<pin id="484" dir="1" index="1" bw="13" slack="0"/>
</pin_list>
<bind>
<opcode="zext(34) " fcode="zext"/>
<opset="zext_ln18_1/3 "/>
</bind>
</comp>

<comp id="485" class="1004" name="trunc_ln18_fu_485">
<pin_list>
<pin id="486" dir="0" index="0" bw="10" slack="3"/>
<pin id="487" dir="1" index="1" bw="3" slack="1"/>
</pin_list>
<bind>
<opcode="trunc(33) " fcode="trunc"/>
<opset="trunc_ln18/4 "/>
</bind>
</comp>

<comp id="488" class="1004" name="lshr_ln_fu_488">
<pin_list>
<pin id="489" dir="0" index="0" bw="7" slack="0"/>
<pin id="490" dir="0" index="1" bw="10" slack="3"/>
<pin id="491" dir="0" index="2" bw="3" slack="0"/>
<pin id="492" dir="0" index="3" bw="5" slack="0"/>
<pin id="493" dir="1" index="4" bw="7" slack="0"/>
</pin_list>
<bind>
<opcode="partselect(1002) " fcode="partselect"/>
<opset="lshr_ln/4 "/>
</bind>
</comp>

<comp id="497" class="1004" name="zext_ln14_fu_497">
<pin_list>
<pin id="498" dir="0" index="0" bw="7" slack="0"/>
<pin id="499" dir="1" index="1" bw="64" slack="0"/>
</pin_list>
<bind>
<opcode="zext(34) " fcode="zext"/>
<opset="zext_ln14/4 "/>
</bind>
</comp>

<comp id="509" class="1004" name="zext_ln24_fu_509">
<pin_list>
<pin id="510" dir="0" index="0" bw="13" slack="0"/>
<pin id="511" dir="1" index="1" bw="64" slack="0"/>
</pin_list>
<bind>
<opcode="zext(34) " fcode="zext"/>
<opset="zext_ln24/4 "/>
</bind>
</comp>

<comp id="513" class="1004" name="tmp_cast_fu_513">
<pin_list>
<pin id="514" dir="0" index="0" bw="7" slack="0"/>
<pin id="515" dir="0" index="1" bw="3" slack="0"/>
<pin id="516" dir="0" index="2" bw="7" slack="0"/>
<pin id="517" dir="0" index="3" bw="3" slack="0"/>
<pin id="518" dir="0" index="4" bw="7" slack="0"/>
<pin id="519" dir="0" index="5" bw="3" slack="0"/>
<pin id="520" dir="0" index="6" bw="7" slack="0"/>
<pin id="521" dir="0" index="7" bw="3" slack="0"/>
<pin id="522" dir="0" index="8" bw="7" slack="0"/>
<pin id="523" dir="0" index="9" bw="3" slack="0"/>
<pin id="524" dir="0" index="10" bw="7" slack="0"/>
<pin id="525" dir="0" index="11" bw="3" slack="0"/>
<pin id="526" dir="0" index="12" bw="7" slack="0"/>
<pin id="527" dir="0" index="13" bw="3" slack="0"/>
<pin id="528" dir="0" index="14" bw="7" slack="0"/>
<pin id="529" dir="0" index="15" bw="3" slack="0"/>
<pin id="530" dir="0" index="16" bw="7" slack="0"/>
<pin id="531" dir="0" index="17" bw="7" slack="0"/>
<pin id="532" dir="0" index="18" bw="3" slack="1"/>
<pin id="533" dir="1" index="19" bw="7" slack="1"/>
</pin_list>
<bind>
<opcode="sparsemux(1197) " fcode="sparsemux"/>
<opset="tmp_cast/5 "/>
</bind>
</comp>

<comp id="552" class="1004" name="sum_3_load_fu_552">
<pin_list>
<pin id="553" dir="0" index="0" bw="8" slack="5"/>
<pin id="554" dir="1" index="1" bw="8" slack="0"/>
</pin_list>
<bind>
<opcode="load(27) " fcode="load"/>
<opset="sum_3/6 "/>
</bind>
</comp>

<comp id="556" class="1004" name="gmem0_addr_fu_556">
<pin_list>
<pin id="557" dir="0" index="0" bw="8" slack="0"/>
<pin id="558" dir="0" index="1" bw="64" slack="5"/>
<pin id="559" dir="1" index="2" bw="8" slack="1"/>
</pin_list>
<bind>
<opcode="getelementptr(29) " fcode="getelementptr"/>
<opset="gmem0_addr/6 "/>
</bind>
</comp>

<comp id="561" class="1004" name="sext_ln14_fu_561">
<pin_list>
<pin id="562" dir="0" index="0" bw="2" slack="5"/>
<pin id="563" dir="1" index="1" bw="8" slack="0"/>
</pin_list>
<bind>
<opcode="sext(35) " fcode="sext"/>
<opset="sext_ln14/6 "/>
</bind>
</comp>

<comp id="565" class="1004" name="zext_ln25_fu_565">
<pin_list>
<pin id="566" dir="0" index="0" bw="7" slack="1"/>
<pin id="567" dir="1" index="1" bw="11" slack="0"/>
</pin_list>
<bind>
<opcode="zext(34) " fcode="zext"/>
<opset="zext_ln25/6 "/>
</bind>
</comp>

<comp id="568" class="1004" name="sext_ln25_fu_568">
<pin_list>
<pin id="569" dir="0" index="0" bw="4" slack="1"/>
<pin id="570" dir="1" index="1" bw="11" slack="0"/>
</pin_list>
<bind>
<opcode="sext(35) " fcode="sext"/>
<opset="sext_ln25/6 "/>
</bind>
</comp>

<comp id="571" class="1004" name="mul_ln25_fu_571">
<pin_list>
<pin id="572" dir="0" index="0" bw="7" slack="0"/>
<pin id="573" dir="0" index="1" bw="4" slack="0"/>
<pin id="574" dir="1" index="2" bw="11" slack="0"/>
</pin_list>
<bind>
<opcode="mul(12) " fcode="mul"/>
<opset="mul_ln25/6 "/>
</bind>
</comp>

<comp id="577" class="1004" name="shl_ln_fu_577">
<pin_list>
<pin id="578" dir="0" index="0" bw="11" slack="0"/>
<pin id="579" dir="0" index="1" bw="8" slack="0"/>
<pin id="580" dir="0" index="2" bw="1" slack="0"/>
<pin id="581" dir="1" index="3" bw="11" slack="0"/>
</pin_list>
<bind>
<opcode="bitconcatenate(1004) " fcode="bitconcatenate"/>
<opset="shl_ln/6 "/>
</bind>
</comp>

<comp id="585" class="1004" name="add_ln25_fu_585">
<pin_list>
<pin id="586" dir="0" index="0" bw="11" slack="0"/>
<pin id="587" dir="0" index="1" bw="11" slack="0"/>
<pin id="588" dir="1" index="2" bw="11" slack="0"/>
</pin_list>
<bind>
<opcode="add(8) " fcode="add"/>
<opset="add_ln25/6 "/>
</bind>
</comp>

<comp id="591" class="1004" name="sum_2_fu_591">
<pin_list>
<pin id="592" dir="0" index="0" bw="8" slack="0"/>
<pin id="593" dir="0" index="1" bw="11" slack="0"/>
<pin id="594" dir="0" index="2" bw="3" slack="0"/>
<pin id="595" dir="0" index="3" bw="5" slack="0"/>
<pin id="596" dir="1" index="4" bw="8" slack="0"/>
</pin_list>
<bind>
<opcode="partselect(1002) " fcode="partselect"/>
<opset="sum_2/6 "/>
</bind>
</comp>

<comp id="601" class="1004" name="store_ln14_store_fu_601">
<pin_list>
<pin id="602" dir="0" index="0" bw="8" slack="0"/>
<pin id="603" dir="0" index="1" bw="8" slack="5"/>
<pin id="604" dir="1" index="2" bw="0" slack="2147483647"/>
</pin_list>
<bind>
<opcode="store(28) " fcode="store"/>
<opset="store_ln14/6 "/>
</bind>
</comp>

<comp id="606" class="1007" name="grp_fu_606">
<pin_list>
<pin id="607" dir="0" index="0" bw="10" slack="0"/>
<pin id="608" dir="0" index="1" bw="4" slack="0"/>
<pin id="609" dir="0" index="2" bw="10" slack="0"/>
<pin id="610" dir="1" index="3" bw="13" slack="0"/>
</pin_list>
<bind>
<opcode="muladd(1172) " fcode="muladd"/>
<opset="mul_ln18/1 add_ln21/3 "/>
</bind>
</comp>

<comp id="615" class="1005" name="indvar_flatten3_reg_615">
<pin_list>
<pin id="616" dir="0" index="0" bw="13" slack="0"/>
<pin id="617" dir="1" index="1" bw="13" slack="0"/>
</pin_list>
<bind>
<opset="indvar_flatten3 "/>
</bind>
</comp>

<comp id="622" class="1005" name="c_reg_622">
<pin_list>
<pin id="623" dir="0" index="0" bw="4" slack="0"/>
<pin id="624" dir="1" index="1" bw="4" slack="0"/>
</pin_list>
<bind>
<opset="c "/>
</bind>
</comp>

<comp id="629" class="1005" name="i_reg_629">
<pin_list>
<pin id="630" dir="0" index="0" bw="10" slack="0"/>
<pin id="631" dir="1" index="1" bw="10" slack="0"/>
</pin_list>
<bind>
<opset="i "/>
</bind>
</comp>

<comp id="636" class="1005" name="add_ln138_reg_636">
<pin_list>
<pin id="637" dir="0" index="0" bw="4" slack="0"/>
<pin id="638" dir="1" index="1" bw="4" slack="0"/>
</pin_list>
<bind>
<opset="add_ln138 "/>
</bind>
</comp>

<comp id="643" class="1005" name="sum_1_reg_643">
<pin_list>
<pin id="644" dir="0" index="0" bw="8" slack="5"/>
<pin id="645" dir="1" index="1" bw="8" slack="5"/>
</pin_list>
<bind>
<opset="sum_1 "/>
</bind>
</comp>

<comp id="649" class="1005" name="outputDense_read_reg_649">
<pin_list>
<pin id="650" dir="0" index="0" bw="64" slack="5"/>
<pin id="651" dir="1" index="1" bw="64" slack="5"/>
</pin_list>
<bind>
<opset="outputDense_read "/>
</bind>
</comp>

<comp id="654" class="1005" name="select_ln13_reg_654">
<pin_list>
<pin id="655" dir="0" index="0" bw="10" slack="2"/>
<pin id="656" dir="1" index="1" bw="10" slack="2"/>
</pin_list>
<bind>
<opset="select_ln13 "/>
</bind>
</comp>

<comp id="661" class="1005" name="first_iter_0_reg_661">
<pin_list>
<pin id="662" dir="0" index="0" bw="1" slack="1"/>
<pin id="663" dir="1" index="1" bw="1" slack="2147483647"/>
</pin_list>
<bind>
<opset="first_iter_0 "/>
</bind>
</comp>

<comp id="665" class="1005" name="sum_reg_665">
<pin_list>
<pin id="666" dir="0" index="0" bw="2" slack="5"/>
<pin id="667" dir="1" index="1" bw="2" slack="5"/>
</pin_list>
<bind>
<opset="sum "/>
</bind>
</comp>

<comp id="670" class="1005" name="zext_ln18_reg_670">
<pin_list>
<pin id="671" dir="0" index="0" bw="13" slack="1"/>
<pin id="672" dir="1" index="1" bw="13" slack="1"/>
</pin_list>
<bind>
<opset="zext_ln18 "/>
</bind>
</comp>

<comp id="675" class="1005" name="icmp_ln18_reg_675">
<pin_list>
<pin id="676" dir="0" index="0" bw="1" slack="0"/>
<pin id="677" dir="1" index="1" bw="1" slack="0"/>
</pin_list>
<bind>
<opset="icmp_ln18 "/>
</bind>
</comp>

<comp id="680" class="1005" name="icmp_ln13_reg_680">
<pin_list>
<pin id="681" dir="0" index="0" bw="1" slack="1"/>
<pin id="682" dir="1" index="1" bw="1" slack="2147483647"/>
</pin_list>
<bind>
<opset="icmp_ln13 "/>
</bind>
</comp>

<comp id="684" class="1005" name="zext_ln18_1_reg_684">
<pin_list>
<pin id="685" dir="0" index="0" bw="13" slack="1"/>
<pin id="686" dir="1" index="1" bw="13" slack="1"/>
</pin_list>
<bind>
<opset="zext_ln18_1 "/>
</bind>
</comp>

<comp id="689" class="1005" name="trunc_ln18_reg_689">
<pin_list>
<pin id="690" dir="0" index="0" bw="3" slack="1"/>
<pin id="691" dir="1" index="1" bw="3" slack="1"/>
</pin_list>
<bind>
<opset="trunc_ln18 "/>
</bind>
</comp>

<comp id="694" class="1005" name="fc1_weight_addr_reg_694">
<pin_list>
<pin id="695" dir="0" index="0" bw="13" slack="1"/>
<pin id="696" dir="1" index="1" bw="13" slack="1"/>
</pin_list>
<bind>
<opset="fc1_weight_addr "/>
</bind>
</comp>

<comp id="699" class="1005" name="outputPool2_addr_reg_699">
<pin_list>
<pin id="700" dir="0" index="0" bw="7" slack="1"/>
<pin id="701" dir="1" index="1" bw="7" slack="1"/>
</pin_list>
<bind>
<opset="outputPool2_addr "/>
</bind>
</comp>

<comp id="704" class="1005" name="outputPool2_1_addr_reg_704">
<pin_list>
<pin id="705" dir="0" index="0" bw="7" slack="1"/>
<pin id="706" dir="1" index="1" bw="7" slack="1"/>
</pin_list>
<bind>
<opset="outputPool2_1_addr "/>
</bind>
</comp>

<comp id="709" class="1005" name="outputPool2_2_addr_reg_709">
<pin_list>
<pin id="710" dir="0" index="0" bw="7" slack="1"/>
<pin id="711" dir="1" index="1" bw="7" slack="1"/>
</pin_list>
<bind>
<opset="outputPool2_2_addr "/>
</bind>
</comp>

<comp id="714" class="1005" name="outputPool2_3_addr_reg_714">
<pin_list>
<pin id="715" dir="0" index="0" bw="7" slack="1"/>
<pin id="716" dir="1" index="1" bw="7" slack="1"/>
</pin_list>
<bind>
<opset="outputPool2_3_addr "/>
</bind>
</comp>

<comp id="719" class="1005" name="outputPool2_4_addr_reg_719">
<pin_list>
<pin id="720" dir="0" index="0" bw="7" slack="1"/>
<pin id="721" dir="1" index="1" bw="7" slack="1"/>
</pin_list>
<bind>
<opset="outputPool2_4_addr "/>
</bind>
</comp>

<comp id="724" class="1005" name="outputPool2_5_addr_reg_724">
<pin_list>
<pin id="725" dir="0" index="0" bw="7" slack="1"/>
<pin id="726" dir="1" index="1" bw="7" slack="1"/>
</pin_list>
<bind>
<opset="outputPool2_5_addr "/>
</bind>
</comp>

<comp id="729" class="1005" name="outputPool2_6_addr_reg_729">
<pin_list>
<pin id="730" dir="0" index="0" bw="7" slack="1"/>
<pin id="731" dir="1" index="1" bw="7" slack="1"/>
</pin_list>
<bind>
<opset="outputPool2_6_addr "/>
</bind>
</comp>

<comp id="734" class="1005" name="outputPool2_7_addr_reg_734">
<pin_list>
<pin id="735" dir="0" index="0" bw="7" slack="1"/>
<pin id="736" dir="1" index="1" bw="7" slack="1"/>
</pin_list>
<bind>
<opset="outputPool2_7_addr "/>
</bind>
</comp>

<comp id="739" class="1005" name="w_val_reg_739">
<pin_list>
<pin id="740" dir="0" index="0" bw="4" slack="1"/>
<pin id="741" dir="1" index="1" bw="4" slack="1"/>
</pin_list>
<bind>
<opset="w_val "/>
</bind>
</comp>

<comp id="744" class="1005" name="tmp_cast_reg_744">
<pin_list>
<pin id="745" dir="0" index="0" bw="7" slack="1"/>
<pin id="746" dir="1" index="1" bw="7" slack="1"/>
</pin_list>
<bind>
<opset="tmp_cast "/>
</bind>
</comp>

<comp id="749" class="1005" name="gmem0_addr_reg_749">
<pin_list>
<pin id="750" dir="0" index="0" bw="8" slack="1"/>
<pin id="751" dir="1" index="1" bw="8" slack="1"/>
</pin_list>
<bind>
<opset="gmem0_addr "/>
</bind>
</comp>

<comp id="754" class="1005" name="sum_2_reg_754">
<pin_list>
<pin id="755" dir="0" index="0" bw="8" slack="1"/>
<pin id="756" dir="1" index="1" bw="8" slack="1"/>
</pin_list>
<bind>
<opset="sum_2 "/>
</bind>
</comp>

</comp_list>

<net_list>
<net id="159"><net_src comp="22" pin="0"/><net_sink comp="156" pin=0"/></net>

<net id="163"><net_src comp="22" pin="0"/><net_sink comp="160" pin=0"/></net>

<net id="167"><net_src comp="22" pin="0"/><net_sink comp="164" pin=0"/></net>

<net id="171"><net_src comp="22" pin="0"/><net_sink comp="168" pin=0"/></net>

<net id="175"><net_src comp="22" pin="0"/><net_sink comp="172" pin=0"/></net>

<net id="180"><net_src comp="42" pin="0"/><net_sink comp="176" pin=0"/></net>

<net id="181"><net_src comp="2" pin="0"/><net_sink comp="176" pin=1"/></net>

<net id="187"><net_src comp="20" pin="0"/><net_sink comp="182" pin=0"/></net>

<net id="188"><net_src comp="96" pin="0"/><net_sink comp="182" pin=1"/></net>

<net id="194"><net_src comp="182" pin="3"/><net_sink comp="189" pin=0"/></net>

<net id="200"><net_src comp="4" pin="0"/><net_sink comp="195" pin=0"/></net>

<net id="201"><net_src comp="96" pin="0"/><net_sink comp="195" pin=1"/></net>

<net id="207"><net_src comp="6" pin="0"/><net_sink comp="202" pin=0"/></net>

<net id="208"><net_src comp="96" pin="0"/><net_sink comp="202" pin=1"/></net>

<net id="214"><net_src comp="8" pin="0"/><net_sink comp="209" pin=0"/></net>

<net id="215"><net_src comp="96" pin="0"/><net_sink comp="209" pin=1"/></net>

<net id="221"><net_src comp="10" pin="0"/><net_sink comp="216" pin=0"/></net>

<net id="222"><net_src comp="96" pin="0"/><net_sink comp="216" pin=1"/></net>

<net id="228"><net_src comp="12" pin="0"/><net_sink comp="223" pin=0"/></net>

<net id="229"><net_src comp="96" pin="0"/><net_sink comp="223" pin=1"/></net>

<net id="235"><net_src comp="14" pin="0"/><net_sink comp="230" pin=0"/></net>

<net id="236"><net_src comp="96" pin="0"/><net_sink comp="230" pin=1"/></net>

<net id="242"><net_src comp="16" pin="0"/><net_sink comp="237" pin=0"/></net>

<net id="243"><net_src comp="96" pin="0"/><net_sink comp="237" pin=1"/></net>

<net id="249"><net_src comp="18" pin="0"/><net_sink comp="244" pin=0"/></net>

<net id="250"><net_src comp="96" pin="0"/><net_sink comp="244" pin=1"/></net>

<net id="256"><net_src comp="195" pin="3"/><net_sink comp="251" pin=0"/></net>

<net id="262"><net_src comp="202" pin="3"/><net_sink comp="257" pin=0"/></net>

<net id="268"><net_src comp="209" pin="3"/><net_sink comp="263" pin=0"/></net>

<net id="274"><net_src comp="216" pin="3"/><net_sink comp="269" pin=0"/></net>

<net id="280"><net_src comp="223" pin="3"/><net_sink comp="275" pin=0"/></net>

<net id="286"><net_src comp="230" pin="3"/><net_sink comp="281" pin=0"/></net>

<net id="292"><net_src comp="237" pin="3"/><net_sink comp="287" pin=0"/></net>

<net id="298"><net_src comp="244" pin="3"/><net_sink comp="293" pin=0"/></net>

<net id="305"><net_src comp="152" pin="0"/><net_sink comp="299" pin=0"/></net>

<net id="306"><net_src comp="154" pin="0"/><net_sink comp="299" pin=3"/></net>

<net id="316"><net_src comp="52" pin="0"/><net_sink comp="310" pin=0"/></net>

<net id="330"><net_src comp="44" pin="0"/><net_sink comp="326" pin=0"/></net>

<net id="335"><net_src comp="46" pin="0"/><net_sink comp="331" pin=0"/></net>

<net id="340"><net_src comp="48" pin="0"/><net_sink comp="336" pin=0"/></net>

<net id="345"><net_src comp="50" pin="0"/><net_sink comp="341" pin=0"/></net>

<net id="363"><net_src comp="310" pin="4"/><net_sink comp="358" pin=0"/></net>

<net id="364"><net_src comp="46" pin="0"/><net_sink comp="358" pin=1"/></net>

<net id="365"><net_src comp="352" pin="1"/><net_sink comp="358" pin=2"/></net>

<net id="371"><net_src comp="310" pin="4"/><net_sink comp="366" pin=0"/></net>

<net id="372"><net_src comp="355" pin="1"/><net_sink comp="366" pin=1"/></net>

<net id="373"><net_src comp="349" pin="1"/><net_sink comp="366" pin=2"/></net>

<net id="378"><net_src comp="358" pin="3"/><net_sink comp="374" pin=0"/></net>

<net id="379"><net_src comp="46" pin="0"/><net_sink comp="374" pin=1"/></net>

<net id="405"><net_src comp="54" pin="0"/><net_sink comp="380" pin=0"/></net>

<net id="406"><net_src comp="48" pin="0"/><net_sink comp="380" pin=1"/></net>

<net id="407"><net_src comp="56" pin="0"/><net_sink comp="380" pin=2"/></net>

<net id="408"><net_src comp="44" pin="0"/><net_sink comp="380" pin=3"/></net>

<net id="409"><net_src comp="58" pin="0"/><net_sink comp="380" pin=4"/></net>

<net id="410"><net_src comp="60" pin="0"/><net_sink comp="380" pin=5"/></net>

<net id="411"><net_src comp="56" pin="0"/><net_sink comp="380" pin=6"/></net>

<net id="412"><net_src comp="62" pin="0"/><net_sink comp="380" pin=7"/></net>

<net id="413"><net_src comp="64" pin="0"/><net_sink comp="380" pin=8"/></net>

<net id="414"><net_src comp="66" pin="0"/><net_sink comp="380" pin=9"/></net>

<net id="415"><net_src comp="64" pin="0"/><net_sink comp="380" pin=10"/></net>

<net id="416"><net_src comp="68" pin="0"/><net_sink comp="380" pin=11"/></net>

<net id="417"><net_src comp="56" pin="0"/><net_sink comp="380" pin=12"/></net>

<net id="418"><net_src comp="70" pin="0"/><net_sink comp="380" pin=13"/></net>

<net id="419"><net_src comp="58" pin="0"/><net_sink comp="380" pin=14"/></net>

<net id="420"><net_src comp="72" pin="0"/><net_sink comp="380" pin=15"/></net>

<net id="421"><net_src comp="58" pin="0"/><net_sink comp="380" pin=16"/></net>

<net id="422"><net_src comp="74" pin="0"/><net_sink comp="380" pin=17"/></net>

<net id="423"><net_src comp="58" pin="0"/><net_sink comp="380" pin=18"/></net>

<net id="424"><net_src comp="76" pin="0"/><net_sink comp="380" pin=19"/></net>

<net id="425"><net_src comp="58" pin="0"/><net_sink comp="380" pin=20"/></net>

<net id="426"><net_src comp="78" pin="0"/><net_sink comp="380" pin=21"/></net>

<net id="427"><net_src comp="366" pin="3"/><net_sink comp="380" pin=22"/></net>

<net id="432"><net_src comp="346" pin="1"/><net_sink comp="428" pin=0"/></net>

<net id="433"><net_src comp="80" pin="0"/><net_sink comp="428" pin=1"/></net>

<net id="437"><net_src comp="366" pin="3"/><net_sink comp="434" pin=0"/></net>

<net id="442"><net_src comp="358" pin="3"/><net_sink comp="438" pin=0"/></net>

<net id="443"><net_src comp="84" pin="0"/><net_sink comp="438" pin=1"/></net>

<net id="448"><net_src comp="438" pin="2"/><net_sink comp="444" pin=0"/></net>

<net id="449"><net_src comp="86" pin="0"/><net_sink comp="444" pin=1"/></net>

<net id="454"><net_src comp="366" pin="3"/><net_sink comp="450" pin=0"/></net>

<net id="455"><net_src comp="44" pin="0"/><net_sink comp="450" pin=1"/></net>

<net id="460"><net_src comp="346" pin="1"/><net_sink comp="456" pin=0"/></net>

<net id="461"><net_src comp="88" pin="0"/><net_sink comp="456" pin=1"/></net>

<net id="466"><net_src comp="450" pin="2"/><net_sink comp="462" pin=0"/></net>

<net id="471"><net_src comp="438" pin="2"/><net_sink comp="467" pin=0"/></net>

<net id="476"><net_src comp="366" pin="3"/><net_sink comp="472" pin=0"/></net>

<net id="481"><net_src comp="428" pin="2"/><net_sink comp="477" pin=0"/></net>

<net id="494"><net_src comp="90" pin="0"/><net_sink comp="488" pin=0"/></net>

<net id="495"><net_src comp="92" pin="0"/><net_sink comp="488" pin=2"/></net>

<net id="496"><net_src comp="94" pin="0"/><net_sink comp="488" pin=3"/></net>

<net id="500"><net_src comp="488" pin="4"/><net_sink comp="497" pin=0"/></net>

<net id="501"><net_src comp="497" pin="1"/><net_sink comp="195" pin=2"/></net>

<net id="502"><net_src comp="497" pin="1"/><net_sink comp="202" pin=2"/></net>

<net id="503"><net_src comp="497" pin="1"/><net_sink comp="209" pin=2"/></net>

<net id="504"><net_src comp="497" pin="1"/><net_sink comp="216" pin=2"/></net>

<net id="505"><net_src comp="497" pin="1"/><net_sink comp="223" pin=2"/></net>

<net id="506"><net_src comp="497" pin="1"/><net_sink comp="230" pin=2"/></net>

<net id="507"><net_src comp="497" pin="1"/><net_sink comp="237" pin=2"/></net>

<net id="508"><net_src comp="497" pin="1"/><net_sink comp="244" pin=2"/></net>

<net id="512"><net_src comp="509" pin="1"/><net_sink comp="182" pin=2"/></net>

<net id="534"><net_src comp="98" pin="0"/><net_sink comp="513" pin=0"/></net>

<net id="535"><net_src comp="100" pin="0"/><net_sink comp="513" pin=1"/></net>

<net id="536"><net_src comp="251" pin="3"/><net_sink comp="513" pin=2"/></net>

<net id="537"><net_src comp="102" pin="0"/><net_sink comp="513" pin=3"/></net>

<net id="538"><net_src comp="257" pin="3"/><net_sink comp="513" pin=4"/></net>

<net id="539"><net_src comp="104" pin="0"/><net_sink comp="513" pin=5"/></net>

<net id="540"><net_src comp="263" pin="3"/><net_sink comp="513" pin=6"/></net>

<net id="541"><net_src comp="106" pin="0"/><net_sink comp="513" pin=7"/></net>

<net id="542"><net_src comp="269" pin="3"/><net_sink comp="513" pin=8"/></net>

<net id="543"><net_src comp="108" pin="0"/><net_sink comp="513" pin=9"/></net>

<net id="544"><net_src comp="275" pin="3"/><net_sink comp="513" pin=10"/></net>

<net id="545"><net_src comp="110" pin="0"/><net_sink comp="513" pin=11"/></net>

<net id="546"><net_src comp="281" pin="3"/><net_sink comp="513" pin=12"/></net>

<net id="547"><net_src comp="112" pin="0"/><net_sink comp="513" pin=13"/></net>

<net id="548"><net_src comp="287" pin="3"/><net_sink comp="513" pin=14"/></net>

<net id="549"><net_src comp="114" pin="0"/><net_sink comp="513" pin=15"/></net>

<net id="550"><net_src comp="293" pin="3"/><net_sink comp="513" pin=16"/></net>

<net id="551"><net_src comp="116" pin="0"/><net_sink comp="513" pin=17"/></net>

<net id="555"><net_src comp="552" pin="1"/><net_sink comp="320" pin=0"/></net>

<net id="560"><net_src comp="0" pin="0"/><net_sink comp="556" pin=0"/></net>

<net id="564"><net_src comp="561" pin="1"/><net_sink comp="320" pin=2"/></net>

<net id="575"><net_src comp="565" pin="1"/><net_sink comp="571" pin=0"/></net>

<net id="576"><net_src comp="568" pin="1"/><net_sink comp="571" pin=1"/></net>

<net id="582"><net_src comp="142" pin="0"/><net_sink comp="577" pin=0"/></net>

<net id="583"><net_src comp="320" pin="4"/><net_sink comp="577" pin=1"/></net>

<net id="584"><net_src comp="100" pin="0"/><net_sink comp="577" pin=2"/></net>

<net id="589"><net_src comp="571" pin="2"/><net_sink comp="585" pin=0"/></net>

<net id="590"><net_src comp="577" pin="3"/><net_sink comp="585" pin=1"/></net>

<net id="597"><net_src comp="146" pin="0"/><net_sink comp="591" pin=0"/></net>

<net id="598"><net_src comp="585" pin="2"/><net_sink comp="591" pin=1"/></net>

<net id="599"><net_src comp="92" pin="0"/><net_sink comp="591" pin=2"/></net>

<net id="600"><net_src comp="148" pin="0"/><net_sink comp="591" pin=3"/></net>

<net id="605"><net_src comp="591" pin="4"/><net_sink comp="601" pin=0"/></net>

<net id="611"><net_src comp="434" pin="1"/><net_sink comp="606" pin=0"/></net>

<net id="612"><net_src comp="82" pin="0"/><net_sink comp="606" pin=1"/></net>

<net id="613"><net_src comp="482" pin="1"/><net_sink comp="606" pin=2"/></net>

<net id="614"><net_src comp="606" pin="3"/><net_sink comp="509" pin=0"/></net>

<net id="618"><net_src comp="156" pin="1"/><net_sink comp="615" pin=0"/></net>

<net id="619"><net_src comp="615" pin="1"/><net_sink comp="341" pin=1"/></net>

<net id="620"><net_src comp="615" pin="1"/><net_sink comp="346" pin=0"/></net>

<net id="621"><net_src comp="615" pin="1"/><net_sink comp="477" pin=1"/></net>

<net id="625"><net_src comp="160" pin="1"/><net_sink comp="622" pin=0"/></net>

<net id="626"><net_src comp="622" pin="1"/><net_sink comp="336" pin=1"/></net>

<net id="627"><net_src comp="622" pin="1"/><net_sink comp="349" pin=0"/></net>

<net id="628"><net_src comp="622" pin="1"/><net_sink comp="472" pin=1"/></net>

<net id="632"><net_src comp="164" pin="1"/><net_sink comp="629" pin=0"/></net>

<net id="633"><net_src comp="629" pin="1"/><net_sink comp="331" pin=1"/></net>

<net id="634"><net_src comp="629" pin="1"/><net_sink comp="352" pin=0"/></net>

<net id="635"><net_src comp="629" pin="1"/><net_sink comp="467" pin=1"/></net>

<net id="639"><net_src comp="168" pin="1"/><net_sink comp="636" pin=0"/></net>

<net id="640"><net_src comp="636" pin="1"/><net_sink comp="326" pin=1"/></net>

<net id="641"><net_src comp="636" pin="1"/><net_sink comp="355" pin=0"/></net>

<net id="642"><net_src comp="636" pin="1"/><net_sink comp="462" pin=1"/></net>

<net id="646"><net_src comp="172" pin="1"/><net_sink comp="643" pin=0"/></net>

<net id="647"><net_src comp="643" pin="1"/><net_sink comp="552" pin=0"/></net>

<net id="648"><net_src comp="643" pin="1"/><net_sink comp="601" pin=1"/></net>

<net id="652"><net_src comp="176" pin="2"/><net_sink comp="649" pin=0"/></net>

<net id="653"><net_src comp="649" pin="1"/><net_sink comp="556" pin=1"/></net>

<net id="657"><net_src comp="358" pin="3"/><net_sink comp="654" pin=0"/></net>

<net id="658"><net_src comp="654" pin="1"/><net_sink comp="482" pin=0"/></net>

<net id="659"><net_src comp="654" pin="1"/><net_sink comp="485" pin=0"/></net>

<net id="660"><net_src comp="654" pin="1"/><net_sink comp="488" pin=1"/></net>

<net id="664"><net_src comp="374" pin="2"/><net_sink comp="661" pin=0"/></net>

<net id="668"><net_src comp="380" pin="23"/><net_sink comp="665" pin=0"/></net>

<net id="669"><net_src comp="665" pin="1"/><net_sink comp="561" pin=0"/></net>

<net id="673"><net_src comp="434" pin="1"/><net_sink comp="670" pin=0"/></net>

<net id="674"><net_src comp="670" pin="1"/><net_sink comp="606" pin=0"/></net>

<net id="678"><net_src comp="444" pin="2"/><net_sink comp="675" pin=0"/></net>

<net id="679"><net_src comp="675" pin="1"/><net_sink comp="310" pin=2"/></net>

<net id="683"><net_src comp="456" pin="2"/><net_sink comp="680" pin=0"/></net>

<net id="687"><net_src comp="482" pin="1"/><net_sink comp="684" pin=0"/></net>

<net id="688"><net_src comp="684" pin="1"/><net_sink comp="606" pin=0"/></net>

<net id="692"><net_src comp="485" pin="1"/><net_sink comp="689" pin=0"/></net>

<net id="693"><net_src comp="689" pin="1"/><net_sink comp="513" pin=18"/></net>

<net id="697"><net_src comp="182" pin="3"/><net_sink comp="694" pin=0"/></net>

<net id="698"><net_src comp="694" pin="1"/><net_sink comp="189" pin=0"/></net>

<net id="702"><net_src comp="195" pin="3"/><net_sink comp="699" pin=0"/></net>

<net id="703"><net_src comp="699" pin="1"/><net_sink comp="251" pin=0"/></net>

<net id="707"><net_src comp="202" pin="3"/><net_sink comp="704" pin=0"/></net>

<net id="708"><net_src comp="704" pin="1"/><net_sink comp="257" pin=0"/></net>

<net id="712"><net_src comp="209" pin="3"/><net_sink comp="709" pin=0"/></net>

<net id="713"><net_src comp="709" pin="1"/><net_sink comp="263" pin=0"/></net>

<net id="717"><net_src comp="216" pin="3"/><net_sink comp="714" pin=0"/></net>

<net id="718"><net_src comp="714" pin="1"/><net_sink comp="269" pin=0"/></net>

<net id="722"><net_src comp="223" pin="3"/><net_sink comp="719" pin=0"/></net>

<net id="723"><net_src comp="719" pin="1"/><net_sink comp="275" pin=0"/></net>

<net id="727"><net_src comp="230" pin="3"/><net_sink comp="724" pin=0"/></net>

<net id="728"><net_src comp="724" pin="1"/><net_sink comp="281" pin=0"/></net>

<net id="732"><net_src comp="237" pin="3"/><net_sink comp="729" pin=0"/></net>

<net id="733"><net_src comp="729" pin="1"/><net_sink comp="287" pin=0"/></net>

<net id="737"><net_src comp="244" pin="3"/><net_sink comp="734" pin=0"/></net>

<net id="738"><net_src comp="734" pin="1"/><net_sink comp="293" pin=0"/></net>

<net id="742"><net_src comp="189" pin="3"/><net_sink comp="739" pin=0"/></net>

<net id="743"><net_src comp="739" pin="1"/><net_sink comp="568" pin=0"/></net>

<net id="747"><net_src comp="513" pin="19"/><net_sink comp="744" pin=0"/></net>

<net id="748"><net_src comp="744" pin="1"/><net_sink comp="565" pin=0"/></net>

<net id="752"><net_src comp="556" pin="2"/><net_sink comp="749" pin=0"/></net>

<net id="753"><net_src comp="749" pin="1"/><net_sink comp="299" pin=1"/></net>

<net id="757"><net_src comp="591" pin="4"/><net_sink comp="754" pin=0"/></net>

<net id="758"><net_src comp="754" pin="1"/><net_sink comp="299" pin=2"/></net>

</net_list>

</model> 
---------------- Datapath Model END ------------------

* FSMD analyzer results:
  - Output states:
	Port: gmem0 | {7 }
 - Input state : 
	Port: top_Pipeline_DENSE_OUTER_DENSE_INNER : outputDense | {1 }
	Port: top_Pipeline_DENSE_OUTER_DENSE_INNER : outputPool2 | {4 5 }
	Port: top_Pipeline_DENSE_OUTER_DENSE_INNER : outputPool2_1 | {4 5 }
	Port: top_Pipeline_DENSE_OUTER_DENSE_INNER : outputPool2_2 | {4 5 }
	Port: top_Pipeline_DENSE_OUTER_DENSE_INNER : outputPool2_3 | {4 5 }
	Port: top_Pipeline_DENSE_OUTER_DENSE_INNER : outputPool2_4 | {4 5 }
	Port: top_Pipeline_DENSE_OUTER_DENSE_INNER : outputPool2_5 | {4 5 }
	Port: top_Pipeline_DENSE_OUTER_DENSE_INNER : outputPool2_6 | {4 5 }
	Port: top_Pipeline_DENSE_OUTER_DENSE_INNER : outputPool2_7 | {4 5 }
	Port: top_Pipeline_DENSE_OUTER_DENSE_INNER : fc1_weight | {4 5 }
  - Chain level:
	State 1
		store_ln0 : 1
		store_ln18 : 1
		store_ln13 : 1
		store_ln0 : 1
		icmp_ln187 : 1
		indvar_flatten3_load : 1
		c_2 : 1
		i_1 : 1
		add_ln138_load : 1
		select_ln13 : 2
		c_3 : 2
		first_iter_0 : 3
		sum : 3
		add_ln13_1 : 2
		br_ln18 : 4
		zext_ln18 : 3
		mul_ln18 : 4
		i_3 : 3
		icmp_ln18 : 4
		br_ln18 : 5
		add_ln13 : 3
		icmp_ln13 : 2
		store_ln13 : 4
		store_ln18 : 4
		store_ln13 : 3
		store_ln13 : 3
		br_ln13 : 3
	State 2
	State 3
		add_ln21 : 1
	State 4
		zext_ln14 : 1
		zext_ln24 : 1
		fc1_weight_addr : 2
		w_val : 3
		outputPool2_addr : 2
		outputPool2_1_addr : 2
		outputPool2_2_addr : 2
		outputPool2_3_addr : 2
		outputPool2_4_addr : 2
		outputPool2_5_addr : 2
		outputPool2_6_addr : 2
		outputPool2_7_addr : 2
		outputPool2_load : 3
		outputPool2_1_load : 3
		outputPool2_2_load : 3
		outputPool2_3_load : 3
		outputPool2_4_load : 3
		outputPool2_5_load : 3
		outputPool2_6_load : 3
		outputPool2_7_load : 3
	State 5
		tmp_cast : 1
	State 6
		sext_ln141 : 1
		mul_ln25 : 1
		specfucore_ln15 : 2
		shl_ln : 2
		add_ln25 : 3
		specfucore_ln16 : 4
		sum_2 : 4
		rend8 : 1
		store_ln14 : 5
	State 7


============================================================
+ Verbose Summary: Datapath Resource usage 
============================================================

* Functional unit list:
|----------|------------------------------|---------|---------|---------|
| Operation|        Functional Unit       |   DSP   |    FF   |   LUT   |
|----------|------------------------------|---------|---------|---------|
| sparsemux|          sum_fu_380          |    0    |    0    |    53   |
|          |        tmp_cast_fu_513       |    0    |    0    |    42   |
|----------|------------------------------|---------|---------|---------|
|          |       add_ln13_1_fu_428      |    0    |    0    |    14   |
|    add   |          i_3_fu_438          |    0    |    0    |    13   |
|          |        add_ln13_fu_450       |    0    |    0    |    13   |
|          |        add_ln25_fu_585       |    0    |    0    |    12   |
|----------|------------------------------|---------|---------|---------|
|    mul   |        mul_ln25_fu_571       |    0    |    0    |    52   |
|----------|------------------------------|---------|---------|---------|
|          |      first_iter_0_fu_374     |    0    |    0    |    13   |
|   icmp   |       icmp_ln18_fu_444       |    0    |    0    |    13   |
|          |       icmp_ln13_fu_456       |    0    |    0    |    14   |
|----------|------------------------------|---------|---------|---------|
|  select  |      select_ln13_fu_358      |    0    |    0    |    10   |
|          |          c_3_fu_366          |    0    |    0    |    4    |
|----------|------------------------------|---------|---------|---------|
|  muladd  |          grp_fu_606          |    1    |    0    |    0    |
|----------|------------------------------|---------|---------|---------|
|   read   | outputDense_read_read_fu_176 |    0    |    0    |    0    |
|----------|------------------------------|---------|---------|---------|
|   write  |    write_ln27_write_fu_299   |    0    |    0    |    0    |
|----------|------------------------------|---------|---------|---------|
|          |       zext_ln18_fu_434       |    0    |    0    |    0    |
|          |      zext_ln18_1_fu_482      |    0    |    0    |    0    |
|   zext   |       zext_ln14_fu_497       |    0    |    0    |    0    |
|          |       zext_ln24_fu_509       |    0    |    0    |    0    |
|          |       zext_ln25_fu_565       |    0    |    0    |    0    |
|----------|------------------------------|---------|---------|---------|
|   trunc  |       trunc_ln18_fu_485      |    0    |    0    |    0    |
|----------|------------------------------|---------|---------|---------|
|partselect|        lshr_ln_fu_488        |    0    |    0    |    0    |
|          |         sum_2_fu_591         |    0    |    0    |    0    |
|----------|------------------------------|---------|---------|---------|
|   sext   |       sext_ln14_fu_561       |    0    |    0    |    0    |
|          |       sext_ln25_fu_568       |    0    |    0    |    0    |
|----------|------------------------------|---------|---------|---------|
|bitconcatenate|         shl_ln_fu_577        |    0    |    0    |    0    |
|----------|------------------------------|---------|---------|---------|
|   Total  |                              |    1    |    0    |   253   |
|----------|------------------------------|---------|---------|---------|

Memories:
N/A

* Register list:
+--------------------------+--------+
|                          |   FF   |
+--------------------------+--------+
|     add_ln138_reg_636    |    4   |
|         c_reg_622        |    4   |
|  fc1_weight_addr_reg_694 |   13   |
|   first_iter_0_reg_661   |    1   |
|    gmem0_addr_reg_749    |    8   |
|         i_reg_629        |   10   |
|     icmp_ln13_reg_680    |    1   |
|    icmp_ln187_reg_307    |    1   |
|     icmp_ln18_reg_675    |    1   |
|  indvar_flatten3_reg_615 |   13   |
| outputDense_read_reg_649 |   64   |
|outputPool2_1_addr_reg_704|    7   |
|outputPool2_2_addr_reg_709|    7   |
|outputPool2_3_addr_reg_714|    7   |
|outputPool2_4_addr_reg_719|    7   |
|outputPool2_5_addr_reg_724|    7   |
|outputPool2_6_addr_reg_729|    7   |
|outputPool2_7_addr_reg_734|    7   |
| outputPool2_addr_reg_699 |    7   |
|    select_ln13_reg_654   |   10   |
|    sext_ln141_reg_317    |    8   |
|       sum_1_reg_643      |    8   |
|       sum_2_reg_754      |    8   |
|        sum_reg_665       |    2   |
|     tmp_cast_reg_744     |    7   |
|    trunc_ln18_reg_689    |    3   |
|       w_val_reg_739      |    4   |
|    zext_ln18_1_reg_684   |   13   |
|     zext_ln18_reg_670    |   13   |
+--------------------------+--------+
|           Total          |   252  |
+--------------------------+--------+

* Multiplexer (MUX) list: 
|-------------------|------|------|------|--------||---------||---------||---------|
|        Comp       |  Pin | Size |  BW  | S x BW ||  Delay  ||    FF   ||   LUT   |
|-------------------|------|------|------|--------||---------||---------||---------|
| grp_access_fu_189 |  p0  |   2  |  13  |   26   ||    0    ||    9    |
| grp_access_fu_251 |  p0  |   2  |   7  |   14   ||    0    ||    9    |
| grp_access_fu_257 |  p0  |   2  |   7  |   14   ||    0    ||    9    |
| grp_access_fu_263 |  p0  |   2  |   7  |   14   ||    0    ||    9    |
| grp_access_fu_269 |  p0  |   2  |   7  |   14   ||    0    ||    9    |
| grp_access_fu_275 |  p0  |   2  |   7  |   14   ||    0    ||    9    |
| grp_access_fu_281 |  p0  |   2  |   7  |   14   ||    0    ||    9    |
| grp_access_fu_287 |  p0  |   2  |   7  |   14   ||    0    ||    9    |
| grp_access_fu_293 |  p0  |   2  |   7  |   14   ||    0    ||    9    |
|     grp_fu_606    |  p0  |   3  |  10  |   30   ||    0    ||    14   |
|-------------------|------|------|------|--------||---------||---------||---------|
|       Total       |      |      |      |   168  || 15.9993 ||    0    ||    95   |
|-------------------|------|------|------|--------||---------||---------||---------|



* Summary:
+-----------+--------+--------+--------+--------+
|           |   DSP  |  Delay |   FF   |   LUT  |
+-----------+--------+--------+--------+--------+
|  Function |    1   |    -   |    0   |   253  |
|   Memory  |    -   |    -   |    -   |    -   |
|Multiplexer|    -   |   15   |    0   |   95   |
|  Register |    -   |    -   |   252  |    -   |
+-----------+--------+--------+--------+--------+
|   Total   |    1   |   15   |   252  |   348  |
+-----------+--------+--------+--------+--------+
