

================================================================
== Vitis HLS Report for 'top_Pipeline_DENSE_OUTER_DENSE_INNER'
================================================================
* Date:           Sat Mar  7 18:28:22 2026

* Version:        2025.2 (Build 6295257 on Nov 14 2025)
* Project:        top
* Solution:       hls (Vivado IP Flow Target)
* Product family: zynq
* Target device:  xc7z020-clg484-1


================================================================
== Performance Estimates
================================================================
+ Timing: 
    * Summary: 
    +--------+----------+----------+------------+
    |  Clock |  Target  | Estimated| Uncertainty|
    +--------+----------+----------+------------+
    |ap_clk  |  10.00 ns|  8.750 ns|     1.25 ns|
    +--------+----------+----------+------------+

+ Latency: 
    * Summary: 
    +---------+---------+-----------+-----------+-----+-----+-------------------+
    |  Latency (cycles) |   Latency (absolute)  |  Interval |      Pipeline     |
    |   min   |   max   |    min    |    max    | min | max |        Type       |
    +---------+---------+-----------+-----------+-----+-----+-------------------+
    |     7847|     7847|  78.470 us|  78.470 us|    0|    0|  loop pipeline stp|
    +---------+---------+-----------+-----------+-----+-----+-------------------+

    + Detail: 
        * Instance: 
        N/A

        * Loop: 
        +---------------------------+---------+---------+----------+-----------+-----------+------+----------+
        |                           |  Latency (cycles) | Iteration|  Initiation Interval  | Trip |          |
        |         Loop Name         |   min   |   max   |  Latency |  achieved |   target  | Count| Pipelined|
        +---------------------------+---------+---------+----------+-----------+-----------+------+----------+
        |- DENSE_OUTER_DENSE_INNER  |     7845|     7845|         7|          1|          1|  7840|       yes|
        +---------------------------+---------+---------+----------+-----------+-----------+------+----------+



================================================================
== Utilization Estimates
================================================================
* Summary: 
+-----------------+---------+-----+--------+-------+-----+
|       Name      | BRAM_18K| DSP |   FF   |  LUT  | URAM|
+-----------------+---------+-----+--------+-------+-----+
|DSP              |        -|    1|       -|      -|    -|
|Expression       |        -|    -|       0|    119|    -|
|FIFO             |        -|    -|       -|      -|    -|
|Instance         |        -|    -|       0|     95|    -|
|Memory           |        -|    -|       -|      -|    -|
|Multiplexer      |        -|    -|       0|     99|    -|
|Register         |        -|    -|     294|     96|    -|
+-----------------+---------+-----+--------+-------+-----+
|Total            |        0|    1|     294|    409|    0|
+-----------------+---------+-----+--------+-------+-----+
|Available        |      280|  220|  106400|  53200|    0|
+-----------------+---------+-----+--------+-------+-----+
|Utilization (%)  |        0|   ~0|      ~0|     ~0|    0|
+-----------------+---------+-----+--------+-------+-----+

+ Detail: 
    * Instance: 
    +---------------------------+----------------------+---------+----+---+----+-----+
    |          Instance         |        Module        | BRAM_18K| DSP| FF| LUT| URAM|
    +---------------------------+----------------------+---------+----+---+----+-----+
    |sparsemux_17_3_8_1_1_U465  |sparsemux_17_3_8_1_1  |        0|   0|  0|  42|    0|
    |sparsemux_21_4_8_1_1_U464  |sparsemux_21_4_8_1_1  |        0|   0|  0|  53|    0|
    +---------------------------+----------------------+---------+----+---+----+-----+
    |Total                      |                      |        0|   0|  0|  95|    0|
    +---------------------------+----------------------+---------+----+---+----+-----+

    * DSP: 
    +----------------------------------+-----------------------------+--------------+
    |             Instance             |            Module           |  Expression  |
    +----------------------------------+-----------------------------+--------------+
    |mac_muladd_8s_8s_11s_11_4_1_U466  |mac_muladd_8s_8s_11s_11_4_1  |  i0 + i1 * i2|
    +----------------------------------+-----------------------------+--------------+

    * Memory: 
    N/A

    * FIFO: 
    N/A

    * Expression: 
    +----------------------------------+----------+----+---+----+------------+------------+
    |           Variable Name          | Operation| DSP| FF| LUT| Bitwidth P0| Bitwidth P1|
    +----------------------------------+----------+----+---+----+------------+------------+
    |add_ln25_1_fu_442_p2              |         +|   0|  0|  13|           4|           1|
    |add_ln25_fu_400_p2                |         +|   0|  0|  14|          13|           1|
    |add_ln28_fu_526_p2                |         +|   0|  0|  13|          10|           1|
    |ap_block_pp0_stage0_01001         |       and|   0|  0|   2|           1|           1|
    |ap_block_state2_pp0_stage0_iter1  |       and|   0|  0|   2|           1|           1|
    |ap_block_state7_io                |       and|   0|  0|   2|           1|           1|
    |ap_condition_380                  |       and|   0|  0|   2|           1|           1|
    |first_iter_0_fu_456_p2            |      icmp|   0|  0|  13|          10|           1|
    |icmp_ln25_fu_394_p2               |      icmp|   0|  0|  14|          13|          10|
    |icmp_ln28_1_fu_532_p2             |      icmp|   0|  0|  13|          10|           9|
    |icmp_ln28_fu_428_p2               |      icmp|   0|  0|  13|          10|           9|
    |ap_block_pp0_stage0_11001         |        or|   0|  0|   2|           1|           1|
    |select_ln25_1_fu_448_p3           |    select|   0|  0|   4|           1|           4|
    |select_ln25_fu_434_p3             |    select|   0|  0|  10|           1|           1|
    |ap_enable_pp0                     |       xor|   0|  0|   2|           1|           2|
    +----------------------------------+----------+----+---+----+------------+------------+
    |Total                             |          |   0|  0| 119|          78|          44|
    +----------------------------------+----------+----+---+----+------------+------------+

    * Multiplexer: 
    +--------------------------------------+----+-----------+-----+-----------+
    |                 Name                 | LUT| Input Size| Bits| Total Bits|
    +--------------------------------------+----+-----------+-----+-----------+
    |ap_done_int                           |   9|          2|    1|          2|
    |ap_enable_reg_pp0_iter5               |   9|          2|    1|          2|
    |ap_phi_mux_sum1_phi_fu_370_p4         |   9|          2|    8|         16|
    |ap_phi_reg_pp0_iter2_sum1_reg_367     |   9|          2|    8|         16|
    |ap_sig_allocacmp_indvar_flatten_load  |   9|          2|   13|         26|
    |ap_sig_allocacmp_sum_3                |   9|          2|    8|         16|
    |c_fu_166                              |   9|          2|    4|          8|
    |gmem0_blk_n_W                         |   9|          2|    1|          2|
    |gmem1_blk_n_R                         |   9|          2|    1|          2|
    |i_fu_162                              |   9|          2|   10|         20|
    |indvar_flatten_fu_170                 |   9|          2|   13|         26|
    +--------------------------------------+----+-----------+-----+-----------+
    |Total                                 |  99|         22|   68|        136|
    +--------------------------------------+----+-----------+-----+-----------+

    * Register: 
    +-----------------------------------+----+----+-----+-----------+
    |                Name               | FF | LUT| Bits| Const Bits|
    +-----------------------------------+----+----+-----+-----------+
    |ap_CS_fsm                          |   1|   0|    1|          0|
    |ap_done_reg                        |   1|   0|    1|          0|
    |ap_enable_reg_pp0_iter1            |   1|   0|    1|          0|
    |ap_enable_reg_pp0_iter2            |   1|   0|    1|          0|
    |ap_enable_reg_pp0_iter3            |   1|   0|    1|          0|
    |ap_enable_reg_pp0_iter4            |   1|   0|    1|          0|
    |ap_enable_reg_pp0_iter5            |   1|   0|    1|          0|
    |ap_enable_reg_pp0_iter6            |   1|   0|    1|          0|
    |ap_loop_exit_ready_pp0_iter1_reg   |   1|   0|    1|          0|
    |ap_loop_exit_ready_pp0_iter2_reg   |   1|   0|    1|          0|
    |ap_loop_exit_ready_pp0_iter3_reg   |   1|   0|    1|          0|
    |ap_loop_exit_ready_pp0_iter4_reg   |   1|   0|    1|          0|
    |ap_loop_exit_ready_pp0_iter5_reg   |   1|   0|    1|          0|
    |ap_phi_reg_pp0_iter1_sum1_reg_367  |   8|   0|    8|          0|
    |ap_phi_reg_pp0_iter2_sum1_reg_367  |   8|   0|    8|          0|
    |ap_phi_reg_pp0_iter3_sum1_reg_367  |   8|   0|    8|          0|
    |ap_phi_reg_pp0_iter4_sum1_reg_367  |   8|   0|    8|          0|
    |c_fu_166                           |   4|   0|    4|          0|
    |first_iter_0_reg_725               |   1|   0|    1|          0|
    |i_fu_162                           |  10|   0|   10|          0|
    |icmp_ln25_reg_716                  |   1|   0|    1|          0|
    |icmp_ln28_1_reg_784                |   1|   0|    1|          0|
    |indvar_flatten_fu_170              |  13|   0|   13|          0|
    |sum_1_fu_174                       |   8|   0|    8|          0|
    |sum_2_reg_803                      |   8|   0|    8|          0|
    |trunc_ln28_reg_734                 |   3|   0|    3|          0|
    |w_val_reg_739                      |   8|   0|    8|          0|
    |first_iter_0_reg_725               |  64|  32|    1|          0|
    |icmp_ln25_reg_716                  |  64|  32|    1|          0|
    |icmp_ln28_1_reg_784                |  64|  32|    1|          0|
    +-----------------------------------+----+----+-----+-----------+
    |Total                              | 294|  96|  105|          0|
    +-----------------------------------+----+----+-----+-----------+



================================================================
== Interface
================================================================
* Summary: 
+---------------------------------------------------------------------+-----+-----+------------+------------------------------------------------------------+--------------+
|                              RTL Ports                              | Dir | Bits|  Protocol  |                        Source Object                       |    C Type    |
+---------------------------------------------------------------------+-----+-----+------------+------------------------------------------------------------+--------------+
|ap_clk                                                               |   in|    1|  ap_ctrl_hs|                        top_Pipeline_DENSE_OUTER_DENSE_INNER|  return value|
|ap_rst                                                               |   in|    1|  ap_ctrl_hs|                        top_Pipeline_DENSE_OUTER_DENSE_INNER|  return value|
|ap_start                                                             |   in|    1|  ap_ctrl_hs|                        top_Pipeline_DENSE_OUTER_DENSE_INNER|  return value|
|ap_done                                                              |  out|    1|  ap_ctrl_hs|                        top_Pipeline_DENSE_OUTER_DENSE_INNER|  return value|
|ap_idle                                                              |  out|    1|  ap_ctrl_hs|                        top_Pipeline_DENSE_OUTER_DENSE_INNER|  return value|
|ap_ready                                                             |  out|    1|  ap_ctrl_hs|                        top_Pipeline_DENSE_OUTER_DENSE_INNER|  return value|
|m_axi_gmem1_0_AWVALID                                                |  out|    1|       m_axi|                                                       gmem1|       pointer|
|m_axi_gmem1_0_AWREADY                                                |   in|    1|       m_axi|                                                       gmem1|       pointer|
|m_axi_gmem1_0_AWADDR                                                 |  out|   64|       m_axi|                                                       gmem1|       pointer|
|m_axi_gmem1_0_AWID                                                   |  out|    1|       m_axi|                                                       gmem1|       pointer|
|m_axi_gmem1_0_AWLEN                                                  |  out|   32|       m_axi|                                                       gmem1|       pointer|
|m_axi_gmem1_0_AWSIZE                                                 |  out|    3|       m_axi|                                                       gmem1|       pointer|
|m_axi_gmem1_0_AWBURST                                                |  out|    2|       m_axi|                                                       gmem1|       pointer|
|m_axi_gmem1_0_AWLOCK                                                 |  out|    2|       m_axi|                                                       gmem1|       pointer|
|m_axi_gmem1_0_AWCACHE                                                |  out|    4|       m_axi|                                                       gmem1|       pointer|
|m_axi_gmem1_0_AWPROT                                                 |  out|    3|       m_axi|                                                       gmem1|       pointer|
|m_axi_gmem1_0_AWQOS                                                  |  out|    4|       m_axi|                                                       gmem1|       pointer|
|m_axi_gmem1_0_AWREGION                                               |  out|    4|       m_axi|                                                       gmem1|       pointer|
|m_axi_gmem1_0_AWUSER                                                 |  out|    1|       m_axi|                                                       gmem1|       pointer|
|m_axi_gmem1_0_WVALID                                                 |  out|    1|       m_axi|                                                       gmem1|       pointer|
|m_axi_gmem1_0_WREADY                                                 |   in|    1|       m_axi|                                                       gmem1|       pointer|
|m_axi_gmem1_0_WDATA                                                  |  out|    8|       m_axi|                                                       gmem1|       pointer|
|m_axi_gmem1_0_WSTRB                                                  |  out|    1|       m_axi|                                                       gmem1|       pointer|
|m_axi_gmem1_0_WLAST                                                  |  out|    1|       m_axi|                                                       gmem1|       pointer|
|m_axi_gmem1_0_WID                                                    |  out|    1|       m_axi|                                                       gmem1|       pointer|
|m_axi_gmem1_0_WUSER                                                  |  out|    1|       m_axi|                                                       gmem1|       pointer|
|m_axi_gmem1_0_ARVALID                                                |  out|    1|       m_axi|                                                       gmem1|       pointer|
|m_axi_gmem1_0_ARREADY                                                |   in|    1|       m_axi|                                                       gmem1|       pointer|
|m_axi_gmem1_0_ARADDR                                                 |  out|   64|       m_axi|                                                       gmem1|       pointer|
|m_axi_gmem1_0_ARID                                                   |  out|    1|       m_axi|                                                       gmem1|       pointer|
|m_axi_gmem1_0_ARLEN                                                  |  out|   32|       m_axi|                                                       gmem1|       pointer|
|m_axi_gmem1_0_ARSIZE                                                 |  out|    3|       m_axi|                                                       gmem1|       pointer|
|m_axi_gmem1_0_ARBURST                                                |  out|    2|       m_axi|                                                       gmem1|       pointer|
|m_axi_gmem1_0_ARLOCK                                                 |  out|    2|       m_axi|                                                       gmem1|       pointer|
|m_axi_gmem1_0_ARCACHE                                                |  out|    4|       m_axi|                                                       gmem1|       pointer|
|m_axi_gmem1_0_ARPROT                                                 |  out|    3|       m_axi|                                                       gmem1|       pointer|
|m_axi_gmem1_0_ARQOS                                                  |  out|    4|       m_axi|                                                       gmem1|       pointer|
|m_axi_gmem1_0_ARREGION                                               |  out|    4|       m_axi|                                                       gmem1|       pointer|
|m_axi_gmem1_0_ARUSER                                                 |  out|    1|       m_axi|                                                       gmem1|       pointer|
|m_axi_gmem1_0_RVALID                                                 |   in|    1|       m_axi|                                                       gmem1|       pointer|
|m_axi_gmem1_0_RREADY                                                 |  out|    1|       m_axi|                                                       gmem1|       pointer|
|m_axi_gmem1_0_RDATA                                                  |   in|    8|       m_axi|                                                       gmem1|       pointer|
|m_axi_gmem1_0_RLAST                                                  |   in|    1|       m_axi|                                                       gmem1|       pointer|
|m_axi_gmem1_0_RID                                                    |   in|    1|       m_axi|                                                       gmem1|       pointer|
|m_axi_gmem1_0_RFIFONUM                                               |   in|   11|       m_axi|                                                       gmem1|       pointer|
|m_axi_gmem1_0_RUSER                                                  |   in|    1|       m_axi|                                                       gmem1|       pointer|
|m_axi_gmem1_0_RRESP                                                  |   in|    2|       m_axi|                                                       gmem1|       pointer|
|m_axi_gmem1_0_BVALID                                                 |   in|    1|       m_axi|                                                       gmem1|       pointer|
|m_axi_gmem1_0_BREADY                                                 |  out|    1|       m_axi|                                                       gmem1|       pointer|
|m_axi_gmem1_0_BRESP                                                  |   in|    2|       m_axi|                                                       gmem1|       pointer|
|m_axi_gmem1_0_BID                                                    |   in|    1|       m_axi|                                                       gmem1|       pointer|
|m_axi_gmem1_0_BUSER                                                  |   in|    1|       m_axi|                                                       gmem1|       pointer|
|m_axi_gmem0_0_AWVALID                                                |  out|    1|       m_axi|                                                       gmem0|       pointer|
|m_axi_gmem0_0_AWREADY                                                |   in|    1|       m_axi|                                                       gmem0|       pointer|
|m_axi_gmem0_0_AWADDR                                                 |  out|   64|       m_axi|                                                       gmem0|       pointer|
|m_axi_gmem0_0_AWID                                                   |  out|    1|       m_axi|                                                       gmem0|       pointer|
|m_axi_gmem0_0_AWLEN                                                  |  out|   32|       m_axi|                                                       gmem0|       pointer|
|m_axi_gmem0_0_AWSIZE                                                 |  out|    3|       m_axi|                                                       gmem0|       pointer|
|m_axi_gmem0_0_AWBURST                                                |  out|    2|       m_axi|                                                       gmem0|       pointer|
|m_axi_gmem0_0_AWLOCK                                                 |  out|    2|       m_axi|                                                       gmem0|       pointer|
|m_axi_gmem0_0_AWCACHE                                                |  out|    4|       m_axi|                                                       gmem0|       pointer|
|m_axi_gmem0_0_AWPROT                                                 |  out|    3|       m_axi|                                                       gmem0|       pointer|
|m_axi_gmem0_0_AWQOS                                                  |  out|    4|       m_axi|                                                       gmem0|       pointer|
|m_axi_gmem0_0_AWREGION                                               |  out|    4|       m_axi|                                                       gmem0|       pointer|
|m_axi_gmem0_0_AWUSER                                                 |  out|    1|       m_axi|                                                       gmem0|       pointer|
|m_axi_gmem0_0_WVALID                                                 |  out|    1|       m_axi|                                                       gmem0|       pointer|
|m_axi_gmem0_0_WREADY                                                 |   in|    1|       m_axi|                                                       gmem0|       pointer|
|m_axi_gmem0_0_WDATA                                                  |  out|    8|       m_axi|                                                       gmem0|       pointer|
|m_axi_gmem0_0_WSTRB                                                  |  out|    1|       m_axi|                                                       gmem0|       pointer|
|m_axi_gmem0_0_WLAST                                                  |  out|    1|       m_axi|                                                       gmem0|       pointer|
|m_axi_gmem0_0_WID                                                    |  out|    1|       m_axi|                                                       gmem0|       pointer|
|m_axi_gmem0_0_WUSER                                                  |  out|    1|       m_axi|                                                       gmem0|       pointer|
|m_axi_gmem0_0_ARVALID                                                |  out|    1|       m_axi|                                                       gmem0|       pointer|
|m_axi_gmem0_0_ARREADY                                                |   in|    1|       m_axi|                                                       gmem0|       pointer|
|m_axi_gmem0_0_ARADDR                                                 |  out|   64|       m_axi|                                                       gmem0|       pointer|
|m_axi_gmem0_0_ARID                                                   |  out|    1|       m_axi|                                                       gmem0|       pointer|
|m_axi_gmem0_0_ARLEN                                                  |  out|   32|       m_axi|                                                       gmem0|       pointer|
|m_axi_gmem0_0_ARSIZE                                                 |  out|    3|       m_axi|                                                       gmem0|       pointer|
|m_axi_gmem0_0_ARBURST                                                |  out|    2|       m_axi|                                                       gmem0|       pointer|
|m_axi_gmem0_0_ARLOCK                                                 |  out|    2|       m_axi|                                                       gmem0|       pointer|
|m_axi_gmem0_0_ARCACHE                                                |  out|    4|       m_axi|                                                       gmem0|       pointer|
|m_axi_gmem0_0_ARPROT                                                 |  out|    3|       m_axi|                                                       gmem0|       pointer|
|m_axi_gmem0_0_ARQOS                                                  |  out|    4|       m_axi|                                                       gmem0|       pointer|
|m_axi_gmem0_0_ARREGION                                               |  out|    4|       m_axi|                                                       gmem0|       pointer|
|m_axi_gmem0_0_ARUSER                                                 |  out|    1|       m_axi|                                                       gmem0|       pointer|
|m_axi_gmem0_0_RVALID                                                 |   in|    1|       m_axi|                                                       gmem0|       pointer|
|m_axi_gmem0_0_RREADY                                                 |  out|    1|       m_axi|                                                       gmem0|       pointer|
|m_axi_gmem0_0_RDATA                                                  |   in|    8|       m_axi|                                                       gmem0|       pointer|
|m_axi_gmem0_0_RLAST                                                  |   in|    1|       m_axi|                                                       gmem0|       pointer|
|m_axi_gmem0_0_RID                                                    |   in|    1|       m_axi|                                                       gmem0|       pointer|
|m_axi_gmem0_0_RFIFONUM                                               |   in|   11|       m_axi|                                                       gmem0|       pointer|
|m_axi_gmem0_0_RUSER                                                  |   in|    1|       m_axi|                                                       gmem0|       pointer|
|m_axi_gmem0_0_RRESP                                                  |   in|    2|       m_axi|                                                       gmem0|       pointer|
|m_axi_gmem0_0_BVALID                                                 |   in|    1|       m_axi|                                                       gmem0|       pointer|
|m_axi_gmem0_0_BREADY                                                 |  out|    1|       m_axi|                                                       gmem0|       pointer|
|m_axi_gmem0_0_BRESP                                                  |   in|    2|       m_axi|                                                       gmem0|       pointer|
|m_axi_gmem0_0_BID                                                    |   in|    1|       m_axi|                                                       gmem0|       pointer|
|m_axi_gmem0_0_BUSER                                                  |   in|    1|       m_axi|                                                       gmem0|       pointer|
|local_bias_reload                                                    |   in|    8|     ap_none|                                           local_bias_reload|        scalar|
|local_bias_1_reload                                                  |   in|    8|     ap_none|                                         local_bias_1_reload|        scalar|
|local_bias_2_reload                                                  |   in|    8|     ap_none|                                         local_bias_2_reload|        scalar|
|local_bias_3_reload                                                  |   in|    8|     ap_none|                                         local_bias_3_reload|        scalar|
|local_bias_4_reload                                                  |   in|    8|     ap_none|                                         local_bias_4_reload|        scalar|
|local_bias_5_reload                                                  |   in|    8|     ap_none|                                         local_bias_5_reload|        scalar|
|local_bias_6_reload                                                  |   in|    8|     ap_none|                                         local_bias_6_reload|        scalar|
|local_bias_7_reload                                                  |   in|    8|     ap_none|                                         local_bias_7_reload|        scalar|
|local_bias_8_reload                                                  |   in|    8|     ap_none|                                         local_bias_8_reload|        scalar|
|local_bias_9_reload                                                  |   in|    8|     ap_none|                                         local_bias_9_reload|        scalar|
|outputDense                                                          |   in|   64|     ap_none|                                                 outputDense|        scalar|
|fcWeight                                                             |   in|   64|     ap_none|                                                    fcWeight|        scalar|
|dense_ap_fixed_ap_fixed_ap_fixed_ap_fixed_8_5_5_3_0_temp_7_address0  |  out|    7|   ap_memory|  dense_ap_fixed_ap_fixed_ap_fixed_ap_fixed_8_5_5_3_0_temp_7|         array|
|dense_ap_fixed_ap_fixed_ap_fixed_ap_fixed_8_5_5_3_0_temp_7_ce0       |  out|    1|   ap_memory|  dense_ap_fixed_ap_fixed_ap_fixed_ap_fixed_8_5_5_3_0_temp_7|         array|
|dense_ap_fixed_ap_fixed_ap_fixed_ap_fixed_8_5_5_3_0_temp_7_q0        |   in|    8|   ap_memory|  dense_ap_fixed_ap_fixed_ap_fixed_ap_fixed_8_5_5_3_0_temp_7|         array|
|dense_ap_fixed_ap_fixed_ap_fixed_ap_fixed_8_5_5_3_0_temp_3_address0  |  out|    7|   ap_memory|  dense_ap_fixed_ap_fixed_ap_fixed_ap_fixed_8_5_5_3_0_temp_3|         array|
|dense_ap_fixed_ap_fixed_ap_fixed_ap_fixed_8_5_5_3_0_temp_3_ce0       |  out|    1|   ap_memory|  dense_ap_fixed_ap_fixed_ap_fixed_ap_fixed_8_5_5_3_0_temp_3|         array|
|dense_ap_fixed_ap_fixed_ap_fixed_ap_fixed_8_5_5_3_0_temp_3_q0        |   in|    8|   ap_memory|  dense_ap_fixed_ap_fixed_ap_fixed_ap_fixed_8_5_5_3_0_temp_3|         array|
|dense_ap_fixed_ap_fixed_ap_fixed_ap_fixed_8_5_5_3_0_temp_2_address0  |  out|    7|   ap_memory|  dense_ap_fixed_ap_fixed_ap_fixed_ap_fixed_8_5_5_3_0_temp_2|         array|
|dense_ap_fixed_ap_fixed_ap_fixed_ap_fixed_8_5_5_3_0_temp_2_ce0       |  out|    1|   ap_memory|  dense_ap_fixed_ap_fixed_ap_fixed_ap_fixed_8_5_5_3_0_temp_2|         array|
|dense_ap_fixed_ap_fixed_ap_fixed_ap_fixed_8_5_5_3_0_temp_2_q0        |   in|    8|   ap_memory|  dense_ap_fixed_ap_fixed_ap_fixed_ap_fixed_8_5_5_3_0_temp_2|         array|
|dense_ap_fixed_ap_fixed_ap_fixed_ap_fixed_8_5_5_3_0_temp_1_address0  |  out|    7|   ap_memory|  dense_ap_fixed_ap_fixed_ap_fixed_ap_fixed_8_5_5_3_0_temp_1|         array|
|dense_ap_fixed_ap_fixed_ap_fixed_ap_fixed_8_5_5_3_0_temp_1_ce0       |  out|    1|   ap_memory|  dense_ap_fixed_ap_fixed_ap_fixed_ap_fixed_8_5_5_3_0_temp_1|         array|
|dense_ap_fixed_ap_fixed_ap_fixed_ap_fixed_8_5_5_3_0_temp_1_q0        |   in|    8|   ap_memory|  dense_ap_fixed_ap_fixed_ap_fixed_ap_fixed_8_5_5_3_0_temp_1|         array|
|dense_ap_fixed_ap_fixed_ap_fixed_ap_fixed_8_5_5_3_0_temp_address0    |  out|    7|   ap_memory|    dense_ap_fixed_ap_fixed_ap_fixed_ap_fixed_8_5_5_3_0_temp|         array|
|dense_ap_fixed_ap_fixed_ap_fixed_ap_fixed_8_5_5_3_0_temp_ce0         |  out|    1|   ap_memory|    dense_ap_fixed_ap_fixed_ap_fixed_ap_fixed_8_5_5_3_0_temp|         array|
|dense_ap_fixed_ap_fixed_ap_fixed_ap_fixed_8_5_5_3_0_temp_q0          |   in|    8|   ap_memory|    dense_ap_fixed_ap_fixed_ap_fixed_ap_fixed_8_5_5_3_0_temp|         array|
|dense_ap_fixed_ap_fixed_ap_fixed_ap_fixed_8_5_5_3_0_temp_6_address0  |  out|    7|   ap_memory|  dense_ap_fixed_ap_fixed_ap_fixed_ap_fixed_8_5_5_3_0_temp_6|         array|
|dense_ap_fixed_ap_fixed_ap_fixed_ap_fixed_8_5_5_3_0_temp_6_ce0       |  out|    1|   ap_memory|  dense_ap_fixed_ap_fixed_ap_fixed_ap_fixed_8_5_5_3_0_temp_6|         array|
|dense_ap_fixed_ap_fixed_ap_fixed_ap_fixed_8_5_5_3_0_temp_6_q0        |   in|    8|   ap_memory|  dense_ap_fixed_ap_fixed_ap_fixed_ap_fixed_8_5_5_3_0_temp_6|         array|
|dense_ap_fixed_ap_fixed_ap_fixed_ap_fixed_8_5_5_3_0_temp_5_address0  |  out|    7|   ap_memory|  dense_ap_fixed_ap_fixed_ap_fixed_ap_fixed_8_5_5_3_0_temp_5|         array|
|dense_ap_fixed_ap_fixed_ap_fixed_ap_fixed_8_5_5_3_0_temp_5_ce0       |  out|    1|   ap_memory|  dense_ap_fixed_ap_fixed_ap_fixed_ap_fixed_8_5_5_3_0_temp_5|         array|
|dense_ap_fixed_ap_fixed_ap_fixed_ap_fixed_8_5_5_3_0_temp_5_q0        |   in|    8|   ap_memory|  dense_ap_fixed_ap_fixed_ap_fixed_ap_fixed_8_5_5_3_0_temp_5|         array|
|dense_ap_fixed_ap_fixed_ap_fixed_ap_fixed_8_5_5_3_0_temp_4_address0  |  out|    7|   ap_memory|  dense_ap_fixed_ap_fixed_ap_fixed_ap_fixed_8_5_5_3_0_temp_4|         array|
|dense_ap_fixed_ap_fixed_ap_fixed_ap_fixed_8_5_5_3_0_temp_4_ce0       |  out|    1|   ap_memory|  dense_ap_fixed_ap_fixed_ap_fixed_ap_fixed_8_5_5_3_0_temp_4|         array|
|dense_ap_fixed_ap_fixed_ap_fixed_ap_fixed_8_5_5_3_0_temp_4_q0        |   in|    8|   ap_memory|  dense_ap_fixed_ap_fixed_ap_fixed_ap_fixed_8_5_5_3_0_temp_4|         array|
+---------------------------------------------------------------------+-----+-----+------------+------------------------------------------------------------+--------------+

============================================================
+ Verbose Summary: Synthesis Manager
============================================================
InlineROM: 1
ExposeGlobal: 0
============================================================
+ Verbose Summary: CDFG Model
============================================================
IsTopModel: 0
ResetActiveHigh: 1
IsCombinational: 2
IsDatapathOnly: 2
HasWiredReturn: 1
HasMFsm: 2
HasVarLatency: 1
IsPipeline: 0
IsRtlPipelined: 0
IsInstanceOverlapped: 0
IsDontTouch: 0
HasImplIP: 0
IsGatedGlobalClock: 0

+ Individual pipeline summary: 
  * Pipeline-0: initiation interval (II) = 1, depth = 7


============================================================
+ Verbose Summary: Schedule
============================================================
* Number of FSM states : 7
* Pipeline : 1
  Pipeline-0 : II = 1, D = 7, States = { 1 2 3 4 5 6 7 }
* Dataflow Pipeline: 0

* FSM state transitions: 
1 --> 2 
2 --> 3 
3 --> 4 
4 --> 5 
5 --> 6 
6 --> 7 
7 --> 

* FSM state operations: 

State 1 <SV = 0> <Delay = 4.85>
ST_1 : Operation 10 [1/1] (0.00ns)   --->   "%i = alloca i32 1" [../src/dense.cpp:28->../src/eight.cpp:55]   --->   Operation 10 'alloca' 'i' <Predicate = true> <Delay = 0.00>
ST_1 : Operation 11 [1/1] (0.00ns)   --->   "%c = alloca i32 1" [../src/dense.cpp:25->../src/eight.cpp:55]   --->   Operation 11 'alloca' 'c' <Predicate = true> <Delay = 0.00>
ST_1 : Operation 12 [1/1] (0.00ns)   --->   "%indvar_flatten = alloca i32 1"   --->   Operation 12 'alloca' 'indvar_flatten' <Predicate = true> <Delay = 0.00>
ST_1 : Operation 13 [1/1] (0.00ns)   --->   "%sum_1 = alloca i32 1" [../src/dense.cpp:26->../src/eight.cpp:55]   --->   Operation 13 'alloca' 'sum_1' <Predicate = true> <Delay = 0.00>
ST_1 : Operation 14 [1/1] (0.00ns)   --->   "%specstablecontent_ln0 = specstablecontent void @_ssdm_op_SpecStableContent, i8 %gmem1, i1 1, void "   --->   Operation 14 'specstablecontent' 'specstablecontent_ln0' <Predicate = true> <Delay = 0.00>
ST_1 : Operation 15 [1/1] (0.00ns)   --->   "%specinterface_ln0 = specinterface void @_ssdm_op_SpecInterface, i8 %gmem1, void @empty_7, i32 0, i32 0, void @empty_8, i32 0, i32 136, void @empty_32, void @empty_20, void @empty_8, i32 16, i32 16, i32 16, i32 16, void @empty_8, void @empty_8, i32 4294967295, i32 0, i32 0, i32 1"   --->   Operation 15 'specinterface' 'specinterface_ln0' <Predicate = true> <Delay = 0.00>
ST_1 : Operation 16 [1/1] (0.00ns)   --->   "%specinterface_ln0 = specinterface void @_ssdm_op_SpecInterface, i8 %gmem0, void @empty_7, i32 0, i32 0, void @empty_8, i32 0, i32 848, void @empty_34, void @empty_20, void @empty_8, i32 16, i32 16, i32 16, i32 16, void @empty_8, void @empty_8, i32 4294967295, i32 0, i32 0, i32 1"   --->   Operation 16 'specinterface' 'specinterface_ln0' <Predicate = true> <Delay = 0.00>
ST_1 : Operation 17 [1/1] (0.00ns)   --->   "%fcWeight_read = read i64 @_ssdm_op_Read.ap_auto.i64, i64 %fcWeight"   --->   Operation 17 'read' 'fcWeight_read' <Predicate = true> <Delay = 0.00>
ST_1 : Operation 18 [1/1] (0.00ns)   --->   "%outputDense_read = read i64 @_ssdm_op_Read.ap_auto.i64, i64 %outputDense"   --->   Operation 18 'read' 'outputDense_read' <Predicate = true> <Delay = 0.00>
ST_1 : Operation 19 [1/1] (0.00ns)   --->   "%local_bias_9_reload_read = read i8 @_ssdm_op_Read.ap_auto.i8, i8 %local_bias_9_reload"   --->   Operation 19 'read' 'local_bias_9_reload_read' <Predicate = true> <Delay = 0.00>
ST_1 : Operation 20 [1/1] (0.00ns)   --->   "%local_bias_8_reload_read = read i8 @_ssdm_op_Read.ap_auto.i8, i8 %local_bias_8_reload"   --->   Operation 20 'read' 'local_bias_8_reload_read' <Predicate = true> <Delay = 0.00>
ST_1 : Operation 21 [1/1] (0.00ns)   --->   "%local_bias_7_reload_read = read i8 @_ssdm_op_Read.ap_auto.i8, i8 %local_bias_7_reload"   --->   Operation 21 'read' 'local_bias_7_reload_read' <Predicate = true> <Delay = 0.00>
ST_1 : Operation 22 [1/1] (0.00ns)   --->   "%local_bias_6_reload_read = read i8 @_ssdm_op_Read.ap_auto.i8, i8 %local_bias_6_reload"   --->   Operation 22 'read' 'local_bias_6_reload_read' <Predicate = true> <Delay = 0.00>
ST_1 : Operation 23 [1/1] (0.00ns)   --->   "%local_bias_5_reload_read = read i8 @_ssdm_op_Read.ap_auto.i8, i8 %local_bias_5_reload"   --->   Operation 23 'read' 'local_bias_5_reload_read' <Predicate = true> <Delay = 0.00>
ST_1 : Operation 24 [1/1] (0.00ns)   --->   "%local_bias_4_reload_read = read i8 @_ssdm_op_Read.ap_auto.i8, i8 %local_bias_4_reload"   --->   Operation 24 'read' 'local_bias_4_reload_read' <Predicate = true> <Delay = 0.00>
ST_1 : Operation 25 [1/1] (0.00ns)   --->   "%local_bias_3_reload_read = read i8 @_ssdm_op_Read.ap_auto.i8, i8 %local_bias_3_reload"   --->   Operation 25 'read' 'local_bias_3_reload_read' <Predicate = true> <Delay = 0.00>
ST_1 : Operation 26 [1/1] (0.00ns)   --->   "%local_bias_2_reload_read = read i8 @_ssdm_op_Read.ap_auto.i8, i8 %local_bias_2_reload"   --->   Operation 26 'read' 'local_bias_2_reload_read' <Predicate = true> <Delay = 0.00>
ST_1 : Operation 27 [1/1] (0.00ns)   --->   "%local_bias_1_reload_read = read i8 @_ssdm_op_Read.ap_auto.i8, i8 %local_bias_1_reload"   --->   Operation 27 'read' 'local_bias_1_reload_read' <Predicate = true> <Delay = 0.00>
ST_1 : Operation 28 [1/1] (0.00ns)   --->   "%local_bias_reload_read = read i8 @_ssdm_op_Read.ap_auto.i8, i8 %local_bias_reload"   --->   Operation 28 'read' 'local_bias_reload_read' <Predicate = true> <Delay = 0.00>
ST_1 : Operation 29 [1/1] (1.58ns)   --->   "%store_ln0 = store i13 0, i13 %indvar_flatten"   --->   Operation 29 'store' 'store_ln0' <Predicate = true> <Delay = 1.58>
ST_1 : Operation 30 [1/1] (1.58ns)   --->   "%store_ln25 = store i4 0, i4 %c" [../src/dense.cpp:25->../src/eight.cpp:55]   --->   Operation 30 'store' 'store_ln25' <Predicate = true> <Delay = 1.58>
ST_1 : Operation 31 [1/1] (1.58ns)   --->   "%store_ln28 = store i10 0, i10 %i" [../src/dense.cpp:28->../src/eight.cpp:55]   --->   Operation 31 'store' 'store_ln28' <Predicate = true> <Delay = 1.58>
ST_1 : Operation 32 [1/1] (0.00ns)   --->   "%br_ln0 = br void %for.body25.i"   --->   Operation 32 'br' 'br_ln0' <Predicate = true> <Delay = 0.00>
ST_1 : Operation 33 [1/1] (0.00ns)   --->   "%indvar_flatten_load = load i13 %indvar_flatten" [../src/dense.cpp:25->../src/eight.cpp:55]   --->   Operation 33 'load' 'indvar_flatten_load' <Predicate = true> <Delay = 0.00>
ST_1 : Operation 34 [1/1] (1.67ns)   --->   "%icmp_ln25 = icmp_eq  i13 %indvar_flatten_load, i13 7840" [../src/dense.cpp:25->../src/eight.cpp:55]   --->   Operation 34 'icmp' 'icmp_ln25' <Predicate = true> <Delay = 1.67> <CoreInst = "Cmp">   --->   Core 9 'Cmp' <Latency = 0> <II = 1> <Delay = 1.67> <FuncUnit> <Opcode : 'seteq' 'setne' 'setle' 'setge' 'setlt' 'setgt'> <InPorts = 2> <OutPorts = 1>
ST_1 : Operation 35 [1/1] (1.67ns)   --->   "%add_ln25 = add i13 %indvar_flatten_load, i13 1" [../src/dense.cpp:25->../src/eight.cpp:55]   --->   Operation 35 'add' 'add_ln25' <Predicate = true> <Delay = 1.67> <CoreInst = "Adder">   --->   Core 1 'Adder' <Latency = 0> <II = 1> <Delay = 1.67> <FuncUnit> <Opcode : 'add' 'sub'> <InPorts = 2> <OutPorts = 1>
ST_1 : Operation 36 [1/1] (0.00ns)   --->   "%br_ln25 = br i1 %icmp_ln25, void %for.inc36.i, void %_Z5denseP8ap_fixedILi8ELi5EL9ap_q_mode5EL9ap_o_mode3ELi0EES3_S3_S3_.exit.exitStub" [../src/dense.cpp:25->../src/eight.cpp:55]   --->   Operation 36 'br' 'br_ln25' <Predicate = true> <Delay = 0.00>
ST_1 : Operation 37 [1/1] (1.58ns)   --->   "%store_ln25 = store i13 %add_ln25, i13 %indvar_flatten" [../src/dense.cpp:25->../src/eight.cpp:55]   --->   Operation 37 'store' 'store_ln25' <Predicate = (!icmp_ln25)> <Delay = 1.58>

State 2 <SV = 1> <Delay = 8.75>
ST_2 : Operation 38 [1/1] (0.00ns)   --->   "%i_load = load i10 %i" [../src/dense.cpp:28->../src/eight.cpp:55]   --->   Operation 38 'load' 'i_load' <Predicate = (!icmp_ln25)> <Delay = 0.00>
ST_2 : Operation 39 [1/1] (0.00ns)   --->   "%c_load = load i4 %c" [../src/dense.cpp:25->../src/eight.cpp:55]   --->   Operation 39 'load' 'c_load' <Predicate = (!icmp_ln25)> <Delay = 0.00>
ST_2 : Operation 40 [1/1] (0.00ns)   --->   "%gmem0_addr = getelementptr i8 %gmem0, i64 %outputDense_read" [../src/dense.cpp:25->../src/eight.cpp:55]   --->   Operation 40 'getelementptr' 'gmem0_addr' <Predicate = (!icmp_ln25)> <Delay = 0.00>
ST_2 : Operation 41 [1/1] (0.00ns)   --->   "%gmem1_addr = getelementptr i8 %gmem1, i64 %fcWeight_read" [../src/dense.cpp:25->../src/eight.cpp:55]   --->   Operation 41 'getelementptr' 'gmem1_addr' <Predicate = (!icmp_ln25)> <Delay = 0.00>
ST_2 : Operation 42 [1/1] (0.00ns)   --->   "%specloopname_ln0 = specloopname void @_ssdm_op_SpecLoopName, void @DENSE_OUTER_DENSE_INNER_str"   --->   Operation 42 'specloopname' 'specloopname_ln0' <Predicate = (!icmp_ln25)> <Delay = 0.00>
ST_2 : Operation 43 [1/1] (0.00ns)   --->   "%speclooptripcount_ln0 = speclooptripcount void @_ssdm_op_SpecLoopTripCount, i64 7840, i64 7840, i64 7840"   --->   Operation 43 'speclooptripcount' 'speclooptripcount_ln0' <Predicate = (!icmp_ln25)> <Delay = 0.00>
ST_2 : Operation 44 [1/1] (1.73ns)   --->   "%icmp_ln28 = icmp_eq  i10 %i_load, i10 784" [../src/dense.cpp:28->../src/eight.cpp:55]   --->   Operation 44 'icmp' 'icmp_ln28' <Predicate = (!icmp_ln25)> <Delay = 1.73> <CoreInst = "Cmp">   --->   Core 9 'Cmp' <Latency = 0> <II = 1> <Delay = 1.73> <FuncUnit> <Opcode : 'seteq' 'setne' 'setle' 'setge' 'setlt' 'setgt'> <InPorts = 2> <OutPorts = 1>
ST_2 : Operation 45 [1/1] (0.68ns)   --->   "%select_ln25 = select i1 %icmp_ln28, i10 0, i10 %i_load" [../src/dense.cpp:25->../src/eight.cpp:55]   --->   Operation 45 'select' 'select_ln25' <Predicate = (!icmp_ln25)> <Delay = 0.68> <CoreInst = "Sel">   --->   Core 73 'Sel' <Latency = 0> <II = 1> <Delay = 0.68> <FuncUnit> <Opcode : 'select'> <InPorts = 3> <OutPorts = 1>
ST_2 : Operation 46 [1/1] (1.73ns)   --->   "%add_ln25_1 = add i4 %c_load, i4 1" [../src/dense.cpp:25->../src/eight.cpp:55]   --->   Operation 46 'add' 'add_ln25_1' <Predicate = (!icmp_ln25)> <Delay = 1.73> <CoreInst = "Adder">   --->   Core 1 'Adder' <Latency = 0> <II = 1> <Delay = 1.73> <FuncUnit> <Opcode : 'add' 'sub'> <InPorts = 2> <OutPorts = 1>
ST_2 : Operation 47 [1/1] (1.02ns)   --->   "%select_ln25_1 = select i1 %icmp_ln28, i4 %add_ln25_1, i4 %c_load" [../src/dense.cpp:25->../src/eight.cpp:55]   --->   Operation 47 'select' 'select_ln25_1' <Predicate = (!icmp_ln25)> <Delay = 1.02> <CoreInst = "Sel">   --->   Core 73 'Sel' <Latency = 0> <II = 1> <Delay = 1.02> <FuncUnit> <Opcode : 'select'> <InPorts = 3> <OutPorts = 1>
ST_2 : Operation 48 [1/1] (1.73ns)   --->   "%first_iter_0 = icmp_eq  i10 %select_ln25, i10 0" [../src/dense.cpp:25->../src/eight.cpp:55]   --->   Operation 48 'icmp' 'first_iter_0' <Predicate = (!icmp_ln25)> <Delay = 1.73> <CoreInst = "Cmp">   --->   Core 9 'Cmp' <Latency = 0> <II = 1> <Delay = 1.73> <FuncUnit> <Opcode : 'seteq' 'setne' 'setle' 'setge' 'setlt' 'setgt'> <InPorts = 2> <OutPorts = 1>
ST_2 : Operation 49 [1/1] (1.58ns)   --->   "%br_ln28 = br i1 %first_iter_0, void %for.body25.i.split, void %for.first.iter.for.body25.i" [../src/dense.cpp:28->../src/eight.cpp:55]   --->   Operation 49 'br' 'br_ln28' <Predicate = (!icmp_ln25)> <Delay = 1.58>
ST_2 : Operation 50 [1/1] (2.54ns)   --->   "%sum = sparsemux i8 @_ssdm_op_SparseMux.ap_auto.10i8.i8.i4, i4 0, i8 %local_bias_reload_read, i4 1, i8 %local_bias_1_reload_read, i4 2, i8 %local_bias_2_reload_read, i4 3, i8 %local_bias_3_reload_read, i4 4, i8 %local_bias_4_reload_read, i4 5, i8 %local_bias_5_reload_read, i4 6, i8 %local_bias_6_reload_read, i4 7, i8 %local_bias_7_reload_read, i4 8, i8 %local_bias_8_reload_read, i4 9, i8 %local_bias_9_reload_read, i8 0, i4 %select_ln25_1" [../src/dense.cpp:26->../src/eight.cpp:55]   --->   Operation 50 'sparsemux' 'sum' <Predicate = (!icmp_ln25 & first_iter_0)> <Delay = 2.54> <CoreInst = "BinarySparseMux_DontCare">   --->   Core 137 'BinarySparseMux_DontCare' <Latency = 0> <II = 1> <Delay = 2.54> <FuncUnit> <Opcode : 'sparsemux'> <InPorts = 2> <OutPorts = 1>
ST_2 : Operation 51 [1/1] (1.58ns)   --->   "%br_ln28 = br void %for.body25.i.split" [../src/dense.cpp:28->../src/eight.cpp:55]   --->   Operation 51 'br' 'br_ln28' <Predicate = (!icmp_ln25 & first_iter_0)> <Delay = 1.58>
ST_2 : Operation 52 [1/1] (0.00ns)   --->   "%trunc_ln28 = trunc i10 %select_ln25" [../src/dense.cpp:28->../src/eight.cpp:55]   --->   Operation 52 'trunc' 'trunc_ln28' <Predicate = (!icmp_ln25)> <Delay = 0.00>
ST_2 : Operation 53 [1/1] (0.00ns)   --->   "%lshr_ln1 = partselect i7 @_ssdm_op_PartSelect.i7.i10.i32.i32, i10 %select_ln25, i32 3, i32 9" [../src/dense.cpp:26->../src/eight.cpp:55]   --->   Operation 53 'partselect' 'lshr_ln1' <Predicate = (!icmp_ln25)> <Delay = 0.00>
ST_2 : Operation 54 [1/1] (0.00ns)   --->   "%zext_ln26 = zext i7 %lshr_ln1" [../src/dense.cpp:26->../src/eight.cpp:55]   --->   Operation 54 'zext' 'zext_ln26' <Predicate = (!icmp_ln25)> <Delay = 0.00>
ST_2 : Operation 55 [1/1] ( I:8.75ns O:8.75ns )   --->   "%w_val = read i8 @_ssdm_op_Read.m_axi.i8.p1i8, i64 %gmem1_addr" [../src/dense.cpp:34->../src/eight.cpp:55]   --->   Operation 55 'read' 'w_val' <Predicate = (!icmp_ln25)> <Delay = 8.75> <CoreInst = "m_axi">   --->   Core 111 'm_axi' <Latency = 3> <II = 1> <Delay = 1.00> <Adapter> <Opcode : 'readrequnaligned' 'writerequnaligned' 'read' 'write' 'readreq' 'writereq' 'writeresp'>
ST_2 : Operation 56 [1/1] (0.00ns)   --->   "%dense_ap_fixed_ap_fixed_ap_fixed_ap_fixed_8_5_5_3_0_temp_7_addr = getelementptr i8 %dense_ap_fixed_ap_fixed_ap_fixed_ap_fixed_8_5_5_3_0_temp_7, i64 0, i64 %zext_ln26" [../src/dense.cpp:35->../src/eight.cpp:55]   --->   Operation 56 'getelementptr' 'dense_ap_fixed_ap_fixed_ap_fixed_ap_fixed_8_5_5_3_0_temp_7_addr' <Predicate = (!icmp_ln25)> <Delay = 0.00>
ST_2 : Operation 57 [1/1] (0.00ns)   --->   "%dense_ap_fixed_ap_fixed_ap_fixed_ap_fixed_8_5_5_3_0_temp_3_addr = getelementptr i8 %dense_ap_fixed_ap_fixed_ap_fixed_ap_fixed_8_5_5_3_0_temp_3, i64 0, i64 %zext_ln26" [../src/dense.cpp:35->../src/eight.cpp:55]   --->   Operation 57 'getelementptr' 'dense_ap_fixed_ap_fixed_ap_fixed_ap_fixed_8_5_5_3_0_temp_3_addr' <Predicate = (!icmp_ln25)> <Delay = 0.00>
ST_2 : Operation 58 [1/1] (0.00ns)   --->   "%dense_ap_fixed_ap_fixed_ap_fixed_ap_fixed_8_5_5_3_0_temp_2_addr = getelementptr i8 %dense_ap_fixed_ap_fixed_ap_fixed_ap_fixed_8_5_5_3_0_temp_2, i64 0, i64 %zext_ln26" [../src/dense.cpp:35->../src/eight.cpp:55]   --->   Operation 58 'getelementptr' 'dense_ap_fixed_ap_fixed_ap_fixed_ap_fixed_8_5_5_3_0_temp_2_addr' <Predicate = (!icmp_ln25)> <Delay = 0.00>
ST_2 : Operation 59 [1/1] (0.00ns)   --->   "%dense_ap_fixed_ap_fixed_ap_fixed_ap_fixed_8_5_5_3_0_temp_1_addr = getelementptr i8 %dense_ap_fixed_ap_fixed_ap_fixed_ap_fixed_8_5_5_3_0_temp_1, i64 0, i64 %zext_ln26" [../src/dense.cpp:35->../src/eight.cpp:55]   --->   Operation 59 'getelementptr' 'dense_ap_fixed_ap_fixed_ap_fixed_ap_fixed_8_5_5_3_0_temp_1_addr' <Predicate = (!icmp_ln25)> <Delay = 0.00>
ST_2 : Operation 60 [1/1] (0.00ns)   --->   "%dense_ap_fixed_ap_fixed_ap_fixed_ap_fixed_8_5_5_3_0_temp_addr = getelementptr i8 %dense_ap_fixed_ap_fixed_ap_fixed_ap_fixed_8_5_5_3_0_temp, i64 0, i64 %zext_ln26" [../src/dense.cpp:35->../src/eight.cpp:55]   --->   Operation 60 'getelementptr' 'dense_ap_fixed_ap_fixed_ap_fixed_ap_fixed_8_5_5_3_0_temp_addr' <Predicate = (!icmp_ln25)> <Delay = 0.00>
ST_2 : Operation 61 [1/1] (0.00ns)   --->   "%dense_ap_fixed_ap_fixed_ap_fixed_ap_fixed_8_5_5_3_0_temp_6_addr = getelementptr i8 %dense_ap_fixed_ap_fixed_ap_fixed_ap_fixed_8_5_5_3_0_temp_6, i64 0, i64 %zext_ln26" [../src/dense.cpp:35->../src/eight.cpp:55]   --->   Operation 61 'getelementptr' 'dense_ap_fixed_ap_fixed_ap_fixed_ap_fixed_8_5_5_3_0_temp_6_addr' <Predicate = (!icmp_ln25)> <Delay = 0.00>
ST_2 : Operation 62 [1/1] (0.00ns)   --->   "%dense_ap_fixed_ap_fixed_ap_fixed_ap_fixed_8_5_5_3_0_temp_5_addr = getelementptr i8 %dense_ap_fixed_ap_fixed_ap_fixed_ap_fixed_8_5_5_3_0_temp_5, i64 0, i64 %zext_ln26" [../src/dense.cpp:35->../src/eight.cpp:55]   --->   Operation 62 'getelementptr' 'dense_ap_fixed_ap_fixed_ap_fixed_ap_fixed_8_5_5_3_0_temp_5_addr' <Predicate = (!icmp_ln25)> <Delay = 0.00>
ST_2 : Operation 63 [1/1] (0.00ns)   --->   "%dense_ap_fixed_ap_fixed_ap_fixed_ap_fixed_8_5_5_3_0_temp_4_addr = getelementptr i8 %dense_ap_fixed_ap_fixed_ap_fixed_ap_fixed_8_5_5_3_0_temp_4, i64 0, i64 %zext_ln26" [../src/dense.cpp:35->../src/eight.cpp:55]   --->   Operation 63 'getelementptr' 'dense_ap_fixed_ap_fixed_ap_fixed_ap_fixed_8_5_5_3_0_temp_4_addr' <Predicate = (!icmp_ln25)> <Delay = 0.00>
ST_2 : Operation 64 [2/2] (2.32ns)   --->   "%dense_ap_fixed_ap_fixed_ap_fixed_ap_fixed_8_5_5_3_0_temp_7_load = load i7 %dense_ap_fixed_ap_fixed_ap_fixed_ap_fixed_8_5_5_3_0_temp_7_addr" [../src/dense.cpp:35->../src/eight.cpp:55]   --->   Operation 64 'load' 'dense_ap_fixed_ap_fixed_ap_fixed_ap_fixed_8_5_5_3_0_temp_7_load' <Predicate = (!icmp_ln25)> <Delay = 2.32> <CoreInst = "RAM">   --->   Core 81 'RAM' <Latency = 1> <II = 1> <Delay = 2.32> <Storage> <Opcode : 'load' 'store'> <Ports = 2> <Width = 8> <Depth = 98> <RAM>
ST_2 : Operation 65 [2/2] (2.32ns)   --->   "%dense_ap_fixed_ap_fixed_ap_fixed_ap_fixed_8_5_5_3_0_temp_3_load = load i7 %dense_ap_fixed_ap_fixed_ap_fixed_ap_fixed_8_5_5_3_0_temp_3_addr" [../src/dense.cpp:35->../src/eight.cpp:55]   --->   Operation 65 'load' 'dense_ap_fixed_ap_fixed_ap_fixed_ap_fixed_8_5_5_3_0_temp_3_load' <Predicate = (!icmp_ln25)> <Delay = 2.32> <CoreInst = "RAM">   --->   Core 81 'RAM' <Latency = 1> <II = 1> <Delay = 2.32> <Storage> <Opcode : 'load' 'store'> <Ports = 2> <Width = 8> <Depth = 98> <RAM>
ST_2 : Operation 66 [2/2] (2.32ns)   --->   "%dense_ap_fixed_ap_fixed_ap_fixed_ap_fixed_8_5_5_3_0_temp_2_load = load i7 %dense_ap_fixed_ap_fixed_ap_fixed_ap_fixed_8_5_5_3_0_temp_2_addr" [../src/dense.cpp:35->../src/eight.cpp:55]   --->   Operation 66 'load' 'dense_ap_fixed_ap_fixed_ap_fixed_ap_fixed_8_5_5_3_0_temp_2_load' <Predicate = (!icmp_ln25)> <Delay = 2.32> <CoreInst = "RAM">   --->   Core 81 'RAM' <Latency = 1> <II = 1> <Delay = 2.32> <Storage> <Opcode : 'load' 'store'> <Ports = 2> <Width = 8> <Depth = 98> <RAM>
ST_2 : Operation 67 [2/2] (2.32ns)   --->   "%dense_ap_fixed_ap_fixed_ap_fixed_ap_fixed_8_5_5_3_0_temp_1_load = load i7 %dense_ap_fixed_ap_fixed_ap_fixed_ap_fixed_8_5_5_3_0_temp_1_addr" [../src/dense.cpp:35->../src/eight.cpp:55]   --->   Operation 67 'load' 'dense_ap_fixed_ap_fixed_ap_fixed_ap_fixed_8_5_5_3_0_temp_1_load' <Predicate = (!icmp_ln25)> <Delay = 2.32> <CoreInst = "RAM">   --->   Core 81 'RAM' <Latency = 1> <II = 1> <Delay = 2.32> <Storage> <Opcode : 'load' 'store'> <Ports = 2> <Width = 8> <Depth = 98> <RAM>
ST_2 : Operation 68 [2/2] (2.32ns)   --->   "%dense_ap_fixed_ap_fixed_ap_fixed_ap_fixed_8_5_5_3_0_temp_load = load i7 %dense_ap_fixed_ap_fixed_ap_fixed_ap_fixed_8_5_5_3_0_temp_addr" [../src/dense.cpp:35->../src/eight.cpp:55]   --->   Operation 68 'load' 'dense_ap_fixed_ap_fixed_ap_fixed_ap_fixed_8_5_5_3_0_temp_load' <Predicate = (!icmp_ln25)> <Delay = 2.32> <CoreInst = "RAM">   --->   Core 81 'RAM' <Latency = 1> <II = 1> <Delay = 2.32> <Storage> <Opcode : 'load' 'store'> <Ports = 2> <Width = 8> <Depth = 98> <RAM>
ST_2 : Operation 69 [2/2] (2.32ns)   --->   "%dense_ap_fixed_ap_fixed_ap_fixed_ap_fixed_8_5_5_3_0_temp_6_load = load i7 %dense_ap_fixed_ap_fixed_ap_fixed_ap_fixed_8_5_5_3_0_temp_6_addr" [../src/dense.cpp:35->../src/eight.cpp:55]   --->   Operation 69 'load' 'dense_ap_fixed_ap_fixed_ap_fixed_ap_fixed_8_5_5_3_0_temp_6_load' <Predicate = (!icmp_ln25)> <Delay = 2.32> <CoreInst = "RAM">   --->   Core 81 'RAM' <Latency = 1> <II = 1> <Delay = 2.32> <Storage> <Opcode : 'load' 'store'> <Ports = 2> <Width = 8> <Depth = 98> <RAM>
ST_2 : Operation 70 [2/2] (2.32ns)   --->   "%dense_ap_fixed_ap_fixed_ap_fixed_ap_fixed_8_5_5_3_0_temp_5_load = load i7 %dense_ap_fixed_ap_fixed_ap_fixed_ap_fixed_8_5_5_3_0_temp_5_addr" [../src/dense.cpp:35->../src/eight.cpp:55]   --->   Operation 70 'load' 'dense_ap_fixed_ap_fixed_ap_fixed_ap_fixed_8_5_5_3_0_temp_5_load' <Predicate = (!icmp_ln25)> <Delay = 2.32> <CoreInst = "RAM">   --->   Core 81 'RAM' <Latency = 1> <II = 1> <Delay = 2.32> <Storage> <Opcode : 'load' 'store'> <Ports = 2> <Width = 8> <Depth = 98> <RAM>
ST_2 : Operation 71 [2/2] (2.32ns)   --->   "%dense_ap_fixed_ap_fixed_ap_fixed_ap_fixed_8_5_5_3_0_temp_4_load = load i7 %dense_ap_fixed_ap_fixed_ap_fixed_ap_fixed_8_5_5_3_0_temp_4_addr" [../src/dense.cpp:35->../src/eight.cpp:55]   --->   Operation 71 'load' 'dense_ap_fixed_ap_fixed_ap_fixed_ap_fixed_8_5_5_3_0_temp_4_load' <Predicate = (!icmp_ln25)> <Delay = 2.32> <CoreInst = "RAM">   --->   Core 81 'RAM' <Latency = 1> <II = 1> <Delay = 2.32> <Storage> <Opcode : 'load' 'store'> <Ports = 2> <Width = 8> <Depth = 98> <RAM>
ST_2 : Operation 72 [1/1] (1.73ns)   --->   "%add_ln28 = add i10 %select_ln25, i10 1" [../src/dense.cpp:28->../src/eight.cpp:55]   --->   Operation 72 'add' 'add_ln28' <Predicate = (!icmp_ln25)> <Delay = 1.73> <CoreInst = "Adder">   --->   Core 1 'Adder' <Latency = 0> <II = 1> <Delay = 1.73> <FuncUnit> <Opcode : 'add' 'sub'> <InPorts = 2> <OutPorts = 1>
ST_2 : Operation 73 [1/1] (1.73ns)   --->   "%icmp_ln28_1 = icmp_eq  i10 %add_ln28, i10 784" [../src/dense.cpp:28->../src/eight.cpp:55]   --->   Operation 73 'icmp' 'icmp_ln28_1' <Predicate = (!icmp_ln25)> <Delay = 1.73> <CoreInst = "Cmp">   --->   Core 9 'Cmp' <Latency = 0> <II = 1> <Delay = 1.73> <FuncUnit> <Opcode : 'seteq' 'setne' 'setle' 'setge' 'setlt' 'setgt'> <InPorts = 2> <OutPorts = 1>
ST_2 : Operation 74 [1/1] (0.00ns)   --->   "%br_ln28 = br i1 %icmp_ln28_1, void %new.latch.for.body25.i.split, void %last.iter.for.body25.i.split" [../src/dense.cpp:28->../src/eight.cpp:55]   --->   Operation 74 'br' 'br_ln28' <Predicate = (!icmp_ln25)> <Delay = 0.00>
ST_2 : Operation 75 [1/1] (1.58ns)   --->   "%store_ln25 = store i4 %select_ln25_1, i4 %c" [../src/dense.cpp:25->../src/eight.cpp:55]   --->   Operation 75 'store' 'store_ln25' <Predicate = (!icmp_ln25)> <Delay = 1.58>
ST_2 : Operation 76 [1/1] (1.58ns)   --->   "%store_ln28 = store i10 %add_ln28, i10 %i" [../src/dense.cpp:28->../src/eight.cpp:55]   --->   Operation 76 'store' 'store_ln28' <Predicate = (!icmp_ln25)> <Delay = 1.58>

State 3 <SV = 2> <Delay = 5.67>
ST_3 : Operation 77 [1/2] ( I:2.32ns O:2.32ns )   --->   "%dense_ap_fixed_ap_fixed_ap_fixed_ap_fixed_8_5_5_3_0_temp_7_load = load i7 %dense_ap_fixed_ap_fixed_ap_fixed_ap_fixed_8_5_5_3_0_temp_7_addr" [../src/dense.cpp:35->../src/eight.cpp:55]   --->   Operation 77 'load' 'dense_ap_fixed_ap_fixed_ap_fixed_ap_fixed_8_5_5_3_0_temp_7_load' <Predicate = (!icmp_ln25)> <Delay = 2.32> <CoreInst = "RAM">   --->   Core 81 'RAM' <Latency = 1> <II = 1> <Delay = 2.32> <Storage> <Opcode : 'load' 'store'> <Ports = 2> <Width = 8> <Depth = 98> <RAM>
ST_3 : Operation 78 [1/2] ( I:2.32ns O:2.32ns )   --->   "%dense_ap_fixed_ap_fixed_ap_fixed_ap_fixed_8_5_5_3_0_temp_3_load = load i7 %dense_ap_fixed_ap_fixed_ap_fixed_ap_fixed_8_5_5_3_0_temp_3_addr" [../src/dense.cpp:35->../src/eight.cpp:55]   --->   Operation 78 'load' 'dense_ap_fixed_ap_fixed_ap_fixed_ap_fixed_8_5_5_3_0_temp_3_load' <Predicate = (!icmp_ln25)> <Delay = 2.32> <CoreInst = "RAM">   --->   Core 81 'RAM' <Latency = 1> <II = 1> <Delay = 2.32> <Storage> <Opcode : 'load' 'store'> <Ports = 2> <Width = 8> <Depth = 98> <RAM>
ST_3 : Operation 79 [1/2] ( I:2.32ns O:2.32ns )   --->   "%dense_ap_fixed_ap_fixed_ap_fixed_ap_fixed_8_5_5_3_0_temp_2_load = load i7 %dense_ap_fixed_ap_fixed_ap_fixed_ap_fixed_8_5_5_3_0_temp_2_addr" [../src/dense.cpp:35->../src/eight.cpp:55]   --->   Operation 79 'load' 'dense_ap_fixed_ap_fixed_ap_fixed_ap_fixed_8_5_5_3_0_temp_2_load' <Predicate = (!icmp_ln25)> <Delay = 2.32> <CoreInst = "RAM">   --->   Core 81 'RAM' <Latency = 1> <II = 1> <Delay = 2.32> <Storage> <Opcode : 'load' 'store'> <Ports = 2> <Width = 8> <Depth = 98> <RAM>
ST_3 : Operation 80 [1/2] ( I:2.32ns O:2.32ns )   --->   "%dense_ap_fixed_ap_fixed_ap_fixed_ap_fixed_8_5_5_3_0_temp_1_load = load i7 %dense_ap_fixed_ap_fixed_ap_fixed_ap_fixed_8_5_5_3_0_temp_1_addr" [../src/dense.cpp:35->../src/eight.cpp:55]   --->   Operation 80 'load' 'dense_ap_fixed_ap_fixed_ap_fixed_ap_fixed_8_5_5_3_0_temp_1_load' <Predicate = (!icmp_ln25)> <Delay = 2.32> <CoreInst = "RAM">   --->   Core 81 'RAM' <Latency = 1> <II = 1> <Delay = 2.32> <Storage> <Opcode : 'load' 'store'> <Ports = 2> <Width = 8> <Depth = 98> <RAM>
ST_3 : Operation 81 [1/2] ( I:2.32ns O:2.32ns )   --->   "%dense_ap_fixed_ap_fixed_ap_fixed_ap_fixed_8_5_5_3_0_temp_load = load i7 %dense_ap_fixed_ap_fixed_ap_fixed_ap_fixed_8_5_5_3_0_temp_addr" [../src/dense.cpp:35->../src/eight.cpp:55]   --->   Operation 81 'load' 'dense_ap_fixed_ap_fixed_ap_fixed_ap_fixed_8_5_5_3_0_temp_load' <Predicate = (!icmp_ln25)> <Delay = 2.32> <CoreInst = "RAM">   --->   Core 81 'RAM' <Latency = 1> <II = 1> <Delay = 2.32> <Storage> <Opcode : 'load' 'store'> <Ports = 2> <Width = 8> <Depth = 98> <RAM>
ST_3 : Operation 82 [1/2] ( I:2.32ns O:2.32ns )   --->   "%dense_ap_fixed_ap_fixed_ap_fixed_ap_fixed_8_5_5_3_0_temp_6_load = load i7 %dense_ap_fixed_ap_fixed_ap_fixed_ap_fixed_8_5_5_3_0_temp_6_addr" [../src/dense.cpp:35->../src/eight.cpp:55]   --->   Operation 82 'load' 'dense_ap_fixed_ap_fixed_ap_fixed_ap_fixed_8_5_5_3_0_temp_6_load' <Predicate = (!icmp_ln25)> <Delay = 2.32> <CoreInst = "RAM">   --->   Core 81 'RAM' <Latency = 1> <II = 1> <Delay = 2.32> <Storage> <Opcode : 'load' 'store'> <Ports = 2> <Width = 8> <Depth = 98> <RAM>
ST_3 : Operation 83 [1/2] ( I:2.32ns O:2.32ns )   --->   "%dense_ap_fixed_ap_fixed_ap_fixed_ap_fixed_8_5_5_3_0_temp_5_load = load i7 %dense_ap_fixed_ap_fixed_ap_fixed_ap_fixed_8_5_5_3_0_temp_5_addr" [../src/dense.cpp:35->../src/eight.cpp:55]   --->   Operation 83 'load' 'dense_ap_fixed_ap_fixed_ap_fixed_ap_fixed_8_5_5_3_0_temp_5_load' <Predicate = (!icmp_ln25)> <Delay = 2.32> <CoreInst = "RAM">   --->   Core 81 'RAM' <Latency = 1> <II = 1> <Delay = 2.32> <Storage> <Opcode : 'load' 'store'> <Ports = 2> <Width = 8> <Depth = 98> <RAM>
ST_3 : Operation 84 [1/2] ( I:2.32ns O:2.32ns )   --->   "%dense_ap_fixed_ap_fixed_ap_fixed_ap_fixed_8_5_5_3_0_temp_4_load = load i7 %dense_ap_fixed_ap_fixed_ap_fixed_ap_fixed_8_5_5_3_0_temp_4_addr" [../src/dense.cpp:35->../src/eight.cpp:55]   --->   Operation 84 'load' 'dense_ap_fixed_ap_fixed_ap_fixed_ap_fixed_8_5_5_3_0_temp_4_load' <Predicate = (!icmp_ln25)> <Delay = 2.32> <CoreInst = "RAM">   --->   Core 81 'RAM' <Latency = 1> <II = 1> <Delay = 2.32> <Storage> <Opcode : 'load' 'store'> <Ports = 2> <Width = 8> <Depth = 98> <RAM>
ST_3 : Operation 85 [1/1] (2.30ns)   --->   "%tmp = sparsemux i8 @_ssdm_op_SparseMux.ap_auto.8i8.i8.i3, i3 0, i8 %dense_ap_fixed_ap_fixed_ap_fixed_ap_fixed_8_5_5_3_0_temp_7_load, i3 1, i8 %dense_ap_fixed_ap_fixed_ap_fixed_ap_fixed_8_5_5_3_0_temp_3_load, i3 2, i8 %dense_ap_fixed_ap_fixed_ap_fixed_ap_fixed_8_5_5_3_0_temp_2_load, i3 3, i8 %dense_ap_fixed_ap_fixed_ap_fixed_ap_fixed_8_5_5_3_0_temp_1_load, i3 4, i8 %dense_ap_fixed_ap_fixed_ap_fixed_ap_fixed_8_5_5_3_0_temp_load, i3 5, i8 %dense_ap_fixed_ap_fixed_ap_fixed_ap_fixed_8_5_5_3_0_temp_6_load, i3 6, i8 %dense_ap_fixed_ap_fixed_ap_fixed_ap_fixed_8_5_5_3_0_temp_5_load, i3 7, i8 %dense_ap_fixed_ap_fixed_ap_fixed_ap_fixed_8_5_5_3_0_temp_4_load, i8 0, i3 %trunc_ln28" [../src/dense.cpp:35->../src/eight.cpp:55]   --->   Operation 85 'sparsemux' 'tmp' <Predicate = (!icmp_ln25)> <Delay = 2.30> <CoreInst = "BinarySparseMux_DontCare">   --->   Core 137 'BinarySparseMux_DontCare' <Latency = 0> <II = 1> <Delay = 2.30> <FuncUnit> <Opcode : 'sparsemux'> <InPorts = 2> <OutPorts = 1>
ST_3 : Operation 86 [1/1] (0.00ns)   --->   "%sext_ln35 = sext i8 %tmp" [../src/dense.cpp:35->../src/eight.cpp:55]   --->   Operation 86 'sext' 'sext_ln35' <Predicate = (!icmp_ln25)> <Delay = 0.00>
ST_3 : Operation 87 [1/1] (0.00ns)   --->   "%sext_ln35_1 = sext i8 %w_val" [../src/dense.cpp:35->../src/eight.cpp:55]   --->   Operation 87 'sext' 'sext_ln35_1' <Predicate = (!icmp_ln25)> <Delay = 0.00>
ST_3 : Operation 88 [3/3] (1.05ns) (grouped into DSP with root node add_ln35)   --->   "%mul_ln35 = mul i11 %sext_ln35, i11 %sext_ln35_1" [../src/dense.cpp:35->../src/eight.cpp:55]   --->   Operation 88 'mul' 'mul_ln35' <Predicate = (!icmp_ln25)> <Delay = 1.05> <CoreInst = "DSP48">   --->   Core 116 'DSP48' <Latency = 3> <II = 1> <Delay = 2.15> <IPBlock> <Opcode : 'add' 'sub' 'mul' 'select'> <InPorts = 0> <OutPorts = 1> <Sync> <CReg>

State 4 <SV = 3> <Delay = 1.05>
ST_4 : Operation 89 [2/3] (1.05ns) (grouped into DSP with root node add_ln35)   --->   "%mul_ln35 = mul i11 %sext_ln35, i11 %sext_ln35_1" [../src/dense.cpp:35->../src/eight.cpp:55]   --->   Operation 89 'mul' 'mul_ln35' <Predicate = (!icmp_ln25)> <Delay = 1.05> <CoreInst = "DSP48">   --->   Core 116 'DSP48' <Latency = 3> <II = 1> <Delay = 2.15> <IPBlock> <Opcode : 'add' 'sub' 'mul' 'select'> <InPorts = 0> <OutPorts = 1> <Sync> <CReg>

State 5 <SV = 4> <Delay = 2.10>
ST_5 : Operation 90 [1/1] (0.00ns)   --->   "%sum_3 = load i8 %sum_1"   --->   Operation 90 'load' 'sum_3' <Predicate = true> <Delay = 0.00>
ST_5 : Operation 91 [1/1] (0.00ns)   --->   "%specbitsmap_ln0 = specbitsmap void @_ssdm_op_SpecBitsMap, i8 %gmem1"   --->   Operation 91 'specbitsmap' 'specbitsmap_ln0' <Predicate = true> <Delay = 0.00>
ST_5 : Operation 92 [1/1] (0.00ns)   --->   "%specbitsmap_ln0 = specbitsmap void @_ssdm_op_SpecBitsMap, i8 %gmem0"   --->   Operation 92 'specbitsmap' 'specbitsmap_ln0' <Predicate = true> <Delay = 0.00>
ST_5 : Operation 93 [1/1] (0.00ns)   --->   "%sum1 = phi i8 %sum_3, void %for.inc36.i, i8 %sum, void %for.first.iter.for.body25.i"   --->   Operation 93 'phi' 'sum1' <Predicate = (!icmp_ln25)> <Delay = 0.00>
ST_5 : Operation 94 [1/3] (0.00ns) (grouped into DSP with root node add_ln35)   --->   "%mul_ln35 = mul i11 %sext_ln35, i11 %sext_ln35_1" [../src/dense.cpp:35->../src/eight.cpp:55]   --->   Operation 94 'mul' 'mul_ln35' <Predicate = (!icmp_ln25)> <Delay = 0.00> <CoreInst = "DSP48">   --->   Core 116 'DSP48' <Latency = 3> <II = 1> <Delay = 2.15> <IPBlock> <Opcode : 'add' 'sub' 'mul' 'select'> <InPorts = 0> <OutPorts = 1> <Sync> <CReg>
ST_5 : Operation 95 [1/1] (0.00ns)   --->   "%shl_ln = bitconcatenate i11 @_ssdm_op_BitConcatenate.i11.i8.i3, i8 %sum1, i3 0" [../src/dense.cpp:35->../src/eight.cpp:55]   --->   Operation 95 'bitconcatenate' 'shl_ln' <Predicate = (!icmp_ln25)> <Delay = 0.00>
ST_5 : Operation 96 [2/2] (2.10ns) (root node of the DSP)   --->   "%add_ln35 = add i11 %shl_ln, i11 %mul_ln35" [../src/dense.cpp:35->../src/eight.cpp:55]   --->   Operation 96 'add' 'add_ln35' <Predicate = (!icmp_ln25)> <Delay = 2.10> <CoreInst = "DSP48">   --->   Core 116 'DSP48' <Latency = 3> <II = 1> <Delay = 2.15> <IPBlock> <Opcode : 'add' 'sub' 'mul' 'select'> <InPorts = 0> <OutPorts = 1> <Sync> <CReg>

State 6 <SV = 5> <Delay = 4.20>
ST_6 : Operation 97 [1/1] (0.00ns)   --->   "%specpipeline_ln29 = specpipeline void @_ssdm_op_SpecPipeline, i32 1, i32 0, i32 0, i32 0, i32 4294967295, void @empty_8" [../src/dense.cpp:29->../src/eight.cpp:55]   --->   Operation 97 'specpipeline' 'specpipeline_ln29' <Predicate = true> <Delay = 0.00>
ST_6 : Operation 98 [1/2] (2.10ns) (root node of the DSP)   --->   "%add_ln35 = add i11 %shl_ln, i11 %mul_ln35" [../src/dense.cpp:35->../src/eight.cpp:55]   --->   Operation 98 'add' 'add_ln35' <Predicate = true> <Delay = 2.10> <CoreInst = "DSP48">   --->   Core 116 'DSP48' <Latency = 3> <II = 1> <Delay = 2.15> <IPBlock> <Opcode : 'add' 'sub' 'mul' 'select'> <InPorts = 0> <OutPorts = 1> <Sync> <CReg>
ST_6 : Operation 99 [1/1] (0.00ns)   --->   "%sum_2 = partselect i8 @_ssdm_op_PartSelect.i8.i11.i32.i32, i11 %add_ln35, i32 3, i32 10" [../src/dense.cpp:35->../src/eight.cpp:55]   --->   Operation 99 'partselect' 'sum_2' <Predicate = true> <Delay = 0.00>
ST_6 : Operation 100 [1/1] (0.00ns)   --->   "%store_ln26 = store i8 %sum_2, i8 %sum_1" [../src/dense.cpp:26->../src/eight.cpp:55]   --->   Operation 100 'store' 'store_ln26' <Predicate = true> <Delay = 0.00>
ST_6 : Operation 101 [1/1] (0.00ns)   --->   "%br_ln28 = br void %for.body25.i" [../src/dense.cpp:28->../src/eight.cpp:55]   --->   Operation 101 'br' 'br_ln28' <Predicate = true> <Delay = 0.00>
ST_6 : Operation 104 [1/1] (1.58ns)   --->   "%ret_ln0 = ret"   --->   Operation 104 'ret' 'ret_ln0' <Predicate = (icmp_ln25)> <Delay = 1.58>

State 7 <SV = 6> <Delay = 8.75>
ST_7 : Operation 102 [1/1] ( I:8.75ns O:8.75ns )   --->   "%write_ln37 = write void @_ssdm_op_Write.m_axi.p1i8.i8, i64 %gmem0_addr, i8 %sum_2, i1 1" [../src/dense.cpp:37->../src/eight.cpp:55]   --->   Operation 102 'write' 'write_ln37' <Predicate = (icmp_ln28_1)> <Delay = 8.75> <CoreInst = "m_axi">   --->   Core 111 'm_axi' <Latency = 5> <II = 1> <Delay = 1.00> <Adapter> <Opcode : 'readrequnaligned' 'writerequnaligned' 'read' 'write' 'readreq' 'writereq' 'writeresp'>
ST_7 : Operation 103 [1/1] (0.00ns)   --->   "%br_ln28 = br void %new.latch.for.body25.i.split" [../src/dense.cpp:28->../src/eight.cpp:55]   --->   Operation 103 'br' 'br_ln28' <Predicate = (icmp_ln28_1)> <Delay = 0.00>


============================================================
+ Verbose Summary: Binding
============================================================
STG Binding: 
---------------- STG Properties BEGIN ----------------
- Is combinational: 0
- Is one-state seq: 0
- Is datapath-only: 0
- Is pipelined: 0
- Is top level: 0
Port [ Return ] is wired: 1; IO mode=ap_ctrl_hs:ce=0
Port [ gmem1]:  wired=1; compound=1; hidden=0; nouse=0; global=0; static=0; extern=0; dir=0; type=4; pingpong=0; private_global=0; IO mode=m_axi:ce=0
Port [ gmem0]:  wired=1; compound=1; hidden=0; nouse=0; global=0; static=0; extern=0; dir=1; type=4; pingpong=0; private_global=0; IO mode=m_axi:ce=0
Port [ local_bias_reload]:  wired=1; compound=0; hidden=0; nouse=0; global=0; static=0; extern=0; dir=0; type=0; pingpong=0; private_global=0; IO mode=ap_none:ce=0
Port [ local_bias_1_reload]:  wired=1; compound=0; hidden=0; nouse=0; global=0; static=0; extern=0; dir=0; type=0; pingpong=0; private_global=0; IO mode=ap_none:ce=0
Port [ local_bias_2_reload]:  wired=1; compound=0; hidden=0; nouse=0; global=0; static=0; extern=0; dir=0; type=0; pingpong=0; private_global=0; IO mode=ap_none:ce=0
Port [ local_bias_3_reload]:  wired=1; compound=0; hidden=0; nouse=0; global=0; static=0; extern=0; dir=0; type=0; pingpong=0; private_global=0; IO mode=ap_none:ce=0
Port [ local_bias_4_reload]:  wired=1; compound=0; hidden=0; nouse=0; global=0; static=0; extern=0; dir=0; type=0; pingpong=0; private_global=0; IO mode=ap_none:ce=0
Port [ local_bias_5_reload]:  wired=1; compound=0; hidden=0; nouse=0; global=0; static=0; extern=0; dir=0; type=0; pingpong=0; private_global=0; IO mode=ap_none:ce=0
Port [ local_bias_6_reload]:  wired=1; compound=0; hidden=0; nouse=0; global=0; static=0; extern=0; dir=0; type=0; pingpong=0; private_global=0; IO mode=ap_none:ce=0
Port [ local_bias_7_reload]:  wired=1; compound=0; hidden=0; nouse=0; global=0; static=0; extern=0; dir=0; type=0; pingpong=0; private_global=0; IO mode=ap_none:ce=0
Port [ local_bias_8_reload]:  wired=1; compound=0; hidden=0; nouse=0; global=0; static=0; extern=0; dir=0; type=0; pingpong=0; private_global=0; IO mode=ap_none:ce=0
Port [ local_bias_9_reload]:  wired=1; compound=0; hidden=0; nouse=0; global=0; static=0; extern=0; dir=0; type=0; pingpong=0; private_global=0; IO mode=ap_none:ce=0
Port [ outputDense]:  wired=1; compound=0; hidden=0; nouse=0; global=0; static=0; extern=0; dir=0; type=0; pingpong=0; private_global=0; IO mode=ap_none:ce=0
Port [ fcWeight]:  wired=1; compound=0; hidden=0; nouse=0; global=0; static=0; extern=0; dir=0; type=0; pingpong=0; private_global=0; IO mode=ap_none:ce=0
Port [ dense_ap_fixed_ap_fixed_ap_fixed_ap_fixed_8_5_5_3_0_temp_7]:  wired=1; compound=1; hidden=0; nouse=0; global=1; static=1; extern=0; dir=0; type=1; pingpong=0; private_global=0; MemPort=[13]; IO mode=ap_memory:ce=0
Port [ dense_ap_fixed_ap_fixed_ap_fixed_ap_fixed_8_5_5_3_0_temp_3]:  wired=1; compound=1; hidden=0; nouse=0; global=1; static=1; extern=0; dir=0; type=1; pingpong=0; private_global=0; MemPort=[13]; IO mode=ap_memory:ce=0
Port [ dense_ap_fixed_ap_fixed_ap_fixed_ap_fixed_8_5_5_3_0_temp_2]:  wired=1; compound=1; hidden=0; nouse=0; global=1; static=1; extern=0; dir=0; type=1; pingpong=0; private_global=0; MemPort=[13]; IO mode=ap_memory:ce=0
Port [ dense_ap_fixed_ap_fixed_ap_fixed_ap_fixed_8_5_5_3_0_temp_1]:  wired=1; compound=1; hidden=0; nouse=0; global=1; static=1; extern=0; dir=0; type=1; pingpong=0; private_global=0; MemPort=[13]; IO mode=ap_memory:ce=0
Port [ dense_ap_fixed_ap_fixed_ap_fixed_ap_fixed_8_5_5_3_0_temp]:  wired=1; compound=1; hidden=0; nouse=0; global=1; static=1; extern=0; dir=0; type=1; pingpong=0; private_global=0; MemPort=[13]; IO mode=ap_memory:ce=0
Port [ dense_ap_fixed_ap_fixed_ap_fixed_ap_fixed_8_5_5_3_0_temp_6]:  wired=1; compound=1; hidden=0; nouse=0; global=1; static=1; extern=0; dir=0; type=1; pingpong=0; private_global=0; MemPort=[13]; IO mode=ap_memory:ce=0
Port [ dense_ap_fixed_ap_fixed_ap_fixed_ap_fixed_8_5_5_3_0_temp_5]:  wired=1; compound=1; hidden=0; nouse=0; global=1; static=1; extern=0; dir=0; type=1; pingpong=0; private_global=0; MemPort=[13]; IO mode=ap_memory:ce=0
Port [ dense_ap_fixed_ap_fixed_ap_fixed_ap_fixed_8_5_5_3_0_temp_4]:  wired=1; compound=1; hidden=0; nouse=0; global=1; static=1; extern=0; dir=0; type=1; pingpong=0; private_global=0; MemPort=[13]; IO mode=ap_memory:ce=0
---------------- STG Properties END ------------------

---------------- Datapath Model BEGIN ----------------

<LifeTime>
<method=bitvector/>
i                                                               (alloca           ) [ 01100000]
c                                                               (alloca           ) [ 01100000]
indvar_flatten                                                  (alloca           ) [ 01000000]
sum_1                                                           (alloca           ) [ 01111110]
specstablecontent_ln0                                           (specstablecontent) [ 00000000]
specinterface_ln0                                               (specinterface    ) [ 00000000]
specinterface_ln0                                               (specinterface    ) [ 00000000]
fcWeight_read                                                   (read             ) [ 01100000]
outputDense_read                                                (read             ) [ 01100000]
local_bias_9_reload_read                                        (read             ) [ 01100000]
local_bias_8_reload_read                                        (read             ) [ 01100000]
local_bias_7_reload_read                                        (read             ) [ 01100000]
local_bias_6_reload_read                                        (read             ) [ 01100000]
local_bias_5_reload_read                                        (read             ) [ 01100000]
local_bias_4_reload_read                                        (read             ) [ 01100000]
local_bias_3_reload_read                                        (read             ) [ 01100000]
local_bias_2_reload_read                                        (read             ) [ 01100000]
local_bias_1_reload_read                                        (read             ) [ 01100000]
local_bias_reload_read                                          (read             ) [ 01100000]
store_ln0                                                       (store            ) [ 00000000]
store_ln25                                                      (store            ) [ 00000000]
store_ln28                                                      (store            ) [ 00000000]
br_ln0                                                          (br               ) [ 00000000]
indvar_flatten_load                                             (load             ) [ 00000000]
icmp_ln25                                                       (icmp             ) [ 01111111]
add_ln25                                                        (add              ) [ 00000000]
br_ln25                                                         (br               ) [ 00000000]
store_ln25                                                      (store            ) [ 00000000]
i_load                                                          (load             ) [ 00000000]
c_load                                                          (load             ) [ 00000000]
gmem0_addr                                                      (getelementptr    ) [ 01011111]
gmem1_addr                                                      (getelementptr    ) [ 00000000]
specloopname_ln0                                                (specloopname     ) [ 00000000]
speclooptripcount_ln0                                           (speclooptripcount) [ 00000000]
icmp_ln28                                                       (icmp             ) [ 00000000]
select_ln25                                                     (select           ) [ 00000000]
add_ln25_1                                                      (add              ) [ 00000000]
select_ln25_1                                                   (select           ) [ 00000000]
first_iter_0                                                    (icmp             ) [ 01111111]
br_ln28                                                         (br               ) [ 01111100]
sum                                                             (sparsemux        ) [ 01111100]
br_ln28                                                         (br               ) [ 01111100]
trunc_ln28                                                      (trunc            ) [ 01010000]
lshr_ln1                                                        (partselect       ) [ 00000000]
zext_ln26                                                       (zext             ) [ 00000000]
w_val                                                           (read             ) [ 01010000]
dense_ap_fixed_ap_fixed_ap_fixed_ap_fixed_8_5_5_3_0_temp_7_addr (getelementptr    ) [ 01010000]
dense_ap_fixed_ap_fixed_ap_fixed_ap_fixed_8_5_5_3_0_temp_3_addr (getelementptr    ) [ 01010000]
dense_ap_fixed_ap_fixed_ap_fixed_ap_fixed_8_5_5_3_0_temp_2_addr (getelementptr    ) [ 01010000]
dense_ap_fixed_ap_fixed_ap_fixed_ap_fixed_8_5_5_3_0_temp_1_addr (getelementptr    ) [ 01010000]
dense_ap_fixed_ap_fixed_ap_fixed_ap_fixed_8_5_5_3_0_temp_addr   (getelementptr    ) [ 01010000]
dense_ap_fixed_ap_fixed_ap_fixed_ap_fixed_8_5_5_3_0_temp_6_addr (getelementptr    ) [ 01010000]
dense_ap_fixed_ap_fixed_ap_fixed_ap_fixed_8_5_5_3_0_temp_5_addr (getelementptr    ) [ 01010000]
dense_ap_fixed_ap_fixed_ap_fixed_ap_fixed_8_5_5_3_0_temp_4_addr (getelementptr    ) [ 01010000]
add_ln28                                                        (add              ) [ 00000000]
icmp_ln28_1                                                     (icmp             ) [ 01011111]
br_ln28                                                         (br               ) [ 00000000]
store_ln25                                                      (store            ) [ 00000000]
store_ln28                                                      (store            ) [ 00000000]
dense_ap_fixed_ap_fixed_ap_fixed_ap_fixed_8_5_5_3_0_temp_7_load (load             ) [ 00000000]
dense_ap_fixed_ap_fixed_ap_fixed_ap_fixed_8_5_5_3_0_temp_3_load (load             ) [ 00000000]
dense_ap_fixed_ap_fixed_ap_fixed_ap_fixed_8_5_5_3_0_temp_2_load (load             ) [ 00000000]
dense_ap_fixed_ap_fixed_ap_fixed_ap_fixed_8_5_5_3_0_temp_1_load (load             ) [ 00000000]
dense_ap_fixed_ap_fixed_ap_fixed_ap_fixed_8_5_5_3_0_temp_load   (load             ) [ 00000000]
dense_ap_fixed_ap_fixed_ap_fixed_ap_fixed_8_5_5_3_0_temp_6_load (load             ) [ 00000000]
dense_ap_fixed_ap_fixed_ap_fixed_ap_fixed_8_5_5_3_0_temp_5_load (load             ) [ 00000000]
dense_ap_fixed_ap_fixed_ap_fixed_ap_fixed_8_5_5_3_0_temp_4_load (load             ) [ 00000000]
tmp                                                             (sparsemux        ) [ 00000000]
sext_ln35                                                       (sext             ) [ 01001100]
sext_ln35_1                                                     (sext             ) [ 01001100]
sum_3                                                           (load             ) [ 00000000]
specbitsmap_ln0                                                 (specbitsmap      ) [ 00000000]
specbitsmap_ln0                                                 (specbitsmap      ) [ 00000000]
sum1                                                            (phi              ) [ 01011100]
mul_ln35                                                        (mul              ) [ 01000010]
shl_ln                                                          (bitconcatenate   ) [ 01000010]
specpipeline_ln29                                               (specpipeline     ) [ 00000000]
add_ln35                                                        (add              ) [ 00000000]
sum_2                                                           (partselect       ) [ 01000001]
store_ln26                                                      (store            ) [ 00000000]
br_ln28                                                         (br               ) [ 00000000]
write_ln37                                                      (write            ) [ 00000000]
br_ln28                                                         (br               ) [ 00000000]
ret_ln0                                                         (ret              ) [ 00000000]
</LifeTime>

<model>

<comp_list>
<comp id="0" class="1000" name="gmem1">
<pin_list>
<pin id="1" dir="1" index="0" bw="1" slack="0"/>
</pin_list>
<bind>
<StgValue><ssdm name="gmem1"/><MemPortTyVec>0 </MemPortTyVec>
</StgValue>
</bind>
</comp>

<comp id="2" class="1000" name="gmem0">
<pin_list>
<pin id="3" dir="1" index="0" bw="1" slack="0"/>
</pin_list>
<bind>
<StgValue><ssdm name="gmem0"/><MemPortTyVec>1 </MemPortTyVec>
</StgValue>
</bind>
</comp>

<comp id="4" class="1000" name="local_bias_reload">
<pin_list>
<pin id="5" dir="1" index="0" bw="1" slack="0"/>
</pin_list>
<bind>
<StgValue><ssdm name="local_bias_reload"/></StgValue>
</bind>
</comp>

<comp id="6" class="1000" name="local_bias_1_reload">
<pin_list>
<pin id="7" dir="1" index="0" bw="1" slack="0"/>
</pin_list>
<bind>
<StgValue><ssdm name="local_bias_1_reload"/></StgValue>
</bind>
</comp>

<comp id="8" class="1000" name="local_bias_2_reload">
<pin_list>
<pin id="9" dir="1" index="0" bw="1" slack="0"/>
</pin_list>
<bind>
<StgValue><ssdm name="local_bias_2_reload"/></StgValue>
</bind>
</comp>

<comp id="10" class="1000" name="local_bias_3_reload">
<pin_list>
<pin id="11" dir="1" index="0" bw="1" slack="0"/>
</pin_list>
<bind>
<StgValue><ssdm name="local_bias_3_reload"/></StgValue>
</bind>
</comp>

<comp id="12" class="1000" name="local_bias_4_reload">
<pin_list>
<pin id="13" dir="1" index="0" bw="1" slack="0"/>
</pin_list>
<bind>
<StgValue><ssdm name="local_bias_4_reload"/></StgValue>
</bind>
</comp>

<comp id="14" class="1000" name="local_bias_5_reload">
<pin_list>
<pin id="15" dir="1" index="0" bw="1" slack="0"/>
</pin_list>
<bind>
<StgValue><ssdm name="local_bias_5_reload"/></StgValue>
</bind>
</comp>

<comp id="16" class="1000" name="local_bias_6_reload">
<pin_list>
<pin id="17" dir="1" index="0" bw="1" slack="0"/>
</pin_list>
<bind>
<StgValue><ssdm name="local_bias_6_reload"/></StgValue>
</bind>
</comp>

<comp id="18" class="1000" name="local_bias_7_reload">
<pin_list>
<pin id="19" dir="1" index="0" bw="1" slack="0"/>
</pin_list>
<bind>
<StgValue><ssdm name="local_bias_7_reload"/></StgValue>
</bind>
</comp>

<comp id="20" class="1000" name="local_bias_8_reload">
<pin_list>
<pin id="21" dir="1" index="0" bw="1" slack="0"/>
</pin_list>
<bind>
<StgValue><ssdm name="local_bias_8_reload"/></StgValue>
</bind>
</comp>

<comp id="22" class="1000" name="local_bias_9_reload">
<pin_list>
<pin id="23" dir="1" index="0" bw="1" slack="0"/>
</pin_list>
<bind>
<StgValue><ssdm name="local_bias_9_reload"/></StgValue>
</bind>
</comp>

<comp id="24" class="1000" name="outputDense">
<pin_list>
<pin id="25" dir="1" index="0" bw="1" slack="0"/>
</pin_list>
<bind>
<StgValue><ssdm name="outputDense"/></StgValue>
</bind>
</comp>

<comp id="26" class="1000" name="fcWeight">
<pin_list>
<pin id="27" dir="1" index="0" bw="1" slack="0"/>
</pin_list>
<bind>
<StgValue><ssdm name="fcWeight"/></StgValue>
</bind>
</comp>

<comp id="28" class="1000" name="dense_ap_fixed_ap_fixed_ap_fixed_ap_fixed_8_5_5_3_0_temp_7">
<pin_list>
<pin id="29" dir="1" index="0" bw="1" slack="0"/>
</pin_list>
<bind>
<StgValue><ssdm name="dense_ap_fixed_ap_fixed_ap_fixed_ap_fixed_8_5_5_3_0_temp_7"/><MemPortTyVec>1 3 </MemPortTyVec>
</StgValue>
</bind>
</comp>

<comp id="30" class="1000" name="dense_ap_fixed_ap_fixed_ap_fixed_ap_fixed_8_5_5_3_0_temp_3">
<pin_list>
<pin id="31" dir="1" index="0" bw="1" slack="0"/>
</pin_list>
<bind>
<StgValue><ssdm name="dense_ap_fixed_ap_fixed_ap_fixed_ap_fixed_8_5_5_3_0_temp_3"/><MemPortTyVec>1 3 </MemPortTyVec>
</StgValue>
</bind>
</comp>

<comp id="32" class="1000" name="dense_ap_fixed_ap_fixed_ap_fixed_ap_fixed_8_5_5_3_0_temp_2">
<pin_list>
<pin id="33" dir="1" index="0" bw="1" slack="0"/>
</pin_list>
<bind>
<StgValue><ssdm name="dense_ap_fixed_ap_fixed_ap_fixed_ap_fixed_8_5_5_3_0_temp_2"/><MemPortTyVec>1 3 </MemPortTyVec>
</StgValue>
</bind>
</comp>

<comp id="34" class="1000" name="dense_ap_fixed_ap_fixed_ap_fixed_ap_fixed_8_5_5_3_0_temp_1">
<pin_list>
<pin id="35" dir="1" index="0" bw="1" slack="0"/>
</pin_list>
<bind>
<StgValue><ssdm name="dense_ap_fixed_ap_fixed_ap_fixed_ap_fixed_8_5_5_3_0_temp_1"/><MemPortTyVec>1 3 </MemPortTyVec>
</StgValue>
</bind>
</comp>

<comp id="36" class="1000" name="dense_ap_fixed_ap_fixed_ap_fixed_ap_fixed_8_5_5_3_0_temp">
<pin_list>
<pin id="37" dir="1" index="0" bw="1" slack="0"/>
</pin_list>
<bind>
<StgValue><ssdm name="dense_ap_fixed_ap_fixed_ap_fixed_ap_fixed_8_5_5_3_0_temp"/><MemPortTyVec>1 3 </MemPortTyVec>
</StgValue>
</bind>
</comp>

<comp id="38" class="1000" name="dense_ap_fixed_ap_fixed_ap_fixed_ap_fixed_8_5_5_3_0_temp_6">
<pin_list>
<pin id="39" dir="1" index="0" bw="1" slack="0"/>
</pin_list>
<bind>
<StgValue><ssdm name="dense_ap_fixed_ap_fixed_ap_fixed_ap_fixed_8_5_5_3_0_temp_6"/><MemPortTyVec>1 3 </MemPortTyVec>
</StgValue>
</bind>
</comp>

<comp id="40" class="1000" name="dense_ap_fixed_ap_fixed_ap_fixed_ap_fixed_8_5_5_3_0_temp_5">
<pin_list>
<pin id="41" dir="1" index="0" bw="1" slack="0"/>
</pin_list>
<bind>
<StgValue><ssdm name="dense_ap_fixed_ap_fixed_ap_fixed_ap_fixed_8_5_5_3_0_temp_5"/><MemPortTyVec>1 3 </MemPortTyVec>
</StgValue>
</bind>
</comp>

<comp id="42" class="1000" name="dense_ap_fixed_ap_fixed_ap_fixed_ap_fixed_8_5_5_3_0_temp_4">
<pin_list>
<pin id="43" dir="1" index="0" bw="1" slack="0"/>
</pin_list>
<bind>
<StgValue><ssdm name="dense_ap_fixed_ap_fixed_ap_fixed_ap_fixed_8_5_5_3_0_temp_4"/><MemPortTyVec>1 3 </MemPortTyVec>
</StgValue>
</bind>
</comp>

<comp id="44" class="1001" name="const_44">
<pin_list>
<pin id="45" dir="1" index="0" bw="1" slack="0"/>
</pin_list>
<bind>
<StgValue><ssdm name=""/></StgValue>
</bind>
</comp>

<comp id="46" class="1001" name="const_46">
<pin_list>
<pin id="47" dir="1" index="0" bw="1" slack="2147483647"/>
</pin_list>
<bind>
<StgValue><ssdm name="_ssdm_op_SpecStableContent"/></StgValue>
</bind>
</comp>

<comp id="48" class="1001" name="const_48">
<pin_list>
<pin id="49" dir="1" index="0" bw="1" slack="0"/>
</pin_list>
<bind>
<StgValue><ssdm name=""/></StgValue>
</bind>
</comp>

<comp id="50" class="1001" name="const_50">
<pin_list>
<pin id="51" dir="1" index="0" bw="1" slack="2147483647"/>
</pin_list>
<bind>
<StgValue><ssdm name=""/></StgValue>
</bind>
</comp>

<comp id="52" class="1001" name="const_52">
<pin_list>
<pin id="53" dir="1" index="0" bw="1" slack="2147483647"/>
</pin_list>
<bind>
<StgValue><ssdm name="_ssdm_op_SpecInterface"/></StgValue>
</bind>
</comp>

<comp id="54" class="1001" name="const_54">
<pin_list>
<pin id="55" dir="1" index="0" bw="1" slack="2147483647"/>
</pin_list>
<bind>
<StgValue><ssdm name="empty_7"/></StgValue>
</bind>
</comp>

<comp id="56" class="1001" name="const_56">
<pin_list>
<pin id="57" dir="1" index="0" bw="1" slack="2147483647"/>
</pin_list>
<bind>
<StgValue><ssdm name=""/></StgValue>
</bind>
</comp>

<comp id="58" class="1001" name="const_58">
<pin_list>
<pin id="59" dir="1" index="0" bw="1" slack="2147483647"/>
</pin_list>
<bind>
<StgValue><ssdm name="empty_8"/></StgValue>
</bind>
</comp>

<comp id="60" class="1001" name="const_60">
<pin_list>
<pin id="61" dir="1" index="0" bw="1" slack="2147483647"/>
</pin_list>
<bind>
<StgValue><ssdm name=""/></StgValue>
</bind>
</comp>

<comp id="62" class="1001" name="const_62">
<pin_list>
<pin id="63" dir="1" index="0" bw="1" slack="2147483647"/>
</pin_list>
<bind>
<StgValue><ssdm name="empty_32"/></StgValue>
</bind>
</comp>

<comp id="64" class="1001" name="const_64">
<pin_list>
<pin id="65" dir="1" index="0" bw="1" slack="2147483647"/>
</pin_list>
<bind>
<StgValue><ssdm name="empty_20"/></StgValue>
</bind>
</comp>

<comp id="66" class="1001" name="const_66">
<pin_list>
<pin id="67" dir="1" index="0" bw="1" slack="2147483647"/>
</pin_list>
<bind>
<StgValue><ssdm name=""/></StgValue>
</bind>
</comp>

<comp id="68" class="1001" name="const_68">
<pin_list>
<pin id="69" dir="1" index="0" bw="1" slack="2147483647"/>
</pin_list>
<bind>
<StgValue><ssdm name=""/></StgValue>
</bind>
</comp>

<comp id="70" class="1001" name="const_70">
<pin_list>
<pin id="71" dir="1" index="0" bw="1" slack="2147483647"/>
</pin_list>
<bind>
<StgValue><ssdm name=""/></StgValue>
</bind>
</comp>

<comp id="72" class="1001" name="const_72">
<pin_list>
<pin id="73" dir="1" index="0" bw="1" slack="2147483647"/>
</pin_list>
<bind>
<StgValue><ssdm name="empty_34"/></StgValue>
</bind>
</comp>

<comp id="74" class="1001" name="const_74">
<pin_list>
<pin id="75" dir="1" index="0" bw="1" slack="0"/>
</pin_list>
<bind>
<StgValue><ssdm name="_ssdm_op_Read.ap_auto.i64"/></StgValue>
</bind>
</comp>

<comp id="76" class="1001" name="const_76">
<pin_list>
<pin id="77" dir="1" index="0" bw="1" slack="0"/>
</pin_list>
<bind>
<StgValue><ssdm name="_ssdm_op_Read.ap_auto.i8"/></StgValue>
</bind>
</comp>

<comp id="78" class="1001" name="const_78">
<pin_list>
<pin id="79" dir="1" index="0" bw="1" slack="0"/>
</pin_list>
<bind>
<StgValue><ssdm name=""/></StgValue>
</bind>
</comp>

<comp id="80" class="1001" name="const_80">
<pin_list>
<pin id="81" dir="1" index="0" bw="1" slack="0"/>
</pin_list>
<bind>
<StgValue><ssdm name=""/></StgValue>
</bind>
</comp>

<comp id="82" class="1001" name="const_82">
<pin_list>
<pin id="83" dir="1" index="0" bw="1" slack="0"/>
</pin_list>
<bind>
<StgValue><ssdm name=""/></StgValue>
</bind>
</comp>

<comp id="84" class="1001" name="const_84">
<pin_list>
<pin id="85" dir="1" index="0" bw="1" slack="0"/>
</pin_list>
<bind>
<StgValue><ssdm name=""/></StgValue>
</bind>
</comp>

<comp id="86" class="1001" name="const_86">
<pin_list>
<pin id="87" dir="1" index="0" bw="1" slack="0"/>
</pin_list>
<bind>
<StgValue><ssdm name=""/></StgValue>
</bind>
</comp>

<comp id="88" class="1001" name="const_88">
<pin_list>
<pin id="89" dir="1" index="0" bw="1" slack="2147483647"/>
</pin_list>
<bind>
<StgValue><ssdm name="_ssdm_op_SpecLoopName"/></StgValue>
</bind>
</comp>

<comp id="90" class="1001" name="const_90">
<pin_list>
<pin id="91" dir="1" index="0" bw="1" slack="2147483647"/>
</pin_list>
<bind>
<StgValue><ssdm name="DENSE_OUTER_DENSE_INNER_str"/></StgValue>
</bind>
</comp>

<comp id="92" class="1001" name="const_92">
<pin_list>
<pin id="93" dir="1" index="0" bw="1" slack="2147483647"/>
</pin_list>
<bind>
<StgValue><ssdm name="_ssdm_op_SpecLoopTripCount"/></StgValue>
</bind>
</comp>

<comp id="94" class="1001" name="const_94">
<pin_list>
<pin id="95" dir="1" index="0" bw="1" slack="2147483647"/>
</pin_list>
<bind>
<StgValue><ssdm name=""/></StgValue>
</bind>
</comp>

<comp id="96" class="1001" name="const_96">
<pin_list>
<pin id="97" dir="1" index="0" bw="1" slack="0"/>
</pin_list>
<bind>
<StgValue><ssdm name=""/></StgValue>
</bind>
</comp>

<comp id="98" class="1001" name="const_98">
<pin_list>
<pin id="99" dir="1" index="0" bw="1" slack="0"/>
</pin_list>
<bind>
<StgValue><ssdm name=""/></StgValue>
</bind>
</comp>

<comp id="100" class="1001" name="const_100">
<pin_list>
<pin id="101" dir="1" index="0" bw="1" slack="0"/>
</pin_list>
<bind>
<StgValue><ssdm name="_ssdm_op_SparseMux.ap_auto.10i8.i8.i4"/></StgValue>
</bind>
</comp>

<comp id="102" class="1001" name="const_102">
<pin_list>
<pin id="103" dir="1" index="0" bw="1" slack="0"/>
</pin_list>
<bind>
<StgValue><ssdm name=""/></StgValue>
</bind>
</comp>

<comp id="104" class="1001" name="const_104">
<pin_list>
<pin id="105" dir="1" index="0" bw="1" slack="0"/>
</pin_list>
<bind>
<StgValue><ssdm name=""/></StgValue>
</bind>
</comp>

<comp id="106" class="1001" name="const_106">
<pin_list>
<pin id="107" dir="1" index="0" bw="1" slack="0"/>
</pin_list>
<bind>
<StgValue><ssdm name=""/></StgValue>
</bind>
</comp>

<comp id="108" class="1001" name="const_108">
<pin_list>
<pin id="109" dir="1" index="0" bw="1" slack="0"/>
</pin_list>
<bind>
<StgValue><ssdm name=""/></StgValue>
</bind>
</comp>

<comp id="110" class="1001" name="const_110">
<pin_list>
<pin id="111" dir="1" index="0" bw="1" slack="0"/>
</pin_list>
<bind>
<StgValue><ssdm name=""/></StgValue>
</bind>
</comp>

<comp id="112" class="1001" name="const_112">
<pin_list>
<pin id="113" dir="1" index="0" bw="1" slack="0"/>
</pin_list>
<bind>
<StgValue><ssdm name=""/></StgValue>
</bind>
</comp>

<comp id="114" class="1001" name="const_114">
<pin_list>
<pin id="115" dir="1" index="0" bw="1" slack="0"/>
</pin_list>
<bind>
<StgValue><ssdm name=""/></StgValue>
</bind>
</comp>

<comp id="116" class="1001" name="const_116">
<pin_list>
<pin id="117" dir="1" index="0" bw="1" slack="0"/>
</pin_list>
<bind>
<StgValue><ssdm name=""/></StgValue>
</bind>
</comp>

<comp id="118" class="1001" name="const_118">
<pin_list>
<pin id="119" dir="1" index="0" bw="1" slack="0"/>
</pin_list>
<bind>
<StgValue><ssdm name=""/></StgValue>
</bind>
</comp>

<comp id="120" class="1001" name="const_120">
<pin_list>
<pin id="121" dir="1" index="0" bw="1" slack="0"/>
</pin_list>
<bind>
<StgValue><ssdm name="_ssdm_op_PartSelect.i7.i10.i32.i32"/></StgValue>
</bind>
</comp>

<comp id="122" class="1001" name="const_122">
<pin_list>
<pin id="123" dir="1" index="0" bw="1" slack="0"/>
</pin_list>
<bind>
<StgValue><ssdm name=""/></StgValue>
</bind>
</comp>

<comp id="124" class="1001" name="const_124">
<pin_list>
<pin id="125" dir="1" index="0" bw="1" slack="0"/>
</pin_list>
<bind>
<StgValue><ssdm name=""/></StgValue>
</bind>
</comp>

<comp id="126" class="1001" name="const_126">
<pin_list>
<pin id="127" dir="1" index="0" bw="1" slack="0"/>
</pin_list>
<bind>
<StgValue><ssdm name="_ssdm_op_Read.m_axi.i8.p1i8"/></StgValue>
</bind>
</comp>

<comp id="128" class="1001" name="const_128">
<pin_list>
<pin id="129" dir="1" index="0" bw="1" slack="0"/>
</pin_list>
<bind>
<StgValue><ssdm name=""/></StgValue>
</bind>
</comp>

<comp id="130" class="1001" name="const_130">
<pin_list>
<pin id="131" dir="1" index="0" bw="1" slack="0"/>
</pin_list>
<bind>
<StgValue><ssdm name=""/></StgValue>
</bind>
</comp>

<comp id="132" class="1001" name="const_132">
<pin_list>
<pin id="133" dir="1" index="0" bw="1" slack="0"/>
</pin_list>
<bind>
<StgValue><ssdm name="_ssdm_op_SparseMux.ap_auto.8i8.i8.i3"/></StgValue>
</bind>
</comp>

<comp id="134" class="1001" name="const_134">
<pin_list>
<pin id="135" dir="1" index="0" bw="1" slack="0"/>
</pin_list>
<bind>
<StgValue><ssdm name=""/></StgValue>
</bind>
</comp>

<comp id="136" class="1001" name="const_136">
<pin_list>
<pin id="137" dir="1" index="0" bw="1" slack="0"/>
</pin_list>
<bind>
<StgValue><ssdm name=""/></StgValue>
</bind>
</comp>

<comp id="138" class="1001" name="const_138">
<pin_list>
<pin id="139" dir="1" index="0" bw="1" slack="0"/>
</pin_list>
<bind>
<StgValue><ssdm name=""/></StgValue>
</bind>
</comp>

<comp id="140" class="1001" name="const_140">
<pin_list>
<pin id="141" dir="1" index="0" bw="1" slack="0"/>
</pin_list>
<bind>
<StgValue><ssdm name=""/></StgValue>
</bind>
</comp>

<comp id="142" class="1001" name="const_142">
<pin_list>
<pin id="143" dir="1" index="0" bw="1" slack="0"/>
</pin_list>
<bind>
<StgValue><ssdm name=""/></StgValue>
</bind>
</comp>

<comp id="144" class="1001" name="const_144">
<pin_list>
<pin id="145" dir="1" index="0" bw="1" slack="0"/>
</pin_list>
<bind>
<StgValue><ssdm name=""/></StgValue>
</bind>
</comp>

<comp id="146" class="1001" name="const_146">
<pin_list>
<pin id="147" dir="1" index="0" bw="1" slack="0"/>
</pin_list>
<bind>
<StgValue><ssdm name=""/></StgValue>
</bind>
</comp>

<comp id="148" class="1001" name="const_148">
<pin_list>
<pin id="149" dir="1" index="0" bw="1" slack="0"/>
</pin_list>
<bind>
<StgValue><ssdm name=""/></StgValue>
</bind>
</comp>

<comp id="150" class="1001" name="const_150">
<pin_list>
<pin id="151" dir="1" index="0" bw="1" slack="2147483647"/>
</pin_list>
<bind>
<StgValue><ssdm name="_ssdm_op_SpecBitsMap"/></StgValue>
</bind>
</comp>

<comp id="152" class="1001" name="const_152">
<pin_list>
<pin id="153" dir="1" index="0" bw="1" slack="0"/>
</pin_list>
<bind>
<StgValue><ssdm name="_ssdm_op_BitConcatenate.i11.i8.i3"/></StgValue>
</bind>
</comp>

<comp id="154" class="1001" name="const_154">
<pin_list>
<pin id="155" dir="1" index="0" bw="1" slack="2147483647"/>
</pin_list>
<bind>
<StgValue><ssdm name="_ssdm_op_SpecPipeline"/></StgValue>
</bind>
</comp>

<comp id="156" class="1001" name="const_156">
<pin_list>
<pin id="157" dir="1" index="0" bw="1" slack="0"/>
</pin_list>
<bind>
<StgValue><ssdm name="_ssdm_op_PartSelect.i8.i11.i32.i32"/></StgValue>
</bind>
</comp>

<comp id="158" class="1001" name="const_158">
<pin_list>
<pin id="159" dir="1" index="0" bw="1" slack="0"/>
</pin_list>
<bind>
<StgValue><ssdm name=""/></StgValue>
</bind>
</comp>

<comp id="160" class="1001" name="const_160">
<pin_list>
<pin id="161" dir="1" index="0" bw="1" slack="0"/>
</pin_list>
<bind>
<StgValue><ssdm name="_ssdm_op_Write.m_axi.p1i8.i8"/></StgValue>
</bind>
</comp>

<comp id="162" class="1004" name="i_fu_162">
<pin_list>
<pin id="163" dir="0" index="0" bw="1" slack="0"/>
<pin id="164" dir="1" index="1" bw="10" slack="0"/>
</pin_list>
<bind>
<opcode="alloca(26) " fcode="alloca"/>
<opset="i/1 "/>
</bind>
</comp>

<comp id="166" class="1004" name="c_fu_166">
<pin_list>
<pin id="167" dir="0" index="0" bw="1" slack="0"/>
<pin id="168" dir="1" index="1" bw="4" slack="0"/>
</pin_list>
<bind>
<opcode="alloca(26) " fcode="alloca"/>
<opset="c/1 "/>
</bind>
</comp>

<comp id="170" class="1004" name="indvar_flatten_fu_170">
<pin_list>
<pin id="171" dir="0" index="0" bw="1" slack="0"/>
<pin id="172" dir="1" index="1" bw="13" slack="0"/>
</pin_list>
<bind>
<opcode="alloca(26) " fcode="alloca"/>
<opset="indvar_flatten/1 "/>
</bind>
</comp>

<comp id="174" class="1004" name="sum_1_fu_174">
<pin_list>
<pin id="175" dir="0" index="0" bw="1" slack="0"/>
<pin id="176" dir="1" index="1" bw="8" slack="4"/>
</pin_list>
<bind>
<opcode="alloca(26) " fcode="alloca"/>
<opset="sum_1/1 "/>
</bind>
</comp>

<comp id="178" class="1004" name="fcWeight_read_read_fu_178">
<pin_list>
<pin id="179" dir="0" index="0" bw="64" slack="0"/>
<pin id="180" dir="0" index="1" bw="64" slack="0"/>
<pin id="181" dir="1" index="2" bw="64" slack="1"/>
</pin_list>
<bind>
<opcode="read(1150) " fcode="read"/>
<opset="fcWeight_read/1 "/>
</bind>
</comp>

<comp id="184" class="1004" name="outputDense_read_read_fu_184">
<pin_list>
<pin id="185" dir="0" index="0" bw="64" slack="0"/>
<pin id="186" dir="0" index="1" bw="64" slack="0"/>
<pin id="187" dir="1" index="2" bw="64" slack="1"/>
</pin_list>
<bind>
<opcode="read(1150) " fcode="read"/>
<opset="outputDense_read/1 "/>
</bind>
</comp>

<comp id="190" class="1004" name="local_bias_9_reload_read_read_fu_190">
<pin_list>
<pin id="191" dir="0" index="0" bw="8" slack="0"/>
<pin id="192" dir="0" index="1" bw="8" slack="0"/>
<pin id="193" dir="1" index="2" bw="8" slack="1"/>
</pin_list>
<bind>
<opcode="read(1150) " fcode="read"/>
<opset="local_bias_9_reload_read/1 "/>
</bind>
</comp>

<comp id="196" class="1004" name="local_bias_8_reload_read_read_fu_196">
<pin_list>
<pin id="197" dir="0" index="0" bw="8" slack="0"/>
<pin id="198" dir="0" index="1" bw="8" slack="0"/>
<pin id="199" dir="1" index="2" bw="8" slack="1"/>
</pin_list>
<bind>
<opcode="read(1150) " fcode="read"/>
<opset="local_bias_8_reload_read/1 "/>
</bind>
</comp>

<comp id="202" class="1004" name="local_bias_7_reload_read_read_fu_202">
<pin_list>
<pin id="203" dir="0" index="0" bw="8" slack="0"/>
<pin id="204" dir="0" index="1" bw="8" slack="0"/>
<pin id="205" dir="1" index="2" bw="8" slack="1"/>
</pin_list>
<bind>
<opcode="read(1150) " fcode="read"/>
<opset="local_bias_7_reload_read/1 "/>
</bind>
</comp>

<comp id="208" class="1004" name="local_bias_6_reload_read_read_fu_208">
<pin_list>
<pin id="209" dir="0" index="0" bw="8" slack="0"/>
<pin id="210" dir="0" index="1" bw="8" slack="0"/>
<pin id="211" dir="1" index="2" bw="8" slack="1"/>
</pin_list>
<bind>
<opcode="read(1150) " fcode="read"/>
<opset="local_bias_6_reload_read/1 "/>
</bind>
</comp>

<comp id="214" class="1004" name="local_bias_5_reload_read_read_fu_214">
<pin_list>
<pin id="215" dir="0" index="0" bw="8" slack="0"/>
<pin id="216" dir="0" index="1" bw="8" slack="0"/>
<pin id="217" dir="1" index="2" bw="8" slack="1"/>
</pin_list>
<bind>
<opcode="read(1150) " fcode="read"/>
<opset="local_bias_5_reload_read/1 "/>
</bind>
</comp>

<comp id="220" class="1004" name="local_bias_4_reload_read_read_fu_220">
<pin_list>
<pin id="221" dir="0" index="0" bw="8" slack="0"/>
<pin id="222" dir="0" index="1" bw="8" slack="0"/>
<pin id="223" dir="1" index="2" bw="8" slack="1"/>
</pin_list>
<bind>
<opcode="read(1150) " fcode="read"/>
<opset="local_bias_4_reload_read/1 "/>
</bind>
</comp>

<comp id="226" class="1004" name="local_bias_3_reload_read_read_fu_226">
<pin_list>
<pin id="227" dir="0" index="0" bw="8" slack="0"/>
<pin id="228" dir="0" index="1" bw="8" slack="0"/>
<pin id="229" dir="1" index="2" bw="8" slack="1"/>
</pin_list>
<bind>
<opcode="read(1150) " fcode="read"/>
<opset="local_bias_3_reload_read/1 "/>
</bind>
</comp>

<comp id="232" class="1004" name="local_bias_2_reload_read_read_fu_232">
<pin_list>
<pin id="233" dir="0" index="0" bw="8" slack="0"/>
<pin id="234" dir="0" index="1" bw="8" slack="0"/>
<pin id="235" dir="1" index="2" bw="8" slack="1"/>
</pin_list>
<bind>
<opcode="read(1150) " fcode="read"/>
<opset="local_bias_2_reload_read/1 "/>
</bind>
</comp>

<comp id="238" class="1004" name="local_bias_1_reload_read_read_fu_238">
<pin_list>
<pin id="239" dir="0" index="0" bw="8" slack="0"/>
<pin id="240" dir="0" index="1" bw="8" slack="0"/>
<pin id="241" dir="1" index="2" bw="8" slack="1"/>
</pin_list>
<bind>
<opcode="read(1150) " fcode="read"/>
<opset="local_bias_1_reload_read/1 "/>
</bind>
</comp>

<comp id="244" class="1004" name="local_bias_reload_read_read_fu_244">
<pin_list>
<pin id="245" dir="0" index="0" bw="8" slack="0"/>
<pin id="246" dir="0" index="1" bw="8" slack="0"/>
<pin id="247" dir="1" index="2" bw="8" slack="1"/>
</pin_list>
<bind>
<opcode="read(1150) " fcode="read"/>
<opset="local_bias_reload_read/1 "/>
</bind>
</comp>

<comp id="250" class="1004" name="dense_ap_fixed_ap_fixed_ap_fixed_ap_fixed_8_5_5_3_0_temp_7_addr_gep_fu_250">
<pin_list>
<pin id="251" dir="0" index="0" bw="8" slack="0"/>
<pin id="252" dir="0" index="1" bw="1" slack="0"/>
<pin id="253" dir="0" index="2" bw="7" slack="0"/>
<pin id="254" dir="1" index="3" bw="7" slack="0"/>
</pin_list>
<bind>
<opcode="getelementptr(29) " fcode="getelementptr"/>
<opset="dense_ap_fixed_ap_fixed_ap_fixed_ap_fixed_8_5_5_3_0_temp_7_addr/2 "/>
</bind>
</comp>

<comp id="257" class="1004" name="dense_ap_fixed_ap_fixed_ap_fixed_ap_fixed_8_5_5_3_0_temp_3_addr_gep_fu_257">
<pin_list>
<pin id="258" dir="0" index="0" bw="8" slack="0"/>
<pin id="259" dir="0" index="1" bw="1" slack="0"/>
<pin id="260" dir="0" index="2" bw="7" slack="0"/>
<pin id="261" dir="1" index="3" bw="7" slack="0"/>
</pin_list>
<bind>
<opcode="getelementptr(29) " fcode="getelementptr"/>
<opset="dense_ap_fixed_ap_fixed_ap_fixed_ap_fixed_8_5_5_3_0_temp_3_addr/2 "/>
</bind>
</comp>

<comp id="264" class="1004" name="dense_ap_fixed_ap_fixed_ap_fixed_ap_fixed_8_5_5_3_0_temp_2_addr_gep_fu_264">
<pin_list>
<pin id="265" dir="0" index="0" bw="8" slack="0"/>
<pin id="266" dir="0" index="1" bw="1" slack="0"/>
<pin id="267" dir="0" index="2" bw="7" slack="0"/>
<pin id="268" dir="1" index="3" bw="7" slack="0"/>
</pin_list>
<bind>
<opcode="getelementptr(29) " fcode="getelementptr"/>
<opset="dense_ap_fixed_ap_fixed_ap_fixed_ap_fixed_8_5_5_3_0_temp_2_addr/2 "/>
</bind>
</comp>

<comp id="271" class="1004" name="dense_ap_fixed_ap_fixed_ap_fixed_ap_fixed_8_5_5_3_0_temp_1_addr_gep_fu_271">
<pin_list>
<pin id="272" dir="0" index="0" bw="8" slack="0"/>
<pin id="273" dir="0" index="1" bw="1" slack="0"/>
<pin id="274" dir="0" index="2" bw="7" slack="0"/>
<pin id="275" dir="1" index="3" bw="7" slack="0"/>
</pin_list>
<bind>
<opcode="getelementptr(29) " fcode="getelementptr"/>
<opset="dense_ap_fixed_ap_fixed_ap_fixed_ap_fixed_8_5_5_3_0_temp_1_addr/2 "/>
</bind>
</comp>

<comp id="278" class="1004" name="dense_ap_fixed_ap_fixed_ap_fixed_ap_fixed_8_5_5_3_0_temp_addr_gep_fu_278">
<pin_list>
<pin id="279" dir="0" index="0" bw="8" slack="0"/>
<pin id="280" dir="0" index="1" bw="1" slack="0"/>
<pin id="281" dir="0" index="2" bw="7" slack="0"/>
<pin id="282" dir="1" index="3" bw="7" slack="0"/>
</pin_list>
<bind>
<opcode="getelementptr(29) " fcode="getelementptr"/>
<opset="dense_ap_fixed_ap_fixed_ap_fixed_ap_fixed_8_5_5_3_0_temp_addr/2 "/>
</bind>
</comp>

<comp id="285" class="1004" name="dense_ap_fixed_ap_fixed_ap_fixed_ap_fixed_8_5_5_3_0_temp_6_addr_gep_fu_285">
<pin_list>
<pin id="286" dir="0" index="0" bw="8" slack="0"/>
<pin id="287" dir="0" index="1" bw="1" slack="0"/>
<pin id="288" dir="0" index="2" bw="7" slack="0"/>
<pin id="289" dir="1" index="3" bw="7" slack="0"/>
</pin_list>
<bind>
<opcode="getelementptr(29) " fcode="getelementptr"/>
<opset="dense_ap_fixed_ap_fixed_ap_fixed_ap_fixed_8_5_5_3_0_temp_6_addr/2 "/>
</bind>
</comp>

<comp id="292" class="1004" name="dense_ap_fixed_ap_fixed_ap_fixed_ap_fixed_8_5_5_3_0_temp_5_addr_gep_fu_292">
<pin_list>
<pin id="293" dir="0" index="0" bw="8" slack="0"/>
<pin id="294" dir="0" index="1" bw="1" slack="0"/>
<pin id="295" dir="0" index="2" bw="7" slack="0"/>
<pin id="296" dir="1" index="3" bw="7" slack="0"/>
</pin_list>
<bind>
<opcode="getelementptr(29) " fcode="getelementptr"/>
<opset="dense_ap_fixed_ap_fixed_ap_fixed_ap_fixed_8_5_5_3_0_temp_5_addr/2 "/>
</bind>
</comp>

<comp id="299" class="1004" name="dense_ap_fixed_ap_fixed_ap_fixed_ap_fixed_8_5_5_3_0_temp_4_addr_gep_fu_299">
<pin_list>
<pin id="300" dir="0" index="0" bw="8" slack="0"/>
<pin id="301" dir="0" index="1" bw="1" slack="0"/>
<pin id="302" dir="0" index="2" bw="7" slack="0"/>
<pin id="303" dir="1" index="3" bw="7" slack="0"/>
</pin_list>
<bind>
<opcode="getelementptr(29) " fcode="getelementptr"/>
<opset="dense_ap_fixed_ap_fixed_ap_fixed_ap_fixed_8_5_5_3_0_temp_4_addr/2 "/>
</bind>
</comp>

<comp id="306" class="1004" name="grp_access_fu_306">
<pin_list>
<pin id="307" dir="0" index="0" bw="7" slack="0"/>
<pin id="308" dir="0" index="1" bw="8" slack="2147483647"/>
<pin id="309" dir="0" index="2" bw="0" slack="2147483647"/>
<pin id="310" dir="1" index="3" bw="8" slack="0"/>
</pin_list>
<bind>
<opcode="load(27) " fcode="load"/>
<opset="dense_ap_fixed_ap_fixed_ap_fixed_ap_fixed_8_5_5_3_0_temp_7_load/2 "/>
</bind>
</comp>

<comp id="312" class="1004" name="grp_access_fu_312">
<pin_list>
<pin id="313" dir="0" index="0" bw="7" slack="0"/>
<pin id="314" dir="0" index="1" bw="8" slack="2147483647"/>
<pin id="315" dir="0" index="2" bw="0" slack="2147483647"/>
<pin id="316" dir="1" index="3" bw="8" slack="0"/>
</pin_list>
<bind>
<opcode="load(27) " fcode="load"/>
<opset="dense_ap_fixed_ap_fixed_ap_fixed_ap_fixed_8_5_5_3_0_temp_3_load/2 "/>
</bind>
</comp>

<comp id="318" class="1004" name="grp_access_fu_318">
<pin_list>
<pin id="319" dir="0" index="0" bw="7" slack="0"/>
<pin id="320" dir="0" index="1" bw="8" slack="2147483647"/>
<pin id="321" dir="0" index="2" bw="0" slack="2147483647"/>
<pin id="322" dir="1" index="3" bw="8" slack="0"/>
</pin_list>
<bind>
<opcode="load(27) " fcode="load"/>
<opset="dense_ap_fixed_ap_fixed_ap_fixed_ap_fixed_8_5_5_3_0_temp_2_load/2 "/>
</bind>
</comp>

<comp id="324" class="1004" name="grp_access_fu_324">
<pin_list>
<pin id="325" dir="0" index="0" bw="7" slack="0"/>
<pin id="326" dir="0" index="1" bw="8" slack="2147483647"/>
<pin id="327" dir="0" index="2" bw="0" slack="2147483647"/>
<pin id="328" dir="1" index="3" bw="8" slack="0"/>
</pin_list>
<bind>
<opcode="load(27) " fcode="load"/>
<opset="dense_ap_fixed_ap_fixed_ap_fixed_ap_fixed_8_5_5_3_0_temp_1_load/2 "/>
</bind>
</comp>

<comp id="330" class="1004" name="grp_access_fu_330">
<pin_list>
<pin id="331" dir="0" index="0" bw="7" slack="0"/>
<pin id="332" dir="0" index="1" bw="8" slack="2147483647"/>
<pin id="333" dir="0" index="2" bw="0" slack="2147483647"/>
<pin id="334" dir="1" index="3" bw="8" slack="0"/>
</pin_list>
<bind>
<opcode="load(27) " fcode="load"/>
<opset="dense_ap_fixed_ap_fixed_ap_fixed_ap_fixed_8_5_5_3_0_temp_load/2 "/>
</bind>
</comp>

<comp id="336" class="1004" name="grp_access_fu_336">
<pin_list>
<pin id="337" dir="0" index="0" bw="7" slack="0"/>
<pin id="338" dir="0" index="1" bw="8" slack="2147483647"/>
<pin id="339" dir="0" index="2" bw="0" slack="2147483647"/>
<pin id="340" dir="1" index="3" bw="8" slack="0"/>
</pin_list>
<bind>
<opcode="load(27) " fcode="load"/>
<opset="dense_ap_fixed_ap_fixed_ap_fixed_ap_fixed_8_5_5_3_0_temp_6_load/2 "/>
</bind>
</comp>

<comp id="342" class="1004" name="grp_access_fu_342">
<pin_list>
<pin id="343" dir="0" index="0" bw="7" slack="0"/>
<pin id="344" dir="0" index="1" bw="8" slack="2147483647"/>
<pin id="345" dir="0" index="2" bw="0" slack="2147483647"/>
<pin id="346" dir="1" index="3" bw="8" slack="0"/>
</pin_list>
<bind>
<opcode="load(27) " fcode="load"/>
<opset="dense_ap_fixed_ap_fixed_ap_fixed_ap_fixed_8_5_5_3_0_temp_5_load/2 "/>
</bind>
</comp>

<comp id="348" class="1004" name="grp_access_fu_348">
<pin_list>
<pin id="349" dir="0" index="0" bw="7" slack="0"/>
<pin id="350" dir="0" index="1" bw="8" slack="2147483647"/>
<pin id="351" dir="0" index="2" bw="0" slack="2147483647"/>
<pin id="352" dir="1" index="3" bw="8" slack="0"/>
</pin_list>
<bind>
<opcode="load(27) " fcode="load"/>
<opset="dense_ap_fixed_ap_fixed_ap_fixed_ap_fixed_8_5_5_3_0_temp_4_load/2 "/>
</bind>
</comp>

<comp id="354" class="1004" name="w_val_read_fu_354">
<pin_list>
<pin id="355" dir="0" index="0" bw="8" slack="0"/>
<pin id="356" dir="0" index="1" bw="8" slack="0"/>
<pin id="357" dir="1" index="2" bw="8" slack="1"/>
</pin_list>
<bind>
<opcode="read(1150) " fcode="read"/>
<opset="w_val/2 "/>
</bind>
</comp>

<comp id="359" class="1004" name="write_ln37_write_fu_359">
<pin_list>
<pin id="360" dir="0" index="0" bw="0" slack="0"/>
<pin id="361" dir="0" index="1" bw="8" slack="5"/>
<pin id="362" dir="0" index="2" bw="8" slack="1"/>
<pin id="363" dir="0" index="3" bw="1" slack="0"/>
<pin id="364" dir="1" index="4" bw="0" slack="2147483647"/>
</pin_list>
<bind>
<opcode="write(1151) " fcode="write"/>
<opset="write_ln37/7 "/>
</bind>
</comp>

<comp id="367" class="1005" name="sum1_reg_367">
<pin_list>
<pin id="368" dir="0" index="0" bw="8" slack="2147483647"/>
<pin id="369" dir="1" index="1" bw="8" slack="2147483647"/>
</pin_list>
<bind>
<opset="sum1 (phireg) "/>
</bind>
</comp>

<comp id="370" class="1004" name="sum1_phi_fu_370">
<pin_list>
<pin id="371" dir="0" index="0" bw="8" slack="0"/>
<pin id="372" dir="0" index="1" bw="0" slack="2147483647"/>
<pin id="373" dir="0" index="2" bw="8" slack="3"/>
<pin id="374" dir="0" index="3" bw="0" slack="2147483647"/>
<pin id="375" dir="1" index="4" bw="8" slack="0"/>
</pin_list>
<bind>
<opcode="phi(47) " fcode="phi"/>
<opset="sum1/5 "/>
</bind>
</comp>

<comp id="376" class="1004" name="store_ln0_store_fu_376">
<pin_list>
<pin id="377" dir="0" index="0" bw="1" slack="0"/>
<pin id="378" dir="0" index="1" bw="13" slack="0"/>
<pin id="379" dir="1" index="2" bw="0" slack="2147483647"/>
</pin_list>
<bind>
<opcode="store(28) " fcode="store"/>
<opset="store_ln0/1 "/>
</bind>
</comp>

<comp id="381" class="1004" name="store_ln25_store_fu_381">
<pin_list>
<pin id="382" dir="0" index="0" bw="1" slack="0"/>
<pin id="383" dir="0" index="1" bw="4" slack="0"/>
<pin id="384" dir="1" index="2" bw="0" slack="2147483647"/>
</pin_list>
<bind>
<opcode="store(28) " fcode="store"/>
<opset="store_ln25/1 "/>
</bind>
</comp>

<comp id="386" class="1004" name="store_ln28_store_fu_386">
<pin_list>
<pin id="387" dir="0" index="0" bw="1" slack="0"/>
<pin id="388" dir="0" index="1" bw="10" slack="0"/>
<pin id="389" dir="1" index="2" bw="0" slack="2147483647"/>
</pin_list>
<bind>
<opcode="store(28) " fcode="store"/>
<opset="store_ln28/1 "/>
</bind>
</comp>

<comp id="391" class="1004" name="indvar_flatten_load_load_fu_391">
<pin_list>
<pin id="392" dir="0" index="0" bw="13" slack="0"/>
<pin id="393" dir="1" index="1" bw="13" slack="0"/>
</pin_list>
<bind>
<opcode="load(27) " fcode="load"/>
<opset="indvar_flatten_load/1 "/>
</bind>
</comp>

<comp id="394" class="1004" name="icmp_ln25_fu_394">
<pin_list>
<pin id="395" dir="0" index="0" bw="13" slack="0"/>
<pin id="396" dir="0" index="1" bw="13" slack="0"/>
<pin id="397" dir="1" index="2" bw="1" slack="1"/>
</pin_list>
<bind>
<opcode="icmp(45) " fcode="icmp"/>
<opset="icmp_ln25/1 "/>
</bind>
</comp>

<comp id="400" class="1004" name="add_ln25_fu_400">
<pin_list>
<pin id="401" dir="0" index="0" bw="13" slack="0"/>
<pin id="402" dir="0" index="1" bw="1" slack="0"/>
<pin id="403" dir="1" index="2" bw="13" slack="0"/>
</pin_list>
<bind>
<opcode="add(8) " fcode="add"/>
<opset="add_ln25/1 "/>
</bind>
</comp>

<comp id="406" class="1004" name="store_ln25_store_fu_406">
<pin_list>
<pin id="407" dir="0" index="0" bw="13" slack="0"/>
<pin id="408" dir="0" index="1" bw="13" slack="0"/>
<pin id="409" dir="1" index="2" bw="0" slack="2147483647"/>
</pin_list>
<bind>
<opcode="store(28) " fcode="store"/>
<opset="store_ln25/1 "/>
</bind>
</comp>

<comp id="411" class="1004" name="i_load_load_fu_411">
<pin_list>
<pin id="412" dir="0" index="0" bw="10" slack="1"/>
<pin id="413" dir="1" index="1" bw="10" slack="0"/>
</pin_list>
<bind>
<opcode="load(27) " fcode="load"/>
<opset="i_load/2 "/>
</bind>
</comp>

<comp id="414" class="1004" name="c_load_load_fu_414">
<pin_list>
<pin id="415" dir="0" index="0" bw="4" slack="1"/>
<pin id="416" dir="1" index="1" bw="4" slack="0"/>
</pin_list>
<bind>
<opcode="load(27) " fcode="load"/>
<opset="c_load/2 "/>
</bind>
</comp>

<comp id="417" class="1004" name="gmem0_addr_fu_417">
<pin_list>
<pin id="418" dir="0" index="0" bw="64" slack="0"/>
<pin id="419" dir="0" index="1" bw="64" slack="1"/>
<pin id="420" dir="1" index="2" bw="64" slack="5"/>
</pin_list>
<bind>
<opcode="getelementptr(29) " fcode="getelementptr"/>
<opset="gmem0_addr/2 "/>
</bind>
</comp>

<comp id="422" class="1004" name="gmem1_addr_fu_422">
<pin_list>
<pin id="423" dir="0" index="0" bw="64" slack="0"/>
<pin id="424" dir="0" index="1" bw="64" slack="1"/>
<pin id="425" dir="1" index="2" bw="64" slack="0"/>
</pin_list>
<bind>
<opcode="getelementptr(29) " fcode="getelementptr"/>
<opset="gmem1_addr/2 "/>
</bind>
</comp>

<comp id="428" class="1004" name="icmp_ln28_fu_428">
<pin_list>
<pin id="429" dir="0" index="0" bw="10" slack="0"/>
<pin id="430" dir="0" index="1" bw="10" slack="0"/>
<pin id="431" dir="1" index="2" bw="1" slack="0"/>
</pin_list>
<bind>
<opcode="icmp(45) " fcode="icmp"/>
<opset="icmp_ln28/2 "/>
</bind>
</comp>

<comp id="434" class="1004" name="select_ln25_fu_434">
<pin_list>
<pin id="435" dir="0" index="0" bw="1" slack="0"/>
<pin id="436" dir="0" index="1" bw="10" slack="0"/>
<pin id="437" dir="0" index="2" bw="10" slack="0"/>
<pin id="438" dir="1" index="3" bw="10" slack="0"/>
</pin_list>
<bind>
<opcode="select(49) " fcode="select"/>
<opset="select_ln25/2 "/>
</bind>
</comp>

<comp id="442" class="1004" name="add_ln25_1_fu_442">
<pin_list>
<pin id="443" dir="0" index="0" bw="4" slack="0"/>
<pin id="444" dir="0" index="1" bw="1" slack="0"/>
<pin id="445" dir="1" index="2" bw="4" slack="0"/>
</pin_list>
<bind>
<opcode="add(8) " fcode="add"/>
<opset="add_ln25_1/2 "/>
</bind>
</comp>

<comp id="448" class="1004" name="select_ln25_1_fu_448">
<pin_list>
<pin id="449" dir="0" index="0" bw="1" slack="0"/>
<pin id="450" dir="0" index="1" bw="4" slack="0"/>
<pin id="451" dir="0" index="2" bw="4" slack="0"/>
<pin id="452" dir="1" index="3" bw="4" slack="0"/>
</pin_list>
<bind>
<opcode="select(49) " fcode="select"/>
<opset="select_ln25_1/2 "/>
</bind>
</comp>

<comp id="456" class="1004" name="first_iter_0_fu_456">
<pin_list>
<pin id="457" dir="0" index="0" bw="10" slack="0"/>
<pin id="458" dir="0" index="1" bw="10" slack="0"/>
<pin id="459" dir="1" index="2" bw="1" slack="1"/>
</pin_list>
<bind>
<opcode="icmp(45) " fcode="icmp"/>
<opset="first_iter_0/2 "/>
</bind>
</comp>

<comp id="462" class="1004" name="sum_fu_462">
<pin_list>
<pin id="463" dir="0" index="0" bw="8" slack="0"/>
<pin id="464" dir="0" index="1" bw="4" slack="0"/>
<pin id="465" dir="0" index="2" bw="8" slack="1"/>
<pin id="466" dir="0" index="3" bw="4" slack="0"/>
<pin id="467" dir="0" index="4" bw="8" slack="1"/>
<pin id="468" dir="0" index="5" bw="4" slack="0"/>
<pin id="469" dir="0" index="6" bw="8" slack="1"/>
<pin id="470" dir="0" index="7" bw="4" slack="0"/>
<pin id="471" dir="0" index="8" bw="8" slack="1"/>
<pin id="472" dir="0" index="9" bw="4" slack="0"/>
<pin id="473" dir="0" index="10" bw="8" slack="1"/>
<pin id="474" dir="0" index="11" bw="4" slack="0"/>
<pin id="475" dir="0" index="12" bw="8" slack="1"/>
<pin id="476" dir="0" index="13" bw="4" slack="0"/>
<pin id="477" dir="0" index="14" bw="8" slack="1"/>
<pin id="478" dir="0" index="15" bw="4" slack="0"/>
<pin id="479" dir="0" index="16" bw="8" slack="1"/>
<pin id="480" dir="0" index="17" bw="4" slack="0"/>
<pin id="481" dir="0" index="18" bw="8" slack="1"/>
<pin id="482" dir="0" index="19" bw="4" slack="0"/>
<pin id="483" dir="0" index="20" bw="8" slack="1"/>
<pin id="484" dir="0" index="21" bw="8" slack="0"/>
<pin id="485" dir="0" index="22" bw="4" slack="0"/>
<pin id="486" dir="1" index="23" bw="8" slack="3"/>
</pin_list>
<bind>
<opcode="sparsemux(1197) " fcode="sparsemux"/>
<opset="sum/2 "/>
</bind>
</comp>

<comp id="500" class="1004" name="trunc_ln28_fu_500">
<pin_list>
<pin id="501" dir="0" index="0" bw="10" slack="0"/>
<pin id="502" dir="1" index="1" bw="3" slack="1"/>
</pin_list>
<bind>
<opcode="trunc(33) " fcode="trunc"/>
<opset="trunc_ln28/2 "/>
</bind>
</comp>

<comp id="504" class="1004" name="lshr_ln1_fu_504">
<pin_list>
<pin id="505" dir="0" index="0" bw="7" slack="0"/>
<pin id="506" dir="0" index="1" bw="10" slack="0"/>
<pin id="507" dir="0" index="2" bw="3" slack="0"/>
<pin id="508" dir="0" index="3" bw="5" slack="0"/>
<pin id="509" dir="1" index="4" bw="7" slack="0"/>
</pin_list>
<bind>
<opcode="partselect(1002) " fcode="partselect"/>
<opset="lshr_ln1/2 "/>
</bind>
</comp>

<comp id="514" class="1004" name="zext_ln26_fu_514">
<pin_list>
<pin id="515" dir="0" index="0" bw="7" slack="0"/>
<pin id="516" dir="1" index="1" bw="64" slack="0"/>
</pin_list>
<bind>
<opcode="zext(34) " fcode="zext"/>
<opset="zext_ln26/2 "/>
</bind>
</comp>

<comp id="526" class="1004" name="add_ln28_fu_526">
<pin_list>
<pin id="527" dir="0" index="0" bw="10" slack="0"/>
<pin id="528" dir="0" index="1" bw="1" slack="0"/>
<pin id="529" dir="1" index="2" bw="10" slack="0"/>
</pin_list>
<bind>
<opcode="add(8) " fcode="add"/>
<opset="add_ln28/2 "/>
</bind>
</comp>

<comp id="532" class="1004" name="icmp_ln28_1_fu_532">
<pin_list>
<pin id="533" dir="0" index="0" bw="10" slack="0"/>
<pin id="534" dir="0" index="1" bw="10" slack="0"/>
<pin id="535" dir="1" index="2" bw="1" slack="5"/>
</pin_list>
<bind>
<opcode="icmp(45) " fcode="icmp"/>
<opset="icmp_ln28_1/2 "/>
</bind>
</comp>

<comp id="538" class="1004" name="store_ln25_store_fu_538">
<pin_list>
<pin id="539" dir="0" index="0" bw="4" slack="0"/>
<pin id="540" dir="0" index="1" bw="4" slack="1"/>
<pin id="541" dir="1" index="2" bw="0" slack="2147483647"/>
</pin_list>
<bind>
<opcode="store(28) " fcode="store"/>
<opset="store_ln25/2 "/>
</bind>
</comp>

<comp id="543" class="1004" name="store_ln28_store_fu_543">
<pin_list>
<pin id="544" dir="0" index="0" bw="10" slack="0"/>
<pin id="545" dir="0" index="1" bw="10" slack="1"/>
<pin id="546" dir="1" index="2" bw="0" slack="2147483647"/>
</pin_list>
<bind>
<opcode="store(28) " fcode="store"/>
<opset="store_ln28/2 "/>
</bind>
</comp>

<comp id="548" class="1004" name="tmp_fu_548">
<pin_list>
<pin id="549" dir="0" index="0" bw="8" slack="0"/>
<pin id="550" dir="0" index="1" bw="3" slack="0"/>
<pin id="551" dir="0" index="2" bw="8" slack="0"/>
<pin id="552" dir="0" index="3" bw="3" slack="0"/>
<pin id="553" dir="0" index="4" bw="8" slack="0"/>
<pin id="554" dir="0" index="5" bw="3" slack="0"/>
<pin id="555" dir="0" index="6" bw="8" slack="0"/>
<pin id="556" dir="0" index="7" bw="3" slack="0"/>
<pin id="557" dir="0" index="8" bw="8" slack="0"/>
<pin id="558" dir="0" index="9" bw="3" slack="0"/>
<pin id="559" dir="0" index="10" bw="8" slack="0"/>
<pin id="560" dir="0" index="11" bw="3" slack="0"/>
<pin id="561" dir="0" index="12" bw="8" slack="0"/>
<pin id="562" dir="0" index="13" bw="3" slack="0"/>
<pin id="563" dir="0" index="14" bw="8" slack="0"/>
<pin id="564" dir="0" index="15" bw="3" slack="0"/>
<pin id="565" dir="0" index="16" bw="8" slack="0"/>
<pin id="566" dir="0" index="17" bw="8" slack="0"/>
<pin id="567" dir="0" index="18" bw="3" slack="1"/>
<pin id="568" dir="1" index="19" bw="8" slack="0"/>
</pin_list>
<bind>
<opcode="sparsemux(1197) " fcode="sparsemux"/>
<opset="tmp/3 "/>
</bind>
</comp>

<comp id="587" class="1004" name="sext_ln35_fu_587">
<pin_list>
<pin id="588" dir="0" index="0" bw="8" slack="0"/>
<pin id="589" dir="1" index="1" bw="11" slack="0"/>
</pin_list>
<bind>
<opcode="sext(35) " fcode="sext"/>
<opset="sext_ln35/3 "/>
</bind>
</comp>

<comp id="591" class="1004" name="sext_ln35_1_fu_591">
<pin_list>
<pin id="592" dir="0" index="0" bw="8" slack="1"/>
<pin id="593" dir="1" index="1" bw="11" slack="0"/>
</pin_list>
<bind>
<opcode="sext(35) " fcode="sext"/>
<opset="sext_ln35_1/3 "/>
</bind>
</comp>

<comp id="594" class="1004" name="sum_3_load_fu_594">
<pin_list>
<pin id="595" dir="0" index="0" bw="8" slack="4"/>
<pin id="596" dir="1" index="1" bw="8" slack="0"/>
</pin_list>
<bind>
<opcode="load(27) " fcode="load"/>
<opset="sum_3/5 "/>
</bind>
</comp>

<comp id="598" class="1004" name="shl_ln_fu_598">
<pin_list>
<pin id="599" dir="0" index="0" bw="11" slack="0"/>
<pin id="600" dir="0" index="1" bw="8" slack="0"/>
<pin id="601" dir="0" index="2" bw="1" slack="0"/>
<pin id="602" dir="1" index="3" bw="11" slack="0"/>
</pin_list>
<bind>
<opcode="bitconcatenate(1004) " fcode="bitconcatenate"/>
<opset="shl_ln/5 "/>
</bind>
</comp>

<comp id="606" class="1004" name="sum_2_fu_606">
<pin_list>
<pin id="607" dir="0" index="0" bw="8" slack="0"/>
<pin id="608" dir="0" index="1" bw="11" slack="0"/>
<pin id="609" dir="0" index="2" bw="3" slack="0"/>
<pin id="610" dir="0" index="3" bw="5" slack="0"/>
<pin id="611" dir="1" index="4" bw="8" slack="0"/>
</pin_list>
<bind>
<opcode="partselect(1002) " fcode="partselect"/>
<opset="sum_2/6 "/>
</bind>
</comp>

<comp id="615" class="1004" name="store_ln26_store_fu_615">
<pin_list>
<pin id="616" dir="0" index="0" bw="8" slack="0"/>
<pin id="617" dir="0" index="1" bw="8" slack="5"/>
<pin id="618" dir="1" index="2" bw="0" slack="2147483647"/>
</pin_list>
<bind>
<opcode="store(28) " fcode="store"/>
<opset="store_ln26/6 "/>
</bind>
</comp>

<comp id="620" class="1007" name="grp_fu_620">
<pin_list>
<pin id="621" dir="0" index="0" bw="8" slack="0"/>
<pin id="622" dir="0" index="1" bw="8" slack="0"/>
<pin id="623" dir="0" index="2" bw="11" slack="0"/>
<pin id="624" dir="1" index="3" bw="11" slack="0"/>
</pin_list>
<bind>
<opcode="muladd(1172) " fcode="muladd"/>
<opset="mul_ln35/3 add_ln35/5 "/>
</bind>
</comp>

<comp id="629" class="1005" name="i_reg_629">
<pin_list>
<pin id="630" dir="0" index="0" bw="10" slack="0"/>
<pin id="631" dir="1" index="1" bw="10" slack="0"/>
</pin_list>
<bind>
<opset="i "/>
</bind>
</comp>

<comp id="636" class="1005" name="c_reg_636">
<pin_list>
<pin id="637" dir="0" index="0" bw="4" slack="0"/>
<pin id="638" dir="1" index="1" bw="4" slack="0"/>
</pin_list>
<bind>
<opset="c "/>
</bind>
</comp>

<comp id="643" class="1005" name="indvar_flatten_reg_643">
<pin_list>
<pin id="644" dir="0" index="0" bw="13" slack="0"/>
<pin id="645" dir="1" index="1" bw="13" slack="0"/>
</pin_list>
<bind>
<opset="indvar_flatten "/>
</bind>
</comp>

<comp id="650" class="1005" name="sum_1_reg_650">
<pin_list>
<pin id="651" dir="0" index="0" bw="8" slack="4"/>
<pin id="652" dir="1" index="1" bw="8" slack="4"/>
</pin_list>
<bind>
<opset="sum_1 "/>
</bind>
</comp>

<comp id="656" class="1005" name="fcWeight_read_reg_656">
<pin_list>
<pin id="657" dir="0" index="0" bw="64" slack="1"/>
<pin id="658" dir="1" index="1" bw="64" slack="1"/>
</pin_list>
<bind>
<opset="fcWeight_read "/>
</bind>
</comp>

<comp id="661" class="1005" name="outputDense_read_reg_661">
<pin_list>
<pin id="662" dir="0" index="0" bw="64" slack="1"/>
<pin id="663" dir="1" index="1" bw="64" slack="1"/>
</pin_list>
<bind>
<opset="outputDense_read "/>
</bind>
</comp>

<comp id="666" class="1005" name="local_bias_9_reload_read_reg_666">
<pin_list>
<pin id="667" dir="0" index="0" bw="8" slack="1"/>
<pin id="668" dir="1" index="1" bw="8" slack="1"/>
</pin_list>
<bind>
<opset="local_bias_9_reload_read "/>
</bind>
</comp>

<comp id="671" class="1005" name="local_bias_8_reload_read_reg_671">
<pin_list>
<pin id="672" dir="0" index="0" bw="8" slack="1"/>
<pin id="673" dir="1" index="1" bw="8" slack="1"/>
</pin_list>
<bind>
<opset="local_bias_8_reload_read "/>
</bind>
</comp>

<comp id="676" class="1005" name="local_bias_7_reload_read_reg_676">
<pin_list>
<pin id="677" dir="0" index="0" bw="8" slack="1"/>
<pin id="678" dir="1" index="1" bw="8" slack="1"/>
</pin_list>
<bind>
<opset="local_bias_7_reload_read "/>
</bind>
</comp>

<comp id="681" class="1005" name="local_bias_6_reload_read_reg_681">
<pin_list>
<pin id="682" dir="0" index="0" bw="8" slack="1"/>
<pin id="683" dir="1" index="1" bw="8" slack="1"/>
</pin_list>
<bind>
<opset="local_bias_6_reload_read "/>
</bind>
</comp>

<comp id="686" class="1005" name="local_bias_5_reload_read_reg_686">
<pin_list>
<pin id="687" dir="0" index="0" bw="8" slack="1"/>
<pin id="688" dir="1" index="1" bw="8" slack="1"/>
</pin_list>
<bind>
<opset="local_bias_5_reload_read "/>
</bind>
</comp>

<comp id="691" class="1005" name="local_bias_4_reload_read_reg_691">
<pin_list>
<pin id="692" dir="0" index="0" bw="8" slack="1"/>
<pin id="693" dir="1" index="1" bw="8" slack="1"/>
</pin_list>
<bind>
<opset="local_bias_4_reload_read "/>
</bind>
</comp>

<comp id="696" class="1005" name="local_bias_3_reload_read_reg_696">
<pin_list>
<pin id="697" dir="0" index="0" bw="8" slack="1"/>
<pin id="698" dir="1" index="1" bw="8" slack="1"/>
</pin_list>
<bind>
<opset="local_bias_3_reload_read "/>
</bind>
</comp>

<comp id="701" class="1005" name="local_bias_2_reload_read_reg_701">
<pin_list>
<pin id="702" dir="0" index="0" bw="8" slack="1"/>
<pin id="703" dir="1" index="1" bw="8" slack="1"/>
</pin_list>
<bind>
<opset="local_bias_2_reload_read "/>
</bind>
</comp>

<comp id="706" class="1005" name="local_bias_1_reload_read_reg_706">
<pin_list>
<pin id="707" dir="0" index="0" bw="8" slack="1"/>
<pin id="708" dir="1" index="1" bw="8" slack="1"/>
</pin_list>
<bind>
<opset="local_bias_1_reload_read "/>
</bind>
</comp>

<comp id="711" class="1005" name="local_bias_reload_read_reg_711">
<pin_list>
<pin id="712" dir="0" index="0" bw="8" slack="1"/>
<pin id="713" dir="1" index="1" bw="8" slack="1"/>
</pin_list>
<bind>
<opset="local_bias_reload_read "/>
</bind>
</comp>

<comp id="716" class="1005" name="icmp_ln25_reg_716">
<pin_list>
<pin id="717" dir="0" index="0" bw="1" slack="1"/>
<pin id="718" dir="1" index="1" bw="1" slack="2147483647"/>
</pin_list>
<bind>
<opset="icmp_ln25 "/>
</bind>
</comp>

<comp id="720" class="1005" name="gmem0_addr_reg_720">
<pin_list>
<pin id="721" dir="0" index="0" bw="8" slack="5"/>
<pin id="722" dir="1" index="1" bw="8" slack="5"/>
</pin_list>
<bind>
<opset="gmem0_addr "/>
</bind>
</comp>

<comp id="725" class="1005" name="first_iter_0_reg_725">
<pin_list>
<pin id="726" dir="0" index="0" bw="1" slack="1"/>
<pin id="727" dir="1" index="1" bw="1" slack="2147483647"/>
</pin_list>
<bind>
<opset="first_iter_0 "/>
</bind>
</comp>

<comp id="729" class="1005" name="sum_reg_729">
<pin_list>
<pin id="730" dir="0" index="0" bw="8" slack="3"/>
<pin id="731" dir="1" index="1" bw="8" slack="3"/>
</pin_list>
<bind>
<opset="sum "/>
</bind>
</comp>

<comp id="734" class="1005" name="trunc_ln28_reg_734">
<pin_list>
<pin id="735" dir="0" index="0" bw="3" slack="1"/>
<pin id="736" dir="1" index="1" bw="3" slack="1"/>
</pin_list>
<bind>
<opset="trunc_ln28 "/>
</bind>
</comp>

<comp id="739" class="1005" name="w_val_reg_739">
<pin_list>
<pin id="740" dir="0" index="0" bw="8" slack="1"/>
<pin id="741" dir="1" index="1" bw="8" slack="1"/>
</pin_list>
<bind>
<opset="w_val "/>
</bind>
</comp>

<comp id="744" class="1005" name="dense_ap_fixed_ap_fixed_ap_fixed_ap_fixed_8_5_5_3_0_temp_7_addr_reg_744">
<pin_list>
<pin id="745" dir="0" index="0" bw="7" slack="1"/>
<pin id="746" dir="1" index="1" bw="7" slack="1"/>
</pin_list>
<bind>
<opset="dense_ap_fixed_ap_fixed_ap_fixed_ap_fixed_8_5_5_3_0_temp_7_addr "/>
</bind>
</comp>

<comp id="749" class="1005" name="dense_ap_fixed_ap_fixed_ap_fixed_ap_fixed_8_5_5_3_0_temp_3_addr_reg_749">
<pin_list>
<pin id="750" dir="0" index="0" bw="7" slack="1"/>
<pin id="751" dir="1" index="1" bw="7" slack="1"/>
</pin_list>
<bind>
<opset="dense_ap_fixed_ap_fixed_ap_fixed_ap_fixed_8_5_5_3_0_temp_3_addr "/>
</bind>
</comp>

<comp id="754" class="1005" name="dense_ap_fixed_ap_fixed_ap_fixed_ap_fixed_8_5_5_3_0_temp_2_addr_reg_754">
<pin_list>
<pin id="755" dir="0" index="0" bw="7" slack="1"/>
<pin id="756" dir="1" index="1" bw="7" slack="1"/>
</pin_list>
<bind>
<opset="dense_ap_fixed_ap_fixed_ap_fixed_ap_fixed_8_5_5_3_0_temp_2_addr "/>
</bind>
</comp>

<comp id="759" class="1005" name="dense_ap_fixed_ap_fixed_ap_fixed_ap_fixed_8_5_5_3_0_temp_1_addr_reg_759">
<pin_list>
<pin id="760" dir="0" index="0" bw="7" slack="1"/>
<pin id="761" dir="1" index="1" bw="7" slack="1"/>
</pin_list>
<bind>
<opset="dense_ap_fixed_ap_fixed_ap_fixed_ap_fixed_8_5_5_3_0_temp_1_addr "/>
</bind>
</comp>

<comp id="764" class="1005" name="dense_ap_fixed_ap_fixed_ap_fixed_ap_fixed_8_5_5_3_0_temp_addr_reg_764">
<pin_list>
<pin id="765" dir="0" index="0" bw="7" slack="1"/>
<pin id="766" dir="1" index="1" bw="7" slack="1"/>
</pin_list>
<bind>
<opset="dense_ap_fixed_ap_fixed_ap_fixed_ap_fixed_8_5_5_3_0_temp_addr "/>
</bind>
</comp>

<comp id="769" class="1005" name="dense_ap_fixed_ap_fixed_ap_fixed_ap_fixed_8_5_5_3_0_temp_6_addr_reg_769">
<pin_list>
<pin id="770" dir="0" index="0" bw="7" slack="1"/>
<pin id="771" dir="1" index="1" bw="7" slack="1"/>
</pin_list>
<bind>
<opset="dense_ap_fixed_ap_fixed_ap_fixed_ap_fixed_8_5_5_3_0_temp_6_addr "/>
</bind>
</comp>

<comp id="774" class="1005" name="dense_ap_fixed_ap_fixed_ap_fixed_ap_fixed_8_5_5_3_0_temp_5_addr_reg_774">
<pin_list>
<pin id="775" dir="0" index="0" bw="7" slack="1"/>
<pin id="776" dir="1" index="1" bw="7" slack="1"/>
</pin_list>
<bind>
<opset="dense_ap_fixed_ap_fixed_ap_fixed_ap_fixed_8_5_5_3_0_temp_5_addr "/>
</bind>
</comp>

<comp id="779" class="1005" name="dense_ap_fixed_ap_fixed_ap_fixed_ap_fixed_8_5_5_3_0_temp_4_addr_reg_779">
<pin_list>
<pin id="780" dir="0" index="0" bw="7" slack="1"/>
<pin id="781" dir="1" index="1" bw="7" slack="1"/>
</pin_list>
<bind>
<opset="dense_ap_fixed_ap_fixed_ap_fixed_ap_fixed_8_5_5_3_0_temp_4_addr "/>
</bind>
</comp>

<comp id="784" class="1005" name="icmp_ln28_1_reg_784">
<pin_list>
<pin id="785" dir="0" index="0" bw="1" slack="5"/>
<pin id="786" dir="1" index="1" bw="1" slack="2147483647"/>
</pin_list>
<bind>
<opset="icmp_ln28_1 "/>
</bind>
</comp>

<comp id="788" class="1005" name="sext_ln35_reg_788">
<pin_list>
<pin id="789" dir="0" index="0" bw="11" slack="1"/>
<pin id="790" dir="1" index="1" bw="11" slack="1"/>
</pin_list>
<bind>
<opset="sext_ln35 "/>
</bind>
</comp>

<comp id="793" class="1005" name="sext_ln35_1_reg_793">
<pin_list>
<pin id="794" dir="0" index="0" bw="11" slack="1"/>
<pin id="795" dir="1" index="1" bw="11" slack="1"/>
</pin_list>
<bind>
<opset="sext_ln35_1 "/>
</bind>
</comp>

<comp id="798" class="1005" name="shl_ln_reg_798">
<pin_list>
<pin id="799" dir="0" index="0" bw="11" slack="1"/>
<pin id="800" dir="1" index="1" bw="11" slack="1"/>
</pin_list>
<bind>
<opset="shl_ln "/>
</bind>
</comp>

<comp id="803" class="1005" name="sum_2_reg_803">
<pin_list>
<pin id="804" dir="0" index="0" bw="8" slack="1"/>
<pin id="805" dir="1" index="1" bw="8" slack="1"/>
</pin_list>
<bind>
<opset="sum_2 "/>
</bind>
</comp>

</comp_list>

<net_list>
<net id="165"><net_src comp="44" pin="0"/><net_sink comp="162" pin=0"/></net>

<net id="169"><net_src comp="44" pin="0"/><net_sink comp="166" pin=0"/></net>

<net id="173"><net_src comp="44" pin="0"/><net_sink comp="170" pin=0"/></net>

<net id="177"><net_src comp="44" pin="0"/><net_sink comp="174" pin=0"/></net>

<net id="182"><net_src comp="74" pin="0"/><net_sink comp="178" pin=0"/></net>

<net id="183"><net_src comp="26" pin="0"/><net_sink comp="178" pin=1"/></net>

<net id="188"><net_src comp="74" pin="0"/><net_sink comp="184" pin=0"/></net>

<net id="189"><net_src comp="24" pin="0"/><net_sink comp="184" pin=1"/></net>

<net id="194"><net_src comp="76" pin="0"/><net_sink comp="190" pin=0"/></net>

<net id="195"><net_src comp="22" pin="0"/><net_sink comp="190" pin=1"/></net>

<net id="200"><net_src comp="76" pin="0"/><net_sink comp="196" pin=0"/></net>

<net id="201"><net_src comp="20" pin="0"/><net_sink comp="196" pin=1"/></net>

<net id="206"><net_src comp="76" pin="0"/><net_sink comp="202" pin=0"/></net>

<net id="207"><net_src comp="18" pin="0"/><net_sink comp="202" pin=1"/></net>

<net id="212"><net_src comp="76" pin="0"/><net_sink comp="208" pin=0"/></net>

<net id="213"><net_src comp="16" pin="0"/><net_sink comp="208" pin=1"/></net>

<net id="218"><net_src comp="76" pin="0"/><net_sink comp="214" pin=0"/></net>

<net id="219"><net_src comp="14" pin="0"/><net_sink comp="214" pin=1"/></net>

<net id="224"><net_src comp="76" pin="0"/><net_sink comp="220" pin=0"/></net>

<net id="225"><net_src comp="12" pin="0"/><net_sink comp="220" pin=1"/></net>

<net id="230"><net_src comp="76" pin="0"/><net_sink comp="226" pin=0"/></net>

<net id="231"><net_src comp="10" pin="0"/><net_sink comp="226" pin=1"/></net>

<net id="236"><net_src comp="76" pin="0"/><net_sink comp="232" pin=0"/></net>

<net id="237"><net_src comp="8" pin="0"/><net_sink comp="232" pin=1"/></net>

<net id="242"><net_src comp="76" pin="0"/><net_sink comp="238" pin=0"/></net>

<net id="243"><net_src comp="6" pin="0"/><net_sink comp="238" pin=1"/></net>

<net id="248"><net_src comp="76" pin="0"/><net_sink comp="244" pin=0"/></net>

<net id="249"><net_src comp="4" pin="0"/><net_sink comp="244" pin=1"/></net>

<net id="255"><net_src comp="28" pin="0"/><net_sink comp="250" pin=0"/></net>

<net id="256"><net_src comp="128" pin="0"/><net_sink comp="250" pin=1"/></net>

<net id="262"><net_src comp="30" pin="0"/><net_sink comp="257" pin=0"/></net>

<net id="263"><net_src comp="128" pin="0"/><net_sink comp="257" pin=1"/></net>

<net id="269"><net_src comp="32" pin="0"/><net_sink comp="264" pin=0"/></net>

<net id="270"><net_src comp="128" pin="0"/><net_sink comp="264" pin=1"/></net>

<net id="276"><net_src comp="34" pin="0"/><net_sink comp="271" pin=0"/></net>

<net id="277"><net_src comp="128" pin="0"/><net_sink comp="271" pin=1"/></net>

<net id="283"><net_src comp="36" pin="0"/><net_sink comp="278" pin=0"/></net>

<net id="284"><net_src comp="128" pin="0"/><net_sink comp="278" pin=1"/></net>

<net id="290"><net_src comp="38" pin="0"/><net_sink comp="285" pin=0"/></net>

<net id="291"><net_src comp="128" pin="0"/><net_sink comp="285" pin=1"/></net>

<net id="297"><net_src comp="40" pin="0"/><net_sink comp="292" pin=0"/></net>

<net id="298"><net_src comp="128" pin="0"/><net_sink comp="292" pin=1"/></net>

<net id="304"><net_src comp="42" pin="0"/><net_sink comp="299" pin=0"/></net>

<net id="305"><net_src comp="128" pin="0"/><net_sink comp="299" pin=1"/></net>

<net id="311"><net_src comp="250" pin="3"/><net_sink comp="306" pin=0"/></net>

<net id="317"><net_src comp="257" pin="3"/><net_sink comp="312" pin=0"/></net>

<net id="323"><net_src comp="264" pin="3"/><net_sink comp="318" pin=0"/></net>

<net id="329"><net_src comp="271" pin="3"/><net_sink comp="324" pin=0"/></net>

<net id="335"><net_src comp="278" pin="3"/><net_sink comp="330" pin=0"/></net>

<net id="341"><net_src comp="285" pin="3"/><net_sink comp="336" pin=0"/></net>

<net id="347"><net_src comp="292" pin="3"/><net_sink comp="342" pin=0"/></net>

<net id="353"><net_src comp="299" pin="3"/><net_sink comp="348" pin=0"/></net>

<net id="358"><net_src comp="126" pin="0"/><net_sink comp="354" pin=0"/></net>

<net id="365"><net_src comp="160" pin="0"/><net_sink comp="359" pin=0"/></net>

<net id="366"><net_src comp="48" pin="0"/><net_sink comp="359" pin=3"/></net>

<net id="380"><net_src comp="78" pin="0"/><net_sink comp="376" pin=0"/></net>

<net id="385"><net_src comp="80" pin="0"/><net_sink comp="381" pin=0"/></net>

<net id="390"><net_src comp="82" pin="0"/><net_sink comp="386" pin=0"/></net>

<net id="398"><net_src comp="391" pin="1"/><net_sink comp="394" pin=0"/></net>

<net id="399"><net_src comp="84" pin="0"/><net_sink comp="394" pin=1"/></net>

<net id="404"><net_src comp="391" pin="1"/><net_sink comp="400" pin=0"/></net>

<net id="405"><net_src comp="86" pin="0"/><net_sink comp="400" pin=1"/></net>

<net id="410"><net_src comp="400" pin="2"/><net_sink comp="406" pin=0"/></net>

<net id="421"><net_src comp="2" pin="0"/><net_sink comp="417" pin=0"/></net>

<net id="426"><net_src comp="0" pin="0"/><net_sink comp="422" pin=0"/></net>

<net id="427"><net_src comp="422" pin="2"/><net_sink comp="354" pin=1"/></net>

<net id="432"><net_src comp="411" pin="1"/><net_sink comp="428" pin=0"/></net>

<net id="433"><net_src comp="96" pin="0"/><net_sink comp="428" pin=1"/></net>

<net id="439"><net_src comp="428" pin="2"/><net_sink comp="434" pin=0"/></net>

<net id="440"><net_src comp="82" pin="0"/><net_sink comp="434" pin=1"/></net>

<net id="441"><net_src comp="411" pin="1"/><net_sink comp="434" pin=2"/></net>

<net id="446"><net_src comp="414" pin="1"/><net_sink comp="442" pin=0"/></net>

<net id="447"><net_src comp="98" pin="0"/><net_sink comp="442" pin=1"/></net>

<net id="453"><net_src comp="428" pin="2"/><net_sink comp="448" pin=0"/></net>

<net id="454"><net_src comp="442" pin="2"/><net_sink comp="448" pin=1"/></net>

<net id="455"><net_src comp="414" pin="1"/><net_sink comp="448" pin=2"/></net>

<net id="460"><net_src comp="434" pin="3"/><net_sink comp="456" pin=0"/></net>

<net id="461"><net_src comp="82" pin="0"/><net_sink comp="456" pin=1"/></net>

<net id="487"><net_src comp="100" pin="0"/><net_sink comp="462" pin=0"/></net>

<net id="488"><net_src comp="80" pin="0"/><net_sink comp="462" pin=1"/></net>

<net id="489"><net_src comp="98" pin="0"/><net_sink comp="462" pin=3"/></net>

<net id="490"><net_src comp="102" pin="0"/><net_sink comp="462" pin=5"/></net>

<net id="491"><net_src comp="104" pin="0"/><net_sink comp="462" pin=7"/></net>

<net id="492"><net_src comp="106" pin="0"/><net_sink comp="462" pin=9"/></net>

<net id="493"><net_src comp="108" pin="0"/><net_sink comp="462" pin=11"/></net>

<net id="494"><net_src comp="110" pin="0"/><net_sink comp="462" pin=13"/></net>

<net id="495"><net_src comp="112" pin="0"/><net_sink comp="462" pin=15"/></net>

<net id="496"><net_src comp="114" pin="0"/><net_sink comp="462" pin=17"/></net>

<net id="497"><net_src comp="116" pin="0"/><net_sink comp="462" pin=19"/></net>

<net id="498"><net_src comp="118" pin="0"/><net_sink comp="462" pin=21"/></net>

<net id="499"><net_src comp="448" pin="3"/><net_sink comp="462" pin=22"/></net>

<net id="503"><net_src comp="434" pin="3"/><net_sink comp="500" pin=0"/></net>

<net id="510"><net_src comp="120" pin="0"/><net_sink comp="504" pin=0"/></net>

<net id="511"><net_src comp="434" pin="3"/><net_sink comp="504" pin=1"/></net>

<net id="512"><net_src comp="122" pin="0"/><net_sink comp="504" pin=2"/></net>

<net id="513"><net_src comp="124" pin="0"/><net_sink comp="504" pin=3"/></net>

<net id="517"><net_src comp="504" pin="4"/><net_sink comp="514" pin=0"/></net>

<net id="518"><net_src comp="514" pin="1"/><net_sink comp="250" pin=2"/></net>

<net id="519"><net_src comp="514" pin="1"/><net_sink comp="257" pin=2"/></net>

<net id="520"><net_src comp="514" pin="1"/><net_sink comp="264" pin=2"/></net>

<net id="521"><net_src comp="514" pin="1"/><net_sink comp="271" pin=2"/></net>

<net id="522"><net_src comp="514" pin="1"/><net_sink comp="278" pin=2"/></net>

<net id="523"><net_src comp="514" pin="1"/><net_sink comp="285" pin=2"/></net>

<net id="524"><net_src comp="514" pin="1"/><net_sink comp="292" pin=2"/></net>

<net id="525"><net_src comp="514" pin="1"/><net_sink comp="299" pin=2"/></net>

<net id="530"><net_src comp="434" pin="3"/><net_sink comp="526" pin=0"/></net>

<net id="531"><net_src comp="130" pin="0"/><net_sink comp="526" pin=1"/></net>

<net id="536"><net_src comp="526" pin="2"/><net_sink comp="532" pin=0"/></net>

<net id="537"><net_src comp="96" pin="0"/><net_sink comp="532" pin=1"/></net>

<net id="542"><net_src comp="448" pin="3"/><net_sink comp="538" pin=0"/></net>

<net id="547"><net_src comp="526" pin="2"/><net_sink comp="543" pin=0"/></net>

<net id="569"><net_src comp="132" pin="0"/><net_sink comp="548" pin=0"/></net>

<net id="570"><net_src comp="134" pin="0"/><net_sink comp="548" pin=1"/></net>

<net id="571"><net_src comp="306" pin="3"/><net_sink comp="548" pin=2"/></net>

<net id="572"><net_src comp="136" pin="0"/><net_sink comp="548" pin=3"/></net>

<net id="573"><net_src comp="312" pin="3"/><net_sink comp="548" pin=4"/></net>

<net id="574"><net_src comp="138" pin="0"/><net_sink comp="548" pin=5"/></net>

<net id="575"><net_src comp="318" pin="3"/><net_sink comp="548" pin=6"/></net>

<net id="576"><net_src comp="140" pin="0"/><net_sink comp="548" pin=7"/></net>

<net id="577"><net_src comp="324" pin="3"/><net_sink comp="548" pin=8"/></net>

<net id="578"><net_src comp="142" pin="0"/><net_sink comp="548" pin=9"/></net>

<net id="579"><net_src comp="330" pin="3"/><net_sink comp="548" pin=10"/></net>

<net id="580"><net_src comp="144" pin="0"/><net_sink comp="548" pin=11"/></net>

<net id="581"><net_src comp="336" pin="3"/><net_sink comp="548" pin=12"/></net>

<net id="582"><net_src comp="146" pin="0"/><net_sink comp="548" pin=13"/></net>

<net id="583"><net_src comp="342" pin="3"/><net_sink comp="548" pin=14"/></net>

<net id="584"><net_src comp="148" pin="0"/><net_sink comp="548" pin=15"/></net>

<net id="585"><net_src comp="348" pin="3"/><net_sink comp="548" pin=16"/></net>

<net id="586"><net_src comp="118" pin="0"/><net_sink comp="548" pin=17"/></net>

<net id="590"><net_src comp="548" pin="19"/><net_sink comp="587" pin=0"/></net>

<net id="597"><net_src comp="594" pin="1"/><net_sink comp="370" pin=0"/></net>

<net id="603"><net_src comp="152" pin="0"/><net_sink comp="598" pin=0"/></net>

<net id="604"><net_src comp="370" pin="4"/><net_sink comp="598" pin=1"/></net>

<net id="605"><net_src comp="134" pin="0"/><net_sink comp="598" pin=2"/></net>

<net id="612"><net_src comp="156" pin="0"/><net_sink comp="606" pin=0"/></net>

<net id="613"><net_src comp="122" pin="0"/><net_sink comp="606" pin=2"/></net>

<net id="614"><net_src comp="158" pin="0"/><net_sink comp="606" pin=3"/></net>

<net id="619"><net_src comp="606" pin="4"/><net_sink comp="615" pin=0"/></net>

<net id="625"><net_src comp="587" pin="1"/><net_sink comp="620" pin=0"/></net>

<net id="626"><net_src comp="591" pin="1"/><net_sink comp="620" pin=1"/></net>

<net id="627"><net_src comp="598" pin="3"/><net_sink comp="620" pin=2"/></net>

<net id="628"><net_src comp="620" pin="3"/><net_sink comp="606" pin=1"/></net>

<net id="632"><net_src comp="162" pin="1"/><net_sink comp="629" pin=0"/></net>

<net id="633"><net_src comp="629" pin="1"/><net_sink comp="386" pin=1"/></net>

<net id="634"><net_src comp="629" pin="1"/><net_sink comp="411" pin=0"/></net>

<net id="635"><net_src comp="629" pin="1"/><net_sink comp="543" pin=1"/></net>

<net id="639"><net_src comp="166" pin="1"/><net_sink comp="636" pin=0"/></net>

<net id="640"><net_src comp="636" pin="1"/><net_sink comp="381" pin=1"/></net>

<net id="641"><net_src comp="636" pin="1"/><net_sink comp="414" pin=0"/></net>

<net id="642"><net_src comp="636" pin="1"/><net_sink comp="538" pin=1"/></net>

<net id="646"><net_src comp="170" pin="1"/><net_sink comp="643" pin=0"/></net>

<net id="647"><net_src comp="643" pin="1"/><net_sink comp="376" pin=1"/></net>

<net id="648"><net_src comp="643" pin="1"/><net_sink comp="391" pin=0"/></net>

<net id="649"><net_src comp="643" pin="1"/><net_sink comp="406" pin=1"/></net>

<net id="653"><net_src comp="174" pin="1"/><net_sink comp="650" pin=0"/></net>

<net id="654"><net_src comp="650" pin="1"/><net_sink comp="594" pin=0"/></net>

<net id="655"><net_src comp="650" pin="1"/><net_sink comp="615" pin=1"/></net>

<net id="659"><net_src comp="178" pin="2"/><net_sink comp="656" pin=0"/></net>

<net id="660"><net_src comp="656" pin="1"/><net_sink comp="422" pin=1"/></net>

<net id="664"><net_src comp="184" pin="2"/><net_sink comp="661" pin=0"/></net>

<net id="665"><net_src comp="661" pin="1"/><net_sink comp="417" pin=1"/></net>

<net id="669"><net_src comp="190" pin="2"/><net_sink comp="666" pin=0"/></net>

<net id="670"><net_src comp="666" pin="1"/><net_sink comp="462" pin=20"/></net>

<net id="674"><net_src comp="196" pin="2"/><net_sink comp="671" pin=0"/></net>

<net id="675"><net_src comp="671" pin="1"/><net_sink comp="462" pin=18"/></net>

<net id="679"><net_src comp="202" pin="2"/><net_sink comp="676" pin=0"/></net>

<net id="680"><net_src comp="676" pin="1"/><net_sink comp="462" pin=16"/></net>

<net id="684"><net_src comp="208" pin="2"/><net_sink comp="681" pin=0"/></net>

<net id="685"><net_src comp="681" pin="1"/><net_sink comp="462" pin=14"/></net>

<net id="689"><net_src comp="214" pin="2"/><net_sink comp="686" pin=0"/></net>

<net id="690"><net_src comp="686" pin="1"/><net_sink comp="462" pin=12"/></net>

<net id="694"><net_src comp="220" pin="2"/><net_sink comp="691" pin=0"/></net>

<net id="695"><net_src comp="691" pin="1"/><net_sink comp="462" pin=10"/></net>

<net id="699"><net_src comp="226" pin="2"/><net_sink comp="696" pin=0"/></net>

<net id="700"><net_src comp="696" pin="1"/><net_sink comp="462" pin=8"/></net>

<net id="704"><net_src comp="232" pin="2"/><net_sink comp="701" pin=0"/></net>

<net id="705"><net_src comp="701" pin="1"/><net_sink comp="462" pin=6"/></net>

<net id="709"><net_src comp="238" pin="2"/><net_sink comp="706" pin=0"/></net>

<net id="710"><net_src comp="706" pin="1"/><net_sink comp="462" pin=4"/></net>

<net id="714"><net_src comp="244" pin="2"/><net_sink comp="711" pin=0"/></net>

<net id="715"><net_src comp="711" pin="1"/><net_sink comp="462" pin=2"/></net>

<net id="719"><net_src comp="394" pin="2"/><net_sink comp="716" pin=0"/></net>

<net id="723"><net_src comp="417" pin="2"/><net_sink comp="720" pin=0"/></net>

<net id="724"><net_src comp="720" pin="1"/><net_sink comp="359" pin=1"/></net>

<net id="728"><net_src comp="456" pin="2"/><net_sink comp="725" pin=0"/></net>

<net id="732"><net_src comp="462" pin="23"/><net_sink comp="729" pin=0"/></net>

<net id="733"><net_src comp="729" pin="1"/><net_sink comp="370" pin=2"/></net>

<net id="737"><net_src comp="500" pin="1"/><net_sink comp="734" pin=0"/></net>

<net id="738"><net_src comp="734" pin="1"/><net_sink comp="548" pin=18"/></net>

<net id="742"><net_src comp="354" pin="2"/><net_sink comp="739" pin=0"/></net>

<net id="743"><net_src comp="739" pin="1"/><net_sink comp="591" pin=0"/></net>

<net id="747"><net_src comp="250" pin="3"/><net_sink comp="744" pin=0"/></net>

<net id="748"><net_src comp="744" pin="1"/><net_sink comp="306" pin=0"/></net>

<net id="752"><net_src comp="257" pin="3"/><net_sink comp="749" pin=0"/></net>

<net id="753"><net_src comp="749" pin="1"/><net_sink comp="312" pin=0"/></net>

<net id="757"><net_src comp="264" pin="3"/><net_sink comp="754" pin=0"/></net>

<net id="758"><net_src comp="754" pin="1"/><net_sink comp="318" pin=0"/></net>

<net id="762"><net_src comp="271" pin="3"/><net_sink comp="759" pin=0"/></net>

<net id="763"><net_src comp="759" pin="1"/><net_sink comp="324" pin=0"/></net>

<net id="767"><net_src comp="278" pin="3"/><net_sink comp="764" pin=0"/></net>

<net id="768"><net_src comp="764" pin="1"/><net_sink comp="330" pin=0"/></net>

<net id="772"><net_src comp="285" pin="3"/><net_sink comp="769" pin=0"/></net>

<net id="773"><net_src comp="769" pin="1"/><net_sink comp="336" pin=0"/></net>

<net id="777"><net_src comp="292" pin="3"/><net_sink comp="774" pin=0"/></net>

<net id="778"><net_src comp="774" pin="1"/><net_sink comp="342" pin=0"/></net>

<net id="782"><net_src comp="299" pin="3"/><net_sink comp="779" pin=0"/></net>

<net id="783"><net_src comp="779" pin="1"/><net_sink comp="348" pin=0"/></net>

<net id="787"><net_src comp="532" pin="2"/><net_sink comp="784" pin=0"/></net>

<net id="791"><net_src comp="587" pin="1"/><net_sink comp="788" pin=0"/></net>

<net id="792"><net_src comp="788" pin="1"/><net_sink comp="620" pin=0"/></net>

<net id="796"><net_src comp="591" pin="1"/><net_sink comp="793" pin=0"/></net>

<net id="797"><net_src comp="793" pin="1"/><net_sink comp="620" pin=1"/></net>

<net id="801"><net_src comp="598" pin="3"/><net_sink comp="798" pin=0"/></net>

<net id="802"><net_src comp="798" pin="1"/><net_sink comp="620" pin=0"/></net>

<net id="806"><net_src comp="606" pin="4"/><net_sink comp="803" pin=0"/></net>

<net id="807"><net_src comp="803" pin="1"/><net_sink comp="359" pin=2"/></net>

</net_list>

</model> 
---------------- Datapath Model END ------------------

* FSMD analyzer results:
  - Output states:
	Port: gmem1 | {}
	Port: gmem0 | {7 }
	Port: dense_ap_fixed_ap_fixed_ap_fixed_ap_fixed_8_5_5_3_0_temp_7 | {}
	Port: dense_ap_fixed_ap_fixed_ap_fixed_ap_fixed_8_5_5_3_0_temp_3 | {}
	Port: dense_ap_fixed_ap_fixed_ap_fixed_ap_fixed_8_5_5_3_0_temp_2 | {}
	Port: dense_ap_fixed_ap_fixed_ap_fixed_ap_fixed_8_5_5_3_0_temp_1 | {}
	Port: dense_ap_fixed_ap_fixed_ap_fixed_ap_fixed_8_5_5_3_0_temp | {}
	Port: dense_ap_fixed_ap_fixed_ap_fixed_ap_fixed_8_5_5_3_0_temp_6 | {}
	Port: dense_ap_fixed_ap_fixed_ap_fixed_ap_fixed_8_5_5_3_0_temp_5 | {}
	Port: dense_ap_fixed_ap_fixed_ap_fixed_ap_fixed_8_5_5_3_0_temp_4 | {}
 - Input state : 
	Port: top_Pipeline_DENSE_OUTER_DENSE_INNER : gmem1 | {2 }
	Port: top_Pipeline_DENSE_OUTER_DENSE_INNER : gmem0 | {}
	Port: top_Pipeline_DENSE_OUTER_DENSE_INNER : local_bias_reload | {1 }
	Port: top_Pipeline_DENSE_OUTER_DENSE_INNER : local_bias_1_reload | {1 }
	Port: top_Pipeline_DENSE_OUTER_DENSE_INNER : local_bias_2_reload | {1 }
	Port: top_Pipeline_DENSE_OUTER_DENSE_INNER : local_bias_3_reload | {1 }
	Port: top_Pipeline_DENSE_OUTER_DENSE_INNER : local_bias_4_reload | {1 }
	Port: top_Pipeline_DENSE_OUTER_DENSE_INNER : local_bias_5_reload | {1 }
	Port: top_Pipeline_DENSE_OUTER_DENSE_INNER : local_bias_6_reload | {1 }
	Port: top_Pipeline_DENSE_OUTER_DENSE_INNER : local_bias_7_reload | {1 }
	Port: top_Pipeline_DENSE_OUTER_DENSE_INNER : local_bias_8_reload | {1 }
	Port: top_Pipeline_DENSE_OUTER_DENSE_INNER : local_bias_9_reload | {1 }
	Port: top_Pipeline_DENSE_OUTER_DENSE_INNER : outputDense | {1 }
	Port: top_Pipeline_DENSE_OUTER_DENSE_INNER : fcWeight | {1 }
	Port: top_Pipeline_DENSE_OUTER_DENSE_INNER : dense_ap_fixed_ap_fixed_ap_fixed_ap_fixed_8_5_5_3_0_temp_7 | {2 3 }
	Port: top_Pipeline_DENSE_OUTER_DENSE_INNER : dense_ap_fixed_ap_fixed_ap_fixed_ap_fixed_8_5_5_3_0_temp_3 | {2 3 }
	Port: top_Pipeline_DENSE_OUTER_DENSE_INNER : dense_ap_fixed_ap_fixed_ap_fixed_ap_fixed_8_5_5_3_0_temp_2 | {2 3 }
	Port: top_Pipeline_DENSE_OUTER_DENSE_INNER : dense_ap_fixed_ap_fixed_ap_fixed_ap_fixed_8_5_5_3_0_temp_1 | {2 3 }
	Port: top_Pipeline_DENSE_OUTER_DENSE_INNER : dense_ap_fixed_ap_fixed_ap_fixed_ap_fixed_8_5_5_3_0_temp | {2 3 }
	Port: top_Pipeline_DENSE_OUTER_DENSE_INNER : dense_ap_fixed_ap_fixed_ap_fixed_ap_fixed_8_5_5_3_0_temp_6 | {2 3 }
	Port: top_Pipeline_DENSE_OUTER_DENSE_INNER : dense_ap_fixed_ap_fixed_ap_fixed_ap_fixed_8_5_5_3_0_temp_5 | {2 3 }
	Port: top_Pipeline_DENSE_OUTER_DENSE_INNER : dense_ap_fixed_ap_fixed_ap_fixed_ap_fixed_8_5_5_3_0_temp_4 | {2 3 }
  - Chain level:
	State 1
		store_ln0 : 1
		store_ln25 : 1
		store_ln28 : 1
		indvar_flatten_load : 1
		icmp_ln25 : 2
		add_ln25 : 2
		br_ln25 : 3
		store_ln25 : 3
	State 2
		icmp_ln28 : 1
		select_ln25 : 2
		add_ln25_1 : 1
		select_ln25_1 : 2
		first_iter_0 : 3
		br_ln28 : 4
		sum : 3
		trunc_ln28 : 3
		lshr_ln1 : 3
		zext_ln26 : 4
		w_val : 1
		dense_ap_fixed_ap_fixed_ap_fixed_ap_fixed_8_5_5_3_0_temp_7_addr : 5
		dense_ap_fixed_ap_fixed_ap_fixed_ap_fixed_8_5_5_3_0_temp_3_addr : 5
		dense_ap_fixed_ap_fixed_ap_fixed_ap_fixed_8_5_5_3_0_temp_2_addr : 5
		dense_ap_fixed_ap_fixed_ap_fixed_ap_fixed_8_5_5_3_0_temp_1_addr : 5
		dense_ap_fixed_ap_fixed_ap_fixed_ap_fixed_8_5_5_3_0_temp_addr : 5
		dense_ap_fixed_ap_fixed_ap_fixed_ap_fixed_8_5_5_3_0_temp_6_addr : 5
		dense_ap_fixed_ap_fixed_ap_fixed_ap_fixed_8_5_5_3_0_temp_5_addr : 5
		dense_ap_fixed_ap_fixed_ap_fixed_ap_fixed_8_5_5_3_0_temp_4_addr : 5
		dense_ap_fixed_ap_fixed_ap_fixed_ap_fixed_8_5_5_3_0_temp_7_load : 6
		dense_ap_fixed_ap_fixed_ap_fixed_ap_fixed_8_5_5_3_0_temp_3_load : 6
		dense_ap_fixed_ap_fixed_ap_fixed_ap_fixed_8_5_5_3_0_temp_2_load : 6
		dense_ap_fixed_ap_fixed_ap_fixed_ap_fixed_8_5_5_3_0_temp_1_load : 6
		dense_ap_fixed_ap_fixed_ap_fixed_ap_fixed_8_5_5_3_0_temp_load : 6
		dense_ap_fixed_ap_fixed_ap_fixed_ap_fixed_8_5_5_3_0_temp_6_load : 6
		dense_ap_fixed_ap_fixed_ap_fixed_ap_fixed_8_5_5_3_0_temp_5_load : 6
		dense_ap_fixed_ap_fixed_ap_fixed_ap_fixed_8_5_5_3_0_temp_4_load : 6
		add_ln28 : 3
		icmp_ln28_1 : 4
		br_ln28 : 5
		store_ln25 : 3
		store_ln28 : 4
	State 3
		tmp : 1
		sext_ln35 : 2
		mul_ln35 : 3
	State 4
	State 5
		sum1 : 1
		shl_ln : 2
		add_ln35 : 3
	State 6
		sum_2 : 1
		store_ln26 : 2
	State 7


============================================================
+ Verbose Summary: Datapath Resource usage 
============================================================

* Functional unit list:
|----------|--------------------------------------|---------|---------|---------|
| Operation|            Functional Unit           |   DSP   |    FF   |   LUT   |
|----------|--------------------------------------|---------|---------|---------|
| sparsemux|              sum_fu_462              |    0    |    0    |    53   |
|          |              tmp_fu_548              |    0    |    0    |    42   |
|----------|--------------------------------------|---------|---------|---------|
|          |           icmp_ln25_fu_394           |    0    |    0    |    14   |
|   icmp   |           icmp_ln28_fu_428           |    0    |    0    |    13   |
|          |          first_iter_0_fu_456         |    0    |    0    |    13   |
|          |          icmp_ln28_1_fu_532          |    0    |    0    |    13   |
|----------|--------------------------------------|---------|---------|---------|
|          |            add_ln25_fu_400           |    0    |    0    |    14   |
|    add   |           add_ln25_1_fu_442          |    0    |    0    |    13   |
|          |            add_ln28_fu_526           |    0    |    0    |    13   |
|----------|--------------------------------------|---------|---------|---------|
|  select  |          select_ln25_fu_434          |    0    |    0    |    10   |
|          |         select_ln25_1_fu_448         |    0    |    0    |    4    |
|----------|--------------------------------------|---------|---------|---------|
|  muladd  |              grp_fu_620              |    1    |    0    |    0    |
|----------|--------------------------------------|---------|---------|---------|
|          |       fcWeight_read_read_fu_178      |    0    |    0    |    0    |
|          |     outputDense_read_read_fu_184     |    0    |    0    |    0    |
|          | local_bias_9_reload_read_read_fu_190 |    0    |    0    |    0    |
|          | local_bias_8_reload_read_read_fu_196 |    0    |    0    |    0    |
|          | local_bias_7_reload_read_read_fu_202 |    0    |    0    |    0    |
|          | local_bias_6_reload_read_read_fu_208 |    0    |    0    |    0    |
|   read   | local_bias_5_reload_read_read_fu_214 |    0    |    0    |    0    |
|          | local_bias_4_reload_read_read_fu_220 |    0    |    0    |    0    |
|          | local_bias_3_reload_read_read_fu_226 |    0    |    0    |    0    |
|          | local_bias_2_reload_read_read_fu_232 |    0    |    0    |    0    |
|          | local_bias_1_reload_read_read_fu_238 |    0    |    0    |    0    |
|          |  local_bias_reload_read_read_fu_244  |    0    |    0    |    0    |
|          |           w_val_read_fu_354          |    0    |    0    |    0    |
|----------|--------------------------------------|---------|---------|---------|
|   write  |        write_ln37_write_fu_359       |    0    |    0    |    0    |
|----------|--------------------------------------|---------|---------|---------|
|   trunc  |           trunc_ln28_fu_500          |    0    |    0    |    0    |
|----------|--------------------------------------|---------|---------|---------|
|partselect|            lshr_ln1_fu_504           |    0    |    0    |    0    |
|          |             sum_2_fu_606             |    0    |    0    |    0    |
|----------|--------------------------------------|---------|---------|---------|
|   zext   |           zext_ln26_fu_514           |    0    |    0    |    0    |
|----------|--------------------------------------|---------|---------|---------|
|   sext   |           sext_ln35_fu_587           |    0    |    0    |    0    |
|          |          sext_ln35_1_fu_591          |    0    |    0    |    0    |
|----------|--------------------------------------|---------|---------|---------|
|bitconcatenate|             shl_ln_fu_598            |    0    |    0    |    0    |
|----------|--------------------------------------|---------|---------|---------|
|   Total  |                                      |    1    |    0    |   202   |
|----------|--------------------------------------|---------|---------|---------|

Memories:
N/A

* Register list:
+-----------------------------------------------------------------------+--------+
|                                                                       |   FF   |
+-----------------------------------------------------------------------+--------+
|                               c_reg_636                               |    4   |
|dense_ap_fixed_ap_fixed_ap_fixed_ap_fixed_8_5_5_3_0_temp_1_addr_reg_759|    7   |
|dense_ap_fixed_ap_fixed_ap_fixed_ap_fixed_8_5_5_3_0_temp_2_addr_reg_754|    7   |
|dense_ap_fixed_ap_fixed_ap_fixed_ap_fixed_8_5_5_3_0_temp_3_addr_reg_749|    7   |
|dense_ap_fixed_ap_fixed_ap_fixed_ap_fixed_8_5_5_3_0_temp_4_addr_reg_779|    7   |
|dense_ap_fixed_ap_fixed_ap_fixed_ap_fixed_8_5_5_3_0_temp_5_addr_reg_774|    7   |
|dense_ap_fixed_ap_fixed_ap_fixed_ap_fixed_8_5_5_3_0_temp_6_addr_reg_769|    7   |
|dense_ap_fixed_ap_fixed_ap_fixed_ap_fixed_8_5_5_3_0_temp_7_addr_reg_744|    7   |
| dense_ap_fixed_ap_fixed_ap_fixed_ap_fixed_8_5_5_3_0_temp_addr_reg_764 |    7   |
|                         fcWeight_read_reg_656                         |   64   |
|                          first_iter_0_reg_725                         |    1   |
|                           gmem0_addr_reg_720                          |    8   |
|                               i_reg_629                               |   10   |
|                           icmp_ln25_reg_716                           |    1   |
|                          icmp_ln28_1_reg_784                          |    1   |
|                         indvar_flatten_reg_643                        |   13   |
|                    local_bias_1_reload_read_reg_706                   |    8   |
|                    local_bias_2_reload_read_reg_701                   |    8   |
|                    local_bias_3_reload_read_reg_696                   |    8   |
|                    local_bias_4_reload_read_reg_691                   |    8   |
|                    local_bias_5_reload_read_reg_686                   |    8   |
|                    local_bias_6_reload_read_reg_681                   |    8   |
|                    local_bias_7_reload_read_reg_676                   |    8   |
|                    local_bias_8_reload_read_reg_671                   |    8   |
|                    local_bias_9_reload_read_reg_666                   |    8   |
|                     local_bias_reload_read_reg_711                    |    8   |
|                        outputDense_read_reg_661                       |   64   |
|                          sext_ln35_1_reg_793                          |   11   |
|                           sext_ln35_reg_788                           |   11   |
|                             shl_ln_reg_798                            |   11   |
|                              sum1_reg_367                             |    8   |
|                             sum_1_reg_650                             |    8   |
|                             sum_2_reg_803                             |    8   |
|                              sum_reg_729                              |    8   |
|                           trunc_ln28_reg_734                          |    3   |
|                             w_val_reg_739                             |    8   |
+-----------------------------------------------------------------------+--------+
|                                 Total                                 |   378  |
+-----------------------------------------------------------------------+--------+

* Multiplexer (MUX) list: 
|-------------------|------|------|------|--------||---------||---------||---------|
|        Comp       |  Pin | Size |  BW  | S x BW ||  Delay  ||    FF   ||   LUT   |
|-------------------|------|------|------|--------||---------||---------||---------|
| grp_access_fu_306 |  p0  |   2  |   7  |   14   ||    0    ||    9    |
| grp_access_fu_312 |  p0  |   2  |   7  |   14   ||    0    ||    9    |
| grp_access_fu_318 |  p0  |   2  |   7  |   14   ||    0    ||    9    |
| grp_access_fu_324 |  p0  |   2  |   7  |   14   ||    0    ||    9    |
| grp_access_fu_330 |  p0  |   2  |   7  |   14   ||    0    ||    9    |
| grp_access_fu_336 |  p0  |   2  |   7  |   14   ||    0    ||    9    |
| grp_access_fu_342 |  p0  |   2  |   7  |   14   ||    0    ||    9    |
| grp_access_fu_348 |  p0  |   2  |   7  |   14   ||    0    ||    9    |
|     grp_fu_620    |  p0  |   3  |   8  |   24   ||    0    ||    14   |
|     grp_fu_620    |  p1  |   2  |   8  |   16   ||    0    ||    9    |
|-------------------|------|------|------|--------||---------||---------||---------|
|       Total       |      |      |      |   152  || 15.9993 ||    0    ||    95   |
|-------------------|------|------|------|--------||---------||---------||---------|



* Summary:
+-----------+--------+--------+--------+--------+
|           |   DSP  |  Delay |   FF   |   LUT  |
+-----------+--------+--------+--------+--------+
|  Function |    1   |    -   |    0   |   202  |
|   Memory  |    -   |    -   |    -   |    -   |
|Multiplexer|    -   |   15   |    0   |   95   |
|  Register |    -   |    -   |   378  |    -   |
+-----------+--------+--------+--------+--------+
|   Total   |    1   |   15   |   378  |   297  |
+-----------+--------+--------+--------+--------+
