2026-03-07 18:23:28 [debug] : --------------------------------------------------------------------------------- 
2026-03-07 18:23:28 [debug] : /home/abdullah/Desktop/CNN-on-FPGA 
2026-03-07 18:23:28 [debug] : --------------------------------------------------------------------------------- 
2026-03-07 18:23:28 [debug] : [Logger] Previous user logs are stored in the file - /home/abdullah/.Xilinx/Vitis/2025.2/logs/ide.log 
2026-03-07 18:23:28 [debug] : [Logger] Previous debug logs are stored in the file - /home/abdullah/.Xilinx/Vitis/2025.2/.wsdata/ide_verbose.log 
2026-03-07 18:23:28 [debug] : RIGEL SERVER 18:23:28 INFO  : created .gitignore file for the project /home/abdullah/Desktop/CNN-on-FPGA 
2026-03-07 18:23:28 [debug] : [Application Examples Provider]  updating the embedded templates on workspace event. 
2026-03-07 18:23:28 [debug] : [Repository Server] Executing method:getEmbeddedExampleTemplateTree with connection:(object). {"0":"request:","1":{"wrappers_":null,"arrayIndexOffset_":-1,"array":[],"pivot_":1.7976931348623157e+308,"convertedPrimitiveFields_":{}}}
2026-03-07 18:23:28 [debug] : [Application Examples Provider] refresh requested. 
2026-03-07 18:23:28 [debug] : Received event from notification service: ON_DID_UPDATE_WORKSPACE. 
2026-03-07 18:23:28 [debug] : [Logger Client] log levelchanged to  {"0":"Info"}
2026-03-07 18:23:28 [debug] : [Logger UI]  Update Log Level  called 
2026-03-07 18:23:28 [debug] : [Application Examples Provider] common calling method requested. 
2026-03-07 18:23:28 [debug] : [Application Examples Provider] Repositories model update requested. 
2026-03-07 18:23:28 [debug] : [Application Examples Provider] Repositories model update completed. 
2026-03-07 18:23:28 [debug] : [ProjectCache] fetching projects for project-cache 
2026-03-07 18:23:28 [debug] : [Application Examples Provider] Templates model update requested. 
2026-03-07 18:23:28 [debug] : [Repository Service] Executing method:getEmbeddedExampleTemplateTree from frontend. {"0":"request:"}
2026-03-07 18:23:28 [debug] : [Logger UI]  Update Log Level success {"0":{"success":true,"error":""}}
2026-03-07 18:23:28 [debug] : RIGEL SERVER 18:23:28 INFO  : Marking the target connection as default Local
18:23:28 INFO  : Marking the target connection as default Linux Agent 
2026-03-07 18:23:28 [debug] : RIGEL SERVER 18:23:28 INFO  : Marking the target connection as default XRTServer 
2026-03-07 18:23:28 [debug] : RIGEL SERVER 18:23:28 INFO  : Marking the target connection as default LinuxEmulation
18:23:28 INFO  : Marking the target connection as default QEMU 
2026-03-07 18:23:28 [debug] : RIGEL SERVER 18:23:28 INFO  : updated workspace path: /home/abdullah/Desktop/CNN-on-FPGA 
2026-03-07 18:23:28 [debug] : Received event from notification service: ON_DID_REFRESH_WORKSPACE_SUMMARIES. 
2026-03-07 18:23:28 [debug] : Event posted using notification server in backend. {"0":{"wrappers_":{},"arrayIndexOffset_":-1,"array":["f87d15bd-6917-4c0d-a754-1170059a1e38",null,54,null,null,null,null,"refresh-summaries"],"pivot_":1.7976931348623157e+308,"convertedPrimitiveFields_":{}}}
2026-03-07 18:23:28 [debug] : RIGEL SERVER 18:23:28 INFO  : bash, -c, empyro repo -st   /home/abdullah/Xilinx/2025.2/Vitis/data/embeddedsw 
2026-03-07 18:23:28 [debug] : Received event from notification service: ON_STOP_ANALYSIS_PROGRESS. 
2026-03-07 18:23:28 [debug] : [ProjectDecorator] tree decoration updated 
2026-03-07 18:23:28 [debug] : [ProjectCache] Project location updated to undefined 
2026-03-07 18:23:28 [debug] : [ProjectDecorator] tree decoration updated 
2026-03-07 18:23:28 [debug] : MonacoEditorModel.fireDidChangeContent - enter - {
  "changes": [
    {
      "range": {
        "startLineNumber": 1,
        "startColumn": 1,
        "endLineNumber": 1,
        "endColumn": 1
      },
      "rangeLength": 0,
      "text": "{\n    \"clangd.fallbackFlags\": []\n}",
      "rangeOffset": 0,
      "forceMoveMarkers": false
    }
  ],
  "eol": "\n",
  "isEolChange": false,
  "versionId": 2,
  "isUndoing": false,
  "isRedoing": false,
  "isFlush": false
} {"0":"file:///home/abdullah/Desktop/CNN-on-FPGA/_ide/settings.json"}
2026-03-07 18:23:28 [debug] : MonacoEditorModel.markAsDirty - enter {"0":"file:///home/abdullah/Desktop/CNN-on-FPGA/_ide/settings.json"}
2026-03-07 18:23:28 [debug] : MonacoEditorModel.cancelSync {"0":"file:///home/abdullah/Desktop/CNN-on-FPGA/_ide/settings.json"}
2026-03-07 18:23:28 [debug] : MonacoEditorModel.markAsDirty - exit {"0":"file:///home/abdullah/Desktop/CNN-on-FPGA/_ide/settings.json"}
2026-03-07 18:23:28 [debug] : MonacoEditorModel.fireDidChangeContent - exit {"0":"file:///home/abdullah/Desktop/CNN-on-FPGA/_ide/settings.json"}
2026-03-07 18:23:28 [debug] : MonacoEditorModel.cancelSave {"0":"file:///home/abdullah/Desktop/CNN-on-FPGA/_ide/settings.json"}
2026-03-07 18:23:28 [debug] : MonacoEditorModel.cancelSave {"0":"file:///home/abdullah/Desktop/CNN-on-FPGA/_ide/settings.json"}
2026-03-07 18:23:28 [debug] : No label for action menu node: No command "workspace:addFolder" exists. 
2026-03-07 18:23:28 [debug] : MonacoEditorModel.cancelSync {"0":"file:///home/abdullah/Desktop/CNN-on-FPGA/_ide/settings.json"}
2026-03-07 18:23:28 [debug] : MonacoEditorModel.cancelSave {"0":"file:///home/abdullah/Desktop/CNN-on-FPGA/_ide/settings.json"}
2026-03-07 18:23:29 [debug] : RIGEL SERVER 18:23:29 INFO  : [INFO]: Initializing repositories 
2026-03-07 18:23:29 [debug] : RIGEL SERVER 18:23:29 INFO  : [INFO]: Successfully set the EmbeddedSW path, refer .repo.yaml for more details. 
2026-03-07 18:23:29 [debug] : RIGEL SERVER 18:23:29 INFO  : Successfully created repository data at /home/abdullah/Desktop/CNN-on-FPGA/_ide/.wsdata 
2026-03-07 18:23:29 [debug] : RIGEL SERVER 18:23:29 INFO  : bash, -c, empyro get_template_data -d /tmp/rigel_lopper_abdullah13120991995596530847 -r /home/abdullah/Desktop/CNN-on-FPGA/_ide/.wsdata/.repo.yaml 
2026-03-07 18:23:29 [debug] : RIGEL SERVER 18:23:29 INFO  : Embedded Template List generated successfully 
2026-03-07 18:23:29 [debug] : [Application Examples Provider] Templates model update completed. 
2026-03-07 18:23:29 [debug] : [Application Examples Provider] common calling method completed. 
2026-03-07 18:23:29 [debug] : [Application Examples Provider] refresh completed. 
2026-03-07 18:24:25 [debug] : Executing method:[listParts] with connection:(object). {"0":"request:","1":{"wrappers_":null,"arrayIndexOffset_":-1,"array":[null,null,null,null,null,null,[]],"pivot_":1.7976931348623157e+308,"convertedPrimitiveFields_":{}}}
2026-03-07 18:25:11 [debug] : Executing method:[listParts] with connection:(object). {"0":"request:","1":{"wrappers_":null,"arrayIndexOffset_":-1,"array":[null,null,null,null,null,null,[]],"pivot_":1.7976931348623157e+308,"convertedPrimitiveFields_":{}}}
2026-03-07 18:27:08 [debug] : Executing method:[createComponentProject] with connection:(object). {"0":"request:","1":{"wrappers_":{"13":{"wrappers_":null,"arrayIndexOffset_":-1,"array":[["part=xc7z020clg484-1","","[hls]","flow_target=vivado","package.output.format=ip_catalog","package.output.syn=false","syn.top=top","syn.file=../src/dense.h","syn.file=../src/conv.h","syn.file=../src/pool.h","syn.file=../src/labels.h","syn.file=../src/mnist_dataset.h","syn.file=../src/fc1_weight.h","syn.file=../src/fc1_bias.h","syn.file=../src/conv2_weight.h","syn.file=../src/conv2_bias.h","syn.file=../src/conv1_weight.h","syn.file=../src/conv1_bias.h","syn.file=../src/conv.cpp","syn.file=../src/dense.cpp","syn.file=../src/eight.cpp","syn.file=../src/pool.cpp","tb.file=../src/testbench.cpp","clock=100MHz","clock_uncertainty=12.5%"]],"pivot_":1.7976931348623157e+308,"convertedPrimitiveFields_":{}}},"arrayIndexOffset_":-1,"array":["hls_component","/home/abdullah/Desktop/CNN-on-FPGA/hls_component",4,null,null,null,null,null,"empty_hls_component",null,null,["hls_config.cfg"],[["part=xc7z020clg484-1","","[hls]","flow_target=vivado","package.output.format=ip_catalog","package.output.syn=false","syn.top=top","syn.file=../src/dense.h","syn.file=../src/conv.h","syn.file=../src/pool.h","syn.file=../src/labels.h","syn.file=../src/mnist_dataset.h","syn.file=../src/fc1_weight.h","syn.file=../src/fc1_bias.h","syn.file=../src/conv2_weight.h","syn.file=../src/conv2_bias.h","syn.file=../src/conv1_weight.h","syn.file=../src/conv1_bias.h","syn.file=../src/conv.cpp","syn.file=../src/dense.cpp","syn.file=../src/eight.cpp","syn.file=../src/pool.cpp","tb.file=../src/testbench.cpp","clock=100MHz","clock_uncertainty=12.5%"]],null,null,null,null,null,"fe7f7690-b39a-408f-89e2-378c6a5bdc98"],"pivot_":1.7976931348623157e+308,"convertedPrimitiveFields_":{}}}
2026-03-07 18:27:08 [debug] : RIGEL SERVER 18:27:08 INFO  : created .gitignore file for the project /home/abdullah/Desktop/CNN-on-FPGA/hls_component 
2026-03-07 18:27:08 [debug] : Received event from notification service: ON_DID_CREATE_COMPONENT. 
2026-03-07 18:27:08 [debug] : [ProjectCache] fetching projects for project-cache 
2026-03-07 18:27:08 [debug] : [Component Provider] updating project /home/abdullah/Desktop/CNN-on-FPGA/hls_component 
2026-03-07 18:27:08 [debug] : [ProjectDecorator] tree decoration updated 
2026-03-07 18:27:08 [debug] : [ProjectCache] Project location updated to /home/abdullah/Desktop/CNN-on-FPGA/hls_component 
2026-03-07 18:27:08 [debug] : [ProjectDecorator] tree decoration updated 
2026-03-07 18:27:08 [debug] : [Component Provider] updating project /home/abdullah/Desktop/CNN-on-FPGA/hls_component 
2026-03-07 18:27:08 [debug] : [ProjectDecorator] tree decoration updated 
2026-03-07 18:27:08 [debug] : [ProjectCache] Project location updated to /home/abdullah/Desktop/CNN-on-FPGA/hls_component 
2026-03-07 18:27:08 [debug] : [Component Provider] project updated /home/abdullah/Desktop/CNN-on-FPGA/hls_component 
2026-03-07 18:27:08 [debug] : [Component Provider] project updated /home/abdullah/Desktop/CNN-on-FPGA/hls_component 
2026-03-07 18:27:08 [debug] : No log files found for project hls_component 
2026-03-07 18:27:08 [debug] : No log files found for project hls_component 
2026-03-07 18:27:08 [debug] : MonacoEditorModel.fireDidChangeContent - enter - {
  "changes": [
    {
      "range": {
        "startLineNumber": 2,
        "startColumn": 29,
        "endLineNumber": 2,
        "endColumn": 31
      },
      "rangeLength": 2,
      "text": "[\n        \"-I/home/abdullah/Xilinx/2025.2/Vitis/include\",\n        \"-I/home/abdullah/Xilinx/2025.2/Vitis/include/etc\",\n        \"-I/home/abdullah/Xilinx/2025.2/Vitis/lnx64/tools/auto_cc/include\"\n    ]",
      "rangeOffset": 30,
      "forceMoveMarkers": false
    }
  ],
  "eol": "\n",
  "isEolChange": false,
  "versionId": 3,
  "isUndoing": false,
  "isRedoing": false,
  "isFlush": false
} {"0":"file:///home/abdullah/Desktop/CNN-on-FPGA/_ide/settings.json"}
2026-03-07 18:27:08 [debug] : MonacoEditorModel.markAsDirty - enter {"0":"file:///home/abdullah/Desktop/CNN-on-FPGA/_ide/settings.json"}
2026-03-07 18:27:08 [debug] : MonacoEditorModel.cancelSync {"0":"file:///home/abdullah/Desktop/CNN-on-FPGA/_ide/settings.json"}
2026-03-07 18:27:08 [debug] : MonacoEditorModel.markAsDirty - exit {"0":"file:///home/abdullah/Desktop/CNN-on-FPGA/_ide/settings.json"}
2026-03-07 18:27:08 [debug] : MonacoEditorModel.fireDidChangeContent - exit {"0":"file:///home/abdullah/Desktop/CNN-on-FPGA/_ide/settings.json"}
2026-03-07 18:27:08 [debug] : MonacoEditorModel.cancelSave {"0":"file:///home/abdullah/Desktop/CNN-on-FPGA/_ide/settings.json"}
2026-03-07 18:27:08 [debug] : MonacoEditorModel.cancelSave {"0":"file:///home/abdullah/Desktop/CNN-on-FPGA/_ide/settings.json"}
2026-03-07 18:27:09 [debug] : >>>>>fetching >>>getComponentIncludes>>>>>>> {"0":"/home/abdullah/Desktop/CNN-on-FPGA/hls_component"}
2026-03-07 18:27:09 [debug] : Event posted using notification server in backend. {"0":{"wrappers_":{},"arrayIndexOffset_":-1,"array":["9f27cac6-bbd2-4a2f-8443-2b4f6fd1792b",null,24,null,null,null,null,"/home/abdullah/Desktop/CNN-on-FPGA/hls_component"],"pivot_":1.7976931348623157e+308,"convertedPrimitiveFields_":{}}}
2026-03-07 18:27:09 [debug] : Received event from notification service: UPDATE_COMPILE_COMMAND. 
2026-03-07 18:27:09 [debug] : PLUGIN_HOST(117321): PluginManagerExtImpl/loadPlugin(/home/abdullah/Xilinx/2025.2/Vitis/ide/electron-app/lnx64/resources/app/plugins/vitis-output-0.0.1/extension/lib/extension.js) 
2026-03-07 18:27:09 [debug] : Calling activation function on plugin amd.vitis-output 
2026-03-07 18:27:09 [debug] : MonacoEditorModel.cancelSync {"0":"file:///home/abdullah/Desktop/CNN-on-FPGA/_ide/settings.json"}
2026-03-07 18:27:09 [debug] : MonacoEditorModel.cancelSave {"0":"file:///home/abdullah/Desktop/CNN-on-FPGA/_ide/settings.json"}
2026-03-07 18:27:09 [debug] : MonacoEditorModel.fireDidChangeContent - enter - {
  "changes": [
    {
      "range": {
        "startLineNumber": 2,
        "startColumn": 29,
        "endLineNumber": 6,
        "endColumn": 6
      },
      "rangeLength": 198,
      "text": "[\n        \"-I/home/abdullah/Xilinx/2025.2/Vitis/include\",\n        \"-I/home/abdullah/Xilinx/2025.2/Vitis/include/etc\",\n        \"-I/home/abdullah/Xilinx/2025.2/Vitis/lnx64/tools/auto_cc/include\"\n    ]",
      "rangeOffset": 30,
      "forceMoveMarkers": false
    }
  ],
  "eol": "\n",
  "isEolChange": false,
  "versionId": 4,
  "isUndoing": false,
  "isRedoing": false,
  "isFlush": false
} {"0":"file:///home/abdullah/Desktop/CNN-on-FPGA/_ide/settings.json"}
2026-03-07 18:27:09 [debug] : MonacoEditorModel.markAsDirty - enter {"0":"file:///home/abdullah/Desktop/CNN-on-FPGA/_ide/settings.json"}
2026-03-07 18:27:09 [debug] : MonacoEditorModel.cancelSync {"0":"file:///home/abdullah/Desktop/CNN-on-FPGA/_ide/settings.json"}
2026-03-07 18:27:09 [debug] : MonacoEditorModel.markAsDirty - exit {"0":"file:///home/abdullah/Desktop/CNN-on-FPGA/_ide/settings.json"}
2026-03-07 18:27:09 [debug] : MonacoEditorModel.fireDidChangeContent - exit {"0":"file:///home/abdullah/Desktop/CNN-on-FPGA/_ide/settings.json"}
2026-03-07 18:27:09 [debug] : MonacoEditorModel.cancelSave {"0":"file:///home/abdullah/Desktop/CNN-on-FPGA/_ide/settings.json"}
2026-03-07 18:27:09 [debug] : MonacoEditorModel.cancelSave {"0":"file:///home/abdullah/Desktop/CNN-on-FPGA/_ide/settings.json"}
2026-03-07 18:27:09 [debug] : No label for action menu node: No command "workspace:addFolder" exists. 
2026-03-07 18:27:09 [debug] : MonacoEditorModel.cancelSync {"0":"file:///home/abdullah/Desktop/CNN-on-FPGA/_ide/settings.json"}
2026-03-07 18:27:09 [debug] : MonacoEditorModel.cancelSave {"0":"file:///home/abdullah/Desktop/CNN-on-FPGA/_ide/settings.json"}
2026-03-07 18:27:12 [debug] : [ProjectDecorator] tree decoration updated 
2026-03-07 18:27:12 [debug] : [ProjectCache] Project location updated to /home/abdullah/Desktop/CNN-on-FPGA/hls_component 
2026-03-07 18:27:12 [debug] : No log files found for project hls_component 
2026-03-07 18:27:19 [debug] : [Hls Flow Server] Executing method:runOperation with connection:(object). {"0":"request:","1":{"componentLocation":"/home/abdullah/Desktop/CNN-on-FPGA/hls_component","operationType":0}}
2026-03-07 18:27:19 [debug] : Received event from notification service: ON_DID_LAUNCH_START. 
2026-03-07 18:27:28 [debug] : [ProjectCache] fetching projects for project-cache 
2026-03-07 18:27:28 [debug] : [ProjectDecorator] tree decoration updated 
2026-03-07 18:27:28 [debug] : [Component Provider] updating project /home/abdullah/Desktop/CNN-on-FPGA/hls_component 
2026-03-07 18:27:28 [debug] : [Component Provider] project updated /home/abdullah/Desktop/CNN-on-FPGA/hls_component 
2026-03-07 18:27:31 [debug] : [ProjectCache] fetching projects for project-cache 
2026-03-07 18:27:31 [debug] : [ProjectDecorator] tree decoration updated 
2026-03-07 18:27:31 [debug] : [Component Provider] updating project /home/abdullah/Desktop/CNN-on-FPGA/hls_component 
2026-03-07 18:27:31 [debug] : [Component Provider] project updated /home/abdullah/Desktop/CNN-on-FPGA/hls_component 
2026-03-07 18:27:35 [debug] : [Hls Flow Server] Executing method:cancelOperation with connection:(object). {"0":"request:","1":{"componentLocation":"/home/abdullah/Desktop/CNN-on-FPGA/hls_component","operationType":0}}
2026-03-07 18:27:35 [debug] : Received event from notification service: ON_DID_LAUNCH_STOP. 
2026-03-07 18:27:38 [debug] : Received event from notification service: ON_DID_UPDATE_SUMMARY. 
2026-03-07 18:27:38 [debug] : Event posted using notification server in backend. {"0":{"wrappers_":{},"arrayIndexOffset_":-1,"array":["9da1edd2-490e-4f39-8130-0b7a506a7bb7",null,53,null,null,null,null,"list-reports"],"pivot_":1.7976931348623157e+308,"convertedPrimitiveFields_":{}}}
2026-03-07 18:27:38 [debug] : Received event from notification service: ON_START_ANALYSIS_PROGRESS. 
2026-03-07 18:27:38 [debug] : Event posted using notification server in backend. {"0":{"wrappers_":{},"arrayIndexOffset_":-1,"array":["8da2b492-39e1-4e83-83bf-a5d939694f4e",null,54,null,null,null,null,"list-reports"],"pivot_":1.7976931348623157e+308,"convertedPrimitiveFields_":{}}}
2026-03-07 18:27:38 [debug] : Received event from notification service: ON_STOP_ANALYSIS_PROGRESS. 
2026-03-07 18:27:39 [debug] : [ProjectCache] fetching projects for project-cache 
2026-03-07 18:27:39 [debug] : [ProjectDecorator] tree decoration updated 
2026-03-07 18:27:39 [debug] : [Component Provider] updating project /home/abdullah/Desktop/CNN-on-FPGA/hls_component 
2026-03-07 18:27:39 [debug] : [Component Provider] project updated /home/abdullah/Desktop/CNN-on-FPGA/hls_component 
2026-03-07 18:27:43 [debug] : [ProjectCache] fetching projects for project-cache 
2026-03-07 18:27:43 [debug] : [ProjectDecorator] tree decoration updated 
2026-03-07 18:27:43 [debug] : [Component Provider] updating project /home/abdullah/Desktop/CNN-on-FPGA/hls_component 
2026-03-07 18:27:43 [debug] : [Component Provider] project updated /home/abdullah/Desktop/CNN-on-FPGA/hls_component 
2026-03-07 18:27:44 [debug] : hls.flow_target {"0":[{"value":"vivado","description":"Vivado IP Flow Target"},{"value":"vitis","description":"Vitis Kernel Flow Target"}],"1":"vivado","2":"vivado","3":"vivado"}
2026-03-07 18:27:47 [debug] : [Hls Flow Server] Executing method:runOperation with connection:(object). {"0":"request:","1":{"componentLocation":"/home/abdullah/Desktop/CNN-on-FPGA/hls_component","operationType":1}}
2026-03-07 18:27:47 [debug] : Received event from notification service: ON_DID_LAUNCH_START. 
2026-03-07 18:28:24 [debug] : [Hls Flow Server] Executing method:cancelOperation with connection:(object). {"0":"request:","1":{"componentLocation":"/home/abdullah/Desktop/CNN-on-FPGA/hls_component","operationType":1}}
2026-03-07 18:28:24 [debug] : Received event from notification service: ON_DID_LAUNCH_STOP. 
2026-03-07 18:28:26 [debug] : Received event from notification service: ON_DID_UPDATE_SUMMARY. 
2026-03-07 18:28:26 [debug] : Event posted using notification server in backend. {"0":{"wrappers_":{},"arrayIndexOffset_":-1,"array":["dc07d5e5-c2c9-488a-b3ac-15009fb82b91",null,53,null,null,null,null,"list-reports"],"pivot_":1.7976931348623157e+308,"convertedPrimitiveFields_":{}}}
2026-03-07 18:28:26 [debug] : Received event from notification service: ON_START_ANALYSIS_PROGRESS. 
2026-03-07 18:28:26 [debug] : Event posted using notification server in backend. {"0":{"wrappers_":{},"arrayIndexOffset_":-1,"array":["02af1574-19bb-49ed-9070-019a97ad9fa9",null,54,null,null,null,null,"list-reports"],"pivot_":1.7976931348623157e+308,"convertedPrimitiveFields_":{}}}
2026-03-07 18:28:26 [debug] : Received event from notification service: ON_STOP_ANALYSIS_PROGRESS. 
2026-03-07 18:28:28 [debug] : hls.cosim.rtl {"0":[{"value":"verilog"},{"value":"vhdl"}],"1":"verilog","2":"verilog","3":"verilog"}
2026-03-07 18:28:28 [debug] : hls.cosim.tool {"0":[{"value":"vcs"},{"value":"modelsim"},{"value":"riviera"},{"value":"xsim"},{"value":"xcelium"}],"1":"xsim","2":"xsim","3":"xsim"}
2026-03-07 18:28:28 [debug] : hls.cosim.trace_level {"0":[{"value":"none"},{"value":"all"},{"value":"port"},{"value":"port_hier"}],"1":"none","2":"none","3":"none"}
2026-03-07 18:28:32 [debug] : hls.cosim.rtl {"0":[{"value":"verilog"},{"value":"vhdl"}],"1":"verilog","2":"verilog","3":"verilog"}
2026-03-07 18:28:32 [debug] : hls.cosim.tool {"0":[{"value":"vcs"},{"value":"modelsim"},{"value":"riviera"},{"value":"xsim"},{"value":"xcelium"}],"1":"xsim","2":"xsim","3":"xsim"}
2026-03-07 18:28:32 [debug] : hls.cosim.trace_level {"0":[{"value":"none"},{"value":"all"},{"value":"port"},{"value":"port_hier"}],"1":"none","2":"none","3":"none"}
2026-03-07 18:28:38 [debug] : >>>>>fetching >>>getComponentIncludes>>>>>>> {"0":"/home/abdullah/Desktop/CNN-on-FPGA/hls_component"}
2026-03-07 18:28:38 [debug] : Event posted using notification server in backend. {"0":{"wrappers_":{},"arrayIndexOffset_":-1,"array":["a2dc34d8-cd44-4375-8a51-6d437bb6f8c7",null,24,null,null,null,null,"/home/abdullah/Desktop/CNN-on-FPGA/hls_component"],"pivot_":1.7976931348623157e+308,"convertedPrimitiveFields_":{}}}
2026-03-07 18:28:38 [debug] : [Hls Flow Server] Executing method:runOperation with connection:(object). {"0":"request:","1":{"componentLocation":"/home/abdullah/Desktop/CNN-on-FPGA/hls_component","operationType":2}}
2026-03-07 18:28:38 [debug] : >>>>>fetching >>>getComponentIncludes>>>>>>> {"0":"/home/abdullah/Desktop/CNN-on-FPGA/hls_component"}
2026-03-07 18:28:38 [debug] : Event posted using notification server in backend. {"0":{"wrappers_":{},"arrayIndexOffset_":-1,"array":["9065baab-2aa6-4098-8c35-d4cf7b5bd8b0",null,24,null,null,null,null,"/home/abdullah/Desktop/CNN-on-FPGA/hls_component"],"pivot_":1.7976931348623157e+308,"convertedPrimitiveFields_":{}}}
2026-03-07 18:28:38 [debug] : Received event from notification service: UPDATE_COMPILE_COMMAND. 
2026-03-07 18:28:38 [debug] : Received event from notification service: ON_DID_LAUNCH_START. 
2026-03-07 18:28:38 [debug] : Received event from notification service: UPDATE_COMPILE_COMMAND. 
2026-03-07 18:28:38 [debug] : MonacoEditorModel.fireDidChangeContent - enter - {
  "changes": [
    {
      "range": {
        "startLineNumber": 2,
        "startColumn": 29,
        "endLineNumber": 6,
        "endColumn": 6
      },
      "rangeLength": 198,
      "text": "[\n        \"-I/home/abdullah/Xilinx/2025.2/Vitis/include\",\n        \"-I/home/abdullah/Xilinx/2025.2/Vitis/include/etc\",\n        \"-I/home/abdullah/Xilinx/2025.2/Vitis/lnx64/tools/auto_cc/include\"\n    ]",
      "rangeOffset": 30,
      "forceMoveMarkers": false
    }
  ],
  "eol": "\n",
  "isEolChange": false,
  "versionId": 5,
  "isUndoing": false,
  "isRedoing": false,
  "isFlush": false
} {"0":"file:///home/abdullah/Desktop/CNN-on-FPGA/_ide/settings.json"}
2026-03-07 18:28:38 [debug] : MonacoEditorModel.markAsDirty - enter {"0":"file:///home/abdullah/Desktop/CNN-on-FPGA/_ide/settings.json"}
2026-03-07 18:28:38 [debug] : MonacoEditorModel.cancelSync {"0":"file:///home/abdullah/Desktop/CNN-on-FPGA/_ide/settings.json"}
2026-03-07 18:28:38 [debug] : MonacoEditorModel.markAsDirty - exit {"0":"file:///home/abdullah/Desktop/CNN-on-FPGA/_ide/settings.json"}
2026-03-07 18:28:38 [debug] : MonacoEditorModel.fireDidChangeContent - exit {"0":"file:///home/abdullah/Desktop/CNN-on-FPGA/_ide/settings.json"}
2026-03-07 18:28:38 [debug] : MonacoEditorModel.cancelSave {"0":"file:///home/abdullah/Desktop/CNN-on-FPGA/_ide/settings.json"}
2026-03-07 18:28:38 [debug] : MonacoEditorModel.fireDidChangeContent - enter - {
  "changes": [
    {
      "range": {
        "startLineNumber": 2,
        "startColumn": 29,
        "endLineNumber": 6,
        "endColumn": 6
      },
      "rangeLength": 198,
      "text": "[\n        \"-I/home/abdullah/Xilinx/2025.2/Vitis/include\",\n        \"-I/home/abdullah/Xilinx/2025.2/Vitis/include/etc\",\n        \"-I/home/abdullah/Xilinx/2025.2/Vitis/lnx64/tools/auto_cc/include\"\n    ]",
      "rangeOffset": 30,
      "forceMoveMarkers": false
    }
  ],
  "eol": "\n",
  "isEolChange": false,
  "versionId": 6,
  "isUndoing": false,
  "isRedoing": false,
  "isFlush": false
} {"0":"file:///home/abdullah/Desktop/CNN-on-FPGA/_ide/settings.json"}
2026-03-07 18:28:38 [debug] : MonacoEditorModel.markAsDirty - enter {"0":"file:///home/abdullah/Desktop/CNN-on-FPGA/_ide/settings.json"}
2026-03-07 18:28:38 [debug] : MonacoEditorModel.cancelSync {"0":"file:///home/abdullah/Desktop/CNN-on-FPGA/_ide/settings.json"}
2026-03-07 18:28:38 [debug] : MonacoEditorModel.markAsDirty - exit {"0":"file:///home/abdullah/Desktop/CNN-on-FPGA/_ide/settings.json"}
2026-03-07 18:28:38 [debug] : MonacoEditorModel.fireDidChangeContent - exit {"0":"file:///home/abdullah/Desktop/CNN-on-FPGA/_ide/settings.json"}
2026-03-07 18:28:38 [debug] : MonacoEditorModel.cancelSave {"0":"file:///home/abdullah/Desktop/CNN-on-FPGA/_ide/settings.json"}
2026-03-07 18:28:38 [debug] : MonacoEditorModel.cancelSave {"0":"file:///home/abdullah/Desktop/CNN-on-FPGA/_ide/settings.json"}
2026-03-07 18:28:38 [debug] : Event posted using notification server in backend. {"0":{"wrappers_":{},"arrayIndexOffset_":-1,"array":["14ddbb4e-4e67-48bd-a962-6a880fd24ea8",null,24,null,null,null,null,"/home/abdullah/Desktop/CNN-on-FPGA/hls_component"],"pivot_":1.7976931348623157e+308,"convertedPrimitiveFields_":{}}}
2026-03-07 18:28:38 [debug] : >>>>>fetching >>>getComponentIncludes>>>>>>> {"0":"/home/abdullah/Desktop/CNN-on-FPGA/hls_component"}
2026-03-07 18:28:38 [debug] : >>>>>fetching >>>getComponentIncludes>>>>>>> {"0":"/home/abdullah/Desktop/CNN-on-FPGA/hls_component"}
2026-03-07 18:28:38 [debug] : Event posted using notification server in backend. {"0":{"wrappers_":{},"arrayIndexOffset_":-1,"array":["c545062f-a9c5-4fb3-8c5a-5bcbf9e7e485",null,24,null,null,null,null,"/home/abdullah/Desktop/CNN-on-FPGA/hls_component"],"pivot_":1.7976931348623157e+308,"convertedPrimitiveFields_":{}}}
2026-03-07 18:28:39 [debug] : Received event from notification service: UPDATE_COMPILE_COMMAND. 
2026-03-07 18:28:39 [debug] : Received event from notification service: UPDATE_COMPILE_COMMAND. 
2026-03-07 18:28:39 [debug] : MonacoEditorModel.cancelSync {"0":"file:///home/abdullah/Desktop/CNN-on-FPGA/_ide/settings.json"}
2026-03-07 18:28:39 [debug] : MonacoEditorModel.cancelSave {"0":"file:///home/abdullah/Desktop/CNN-on-FPGA/_ide/settings.json"}
2026-03-07 18:28:39 [debug] : MonacoEditorModel.fireDidChangeContent - enter - {
  "changes": [
    {
      "range": {
        "startLineNumber": 2,
        "startColumn": 29,
        "endLineNumber": 6,
        "endColumn": 6
      },
      "rangeLength": 198,
      "text": "[\n        \"-I/home/abdullah/Xilinx/2025.2/Vitis/include\",\n        \"-I/home/abdullah/Xilinx/2025.2/Vitis/include/etc\",\n        \"-I/home/abdullah/Xilinx/2025.2/Vitis/lnx64/tools/auto_cc/include\"\n    ]",
      "rangeOffset": 30,
      "forceMoveMarkers": false
    }
  ],
  "eol": "\n",
  "isEolChange": false,
  "versionId": 7,
  "isUndoing": false,
  "isRedoing": false,
  "isFlush": false
} {"0":"file:///home/abdullah/Desktop/CNN-on-FPGA/_ide/settings.json"}
2026-03-07 18:28:39 [debug] : MonacoEditorModel.markAsDirty - enter {"0":"file:///home/abdullah/Desktop/CNN-on-FPGA/_ide/settings.json"}
2026-03-07 18:28:39 [debug] : MonacoEditorModel.cancelSync {"0":"file:///home/abdullah/Desktop/CNN-on-FPGA/_ide/settings.json"}
2026-03-07 18:28:39 [debug] : MonacoEditorModel.markAsDirty - exit {"0":"file:///home/abdullah/Desktop/CNN-on-FPGA/_ide/settings.json"}
2026-03-07 18:28:39 [debug] : MonacoEditorModel.fireDidChangeContent - exit {"0":"file:///home/abdullah/Desktop/CNN-on-FPGA/_ide/settings.json"}
2026-03-07 18:28:39 [debug] : MonacoEditorModel.cancelSave {"0":"file:///home/abdullah/Desktop/CNN-on-FPGA/_ide/settings.json"}
2026-03-07 18:28:39 [debug] : MonacoEditorModel.fireDidChangeContent - enter - {
  "changes": [
    {
      "range": {
        "startLineNumber": 2,
        "startColumn": 29,
        "endLineNumber": 6,
        "endColumn": 6
      },
      "rangeLength": 198,
      "text": "[\n        \"-I/home/abdullah/Xilinx/2025.2/Vitis/include\",\n        \"-I/home/abdullah/Xilinx/2025.2/Vitis/include/etc\",\n        \"-I/home/abdullah/Xilinx/2025.2/Vitis/lnx64/tools/auto_cc/include\"\n    ]",
      "rangeOffset": 30,
      "forceMoveMarkers": false
    }
  ],
  "eol": "\n",
  "isEolChange": false,
  "versionId": 8,
  "isUndoing": false,
  "isRedoing": false,
  "isFlush": false
} {"0":"file:///home/abdullah/Desktop/CNN-on-FPGA/_ide/settings.json"}
2026-03-07 18:28:39 [debug] : MonacoEditorModel.markAsDirty - enter {"0":"file:///home/abdullah/Desktop/CNN-on-FPGA/_ide/settings.json"}
2026-03-07 18:28:39 [debug] : MonacoEditorModel.cancelSync {"0":"file:///home/abdullah/Desktop/CNN-on-FPGA/_ide/settings.json"}
2026-03-07 18:28:39 [debug] : MonacoEditorModel.markAsDirty - exit {"0":"file:///home/abdullah/Desktop/CNN-on-FPGA/_ide/settings.json"}
2026-03-07 18:28:39 [debug] : MonacoEditorModel.fireDidChangeContent - exit {"0":"file:///home/abdullah/Desktop/CNN-on-FPGA/_ide/settings.json"}
2026-03-07 18:28:39 [debug] : MonacoEditorModel.cancelSave {"0":"file:///home/abdullah/Desktop/CNN-on-FPGA/_ide/settings.json"}
2026-03-07 18:28:39 [debug] : MonacoEditorModel.cancelSave {"0":"file:///home/abdullah/Desktop/CNN-on-FPGA/_ide/settings.json"}
2026-03-07 18:28:39 [debug] : MonacoEditorModel.cancelSync {"0":"file:///home/abdullah/Desktop/CNN-on-FPGA/_ide/settings.json"}
2026-03-07 18:28:39 [debug] : MonacoEditorModel.cancelSave {"0":"file:///home/abdullah/Desktop/CNN-on-FPGA/_ide/settings.json"}
2026-03-07 18:34:42 [debug] : [Hls Flow Server] Executing method:cancelOperation with connection:(object). {"0":"request:","1":{"componentLocation":"/home/abdullah/Desktop/CNN-on-FPGA/hls_component","operationType":2}}
2026-03-07 18:34:42 [debug] : Received event from notification service: ON_DID_LAUNCH_STOP. 
2026-03-07 18:34:44 [debug] : Received event from notification service: ON_DID_UPDATE_SUMMARY. 
2026-03-07 18:34:44 [debug] : Event posted using notification server in backend. {"0":{"wrappers_":{},"arrayIndexOffset_":-1,"array":["d4c15f92-bbff-41b2-83ce-a10616809bad",null,53,null,null,null,null,"list-reports"],"pivot_":1.7976931348623157e+308,"convertedPrimitiveFields_":{}}}
2026-03-07 18:34:44 [debug] : Received event from notification service: ON_START_ANALYSIS_PROGRESS. 
2026-03-07 18:34:44 [debug] : Event posted using notification server in backend. {"0":{"wrappers_":{},"arrayIndexOffset_":-1,"array":["9893a7f5-ff8b-43a5-915c-b12b8ce7ccc3",null,54,null,null,null,null,"list-reports"],"pivot_":1.7976931348623157e+308,"convertedPrimitiveFields_":{}}}
2026-03-07 18:34:44 [debug] : Received event from notification service: ON_STOP_ANALYSIS_PROGRESS. 
2026-03-07 19:15:44 [debug] : hls.package.output.format {"0":[{"value":"ip_catalog","description":"Generate Vivado IP and .zip archive"},{"value":"xo","description":"Generate a Vitis XO"},{"value":"rtl","description":"Generate RTL, skip packaging"}],"1":"ip_catalog","2":"ip_catalog","3":"ip_catalog"}
2026-03-07 19:15:45 [debug] : [Hls Flow Server] Executing method:runOperation with connection:(object). {"0":"request:","1":{"componentLocation":"/home/abdullah/Desktop/CNN-on-FPGA/hls_component","operationType":5}}
2026-03-07 19:15:45 [debug] : Received event from notification service: ON_DID_LAUNCH_START. 
2026-03-07 19:15:56 [debug] : [Hls Flow Server] Executing method:cancelOperation with connection:(object). {"0":"request:","1":{"componentLocation":"/home/abdullah/Desktop/CNN-on-FPGA/hls_component","operationType":5}}
2026-03-07 19:15:56 [debug] : Received event from notification service: ON_DID_LAUNCH_STOP. 
2026-03-07 19:15:58 [debug] : Received event from notification service: ON_DID_UPDATE_SUMMARY. 
2026-03-07 19:15:58 [debug] : Event posted using notification server in backend. {"0":{"wrappers_":{},"arrayIndexOffset_":-1,"array":["40632188-248c-4d3b-badc-967b2b7d3134",null,53,null,null,null,null,"list-reports"],"pivot_":1.7976931348623157e+308,"convertedPrimitiveFields_":{}}}
2026-03-07 19:15:58 [debug] : Received event from notification service: ON_START_ANALYSIS_PROGRESS. 
2026-03-07 19:15:58 [debug] : Event posted using notification server in backend. {"0":{"wrappers_":{},"arrayIndexOffset_":-1,"array":["dc85d474-8caa-405c-81ab-83f3523225ec",null,54,null,null,null,null,"list-reports"],"pivot_":1.7976931348623157e+308,"convertedPrimitiveFields_":{}}}
2026-03-07 19:15:58 [debug] : Received event from notification service: ON_STOP_ANALYSIS_PROGRESS. 
2026-03-07 19:16:25 [debug] : hls.vivado.flow {"0":[{"value":"syn","description":"Run only RTL synthesis"},{"value":"impl","description":"Run full implementation (RTL synthesis, place and route)"}],"1":"impl","2":"impl","3":"impl"}
2026-03-07 19:16:25 [debug] : hls.vivado.rtl {"0":[{"value":"verilog"},{"value":"vhdl"}],"1":"verilog","2":"verilog","3":"verilog"}
2026-03-07 19:16:25 [debug] : hls.vivado.phys_opt {"0":[{"value":"none","description":"Disable for post-place and post-route"},{"value":"auto","description":"Enablement is defined by vivado_impl_strategy"},{"value":"place","description":"Enable for post-place, disable for post-route"},{"value":"route","description":"Enable for post-route, disable for post-place"},{"value":"all","description":"Enable for post-place and post-route"}],"1":"auto","2":"auto","3":"auto"}
2026-03-07 19:16:25 [debug] : hls.vivado.report_level {"0":[{"value":"0","description":"Utilization & timing summary"},{"value":"1","description":"Include timing path details"},{"value":"2","description":"Include failfast report"}],"1":"2","2":"2","3":"2"}
2026-03-07 19:16:28 [debug] : [Hls Flow Server] Executing method:runOperation with connection:(object). {"0":"request:","1":{"componentLocation":"/home/abdullah/Desktop/CNN-on-FPGA/hls_component","operationType":3}}
2026-03-07 19:16:28 [debug] : Received event from notification service: ON_DID_LAUNCH_START. 
2026-03-07 19:19:50 [debug] : [Hls Flow Server] Executing method:cancelOperation with connection:(object). {"0":"request:","1":{"componentLocation":"/home/abdullah/Desktop/CNN-on-FPGA/hls_component","operationType":3}}
2026-03-07 19:19:50 [debug] : Received event from notification service: ON_DID_LAUNCH_STOP. 
2026-03-07 19:19:52 [debug] : Received event from notification service: ON_DID_UPDATE_SUMMARY. 
2026-03-07 19:19:52 [debug] : Event posted using notification server in backend. {"0":{"wrappers_":{},"arrayIndexOffset_":-1,"array":["54e62dd2-d562-453c-8bc9-2c144ba83a8f",null,53,null,null,null,null,"list-reports"],"pivot_":1.7976931348623157e+308,"convertedPrimitiveFields_":{}}}
2026-03-07 19:19:52 [debug] : Received event from notification service: ON_START_ANALYSIS_PROGRESS. 
2026-03-07 19:19:52 [debug] : Event posted using notification server in backend. {"0":{"wrappers_":{},"arrayIndexOffset_":-1,"array":["cfe81fec-2ed7-40d6-88f4-80f1a32754e4",null,54,null,null,null,null,"list-reports"],"pivot_":1.7976931348623157e+308,"convertedPrimitiveFields_":{}}}
2026-03-07 19:19:52 [debug] : Received event from notification service: ON_STOP_ANALYSIS_PROGRESS. 
2026-03-07 19:25:47 [debug] : [ProjectCache] fetching projects for project-cache 
2026-03-07 19:25:47 [debug] : [ProjectDecorator] tree decoration updated 
2026-03-07 19:25:47 [debug] : [Component Provider] updating project /home/abdullah/Desktop/CNN-on-FPGA/hls_component 
2026-03-07 19:25:47 [debug] : [Component Provider] project updated /home/abdullah/Desktop/CNN-on-FPGA/hls_component 
2026-03-07 19:25:49 [debug] : [ProjectCache] fetching projects for project-cache 
2026-03-07 19:25:49 [debug] : [ProjectDecorator] tree decoration updated 
2026-03-07 19:25:49 [debug] : [Component Provider] updating project /home/abdullah/Desktop/CNN-on-FPGA/hls_component 
2026-03-07 19:25:49 [debug] : [Component Provider] project updated /home/abdullah/Desktop/CNN-on-FPGA/hls_component 
2026-03-07 19:27:03 [debug] : [ProjectCache] fetching projects for project-cache 
2026-03-07 19:27:03 [debug] : [ProjectDecorator] tree decoration updated 
2026-03-07 19:27:03 [debug] : [Component Provider] updating project /home/abdullah/Desktop/CNN-on-FPGA/hls_component 
2026-03-07 19:27:03 [debug] : [Component Provider] project updated /home/abdullah/Desktop/CNN-on-FPGA/hls_component 
2026-03-07 19:27:11 [debug] : [ProjectCache] fetching projects for project-cache 
2026-03-07 19:27:11 [debug] : [ProjectDecorator] tree decoration updated 
2026-03-07 19:27:11 [debug] : [Component Provider] updating project /home/abdullah/Desktop/CNN-on-FPGA/hls_component 
2026-03-07 19:27:11 [debug] : [Component Provider] project updated /home/abdullah/Desktop/CNN-on-FPGA/hls_component 
2026-03-07 19:29:15 [debug] : [ProjectCache] fetching projects for project-cache 
2026-03-07 19:29:16 [debug] : [ProjectDecorator] tree decoration updated 
2026-03-07 19:29:16 [debug] : [Component Provider] updating project /home/abdullah/Desktop/CNN-on-FPGA/hls_component 
2026-03-07 19:29:16 [debug] : [Component Provider] project updated /home/abdullah/Desktop/CNN-on-FPGA/hls_component 
2026-03-07 19:29:21 [debug] : socket closed 
2026-03-07 19:29:21 [debug] : closing connection for 1 
2026-03-07 19:29:21 [debug] : Closing channel on service path '/localization-server'. 
2026-03-07 19:29:21 [debug] : Closing channel on service path '/os'. 
2026-03-07 19:29:21 [debug] : Closing channel on service path '/services/commands'. 
2026-03-07 19:29:21 [debug] : Closing channel on service path '/services/logger'. 
2026-03-07 19:29:21 [debug] : Closing channel on service path '/services/messageService'. 
2026-03-07 19:29:21 [debug] : Closing channel on service path '/services/rigel-utils'. 
2026-03-07 19:29:21 [debug] : [Rigel Utils Server] Disposing objects in backend. 
2026-03-07 19:29:21 [debug] : Closing channel on service path '/services/ChannelCloseService'. 
2026-03-07 19:29:21 [debug] : Closing channel on service path '/services/remote-filesystem'. 
2026-03-07 19:29:21 [debug] : Closing channel on service path '/services/envs'. 
2026-03-07 19:29:21 [debug] : Closing channel on service path '/services/startup-workspace'. 
2026-03-07 19:29:21 [debug] : Closing channel on service path '/services/rigel-workspace'. 
2026-03-07 19:29:21 [debug] : Closing channel on service path '/services/workspace'. 
2026-03-07 19:29:21 [debug] : Closing channel on service path '/services/keyboard'. 
2026-03-07 19:29:21 [debug] : Closing channel on service path '/services/stopwatch'. 
2026-03-07 19:29:21 [debug] : Closing channel on service path '/services/application'. 
2026-03-07 19:29:21 [debug] : Closing channel on service path '/services/i18n'. 
2026-03-07 19:29:21 [debug] : Closing channel on service path '/services/quickInput'. 
2026-03-07 19:29:21 [debug] : Closing channel on service path '/services/project'. 
2026-03-07 19:29:21 [debug] : Closing channel on service path '/services/component'. 
2026-03-07 19:29:21 [debug] : Closing channel on service path '/services/feature-registry'. 
2026-03-07 19:29:21 [debug] : Closing channel on service path '/services/debugger'. 
2026-03-07 19:29:21 [debug] : Closing channel on service path '/services/debug'. 
2026-03-07 19:29:21 [debug] : Closing channel on service path '/services/shell-terminal'. 
2026-03-07 19:29:21 [debug] : Closing channel on service path '/services/quickPick'. 
2026-03-07 19:29:21 [debug] : Closing channel on service path '/services/task'. 
2026-03-07 19:29:21 [debug] : a client has disconnected - removed from list: 
2026-03-07 19:29:21 [debug] : Closing channel on service path '/services/search'. 
2026-03-07 19:29:21 [debug] : Closing channel on service path '/services/hostedPlugin'. 
2026-03-07 19:29:21 [debug] : Closing channel on service path '/services/plugin-ext'. 
2026-03-07 19:29:21 [debug] : Closing channel on service path '/services/plugin-paths'. 
2026-03-07 19:29:21 [debug] : Closing channel on service path '/services/vsx-environment'. 
2026-03-07 19:29:21 [debug] : Closing channel on service path '/services/request-service'. 
2026-03-07 19:29:21 [debug] : Closing channel on service path '/services/cli-preferences'. 
2026-03-07 19:29:21 [debug] : Closing channel on service path '/services/server'. 
2026-03-07 19:29:21 [debug] : Closing channel on service path '/services/repository'. 
2026-03-07 19:29:21 [debug] : [Repository Server] Disposing objects in backend. 
2026-03-07 19:29:21 [debug] : Closing channel on service path '/services/program_flash'. 
2026-03-07 19:29:21 [debug] : [Program Flash Server] Disposing objects in backend. 
2026-03-07 19:29:21 [debug] : Closing channel on service path '/services/build'. 
2026-03-07 19:29:21 [debug] : [Build Server] Disposing objects in backend. 
2026-03-07 19:29:21 [debug] : Closing channel on service path '/services/notification'. 
2026-03-07 19:29:21 [debug] : Closing channel on service path 'services/rigel-backend-helper'. 
2026-03-07 19:29:21 [debug] : Closing channel on service path '/services/aie'. 
2026-03-07 19:29:21 [debug] : [AIE Server] Disposing objects in backend. 
2026-03-07 19:29:21 [debug] : Closing channel on service path '/services/analysis'. 
2026-03-07 19:29:21 [debug] : Closing channel on service path '/services/recent-summaries'. 
2026-03-07 19:29:21 [debug] : Closing channel on service path '/services/rigel_explorer'. 
2026-03-07 19:29:21 [debug] : Closing channel on service path '/services/linker-script'. 
2026-03-07 19:29:21 [debug] : Closing channel on service path '/services/rigel-logger'. 
2026-03-07 19:29:21 [debug] : [Logger Server] Disposing objects in backend. 
2026-03-07 19:29:21 [debug] : Closing channel on service path '/services/platform'. 
2026-03-07 19:29:21 [debug] : Closing channel on service path '/services/vitis-hls'. 
2026-03-07 19:29:21 [debug] : Closing channel on service path '/services/device'. 
2026-03-07 19:29:21 [debug] : Closing channel on service path '/services/mini-browser-service'. 
2026-03-07 19:29:21 [debug] : Closing channel on service path '/services/flow_navigator'. 
2026-03-07 19:29:21 [debug] : Closing channel on service path '/services/hls/common/data/info'. 
2026-03-07 19:29:21 [debug] : Closing channel on service path '/services/hls/common/file/service'. 
2026-03-07 19:29:21 [debug] : Closing channel on service path '/services/hls/report'. 
2026-03-07 19:29:21 [debug] : Closing channel on service path '/services/hls/dataflow/info'. 
2026-03-07 19:29:21 [debug] : Closing channel on service path '/services/hls/l1library/service'. 
2026-03-07 19:29:21 [debug] : Closing channel on service path '/services/hls/directive'. 
2026-03-07 19:29:21 [debug] : Closing channel on service path '/services/hls_flow'. 
2026-03-07 19:29:21 [debug] : [Hls Flow Server] Disposing objects in backend. 
2026-03-07 19:29:21 [debug] : Closing channel on service path '/services/search-in-workspace'. 
2026-03-07 19:29:21 [debug] : Closing channel on service path '/services/open-ai/language-model-manager'. 
2026-03-07 19:29:21 [debug] : Closing channel on service path '/services/mcpservermanager'. 
2026-03-07 19:29:21 [debug] : Closing channel on service path '/services/languageModelRegistryDelegatePath'. 
2026-03-07 19:29:21 [debug] : Closing channel on service path '/services/languageModelDelegatePath'. 
2026-03-07 19:29:21 [debug] : Closing channel on service path '/services/rigel-ai/language-model-manager'. 
2026-03-07 19:29:21 [debug] : Closing channel on service path '/services/anthropic/language-model-manager'. 
2026-03-07 19:29:21 [debug] : Closing channel on service path '/services/google/language-model-manager'. 
2026-03-07 19:29:21 [debug] : Closing channel on service path '/services/huggingface/language-model-manager'. 
2026-03-07 19:29:21 [debug] : Closing channel on service path '/services/llamafilemanager'. 
2026-03-07 19:29:21 [debug] : Closing channel on service path '/services/ollama/language-model-manager'. 
2026-03-07 19:29:21 [debug] : Closing channel on service path '/services/vercel-ai/language-model-manager'. 
2026-03-07 19:29:21 [debug] : Closing channel on service path '/services/config-file'. 
2026-03-07 19:29:21 [debug] : Closing channel on service path '/services/elf-reader'. 
2026-03-07 19:29:21 [debug] : [Elf Reader Server] Disposing objects in backend. 
2026-03-07 19:29:21 [debug] : Closing channel on service path '/services/project-utils'. 
2026-03-07 19:29:21 [debug] : Closing channel on service path '/services/bootgen'. 
2026-03-07 19:29:21 [debug] : Closing channel on service path '/services/cdo-utils'. 
2026-03-07 19:29:21 [debug] : Closing channel on service path '/services/report-model'. 
2026-03-07 19:29:21 [debug] : Closing channel on service path '/services/hls/wave/open'. 
2026-03-07 19:29:21 [debug] : Closing channel on service path '/services/scanoss/service'. 
2026-03-07 19:29:21 [debug] : Closing channel on service path '/services/hls-config'. 
2026-03-07 19:29:21 [debug] : Closing channel on service path '/services/keyStore'. 
2026-03-07 19:29:21 [debug] : Closing channel on service path '/services/languagePackService'. 
2026-03-07 19:29:21 [debug] : Uncaught Exception:  {"0":"Error: client namespace disconnect"}
2026-03-07 19:29:21 [debug] : Error: client namespace disconnect
    at /home/abdullah/Xilinx/2025.2/Vitis/ide/electron-app/lnx64/resources/app/lib/backend/69.js:2:20265
    at Map.forEach (<anonymous>)
    at /home/abdullah/Xilinx/2025.2/Vitis/ide/electron-app/lnx64/resources/app/lib/backend/69.js:2:20245
    at /home/abdullah/Xilinx/2025.2/Vitis/ide/electron-app/lnx64/resources/app/lib/backend/69.js:2:126060
    at s.invoke (/home/abdullah/Xilinx/2025.2/Vitis/ide/electron-app/lnx64/resources/app/lib/backend/69.js:2:126149)
    at a.fire (/home/abdullah/Xilinx/2025.2/Vitis/ide/electron-app/lnx64/resources/app/lib/backend/69.js:2:127948)
    at /home/abdullah/Xilinx/2025.2/Vitis/ide/electron-app/lnx64/resources/app/lib/backend/69.js:2:57134
    at Map.forEach (<anonymous>)
    at Object.<anonymous> (/home/abdullah/Xilinx/2025.2/Vitis/ide/electron-app/lnx64/resources/app/lib/backend/69.js:2:57105)
    at e.dispose (/home/abdullah/Xilinx/2025.2/Vitis/ide/electron-app/lnx64/resources/app/lib/backend/69.js:2:329602)
    at t.DisposableCollection.dispose (/home/abdullah/Xilinx/2025.2/Vitis/ide/electron-app/lnx64/resources/app/lib/backend/69.js:2:329321)
    at t.ChannelMultiplexer.dispose (/home/abdullah/Xilinx/2025.2/Vitis/ide/electron-app/lnx64/resources/app/lib/backend/69.js:2:59028)
    at t.ChannelMultiplexer.onUnderlyingChannelClose (/home/abdullah/Xilinx/2025.2/Vitis/ide/electron-app/lnx64/resources/app/lib/backend/69.js:2:57260)
    at /home/abdullah/Xilinx/2025.2/Vitis/ide/electron-app/lnx64/resources/app/lib/backend/69.js:2:56779
    at /home/abdullah/Xilinx/2025.2/Vitis/ide/electron-app/lnx64/resources/app/lib/backend/69.js:2:126060
    at s.invoke (/home/abdullah/Xilinx/2025.2/Vitis/ide/electron-app/lnx64/resources/app/lib/backend/69.js:2:126149) 
2026-03-15 23:20:12 [debug] : --------------------------------------------------------------------------------- 
2026-03-15 23:20:12 [debug] : /home/abdullah/Desktop/CNN-on-FPGA 
2026-03-15 23:20:12 [debug] : --------------------------------------------------------------------------------- 
2026-03-15 23:20:12 [debug] : [Logger] Previous user logs are stored in the file - /home/abdullah/.Xilinx/Vitis/2025.2/logs/ide.log 
2026-03-15 23:20:12 [debug] : [Logger] Previous debug logs are stored in the file - /home/abdullah/.Xilinx/Vitis/2025.2/.wsdata/ide_verbose.log 
2026-03-15 23:20:12 [debug] : [Repository Service] Executing method:getAppRepoState from frontend. {"0":"request:","1":{"repoId":"vitis_hls_examples","repoType":4}}
2026-03-15 23:20:12 [debug] : Received event from notification service: ON_START_ANALYSIS_PROGRESS. 
2026-03-15 23:20:12 [debug] : [Repository Server] Executing method:getAppRepoState with connection:(object). {"0":"request:","1":{"repoId":"vitis_hls_examples","repoType":4}}
2026-03-15 23:20:12 [debug] : Event posted using notification server in backend. {"0":{"wrappers_":{},"arrayIndexOffset_":-1,"array":["777b7c50-ec4a-4328-a23a-afc5ee7b8b8f",null,54,null,null,null,null,"list-reports"],"pivot_":1.7976931348623157e+308,"convertedPrimitiveFields_":{}}}
2026-03-15 23:20:12 [debug] : Event posted using notification server in backend. {"0":{"wrappers_":{},"arrayIndexOffset_":-1,"array":["a4d61e30-8b29-434a-840b-6b9394232d82",null,54,null,null,null,null,"list-reports"],"pivot_":1.7976931348623157e+308,"convertedPrimitiveFields_":{}}}
2026-03-15 23:20:12 [debug] : RIGEL SERVER 23:20:12 INFO  : created .gitignore file for the project /home/abdullah/Desktop/CNN-on-FPGA 
2026-03-15 23:20:12 [debug] : [Repository Server] Executing method:getEmbeddedExampleTemplateTree with connection:(object). {"0":"request:","1":{"wrappers_":null,"arrayIndexOffset_":-1,"array":[],"pivot_":1.7976931348623157e+308,"convertedPrimitiveFields_":{}}}
2026-03-15 23:20:12 [debug] : [Application Examples Provider]  updating the embedded templates on workspace event. 
2026-03-15 23:20:12 [debug] : [Application Examples Provider] refresh requested. 
2026-03-15 23:20:12 [debug] : Received event from notification service: ON_DID_UPDATE_WORKSPACE. 
2026-03-15 23:20:12 [debug] : [Logger Client] log levelchanged to  {"0":"Info"}
2026-03-15 23:20:12 [debug] : [Logger UI]  Update Log Level  called 
2026-03-15 23:20:12 [debug] : [Application Examples Provider] common calling method requested. 
2026-03-15 23:20:12 [debug] : [Application Examples Provider] Repositories model update requested. 
2026-03-15 23:20:12 [debug] : [Application Examples Provider] Repositories model update completed. 
2026-03-15 23:20:12 [debug] : [Application Examples Provider] Templates model update requested. 
2026-03-15 23:20:12 [debug] : [Repository Service] Executing method:getEmbeddedExampleTemplateTree from frontend. {"0":"request:"}
2026-03-15 23:20:12 [debug] : Received event from notification service: ON_STOP_ANALYSIS_PROGRESS. 
2026-03-15 23:20:12 [debug] : [Repository Server] Executed method:getAppRepoState. {"0":"result:","1":{"repoId":"","status":3}}
2026-03-15 23:20:12 [debug] : [Repository Server] Executed method:getAppRepoState. {"0":"result:","1":{"repoId":"","status":3}}
2026-03-15 23:20:12 [debug] : [Repository Server] Executed method:getAppRepoState. {"0":"result:","1":{"repoId":"","status":2}}
2026-03-15 23:20:12 [debug] : [Repository Server] Executed method:getAppRepoState. {"0":"result:","1":{"repoId":"","status":3}}
2026-03-15 23:20:12 [debug] : Received event from notification service: ON_STOP_ANALYSIS_PROGRESS. 
2026-03-15 23:20:12 [debug] : [Application Examples Provider]  Application repository status:2 for id:vitis_examples 
2026-03-15 23:20:12 [debug] : [Repository Service] Executing method:getAppRepoState from frontend. {"0":"request:","1":{"repoId":"ai_engine_test_harness","repoType":2}}
2026-03-15 23:20:12 [debug] : [Application Examples Provider]  Application repository status:3 for id:vitis_hls_examples 
2026-03-15 23:20:12 [debug] : [Repository Service] Executing method:getAppRepoState from frontend. {"0":"request:","1":{"repoId":"vitis_libraries","repoType":1}}
2026-03-15 23:20:12 [debug] : [Logger UI]  Update Log Level success {"0":{"success":true,"error":""}}
2026-03-15 23:20:12 [debug] : [Repository Server] Executing method:getAppRepoState with connection:(object). {"0":"request:","1":{"repoId":"ai_engine_test_harness","repoType":2}}
2026-03-15 23:20:12 [debug] : [Repository Server] Executing method:getAppRepoState with connection:(object). {"0":"request:","1":{"repoId":"vitis_libraries","repoType":1}}
2026-03-15 23:20:12 [debug] : [Repository Server] Executed method:getAppRepoState. {"0":"result:","1":{"repoId":"","status":3}}
2026-03-15 23:20:12 [debug] : [Repository Server] Executed method:getAppRepoState. {"0":"result:","1":{"repoId":"","status":2}}
2026-03-15 23:20:12 [debug] : [Application Examples Provider]  Application repository status:3 for id:vitis_libraries 
2026-03-15 23:20:12 [debug] : [Application Examples Provider] vitis_hls_examples:true 
2026-03-15 23:20:12 [debug] : [Application Examples Provider] vitis_libraries:true 
2026-03-15 23:20:12 [debug] : [Application Examples Provider] Repositories model update completed. 
2026-03-15 23:20:12 [debug] : [Application Examples Provider] Templates model update requested. 
2026-03-15 23:20:12 [debug] : [Repository Service] Executing method:getHlsExampleTemplateTree from frontend. {"0":"request:"}
2026-03-15 23:20:12 [debug] : [Repository Server] Executing method:getHlsExampleTemplateTree with connection:(object). {"0":"request:","1":{"wrappers_":null,"arrayIndexOffset_":-1,"array":[],"pivot_":1.7976931348623157e+308,"convertedPrimitiveFields_":{}}}
2026-03-15 23:20:12 [debug] : [Application Examples Provider]  Application repository status:2 for id:ai_engine_test_harness 
2026-03-15 23:20:12 [debug] : [Repository Service] Executing method:getAppRepoState from frontend. {"0":"request:","1":{"repoId":"vitis_libraries","repoType":1}}
2026-03-15 23:20:12 [debug] : [Repository Server] Executing method:getAppRepoState with connection:(object). {"0":"request:","1":{"repoId":"vitis_libraries","repoType":1}}
2026-03-15 23:20:12 [debug] : [Repository Server] Executed method:getAppRepoState. {"0":"result:","1":{"repoId":"","status":3}}
2026-03-15 23:20:12 [debug] : [Application Examples Provider]  Application repository status:3 for id:vitis_libraries 
2026-03-15 23:20:12 [debug] : [Application Examples Provider] vitis_examples:false 
2026-03-15 23:20:12 [debug] : [Application Examples Provider] installed_examples:true 
2026-03-15 23:20:12 [debug] : [Repository Server] Executing method:getAppTemplateTree with connection:(object). {"0":"request:","1":{"wrappers_":{},"arrayIndexOffset_":-1,"array":[],"pivot_":1.7976931348623157e+308,"convertedPrimitiveFields_":{}}}
2026-03-15 23:20:12 [debug] : [Application Examples Provider] ai_engine_test_harness:false 
2026-03-15 23:20:12 [debug] : [Application Examples Provider] vitis_libraries:true 
2026-03-15 23:20:12 [debug] : [Application Examples Provider] Repositories model update completed. 
2026-03-15 23:20:12 [debug] : [Application Examples Provider] Templates model update requested. 
2026-03-15 23:20:12 [debug] : [Repository Service] Executing method:getAppTemplateTree from frontend. {"0":"request:"}
2026-03-15 23:20:12 [debug] : [Application Examples Provider] Templates model update completed. 
2026-03-15 23:20:12 [debug] : [Application Examples Provider] common calling method completed. 
2026-03-15 23:20:12 [debug] : [Application Examples Provider] refresh completed. 
2026-03-15 23:20:12 [debug] : [Application Examples Provider] Templates model update completed. 
2026-03-15 23:20:12 [debug] : [Application Examples Provider] common calling method completed. 
2026-03-15 23:20:12 [debug] : [Application Examples Provider] refresh completed. 
2026-03-15 23:20:12 [debug] : [Application Examples Provider] Templates model update completed. 
2026-03-15 23:20:12 [debug] : [Application Examples Provider] common calling method completed. 
2026-03-15 23:20:12 [debug] : [Application Examples Provider] refresh completed. 
2026-03-15 23:20:12 [debug] : RIGEL SERVER 23:20:12 INFO  : updated workspace path: /home/abdullah/Desktop/CNN-on-FPGA 
2026-03-15 23:20:12 [debug] : MonacoEditorModel.cancelSync {"0":"file:///home/abdullah/Desktop/CNN-on-FPGA/_ide/logs/vitis.log"}
2026-03-15 23:20:12 [debug] : MonacoEditorModel.doSync - enter {"0":"file:///home/abdullah/Desktop/CNN-on-FPGA/_ide/logs/vitis.log"}
2026-03-15 23:20:12 [debug] : MonacoEditorModel.cancelSync {"0":"file:///home/abdullah/Desktop/CNN-on-FPGA/_ide/logs/vitis.log"}
2026-03-15 23:20:12 [debug] : MonacoEditorModel.cancelSync {"0":"file:///home/abdullah/Desktop/CNN-on-FPGA/_ide/logs/vitis.log"}
2026-03-15 23:20:12 [debug] : MonacoEditorModel.doSync - exit - cancelled while looking for a resource {"0":"file:///home/abdullah/Desktop/CNN-on-FPGA/_ide/logs/vitis.log"}
2026-03-15 23:20:12 [debug] : MonacoEditorModel.doSync - enter {"0":"file:///home/abdullah/Desktop/CNN-on-FPGA/_ide/logs/vitis.log"}
2026-03-15 23:20:12 [debug] : MonacoEditorModel.doSync - exit - cancelled {"0":"file:///home/abdullah/Desktop/CNN-on-FPGA/_ide/logs/vitis.log"}
2026-03-15 23:20:12 [debug] : MonacoEditorModel.doSync - enter {"0":"file:///home/abdullah/Desktop/CNN-on-FPGA/_ide/logs/vitis.log"}
2026-03-15 23:20:12 [debug] : MonacoEditorModel.fireDidChangeContent - enter - {
  "changes": [
    {
      "range": {
        "startLineNumber": 9,
        "startColumn": 1,
        "endLineNumber": 9,
        "endColumn": 1
      },
      "rangeLength": 0,
      "text": "23:20:12 INFO  : updated workspace path: /home/abdullah/Desktop/CNN-on-FPGA\n",
      "rangeOffset": 759,
      "forceMoveMarkers": true
    }
  ],
  "eol": "\n",
  "isEolChange": false,
  "versionId": 2,
  "isUndoing": false,
  "isRedoing": false,
  "isFlush": false
} {"0":"file:///home/abdullah/Desktop/CNN-on-FPGA/_ide/logs/vitis.log"}
2026-03-15 23:20:12 [debug] : MonacoEditorModel.markAsDirty - enter {"0":"file:///home/abdullah/Desktop/CNN-on-FPGA/_ide/logs/vitis.log"}
2026-03-15 23:20:12 [debug] : MonacoEditorModel.markAsDirty - exit - ignoring dirty changes enabled {"0":"file:///home/abdullah/Desktop/CNN-on-FPGA/_ide/logs/vitis.log"}
2026-03-15 23:20:12 [debug] : MonacoEditorModel.fireDidChangeContent - exit {"0":"file:///home/abdullah/Desktop/CNN-on-FPGA/_ide/logs/vitis.log"}
2026-03-15 23:20:12 [debug] : MonacoEditorModel.doSync - exit {"0":"file:///home/abdullah/Desktop/CNN-on-FPGA/_ide/logs/vitis.log"}
2026-03-15 23:20:12 [debug] : Received event from notification service: ON_DID_OPEN_COMPONENT. 
2026-03-15 23:20:12 [debug] : Received event from notification service: ON_DID_UPDATE_SUMMARY. 
2026-03-15 23:20:12 [debug] : Received event from notification service: ON_DID_UPDATE_SUMMARY. 
2026-03-15 23:20:12 [debug] : Received event from notification service: ON_DID_UPDATE_SUMMARY. 
2026-03-15 23:20:12 [debug] : Received event from notification service: ON_DID_UPDATE_SUMMARY. 
2026-03-15 23:20:12 [debug] : Received event from notification service: ON_DID_UPDATE_SUMMARY. 
2026-03-15 23:20:12 [debug] : Event posted using notification server in backend. {"0":{"wrappers_":{},"arrayIndexOffset_":-1,"array":["fdcb2256-4e70-4168-b9fe-3154cd5429c4",null,54,null,null,null,null,"refresh-summaries"],"pivot_":1.7976931348623157e+308,"convertedPrimitiveFields_":{}}}
2026-03-15 23:20:12 [debug] : Received event from notification service: ON_DID_REFRESH_WORKSPACE_SUMMARIES. 
2026-03-15 23:20:12 [debug] : [ProjectCache] fetching projects for project-cache 
2026-03-15 23:20:12 [debug] : Event posted using notification server in backend. {"0":{"wrappers_":{},"arrayIndexOffset_":-1,"array":["37cc373b-5cdb-4b44-9a66-f075312c0411",null,53,null,null,null,null,"list-reports"],"pivot_":1.7976931348623157e+308,"convertedPrimitiveFields_":{}}}
2026-03-15 23:20:12 [debug] : Event posted using notification server in backend. {"0":{"wrappers_":{},"arrayIndexOffset_":-1,"array":["f4803228-28f0-4238-8bdf-08b87c6e0ec3",null,53,null,null,null,null,"list-reports"],"pivot_":1.7976931348623157e+308,"convertedPrimitiveFields_":{}}}
2026-03-15 23:20:12 [debug] : Event posted using notification server in backend. {"0":{"wrappers_":{},"arrayIndexOffset_":-1,"array":["c7a6f762-745a-41ed-9f89-b0057d381b1a",null,53,null,null,null,null,"list-reports"],"pivot_":1.7976931348623157e+308,"convertedPrimitiveFields_":{}}}
2026-03-15 23:20:12 [debug] : Event posted using notification server in backend. {"0":{"wrappers_":{},"arrayIndexOffset_":-1,"array":["76643f3b-9e47-4a84-9d7e-8dd31f0edb20",null,53,null,null,null,null,"list-reports"],"pivot_":1.7976931348623157e+308,"convertedPrimitiveFields_":{}}}
2026-03-15 23:20:12 [debug] : Event posted using notification server in backend. {"0":{"wrappers_":{},"arrayIndexOffset_":-1,"array":["bafbb47b-dd91-43c9-852c-8aaf4b6f1757",null,53,null,null,null,null,"list-reports"],"pivot_":1.7976931348623157e+308,"convertedPrimitiveFields_":{}}}
2026-03-15 23:20:12 [debug] : Received event from notification service: ON_STOP_ANALYSIS_PROGRESS. 
2026-03-15 23:20:12 [debug] : Received event from notification service: ON_START_ANALYSIS_PROGRESS. 
2026-03-15 23:20:12 [debug] : Received event from notification service: ON_START_ANALYSIS_PROGRESS. 
2026-03-15 23:20:12 [debug] : Event posted using notification server in backend. {"0":{"wrappers_":{},"arrayIndexOffset_":-1,"array":["bed7bc2a-9957-4f3b-aca1-adc49e0b2064",null,54,null,null,null,null,"list-reports"],"pivot_":1.7976931348623157e+308,"convertedPrimitiveFields_":{}}}
2026-03-15 23:20:12 [debug] : Event posted using notification server in backend. {"0":{"wrappers_":{},"arrayIndexOffset_":-1,"array":["6230f3d3-73b3-479d-9c43-c2439000013e",null,54,null,null,null,null,"list-reports"],"pivot_":1.7976931348623157e+308,"convertedPrimitiveFields_":{}}}
2026-03-15 23:20:12 [debug] : Event posted using notification server in backend. {"0":{"wrappers_":{},"arrayIndexOffset_":-1,"array":["9011bba2-3d77-49bb-9d51-38804fde7218",null,54,null,null,null,null,"list-reports"],"pivot_":1.7976931348623157e+308,"convertedPrimitiveFields_":{}}}
2026-03-15 23:20:12 [debug] : Event posted using notification server in backend. {"0":{"wrappers_":{},"arrayIndexOffset_":-1,"array":["463b40eb-e119-4958-9972-5b654f275f03",null,54,null,null,null,null,"list-reports"],"pivot_":1.7976931348623157e+308,"convertedPrimitiveFields_":{}}}
2026-03-15 23:20:12 [debug] : Event posted using notification server in backend. {"0":{"wrappers_":{},"arrayIndexOffset_":-1,"array":["3445f3a6-ec6b-499b-878a-80efbf25e1ee",null,54,null,null,null,null,"list-reports"],"pivot_":1.7976931348623157e+308,"convertedPrimitiveFields_":{}}}
2026-03-15 23:20:12 [debug] : [ProjectDecorator] tree decoration updated 
2026-03-15 23:20:12 [debug] : [ProjectCache] Project location updated to /home/abdullah/Desktop/CNN-on-FPGA/hls_component 
2026-03-15 23:20:12 [debug] : [ProjectDecorator] tree decoration updated 
2026-03-15 23:20:12 [debug] : [Component Provider] updating project /home/abdullah/Desktop/CNN-on-FPGA/hls_component 
2026-03-15 23:20:12 [debug] : Received event from notification service: ON_START_ANALYSIS_PROGRESS. 
2026-03-15 23:20:12 [debug] : Received event from notification service: ON_START_ANALYSIS_PROGRESS. 
2026-03-15 23:20:12 [debug] : Received event from notification service: ON_START_ANALYSIS_PROGRESS. 
2026-03-15 23:20:12 [debug] : Received event from notification service: ON_STOP_ANALYSIS_PROGRESS. 
2026-03-15 23:20:12 [debug] : Received event from notification service: ON_STOP_ANALYSIS_PROGRESS. 
2026-03-15 23:20:12 [debug] : Received event from notification service: ON_STOP_ANALYSIS_PROGRESS. 
2026-03-15 23:20:12 [debug] : Received event from notification service: ON_STOP_ANALYSIS_PROGRESS. 
2026-03-15 23:20:12 [debug] : Received event from notification service: ON_STOP_ANALYSIS_PROGRESS. 
2026-03-15 23:20:12 [debug] : [Component Provider] project updated /home/abdullah/Desktop/CNN-on-FPGA/hls_component 
2026-03-15 23:20:12 [debug] : RIGEL SERVER 23:20:12 INFO  : [INFO]: Initializing repositories 
2026-03-15 23:20:12 [debug] : RIGEL SERVER 23:20:12 INFO  : [INFO]: Successfully set the EmbeddedSW path, refer .repo.yaml for more details.
23:20:12 INFO  : Successfully created repository data at /tmp/rigel_lopper_abdullah13354219751576596931
23:20:12 INFO  : bash, -c, empyro get_template_data -d /tmp/rigel_lopper_abdullah6258740496053382286 -r /tmp/rigel_lopper_abdullah13354219751576596931/.repo.yaml 
2026-03-15 23:20:13 [debug] : MonacoEditorModel.cancelSync {"0":"file:///home/abdullah/Desktop/CNN-on-FPGA/_ide/logs/vitis.log"}
2026-03-15 23:20:13 [debug] : MonacoEditorModel.doSync - enter {"0":"file:///home/abdullah/Desktop/CNN-on-FPGA/_ide/logs/vitis.log"}
2026-03-15 23:20:13 [debug] : MonacoEditorModel.cancelSync {"0":"file:///home/abdullah/Desktop/CNN-on-FPGA/_ide/logs/vitis.log"}
2026-03-15 23:20:13 [debug] : MonacoEditorModel.cancelSync {"0":"file:///home/abdullah/Desktop/CNN-on-FPGA/_ide/logs/vitis.log"}
2026-03-15 23:20:13 [debug] : MonacoEditorModel.doSync - exit - cancelled while looking for a resource {"0":"file:///home/abdullah/Desktop/CNN-on-FPGA/_ide/logs/vitis.log"}
2026-03-15 23:20:13 [debug] : MonacoEditorModel.doSync - enter {"0":"file:///home/abdullah/Desktop/CNN-on-FPGA/_ide/logs/vitis.log"}
2026-03-15 23:20:13 [debug] : MonacoEditorModel.doSync - exit - cancelled {"0":"file:///home/abdullah/Desktop/CNN-on-FPGA/_ide/logs/vitis.log"}
2026-03-15 23:20:13 [debug] : MonacoEditorModel.doSync - enter {"0":"file:///home/abdullah/Desktop/CNN-on-FPGA/_ide/logs/vitis.log"}
2026-03-15 23:20:13 [debug] : MonacoEditorModel.fireDidChangeContent - enter - {
  "changes": [
    {
      "range": {
        "startLineNumber": 10,
        "startColumn": 1,
        "endLineNumber": 10,
        "endColumn": 1
      },
      "rangeLength": 0,
      "text": "23:20:12 INFO  : [INFO]: Initializing repositories\n23:20:12 INFO  : [INFO]: Successfully set the EmbeddedSW path, refer .repo.yaml for more details.\n23:20:12 INFO  : Successfully created repository data at /tmp/rigel_lopper_abdullah13354219751576596931\n23:20:12 INFO  : bash, -c, empyro get_template_data -d /tmp/rigel_lopper_abdullah6258740496053382286 -r /tmp/rigel_lopper_abdullah13354219751576596931/.repo.yaml\n",
      "rangeOffset": 835,
      "forceMoveMarkers": true
    }
  ],
  "eol": "\n",
  "isEolChange": false,
  "versionId": 3,
  "isUndoing": false,
  "isRedoing": false,
  "isFlush": false
} {"0":"file:///home/abdullah/Desktop/CNN-on-FPGA/_ide/logs/vitis.log"}
2026-03-15 23:20:13 [debug] : MonacoEditorModel.markAsDirty - enter {"0":"file:///home/abdullah/Desktop/CNN-on-FPGA/_ide/logs/vitis.log"}
2026-03-15 23:20:13 [debug] : MonacoEditorModel.markAsDirty - exit - ignoring dirty changes enabled {"0":"file:///home/abdullah/Desktop/CNN-on-FPGA/_ide/logs/vitis.log"}
2026-03-15 23:20:13 [debug] : MonacoEditorModel.fireDidChangeContent - exit {"0":"file:///home/abdullah/Desktop/CNN-on-FPGA/_ide/logs/vitis.log"}
2026-03-15 23:20:13 [debug] : MonacoEditorModel.doSync - exit {"0":"file:///home/abdullah/Desktop/CNN-on-FPGA/_ide/logs/vitis.log"}
2026-03-15 23:20:13 [debug] : RIGEL SERVER 23:20:13 INFO  : Embedded Template List generated successfully 
2026-03-15 23:20:13 [debug] : [Application Examples Provider] Templates model update completed. 
2026-03-15 23:20:13 [debug] : [Application Examples Provider] common calling method completed. 
2026-03-15 23:20:13 [debug] : [Application Examples Provider] refresh completed. 
2026-03-15 23:20:13 [debug] : RIGEL SERVER 23:20:13 INFO  : bash, -c, empyro get_template_data -d /tmp/rigel_lopper_abdullah1244110150568229466 -r /home/abdullah/Desktop/CNN-on-FPGA/_ide/.wsdata/.repo.yaml 
2026-03-15 23:20:13 [debug] : MonacoEditorModel.cancelSync {"0":"file:///home/abdullah/Desktop/CNN-on-FPGA/_ide/logs/vitis.log"}
2026-03-15 23:20:13 [debug] : MonacoEditorModel.doSync - enter {"0":"file:///home/abdullah/Desktop/CNN-on-FPGA/_ide/logs/vitis.log"}
2026-03-15 23:20:13 [debug] : MonacoEditorModel.cancelSync {"0":"file:///home/abdullah/Desktop/CNN-on-FPGA/_ide/logs/vitis.log"}
2026-03-15 23:20:13 [debug] : MonacoEditorModel.cancelSync {"0":"file:///home/abdullah/Desktop/CNN-on-FPGA/_ide/logs/vitis.log"}
2026-03-15 23:20:13 [debug] : MonacoEditorModel.doSync - exit - cancelled while looking for a resource {"0":"file:///home/abdullah/Desktop/CNN-on-FPGA/_ide/logs/vitis.log"}
2026-03-15 23:20:13 [debug] : MonacoEditorModel.doSync - enter {"0":"file:///home/abdullah/Desktop/CNN-on-FPGA/_ide/logs/vitis.log"}
2026-03-15 23:20:13 [debug] : MonacoEditorModel.doSync - exit - cancelled {"0":"file:///home/abdullah/Desktop/CNN-on-FPGA/_ide/logs/vitis.log"}
2026-03-15 23:20:13 [debug] : MonacoEditorModel.doSync - enter {"0":"file:///home/abdullah/Desktop/CNN-on-FPGA/_ide/logs/vitis.log"}
2026-03-15 23:20:13 [debug] : MonacoEditorModel.fireDidChangeContent - enter - {
  "changes": [
    {
      "range": {
        "startLineNumber": 14,
        "startColumn": 1,
        "endLineNumber": 14,
        "endColumn": 1
      },
      "rangeLength": 0,
      "text": "23:20:13 INFO  : Embedded Template List generated successfully\n23:20:13 INFO  : bash, -c, empyro get_template_data -d /tmp/rigel_lopper_abdullah1244110150568229466 -r /home/abdullah/Desktop/CNN-on-FPGA/_ide/.wsdata/.repo.yaml\n",
      "rangeOffset": 1250,
      "forceMoveMarkers": true
    }
  ],
  "eol": "\n",
  "isEolChange": false,
  "versionId": 4,
  "isUndoing": false,
  "isRedoing": false,
  "isFlush": false
} {"0":"file:///home/abdullah/Desktop/CNN-on-FPGA/_ide/logs/vitis.log"}
2026-03-15 23:20:13 [debug] : MonacoEditorModel.markAsDirty - enter {"0":"file:///home/abdullah/Desktop/CNN-on-FPGA/_ide/logs/vitis.log"}
2026-03-15 23:20:13 [debug] : MonacoEditorModel.markAsDirty - exit - ignoring dirty changes enabled {"0":"file:///home/abdullah/Desktop/CNN-on-FPGA/_ide/logs/vitis.log"}
2026-03-15 23:20:13 [debug] : MonacoEditorModel.fireDidChangeContent - exit {"0":"file:///home/abdullah/Desktop/CNN-on-FPGA/_ide/logs/vitis.log"}
2026-03-15 23:20:13 [debug] : MonacoEditorModel.doSync - exit {"0":"file:///home/abdullah/Desktop/CNN-on-FPGA/_ide/logs/vitis.log"}
2026-03-15 23:20:13 [debug] : RIGEL SERVER 23:20:13 INFO  : Embedded Template List generated successfully 
2026-03-15 23:20:13 [debug] : [Application Examples Provider] Templates model update completed. 
2026-03-15 23:20:13 [debug] : [Application Examples Provider] common calling method completed. 
2026-03-15 23:20:13 [debug] : [Application Examples Provider] refresh completed. 
2026-03-15 23:20:13 [debug] : MonacoEditorModel.cancelSync {"0":"file:///home/abdullah/Desktop/CNN-on-FPGA/_ide/logs/vitis.log"}
2026-03-15 23:20:13 [debug] : MonacoEditorModel.doSync - enter {"0":"file:///home/abdullah/Desktop/CNN-on-FPGA/_ide/logs/vitis.log"}
2026-03-15 23:20:13 [debug] : MonacoEditorModel.cancelSync {"0":"file:///home/abdullah/Desktop/CNN-on-FPGA/_ide/logs/vitis.log"}
2026-03-15 23:20:13 [debug] : MonacoEditorModel.cancelSync {"0":"file:///home/abdullah/Desktop/CNN-on-FPGA/_ide/logs/vitis.log"}
2026-03-15 23:20:13 [debug] : MonacoEditorModel.doSync - exit - cancelled while looking for a resource {"0":"file:///home/abdullah/Desktop/CNN-on-FPGA/_ide/logs/vitis.log"}
2026-03-15 23:20:13 [debug] : MonacoEditorModel.doSync - enter {"0":"file:///home/abdullah/Desktop/CNN-on-FPGA/_ide/logs/vitis.log"}
2026-03-15 23:20:13 [debug] : MonacoEditorModel.doSync - exit - cancelled {"0":"file:///home/abdullah/Desktop/CNN-on-FPGA/_ide/logs/vitis.log"}
2026-03-15 23:20:13 [debug] : MonacoEditorModel.doSync - enter {"0":"file:///home/abdullah/Desktop/CNN-on-FPGA/_ide/logs/vitis.log"}
2026-03-15 23:20:13 [debug] : MonacoEditorModel.fireDidChangeContent - enter - {
  "changes": [
    {
      "range": {
        "startLineNumber": 16,
        "startColumn": 1,
        "endLineNumber": 16,
        "endColumn": 1
      },
      "rangeLength": 0,
      "text": "23:20:13 INFO  : Embedded Template List generated successfully\n",
      "rangeOffset": 1476,
      "forceMoveMarkers": true
    }
  ],
  "eol": "\n",
  "isEolChange": false,
  "versionId": 5,
  "isUndoing": false,
  "isRedoing": false,
  "isFlush": false
} {"0":"file:///home/abdullah/Desktop/CNN-on-FPGA/_ide/logs/vitis.log"}
2026-03-15 23:20:13 [debug] : MonacoEditorModel.markAsDirty - enter {"0":"file:///home/abdullah/Desktop/CNN-on-FPGA/_ide/logs/vitis.log"}
2026-03-15 23:20:13 [debug] : MonacoEditorModel.markAsDirty - exit - ignoring dirty changes enabled {"0":"file:///home/abdullah/Desktop/CNN-on-FPGA/_ide/logs/vitis.log"}
2026-03-15 23:20:13 [debug] : MonacoEditorModel.fireDidChangeContent - exit {"0":"file:///home/abdullah/Desktop/CNN-on-FPGA/_ide/logs/vitis.log"}
2026-03-15 23:20:13 [debug] : MonacoEditorModel.doSync - exit {"0":"file:///home/abdullah/Desktop/CNN-on-FPGA/_ide/logs/vitis.log"}
2026-03-15 23:20:14 [debug] : Widget was activated, but did not accept focus after 2000ms: outputView 
2026-03-15 23:20:17 [debug] : [ProjectDecorator] tree decoration updated 
2026-03-15 23:20:17 [debug] : [ProjectCache] Project location updated to /home/abdullah/Desktop/CNN-on-FPGA/hls_component 
2026-03-15 23:20:19 [debug] : Widget was activated, but did not accept focus after 2000ms: outputView 
2026-03-15 23:20:20 [debug] : [Hls Flow Server] Executing method:runOperation with connection:(object). {"0":"request:","1":{"componentLocation":"/home/abdullah/Desktop/CNN-on-FPGA/hls_component","operationType":0}}
2026-03-15 23:20:21 [debug] : Received event from notification service: ON_DID_LAUNCH_START. 
2026-03-15 23:20:26 [debug] : Received event from notification service: ON_DID_UPDATE_SUMMARY. 
2026-03-15 23:20:26 [debug] : Event posted using notification server in backend. {"0":{"wrappers_":{},"arrayIndexOffset_":-1,"array":["98f81ed7-f50a-47d2-947d-48072c9309dd",null,53,null,null,null,null,"list-reports"],"pivot_":1.7976931348623157e+308,"convertedPrimitiveFields_":{}}}
2026-03-15 23:20:26 [debug] : Received event from notification service: ON_START_ANALYSIS_PROGRESS. 
2026-03-15 23:20:26 [debug] : Event posted using notification server in backend. {"0":{"wrappers_":{},"arrayIndexOffset_":-1,"array":["99b25e55-c133-47d8-8836-3aa8a552214a",null,54,null,null,null,null,"list-reports"],"pivot_":1.7976931348623157e+308,"convertedPrimitiveFields_":{}}}
2026-03-15 23:20:26 [debug] : Received event from notification service: ON_STOP_ANALYSIS_PROGRESS. 
2026-03-15 23:20:31 [debug] : Received event from notification service: ON_DID_UPDATE_SUMMARY. 
2026-03-15 23:20:31 [debug] : Event posted using notification server in backend. {"0":{"wrappers_":{},"arrayIndexOffset_":-1,"array":["38142dd9-95c6-4e11-bf76-b3cc79412cc8",null,53,null,null,null,null,"list-reports"],"pivot_":1.7976931348623157e+308,"convertedPrimitiveFields_":{}}}
2026-03-15 23:20:31 [debug] : Received event from notification service: ON_START_ANALYSIS_PROGRESS. 
2026-03-15 23:20:31 [debug] : Event posted using notification server in backend. {"0":{"wrappers_":{},"arrayIndexOffset_":-1,"array":["c6bd2880-61a9-44ce-a57c-22e55efed8cc",null,54,null,null,null,null,"list-reports"],"pivot_":1.7976931348623157e+308,"convertedPrimitiveFields_":{}}}
2026-03-15 23:20:31 [debug] : Received event from notification service: ON_STOP_ANALYSIS_PROGRESS. 
2026-03-15 23:20:31 [debug] : [Hls Flow Server] Executing method:cancelOperation with connection:(object). {"0":"request:","1":{"componentLocation":"/home/abdullah/Desktop/CNN-on-FPGA/hls_component","operationType":0}}
2026-03-15 23:20:31 [debug] : Received event from notification service: ON_DID_LAUNCH_STOP. 
2026-03-15 23:20:31 [debug] : Received event from notification service: ON_DID_UPDATE_SUMMARY. 
2026-03-15 23:20:31 [debug] : Event posted using notification server in backend. {"0":{"wrappers_":{},"arrayIndexOffset_":-1,"array":["0877be42-061e-4e2f-a648-ec7f21575290",null,53,null,null,null,null,"list-reports"],"pivot_":1.7976931348623157e+308,"convertedPrimitiveFields_":{}}}
2026-03-15 23:20:31 [debug] : Received event from notification service: ON_START_ANALYSIS_PROGRESS. 
2026-03-15 23:20:31 [debug] : Event posted using notification server in backend. {"0":{"wrappers_":{},"arrayIndexOffset_":-1,"array":["b453002c-428c-49be-931f-f8e2c2e9f81d",null,54,null,null,null,null,"list-reports"],"pivot_":1.7976931348623157e+308,"convertedPrimitiveFields_":{}}}
2026-03-15 23:20:31 [debug] : Received event from notification service: ON_STOP_ANALYSIS_PROGRESS. 
2026-03-15 23:20:59 [debug] : [Hls Flow Server] Executing method:runOperation with connection:(object). {"0":"request:","1":{"componentLocation":"/home/abdullah/Desktop/CNN-on-FPGA/hls_component","operationType":0}}
2026-03-15 23:20:59 [debug] : Received event from notification service: ON_DID_LAUNCH_START. 
2026-03-15 23:21:05 [debug] : Received event from notification service: ON_DID_UPDATE_SUMMARY. 
2026-03-15 23:21:05 [debug] : Event posted using notification server in backend. {"0":{"wrappers_":{},"arrayIndexOffset_":-1,"array":["12032823-e949-4ecf-9d49-8d928e1ef509",null,53,null,null,null,null,"list-reports"],"pivot_":1.7976931348623157e+308,"convertedPrimitiveFields_":{}}}
2026-03-15 23:21:05 [debug] : Received event from notification service: ON_START_ANALYSIS_PROGRESS. 
2026-03-15 23:21:05 [debug] : Event posted using notification server in backend. {"0":{"wrappers_":{},"arrayIndexOffset_":-1,"array":["9f5d1e28-6eb4-4a1c-b00b-9c1b8c0e8418",null,54,null,null,null,null,"list-reports"],"pivot_":1.7976931348623157e+308,"convertedPrimitiveFields_":{}}}
2026-03-15 23:21:05 [debug] : Received event from notification service: ON_STOP_ANALYSIS_PROGRESS. 
2026-03-15 23:21:15 [debug] : [Hls Flow Server] Executing method:cancelOperation with connection:(object). {"0":"request:","1":{"componentLocation":"/home/abdullah/Desktop/CNN-on-FPGA/hls_component","operationType":0}}
2026-03-15 23:21:15 [debug] : Received event from notification service: ON_DID_LAUNCH_STOP. 
2026-03-15 23:21:16 [debug] : Received event from notification service: ON_DID_UPDATE_SUMMARY. 
2026-03-15 23:21:16 [debug] : Event posted using notification server in backend. {"0":{"wrappers_":{},"arrayIndexOffset_":-1,"array":["e6f7c948-866e-451a-be6d-4aa039882021",null,53,null,null,null,null,"list-reports"],"pivot_":1.7976931348623157e+308,"convertedPrimitiveFields_":{}}}
2026-03-15 23:21:16 [debug] : Received event from notification service: ON_START_ANALYSIS_PROGRESS. 
2026-03-15 23:21:16 [debug] : Event posted using notification server in backend. {"0":{"wrappers_":{},"arrayIndexOffset_":-1,"array":["e858181e-c1a7-41db-b357-9496ff2684ec",null,54,null,null,null,null,"list-reports"],"pivot_":1.7976931348623157e+308,"convertedPrimitiveFields_":{}}}
2026-03-15 23:21:16 [debug] : Received event from notification service: ON_STOP_ANALYSIS_PROGRESS. 
2026-03-15 23:21:21 [debug] : hls.flow_target {"0":[{"value":"vivado","description":"Vivado IP Flow Target"},{"value":"vitis","description":"Vitis Kernel Flow Target"}],"1":"vivado","2":"vivado","3":"vivado"}
2026-03-15 23:21:23 [debug] : [Hls Flow Server] Executing method:runOperation with connection:(object). {"0":"request:","1":{"componentLocation":"/home/abdullah/Desktop/CNN-on-FPGA/hls_component","operationType":1}}
2026-03-15 23:21:24 [debug] : Received event from notification service: ON_DID_LAUNCH_START. 
2026-03-15 23:21:29 [debug] : Received event from notification service: ON_DID_DELETE_SUMMARY. 
2026-03-15 23:21:29 [debug] : Event posted using notification server in backend. {"0":{"wrappers_":{},"arrayIndexOffset_":-1,"array":["399bfc66-2b2f-4342-aa61-6cdc2d436cb0",null,53,null,null,null,null,"list-reports"],"pivot_":1.7976931348623157e+308,"convertedPrimitiveFields_":{}}}
2026-03-15 23:21:29 [debug] : Received event from notification service: ON_START_ANALYSIS_PROGRESS. 
2026-03-15 23:21:29 [debug] : Event posted using notification server in backend. {"0":{"wrappers_":{},"arrayIndexOffset_":-1,"array":["d45964de-40eb-454a-88b3-5fc04ddabcb1",null,54,null,null,null,null,"list-reports"],"pivot_":1.7976931348623157e+308,"convertedPrimitiveFields_":{}}}
2026-03-15 23:21:29 [debug] : Received event from notification service: ON_STOP_ANALYSIS_PROGRESS. 
2026-03-15 23:21:29 [debug] : Received event from notification service: ON_DID_DELETE_SUMMARY. 
2026-03-15 23:21:29 [debug] : Event posted using notification server in backend. {"0":{"wrappers_":{},"arrayIndexOffset_":-1,"array":["0124b28d-a914-4cde-84a8-0d2a43abbd9d",null,53,null,null,null,null,"list-reports"],"pivot_":1.7976931348623157e+308,"convertedPrimitiveFields_":{}}}
2026-03-15 23:21:29 [debug] : Received event from notification service: ON_START_ANALYSIS_PROGRESS. 
2026-03-15 23:21:29 [debug] : Event posted using notification server in backend. {"0":{"wrappers_":{},"arrayIndexOffset_":-1,"array":["5e8a7019-22e8-475b-a2c7-930a2aa97353",null,54,null,null,null,null,"list-reports"],"pivot_":1.7976931348623157e+308,"convertedPrimitiveFields_":{}}}
2026-03-15 23:21:29 [debug] : Received event from notification service: ON_STOP_ANALYSIS_PROGRESS. 
2026-03-15 23:21:29 [debug] : Received event from notification service: ON_DID_UPDATE_SUMMARY. 
2026-03-15 23:21:29 [debug] : Event posted using notification server in backend. {"0":{"wrappers_":{},"arrayIndexOffset_":-1,"array":["2bc0ede1-3802-42bc-89b3-a3a9460ac280",null,53,null,null,null,null,"list-reports"],"pivot_":1.7976931348623157e+308,"convertedPrimitiveFields_":{}}}
2026-03-15 23:21:29 [debug] : Received event from notification service: ON_START_ANALYSIS_PROGRESS. 
2026-03-15 23:21:29 [debug] : Event posted using notification server in backend. {"0":{"wrappers_":{},"arrayIndexOffset_":-1,"array":["fea53b2b-aa87-4c09-a17b-8cfabda7254e",null,54,null,null,null,null,"list-reports"],"pivot_":1.7976931348623157e+308,"convertedPrimitiveFields_":{}}}
2026-03-15 23:21:29 [debug] : Received event from notification service: ON_STOP_ANALYSIS_PROGRESS. 
2026-03-15 23:22:04 [debug] : Received event from notification service: ON_DID_UPDATE_SUMMARY. 
2026-03-15 23:22:04 [debug] : Event posted using notification server in backend. {"0":{"wrappers_":{},"arrayIndexOffset_":-1,"array":["c62dc0fd-e3a2-4528-b696-0a57f07a003c",null,53,null,null,null,null,"list-reports"],"pivot_":1.7976931348623157e+308,"convertedPrimitiveFields_":{}}}
2026-03-15 23:22:04 [debug] : Received event from notification service: ON_START_ANALYSIS_PROGRESS. 
2026-03-15 23:22:04 [debug] : Event posted using notification server in backend. {"0":{"wrappers_":{},"arrayIndexOffset_":-1,"array":["9df75acf-a112-4dec-b350-778438085fe8",null,54,null,null,null,null,"list-reports"],"pivot_":1.7976931348623157e+308,"convertedPrimitiveFields_":{}}}
2026-03-15 23:22:04 [debug] : Received event from notification service: ON_STOP_ANALYSIS_PROGRESS. 
2026-03-15 23:22:04 [debug] : [Hls Flow Server] Executing method:cancelOperation with connection:(object). {"0":"request:","1":{"componentLocation":"/home/abdullah/Desktop/CNN-on-FPGA/hls_component","operationType":1}}
2026-03-15 23:22:04 [debug] : Received event from notification service: ON_DID_LAUNCH_STOP. 
2026-03-15 23:22:05 [debug] : Received event from notification service: ON_DID_UPDATE_SUMMARY. 
2026-03-15 23:22:05 [debug] : Event posted using notification server in backend. {"0":{"wrappers_":{},"arrayIndexOffset_":-1,"array":["c4d1443d-bb7a-4070-816f-4377818e269e",null,53,null,null,null,null,"list-reports"],"pivot_":1.7976931348623157e+308,"convertedPrimitiveFields_":{}}}
2026-03-15 23:22:05 [debug] : Received event from notification service: ON_START_ANALYSIS_PROGRESS. 
2026-03-15 23:22:05 [debug] : Event posted using notification server in backend. {"0":{"wrappers_":{},"arrayIndexOffset_":-1,"array":["80d077b7-53ef-4a49-ad7a-bff4d3a20c5f",null,54,null,null,null,null,"list-reports"],"pivot_":1.7976931348623157e+308,"convertedPrimitiveFields_":{}}}
2026-03-15 23:22:05 [debug] : Received event from notification service: ON_STOP_ANALYSIS_PROGRESS. 
2026-03-15 23:22:08 [debug] : PLUGIN_HOST(69413): PluginManagerExtImpl/loadPlugin(/home/abdullah/Xilinx/2025.2/Vitis/ide/electron-app/lnx64/resources/app/plugins/vscode-clangd/extension/out/bundle) 
2026-03-15 23:22:08 [debug] : Clang Language Server is now active! 
2026-03-15 23:22:08 [debug] : Calling activation function on plugin clangd 
2026-03-15 23:22:08 [debug] : Failed to open this link because its target is missing. 
2026-03-15 23:22:10 [debug] : Widget was activated, but did not accept focus after 2000ms: rigel-hls:report-widget:urn:analysis-report/top-517628394/synthesis-1219712035 
2026-03-15 23:22:10 [debug] : 0.800000011920929 {"0":7,"1":6.199999988079071,"2":15,"3":true}
2026-03-15 23:22:10 [debug] : SELECTED {"0":"hls-report-section-general-information::urn:analysis-report/top-517628394/synthesis-1219712035"}
2026-03-15 23:22:10 [debug] : 16 {"0":7,"1":9,"2":15,"3":true}
2026-03-15 23:22:10 [debug] : SELECTED {"0":"hls-report-section-general-information::urn:analysis-report/top-517628394/synthesis-1219712035"}
2026-03-15 23:22:10 [debug] : 71.19999694824219 {"0":7,"1":64.19999694824219,"2":15,"3":false}
2026-03-15 23:22:10 [debug] : 71.19999694824219 {"0":144,"1":72.80000305175781,"2":15,"3":false}
2026-03-15 23:22:10 [debug] : 71.19999694824219 {"0":174,"1":102.80000305175781,"2":15,"3":false}
2026-03-15 23:22:10 [debug] : 71.19999694824219 {"0":298,"1":226.8000030517578,"2":15,"3":false}
2026-03-15 23:22:10 [debug] : 71.19999694824219 {"0":656,"1":584.8000030517578,"2":15,"3":false}
2026-03-15 23:22:10 [debug] : 71.19999694824219 {"0":686,"1":614.8000030517578,"2":15,"3":false}
2026-03-15 23:22:10 [debug] : 71.19999694824219 {"0":810,"1":738.8000030517578,"2":15,"3":false}
2026-03-15 23:22:10 [debug] : 71.19999694824219 {"0":912,"1":840.8000030517578,"2":15,"3":false}
2026-03-15 23:22:10 [debug] : 71.19999694824219 {"0":1498,"1":1426.8000030517578,"2":15,"3":false}
2026-03-15 23:22:10 [debug] : 71.19999694824219 {"0":1704,"1":1632.8000030517578,"2":15,"3":false}
2026-03-15 23:22:10 [debug] : 71.19999694824219 {"0":1734,"1":1662.8000030517578,"2":15,"3":false}
2026-03-15 23:22:10 [debug] : 71.19999694824219 {"0":1990,"1":1918.8000030517578,"2":15,"3":false}
2026-03-15 23:22:10 [debug] : 71.19999694824219 {"0":2627,"1":2555.800003051758,"2":15,"3":false}
2026-03-15 23:22:10 [debug] : 71.19999694824219 {"0":2657,"1":2585.800003051758,"2":15,"3":false}
2026-03-15 23:22:10 [debug] : 71.19999694824219 {"0":3036,"1":2964.800003051758,"2":15,"3":false}
2026-03-15 23:22:10 [debug] : 71.19999694824219 {"0":3695,"1":3623.800003051758,"2":15,"3":false}
2026-03-15 23:22:10 [debug] : 71.19999694824219 {"0":3725,"1":3653.800003051758,"2":15,"3":false}
2026-03-15 23:22:10 [debug] : 71.19999694824219 {"0":3765,"1":3693.800003051758,"2":15,"3":false}
2026-03-15 23:22:10 [debug] : 71.19999694824219 {"0":4152,"1":4080.800003051758,"2":15,"3":false}
2026-03-15 23:22:10 [debug] : 71.19999694824219 {"0":4558,"1":4486.800003051758,"2":15,"3":false}
2026-03-15 23:22:10 [debug] : 176 {"0":7,"1":169,"2":15,"3":false}
2026-03-15 23:22:10 [debug] : 176 {"0":144,"1":32,"2":15,"3":false}
2026-03-15 23:22:10 [debug] : 176 {"0":174,"1":2,"2":15,"3":true}
2026-03-15 23:22:10 [debug] : SELECTED {"0":"hls-report-section-timing-estimate::urn:analysis-report/top-517628394/synthesis-1219712035"}
2026-03-15 23:22:10 [debug] : 246.39999389648438 {"0":7,"1":239.39999389648438,"2":15,"3":false}
2026-03-15 23:22:10 [debug] : 246.39999389648438 {"0":144,"1":102.39999389648438,"2":15,"3":false}
2026-03-15 23:22:10 [debug] : 246.39999389648438 {"0":174,"1":72.39999389648438,"2":15,"3":false}
2026-03-15 23:22:10 [debug] : 246.39999389648438 {"0":298,"1":51.600006103515625,"2":15,"3":false}
2026-03-15 23:22:10 [debug] : 246.39999389648438 {"0":656,"1":409.6000061035156,"2":15,"3":false}
2026-03-15 23:22:10 [debug] : 246.39999389648438 {"0":686,"1":439.6000061035156,"2":15,"3":false}
2026-03-15 23:22:10 [debug] : 246.39999389648438 {"0":810,"1":563.6000061035156,"2":15,"3":false}
2026-03-15 23:22:10 [debug] : 246.39999389648438 {"0":912,"1":665.6000061035156,"2":15,"3":false}
2026-03-15 23:22:10 [debug] : 246.39999389648438 {"0":1498,"1":1251.6000061035156,"2":15,"3":false}
2026-03-15 23:22:10 [debug] : 246.39999389648438 {"0":1704,"1":1457.6000061035156,"2":15,"3":false}
2026-03-15 23:22:10 [debug] : 246.39999389648438 {"0":1734,"1":1487.6000061035156,"2":15,"3":false}
2026-03-15 23:22:10 [debug] : 246.39999389648438 {"0":1990,"1":1743.6000061035156,"2":15,"3":false}
2026-03-15 23:22:10 [debug] : 246.39999389648438 {"0":2627,"1":2380.6000061035156,"2":15,"3":false}
2026-03-15 23:22:10 [debug] : 246.39999389648438 {"0":2657,"1":2410.6000061035156,"2":15,"3":false}
2026-03-15 23:22:10 [debug] : 246.39999389648438 {"0":3036,"1":2789.6000061035156,"2":15,"3":false}
2026-03-15 23:22:10 [debug] : 246.39999389648438 {"0":3695,"1":3448.6000061035156,"2":15,"3":false}
2026-03-15 23:22:10 [debug] : 246.39999389648438 {"0":3725,"1":3478.6000061035156,"2":15,"3":false}
2026-03-15 23:22:10 [debug] : 246.39999389648438 {"0":3765,"1":3518.6000061035156,"2":15,"3":false}
2026-03-15 23:22:10 [debug] : 246.39999389648438 {"0":4152,"1":3905.6000061035156,"2":15,"3":false}
2026-03-15 23:22:10 [debug] : 246.39999389648438 {"0":4558,"1":4311.600006103516,"2":15,"3":false}
2026-03-15 23:22:11 [debug] : 294.3999938964844 {"0":7,"1":287.3999938964844,"2":15,"3":false}
2026-03-15 23:22:11 [debug] : 294.3999938964844 {"0":144,"1":150.39999389648438,"2":15,"3":false}
2026-03-15 23:22:11 [debug] : 294.3999938964844 {"0":174,"1":120.39999389648438,"2":15,"3":false}
2026-03-15 23:22:11 [debug] : 294.3999938964844 {"0":298,"1":3.600006103515625,"2":15,"3":true}
2026-03-15 23:22:11 [debug] : SELECTED {"0":"hls-report-section-performance-&-resource-estimates::urn:analysis-report/top-517628394/synthesis-1219712035"}
2026-03-15 23:22:11 [debug] : 320 {"0":7,"1":313,"2":15,"3":false}
2026-03-15 23:22:11 [debug] : 320 {"0":144,"1":176,"2":15,"3":false}
2026-03-15 23:22:11 [debug] : 320 {"0":174,"1":146,"2":15,"3":false}
2026-03-15 23:22:11 [debug] : 320 {"0":298,"1":22,"2":15,"3":false}
2026-03-15 23:22:11 [debug] : 320 {"0":656,"1":336,"2":15,"3":false}
2026-03-15 23:22:11 [debug] : 320 {"0":686,"1":366,"2":15,"3":false}
2026-03-15 23:22:11 [debug] : 320 {"0":810,"1":490,"2":15,"3":false}
2026-03-15 23:22:11 [debug] : 320 {"0":912,"1":592,"2":15,"3":false}
2026-03-15 23:22:11 [debug] : 320 {"0":1498,"1":1178,"2":15,"3":false}
2026-03-15 23:22:11 [debug] : 320 {"0":1704,"1":1384,"2":15,"3":false}
2026-03-15 23:22:11 [debug] : 320 {"0":1734,"1":1414,"2":15,"3":false}
2026-03-15 23:22:11 [debug] : 320 {"0":1990,"1":1670,"2":15,"3":false}
2026-03-15 23:22:11 [debug] : 320 {"0":2627,"1":2307,"2":15,"3":false}
2026-03-15 23:22:11 [debug] : 320 {"0":2657,"1":2337,"2":15,"3":false}
2026-03-15 23:22:11 [debug] : 320 {"0":3036,"1":2716,"2":15,"3":false}
2026-03-15 23:22:11 [debug] : 320 {"0":3695,"1":3375,"2":15,"3":false}
2026-03-15 23:22:11 [debug] : 320 {"0":3725,"1":3405,"2":15,"3":false}
2026-03-15 23:22:11 [debug] : 320 {"0":3765,"1":3445,"2":15,"3":false}
2026-03-15 23:22:11 [debug] : 320 {"0":4152,"1":3832,"2":15,"3":false}
2026-03-15 23:22:11 [debug] : 320 {"0":4558,"1":4238,"2":15,"3":false}
2026-03-15 23:22:11 [debug] : 321.6000061035156 {"0":7,"1":314.6000061035156,"2":15,"3":false}
2026-03-15 23:22:11 [debug] : 321.6000061035156 {"0":144,"1":177.60000610351562,"2":15,"3":false}
2026-03-15 23:22:11 [debug] : 321.6000061035156 {"0":174,"1":147.60000610351562,"2":15,"3":false}
2026-03-15 23:22:11 [debug] : 321.6000061035156 {"0":298,"1":23.600006103515625,"2":15,"3":false}
2026-03-15 23:22:11 [debug] : 321.6000061035156 {"0":656,"1":334.3999938964844,"2":15,"3":false}
2026-03-15 23:22:11 [debug] : 321.6000061035156 {"0":686,"1":364.3999938964844,"2":15,"3":false}
2026-03-15 23:22:11 [debug] : 321.6000061035156 {"0":810,"1":488.3999938964844,"2":15,"3":false}
2026-03-15 23:22:11 [debug] : 321.6000061035156 {"0":912,"1":590.3999938964844,"2":15,"3":false}
2026-03-15 23:22:11 [debug] : 321.6000061035156 {"0":1498,"1":1176.3999938964844,"2":15,"3":false}
2026-03-15 23:22:11 [debug] : 321.6000061035156 {"0":1704,"1":1382.3999938964844,"2":15,"3":false}
2026-03-15 23:22:11 [debug] : 321.6000061035156 {"0":1734,"1":1412.3999938964844,"2":15,"3":false}
2026-03-15 23:22:11 [debug] : 321.6000061035156 {"0":1990,"1":1668.3999938964844,"2":15,"3":false}
2026-03-15 23:22:11 [debug] : 321.6000061035156 {"0":2627,"1":2305.3999938964844,"2":15,"3":false}
2026-03-15 23:22:11 [debug] : 321.6000061035156 {"0":2657,"1":2335.3999938964844,"2":15,"3":false}
2026-03-15 23:22:11 [debug] : 321.6000061035156 {"0":3036,"1":2714.3999938964844,"2":15,"3":false}
2026-03-15 23:22:11 [debug] : 321.6000061035156 {"0":3695,"1":3373.3999938964844,"2":15,"3":false}
2026-03-15 23:22:11 [debug] : 321.6000061035156 {"0":3725,"1":3403.3999938964844,"2":15,"3":false}
2026-03-15 23:22:11 [debug] : 321.6000061035156 {"0":3765,"1":3443.3999938964844,"2":15,"3":false}
2026-03-15 23:22:11 [debug] : 321.6000061035156 {"0":4152,"1":3830.3999938964844,"2":15,"3":false}
2026-03-15 23:22:11 [debug] : 321.6000061035156 {"0":4558,"1":4236.399993896484,"2":15,"3":false}
2026-03-15 23:22:11 [debug] : 322.3999938964844 {"0":7,"1":315.3999938964844,"2":15,"3":false}
2026-03-15 23:22:11 [debug] : 322.3999938964844 {"0":144,"1":178.39999389648438,"2":15,"3":false}
2026-03-15 23:22:11 [debug] : 322.3999938964844 {"0":174,"1":148.39999389648438,"2":15,"3":false}
2026-03-15 23:22:11 [debug] : 322.3999938964844 {"0":298,"1":24.399993896484375,"2":15,"3":false}
2026-03-15 23:22:11 [debug] : 322.3999938964844 {"0":656,"1":333.6000061035156,"2":15,"3":false}
2026-03-15 23:22:11 [debug] : 322.3999938964844 {"0":686,"1":363.6000061035156,"2":15,"3":false}
2026-03-15 23:22:11 [debug] : 322.3999938964844 {"0":810,"1":487.6000061035156,"2":15,"3":false}
2026-03-15 23:22:11 [debug] : 322.3999938964844 {"0":912,"1":589.6000061035156,"2":15,"3":false}
2026-03-15 23:22:11 [debug] : 322.3999938964844 {"0":1498,"1":1175.6000061035156,"2":15,"3":false}
2026-03-15 23:22:11 [debug] : 322.3999938964844 {"0":1704,"1":1381.6000061035156,"2":15,"3":false}
2026-03-15 23:22:11 [debug] : 322.3999938964844 {"0":1734,"1":1411.6000061035156,"2":15,"3":false}
2026-03-15 23:22:11 [debug] : 322.3999938964844 {"0":1990,"1":1667.6000061035156,"2":15,"3":false}
2026-03-15 23:22:11 [debug] : 322.3999938964844 {"0":2627,"1":2304.6000061035156,"2":15,"3":false}
2026-03-15 23:22:11 [debug] : 322.3999938964844 {"0":2657,"1":2334.6000061035156,"2":15,"3":false}
2026-03-15 23:22:11 [debug] : 322.3999938964844 {"0":3036,"1":2713.6000061035156,"2":15,"3":false}
2026-03-15 23:22:11 [debug] : 322.3999938964844 {"0":3695,"1":3372.6000061035156,"2":15,"3":false}
2026-03-15 23:22:11 [debug] : 322.3999938964844 {"0":3725,"1":3402.6000061035156,"2":15,"3":false}
2026-03-15 23:22:11 [debug] : 322.3999938964844 {"0":3765,"1":3442.6000061035156,"2":15,"3":false}
2026-03-15 23:22:11 [debug] : 322.3999938964844 {"0":4152,"1":3829.6000061035156,"2":15,"3":false}
2026-03-15 23:22:11 [debug] : 322.3999938964844 {"0":4558,"1":4235.600006103516,"2":15,"3":false}
2026-03-15 23:22:11 [debug] : 323.20001220703125 {"0":7,"1":316.20001220703125,"2":15,"3":false}
2026-03-15 23:22:11 [debug] : 323.20001220703125 {"0":144,"1":179.20001220703125,"2":15,"3":false}
2026-03-15 23:22:11 [debug] : 323.20001220703125 {"0":174,"1":149.20001220703125,"2":15,"3":false}
2026-03-15 23:22:11 [debug] : 323.20001220703125 {"0":298,"1":25.20001220703125,"2":15,"3":false}
2026-03-15 23:22:11 [debug] : 323.20001220703125 {"0":656,"1":332.79998779296875,"2":15,"3":false}
2026-03-15 23:22:11 [debug] : 323.20001220703125 {"0":686,"1":362.79998779296875,"2":15,"3":false}
2026-03-15 23:22:11 [debug] : 323.20001220703125 {"0":810,"1":486.79998779296875,"2":15,"3":false}
2026-03-15 23:22:11 [debug] : 323.20001220703125 {"0":912,"1":588.7999877929688,"2":15,"3":false}
2026-03-15 23:22:11 [debug] : 323.20001220703125 {"0":1498,"1":1174.7999877929688,"2":15,"3":false}
2026-03-15 23:22:11 [debug] : 323.20001220703125 {"0":1704,"1":1380.7999877929688,"2":15,"3":false}
2026-03-15 23:22:11 [debug] : 323.20001220703125 {"0":1734,"1":1410.7999877929688,"2":15,"3":false}
2026-03-15 23:22:11 [debug] : 323.20001220703125 {"0":1990,"1":1666.7999877929688,"2":15,"3":false}
2026-03-15 23:22:11 [debug] : 323.20001220703125 {"0":2627,"1":2303.7999877929688,"2":15,"3":false}
2026-03-15 23:22:11 [debug] : 323.20001220703125 {"0":2657,"1":2333.7999877929688,"2":15,"3":false}
2026-03-15 23:22:11 [debug] : 323.20001220703125 {"0":3036,"1":2712.7999877929688,"2":15,"3":false}
2026-03-15 23:22:11 [debug] : 323.20001220703125 {"0":3695,"1":3371.7999877929688,"2":15,"3":false}
2026-03-15 23:22:11 [debug] : 323.20001220703125 {"0":3725,"1":3401.7999877929688,"2":15,"3":false}
2026-03-15 23:22:11 [debug] : 323.20001220703125 {"0":3765,"1":3441.7999877929688,"2":15,"3":false}
2026-03-15 23:22:11 [debug] : 323.20001220703125 {"0":4152,"1":3828.7999877929688,"2":15,"3":false}
2026-03-15 23:22:11 [debug] : 323.20001220703125 {"0":4558,"1":4234.799987792969,"2":15,"3":false}
2026-03-15 23:22:19 [debug] : 324 {"0":7,"1":317,"2":15,"3":false}
2026-03-15 23:22:19 [debug] : 324 {"0":144,"1":180,"2":15,"3":false}
2026-03-15 23:22:19 [debug] : 324 {"0":174,"1":150,"2":15,"3":false}
2026-03-15 23:22:19 [debug] : 324 {"0":298,"1":26,"2":15,"3":false}
2026-03-15 23:22:19 [debug] : 324 {"0":656,"1":332,"2":15,"3":false}
2026-03-15 23:22:19 [debug] : 324 {"0":686,"1":362,"2":15,"3":false}
2026-03-15 23:22:19 [debug] : 324 {"0":810,"1":486,"2":15,"3":false}
2026-03-15 23:22:19 [debug] : 324 {"0":912,"1":588,"2":15,"3":false}
2026-03-15 23:22:19 [debug] : 324 {"0":1498,"1":1174,"2":15,"3":false}
2026-03-15 23:22:19 [debug] : 324 {"0":1704,"1":1380,"2":15,"3":false}
2026-03-15 23:22:19 [debug] : 324 {"0":1734,"1":1410,"2":15,"3":false}
2026-03-15 23:22:19 [debug] : 324 {"0":1990,"1":1666,"2":15,"3":false}
2026-03-15 23:22:19 [debug] : 324 {"0":2627,"1":2303,"2":15,"3":false}
2026-03-15 23:22:19 [debug] : 324 {"0":2657,"1":2333,"2":15,"3":false}
2026-03-15 23:22:19 [debug] : 324 {"0":3036,"1":2712,"2":15,"3":false}
2026-03-15 23:22:19 [debug] : 324 {"0":3695,"1":3371,"2":15,"3":false}
2026-03-15 23:22:19 [debug] : 324 {"0":3725,"1":3401,"2":15,"3":false}
2026-03-15 23:22:19 [debug] : 324 {"0":3765,"1":3441,"2":15,"3":false}
2026-03-15 23:22:19 [debug] : 324 {"0":4152,"1":3828,"2":15,"3":false}
2026-03-15 23:22:19 [debug] : 324 {"0":4558,"1":4234,"2":15,"3":false}
2026-03-15 23:22:19 [debug] : 332 {"0":7,"1":325,"2":15,"3":false}
2026-03-15 23:22:19 [debug] : 332 {"0":144,"1":188,"2":15,"3":false}
2026-03-15 23:22:19 [debug] : 332 {"0":174,"1":158,"2":15,"3":false}
2026-03-15 23:22:19 [debug] : 332 {"0":298,"1":34,"2":15,"3":false}
2026-03-15 23:22:19 [debug] : 332 {"0":656,"1":324,"2":15,"3":false}
2026-03-15 23:22:19 [debug] : 332 {"0":686,"1":354,"2":15,"3":false}
2026-03-15 23:22:19 [debug] : 332 {"0":810,"1":478,"2":15,"3":false}
2026-03-15 23:22:19 [debug] : 332 {"0":912,"1":580,"2":15,"3":false}
2026-03-15 23:22:19 [debug] : 332 {"0":1498,"1":1166,"2":15,"3":false}
2026-03-15 23:22:19 [debug] : 332 {"0":1704,"1":1372,"2":15,"3":false}
2026-03-15 23:22:19 [debug] : 332 {"0":1734,"1":1402,"2":15,"3":false}
2026-03-15 23:22:19 [debug] : 332 {"0":1990,"1":1658,"2":15,"3":false}
2026-03-15 23:22:19 [debug] : 332 {"0":2627,"1":2295,"2":15,"3":false}
2026-03-15 23:22:19 [debug] : 332 {"0":2657,"1":2325,"2":15,"3":false}
2026-03-15 23:22:19 [debug] : 332 {"0":3036,"1":2704,"2":15,"3":false}
2026-03-15 23:22:19 [debug] : 332 {"0":3695,"1":3363,"2":15,"3":false}
2026-03-15 23:22:19 [debug] : 332 {"0":3725,"1":3393,"2":15,"3":false}
2026-03-15 23:22:19 [debug] : 332 {"0":3765,"1":3433,"2":15,"3":false}
2026-03-15 23:22:19 [debug] : 332 {"0":4152,"1":3820,"2":15,"3":false}
2026-03-15 23:22:19 [debug] : 332 {"0":4558,"1":4226,"2":15,"3":false}
2026-03-15 23:22:19 [debug] : 357.6000061035156 {"0":7,"1":350.6000061035156,"2":15,"3":false}
2026-03-15 23:22:19 [debug] : 357.6000061035156 {"0":144,"1":213.60000610351562,"2":15,"3":false}
2026-03-15 23:22:19 [debug] : 357.6000061035156 {"0":174,"1":183.60000610351562,"2":15,"3":false}
2026-03-15 23:22:19 [debug] : 357.6000061035156 {"0":298,"1":59.600006103515625,"2":15,"3":false}
2026-03-15 23:22:19 [debug] : 357.6000061035156 {"0":656,"1":298.3999938964844,"2":15,"3":false}
2026-03-15 23:22:19 [debug] : 357.6000061035156 {"0":686,"1":328.3999938964844,"2":15,"3":false}
2026-03-15 23:22:19 [debug] : 357.6000061035156 {"0":810,"1":452.3999938964844,"2":15,"3":false}
2026-03-15 23:22:19 [debug] : 357.6000061035156 {"0":912,"1":554.3999938964844,"2":15,"3":false}
2026-03-15 23:22:19 [debug] : 357.6000061035156 {"0":1498,"1":1140.3999938964844,"2":15,"3":false}
2026-03-15 23:22:19 [debug] : 357.6000061035156 {"0":1704,"1":1346.3999938964844,"2":15,"3":false}
2026-03-15 23:22:19 [debug] : 357.6000061035156 {"0":1734,"1":1376.3999938964844,"2":15,"3":false}
2026-03-15 23:22:19 [debug] : 357.6000061035156 {"0":1990,"1":1632.3999938964844,"2":15,"3":false}
2026-03-15 23:22:19 [debug] : 357.6000061035156 {"0":2627,"1":2269.3999938964844,"2":15,"3":false}
2026-03-15 23:22:19 [debug] : 357.6000061035156 {"0":2657,"1":2299.3999938964844,"2":15,"3":false}
2026-03-15 23:22:19 [debug] : 357.6000061035156 {"0":3036,"1":2678.3999938964844,"2":15,"3":false}
2026-03-15 23:22:19 [debug] : 357.6000061035156 {"0":3695,"1":3337.3999938964844,"2":15,"3":false}
2026-03-15 23:22:19 [debug] : 357.6000061035156 {"0":3725,"1":3367.3999938964844,"2":15,"3":false}
2026-03-15 23:22:19 [debug] : 357.6000061035156 {"0":3765,"1":3407.3999938964844,"2":15,"3":false}
2026-03-15 23:22:19 [debug] : 357.6000061035156 {"0":4152,"1":3794.3999938964844,"2":15,"3":false}
2026-03-15 23:22:19 [debug] : 357.6000061035156 {"0":4558,"1":4200.399993896484,"2":15,"3":false}
2026-03-15 23:22:19 [debug] : 408.79998779296875 {"0":7,"1":401.79998779296875,"2":15,"3":false}
2026-03-15 23:22:19 [debug] : 408.79998779296875 {"0":144,"1":264.79998779296875,"2":15,"3":false}
2026-03-15 23:22:19 [debug] : 408.79998779296875 {"0":174,"1":234.79998779296875,"2":15,"3":false}
2026-03-15 23:22:19 [debug] : 408.79998779296875 {"0":298,"1":110.79998779296875,"2":15,"3":false}
2026-03-15 23:22:19 [debug] : 408.79998779296875 {"0":656,"1":247.20001220703125,"2":15,"3":false}
2026-03-15 23:22:19 [debug] : 408.79998779296875 {"0":686,"1":277.20001220703125,"2":15,"3":false}
2026-03-15 23:22:19 [debug] : 408.79998779296875 {"0":810,"1":401.20001220703125,"2":15,"3":false}
2026-03-15 23:22:19 [debug] : 408.79998779296875 {"0":912,"1":503.20001220703125,"2":15,"3":false}
2026-03-15 23:22:19 [debug] : 408.79998779296875 {"0":1498,"1":1089.2000122070312,"2":15,"3":false}
2026-03-15 23:22:19 [debug] : 408.79998779296875 {"0":1704,"1":1295.2000122070312,"2":15,"3":false}
2026-03-15 23:22:19 [debug] : 408.79998779296875 {"0":1734,"1":1325.2000122070312,"2":15,"3":false}
2026-03-15 23:22:19 [debug] : 408.79998779296875 {"0":1990,"1":1581.2000122070312,"2":15,"3":false}
2026-03-15 23:22:19 [debug] : 408.79998779296875 {"0":2627,"1":2218.2000122070312,"2":15,"3":false}
2026-03-15 23:22:19 [debug] : 408.79998779296875 {"0":2657,"1":2248.2000122070312,"2":15,"3":false}
2026-03-15 23:22:19 [debug] : 408.79998779296875 {"0":3036,"1":2627.2000122070312,"2":15,"3":false}
2026-03-15 23:22:19 [debug] : 408.79998779296875 {"0":3695,"1":3286.2000122070312,"2":15,"3":false}
2026-03-15 23:22:19 [debug] : 408.79998779296875 {"0":3725,"1":3316.2000122070312,"2":15,"3":false}
2026-03-15 23:22:19 [debug] : 408.79998779296875 {"0":3765,"1":3356.2000122070312,"2":15,"3":false}
2026-03-15 23:22:19 [debug] : 408.79998779296875 {"0":4152,"1":3743.2000122070312,"2":15,"3":false}
2026-03-15 23:22:19 [debug] : 408.79998779296875 {"0":4558,"1":4149.200012207031,"2":15,"3":false}
2026-03-15 23:22:19 [debug] : 500 {"0":7,"1":493,"2":15,"3":false}
2026-03-15 23:22:19 [debug] : 500 {"0":144,"1":356,"2":15,"3":false}
2026-03-15 23:22:19 [debug] : 500 {"0":174,"1":326,"2":15,"3":false}
2026-03-15 23:22:19 [debug] : 500 {"0":298,"1":202,"2":15,"3":false}
2026-03-15 23:22:19 [debug] : 500 {"0":656,"1":156,"2":15,"3":false}
2026-03-15 23:22:19 [debug] : 500 {"0":686,"1":186,"2":15,"3":false}
2026-03-15 23:22:19 [debug] : 500 {"0":810,"1":310,"2":15,"3":false}
2026-03-15 23:22:19 [debug] : 500 {"0":912,"1":412,"2":15,"3":false}
2026-03-15 23:22:19 [debug] : 500 {"0":1498,"1":998,"2":15,"3":false}
2026-03-15 23:22:19 [debug] : 500 {"0":1704,"1":1204,"2":15,"3":false}
2026-03-15 23:22:19 [debug] : 500 {"0":1734,"1":1234,"2":15,"3":false}
2026-03-15 23:22:19 [debug] : 500 {"0":1990,"1":1490,"2":15,"3":false}
2026-03-15 23:22:19 [debug] : 500 {"0":2627,"1":2127,"2":15,"3":false}
2026-03-15 23:22:19 [debug] : 500 {"0":2657,"1":2157,"2":15,"3":false}
2026-03-15 23:22:19 [debug] : 500 {"0":3036,"1":2536,"2":15,"3":false}
2026-03-15 23:22:19 [debug] : 500 {"0":3695,"1":3195,"2":15,"3":false}
2026-03-15 23:22:19 [debug] : 500 {"0":3725,"1":3225,"2":15,"3":false}
2026-03-15 23:22:19 [debug] : 500 {"0":3765,"1":3265,"2":15,"3":false}
2026-03-15 23:22:19 [debug] : 500 {"0":4152,"1":3652,"2":15,"3":false}
2026-03-15 23:22:19 [debug] : 500 {"0":4558,"1":4058,"2":15,"3":false}
2026-03-15 23:22:19 [debug] : 544 {"0":7,"1":537,"2":15,"3":false}
2026-03-15 23:22:19 [debug] : 544 {"0":144,"1":400,"2":15,"3":false}
2026-03-15 23:22:19 [debug] : 544 {"0":174,"1":370,"2":15,"3":false}
2026-03-15 23:22:19 [debug] : 544 {"0":298,"1":246,"2":15,"3":false}
2026-03-15 23:22:19 [debug] : 544 {"0":656,"1":112,"2":15,"3":false}
2026-03-15 23:22:19 [debug] : 544 {"0":686,"1":142,"2":15,"3":false}
2026-03-15 23:22:19 [debug] : 544 {"0":810,"1":266,"2":15,"3":false}
2026-03-15 23:22:19 [debug] : 544 {"0":912,"1":368,"2":15,"3":false}
2026-03-15 23:22:19 [debug] : 544 {"0":1498,"1":954,"2":15,"3":false}
2026-03-15 23:22:19 [debug] : 544 {"0":1704,"1":1160,"2":15,"3":false}
2026-03-15 23:22:19 [debug] : 544 {"0":1734,"1":1190,"2":15,"3":false}
2026-03-15 23:22:19 [debug] : 544 {"0":1990,"1":1446,"2":15,"3":false}
2026-03-15 23:22:19 [debug] : 544 {"0":2627,"1":2083,"2":15,"3":false}
2026-03-15 23:22:19 [debug] : 544 {"0":2657,"1":2113,"2":15,"3":false}
2026-03-15 23:22:19 [debug] : 544 {"0":3036,"1":2492,"2":15,"3":false}
2026-03-15 23:22:19 [debug] : 544 {"0":3695,"1":3151,"2":15,"3":false}
2026-03-15 23:22:19 [debug] : 544 {"0":3725,"1":3181,"2":15,"3":false}
2026-03-15 23:22:19 [debug] : 544 {"0":3765,"1":3221,"2":15,"3":false}
2026-03-15 23:22:19 [debug] : 544 {"0":4152,"1":3608,"2":15,"3":false}
2026-03-15 23:22:19 [debug] : 544 {"0":4558,"1":4014,"2":15,"3":false}
2026-03-15 23:22:19 [debug] : 615.2000122070312 {"0":7,"1":608.2000122070312,"2":15,"3":false}
2026-03-15 23:22:19 [debug] : 615.2000122070312 {"0":144,"1":471.20001220703125,"2":15,"3":false}
2026-03-15 23:22:19 [debug] : 615.2000122070312 {"0":174,"1":441.20001220703125,"2":15,"3":false}
2026-03-15 23:22:19 [debug] : 615.2000122070312 {"0":298,"1":317.20001220703125,"2":15,"3":false}
2026-03-15 23:22:19 [debug] : 615.2000122070312 {"0":656,"1":40.79998779296875,"2":15,"3":false}
2026-03-15 23:22:19 [debug] : 615.2000122070312 {"0":686,"1":70.79998779296875,"2":15,"3":false}
2026-03-15 23:22:19 [debug] : 615.2000122070312 {"0":810,"1":194.79998779296875,"2":15,"3":false}
2026-03-15 23:22:19 [debug] : 615.2000122070312 {"0":912,"1":296.79998779296875,"2":15,"3":false}
2026-03-15 23:22:19 [debug] : 615.2000122070312 {"0":1498,"1":882.7999877929688,"2":15,"3":false}
2026-03-15 23:22:19 [debug] : 615.2000122070312 {"0":1704,"1":1088.7999877929688,"2":15,"3":false}
2026-03-15 23:22:19 [debug] : 615.2000122070312 {"0":1734,"1":1118.7999877929688,"2":15,"3":false}
2026-03-15 23:22:19 [debug] : 615.2000122070312 {"0":1990,"1":1374.7999877929688,"2":15,"3":false}
2026-03-15 23:22:19 [debug] : 615.2000122070312 {"0":2627,"1":2011.7999877929688,"2":15,"3":false}
2026-03-15 23:22:19 [debug] : 615.2000122070312 {"0":2657,"1":2041.7999877929688,"2":15,"3":false}
2026-03-15 23:22:19 [debug] : 615.2000122070312 {"0":3036,"1":2420.7999877929688,"2":15,"3":false}
2026-03-15 23:22:19 [debug] : 615.2000122070312 {"0":3695,"1":3079.7999877929688,"2":15,"3":false}
2026-03-15 23:22:19 [debug] : 615.2000122070312 {"0":3725,"1":3109.7999877929688,"2":15,"3":false}
2026-03-15 23:22:19 [debug] : 615.2000122070312 {"0":3765,"1":3149.7999877929688,"2":15,"3":false}
2026-03-15 23:22:19 [debug] : 615.2000122070312 {"0":4152,"1":3536.7999877929688,"2":15,"3":false}
2026-03-15 23:22:19 [debug] : 615.2000122070312 {"0":4558,"1":3942.7999877929688,"2":15,"3":false}
2026-03-15 23:22:19 [debug] : 640.7999877929688 {"0":7,"1":633.7999877929688,"2":15,"3":false}
2026-03-15 23:22:19 [debug] : 640.7999877929688 {"0":144,"1":496.79998779296875,"2":15,"3":false}
2026-03-15 23:22:19 [debug] : 640.7999877929688 {"0":174,"1":466.79998779296875,"2":15,"3":false}
2026-03-15 23:22:19 [debug] : 640.7999877929688 {"0":298,"1":342.79998779296875,"2":15,"3":false}
2026-03-15 23:22:19 [debug] : 640.7999877929688 {"0":656,"1":15.20001220703125,"2":15,"3":false}
2026-03-15 23:22:19 [debug] : 640.7999877929688 {"0":686,"1":45.20001220703125,"2":15,"3":false}
2026-03-15 23:22:19 [debug] : 640.7999877929688 {"0":810,"1":169.20001220703125,"2":15,"3":false}
2026-03-15 23:22:19 [debug] : 640.7999877929688 {"0":912,"1":271.20001220703125,"2":15,"3":false}
2026-03-15 23:22:19 [debug] : 640.7999877929688 {"0":1498,"1":857.2000122070312,"2":15,"3":false}
2026-03-15 23:22:19 [debug] : 640.7999877929688 {"0":1704,"1":1063.2000122070312,"2":15,"3":false}
2026-03-15 23:22:19 [debug] : 640.7999877929688 {"0":1734,"1":1093.2000122070312,"2":15,"3":false}
2026-03-15 23:22:19 [debug] : 640.7999877929688 {"0":1990,"1":1349.2000122070312,"2":15,"3":false}
2026-03-15 23:22:19 [debug] : 640.7999877929688 {"0":2627,"1":1986.2000122070312,"2":15,"3":false}
2026-03-15 23:22:19 [debug] : 640.7999877929688 {"0":2657,"1":2016.2000122070312,"2":15,"3":false}
2026-03-15 23:22:19 [debug] : 640.7999877929688 {"0":3036,"1":2395.2000122070312,"2":15,"3":false}
2026-03-15 23:22:19 [debug] : 640.7999877929688 {"0":3695,"1":3054.2000122070312,"2":15,"3":false}
2026-03-15 23:22:19 [debug] : 640.7999877929688 {"0":3725,"1":3084.2000122070312,"2":15,"3":false}
2026-03-15 23:22:19 [debug] : 640.7999877929688 {"0":3765,"1":3124.2000122070312,"2":15,"3":false}
2026-03-15 23:22:19 [debug] : 640.7999877929688 {"0":4152,"1":3511.2000122070312,"2":15,"3":false}
2026-03-15 23:22:19 [debug] : 640.7999877929688 {"0":4558,"1":3917.2000122070312,"2":15,"3":false}
2026-03-15 23:22:20 [debug] : 643.2000122070312 {"0":7,"1":636.2000122070312,"2":15,"3":false}
2026-03-15 23:22:20 [debug] : 643.2000122070312 {"0":144,"1":499.20001220703125,"2":15,"3":false}
2026-03-15 23:22:20 [debug] : 643.2000122070312 {"0":174,"1":469.20001220703125,"2":15,"3":false}
2026-03-15 23:22:20 [debug] : 643.2000122070312 {"0":298,"1":345.20001220703125,"2":15,"3":false}
2026-03-15 23:22:20 [debug] : 643.2000122070312 {"0":656,"1":12.79998779296875,"2":15,"3":true}
2026-03-15 23:22:20 [debug] : SELECTED {"0":"hls-report-section-hw-interfaces::urn:analysis-report/top-517628394/synthesis-1219712035"}
2026-03-15 23:22:20 [debug] : 644 {"0":7,"1":637,"2":15,"3":false}
2026-03-15 23:22:20 [debug] : 644 {"0":144,"1":500,"2":15,"3":false}
2026-03-15 23:22:20 [debug] : 644 {"0":174,"1":470,"2":15,"3":false}
2026-03-15 23:22:20 [debug] : 644 {"0":298,"1":346,"2":15,"3":false}
2026-03-15 23:22:20 [debug] : 644 {"0":656,"1":12,"2":15,"3":true}
2026-03-15 23:22:20 [debug] : SELECTED {"0":"hls-report-section-hw-interfaces::urn:analysis-report/top-517628394/synthesis-1219712035"}
2026-03-15 23:22:20 [debug] : 644.7999877929688 {"0":7,"1":637.7999877929688,"2":15,"3":false}
2026-03-15 23:22:20 [debug] : 644.7999877929688 {"0":144,"1":500.79998779296875,"2":15,"3":false}
2026-03-15 23:22:20 [debug] : 644.7999877929688 {"0":174,"1":470.79998779296875,"2":15,"3":false}
2026-03-15 23:22:20 [debug] : 644.7999877929688 {"0":298,"1":346.79998779296875,"2":15,"3":false}
2026-03-15 23:22:20 [debug] : 644.7999877929688 {"0":656,"1":11.20001220703125,"2":15,"3":true}
2026-03-15 23:22:20 [debug] : SELECTED {"0":"hls-report-section-hw-interfaces::urn:analysis-report/top-517628394/synthesis-1219712035"}
2026-03-15 23:22:20 [debug] : 645.5999755859375 {"0":7,"1":638.5999755859375,"2":15,"3":false}
2026-03-15 23:22:20 [debug] : 645.5999755859375 {"0":144,"1":501.5999755859375,"2":15,"3":false}
2026-03-15 23:22:20 [debug] : 645.5999755859375 {"0":174,"1":471.5999755859375,"2":15,"3":false}
2026-03-15 23:22:20 [debug] : 645.5999755859375 {"0":298,"1":347.5999755859375,"2":15,"3":false}
2026-03-15 23:22:20 [debug] : 645.5999755859375 {"0":656,"1":10.4000244140625,"2":15,"3":true}
2026-03-15 23:22:20 [debug] : SELECTED {"0":"hls-report-section-hw-interfaces::urn:analysis-report/top-517628394/synthesis-1219712035"}
2026-03-15 23:22:20 [debug] : 646.4000244140625 {"0":7,"1":639.4000244140625,"2":15,"3":false}
2026-03-15 23:22:20 [debug] : 646.4000244140625 {"0":144,"1":502.4000244140625,"2":15,"3":false}
2026-03-15 23:22:20 [debug] : 646.4000244140625 {"0":174,"1":472.4000244140625,"2":15,"3":false}
2026-03-15 23:22:20 [debug] : 646.4000244140625 {"0":298,"1":348.4000244140625,"2":15,"3":false}
2026-03-15 23:22:20 [debug] : 646.4000244140625 {"0":656,"1":9.5999755859375,"2":15,"3":true}
2026-03-15 23:22:20 [debug] : SELECTED {"0":"hls-report-section-hw-interfaces::urn:analysis-report/top-517628394/synthesis-1219712035"}
2026-03-15 23:22:20 [debug] : 647.2000122070312 {"0":7,"1":640.2000122070312,"2":15,"3":false}
2026-03-15 23:22:20 [debug] : 647.2000122070312 {"0":144,"1":503.20001220703125,"2":15,"3":false}
2026-03-15 23:22:20 [debug] : 647.2000122070312 {"0":174,"1":473.20001220703125,"2":15,"3":false}
2026-03-15 23:22:20 [debug] : 647.2000122070312 {"0":298,"1":349.20001220703125,"2":15,"3":false}
2026-03-15 23:22:20 [debug] : 647.2000122070312 {"0":656,"1":8.79998779296875,"2":15,"3":true}
2026-03-15 23:22:20 [debug] : SELECTED {"0":"hls-report-section-hw-interfaces::urn:analysis-report/top-517628394/synthesis-1219712035"}
2026-03-15 23:22:20 [debug] : 648 {"0":7,"1":641,"2":15,"3":false}
2026-03-15 23:22:20 [debug] : 648 {"0":144,"1":504,"2":15,"3":false}
2026-03-15 23:22:20 [debug] : 648 {"0":174,"1":474,"2":15,"3":false}
2026-03-15 23:22:20 [debug] : 648 {"0":298,"1":350,"2":15,"3":false}
2026-03-15 23:22:20 [debug] : 648 {"0":656,"1":8,"2":15,"3":true}
2026-03-15 23:22:20 [debug] : SELECTED {"0":"hls-report-section-hw-interfaces::urn:analysis-report/top-517628394/synthesis-1219712035"}
2026-03-15 23:22:20 [debug] : 648.7999877929688 {"0":7,"1":641.7999877929688,"2":15,"3":false}
2026-03-15 23:22:20 [debug] : 648.7999877929688 {"0":144,"1":504.79998779296875,"2":15,"3":false}
2026-03-15 23:22:20 [debug] : 648.7999877929688 {"0":174,"1":474.79998779296875,"2":15,"3":false}
2026-03-15 23:22:20 [debug] : 648.7999877929688 {"0":298,"1":350.79998779296875,"2":15,"3":false}
2026-03-15 23:22:20 [debug] : 648.7999877929688 {"0":656,"1":7.20001220703125,"2":15,"3":true}
2026-03-15 23:22:20 [debug] : SELECTED {"0":"hls-report-section-hw-interfaces::urn:analysis-report/top-517628394/synthesis-1219712035"}
2026-03-15 23:22:20 [debug] : 649.5999755859375 {"0":7,"1":642.5999755859375,"2":15,"3":false}
2026-03-15 23:22:20 [debug] : 649.5999755859375 {"0":144,"1":505.5999755859375,"2":15,"3":false}
2026-03-15 23:22:20 [debug] : 649.5999755859375 {"0":174,"1":475.5999755859375,"2":15,"3":false}
2026-03-15 23:22:20 [debug] : 649.5999755859375 {"0":298,"1":351.5999755859375,"2":15,"3":false}
2026-03-15 23:22:20 [debug] : 649.5999755859375 {"0":656,"1":6.4000244140625,"2":15,"3":true}
2026-03-15 23:22:20 [debug] : SELECTED {"0":"hls-report-section-hw-interfaces::urn:analysis-report/top-517628394/synthesis-1219712035"}
2026-03-15 23:22:20 [debug] : 650.4000244140625 {"0":7,"1":643.4000244140625,"2":15,"3":false}
2026-03-15 23:22:20 [debug] : 650.4000244140625 {"0":144,"1":506.4000244140625,"2":15,"3":false}
2026-03-15 23:22:20 [debug] : 650.4000244140625 {"0":174,"1":476.4000244140625,"2":15,"3":false}
2026-03-15 23:22:20 [debug] : 650.4000244140625 {"0":298,"1":352.4000244140625,"2":15,"3":false}
2026-03-15 23:22:20 [debug] : 650.4000244140625 {"0":656,"1":5.5999755859375,"2":15,"3":true}
2026-03-15 23:22:20 [debug] : SELECTED {"0":"hls-report-section-hw-interfaces::urn:analysis-report/top-517628394/synthesis-1219712035"}
2026-03-15 23:22:20 [debug] : 651.2000122070312 {"0":7,"1":644.2000122070312,"2":15,"3":false}
2026-03-15 23:22:20 [debug] : 651.2000122070312 {"0":144,"1":507.20001220703125,"2":15,"3":false}
2026-03-15 23:22:20 [debug] : 651.2000122070312 {"0":174,"1":477.20001220703125,"2":15,"3":false}
2026-03-15 23:22:20 [debug] : 651.2000122070312 {"0":298,"1":353.20001220703125,"2":15,"3":false}
2026-03-15 23:22:20 [debug] : 651.2000122070312 {"0":656,"1":4.79998779296875,"2":15,"3":true}
2026-03-15 23:22:20 [debug] : SELECTED {"0":"hls-report-section-hw-interfaces::urn:analysis-report/top-517628394/synthesis-1219712035"}
2026-03-15 23:22:20 [debug] : 652 {"0":7,"1":645,"2":15,"3":false}
2026-03-15 23:22:20 [debug] : 652 {"0":144,"1":508,"2":15,"3":false}
2026-03-15 23:22:20 [debug] : 652 {"0":174,"1":478,"2":15,"3":false}
2026-03-15 23:22:20 [debug] : 652 {"0":298,"1":354,"2":15,"3":false}
2026-03-15 23:22:20 [debug] : 652 {"0":656,"1":4,"2":15,"3":true}
2026-03-15 23:22:20 [debug] : SELECTED {"0":"hls-report-section-hw-interfaces::urn:analysis-report/top-517628394/synthesis-1219712035"}
2026-03-15 23:22:20 [debug] : 652.7999877929688 {"0":7,"1":645.7999877929688,"2":15,"3":false}
2026-03-15 23:22:20 [debug] : 652.7999877929688 {"0":144,"1":508.79998779296875,"2":15,"3":false}
2026-03-15 23:22:20 [debug] : 652.7999877929688 {"0":174,"1":478.79998779296875,"2":15,"3":false}
2026-03-15 23:22:20 [debug] : 652.7999877929688 {"0":298,"1":354.79998779296875,"2":15,"3":false}
2026-03-15 23:22:20 [debug] : 652.7999877929688 {"0":656,"1":3.20001220703125,"2":15,"3":true}
2026-03-15 23:22:20 [debug] : SELECTED {"0":"hls-report-section-hw-interfaces::urn:analysis-report/top-517628394/synthesis-1219712035"}
2026-03-15 23:22:21 [debug] : 653.5999755859375 {"0":7,"1":646.5999755859375,"2":15,"3":false}
2026-03-15 23:22:21 [debug] : 653.5999755859375 {"0":144,"1":509.5999755859375,"2":15,"3":false}
2026-03-15 23:22:21 [debug] : 653.5999755859375 {"0":174,"1":479.5999755859375,"2":15,"3":false}
2026-03-15 23:22:21 [debug] : 653.5999755859375 {"0":298,"1":355.5999755859375,"2":15,"3":false}
2026-03-15 23:22:21 [debug] : 653.5999755859375 {"0":656,"1":2.4000244140625,"2":15,"3":true}
2026-03-15 23:22:21 [debug] : SELECTED {"0":"hls-report-section-hw-interfaces::urn:analysis-report/top-517628394/synthesis-1219712035"}
2026-03-15 23:22:21 [debug] : 654.4000244140625 {"0":7,"1":647.4000244140625,"2":15,"3":false}
2026-03-15 23:22:21 [debug] : 654.4000244140625 {"0":144,"1":510.4000244140625,"2":15,"3":false}
2026-03-15 23:22:21 [debug] : 654.4000244140625 {"0":174,"1":480.4000244140625,"2":15,"3":false}
2026-03-15 23:22:21 [debug] : 654.4000244140625 {"0":298,"1":356.4000244140625,"2":15,"3":false}
2026-03-15 23:22:21 [debug] : 654.4000244140625 {"0":656,"1":1.5999755859375,"2":15,"3":true}
2026-03-15 23:22:21 [debug] : SELECTED {"0":"hls-report-section-hw-interfaces::urn:analysis-report/top-517628394/synthesis-1219712035"}
2026-03-15 23:22:21 [debug] : 655.2000122070312 {"0":7,"1":648.2000122070312,"2":15,"3":false}
2026-03-15 23:22:21 [debug] : 655.2000122070312 {"0":144,"1":511.20001220703125,"2":15,"3":false}
2026-03-15 23:22:21 [debug] : 655.2000122070312 {"0":174,"1":481.20001220703125,"2":15,"3":false}
2026-03-15 23:22:21 [debug] : 655.2000122070312 {"0":298,"1":357.20001220703125,"2":15,"3":false}
2026-03-15 23:22:21 [debug] : 655.2000122070312 {"0":656,"1":0.79998779296875,"2":15,"3":true}
2026-03-15 23:22:21 [debug] : SELECTED {"0":"hls-report-section-hw-interfaces::urn:analysis-report/top-517628394/synthesis-1219712035"}
2026-03-15 23:22:21 [debug] : 656 {"0":7,"1":649,"2":15,"3":false}
2026-03-15 23:22:21 [debug] : 656 {"0":144,"1":512,"2":15,"3":false}
2026-03-15 23:22:21 [debug] : 656 {"0":174,"1":482,"2":15,"3":false}
2026-03-15 23:22:21 [debug] : 656 {"0":298,"1":358,"2":15,"3":false}
2026-03-15 23:22:21 [debug] : 656 {"0":656,"1":0,"2":15,"3":true}
2026-03-15 23:22:21 [debug] : SELECTED {"0":"hls-report-section-hw-interfaces::urn:analysis-report/top-517628394/synthesis-1219712035"}
2026-03-15 23:22:21 [debug] : 656.7999877929688 {"0":7,"1":649.7999877929688,"2":15,"3":false}
2026-03-15 23:22:21 [debug] : 656.7999877929688 {"0":144,"1":512.7999877929688,"2":15,"3":false}
2026-03-15 23:22:21 [debug] : 656.7999877929688 {"0":174,"1":482.79998779296875,"2":15,"3":false}
2026-03-15 23:22:21 [debug] : 656.7999877929688 {"0":298,"1":358.79998779296875,"2":15,"3":false}
2026-03-15 23:22:21 [debug] : 656.7999877929688 {"0":656,"1":0.79998779296875,"2":15,"3":true}
2026-03-15 23:22:21 [debug] : SELECTED {"0":"hls-report-section-hw-interfaces::urn:analysis-report/top-517628394/synthesis-1219712035"}
2026-03-15 23:22:21 [debug] : 657.5999755859375 {"0":7,"1":650.5999755859375,"2":15,"3":false}
2026-03-15 23:22:21 [debug] : 657.5999755859375 {"0":144,"1":513.5999755859375,"2":15,"3":false}
2026-03-15 23:22:21 [debug] : 657.5999755859375 {"0":174,"1":483.5999755859375,"2":15,"3":false}
2026-03-15 23:22:21 [debug] : 657.5999755859375 {"0":298,"1":359.5999755859375,"2":15,"3":false}
2026-03-15 23:22:21 [debug] : 657.5999755859375 {"0":656,"1":1.5999755859375,"2":15,"3":true}
2026-03-15 23:22:21 [debug] : SELECTED {"0":"hls-report-section-hw-interfaces::urn:analysis-report/top-517628394/synthesis-1219712035"}
2026-03-15 23:22:21 [debug] : 658.4000244140625 {"0":7,"1":651.4000244140625,"2":15,"3":false}
2026-03-15 23:22:21 [debug] : 658.4000244140625 {"0":144,"1":514.4000244140625,"2":15,"3":false}
2026-03-15 23:22:21 [debug] : 658.4000244140625 {"0":174,"1":484.4000244140625,"2":15,"3":false}
2026-03-15 23:22:21 [debug] : 658.4000244140625 {"0":298,"1":360.4000244140625,"2":15,"3":false}
2026-03-15 23:22:21 [debug] : 658.4000244140625 {"0":656,"1":2.4000244140625,"2":15,"3":true}
2026-03-15 23:22:21 [debug] : SELECTED {"0":"hls-report-section-hw-interfaces::urn:analysis-report/top-517628394/synthesis-1219712035"}
2026-03-15 23:22:21 [debug] : 659.2000122070312 {"0":7,"1":652.2000122070312,"2":15,"3":false}
2026-03-15 23:22:21 [debug] : 659.2000122070312 {"0":144,"1":515.2000122070312,"2":15,"3":false}
2026-03-15 23:22:21 [debug] : 659.2000122070312 {"0":174,"1":485.20001220703125,"2":15,"3":false}
2026-03-15 23:22:21 [debug] : 659.2000122070312 {"0":298,"1":361.20001220703125,"2":15,"3":false}
2026-03-15 23:22:21 [debug] : 659.2000122070312 {"0":656,"1":3.20001220703125,"2":15,"3":true}
2026-03-15 23:22:21 [debug] : SELECTED {"0":"hls-report-section-hw-interfaces::urn:analysis-report/top-517628394/synthesis-1219712035"}
2026-03-15 23:22:22 [debug] : 660 {"0":7,"1":653,"2":15,"3":false}
2026-03-15 23:22:22 [debug] : 660 {"0":144,"1":516,"2":15,"3":false}
2026-03-15 23:22:22 [debug] : 660 {"0":174,"1":486,"2":15,"3":false}
2026-03-15 23:22:22 [debug] : 660 {"0":298,"1":362,"2":15,"3":false}
2026-03-15 23:22:22 [debug] : 660 {"0":656,"1":4,"2":15,"3":true}
2026-03-15 23:22:22 [debug] : SELECTED {"0":"hls-report-section-hw-interfaces::urn:analysis-report/top-517628394/synthesis-1219712035"}
2026-03-15 23:22:22 [debug] : 660.7999877929688 {"0":7,"1":653.7999877929688,"2":15,"3":false}
2026-03-15 23:22:22 [debug] : 660.7999877929688 {"0":144,"1":516.7999877929688,"2":15,"3":false}
2026-03-15 23:22:22 [debug] : 660.7999877929688 {"0":174,"1":486.79998779296875,"2":15,"3":false}
2026-03-15 23:22:22 [debug] : 660.7999877929688 {"0":298,"1":362.79998779296875,"2":15,"3":false}
2026-03-15 23:22:22 [debug] : 660.7999877929688 {"0":656,"1":4.79998779296875,"2":15,"3":true}
2026-03-15 23:22:22 [debug] : SELECTED {"0":"hls-report-section-hw-interfaces::urn:analysis-report/top-517628394/synthesis-1219712035"}
2026-03-15 23:22:22 [debug] : 661.5999755859375 {"0":7,"1":654.5999755859375,"2":15,"3":false}
2026-03-15 23:22:22 [debug] : 661.5999755859375 {"0":144,"1":517.5999755859375,"2":15,"3":false}
2026-03-15 23:22:22 [debug] : 661.5999755859375 {"0":174,"1":487.5999755859375,"2":15,"3":false}
2026-03-15 23:22:22 [debug] : 661.5999755859375 {"0":298,"1":363.5999755859375,"2":15,"3":false}
2026-03-15 23:22:22 [debug] : 661.5999755859375 {"0":656,"1":5.5999755859375,"2":15,"3":true}
2026-03-15 23:22:22 [debug] : SELECTED {"0":"hls-report-section-hw-interfaces::urn:analysis-report/top-517628394/synthesis-1219712035"}
2026-03-15 23:22:22 [debug] : 662.4000244140625 {"0":7,"1":655.4000244140625,"2":15,"3":false}
2026-03-15 23:22:22 [debug] : 662.4000244140625 {"0":144,"1":518.4000244140625,"2":15,"3":false}
2026-03-15 23:22:22 [debug] : 662.4000244140625 {"0":174,"1":488.4000244140625,"2":15,"3":false}
2026-03-15 23:22:22 [debug] : 662.4000244140625 {"0":298,"1":364.4000244140625,"2":15,"3":false}
2026-03-15 23:22:22 [debug] : 662.4000244140625 {"0":656,"1":6.4000244140625,"2":15,"3":true}
2026-03-15 23:22:22 [debug] : SELECTED {"0":"hls-report-section-hw-interfaces::urn:analysis-report/top-517628394/synthesis-1219712035"}
2026-03-15 23:22:22 [debug] : 663.2000122070312 {"0":7,"1":656.2000122070312,"2":15,"3":false}
2026-03-15 23:22:22 [debug] : 663.2000122070312 {"0":144,"1":519.2000122070312,"2":15,"3":false}
2026-03-15 23:22:22 [debug] : 663.2000122070312 {"0":174,"1":489.20001220703125,"2":15,"3":false}
2026-03-15 23:22:22 [debug] : 663.2000122070312 {"0":298,"1":365.20001220703125,"2":15,"3":false}
2026-03-15 23:22:22 [debug] : 663.2000122070312 {"0":656,"1":7.20001220703125,"2":15,"3":true}
2026-03-15 23:22:22 [debug] : SELECTED {"0":"hls-report-section-hw-interfaces::urn:analysis-report/top-517628394/synthesis-1219712035"}
2026-03-15 23:22:22 [debug] : 664 {"0":7,"1":657,"2":15,"3":false}
2026-03-15 23:22:22 [debug] : 664 {"0":144,"1":520,"2":15,"3":false}
2026-03-15 23:22:22 [debug] : 664 {"0":174,"1":490,"2":15,"3":false}
2026-03-15 23:22:22 [debug] : 664 {"0":298,"1":366,"2":15,"3":false}
2026-03-15 23:22:22 [debug] : 664 {"0":656,"1":8,"2":15,"3":true}
2026-03-15 23:22:22 [debug] : SELECTED {"0":"hls-report-section-hw-interfaces::urn:analysis-report/top-517628394/synthesis-1219712035"}
2026-03-15 23:22:22 [debug] : 665.5999755859375 {"0":7,"1":658.5999755859375,"2":15,"3":false}
2026-03-15 23:22:22 [debug] : 665.5999755859375 {"0":144,"1":521.5999755859375,"2":15,"3":false}
2026-03-15 23:22:22 [debug] : 665.5999755859375 {"0":174,"1":491.5999755859375,"2":15,"3":false}
2026-03-15 23:22:22 [debug] : 665.5999755859375 {"0":298,"1":367.5999755859375,"2":15,"3":false}
2026-03-15 23:22:22 [debug] : 665.5999755859375 {"0":656,"1":9.5999755859375,"2":15,"3":true}
2026-03-15 23:22:22 [debug] : SELECTED {"0":"hls-report-section-hw-interfaces::urn:analysis-report/top-517628394/synthesis-1219712035"}
2026-03-15 23:22:22 [debug] : 666.4000244140625 {"0":7,"1":659.4000244140625,"2":15,"3":false}
2026-03-15 23:22:22 [debug] : 666.4000244140625 {"0":144,"1":522.4000244140625,"2":15,"3":false}
2026-03-15 23:22:22 [debug] : 666.4000244140625 {"0":174,"1":492.4000244140625,"2":15,"3":false}
2026-03-15 23:22:22 [debug] : 666.4000244140625 {"0":298,"1":368.4000244140625,"2":15,"3":false}
2026-03-15 23:22:22 [debug] : 666.4000244140625 {"0":656,"1":10.4000244140625,"2":15,"3":true}
2026-03-15 23:22:22 [debug] : SELECTED {"0":"hls-report-section-hw-interfaces::urn:analysis-report/top-517628394/synthesis-1219712035"}
2026-03-15 23:22:22 [debug] : 667.2000122070312 {"0":7,"1":660.2000122070312,"2":15,"3":false}
2026-03-15 23:22:22 [debug] : 667.2000122070312 {"0":144,"1":523.2000122070312,"2":15,"3":false}
2026-03-15 23:22:22 [debug] : 667.2000122070312 {"0":174,"1":493.20001220703125,"2":15,"3":false}
2026-03-15 23:22:22 [debug] : 667.2000122070312 {"0":298,"1":369.20001220703125,"2":15,"3":false}
2026-03-15 23:22:22 [debug] : 667.2000122070312 {"0":656,"1":11.20001220703125,"2":15,"3":true}
2026-03-15 23:22:22 [debug] : SELECTED {"0":"hls-report-section-hw-interfaces::urn:analysis-report/top-517628394/synthesis-1219712035"}
2026-03-15 23:22:22 [debug] : 668 {"0":7,"1":661,"2":15,"3":false}
2026-03-15 23:22:22 [debug] : 668 {"0":144,"1":524,"2":15,"3":false}
2026-03-15 23:22:22 [debug] : 668 {"0":174,"1":494,"2":15,"3":false}
2026-03-15 23:22:22 [debug] : 668 {"0":298,"1":370,"2":15,"3":false}
2026-03-15 23:22:22 [debug] : 668 {"0":656,"1":12,"2":15,"3":true}
2026-03-15 23:22:22 [debug] : SELECTED {"0":"hls-report-section-hw-interfaces::urn:analysis-report/top-517628394/synthesis-1219712035"}
2026-03-15 23:22:23 [debug] : 668.7999877929688 {"0":7,"1":661.7999877929688,"2":15,"3":false}
2026-03-15 23:22:23 [debug] : 668.7999877929688 {"0":144,"1":524.7999877929688,"2":15,"3":false}
2026-03-15 23:22:23 [debug] : 668.7999877929688 {"0":174,"1":494.79998779296875,"2":15,"3":false}
2026-03-15 23:22:23 [debug] : 668.7999877929688 {"0":298,"1":370.79998779296875,"2":15,"3":false}
2026-03-15 23:22:23 [debug] : 668.7999877929688 {"0":656,"1":12.79998779296875,"2":15,"3":true}
2026-03-15 23:22:23 [debug] : SELECTED {"0":"hls-report-section-hw-interfaces::urn:analysis-report/top-517628394/synthesis-1219712035"}
2026-03-15 23:22:23 [debug] : 669.5999755859375 {"0":7,"1":662.5999755859375,"2":15,"3":false}
2026-03-15 23:22:23 [debug] : 669.5999755859375 {"0":144,"1":525.5999755859375,"2":15,"3":false}
2026-03-15 23:22:23 [debug] : 669.5999755859375 {"0":174,"1":495.5999755859375,"2":15,"3":false}
2026-03-15 23:22:23 [debug] : 669.5999755859375 {"0":298,"1":371.5999755859375,"2":15,"3":false}
2026-03-15 23:22:23 [debug] : 669.5999755859375 {"0":656,"1":13.5999755859375,"2":15,"3":true}
2026-03-15 23:22:23 [debug] : SELECTED {"0":"hls-report-section-hw-interfaces::urn:analysis-report/top-517628394/synthesis-1219712035"}
2026-03-15 23:22:23 [debug] : 670.4000244140625 {"0":7,"1":663.4000244140625,"2":15,"3":false}
2026-03-15 23:22:23 [debug] : 670.4000244140625 {"0":144,"1":526.4000244140625,"2":15,"3":false}
2026-03-15 23:22:23 [debug] : 670.4000244140625 {"0":174,"1":496.4000244140625,"2":15,"3":false}
2026-03-15 23:22:23 [debug] : 670.4000244140625 {"0":298,"1":372.4000244140625,"2":15,"3":false}
2026-03-15 23:22:23 [debug] : 670.4000244140625 {"0":656,"1":14.4000244140625,"2":15,"3":true}
2026-03-15 23:22:23 [debug] : SELECTED {"0":"hls-report-section-hw-interfaces::urn:analysis-report/top-517628394/synthesis-1219712035"}
2026-03-15 23:22:24 [debug] : 671.2000122070312 {"0":7,"1":664.2000122070312,"2":15,"3":false}
2026-03-15 23:22:24 [debug] : 671.2000122070312 {"0":144,"1":527.2000122070312,"2":15,"3":false}
2026-03-15 23:22:24 [debug] : 671.2000122070312 {"0":174,"1":497.20001220703125,"2":15,"3":false}
2026-03-15 23:22:24 [debug] : 671.2000122070312 {"0":298,"1":373.20001220703125,"2":15,"3":false}
2026-03-15 23:22:24 [debug] : 671.2000122070312 {"0":656,"1":15.20001220703125,"2":15,"3":false}
2026-03-15 23:22:24 [debug] : 671.2000122070312 {"0":686,"1":14.79998779296875,"2":15,"3":true}
2026-03-15 23:22:24 [debug] : SELECTED {"0":"hls-report-section-m_axi::urn:analysis-report/top-517628394/synthesis-1219712035"}
2026-03-15 23:22:24 [debug] : 666.4000244140625 {"0":7,"1":659.4000244140625,"2":15,"3":false}
2026-03-15 23:22:24 [debug] : 666.4000244140625 {"0":144,"1":522.4000244140625,"2":15,"3":false}
2026-03-15 23:22:24 [debug] : 666.4000244140625 {"0":174,"1":492.4000244140625,"2":15,"3":false}
2026-03-15 23:22:24 [debug] : 666.4000244140625 {"0":298,"1":368.4000244140625,"2":15,"3":false}
2026-03-15 23:22:24 [debug] : 666.4000244140625 {"0":656,"1":10.4000244140625,"2":15,"3":true}
2026-03-15 23:22:24 [debug] : SELECTED {"0":"hls-report-section-hw-interfaces::urn:analysis-report/top-517628394/synthesis-1219712035"}
2026-03-15 23:22:24 [debug] : 636 {"0":7,"1":629,"2":15,"3":false}
2026-03-15 23:22:24 [debug] : 636 {"0":144,"1":492,"2":15,"3":false}
2026-03-15 23:22:24 [debug] : 636 {"0":174,"1":462,"2":15,"3":false}
2026-03-15 23:22:24 [debug] : 636 {"0":298,"1":338,"2":15,"3":false}
2026-03-15 23:22:24 [debug] : 636 {"0":656,"1":20,"2":15,"3":false}
2026-03-15 23:22:24 [debug] : 636 {"0":686,"1":50,"2":15,"3":false}
2026-03-15 23:22:24 [debug] : 636 {"0":810,"1":174,"2":15,"3":false}
2026-03-15 23:22:24 [debug] : 636 {"0":912,"1":276,"2":15,"3":false}
2026-03-15 23:22:24 [debug] : 636 {"0":1498,"1":862,"2":15,"3":false}
2026-03-15 23:22:24 [debug] : 636 {"0":1704,"1":1068,"2":15,"3":false}
2026-03-15 23:22:24 [debug] : 636 {"0":1734,"1":1098,"2":15,"3":false}
2026-03-15 23:22:24 [debug] : 636 {"0":1990,"1":1354,"2":15,"3":false}
2026-03-15 23:22:24 [debug] : 636 {"0":2627,"1":1991,"2":15,"3":false}
2026-03-15 23:22:24 [debug] : 636 {"0":2657,"1":2021,"2":15,"3":false}
2026-03-15 23:22:24 [debug] : 636 {"0":3036,"1":2400,"2":15,"3":false}
2026-03-15 23:22:24 [debug] : 636 {"0":3695,"1":3059,"2":15,"3":false}
2026-03-15 23:22:24 [debug] : 636 {"0":3725,"1":3089,"2":15,"3":false}
2026-03-15 23:22:24 [debug] : 636 {"0":3765,"1":3129,"2":15,"3":false}
2026-03-15 23:22:24 [debug] : 636 {"0":4152,"1":3516,"2":15,"3":false}
2026-03-15 23:22:24 [debug] : 636 {"0":4558,"1":3922,"2":15,"3":false}
2026-03-15 23:22:24 [debug] : 512 {"0":7,"1":505,"2":15,"3":false}
2026-03-15 23:22:24 [debug] : 512 {"0":144,"1":368,"2":15,"3":false}
2026-03-15 23:22:24 [debug] : 512 {"0":174,"1":338,"2":15,"3":false}
2026-03-15 23:22:24 [debug] : 512 {"0":298,"1":214,"2":15,"3":false}
2026-03-15 23:22:24 [debug] : 512 {"0":656,"1":144,"2":15,"3":false}
2026-03-15 23:22:24 [debug] : 512 {"0":686,"1":174,"2":15,"3":false}
2026-03-15 23:22:24 [debug] : 512 {"0":810,"1":298,"2":15,"3":false}
2026-03-15 23:22:24 [debug] : 512 {"0":912,"1":400,"2":15,"3":false}
2026-03-15 23:22:24 [debug] : 512 {"0":1498,"1":986,"2":15,"3":false}
2026-03-15 23:22:24 [debug] : 512 {"0":1704,"1":1192,"2":15,"3":false}
2026-03-15 23:22:24 [debug] : 512 {"0":1734,"1":1222,"2":15,"3":false}
2026-03-15 23:22:24 [debug] : 512 {"0":1990,"1":1478,"2":15,"3":false}
2026-03-15 23:22:24 [debug] : 512 {"0":2627,"1":2115,"2":15,"3":false}
2026-03-15 23:22:24 [debug] : 512 {"0":2657,"1":2145,"2":15,"3":false}
2026-03-15 23:22:24 [debug] : 512 {"0":3036,"1":2524,"2":15,"3":false}
2026-03-15 23:22:24 [debug] : 512 {"0":3695,"1":3183,"2":15,"3":false}
2026-03-15 23:22:24 [debug] : 512 {"0":3725,"1":3213,"2":15,"3":false}
2026-03-15 23:22:24 [debug] : 512 {"0":3765,"1":3253,"2":15,"3":false}
2026-03-15 23:22:24 [debug] : 512 {"0":4152,"1":3640,"2":15,"3":false}
2026-03-15 23:22:24 [debug] : 512 {"0":4558,"1":4046,"2":15,"3":false}
2026-03-15 23:22:24 [debug] : 442.3999938964844 {"0":7,"1":435.3999938964844,"2":15,"3":false}
2026-03-15 23:22:24 [debug] : 442.3999938964844 {"0":144,"1":298.3999938964844,"2":15,"3":false}
2026-03-15 23:22:24 [debug] : 442.3999938964844 {"0":174,"1":268.3999938964844,"2":15,"3":false}
2026-03-15 23:22:24 [debug] : 442.3999938964844 {"0":298,"1":144.39999389648438,"2":15,"3":false}
2026-03-15 23:22:24 [debug] : 442.3999938964844 {"0":656,"1":213.60000610351562,"2":15,"3":false}
2026-03-15 23:22:24 [debug] : 442.3999938964844 {"0":686,"1":243.60000610351562,"2":15,"3":false}
2026-03-15 23:22:24 [debug] : 442.3999938964844 {"0":810,"1":367.6000061035156,"2":15,"3":false}
2026-03-15 23:22:24 [debug] : 442.3999938964844 {"0":912,"1":469.6000061035156,"2":15,"3":false}
2026-03-15 23:22:24 [debug] : 442.3999938964844 {"0":1498,"1":1055.6000061035156,"2":15,"3":false}
2026-03-15 23:22:24 [debug] : 442.3999938964844 {"0":1704,"1":1261.6000061035156,"2":15,"3":false}
2026-03-15 23:22:24 [debug] : 442.3999938964844 {"0":1734,"1":1291.6000061035156,"2":15,"3":false}
2026-03-15 23:22:24 [debug] : 442.3999938964844 {"0":1990,"1":1547.6000061035156,"2":15,"3":false}
2026-03-15 23:22:24 [debug] : 442.3999938964844 {"0":2627,"1":2184.6000061035156,"2":15,"3":false}
2026-03-15 23:22:24 [debug] : 442.3999938964844 {"0":2657,"1":2214.6000061035156,"2":15,"3":false}
2026-03-15 23:22:24 [debug] : 442.3999938964844 {"0":3036,"1":2593.6000061035156,"2":15,"3":false}
2026-03-15 23:22:24 [debug] : 442.3999938964844 {"0":3695,"1":3252.6000061035156,"2":15,"3":false}
2026-03-15 23:22:24 [debug] : 442.3999938964844 {"0":3725,"1":3282.6000061035156,"2":15,"3":false}
2026-03-15 23:22:24 [debug] : 442.3999938964844 {"0":3765,"1":3322.6000061035156,"2":15,"3":false}
2026-03-15 23:22:24 [debug] : 442.3999938964844 {"0":4152,"1":3709.6000061035156,"2":15,"3":false}
2026-03-15 23:22:24 [debug] : 442.3999938964844 {"0":4558,"1":4115.600006103516,"2":15,"3":false}
2026-03-15 23:22:24 [debug] : 348 {"0":7,"1":341,"2":15,"3":false}
2026-03-15 23:22:24 [debug] : 348 {"0":144,"1":204,"2":15,"3":false}
2026-03-15 23:22:24 [debug] : 348 {"0":174,"1":174,"2":15,"3":false}
2026-03-15 23:22:24 [debug] : 348 {"0":298,"1":50,"2":15,"3":false}
2026-03-15 23:22:24 [debug] : 348 {"0":656,"1":308,"2":15,"3":false}
2026-03-15 23:22:24 [debug] : 348 {"0":686,"1":338,"2":15,"3":false}
2026-03-15 23:22:24 [debug] : 348 {"0":810,"1":462,"2":15,"3":false}
2026-03-15 23:22:24 [debug] : 348 {"0":912,"1":564,"2":15,"3":false}
2026-03-15 23:22:24 [debug] : 348 {"0":1498,"1":1150,"2":15,"3":false}
2026-03-15 23:22:24 [debug] : 348 {"0":1704,"1":1356,"2":15,"3":false}
2026-03-15 23:22:24 [debug] : 348 {"0":1734,"1":1386,"2":15,"3":false}
2026-03-15 23:22:24 [debug] : 348 {"0":1990,"1":1642,"2":15,"3":false}
2026-03-15 23:22:24 [debug] : 348 {"0":2627,"1":2279,"2":15,"3":false}
2026-03-15 23:22:24 [debug] : 348 {"0":2657,"1":2309,"2":15,"3":false}
2026-03-15 23:22:24 [debug] : 348 {"0":3036,"1":2688,"2":15,"3":false}
2026-03-15 23:22:24 [debug] : 348 {"0":3695,"1":3347,"2":15,"3":false}
2026-03-15 23:22:24 [debug] : 348 {"0":3725,"1":3377,"2":15,"3":false}
2026-03-15 23:22:24 [debug] : 348 {"0":3765,"1":3417,"2":15,"3":false}
2026-03-15 23:22:24 [debug] : 348 {"0":4152,"1":3804,"2":15,"3":false}
2026-03-15 23:22:24 [debug] : 348 {"0":4558,"1":4210,"2":15,"3":false}
2026-03-15 23:22:24 [debug] : 253.60000610351562 {"0":7,"1":246.60000610351562,"2":15,"3":false}
2026-03-15 23:22:24 [debug] : 253.60000610351562 {"0":144,"1":109.60000610351562,"2":15,"3":false}
2026-03-15 23:22:24 [debug] : 253.60000610351562 {"0":174,"1":79.60000610351562,"2":15,"3":false}
2026-03-15 23:22:24 [debug] : 253.60000610351562 {"0":298,"1":44.399993896484375,"2":15,"3":false}
2026-03-15 23:22:24 [debug] : 253.60000610351562 {"0":656,"1":402.3999938964844,"2":15,"3":false}
2026-03-15 23:22:24 [debug] : 253.60000610351562 {"0":686,"1":432.3999938964844,"2":15,"3":false}
2026-03-15 23:22:24 [debug] : 253.60000610351562 {"0":810,"1":556.3999938964844,"2":15,"3":false}
2026-03-15 23:22:24 [debug] : 253.60000610351562 {"0":912,"1":658.3999938964844,"2":15,"3":false}
2026-03-15 23:22:24 [debug] : 253.60000610351562 {"0":1498,"1":1244.3999938964844,"2":15,"3":false}
2026-03-15 23:22:24 [debug] : 253.60000610351562 {"0":1704,"1":1450.3999938964844,"2":15,"3":false}
2026-03-15 23:22:24 [debug] : 253.60000610351562 {"0":1734,"1":1480.3999938964844,"2":15,"3":false}
2026-03-15 23:22:24 [debug] : 253.60000610351562 {"0":1990,"1":1736.3999938964844,"2":15,"3":false}
2026-03-15 23:22:24 [debug] : 253.60000610351562 {"0":2627,"1":2373.3999938964844,"2":15,"3":false}
2026-03-15 23:22:24 [debug] : 253.60000610351562 {"0":2657,"1":2403.3999938964844,"2":15,"3":false}
2026-03-15 23:22:24 [debug] : 253.60000610351562 {"0":3036,"1":2782.3999938964844,"2":15,"3":false}
2026-03-15 23:22:24 [debug] : 253.60000610351562 {"0":3695,"1":3441.3999938964844,"2":15,"3":false}
2026-03-15 23:22:24 [debug] : 253.60000610351562 {"0":3725,"1":3471.3999938964844,"2":15,"3":false}
2026-03-15 23:22:24 [debug] : 253.60000610351562 {"0":3765,"1":3511.3999938964844,"2":15,"3":false}
2026-03-15 23:22:24 [debug] : 253.60000610351562 {"0":4152,"1":3898.3999938964844,"2":15,"3":false}
2026-03-15 23:22:24 [debug] : 253.60000610351562 {"0":4558,"1":4304.399993896484,"2":15,"3":false}
2026-03-15 23:22:24 [debug] : 215.1999969482422 {"0":7,"1":208.1999969482422,"2":15,"3":false}
2026-03-15 23:22:24 [debug] : 215.1999969482422 {"0":144,"1":71.19999694824219,"2":15,"3":false}
2026-03-15 23:22:24 [debug] : 215.1999969482422 {"0":174,"1":41.19999694824219,"2":15,"3":false}
2026-03-15 23:22:24 [debug] : 215.1999969482422 {"0":298,"1":82.80000305175781,"2":15,"3":false}
2026-03-15 23:22:24 [debug] : 215.1999969482422 {"0":656,"1":440.8000030517578,"2":15,"3":false}
2026-03-15 23:22:24 [debug] : 215.1999969482422 {"0":686,"1":470.8000030517578,"2":15,"3":false}
2026-03-15 23:22:24 [debug] : 215.1999969482422 {"0":810,"1":594.8000030517578,"2":15,"3":false}
2026-03-15 23:22:24 [debug] : 215.1999969482422 {"0":912,"1":696.8000030517578,"2":15,"3":false}
2026-03-15 23:22:24 [debug] : 215.1999969482422 {"0":1498,"1":1282.8000030517578,"2":15,"3":false}
2026-03-15 23:22:24 [debug] : 215.1999969482422 {"0":1704,"1":1488.8000030517578,"2":15,"3":false}
2026-03-15 23:22:24 [debug] : 215.1999969482422 {"0":1734,"1":1518.8000030517578,"2":15,"3":false}
2026-03-15 23:22:24 [debug] : 215.1999969482422 {"0":1990,"1":1774.8000030517578,"2":15,"3":false}
2026-03-15 23:22:24 [debug] : 215.1999969482422 {"0":2627,"1":2411.800003051758,"2":15,"3":false}
2026-03-15 23:22:24 [debug] : 215.1999969482422 {"0":2657,"1":2441.800003051758,"2":15,"3":false}
2026-03-15 23:22:24 [debug] : 215.1999969482422 {"0":3036,"1":2820.800003051758,"2":15,"3":false}
2026-03-15 23:22:24 [debug] : 215.1999969482422 {"0":3695,"1":3479.800003051758,"2":15,"3":false}
2026-03-15 23:22:24 [debug] : 215.1999969482422 {"0":3725,"1":3509.800003051758,"2":15,"3":false}
2026-03-15 23:22:24 [debug] : 215.1999969482422 {"0":3765,"1":3549.800003051758,"2":15,"3":false}
2026-03-15 23:22:24 [debug] : 215.1999969482422 {"0":4152,"1":3936.800003051758,"2":15,"3":false}
2026-03-15 23:22:24 [debug] : 215.1999969482422 {"0":4558,"1":4342.800003051758,"2":15,"3":false}
2026-03-15 23:22:24 [debug] : 169.60000610351562 {"0":7,"1":162.60000610351562,"2":15,"3":false}
2026-03-15 23:22:24 [debug] : 169.60000610351562 {"0":144,"1":25.600006103515625,"2":15,"3":false}
2026-03-15 23:22:24 [debug] : 169.60000610351562 {"0":174,"1":4.399993896484375,"2":15,"3":true}
2026-03-15 23:22:24 [debug] : SELECTED {"0":"hls-report-section-timing-estimate::urn:analysis-report/top-517628394/synthesis-1219712035"}
2026-03-15 23:22:24 [debug] : 120.80000305175781 {"0":7,"1":113.80000305175781,"2":15,"3":false}
2026-03-15 23:22:24 [debug] : 120.80000305175781 {"0":144,"1":23.199996948242188,"2":15,"3":false}
2026-03-15 23:22:24 [debug] : 120.80000305175781 {"0":174,"1":53.19999694824219,"2":15,"3":false}
2026-03-15 23:22:24 [debug] : 120.80000305175781 {"0":298,"1":177.1999969482422,"2":15,"3":false}
2026-03-15 23:22:24 [debug] : 120.80000305175781 {"0":656,"1":535.1999969482422,"2":15,"3":false}
2026-03-15 23:22:24 [debug] : 120.80000305175781 {"0":686,"1":565.1999969482422,"2":15,"3":false}
2026-03-15 23:22:24 [debug] : 120.80000305175781 {"0":810,"1":689.1999969482422,"2":15,"3":false}
2026-03-15 23:22:24 [debug] : 120.80000305175781 {"0":912,"1":791.1999969482422,"2":15,"3":false}
2026-03-15 23:22:24 [debug] : 120.80000305175781 {"0":1498,"1":1377.1999969482422,"2":15,"3":false}
2026-03-15 23:22:24 [debug] : 120.80000305175781 {"0":1704,"1":1583.1999969482422,"2":15,"3":false}
2026-03-15 23:22:24 [debug] : 120.80000305175781 {"0":1734,"1":1613.1999969482422,"2":15,"3":false}
2026-03-15 23:22:24 [debug] : 120.80000305175781 {"0":1990,"1":1869.1999969482422,"2":15,"3":false}
2026-03-15 23:22:24 [debug] : 120.80000305175781 {"0":2627,"1":2506.199996948242,"2":15,"3":false}
2026-03-15 23:22:24 [debug] : 120.80000305175781 {"0":2657,"1":2536.199996948242,"2":15,"3":false}
2026-03-15 23:22:24 [debug] : 120.80000305175781 {"0":3036,"1":2915.199996948242,"2":15,"3":false}
2026-03-15 23:22:24 [debug] : 120.80000305175781 {"0":3695,"1":3574.199996948242,"2":15,"3":false}
2026-03-15 23:22:24 [debug] : 120.80000305175781 {"0":3725,"1":3604.199996948242,"2":15,"3":false}
2026-03-15 23:22:24 [debug] : 120.80000305175781 {"0":3765,"1":3644.199996948242,"2":15,"3":false}
2026-03-15 23:22:24 [debug] : 120.80000305175781 {"0":4152,"1":4031.199996948242,"2":15,"3":false}
2026-03-15 23:22:24 [debug] : 120.80000305175781 {"0":4558,"1":4437.199996948242,"2":15,"3":false}
2026-03-15 23:22:24 [debug] : 92.80000305175781 {"0":7,"1":85.80000305175781,"2":15,"3":false}
2026-03-15 23:22:24 [debug] : 92.80000305175781 {"0":144,"1":51.19999694824219,"2":15,"3":false}
2026-03-15 23:22:24 [debug] : 92.80000305175781 {"0":174,"1":81.19999694824219,"2":15,"3":false}
2026-03-15 23:22:24 [debug] : 92.80000305175781 {"0":298,"1":205.1999969482422,"2":15,"3":false}
2026-03-15 23:22:24 [debug] : 92.80000305175781 {"0":656,"1":563.1999969482422,"2":15,"3":false}
2026-03-15 23:22:24 [debug] : 92.80000305175781 {"0":686,"1":593.1999969482422,"2":15,"3":false}
2026-03-15 23:22:24 [debug] : 92.80000305175781 {"0":810,"1":717.1999969482422,"2":15,"3":false}
2026-03-15 23:22:24 [debug] : 92.80000305175781 {"0":912,"1":819.1999969482422,"2":15,"3":false}
2026-03-15 23:22:24 [debug] : 92.80000305175781 {"0":1498,"1":1405.1999969482422,"2":15,"3":false}
2026-03-15 23:22:24 [debug] : 92.80000305175781 {"0":1704,"1":1611.1999969482422,"2":15,"3":false}
2026-03-15 23:22:24 [debug] : 92.80000305175781 {"0":1734,"1":1641.1999969482422,"2":15,"3":false}
2026-03-15 23:22:24 [debug] : 92.80000305175781 {"0":1990,"1":1897.1999969482422,"2":15,"3":false}
2026-03-15 23:22:24 [debug] : 92.80000305175781 {"0":2627,"1":2534.199996948242,"2":15,"3":false}
2026-03-15 23:22:24 [debug] : 92.80000305175781 {"0":2657,"1":2564.199996948242,"2":15,"3":false}
2026-03-15 23:22:24 [debug] : 92.80000305175781 {"0":3036,"1":2943.199996948242,"2":15,"3":false}
2026-03-15 23:22:24 [debug] : 92.80000305175781 {"0":3695,"1":3602.199996948242,"2":15,"3":false}
2026-03-15 23:22:24 [debug] : 92.80000305175781 {"0":3725,"1":3632.199996948242,"2":15,"3":false}
2026-03-15 23:22:24 [debug] : 92.80000305175781 {"0":3765,"1":3672.199996948242,"2":15,"3":false}
2026-03-15 23:22:24 [debug] : 92.80000305175781 {"0":4152,"1":4059.199996948242,"2":15,"3":false}
2026-03-15 23:22:24 [debug] : 92.80000305175781 {"0":4558,"1":4465.199996948242,"2":15,"3":false}
2026-03-15 23:22:24 [debug] : 78.4000015258789 {"0":7,"1":71.4000015258789,"2":15,"3":false}
2026-03-15 23:22:24 [debug] : 78.4000015258789 {"0":144,"1":65.5999984741211,"2":15,"3":false}
2026-03-15 23:22:24 [debug] : 78.4000015258789 {"0":174,"1":95.5999984741211,"2":15,"3":false}
2026-03-15 23:22:24 [debug] : 78.4000015258789 {"0":298,"1":219.5999984741211,"2":15,"3":false}
2026-03-15 23:22:24 [debug] : 78.4000015258789 {"0":656,"1":577.5999984741211,"2":15,"3":false}
2026-03-15 23:22:24 [debug] : 78.4000015258789 {"0":686,"1":607.5999984741211,"2":15,"3":false}
2026-03-15 23:22:24 [debug] : 78.4000015258789 {"0":810,"1":731.5999984741211,"2":15,"3":false}
2026-03-15 23:22:24 [debug] : 78.4000015258789 {"0":912,"1":833.5999984741211,"2":15,"3":false}
2026-03-15 23:22:24 [debug] : 78.4000015258789 {"0":1498,"1":1419.599998474121,"2":15,"3":false}
2026-03-15 23:22:24 [debug] : 78.4000015258789 {"0":1704,"1":1625.599998474121,"2":15,"3":false}
2026-03-15 23:22:24 [debug] : 78.4000015258789 {"0":1734,"1":1655.599998474121,"2":15,"3":false}
2026-03-15 23:22:24 [debug] : 78.4000015258789 {"0":1990,"1":1911.599998474121,"2":15,"3":false}
2026-03-15 23:22:24 [debug] : 78.4000015258789 {"0":2627,"1":2548.599998474121,"2":15,"3":false}
2026-03-15 23:22:24 [debug] : 78.4000015258789 {"0":2657,"1":2578.599998474121,"2":15,"3":false}
2026-03-15 23:22:24 [debug] : 78.4000015258789 {"0":3036,"1":2957.599998474121,"2":15,"3":false}
2026-03-15 23:22:24 [debug] : 78.4000015258789 {"0":3695,"1":3616.599998474121,"2":15,"3":false}
2026-03-15 23:22:24 [debug] : 78.4000015258789 {"0":3725,"1":3646.599998474121,"2":15,"3":false}
2026-03-15 23:22:24 [debug] : 78.4000015258789 {"0":3765,"1":3686.599998474121,"2":15,"3":false}
2026-03-15 23:22:24 [debug] : 78.4000015258789 {"0":4152,"1":4073.599998474121,"2":15,"3":false}
2026-03-15 23:22:24 [debug] : 78.4000015258789 {"0":4558,"1":4479.599998474121,"2":15,"3":false}
2026-03-15 23:22:24 [debug] : 63.20000076293945 {"0":7,"1":56.20000076293945,"2":15,"3":false}
2026-03-15 23:22:24 [debug] : 63.20000076293945 {"0":144,"1":80.79999923706055,"2":15,"3":false}
2026-03-15 23:22:24 [debug] : 63.20000076293945 {"0":174,"1":110.79999923706055,"2":15,"3":false}
2026-03-15 23:22:24 [debug] : 63.20000076293945 {"0":298,"1":234.79999923706055,"2":15,"3":false}
2026-03-15 23:22:24 [debug] : 63.20000076293945 {"0":656,"1":592.7999992370605,"2":15,"3":false}
2026-03-15 23:22:24 [debug] : 63.20000076293945 {"0":686,"1":622.7999992370605,"2":15,"3":false}
2026-03-15 23:22:24 [debug] : 63.20000076293945 {"0":810,"1":746.7999992370605,"2":15,"3":false}
2026-03-15 23:22:24 [debug] : 63.20000076293945 {"0":912,"1":848.7999992370605,"2":15,"3":false}
2026-03-15 23:22:24 [debug] : 63.20000076293945 {"0":1498,"1":1434.7999992370605,"2":15,"3":false}
2026-03-15 23:22:24 [debug] : 63.20000076293945 {"0":1704,"1":1640.7999992370605,"2":15,"3":false}
2026-03-15 23:22:24 [debug] : 63.20000076293945 {"0":1734,"1":1670.7999992370605,"2":15,"3":false}
2026-03-15 23:22:24 [debug] : 63.20000076293945 {"0":1990,"1":1926.7999992370605,"2":15,"3":false}
2026-03-15 23:22:24 [debug] : 63.20000076293945 {"0":2627,"1":2563.7999992370605,"2":15,"3":false}
2026-03-15 23:22:24 [debug] : 63.20000076293945 {"0":2657,"1":2593.7999992370605,"2":15,"3":false}
2026-03-15 23:22:24 [debug] : 63.20000076293945 {"0":3036,"1":2972.7999992370605,"2":15,"3":false}
2026-03-15 23:22:24 [debug] : 63.20000076293945 {"0":3695,"1":3631.7999992370605,"2":15,"3":false}
2026-03-15 23:22:24 [debug] : 63.20000076293945 {"0":3725,"1":3661.7999992370605,"2":15,"3":false}
2026-03-15 23:22:24 [debug] : 63.20000076293945 {"0":3765,"1":3701.7999992370605,"2":15,"3":false}
2026-03-15 23:22:24 [debug] : 63.20000076293945 {"0":4152,"1":4088.7999992370605,"2":15,"3":false}
2026-03-15 23:22:24 [debug] : 63.20000076293945 {"0":4558,"1":4494.799999237061,"2":15,"3":false}
2026-03-15 23:22:24 [debug] : 53.599998474121094 {"0":7,"1":46.599998474121094,"2":15,"3":false}
2026-03-15 23:22:24 [debug] : 53.599998474121094 {"0":144,"1":90.4000015258789,"2":15,"3":false}
2026-03-15 23:22:24 [debug] : 53.599998474121094 {"0":174,"1":120.4000015258789,"2":15,"3":false}
2026-03-15 23:22:24 [debug] : 53.599998474121094 {"0":298,"1":244.4000015258789,"2":15,"3":false}
2026-03-15 23:22:24 [debug] : 53.599998474121094 {"0":656,"1":602.4000015258789,"2":15,"3":false}
2026-03-15 23:22:24 [debug] : 53.599998474121094 {"0":686,"1":632.4000015258789,"2":15,"3":false}
2026-03-15 23:22:24 [debug] : 53.599998474121094 {"0":810,"1":756.4000015258789,"2":15,"3":false}
2026-03-15 23:22:24 [debug] : 53.599998474121094 {"0":912,"1":858.4000015258789,"2":15,"3":false}
2026-03-15 23:22:24 [debug] : 53.599998474121094 {"0":1498,"1":1444.400001525879,"2":15,"3":false}
2026-03-15 23:22:24 [debug] : 53.599998474121094 {"0":1704,"1":1650.400001525879,"2":15,"3":false}
2026-03-15 23:22:24 [debug] : 53.599998474121094 {"0":1734,"1":1680.400001525879,"2":15,"3":false}
2026-03-15 23:22:24 [debug] : 53.599998474121094 {"0":1990,"1":1936.400001525879,"2":15,"3":false}
2026-03-15 23:22:24 [debug] : 53.599998474121094 {"0":2627,"1":2573.400001525879,"2":15,"3":false}
2026-03-15 23:22:24 [debug] : 53.599998474121094 {"0":2657,"1":2603.400001525879,"2":15,"3":false}
2026-03-15 23:22:24 [debug] : 53.599998474121094 {"0":3036,"1":2982.400001525879,"2":15,"3":false}
2026-03-15 23:22:24 [debug] : 53.599998474121094 {"0":3695,"1":3641.400001525879,"2":15,"3":false}
2026-03-15 23:22:24 [debug] : 53.599998474121094 {"0":3725,"1":3671.400001525879,"2":15,"3":false}
2026-03-15 23:22:24 [debug] : 53.599998474121094 {"0":3765,"1":3711.400001525879,"2":15,"3":false}
2026-03-15 23:22:24 [debug] : 53.599998474121094 {"0":4152,"1":4098.400001525879,"2":15,"3":false}
2026-03-15 23:22:24 [debug] : 53.599998474121094 {"0":4558,"1":4504.400001525879,"2":15,"3":false}
2026-03-15 23:22:24 [debug] : 45.599998474121094 {"0":7,"1":38.599998474121094,"2":15,"3":false}
2026-03-15 23:22:24 [debug] : 45.599998474121094 {"0":144,"1":98.4000015258789,"2":15,"3":false}
2026-03-15 23:22:24 [debug] : 45.599998474121094 {"0":174,"1":128.4000015258789,"2":15,"3":false}
2026-03-15 23:22:24 [debug] : 45.599998474121094 {"0":298,"1":252.4000015258789,"2":15,"3":false}
2026-03-15 23:22:24 [debug] : 45.599998474121094 {"0":656,"1":610.4000015258789,"2":15,"3":false}
2026-03-15 23:22:24 [debug] : 45.599998474121094 {"0":686,"1":640.4000015258789,"2":15,"3":false}
2026-03-15 23:22:24 [debug] : 45.599998474121094 {"0":810,"1":764.4000015258789,"2":15,"3":false}
2026-03-15 23:22:24 [debug] : 45.599998474121094 {"0":912,"1":866.4000015258789,"2":15,"3":false}
2026-03-15 23:22:24 [debug] : 45.599998474121094 {"0":1498,"1":1452.400001525879,"2":15,"3":false}
2026-03-15 23:22:24 [debug] : 45.599998474121094 {"0":1704,"1":1658.400001525879,"2":15,"3":false}
2026-03-15 23:22:24 [debug] : 45.599998474121094 {"0":1734,"1":1688.400001525879,"2":15,"3":false}
2026-03-15 23:22:24 [debug] : 45.599998474121094 {"0":1990,"1":1944.400001525879,"2":15,"3":false}
2026-03-15 23:22:24 [debug] : 45.599998474121094 {"0":2627,"1":2581.400001525879,"2":15,"3":false}
2026-03-15 23:22:24 [debug] : 45.599998474121094 {"0":2657,"1":2611.400001525879,"2":15,"3":false}
2026-03-15 23:22:24 [debug] : 45.599998474121094 {"0":3036,"1":2990.400001525879,"2":15,"3":false}
2026-03-15 23:22:24 [debug] : 45.599998474121094 {"0":3695,"1":3649.400001525879,"2":15,"3":false}
2026-03-15 23:22:24 [debug] : 45.599998474121094 {"0":3725,"1":3679.400001525879,"2":15,"3":false}
2026-03-15 23:22:24 [debug] : 45.599998474121094 {"0":3765,"1":3719.400001525879,"2":15,"3":false}
2026-03-15 23:22:24 [debug] : 45.599998474121094 {"0":4152,"1":4106.400001525879,"2":15,"3":false}
2026-03-15 23:22:24 [debug] : 45.599998474121094 {"0":4558,"1":4512.400001525879,"2":15,"3":false}
2026-03-15 23:22:24 [debug] : 35.20000076293945 {"0":7,"1":28.200000762939453,"2":15,"3":false}
2026-03-15 23:22:24 [debug] : 35.20000076293945 {"0":144,"1":108.79999923706055,"2":15,"3":false}
2026-03-15 23:22:24 [debug] : 35.20000076293945 {"0":174,"1":138.79999923706055,"2":15,"3":false}
2026-03-15 23:22:24 [debug] : 35.20000076293945 {"0":298,"1":262.79999923706055,"2":15,"3":false}
2026-03-15 23:22:24 [debug] : 35.20000076293945 {"0":656,"1":620.7999992370605,"2":15,"3":false}
2026-03-15 23:22:24 [debug] : 35.20000076293945 {"0":686,"1":650.7999992370605,"2":15,"3":false}
2026-03-15 23:22:24 [debug] : 35.20000076293945 {"0":810,"1":774.7999992370605,"2":15,"3":false}
2026-03-15 23:22:24 [debug] : 35.20000076293945 {"0":912,"1":876.7999992370605,"2":15,"3":false}
2026-03-15 23:22:24 [debug] : 35.20000076293945 {"0":1498,"1":1462.7999992370605,"2":15,"3":false}
2026-03-15 23:22:24 [debug] : 35.20000076293945 {"0":1704,"1":1668.7999992370605,"2":15,"3":false}
2026-03-15 23:22:24 [debug] : 35.20000076293945 {"0":1734,"1":1698.7999992370605,"2":15,"3":false}
2026-03-15 23:22:24 [debug] : 35.20000076293945 {"0":1990,"1":1954.7999992370605,"2":15,"3":false}
2026-03-15 23:22:24 [debug] : 35.20000076293945 {"0":2627,"1":2591.7999992370605,"2":15,"3":false}
2026-03-15 23:22:24 [debug] : 35.20000076293945 {"0":2657,"1":2621.7999992370605,"2":15,"3":false}
2026-03-15 23:22:24 [debug] : 35.20000076293945 {"0":3036,"1":3000.7999992370605,"2":15,"3":false}
2026-03-15 23:22:24 [debug] : 35.20000076293945 {"0":3695,"1":3659.7999992370605,"2":15,"3":false}
2026-03-15 23:22:24 [debug] : 35.20000076293945 {"0":3725,"1":3689.7999992370605,"2":15,"3":false}
2026-03-15 23:22:24 [debug] : 35.20000076293945 {"0":3765,"1":3729.7999992370605,"2":15,"3":false}
2026-03-15 23:22:24 [debug] : 35.20000076293945 {"0":4152,"1":4116.799999237061,"2":15,"3":false}
2026-03-15 23:22:24 [debug] : 35.20000076293945 {"0":4558,"1":4522.799999237061,"2":15,"3":false}
2026-03-15 23:22:25 [debug] : 16.799999237060547 {"0":7,"1":9.799999237060547,"2":15,"3":true}
2026-03-15 23:22:25 [debug] : SELECTED {"0":"hls-report-section-general-information::urn:analysis-report/top-517628394/synthesis-1219712035"}
2026-03-15 23:22:25 [debug] : 8 {"0":7,"1":1,"2":15,"3":true}
2026-03-15 23:22:25 [debug] : SELECTED {"0":"hls-report-section-general-information::urn:analysis-report/top-517628394/synthesis-1219712035"}
2026-03-15 23:22:25 [debug] : 0.800000011920929 {"0":7,"1":6.199999988079071,"2":15,"3":true}
2026-03-15 23:22:25 [debug] : SELECTED {"0":"hls-report-section-general-information::urn:analysis-report/top-517628394/synthesis-1219712035"}
2026-03-15 23:22:25 [debug] : SELECTED {"0":"hls-report-section-general-information::urn:analysis-report/top-517628394/synthesis-1219712035"}
2026-03-15 23:25:56 [debug] : [Hls Flow Server] Executing method:runOperation with connection:(object). {"0":"request:","1":{"componentLocation":"/home/abdullah/Desktop/CNN-on-FPGA/hls_component","operationType":0}}
2026-03-15 23:25:56 [debug] : Received event from notification service: ON_DID_LAUNCH_START. 
2026-03-15 23:26:02 [debug] : Received event from notification service: ON_DID_UPDATE_SUMMARY. 
2026-03-15 23:26:02 [debug] : Event posted using notification server in backend. {"0":{"wrappers_":{},"arrayIndexOffset_":-1,"array":["d17a3d50-2f29-4098-bb2a-79f6af11713d",null,53,null,null,null,null,"list-reports"],"pivot_":1.7976931348623157e+308,"convertedPrimitiveFields_":{}}}
2026-03-15 23:26:02 [debug] : Received event from notification service: ON_START_ANALYSIS_PROGRESS. 
2026-03-15 23:26:02 [debug] : Event posted using notification server in backend. {"0":{"wrappers_":{},"arrayIndexOffset_":-1,"array":["6df1501f-9790-48f7-919f-2bd9a01500d3",null,54,null,null,null,null,"list-reports"],"pivot_":1.7976931348623157e+308,"convertedPrimitiveFields_":{}}}
2026-03-15 23:26:02 [debug] : Received event from notification service: ON_STOP_ANALYSIS_PROGRESS. 
2026-03-15 23:26:10 [debug] : Received event from notification service: ON_DID_UPDATE_SUMMARY. 
2026-03-15 23:26:10 [debug] : Event posted using notification server in backend. {"0":{"wrappers_":{},"arrayIndexOffset_":-1,"array":["f50345c3-80e1-4137-8f77-945aeafdc38a",null,53,null,null,null,null,"list-reports"],"pivot_":1.7976931348623157e+308,"convertedPrimitiveFields_":{}}}
2026-03-15 23:26:10 [debug] : Received event from notification service: ON_START_ANALYSIS_PROGRESS. 
2026-03-15 23:26:10 [debug] : [Hls Flow Server] Executing method:cancelOperation with connection:(object). {"0":"request:","1":{"componentLocation":"/home/abdullah/Desktop/CNN-on-FPGA/hls_component","operationType":0}}
2026-03-15 23:26:10 [debug] : Received event from notification service: ON_DID_LAUNCH_STOP. 
2026-03-15 23:26:10 [debug] : Event posted using notification server in backend. {"0":{"wrappers_":{},"arrayIndexOffset_":-1,"array":["d62bce6a-e1b3-4d15-8d87-944a2d4fcf49",null,54,null,null,null,null,"list-reports"],"pivot_":1.7976931348623157e+308,"convertedPrimitiveFields_":{}}}
2026-03-15 23:26:10 [debug] : Received event from notification service: ON_STOP_ANALYSIS_PROGRESS. 
2026-03-15 23:26:14 [debug] : hls.flow_target {"0":[{"value":"vivado","description":"Vivado IP Flow Target"},{"value":"vitis","description":"Vitis Kernel Flow Target"}],"1":"vivado","2":"vivado","3":"vivado"}
2026-03-15 23:26:16 [debug] : [Hls Flow Server] Executing method:runOperation with connection:(object). {"0":"request:","1":{"componentLocation":"/home/abdullah/Desktop/CNN-on-FPGA/hls_component","operationType":1}}
2026-03-15 23:26:16 [debug] : Received event from notification service: ON_DID_LAUNCH_START. 
2026-03-15 23:26:21 [debug] : Received event from notification service: ON_DID_UPDATE_SUMMARY. 
2026-03-15 23:26:21 [debug] : Event posted using notification server in backend. {"0":{"wrappers_":{},"arrayIndexOffset_":-1,"array":["36e66675-0223-4367-b203-5a8e4c23b507",null,53,null,null,null,null,"list-reports"],"pivot_":1.7976931348623157e+308,"convertedPrimitiveFields_":{}}}
2026-03-15 23:26:21 [debug] : Received event from notification service: ON_START_ANALYSIS_PROGRESS. 
2026-03-15 23:26:21 [debug] : Event posted using notification server in backend. {"0":{"wrappers_":{},"arrayIndexOffset_":-1,"array":["5bd28ef2-4a3c-4d52-a53c-1a8259305163",null,54,null,null,null,null,"list-reports"],"pivot_":1.7976931348623157e+308,"convertedPrimitiveFields_":{}}}
2026-03-15 23:26:21 [debug] : Received event from notification service: ON_STOP_ANALYSIS_PROGRESS. 
2026-03-15 23:26:56 [debug] : [Hls Flow Server] Executing method:cancelOperation with connection:(object). {"0":"request:","1":{"componentLocation":"/home/abdullah/Desktop/CNN-on-FPGA/hls_component","operationType":1}}
2026-03-15 23:26:56 [debug] : Received event from notification service: ON_DID_LAUNCH_STOP. 
2026-03-15 23:26:56 [debug] : Received event from notification service: ON_DID_UPDATE_SUMMARY. 
2026-03-15 23:26:56 [debug] : Event posted using notification server in backend. {"0":{"wrappers_":{},"arrayIndexOffset_":-1,"array":["ab80d135-c195-481b-8fbc-403f75d19efa",null,53,null,null,null,null,"list-reports"],"pivot_":1.7976931348623157e+308,"convertedPrimitiveFields_":{}}}
2026-03-15 23:26:56 [debug] : Received event from notification service: ON_START_ANALYSIS_PROGRESS. 
2026-03-15 23:26:56 [debug] : Event posted using notification server in backend. {"0":{"wrappers_":{},"arrayIndexOffset_":-1,"array":["38361b8d-a25e-4b5e-89a1-d63d2d130d60",null,54,null,null,null,null,"list-reports"],"pivot_":1.7976931348623157e+308,"convertedPrimitiveFields_":{}}}
2026-03-15 23:26:56 [debug] : Received event from notification service: ON_STOP_ANALYSIS_PROGRESS. 
2026-03-15 23:27:16 [debug] : Failed to open this link because its target is missing. 
2026-03-15 23:27:17 [debug] : 0.800000011920929 {"0":7,"1":6.199999988079071,"2":15,"3":true}
2026-03-15 23:27:17 [debug] : SELECTED {"0":"hls-report-section-general-information::urn:analysis-report/top-517628394/synthesis-1219712035"}
2026-03-15 23:27:17 [debug] : 16 {"0":7,"1":9,"2":15,"3":true}
2026-03-15 23:27:17 [debug] : SELECTED {"0":"hls-report-section-general-information::urn:analysis-report/top-517628394/synthesis-1219712035"}
2026-03-15 23:27:17 [debug] : 96.80000305175781 {"0":7,"1":89.80000305175781,"2":15,"3":false}
2026-03-15 23:27:17 [debug] : 96.80000305175781 {"0":144,"1":47.19999694824219,"2":15,"3":false}
2026-03-15 23:27:17 [debug] : 96.80000305175781 {"0":174,"1":77.19999694824219,"2":15,"3":false}
2026-03-15 23:27:17 [debug] : 96.80000305175781 {"0":298,"1":201.1999969482422,"2":15,"3":false}
2026-03-15 23:27:17 [debug] : 96.80000305175781 {"0":656,"1":559.1999969482422,"2":15,"3":false}
2026-03-15 23:27:17 [debug] : 96.80000305175781 {"0":686,"1":589.1999969482422,"2":15,"3":false}
2026-03-15 23:27:17 [debug] : 96.80000305175781 {"0":810,"1":713.1999969482422,"2":15,"3":false}
2026-03-15 23:27:17 [debug] : 96.80000305175781 {"0":912,"1":815.1999969482422,"2":15,"3":false}
2026-03-15 23:27:17 [debug] : 96.80000305175781 {"0":1252,"1":1155.1999969482422,"2":15,"3":false}
2026-03-15 23:27:17 [debug] : 96.80000305175781 {"0":1457,"1":1360.1999969482422,"2":15,"3":false}
2026-03-15 23:27:17 [debug] : 96.80000305175781 {"0":1487,"1":1390.1999969482422,"2":15,"3":false}
2026-03-15 23:27:17 [debug] : 96.80000305175781 {"0":1620,"1":1523.1999969482422,"2":15,"3":false}
2026-03-15 23:27:17 [debug] : 96.80000305175781 {"0":1888,"1":1791.1999969482422,"2":15,"3":false}
2026-03-15 23:27:17 [debug] : 96.80000305175781 {"0":1918,"1":1821.1999969482422,"2":15,"3":false}
2026-03-15 23:27:17 [debug] : 96.80000305175781 {"0":2051,"1":1954.1999969482422,"2":15,"3":false}
2026-03-15 23:27:17 [debug] : 96.80000305175781 {"0":2278,"1":2181.199996948242,"2":15,"3":false}
2026-03-15 23:27:17 [debug] : 96.80000305175781 {"0":2308,"1":2211.199996948242,"2":15,"3":false}
2026-03-15 23:27:17 [debug] : 96.80000305175781 {"0":2348,"1":2251.199996948242,"2":15,"3":false}
2026-03-15 23:27:17 [debug] : 96.80000305175781 {"0":2736,"1":2639.199996948242,"2":15,"3":false}
2026-03-15 23:27:17 [debug] : 96.80000305175781 {"0":3141,"1":3044.199996948242,"2":15,"3":false}
2026-03-15 23:27:17 [debug] : 184.8000030517578 {"0":7,"1":177.8000030517578,"2":15,"3":false}
2026-03-15 23:27:17 [debug] : 184.8000030517578 {"0":144,"1":40.80000305175781,"2":15,"3":false}
2026-03-15 23:27:17 [debug] : 184.8000030517578 {"0":174,"1":10.800003051757812,"2":15,"3":true}
2026-03-15 23:27:17 [debug] : SELECTED {"0":"hls-report-section-timing-estimate::urn:analysis-report/top-517628394/synthesis-1219712035"}
2026-03-15 23:27:17 [debug] : 242.39999389648438 {"0":7,"1":235.39999389648438,"2":15,"3":false}
2026-03-15 23:27:17 [debug] : 242.39999389648438 {"0":144,"1":98.39999389648438,"2":15,"3":false}
2026-03-15 23:27:17 [debug] : 242.39999389648438 {"0":174,"1":68.39999389648438,"2":15,"3":false}
2026-03-15 23:27:17 [debug] : 242.39999389648438 {"0":298,"1":55.600006103515625,"2":15,"3":false}
2026-03-15 23:27:17 [debug] : 242.39999389648438 {"0":656,"1":413.6000061035156,"2":15,"3":false}
2026-03-15 23:27:17 [debug] : 242.39999389648438 {"0":686,"1":443.6000061035156,"2":15,"3":false}
2026-03-15 23:27:17 [debug] : 242.39999389648438 {"0":810,"1":567.6000061035156,"2":15,"3":false}
2026-03-15 23:27:17 [debug] : 242.39999389648438 {"0":912,"1":669.6000061035156,"2":15,"3":false}
2026-03-15 23:27:17 [debug] : 242.39999389648438 {"0":1252,"1":1009.6000061035156,"2":15,"3":false}
2026-03-15 23:27:17 [debug] : 242.39999389648438 {"0":1457,"1":1214.6000061035156,"2":15,"3":false}
2026-03-15 23:27:17 [debug] : 242.39999389648438 {"0":1487,"1":1244.6000061035156,"2":15,"3":false}
2026-03-15 23:27:17 [debug] : 242.39999389648438 {"0":1620,"1":1377.6000061035156,"2":15,"3":false}
2026-03-15 23:27:17 [debug] : 242.39999389648438 {"0":1888,"1":1645.6000061035156,"2":15,"3":false}
2026-03-15 23:27:17 [debug] : 242.39999389648438 {"0":1918,"1":1675.6000061035156,"2":15,"3":false}
2026-03-15 23:27:17 [debug] : 242.39999389648438 {"0":2051,"1":1808.6000061035156,"2":15,"3":false}
2026-03-15 23:27:17 [debug] : 242.39999389648438 {"0":2278,"1":2035.6000061035156,"2":15,"3":false}
2026-03-15 23:27:17 [debug] : 242.39999389648438 {"0":2308,"1":2065.6000061035156,"2":15,"3":false}
2026-03-15 23:27:17 [debug] : 242.39999389648438 {"0":2348,"1":2105.6000061035156,"2":15,"3":false}
2026-03-15 23:27:17 [debug] : 242.39999389648438 {"0":2736,"1":2493.6000061035156,"2":15,"3":false}
2026-03-15 23:27:17 [debug] : 242.39999389648438 {"0":3141,"1":2898.6000061035156,"2":15,"3":false}
2026-03-15 23:27:17 [debug] : 300.79998779296875 {"0":7,"1":293.79998779296875,"2":15,"3":false}
2026-03-15 23:27:17 [debug] : 300.79998779296875 {"0":144,"1":156.79998779296875,"2":15,"3":false}
2026-03-15 23:27:17 [debug] : 300.79998779296875 {"0":174,"1":126.79998779296875,"2":15,"3":false}
2026-03-15 23:27:17 [debug] : 300.79998779296875 {"0":298,"1":2.79998779296875,"2":15,"3":true}
2026-03-15 23:27:17 [debug] : SELECTED {"0":"hls-report-section-performance-&-resource-estimates::urn:analysis-report/top-517628394/synthesis-1219712035"}
2026-03-15 23:27:17 [debug] : 317.6000061035156 {"0":7,"1":310.6000061035156,"2":15,"3":false}
2026-03-15 23:27:17 [debug] : 317.6000061035156 {"0":144,"1":173.60000610351562,"2":15,"3":false}
2026-03-15 23:27:17 [debug] : 317.6000061035156 {"0":174,"1":143.60000610351562,"2":15,"3":false}
2026-03-15 23:27:17 [debug] : 317.6000061035156 {"0":298,"1":19.600006103515625,"2":15,"3":false}
2026-03-15 23:27:17 [debug] : 317.6000061035156 {"0":656,"1":338.3999938964844,"2":15,"3":false}
2026-03-15 23:27:17 [debug] : 317.6000061035156 {"0":686,"1":368.3999938964844,"2":15,"3":false}
2026-03-15 23:27:17 [debug] : 317.6000061035156 {"0":810,"1":492.3999938964844,"2":15,"3":false}
2026-03-15 23:27:17 [debug] : 317.6000061035156 {"0":912,"1":594.3999938964844,"2":15,"3":false}
2026-03-15 23:27:17 [debug] : 317.6000061035156 {"0":1252,"1":934.3999938964844,"2":15,"3":false}
2026-03-15 23:27:17 [debug] : 317.6000061035156 {"0":1457,"1":1139.3999938964844,"2":15,"3":false}
2026-03-15 23:27:17 [debug] : 317.6000061035156 {"0":1487,"1":1169.3999938964844,"2":15,"3":false}
2026-03-15 23:27:17 [debug] : 317.6000061035156 {"0":1620,"1":1302.3999938964844,"2":15,"3":false}
2026-03-15 23:27:17 [debug] : 317.6000061035156 {"0":1888,"1":1570.3999938964844,"2":15,"3":false}
2026-03-15 23:27:17 [debug] : 317.6000061035156 {"0":1918,"1":1600.3999938964844,"2":15,"3":false}
2026-03-15 23:27:17 [debug] : 317.6000061035156 {"0":2051,"1":1733.3999938964844,"2":15,"3":false}
2026-03-15 23:27:17 [debug] : 317.6000061035156 {"0":2278,"1":1960.3999938964844,"2":15,"3":false}
2026-03-15 23:27:17 [debug] : 317.6000061035156 {"0":2308,"1":1990.3999938964844,"2":15,"3":false}
2026-03-15 23:27:17 [debug] : 317.6000061035156 {"0":2348,"1":2030.3999938964844,"2":15,"3":false}
2026-03-15 23:27:17 [debug] : 317.6000061035156 {"0":2736,"1":2418.3999938964844,"2":15,"3":false}
2026-03-15 23:27:17 [debug] : 317.6000061035156 {"0":3141,"1":2823.3999938964844,"2":15,"3":false}
2026-03-15 23:27:17 [debug] : 318.3999938964844 {"0":7,"1":311.3999938964844,"2":15,"3":false}
2026-03-15 23:27:17 [debug] : 318.3999938964844 {"0":144,"1":174.39999389648438,"2":15,"3":false}
2026-03-15 23:27:17 [debug] : 318.3999938964844 {"0":174,"1":144.39999389648438,"2":15,"3":false}
2026-03-15 23:27:17 [debug] : 318.3999938964844 {"0":298,"1":20.399993896484375,"2":15,"3":false}
2026-03-15 23:27:17 [debug] : 318.3999938964844 {"0":656,"1":337.6000061035156,"2":15,"3":false}
2026-03-15 23:27:17 [debug] : 318.3999938964844 {"0":686,"1":367.6000061035156,"2":15,"3":false}
2026-03-15 23:27:17 [debug] : 318.3999938964844 {"0":810,"1":491.6000061035156,"2":15,"3":false}
2026-03-15 23:27:17 [debug] : 318.3999938964844 {"0":912,"1":593.6000061035156,"2":15,"3":false}
2026-03-15 23:27:17 [debug] : 318.3999938964844 {"0":1252,"1":933.6000061035156,"2":15,"3":false}
2026-03-15 23:27:17 [debug] : 318.3999938964844 {"0":1457,"1":1138.6000061035156,"2":15,"3":false}
2026-03-15 23:27:17 [debug] : 318.3999938964844 {"0":1487,"1":1168.6000061035156,"2":15,"3":false}
2026-03-15 23:27:17 [debug] : 318.3999938964844 {"0":1620,"1":1301.6000061035156,"2":15,"3":false}
2026-03-15 23:27:17 [debug] : 318.3999938964844 {"0":1888,"1":1569.6000061035156,"2":15,"3":false}
2026-03-15 23:27:17 [debug] : 318.3999938964844 {"0":1918,"1":1599.6000061035156,"2":15,"3":false}
2026-03-15 23:27:17 [debug] : 318.3999938964844 {"0":2051,"1":1732.6000061035156,"2":15,"3":false}
2026-03-15 23:27:17 [debug] : 318.3999938964844 {"0":2278,"1":1959.6000061035156,"2":15,"3":false}
2026-03-15 23:27:17 [debug] : 318.3999938964844 {"0":2308,"1":1989.6000061035156,"2":15,"3":false}
2026-03-15 23:27:17 [debug] : 318.3999938964844 {"0":2348,"1":2029.6000061035156,"2":15,"3":false}
2026-03-15 23:27:17 [debug] : 318.3999938964844 {"0":2736,"1":2417.6000061035156,"2":15,"3":false}
2026-03-15 23:27:17 [debug] : 318.3999938964844 {"0":3141,"1":2822.6000061035156,"2":15,"3":false}
2026-03-15 23:27:17 [debug] : 319.20001220703125 {"0":7,"1":312.20001220703125,"2":15,"3":false}
2026-03-15 23:27:17 [debug] : 319.20001220703125 {"0":144,"1":175.20001220703125,"2":15,"3":false}
2026-03-15 23:27:17 [debug] : 319.20001220703125 {"0":174,"1":145.20001220703125,"2":15,"3":false}
2026-03-15 23:27:17 [debug] : 319.20001220703125 {"0":298,"1":21.20001220703125,"2":15,"3":false}
2026-03-15 23:27:17 [debug] : 319.20001220703125 {"0":656,"1":336.79998779296875,"2":15,"3":false}
2026-03-15 23:27:17 [debug] : 319.20001220703125 {"0":686,"1":366.79998779296875,"2":15,"3":false}
2026-03-15 23:27:17 [debug] : 319.20001220703125 {"0":810,"1":490.79998779296875,"2":15,"3":false}
2026-03-15 23:27:17 [debug] : 319.20001220703125 {"0":912,"1":592.7999877929688,"2":15,"3":false}
2026-03-15 23:27:17 [debug] : 319.20001220703125 {"0":1252,"1":932.7999877929688,"2":15,"3":false}
2026-03-15 23:27:17 [debug] : 319.20001220703125 {"0":1457,"1":1137.7999877929688,"2":15,"3":false}
2026-03-15 23:27:17 [debug] : 319.20001220703125 {"0":1487,"1":1167.7999877929688,"2":15,"3":false}
2026-03-15 23:27:17 [debug] : 319.20001220703125 {"0":1620,"1":1300.7999877929688,"2":15,"3":false}
2026-03-15 23:27:17 [debug] : 319.20001220703125 {"0":1888,"1":1568.7999877929688,"2":15,"3":false}
2026-03-15 23:27:17 [debug] : 319.20001220703125 {"0":1918,"1":1598.7999877929688,"2":15,"3":false}
2026-03-15 23:27:17 [debug] : 319.20001220703125 {"0":2051,"1":1731.7999877929688,"2":15,"3":false}
2026-03-15 23:27:17 [debug] : 319.20001220703125 {"0":2278,"1":1958.7999877929688,"2":15,"3":false}
2026-03-15 23:27:17 [debug] : 319.20001220703125 {"0":2308,"1":1988.7999877929688,"2":15,"3":false}
2026-03-15 23:27:17 [debug] : 319.20001220703125 {"0":2348,"1":2028.7999877929688,"2":15,"3":false}
2026-03-15 23:27:17 [debug] : 319.20001220703125 {"0":2736,"1":2416.7999877929688,"2":15,"3":false}
2026-03-15 23:27:17 [debug] : 319.20001220703125 {"0":3141,"1":2821.7999877929688,"2":15,"3":false}
2026-03-15 23:27:17 [debug] : 321.6000061035156 {"0":7,"1":314.6000061035156,"2":15,"3":false}
2026-03-15 23:27:17 [debug] : 321.6000061035156 {"0":144,"1":177.60000610351562,"2":15,"3":false}
2026-03-15 23:27:17 [debug] : 321.6000061035156 {"0":174,"1":147.60000610351562,"2":15,"3":false}
2026-03-15 23:27:17 [debug] : 321.6000061035156 {"0":298,"1":23.600006103515625,"2":15,"3":false}
2026-03-15 23:27:17 [debug] : 321.6000061035156 {"0":656,"1":334.3999938964844,"2":15,"3":false}
2026-03-15 23:27:17 [debug] : 321.6000061035156 {"0":686,"1":364.3999938964844,"2":15,"3":false}
2026-03-15 23:27:17 [debug] : 321.6000061035156 {"0":810,"1":488.3999938964844,"2":15,"3":false}
2026-03-15 23:27:17 [debug] : 321.6000061035156 {"0":912,"1":590.3999938964844,"2":15,"3":false}
2026-03-15 23:27:17 [debug] : 321.6000061035156 {"0":1252,"1":930.3999938964844,"2":15,"3":false}
2026-03-15 23:27:17 [debug] : 321.6000061035156 {"0":1457,"1":1135.3999938964844,"2":15,"3":false}
2026-03-15 23:27:17 [debug] : 321.6000061035156 {"0":1487,"1":1165.3999938964844,"2":15,"3":false}
2026-03-15 23:27:17 [debug] : 321.6000061035156 {"0":1620,"1":1298.3999938964844,"2":15,"3":false}
2026-03-15 23:27:17 [debug] : 321.6000061035156 {"0":1888,"1":1566.3999938964844,"2":15,"3":false}
2026-03-15 23:27:17 [debug] : 321.6000061035156 {"0":1918,"1":1596.3999938964844,"2":15,"3":false}
2026-03-15 23:27:17 [debug] : 321.6000061035156 {"0":2051,"1":1729.3999938964844,"2":15,"3":false}
2026-03-15 23:27:17 [debug] : 321.6000061035156 {"0":2278,"1":1956.3999938964844,"2":15,"3":false}
2026-03-15 23:27:17 [debug] : 321.6000061035156 {"0":2308,"1":1986.3999938964844,"2":15,"3":false}
2026-03-15 23:27:17 [debug] : 321.6000061035156 {"0":2348,"1":2026.3999938964844,"2":15,"3":false}
2026-03-15 23:27:17 [debug] : 321.6000061035156 {"0":2736,"1":2414.3999938964844,"2":15,"3":false}
2026-03-15 23:27:17 [debug] : 321.6000061035156 {"0":3141,"1":2819.3999938964844,"2":15,"3":false}
2026-03-15 23:27:17 [debug] : 327.20001220703125 {"0":7,"1":320.20001220703125,"2":15,"3":false}
2026-03-15 23:27:17 [debug] : 327.20001220703125 {"0":144,"1":183.20001220703125,"2":15,"3":false}
2026-03-15 23:27:17 [debug] : 327.20001220703125 {"0":174,"1":153.20001220703125,"2":15,"3":false}
2026-03-15 23:27:17 [debug] : 327.20001220703125 {"0":298,"1":29.20001220703125,"2":15,"3":false}
2026-03-15 23:27:17 [debug] : 327.20001220703125 {"0":656,"1":328.79998779296875,"2":15,"3":false}
2026-03-15 23:27:17 [debug] : 327.20001220703125 {"0":686,"1":358.79998779296875,"2":15,"3":false}
2026-03-15 23:27:17 [debug] : 327.20001220703125 {"0":810,"1":482.79998779296875,"2":15,"3":false}
2026-03-15 23:27:17 [debug] : 327.20001220703125 {"0":912,"1":584.7999877929688,"2":15,"3":false}
2026-03-15 23:27:17 [debug] : 327.20001220703125 {"0":1252,"1":924.7999877929688,"2":15,"3":false}
2026-03-15 23:27:17 [debug] : 327.20001220703125 {"0":1457,"1":1129.7999877929688,"2":15,"3":false}
2026-03-15 23:27:17 [debug] : 327.20001220703125 {"0":1487,"1":1159.7999877929688,"2":15,"3":false}
2026-03-15 23:27:17 [debug] : 327.20001220703125 {"0":1620,"1":1292.7999877929688,"2":15,"3":false}
2026-03-15 23:27:17 [debug] : 327.20001220703125 {"0":1888,"1":1560.7999877929688,"2":15,"3":false}
2026-03-15 23:27:17 [debug] : 327.20001220703125 {"0":1918,"1":1590.7999877929688,"2":15,"3":false}
2026-03-15 23:27:17 [debug] : 327.20001220703125 {"0":2051,"1":1723.7999877929688,"2":15,"3":false}
2026-03-15 23:27:17 [debug] : 327.20001220703125 {"0":2278,"1":1950.7999877929688,"2":15,"3":false}
2026-03-15 23:27:17 [debug] : 327.20001220703125 {"0":2308,"1":1980.7999877929688,"2":15,"3":false}
2026-03-15 23:27:17 [debug] : 327.20001220703125 {"0":2348,"1":2020.7999877929688,"2":15,"3":false}
2026-03-15 23:27:17 [debug] : 327.20001220703125 {"0":2736,"1":2408.7999877929688,"2":15,"3":false}
2026-03-15 23:27:17 [debug] : 327.20001220703125 {"0":3141,"1":2813.7999877929688,"2":15,"3":false}
2026-03-15 23:27:17 [debug] : 330.3999938964844 {"0":7,"1":323.3999938964844,"2":15,"3":false}
2026-03-15 23:27:17 [debug] : 330.3999938964844 {"0":144,"1":186.39999389648438,"2":15,"3":false}
2026-03-15 23:27:17 [debug] : 330.3999938964844 {"0":174,"1":156.39999389648438,"2":15,"3":false}
2026-03-15 23:27:17 [debug] : 330.3999938964844 {"0":298,"1":32.399993896484375,"2":15,"3":false}
2026-03-15 23:27:17 [debug] : 330.3999938964844 {"0":656,"1":325.6000061035156,"2":15,"3":false}
2026-03-15 23:27:17 [debug] : 330.3999938964844 {"0":686,"1":355.6000061035156,"2":15,"3":false}
2026-03-15 23:27:17 [debug] : 330.3999938964844 {"0":810,"1":479.6000061035156,"2":15,"3":false}
2026-03-15 23:27:17 [debug] : 330.3999938964844 {"0":912,"1":581.6000061035156,"2":15,"3":false}
2026-03-15 23:27:17 [debug] : 330.3999938964844 {"0":1252,"1":921.6000061035156,"2":15,"3":false}
2026-03-15 23:27:17 [debug] : 330.3999938964844 {"0":1457,"1":1126.6000061035156,"2":15,"3":false}
2026-03-15 23:27:17 [debug] : 330.3999938964844 {"0":1487,"1":1156.6000061035156,"2":15,"3":false}
2026-03-15 23:27:17 [debug] : 330.3999938964844 {"0":1620,"1":1289.6000061035156,"2":15,"3":false}
2026-03-15 23:27:17 [debug] : 330.3999938964844 {"0":1888,"1":1557.6000061035156,"2":15,"3":false}
2026-03-15 23:27:17 [debug] : 330.3999938964844 {"0":1918,"1":1587.6000061035156,"2":15,"3":false}
2026-03-15 23:27:17 [debug] : 330.3999938964844 {"0":2051,"1":1720.6000061035156,"2":15,"3":false}
2026-03-15 23:27:17 [debug] : 330.3999938964844 {"0":2278,"1":1947.6000061035156,"2":15,"3":false}
2026-03-15 23:27:17 [debug] : 330.3999938964844 {"0":2308,"1":1977.6000061035156,"2":15,"3":false}
2026-03-15 23:27:17 [debug] : 330.3999938964844 {"0":2348,"1":2017.6000061035156,"2":15,"3":false}
2026-03-15 23:27:17 [debug] : 330.3999938964844 {"0":2736,"1":2405.6000061035156,"2":15,"3":false}
2026-03-15 23:27:17 [debug] : 330.3999938964844 {"0":3141,"1":2810.6000061035156,"2":15,"3":false}
2026-03-15 23:27:17 [debug] : Widget was activated, but did not accept focus after 2000ms: rigel-hls:report-widget:urn:analysis-report/top-517628394/synthesis-1219712035 
2026-03-15 23:29:07 [debug] : [Hls Flow Server] Executing method:runOperation with connection:(object). {"0":"request:","1":{"componentLocation":"/home/abdullah/Desktop/CNN-on-FPGA/hls_component","operationType":0}}
2026-03-15 23:29:07 [debug] : Received event from notification service: ON_DID_LAUNCH_START. 
2026-03-15 23:29:13 [debug] : Received event from notification service: ON_DID_UPDATE_SUMMARY. 
2026-03-15 23:29:13 [debug] : Event posted using notification server in backend. {"0":{"wrappers_":{},"arrayIndexOffset_":-1,"array":["cffa86e0-f5a6-4d8c-b3ec-9e44949d795a",null,53,null,null,null,null,"list-reports"],"pivot_":1.7976931348623157e+308,"convertedPrimitiveFields_":{}}}
2026-03-15 23:29:13 [debug] : Received event from notification service: ON_START_ANALYSIS_PROGRESS. 
2026-03-15 23:29:13 [debug] : Event posted using notification server in backend. {"0":{"wrappers_":{},"arrayIndexOffset_":-1,"array":["a2aa7804-29bc-4958-bfc2-4faea1229246",null,54,null,null,null,null,"list-reports"],"pivot_":1.7976931348623157e+308,"convertedPrimitiveFields_":{}}}
2026-03-15 23:29:13 [debug] : Received event from notification service: ON_STOP_ANALYSIS_PROGRESS. 
2026-03-15 23:29:21 [debug] : Received event from notification service: ON_DID_UPDATE_SUMMARY. 
2026-03-15 23:29:21 [debug] : [Hls Flow Server] Executing method:cancelOperation with connection:(object). {"0":"request:","1":{"componentLocation":"/home/abdullah/Desktop/CNN-on-FPGA/hls_component","operationType":0}}
2026-03-15 23:29:21 [debug] : Received event from notification service: ON_DID_LAUNCH_STOP. 
2026-03-15 23:29:21 [debug] : Event posted using notification server in backend. {"0":{"wrappers_":{},"arrayIndexOffset_":-1,"array":["64529f1f-c612-4a07-be8d-3b95d8eb981d",null,53,null,null,null,null,"list-reports"],"pivot_":1.7976931348623157e+308,"convertedPrimitiveFields_":{}}}
2026-03-15 23:29:21 [debug] : Received event from notification service: ON_START_ANALYSIS_PROGRESS. 
2026-03-15 23:29:21 [debug] : Event posted using notification server in backend. {"0":{"wrappers_":{},"arrayIndexOffset_":-1,"array":["97d92a88-a53f-441f-a8e6-7f8337bce7d8",null,54,null,null,null,null,"list-reports"],"pivot_":1.7976931348623157e+308,"convertedPrimitiveFields_":{}}}
2026-03-15 23:29:21 [debug] : Received event from notification service: ON_STOP_ANALYSIS_PROGRESS. 
2026-03-15 23:29:21 [debug] : Received event from notification service: ON_DID_UPDATE_SUMMARY. 
2026-03-15 23:29:21 [debug] : Event posted using notification server in backend. {"0":{"wrappers_":{},"arrayIndexOffset_":-1,"array":["4bbf1b11-482d-41f9-b560-fe041b6919ce",null,53,null,null,null,null,"list-reports"],"pivot_":1.7976931348623157e+308,"convertedPrimitiveFields_":{}}}
2026-03-15 23:29:21 [debug] : Received event from notification service: ON_START_ANALYSIS_PROGRESS. 
2026-03-15 23:29:21 [debug] : Event posted using notification server in backend. {"0":{"wrappers_":{},"arrayIndexOffset_":-1,"array":["9615eafe-419e-4262-9cb6-3bda357762e1",null,54,null,null,null,null,"list-reports"],"pivot_":1.7976931348623157e+308,"convertedPrimitiveFields_":{}}}
2026-03-15 23:29:21 [debug] : Received event from notification service: ON_STOP_ANALYSIS_PROGRESS. 
2026-03-15 23:29:31 [debug] : hls.flow_target {"0":[{"value":"vivado","description":"Vivado IP Flow Target"},{"value":"vitis","description":"Vitis Kernel Flow Target"}],"1":"vivado","2":"vivado","3":"vivado"}
2026-03-15 23:29:33 [debug] : [Hls Flow Server] Executing method:runOperation with connection:(object). {"0":"request:","1":{"componentLocation":"/home/abdullah/Desktop/CNN-on-FPGA/hls_component","operationType":1}}
2026-03-15 23:29:33 [debug] : Received event from notification service: ON_DID_LAUNCH_START. 
2026-03-15 23:29:38 [debug] : Received event from notification service: ON_DID_UPDATE_SUMMARY. 
2026-03-15 23:29:38 [debug] : Event posted using notification server in backend. {"0":{"wrappers_":{},"arrayIndexOffset_":-1,"array":["578eaf90-43de-490e-ad79-4167374eb3a9",null,53,null,null,null,null,"list-reports"],"pivot_":1.7976931348623157e+308,"convertedPrimitiveFields_":{}}}
2026-03-15 23:29:38 [debug] : Received event from notification service: ON_START_ANALYSIS_PROGRESS. 
2026-03-15 23:29:38 [debug] : Event posted using notification server in backend. {"0":{"wrappers_":{},"arrayIndexOffset_":-1,"array":["a87f9cf7-18e8-43ae-a8da-8679fc02bba7",null,54,null,null,null,null,"list-reports"],"pivot_":1.7976931348623157e+308,"convertedPrimitiveFields_":{}}}
2026-03-15 23:29:38 [debug] : Received event from notification service: ON_STOP_ANALYSIS_PROGRESS. 
2026-03-15 23:30:17 [debug] : Received event from notification service: ON_DID_UPDATE_SUMMARY. 
2026-03-15 23:30:17 [debug] : Event posted using notification server in backend. {"0":{"wrappers_":{},"arrayIndexOffset_":-1,"array":["a46ac893-96ed-485c-89e9-3403cf33d16d",null,53,null,null,null,null,"list-reports"],"pivot_":1.7976931348623157e+308,"convertedPrimitiveFields_":{}}}
2026-03-15 23:30:17 [debug] : Received event from notification service: ON_START_ANALYSIS_PROGRESS. 
2026-03-15 23:30:17 [debug] : Event posted using notification server in backend. {"0":{"wrappers_":{},"arrayIndexOffset_":-1,"array":["c4d64b16-afe0-4107-bd49-42fe4789f321",null,54,null,null,null,null,"list-reports"],"pivot_":1.7976931348623157e+308,"convertedPrimitiveFields_":{}}}
2026-03-15 23:30:17 [debug] : Received event from notification service: ON_STOP_ANALYSIS_PROGRESS. 
2026-03-15 23:30:17 [debug] : [Hls Flow Server] Executing method:cancelOperation with connection:(object). {"0":"request:","1":{"componentLocation":"/home/abdullah/Desktop/CNN-on-FPGA/hls_component","operationType":1}}
2026-03-15 23:30:17 [debug] : Received event from notification service: ON_DID_LAUNCH_STOP. 
2026-03-15 23:30:17 [debug] : Received event from notification service: ON_DID_UPDATE_SUMMARY. 
2026-03-15 23:30:17 [debug] : Event posted using notification server in backend. {"0":{"wrappers_":{},"arrayIndexOffset_":-1,"array":["f12533e2-1a23-472f-a86b-4e6821ec5e73",null,53,null,null,null,null,"list-reports"],"pivot_":1.7976931348623157e+308,"convertedPrimitiveFields_":{}}}
2026-03-15 23:30:17 [debug] : Received event from notification service: ON_START_ANALYSIS_PROGRESS. 
2026-03-15 23:30:17 [debug] : Event posted using notification server in backend. {"0":{"wrappers_":{},"arrayIndexOffset_":-1,"array":["1342ef47-f844-4852-8cea-4a319ff2c616",null,54,null,null,null,null,"list-reports"],"pivot_":1.7976931348623157e+308,"convertedPrimitiveFields_":{}}}
2026-03-15 23:30:17 [debug] : Received event from notification service: ON_STOP_ANALYSIS_PROGRESS. 
2026-03-15 23:30:26 [debug] : start navigation 1 
2026-03-15 23:30:26 [debug] : start navigation 2 
2026-03-15 23:30:26 [debug] : end navigation 1 
2026-03-15 23:30:27 [debug] : PLUGIN_HOST(69413): PluginManagerExtImpl/loadPlugin(/home/abdullah/Xilinx/2025.2/Vitis/ide/electron-app/lnx64/resources/app/plugins/vitis-hls-verilog-vhdl-support-0.0.1/extension/lib/extension.js) 
2026-03-15 23:30:27 [debug] : PLUGIN_HOST(69413): PluginManagerExtImpl/loadPlugin(/home/abdullah/Xilinx/2025.2/Vitis/ide/electron-app/lnx64/resources/app/plugins/vitis-hls-pragma-0.6.0/extension/out/extension.js) 
2026-03-15 23:30:27 [debug] : PLUGIN_HOST(69413): PluginManagerExtImpl/loadPlugin(/home/abdullah/Xilinx/2025.2/Vitis/ide/electron-app/lnx64/resources/app/plugins/vitis-hls-l1-library-0.0.1/extension/lib/extension.js) 
2026-03-15 23:30:27 [debug] : Starting extension "vitis-hls-pragma"! 
2026-03-15 23:30:27 [debug] : Calling activation function on plugin amd.vitis-hls-verilog-vhdl-support 
2026-03-15 23:30:27 [debug] : Calling activation function on plugin amd.vitis-hls-l1-library 
2026-03-15 23:30:27 [debug] : Calling activation function on plugin amd.vitis-hls-pragma 
2026-03-15 23:30:28 [debug] : start navigation 2 
2026-03-15 23:30:28 [debug] : end navigation 1 
2026-03-15 23:30:28 [debug] : end navigation 0 
2026-03-15 23:30:28 [debug] : ending navigation with location {"uri":"file:///home/abdullah/Desktop/CNN-on-FPGA/src/conv.cpp","type":0,"context":{"line":33,"character":0}} 
2026-03-15 23:31:45 [debug] : MonacoEditorModel.cancelSync {"0":"file:///home/abdullah/Desktop/CNN-on-FPGA/src/conv.cpp"}
2026-03-15 23:31:45 [debug] : MonacoEditorModel.doSync - enter {"0":"file:///home/abdullah/Desktop/CNN-on-FPGA/src/conv.cpp"}
2026-03-15 23:31:45 [debug] : MonacoEditorModel.cancelSync {"0":"file:///home/abdullah/Desktop/CNN-on-FPGA/src/conv.cpp"}
2026-03-15 23:31:45 [debug] : MonacoEditorModel.cancelSync {"0":"file:///home/abdullah/Desktop/CNN-on-FPGA/src/conv.cpp"}
2026-03-15 23:31:45 [debug] : MonacoEditorModel.cancelSync {"0":"file:///home/abdullah/Desktop/CNN-on-FPGA/src/conv.cpp"}
2026-03-15 23:31:45 [debug] : MonacoEditorModel.cancelSync {"0":"file:///home/abdullah/Desktop/CNN-on-FPGA/src/conv.cpp"}
2026-03-15 23:31:45 [debug] : MonacoEditorModel.cancelSync {"0":"file:///home/abdullah/Desktop/CNN-on-FPGA/src/conv.cpp"}
2026-03-15 23:31:45 [debug] : MonacoEditorModel.cancelSync {"0":"file:///home/abdullah/Desktop/CNN-on-FPGA/src/conv.cpp"}
2026-03-15 23:31:45 [debug] : MonacoEditorModel.cancelSync {"0":"file:///home/abdullah/Desktop/CNN-on-FPGA/src/conv.cpp"}
2026-03-15 23:31:45 [debug] : MonacoEditorModel.cancelSync {"0":"file:///home/abdullah/Desktop/CNN-on-FPGA/src/conv.cpp"}
2026-03-15 23:31:45 [debug] : MonacoEditorModel.cancelSync {"0":"file:///home/abdullah/Desktop/CNN-on-FPGA/src/conv.cpp"}
2026-03-15 23:31:45 [debug] : MonacoEditorModel.cancelSync {"0":"file:///home/abdullah/Desktop/CNN-on-FPGA/src/conv.cpp"}
2026-03-15 23:31:45 [debug] : MonacoEditorModel.cancelSync {"0":"file:///home/abdullah/Desktop/CNN-on-FPGA/src/conv.cpp"}
2026-03-15 23:31:45 [debug] : MonacoEditorModel.cancelSync {"0":"file:///home/abdullah/Desktop/CNN-on-FPGA/src/conv.cpp"}
2026-03-15 23:31:45 [debug] : MonacoEditorModel.cancelSync {"0":"file:///home/abdullah/Desktop/CNN-on-FPGA/src/conv.cpp"}
2026-03-15 23:31:45 [debug] : MonacoEditorModel.cancelSync {"0":"file:///home/abdullah/Desktop/CNN-on-FPGA/src/conv.cpp"}
2026-03-15 23:31:45 [debug] : MonacoEditorModel.cancelSync {"0":"file:///home/abdullah/Desktop/CNN-on-FPGA/src/conv.cpp"}
2026-03-15 23:31:45 [debug] : MonacoEditorModel.cancelSync {"0":"file:///home/abdullah/Desktop/CNN-on-FPGA/src/conv.cpp"}
2026-03-15 23:31:45 [debug] : MonacoEditorModel.cancelSync {"0":"file:///home/abdullah/Desktop/CNN-on-FPGA/src/conv.cpp"}
2026-03-15 23:31:45 [debug] : MonacoEditorModel.doSync - exit - cancelled while looking for a resource {"0":"file:///home/abdullah/Desktop/CNN-on-FPGA/src/conv.cpp"}
2026-03-15 23:31:45 [debug] : MonacoEditorModel.doSync - enter {"0":"file:///home/abdullah/Desktop/CNN-on-FPGA/src/conv.cpp"}
2026-03-15 23:31:45 [debug] : MonacoEditorModel.doSync - exit - cancelled {"0":"file:///home/abdullah/Desktop/CNN-on-FPGA/src/conv.cpp"}
2026-03-15 23:31:45 [debug] : MonacoEditorModel.doSync - enter {"0":"file:///home/abdullah/Desktop/CNN-on-FPGA/src/conv.cpp"}
2026-03-15 23:31:45 [debug] : MonacoEditorModel.doSync - exit - cancelled {"0":"file:///home/abdullah/Desktop/CNN-on-FPGA/src/conv.cpp"}
2026-03-15 23:31:45 [debug] : MonacoEditorModel.doSync - enter {"0":"file:///home/abdullah/Desktop/CNN-on-FPGA/src/conv.cpp"}
2026-03-15 23:31:45 [debug] : MonacoEditorModel.doSync - exit - cancelled {"0":"file:///home/abdullah/Desktop/CNN-on-FPGA/src/conv.cpp"}
2026-03-15 23:31:45 [debug] : MonacoEditorModel.doSync - enter {"0":"file:///home/abdullah/Desktop/CNN-on-FPGA/src/conv.cpp"}
2026-03-15 23:31:45 [debug] : MonacoEditorModel.doSync - exit - cancelled {"0":"file:///home/abdullah/Desktop/CNN-on-FPGA/src/conv.cpp"}
2026-03-15 23:31:45 [debug] : MonacoEditorModel.doSync - enter {"0":"file:///home/abdullah/Desktop/CNN-on-FPGA/src/conv.cpp"}
2026-03-15 23:31:45 [debug] : MonacoEditorModel.doSync - exit - cancelled {"0":"file:///home/abdullah/Desktop/CNN-on-FPGA/src/conv.cpp"}
2026-03-15 23:31:45 [debug] : MonacoEditorModel.doSync - enter {"0":"file:///home/abdullah/Desktop/CNN-on-FPGA/src/conv.cpp"}
2026-03-15 23:31:45 [debug] : MonacoEditorModel.doSync - exit - cancelled {"0":"file:///home/abdullah/Desktop/CNN-on-FPGA/src/conv.cpp"}
2026-03-15 23:31:45 [debug] : MonacoEditorModel.doSync - enter {"0":"file:///home/abdullah/Desktop/CNN-on-FPGA/src/conv.cpp"}
2026-03-15 23:31:45 [debug] : MonacoEditorModel.doSync - exit - cancelled {"0":"file:///home/abdullah/Desktop/CNN-on-FPGA/src/conv.cpp"}
2026-03-15 23:31:45 [debug] : MonacoEditorModel.doSync - enter {"0":"file:///home/abdullah/Desktop/CNN-on-FPGA/src/conv.cpp"}
2026-03-15 23:31:45 [debug] : MonacoEditorModel.doSync - exit - cancelled {"0":"file:///home/abdullah/Desktop/CNN-on-FPGA/src/conv.cpp"}
2026-03-15 23:31:45 [debug] : MonacoEditorModel.doSync - enter {"0":"file:///home/abdullah/Desktop/CNN-on-FPGA/src/conv.cpp"}
2026-03-15 23:31:45 [debug] : MonacoEditorModel.doSync - exit - cancelled {"0":"file:///home/abdullah/Desktop/CNN-on-FPGA/src/conv.cpp"}
2026-03-15 23:31:45 [debug] : MonacoEditorModel.doSync - enter {"0":"file:///home/abdullah/Desktop/CNN-on-FPGA/src/conv.cpp"}
2026-03-15 23:31:45 [debug] : MonacoEditorModel.doSync - exit - cancelled {"0":"file:///home/abdullah/Desktop/CNN-on-FPGA/src/conv.cpp"}
2026-03-15 23:31:45 [debug] : MonacoEditorModel.doSync - enter {"0":"file:///home/abdullah/Desktop/CNN-on-FPGA/src/conv.cpp"}
2026-03-15 23:31:45 [debug] : MonacoEditorModel.doSync - exit - cancelled {"0":"file:///home/abdullah/Desktop/CNN-on-FPGA/src/conv.cpp"}
2026-03-15 23:31:45 [debug] : MonacoEditorModel.doSync - enter {"0":"file:///home/abdullah/Desktop/CNN-on-FPGA/src/conv.cpp"}
2026-03-15 23:31:45 [debug] : MonacoEditorModel.doSync - exit - cancelled {"0":"file:///home/abdullah/Desktop/CNN-on-FPGA/src/conv.cpp"}
2026-03-15 23:31:45 [debug] : MonacoEditorModel.doSync - enter {"0":"file:///home/abdullah/Desktop/CNN-on-FPGA/src/conv.cpp"}
2026-03-15 23:31:45 [debug] : MonacoEditorModel.doSync - exit - cancelled {"0":"file:///home/abdullah/Desktop/CNN-on-FPGA/src/conv.cpp"}
2026-03-15 23:31:45 [debug] : MonacoEditorModel.doSync - enter {"0":"file:///home/abdullah/Desktop/CNN-on-FPGA/src/conv.cpp"}
2026-03-15 23:31:45 [debug] : MonacoEditorModel.doSync - exit - cancelled {"0":"file:///home/abdullah/Desktop/CNN-on-FPGA/src/conv.cpp"}
2026-03-15 23:31:45 [debug] : MonacoEditorModel.doSync - enter {"0":"file:///home/abdullah/Desktop/CNN-on-FPGA/src/conv.cpp"}
2026-03-15 23:31:45 [debug] : MonacoEditorModel.doSync - exit - cancelled {"0":"file:///home/abdullah/Desktop/CNN-on-FPGA/src/conv.cpp"}
2026-03-15 23:31:45 [debug] : MonacoEditorModel.doSync - enter {"0":"file:///home/abdullah/Desktop/CNN-on-FPGA/src/conv.cpp"}
2026-03-15 23:31:45 [debug] : MonacoEditorModel.doSync - exit - cancelled {"0":"file:///home/abdullah/Desktop/CNN-on-FPGA/src/conv.cpp"}
2026-03-15 23:31:45 [debug] : MonacoEditorModel.doSync - enter {"0":"file:///home/abdullah/Desktop/CNN-on-FPGA/src/conv.cpp"}
2026-03-15 23:31:45 [debug] : start navigation 1 
2026-03-15 23:31:45 [debug] : end navigation 0 
2026-03-15 23:31:45 [debug] : ending navigation with location {"uri":"file:///home/abdullah/Desktop/CNN-on-FPGA/src/conv.cpp","type":2,"context":{"range":{"start":{"line":9,"character":0},"end":{"line":9,"character":0}},"rangeLength":0,"text":"        fixed temp[28*28];        \n\n"}} 
2026-03-15 23:31:45 [debug] : start navigation 1 
2026-03-15 23:31:45 [debug] : end navigation 0 
2026-03-15 23:31:45 [debug] : ending navigation with location {"uri":"file:///home/abdullah/Desktop/CNN-on-FPGA/src/conv.cpp","type":0,"context":{"line":35,"character":0}} 
2026-03-15 23:31:45 [debug] : MonacoEditorModel.fireDidChangeContent - enter - {
  "changes": [
    {
      "range": {
        "startLineNumber": 10,
        "startColumn": 1,
        "endLineNumber": 10,
        "endColumn": 1
      },
      "rangeLength": 0,
      "text": "        fixed temp[28*28];        \n\n",
      "rangeOffset": 173,
      "forceMoveMarkers": true
    }
  ],
  "eol": "\n",
  "isEolChange": false,
  "versionId": 2,
  "isUndoing": false,
  "isRedoing": false,
  "isFlush": false
} {"0":"file:///home/abdullah/Desktop/CNN-on-FPGA/src/conv.cpp"}
2026-03-15 23:31:45 [debug] : MonacoEditorModel.markAsDirty - enter {"0":"file:///home/abdullah/Desktop/CNN-on-FPGA/src/conv.cpp"}
2026-03-15 23:31:45 [debug] : MonacoEditorModel.markAsDirty - exit - ignoring dirty changes enabled {"0":"file:///home/abdullah/Desktop/CNN-on-FPGA/src/conv.cpp"}
2026-03-15 23:31:45 [debug] : MonacoEditorModel.fireDidChangeContent - exit {"0":"file:///home/abdullah/Desktop/CNN-on-FPGA/src/conv.cpp"}
2026-03-15 23:31:45 [debug] : MonacoEditorModel.doSync - exit {"0":"file:///home/abdullah/Desktop/CNN-on-FPGA/src/conv.cpp"}
2026-03-15 23:31:47 [debug] : MonacoEditorModel.cancelSync {"0":"file:///home/abdullah/Desktop/CNN-on-FPGA/src/conv.cpp"}
2026-03-15 23:31:47 [debug] : MonacoEditorModel.doSync - enter {"0":"file:///home/abdullah/Desktop/CNN-on-FPGA/src/conv.cpp"}
2026-03-15 23:31:47 [debug] : MonacoEditorModel.cancelSync {"0":"file:///home/abdullah/Desktop/CNN-on-FPGA/src/conv.cpp"}
2026-03-15 23:31:47 [debug] : MonacoEditorModel.cancelSync {"0":"file:///home/abdullah/Desktop/CNN-on-FPGA/src/conv.cpp"}
2026-03-15 23:31:47 [debug] : MonacoEditorModel.cancelSync {"0":"file:///home/abdullah/Desktop/CNN-on-FPGA/src/conv.cpp"}
2026-03-15 23:31:47 [debug] : MonacoEditorModel.cancelSync {"0":"file:///home/abdullah/Desktop/CNN-on-FPGA/src/conv.cpp"}
2026-03-15 23:31:47 [debug] : MonacoEditorModel.cancelSync {"0":"file:///home/abdullah/Desktop/CNN-on-FPGA/src/conv.cpp"}
2026-03-15 23:31:47 [debug] : MonacoEditorModel.cancelSync {"0":"file:///home/abdullah/Desktop/CNN-on-FPGA/src/conv.cpp"}
2026-03-15 23:31:47 [debug] : MonacoEditorModel.cancelSync {"0":"file:///home/abdullah/Desktop/CNN-on-FPGA/src/conv.cpp"}
2026-03-15 23:31:47 [debug] : MonacoEditorModel.cancelSync {"0":"file:///home/abdullah/Desktop/CNN-on-FPGA/src/conv.cpp"}
2026-03-15 23:31:47 [debug] : MonacoEditorModel.cancelSync {"0":"file:///home/abdullah/Desktop/CNN-on-FPGA/src/conv.cpp"}
2026-03-15 23:31:47 [debug] : MonacoEditorModel.cancelSync {"0":"file:///home/abdullah/Desktop/CNN-on-FPGA/src/conv.cpp"}
2026-03-15 23:31:47 [debug] : MonacoEditorModel.cancelSync {"0":"file:///home/abdullah/Desktop/CNN-on-FPGA/src/conv.cpp"}
2026-03-15 23:31:47 [debug] : MonacoEditorModel.cancelSync {"0":"file:///home/abdullah/Desktop/CNN-on-FPGA/src/conv.cpp"}
2026-03-15 23:31:47 [debug] : MonacoEditorModel.cancelSync {"0":"file:///home/abdullah/Desktop/CNN-on-FPGA/src/conv.cpp"}
2026-03-15 23:31:47 [debug] : MonacoEditorModel.cancelSync {"0":"file:///home/abdullah/Desktop/CNN-on-FPGA/src/conv.cpp"}
2026-03-15 23:31:47 [debug] : MonacoEditorModel.cancelSync {"0":"file:///home/abdullah/Desktop/CNN-on-FPGA/src/conv.cpp"}
2026-03-15 23:31:47 [debug] : MonacoEditorModel.cancelSync {"0":"file:///home/abdullah/Desktop/CNN-on-FPGA/src/conv.cpp"}
2026-03-15 23:31:47 [debug] : MonacoEditorModel.cancelSync {"0":"file:///home/abdullah/Desktop/CNN-on-FPGA/src/conv.cpp"}
2026-03-15 23:31:47 [debug] : MonacoEditorModel.doSync - exit - cancelled while looking for a resource {"0":"file:///home/abdullah/Desktop/CNN-on-FPGA/src/conv.cpp"}
2026-03-15 23:31:47 [debug] : MonacoEditorModel.doSync - enter {"0":"file:///home/abdullah/Desktop/CNN-on-FPGA/src/conv.cpp"}
2026-03-15 23:31:47 [debug] : MonacoEditorModel.doSync - exit - cancelled {"0":"file:///home/abdullah/Desktop/CNN-on-FPGA/src/conv.cpp"}
2026-03-15 23:31:47 [debug] : MonacoEditorModel.doSync - enter {"0":"file:///home/abdullah/Desktop/CNN-on-FPGA/src/conv.cpp"}
2026-03-15 23:31:47 [debug] : MonacoEditorModel.doSync - exit - cancelled {"0":"file:///home/abdullah/Desktop/CNN-on-FPGA/src/conv.cpp"}
2026-03-15 23:31:47 [debug] : MonacoEditorModel.doSync - enter {"0":"file:///home/abdullah/Desktop/CNN-on-FPGA/src/conv.cpp"}
2026-03-15 23:31:47 [debug] : MonacoEditorModel.doSync - exit - cancelled {"0":"file:///home/abdullah/Desktop/CNN-on-FPGA/src/conv.cpp"}
2026-03-15 23:31:47 [debug] : MonacoEditorModel.doSync - enter {"0":"file:///home/abdullah/Desktop/CNN-on-FPGA/src/conv.cpp"}
2026-03-15 23:31:47 [debug] : MonacoEditorModel.doSync - exit - cancelled {"0":"file:///home/abdullah/Desktop/CNN-on-FPGA/src/conv.cpp"}
2026-03-15 23:31:47 [debug] : MonacoEditorModel.doSync - enter {"0":"file:///home/abdullah/Desktop/CNN-on-FPGA/src/conv.cpp"}
2026-03-15 23:31:47 [debug] : MonacoEditorModel.doSync - exit - cancelled {"0":"file:///home/abdullah/Desktop/CNN-on-FPGA/src/conv.cpp"}
2026-03-15 23:31:47 [debug] : MonacoEditorModel.doSync - enter {"0":"file:///home/abdullah/Desktop/CNN-on-FPGA/src/conv.cpp"}
2026-03-15 23:31:47 [debug] : MonacoEditorModel.doSync - exit - cancelled {"0":"file:///home/abdullah/Desktop/CNN-on-FPGA/src/conv.cpp"}
2026-03-15 23:31:47 [debug] : MonacoEditorModel.doSync - enter {"0":"file:///home/abdullah/Desktop/CNN-on-FPGA/src/conv.cpp"}
2026-03-15 23:31:47 [debug] : MonacoEditorModel.doSync - exit - cancelled {"0":"file:///home/abdullah/Desktop/CNN-on-FPGA/src/conv.cpp"}
2026-03-15 23:31:47 [debug] : MonacoEditorModel.doSync - enter {"0":"file:///home/abdullah/Desktop/CNN-on-FPGA/src/conv.cpp"}
2026-03-15 23:31:47 [debug] : MonacoEditorModel.doSync - exit - cancelled {"0":"file:///home/abdullah/Desktop/CNN-on-FPGA/src/conv.cpp"}
2026-03-15 23:31:47 [debug] : MonacoEditorModel.doSync - enter {"0":"file:///home/abdullah/Desktop/CNN-on-FPGA/src/conv.cpp"}
2026-03-15 23:31:47 [debug] : MonacoEditorModel.doSync - exit - cancelled {"0":"file:///home/abdullah/Desktop/CNN-on-FPGA/src/conv.cpp"}
2026-03-15 23:31:47 [debug] : MonacoEditorModel.doSync - enter {"0":"file:///home/abdullah/Desktop/CNN-on-FPGA/src/conv.cpp"}
2026-03-15 23:31:47 [debug] : MonacoEditorModel.doSync - exit - cancelled {"0":"file:///home/abdullah/Desktop/CNN-on-FPGA/src/conv.cpp"}
2026-03-15 23:31:47 [debug] : MonacoEditorModel.doSync - enter {"0":"file:///home/abdullah/Desktop/CNN-on-FPGA/src/conv.cpp"}
2026-03-15 23:31:47 [debug] : MonacoEditorModel.doSync - exit - cancelled {"0":"file:///home/abdullah/Desktop/CNN-on-FPGA/src/conv.cpp"}
2026-03-15 23:31:47 [debug] : MonacoEditorModel.doSync - enter {"0":"file:///home/abdullah/Desktop/CNN-on-FPGA/src/conv.cpp"}
2026-03-15 23:31:47 [debug] : MonacoEditorModel.doSync - exit - cancelled {"0":"file:///home/abdullah/Desktop/CNN-on-FPGA/src/conv.cpp"}
2026-03-15 23:31:47 [debug] : MonacoEditorModel.doSync - enter {"0":"file:///home/abdullah/Desktop/CNN-on-FPGA/src/conv.cpp"}
2026-03-15 23:31:47 [debug] : MonacoEditorModel.doSync - exit - cancelled {"0":"file:///home/abdullah/Desktop/CNN-on-FPGA/src/conv.cpp"}
2026-03-15 23:31:47 [debug] : MonacoEditorModel.doSync - enter {"0":"file:///home/abdullah/Desktop/CNN-on-FPGA/src/conv.cpp"}
2026-03-15 23:31:47 [debug] : MonacoEditorModel.doSync - exit - cancelled {"0":"file:///home/abdullah/Desktop/CNN-on-FPGA/src/conv.cpp"}
2026-03-15 23:31:47 [debug] : MonacoEditorModel.doSync - enter {"0":"file:///home/abdullah/Desktop/CNN-on-FPGA/src/conv.cpp"}
2026-03-15 23:31:47 [debug] : MonacoEditorModel.doSync - exit - cancelled {"0":"file:///home/abdullah/Desktop/CNN-on-FPGA/src/conv.cpp"}
2026-03-15 23:31:47 [debug] : MonacoEditorModel.doSync - enter {"0":"file:///home/abdullah/Desktop/CNN-on-FPGA/src/conv.cpp"}
2026-03-15 23:31:47 [debug] : MonacoEditorModel.doSync - exit - cancelled {"0":"file:///home/abdullah/Desktop/CNN-on-FPGA/src/conv.cpp"}
2026-03-15 23:31:47 [debug] : MonacoEditorModel.doSync - enter {"0":"file:///home/abdullah/Desktop/CNN-on-FPGA/src/conv.cpp"}
2026-03-15 23:31:47 [debug] : start navigation 1 
2026-03-15 23:31:47 [debug] : end navigation 0 
2026-03-15 23:31:47 [debug] : ending navigation with location {"uri":"file:///home/abdullah/Desktop/CNN-on-FPGA/src/conv.cpp","type":2,"context":{"range":{"start":{"line":9,"character":0},"end":{"line":10,"character":0}},"rangeLength":35,"text":"    fixed temp[28*28];        \n"}} 
2026-03-15 23:31:47 [debug] : MonacoEditorModel.fireDidChangeContent - enter - {
  "changes": [
    {
      "range": {
        "startLineNumber": 10,
        "startColumn": 1,
        "endLineNumber": 11,
        "endColumn": 1
      },
      "rangeLength": 35,
      "text": "    fixed temp[28*28];        \n",
      "rangeOffset": 173,
      "forceMoveMarkers": true
    }
  ],
  "eol": "\n",
  "isEolChange": false,
  "versionId": 3,
  "isUndoing": false,
  "isRedoing": false,
  "isFlush": false
} {"0":"file:///home/abdullah/Desktop/CNN-on-FPGA/src/conv.cpp"}
2026-03-15 23:31:47 [debug] : MonacoEditorModel.markAsDirty - enter {"0":"file:///home/abdullah/Desktop/CNN-on-FPGA/src/conv.cpp"}
2026-03-15 23:31:47 [debug] : MonacoEditorModel.markAsDirty - exit - ignoring dirty changes enabled {"0":"file:///home/abdullah/Desktop/CNN-on-FPGA/src/conv.cpp"}
2026-03-15 23:31:47 [debug] : MonacoEditorModel.fireDidChangeContent - exit {"0":"file:///home/abdullah/Desktop/CNN-on-FPGA/src/conv.cpp"}
2026-03-15 23:31:47 [debug] : MonacoEditorModel.doSync - exit {"0":"file:///home/abdullah/Desktop/CNN-on-FPGA/src/conv.cpp"}
2026-03-15 23:32:16 [debug] : MonacoEditorModel.cancelSync {"0":"file:///home/abdullah/Desktop/CNN-on-FPGA/src/conv.cpp"}
2026-03-15 23:32:16 [debug] : MonacoEditorModel.doSync - enter {"0":"file:///home/abdullah/Desktop/CNN-on-FPGA/src/conv.cpp"}
2026-03-15 23:32:16 [debug] : MonacoEditorModel.cancelSync {"0":"file:///home/abdullah/Desktop/CNN-on-FPGA/src/conv.cpp"}
2026-03-15 23:32:16 [debug] : MonacoEditorModel.cancelSync {"0":"file:///home/abdullah/Desktop/CNN-on-FPGA/src/conv.cpp"}
2026-03-15 23:32:16 [debug] : MonacoEditorModel.cancelSync {"0":"file:///home/abdullah/Desktop/CNN-on-FPGA/src/conv.cpp"}
2026-03-15 23:32:16 [debug] : MonacoEditorModel.cancelSync {"0":"file:///home/abdullah/Desktop/CNN-on-FPGA/src/conv.cpp"}
2026-03-15 23:32:16 [debug] : MonacoEditorModel.cancelSync {"0":"file:///home/abdullah/Desktop/CNN-on-FPGA/src/conv.cpp"}
2026-03-15 23:32:16 [debug] : MonacoEditorModel.cancelSync {"0":"file:///home/abdullah/Desktop/CNN-on-FPGA/src/conv.cpp"}
2026-03-15 23:32:16 [debug] : MonacoEditorModel.cancelSync {"0":"file:///home/abdullah/Desktop/CNN-on-FPGA/src/conv.cpp"}
2026-03-15 23:32:16 [debug] : MonacoEditorModel.cancelSync {"0":"file:///home/abdullah/Desktop/CNN-on-FPGA/src/conv.cpp"}
2026-03-15 23:32:16 [debug] : MonacoEditorModel.cancelSync {"0":"file:///home/abdullah/Desktop/CNN-on-FPGA/src/conv.cpp"}
2026-03-15 23:32:16 [debug] : MonacoEditorModel.cancelSync {"0":"file:///home/abdullah/Desktop/CNN-on-FPGA/src/conv.cpp"}
2026-03-15 23:32:16 [debug] : MonacoEditorModel.cancelSync {"0":"file:///home/abdullah/Desktop/CNN-on-FPGA/src/conv.cpp"}
2026-03-15 23:32:16 [debug] : MonacoEditorModel.cancelSync {"0":"file:///home/abdullah/Desktop/CNN-on-FPGA/src/conv.cpp"}
2026-03-15 23:32:16 [debug] : MonacoEditorModel.cancelSync {"0":"file:///home/abdullah/Desktop/CNN-on-FPGA/src/conv.cpp"}
2026-03-15 23:32:16 [debug] : MonacoEditorModel.cancelSync {"0":"file:///home/abdullah/Desktop/CNN-on-FPGA/src/conv.cpp"}
2026-03-15 23:32:16 [debug] : MonacoEditorModel.cancelSync {"0":"file:///home/abdullah/Desktop/CNN-on-FPGA/src/conv.cpp"}
2026-03-15 23:32:16 [debug] : MonacoEditorModel.cancelSync {"0":"file:///home/abdullah/Desktop/CNN-on-FPGA/src/conv.cpp"}
2026-03-15 23:32:16 [debug] : MonacoEditorModel.cancelSync {"0":"file:///home/abdullah/Desktop/CNN-on-FPGA/src/conv.cpp"}
2026-03-15 23:32:16 [debug] : MonacoEditorModel.doSync - exit - cancelled while looking for a resource {"0":"file:///home/abdullah/Desktop/CNN-on-FPGA/src/conv.cpp"}
2026-03-15 23:32:16 [debug] : MonacoEditorModel.doSync - enter {"0":"file:///home/abdullah/Desktop/CNN-on-FPGA/src/conv.cpp"}
2026-03-15 23:32:16 [debug] : MonacoEditorModel.doSync - exit - cancelled {"0":"file:///home/abdullah/Desktop/CNN-on-FPGA/src/conv.cpp"}
2026-03-15 23:32:16 [debug] : MonacoEditorModel.doSync - enter {"0":"file:///home/abdullah/Desktop/CNN-on-FPGA/src/conv.cpp"}
2026-03-15 23:32:16 [debug] : MonacoEditorModel.doSync - exit - cancelled {"0":"file:///home/abdullah/Desktop/CNN-on-FPGA/src/conv.cpp"}
2026-03-15 23:32:16 [debug] : MonacoEditorModel.doSync - enter {"0":"file:///home/abdullah/Desktop/CNN-on-FPGA/src/conv.cpp"}
2026-03-15 23:32:16 [debug] : MonacoEditorModel.doSync - exit - cancelled {"0":"file:///home/abdullah/Desktop/CNN-on-FPGA/src/conv.cpp"}
2026-03-15 23:32:16 [debug] : MonacoEditorModel.doSync - enter {"0":"file:///home/abdullah/Desktop/CNN-on-FPGA/src/conv.cpp"}
2026-03-15 23:32:16 [debug] : MonacoEditorModel.doSync - exit - cancelled {"0":"file:///home/abdullah/Desktop/CNN-on-FPGA/src/conv.cpp"}
2026-03-15 23:32:16 [debug] : MonacoEditorModel.doSync - enter {"0":"file:///home/abdullah/Desktop/CNN-on-FPGA/src/conv.cpp"}
2026-03-15 23:32:16 [debug] : MonacoEditorModel.doSync - exit - cancelled {"0":"file:///home/abdullah/Desktop/CNN-on-FPGA/src/conv.cpp"}
2026-03-15 23:32:16 [debug] : MonacoEditorModel.doSync - enter {"0":"file:///home/abdullah/Desktop/CNN-on-FPGA/src/conv.cpp"}
2026-03-15 23:32:16 [debug] : MonacoEditorModel.doSync - exit - cancelled {"0":"file:///home/abdullah/Desktop/CNN-on-FPGA/src/conv.cpp"}
2026-03-15 23:32:16 [debug] : MonacoEditorModel.doSync - enter {"0":"file:///home/abdullah/Desktop/CNN-on-FPGA/src/conv.cpp"}
2026-03-15 23:32:16 [debug] : MonacoEditorModel.doSync - exit - cancelled {"0":"file:///home/abdullah/Desktop/CNN-on-FPGA/src/conv.cpp"}
2026-03-15 23:32:16 [debug] : MonacoEditorModel.doSync - enter {"0":"file:///home/abdullah/Desktop/CNN-on-FPGA/src/conv.cpp"}
2026-03-15 23:32:16 [debug] : MonacoEditorModel.doSync - exit - cancelled {"0":"file:///home/abdullah/Desktop/CNN-on-FPGA/src/conv.cpp"}
2026-03-15 23:32:16 [debug] : MonacoEditorModel.doSync - enter {"0":"file:///home/abdullah/Desktop/CNN-on-FPGA/src/conv.cpp"}
2026-03-15 23:32:16 [debug] : MonacoEditorModel.doSync - exit - cancelled {"0":"file:///home/abdullah/Desktop/CNN-on-FPGA/src/conv.cpp"}
2026-03-15 23:32:16 [debug] : MonacoEditorModel.doSync - enter {"0":"file:///home/abdullah/Desktop/CNN-on-FPGA/src/conv.cpp"}
2026-03-15 23:32:16 [debug] : MonacoEditorModel.doSync - exit - cancelled {"0":"file:///home/abdullah/Desktop/CNN-on-FPGA/src/conv.cpp"}
2026-03-15 23:32:16 [debug] : MonacoEditorModel.doSync - enter {"0":"file:///home/abdullah/Desktop/CNN-on-FPGA/src/conv.cpp"}
2026-03-15 23:32:16 [debug] : MonacoEditorModel.doSync - exit - cancelled {"0":"file:///home/abdullah/Desktop/CNN-on-FPGA/src/conv.cpp"}
2026-03-15 23:32:16 [debug] : MonacoEditorModel.doSync - enter {"0":"file:///home/abdullah/Desktop/CNN-on-FPGA/src/conv.cpp"}
2026-03-15 23:32:16 [debug] : MonacoEditorModel.doSync - exit - cancelled {"0":"file:///home/abdullah/Desktop/CNN-on-FPGA/src/conv.cpp"}
2026-03-15 23:32:16 [debug] : MonacoEditorModel.doSync - enter {"0":"file:///home/abdullah/Desktop/CNN-on-FPGA/src/conv.cpp"}
2026-03-15 23:32:16 [debug] : MonacoEditorModel.doSync - exit - cancelled {"0":"file:///home/abdullah/Desktop/CNN-on-FPGA/src/conv.cpp"}
2026-03-15 23:32:16 [debug] : MonacoEditorModel.doSync - enter {"0":"file:///home/abdullah/Desktop/CNN-on-FPGA/src/conv.cpp"}
2026-03-15 23:32:16 [debug] : MonacoEditorModel.doSync - exit - cancelled {"0":"file:///home/abdullah/Desktop/CNN-on-FPGA/src/conv.cpp"}
2026-03-15 23:32:16 [debug] : MonacoEditorModel.doSync - enter {"0":"file:///home/abdullah/Desktop/CNN-on-FPGA/src/conv.cpp"}
2026-03-15 23:32:16 [debug] : MonacoEditorModel.doSync - exit - cancelled {"0":"file:///home/abdullah/Desktop/CNN-on-FPGA/src/conv.cpp"}
2026-03-15 23:32:16 [debug] : MonacoEditorModel.doSync - enter {"0":"file:///home/abdullah/Desktop/CNN-on-FPGA/src/conv.cpp"}
2026-03-15 23:32:16 [debug] : MonacoEditorModel.doSync - exit - cancelled {"0":"file:///home/abdullah/Desktop/CNN-on-FPGA/src/conv.cpp"}
2026-03-15 23:32:16 [debug] : MonacoEditorModel.doSync - enter {"0":"file:///home/abdullah/Desktop/CNN-on-FPGA/src/conv.cpp"}
2026-03-15 23:32:16 [debug] : start navigation 1 
2026-03-15 23:32:16 [debug] : end navigation 0 
2026-03-15 23:32:16 [debug] : ending navigation with location {"uri":"file:///home/abdullah/Desktop/CNN-on-FPGA/src/conv.cpp","type":2,"context":{"range":{"start":{"line":14,"character":0},"end":{"line":14,"character":0}},"rangeLength":0,"text":"\n        LOAD_1: for(int i=0; i<784; i++) {\n        #pragma HLS PIPELINE II=1\n        temp[i] = input[i];\n    }\n"}} 
2026-03-15 23:32:16 [debug] : start navigation 1 
2026-03-15 23:32:16 [debug] : end navigation 0 
2026-03-15 23:32:16 [debug] : ending navigation with location {"uri":"file:///home/abdullah/Desktop/CNN-on-FPGA/src/conv.cpp","type":0,"context":{"line":40,"character":0}} 
2026-03-15 23:32:16 [debug] : MonacoEditorModel.fireDidChangeContent - enter - {
  "changes": [
    {
      "range": {
        "startLineNumber": 15,
        "startColumn": 1,
        "endLineNumber": 15,
        "endColumn": 1
      },
      "rangeLength": 0,
      "text": "\n        LOAD_1: for(int i=0; i<784; i++) {\n        #pragma HLS PIPELINE II=1\n        temp[i] = input[i];\n    }\n",
      "rangeOffset": 416,
      "forceMoveMarkers": true
    }
  ],
  "eol": "\n",
  "isEolChange": false,
  "versionId": 4,
  "isUndoing": false,
  "isRedoing": false,
  "isFlush": false
} {"0":"file:///home/abdullah/Desktop/CNN-on-FPGA/src/conv.cpp"}
2026-03-15 23:32:16 [debug] : MonacoEditorModel.markAsDirty - enter {"0":"file:///home/abdullah/Desktop/CNN-on-FPGA/src/conv.cpp"}
2026-03-15 23:32:16 [debug] : MonacoEditorModel.markAsDirty - exit - ignoring dirty changes enabled {"0":"file:///home/abdullah/Desktop/CNN-on-FPGA/src/conv.cpp"}
2026-03-15 23:32:16 [debug] : MonacoEditorModel.fireDidChangeContent - exit {"0":"file:///home/abdullah/Desktop/CNN-on-FPGA/src/conv.cpp"}
2026-03-15 23:32:16 [debug] : MonacoEditorModel.doSync - exit {"0":"file:///home/abdullah/Desktop/CNN-on-FPGA/src/conv.cpp"}
2026-03-15 23:32:18 [debug] : MonacoEditorModel.cancelSync {"0":"file:///home/abdullah/Desktop/CNN-on-FPGA/src/conv.cpp"}
2026-03-15 23:32:18 [debug] : MonacoEditorModel.doSync - enter {"0":"file:///home/abdullah/Desktop/CNN-on-FPGA/src/conv.cpp"}
2026-03-15 23:32:18 [debug] : MonacoEditorModel.cancelSync {"0":"file:///home/abdullah/Desktop/CNN-on-FPGA/src/conv.cpp"}
2026-03-15 23:32:18 [debug] : MonacoEditorModel.cancelSync {"0":"file:///home/abdullah/Desktop/CNN-on-FPGA/src/conv.cpp"}
2026-03-15 23:32:18 [debug] : MonacoEditorModel.cancelSync {"0":"file:///home/abdullah/Desktop/CNN-on-FPGA/src/conv.cpp"}
2026-03-15 23:32:18 [debug] : MonacoEditorModel.cancelSync {"0":"file:///home/abdullah/Desktop/CNN-on-FPGA/src/conv.cpp"}
2026-03-15 23:32:18 [debug] : MonacoEditorModel.cancelSync {"0":"file:///home/abdullah/Desktop/CNN-on-FPGA/src/conv.cpp"}
2026-03-15 23:32:18 [debug] : MonacoEditorModel.cancelSync {"0":"file:///home/abdullah/Desktop/CNN-on-FPGA/src/conv.cpp"}
2026-03-15 23:32:18 [debug] : MonacoEditorModel.cancelSync {"0":"file:///home/abdullah/Desktop/CNN-on-FPGA/src/conv.cpp"}
2026-03-15 23:32:18 [debug] : MonacoEditorModel.cancelSync {"0":"file:///home/abdullah/Desktop/CNN-on-FPGA/src/conv.cpp"}
2026-03-15 23:32:18 [debug] : MonacoEditorModel.cancelSync {"0":"file:///home/abdullah/Desktop/CNN-on-FPGA/src/conv.cpp"}
2026-03-15 23:32:18 [debug] : MonacoEditorModel.cancelSync {"0":"file:///home/abdullah/Desktop/CNN-on-FPGA/src/conv.cpp"}
2026-03-15 23:32:18 [debug] : MonacoEditorModel.cancelSync {"0":"file:///home/abdullah/Desktop/CNN-on-FPGA/src/conv.cpp"}
2026-03-15 23:32:18 [debug] : MonacoEditorModel.cancelSync {"0":"file:///home/abdullah/Desktop/CNN-on-FPGA/src/conv.cpp"}
2026-03-15 23:32:18 [debug] : MonacoEditorModel.cancelSync {"0":"file:///home/abdullah/Desktop/CNN-on-FPGA/src/conv.cpp"}
2026-03-15 23:32:18 [debug] : MonacoEditorModel.cancelSync {"0":"file:///home/abdullah/Desktop/CNN-on-FPGA/src/conv.cpp"}
2026-03-15 23:32:18 [debug] : MonacoEditorModel.cancelSync {"0":"file:///home/abdullah/Desktop/CNN-on-FPGA/src/conv.cpp"}
2026-03-15 23:32:18 [debug] : MonacoEditorModel.cancelSync {"0":"file:///home/abdullah/Desktop/CNN-on-FPGA/src/conv.cpp"}
2026-03-15 23:32:18 [debug] : MonacoEditorModel.cancelSync {"0":"file:///home/abdullah/Desktop/CNN-on-FPGA/src/conv.cpp"}
2026-03-15 23:32:18 [debug] : MonacoEditorModel.doSync - exit - cancelled while looking for a resource {"0":"file:///home/abdullah/Desktop/CNN-on-FPGA/src/conv.cpp"}
2026-03-15 23:32:18 [debug] : MonacoEditorModel.doSync - enter {"0":"file:///home/abdullah/Desktop/CNN-on-FPGA/src/conv.cpp"}
2026-03-15 23:32:18 [debug] : MonacoEditorModel.doSync - exit - cancelled {"0":"file:///home/abdullah/Desktop/CNN-on-FPGA/src/conv.cpp"}
2026-03-15 23:32:18 [debug] : MonacoEditorModel.doSync - enter {"0":"file:///home/abdullah/Desktop/CNN-on-FPGA/src/conv.cpp"}
2026-03-15 23:32:18 [debug] : MonacoEditorModel.doSync - exit - cancelled {"0":"file:///home/abdullah/Desktop/CNN-on-FPGA/src/conv.cpp"}
2026-03-15 23:32:18 [debug] : MonacoEditorModel.doSync - enter {"0":"file:///home/abdullah/Desktop/CNN-on-FPGA/src/conv.cpp"}
2026-03-15 23:32:18 [debug] : MonacoEditorModel.doSync - exit - cancelled {"0":"file:///home/abdullah/Desktop/CNN-on-FPGA/src/conv.cpp"}
2026-03-15 23:32:18 [debug] : MonacoEditorModel.doSync - enter {"0":"file:///home/abdullah/Desktop/CNN-on-FPGA/src/conv.cpp"}
2026-03-15 23:32:18 [debug] : MonacoEditorModel.doSync - exit - cancelled {"0":"file:///home/abdullah/Desktop/CNN-on-FPGA/src/conv.cpp"}
2026-03-15 23:32:18 [debug] : MonacoEditorModel.doSync - enter {"0":"file:///home/abdullah/Desktop/CNN-on-FPGA/src/conv.cpp"}
2026-03-15 23:32:18 [debug] : MonacoEditorModel.doSync - exit - cancelled {"0":"file:///home/abdullah/Desktop/CNN-on-FPGA/src/conv.cpp"}
2026-03-15 23:32:18 [debug] : MonacoEditorModel.doSync - enter {"0":"file:///home/abdullah/Desktop/CNN-on-FPGA/src/conv.cpp"}
2026-03-15 23:32:18 [debug] : MonacoEditorModel.doSync - exit - cancelled {"0":"file:///home/abdullah/Desktop/CNN-on-FPGA/src/conv.cpp"}
2026-03-15 23:32:18 [debug] : MonacoEditorModel.doSync - enter {"0":"file:///home/abdullah/Desktop/CNN-on-FPGA/src/conv.cpp"}
2026-03-15 23:32:18 [debug] : MonacoEditorModel.doSync - exit - cancelled {"0":"file:///home/abdullah/Desktop/CNN-on-FPGA/src/conv.cpp"}
2026-03-15 23:32:18 [debug] : MonacoEditorModel.doSync - enter {"0":"file:///home/abdullah/Desktop/CNN-on-FPGA/src/conv.cpp"}
2026-03-15 23:32:18 [debug] : MonacoEditorModel.doSync - exit - cancelled {"0":"file:///home/abdullah/Desktop/CNN-on-FPGA/src/conv.cpp"}
2026-03-15 23:32:18 [debug] : MonacoEditorModel.doSync - enter {"0":"file:///home/abdullah/Desktop/CNN-on-FPGA/src/conv.cpp"}
2026-03-15 23:32:18 [debug] : MonacoEditorModel.doSync - exit - cancelled {"0":"file:///home/abdullah/Desktop/CNN-on-FPGA/src/conv.cpp"}
2026-03-15 23:32:18 [debug] : MonacoEditorModel.doSync - enter {"0":"file:///home/abdullah/Desktop/CNN-on-FPGA/src/conv.cpp"}
2026-03-15 23:32:18 [debug] : MonacoEditorModel.doSync - exit - cancelled {"0":"file:///home/abdullah/Desktop/CNN-on-FPGA/src/conv.cpp"}
2026-03-15 23:32:18 [debug] : MonacoEditorModel.doSync - enter {"0":"file:///home/abdullah/Desktop/CNN-on-FPGA/src/conv.cpp"}
2026-03-15 23:32:18 [debug] : MonacoEditorModel.doSync - exit - cancelled {"0":"file:///home/abdullah/Desktop/CNN-on-FPGA/src/conv.cpp"}
2026-03-15 23:32:18 [debug] : MonacoEditorModel.doSync - enter {"0":"file:///home/abdullah/Desktop/CNN-on-FPGA/src/conv.cpp"}
2026-03-15 23:32:18 [debug] : MonacoEditorModel.doSync - exit - cancelled {"0":"file:///home/abdullah/Desktop/CNN-on-FPGA/src/conv.cpp"}
2026-03-15 23:32:18 [debug] : MonacoEditorModel.doSync - enter {"0":"file:///home/abdullah/Desktop/CNN-on-FPGA/src/conv.cpp"}
2026-03-15 23:32:18 [debug] : MonacoEditorModel.doSync - exit - cancelled {"0":"file:///home/abdullah/Desktop/CNN-on-FPGA/src/conv.cpp"}
2026-03-15 23:32:18 [debug] : MonacoEditorModel.doSync - enter {"0":"file:///home/abdullah/Desktop/CNN-on-FPGA/src/conv.cpp"}
2026-03-15 23:32:18 [debug] : MonacoEditorModel.doSync - exit - cancelled {"0":"file:///home/abdullah/Desktop/CNN-on-FPGA/src/conv.cpp"}
2026-03-15 23:32:18 [debug] : MonacoEditorModel.doSync - enter {"0":"file:///home/abdullah/Desktop/CNN-on-FPGA/src/conv.cpp"}
2026-03-15 23:32:18 [debug] : MonacoEditorModel.doSync - exit - cancelled {"0":"file:///home/abdullah/Desktop/CNN-on-FPGA/src/conv.cpp"}
2026-03-15 23:32:18 [debug] : MonacoEditorModel.doSync - enter {"0":"file:///home/abdullah/Desktop/CNN-on-FPGA/src/conv.cpp"}
2026-03-15 23:32:18 [debug] : MonacoEditorModel.doSync - exit - cancelled {"0":"file:///home/abdullah/Desktop/CNN-on-FPGA/src/conv.cpp"}
2026-03-15 23:32:18 [debug] : MonacoEditorModel.doSync - enter {"0":"file:///home/abdullah/Desktop/CNN-on-FPGA/src/conv.cpp"}
2026-03-15 23:32:18 [debug] : start navigation 1 
2026-03-15 23:32:18 [debug] : end navigation 0 
2026-03-15 23:32:18 [debug] : ending navigation with location {"uri":"file:///home/abdullah/Desktop/CNN-on-FPGA/src/conv.cpp","type":2,"context":{"range":{"start":{"line":15,"character":0},"end":{"line":16,"character":0}},"rangeLength":43,"text":"    LOAD_1: for(int i=0; i<784; i++) {\n"}} 
2026-03-15 23:32:18 [debug] : MonacoEditorModel.fireDidChangeContent - enter - {
  "changes": [
    {
      "range": {
        "startLineNumber": 16,
        "startColumn": 1,
        "endLineNumber": 17,
        "endColumn": 1
      },
      "rangeLength": 43,
      "text": "    LOAD_1: for(int i=0; i<784; i++) {\n",
      "rangeOffset": 417,
      "forceMoveMarkers": true
    }
  ],
  "eol": "\n",
  "isEolChange": false,
  "versionId": 5,
  "isUndoing": false,
  "isRedoing": false,
  "isFlush": false
} {"0":"file:///home/abdullah/Desktop/CNN-on-FPGA/src/conv.cpp"}
2026-03-15 23:32:18 [debug] : MonacoEditorModel.markAsDirty - enter {"0":"file:///home/abdullah/Desktop/CNN-on-FPGA/src/conv.cpp"}
2026-03-15 23:32:18 [debug] : MonacoEditorModel.markAsDirty - exit - ignoring dirty changes enabled {"0":"file:///home/abdullah/Desktop/CNN-on-FPGA/src/conv.cpp"}
2026-03-15 23:32:18 [debug] : MonacoEditorModel.fireDidChangeContent - exit {"0":"file:///home/abdullah/Desktop/CNN-on-FPGA/src/conv.cpp"}
2026-03-15 23:32:18 [debug] : MonacoEditorModel.doSync - exit {"0":"file:///home/abdullah/Desktop/CNN-on-FPGA/src/conv.cpp"}
2026-03-15 23:32:20 [debug] : MonacoEditorModel.cancelSync {"0":"file:///home/abdullah/Desktop/CNN-on-FPGA/src/conv.cpp"}
2026-03-15 23:32:20 [debug] : MonacoEditorModel.doSync - enter {"0":"file:///home/abdullah/Desktop/CNN-on-FPGA/src/conv.cpp"}
2026-03-15 23:32:20 [debug] : MonacoEditorModel.cancelSync {"0":"file:///home/abdullah/Desktop/CNN-on-FPGA/src/conv.cpp"}
2026-03-15 23:32:20 [debug] : MonacoEditorModel.cancelSync {"0":"file:///home/abdullah/Desktop/CNN-on-FPGA/src/conv.cpp"}
2026-03-15 23:32:20 [debug] : MonacoEditorModel.cancelSync {"0":"file:///home/abdullah/Desktop/CNN-on-FPGA/src/conv.cpp"}
2026-03-15 23:32:20 [debug] : MonacoEditorModel.cancelSync {"0":"file:///home/abdullah/Desktop/CNN-on-FPGA/src/conv.cpp"}
2026-03-15 23:32:20 [debug] : MonacoEditorModel.cancelSync {"0":"file:///home/abdullah/Desktop/CNN-on-FPGA/src/conv.cpp"}
2026-03-15 23:32:20 [debug] : MonacoEditorModel.cancelSync {"0":"file:///home/abdullah/Desktop/CNN-on-FPGA/src/conv.cpp"}
2026-03-15 23:32:20 [debug] : MonacoEditorModel.cancelSync {"0":"file:///home/abdullah/Desktop/CNN-on-FPGA/src/conv.cpp"}
2026-03-15 23:32:20 [debug] : MonacoEditorModel.cancelSync {"0":"file:///home/abdullah/Desktop/CNN-on-FPGA/src/conv.cpp"}
2026-03-15 23:32:20 [debug] : MonacoEditorModel.cancelSync {"0":"file:///home/abdullah/Desktop/CNN-on-FPGA/src/conv.cpp"}
2026-03-15 23:32:20 [debug] : MonacoEditorModel.cancelSync {"0":"file:///home/abdullah/Desktop/CNN-on-FPGA/src/conv.cpp"}
2026-03-15 23:32:20 [debug] : MonacoEditorModel.cancelSync {"0":"file:///home/abdullah/Desktop/CNN-on-FPGA/src/conv.cpp"}
2026-03-15 23:32:20 [debug] : MonacoEditorModel.cancelSync {"0":"file:///home/abdullah/Desktop/CNN-on-FPGA/src/conv.cpp"}
2026-03-15 23:32:20 [debug] : MonacoEditorModel.cancelSync {"0":"file:///home/abdullah/Desktop/CNN-on-FPGA/src/conv.cpp"}
2026-03-15 23:32:20 [debug] : MonacoEditorModel.cancelSync {"0":"file:///home/abdullah/Desktop/CNN-on-FPGA/src/conv.cpp"}
2026-03-15 23:32:20 [debug] : MonacoEditorModel.cancelSync {"0":"file:///home/abdullah/Desktop/CNN-on-FPGA/src/conv.cpp"}
2026-03-15 23:32:20 [debug] : MonacoEditorModel.cancelSync {"0":"file:///home/abdullah/Desktop/CNN-on-FPGA/src/conv.cpp"}
2026-03-15 23:32:20 [debug] : MonacoEditorModel.cancelSync {"0":"file:///home/abdullah/Desktop/CNN-on-FPGA/src/conv.cpp"}
2026-03-15 23:32:20 [debug] : MonacoEditorModel.doSync - exit - cancelled while looking for a resource {"0":"file:///home/abdullah/Desktop/CNN-on-FPGA/src/conv.cpp"}
2026-03-15 23:32:20 [debug] : MonacoEditorModel.doSync - enter {"0":"file:///home/abdullah/Desktop/CNN-on-FPGA/src/conv.cpp"}
2026-03-15 23:32:20 [debug] : MonacoEditorModel.doSync - exit - cancelled {"0":"file:///home/abdullah/Desktop/CNN-on-FPGA/src/conv.cpp"}
2026-03-15 23:32:20 [debug] : MonacoEditorModel.doSync - enter {"0":"file:///home/abdullah/Desktop/CNN-on-FPGA/src/conv.cpp"}
2026-03-15 23:32:20 [debug] : MonacoEditorModel.doSync - exit - cancelled {"0":"file:///home/abdullah/Desktop/CNN-on-FPGA/src/conv.cpp"}
2026-03-15 23:32:20 [debug] : MonacoEditorModel.doSync - enter {"0":"file:///home/abdullah/Desktop/CNN-on-FPGA/src/conv.cpp"}
2026-03-15 23:32:20 [debug] : MonacoEditorModel.doSync - exit - cancelled {"0":"file:///home/abdullah/Desktop/CNN-on-FPGA/src/conv.cpp"}
2026-03-15 23:32:20 [debug] : MonacoEditorModel.doSync - enter {"0":"file:///home/abdullah/Desktop/CNN-on-FPGA/src/conv.cpp"}
2026-03-15 23:32:20 [debug] : MonacoEditorModel.doSync - exit - cancelled {"0":"file:///home/abdullah/Desktop/CNN-on-FPGA/src/conv.cpp"}
2026-03-15 23:32:20 [debug] : MonacoEditorModel.doSync - enter {"0":"file:///home/abdullah/Desktop/CNN-on-FPGA/src/conv.cpp"}
2026-03-15 23:32:20 [debug] : MonacoEditorModel.doSync - exit - cancelled {"0":"file:///home/abdullah/Desktop/CNN-on-FPGA/src/conv.cpp"}
2026-03-15 23:32:20 [debug] : MonacoEditorModel.doSync - enter {"0":"file:///home/abdullah/Desktop/CNN-on-FPGA/src/conv.cpp"}
2026-03-15 23:32:20 [debug] : MonacoEditorModel.doSync - exit - cancelled {"0":"file:///home/abdullah/Desktop/CNN-on-FPGA/src/conv.cpp"}
2026-03-15 23:32:20 [debug] : MonacoEditorModel.doSync - enter {"0":"file:///home/abdullah/Desktop/CNN-on-FPGA/src/conv.cpp"}
2026-03-15 23:32:20 [debug] : MonacoEditorModel.doSync - exit - cancelled {"0":"file:///home/abdullah/Desktop/CNN-on-FPGA/src/conv.cpp"}
2026-03-15 23:32:20 [debug] : MonacoEditorModel.doSync - enter {"0":"file:///home/abdullah/Desktop/CNN-on-FPGA/src/conv.cpp"}
2026-03-15 23:32:20 [debug] : MonacoEditorModel.doSync - exit - cancelled {"0":"file:///home/abdullah/Desktop/CNN-on-FPGA/src/conv.cpp"}
2026-03-15 23:32:20 [debug] : MonacoEditorModel.doSync - enter {"0":"file:///home/abdullah/Desktop/CNN-on-FPGA/src/conv.cpp"}
2026-03-15 23:32:20 [debug] : MonacoEditorModel.doSync - exit - cancelled {"0":"file:///home/abdullah/Desktop/CNN-on-FPGA/src/conv.cpp"}
2026-03-15 23:32:20 [debug] : MonacoEditorModel.doSync - enter {"0":"file:///home/abdullah/Desktop/CNN-on-FPGA/src/conv.cpp"}
2026-03-15 23:32:20 [debug] : MonacoEditorModel.doSync - exit - cancelled {"0":"file:///home/abdullah/Desktop/CNN-on-FPGA/src/conv.cpp"}
2026-03-15 23:32:20 [debug] : MonacoEditorModel.doSync - enter {"0":"file:///home/abdullah/Desktop/CNN-on-FPGA/src/conv.cpp"}
2026-03-15 23:32:20 [debug] : MonacoEditorModel.doSync - exit - cancelled {"0":"file:///home/abdullah/Desktop/CNN-on-FPGA/src/conv.cpp"}
2026-03-15 23:32:20 [debug] : MonacoEditorModel.doSync - enter {"0":"file:///home/abdullah/Desktop/CNN-on-FPGA/src/conv.cpp"}
2026-03-15 23:32:20 [debug] : MonacoEditorModel.doSync - exit - cancelled {"0":"file:///home/abdullah/Desktop/CNN-on-FPGA/src/conv.cpp"}
2026-03-15 23:32:20 [debug] : MonacoEditorModel.doSync - enter {"0":"file:///home/abdullah/Desktop/CNN-on-FPGA/src/conv.cpp"}
2026-03-15 23:32:20 [debug] : MonacoEditorModel.doSync - exit - cancelled {"0":"file:///home/abdullah/Desktop/CNN-on-FPGA/src/conv.cpp"}
2026-03-15 23:32:20 [debug] : MonacoEditorModel.doSync - enter {"0":"file:///home/abdullah/Desktop/CNN-on-FPGA/src/conv.cpp"}
2026-03-15 23:32:20 [debug] : MonacoEditorModel.doSync - exit - cancelled {"0":"file:///home/abdullah/Desktop/CNN-on-FPGA/src/conv.cpp"}
2026-03-15 23:32:20 [debug] : MonacoEditorModel.doSync - enter {"0":"file:///home/abdullah/Desktop/CNN-on-FPGA/src/conv.cpp"}
2026-03-15 23:32:20 [debug] : MonacoEditorModel.doSync - exit - cancelled {"0":"file:///home/abdullah/Desktop/CNN-on-FPGA/src/conv.cpp"}
2026-03-15 23:32:20 [debug] : MonacoEditorModel.doSync - enter {"0":"file:///home/abdullah/Desktop/CNN-on-FPGA/src/conv.cpp"}
2026-03-15 23:32:20 [debug] : MonacoEditorModel.doSync - exit - cancelled {"0":"file:///home/abdullah/Desktop/CNN-on-FPGA/src/conv.cpp"}
2026-03-15 23:32:20 [debug] : MonacoEditorModel.doSync - enter {"0":"file:///home/abdullah/Desktop/CNN-on-FPGA/src/conv.cpp"}
2026-03-15 23:32:20 [debug] : start navigation 1 
2026-03-15 23:32:20 [debug] : end navigation 0 
2026-03-15 23:32:20 [debug] : ending navigation with location {"uri":"file:///home/abdullah/Desktop/CNN-on-FPGA/src/conv.cpp","type":2,"context":{"range":{"start":{"line":12,"character":0},"end":{"line":13,"character":0}},"rangeLength":70,"text":"    #pragma HLS ARRAY_PARTITION variable=temp cyclic factor=16 dim=1\n"}} 
2026-03-15 23:32:20 [debug] : MonacoEditorModel.fireDidChangeContent - enter - {
  "changes": [
    {
      "range": {
        "startLineNumber": 13,
        "startColumn": 1,
        "endLineNumber": 14,
        "endColumn": 1
      },
      "rangeLength": 70,
      "text": "    #pragma HLS ARRAY_PARTITION variable=temp cyclic factor=16 dim=1\n",
      "rangeOffset": 280,
      "forceMoveMarkers": true
    }
  ],
  "eol": "\n",
  "isEolChange": false,
  "versionId": 6,
  "isUndoing": false,
  "isRedoing": false,
  "isFlush": false
} {"0":"file:///home/abdullah/Desktop/CNN-on-FPGA/src/conv.cpp"}
2026-03-15 23:32:20 [debug] : MonacoEditorModel.markAsDirty - enter {"0":"file:///home/abdullah/Desktop/CNN-on-FPGA/src/conv.cpp"}
2026-03-15 23:32:20 [debug] : MonacoEditorModel.markAsDirty - exit - ignoring dirty changes enabled {"0":"file:///home/abdullah/Desktop/CNN-on-FPGA/src/conv.cpp"}
2026-03-15 23:32:20 [debug] : MonacoEditorModel.fireDidChangeContent - exit {"0":"file:///home/abdullah/Desktop/CNN-on-FPGA/src/conv.cpp"}
2026-03-15 23:32:20 [debug] : MonacoEditorModel.doSync - exit {"0":"file:///home/abdullah/Desktop/CNN-on-FPGA/src/conv.cpp"}
2026-03-15 23:32:22 [debug] : MonacoEditorModel.cancelSync {"0":"file:///home/abdullah/Desktop/CNN-on-FPGA/src/conv.cpp"}
2026-03-15 23:32:22 [debug] : MonacoEditorModel.doSync - enter {"0":"file:///home/abdullah/Desktop/CNN-on-FPGA/src/conv.cpp"}
2026-03-15 23:32:22 [debug] : MonacoEditorModel.cancelSync {"0":"file:///home/abdullah/Desktop/CNN-on-FPGA/src/conv.cpp"}
2026-03-15 23:32:22 [debug] : MonacoEditorModel.cancelSync {"0":"file:///home/abdullah/Desktop/CNN-on-FPGA/src/conv.cpp"}
2026-03-15 23:32:22 [debug] : MonacoEditorModel.cancelSync {"0":"file:///home/abdullah/Desktop/CNN-on-FPGA/src/conv.cpp"}
2026-03-15 23:32:22 [debug] : MonacoEditorModel.cancelSync {"0":"file:///home/abdullah/Desktop/CNN-on-FPGA/src/conv.cpp"}
2026-03-15 23:32:22 [debug] : MonacoEditorModel.cancelSync {"0":"file:///home/abdullah/Desktop/CNN-on-FPGA/src/conv.cpp"}
2026-03-15 23:32:22 [debug] : MonacoEditorModel.cancelSync {"0":"file:///home/abdullah/Desktop/CNN-on-FPGA/src/conv.cpp"}
2026-03-15 23:32:22 [debug] : MonacoEditorModel.cancelSync {"0":"file:///home/abdullah/Desktop/CNN-on-FPGA/src/conv.cpp"}
2026-03-15 23:32:22 [debug] : MonacoEditorModel.cancelSync {"0":"file:///home/abdullah/Desktop/CNN-on-FPGA/src/conv.cpp"}
2026-03-15 23:32:22 [debug] : MonacoEditorModel.cancelSync {"0":"file:///home/abdullah/Desktop/CNN-on-FPGA/src/conv.cpp"}
2026-03-15 23:32:22 [debug] : MonacoEditorModel.cancelSync {"0":"file:///home/abdullah/Desktop/CNN-on-FPGA/src/conv.cpp"}
2026-03-15 23:32:22 [debug] : MonacoEditorModel.cancelSync {"0":"file:///home/abdullah/Desktop/CNN-on-FPGA/src/conv.cpp"}
2026-03-15 23:32:22 [debug] : MonacoEditorModel.cancelSync {"0":"file:///home/abdullah/Desktop/CNN-on-FPGA/src/conv.cpp"}
2026-03-15 23:32:22 [debug] : MonacoEditorModel.cancelSync {"0":"file:///home/abdullah/Desktop/CNN-on-FPGA/src/conv.cpp"}
2026-03-15 23:32:22 [debug] : MonacoEditorModel.cancelSync {"0":"file:///home/abdullah/Desktop/CNN-on-FPGA/src/conv.cpp"}
2026-03-15 23:32:22 [debug] : MonacoEditorModel.cancelSync {"0":"file:///home/abdullah/Desktop/CNN-on-FPGA/src/conv.cpp"}
2026-03-15 23:32:22 [debug] : MonacoEditorModel.cancelSync {"0":"file:///home/abdullah/Desktop/CNN-on-FPGA/src/conv.cpp"}
2026-03-15 23:32:22 [debug] : MonacoEditorModel.cancelSync {"0":"file:///home/abdullah/Desktop/CNN-on-FPGA/src/conv.cpp"}
2026-03-15 23:32:22 [debug] : MonacoEditorModel.doSync - exit - cancelled while looking for a resource {"0":"file:///home/abdullah/Desktop/CNN-on-FPGA/src/conv.cpp"}
2026-03-15 23:32:22 [debug] : MonacoEditorModel.doSync - enter {"0":"file:///home/abdullah/Desktop/CNN-on-FPGA/src/conv.cpp"}
2026-03-15 23:32:22 [debug] : MonacoEditorModel.doSync - exit - cancelled {"0":"file:///home/abdullah/Desktop/CNN-on-FPGA/src/conv.cpp"}
2026-03-15 23:32:22 [debug] : MonacoEditorModel.doSync - enter {"0":"file:///home/abdullah/Desktop/CNN-on-FPGA/src/conv.cpp"}
2026-03-15 23:32:22 [debug] : MonacoEditorModel.doSync - exit - cancelled {"0":"file:///home/abdullah/Desktop/CNN-on-FPGA/src/conv.cpp"}
2026-03-15 23:32:22 [debug] : MonacoEditorModel.doSync - enter {"0":"file:///home/abdullah/Desktop/CNN-on-FPGA/src/conv.cpp"}
2026-03-15 23:32:22 [debug] : MonacoEditorModel.doSync - exit - cancelled {"0":"file:///home/abdullah/Desktop/CNN-on-FPGA/src/conv.cpp"}
2026-03-15 23:32:22 [debug] : MonacoEditorModel.doSync - enter {"0":"file:///home/abdullah/Desktop/CNN-on-FPGA/src/conv.cpp"}
2026-03-15 23:32:22 [debug] : MonacoEditorModel.doSync - exit - cancelled {"0":"file:///home/abdullah/Desktop/CNN-on-FPGA/src/conv.cpp"}
2026-03-15 23:32:22 [debug] : MonacoEditorModel.doSync - enter {"0":"file:///home/abdullah/Desktop/CNN-on-FPGA/src/conv.cpp"}
2026-03-15 23:32:22 [debug] : MonacoEditorModel.doSync - exit - cancelled {"0":"file:///home/abdullah/Desktop/CNN-on-FPGA/src/conv.cpp"}
2026-03-15 23:32:22 [debug] : MonacoEditorModel.doSync - enter {"0":"file:///home/abdullah/Desktop/CNN-on-FPGA/src/conv.cpp"}
2026-03-15 23:32:22 [debug] : MonacoEditorModel.doSync - exit - cancelled {"0":"file:///home/abdullah/Desktop/CNN-on-FPGA/src/conv.cpp"}
2026-03-15 23:32:22 [debug] : MonacoEditorModel.doSync - enter {"0":"file:///home/abdullah/Desktop/CNN-on-FPGA/src/conv.cpp"}
2026-03-15 23:32:22 [debug] : MonacoEditorModel.doSync - exit - cancelled {"0":"file:///home/abdullah/Desktop/CNN-on-FPGA/src/conv.cpp"}
2026-03-15 23:32:22 [debug] : MonacoEditorModel.doSync - enter {"0":"file:///home/abdullah/Desktop/CNN-on-FPGA/src/conv.cpp"}
2026-03-15 23:32:22 [debug] : MonacoEditorModel.doSync - exit - cancelled {"0":"file:///home/abdullah/Desktop/CNN-on-FPGA/src/conv.cpp"}
2026-03-15 23:32:22 [debug] : MonacoEditorModel.doSync - enter {"0":"file:///home/abdullah/Desktop/CNN-on-FPGA/src/conv.cpp"}
2026-03-15 23:32:22 [debug] : MonacoEditorModel.doSync - exit - cancelled {"0":"file:///home/abdullah/Desktop/CNN-on-FPGA/src/conv.cpp"}
2026-03-15 23:32:22 [debug] : MonacoEditorModel.doSync - enter {"0":"file:///home/abdullah/Desktop/CNN-on-FPGA/src/conv.cpp"}
2026-03-15 23:32:22 [debug] : MonacoEditorModel.doSync - exit - cancelled {"0":"file:///home/abdullah/Desktop/CNN-on-FPGA/src/conv.cpp"}
2026-03-15 23:32:22 [debug] : MonacoEditorModel.doSync - enter {"0":"file:///home/abdullah/Desktop/CNN-on-FPGA/src/conv.cpp"}
2026-03-15 23:32:22 [debug] : MonacoEditorModel.doSync - exit - cancelled {"0":"file:///home/abdullah/Desktop/CNN-on-FPGA/src/conv.cpp"}
2026-03-15 23:32:22 [debug] : MonacoEditorModel.doSync - enter {"0":"file:///home/abdullah/Desktop/CNN-on-FPGA/src/conv.cpp"}
2026-03-15 23:32:22 [debug] : MonacoEditorModel.doSync - exit - cancelled {"0":"file:///home/abdullah/Desktop/CNN-on-FPGA/src/conv.cpp"}
2026-03-15 23:32:22 [debug] : MonacoEditorModel.doSync - enter {"0":"file:///home/abdullah/Desktop/CNN-on-FPGA/src/conv.cpp"}
2026-03-15 23:32:22 [debug] : MonacoEditorModel.doSync - exit - cancelled {"0":"file:///home/abdullah/Desktop/CNN-on-FPGA/src/conv.cpp"}
2026-03-15 23:32:22 [debug] : MonacoEditorModel.doSync - enter {"0":"file:///home/abdullah/Desktop/CNN-on-FPGA/src/conv.cpp"}
2026-03-15 23:32:22 [debug] : MonacoEditorModel.doSync - exit - cancelled {"0":"file:///home/abdullah/Desktop/CNN-on-FPGA/src/conv.cpp"}
2026-03-15 23:32:22 [debug] : MonacoEditorModel.doSync - enter {"0":"file:///home/abdullah/Desktop/CNN-on-FPGA/src/conv.cpp"}
2026-03-15 23:32:22 [debug] : MonacoEditorModel.doSync - exit - cancelled {"0":"file:///home/abdullah/Desktop/CNN-on-FPGA/src/conv.cpp"}
2026-03-15 23:32:22 [debug] : MonacoEditorModel.doSync - enter {"0":"file:///home/abdullah/Desktop/CNN-on-FPGA/src/conv.cpp"}
2026-03-15 23:32:22 [debug] : MonacoEditorModel.doSync - exit - cancelled {"0":"file:///home/abdullah/Desktop/CNN-on-FPGA/src/conv.cpp"}
2026-03-15 23:32:22 [debug] : MonacoEditorModel.doSync - enter {"0":"file:///home/abdullah/Desktop/CNN-on-FPGA/src/conv.cpp"}
2026-03-15 23:32:22 [debug] : start navigation 1 
2026-03-15 23:32:22 [debug] : end navigation 0 
2026-03-15 23:32:22 [debug] : ending navigation with location {"uri":"file:///home/abdullah/Desktop/CNN-on-FPGA/src/conv.cpp","type":2,"context":{"range":{"start":{"line":13,"character":0},"end":{"line":14,"character":0}},"rangeLength":66,"text":"    #pragma HLS bind_storage variable=temp type=RAM_2P impl=BRAM\n"}} 
2026-03-15 23:32:22 [debug] : MonacoEditorModel.fireDidChangeContent - enter - {
  "changes": [
    {
      "range": {
        "startLineNumber": 14,
        "startColumn": 1,
        "endLineNumber": 15,
        "endColumn": 1
      },
      "rangeLength": 66,
      "text": "    #pragma HLS bind_storage variable=temp type=RAM_2P impl=BRAM\n",
      "rangeOffset": 349,
      "forceMoveMarkers": true
    }
  ],
  "eol": "\n",
  "isEolChange": false,
  "versionId": 7,
  "isUndoing": false,
  "isRedoing": false,
  "isFlush": false
} {"0":"file:///home/abdullah/Desktop/CNN-on-FPGA/src/conv.cpp"}
2026-03-15 23:32:22 [debug] : MonacoEditorModel.markAsDirty - enter {"0":"file:///home/abdullah/Desktop/CNN-on-FPGA/src/conv.cpp"}
2026-03-15 23:32:22 [debug] : MonacoEditorModel.markAsDirty - exit - ignoring dirty changes enabled {"0":"file:///home/abdullah/Desktop/CNN-on-FPGA/src/conv.cpp"}
2026-03-15 23:32:22 [debug] : MonacoEditorModel.fireDidChangeContent - exit {"0":"file:///home/abdullah/Desktop/CNN-on-FPGA/src/conv.cpp"}
2026-03-15 23:32:22 [debug] : MonacoEditorModel.doSync - exit {"0":"file:///home/abdullah/Desktop/CNN-on-FPGA/src/conv.cpp"}
2026-03-15 23:32:43 [debug] : start navigation 1 
2026-03-15 23:32:44 [debug] : start navigation 2 
2026-03-15 23:32:44 [debug] : end navigation 1 
2026-03-15 23:32:44 [debug] : TextEditor is disposed! 
2026-03-15 23:32:44 [debug] : TextEditor is disposed! 
2026-03-15 23:32:44 [debug] : start navigation 2 
2026-03-15 23:32:44 [debug] : end navigation 1 
2026-03-15 23:32:44 [debug] : end navigation 0 
2026-03-15 23:32:44 [debug] : ending navigation with location {"uri":"file:///home/abdullah/Desktop/CNN-on-FPGA/src/eight.cpp","type":0,"context":{"line":22,"character":0}} 
2026-03-15 23:32:48 [debug] : start navigation 1 
2026-03-15 23:32:48 [debug] : end navigation 0 
2026-03-15 23:32:48 [debug] : ending navigation with location {"uri":"file:///home/abdullah/Desktop/CNN-on-FPGA/src/eight.cpp","type":0,"context":{"line":23,"character":36}} 
2026-03-15 23:33:16 [debug] : MonacoEditorModel.cancelSync {"0":"file:///home/abdullah/Desktop/CNN-on-FPGA/src/conv.cpp"}
2026-03-15 23:33:16 [debug] : MonacoEditorModel.doSync - enter {"0":"file:///home/abdullah/Desktop/CNN-on-FPGA/src/conv.cpp"}
2026-03-15 23:33:16 [debug] : MonacoEditorModel.cancelSync {"0":"file:///home/abdullah/Desktop/CNN-on-FPGA/src/conv.cpp"}
2026-03-15 23:33:16 [debug] : MonacoEditorModel.cancelSync {"0":"file:///home/abdullah/Desktop/CNN-on-FPGA/src/conv.cpp"}
2026-03-15 23:33:16 [debug] : MonacoEditorModel.cancelSync {"0":"file:///home/abdullah/Desktop/CNN-on-FPGA/src/conv.cpp"}
2026-03-15 23:33:16 [debug] : MonacoEditorModel.cancelSync {"0":"file:///home/abdullah/Desktop/CNN-on-FPGA/src/conv.cpp"}
2026-03-15 23:33:16 [debug] : MonacoEditorModel.cancelSync {"0":"file:///home/abdullah/Desktop/CNN-on-FPGA/src/conv.cpp"}
2026-03-15 23:33:16 [debug] : MonacoEditorModel.cancelSync {"0":"file:///home/abdullah/Desktop/CNN-on-FPGA/src/conv.cpp"}
2026-03-15 23:33:16 [debug] : MonacoEditorModel.cancelSync {"0":"file:///home/abdullah/Desktop/CNN-on-FPGA/src/conv.cpp"}
2026-03-15 23:33:16 [debug] : MonacoEditorModel.cancelSync {"0":"file:///home/abdullah/Desktop/CNN-on-FPGA/src/conv.cpp"}
2026-03-15 23:33:16 [debug] : MonacoEditorModel.cancelSync {"0":"file:///home/abdullah/Desktop/CNN-on-FPGA/src/conv.cpp"}
2026-03-15 23:33:16 [debug] : MonacoEditorModel.cancelSync {"0":"file:///home/abdullah/Desktop/CNN-on-FPGA/src/conv.cpp"}
2026-03-15 23:33:16 [debug] : MonacoEditorModel.cancelSync {"0":"file:///home/abdullah/Desktop/CNN-on-FPGA/src/conv.cpp"}
2026-03-15 23:33:16 [debug] : MonacoEditorModel.cancelSync {"0":"file:///home/abdullah/Desktop/CNN-on-FPGA/src/conv.cpp"}
2026-03-15 23:33:16 [debug] : MonacoEditorModel.cancelSync {"0":"file:///home/abdullah/Desktop/CNN-on-FPGA/src/conv.cpp"}
2026-03-15 23:33:16 [debug] : MonacoEditorModel.cancelSync {"0":"file:///home/abdullah/Desktop/CNN-on-FPGA/src/conv.cpp"}
2026-03-15 23:33:16 [debug] : MonacoEditorModel.cancelSync {"0":"file:///home/abdullah/Desktop/CNN-on-FPGA/src/conv.cpp"}
2026-03-15 23:33:16 [debug] : MonacoEditorModel.cancelSync {"0":"file:///home/abdullah/Desktop/CNN-on-FPGA/src/conv.cpp"}
2026-03-15 23:33:16 [debug] : MonacoEditorModel.cancelSync {"0":"file:///home/abdullah/Desktop/CNN-on-FPGA/src/conv.cpp"}
2026-03-15 23:33:16 [debug] : MonacoEditorModel.cancelSync {"0":"file:///home/abdullah/Desktop/CNN-on-FPGA/src/conv.cpp"}
2026-03-15 23:33:16 [debug] : MonacoEditorModel.doSync - exit - cancelled while looking for a resource {"0":"file:///home/abdullah/Desktop/CNN-on-FPGA/src/conv.cpp"}
2026-03-15 23:33:16 [debug] : MonacoEditorModel.doSync - enter {"0":"file:///home/abdullah/Desktop/CNN-on-FPGA/src/conv.cpp"}
2026-03-15 23:33:16 [debug] : MonacoEditorModel.doSync - exit - cancelled {"0":"file:///home/abdullah/Desktop/CNN-on-FPGA/src/conv.cpp"}
2026-03-15 23:33:16 [debug] : MonacoEditorModel.doSync - enter {"0":"file:///home/abdullah/Desktop/CNN-on-FPGA/src/conv.cpp"}
2026-03-15 23:33:16 [debug] : MonacoEditorModel.doSync - exit - cancelled {"0":"file:///home/abdullah/Desktop/CNN-on-FPGA/src/conv.cpp"}
2026-03-15 23:33:16 [debug] : MonacoEditorModel.doSync - enter {"0":"file:///home/abdullah/Desktop/CNN-on-FPGA/src/conv.cpp"}
2026-03-15 23:33:16 [debug] : MonacoEditorModel.doSync - exit - cancelled {"0":"file:///home/abdullah/Desktop/CNN-on-FPGA/src/conv.cpp"}
2026-03-15 23:33:16 [debug] : MonacoEditorModel.doSync - enter {"0":"file:///home/abdullah/Desktop/CNN-on-FPGA/src/conv.cpp"}
2026-03-15 23:33:16 [debug] : MonacoEditorModel.doSync - exit - cancelled {"0":"file:///home/abdullah/Desktop/CNN-on-FPGA/src/conv.cpp"}
2026-03-15 23:33:16 [debug] : MonacoEditorModel.doSync - enter {"0":"file:///home/abdullah/Desktop/CNN-on-FPGA/src/conv.cpp"}
2026-03-15 23:33:16 [debug] : MonacoEditorModel.doSync - exit - cancelled {"0":"file:///home/abdullah/Desktop/CNN-on-FPGA/src/conv.cpp"}
2026-03-15 23:33:16 [debug] : MonacoEditorModel.doSync - enter {"0":"file:///home/abdullah/Desktop/CNN-on-FPGA/src/conv.cpp"}
2026-03-15 23:33:16 [debug] : MonacoEditorModel.doSync - exit - cancelled {"0":"file:///home/abdullah/Desktop/CNN-on-FPGA/src/conv.cpp"}
2026-03-15 23:33:16 [debug] : MonacoEditorModel.doSync - enter {"0":"file:///home/abdullah/Desktop/CNN-on-FPGA/src/conv.cpp"}
2026-03-15 23:33:16 [debug] : MonacoEditorModel.doSync - exit - cancelled {"0":"file:///home/abdullah/Desktop/CNN-on-FPGA/src/conv.cpp"}
2026-03-15 23:33:16 [debug] : MonacoEditorModel.doSync - enter {"0":"file:///home/abdullah/Desktop/CNN-on-FPGA/src/conv.cpp"}
2026-03-15 23:33:16 [debug] : MonacoEditorModel.doSync - exit - cancelled {"0":"file:///home/abdullah/Desktop/CNN-on-FPGA/src/conv.cpp"}
2026-03-15 23:33:16 [debug] : MonacoEditorModel.doSync - enter {"0":"file:///home/abdullah/Desktop/CNN-on-FPGA/src/conv.cpp"}
2026-03-15 23:33:16 [debug] : MonacoEditorModel.doSync - exit - cancelled {"0":"file:///home/abdullah/Desktop/CNN-on-FPGA/src/conv.cpp"}
2026-03-15 23:33:16 [debug] : MonacoEditorModel.doSync - enter {"0":"file:///home/abdullah/Desktop/CNN-on-FPGA/src/conv.cpp"}
2026-03-15 23:33:16 [debug] : MonacoEditorModel.doSync - exit - cancelled {"0":"file:///home/abdullah/Desktop/CNN-on-FPGA/src/conv.cpp"}
2026-03-15 23:33:16 [debug] : MonacoEditorModel.doSync - enter {"0":"file:///home/abdullah/Desktop/CNN-on-FPGA/src/conv.cpp"}
2026-03-15 23:33:16 [debug] : MonacoEditorModel.doSync - exit - cancelled {"0":"file:///home/abdullah/Desktop/CNN-on-FPGA/src/conv.cpp"}
2026-03-15 23:33:16 [debug] : MonacoEditorModel.doSync - enter {"0":"file:///home/abdullah/Desktop/CNN-on-FPGA/src/conv.cpp"}
2026-03-15 23:33:16 [debug] : MonacoEditorModel.doSync - exit - cancelled {"0":"file:///home/abdullah/Desktop/CNN-on-FPGA/src/conv.cpp"}
2026-03-15 23:33:16 [debug] : MonacoEditorModel.doSync - enter {"0":"file:///home/abdullah/Desktop/CNN-on-FPGA/src/conv.cpp"}
2026-03-15 23:33:16 [debug] : MonacoEditorModel.doSync - exit - cancelled {"0":"file:///home/abdullah/Desktop/CNN-on-FPGA/src/conv.cpp"}
2026-03-15 23:33:16 [debug] : MonacoEditorModel.doSync - enter {"0":"file:///home/abdullah/Desktop/CNN-on-FPGA/src/conv.cpp"}
2026-03-15 23:33:16 [debug] : MonacoEditorModel.doSync - exit - cancelled {"0":"file:///home/abdullah/Desktop/CNN-on-FPGA/src/conv.cpp"}
2026-03-15 23:33:16 [debug] : MonacoEditorModel.doSync - enter {"0":"file:///home/abdullah/Desktop/CNN-on-FPGA/src/conv.cpp"}
2026-03-15 23:33:16 [debug] : MonacoEditorModel.doSync - exit - cancelled {"0":"file:///home/abdullah/Desktop/CNN-on-FPGA/src/conv.cpp"}
2026-03-15 23:33:16 [debug] : MonacoEditorModel.doSync - enter {"0":"file:///home/abdullah/Desktop/CNN-on-FPGA/src/conv.cpp"}
2026-03-15 23:33:16 [debug] : MonacoEditorModel.doSync - exit - cancelled {"0":"file:///home/abdullah/Desktop/CNN-on-FPGA/src/conv.cpp"}
2026-03-15 23:33:16 [debug] : MonacoEditorModel.doSync - enter {"0":"file:///home/abdullah/Desktop/CNN-on-FPGA/src/conv.cpp"}
2026-03-15 23:33:16 [debug] : MonacoEditorModel.doSync - exit - cancelled {"0":"file:///home/abdullah/Desktop/CNN-on-FPGA/src/conv.cpp"}
2026-03-15 23:33:16 [debug] : MonacoEditorModel.doSync - enter {"0":"file:///home/abdullah/Desktop/CNN-on-FPGA/src/conv.cpp"}
2026-03-15 23:33:16 [debug] : MonacoEditorModel.fireDidChangeContent - enter - {
  "changes": [
    {
      "range": {
        "startLineNumber": 41,
        "startColumn": 1,
        "endLineNumber": 42,
        "endColumn": 1
      },
      "rangeLength": 78,
      "text": "                            sum += temp[inputIdx] * conv1_weight[weightIdx];\n",
      "rangeOffset": 1472,
      "forceMoveMarkers": true
    }
  ],
  "eol": "\n",
  "isEolChange": false,
  "versionId": 8,
  "isUndoing": false,
  "isRedoing": false,
  "isFlush": false
} {"0":"file:///home/abdullah/Desktop/CNN-on-FPGA/src/conv.cpp"}
2026-03-15 23:33:16 [debug] : MonacoEditorModel.markAsDirty - enter {"0":"file:///home/abdullah/Desktop/CNN-on-FPGA/src/conv.cpp"}
2026-03-15 23:33:16 [debug] : MonacoEditorModel.markAsDirty - exit - ignoring dirty changes enabled {"0":"file:///home/abdullah/Desktop/CNN-on-FPGA/src/conv.cpp"}
2026-03-15 23:33:16 [debug] : MonacoEditorModel.fireDidChangeContent - exit {"0":"file:///home/abdullah/Desktop/CNN-on-FPGA/src/conv.cpp"}
2026-03-15 23:33:16 [debug] : MonacoEditorModel.doSync - exit {"0":"file:///home/abdullah/Desktop/CNN-on-FPGA/src/conv.cpp"}
2026-03-15 23:33:21 [debug] : hls.flow_target {"0":[{"value":"vivado","description":"Vivado IP Flow Target"},{"value":"vitis","description":"Vitis Kernel Flow Target"}],"1":"vivado","2":"vivado","3":"vivado"}
2026-03-15 23:33:22 [debug] : [Hls Flow Server] Executing method:runOperation with connection:(object). {"0":"request:","1":{"componentLocation":"/home/abdullah/Desktop/CNN-on-FPGA/hls_component","operationType":1}}
2026-03-15 23:33:22 [debug] : Received event from notification service: ON_DID_LAUNCH_START. 
2026-03-15 23:33:28 [debug] : Received event from notification service: ON_DID_UPDATE_SUMMARY. 
2026-03-15 23:33:28 [debug] : Event posted using notification server in backend. {"0":{"wrappers_":{},"arrayIndexOffset_":-1,"array":["d062cc5f-98d3-4dae-9ad7-f31307fbdfdb",null,53,null,null,null,null,"list-reports"],"pivot_":1.7976931348623157e+308,"convertedPrimitiveFields_":{}}}
2026-03-15 23:33:28 [debug] : Received event from notification service: ON_START_ANALYSIS_PROGRESS. 
2026-03-15 23:33:28 [debug] : Event posted using notification server in backend. {"0":{"wrappers_":{},"arrayIndexOffset_":-1,"array":["6871c04c-740a-48dd-9d43-c65b9f77f253",null,54,null,null,null,null,"list-reports"],"pivot_":1.7976931348623157e+308,"convertedPrimitiveFields_":{}}}
2026-03-15 23:33:28 [debug] : Received event from notification service: ON_STOP_ANALYSIS_PROGRESS. 
2026-03-15 23:34:02 [debug] : Received event from notification service: ON_DID_UPDATE_SUMMARY. 
2026-03-15 23:34:02 [debug] : Event posted using notification server in backend. {"0":{"wrappers_":{},"arrayIndexOffset_":-1,"array":["9cfaa6df-ea4b-476a-ad34-1681a79a54b4",null,53,null,null,null,null,"list-reports"],"pivot_":1.7976931348623157e+308,"convertedPrimitiveFields_":{}}}
2026-03-15 23:34:02 [debug] : Received event from notification service: ON_START_ANALYSIS_PROGRESS. 
2026-03-15 23:34:02 [debug] : Event posted using notification server in backend. {"0":{"wrappers_":{},"arrayIndexOffset_":-1,"array":["985f8d72-8efb-498d-a891-482c6a0ac777",null,54,null,null,null,null,"list-reports"],"pivot_":1.7976931348623157e+308,"convertedPrimitiveFields_":{}}}
2026-03-15 23:34:02 [debug] : Received event from notification service: ON_STOP_ANALYSIS_PROGRESS. 
2026-03-15 23:34:02 [debug] : [Hls Flow Server] Executing method:cancelOperation with connection:(object). {"0":"request:","1":{"componentLocation":"/home/abdullah/Desktop/CNN-on-FPGA/hls_component","operationType":1}}
2026-03-15 23:34:02 [debug] : Received event from notification service: ON_DID_LAUNCH_STOP. 
2026-03-15 23:34:02 [debug] : Received event from notification service: ON_DID_UPDATE_SUMMARY. 
2026-03-15 23:34:02 [debug] : Event posted using notification server in backend. {"0":{"wrappers_":{},"arrayIndexOffset_":-1,"array":["43f08b14-b7ef-4ece-8665-e2217314d09f",null,53,null,null,null,null,"list-reports"],"pivot_":1.7976931348623157e+308,"convertedPrimitiveFields_":{}}}
2026-03-15 23:34:02 [debug] : Received event from notification service: ON_START_ANALYSIS_PROGRESS. 
2026-03-15 23:34:02 [debug] : Event posted using notification server in backend. {"0":{"wrappers_":{},"arrayIndexOffset_":-1,"array":["d3a79c7b-1c40-4697-8e1e-b5938fc6e25d",null,54,null,null,null,null,"list-reports"],"pivot_":1.7976931348623157e+308,"convertedPrimitiveFields_":{}}}
2026-03-15 23:34:02 [debug] : Received event from notification service: ON_STOP_ANALYSIS_PROGRESS. 
2026-03-15 23:34:06 [debug] : Failed to open this link because its target is missing. 
2026-03-15 23:34:07 [debug] : 0.800000011920929 {"0":7,"1":6.199999988079071,"2":15,"3":true}
2026-03-15 23:34:07 [debug] : SELECTED {"0":"hls-report-section-general-information::urn:analysis-report/top-517628394/synthesis-1219712035"}
2026-03-15 23:34:07 [debug] : 16.799999237060547 {"0":7,"1":9.799999237060547,"2":15,"3":true}
2026-03-15 23:34:07 [debug] : SELECTED {"0":"hls-report-section-general-information::urn:analysis-report/top-517628394/synthesis-1219712035"}
2026-03-15 23:34:07 [debug] : 96 {"0":7,"1":89,"2":15,"3":false}
2026-03-15 23:34:07 [debug] : 96 {"0":144,"1":48,"2":15,"3":false}
2026-03-15 23:34:07 [debug] : 96 {"0":174,"1":78,"2":15,"3":false}
2026-03-15 23:34:07 [debug] : 96 {"0":298,"1":202,"2":15,"3":false}
2026-03-15 23:34:07 [debug] : 96 {"0":625,"1":529,"2":15,"3":false}
2026-03-15 23:34:07 [debug] : 96 {"0":655,"1":559,"2":15,"3":false}
2026-03-15 23:34:07 [debug] : 96 {"0":779,"1":683,"2":15,"3":false}
2026-03-15 23:34:07 [debug] : 96 {"0":881,"1":785,"2":15,"3":false}
2026-03-15 23:34:07 [debug] : 96 {"0":1221,"1":1125,"2":15,"3":false}
2026-03-15 23:34:07 [debug] : 96 {"0":1426,"1":1330,"2":15,"3":false}
2026-03-15 23:34:07 [debug] : 96 {"0":1456,"1":1360,"2":15,"3":false}
2026-03-15 23:34:07 [debug] : 96 {"0":1590,"1":1494,"2":15,"3":false}
2026-03-15 23:34:07 [debug] : 96 {"0":1857,"1":1761,"2":15,"3":false}
2026-03-15 23:34:07 [debug] : 96 {"0":1887,"1":1791,"2":15,"3":false}
2026-03-15 23:34:07 [debug] : 96 {"0":2020,"1":1924,"2":15,"3":false}
2026-03-15 23:34:07 [debug] : 96 {"0":2247,"1":2151,"2":15,"3":false}
2026-03-15 23:34:07 [debug] : 96 {"0":2277,"1":2181,"2":15,"3":false}
2026-03-15 23:34:07 [debug] : 96 {"0":2317,"1":2221,"2":15,"3":false}
2026-03-15 23:34:07 [debug] : 96 {"0":2706,"1":2610,"2":15,"3":false}
2026-03-15 23:34:07 [debug] : 96 {"0":3080,"1":2984,"2":15,"3":false}
2026-03-15 23:34:07 [debug] : 223.1999969482422 {"0":7,"1":216.1999969482422,"2":15,"3":false}
2026-03-15 23:34:07 [debug] : 223.1999969482422 {"0":144,"1":79.19999694824219,"2":15,"3":false}
2026-03-15 23:34:07 [debug] : 223.1999969482422 {"0":174,"1":49.19999694824219,"2":15,"3":false}
2026-03-15 23:34:07 [debug] : 223.1999969482422 {"0":298,"1":74.80000305175781,"2":15,"3":false}
2026-03-15 23:34:07 [debug] : 223.1999969482422 {"0":625,"1":401.8000030517578,"2":15,"3":false}
2026-03-15 23:34:07 [debug] : 223.1999969482422 {"0":655,"1":431.8000030517578,"2":15,"3":false}
2026-03-15 23:34:07 [debug] : 223.1999969482422 {"0":779,"1":555.8000030517578,"2":15,"3":false}
2026-03-15 23:34:07 [debug] : 223.1999969482422 {"0":881,"1":657.8000030517578,"2":15,"3":false}
2026-03-15 23:34:07 [debug] : 223.1999969482422 {"0":1221,"1":997.8000030517578,"2":15,"3":false}
2026-03-15 23:34:07 [debug] : 223.1999969482422 {"0":1426,"1":1202.8000030517578,"2":15,"3":false}
2026-03-15 23:34:07 [debug] : 223.1999969482422 {"0":1456,"1":1232.8000030517578,"2":15,"3":false}
2026-03-15 23:34:07 [debug] : 223.1999969482422 {"0":1590,"1":1366.8000030517578,"2":15,"3":false}
2026-03-15 23:34:07 [debug] : 223.1999969482422 {"0":1857,"1":1633.8000030517578,"2":15,"3":false}
2026-03-15 23:34:07 [debug] : 223.1999969482422 {"0":1887,"1":1663.8000030517578,"2":15,"3":false}
2026-03-15 23:34:07 [debug] : 223.1999969482422 {"0":2020,"1":1796.8000030517578,"2":15,"3":false}
2026-03-15 23:34:07 [debug] : 223.1999969482422 {"0":2247,"1":2023.8000030517578,"2":15,"3":false}
2026-03-15 23:34:07 [debug] : 223.1999969482422 {"0":2277,"1":2053.800003051758,"2":15,"3":false}
2026-03-15 23:34:07 [debug] : 223.1999969482422 {"0":2317,"1":2093.800003051758,"2":15,"3":false}
2026-03-15 23:34:07 [debug] : 223.1999969482422 {"0":2706,"1":2482.800003051758,"2":15,"3":false}
2026-03-15 23:34:07 [debug] : 223.1999969482422 {"0":3080,"1":2856.800003051758,"2":15,"3":false}
2026-03-15 23:34:07 [debug] : 338.3999938964844 {"0":7,"1":331.3999938964844,"2":15,"3":false}
2026-03-15 23:34:07 [debug] : 338.3999938964844 {"0":144,"1":194.39999389648438,"2":15,"3":false}
2026-03-15 23:34:07 [debug] : 338.3999938964844 {"0":174,"1":164.39999389648438,"2":15,"3":false}
2026-03-15 23:34:07 [debug] : 338.3999938964844 {"0":298,"1":40.399993896484375,"2":15,"3":false}
2026-03-15 23:34:07 [debug] : 338.3999938964844 {"0":625,"1":286.6000061035156,"2":15,"3":false}
2026-03-15 23:34:07 [debug] : 338.3999938964844 {"0":655,"1":316.6000061035156,"2":15,"3":false}
2026-03-15 23:34:07 [debug] : 338.3999938964844 {"0":779,"1":440.6000061035156,"2":15,"3":false}
2026-03-15 23:34:07 [debug] : 338.3999938964844 {"0":881,"1":542.6000061035156,"2":15,"3":false}
2026-03-15 23:34:07 [debug] : 338.3999938964844 {"0":1221,"1":882.6000061035156,"2":15,"3":false}
2026-03-15 23:34:07 [debug] : 338.3999938964844 {"0":1426,"1":1087.6000061035156,"2":15,"3":false}
2026-03-15 23:34:07 [debug] : 338.3999938964844 {"0":1456,"1":1117.6000061035156,"2":15,"3":false}
2026-03-15 23:34:07 [debug] : 338.3999938964844 {"0":1590,"1":1251.6000061035156,"2":15,"3":false}
2026-03-15 23:34:07 [debug] : 338.3999938964844 {"0":1857,"1":1518.6000061035156,"2":15,"3":false}
2026-03-15 23:34:07 [debug] : 338.3999938964844 {"0":1887,"1":1548.6000061035156,"2":15,"3":false}
2026-03-15 23:34:07 [debug] : 338.3999938964844 {"0":2020,"1":1681.6000061035156,"2":15,"3":false}
2026-03-15 23:34:07 [debug] : 338.3999938964844 {"0":2247,"1":1908.6000061035156,"2":15,"3":false}
2026-03-15 23:34:07 [debug] : 338.3999938964844 {"0":2277,"1":1938.6000061035156,"2":15,"3":false}
2026-03-15 23:34:07 [debug] : 338.3999938964844 {"0":2317,"1":1978.6000061035156,"2":15,"3":false}
2026-03-15 23:34:07 [debug] : 338.3999938964844 {"0":2706,"1":2367.6000061035156,"2":15,"3":false}
2026-03-15 23:34:07 [debug] : 338.3999938964844 {"0":3080,"1":2741.6000061035156,"2":15,"3":false}
2026-03-15 23:34:07 [debug] : 431.20001220703125 {"0":7,"1":424.20001220703125,"2":15,"3":false}
2026-03-15 23:34:07 [debug] : 431.20001220703125 {"0":144,"1":287.20001220703125,"2":15,"3":false}
2026-03-15 23:34:07 [debug] : 431.20001220703125 {"0":174,"1":257.20001220703125,"2":15,"3":false}
2026-03-15 23:34:07 [debug] : 431.20001220703125 {"0":298,"1":133.20001220703125,"2":15,"3":false}
2026-03-15 23:34:07 [debug] : 431.20001220703125 {"0":625,"1":193.79998779296875,"2":15,"3":false}
2026-03-15 23:34:07 [debug] : 431.20001220703125 {"0":655,"1":223.79998779296875,"2":15,"3":false}
2026-03-15 23:34:07 [debug] : 431.20001220703125 {"0":779,"1":347.79998779296875,"2":15,"3":false}
2026-03-15 23:34:07 [debug] : 431.20001220703125 {"0":881,"1":449.79998779296875,"2":15,"3":false}
2026-03-15 23:34:07 [debug] : 431.20001220703125 {"0":1221,"1":789.7999877929688,"2":15,"3":false}
2026-03-15 23:34:07 [debug] : 431.20001220703125 {"0":1426,"1":994.7999877929688,"2":15,"3":false}
2026-03-15 23:34:07 [debug] : 431.20001220703125 {"0":1456,"1":1024.7999877929688,"2":15,"3":false}
2026-03-15 23:34:07 [debug] : 431.20001220703125 {"0":1590,"1":1158.7999877929688,"2":15,"3":false}
2026-03-15 23:34:07 [debug] : 431.20001220703125 {"0":1857,"1":1425.7999877929688,"2":15,"3":false}
2026-03-15 23:34:07 [debug] : 431.20001220703125 {"0":1887,"1":1455.7999877929688,"2":15,"3":false}
2026-03-15 23:34:07 [debug] : 431.20001220703125 {"0":2020,"1":1588.7999877929688,"2":15,"3":false}
2026-03-15 23:34:07 [debug] : 431.20001220703125 {"0":2247,"1":1815.7999877929688,"2":15,"3":false}
2026-03-15 23:34:07 [debug] : 431.20001220703125 {"0":2277,"1":1845.7999877929688,"2":15,"3":false}
2026-03-15 23:34:07 [debug] : 431.20001220703125 {"0":2317,"1":1885.7999877929688,"2":15,"3":false}
2026-03-15 23:34:07 [debug] : 431.20001220703125 {"0":2706,"1":2274.7999877929688,"2":15,"3":false}
2026-03-15 23:34:07 [debug] : 431.20001220703125 {"0":3080,"1":2648.7999877929688,"2":15,"3":false}
2026-03-15 23:34:07 [debug] : 438.3999938964844 {"0":7,"1":431.3999938964844,"2":15,"3":false}
2026-03-15 23:34:07 [debug] : 438.3999938964844 {"0":144,"1":294.3999938964844,"2":15,"3":false}
2026-03-15 23:34:07 [debug] : 438.3999938964844 {"0":174,"1":264.3999938964844,"2":15,"3":false}
2026-03-15 23:34:07 [debug] : 438.3999938964844 {"0":298,"1":140.39999389648438,"2":15,"3":false}
2026-03-15 23:34:07 [debug] : 438.3999938964844 {"0":625,"1":186.60000610351562,"2":15,"3":false}
2026-03-15 23:34:07 [debug] : 438.3999938964844 {"0":655,"1":216.60000610351562,"2":15,"3":false}
2026-03-15 23:34:07 [debug] : 438.3999938964844 {"0":779,"1":340.6000061035156,"2":15,"3":false}
2026-03-15 23:34:07 [debug] : 438.3999938964844 {"0":881,"1":442.6000061035156,"2":15,"3":false}
2026-03-15 23:34:07 [debug] : 438.3999938964844 {"0":1221,"1":782.6000061035156,"2":15,"3":false}
2026-03-15 23:34:07 [debug] : 438.3999938964844 {"0":1426,"1":987.6000061035156,"2":15,"3":false}
2026-03-15 23:34:07 [debug] : 438.3999938964844 {"0":1456,"1":1017.6000061035156,"2":15,"3":false}
2026-03-15 23:34:07 [debug] : 438.3999938964844 {"0":1590,"1":1151.6000061035156,"2":15,"3":false}
2026-03-15 23:34:07 [debug] : 438.3999938964844 {"0":1857,"1":1418.6000061035156,"2":15,"3":false}
2026-03-15 23:34:07 [debug] : 438.3999938964844 {"0":1887,"1":1448.6000061035156,"2":15,"3":false}
2026-03-15 23:34:07 [debug] : 438.3999938964844 {"0":2020,"1":1581.6000061035156,"2":15,"3":false}
2026-03-15 23:34:07 [debug] : 438.3999938964844 {"0":2247,"1":1808.6000061035156,"2":15,"3":false}
2026-03-15 23:34:07 [debug] : 438.3999938964844 {"0":2277,"1":1838.6000061035156,"2":15,"3":false}
2026-03-15 23:34:07 [debug] : 438.3999938964844 {"0":2317,"1":1878.6000061035156,"2":15,"3":false}
2026-03-15 23:34:07 [debug] : 438.3999938964844 {"0":2706,"1":2267.6000061035156,"2":15,"3":false}
2026-03-15 23:34:07 [debug] : 438.3999938964844 {"0":3080,"1":2641.6000061035156,"2":15,"3":false}
2026-03-15 23:34:08 [debug] : 439.20001220703125 {"0":7,"1":432.20001220703125,"2":15,"3":false}
2026-03-15 23:34:08 [debug] : 439.20001220703125 {"0":144,"1":295.20001220703125,"2":15,"3":false}
2026-03-15 23:34:08 [debug] : 439.20001220703125 {"0":174,"1":265.20001220703125,"2":15,"3":false}
2026-03-15 23:34:08 [debug] : 439.20001220703125 {"0":298,"1":141.20001220703125,"2":15,"3":false}
2026-03-15 23:34:08 [debug] : 439.20001220703125 {"0":625,"1":185.79998779296875,"2":15,"3":false}
2026-03-15 23:34:08 [debug] : 439.20001220703125 {"0":655,"1":215.79998779296875,"2":15,"3":false}
2026-03-15 23:34:08 [debug] : 439.20001220703125 {"0":779,"1":339.79998779296875,"2":15,"3":false}
2026-03-15 23:34:08 [debug] : 439.20001220703125 {"0":881,"1":441.79998779296875,"2":15,"3":false}
2026-03-15 23:34:08 [debug] : 439.20001220703125 {"0":1221,"1":781.7999877929688,"2":15,"3":false}
2026-03-15 23:34:08 [debug] : 439.20001220703125 {"0":1426,"1":986.7999877929688,"2":15,"3":false}
2026-03-15 23:34:08 [debug] : 439.20001220703125 {"0":1456,"1":1016.7999877929688,"2":15,"3":false}
2026-03-15 23:34:08 [debug] : 439.20001220703125 {"0":1590,"1":1150.7999877929688,"2":15,"3":false}
2026-03-15 23:34:08 [debug] : 439.20001220703125 {"0":1857,"1":1417.7999877929688,"2":15,"3":false}
2026-03-15 23:34:08 [debug] : 439.20001220703125 {"0":1887,"1":1447.7999877929688,"2":15,"3":false}
2026-03-15 23:34:08 [debug] : 439.20001220703125 {"0":2020,"1":1580.7999877929688,"2":15,"3":false}
2026-03-15 23:34:08 [debug] : 439.20001220703125 {"0":2247,"1":1807.7999877929688,"2":15,"3":false}
2026-03-15 23:34:08 [debug] : 439.20001220703125 {"0":2277,"1":1837.7999877929688,"2":15,"3":false}
2026-03-15 23:34:08 [debug] : 439.20001220703125 {"0":2317,"1":1877.7999877929688,"2":15,"3":false}
2026-03-15 23:34:08 [debug] : 439.20001220703125 {"0":2706,"1":2266.7999877929688,"2":15,"3":false}
2026-03-15 23:34:08 [debug] : 439.20001220703125 {"0":3080,"1":2640.7999877929688,"2":15,"3":false}
2026-03-15 23:34:08 [debug] : 440.79998779296875 {"0":7,"1":433.79998779296875,"2":15,"3":false}
2026-03-15 23:34:08 [debug] : 440.79998779296875 {"0":144,"1":296.79998779296875,"2":15,"3":false}
2026-03-15 23:34:08 [debug] : 440.79998779296875 {"0":174,"1":266.79998779296875,"2":15,"3":false}
2026-03-15 23:34:08 [debug] : 440.79998779296875 {"0":298,"1":142.79998779296875,"2":15,"3":false}
2026-03-15 23:34:08 [debug] : 440.79998779296875 {"0":625,"1":184.20001220703125,"2":15,"3":false}
2026-03-15 23:34:08 [debug] : 440.79998779296875 {"0":655,"1":214.20001220703125,"2":15,"3":false}
2026-03-15 23:34:08 [debug] : 440.79998779296875 {"0":779,"1":338.20001220703125,"2":15,"3":false}
2026-03-15 23:34:08 [debug] : 440.79998779296875 {"0":881,"1":440.20001220703125,"2":15,"3":false}
2026-03-15 23:34:08 [debug] : 440.79998779296875 {"0":1221,"1":780.2000122070312,"2":15,"3":false}
2026-03-15 23:34:08 [debug] : 440.79998779296875 {"0":1426,"1":985.2000122070312,"2":15,"3":false}
2026-03-15 23:34:08 [debug] : 440.79998779296875 {"0":1456,"1":1015.2000122070312,"2":15,"3":false}
2026-03-15 23:34:08 [debug] : 440.79998779296875 {"0":1590,"1":1149.2000122070312,"2":15,"3":false}
2026-03-15 23:34:08 [debug] : 440.79998779296875 {"0":1857,"1":1416.2000122070312,"2":15,"3":false}
2026-03-15 23:34:08 [debug] : 440.79998779296875 {"0":1887,"1":1446.2000122070312,"2":15,"3":false}
2026-03-15 23:34:08 [debug] : 440.79998779296875 {"0":2020,"1":1579.2000122070312,"2":15,"3":false}
2026-03-15 23:34:08 [debug] : 440.79998779296875 {"0":2247,"1":1806.2000122070312,"2":15,"3":false}
2026-03-15 23:34:08 [debug] : 440.79998779296875 {"0":2277,"1":1836.2000122070312,"2":15,"3":false}
2026-03-15 23:34:08 [debug] : 440.79998779296875 {"0":2317,"1":1876.2000122070312,"2":15,"3":false}
2026-03-15 23:34:08 [debug] : 440.79998779296875 {"0":2706,"1":2265.2000122070312,"2":15,"3":false}
2026-03-15 23:34:08 [debug] : 440.79998779296875 {"0":3080,"1":2639.2000122070312,"2":15,"3":false}
2026-03-15 23:34:08 [debug] : 442.3999938964844 {"0":7,"1":435.3999938964844,"2":15,"3":false}
2026-03-15 23:34:08 [debug] : 442.3999938964844 {"0":144,"1":298.3999938964844,"2":15,"3":false}
2026-03-15 23:34:08 [debug] : 442.3999938964844 {"0":174,"1":268.3999938964844,"2":15,"3":false}
2026-03-15 23:34:08 [debug] : 442.3999938964844 {"0":298,"1":144.39999389648438,"2":15,"3":false}
2026-03-15 23:34:08 [debug] : 442.3999938964844 {"0":625,"1":182.60000610351562,"2":15,"3":false}
2026-03-15 23:34:08 [debug] : 442.3999938964844 {"0":655,"1":212.60000610351562,"2":15,"3":false}
2026-03-15 23:34:08 [debug] : 442.3999938964844 {"0":779,"1":336.6000061035156,"2":15,"3":false}
2026-03-15 23:34:08 [debug] : 442.3999938964844 {"0":881,"1":438.6000061035156,"2":15,"3":false}
2026-03-15 23:34:08 [debug] : 442.3999938964844 {"0":1221,"1":778.6000061035156,"2":15,"3":false}
2026-03-15 23:34:08 [debug] : 442.3999938964844 {"0":1426,"1":983.6000061035156,"2":15,"3":false}
2026-03-15 23:34:08 [debug] : 442.3999938964844 {"0":1456,"1":1013.6000061035156,"2":15,"3":false}
2026-03-15 23:34:08 [debug] : 442.3999938964844 {"0":1590,"1":1147.6000061035156,"2":15,"3":false}
2026-03-15 23:34:08 [debug] : 442.3999938964844 {"0":1857,"1":1414.6000061035156,"2":15,"3":false}
2026-03-15 23:34:08 [debug] : 442.3999938964844 {"0":1887,"1":1444.6000061035156,"2":15,"3":false}
2026-03-15 23:34:08 [debug] : 442.3999938964844 {"0":2020,"1":1577.6000061035156,"2":15,"3":false}
2026-03-15 23:34:08 [debug] : 442.3999938964844 {"0":2247,"1":1804.6000061035156,"2":15,"3":false}
2026-03-15 23:34:08 [debug] : 442.3999938964844 {"0":2277,"1":1834.6000061035156,"2":15,"3":false}
2026-03-15 23:34:08 [debug] : 442.3999938964844 {"0":2317,"1":1874.6000061035156,"2":15,"3":false}
2026-03-15 23:34:08 [debug] : 442.3999938964844 {"0":2706,"1":2263.6000061035156,"2":15,"3":false}
2026-03-15 23:34:08 [debug] : 442.3999938964844 {"0":3080,"1":2637.6000061035156,"2":15,"3":false}
2026-03-15 23:34:08 [debug] : 443.20001220703125 {"0":7,"1":436.20001220703125,"2":15,"3":false}
2026-03-15 23:34:08 [debug] : 443.20001220703125 {"0":144,"1":299.20001220703125,"2":15,"3":false}
2026-03-15 23:34:08 [debug] : 443.20001220703125 {"0":174,"1":269.20001220703125,"2":15,"3":false}
2026-03-15 23:34:08 [debug] : 443.20001220703125 {"0":298,"1":145.20001220703125,"2":15,"3":false}
2026-03-15 23:34:08 [debug] : 443.20001220703125 {"0":625,"1":181.79998779296875,"2":15,"3":false}
2026-03-15 23:34:08 [debug] : 443.20001220703125 {"0":655,"1":211.79998779296875,"2":15,"3":false}
2026-03-15 23:34:08 [debug] : 443.20001220703125 {"0":779,"1":335.79998779296875,"2":15,"3":false}
2026-03-15 23:34:08 [debug] : 443.20001220703125 {"0":881,"1":437.79998779296875,"2":15,"3":false}
2026-03-15 23:34:08 [debug] : 443.20001220703125 {"0":1221,"1":777.7999877929688,"2":15,"3":false}
2026-03-15 23:34:08 [debug] : 443.20001220703125 {"0":1426,"1":982.7999877929688,"2":15,"3":false}
2026-03-15 23:34:08 [debug] : 443.20001220703125 {"0":1456,"1":1012.7999877929688,"2":15,"3":false}
2026-03-15 23:34:08 [debug] : 443.20001220703125 {"0":1590,"1":1146.7999877929688,"2":15,"3":false}
2026-03-15 23:34:08 [debug] : 443.20001220703125 {"0":1857,"1":1413.7999877929688,"2":15,"3":false}
2026-03-15 23:34:08 [debug] : 443.20001220703125 {"0":1887,"1":1443.7999877929688,"2":15,"3":false}
2026-03-15 23:34:08 [debug] : 443.20001220703125 {"0":2020,"1":1576.7999877929688,"2":15,"3":false}
2026-03-15 23:34:08 [debug] : 443.20001220703125 {"0":2247,"1":1803.7999877929688,"2":15,"3":false}
2026-03-15 23:34:08 [debug] : 443.20001220703125 {"0":2277,"1":1833.7999877929688,"2":15,"3":false}
2026-03-15 23:34:08 [debug] : 443.20001220703125 {"0":2317,"1":1873.7999877929688,"2":15,"3":false}
2026-03-15 23:34:08 [debug] : 443.20001220703125 {"0":2706,"1":2262.7999877929688,"2":15,"3":false}
2026-03-15 23:34:08 [debug] : 443.20001220703125 {"0":3080,"1":2636.7999877929688,"2":15,"3":false}
2026-03-15 23:34:08 [debug] : 444 {"0":7,"1":437,"2":15,"3":false}
2026-03-15 23:34:08 [debug] : 444 {"0":144,"1":300,"2":15,"3":false}
2026-03-15 23:34:08 [debug] : 444 {"0":174,"1":270,"2":15,"3":false}
2026-03-15 23:34:08 [debug] : 444 {"0":298,"1":146,"2":15,"3":false}
2026-03-15 23:34:08 [debug] : 444 {"0":625,"1":181,"2":15,"3":false}
2026-03-15 23:34:08 [debug] : 444 {"0":655,"1":211,"2":15,"3":false}
2026-03-15 23:34:08 [debug] : 444 {"0":779,"1":335,"2":15,"3":false}
2026-03-15 23:34:08 [debug] : 444 {"0":881,"1":437,"2":15,"3":false}
2026-03-15 23:34:08 [debug] : 444 {"0":1221,"1":777,"2":15,"3":false}
2026-03-15 23:34:08 [debug] : 444 {"0":1426,"1":982,"2":15,"3":false}
2026-03-15 23:34:08 [debug] : 444 {"0":1456,"1":1012,"2":15,"3":false}
2026-03-15 23:34:08 [debug] : 444 {"0":1590,"1":1146,"2":15,"3":false}
2026-03-15 23:34:08 [debug] : 444 {"0":1857,"1":1413,"2":15,"3":false}
2026-03-15 23:34:08 [debug] : 444 {"0":1887,"1":1443,"2":15,"3":false}
2026-03-15 23:34:08 [debug] : 444 {"0":2020,"1":1576,"2":15,"3":false}
2026-03-15 23:34:08 [debug] : 444 {"0":2247,"1":1803,"2":15,"3":false}
2026-03-15 23:34:08 [debug] : 444 {"0":2277,"1":1833,"2":15,"3":false}
2026-03-15 23:34:08 [debug] : 444 {"0":2317,"1":1873,"2":15,"3":false}
2026-03-15 23:34:08 [debug] : 444 {"0":2706,"1":2262,"2":15,"3":false}
2026-03-15 23:34:08 [debug] : 444 {"0":3080,"1":2636,"2":15,"3":false}
2026-03-15 23:34:08 [debug] : 444.79998779296875 {"0":7,"1":437.79998779296875,"2":15,"3":false}
2026-03-15 23:34:08 [debug] : 444.79998779296875 {"0":144,"1":300.79998779296875,"2":15,"3":false}
2026-03-15 23:34:08 [debug] : 444.79998779296875 {"0":174,"1":270.79998779296875,"2":15,"3":false}
2026-03-15 23:34:08 [debug] : 444.79998779296875 {"0":298,"1":146.79998779296875,"2":15,"3":false}
2026-03-15 23:34:08 [debug] : 444.79998779296875 {"0":625,"1":180.20001220703125,"2":15,"3":false}
2026-03-15 23:34:08 [debug] : 444.79998779296875 {"0":655,"1":210.20001220703125,"2":15,"3":false}
2026-03-15 23:34:08 [debug] : 444.79998779296875 {"0":779,"1":334.20001220703125,"2":15,"3":false}
2026-03-15 23:34:08 [debug] : 444.79998779296875 {"0":881,"1":436.20001220703125,"2":15,"3":false}
2026-03-15 23:34:08 [debug] : 444.79998779296875 {"0":1221,"1":776.2000122070312,"2":15,"3":false}
2026-03-15 23:34:08 [debug] : 444.79998779296875 {"0":1426,"1":981.2000122070312,"2":15,"3":false}
2026-03-15 23:34:08 [debug] : 444.79998779296875 {"0":1456,"1":1011.2000122070312,"2":15,"3":false}
2026-03-15 23:34:08 [debug] : 444.79998779296875 {"0":1590,"1":1145.2000122070312,"2":15,"3":false}
2026-03-15 23:34:08 [debug] : 444.79998779296875 {"0":1857,"1":1412.2000122070312,"2":15,"3":false}
2026-03-15 23:34:08 [debug] : 444.79998779296875 {"0":1887,"1":1442.2000122070312,"2":15,"3":false}
2026-03-15 23:34:08 [debug] : 444.79998779296875 {"0":2020,"1":1575.2000122070312,"2":15,"3":false}
2026-03-15 23:34:08 [debug] : 444.79998779296875 {"0":2247,"1":1802.2000122070312,"2":15,"3":false}
2026-03-15 23:34:08 [debug] : 444.79998779296875 {"0":2277,"1":1832.2000122070312,"2":15,"3":false}
2026-03-15 23:34:08 [debug] : 444.79998779296875 {"0":2317,"1":1872.2000122070312,"2":15,"3":false}
2026-03-15 23:34:08 [debug] : 444.79998779296875 {"0":2706,"1":2261.2000122070312,"2":15,"3":false}
2026-03-15 23:34:08 [debug] : 444.79998779296875 {"0":3080,"1":2635.2000122070312,"2":15,"3":false}
2026-03-15 23:34:08 [debug] : 437.6000061035156 {"0":7,"1":430.6000061035156,"2":15,"3":false}
2026-03-15 23:34:08 [debug] : 437.6000061035156 {"0":144,"1":293.6000061035156,"2":15,"3":false}
2026-03-15 23:34:08 [debug] : 437.6000061035156 {"0":174,"1":263.6000061035156,"2":15,"3":false}
2026-03-15 23:34:08 [debug] : 437.6000061035156 {"0":298,"1":139.60000610351562,"2":15,"3":false}
2026-03-15 23:34:08 [debug] : 437.6000061035156 {"0":625,"1":187.39999389648438,"2":15,"3":false}
2026-03-15 23:34:08 [debug] : 437.6000061035156 {"0":655,"1":217.39999389648438,"2":15,"3":false}
2026-03-15 23:34:08 [debug] : 437.6000061035156 {"0":779,"1":341.3999938964844,"2":15,"3":false}
2026-03-15 23:34:08 [debug] : 437.6000061035156 {"0":881,"1":443.3999938964844,"2":15,"3":false}
2026-03-15 23:34:08 [debug] : 437.6000061035156 {"0":1221,"1":783.3999938964844,"2":15,"3":false}
2026-03-15 23:34:08 [debug] : 437.6000061035156 {"0":1426,"1":988.3999938964844,"2":15,"3":false}
2026-03-15 23:34:08 [debug] : 437.6000061035156 {"0":1456,"1":1018.3999938964844,"2":15,"3":false}
2026-03-15 23:34:08 [debug] : 437.6000061035156 {"0":1590,"1":1152.3999938964844,"2":15,"3":false}
2026-03-15 23:34:08 [debug] : 437.6000061035156 {"0":1857,"1":1419.3999938964844,"2":15,"3":false}
2026-03-15 23:34:08 [debug] : 437.6000061035156 {"0":1887,"1":1449.3999938964844,"2":15,"3":false}
2026-03-15 23:34:08 [debug] : 437.6000061035156 {"0":2020,"1":1582.3999938964844,"2":15,"3":false}
2026-03-15 23:34:08 [debug] : 437.6000061035156 {"0":2247,"1":1809.3999938964844,"2":15,"3":false}
2026-03-15 23:34:08 [debug] : 437.6000061035156 {"0":2277,"1":1839.3999938964844,"2":15,"3":false}
2026-03-15 23:34:08 [debug] : 437.6000061035156 {"0":2317,"1":1879.3999938964844,"2":15,"3":false}
2026-03-15 23:34:08 [debug] : 437.6000061035156 {"0":2706,"1":2268.3999938964844,"2":15,"3":false}
2026-03-15 23:34:08 [debug] : 437.6000061035156 {"0":3080,"1":2642.3999938964844,"2":15,"3":false}
2026-03-15 23:34:08 [debug] : 428 {"0":7,"1":421,"2":15,"3":false}
2026-03-15 23:34:08 [debug] : 428 {"0":144,"1":284,"2":15,"3":false}
2026-03-15 23:34:08 [debug] : 428 {"0":174,"1":254,"2":15,"3":false}
2026-03-15 23:34:08 [debug] : 428 {"0":298,"1":130,"2":15,"3":false}
2026-03-15 23:34:08 [debug] : 428 {"0":625,"1":197,"2":15,"3":false}
2026-03-15 23:34:08 [debug] : 428 {"0":655,"1":227,"2":15,"3":false}
2026-03-15 23:34:08 [debug] : 428 {"0":779,"1":351,"2":15,"3":false}
2026-03-15 23:34:08 [debug] : 428 {"0":881,"1":453,"2":15,"3":false}
2026-03-15 23:34:08 [debug] : 428 {"0":1221,"1":793,"2":15,"3":false}
2026-03-15 23:34:08 [debug] : 428 {"0":1426,"1":998,"2":15,"3":false}
2026-03-15 23:34:08 [debug] : 428 {"0":1456,"1":1028,"2":15,"3":false}
2026-03-15 23:34:08 [debug] : 428 {"0":1590,"1":1162,"2":15,"3":false}
2026-03-15 23:34:08 [debug] : 428 {"0":1857,"1":1429,"2":15,"3":false}
2026-03-15 23:34:08 [debug] : 428 {"0":1887,"1":1459,"2":15,"3":false}
2026-03-15 23:34:08 [debug] : 428 {"0":2020,"1":1592,"2":15,"3":false}
2026-03-15 23:34:08 [debug] : 428 {"0":2247,"1":1819,"2":15,"3":false}
2026-03-15 23:34:08 [debug] : 428 {"0":2277,"1":1849,"2":15,"3":false}
2026-03-15 23:34:08 [debug] : 428 {"0":2317,"1":1889,"2":15,"3":false}
2026-03-15 23:34:08 [debug] : 428 {"0":2706,"1":2278,"2":15,"3":false}
2026-03-15 23:34:08 [debug] : 428 {"0":3080,"1":2652,"2":15,"3":false}
2026-03-15 23:34:08 [debug] : Widget was activated, but did not accept focus after 2000ms: rigel-hls:report-widget:urn:analysis-report/top-517628394/synthesis-1219712035 
2026-03-15 23:34:08 [debug] : 400.79998779296875 {"0":7,"1":393.79998779296875,"2":15,"3":false}
2026-03-15 23:34:08 [debug] : 400.79998779296875 {"0":144,"1":256.79998779296875,"2":15,"3":false}
2026-03-15 23:34:08 [debug] : 400.79998779296875 {"0":174,"1":226.79998779296875,"2":15,"3":false}
2026-03-15 23:34:08 [debug] : 400.79998779296875 {"0":298,"1":102.79998779296875,"2":15,"3":false}
2026-03-15 23:34:08 [debug] : 400.79998779296875 {"0":625,"1":224.20001220703125,"2":15,"3":false}
2026-03-15 23:34:08 [debug] : 400.79998779296875 {"0":655,"1":254.20001220703125,"2":15,"3":false}
2026-03-15 23:34:08 [debug] : 400.79998779296875 {"0":779,"1":378.20001220703125,"2":15,"3":false}
2026-03-15 23:34:08 [debug] : 400.79998779296875 {"0":881,"1":480.20001220703125,"2":15,"3":false}
2026-03-15 23:34:08 [debug] : 400.79998779296875 {"0":1221,"1":820.2000122070312,"2":15,"3":false}
2026-03-15 23:34:08 [debug] : 400.79998779296875 {"0":1426,"1":1025.2000122070312,"2":15,"3":false}
2026-03-15 23:34:08 [debug] : 400.79998779296875 {"0":1456,"1":1055.2000122070312,"2":15,"3":false}
2026-03-15 23:34:08 [debug] : 400.79998779296875 {"0":1590,"1":1189.2000122070312,"2":15,"3":false}
2026-03-15 23:34:08 [debug] : 400.79998779296875 {"0":1857,"1":1456.2000122070312,"2":15,"3":false}
2026-03-15 23:34:08 [debug] : 400.79998779296875 {"0":1887,"1":1486.2000122070312,"2":15,"3":false}
2026-03-15 23:34:08 [debug] : 400.79998779296875 {"0":2020,"1":1619.2000122070312,"2":15,"3":false}
2026-03-15 23:34:08 [debug] : 400.79998779296875 {"0":2247,"1":1846.2000122070312,"2":15,"3":false}
2026-03-15 23:34:08 [debug] : 400.79998779296875 {"0":2277,"1":1876.2000122070312,"2":15,"3":false}
2026-03-15 23:34:08 [debug] : 400.79998779296875 {"0":2317,"1":1916.2000122070312,"2":15,"3":false}
2026-03-15 23:34:08 [debug] : 400.79998779296875 {"0":2706,"1":2305.2000122070312,"2":15,"3":false}
2026-03-15 23:34:08 [debug] : 400.79998779296875 {"0":3080,"1":2679.2000122070312,"2":15,"3":false}
2026-03-15 23:34:08 [debug] : 354.3999938964844 {"0":7,"1":347.3999938964844,"2":15,"3":false}
2026-03-15 23:34:08 [debug] : 354.3999938964844 {"0":144,"1":210.39999389648438,"2":15,"3":false}
2026-03-15 23:34:08 [debug] : 354.3999938964844 {"0":174,"1":180.39999389648438,"2":15,"3":false}
2026-03-15 23:34:08 [debug] : 354.3999938964844 {"0":298,"1":56.399993896484375,"2":15,"3":false}
2026-03-15 23:34:08 [debug] : 354.3999938964844 {"0":625,"1":270.6000061035156,"2":15,"3":false}
2026-03-15 23:34:08 [debug] : 354.3999938964844 {"0":655,"1":300.6000061035156,"2":15,"3":false}
2026-03-15 23:34:08 [debug] : 354.3999938964844 {"0":779,"1":424.6000061035156,"2":15,"3":false}
2026-03-15 23:34:08 [debug] : 354.3999938964844 {"0":881,"1":526.6000061035156,"2":15,"3":false}
2026-03-15 23:34:08 [debug] : 354.3999938964844 {"0":1221,"1":866.6000061035156,"2":15,"3":false}
2026-03-15 23:34:08 [debug] : 354.3999938964844 {"0":1426,"1":1071.6000061035156,"2":15,"3":false}
2026-03-15 23:34:08 [debug] : 354.3999938964844 {"0":1456,"1":1101.6000061035156,"2":15,"3":false}
2026-03-15 23:34:08 [debug] : 354.3999938964844 {"0":1590,"1":1235.6000061035156,"2":15,"3":false}
2026-03-15 23:34:08 [debug] : 354.3999938964844 {"0":1857,"1":1502.6000061035156,"2":15,"3":false}
2026-03-15 23:34:08 [debug] : 354.3999938964844 {"0":1887,"1":1532.6000061035156,"2":15,"3":false}
2026-03-15 23:34:08 [debug] : 354.3999938964844 {"0":2020,"1":1665.6000061035156,"2":15,"3":false}
2026-03-15 23:34:08 [debug] : 354.3999938964844 {"0":2247,"1":1892.6000061035156,"2":15,"3":false}
2026-03-15 23:34:08 [debug] : 354.3999938964844 {"0":2277,"1":1922.6000061035156,"2":15,"3":false}
2026-03-15 23:34:08 [debug] : 354.3999938964844 {"0":2317,"1":1962.6000061035156,"2":15,"3":false}
2026-03-15 23:34:08 [debug] : 354.3999938964844 {"0":2706,"1":2351.6000061035156,"2":15,"3":false}
2026-03-15 23:34:08 [debug] : 354.3999938964844 {"0":3080,"1":2725.6000061035156,"2":15,"3":false}
2026-03-15 23:34:08 [debug] : 320 {"0":7,"1":313,"2":15,"3":false}
2026-03-15 23:34:08 [debug] : 320 {"0":144,"1":176,"2":15,"3":false}
2026-03-15 23:34:08 [debug] : 320 {"0":174,"1":146,"2":15,"3":false}
2026-03-15 23:34:08 [debug] : 320 {"0":298,"1":22,"2":15,"3":false}
2026-03-15 23:34:08 [debug] : 320 {"0":625,"1":305,"2":15,"3":false}
2026-03-15 23:34:08 [debug] : 320 {"0":655,"1":335,"2":15,"3":false}
2026-03-15 23:34:08 [debug] : 320 {"0":779,"1":459,"2":15,"3":false}
2026-03-15 23:34:08 [debug] : 320 {"0":881,"1":561,"2":15,"3":false}
2026-03-15 23:34:08 [debug] : 320 {"0":1221,"1":901,"2":15,"3":false}
2026-03-15 23:34:08 [debug] : 320 {"0":1426,"1":1106,"2":15,"3":false}
2026-03-15 23:34:08 [debug] : 320 {"0":1456,"1":1136,"2":15,"3":false}
2026-03-15 23:34:08 [debug] : 320 {"0":1590,"1":1270,"2":15,"3":false}
2026-03-15 23:34:08 [debug] : 320 {"0":1857,"1":1537,"2":15,"3":false}
2026-03-15 23:34:08 [debug] : 320 {"0":1887,"1":1567,"2":15,"3":false}
2026-03-15 23:34:08 [debug] : 320 {"0":2020,"1":1700,"2":15,"3":false}
2026-03-15 23:34:08 [debug] : 320 {"0":2247,"1":1927,"2":15,"3":false}
2026-03-15 23:34:08 [debug] : 320 {"0":2277,"1":1957,"2":15,"3":false}
2026-03-15 23:34:08 [debug] : 320 {"0":2317,"1":1997,"2":15,"3":false}
2026-03-15 23:34:08 [debug] : 320 {"0":2706,"1":2386,"2":15,"3":false}
2026-03-15 23:34:08 [debug] : 320 {"0":3080,"1":2760,"2":15,"3":false}
2026-03-15 23:34:08 [debug] : 288 {"0":7,"1":281,"2":15,"3":false}
2026-03-15 23:34:08 [debug] : 288 {"0":144,"1":144,"2":15,"3":false}
2026-03-15 23:34:08 [debug] : 288 {"0":174,"1":114,"2":15,"3":false}
2026-03-15 23:34:08 [debug] : 288 {"0":298,"1":10,"2":15,"3":true}
2026-03-15 23:34:08 [debug] : SELECTED {"0":"hls-report-section-performance-&-resource-estimates::urn:analysis-report/top-517628394/synthesis-1219712035"}
2026-03-15 23:34:08 [debug] : 255.1999969482422 {"0":7,"1":248.1999969482422,"2":15,"3":false}
2026-03-15 23:34:08 [debug] : 255.1999969482422 {"0":144,"1":111.19999694824219,"2":15,"3":false}
2026-03-15 23:34:08 [debug] : 255.1999969482422 {"0":174,"1":81.19999694824219,"2":15,"3":false}
2026-03-15 23:34:08 [debug] : 255.1999969482422 {"0":298,"1":42.80000305175781,"2":15,"3":false}
2026-03-15 23:34:08 [debug] : 255.1999969482422 {"0":625,"1":369.8000030517578,"2":15,"3":false}
2026-03-15 23:34:08 [debug] : 255.1999969482422 {"0":655,"1":399.8000030517578,"2":15,"3":false}
2026-03-15 23:34:08 [debug] : 255.1999969482422 {"0":779,"1":523.8000030517578,"2":15,"3":false}
2026-03-15 23:34:08 [debug] : 255.1999969482422 {"0":881,"1":625.8000030517578,"2":15,"3":false}
2026-03-15 23:34:08 [debug] : 255.1999969482422 {"0":1221,"1":965.8000030517578,"2":15,"3":false}
2026-03-15 23:34:08 [debug] : 255.1999969482422 {"0":1426,"1":1170.8000030517578,"2":15,"3":false}
2026-03-15 23:34:08 [debug] : 255.1999969482422 {"0":1456,"1":1200.8000030517578,"2":15,"3":false}
2026-03-15 23:34:08 [debug] : 255.1999969482422 {"0":1590,"1":1334.8000030517578,"2":15,"3":false}
2026-03-15 23:34:08 [debug] : 255.1999969482422 {"0":1857,"1":1601.8000030517578,"2":15,"3":false}
2026-03-15 23:34:08 [debug] : 255.1999969482422 {"0":1887,"1":1631.8000030517578,"2":15,"3":false}
2026-03-15 23:34:08 [debug] : 255.1999969482422 {"0":2020,"1":1764.8000030517578,"2":15,"3":false}
2026-03-15 23:34:08 [debug] : 255.1999969482422 {"0":2247,"1":1991.8000030517578,"2":15,"3":false}
2026-03-15 23:34:08 [debug] : 255.1999969482422 {"0":2277,"1":2021.8000030517578,"2":15,"3":false}
2026-03-15 23:34:08 [debug] : 255.1999969482422 {"0":2317,"1":2061.800003051758,"2":15,"3":false}
2026-03-15 23:34:08 [debug] : 255.1999969482422 {"0":2706,"1":2450.800003051758,"2":15,"3":false}
2026-03-15 23:34:08 [debug] : 255.1999969482422 {"0":3080,"1":2824.800003051758,"2":15,"3":false}
2026-03-15 23:34:08 [debug] : 240 {"0":7,"1":233,"2":15,"3":false}
2026-03-15 23:34:08 [debug] : 240 {"0":144,"1":96,"2":15,"3":false}
2026-03-15 23:34:08 [debug] : 240 {"0":174,"1":66,"2":15,"3":false}
2026-03-15 23:34:08 [debug] : 240 {"0":298,"1":58,"2":15,"3":false}
2026-03-15 23:34:08 [debug] : 240 {"0":625,"1":385,"2":15,"3":false}
2026-03-15 23:34:08 [debug] : 240 {"0":655,"1":415,"2":15,"3":false}
2026-03-15 23:34:08 [debug] : 240 {"0":779,"1":539,"2":15,"3":false}
2026-03-15 23:34:08 [debug] : 240 {"0":881,"1":641,"2":15,"3":false}
2026-03-15 23:34:08 [debug] : 240 {"0":1221,"1":981,"2":15,"3":false}
2026-03-15 23:34:08 [debug] : 240 {"0":1426,"1":1186,"2":15,"3":false}
2026-03-15 23:34:08 [debug] : 240 {"0":1456,"1":1216,"2":15,"3":false}
2026-03-15 23:34:08 [debug] : 240 {"0":1590,"1":1350,"2":15,"3":false}
2026-03-15 23:34:08 [debug] : 240 {"0":1857,"1":1617,"2":15,"3":false}
2026-03-15 23:34:08 [debug] : 240 {"0":1887,"1":1647,"2":15,"3":false}
2026-03-15 23:34:08 [debug] : 240 {"0":2020,"1":1780,"2":15,"3":false}
2026-03-15 23:34:08 [debug] : 240 {"0":2247,"1":2007,"2":15,"3":false}
2026-03-15 23:34:08 [debug] : 240 {"0":2277,"1":2037,"2":15,"3":false}
2026-03-15 23:34:08 [debug] : 240 {"0":2317,"1":2077,"2":15,"3":false}
2026-03-15 23:34:08 [debug] : 240 {"0":2706,"1":2466,"2":15,"3":false}
2026-03-15 23:34:08 [debug] : 240 {"0":3080,"1":2840,"2":15,"3":false}
2026-03-15 23:34:08 [debug] : 236.8000030517578 {"0":7,"1":229.8000030517578,"2":15,"3":false}
2026-03-15 23:34:08 [debug] : 236.8000030517578 {"0":144,"1":92.80000305175781,"2":15,"3":false}
2026-03-15 23:34:08 [debug] : 236.8000030517578 {"0":174,"1":62.80000305175781,"2":15,"3":false}
2026-03-15 23:34:08 [debug] : 236.8000030517578 {"0":298,"1":61.19999694824219,"2":15,"3":false}
2026-03-15 23:34:08 [debug] : 236.8000030517578 {"0":625,"1":388.1999969482422,"2":15,"3":false}
2026-03-15 23:34:08 [debug] : 236.8000030517578 {"0":655,"1":418.1999969482422,"2":15,"3":false}
2026-03-15 23:34:08 [debug] : 236.8000030517578 {"0":779,"1":542.1999969482422,"2":15,"3":false}
2026-03-15 23:34:08 [debug] : 236.8000030517578 {"0":881,"1":644.1999969482422,"2":15,"3":false}
2026-03-15 23:34:08 [debug] : 236.8000030517578 {"0":1221,"1":984.1999969482422,"2":15,"3":false}
2026-03-15 23:34:08 [debug] : 236.8000030517578 {"0":1426,"1":1189.1999969482422,"2":15,"3":false}
2026-03-15 23:34:08 [debug] : 236.8000030517578 {"0":1456,"1":1219.1999969482422,"2":15,"3":false}
2026-03-15 23:34:08 [debug] : 236.8000030517578 {"0":1590,"1":1353.1999969482422,"2":15,"3":false}
2026-03-15 23:34:08 [debug] : 236.8000030517578 {"0":1857,"1":1620.1999969482422,"2":15,"3":false}
2026-03-15 23:34:08 [debug] : 236.8000030517578 {"0":1887,"1":1650.1999969482422,"2":15,"3":false}
2026-03-15 23:34:08 [debug] : 236.8000030517578 {"0":2020,"1":1783.1999969482422,"2":15,"3":false}
2026-03-15 23:34:08 [debug] : 236.8000030517578 {"0":2247,"1":2010.1999969482422,"2":15,"3":false}
2026-03-15 23:34:08 [debug] : 236.8000030517578 {"0":2277,"1":2040.1999969482422,"2":15,"3":false}
2026-03-15 23:34:08 [debug] : 236.8000030517578 {"0":2317,"1":2080.199996948242,"2":15,"3":false}
2026-03-15 23:34:08 [debug] : 236.8000030517578 {"0":2706,"1":2469.199996948242,"2":15,"3":false}
2026-03-15 23:34:08 [debug] : 236.8000030517578 {"0":3080,"1":2843.199996948242,"2":15,"3":false}
2026-03-15 23:34:32 [debug] : 237.60000610351562 {"0":7,"1":230.60000610351562,"2":15,"3":false}
2026-03-15 23:34:32 [debug] : 237.60000610351562 {"0":144,"1":93.60000610351562,"2":15,"3":false}
2026-03-15 23:34:32 [debug] : 237.60000610351562 {"0":174,"1":63.600006103515625,"2":15,"3":false}
2026-03-15 23:34:32 [debug] : 237.60000610351562 {"0":298,"1":60.399993896484375,"2":15,"3":false}
2026-03-15 23:34:32 [debug] : 237.60000610351562 {"0":626,"1":388.3999938964844,"2":15,"3":false}
2026-03-15 23:34:32 [debug] : 237.60000610351562 {"0":656,"1":418.3999938964844,"2":15,"3":false}
2026-03-15 23:34:32 [debug] : 237.60000610351562 {"0":780,"1":542.3999938964844,"2":15,"3":false}
2026-03-15 23:34:32 [debug] : 237.60000610351562 {"0":883,"1":645.3999938964844,"2":15,"3":false}
2026-03-15 23:34:32 [debug] : 237.60000610351562 {"0":1222,"1":984.3999938964844,"2":15,"3":false}
2026-03-15 23:34:32 [debug] : 237.60000610351562 {"0":1428,"1":1190.3999938964844,"2":15,"3":false}
2026-03-15 23:34:32 [debug] : 237.60000610351562 {"0":1458,"1":1220.3999938964844,"2":15,"3":false}
2026-03-15 23:34:32 [debug] : 237.60000610351562 {"0":1591,"1":1353.3999938964844,"2":15,"3":false}
2026-03-15 23:34:32 [debug] : 237.60000610351562 {"0":1858,"1":1620.3999938964844,"2":15,"3":false}
2026-03-15 23:34:32 [debug] : 237.60000610351562 {"0":1888,"1":1650.3999938964844,"2":15,"3":false}
2026-03-15 23:34:32 [debug] : 237.60000610351562 {"0":2022,"1":1784.3999938964844,"2":15,"3":false}
2026-03-15 23:34:32 [debug] : 237.60000610351562 {"0":2249,"1":2011.3999938964844,"2":15,"3":false}
2026-03-15 23:34:32 [debug] : 237.60000610351562 {"0":2279,"1":2041.3999938964844,"2":15,"3":false}
2026-03-15 23:34:32 [debug] : 237.60000610351562 {"0":2319,"1":2081.3999938964844,"2":15,"3":false}
2026-03-15 23:34:32 [debug] : 237.60000610351562 {"0":2707,"1":2469.3999938964844,"2":15,"3":false}
2026-03-15 23:34:32 [debug] : 237.60000610351562 {"0":3082,"1":2844.3999938964844,"2":15,"3":false}
2026-03-15 23:34:32 [debug] : 247.1999969482422 {"0":7,"1":240.1999969482422,"2":15,"3":false}
2026-03-15 23:34:32 [debug] : 247.1999969482422 {"0":144,"1":103.19999694824219,"2":15,"3":false}
2026-03-15 23:34:32 [debug] : 247.1999969482422 {"0":174,"1":73.19999694824219,"2":15,"3":false}
2026-03-15 23:34:32 [debug] : 247.1999969482422 {"0":298,"1":50.80000305175781,"2":15,"3":false}
2026-03-15 23:34:32 [debug] : 247.1999969482422 {"0":626,"1":378.8000030517578,"2":15,"3":false}
2026-03-15 23:34:32 [debug] : 247.1999969482422 {"0":656,"1":408.8000030517578,"2":15,"3":false}
2026-03-15 23:34:32 [debug] : 247.1999969482422 {"0":780,"1":532.8000030517578,"2":15,"3":false}
2026-03-15 23:34:32 [debug] : 247.1999969482422 {"0":883,"1":635.8000030517578,"2":15,"3":false}
2026-03-15 23:34:32 [debug] : 247.1999969482422 {"0":1222,"1":974.8000030517578,"2":15,"3":false}
2026-03-15 23:34:32 [debug] : 247.1999969482422 {"0":1428,"1":1180.8000030517578,"2":15,"3":false}
2026-03-15 23:34:32 [debug] : 247.1999969482422 {"0":1458,"1":1210.8000030517578,"2":15,"3":false}
2026-03-15 23:34:32 [debug] : 247.1999969482422 {"0":1591,"1":1343.8000030517578,"2":15,"3":false}
2026-03-15 23:34:32 [debug] : 247.1999969482422 {"0":1858,"1":1610.8000030517578,"2":15,"3":false}
2026-03-15 23:34:32 [debug] : 247.1999969482422 {"0":1888,"1":1640.8000030517578,"2":15,"3":false}
2026-03-15 23:34:32 [debug] : 247.1999969482422 {"0":2022,"1":1774.8000030517578,"2":15,"3":false}
2026-03-15 23:34:32 [debug] : 247.1999969482422 {"0":2249,"1":2001.8000030517578,"2":15,"3":false}
2026-03-15 23:34:32 [debug] : 247.1999969482422 {"0":2279,"1":2031.8000030517578,"2":15,"3":false}
2026-03-15 23:34:32 [debug] : 247.1999969482422 {"0":2319,"1":2071.800003051758,"2":15,"3":false}
2026-03-15 23:34:32 [debug] : 247.1999969482422 {"0":2707,"1":2459.800003051758,"2":15,"3":false}
2026-03-15 23:34:32 [debug] : 247.1999969482422 {"0":3082,"1":2834.800003051758,"2":15,"3":false}
2026-03-15 23:34:32 [debug] : 269.6000061035156 {"0":7,"1":262.6000061035156,"2":15,"3":false}
2026-03-15 23:34:32 [debug] : 269.6000061035156 {"0":144,"1":125.60000610351562,"2":15,"3":false}
2026-03-15 23:34:32 [debug] : 269.6000061035156 {"0":174,"1":95.60000610351562,"2":15,"3":false}
2026-03-15 23:34:32 [debug] : 269.6000061035156 {"0":298,"1":28.399993896484375,"2":15,"3":false}
2026-03-15 23:34:32 [debug] : 269.6000061035156 {"0":626,"1":356.3999938964844,"2":15,"3":false}
2026-03-15 23:34:32 [debug] : 269.6000061035156 {"0":656,"1":386.3999938964844,"2":15,"3":false}
2026-03-15 23:34:32 [debug] : 269.6000061035156 {"0":780,"1":510.3999938964844,"2":15,"3":false}
2026-03-15 23:34:32 [debug] : 269.6000061035156 {"0":883,"1":613.3999938964844,"2":15,"3":false}
2026-03-15 23:34:32 [debug] : 269.6000061035156 {"0":1222,"1":952.3999938964844,"2":15,"3":false}
2026-03-15 23:34:32 [debug] : 269.6000061035156 {"0":1428,"1":1158.3999938964844,"2":15,"3":false}
2026-03-15 23:34:32 [debug] : 269.6000061035156 {"0":1458,"1":1188.3999938964844,"2":15,"3":false}
2026-03-15 23:34:32 [debug] : 269.6000061035156 {"0":1591,"1":1321.3999938964844,"2":15,"3":false}
2026-03-15 23:34:32 [debug] : 269.6000061035156 {"0":1858,"1":1588.3999938964844,"2":15,"3":false}
2026-03-15 23:34:32 [debug] : 269.6000061035156 {"0":1888,"1":1618.3999938964844,"2":15,"3":false}
2026-03-15 23:34:32 [debug] : 269.6000061035156 {"0":2022,"1":1752.3999938964844,"2":15,"3":false}
2026-03-15 23:34:32 [debug] : 269.6000061035156 {"0":2249,"1":1979.3999938964844,"2":15,"3":false}
2026-03-15 23:34:32 [debug] : 269.6000061035156 {"0":2279,"1":2009.3999938964844,"2":15,"3":false}
2026-03-15 23:34:32 [debug] : 269.6000061035156 {"0":2319,"1":2049.3999938964844,"2":15,"3":false}
2026-03-15 23:34:32 [debug] : 269.6000061035156 {"0":2707,"1":2437.3999938964844,"2":15,"3":false}
2026-03-15 23:34:32 [debug] : 269.6000061035156 {"0":3082,"1":2812.3999938964844,"2":15,"3":false}
2026-03-15 23:34:32 [debug] : 298.3999938964844 {"0":7,"1":291.3999938964844,"2":15,"3":false}
2026-03-15 23:34:32 [debug] : 298.3999938964844 {"0":144,"1":154.39999389648438,"2":15,"3":false}
2026-03-15 23:34:32 [debug] : 298.3999938964844 {"0":174,"1":124.39999389648438,"2":15,"3":false}
2026-03-15 23:34:32 [debug] : 298.3999938964844 {"0":298,"1":0.399993896484375,"2":15,"3":true}
2026-03-15 23:34:32 [debug] : SELECTED {"0":"hls-report-section-performance-&-resource-estimates::urn:analysis-report/top-517628394/synthesis-1219712035"}
2026-03-15 23:34:32 [debug] : 353.6000061035156 {"0":7,"1":346.6000061035156,"2":15,"3":false}
2026-03-15 23:34:32 [debug] : 353.6000061035156 {"0":144,"1":209.60000610351562,"2":15,"3":false}
2026-03-15 23:34:32 [debug] : 353.6000061035156 {"0":174,"1":179.60000610351562,"2":15,"3":false}
2026-03-15 23:34:32 [debug] : 353.6000061035156 {"0":298,"1":55.600006103515625,"2":15,"3":false}
2026-03-15 23:34:32 [debug] : 353.6000061035156 {"0":626,"1":272.3999938964844,"2":15,"3":false}
2026-03-15 23:34:32 [debug] : 353.6000061035156 {"0":656,"1":302.3999938964844,"2":15,"3":false}
2026-03-15 23:34:32 [debug] : 353.6000061035156 {"0":780,"1":426.3999938964844,"2":15,"3":false}
2026-03-15 23:34:32 [debug] : 353.6000061035156 {"0":883,"1":529.3999938964844,"2":15,"3":false}
2026-03-15 23:34:32 [debug] : 353.6000061035156 {"0":1222,"1":868.3999938964844,"2":15,"3":false}
2026-03-15 23:34:32 [debug] : 353.6000061035156 {"0":1428,"1":1074.3999938964844,"2":15,"3":false}
2026-03-15 23:34:32 [debug] : 353.6000061035156 {"0":1458,"1":1104.3999938964844,"2":15,"3":false}
2026-03-15 23:34:32 [debug] : 353.6000061035156 {"0":1591,"1":1237.3999938964844,"2":15,"3":false}
2026-03-15 23:34:32 [debug] : 353.6000061035156 {"0":1858,"1":1504.3999938964844,"2":15,"3":false}
2026-03-15 23:34:32 [debug] : 353.6000061035156 {"0":1888,"1":1534.3999938964844,"2":15,"3":false}
2026-03-15 23:34:32 [debug] : 353.6000061035156 {"0":2022,"1":1668.3999938964844,"2":15,"3":false}
2026-03-15 23:34:32 [debug] : 353.6000061035156 {"0":2249,"1":1895.3999938964844,"2":15,"3":false}
2026-03-15 23:34:32 [debug] : 353.6000061035156 {"0":2279,"1":1925.3999938964844,"2":15,"3":false}
2026-03-15 23:34:32 [debug] : 353.6000061035156 {"0":2319,"1":1965.3999938964844,"2":15,"3":false}
2026-03-15 23:34:32 [debug] : 353.6000061035156 {"0":2707,"1":2353.3999938964844,"2":15,"3":false}
2026-03-15 23:34:32 [debug] : 353.6000061035156 {"0":3082,"1":2728.3999938964844,"2":15,"3":false}
2026-03-15 23:34:32 [debug] : 403.20001220703125 {"0":7,"1":396.20001220703125,"2":15,"3":false}
2026-03-15 23:34:32 [debug] : 403.20001220703125 {"0":144,"1":259.20001220703125,"2":15,"3":false}
2026-03-15 23:34:32 [debug] : 403.20001220703125 {"0":174,"1":229.20001220703125,"2":15,"3":false}
2026-03-15 23:34:32 [debug] : 403.20001220703125 {"0":298,"1":105.20001220703125,"2":15,"3":false}
2026-03-15 23:34:32 [debug] : 403.20001220703125 {"0":626,"1":222.79998779296875,"2":15,"3":false}
2026-03-15 23:34:32 [debug] : 403.20001220703125 {"0":656,"1":252.79998779296875,"2":15,"3":false}
2026-03-15 23:34:32 [debug] : 403.20001220703125 {"0":780,"1":376.79998779296875,"2":15,"3":false}
2026-03-15 23:34:32 [debug] : 403.20001220703125 {"0":883,"1":479.79998779296875,"2":15,"3":false}
2026-03-15 23:34:32 [debug] : 403.20001220703125 {"0":1222,"1":818.7999877929688,"2":15,"3":false}
2026-03-15 23:34:32 [debug] : 403.20001220703125 {"0":1428,"1":1024.7999877929688,"2":15,"3":false}
2026-03-15 23:34:32 [debug] : 403.20001220703125 {"0":1458,"1":1054.7999877929688,"2":15,"3":false}
2026-03-15 23:34:32 [debug] : 403.20001220703125 {"0":1591,"1":1187.7999877929688,"2":15,"3":false}
2026-03-15 23:34:32 [debug] : 403.20001220703125 {"0":1858,"1":1454.7999877929688,"2":15,"3":false}
2026-03-15 23:34:32 [debug] : 403.20001220703125 {"0":1888,"1":1484.7999877929688,"2":15,"3":false}
2026-03-15 23:34:32 [debug] : 403.20001220703125 {"0":2022,"1":1618.7999877929688,"2":15,"3":false}
2026-03-15 23:34:32 [debug] : 403.20001220703125 {"0":2249,"1":1845.7999877929688,"2":15,"3":false}
2026-03-15 23:34:32 [debug] : 403.20001220703125 {"0":2279,"1":1875.7999877929688,"2":15,"3":false}
2026-03-15 23:34:32 [debug] : 403.20001220703125 {"0":2319,"1":1915.7999877929688,"2":15,"3":false}
2026-03-15 23:34:32 [debug] : 403.20001220703125 {"0":2707,"1":2303.7999877929688,"2":15,"3":false}
2026-03-15 23:34:32 [debug] : 403.20001220703125 {"0":3082,"1":2678.7999877929688,"2":15,"3":false}
2026-03-15 23:34:32 [debug] : 447.20001220703125 {"0":7,"1":440.20001220703125,"2":15,"3":false}
2026-03-15 23:34:32 [debug] : 447.20001220703125 {"0":144,"1":303.20001220703125,"2":15,"3":false}
2026-03-15 23:34:32 [debug] : 447.20001220703125 {"0":174,"1":273.20001220703125,"2":15,"3":false}
2026-03-15 23:34:32 [debug] : 447.20001220703125 {"0":298,"1":149.20001220703125,"2":15,"3":false}
2026-03-15 23:34:32 [debug] : 447.20001220703125 {"0":626,"1":178.79998779296875,"2":15,"3":false}
2026-03-15 23:34:32 [debug] : 447.20001220703125 {"0":656,"1":208.79998779296875,"2":15,"3":false}
2026-03-15 23:34:32 [debug] : 447.20001220703125 {"0":780,"1":332.79998779296875,"2":15,"3":false}
2026-03-15 23:34:32 [debug] : 447.20001220703125 {"0":883,"1":435.79998779296875,"2":15,"3":false}
2026-03-15 23:34:32 [debug] : 447.20001220703125 {"0":1222,"1":774.7999877929688,"2":15,"3":false}
2026-03-15 23:34:32 [debug] : 447.20001220703125 {"0":1428,"1":980.7999877929688,"2":15,"3":false}
2026-03-15 23:34:32 [debug] : 447.20001220703125 {"0":1458,"1":1010.7999877929688,"2":15,"3":false}
2026-03-15 23:34:32 [debug] : 447.20001220703125 {"0":1591,"1":1143.7999877929688,"2":15,"3":false}
2026-03-15 23:34:32 [debug] : 447.20001220703125 {"0":1858,"1":1410.7999877929688,"2":15,"3":false}
2026-03-15 23:34:32 [debug] : 447.20001220703125 {"0":1888,"1":1440.7999877929688,"2":15,"3":false}
2026-03-15 23:34:32 [debug] : 447.20001220703125 {"0":2022,"1":1574.7999877929688,"2":15,"3":false}
2026-03-15 23:34:32 [debug] : 447.20001220703125 {"0":2249,"1":1801.7999877929688,"2":15,"3":false}
2026-03-15 23:34:32 [debug] : 447.20001220703125 {"0":2279,"1":1831.7999877929688,"2":15,"3":false}
2026-03-15 23:34:32 [debug] : 447.20001220703125 {"0":2319,"1":1871.7999877929688,"2":15,"3":false}
2026-03-15 23:34:32 [debug] : 447.20001220703125 {"0":2707,"1":2259.7999877929688,"2":15,"3":false}
2026-03-15 23:34:32 [debug] : 447.20001220703125 {"0":3082,"1":2634.7999877929688,"2":15,"3":false}
2026-03-15 23:34:32 [debug] : 482.3999938964844 {"0":7,"1":475.3999938964844,"2":15,"3":false}
2026-03-15 23:34:32 [debug] : 482.3999938964844 {"0":144,"1":338.3999938964844,"2":15,"3":false}
2026-03-15 23:34:32 [debug] : 482.3999938964844 {"0":174,"1":308.3999938964844,"2":15,"3":false}
2026-03-15 23:34:32 [debug] : 482.3999938964844 {"0":298,"1":184.39999389648438,"2":15,"3":false}
2026-03-15 23:34:32 [debug] : 482.3999938964844 {"0":626,"1":143.60000610351562,"2":15,"3":false}
2026-03-15 23:34:32 [debug] : 482.3999938964844 {"0":656,"1":173.60000610351562,"2":15,"3":false}
2026-03-15 23:34:32 [debug] : 482.3999938964844 {"0":780,"1":297.6000061035156,"2":15,"3":false}
2026-03-15 23:34:32 [debug] : 482.3999938964844 {"0":883,"1":400.6000061035156,"2":15,"3":false}
2026-03-15 23:34:32 [debug] : 482.3999938964844 {"0":1222,"1":739.6000061035156,"2":15,"3":false}
2026-03-15 23:34:32 [debug] : 482.3999938964844 {"0":1428,"1":945.6000061035156,"2":15,"3":false}
2026-03-15 23:34:32 [debug] : 482.3999938964844 {"0":1458,"1":975.6000061035156,"2":15,"3":false}
2026-03-15 23:34:32 [debug] : 482.3999938964844 {"0":1591,"1":1108.6000061035156,"2":15,"3":false}
2026-03-15 23:34:32 [debug] : 482.3999938964844 {"0":1858,"1":1375.6000061035156,"2":15,"3":false}
2026-03-15 23:34:32 [debug] : 482.3999938964844 {"0":1888,"1":1405.6000061035156,"2":15,"3":false}
2026-03-15 23:34:32 [debug] : 482.3999938964844 {"0":2022,"1":1539.6000061035156,"2":15,"3":false}
2026-03-15 23:34:32 [debug] : 482.3999938964844 {"0":2249,"1":1766.6000061035156,"2":15,"3":false}
2026-03-15 23:34:32 [debug] : 482.3999938964844 {"0":2279,"1":1796.6000061035156,"2":15,"3":false}
2026-03-15 23:34:32 [debug] : 482.3999938964844 {"0":2319,"1":1836.6000061035156,"2":15,"3":false}
2026-03-15 23:34:32 [debug] : 482.3999938964844 {"0":2707,"1":2224.6000061035156,"2":15,"3":false}
2026-03-15 23:34:32 [debug] : 482.3999938964844 {"0":3082,"1":2599.6000061035156,"2":15,"3":false}
2026-03-15 23:34:32 [debug] : 512.7999877929688 {"0":7,"1":505.79998779296875,"2":15,"3":false}
2026-03-15 23:34:32 [debug] : 512.7999877929688 {"0":144,"1":368.79998779296875,"2":15,"3":false}
2026-03-15 23:34:32 [debug] : 512.7999877929688 {"0":174,"1":338.79998779296875,"2":15,"3":false}
2026-03-15 23:34:32 [debug] : 512.7999877929688 {"0":298,"1":214.79998779296875,"2":15,"3":false}
2026-03-15 23:34:32 [debug] : 512.7999877929688 {"0":626,"1":113.20001220703125,"2":15,"3":false}
2026-03-15 23:34:32 [debug] : 512.7999877929688 {"0":656,"1":143.20001220703125,"2":15,"3":false}
2026-03-15 23:34:32 [debug] : 512.7999877929688 {"0":780,"1":267.20001220703125,"2":15,"3":false}
2026-03-15 23:34:32 [debug] : 512.7999877929688 {"0":883,"1":370.20001220703125,"2":15,"3":false}
2026-03-15 23:34:32 [debug] : 512.7999877929688 {"0":1222,"1":709.2000122070312,"2":15,"3":false}
2026-03-15 23:34:32 [debug] : 512.7999877929688 {"0":1428,"1":915.2000122070312,"2":15,"3":false}
2026-03-15 23:34:32 [debug] : 512.7999877929688 {"0":1458,"1":945.2000122070312,"2":15,"3":false}
2026-03-15 23:34:32 [debug] : 512.7999877929688 {"0":1591,"1":1078.2000122070312,"2":15,"3":false}
2026-03-15 23:34:32 [debug] : 512.7999877929688 {"0":1858,"1":1345.2000122070312,"2":15,"3":false}
2026-03-15 23:34:32 [debug] : 512.7999877929688 {"0":1888,"1":1375.2000122070312,"2":15,"3":false}
2026-03-15 23:34:32 [debug] : 512.7999877929688 {"0":2022,"1":1509.2000122070312,"2":15,"3":false}
2026-03-15 23:34:32 [debug] : 512.7999877929688 {"0":2249,"1":1736.2000122070312,"2":15,"3":false}
2026-03-15 23:34:32 [debug] : 512.7999877929688 {"0":2279,"1":1766.2000122070312,"2":15,"3":false}
2026-03-15 23:34:32 [debug] : 512.7999877929688 {"0":2319,"1":1806.2000122070312,"2":15,"3":false}
2026-03-15 23:34:32 [debug] : 512.7999877929688 {"0":2707,"1":2194.2000122070312,"2":15,"3":false}
2026-03-15 23:34:32 [debug] : 512.7999877929688 {"0":3082,"1":2569.2000122070312,"2":15,"3":false}
2026-03-15 23:34:32 [debug] : 549.5999755859375 {"0":7,"1":542.5999755859375,"2":15,"3":false}
2026-03-15 23:34:32 [debug] : 549.5999755859375 {"0":144,"1":405.5999755859375,"2":15,"3":false}
2026-03-15 23:34:32 [debug] : 549.5999755859375 {"0":174,"1":375.5999755859375,"2":15,"3":false}
2026-03-15 23:34:32 [debug] : 549.5999755859375 {"0":298,"1":251.5999755859375,"2":15,"3":false}
2026-03-15 23:34:32 [debug] : 549.5999755859375 {"0":626,"1":76.4000244140625,"2":15,"3":false}
2026-03-15 23:34:32 [debug] : 549.5999755859375 {"0":656,"1":106.4000244140625,"2":15,"3":false}
2026-03-15 23:34:32 [debug] : 549.5999755859375 {"0":780,"1":230.4000244140625,"2":15,"3":false}
2026-03-15 23:34:32 [debug] : 549.5999755859375 {"0":883,"1":333.4000244140625,"2":15,"3":false}
2026-03-15 23:34:32 [debug] : 549.5999755859375 {"0":1222,"1":672.4000244140625,"2":15,"3":false}
2026-03-15 23:34:32 [debug] : 549.5999755859375 {"0":1428,"1":878.4000244140625,"2":15,"3":false}
2026-03-15 23:34:32 [debug] : 549.5999755859375 {"0":1458,"1":908.4000244140625,"2":15,"3":false}
2026-03-15 23:34:32 [debug] : 549.5999755859375 {"0":1591,"1":1041.4000244140625,"2":15,"3":false}
2026-03-15 23:34:32 [debug] : 549.5999755859375 {"0":1858,"1":1308.4000244140625,"2":15,"3":false}
2026-03-15 23:34:32 [debug] : 549.5999755859375 {"0":1888,"1":1338.4000244140625,"2":15,"3":false}
2026-03-15 23:34:32 [debug] : 549.5999755859375 {"0":2022,"1":1472.4000244140625,"2":15,"3":false}
2026-03-15 23:34:32 [debug] : 549.5999755859375 {"0":2249,"1":1699.4000244140625,"2":15,"3":false}
2026-03-15 23:34:32 [debug] : 549.5999755859375 {"0":2279,"1":1729.4000244140625,"2":15,"3":false}
2026-03-15 23:34:32 [debug] : 549.5999755859375 {"0":2319,"1":1769.4000244140625,"2":15,"3":false}
2026-03-15 23:34:32 [debug] : 549.5999755859375 {"0":2707,"1":2157.4000244140625,"2":15,"3":false}
2026-03-15 23:34:32 [debug] : 549.5999755859375 {"0":3082,"1":2532.4000244140625,"2":15,"3":false}
2026-03-15 23:34:32 [debug] : 576.7999877929688 {"0":7,"1":569.7999877929688,"2":15,"3":false}
2026-03-15 23:34:32 [debug] : 576.7999877929688 {"0":144,"1":432.79998779296875,"2":15,"3":false}
2026-03-15 23:34:32 [debug] : 576.7999877929688 {"0":174,"1":402.79998779296875,"2":15,"3":false}
2026-03-15 23:34:32 [debug] : 576.7999877929688 {"0":298,"1":278.79998779296875,"2":15,"3":false}
2026-03-15 23:34:32 [debug] : 576.7999877929688 {"0":626,"1":49.20001220703125,"2":15,"3":false}
2026-03-15 23:34:32 [debug] : 576.7999877929688 {"0":656,"1":79.20001220703125,"2":15,"3":false}
2026-03-15 23:34:32 [debug] : 576.7999877929688 {"0":780,"1":203.20001220703125,"2":15,"3":false}
2026-03-15 23:34:32 [debug] : 576.7999877929688 {"0":883,"1":306.20001220703125,"2":15,"3":false}
2026-03-15 23:34:32 [debug] : 576.7999877929688 {"0":1222,"1":645.2000122070312,"2":15,"3":false}
2026-03-15 23:34:32 [debug] : 576.7999877929688 {"0":1428,"1":851.2000122070312,"2":15,"3":false}
2026-03-15 23:34:32 [debug] : 576.7999877929688 {"0":1458,"1":881.2000122070312,"2":15,"3":false}
2026-03-15 23:34:32 [debug] : 576.7999877929688 {"0":1591,"1":1014.2000122070312,"2":15,"3":false}
2026-03-15 23:34:32 [debug] : 576.7999877929688 {"0":1858,"1":1281.2000122070312,"2":15,"3":false}
2026-03-15 23:34:32 [debug] : 576.7999877929688 {"0":1888,"1":1311.2000122070312,"2":15,"3":false}
2026-03-15 23:34:32 [debug] : 576.7999877929688 {"0":2022,"1":1445.2000122070312,"2":15,"3":false}
2026-03-15 23:34:32 [debug] : 576.7999877929688 {"0":2249,"1":1672.2000122070312,"2":15,"3":false}
2026-03-15 23:34:32 [debug] : 576.7999877929688 {"0":2279,"1":1702.2000122070312,"2":15,"3":false}
2026-03-15 23:34:32 [debug] : 576.7999877929688 {"0":2319,"1":1742.2000122070312,"2":15,"3":false}
2026-03-15 23:34:32 [debug] : 576.7999877929688 {"0":2707,"1":2130.2000122070312,"2":15,"3":false}
2026-03-15 23:34:32 [debug] : 576.7999877929688 {"0":3082,"1":2505.2000122070312,"2":15,"3":false}
2026-03-15 23:34:33 [debug] : 602.4000244140625 {"0":7,"1":595.4000244140625,"2":15,"3":false}
2026-03-15 23:34:33 [debug] : 602.4000244140625 {"0":144,"1":458.4000244140625,"2":15,"3":false}
2026-03-15 23:34:33 [debug] : 602.4000244140625 {"0":174,"1":428.4000244140625,"2":15,"3":false}
2026-03-15 23:34:33 [debug] : 602.4000244140625 {"0":298,"1":304.4000244140625,"2":15,"3":false}
2026-03-15 23:34:33 [debug] : 602.4000244140625 {"0":626,"1":23.5999755859375,"2":15,"3":false}
2026-03-15 23:34:33 [debug] : 602.4000244140625 {"0":656,"1":53.5999755859375,"2":15,"3":false}
2026-03-15 23:34:33 [debug] : 602.4000244140625 {"0":780,"1":177.5999755859375,"2":15,"3":false}
2026-03-15 23:34:33 [debug] : 602.4000244140625 {"0":883,"1":280.5999755859375,"2":15,"3":false}
2026-03-15 23:34:33 [debug] : 602.4000244140625 {"0":1222,"1":619.5999755859375,"2":15,"3":false}
2026-03-15 23:34:33 [debug] : 602.4000244140625 {"0":1428,"1":825.5999755859375,"2":15,"3":false}
2026-03-15 23:34:33 [debug] : 602.4000244140625 {"0":1458,"1":855.5999755859375,"2":15,"3":false}
2026-03-15 23:34:33 [debug] : 602.4000244140625 {"0":1591,"1":988.5999755859375,"2":15,"3":false}
2026-03-15 23:34:33 [debug] : 602.4000244140625 {"0":1858,"1":1255.5999755859375,"2":15,"3":false}
2026-03-15 23:34:33 [debug] : 602.4000244140625 {"0":1888,"1":1285.5999755859375,"2":15,"3":false}
2026-03-15 23:34:33 [debug] : 602.4000244140625 {"0":2022,"1":1419.5999755859375,"2":15,"3":false}
2026-03-15 23:34:33 [debug] : 602.4000244140625 {"0":2249,"1":1646.5999755859375,"2":15,"3":false}
2026-03-15 23:34:33 [debug] : 602.4000244140625 {"0":2279,"1":1676.5999755859375,"2":15,"3":false}
2026-03-15 23:34:33 [debug] : 602.4000244140625 {"0":2319,"1":1716.5999755859375,"2":15,"3":false}
2026-03-15 23:34:33 [debug] : 602.4000244140625 {"0":2707,"1":2104.5999755859375,"2":15,"3":false}
2026-03-15 23:34:33 [debug] : 602.4000244140625 {"0":3082,"1":2479.5999755859375,"2":15,"3":false}
2026-03-15 23:34:33 [debug] : 621.5999755859375 {"0":7,"1":614.5999755859375,"2":15,"3":false}
2026-03-15 23:34:33 [debug] : 621.5999755859375 {"0":144,"1":477.5999755859375,"2":15,"3":false}
2026-03-15 23:34:33 [debug] : 621.5999755859375 {"0":174,"1":447.5999755859375,"2":15,"3":false}
2026-03-15 23:34:33 [debug] : 621.5999755859375 {"0":298,"1":323.5999755859375,"2":15,"3":false}
2026-03-15 23:34:33 [debug] : 621.5999755859375 {"0":626,"1":4.4000244140625,"2":15,"3":true}
2026-03-15 23:34:33 [debug] : SELECTED {"0":"hls-report-section-hw-interfaces::urn:analysis-report/top-517628394/synthesis-1219712035"}
2026-03-15 23:34:33 [debug] : 632.7999877929688 {"0":7,"1":625.7999877929688,"2":15,"3":false}
2026-03-15 23:34:33 [debug] : 632.7999877929688 {"0":144,"1":488.79998779296875,"2":15,"3":false}
2026-03-15 23:34:33 [debug] : 632.7999877929688 {"0":174,"1":458.79998779296875,"2":15,"3":false}
2026-03-15 23:34:33 [debug] : 632.7999877929688 {"0":298,"1":334.79998779296875,"2":15,"3":false}
2026-03-15 23:34:33 [debug] : 632.7999877929688 {"0":626,"1":6.79998779296875,"2":15,"3":true}
2026-03-15 23:34:33 [debug] : SELECTED {"0":"hls-report-section-hw-interfaces::urn:analysis-report/top-517628394/synthesis-1219712035"}
2026-03-15 23:34:33 [debug] : 636 {"0":7,"1":629,"2":15,"3":false}
2026-03-15 23:34:33 [debug] : 636 {"0":144,"1":492,"2":15,"3":false}
2026-03-15 23:34:33 [debug] : 636 {"0":174,"1":462,"2":15,"3":false}
2026-03-15 23:34:33 [debug] : 636 {"0":298,"1":338,"2":15,"3":false}
2026-03-15 23:34:33 [debug] : 636 {"0":626,"1":10,"2":15,"3":true}
2026-03-15 23:34:33 [debug] : SELECTED {"0":"hls-report-section-hw-interfaces::urn:analysis-report/top-517628394/synthesis-1219712035"}
2026-03-15 23:34:33 [debug] : 636.7999877929688 {"0":7,"1":629.7999877929688,"2":15,"3":false}
2026-03-15 23:34:33 [debug] : 636.7999877929688 {"0":144,"1":492.79998779296875,"2":15,"3":false}
2026-03-15 23:34:33 [debug] : 636.7999877929688 {"0":174,"1":462.79998779296875,"2":15,"3":false}
2026-03-15 23:34:33 [debug] : 636.7999877929688 {"0":298,"1":338.79998779296875,"2":15,"3":false}
2026-03-15 23:34:33 [debug] : 636.7999877929688 {"0":626,"1":10.79998779296875,"2":15,"3":true}
2026-03-15 23:34:33 [debug] : SELECTED {"0":"hls-report-section-hw-interfaces::urn:analysis-report/top-517628394/synthesis-1219712035"}
2026-03-15 23:34:33 [debug] : 637.5999755859375 {"0":7,"1":630.5999755859375,"2":15,"3":false}
2026-03-15 23:34:33 [debug] : 637.5999755859375 {"0":144,"1":493.5999755859375,"2":15,"3":false}
2026-03-15 23:34:33 [debug] : 637.5999755859375 {"0":174,"1":463.5999755859375,"2":15,"3":false}
2026-03-15 23:34:33 [debug] : 637.5999755859375 {"0":298,"1":339.5999755859375,"2":15,"3":false}
2026-03-15 23:34:33 [debug] : 637.5999755859375 {"0":626,"1":11.5999755859375,"2":15,"3":true}
2026-03-15 23:34:33 [debug] : SELECTED {"0":"hls-report-section-hw-interfaces::urn:analysis-report/top-517628394/synthesis-1219712035"}
2026-03-15 23:34:33 [debug] : 638.4000244140625 {"0":7,"1":631.4000244140625,"2":15,"3":false}
2026-03-15 23:34:33 [debug] : 638.4000244140625 {"0":144,"1":494.4000244140625,"2":15,"3":false}
2026-03-15 23:34:33 [debug] : 638.4000244140625 {"0":174,"1":464.4000244140625,"2":15,"3":false}
2026-03-15 23:34:33 [debug] : 638.4000244140625 {"0":298,"1":340.4000244140625,"2":15,"3":false}
2026-03-15 23:34:33 [debug] : 638.4000244140625 {"0":626,"1":12.4000244140625,"2":15,"3":true}
2026-03-15 23:34:33 [debug] : SELECTED {"0":"hls-report-section-hw-interfaces::urn:analysis-report/top-517628394/synthesis-1219712035"}
2026-03-15 23:34:33 [debug] : 639.2000122070312 {"0":7,"1":632.2000122070312,"2":15,"3":false}
2026-03-15 23:34:33 [debug] : 639.2000122070312 {"0":144,"1":495.20001220703125,"2":15,"3":false}
2026-03-15 23:34:33 [debug] : 639.2000122070312 {"0":174,"1":465.20001220703125,"2":15,"3":false}
2026-03-15 23:34:33 [debug] : 639.2000122070312 {"0":298,"1":341.20001220703125,"2":15,"3":false}
2026-03-15 23:34:33 [debug] : 639.2000122070312 {"0":626,"1":13.20001220703125,"2":15,"3":true}
2026-03-15 23:34:33 [debug] : SELECTED {"0":"hls-report-section-hw-interfaces::urn:analysis-report/top-517628394/synthesis-1219712035"}
2026-03-15 23:34:34 [debug] : 640 {"0":7,"1":633,"2":15,"3":false}
2026-03-15 23:34:34 [debug] : 640 {"0":144,"1":496,"2":15,"3":false}
2026-03-15 23:34:34 [debug] : 640 {"0":174,"1":466,"2":15,"3":false}
2026-03-15 23:34:34 [debug] : 640 {"0":298,"1":342,"2":15,"3":false}
2026-03-15 23:34:34 [debug] : 640 {"0":626,"1":14,"2":15,"3":true}
2026-03-15 23:34:34 [debug] : SELECTED {"0":"hls-report-section-hw-interfaces::urn:analysis-report/top-517628394/synthesis-1219712035"}
2026-03-15 23:34:34 [debug] : 640.7999877929688 {"0":7,"1":633.7999877929688,"2":15,"3":false}
2026-03-15 23:34:34 [debug] : 640.7999877929688 {"0":144,"1":496.79998779296875,"2":15,"3":false}
2026-03-15 23:34:34 [debug] : 640.7999877929688 {"0":174,"1":466.79998779296875,"2":15,"3":false}
2026-03-15 23:34:34 [debug] : 640.7999877929688 {"0":298,"1":342.79998779296875,"2":15,"3":false}
2026-03-15 23:34:34 [debug] : 640.7999877929688 {"0":626,"1":14.79998779296875,"2":15,"3":true}
2026-03-15 23:34:34 [debug] : SELECTED {"0":"hls-report-section-hw-interfaces::urn:analysis-report/top-517628394/synthesis-1219712035"}
2026-03-15 23:34:34 [debug] : 641.5999755859375 {"0":7,"1":634.5999755859375,"2":15,"3":false}
2026-03-15 23:34:34 [debug] : 641.5999755859375 {"0":144,"1":497.5999755859375,"2":15,"3":false}
2026-03-15 23:34:34 [debug] : 641.5999755859375 {"0":174,"1":467.5999755859375,"2":15,"3":false}
2026-03-15 23:34:34 [debug] : 641.5999755859375 {"0":298,"1":343.5999755859375,"2":15,"3":false}
2026-03-15 23:34:34 [debug] : 641.5999755859375 {"0":626,"1":15.5999755859375,"2":15,"3":false}
2026-03-15 23:34:34 [debug] : 641.5999755859375 {"0":656,"1":14.4000244140625,"2":15,"3":true}
2026-03-15 23:34:34 [debug] : SELECTED {"0":"hls-report-section-m_axi::urn:analysis-report/top-517628394/synthesis-1219712035"}
2026-03-15 23:34:34 [debug] : 642.4000244140625 {"0":7,"1":635.4000244140625,"2":15,"3":false}
2026-03-15 23:34:34 [debug] : 642.4000244140625 {"0":144,"1":498.4000244140625,"2":15,"3":false}
2026-03-15 23:34:34 [debug] : 642.4000244140625 {"0":174,"1":468.4000244140625,"2":15,"3":false}
2026-03-15 23:34:34 [debug] : 642.4000244140625 {"0":298,"1":344.4000244140625,"2":15,"3":false}
2026-03-15 23:34:34 [debug] : 642.4000244140625 {"0":626,"1":16.4000244140625,"2":15,"3":false}
2026-03-15 23:34:34 [debug] : 642.4000244140625 {"0":656,"1":13.5999755859375,"2":15,"3":true}
2026-03-15 23:34:34 [debug] : SELECTED {"0":"hls-report-section-m_axi::urn:analysis-report/top-517628394/synthesis-1219712035"}
2026-03-15 23:34:34 [debug] : 643.2000122070312 {"0":7,"1":636.2000122070312,"2":15,"3":false}
2026-03-15 23:34:34 [debug] : 643.2000122070312 {"0":144,"1":499.20001220703125,"2":15,"3":false}
2026-03-15 23:34:34 [debug] : 643.2000122070312 {"0":174,"1":469.20001220703125,"2":15,"3":false}
2026-03-15 23:34:34 [debug] : 643.2000122070312 {"0":298,"1":345.20001220703125,"2":15,"3":false}
2026-03-15 23:34:34 [debug] : 643.2000122070312 {"0":626,"1":17.20001220703125,"2":15,"3":false}
2026-03-15 23:34:34 [debug] : 643.2000122070312 {"0":656,"1":12.79998779296875,"2":15,"3":true}
2026-03-15 23:34:34 [debug] : SELECTED {"0":"hls-report-section-m_axi::urn:analysis-report/top-517628394/synthesis-1219712035"}
2026-03-15 23:34:35 [debug] : 644 {"0":7,"1":637,"2":15,"3":false}
2026-03-15 23:34:35 [debug] : 644 {"0":144,"1":500,"2":15,"3":false}
2026-03-15 23:34:35 [debug] : 644 {"0":174,"1":470,"2":15,"3":false}
2026-03-15 23:34:35 [debug] : 644 {"0":298,"1":346,"2":15,"3":false}
2026-03-15 23:34:35 [debug] : 644 {"0":626,"1":18,"2":15,"3":false}
2026-03-15 23:34:35 [debug] : 644 {"0":656,"1":12,"2":15,"3":true}
2026-03-15 23:34:35 [debug] : SELECTED {"0":"hls-report-section-m_axi::urn:analysis-report/top-517628394/synthesis-1219712035"}
2026-03-15 23:34:35 [debug] : 644.7999877929688 {"0":7,"1":637.7999877929688,"2":15,"3":false}
2026-03-15 23:34:35 [debug] : 644.7999877929688 {"0":144,"1":500.79998779296875,"2":15,"3":false}
2026-03-15 23:34:35 [debug] : 644.7999877929688 {"0":174,"1":470.79998779296875,"2":15,"3":false}
2026-03-15 23:34:35 [debug] : 644.7999877929688 {"0":298,"1":346.79998779296875,"2":15,"3":false}
2026-03-15 23:34:35 [debug] : 644.7999877929688 {"0":626,"1":18.79998779296875,"2":15,"3":false}
2026-03-15 23:34:35 [debug] : 644.7999877929688 {"0":656,"1":11.20001220703125,"2":15,"3":true}
2026-03-15 23:34:35 [debug] : SELECTED {"0":"hls-report-section-m_axi::urn:analysis-report/top-517628394/synthesis-1219712035"}
2026-03-15 23:34:35 [debug] : 645.5999755859375 {"0":7,"1":638.5999755859375,"2":15,"3":false}
2026-03-15 23:34:35 [debug] : 645.5999755859375 {"0":144,"1":501.5999755859375,"2":15,"3":false}
2026-03-15 23:34:35 [debug] : 645.5999755859375 {"0":174,"1":471.5999755859375,"2":15,"3":false}
2026-03-15 23:34:35 [debug] : 645.5999755859375 {"0":298,"1":347.5999755859375,"2":15,"3":false}
2026-03-15 23:34:35 [debug] : 645.5999755859375 {"0":626,"1":19.5999755859375,"2":15,"3":false}
2026-03-15 23:34:35 [debug] : 645.5999755859375 {"0":656,"1":10.4000244140625,"2":15,"3":true}
2026-03-15 23:34:35 [debug] : SELECTED {"0":"hls-report-section-m_axi::urn:analysis-report/top-517628394/synthesis-1219712035"}
2026-03-15 23:34:35 [debug] : 646.4000244140625 {"0":7,"1":639.4000244140625,"2":15,"3":false}
2026-03-15 23:34:35 [debug] : 646.4000244140625 {"0":144,"1":502.4000244140625,"2":15,"3":false}
2026-03-15 23:34:35 [debug] : 646.4000244140625 {"0":174,"1":472.4000244140625,"2":15,"3":false}
2026-03-15 23:34:35 [debug] : 646.4000244140625 {"0":298,"1":348.4000244140625,"2":15,"3":false}
2026-03-15 23:34:35 [debug] : 646.4000244140625 {"0":626,"1":20.4000244140625,"2":15,"3":false}
2026-03-15 23:34:35 [debug] : 646.4000244140625 {"0":656,"1":9.5999755859375,"2":15,"3":true}
2026-03-15 23:34:35 [debug] : SELECTED {"0":"hls-report-section-m_axi::urn:analysis-report/top-517628394/synthesis-1219712035"}
2026-03-15 23:34:35 [debug] : 647.2000122070312 {"0":7,"1":640.2000122070312,"2":15,"3":false}
2026-03-15 23:34:35 [debug] : 647.2000122070312 {"0":144,"1":503.20001220703125,"2":15,"3":false}
2026-03-15 23:34:35 [debug] : 647.2000122070312 {"0":174,"1":473.20001220703125,"2":15,"3":false}
2026-03-15 23:34:35 [debug] : 647.2000122070312 {"0":298,"1":349.20001220703125,"2":15,"3":false}
2026-03-15 23:34:35 [debug] : 647.2000122070312 {"0":626,"1":21.20001220703125,"2":15,"3":false}
2026-03-15 23:34:35 [debug] : 647.2000122070312 {"0":656,"1":8.79998779296875,"2":15,"3":true}
2026-03-15 23:34:35 [debug] : SELECTED {"0":"hls-report-section-m_axi::urn:analysis-report/top-517628394/synthesis-1219712035"}
2026-03-15 23:34:35 [debug] : 648 {"0":7,"1":641,"2":15,"3":false}
2026-03-15 23:34:35 [debug] : 648 {"0":144,"1":504,"2":15,"3":false}
2026-03-15 23:34:35 [debug] : 648 {"0":174,"1":474,"2":15,"3":false}
2026-03-15 23:34:35 [debug] : 648 {"0":298,"1":350,"2":15,"3":false}
2026-03-15 23:34:35 [debug] : 648 {"0":626,"1":22,"2":15,"3":false}
2026-03-15 23:34:35 [debug] : 648 {"0":656,"1":8,"2":15,"3":true}
2026-03-15 23:34:35 [debug] : SELECTED {"0":"hls-report-section-m_axi::urn:analysis-report/top-517628394/synthesis-1219712035"}
2026-03-15 23:34:35 [debug] : 649.5999755859375 {"0":7,"1":642.5999755859375,"2":15,"3":false}
2026-03-15 23:34:35 [debug] : 649.5999755859375 {"0":144,"1":505.5999755859375,"2":15,"3":false}
2026-03-15 23:34:35 [debug] : 649.5999755859375 {"0":174,"1":475.5999755859375,"2":15,"3":false}
2026-03-15 23:34:35 [debug] : 649.5999755859375 {"0":298,"1":351.5999755859375,"2":15,"3":false}
2026-03-15 23:34:35 [debug] : 649.5999755859375 {"0":626,"1":23.5999755859375,"2":15,"3":false}
2026-03-15 23:34:35 [debug] : 649.5999755859375 {"0":656,"1":6.4000244140625,"2":15,"3":true}
2026-03-15 23:34:35 [debug] : SELECTED {"0":"hls-report-section-m_axi::urn:analysis-report/top-517628394/synthesis-1219712035"}
2026-03-15 23:34:35 [debug] : 652 {"0":7,"1":645,"2":15,"3":false}
2026-03-15 23:34:35 [debug] : 652 {"0":144,"1":508,"2":15,"3":false}
2026-03-15 23:34:35 [debug] : 652 {"0":174,"1":478,"2":15,"3":false}
2026-03-15 23:34:35 [debug] : 652 {"0":298,"1":354,"2":15,"3":false}
2026-03-15 23:34:35 [debug] : 652 {"0":626,"1":26,"2":15,"3":false}
2026-03-15 23:34:35 [debug] : 652 {"0":656,"1":4,"2":15,"3":true}
2026-03-15 23:34:35 [debug] : SELECTED {"0":"hls-report-section-m_axi::urn:analysis-report/top-517628394/synthesis-1219712035"}
2026-03-15 23:34:35 [debug] : 659.2000122070312 {"0":7,"1":652.2000122070312,"2":15,"3":false}
2026-03-15 23:34:35 [debug] : 659.2000122070312 {"0":144,"1":515.2000122070312,"2":15,"3":false}
2026-03-15 23:34:35 [debug] : 659.2000122070312 {"0":174,"1":485.20001220703125,"2":15,"3":false}
2026-03-15 23:34:35 [debug] : 659.2000122070312 {"0":298,"1":361.20001220703125,"2":15,"3":false}
2026-03-15 23:34:35 [debug] : 659.2000122070312 {"0":626,"1":33.20001220703125,"2":15,"3":false}
2026-03-15 23:34:35 [debug] : 659.2000122070312 {"0":656,"1":3.20001220703125,"2":15,"3":true}
2026-03-15 23:34:35 [debug] : SELECTED {"0":"hls-report-section-m_axi::urn:analysis-report/top-517628394/synthesis-1219712035"}
2026-03-15 23:34:35 [debug] : 674.4000244140625 {"0":7,"1":667.4000244140625,"2":15,"3":false}
2026-03-15 23:34:35 [debug] : 674.4000244140625 {"0":144,"1":530.4000244140625,"2":15,"3":false}
2026-03-15 23:34:35 [debug] : 674.4000244140625 {"0":174,"1":500.4000244140625,"2":15,"3":false}
2026-03-15 23:34:35 [debug] : 674.4000244140625 {"0":298,"1":376.4000244140625,"2":15,"3":false}
2026-03-15 23:34:35 [debug] : 674.4000244140625 {"0":626,"1":48.4000244140625,"2":15,"3":false}
2026-03-15 23:34:35 [debug] : 674.4000244140625 {"0":656,"1":18.4000244140625,"2":15,"3":false}
2026-03-15 23:34:35 [debug] : 674.4000244140625 {"0":780,"1":105.5999755859375,"2":15,"3":false}
2026-03-15 23:34:35 [debug] : 674.4000244140625 {"0":883,"1":208.5999755859375,"2":15,"3":false}
2026-03-15 23:34:35 [debug] : 674.4000244140625 {"0":1222,"1":547.5999755859375,"2":15,"3":false}
2026-03-15 23:34:35 [debug] : 674.4000244140625 {"0":1428,"1":753.5999755859375,"2":15,"3":false}
2026-03-15 23:34:36 [debug] : 674.4000244140625 {"0":1458,"1":783.5999755859375,"2":15,"3":false}
2026-03-15 23:34:36 [debug] : 674.4000244140625 {"0":1591,"1":916.5999755859375,"2":15,"3":false}
2026-03-15 23:34:36 [debug] : 674.4000244140625 {"0":1858,"1":1183.5999755859375,"2":15,"3":false}
2026-03-15 23:34:36 [debug] : 674.4000244140625 {"0":1888,"1":1213.5999755859375,"2":15,"3":false}
2026-03-15 23:34:36 [debug] : 674.4000244140625 {"0":2022,"1":1347.5999755859375,"2":15,"3":false}
2026-03-15 23:34:36 [debug] : 674.4000244140625 {"0":2249,"1":1574.5999755859375,"2":15,"3":false}
2026-03-15 23:34:36 [debug] : 674.4000244140625 {"0":2279,"1":1604.5999755859375,"2":15,"3":false}
2026-03-15 23:34:36 [debug] : 674.4000244140625 {"0":2319,"1":1644.5999755859375,"2":15,"3":false}
2026-03-15 23:34:36 [debug] : 674.4000244140625 {"0":2707,"1":2032.5999755859375,"2":15,"3":false}
2026-03-15 23:34:36 [debug] : 674.4000244140625 {"0":3082,"1":2407.5999755859375,"2":15,"3":false}
2026-03-15 23:34:36 [debug] : 685.5999755859375 {"0":7,"1":678.5999755859375,"2":15,"3":false}
2026-03-15 23:34:36 [debug] : 685.5999755859375 {"0":144,"1":541.5999755859375,"2":15,"3":false}
2026-03-15 23:34:36 [debug] : 685.5999755859375 {"0":174,"1":511.5999755859375,"2":15,"3":false}
2026-03-15 23:34:36 [debug] : 685.5999755859375 {"0":298,"1":387.5999755859375,"2":15,"3":false}
2026-03-15 23:34:36 [debug] : 685.5999755859375 {"0":626,"1":59.5999755859375,"2":15,"3":false}
2026-03-15 23:34:36 [debug] : 685.5999755859375 {"0":656,"1":29.5999755859375,"2":15,"3":false}
2026-03-15 23:34:36 [debug] : 685.5999755859375 {"0":780,"1":94.4000244140625,"2":15,"3":false}
2026-03-15 23:34:36 [debug] : 685.5999755859375 {"0":883,"1":197.4000244140625,"2":15,"3":false}
2026-03-15 23:34:36 [debug] : 685.5999755859375 {"0":1222,"1":536.4000244140625,"2":15,"3":false}
2026-03-15 23:34:36 [debug] : 685.5999755859375 {"0":1428,"1":742.4000244140625,"2":15,"3":false}
2026-03-15 23:34:36 [debug] : 685.5999755859375 {"0":1458,"1":772.4000244140625,"2":15,"3":false}
2026-03-15 23:34:36 [debug] : 685.5999755859375 {"0":1591,"1":905.4000244140625,"2":15,"3":false}
2026-03-15 23:34:36 [debug] : 685.5999755859375 {"0":1858,"1":1172.4000244140625,"2":15,"3":false}
2026-03-15 23:34:36 [debug] : 685.5999755859375 {"0":1888,"1":1202.4000244140625,"2":15,"3":false}
2026-03-15 23:34:36 [debug] : 685.5999755859375 {"0":2022,"1":1336.4000244140625,"2":15,"3":false}
2026-03-15 23:34:36 [debug] : 685.5999755859375 {"0":2249,"1":1563.4000244140625,"2":15,"3":false}
2026-03-15 23:34:36 [debug] : 685.5999755859375 {"0":2279,"1":1593.4000244140625,"2":15,"3":false}
2026-03-15 23:34:36 [debug] : 685.5999755859375 {"0":2319,"1":1633.4000244140625,"2":15,"3":false}
2026-03-15 23:34:36 [debug] : 685.5999755859375 {"0":2707,"1":2021.4000244140625,"2":15,"3":false}
2026-03-15 23:34:36 [debug] : 685.5999755859375 {"0":3082,"1":2396.4000244140625,"2":15,"3":false}
2026-03-15 23:34:36 [debug] : 705.5999755859375 {"0":7,"1":698.5999755859375,"2":15,"3":false}
2026-03-15 23:34:36 [debug] : 705.5999755859375 {"0":144,"1":561.5999755859375,"2":15,"3":false}
2026-03-15 23:34:36 [debug] : 705.5999755859375 {"0":174,"1":531.5999755859375,"2":15,"3":false}
2026-03-15 23:34:36 [debug] : 705.5999755859375 {"0":298,"1":407.5999755859375,"2":15,"3":false}
2026-03-15 23:34:36 [debug] : 705.5999755859375 {"0":626,"1":79.5999755859375,"2":15,"3":false}
2026-03-15 23:34:36 [debug] : 705.5999755859375 {"0":656,"1":49.5999755859375,"2":15,"3":false}
2026-03-15 23:34:36 [debug] : 705.5999755859375 {"0":780,"1":74.4000244140625,"2":15,"3":false}
2026-03-15 23:34:36 [debug] : 705.5999755859375 {"0":883,"1":177.4000244140625,"2":15,"3":false}
2026-03-15 23:34:36 [debug] : 705.5999755859375 {"0":1222,"1":516.4000244140625,"2":15,"3":false}
2026-03-15 23:34:36 [debug] : 705.5999755859375 {"0":1428,"1":722.4000244140625,"2":15,"3":false}
2026-03-15 23:34:36 [debug] : 705.5999755859375 {"0":1458,"1":752.4000244140625,"2":15,"3":false}
2026-03-15 23:34:36 [debug] : 705.5999755859375 {"0":1591,"1":885.4000244140625,"2":15,"3":false}
2026-03-15 23:34:36 [debug] : 705.5999755859375 {"0":1858,"1":1152.4000244140625,"2":15,"3":false}
2026-03-15 23:34:36 [debug] : 705.5999755859375 {"0":1888,"1":1182.4000244140625,"2":15,"3":false}
2026-03-15 23:34:36 [debug] : 705.5999755859375 {"0":2022,"1":1316.4000244140625,"2":15,"3":false}
2026-03-15 23:34:36 [debug] : 705.5999755859375 {"0":2249,"1":1543.4000244140625,"2":15,"3":false}
2026-03-15 23:34:36 [debug] : 705.5999755859375 {"0":2279,"1":1573.4000244140625,"2":15,"3":false}
2026-03-15 23:34:36 [debug] : 705.5999755859375 {"0":2319,"1":1613.4000244140625,"2":15,"3":false}
2026-03-15 23:34:36 [debug] : 705.5999755859375 {"0":2707,"1":2001.4000244140625,"2":15,"3":false}
2026-03-15 23:34:36 [debug] : 705.5999755859375 {"0":3082,"1":2376.4000244140625,"2":15,"3":false}
2026-03-15 23:34:36 [debug] : 738.4000244140625 {"0":7,"1":731.4000244140625,"2":15,"3":false}
2026-03-15 23:34:36 [debug] : 738.4000244140625 {"0":144,"1":594.4000244140625,"2":15,"3":false}
2026-03-15 23:34:36 [debug] : 738.4000244140625 {"0":174,"1":564.4000244140625,"2":15,"3":false}
2026-03-15 23:34:36 [debug] : 738.4000244140625 {"0":298,"1":440.4000244140625,"2":15,"3":false}
2026-03-15 23:34:36 [debug] : 738.4000244140625 {"0":626,"1":112.4000244140625,"2":15,"3":false}
2026-03-15 23:34:36 [debug] : 738.4000244140625 {"0":656,"1":82.4000244140625,"2":15,"3":false}
2026-03-15 23:34:36 [debug] : 738.4000244140625 {"0":780,"1":41.5999755859375,"2":15,"3":false}
2026-03-15 23:34:36 [debug] : 738.4000244140625 {"0":883,"1":144.5999755859375,"2":15,"3":false}
2026-03-15 23:34:36 [debug] : 738.4000244140625 {"0":1222,"1":483.5999755859375,"2":15,"3":false}
2026-03-15 23:34:36 [debug] : 738.4000244140625 {"0":1428,"1":689.5999755859375,"2":15,"3":false}
2026-03-15 23:34:36 [debug] : 738.4000244140625 {"0":1458,"1":719.5999755859375,"2":15,"3":false}
2026-03-15 23:34:36 [debug] : 738.4000244140625 {"0":1591,"1":852.5999755859375,"2":15,"3":false}
2026-03-15 23:34:36 [debug] : 738.4000244140625 {"0":1858,"1":1119.5999755859375,"2":15,"3":false}
2026-03-15 23:34:36 [debug] : 738.4000244140625 {"0":1888,"1":1149.5999755859375,"2":15,"3":false}
2026-03-15 23:34:36 [debug] : 738.4000244140625 {"0":2022,"1":1283.5999755859375,"2":15,"3":false}
2026-03-15 23:34:36 [debug] : 738.4000244140625 {"0":2249,"1":1510.5999755859375,"2":15,"3":false}
2026-03-15 23:34:36 [debug] : 738.4000244140625 {"0":2279,"1":1540.5999755859375,"2":15,"3":false}
2026-03-15 23:34:36 [debug] : 738.4000244140625 {"0":2319,"1":1580.5999755859375,"2":15,"3":false}
2026-03-15 23:34:36 [debug] : 738.4000244140625 {"0":2707,"1":1968.5999755859375,"2":15,"3":false}
2026-03-15 23:34:36 [debug] : 738.4000244140625 {"0":3082,"1":2343.5999755859375,"2":15,"3":false}
2026-03-15 23:34:36 [debug] : 763.2000122070312 {"0":7,"1":756.2000122070312,"2":15,"3":false}
2026-03-15 23:34:36 [debug] : 763.2000122070312 {"0":144,"1":619.2000122070312,"2":15,"3":false}
2026-03-15 23:34:36 [debug] : 763.2000122070312 {"0":174,"1":589.2000122070312,"2":15,"3":false}
2026-03-15 23:34:36 [debug] : 763.2000122070312 {"0":298,"1":465.20001220703125,"2":15,"3":false}
2026-03-15 23:34:36 [debug] : 763.2000122070312 {"0":626,"1":137.20001220703125,"2":15,"3":false}
2026-03-15 23:34:36 [debug] : 763.2000122070312 {"0":656,"1":107.20001220703125,"2":15,"3":false}
2026-03-15 23:34:36 [debug] : 763.2000122070312 {"0":780,"1":16.79998779296875,"2":15,"3":false}
2026-03-15 23:34:36 [debug] : 763.2000122070312 {"0":883,"1":119.79998779296875,"2":15,"3":false}
2026-03-15 23:34:36 [debug] : 763.2000122070312 {"0":1222,"1":458.79998779296875,"2":15,"3":false}
2026-03-15 23:34:36 [debug] : 763.2000122070312 {"0":1428,"1":664.7999877929688,"2":15,"3":false}
2026-03-15 23:34:36 [debug] : 763.2000122070312 {"0":1458,"1":694.7999877929688,"2":15,"3":false}
2026-03-15 23:34:36 [debug] : 763.2000122070312 {"0":1591,"1":827.7999877929688,"2":15,"3":false}
2026-03-15 23:34:36 [debug] : 763.2000122070312 {"0":1858,"1":1094.7999877929688,"2":15,"3":false}
2026-03-15 23:34:36 [debug] : 763.2000122070312 {"0":1888,"1":1124.7999877929688,"2":15,"3":false}
2026-03-15 23:34:36 [debug] : 763.2000122070312 {"0":2022,"1":1258.7999877929688,"2":15,"3":false}
2026-03-15 23:34:36 [debug] : 763.2000122070312 {"0":2249,"1":1485.7999877929688,"2":15,"3":false}
2026-03-15 23:34:36 [debug] : 763.2000122070312 {"0":2279,"1":1515.7999877929688,"2":15,"3":false}
2026-03-15 23:34:36 [debug] : 763.2000122070312 {"0":2319,"1":1555.7999877929688,"2":15,"3":false}
2026-03-15 23:34:36 [debug] : 763.2000122070312 {"0":2707,"1":1943.7999877929688,"2":15,"3":false}
2026-03-15 23:34:36 [debug] : 763.2000122070312 {"0":3082,"1":2318.7999877929688,"2":15,"3":false}
2026-03-15 23:34:36 [debug] : 795.2000122070312 {"0":7,"1":788.2000122070312,"2":15,"3":false}
2026-03-15 23:34:36 [debug] : 795.2000122070312 {"0":144,"1":651.2000122070312,"2":15,"3":false}
2026-03-15 23:34:36 [debug] : 795.2000122070312 {"0":174,"1":621.2000122070312,"2":15,"3":false}
2026-03-15 23:34:36 [debug] : 795.2000122070312 {"0":298,"1":497.20001220703125,"2":15,"3":false}
2026-03-15 23:34:36 [debug] : 795.2000122070312 {"0":626,"1":169.20001220703125,"2":15,"3":false}
2026-03-15 23:34:36 [debug] : 795.2000122070312 {"0":656,"1":139.20001220703125,"2":15,"3":false}
2026-03-15 23:34:36 [debug] : 795.2000122070312 {"0":780,"1":15.20001220703125,"2":15,"3":false}
2026-03-15 23:34:36 [debug] : 795.2000122070312 {"0":883,"1":87.79998779296875,"2":15,"3":false}
2026-03-15 23:34:36 [debug] : 795.2000122070312 {"0":1222,"1":426.79998779296875,"2":15,"3":false}
2026-03-15 23:34:36 [debug] : 795.2000122070312 {"0":1428,"1":632.7999877929688,"2":15,"3":false}
2026-03-15 23:34:36 [debug] : 795.2000122070312 {"0":1458,"1":662.7999877929688,"2":15,"3":false}
2026-03-15 23:34:36 [debug] : 795.2000122070312 {"0":1591,"1":795.7999877929688,"2":15,"3":false}
2026-03-15 23:34:36 [debug] : 795.2000122070312 {"0":1858,"1":1062.7999877929688,"2":15,"3":false}
2026-03-15 23:34:36 [debug] : 795.2000122070312 {"0":1888,"1":1092.7999877929688,"2":15,"3":false}
2026-03-15 23:34:36 [debug] : 795.2000122070312 {"0":2022,"1":1226.7999877929688,"2":15,"3":false}
2026-03-15 23:34:36 [debug] : 795.2000122070312 {"0":2249,"1":1453.7999877929688,"2":15,"3":false}
2026-03-15 23:34:36 [debug] : 795.2000122070312 {"0":2279,"1":1483.7999877929688,"2":15,"3":false}
2026-03-15 23:34:36 [debug] : 795.2000122070312 {"0":2319,"1":1523.7999877929688,"2":15,"3":false}
2026-03-15 23:34:36 [debug] : 795.2000122070312 {"0":2707,"1":1911.7999877929688,"2":15,"3":false}
2026-03-15 23:34:36 [debug] : 795.2000122070312 {"0":3082,"1":2286.7999877929688,"2":15,"3":false}
2026-03-15 23:34:36 [debug] : 809.5999755859375 {"0":7,"1":802.5999755859375,"2":15,"3":false}
2026-03-15 23:34:36 [debug] : 809.5999755859375 {"0":144,"1":665.5999755859375,"2":15,"3":false}
2026-03-15 23:34:36 [debug] : 809.5999755859375 {"0":174,"1":635.5999755859375,"2":15,"3":false}
2026-03-15 23:34:36 [debug] : 809.5999755859375 {"0":298,"1":511.5999755859375,"2":15,"3":false}
2026-03-15 23:34:36 [debug] : 809.5999755859375 {"0":626,"1":183.5999755859375,"2":15,"3":false}
2026-03-15 23:34:36 [debug] : 809.5999755859375 {"0":656,"1":153.5999755859375,"2":15,"3":false}
2026-03-15 23:34:36 [debug] : 809.5999755859375 {"0":780,"1":29.5999755859375,"2":15,"3":false}
2026-03-15 23:34:36 [debug] : 809.5999755859375 {"0":883,"1":73.4000244140625,"2":15,"3":false}
2026-03-15 23:34:36 [debug] : 809.5999755859375 {"0":1222,"1":412.4000244140625,"2":15,"3":false}
2026-03-15 23:34:36 [debug] : 809.5999755859375 {"0":1428,"1":618.4000244140625,"2":15,"3":false}
2026-03-15 23:34:36 [debug] : 809.5999755859375 {"0":1458,"1":648.4000244140625,"2":15,"3":false}
2026-03-15 23:34:36 [debug] : 809.5999755859375 {"0":1591,"1":781.4000244140625,"2":15,"3":false}
2026-03-15 23:34:36 [debug] : 809.5999755859375 {"0":1858,"1":1048.4000244140625,"2":15,"3":false}
2026-03-15 23:34:36 [debug] : 809.5999755859375 {"0":1888,"1":1078.4000244140625,"2":15,"3":false}
2026-03-15 23:34:36 [debug] : 809.5999755859375 {"0":2022,"1":1212.4000244140625,"2":15,"3":false}
2026-03-15 23:34:36 [debug] : 809.5999755859375 {"0":2249,"1":1439.4000244140625,"2":15,"3":false}
2026-03-15 23:34:36 [debug] : 809.5999755859375 {"0":2279,"1":1469.4000244140625,"2":15,"3":false}
2026-03-15 23:34:36 [debug] : 809.5999755859375 {"0":2319,"1":1509.4000244140625,"2":15,"3":false}
2026-03-15 23:34:36 [debug] : 809.5999755859375 {"0":2707,"1":1897.4000244140625,"2":15,"3":false}
2026-03-15 23:34:36 [debug] : 809.5999755859375 {"0":3082,"1":2272.4000244140625,"2":15,"3":false}
2026-03-15 23:34:36 [debug] : 836 {"0":7,"1":829,"2":15,"3":false}
2026-03-15 23:34:36 [debug] : 836 {"0":144,"1":692,"2":15,"3":false}
2026-03-15 23:34:36 [debug] : 836 {"0":174,"1":662,"2":15,"3":false}
2026-03-15 23:34:36 [debug] : 836 {"0":298,"1":538,"2":15,"3":false}
2026-03-15 23:34:36 [debug] : 836 {"0":626,"1":210,"2":15,"3":false}
2026-03-15 23:34:36 [debug] : 836 {"0":656,"1":180,"2":15,"3":false}
2026-03-15 23:34:36 [debug] : 836 {"0":780,"1":56,"2":15,"3":false}
2026-03-15 23:34:36 [debug] : 836 {"0":883,"1":47,"2":15,"3":false}
2026-03-15 23:34:36 [debug] : 836 {"0":1222,"1":386,"2":15,"3":false}
2026-03-15 23:34:36 [debug] : 836 {"0":1428,"1":592,"2":15,"3":false}
2026-03-15 23:34:36 [debug] : 836 {"0":1458,"1":622,"2":15,"3":false}
2026-03-15 23:34:36 [debug] : 836 {"0":1591,"1":755,"2":15,"3":false}
2026-03-15 23:34:36 [debug] : 836 {"0":1858,"1":1022,"2":15,"3":false}
2026-03-15 23:34:36 [debug] : 836 {"0":1888,"1":1052,"2":15,"3":false}
2026-03-15 23:34:36 [debug] : 836 {"0":2022,"1":1186,"2":15,"3":false}
2026-03-15 23:34:36 [debug] : 836 {"0":2249,"1":1413,"2":15,"3":false}
2026-03-15 23:34:36 [debug] : 836 {"0":2279,"1":1443,"2":15,"3":false}
2026-03-15 23:34:36 [debug] : 836 {"0":2319,"1":1483,"2":15,"3":false}
2026-03-15 23:34:36 [debug] : 836 {"0":2707,"1":1871,"2":15,"3":false}
2026-03-15 23:34:36 [debug] : 836 {"0":3082,"1":2246,"2":15,"3":false}
2026-03-15 23:34:36 [debug] : 850.4000244140625 {"0":7,"1":843.4000244140625,"2":15,"3":false}
2026-03-15 23:34:36 [debug] : 850.4000244140625 {"0":144,"1":706.4000244140625,"2":15,"3":false}
2026-03-15 23:34:36 [debug] : 850.4000244140625 {"0":174,"1":676.4000244140625,"2":15,"3":false}
2026-03-15 23:34:36 [debug] : 850.4000244140625 {"0":298,"1":552.4000244140625,"2":15,"3":false}
2026-03-15 23:34:36 [debug] : 850.4000244140625 {"0":626,"1":224.4000244140625,"2":15,"3":false}
2026-03-15 23:34:36 [debug] : 850.4000244140625 {"0":656,"1":194.4000244140625,"2":15,"3":false}
2026-03-15 23:34:36 [debug] : 850.4000244140625 {"0":780,"1":70.4000244140625,"2":15,"3":false}
2026-03-15 23:34:36 [debug] : 850.4000244140625 {"0":883,"1":32.5999755859375,"2":15,"3":false}
2026-03-15 23:34:36 [debug] : 850.4000244140625 {"0":1222,"1":371.5999755859375,"2":15,"3":false}
2026-03-15 23:34:36 [debug] : 850.4000244140625 {"0":1428,"1":577.5999755859375,"2":15,"3":false}
2026-03-15 23:34:36 [debug] : 850.4000244140625 {"0":1458,"1":607.5999755859375,"2":15,"3":false}
2026-03-15 23:34:36 [debug] : 850.4000244140625 {"0":1591,"1":740.5999755859375,"2":15,"3":false}
2026-03-15 23:34:36 [debug] : 850.4000244140625 {"0":1858,"1":1007.5999755859375,"2":15,"3":false}
2026-03-15 23:34:36 [debug] : 850.4000244140625 {"0":1888,"1":1037.5999755859375,"2":15,"3":false}
2026-03-15 23:34:36 [debug] : 850.4000244140625 {"0":2022,"1":1171.5999755859375,"2":15,"3":false}
2026-03-15 23:34:36 [debug] : 850.4000244140625 {"0":2249,"1":1398.5999755859375,"2":15,"3":false}
2026-03-15 23:34:36 [debug] : 850.4000244140625 {"0":2279,"1":1428.5999755859375,"2":15,"3":false}
2026-03-15 23:34:36 [debug] : 850.4000244140625 {"0":2319,"1":1468.5999755859375,"2":15,"3":false}
2026-03-15 23:34:36 [debug] : 850.4000244140625 {"0":2707,"1":1856.5999755859375,"2":15,"3":false}
2026-03-15 23:34:36 [debug] : 850.4000244140625 {"0":3082,"1":2231.5999755859375,"2":15,"3":false}
2026-03-15 23:34:36 [debug] : 861.5999755859375 {"0":7,"1":854.5999755859375,"2":15,"3":false}
2026-03-15 23:34:36 [debug] : 861.5999755859375 {"0":144,"1":717.5999755859375,"2":15,"3":false}
2026-03-15 23:34:36 [debug] : 861.5999755859375 {"0":174,"1":687.5999755859375,"2":15,"3":false}
2026-03-15 23:34:36 [debug] : 861.5999755859375 {"0":298,"1":563.5999755859375,"2":15,"3":false}
2026-03-15 23:34:36 [debug] : 861.5999755859375 {"0":626,"1":235.5999755859375,"2":15,"3":false}
2026-03-15 23:34:36 [debug] : 861.5999755859375 {"0":656,"1":205.5999755859375,"2":15,"3":false}
2026-03-15 23:34:36 [debug] : 861.5999755859375 {"0":780,"1":81.5999755859375,"2":15,"3":false}
2026-03-15 23:34:36 [debug] : 861.5999755859375 {"0":883,"1":21.4000244140625,"2":15,"3":false}
2026-03-15 23:34:36 [debug] : 861.5999755859375 {"0":1222,"1":360.4000244140625,"2":15,"3":false}
2026-03-15 23:34:36 [debug] : 861.5999755859375 {"0":1428,"1":566.4000244140625,"2":15,"3":false}
2026-03-15 23:34:36 [debug] : 861.5999755859375 {"0":1458,"1":596.4000244140625,"2":15,"3":false}
2026-03-15 23:34:36 [debug] : 861.5999755859375 {"0":1591,"1":729.4000244140625,"2":15,"3":false}
2026-03-15 23:34:36 [debug] : 861.5999755859375 {"0":1858,"1":996.4000244140625,"2":15,"3":false}
2026-03-15 23:34:36 [debug] : 861.5999755859375 {"0":1888,"1":1026.4000244140625,"2":15,"3":false}
2026-03-15 23:34:36 [debug] : 861.5999755859375 {"0":2022,"1":1160.4000244140625,"2":15,"3":false}
2026-03-15 23:34:36 [debug] : 861.5999755859375 {"0":2249,"1":1387.4000244140625,"2":15,"3":false}
2026-03-15 23:34:36 [debug] : 861.5999755859375 {"0":2279,"1":1417.4000244140625,"2":15,"3":false}
2026-03-15 23:34:36 [debug] : 861.5999755859375 {"0":2319,"1":1457.4000244140625,"2":15,"3":false}
2026-03-15 23:34:36 [debug] : 861.5999755859375 {"0":2707,"1":1845.4000244140625,"2":15,"3":false}
2026-03-15 23:34:36 [debug] : 861.5999755859375 {"0":3082,"1":2220.4000244140625,"2":15,"3":false}
2026-03-15 23:34:36 [debug] : 874.4000244140625 {"0":7,"1":867.4000244140625,"2":15,"3":false}
2026-03-15 23:34:36 [debug] : 874.4000244140625 {"0":144,"1":730.4000244140625,"2":15,"3":false}
2026-03-15 23:34:36 [debug] : 874.4000244140625 {"0":174,"1":700.4000244140625,"2":15,"3":false}
2026-03-15 23:34:36 [debug] : 874.4000244140625 {"0":298,"1":576.4000244140625,"2":15,"3":false}
2026-03-15 23:34:36 [debug] : 874.4000244140625 {"0":626,"1":248.4000244140625,"2":15,"3":false}
2026-03-15 23:34:36 [debug] : 874.4000244140625 {"0":656,"1":218.4000244140625,"2":15,"3":false}
2026-03-15 23:34:36 [debug] : 874.4000244140625 {"0":780,"1":94.4000244140625,"2":15,"3":false}
2026-03-15 23:34:36 [debug] : 874.4000244140625 {"0":883,"1":8.5999755859375,"2":15,"3":true}
2026-03-15 23:34:36 [debug] : SELECTED {"0":"hls-report-section-s_axilite-registers::urn:analysis-report/top-517628394/synthesis-1219712035"}
2026-03-15 23:34:36 [debug] : 904.7999877929688 {"0":7,"1":897.7999877929688,"2":15,"3":false}
2026-03-15 23:34:36 [debug] : 904.7999877929688 {"0":144,"1":760.7999877929688,"2":15,"3":false}
2026-03-15 23:34:36 [debug] : 904.7999877929688 {"0":174,"1":730.7999877929688,"2":15,"3":false}
2026-03-15 23:34:36 [debug] : 904.7999877929688 {"0":298,"1":606.7999877929688,"2":15,"3":false}
2026-03-15 23:34:36 [debug] : 904.7999877929688 {"0":626,"1":278.79998779296875,"2":15,"3":false}
2026-03-15 23:34:36 [debug] : 904.7999877929688 {"0":656,"1":248.79998779296875,"2":15,"3":false}
2026-03-15 23:34:36 [debug] : 904.7999877929688 {"0":780,"1":124.79998779296875,"2":15,"3":false}
2026-03-15 23:34:36 [debug] : 904.7999877929688 {"0":883,"1":21.79998779296875,"2":15,"3":false}
2026-03-15 23:34:36 [debug] : 904.7999877929688 {"0":1222,"1":317.20001220703125,"2":15,"3":false}
2026-03-15 23:34:36 [debug] : 904.7999877929688 {"0":1428,"1":523.2000122070312,"2":15,"3":false}
2026-03-15 23:34:36 [debug] : 904.7999877929688 {"0":1458,"1":553.2000122070312,"2":15,"3":false}
2026-03-15 23:34:36 [debug] : 904.7999877929688 {"0":1591,"1":686.2000122070312,"2":15,"3":false}
2026-03-15 23:34:36 [debug] : 904.7999877929688 {"0":1858,"1":953.2000122070312,"2":15,"3":false}
2026-03-15 23:34:36 [debug] : 904.7999877929688 {"0":1888,"1":983.2000122070312,"2":15,"3":false}
2026-03-15 23:34:36 [debug] : 904.7999877929688 {"0":2022,"1":1117.2000122070312,"2":15,"3":false}
2026-03-15 23:34:36 [debug] : 904.7999877929688 {"0":2249,"1":1344.2000122070312,"2":15,"3":false}
2026-03-15 23:34:36 [debug] : 904.7999877929688 {"0":2279,"1":1374.2000122070312,"2":15,"3":false}
2026-03-15 23:34:36 [debug] : 904.7999877929688 {"0":2319,"1":1414.2000122070312,"2":15,"3":false}
2026-03-15 23:34:36 [debug] : 904.7999877929688 {"0":2707,"1":1802.2000122070312,"2":15,"3":false}
2026-03-15 23:34:36 [debug] : 904.7999877929688 {"0":3082,"1":2177.2000122070312,"2":15,"3":false}
2026-03-15 23:34:36 [debug] : 955.2000122070312 {"0":7,"1":948.2000122070312,"2":15,"3":false}
2026-03-15 23:34:36 [debug] : 955.2000122070312 {"0":144,"1":811.2000122070312,"2":15,"3":false}
2026-03-15 23:34:36 [debug] : 955.2000122070312 {"0":174,"1":781.2000122070312,"2":15,"3":false}
2026-03-15 23:34:36 [debug] : 955.2000122070312 {"0":298,"1":657.2000122070312,"2":15,"3":false}
2026-03-15 23:34:36 [debug] : 955.2000122070312 {"0":626,"1":329.20001220703125,"2":15,"3":false}
2026-03-15 23:34:36 [debug] : 955.2000122070312 {"0":656,"1":299.20001220703125,"2":15,"3":false}
2026-03-15 23:34:36 [debug] : 955.2000122070312 {"0":780,"1":175.20001220703125,"2":15,"3":false}
2026-03-15 23:34:36 [debug] : 955.2000122070312 {"0":883,"1":72.20001220703125,"2":15,"3":false}
2026-03-15 23:34:36 [debug] : 955.2000122070312 {"0":1222,"1":266.79998779296875,"2":15,"3":false}
2026-03-15 23:34:36 [debug] : 955.2000122070312 {"0":1428,"1":472.79998779296875,"2":15,"3":false}
2026-03-15 23:34:36 [debug] : 955.2000122070312 {"0":1458,"1":502.79998779296875,"2":15,"3":false}
2026-03-15 23:34:36 [debug] : 955.2000122070312 {"0":1591,"1":635.7999877929688,"2":15,"3":false}
2026-03-15 23:34:36 [debug] : 955.2000122070312 {"0":1858,"1":902.7999877929688,"2":15,"3":false}
2026-03-15 23:34:36 [debug] : 955.2000122070312 {"0":1888,"1":932.7999877929688,"2":15,"3":false}
2026-03-15 23:34:36 [debug] : 955.2000122070312 {"0":2022,"1":1066.7999877929688,"2":15,"3":false}
2026-03-15 23:34:36 [debug] : 955.2000122070312 {"0":2249,"1":1293.7999877929688,"2":15,"3":false}
2026-03-15 23:34:36 [debug] : 955.2000122070312 {"0":2279,"1":1323.7999877929688,"2":15,"3":false}
2026-03-15 23:34:36 [debug] : 955.2000122070312 {"0":2319,"1":1363.7999877929688,"2":15,"3":false}
2026-03-15 23:34:36 [debug] : 955.2000122070312 {"0":2707,"1":1751.7999877929688,"2":15,"3":false}
2026-03-15 23:34:36 [debug] : 955.2000122070312 {"0":3082,"1":2126.7999877929688,"2":15,"3":false}
2026-03-15 23:34:36 [debug] : 1005.5999755859375 {"0":7,"1":998.5999755859375,"2":15,"3":false}
2026-03-15 23:34:36 [debug] : 1005.5999755859375 {"0":144,"1":861.5999755859375,"2":15,"3":false}
2026-03-15 23:34:36 [debug] : 1005.5999755859375 {"0":174,"1":831.5999755859375,"2":15,"3":false}
2026-03-15 23:34:36 [debug] : 1005.5999755859375 {"0":298,"1":707.5999755859375,"2":15,"3":false}
2026-03-15 23:34:36 [debug] : 1005.5999755859375 {"0":626,"1":379.5999755859375,"2":15,"3":false}
2026-03-15 23:34:36 [debug] : 1005.5999755859375 {"0":656,"1":349.5999755859375,"2":15,"3":false}
2026-03-15 23:34:36 [debug] : 1005.5999755859375 {"0":780,"1":225.5999755859375,"2":15,"3":false}
2026-03-15 23:34:36 [debug] : 1005.5999755859375 {"0":883,"1":122.5999755859375,"2":15,"3":false}
2026-03-15 23:34:36 [debug] : 1005.5999755859375 {"0":1222,"1":216.4000244140625,"2":15,"3":false}
2026-03-15 23:34:36 [debug] : 1005.5999755859375 {"0":1428,"1":422.4000244140625,"2":15,"3":false}
2026-03-15 23:34:36 [debug] : 1005.5999755859375 {"0":1458,"1":452.4000244140625,"2":15,"3":false}
2026-03-15 23:34:36 [debug] : 1005.5999755859375 {"0":1591,"1":585.4000244140625,"2":15,"3":false}
2026-03-15 23:34:36 [debug] : 1005.5999755859375 {"0":1858,"1":852.4000244140625,"2":15,"3":false}
2026-03-15 23:34:36 [debug] : 1005.5999755859375 {"0":1888,"1":882.4000244140625,"2":15,"3":false}
2026-03-15 23:34:36 [debug] : 1005.5999755859375 {"0":2022,"1":1016.4000244140625,"2":15,"3":false}
2026-03-15 23:34:36 [debug] : 1005.5999755859375 {"0":2249,"1":1243.4000244140625,"2":15,"3":false}
2026-03-15 23:34:36 [debug] : 1005.5999755859375 {"0":2279,"1":1273.4000244140625,"2":15,"3":false}
2026-03-15 23:34:36 [debug] : 1005.5999755859375 {"0":2319,"1":1313.4000244140625,"2":15,"3":false}
2026-03-15 23:34:36 [debug] : 1005.5999755859375 {"0":2707,"1":1701.4000244140625,"2":15,"3":false}
2026-03-15 23:34:36 [debug] : 1005.5999755859375 {"0":3082,"1":2076.4000244140625,"2":15,"3":false}
2026-03-15 23:34:36 [debug] : 1147.199951171875 {"0":7,"1":1140.199951171875,"2":15,"3":false}
2026-03-15 23:34:36 [debug] : 1147.199951171875 {"0":144,"1":1003.199951171875,"2":15,"3":false}
2026-03-15 23:34:36 [debug] : 1147.199951171875 {"0":174,"1":973.199951171875,"2":15,"3":false}
2026-03-15 23:34:36 [debug] : 1147.199951171875 {"0":298,"1":849.199951171875,"2":15,"3":false}
2026-03-15 23:34:36 [debug] : 1147.199951171875 {"0":626,"1":521.199951171875,"2":15,"3":false}
2026-03-15 23:34:36 [debug] : 1147.199951171875 {"0":656,"1":491.199951171875,"2":15,"3":false}
2026-03-15 23:34:36 [debug] : 1147.199951171875 {"0":780,"1":367.199951171875,"2":15,"3":false}
2026-03-15 23:34:36 [debug] : 1147.199951171875 {"0":883,"1":264.199951171875,"2":15,"3":false}
2026-03-15 23:34:36 [debug] : 1147.199951171875 {"0":1222,"1":74.800048828125,"2":15,"3":false}
2026-03-15 23:34:36 [debug] : 1147.199951171875 {"0":1428,"1":280.800048828125,"2":15,"3":false}
2026-03-15 23:34:36 [debug] : 1147.199951171875 {"0":1458,"1":310.800048828125,"2":15,"3":false}
2026-03-15 23:34:36 [debug] : 1147.199951171875 {"0":1591,"1":443.800048828125,"2":15,"3":false}
2026-03-15 23:34:36 [debug] : 1147.199951171875 {"0":1858,"1":710.800048828125,"2":15,"3":false}
2026-03-15 23:34:36 [debug] : 1147.199951171875 {"0":1888,"1":740.800048828125,"2":15,"3":false}
2026-03-15 23:34:36 [debug] : 1147.199951171875 {"0":2022,"1":874.800048828125,"2":15,"3":false}
2026-03-15 23:34:36 [debug] : 1147.199951171875 {"0":2249,"1":1101.800048828125,"2":15,"3":false}
2026-03-15 23:34:36 [debug] : 1147.199951171875 {"0":2279,"1":1131.800048828125,"2":15,"3":false}
2026-03-15 23:34:36 [debug] : 1147.199951171875 {"0":2319,"1":1171.800048828125,"2":15,"3":false}
2026-03-15 23:34:36 [debug] : 1147.199951171875 {"0":2707,"1":1559.800048828125,"2":15,"3":false}
2026-03-15 23:34:36 [debug] : 1147.199951171875 {"0":3082,"1":1934.800048828125,"2":15,"3":false}
2026-03-15 23:34:36 [debug] : 1256 {"0":7,"1":1249,"2":15,"3":false}
2026-03-15 23:34:36 [debug] : 1256 {"0":144,"1":1112,"2":15,"3":false}
2026-03-15 23:34:36 [debug] : 1256 {"0":174,"1":1082,"2":15,"3":false}
2026-03-15 23:34:36 [debug] : 1256 {"0":298,"1":958,"2":15,"3":false}
2026-03-15 23:34:36 [debug] : 1256 {"0":626,"1":630,"2":15,"3":false}
2026-03-15 23:34:36 [debug] : 1256 {"0":656,"1":600,"2":15,"3":false}
2026-03-15 23:34:36 [debug] : 1256 {"0":780,"1":476,"2":15,"3":false}
2026-03-15 23:34:36 [debug] : 1256 {"0":883,"1":373,"2":15,"3":false}
2026-03-15 23:34:36 [debug] : 1256 {"0":1222,"1":34,"2":15,"3":false}
2026-03-15 23:34:36 [debug] : 1256 {"0":1428,"1":172,"2":15,"3":false}
2026-03-15 23:34:36 [debug] : 1256 {"0":1458,"1":202,"2":15,"3":false}
2026-03-15 23:34:36 [debug] : 1256 {"0":1591,"1":335,"2":15,"3":false}
2026-03-15 23:34:36 [debug] : 1256 {"0":1858,"1":602,"2":15,"3":false}
2026-03-15 23:34:36 [debug] : 1256 {"0":1888,"1":632,"2":15,"3":false}
2026-03-15 23:34:36 [debug] : 1256 {"0":2022,"1":766,"2":15,"3":false}
2026-03-15 23:34:36 [debug] : 1256 {"0":2249,"1":993,"2":15,"3":false}
2026-03-15 23:34:36 [debug] : 1256 {"0":2279,"1":1023,"2":15,"3":false}
2026-03-15 23:34:36 [debug] : 1256 {"0":2319,"1":1063,"2":15,"3":false}
2026-03-15 23:34:36 [debug] : 1256 {"0":2707,"1":1451,"2":15,"3":false}
2026-03-15 23:34:36 [debug] : 1256 {"0":3082,"1":1826,"2":15,"3":false}
2026-03-15 23:34:36 [debug] : 1342.4000244140625 {"0":7,"1":1335.4000244140625,"2":15,"3":false}
2026-03-15 23:34:36 [debug] : 1342.4000244140625 {"0":144,"1":1198.4000244140625,"2":15,"3":false}
2026-03-15 23:34:36 [debug] : 1342.4000244140625 {"0":174,"1":1168.4000244140625,"2":15,"3":false}
2026-03-15 23:34:36 [debug] : 1342.4000244140625 {"0":298,"1":1044.4000244140625,"2":15,"3":false}
2026-03-15 23:34:36 [debug] : 1342.4000244140625 {"0":626,"1":716.4000244140625,"2":15,"3":false}
2026-03-15 23:34:36 [debug] : 1342.4000244140625 {"0":656,"1":686.4000244140625,"2":15,"3":false}
2026-03-15 23:34:36 [debug] : 1342.4000244140625 {"0":780,"1":562.4000244140625,"2":15,"3":false}
2026-03-15 23:34:36 [debug] : 1342.4000244140625 {"0":883,"1":459.4000244140625,"2":15,"3":false}
2026-03-15 23:34:36 [debug] : 1342.4000244140625 {"0":1222,"1":120.4000244140625,"2":15,"3":false}
2026-03-15 23:34:36 [debug] : 1342.4000244140625 {"0":1428,"1":85.5999755859375,"2":15,"3":false}
2026-03-15 23:34:36 [debug] : 1342.4000244140625 {"0":1458,"1":115.5999755859375,"2":15,"3":false}
2026-03-15 23:34:36 [debug] : 1342.4000244140625 {"0":1591,"1":248.5999755859375,"2":15,"3":false}
2026-03-15 23:34:36 [debug] : 1342.4000244140625 {"0":1858,"1":515.5999755859375,"2":15,"3":false}
2026-03-15 23:34:36 [debug] : 1342.4000244140625 {"0":1888,"1":545.5999755859375,"2":15,"3":false}
2026-03-15 23:34:36 [debug] : 1342.4000244140625 {"0":2022,"1":679.5999755859375,"2":15,"3":false}
2026-03-15 23:34:36 [debug] : 1342.4000244140625 {"0":2249,"1":906.5999755859375,"2":15,"3":false}
2026-03-15 23:34:36 [debug] : 1342.4000244140625 {"0":2279,"1":936.5999755859375,"2":15,"3":false}
2026-03-15 23:34:36 [debug] : 1342.4000244140625 {"0":2319,"1":976.5999755859375,"2":15,"3":false}
2026-03-15 23:34:36 [debug] : 1342.4000244140625 {"0":2707,"1":1364.5999755859375,"2":15,"3":false}
2026-03-15 23:34:36 [debug] : 1342.4000244140625 {"0":3082,"1":1739.5999755859375,"2":15,"3":false}
2026-03-15 23:34:36 [debug] : 1392.800048828125 {"0":7,"1":1385.800048828125,"2":15,"3":false}
2026-03-15 23:34:36 [debug] : 1392.800048828125 {"0":144,"1":1248.800048828125,"2":15,"3":false}
2026-03-15 23:34:36 [debug] : 1392.800048828125 {"0":174,"1":1218.800048828125,"2":15,"3":false}
2026-03-15 23:34:36 [debug] : 1392.800048828125 {"0":298,"1":1094.800048828125,"2":15,"3":false}
2026-03-15 23:34:36 [debug] : 1392.800048828125 {"0":626,"1":766.800048828125,"2":15,"3":false}
2026-03-15 23:34:36 [debug] : 1392.800048828125 {"0":656,"1":736.800048828125,"2":15,"3":false}
2026-03-15 23:34:36 [debug] : 1392.800048828125 {"0":780,"1":612.800048828125,"2":15,"3":false}
2026-03-15 23:34:36 [debug] : 1392.800048828125 {"0":883,"1":509.800048828125,"2":15,"3":false}
2026-03-15 23:34:36 [debug] : 1392.800048828125 {"0":1222,"1":170.800048828125,"2":15,"3":false}
2026-03-15 23:34:36 [debug] : 1392.800048828125 {"0":1428,"1":35.199951171875,"2":15,"3":false}
2026-03-15 23:34:36 [debug] : 1392.800048828125 {"0":1458,"1":65.199951171875,"2":15,"3":false}
2026-03-15 23:34:36 [debug] : 1392.800048828125 {"0":1591,"1":198.199951171875,"2":15,"3":false}
2026-03-15 23:34:36 [debug] : 1392.800048828125 {"0":1858,"1":465.199951171875,"2":15,"3":false}
2026-03-15 23:34:36 [debug] : 1392.800048828125 {"0":1888,"1":495.199951171875,"2":15,"3":false}
2026-03-15 23:34:36 [debug] : 1392.800048828125 {"0":2022,"1":629.199951171875,"2":15,"3":false}
2026-03-15 23:34:36 [debug] : 1392.800048828125 {"0":2249,"1":856.199951171875,"2":15,"3":false}
2026-03-15 23:34:36 [debug] : 1392.800048828125 {"0":2279,"1":886.199951171875,"2":15,"3":false}
2026-03-15 23:34:36 [debug] : 1392.800048828125 {"0":2319,"1":926.199951171875,"2":15,"3":false}
2026-03-15 23:34:36 [debug] : 1392.800048828125 {"0":2707,"1":1314.199951171875,"2":15,"3":false}
2026-03-15 23:34:36 [debug] : 1392.800048828125 {"0":3082,"1":1689.199951171875,"2":15,"3":false}
2026-03-15 23:34:36 [debug] : 1401.5999755859375 {"0":7,"1":1394.5999755859375,"2":15,"3":false}
2026-03-15 23:34:36 [debug] : 1401.5999755859375 {"0":144,"1":1257.5999755859375,"2":15,"3":false}
2026-03-15 23:34:36 [debug] : 1401.5999755859375 {"0":174,"1":1227.5999755859375,"2":15,"3":false}
2026-03-15 23:34:36 [debug] : 1401.5999755859375 {"0":298,"1":1103.5999755859375,"2":15,"3":false}
2026-03-15 23:34:36 [debug] : 1401.5999755859375 {"0":626,"1":775.5999755859375,"2":15,"3":false}
2026-03-15 23:34:36 [debug] : 1401.5999755859375 {"0":656,"1":745.5999755859375,"2":15,"3":false}
2026-03-15 23:34:36 [debug] : 1401.5999755859375 {"0":780,"1":621.5999755859375,"2":15,"3":false}
2026-03-15 23:34:36 [debug] : 1401.5999755859375 {"0":883,"1":518.5999755859375,"2":15,"3":false}
2026-03-15 23:34:36 [debug] : 1401.5999755859375 {"0":1222,"1":179.5999755859375,"2":15,"3":false}
2026-03-15 23:34:36 [debug] : 1401.5999755859375 {"0":1428,"1":26.4000244140625,"2":15,"3":false}
2026-03-15 23:34:36 [debug] : 1401.5999755859375 {"0":1458,"1":56.4000244140625,"2":15,"3":false}
2026-03-15 23:34:36 [debug] : 1401.5999755859375 {"0":1591,"1":189.4000244140625,"2":15,"3":false}
2026-03-15 23:34:36 [debug] : 1401.5999755859375 {"0":1858,"1":456.4000244140625,"2":15,"3":false}
2026-03-15 23:34:36 [debug] : 1401.5999755859375 {"0":1888,"1":486.4000244140625,"2":15,"3":false}
2026-03-15 23:34:36 [debug] : 1401.5999755859375 {"0":2022,"1":620.4000244140625,"2":15,"3":false}
2026-03-15 23:34:36 [debug] : 1401.5999755859375 {"0":2249,"1":847.4000244140625,"2":15,"3":false}
2026-03-15 23:34:36 [debug] : 1401.5999755859375 {"0":2279,"1":877.4000244140625,"2":15,"3":false}
2026-03-15 23:34:36 [debug] : 1401.5999755859375 {"0":2319,"1":917.4000244140625,"2":15,"3":false}
2026-03-15 23:34:36 [debug] : 1401.5999755859375 {"0":2707,"1":1305.4000244140625,"2":15,"3":false}
2026-03-15 23:34:36 [debug] : 1401.5999755859375 {"0":3082,"1":1680.4000244140625,"2":15,"3":false}
2026-03-15 23:34:36 [debug] : 1407.199951171875 {"0":7,"1":1400.199951171875,"2":15,"3":false}
2026-03-15 23:34:36 [debug] : 1407.199951171875 {"0":144,"1":1263.199951171875,"2":15,"3":false}
2026-03-15 23:34:36 [debug] : 1407.199951171875 {"0":174,"1":1233.199951171875,"2":15,"3":false}
2026-03-15 23:34:36 [debug] : 1407.199951171875 {"0":298,"1":1109.199951171875,"2":15,"3":false}
2026-03-15 23:34:36 [debug] : 1407.199951171875 {"0":626,"1":781.199951171875,"2":15,"3":false}
2026-03-15 23:34:36 [debug] : 1407.199951171875 {"0":656,"1":751.199951171875,"2":15,"3":false}
2026-03-15 23:34:36 [debug] : 1407.199951171875 {"0":780,"1":627.199951171875,"2":15,"3":false}
2026-03-15 23:34:36 [debug] : 1407.199951171875 {"0":883,"1":524.199951171875,"2":15,"3":false}
2026-03-15 23:34:36 [debug] : 1407.199951171875 {"0":1222,"1":185.199951171875,"2":15,"3":false}
2026-03-15 23:34:36 [debug] : 1407.199951171875 {"0":1428,"1":20.800048828125,"2":15,"3":false}
2026-03-15 23:34:36 [debug] : 1407.199951171875 {"0":1458,"1":50.800048828125,"2":15,"3":false}
2026-03-15 23:34:36 [debug] : 1407.199951171875 {"0":1591,"1":183.800048828125,"2":15,"3":false}
2026-03-15 23:34:36 [debug] : 1407.199951171875 {"0":1858,"1":450.800048828125,"2":15,"3":false}
2026-03-15 23:34:36 [debug] : 1407.199951171875 {"0":1888,"1":480.800048828125,"2":15,"3":false}
2026-03-15 23:34:36 [debug] : 1407.199951171875 {"0":2022,"1":614.800048828125,"2":15,"3":false}
2026-03-15 23:34:36 [debug] : 1407.199951171875 {"0":2249,"1":841.800048828125,"2":15,"3":false}
2026-03-15 23:34:36 [debug] : 1407.199951171875 {"0":2279,"1":871.800048828125,"2":15,"3":false}
2026-03-15 23:34:36 [debug] : 1407.199951171875 {"0":2319,"1":911.800048828125,"2":15,"3":false}
2026-03-15 23:34:36 [debug] : 1407.199951171875 {"0":2707,"1":1299.800048828125,"2":15,"3":false}
2026-03-15 23:34:36 [debug] : 1407.199951171875 {"0":3082,"1":1674.800048828125,"2":15,"3":false}
2026-03-15 23:34:37 [debug] : 1417.5999755859375 {"0":7,"1":1410.5999755859375,"2":15,"3":false}
2026-03-15 23:34:37 [debug] : 1417.5999755859375 {"0":144,"1":1273.5999755859375,"2":15,"3":false}
2026-03-15 23:34:37 [debug] : 1417.5999755859375 {"0":174,"1":1243.5999755859375,"2":15,"3":false}
2026-03-15 23:34:37 [debug] : 1417.5999755859375 {"0":298,"1":1119.5999755859375,"2":15,"3":false}
2026-03-15 23:34:37 [debug] : 1417.5999755859375 {"0":626,"1":791.5999755859375,"2":15,"3":false}
2026-03-15 23:34:37 [debug] : 1417.5999755859375 {"0":656,"1":761.5999755859375,"2":15,"3":false}
2026-03-15 23:34:37 [debug] : 1417.5999755859375 {"0":780,"1":637.5999755859375,"2":15,"3":false}
2026-03-15 23:34:37 [debug] : 1417.5999755859375 {"0":883,"1":534.5999755859375,"2":15,"3":false}
2026-03-15 23:34:37 [debug] : 1417.5999755859375 {"0":1222,"1":195.5999755859375,"2":15,"3":false}
2026-03-15 23:34:37 [debug] : 1417.5999755859375 {"0":1428,"1":10.4000244140625,"2":15,"3":true}
2026-03-15 23:34:37 [debug] : SELECTED {"0":"hls-report-section-sw-i/o-information::urn:analysis-report/top-517628394/synthesis-1219712035"}
2026-03-15 23:34:37 [debug] : 1421.5999755859375 {"0":7,"1":1414.5999755859375,"2":15,"3":false}
2026-03-15 23:34:37 [debug] : 1421.5999755859375 {"0":144,"1":1277.5999755859375,"2":15,"3":false}
2026-03-15 23:34:37 [debug] : 1421.5999755859375 {"0":174,"1":1247.5999755859375,"2":15,"3":false}
2026-03-15 23:34:37 [debug] : 1421.5999755859375 {"0":298,"1":1123.5999755859375,"2":15,"3":false}
2026-03-15 23:34:37 [debug] : 1421.5999755859375 {"0":626,"1":795.5999755859375,"2":15,"3":false}
2026-03-15 23:34:37 [debug] : 1421.5999755859375 {"0":656,"1":765.5999755859375,"2":15,"3":false}
2026-03-15 23:34:37 [debug] : 1421.5999755859375 {"0":780,"1":641.5999755859375,"2":15,"3":false}
2026-03-15 23:34:37 [debug] : 1421.5999755859375 {"0":883,"1":538.5999755859375,"2":15,"3":false}
2026-03-15 23:34:37 [debug] : 1421.5999755859375 {"0":1222,"1":199.5999755859375,"2":15,"3":false}
2026-03-15 23:34:37 [debug] : 1421.5999755859375 {"0":1428,"1":6.4000244140625,"2":15,"3":true}
2026-03-15 23:34:37 [debug] : SELECTED {"0":"hls-report-section-sw-i/o-information::urn:analysis-report/top-517628394/synthesis-1219712035"}
2026-03-15 23:34:37 [debug] : 1422.4000244140625 {"0":7,"1":1415.4000244140625,"2":15,"3":false}
2026-03-15 23:34:37 [debug] : 1422.4000244140625 {"0":144,"1":1278.4000244140625,"2":15,"3":false}
2026-03-15 23:34:37 [debug] : 1422.4000244140625 {"0":174,"1":1248.4000244140625,"2":15,"3":false}
2026-03-15 23:34:37 [debug] : 1422.4000244140625 {"0":298,"1":1124.4000244140625,"2":15,"3":false}
2026-03-15 23:34:37 [debug] : 1422.4000244140625 {"0":626,"1":796.4000244140625,"2":15,"3":false}
2026-03-15 23:34:37 [debug] : 1422.4000244140625 {"0":656,"1":766.4000244140625,"2":15,"3":false}
2026-03-15 23:34:37 [debug] : 1422.4000244140625 {"0":780,"1":642.4000244140625,"2":15,"3":false}
2026-03-15 23:34:37 [debug] : 1422.4000244140625 {"0":883,"1":539.4000244140625,"2":15,"3":false}
2026-03-15 23:34:37 [debug] : 1422.4000244140625 {"0":1222,"1":200.4000244140625,"2":15,"3":false}
2026-03-15 23:34:37 [debug] : 1422.4000244140625 {"0":1428,"1":5.5999755859375,"2":15,"3":true}
2026-03-15 23:34:37 [debug] : SELECTED {"0":"hls-report-section-sw-i/o-information::urn:analysis-report/top-517628394/synthesis-1219712035"}
2026-03-15 23:34:42 [debug] : start navigation 1 
2026-03-15 23:34:42 [debug] : end navigation 0 
2026-03-15 23:34:42 [debug] : ending navigation with location {"uri":"file:///home/abdullah/Desktop/CNN-on-FPGA/src/conv.cpp","type":1,"context":{"start":{"line":40,"character":0},"end":{"line":40,"character":0}}} 
2026-03-15 23:34:42 [debug] : TextEditor is disposed! 
2026-03-15 23:34:42 [debug] : TextEditor is disposed! 
2026-03-15 23:36:46 [debug] : 2394.39990234375 {"0":7,"1":2387.39990234375,"2":15,"3":false}
2026-03-15 23:36:46 [debug] : 2394.39990234375 {"0":144,"1":2250.39990234375,"2":15,"3":false}
2026-03-15 23:36:46 [debug] : 2394.39990234375 {"0":174,"1":2220.39990234375,"2":15,"3":false}
2026-03-15 23:36:46 [debug] : 2394.39990234375 {"0":298,"1":2096.39990234375,"2":15,"3":false}
2026-03-15 23:36:46 [debug] : 2394.39990234375 {"0":626,"1":1768.39990234375,"2":15,"3":false}
2026-03-15 23:36:46 [debug] : 2394.39990234375 {"0":656,"1":1738.39990234375,"2":15,"3":false}
2026-03-15 23:36:46 [debug] : 2394.39990234375 {"0":780,"1":1614.39990234375,"2":15,"3":false}
2026-03-15 23:36:46 [debug] : 2394.39990234375 {"0":883,"1":1511.39990234375,"2":15,"3":false}
2026-03-15 23:36:46 [debug] : 2394.39990234375 {"0":1222,"1":1172.39990234375,"2":15,"3":false}
2026-03-15 23:36:46 [debug] : 2394.39990234375 {"0":1428,"1":966.39990234375,"2":15,"3":false}
2026-03-15 23:36:46 [debug] : 2394.39990234375 {"0":1458,"1":936.39990234375,"2":15,"3":false}
2026-03-15 23:36:46 [debug] : 2394.39990234375 {"0":1591,"1":803.39990234375,"2":15,"3":false}
2026-03-15 23:36:46 [debug] : 2394.39990234375 {"0":1858,"1":536.39990234375,"2":15,"3":false}
2026-03-15 23:36:46 [debug] : 2394.39990234375 {"0":1888,"1":506.39990234375,"2":15,"3":false}
2026-03-15 23:36:46 [debug] : 2394.39990234375 {"0":2022,"1":372.39990234375,"2":15,"3":false}
2026-03-15 23:36:46 [debug] : 2394.39990234375 {"0":2249,"1":145.39990234375,"2":15,"3":false}
2026-03-15 23:36:46 [debug] : 2394.39990234375 {"0":2279,"1":115.39990234375,"2":15,"3":false}
2026-03-15 23:36:46 [debug] : 2394.39990234375 {"0":2319,"1":75.39990234375,"2":15,"3":false}
2026-03-15 23:36:46 [debug] : 2394.39990234375 {"0":2707,"1":312.60009765625,"2":15,"3":false}
2026-03-15 23:36:46 [debug] : 2394.39990234375 {"0":3082,"1":687.60009765625,"2":15,"3":false}
2026-03-15 23:36:47 [debug] : 2392.800048828125 {"0":7,"1":2385.800048828125,"2":15,"3":false}
2026-03-15 23:36:47 [debug] : 2392.800048828125 {"0":144,"1":2248.800048828125,"2":15,"3":false}
2026-03-15 23:36:47 [debug] : 2392.800048828125 {"0":174,"1":2218.800048828125,"2":15,"3":false}
2026-03-15 23:36:47 [debug] : 2392.800048828125 {"0":298,"1":2094.800048828125,"2":15,"3":false}
2026-03-15 23:36:47 [debug] : 2392.800048828125 {"0":626,"1":1766.800048828125,"2":15,"3":false}
2026-03-15 23:36:47 [debug] : 2392.800048828125 {"0":656,"1":1736.800048828125,"2":15,"3":false}
2026-03-15 23:36:47 [debug] : 2392.800048828125 {"0":780,"1":1612.800048828125,"2":15,"3":false}
2026-03-15 23:36:47 [debug] : 2392.800048828125 {"0":883,"1":1509.800048828125,"2":15,"3":false}
2026-03-15 23:36:47 [debug] : 2392.800048828125 {"0":1222,"1":1170.800048828125,"2":15,"3":false}
2026-03-15 23:36:47 [debug] : 2392.800048828125 {"0":1428,"1":964.800048828125,"2":15,"3":false}
2026-03-15 23:36:47 [debug] : 2392.800048828125 {"0":1458,"1":934.800048828125,"2":15,"3":false}
2026-03-15 23:36:47 [debug] : 2392.800048828125 {"0":1591,"1":801.800048828125,"2":15,"3":false}
2026-03-15 23:36:47 [debug] : 2392.800048828125 {"0":1858,"1":534.800048828125,"2":15,"3":false}
2026-03-15 23:36:47 [debug] : 2392.800048828125 {"0":1888,"1":504.800048828125,"2":15,"3":false}
2026-03-15 23:36:47 [debug] : 2392.800048828125 {"0":2022,"1":370.800048828125,"2":15,"3":false}
2026-03-15 23:36:47 [debug] : 2392.800048828125 {"0":2249,"1":143.800048828125,"2":15,"3":false}
2026-03-15 23:36:47 [debug] : 2392.800048828125 {"0":2279,"1":113.800048828125,"2":15,"3":false}
2026-03-15 23:36:47 [debug] : 2392.800048828125 {"0":2319,"1":73.800048828125,"2":15,"3":false}
2026-03-15 23:36:47 [debug] : 2392.800048828125 {"0":2707,"1":314.199951171875,"2":15,"3":false}
2026-03-15 23:36:47 [debug] : 2392.800048828125 {"0":3082,"1":689.199951171875,"2":15,"3":false}
2026-03-15 23:36:47 [debug] : 2354.39990234375 {"0":7,"1":2347.39990234375,"2":15,"3":false}
2026-03-15 23:36:47 [debug] : 2354.39990234375 {"0":144,"1":2210.39990234375,"2":15,"3":false}
2026-03-15 23:36:47 [debug] : 2354.39990234375 {"0":174,"1":2180.39990234375,"2":15,"3":false}
2026-03-15 23:36:47 [debug] : 2354.39990234375 {"0":298,"1":2056.39990234375,"2":15,"3":false}
2026-03-15 23:36:47 [debug] : 2354.39990234375 {"0":626,"1":1728.39990234375,"2":15,"3":false}
2026-03-15 23:36:47 [debug] : 2354.39990234375 {"0":656,"1":1698.39990234375,"2":15,"3":false}
2026-03-15 23:36:47 [debug] : 2354.39990234375 {"0":780,"1":1574.39990234375,"2":15,"3":false}
2026-03-15 23:36:47 [debug] : 2354.39990234375 {"0":883,"1":1471.39990234375,"2":15,"3":false}
2026-03-15 23:36:47 [debug] : 2354.39990234375 {"0":1222,"1":1132.39990234375,"2":15,"3":false}
2026-03-15 23:36:47 [debug] : 2354.39990234375 {"0":1428,"1":926.39990234375,"2":15,"3":false}
2026-03-15 23:36:47 [debug] : 2354.39990234375 {"0":1458,"1":896.39990234375,"2":15,"3":false}
2026-03-15 23:36:47 [debug] : 2354.39990234375 {"0":1591,"1":763.39990234375,"2":15,"3":false}
2026-03-15 23:36:47 [debug] : 2354.39990234375 {"0":1858,"1":496.39990234375,"2":15,"3":false}
2026-03-15 23:36:47 [debug] : 2354.39990234375 {"0":1888,"1":466.39990234375,"2":15,"3":false}
2026-03-15 23:36:47 [debug] : 2354.39990234375 {"0":2022,"1":332.39990234375,"2":15,"3":false}
2026-03-15 23:36:47 [debug] : 2354.39990234375 {"0":2249,"1":105.39990234375,"2":15,"3":false}
2026-03-15 23:36:47 [debug] : 2354.39990234375 {"0":2279,"1":75.39990234375,"2":15,"3":false}
2026-03-15 23:36:47 [debug] : 2354.39990234375 {"0":2319,"1":35.39990234375,"2":15,"3":false}
2026-03-15 23:36:47 [debug] : 2354.39990234375 {"0":2707,"1":352.60009765625,"2":15,"3":false}
2026-03-15 23:36:47 [debug] : 2354.39990234375 {"0":3082,"1":727.60009765625,"2":15,"3":false}
2026-03-15 23:36:47 [debug] : 2171.199951171875 {"0":7,"1":2164.199951171875,"2":15,"3":false}
2026-03-15 23:36:47 [debug] : 2171.199951171875 {"0":144,"1":2027.199951171875,"2":15,"3":false}
2026-03-15 23:36:47 [debug] : 2171.199951171875 {"0":174,"1":1997.199951171875,"2":15,"3":false}
2026-03-15 23:36:47 [debug] : 2171.199951171875 {"0":298,"1":1873.199951171875,"2":15,"3":false}
2026-03-15 23:36:47 [debug] : 2171.199951171875 {"0":626,"1":1545.199951171875,"2":15,"3":false}
2026-03-15 23:36:47 [debug] : 2171.199951171875 {"0":656,"1":1515.199951171875,"2":15,"3":false}
2026-03-15 23:36:47 [debug] : 2171.199951171875 {"0":780,"1":1391.199951171875,"2":15,"3":false}
2026-03-15 23:36:47 [debug] : 2171.199951171875 {"0":883,"1":1288.199951171875,"2":15,"3":false}
2026-03-15 23:36:47 [debug] : 2171.199951171875 {"0":1222,"1":949.199951171875,"2":15,"3":false}
2026-03-15 23:36:47 [debug] : 2171.199951171875 {"0":1428,"1":743.199951171875,"2":15,"3":false}
2026-03-15 23:36:47 [debug] : 2171.199951171875 {"0":1458,"1":713.199951171875,"2":15,"3":false}
2026-03-15 23:36:47 [debug] : 2171.199951171875 {"0":1591,"1":580.199951171875,"2":15,"3":false}
2026-03-15 23:36:47 [debug] : 2171.199951171875 {"0":1858,"1":313.199951171875,"2":15,"3":false}
2026-03-15 23:36:47 [debug] : 2171.199951171875 {"0":1888,"1":283.199951171875,"2":15,"3":false}
2026-03-15 23:36:47 [debug] : 2171.199951171875 {"0":2022,"1":149.199951171875,"2":15,"3":false}
2026-03-15 23:36:47 [debug] : 2171.199951171875 {"0":2249,"1":77.800048828125,"2":15,"3":false}
2026-03-15 23:36:47 [debug] : 2171.199951171875 {"0":2279,"1":107.800048828125,"2":15,"3":false}
2026-03-15 23:36:47 [debug] : 2171.199951171875 {"0":2319,"1":147.800048828125,"2":15,"3":false}
2026-03-15 23:36:47 [debug] : 2171.199951171875 {"0":2707,"1":535.800048828125,"2":15,"3":false}
2026-03-15 23:36:47 [debug] : 2171.199951171875 {"0":3082,"1":910.800048828125,"2":15,"3":false}
2026-03-15 23:36:47 [debug] : 1654.4000244140625 {"0":7,"1":1647.4000244140625,"2":15,"3":false}
2026-03-15 23:36:47 [debug] : 1654.4000244140625 {"0":144,"1":1510.4000244140625,"2":15,"3":false}
2026-03-15 23:36:47 [debug] : 1654.4000244140625 {"0":174,"1":1480.4000244140625,"2":15,"3":false}
2026-03-15 23:36:47 [debug] : 1654.4000244140625 {"0":298,"1":1356.4000244140625,"2":15,"3":false}
2026-03-15 23:36:47 [debug] : 1654.4000244140625 {"0":626,"1":1028.4000244140625,"2":15,"3":false}
2026-03-15 23:36:47 [debug] : 1654.4000244140625 {"0":656,"1":998.4000244140625,"2":15,"3":false}
2026-03-15 23:36:47 [debug] : 1654.4000244140625 {"0":780,"1":874.4000244140625,"2":15,"3":false}
2026-03-15 23:36:47 [debug] : 1654.4000244140625 {"0":883,"1":771.4000244140625,"2":15,"3":false}
2026-03-15 23:36:47 [debug] : 1654.4000244140625 {"0":1222,"1":432.4000244140625,"2":15,"3":false}
2026-03-15 23:36:47 [debug] : 1654.4000244140625 {"0":1428,"1":226.4000244140625,"2":15,"3":false}
2026-03-15 23:36:47 [debug] : 1654.4000244140625 {"0":1458,"1":196.4000244140625,"2":15,"3":false}
2026-03-15 23:36:47 [debug] : 1654.4000244140625 {"0":1591,"1":63.4000244140625,"2":15,"3":false}
2026-03-15 23:36:47 [debug] : 1654.4000244140625 {"0":1858,"1":203.5999755859375,"2":15,"3":false}
2026-03-15 23:36:47 [debug] : 1654.4000244140625 {"0":1888,"1":233.5999755859375,"2":15,"3":false}
2026-03-15 23:36:47 [debug] : 1654.4000244140625 {"0":2022,"1":367.5999755859375,"2":15,"3":false}
2026-03-15 23:36:47 [debug] : 1654.4000244140625 {"0":2249,"1":594.5999755859375,"2":15,"3":false}
2026-03-15 23:36:47 [debug] : 1654.4000244140625 {"0":2279,"1":624.5999755859375,"2":15,"3":false}
2026-03-15 23:36:47 [debug] : 1654.4000244140625 {"0":2319,"1":664.5999755859375,"2":15,"3":false}
2026-03-15 23:36:47 [debug] : 1654.4000244140625 {"0":2707,"1":1052.5999755859375,"2":15,"3":false}
2026-03-15 23:36:47 [debug] : 1654.4000244140625 {"0":3082,"1":1427.5999755859375,"2":15,"3":false}
2026-03-15 23:36:47 [debug] : 1460 {"0":7,"1":1453,"2":15,"3":false}
2026-03-15 23:36:47 [debug] : 1460 {"0":144,"1":1316,"2":15,"3":false}
2026-03-15 23:36:47 [debug] : 1460 {"0":174,"1":1286,"2":15,"3":false}
2026-03-15 23:36:47 [debug] : 1460 {"0":298,"1":1162,"2":15,"3":false}
2026-03-15 23:36:47 [debug] : 1460 {"0":626,"1":834,"2":15,"3":false}
2026-03-15 23:36:47 [debug] : 1460 {"0":656,"1":804,"2":15,"3":false}
2026-03-15 23:36:47 [debug] : 1460 {"0":780,"1":680,"2":15,"3":false}
2026-03-15 23:36:47 [debug] : 1460 {"0":883,"1":577,"2":15,"3":false}
2026-03-15 23:36:47 [debug] : 1460 {"0":1222,"1":238,"2":15,"3":false}
2026-03-15 23:36:47 [debug] : 1460 {"0":1428,"1":32,"2":15,"3":false}
2026-03-15 23:36:47 [debug] : 1460 {"0":1458,"1":2,"2":15,"3":true}
2026-03-15 23:36:47 [debug] : SELECTED {"0":"hls-report-section-top-function-arguments::urn:analysis-report/top-517628394/synthesis-1219712035"}
2026-03-15 23:36:47 [debug] : 1442.4000244140625 {"0":7,"1":1435.4000244140625,"2":15,"3":false}
2026-03-15 23:36:47 [debug] : 1442.4000244140625 {"0":144,"1":1298.4000244140625,"2":15,"3":false}
2026-03-15 23:36:47 [debug] : 1442.4000244140625 {"0":174,"1":1268.4000244140625,"2":15,"3":false}
2026-03-15 23:36:47 [debug] : 1442.4000244140625 {"0":298,"1":1144.4000244140625,"2":15,"3":false}
2026-03-15 23:36:47 [debug] : 1442.4000244140625 {"0":626,"1":816.4000244140625,"2":15,"3":false}
2026-03-15 23:36:47 [debug] : 1442.4000244140625 {"0":656,"1":786.4000244140625,"2":15,"3":false}
2026-03-15 23:36:47 [debug] : 1442.4000244140625 {"0":780,"1":662.4000244140625,"2":15,"3":false}
2026-03-15 23:36:47 [debug] : 1442.4000244140625 {"0":883,"1":559.4000244140625,"2":15,"3":false}
2026-03-15 23:36:47 [debug] : 1442.4000244140625 {"0":1222,"1":220.4000244140625,"2":15,"3":false}
2026-03-15 23:36:47 [debug] : 1442.4000244140625 {"0":1428,"1":14.4000244140625,"2":15,"3":true}
2026-03-15 23:36:47 [debug] : SELECTED {"0":"hls-report-section-sw-i/o-information::urn:analysis-report/top-517628394/synthesis-1219712035"}
2026-03-15 23:36:47 [debug] : 1441.5999755859375 {"0":7,"1":1434.5999755859375,"2":15,"3":false}
2026-03-15 23:36:47 [debug] : 1441.5999755859375 {"0":144,"1":1297.5999755859375,"2":15,"3":false}
2026-03-15 23:36:47 [debug] : 1441.5999755859375 {"0":174,"1":1267.5999755859375,"2":15,"3":false}
2026-03-15 23:36:47 [debug] : 1441.5999755859375 {"0":298,"1":1143.5999755859375,"2":15,"3":false}
2026-03-15 23:36:47 [debug] : 1441.5999755859375 {"0":626,"1":815.5999755859375,"2":15,"3":false}
2026-03-15 23:36:47 [debug] : 1441.5999755859375 {"0":656,"1":785.5999755859375,"2":15,"3":false}
2026-03-15 23:36:47 [debug] : 1441.5999755859375 {"0":780,"1":661.5999755859375,"2":15,"3":false}
2026-03-15 23:36:47 [debug] : 1441.5999755859375 {"0":883,"1":558.5999755859375,"2":15,"3":false}
2026-03-15 23:36:47 [debug] : 1441.5999755859375 {"0":1222,"1":219.5999755859375,"2":15,"3":false}
2026-03-15 23:36:47 [debug] : 1441.5999755859375 {"0":1428,"1":13.5999755859375,"2":15,"3":true}
2026-03-15 23:36:47 [debug] : SELECTED {"0":"hls-report-section-sw-i/o-information::urn:analysis-report/top-517628394/synthesis-1219712035"}
2026-03-15 23:36:47 [debug] : 1440.800048828125 {"0":7,"1":1433.800048828125,"2":15,"3":false}
2026-03-15 23:36:47 [debug] : 1440.800048828125 {"0":144,"1":1296.800048828125,"2":15,"3":false}
2026-03-15 23:36:47 [debug] : 1440.800048828125 {"0":174,"1":1266.800048828125,"2":15,"3":false}
2026-03-15 23:36:47 [debug] : 1440.800048828125 {"0":298,"1":1142.800048828125,"2":15,"3":false}
2026-03-15 23:36:47 [debug] : 1440.800048828125 {"0":626,"1":814.800048828125,"2":15,"3":false}
2026-03-15 23:36:47 [debug] : 1440.800048828125 {"0":656,"1":784.800048828125,"2":15,"3":false}
2026-03-15 23:36:47 [debug] : 1440.800048828125 {"0":780,"1":660.800048828125,"2":15,"3":false}
2026-03-15 23:36:47 [debug] : 1440.800048828125 {"0":883,"1":557.800048828125,"2":15,"3":false}
2026-03-15 23:36:47 [debug] : 1440.800048828125 {"0":1222,"1":218.800048828125,"2":15,"3":false}
2026-03-15 23:36:47 [debug] : 1440.800048828125 {"0":1428,"1":12.800048828125,"2":15,"3":true}
2026-03-15 23:36:47 [debug] : SELECTED {"0":"hls-report-section-sw-i/o-information::urn:analysis-report/top-517628394/synthesis-1219712035"}
2026-03-15 23:36:47 [debug] : 1437.5999755859375 {"0":7,"1":1430.5999755859375,"2":15,"3":false}
2026-03-15 23:36:47 [debug] : 1437.5999755859375 {"0":144,"1":1293.5999755859375,"2":15,"3":false}
2026-03-15 23:36:47 [debug] : 1437.5999755859375 {"0":174,"1":1263.5999755859375,"2":15,"3":false}
2026-03-15 23:36:47 [debug] : 1437.5999755859375 {"0":298,"1":1139.5999755859375,"2":15,"3":false}
2026-03-15 23:36:47 [debug] : 1437.5999755859375 {"0":626,"1":811.5999755859375,"2":15,"3":false}
2026-03-15 23:36:47 [debug] : 1437.5999755859375 {"0":656,"1":781.5999755859375,"2":15,"3":false}
2026-03-15 23:36:47 [debug] : 1437.5999755859375 {"0":780,"1":657.5999755859375,"2":15,"3":false}
2026-03-15 23:36:47 [debug] : 1437.5999755859375 {"0":883,"1":554.5999755859375,"2":15,"3":false}
2026-03-15 23:36:47 [debug] : 1437.5999755859375 {"0":1222,"1":215.5999755859375,"2":15,"3":false}
2026-03-15 23:36:47 [debug] : 1437.5999755859375 {"0":1428,"1":9.5999755859375,"2":15,"3":true}
2026-03-15 23:36:47 [debug] : SELECTED {"0":"hls-report-section-sw-i/o-information::urn:analysis-report/top-517628394/synthesis-1219712035"}
2026-03-15 23:36:47 [debug] : 1433.5999755859375 {"0":7,"1":1426.5999755859375,"2":15,"3":false}
2026-03-15 23:36:47 [debug] : 1433.5999755859375 {"0":144,"1":1289.5999755859375,"2":15,"3":false}
2026-03-15 23:36:47 [debug] : 1433.5999755859375 {"0":174,"1":1259.5999755859375,"2":15,"3":false}
2026-03-15 23:36:47 [debug] : 1433.5999755859375 {"0":298,"1":1135.5999755859375,"2":15,"3":false}
2026-03-15 23:36:47 [debug] : 1433.5999755859375 {"0":626,"1":807.5999755859375,"2":15,"3":false}
2026-03-15 23:36:47 [debug] : 1433.5999755859375 {"0":656,"1":777.5999755859375,"2":15,"3":false}
2026-03-15 23:36:47 [debug] : 1433.5999755859375 {"0":780,"1":653.5999755859375,"2":15,"3":false}
2026-03-15 23:36:47 [debug] : 1433.5999755859375 {"0":883,"1":550.5999755859375,"2":15,"3":false}
2026-03-15 23:36:47 [debug] : 1433.5999755859375 {"0":1222,"1":211.5999755859375,"2":15,"3":false}
2026-03-15 23:36:47 [debug] : 1433.5999755859375 {"0":1428,"1":5.5999755859375,"2":15,"3":true}
2026-03-15 23:36:47 [debug] : SELECTED {"0":"hls-report-section-sw-i/o-information::urn:analysis-report/top-517628394/synthesis-1219712035"}
2026-03-15 23:36:47 [debug] : 1412 {"0":7,"1":1405,"2":15,"3":false}
2026-03-15 23:36:47 [debug] : 1412 {"0":144,"1":1268,"2":15,"3":false}
2026-03-15 23:36:47 [debug] : 1412 {"0":174,"1":1238,"2":15,"3":false}
2026-03-15 23:36:47 [debug] : 1412 {"0":298,"1":1114,"2":15,"3":false}
2026-03-15 23:36:47 [debug] : 1412 {"0":626,"1":786,"2":15,"3":false}
2026-03-15 23:36:47 [debug] : 1412 {"0":656,"1":756,"2":15,"3":false}
2026-03-15 23:36:47 [debug] : 1412 {"0":780,"1":632,"2":15,"3":false}
2026-03-15 23:36:47 [debug] : 1412 {"0":883,"1":529,"2":15,"3":false}
2026-03-15 23:36:47 [debug] : 1412 {"0":1222,"1":190,"2":15,"3":false}
2026-03-15 23:36:47 [debug] : 1412 {"0":1428,"1":16,"2":15,"3":false}
2026-03-15 23:36:47 [debug] : 1412 {"0":1458,"1":46,"2":15,"3":false}
2026-03-15 23:36:47 [debug] : 1412 {"0":1591,"1":179,"2":15,"3":false}
2026-03-15 23:36:47 [debug] : 1412 {"0":1858,"1":446,"2":15,"3":false}
2026-03-15 23:36:47 [debug] : 1412 {"0":1888,"1":476,"2":15,"3":false}
2026-03-15 23:36:47 [debug] : 1412 {"0":2022,"1":610,"2":15,"3":false}
2026-03-15 23:36:47 [debug] : 1412 {"0":2249,"1":837,"2":15,"3":false}
2026-03-15 23:36:47 [debug] : 1412 {"0":2279,"1":867,"2":15,"3":false}
2026-03-15 23:36:47 [debug] : 1412 {"0":2319,"1":907,"2":15,"3":false}
2026-03-15 23:36:47 [debug] : 1412 {"0":2707,"1":1295,"2":15,"3":false}
2026-03-15 23:36:47 [debug] : 1412 {"0":3082,"1":1670,"2":15,"3":false}
2026-03-15 23:36:47 [debug] : 1302.4000244140625 {"0":7,"1":1295.4000244140625,"2":15,"3":false}
2026-03-15 23:36:47 [debug] : 1302.4000244140625 {"0":144,"1":1158.4000244140625,"2":15,"3":false}
2026-03-15 23:36:47 [debug] : 1302.4000244140625 {"0":174,"1":1128.4000244140625,"2":15,"3":false}
2026-03-15 23:36:47 [debug] : 1302.4000244140625 {"0":298,"1":1004.4000244140625,"2":15,"3":false}
2026-03-15 23:36:47 [debug] : 1302.4000244140625 {"0":626,"1":676.4000244140625,"2":15,"3":false}
2026-03-15 23:36:47 [debug] : 1302.4000244140625 {"0":656,"1":646.4000244140625,"2":15,"3":false}
2026-03-15 23:36:47 [debug] : 1302.4000244140625 {"0":780,"1":522.4000244140625,"2":15,"3":false}
2026-03-15 23:36:48 [debug] : 1302.4000244140625 {"0":883,"1":419.4000244140625,"2":15,"3":false}
2026-03-15 23:36:48 [debug] : 1302.4000244140625 {"0":1222,"1":80.4000244140625,"2":15,"3":false}
2026-03-15 23:36:48 [debug] : 1302.4000244140625 {"0":1428,"1":125.5999755859375,"2":15,"3":false}
2026-03-15 23:36:48 [debug] : 1302.4000244140625 {"0":1458,"1":155.5999755859375,"2":15,"3":false}
2026-03-15 23:36:48 [debug] : 1302.4000244140625 {"0":1591,"1":288.5999755859375,"2":15,"3":false}
2026-03-15 23:36:48 [debug] : 1302.4000244140625 {"0":1858,"1":555.5999755859375,"2":15,"3":false}
2026-03-15 23:36:48 [debug] : 1302.4000244140625 {"0":1888,"1":585.5999755859375,"2":15,"3":false}
2026-03-15 23:36:48 [debug] : 1302.4000244140625 {"0":2022,"1":719.5999755859375,"2":15,"3":false}
2026-03-15 23:36:48 [debug] : 1302.4000244140625 {"0":2249,"1":946.5999755859375,"2":15,"3":false}
2026-03-15 23:36:48 [debug] : 1302.4000244140625 {"0":2279,"1":976.5999755859375,"2":15,"3":false}
2026-03-15 23:36:48 [debug] : 1302.4000244140625 {"0":2319,"1":1016.5999755859375,"2":15,"3":false}
2026-03-15 23:36:48 [debug] : 1302.4000244140625 {"0":2707,"1":1404.5999755859375,"2":15,"3":false}
2026-03-15 23:36:48 [debug] : 1302.4000244140625 {"0":3082,"1":1779.5999755859375,"2":15,"3":false}
2026-03-15 23:36:48 [debug] : 1187.199951171875 {"0":7,"1":1180.199951171875,"2":15,"3":false}
2026-03-15 23:36:48 [debug] : 1187.199951171875 {"0":144,"1":1043.199951171875,"2":15,"3":false}
2026-03-15 23:36:48 [debug] : 1187.199951171875 {"0":174,"1":1013.199951171875,"2":15,"3":false}
2026-03-15 23:36:48 [debug] : 1187.199951171875 {"0":298,"1":889.199951171875,"2":15,"3":false}
2026-03-15 23:36:48 [debug] : 1187.199951171875 {"0":626,"1":561.199951171875,"2":15,"3":false}
2026-03-15 23:36:48 [debug] : 1187.199951171875 {"0":656,"1":531.199951171875,"2":15,"3":false}
2026-03-15 23:36:48 [debug] : 1187.199951171875 {"0":780,"1":407.199951171875,"2":15,"3":false}
2026-03-15 23:36:48 [debug] : 1187.199951171875 {"0":883,"1":304.199951171875,"2":15,"3":false}
2026-03-15 23:36:48 [debug] : 1187.199951171875 {"0":1222,"1":34.800048828125,"2":15,"3":false}
2026-03-15 23:36:48 [debug] : 1187.199951171875 {"0":1428,"1":240.800048828125,"2":15,"3":false}
2026-03-15 23:36:48 [debug] : 1187.199951171875 {"0":1458,"1":270.800048828125,"2":15,"3":false}
2026-03-15 23:36:48 [debug] : 1187.199951171875 {"0":1591,"1":403.800048828125,"2":15,"3":false}
2026-03-15 23:36:48 [debug] : 1187.199951171875 {"0":1858,"1":670.800048828125,"2":15,"3":false}
2026-03-15 23:36:48 [debug] : 1187.199951171875 {"0":1888,"1":700.800048828125,"2":15,"3":false}
2026-03-15 23:36:48 [debug] : 1187.199951171875 {"0":2022,"1":834.800048828125,"2":15,"3":false}
2026-03-15 23:36:48 [debug] : 1187.199951171875 {"0":2249,"1":1061.800048828125,"2":15,"3":false}
2026-03-15 23:36:48 [debug] : 1187.199951171875 {"0":2279,"1":1091.800048828125,"2":15,"3":false}
2026-03-15 23:36:48 [debug] : 1187.199951171875 {"0":2319,"1":1131.800048828125,"2":15,"3":false}
2026-03-15 23:36:48 [debug] : 1187.199951171875 {"0":2707,"1":1519.800048828125,"2":15,"3":false}
2026-03-15 23:36:48 [debug] : 1187.199951171875 {"0":3082,"1":1894.800048828125,"2":15,"3":false}
2026-03-15 23:36:48 [debug] : 1096 {"0":7,"1":1089,"2":15,"3":false}
2026-03-15 23:36:48 [debug] : 1096 {"0":144,"1":952,"2":15,"3":false}
2026-03-15 23:36:48 [debug] : 1096 {"0":174,"1":922,"2":15,"3":false}
2026-03-15 23:36:48 [debug] : 1096 {"0":298,"1":798,"2":15,"3":false}
2026-03-15 23:36:48 [debug] : 1096 {"0":626,"1":470,"2":15,"3":false}
2026-03-15 23:36:48 [debug] : 1096 {"0":656,"1":440,"2":15,"3":false}
2026-03-15 23:36:48 [debug] : 1096 {"0":780,"1":316,"2":15,"3":false}
2026-03-15 23:36:48 [debug] : 1096 {"0":883,"1":213,"2":15,"3":false}
2026-03-15 23:36:48 [debug] : 1096 {"0":1222,"1":126,"2":15,"3":false}
2026-03-15 23:36:48 [debug] : 1096 {"0":1428,"1":332,"2":15,"3":false}
2026-03-15 23:36:48 [debug] : 1096 {"0":1458,"1":362,"2":15,"3":false}
2026-03-15 23:36:48 [debug] : 1096 {"0":1591,"1":495,"2":15,"3":false}
2026-03-15 23:36:48 [debug] : 1096 {"0":1858,"1":762,"2":15,"3":false}
2026-03-15 23:36:48 [debug] : 1096 {"0":1888,"1":792,"2":15,"3":false}
2026-03-15 23:36:48 [debug] : 1096 {"0":2022,"1":926,"2":15,"3":false}
2026-03-15 23:36:48 [debug] : 1096 {"0":2249,"1":1153,"2":15,"3":false}
2026-03-15 23:36:48 [debug] : 1096 {"0":2279,"1":1183,"2":15,"3":false}
2026-03-15 23:36:48 [debug] : 1096 {"0":2319,"1":1223,"2":15,"3":false}
2026-03-15 23:36:48 [debug] : 1096 {"0":2707,"1":1611,"2":15,"3":false}
2026-03-15 23:36:48 [debug] : 1096 {"0":3082,"1":1986,"2":15,"3":false}
2026-03-15 23:36:48 [debug] : 1054.4000244140625 {"0":7,"1":1047.4000244140625,"2":15,"3":false}
2026-03-15 23:36:48 [debug] : 1054.4000244140625 {"0":144,"1":910.4000244140625,"2":15,"3":false}
2026-03-15 23:36:48 [debug] : 1054.4000244140625 {"0":174,"1":880.4000244140625,"2":15,"3":false}
2026-03-15 23:36:48 [debug] : 1054.4000244140625 {"0":298,"1":756.4000244140625,"2":15,"3":false}
2026-03-15 23:36:48 [debug] : 1054.4000244140625 {"0":626,"1":428.4000244140625,"2":15,"3":false}
2026-03-15 23:36:48 [debug] : 1054.4000244140625 {"0":656,"1":398.4000244140625,"2":15,"3":false}
2026-03-15 23:36:48 [debug] : 1054.4000244140625 {"0":780,"1":274.4000244140625,"2":15,"3":false}
2026-03-15 23:36:48 [debug] : 1054.4000244140625 {"0":883,"1":171.4000244140625,"2":15,"3":false}
2026-03-15 23:36:48 [debug] : 1054.4000244140625 {"0":1222,"1":167.5999755859375,"2":15,"3":false}
2026-03-15 23:36:48 [debug] : 1054.4000244140625 {"0":1428,"1":373.5999755859375,"2":15,"3":false}
2026-03-15 23:36:48 [debug] : 1054.4000244140625 {"0":1458,"1":403.5999755859375,"2":15,"3":false}
2026-03-15 23:36:48 [debug] : 1054.4000244140625 {"0":1591,"1":536.5999755859375,"2":15,"3":false}
2026-03-15 23:36:48 [debug] : 1054.4000244140625 {"0":1858,"1":803.5999755859375,"2":15,"3":false}
2026-03-15 23:36:48 [debug] : 1054.4000244140625 {"0":1888,"1":833.5999755859375,"2":15,"3":false}
2026-03-15 23:36:48 [debug] : 1054.4000244140625 {"0":2022,"1":967.5999755859375,"2":15,"3":false}
2026-03-15 23:36:48 [debug] : 1054.4000244140625 {"0":2249,"1":1194.5999755859375,"2":15,"3":false}
2026-03-15 23:36:48 [debug] : 1054.4000244140625 {"0":2279,"1":1224.5999755859375,"2":15,"3":false}
2026-03-15 23:36:48 [debug] : 1054.4000244140625 {"0":2319,"1":1264.5999755859375,"2":15,"3":false}
2026-03-15 23:36:48 [debug] : 1054.4000244140625 {"0":2707,"1":1652.5999755859375,"2":15,"3":false}
2026-03-15 23:36:48 [debug] : 1054.4000244140625 {"0":3082,"1":2027.5999755859375,"2":15,"3":false}
2026-03-15 23:36:48 [debug] : 1051.199951171875 {"0":7,"1":1044.199951171875,"2":15,"3":false}
2026-03-15 23:36:48 [debug] : 1051.199951171875 {"0":144,"1":907.199951171875,"2":15,"3":false}
2026-03-15 23:36:48 [debug] : 1051.199951171875 {"0":174,"1":877.199951171875,"2":15,"3":false}
2026-03-15 23:36:48 [debug] : 1051.199951171875 {"0":298,"1":753.199951171875,"2":15,"3":false}
2026-03-15 23:36:48 [debug] : 1051.199951171875 {"0":626,"1":425.199951171875,"2":15,"3":false}
2026-03-15 23:36:48 [debug] : 1051.199951171875 {"0":656,"1":395.199951171875,"2":15,"3":false}
2026-03-15 23:36:48 [debug] : 1051.199951171875 {"0":780,"1":271.199951171875,"2":15,"3":false}
2026-03-15 23:36:48 [debug] : 1051.199951171875 {"0":883,"1":168.199951171875,"2":15,"3":false}
2026-03-15 23:36:48 [debug] : 1051.199951171875 {"0":1222,"1":170.800048828125,"2":15,"3":false}
2026-03-15 23:36:48 [debug] : 1051.199951171875 {"0":1428,"1":376.800048828125,"2":15,"3":false}
2026-03-15 23:36:48 [debug] : 1051.199951171875 {"0":1458,"1":406.800048828125,"2":15,"3":false}
2026-03-15 23:36:48 [debug] : 1051.199951171875 {"0":1591,"1":539.800048828125,"2":15,"3":false}
2026-03-15 23:36:48 [debug] : 1051.199951171875 {"0":1858,"1":806.800048828125,"2":15,"3":false}
2026-03-15 23:36:48 [debug] : 1051.199951171875 {"0":1888,"1":836.800048828125,"2":15,"3":false}
2026-03-15 23:36:48 [debug] : 1051.199951171875 {"0":2022,"1":970.800048828125,"2":15,"3":false}
2026-03-15 23:36:48 [debug] : 1051.199951171875 {"0":2249,"1":1197.800048828125,"2":15,"3":false}
2026-03-15 23:36:48 [debug] : 1051.199951171875 {"0":2279,"1":1227.800048828125,"2":15,"3":false}
2026-03-15 23:36:48 [debug] : 1051.199951171875 {"0":2319,"1":1267.800048828125,"2":15,"3":false}
2026-03-15 23:36:48 [debug] : 1051.199951171875 {"0":2707,"1":1655.800048828125,"2":15,"3":false}
2026-03-15 23:36:48 [debug] : 1051.199951171875 {"0":3082,"1":2030.800048828125,"2":15,"3":false}
2026-03-15 23:36:48 [debug] : 1050.4000244140625 {"0":7,"1":1043.4000244140625,"2":15,"3":false}
2026-03-15 23:36:48 [debug] : 1050.4000244140625 {"0":144,"1":906.4000244140625,"2":15,"3":false}
2026-03-15 23:36:48 [debug] : 1050.4000244140625 {"0":174,"1":876.4000244140625,"2":15,"3":false}
2026-03-15 23:36:48 [debug] : 1050.4000244140625 {"0":298,"1":752.4000244140625,"2":15,"3":false}
2026-03-15 23:36:48 [debug] : 1050.4000244140625 {"0":626,"1":424.4000244140625,"2":15,"3":false}
2026-03-15 23:36:48 [debug] : 1050.4000244140625 {"0":656,"1":394.4000244140625,"2":15,"3":false}
2026-03-15 23:36:48 [debug] : 1050.4000244140625 {"0":780,"1":270.4000244140625,"2":15,"3":false}
2026-03-15 23:36:48 [debug] : 1050.4000244140625 {"0":883,"1":167.4000244140625,"2":15,"3":false}
2026-03-15 23:36:48 [debug] : 1050.4000244140625 {"0":1222,"1":171.5999755859375,"2":15,"3":false}
2026-03-15 23:36:48 [debug] : 1050.4000244140625 {"0":1428,"1":377.5999755859375,"2":15,"3":false}
2026-03-15 23:36:48 [debug] : 1050.4000244140625 {"0":1458,"1":407.5999755859375,"2":15,"3":false}
2026-03-15 23:36:48 [debug] : 1050.4000244140625 {"0":1591,"1":540.5999755859375,"2":15,"3":false}
2026-03-15 23:36:48 [debug] : 1050.4000244140625 {"0":1858,"1":807.5999755859375,"2":15,"3":false}
2026-03-15 23:36:48 [debug] : 1050.4000244140625 {"0":1888,"1":837.5999755859375,"2":15,"3":false}
2026-03-15 23:36:48 [debug] : 1050.4000244140625 {"0":2022,"1":971.5999755859375,"2":15,"3":false}
2026-03-15 23:36:48 [debug] : 1050.4000244140625 {"0":2249,"1":1198.5999755859375,"2":15,"3":false}
2026-03-15 23:36:48 [debug] : 1050.4000244140625 {"0":2279,"1":1228.5999755859375,"2":15,"3":false}
2026-03-15 23:36:48 [debug] : 1050.4000244140625 {"0":2319,"1":1268.5999755859375,"2":15,"3":false}
2026-03-15 23:36:48 [debug] : 1050.4000244140625 {"0":2707,"1":1656.5999755859375,"2":15,"3":false}
2026-03-15 23:36:48 [debug] : 1050.4000244140625 {"0":3082,"1":2031.5999755859375,"2":15,"3":false}
2026-03-15 23:36:48 [debug] : 1049.5999755859375 {"0":7,"1":1042.5999755859375,"2":15,"3":false}
2026-03-15 23:36:48 [debug] : 1049.5999755859375 {"0":144,"1":905.5999755859375,"2":15,"3":false}
2026-03-15 23:36:48 [debug] : 1049.5999755859375 {"0":174,"1":875.5999755859375,"2":15,"3":false}
2026-03-15 23:36:48 [debug] : 1049.5999755859375 {"0":298,"1":751.5999755859375,"2":15,"3":false}
2026-03-15 23:36:48 [debug] : 1049.5999755859375 {"0":626,"1":423.5999755859375,"2":15,"3":false}
2026-03-15 23:36:48 [debug] : 1049.5999755859375 {"0":656,"1":393.5999755859375,"2":15,"3":false}
2026-03-15 23:36:48 [debug] : 1049.5999755859375 {"0":780,"1":269.5999755859375,"2":15,"3":false}
2026-03-15 23:36:48 [debug] : 1049.5999755859375 {"0":883,"1":166.5999755859375,"2":15,"3":false}
2026-03-15 23:36:48 [debug] : 1049.5999755859375 {"0":1222,"1":172.4000244140625,"2":15,"3":false}
2026-03-15 23:36:48 [debug] : 1049.5999755859375 {"0":1428,"1":378.4000244140625,"2":15,"3":false}
2026-03-15 23:36:48 [debug] : 1049.5999755859375 {"0":1458,"1":408.4000244140625,"2":15,"3":false}
2026-03-15 23:36:48 [debug] : 1049.5999755859375 {"0":1591,"1":541.4000244140625,"2":15,"3":false}
2026-03-15 23:36:48 [debug] : 1049.5999755859375 {"0":1858,"1":808.4000244140625,"2":15,"3":false}
2026-03-15 23:36:48 [debug] : 1049.5999755859375 {"0":1888,"1":838.4000244140625,"2":15,"3":false}
2026-03-15 23:36:48 [debug] : 1049.5999755859375 {"0":2022,"1":972.4000244140625,"2":15,"3":false}
2026-03-15 23:36:48 [debug] : 1049.5999755859375 {"0":2249,"1":1199.4000244140625,"2":15,"3":false}
2026-03-15 23:36:48 [debug] : 1049.5999755859375 {"0":2279,"1":1229.4000244140625,"2":15,"3":false}
2026-03-15 23:36:48 [debug] : 1049.5999755859375 {"0":2319,"1":1269.4000244140625,"2":15,"3":false}
2026-03-15 23:36:48 [debug] : 1049.5999755859375 {"0":2707,"1":1657.4000244140625,"2":15,"3":false}
2026-03-15 23:36:48 [debug] : 1049.5999755859375 {"0":3082,"1":2032.4000244140625,"2":15,"3":false}
2026-03-15 23:36:48 [debug] : 1048 {"0":7,"1":1041,"2":15,"3":false}
2026-03-15 23:36:48 [debug] : 1048 {"0":144,"1":904,"2":15,"3":false}
2026-03-15 23:36:48 [debug] : 1048 {"0":174,"1":874,"2":15,"3":false}
2026-03-15 23:36:48 [debug] : 1048 {"0":298,"1":750,"2":15,"3":false}
2026-03-15 23:36:48 [debug] : 1048 {"0":626,"1":422,"2":15,"3":false}
2026-03-15 23:36:48 [debug] : 1048 {"0":656,"1":392,"2":15,"3":false}
2026-03-15 23:36:48 [debug] : 1048 {"0":780,"1":268,"2":15,"3":false}
2026-03-15 23:36:48 [debug] : 1048 {"0":883,"1":165,"2":15,"3":false}
2026-03-15 23:36:48 [debug] : 1048 {"0":1222,"1":174,"2":15,"3":false}
2026-03-15 23:36:48 [debug] : 1048 {"0":1428,"1":380,"2":15,"3":false}
2026-03-15 23:36:48 [debug] : 1048 {"0":1458,"1":410,"2":15,"3":false}
2026-03-15 23:36:48 [debug] : 1048 {"0":1591,"1":543,"2":15,"3":false}
2026-03-15 23:36:48 [debug] : 1048 {"0":1858,"1":810,"2":15,"3":false}
2026-03-15 23:36:48 [debug] : 1048 {"0":1888,"1":840,"2":15,"3":false}
2026-03-15 23:36:48 [debug] : 1048 {"0":2022,"1":974,"2":15,"3":false}
2026-03-15 23:36:48 [debug] : 1048 {"0":2249,"1":1201,"2":15,"3":false}
2026-03-15 23:36:48 [debug] : 1048 {"0":2279,"1":1231,"2":15,"3":false}
2026-03-15 23:36:48 [debug] : 1048 {"0":2319,"1":1271,"2":15,"3":false}
2026-03-15 23:36:48 [debug] : 1048 {"0":2707,"1":1659,"2":15,"3":false}
2026-03-15 23:36:48 [debug] : 1048 {"0":3082,"1":2034,"2":15,"3":false}
2026-03-15 23:36:48 [debug] : 1047.199951171875 {"0":7,"1":1040.199951171875,"2":15,"3":false}
2026-03-15 23:36:48 [debug] : 1047.199951171875 {"0":144,"1":903.199951171875,"2":15,"3":false}
2026-03-15 23:36:48 [debug] : 1047.199951171875 {"0":174,"1":873.199951171875,"2":15,"3":false}
2026-03-15 23:36:48 [debug] : 1047.199951171875 {"0":298,"1":749.199951171875,"2":15,"3":false}
2026-03-15 23:36:48 [debug] : 1047.199951171875 {"0":626,"1":421.199951171875,"2":15,"3":false}
2026-03-15 23:36:48 [debug] : 1047.199951171875 {"0":656,"1":391.199951171875,"2":15,"3":false}
2026-03-15 23:36:48 [debug] : 1047.199951171875 {"0":780,"1":267.199951171875,"2":15,"3":false}
2026-03-15 23:36:48 [debug] : 1047.199951171875 {"0":883,"1":164.199951171875,"2":15,"3":false}
2026-03-15 23:36:48 [debug] : 1047.199951171875 {"0":1222,"1":174.800048828125,"2":15,"3":false}
2026-03-15 23:36:48 [debug] : 1047.199951171875 {"0":1428,"1":380.800048828125,"2":15,"3":false}
2026-03-15 23:36:48 [debug] : 1047.199951171875 {"0":1458,"1":410.800048828125,"2":15,"3":false}
2026-03-15 23:36:48 [debug] : 1047.199951171875 {"0":1591,"1":543.800048828125,"2":15,"3":false}
2026-03-15 23:36:48 [debug] : 1047.199951171875 {"0":1858,"1":810.800048828125,"2":15,"3":false}
2026-03-15 23:36:48 [debug] : 1047.199951171875 {"0":1888,"1":840.800048828125,"2":15,"3":false}
2026-03-15 23:36:48 [debug] : 1047.199951171875 {"0":2022,"1":974.800048828125,"2":15,"3":false}
2026-03-15 23:36:48 [debug] : 1047.199951171875 {"0":2249,"1":1201.800048828125,"2":15,"3":false}
2026-03-15 23:36:48 [debug] : 1047.199951171875 {"0":2279,"1":1231.800048828125,"2":15,"3":false}
2026-03-15 23:36:48 [debug] : 1047.199951171875 {"0":2319,"1":1271.800048828125,"2":15,"3":false}
2026-03-15 23:36:48 [debug] : 1047.199951171875 {"0":2707,"1":1659.800048828125,"2":15,"3":false}
2026-03-15 23:36:48 [debug] : 1047.199951171875 {"0":3082,"1":2034.800048828125,"2":15,"3":false}
2026-03-15 23:36:48 [debug] : 1046.4000244140625 {"0":7,"1":1039.4000244140625,"2":15,"3":false}
2026-03-15 23:36:48 [debug] : 1046.4000244140625 {"0":144,"1":902.4000244140625,"2":15,"3":false}
2026-03-15 23:36:48 [debug] : 1046.4000244140625 {"0":174,"1":872.4000244140625,"2":15,"3":false}
2026-03-15 23:36:48 [debug] : 1046.4000244140625 {"0":298,"1":748.4000244140625,"2":15,"3":false}
2026-03-15 23:36:48 [debug] : 1046.4000244140625 {"0":626,"1":420.4000244140625,"2":15,"3":false}
2026-03-15 23:36:48 [debug] : 1046.4000244140625 {"0":656,"1":390.4000244140625,"2":15,"3":false}
2026-03-15 23:36:48 [debug] : 1046.4000244140625 {"0":780,"1":266.4000244140625,"2":15,"3":false}
2026-03-15 23:36:48 [debug] : 1046.4000244140625 {"0":883,"1":163.4000244140625,"2":15,"3":false}
2026-03-15 23:36:48 [debug] : 1046.4000244140625 {"0":1222,"1":175.5999755859375,"2":15,"3":false}
2026-03-15 23:36:48 [debug] : 1046.4000244140625 {"0":1428,"1":381.5999755859375,"2":15,"3":false}
2026-03-15 23:36:48 [debug] : 1046.4000244140625 {"0":1458,"1":411.5999755859375,"2":15,"3":false}
2026-03-15 23:36:48 [debug] : 1046.4000244140625 {"0":1591,"1":544.5999755859375,"2":15,"3":false}
2026-03-15 23:36:48 [debug] : 1046.4000244140625 {"0":1858,"1":811.5999755859375,"2":15,"3":false}
2026-03-15 23:36:48 [debug] : 1046.4000244140625 {"0":1888,"1":841.5999755859375,"2":15,"3":false}
2026-03-15 23:36:48 [debug] : 1046.4000244140625 {"0":2022,"1":975.5999755859375,"2":15,"3":false}
2026-03-15 23:36:48 [debug] : 1046.4000244140625 {"0":2249,"1":1202.5999755859375,"2":15,"3":false}
2026-03-15 23:36:48 [debug] : 1046.4000244140625 {"0":2279,"1":1232.5999755859375,"2":15,"3":false}
2026-03-15 23:36:48 [debug] : 1046.4000244140625 {"0":2319,"1":1272.5999755859375,"2":15,"3":false}
2026-03-15 23:36:48 [debug] : 1046.4000244140625 {"0":2707,"1":1660.5999755859375,"2":15,"3":false}
2026-03-15 23:36:48 [debug] : 1046.4000244140625 {"0":3082,"1":2035.5999755859375,"2":15,"3":false}
2026-03-15 23:36:48 [debug] : 1028 {"0":7,"1":1021,"2":15,"3":false}
2026-03-15 23:36:48 [debug] : 1028 {"0":144,"1":884,"2":15,"3":false}
2026-03-15 23:36:48 [debug] : 1028 {"0":174,"1":854,"2":15,"3":false}
2026-03-15 23:36:48 [debug] : 1028 {"0":298,"1":730,"2":15,"3":false}
2026-03-15 23:36:48 [debug] : 1028 {"0":626,"1":402,"2":15,"3":false}
2026-03-15 23:36:48 [debug] : 1028 {"0":656,"1":372,"2":15,"3":false}
2026-03-15 23:36:48 [debug] : 1028 {"0":780,"1":248,"2":15,"3":false}
2026-03-15 23:36:48 [debug] : 1028 {"0":883,"1":145,"2":15,"3":false}
2026-03-15 23:36:48 [debug] : 1028 {"0":1222,"1":194,"2":15,"3":false}
2026-03-15 23:36:48 [debug] : 1028 {"0":1428,"1":400,"2":15,"3":false}
2026-03-15 23:36:48 [debug] : 1028 {"0":1458,"1":430,"2":15,"3":false}
2026-03-15 23:36:48 [debug] : 1028 {"0":1591,"1":563,"2":15,"3":false}
2026-03-15 23:36:48 [debug] : 1028 {"0":1858,"1":830,"2":15,"3":false}
2026-03-15 23:36:48 [debug] : 1028 {"0":1888,"1":860,"2":15,"3":false}
2026-03-15 23:36:48 [debug] : 1028 {"0":2022,"1":994,"2":15,"3":false}
2026-03-15 23:36:48 [debug] : 1028 {"0":2249,"1":1221,"2":15,"3":false}
2026-03-15 23:36:48 [debug] : 1028 {"0":2279,"1":1251,"2":15,"3":false}
2026-03-15 23:36:48 [debug] : 1028 {"0":2319,"1":1291,"2":15,"3":false}
2026-03-15 23:36:48 [debug] : 1028 {"0":2707,"1":1679,"2":15,"3":false}
2026-03-15 23:36:48 [debug] : 1028 {"0":3082,"1":2054,"2":15,"3":false}
2026-03-15 23:36:48 [debug] : 828 {"0":7,"1":821,"2":15,"3":false}
2026-03-15 23:36:48 [debug] : 828 {"0":144,"1":684,"2":15,"3":false}
2026-03-15 23:36:48 [debug] : 828 {"0":174,"1":654,"2":15,"3":false}
2026-03-15 23:36:48 [debug] : 828 {"0":298,"1":530,"2":15,"3":false}
2026-03-15 23:36:48 [debug] : 828 {"0":626,"1":202,"2":15,"3":false}
2026-03-15 23:36:48 [debug] : 828 {"0":656,"1":172,"2":15,"3":false}
2026-03-15 23:36:48 [debug] : 828 {"0":780,"1":48,"2":15,"3":false}
2026-03-15 23:36:48 [debug] : 828 {"0":883,"1":55,"2":15,"3":false}
2026-03-15 23:36:48 [debug] : 828 {"0":1222,"1":394,"2":15,"3":false}
2026-03-15 23:36:48 [debug] : 828 {"0":1428,"1":600,"2":15,"3":false}
2026-03-15 23:36:48 [debug] : 828 {"0":1458,"1":630,"2":15,"3":false}
2026-03-15 23:36:48 [debug] : 828 {"0":1591,"1":763,"2":15,"3":false}
2026-03-15 23:36:48 [debug] : 828 {"0":1858,"1":1030,"2":15,"3":false}
2026-03-15 23:36:48 [debug] : 828 {"0":1888,"1":1060,"2":15,"3":false}
2026-03-15 23:36:48 [debug] : 828 {"0":2022,"1":1194,"2":15,"3":false}
2026-03-15 23:36:48 [debug] : 828 {"0":2249,"1":1421,"2":15,"3":false}
2026-03-15 23:36:48 [debug] : 828 {"0":2279,"1":1451,"2":15,"3":false}
2026-03-15 23:36:48 [debug] : 828 {"0":2319,"1":1491,"2":15,"3":false}
2026-03-15 23:36:48 [debug] : 828 {"0":2707,"1":1879,"2":15,"3":false}
2026-03-15 23:36:48 [debug] : 828 {"0":3082,"1":2254,"2":15,"3":false}
2026-03-15 23:36:48 [debug] : 618.4000244140625 {"0":7,"1":611.4000244140625,"2":15,"3":false}
2026-03-15 23:36:48 [debug] : 618.4000244140625 {"0":144,"1":474.4000244140625,"2":15,"3":false}
2026-03-15 23:36:48 [debug] : 618.4000244140625 {"0":174,"1":444.4000244140625,"2":15,"3":false}
2026-03-15 23:36:48 [debug] : 618.4000244140625 {"0":298,"1":320.4000244140625,"2":15,"3":false}
2026-03-15 23:36:48 [debug] : 618.4000244140625 {"0":626,"1":7.5999755859375,"2":15,"3":true}
2026-03-15 23:36:48 [debug] : SELECTED {"0":"hls-report-section-hw-interfaces::urn:analysis-report/top-517628394/synthesis-1219712035"}
2026-03-15 23:36:48 [debug] : 476 {"0":7,"1":469,"2":15,"3":false}
2026-03-15 23:36:48 [debug] : 476 {"0":144,"1":332,"2":15,"3":false}
2026-03-15 23:36:48 [debug] : 476 {"0":174,"1":302,"2":15,"3":false}
2026-03-15 23:36:48 [debug] : 476 {"0":298,"1":178,"2":15,"3":false}
2026-03-15 23:36:48 [debug] : 476 {"0":626,"1":150,"2":15,"3":false}
2026-03-15 23:36:48 [debug] : 476 {"0":656,"1":180,"2":15,"3":false}
2026-03-15 23:36:48 [debug] : 476 {"0":780,"1":304,"2":15,"3":false}
2026-03-15 23:36:48 [debug] : 476 {"0":883,"1":407,"2":15,"3":false}
2026-03-15 23:36:48 [debug] : 476 {"0":1222,"1":746,"2":15,"3":false}
2026-03-15 23:36:48 [debug] : 476 {"0":1428,"1":952,"2":15,"3":false}
2026-03-15 23:36:48 [debug] : 476 {"0":1458,"1":982,"2":15,"3":false}
2026-03-15 23:36:48 [debug] : 476 {"0":1591,"1":1115,"2":15,"3":false}
2026-03-15 23:36:48 [debug] : 476 {"0":1858,"1":1382,"2":15,"3":false}
2026-03-15 23:36:48 [debug] : 476 {"0":1888,"1":1412,"2":15,"3":false}
2026-03-15 23:36:48 [debug] : 476 {"0":2022,"1":1546,"2":15,"3":false}
2026-03-15 23:36:48 [debug] : 476 {"0":2249,"1":1773,"2":15,"3":false}
2026-03-15 23:36:48 [debug] : 476 {"0":2279,"1":1803,"2":15,"3":false}
2026-03-15 23:36:48 [debug] : 476 {"0":2319,"1":1843,"2":15,"3":false}
2026-03-15 23:36:48 [debug] : 476 {"0":2707,"1":2231,"2":15,"3":false}
2026-03-15 23:36:48 [debug] : 476 {"0":3082,"1":2606,"2":15,"3":false}
2026-03-15 23:36:48 [debug] : 437.6000061035156 {"0":7,"1":430.6000061035156,"2":15,"3":false}
2026-03-15 23:36:48 [debug] : 437.6000061035156 {"0":144,"1":293.6000061035156,"2":15,"3":false}
2026-03-15 23:36:48 [debug] : 437.6000061035156 {"0":174,"1":263.6000061035156,"2":15,"3":false}
2026-03-15 23:36:48 [debug] : 437.6000061035156 {"0":298,"1":139.60000610351562,"2":15,"3":false}
2026-03-15 23:36:48 [debug] : 437.6000061035156 {"0":626,"1":188.39999389648438,"2":15,"3":false}
2026-03-15 23:36:48 [debug] : 437.6000061035156 {"0":656,"1":218.39999389648438,"2":15,"3":false}
2026-03-15 23:36:48 [debug] : 437.6000061035156 {"0":780,"1":342.3999938964844,"2":15,"3":false}
2026-03-15 23:36:48 [debug] : 437.6000061035156 {"0":883,"1":445.3999938964844,"2":15,"3":false}
2026-03-15 23:36:48 [debug] : 437.6000061035156 {"0":1222,"1":784.3999938964844,"2":15,"3":false}
2026-03-15 23:36:48 [debug] : 437.6000061035156 {"0":1428,"1":990.3999938964844,"2":15,"3":false}
2026-03-15 23:36:48 [debug] : 437.6000061035156 {"0":1458,"1":1020.3999938964844,"2":15,"3":false}
2026-03-15 23:36:48 [debug] : 437.6000061035156 {"0":1591,"1":1153.3999938964844,"2":15,"3":false}
2026-03-15 23:36:48 [debug] : 437.6000061035156 {"0":1858,"1":1420.3999938964844,"2":15,"3":false}
2026-03-15 23:36:48 [debug] : 437.6000061035156 {"0":1888,"1":1450.3999938964844,"2":15,"3":false}
2026-03-15 23:36:48 [debug] : 437.6000061035156 {"0":2022,"1":1584.3999938964844,"2":15,"3":false}
2026-03-15 23:36:48 [debug] : 437.6000061035156 {"0":2249,"1":1811.3999938964844,"2":15,"3":false}
2026-03-15 23:36:48 [debug] : 437.6000061035156 {"0":2279,"1":1841.3999938964844,"2":15,"3":false}
2026-03-15 23:36:48 [debug] : 437.6000061035156 {"0":2319,"1":1881.3999938964844,"2":15,"3":false}
2026-03-15 23:36:48 [debug] : 437.6000061035156 {"0":2707,"1":2269.3999938964844,"2":15,"3":false}
2026-03-15 23:36:48 [debug] : 437.6000061035156 {"0":3082,"1":2644.3999938964844,"2":15,"3":false}
2026-03-15 23:36:48 [debug] : 409.6000061035156 {"0":7,"1":402.6000061035156,"2":15,"3":false}
2026-03-15 23:36:48 [debug] : 409.6000061035156 {"0":144,"1":265.6000061035156,"2":15,"3":false}
2026-03-15 23:36:48 [debug] : 409.6000061035156 {"0":174,"1":235.60000610351562,"2":15,"3":false}
2026-03-15 23:36:48 [debug] : 409.6000061035156 {"0":298,"1":111.60000610351562,"2":15,"3":false}
2026-03-15 23:36:48 [debug] : 409.6000061035156 {"0":626,"1":216.39999389648438,"2":15,"3":false}
2026-03-15 23:36:48 [debug] : 409.6000061035156 {"0":656,"1":246.39999389648438,"2":15,"3":false}
2026-03-15 23:36:48 [debug] : 409.6000061035156 {"0":780,"1":370.3999938964844,"2":15,"3":false}
2026-03-15 23:36:48 [debug] : 409.6000061035156 {"0":883,"1":473.3999938964844,"2":15,"3":false}
2026-03-15 23:36:48 [debug] : 409.6000061035156 {"0":1222,"1":812.3999938964844,"2":15,"3":false}
2026-03-15 23:36:48 [debug] : 409.6000061035156 {"0":1428,"1":1018.3999938964844,"2":15,"3":false}
2026-03-15 23:36:48 [debug] : 409.6000061035156 {"0":1458,"1":1048.3999938964844,"2":15,"3":false}
2026-03-15 23:36:48 [debug] : 409.6000061035156 {"0":1591,"1":1181.3999938964844,"2":15,"3":false}
2026-03-15 23:36:48 [debug] : 409.6000061035156 {"0":1858,"1":1448.3999938964844,"2":15,"3":false}
2026-03-15 23:36:48 [debug] : 409.6000061035156 {"0":1888,"1":1478.3999938964844,"2":15,"3":false}
2026-03-15 23:36:48 [debug] : 409.6000061035156 {"0":2022,"1":1612.3999938964844,"2":15,"3":false}
2026-03-15 23:36:48 [debug] : 409.6000061035156 {"0":2249,"1":1839.3999938964844,"2":15,"3":false}
2026-03-15 23:36:48 [debug] : 409.6000061035156 {"0":2279,"1":1869.3999938964844,"2":15,"3":false}
2026-03-15 23:36:48 [debug] : 409.6000061035156 {"0":2319,"1":1909.3999938964844,"2":15,"3":false}
2026-03-15 23:36:48 [debug] : 409.6000061035156 {"0":2707,"1":2297.3999938964844,"2":15,"3":false}
2026-03-15 23:36:48 [debug] : 409.6000061035156 {"0":3082,"1":2672.3999938964844,"2":15,"3":false}
2026-03-15 23:36:48 [debug] : 378.3999938964844 {"0":7,"1":371.3999938964844,"2":15,"3":false}
2026-03-15 23:36:48 [debug] : 378.3999938964844 {"0":144,"1":234.39999389648438,"2":15,"3":false}
2026-03-15 23:36:48 [debug] : 378.3999938964844 {"0":174,"1":204.39999389648438,"2":15,"3":false}
2026-03-15 23:36:48 [debug] : 378.3999938964844 {"0":298,"1":80.39999389648438,"2":15,"3":false}
2026-03-15 23:36:48 [debug] : 378.3999938964844 {"0":626,"1":247.60000610351562,"2":15,"3":false}
2026-03-15 23:36:48 [debug] : 378.3999938964844 {"0":656,"1":277.6000061035156,"2":15,"3":false}
2026-03-15 23:36:48 [debug] : 378.3999938964844 {"0":780,"1":401.6000061035156,"2":15,"3":false}
2026-03-15 23:36:48 [debug] : 378.3999938964844 {"0":883,"1":504.6000061035156,"2":15,"3":false}
2026-03-15 23:36:48 [debug] : 378.3999938964844 {"0":1222,"1":843.6000061035156,"2":15,"3":false}
2026-03-15 23:36:48 [debug] : 378.3999938964844 {"0":1428,"1":1049.6000061035156,"2":15,"3":false}
2026-03-15 23:36:48 [debug] : 378.3999938964844 {"0":1458,"1":1079.6000061035156,"2":15,"3":false}
2026-03-15 23:36:48 [debug] : 378.3999938964844 {"0":1591,"1":1212.6000061035156,"2":15,"3":false}
2026-03-15 23:36:48 [debug] : 378.3999938964844 {"0":1858,"1":1479.6000061035156,"2":15,"3":false}
2026-03-15 23:36:48 [debug] : 378.3999938964844 {"0":1888,"1":1509.6000061035156,"2":15,"3":false}
2026-03-15 23:36:48 [debug] : 378.3999938964844 {"0":2022,"1":1643.6000061035156,"2":15,"3":false}
2026-03-15 23:36:48 [debug] : 378.3999938964844 {"0":2249,"1":1870.6000061035156,"2":15,"3":false}
2026-03-15 23:36:48 [debug] : 378.3999938964844 {"0":2279,"1":1900.6000061035156,"2":15,"3":false}
2026-03-15 23:36:48 [debug] : 378.3999938964844 {"0":2319,"1":1940.6000061035156,"2":15,"3":false}
2026-03-15 23:36:48 [debug] : 378.3999938964844 {"0":2707,"1":2328.6000061035156,"2":15,"3":false}
2026-03-15 23:36:48 [debug] : 378.3999938964844 {"0":3082,"1":2703.6000061035156,"2":15,"3":false}
2026-03-15 23:36:48 [debug] : 340.79998779296875 {"0":7,"1":333.79998779296875,"2":15,"3":false}
2026-03-15 23:36:48 [debug] : 340.79998779296875 {"0":144,"1":196.79998779296875,"2":15,"3":false}
2026-03-15 23:36:48 [debug] : 340.79998779296875 {"0":174,"1":166.79998779296875,"2":15,"3":false}
2026-03-15 23:36:48 [debug] : 340.79998779296875 {"0":298,"1":42.79998779296875,"2":15,"3":false}
2026-03-15 23:36:48 [debug] : 340.79998779296875 {"0":626,"1":285.20001220703125,"2":15,"3":false}
2026-03-15 23:36:48 [debug] : 340.79998779296875 {"0":656,"1":315.20001220703125,"2":15,"3":false}
2026-03-15 23:36:48 [debug] : 340.79998779296875 {"0":780,"1":439.20001220703125,"2":15,"3":false}
2026-03-15 23:36:48 [debug] : 340.79998779296875 {"0":883,"1":542.2000122070312,"2":15,"3":false}
2026-03-15 23:36:48 [debug] : 340.79998779296875 {"0":1222,"1":881.2000122070312,"2":15,"3":false}
2026-03-15 23:36:48 [debug] : 340.79998779296875 {"0":1428,"1":1087.2000122070312,"2":15,"3":false}
2026-03-15 23:36:48 [debug] : 340.79998779296875 {"0":1458,"1":1117.2000122070312,"2":15,"3":false}
2026-03-15 23:36:48 [debug] : 340.79998779296875 {"0":1591,"1":1250.2000122070312,"2":15,"3":false}
2026-03-15 23:36:48 [debug] : 340.79998779296875 {"0":1858,"1":1517.2000122070312,"2":15,"3":false}
2026-03-15 23:36:48 [debug] : 340.79998779296875 {"0":1888,"1":1547.2000122070312,"2":15,"3":false}
2026-03-15 23:36:48 [debug] : 340.79998779296875 {"0":2022,"1":1681.2000122070312,"2":15,"3":false}
2026-03-15 23:36:48 [debug] : 340.79998779296875 {"0":2249,"1":1908.2000122070312,"2":15,"3":false}
2026-03-15 23:36:48 [debug] : 340.79998779296875 {"0":2279,"1":1938.2000122070312,"2":15,"3":false}
2026-03-15 23:36:48 [debug] : 340.79998779296875 {"0":2319,"1":1978.2000122070312,"2":15,"3":false}
2026-03-15 23:36:48 [debug] : 340.79998779296875 {"0":2707,"1":2366.2000122070312,"2":15,"3":false}
2026-03-15 23:36:48 [debug] : 340.79998779296875 {"0":3082,"1":2741.2000122070312,"2":15,"3":false}
2026-03-15 23:36:48 [debug] : 300 {"0":7,"1":293,"2":15,"3":false}
2026-03-15 23:36:48 [debug] : 300 {"0":144,"1":156,"2":15,"3":false}
2026-03-15 23:36:48 [debug] : 300 {"0":174,"1":126,"2":15,"3":false}
2026-03-15 23:36:48 [debug] : 300 {"0":298,"1":2,"2":15,"3":true}
2026-03-15 23:36:48 [debug] : SELECTED {"0":"hls-report-section-performance-&-resource-estimates::urn:analysis-report/top-517628394/synthesis-1219712035"}
2026-03-15 23:36:49 [debug] : 264.79998779296875 {"0":7,"1":257.79998779296875,"2":15,"3":false}
2026-03-15 23:36:49 [debug] : 264.79998779296875 {"0":144,"1":120.79998779296875,"2":15,"3":false}
2026-03-15 23:36:49 [debug] : 264.79998779296875 {"0":174,"1":90.79998779296875,"2":15,"3":false}
2026-03-15 23:36:49 [debug] : 264.79998779296875 {"0":298,"1":33.20001220703125,"2":15,"3":false}
2026-03-15 23:36:49 [debug] : 264.79998779296875 {"0":626,"1":361.20001220703125,"2":15,"3":false}
2026-03-15 23:36:49 [debug] : 264.79998779296875 {"0":656,"1":391.20001220703125,"2":15,"3":false}
2026-03-15 23:36:49 [debug] : 264.79998779296875 {"0":780,"1":515.2000122070312,"2":15,"3":false}
2026-03-15 23:36:49 [debug] : 264.79998779296875 {"0":883,"1":618.2000122070312,"2":15,"3":false}
2026-03-15 23:36:49 [debug] : 264.79998779296875 {"0":1222,"1":957.2000122070312,"2":15,"3":false}
2026-03-15 23:36:49 [debug] : 264.79998779296875 {"0":1428,"1":1163.2000122070312,"2":15,"3":false}
2026-03-15 23:36:49 [debug] : 264.79998779296875 {"0":1458,"1":1193.2000122070312,"2":15,"3":false}
2026-03-15 23:36:49 [debug] : 264.79998779296875 {"0":1591,"1":1326.2000122070312,"2":15,"3":false}
2026-03-15 23:36:49 [debug] : 264.79998779296875 {"0":1858,"1":1593.2000122070312,"2":15,"3":false}
2026-03-15 23:36:49 [debug] : 264.79998779296875 {"0":1888,"1":1623.2000122070312,"2":15,"3":false}
2026-03-15 23:36:49 [debug] : 264.79998779296875 {"0":2022,"1":1757.2000122070312,"2":15,"3":false}
2026-03-15 23:36:49 [debug] : 264.79998779296875 {"0":2249,"1":1984.2000122070312,"2":15,"3":false}
2026-03-15 23:36:49 [debug] : 264.79998779296875 {"0":2279,"1":2014.2000122070312,"2":15,"3":false}
2026-03-15 23:36:49 [debug] : 264.79998779296875 {"0":2319,"1":2054.2000122070312,"2":15,"3":false}
2026-03-15 23:36:49 [debug] : 264.79998779296875 {"0":2707,"1":2442.2000122070312,"2":15,"3":false}
2026-03-15 23:36:49 [debug] : 264.79998779296875 {"0":3082,"1":2817.2000122070312,"2":15,"3":false}
2026-03-15 23:36:49 [debug] : 240 {"0":7,"1":233,"2":15,"3":false}
2026-03-15 23:36:49 [debug] : 240 {"0":144,"1":96,"2":15,"3":false}
2026-03-15 23:36:49 [debug] : 240 {"0":174,"1":66,"2":15,"3":false}
2026-03-15 23:36:49 [debug] : 240 {"0":298,"1":58,"2":15,"3":false}
2026-03-15 23:36:49 [debug] : 240 {"0":626,"1":386,"2":15,"3":false}
2026-03-15 23:36:49 [debug] : 240 {"0":656,"1":416,"2":15,"3":false}
2026-03-15 23:36:49 [debug] : 240 {"0":780,"1":540,"2":15,"3":false}
2026-03-15 23:36:49 [debug] : 240 {"0":883,"1":643,"2":15,"3":false}
2026-03-15 23:36:49 [debug] : 240 {"0":1222,"1":982,"2":15,"3":false}
2026-03-15 23:36:49 [debug] : 240 {"0":1428,"1":1188,"2":15,"3":false}
2026-03-15 23:36:49 [debug] : 240 {"0":1458,"1":1218,"2":15,"3":false}
2026-03-15 23:36:49 [debug] : 240 {"0":1591,"1":1351,"2":15,"3":false}
2026-03-15 23:36:49 [debug] : 240 {"0":1858,"1":1618,"2":15,"3":false}
2026-03-15 23:36:49 [debug] : 240 {"0":1888,"1":1648,"2":15,"3":false}
2026-03-15 23:36:49 [debug] : 240 {"0":2022,"1":1782,"2":15,"3":false}
2026-03-15 23:36:49 [debug] : 240 {"0":2249,"1":2009,"2":15,"3":false}
2026-03-15 23:36:49 [debug] : 240 {"0":2279,"1":2039,"2":15,"3":false}
2026-03-15 23:36:49 [debug] : 240 {"0":2319,"1":2079,"2":15,"3":false}
2026-03-15 23:36:49 [debug] : 240 {"0":2707,"1":2467,"2":15,"3":false}
2026-03-15 23:36:49 [debug] : 240 {"0":3082,"1":2842,"2":15,"3":false}
2026-03-15 23:36:49 [debug] : 236.8000030517578 {"0":7,"1":229.8000030517578,"2":15,"3":false}
2026-03-15 23:36:49 [debug] : 236.8000030517578 {"0":144,"1":92.80000305175781,"2":15,"3":false}
2026-03-15 23:36:49 [debug] : 236.8000030517578 {"0":174,"1":62.80000305175781,"2":15,"3":false}
2026-03-15 23:36:49 [debug] : 236.8000030517578 {"0":298,"1":61.19999694824219,"2":15,"3":false}
2026-03-15 23:36:49 [debug] : 236.8000030517578 {"0":626,"1":389.1999969482422,"2":15,"3":false}
2026-03-15 23:36:49 [debug] : 236.8000030517578 {"0":656,"1":419.1999969482422,"2":15,"3":false}
2026-03-15 23:36:49 [debug] : 236.8000030517578 {"0":780,"1":543.1999969482422,"2":15,"3":false}
2026-03-15 23:36:49 [debug] : 236.8000030517578 {"0":883,"1":646.1999969482422,"2":15,"3":false}
2026-03-15 23:36:49 [debug] : 236.8000030517578 {"0":1222,"1":985.1999969482422,"2":15,"3":false}
2026-03-15 23:36:49 [debug] : 236.8000030517578 {"0":1428,"1":1191.1999969482422,"2":15,"3":false}
2026-03-15 23:36:49 [debug] : 236.8000030517578 {"0":1458,"1":1221.1999969482422,"2":15,"3":false}
2026-03-15 23:36:49 [debug] : 236.8000030517578 {"0":1591,"1":1354.1999969482422,"2":15,"3":false}
2026-03-15 23:36:49 [debug] : 236.8000030517578 {"0":1858,"1":1621.1999969482422,"2":15,"3":false}
2026-03-15 23:36:49 [debug] : 236.8000030517578 {"0":1888,"1":1651.1999969482422,"2":15,"3":false}
2026-03-15 23:36:49 [debug] : 236.8000030517578 {"0":2022,"1":1785.1999969482422,"2":15,"3":false}
2026-03-15 23:36:49 [debug] : 236.8000030517578 {"0":2249,"1":2012.1999969482422,"2":15,"3":false}
2026-03-15 23:36:49 [debug] : 236.8000030517578 {"0":2279,"1":2042.1999969482422,"2":15,"3":false}
2026-03-15 23:36:49 [debug] : 236.8000030517578 {"0":2319,"1":2082.199996948242,"2":15,"3":false}
2026-03-15 23:36:49 [debug] : 236.8000030517578 {"0":2707,"1":2470.199996948242,"2":15,"3":false}
2026-03-15 23:36:49 [debug] : 236.8000030517578 {"0":3082,"1":2845.199996948242,"2":15,"3":false}
2026-03-15 23:36:49 [debug] : 235.1999969482422 {"0":7,"1":228.1999969482422,"2":15,"3":false}
2026-03-15 23:36:49 [debug] : 235.1999969482422 {"0":144,"1":91.19999694824219,"2":15,"3":false}
2026-03-15 23:36:49 [debug] : 235.1999969482422 {"0":174,"1":61.19999694824219,"2":15,"3":false}
2026-03-15 23:36:49 [debug] : 235.1999969482422 {"0":298,"1":62.80000305175781,"2":15,"3":false}
2026-03-15 23:36:49 [debug] : 235.1999969482422 {"0":626,"1":390.8000030517578,"2":15,"3":false}
2026-03-15 23:36:49 [debug] : 235.1999969482422 {"0":656,"1":420.8000030517578,"2":15,"3":false}
2026-03-15 23:36:49 [debug] : 235.1999969482422 {"0":780,"1":544.8000030517578,"2":15,"3":false}
2026-03-15 23:36:49 [debug] : 235.1999969482422 {"0":883,"1":647.8000030517578,"2":15,"3":false}
2026-03-15 23:36:49 [debug] : 235.1999969482422 {"0":1222,"1":986.8000030517578,"2":15,"3":false}
2026-03-15 23:36:49 [debug] : 235.1999969482422 {"0":1428,"1":1192.8000030517578,"2":15,"3":false}
2026-03-15 23:36:49 [debug] : 235.1999969482422 {"0":1458,"1":1222.8000030517578,"2":15,"3":false}
2026-03-15 23:36:49 [debug] : 235.1999969482422 {"0":1591,"1":1355.8000030517578,"2":15,"3":false}
2026-03-15 23:36:49 [debug] : 235.1999969482422 {"0":1858,"1":1622.8000030517578,"2":15,"3":false}
2026-03-15 23:36:49 [debug] : 235.1999969482422 {"0":1888,"1":1652.8000030517578,"2":15,"3":false}
2026-03-15 23:36:49 [debug] : 235.1999969482422 {"0":2022,"1":1786.8000030517578,"2":15,"3":false}
2026-03-15 23:36:49 [debug] : 235.1999969482422 {"0":2249,"1":2013.8000030517578,"2":15,"3":false}
2026-03-15 23:36:49 [debug] : 235.1999969482422 {"0":2279,"1":2043.8000030517578,"2":15,"3":false}
2026-03-15 23:36:49 [debug] : 235.1999969482422 {"0":2319,"1":2083.800003051758,"2":15,"3":false}
2026-03-15 23:36:49 [debug] : 235.1999969482422 {"0":2707,"1":2471.800003051758,"2":15,"3":false}
2026-03-15 23:36:49 [debug] : 235.1999969482422 {"0":3082,"1":2846.800003051758,"2":15,"3":false}
2026-03-15 23:36:49 [debug] : 234.39999389648438 {"0":7,"1":227.39999389648438,"2":15,"3":false}
2026-03-15 23:36:49 [debug] : 234.39999389648438 {"0":144,"1":90.39999389648438,"2":15,"3":false}
2026-03-15 23:36:49 [debug] : 234.39999389648438 {"0":174,"1":60.399993896484375,"2":15,"3":false}
2026-03-15 23:36:49 [debug] : 234.39999389648438 {"0":298,"1":63.600006103515625,"2":15,"3":false}
2026-03-15 23:36:49 [debug] : 234.39999389648438 {"0":626,"1":391.6000061035156,"2":15,"3":false}
2026-03-15 23:36:49 [debug] : 234.39999389648438 {"0":656,"1":421.6000061035156,"2":15,"3":false}
2026-03-15 23:36:49 [debug] : 234.39999389648438 {"0":780,"1":545.6000061035156,"2":15,"3":false}
2026-03-15 23:36:49 [debug] : 234.39999389648438 {"0":883,"1":648.6000061035156,"2":15,"3":false}
2026-03-15 23:36:49 [debug] : 234.39999389648438 {"0":1222,"1":987.6000061035156,"2":15,"3":false}
2026-03-15 23:36:49 [debug] : 234.39999389648438 {"0":1428,"1":1193.6000061035156,"2":15,"3":false}
2026-03-15 23:36:49 [debug] : 234.39999389648438 {"0":1458,"1":1223.6000061035156,"2":15,"3":false}
2026-03-15 23:36:49 [debug] : 234.39999389648438 {"0":1591,"1":1356.6000061035156,"2":15,"3":false}
2026-03-15 23:36:49 [debug] : 234.39999389648438 {"0":1858,"1":1623.6000061035156,"2":15,"3":false}
2026-03-15 23:36:49 [debug] : 234.39999389648438 {"0":1888,"1":1653.6000061035156,"2":15,"3":false}
2026-03-15 23:36:49 [debug] : 234.39999389648438 {"0":2022,"1":1787.6000061035156,"2":15,"3":false}
2026-03-15 23:36:49 [debug] : 234.39999389648438 {"0":2249,"1":2014.6000061035156,"2":15,"3":false}
2026-03-15 23:36:49 [debug] : 234.39999389648438 {"0":2279,"1":2044.6000061035156,"2":15,"3":false}
2026-03-15 23:36:49 [debug] : 234.39999389648438 {"0":2319,"1":2084.6000061035156,"2":15,"3":false}
2026-03-15 23:36:49 [debug] : 234.39999389648438 {"0":2707,"1":2472.6000061035156,"2":15,"3":false}
2026-03-15 23:36:49 [debug] : 234.39999389648438 {"0":3082,"1":2847.6000061035156,"2":15,"3":false}
2026-03-15 23:36:49 [debug] : 233.60000610351562 {"0":7,"1":226.60000610351562,"2":15,"3":false}
2026-03-15 23:36:49 [debug] : 233.60000610351562 {"0":144,"1":89.60000610351562,"2":15,"3":false}
2026-03-15 23:36:49 [debug] : 233.60000610351562 {"0":174,"1":59.600006103515625,"2":15,"3":false}
2026-03-15 23:36:49 [debug] : 233.60000610351562 {"0":298,"1":64.39999389648438,"2":15,"3":false}
2026-03-15 23:36:49 [debug] : 233.60000610351562 {"0":626,"1":392.3999938964844,"2":15,"3":false}
2026-03-15 23:36:49 [debug] : 233.60000610351562 {"0":656,"1":422.3999938964844,"2":15,"3":false}
2026-03-15 23:36:49 [debug] : 233.60000610351562 {"0":780,"1":546.3999938964844,"2":15,"3":false}
2026-03-15 23:36:49 [debug] : 233.60000610351562 {"0":883,"1":649.3999938964844,"2":15,"3":false}
2026-03-15 23:36:49 [debug] : 233.60000610351562 {"0":1222,"1":988.3999938964844,"2":15,"3":false}
2026-03-15 23:36:49 [debug] : 233.60000610351562 {"0":1428,"1":1194.3999938964844,"2":15,"3":false}
2026-03-15 23:36:49 [debug] : 233.60000610351562 {"0":1458,"1":1224.3999938964844,"2":15,"3":false}
2026-03-15 23:36:49 [debug] : 233.60000610351562 {"0":1591,"1":1357.3999938964844,"2":15,"3":false}
2026-03-15 23:36:49 [debug] : 233.60000610351562 {"0":1858,"1":1624.3999938964844,"2":15,"3":false}
2026-03-15 23:36:49 [debug] : 233.60000610351562 {"0":1888,"1":1654.3999938964844,"2":15,"3":false}
2026-03-15 23:36:49 [debug] : 233.60000610351562 {"0":2022,"1":1788.3999938964844,"2":15,"3":false}
2026-03-15 23:36:49 [debug] : 233.60000610351562 {"0":2249,"1":2015.3999938964844,"2":15,"3":false}
2026-03-15 23:36:49 [debug] : 233.60000610351562 {"0":2279,"1":2045.3999938964844,"2":15,"3":false}
2026-03-15 23:36:49 [debug] : 233.60000610351562 {"0":2319,"1":2085.3999938964844,"2":15,"3":false}
2026-03-15 23:36:49 [debug] : 233.60000610351562 {"0":2707,"1":2473.3999938964844,"2":15,"3":false}
2026-03-15 23:36:49 [debug] : 233.60000610351562 {"0":3082,"1":2848.3999938964844,"2":15,"3":false}
2026-03-15 23:36:49 [debug] : 232.8000030517578 {"0":7,"1":225.8000030517578,"2":15,"3":false}
2026-03-15 23:36:49 [debug] : 232.8000030517578 {"0":144,"1":88.80000305175781,"2":15,"3":false}
2026-03-15 23:36:49 [debug] : 232.8000030517578 {"0":174,"1":58.80000305175781,"2":15,"3":false}
2026-03-15 23:36:49 [debug] : 232.8000030517578 {"0":298,"1":65.19999694824219,"2":15,"3":false}
2026-03-15 23:36:49 [debug] : 232.8000030517578 {"0":626,"1":393.1999969482422,"2":15,"3":false}
2026-03-15 23:36:49 [debug] : 232.8000030517578 {"0":656,"1":423.1999969482422,"2":15,"3":false}
2026-03-15 23:36:49 [debug] : 232.8000030517578 {"0":780,"1":547.1999969482422,"2":15,"3":false}
2026-03-15 23:36:49 [debug] : 232.8000030517578 {"0":883,"1":650.1999969482422,"2":15,"3":false}
2026-03-15 23:36:49 [debug] : 232.8000030517578 {"0":1222,"1":989.1999969482422,"2":15,"3":false}
2026-03-15 23:36:49 [debug] : 232.8000030517578 {"0":1428,"1":1195.1999969482422,"2":15,"3":false}
2026-03-15 23:36:49 [debug] : 232.8000030517578 {"0":1458,"1":1225.1999969482422,"2":15,"3":false}
2026-03-15 23:36:49 [debug] : 232.8000030517578 {"0":1591,"1":1358.1999969482422,"2":15,"3":false}
2026-03-15 23:36:49 [debug] : 232.8000030517578 {"0":1858,"1":1625.1999969482422,"2":15,"3":false}
2026-03-15 23:36:49 [debug] : 232.8000030517578 {"0":1888,"1":1655.1999969482422,"2":15,"3":false}
2026-03-15 23:36:49 [debug] : 232.8000030517578 {"0":2022,"1":1789.1999969482422,"2":15,"3":false}
2026-03-15 23:36:49 [debug] : 232.8000030517578 {"0":2249,"1":2016.1999969482422,"2":15,"3":false}
2026-03-15 23:36:49 [debug] : 232.8000030517578 {"0":2279,"1":2046.1999969482422,"2":15,"3":false}
2026-03-15 23:36:49 [debug] : 232.8000030517578 {"0":2319,"1":2086.199996948242,"2":15,"3":false}
2026-03-15 23:36:49 [debug] : 232.8000030517578 {"0":2707,"1":2474.199996948242,"2":15,"3":false}
2026-03-15 23:36:49 [debug] : 232.8000030517578 {"0":3082,"1":2849.199996948242,"2":15,"3":false}
2026-03-15 23:36:49 [debug] : 232 {"0":7,"1":225,"2":15,"3":false}
2026-03-15 23:36:49 [debug] : 232 {"0":144,"1":88,"2":15,"3":false}
2026-03-15 23:36:49 [debug] : 232 {"0":174,"1":58,"2":15,"3":false}
2026-03-15 23:36:49 [debug] : 232 {"0":298,"1":66,"2":15,"3":false}
2026-03-15 23:36:49 [debug] : 232 {"0":626,"1":394,"2":15,"3":false}
2026-03-15 23:36:49 [debug] : 232 {"0":656,"1":424,"2":15,"3":false}
2026-03-15 23:36:49 [debug] : 232 {"0":780,"1":548,"2":15,"3":false}
2026-03-15 23:36:49 [debug] : 232 {"0":883,"1":651,"2":15,"3":false}
2026-03-15 23:36:49 [debug] : 232 {"0":1222,"1":990,"2":15,"3":false}
2026-03-15 23:36:49 [debug] : 232 {"0":1428,"1":1196,"2":15,"3":false}
2026-03-15 23:36:49 [debug] : 232 {"0":1458,"1":1226,"2":15,"3":false}
2026-03-15 23:36:49 [debug] : 232 {"0":1591,"1":1359,"2":15,"3":false}
2026-03-15 23:36:49 [debug] : 232 {"0":1858,"1":1626,"2":15,"3":false}
2026-03-15 23:36:49 [debug] : 232 {"0":1888,"1":1656,"2":15,"3":false}
2026-03-15 23:36:49 [debug] : 232 {"0":2022,"1":1790,"2":15,"3":false}
2026-03-15 23:36:49 [debug] : 232 {"0":2249,"1":2017,"2":15,"3":false}
2026-03-15 23:36:49 [debug] : 232 {"0":2279,"1":2047,"2":15,"3":false}
2026-03-15 23:36:49 [debug] : 232 {"0":2319,"1":2087,"2":15,"3":false}
2026-03-15 23:36:49 [debug] : 232 {"0":2707,"1":2475,"2":15,"3":false}
2026-03-15 23:36:49 [debug] : 232 {"0":3082,"1":2850,"2":15,"3":false}
2026-03-15 23:36:49 [debug] : 229.60000610351562 {"0":7,"1":222.60000610351562,"2":15,"3":false}
2026-03-15 23:36:49 [debug] : 229.60000610351562 {"0":144,"1":85.60000610351562,"2":15,"3":false}
2026-03-15 23:36:49 [debug] : 229.60000610351562 {"0":174,"1":55.600006103515625,"2":15,"3":false}
2026-03-15 23:36:49 [debug] : 229.60000610351562 {"0":298,"1":68.39999389648438,"2":15,"3":false}
2026-03-15 23:36:49 [debug] : 229.60000610351562 {"0":626,"1":396.3999938964844,"2":15,"3":false}
2026-03-15 23:36:49 [debug] : 229.60000610351562 {"0":656,"1":426.3999938964844,"2":15,"3":false}
2026-03-15 23:36:49 [debug] : 229.60000610351562 {"0":780,"1":550.3999938964844,"2":15,"3":false}
2026-03-15 23:36:49 [debug] : 229.60000610351562 {"0":883,"1":653.3999938964844,"2":15,"3":false}
2026-03-15 23:36:49 [debug] : 229.60000610351562 {"0":1222,"1":992.3999938964844,"2":15,"3":false}
2026-03-15 23:36:49 [debug] : 229.60000610351562 {"0":1428,"1":1198.3999938964844,"2":15,"3":false}
2026-03-15 23:36:49 [debug] : 229.60000610351562 {"0":1458,"1":1228.3999938964844,"2":15,"3":false}
2026-03-15 23:36:49 [debug] : 229.60000610351562 {"0":1591,"1":1361.3999938964844,"2":15,"3":false}
2026-03-15 23:36:49 [debug] : 229.60000610351562 {"0":1858,"1":1628.3999938964844,"2":15,"3":false}
2026-03-15 23:36:49 [debug] : 229.60000610351562 {"0":1888,"1":1658.3999938964844,"2":15,"3":false}
2026-03-15 23:36:49 [debug] : 229.60000610351562 {"0":2022,"1":1792.3999938964844,"2":15,"3":false}
2026-03-15 23:36:49 [debug] : 229.60000610351562 {"0":2249,"1":2019.3999938964844,"2":15,"3":false}
2026-03-15 23:36:49 [debug] : 229.60000610351562 {"0":2279,"1":2049.3999938964844,"2":15,"3":false}
2026-03-15 23:36:49 [debug] : 229.60000610351562 {"0":2319,"1":2089.3999938964844,"2":15,"3":false}
2026-03-15 23:36:49 [debug] : 229.60000610351562 {"0":2707,"1":2477.3999938964844,"2":15,"3":false}
2026-03-15 23:36:49 [debug] : 229.60000610351562 {"0":3082,"1":2852.3999938964844,"2":15,"3":false}
2026-03-15 23:36:49 [debug] : 209.60000610351562 {"0":7,"1":202.60000610351562,"2":15,"3":false}
2026-03-15 23:36:49 [debug] : 209.60000610351562 {"0":144,"1":65.60000610351562,"2":15,"3":false}
2026-03-15 23:36:49 [debug] : 209.60000610351562 {"0":174,"1":35.600006103515625,"2":15,"3":false}
2026-03-15 23:36:49 [debug] : 209.60000610351562 {"0":298,"1":88.39999389648438,"2":15,"3":false}
2026-03-15 23:36:49 [debug] : 209.60000610351562 {"0":626,"1":416.3999938964844,"2":15,"3":false}
2026-03-15 23:36:49 [debug] : 209.60000610351562 {"0":656,"1":446.3999938964844,"2":15,"3":false}
2026-03-15 23:36:49 [debug] : 209.60000610351562 {"0":780,"1":570.3999938964844,"2":15,"3":false}
2026-03-15 23:36:49 [debug] : 209.60000610351562 {"0":883,"1":673.3999938964844,"2":15,"3":false}
2026-03-15 23:36:49 [debug] : 209.60000610351562 {"0":1222,"1":1012.3999938964844,"2":15,"3":false}
2026-03-15 23:36:49 [debug] : 209.60000610351562 {"0":1428,"1":1218.3999938964844,"2":15,"3":false}
2026-03-15 23:36:49 [debug] : 209.60000610351562 {"0":1458,"1":1248.3999938964844,"2":15,"3":false}
2026-03-15 23:36:49 [debug] : 209.60000610351562 {"0":1591,"1":1381.3999938964844,"2":15,"3":false}
2026-03-15 23:36:49 [debug] : 209.60000610351562 {"0":1858,"1":1648.3999938964844,"2":15,"3":false}
2026-03-15 23:36:49 [debug] : 209.60000610351562 {"0":1888,"1":1678.3999938964844,"2":15,"3":false}
2026-03-15 23:36:49 [debug] : 209.60000610351562 {"0":2022,"1":1812.3999938964844,"2":15,"3":false}
2026-03-15 23:36:49 [debug] : 209.60000610351562 {"0":2249,"1":2039.3999938964844,"2":15,"3":false}
2026-03-15 23:36:49 [debug] : 209.60000610351562 {"0":2279,"1":2069.3999938964844,"2":15,"3":false}
2026-03-15 23:36:49 [debug] : 209.60000610351562 {"0":2319,"1":2109.3999938964844,"2":15,"3":false}
2026-03-15 23:36:49 [debug] : 209.60000610351562 {"0":2707,"1":2497.3999938964844,"2":15,"3":false}
2026-03-15 23:36:49 [debug] : 209.60000610351562 {"0":3082,"1":2872.3999938964844,"2":15,"3":false}
2026-03-15 23:36:49 [debug] : 152.8000030517578 {"0":7,"1":145.8000030517578,"2":15,"3":false}
2026-03-15 23:36:49 [debug] : 152.8000030517578 {"0":144,"1":8.800003051757812,"2":15,"3":true}
2026-03-15 23:36:49 [debug] : SELECTED {"0":"hls-report-section-estimated-quality-of-results::urn:analysis-report/top-517628394/synthesis-1219712035"}
2026-03-15 23:36:49 [debug] : 63.20000076293945 {"0":7,"1":56.20000076293945,"2":15,"3":false}
2026-03-15 23:36:49 [debug] : 63.20000076293945 {"0":144,"1":80.79999923706055,"2":15,"3":false}
2026-03-15 23:36:49 [debug] : 63.20000076293945 {"0":174,"1":110.79999923706055,"2":15,"3":false}
2026-03-15 23:36:49 [debug] : 63.20000076293945 {"0":298,"1":234.79999923706055,"2":15,"3":false}
2026-03-15 23:36:49 [debug] : 63.20000076293945 {"0":626,"1":562.7999992370605,"2":15,"3":false}
2026-03-15 23:36:49 [debug] : 63.20000076293945 {"0":656,"1":592.7999992370605,"2":15,"3":false}
2026-03-15 23:36:49 [debug] : 63.20000076293945 {"0":780,"1":716.7999992370605,"2":15,"3":false}
2026-03-15 23:36:49 [debug] : 63.20000076293945 {"0":883,"1":819.7999992370605,"2":15,"3":false}
2026-03-15 23:36:49 [debug] : 63.20000076293945 {"0":1222,"1":1158.7999992370605,"2":15,"3":false}
2026-03-15 23:36:49 [debug] : 63.20000076293945 {"0":1428,"1":1364.7999992370605,"2":15,"3":false}
2026-03-15 23:36:49 [debug] : 63.20000076293945 {"0":1458,"1":1394.7999992370605,"2":15,"3":false}
2026-03-15 23:36:49 [debug] : 63.20000076293945 {"0":1591,"1":1527.7999992370605,"2":15,"3":false}
2026-03-15 23:36:49 [debug] : 63.20000076293945 {"0":1858,"1":1794.7999992370605,"2":15,"3":false}
2026-03-15 23:36:49 [debug] : 63.20000076293945 {"0":1888,"1":1824.7999992370605,"2":15,"3":false}
2026-03-15 23:36:49 [debug] : 63.20000076293945 {"0":2022,"1":1958.7999992370605,"2":15,"3":false}
2026-03-15 23:36:49 [debug] : 63.20000076293945 {"0":2249,"1":2185.7999992370605,"2":15,"3":false}
2026-03-15 23:36:49 [debug] : 63.20000076293945 {"0":2279,"1":2215.7999992370605,"2":15,"3":false}
2026-03-15 23:36:49 [debug] : 63.20000076293945 {"0":2319,"1":2255.7999992370605,"2":15,"3":false}
2026-03-15 23:36:49 [debug] : 63.20000076293945 {"0":2707,"1":2643.7999992370605,"2":15,"3":false}
2026-03-15 23:36:49 [debug] : 63.20000076293945 {"0":3082,"1":3018.7999992370605,"2":15,"3":false}
2026-03-15 23:36:49 [debug] : 5.599999904632568 {"0":7,"1":1.4000000953674316,"2":15,"3":true}
2026-03-15 23:36:49 [debug] : SELECTED {"0":"hls-report-section-general-information::urn:analysis-report/top-517628394/synthesis-1219712035"}
2026-03-15 23:36:49 [debug] : SELECTED {"0":"hls-report-section-general-information::urn:analysis-report/top-517628394/synthesis-1219712035"}
2026-03-15 23:36:50 [debug] : 0.800000011920929 {"0":7,"1":6.199999988079071,"2":15,"3":true}
2026-03-15 23:36:50 [debug] : SELECTED {"0":"hls-report-section-general-information::urn:analysis-report/top-517628394/synthesis-1219712035"}
2026-03-15 23:36:50 [debug] : 1.600000023841858 {"0":7,"1":5.399999976158142,"2":15,"3":true}
2026-03-15 23:36:50 [debug] : SELECTED {"0":"hls-report-section-general-information::urn:analysis-report/top-517628394/synthesis-1219712035"}
2026-03-15 23:36:50 [debug] : 6.400000095367432 {"0":7,"1":0.5999999046325684,"2":15,"3":true}
2026-03-15 23:36:50 [debug] : SELECTED {"0":"hls-report-section-general-information::urn:analysis-report/top-517628394/synthesis-1219712035"}
2026-03-15 23:36:50 [debug] : 12 {"0":7,"1":5,"2":15,"3":true}
2026-03-15 23:36:50 [debug] : SELECTED {"0":"hls-report-section-general-information::urn:analysis-report/top-517628394/synthesis-1219712035"}
2026-03-15 23:36:50 [debug] : 20.799999237060547 {"0":7,"1":13.799999237060547,"2":15,"3":true}
2026-03-15 23:36:50 [debug] : SELECTED {"0":"hls-report-section-general-information::urn:analysis-report/top-517628394/synthesis-1219712035"}
2026-03-15 23:36:50 [debug] : 31.200000762939453 {"0":7,"1":24.200000762939453,"2":15,"3":false}
2026-03-15 23:36:50 [debug] : 31.200000762939453 {"0":144,"1":112.79999923706055,"2":15,"3":false}
2026-03-15 23:36:50 [debug] : 31.200000762939453 {"0":174,"1":142.79999923706055,"2":15,"3":false}
2026-03-15 23:36:50 [debug] : 31.200000762939453 {"0":298,"1":266.79999923706055,"2":15,"3":false}
2026-03-15 23:36:50 [debug] : 31.200000762939453 {"0":626,"1":594.7999992370605,"2":15,"3":false}
2026-03-15 23:36:50 [debug] : 31.200000762939453 {"0":656,"1":624.7999992370605,"2":15,"3":false}
2026-03-15 23:36:50 [debug] : 31.200000762939453 {"0":780,"1":748.7999992370605,"2":15,"3":false}
2026-03-15 23:36:50 [debug] : 31.200000762939453 {"0":883,"1":851.7999992370605,"2":15,"3":false}
2026-03-15 23:36:50 [debug] : 31.200000762939453 {"0":1222,"1":1190.7999992370605,"2":15,"3":false}
2026-03-15 23:36:50 [debug] : 31.200000762939453 {"0":1428,"1":1396.7999992370605,"2":15,"3":false}
2026-03-15 23:36:50 [debug] : 31.200000762939453 {"0":1458,"1":1426.7999992370605,"2":15,"3":false}
2026-03-15 23:36:50 [debug] : 31.200000762939453 {"0":1591,"1":1559.7999992370605,"2":15,"3":false}
2026-03-15 23:36:50 [debug] : 31.200000762939453 {"0":1858,"1":1826.7999992370605,"2":15,"3":false}
2026-03-15 23:36:50 [debug] : 31.200000762939453 {"0":1888,"1":1856.7999992370605,"2":15,"3":false}
2026-03-15 23:36:50 [debug] : 31.200000762939453 {"0":2022,"1":1990.7999992370605,"2":15,"3":false}
2026-03-15 23:36:50 [debug] : 31.200000762939453 {"0":2249,"1":2217.7999992370605,"2":15,"3":false}
2026-03-15 23:36:50 [debug] : 31.200000762939453 {"0":2279,"1":2247.7999992370605,"2":15,"3":false}
2026-03-15 23:36:50 [debug] : 31.200000762939453 {"0":2319,"1":2287.7999992370605,"2":15,"3":false}
2026-03-15 23:36:50 [debug] : 31.200000762939453 {"0":2707,"1":2675.7999992370605,"2":15,"3":false}
2026-03-15 23:36:50 [debug] : 31.200000762939453 {"0":3082,"1":3050.7999992370605,"2":15,"3":false}
2026-03-15 23:36:51 [debug] : 47.20000076293945 {"0":7,"1":40.20000076293945,"2":15,"3":false}
2026-03-15 23:36:51 [debug] : 47.20000076293945 {"0":144,"1":96.79999923706055,"2":15,"3":false}
2026-03-15 23:36:51 [debug] : 47.20000076293945 {"0":174,"1":126.79999923706055,"2":15,"3":false}
2026-03-15 23:36:51 [debug] : 47.20000076293945 {"0":298,"1":250.79999923706055,"2":15,"3":false}
2026-03-15 23:36:51 [debug] : 47.20000076293945 {"0":626,"1":578.7999992370605,"2":15,"3":false}
2026-03-15 23:36:51 [debug] : 47.20000076293945 {"0":656,"1":608.7999992370605,"2":15,"3":false}
2026-03-15 23:36:51 [debug] : 47.20000076293945 {"0":780,"1":732.7999992370605,"2":15,"3":false}
2026-03-15 23:36:51 [debug] : 47.20000076293945 {"0":883,"1":835.7999992370605,"2":15,"3":false}
2026-03-15 23:36:51 [debug] : 47.20000076293945 {"0":1222,"1":1174.7999992370605,"2":15,"3":false}
2026-03-15 23:36:51 [debug] : 47.20000076293945 {"0":1428,"1":1380.7999992370605,"2":15,"3":false}
2026-03-15 23:36:51 [debug] : 47.20000076293945 {"0":1458,"1":1410.7999992370605,"2":15,"3":false}
2026-03-15 23:36:51 [debug] : 47.20000076293945 {"0":1591,"1":1543.7999992370605,"2":15,"3":false}
2026-03-15 23:36:51 [debug] : 47.20000076293945 {"0":1858,"1":1810.7999992370605,"2":15,"3":false}
2026-03-15 23:36:51 [debug] : 47.20000076293945 {"0":1888,"1":1840.7999992370605,"2":15,"3":false}
2026-03-15 23:36:51 [debug] : 47.20000076293945 {"0":2022,"1":1974.7999992370605,"2":15,"3":false}
2026-03-15 23:36:51 [debug] : 47.20000076293945 {"0":2249,"1":2201.7999992370605,"2":15,"3":false}
2026-03-15 23:36:51 [debug] : 47.20000076293945 {"0":2279,"1":2231.7999992370605,"2":15,"3":false}
2026-03-15 23:36:51 [debug] : 47.20000076293945 {"0":2319,"1":2271.7999992370605,"2":15,"3":false}
2026-03-15 23:36:51 [debug] : 47.20000076293945 {"0":2707,"1":2659.7999992370605,"2":15,"3":false}
2026-03-15 23:36:51 [debug] : 47.20000076293945 {"0":3082,"1":3034.7999992370605,"2":15,"3":false}
2026-03-15 23:36:51 [debug] : 61.599998474121094 {"0":7,"1":54.599998474121094,"2":15,"3":false}
2026-03-15 23:36:51 [debug] : 61.599998474121094 {"0":144,"1":82.4000015258789,"2":15,"3":false}
2026-03-15 23:36:51 [debug] : 61.599998474121094 {"0":174,"1":112.4000015258789,"2":15,"3":false}
2026-03-15 23:36:51 [debug] : 61.599998474121094 {"0":298,"1":236.4000015258789,"2":15,"3":false}
2026-03-15 23:36:51 [debug] : 61.599998474121094 {"0":626,"1":564.4000015258789,"2":15,"3":false}
2026-03-15 23:36:51 [debug] : 61.599998474121094 {"0":656,"1":594.4000015258789,"2":15,"3":false}
2026-03-15 23:36:51 [debug] : 61.599998474121094 {"0":780,"1":718.4000015258789,"2":15,"3":false}
2026-03-15 23:36:51 [debug] : 61.599998474121094 {"0":883,"1":821.4000015258789,"2":15,"3":false}
2026-03-15 23:36:51 [debug] : 61.599998474121094 {"0":1222,"1":1160.400001525879,"2":15,"3":false}
2026-03-15 23:36:51 [debug] : 61.599998474121094 {"0":1428,"1":1366.400001525879,"2":15,"3":false}
2026-03-15 23:36:51 [debug] : 61.599998474121094 {"0":1458,"1":1396.400001525879,"2":15,"3":false}
2026-03-15 23:36:51 [debug] : 61.599998474121094 {"0":1591,"1":1529.400001525879,"2":15,"3":false}
2026-03-15 23:36:51 [debug] : 61.599998474121094 {"0":1858,"1":1796.400001525879,"2":15,"3":false}
2026-03-15 23:36:51 [debug] : 61.599998474121094 {"0":1888,"1":1826.400001525879,"2":15,"3":false}
2026-03-15 23:36:51 [debug] : 61.599998474121094 {"0":2022,"1":1960.400001525879,"2":15,"3":false}
2026-03-15 23:36:51 [debug] : 61.599998474121094 {"0":2249,"1":2187.400001525879,"2":15,"3":false}
2026-03-15 23:36:51 [debug] : 61.599998474121094 {"0":2279,"1":2217.400001525879,"2":15,"3":false}
2026-03-15 23:36:51 [debug] : 61.599998474121094 {"0":2319,"1":2257.400001525879,"2":15,"3":false}
2026-03-15 23:36:51 [debug] : 61.599998474121094 {"0":2707,"1":2645.400001525879,"2":15,"3":false}
2026-03-15 23:36:51 [debug] : 61.599998474121094 {"0":3082,"1":3020.400001525879,"2":15,"3":false}
2026-03-15 23:36:51 [debug] : 72 {"0":7,"1":65,"2":15,"3":false}
2026-03-15 23:36:51 [debug] : 72 {"0":144,"1":72,"2":15,"3":false}
2026-03-15 23:36:51 [debug] : 72 {"0":174,"1":102,"2":15,"3":false}
2026-03-15 23:36:51 [debug] : 72 {"0":298,"1":226,"2":15,"3":false}
2026-03-15 23:36:51 [debug] : 72 {"0":626,"1":554,"2":15,"3":false}
2026-03-15 23:36:51 [debug] : 72 {"0":656,"1":584,"2":15,"3":false}
2026-03-15 23:36:51 [debug] : 72 {"0":780,"1":708,"2":15,"3":false}
2026-03-15 23:36:51 [debug] : 72 {"0":883,"1":811,"2":15,"3":false}
2026-03-15 23:36:51 [debug] : 72 {"0":1222,"1":1150,"2":15,"3":false}
2026-03-15 23:36:51 [debug] : 72 {"0":1428,"1":1356,"2":15,"3":false}
2026-03-15 23:36:51 [debug] : 72 {"0":1458,"1":1386,"2":15,"3":false}
2026-03-15 23:36:51 [debug] : 72 {"0":1591,"1":1519,"2":15,"3":false}
2026-03-15 23:36:51 [debug] : 72 {"0":1858,"1":1786,"2":15,"3":false}
2026-03-15 23:36:51 [debug] : 72 {"0":1888,"1":1816,"2":15,"3":false}
2026-03-15 23:36:51 [debug] : 72 {"0":2022,"1":1950,"2":15,"3":false}
2026-03-15 23:36:51 [debug] : 72 {"0":2249,"1":2177,"2":15,"3":false}
2026-03-15 23:36:51 [debug] : 72 {"0":2279,"1":2207,"2":15,"3":false}
2026-03-15 23:36:51 [debug] : 72 {"0":2319,"1":2247,"2":15,"3":false}
2026-03-15 23:36:51 [debug] : 72 {"0":2707,"1":2635,"2":15,"3":false}
2026-03-15 23:36:51 [debug] : 72 {"0":3082,"1":3010,"2":15,"3":false}
2026-03-15 23:36:51 [debug] : 88.80000305175781 {"0":7,"1":81.80000305175781,"2":15,"3":false}
2026-03-15 23:36:51 [debug] : 88.80000305175781 {"0":144,"1":55.19999694824219,"2":15,"3":false}
2026-03-15 23:36:51 [debug] : 88.80000305175781 {"0":174,"1":85.19999694824219,"2":15,"3":false}
2026-03-15 23:36:51 [debug] : 88.80000305175781 {"0":298,"1":209.1999969482422,"2":15,"3":false}
2026-03-15 23:36:51 [debug] : 88.80000305175781 {"0":626,"1":537.1999969482422,"2":15,"3":false}
2026-03-15 23:36:51 [debug] : 88.80000305175781 {"0":656,"1":567.1999969482422,"2":15,"3":false}
2026-03-15 23:36:51 [debug] : 88.80000305175781 {"0":780,"1":691.1999969482422,"2":15,"3":false}
2026-03-15 23:36:51 [debug] : 88.80000305175781 {"0":883,"1":794.1999969482422,"2":15,"3":false}
2026-03-15 23:36:51 [debug] : 88.80000305175781 {"0":1222,"1":1133.1999969482422,"2":15,"3":false}
2026-03-15 23:36:51 [debug] : 88.80000305175781 {"0":1428,"1":1339.1999969482422,"2":15,"3":false}
2026-03-15 23:36:51 [debug] : 88.80000305175781 {"0":1458,"1":1369.1999969482422,"2":15,"3":false}
2026-03-15 23:36:51 [debug] : 88.80000305175781 {"0":1591,"1":1502.1999969482422,"2":15,"3":false}
2026-03-15 23:36:51 [debug] : 88.80000305175781 {"0":1858,"1":1769.1999969482422,"2":15,"3":false}
2026-03-15 23:36:51 [debug] : 88.80000305175781 {"0":1888,"1":1799.1999969482422,"2":15,"3":false}
2026-03-15 23:36:51 [debug] : 88.80000305175781 {"0":2022,"1":1933.1999969482422,"2":15,"3":false}
2026-03-15 23:36:51 [debug] : 88.80000305175781 {"0":2249,"1":2160.199996948242,"2":15,"3":false}
2026-03-15 23:36:51 [debug] : 88.80000305175781 {"0":2279,"1":2190.199996948242,"2":15,"3":false}
2026-03-15 23:36:51 [debug] : 88.80000305175781 {"0":2319,"1":2230.199996948242,"2":15,"3":false}
2026-03-15 23:36:51 [debug] : 88.80000305175781 {"0":2707,"1":2618.199996948242,"2":15,"3":false}
2026-03-15 23:36:51 [debug] : 88.80000305175781 {"0":3082,"1":2993.199996948242,"2":15,"3":false}
2026-03-15 23:36:51 [debug] : 104.80000305175781 {"0":7,"1":97.80000305175781,"2":15,"3":false}
2026-03-15 23:36:51 [debug] : 104.80000305175781 {"0":144,"1":39.19999694824219,"2":15,"3":false}
2026-03-15 23:36:51 [debug] : 104.80000305175781 {"0":174,"1":69.19999694824219,"2":15,"3":false}
2026-03-15 23:36:51 [debug] : 104.80000305175781 {"0":298,"1":193.1999969482422,"2":15,"3":false}
2026-03-15 23:36:51 [debug] : 104.80000305175781 {"0":626,"1":521.1999969482422,"2":15,"3":false}
2026-03-15 23:36:51 [debug] : 104.80000305175781 {"0":656,"1":551.1999969482422,"2":15,"3":false}
2026-03-15 23:36:51 [debug] : 104.80000305175781 {"0":780,"1":675.1999969482422,"2":15,"3":false}
2026-03-15 23:36:51 [debug] : 104.80000305175781 {"0":883,"1":778.1999969482422,"2":15,"3":false}
2026-03-15 23:36:51 [debug] : 104.80000305175781 {"0":1222,"1":1117.1999969482422,"2":15,"3":false}
2026-03-15 23:36:51 [debug] : 104.80000305175781 {"0":1428,"1":1323.1999969482422,"2":15,"3":false}
2026-03-15 23:36:51 [debug] : 104.80000305175781 {"0":1458,"1":1353.1999969482422,"2":15,"3":false}
2026-03-15 23:36:51 [debug] : 104.80000305175781 {"0":1591,"1":1486.1999969482422,"2":15,"3":false}
2026-03-15 23:36:51 [debug] : 104.80000305175781 {"0":1858,"1":1753.1999969482422,"2":15,"3":false}
2026-03-15 23:36:51 [debug] : 104.80000305175781 {"0":1888,"1":1783.1999969482422,"2":15,"3":false}
2026-03-15 23:36:51 [debug] : 104.80000305175781 {"0":2022,"1":1917.1999969482422,"2":15,"3":false}
2026-03-15 23:36:51 [debug] : 104.80000305175781 {"0":2249,"1":2144.199996948242,"2":15,"3":false}
2026-03-15 23:36:51 [debug] : 104.80000305175781 {"0":2279,"1":2174.199996948242,"2":15,"3":false}
2026-03-15 23:36:51 [debug] : 104.80000305175781 {"0":2319,"1":2214.199996948242,"2":15,"3":false}
2026-03-15 23:36:51 [debug] : 104.80000305175781 {"0":2707,"1":2602.199996948242,"2":15,"3":false}
2026-03-15 23:36:51 [debug] : 104.80000305175781 {"0":3082,"1":2977.199996948242,"2":15,"3":false}
2026-03-15 23:36:51 [debug] : 117.5999984741211 {"0":7,"1":110.5999984741211,"2":15,"3":false}
2026-03-15 23:36:51 [debug] : 117.5999984741211 {"0":144,"1":26.400001525878906,"2":15,"3":false}
2026-03-15 23:36:51 [debug] : 117.5999984741211 {"0":174,"1":56.400001525878906,"2":15,"3":false}
2026-03-15 23:36:51 [debug] : 117.5999984741211 {"0":298,"1":180.4000015258789,"2":15,"3":false}
2026-03-15 23:36:51 [debug] : 117.5999984741211 {"0":626,"1":508.4000015258789,"2":15,"3":false}
2026-03-15 23:36:51 [debug] : 117.5999984741211 {"0":656,"1":538.4000015258789,"2":15,"3":false}
2026-03-15 23:36:51 [debug] : 117.5999984741211 {"0":780,"1":662.4000015258789,"2":15,"3":false}
2026-03-15 23:36:51 [debug] : 117.5999984741211 {"0":883,"1":765.4000015258789,"2":15,"3":false}
2026-03-15 23:36:51 [debug] : 117.5999984741211 {"0":1222,"1":1104.400001525879,"2":15,"3":false}
2026-03-15 23:36:51 [debug] : 117.5999984741211 {"0":1428,"1":1310.400001525879,"2":15,"3":false}
2026-03-15 23:36:51 [debug] : 117.5999984741211 {"0":1458,"1":1340.400001525879,"2":15,"3":false}
2026-03-15 23:36:51 [debug] : 117.5999984741211 {"0":1591,"1":1473.400001525879,"2":15,"3":false}
2026-03-15 23:36:51 [debug] : 117.5999984741211 {"0":1858,"1":1740.400001525879,"2":15,"3":false}
2026-03-15 23:36:51 [debug] : 117.5999984741211 {"0":1888,"1":1770.400001525879,"2":15,"3":false}
2026-03-15 23:36:51 [debug] : 117.5999984741211 {"0":2022,"1":1904.400001525879,"2":15,"3":false}
2026-03-15 23:36:51 [debug] : 117.5999984741211 {"0":2249,"1":2131.400001525879,"2":15,"3":false}
2026-03-15 23:36:51 [debug] : 117.5999984741211 {"0":2279,"1":2161.400001525879,"2":15,"3":false}
2026-03-15 23:36:51 [debug] : 117.5999984741211 {"0":2319,"1":2201.400001525879,"2":15,"3":false}
2026-03-15 23:36:51 [debug] : 117.5999984741211 {"0":2707,"1":2589.400001525879,"2":15,"3":false}
2026-03-15 23:36:51 [debug] : 117.5999984741211 {"0":3082,"1":2964.400001525879,"2":15,"3":false}
2026-03-15 23:36:51 [debug] : 127.19999694824219 {"0":7,"1":120.19999694824219,"2":15,"3":false}
2026-03-15 23:36:51 [debug] : 127.19999694824219 {"0":144,"1":16.800003051757812,"2":15,"3":false}
2026-03-15 23:36:51 [debug] : 127.19999694824219 {"0":174,"1":46.80000305175781,"2":15,"3":false}
2026-03-15 23:36:51 [debug] : 127.19999694824219 {"0":298,"1":170.8000030517578,"2":15,"3":false}
2026-03-15 23:36:51 [debug] : 127.19999694824219 {"0":626,"1":498.8000030517578,"2":15,"3":false}
2026-03-15 23:36:51 [debug] : 127.19999694824219 {"0":656,"1":528.8000030517578,"2":15,"3":false}
2026-03-15 23:36:51 [debug] : 127.19999694824219 {"0":780,"1":652.8000030517578,"2":15,"3":false}
2026-03-15 23:36:51 [debug] : 127.19999694824219 {"0":883,"1":755.8000030517578,"2":15,"3":false}
2026-03-15 23:36:51 [debug] : 127.19999694824219 {"0":1222,"1":1094.8000030517578,"2":15,"3":false}
2026-03-15 23:36:51 [debug] : 127.19999694824219 {"0":1428,"1":1300.8000030517578,"2":15,"3":false}
2026-03-15 23:36:51 [debug] : 127.19999694824219 {"0":1458,"1":1330.8000030517578,"2":15,"3":false}
2026-03-15 23:36:51 [debug] : 127.19999694824219 {"0":1591,"1":1463.8000030517578,"2":15,"3":false}
2026-03-15 23:36:51 [debug] : 127.19999694824219 {"0":1858,"1":1730.8000030517578,"2":15,"3":false}
2026-03-15 23:36:51 [debug] : 127.19999694824219 {"0":1888,"1":1760.8000030517578,"2":15,"3":false}
2026-03-15 23:36:51 [debug] : 127.19999694824219 {"0":2022,"1":1894.8000030517578,"2":15,"3":false}
2026-03-15 23:36:51 [debug] : 127.19999694824219 {"0":2249,"1":2121.800003051758,"2":15,"3":false}
2026-03-15 23:36:51 [debug] : 127.19999694824219 {"0":2279,"1":2151.800003051758,"2":15,"3":false}
2026-03-15 23:36:51 [debug] : 127.19999694824219 {"0":2319,"1":2191.800003051758,"2":15,"3":false}
2026-03-15 23:36:51 [debug] : 127.19999694824219 {"0":2707,"1":2579.800003051758,"2":15,"3":false}
2026-03-15 23:36:51 [debug] : 127.19999694824219 {"0":3082,"1":2954.800003051758,"2":15,"3":false}
2026-03-15 23:36:51 [debug] : 132 {"0":7,"1":125,"2":15,"3":false}
2026-03-15 23:36:51 [debug] : 132 {"0":144,"1":12,"2":15,"3":true}
2026-03-15 23:36:51 [debug] : SELECTED {"0":"hls-report-section-estimated-quality-of-results::urn:analysis-report/top-517628394/synthesis-1219712035"}
2026-03-15 23:36:51 [debug] : 133.60000610351562 {"0":7,"1":126.60000610351562,"2":15,"3":false}
2026-03-15 23:36:51 [debug] : 133.60000610351562 {"0":144,"1":10.399993896484375,"2":15,"3":true}
2026-03-15 23:36:51 [debug] : SELECTED {"0":"hls-report-section-estimated-quality-of-results::urn:analysis-report/top-517628394/synthesis-1219712035"}
2026-03-15 23:36:51 [debug] : 134.39999389648438 {"0":7,"1":127.39999389648438,"2":15,"3":false}
2026-03-15 23:36:51 [debug] : 134.39999389648438 {"0":144,"1":9.600006103515625,"2":15,"3":true}
2026-03-15 23:36:51 [debug] : SELECTED {"0":"hls-report-section-estimated-quality-of-results::urn:analysis-report/top-517628394/synthesis-1219712035"}
2026-03-15 23:36:51 [debug] : 135.1999969482422 {"0":7,"1":128.1999969482422,"2":15,"3":false}
2026-03-15 23:36:51 [debug] : 135.1999969482422 {"0":144,"1":8.800003051757812,"2":15,"3":true}
2026-03-15 23:36:51 [debug] : SELECTED {"0":"hls-report-section-estimated-quality-of-results::urn:analysis-report/top-517628394/synthesis-1219712035"}
2026-03-15 23:36:51 [debug] : 136 {"0":7,"1":129,"2":15,"3":false}
2026-03-15 23:36:51 [debug] : 136 {"0":144,"1":8,"2":15,"3":true}
2026-03-15 23:36:51 [debug] : SELECTED {"0":"hls-report-section-estimated-quality-of-results::urn:analysis-report/top-517628394/synthesis-1219712035"}
2026-03-15 23:36:51 [debug] : 136.8000030517578 {"0":7,"1":129.8000030517578,"2":15,"3":false}
2026-03-15 23:36:51 [debug] : 136.8000030517578 {"0":144,"1":7.1999969482421875,"2":15,"3":true}
2026-03-15 23:36:51 [debug] : SELECTED {"0":"hls-report-section-estimated-quality-of-results::urn:analysis-report/top-517628394/synthesis-1219712035"}
2026-03-15 23:36:51 [debug] : 137.60000610351562 {"0":7,"1":130.60000610351562,"2":15,"3":false}
2026-03-15 23:36:51 [debug] : 137.60000610351562 {"0":144,"1":6.399993896484375,"2":15,"3":true}
2026-03-15 23:36:51 [debug] : SELECTED {"0":"hls-report-section-estimated-quality-of-results::urn:analysis-report/top-517628394/synthesis-1219712035"}
2026-03-15 23:36:51 [debug] : 138.39999389648438 {"0":7,"1":131.39999389648438,"2":15,"3":false}
2026-03-15 23:36:51 [debug] : 138.39999389648438 {"0":144,"1":5.600006103515625,"2":15,"3":true}
2026-03-15 23:36:51 [debug] : SELECTED {"0":"hls-report-section-estimated-quality-of-results::urn:analysis-report/top-517628394/synthesis-1219712035"}
2026-03-15 23:36:51 [debug] : 139.1999969482422 {"0":7,"1":132.1999969482422,"2":15,"3":false}
2026-03-15 23:36:51 [debug] : 139.1999969482422 {"0":144,"1":4.8000030517578125,"2":15,"3":true}
2026-03-15 23:36:51 [debug] : SELECTED {"0":"hls-report-section-estimated-quality-of-results::urn:analysis-report/top-517628394/synthesis-1219712035"}
2026-03-15 23:36:52 [debug] : 140 {"0":7,"1":133,"2":15,"3":false}
2026-03-15 23:36:52 [debug] : 140 {"0":144,"1":4,"2":15,"3":true}
2026-03-15 23:36:52 [debug] : SELECTED {"0":"hls-report-section-estimated-quality-of-results::urn:analysis-report/top-517628394/synthesis-1219712035"}
2026-03-15 23:36:52 [debug] : 140.8000030517578 {"0":7,"1":133.8000030517578,"2":15,"3":false}
2026-03-15 23:36:52 [debug] : 140.8000030517578 {"0":144,"1":3.1999969482421875,"2":15,"3":true}
2026-03-15 23:36:52 [debug] : SELECTED {"0":"hls-report-section-estimated-quality-of-results::urn:analysis-report/top-517628394/synthesis-1219712035"}
2026-03-15 23:36:52 [debug] : 152.8000030517578 {"0":7,"1":145.8000030517578,"2":15,"3":false}
2026-03-15 23:36:52 [debug] : 152.8000030517578 {"0":144,"1":8.800003051757812,"2":15,"3":true}
2026-03-15 23:36:52 [debug] : SELECTED {"0":"hls-report-section-estimated-quality-of-results::urn:analysis-report/top-517628394/synthesis-1219712035"}
2026-03-15 23:36:52 [debug] : 191.1999969482422 {"0":7,"1":184.1999969482422,"2":15,"3":false}
2026-03-15 23:36:52 [debug] : 191.1999969482422 {"0":144,"1":47.19999694824219,"2":15,"3":false}
2026-03-15 23:36:52 [debug] : 191.1999969482422 {"0":174,"1":17.199996948242188,"2":15,"3":false}
2026-03-15 23:36:52 [debug] : 191.1999969482422 {"0":298,"1":106.80000305175781,"2":15,"3":false}
2026-03-15 23:36:52 [debug] : 191.1999969482422 {"0":626,"1":434.8000030517578,"2":15,"3":false}
2026-03-15 23:36:52 [debug] : 191.1999969482422 {"0":656,"1":464.8000030517578,"2":15,"3":false}
2026-03-15 23:36:52 [debug] : 191.1999969482422 {"0":780,"1":588.8000030517578,"2":15,"3":false}
2026-03-15 23:36:52 [debug] : 191.1999969482422 {"0":883,"1":691.8000030517578,"2":15,"3":false}
2026-03-15 23:36:52 [debug] : 191.1999969482422 {"0":1222,"1":1030.8000030517578,"2":15,"3":false}
2026-03-15 23:36:52 [debug] : 191.1999969482422 {"0":1428,"1":1236.8000030517578,"2":15,"3":false}
2026-03-15 23:36:52 [debug] : 191.1999969482422 {"0":1458,"1":1266.8000030517578,"2":15,"3":false}
2026-03-15 23:36:52 [debug] : 191.1999969482422 {"0":1591,"1":1399.8000030517578,"2":15,"3":false}
2026-03-15 23:36:52 [debug] : 191.1999969482422 {"0":1858,"1":1666.8000030517578,"2":15,"3":false}
2026-03-15 23:36:52 [debug] : 191.1999969482422 {"0":1888,"1":1696.8000030517578,"2":15,"3":false}
2026-03-15 23:36:52 [debug] : 191.1999969482422 {"0":2022,"1":1830.8000030517578,"2":15,"3":false}
2026-03-15 23:36:52 [debug] : 191.1999969482422 {"0":2249,"1":2057.800003051758,"2":15,"3":false}
2026-03-15 23:36:52 [debug] : 191.1999969482422 {"0":2279,"1":2087.800003051758,"2":15,"3":false}
2026-03-15 23:36:52 [debug] : 191.1999969482422 {"0":2319,"1":2127.800003051758,"2":15,"3":false}
2026-03-15 23:36:52 [debug] : 191.1999969482422 {"0":2707,"1":2515.800003051758,"2":15,"3":false}
2026-03-15 23:36:52 [debug] : 191.1999969482422 {"0":3082,"1":2890.800003051758,"2":15,"3":false}
2026-03-15 23:36:52 [debug] : 335.20001220703125 {"0":7,"1":328.20001220703125,"2":15,"3":false}
2026-03-15 23:36:52 [debug] : 335.20001220703125 {"0":144,"1":191.20001220703125,"2":15,"3":false}
2026-03-15 23:36:52 [debug] : 335.20001220703125 {"0":174,"1":161.20001220703125,"2":15,"3":false}
2026-03-15 23:36:52 [debug] : 335.20001220703125 {"0":298,"1":37.20001220703125,"2":15,"3":false}
2026-03-15 23:36:52 [debug] : 335.20001220703125 {"0":626,"1":290.79998779296875,"2":15,"3":false}
2026-03-15 23:36:52 [debug] : 335.20001220703125 {"0":656,"1":320.79998779296875,"2":15,"3":false}
2026-03-15 23:36:52 [debug] : 335.20001220703125 {"0":780,"1":444.79998779296875,"2":15,"3":false}
2026-03-15 23:36:52 [debug] : 335.20001220703125 {"0":883,"1":547.7999877929688,"2":15,"3":false}
2026-03-15 23:36:52 [debug] : 335.20001220703125 {"0":1222,"1":886.7999877929688,"2":15,"3":false}
2026-03-15 23:36:52 [debug] : 335.20001220703125 {"0":1428,"1":1092.7999877929688,"2":15,"3":false}
2026-03-15 23:36:52 [debug] : 335.20001220703125 {"0":1458,"1":1122.7999877929688,"2":15,"3":false}
2026-03-15 23:36:52 [debug] : 335.20001220703125 {"0":1591,"1":1255.7999877929688,"2":15,"3":false}
2026-03-15 23:36:52 [debug] : 335.20001220703125 {"0":1858,"1":1522.7999877929688,"2":15,"3":false}
2026-03-15 23:36:52 [debug] : 335.20001220703125 {"0":1888,"1":1552.7999877929688,"2":15,"3":false}
2026-03-15 23:36:52 [debug] : 335.20001220703125 {"0":2022,"1":1686.7999877929688,"2":15,"3":false}
2026-03-15 23:36:52 [debug] : 335.20001220703125 {"0":2249,"1":1913.7999877929688,"2":15,"3":false}
2026-03-15 23:36:52 [debug] : 335.20001220703125 {"0":2279,"1":1943.7999877929688,"2":15,"3":false}
2026-03-15 23:36:52 [debug] : 335.20001220703125 {"0":2319,"1":1983.7999877929688,"2":15,"3":false}
2026-03-15 23:36:52 [debug] : 335.20001220703125 {"0":2707,"1":2371.7999877929688,"2":15,"3":false}
2026-03-15 23:36:52 [debug] : 335.20001220703125 {"0":3082,"1":2746.7999877929688,"2":15,"3":false}
2026-03-15 23:36:52 [debug] : 502.3999938964844 {"0":7,"1":495.3999938964844,"2":15,"3":false}
2026-03-15 23:36:52 [debug] : 502.3999938964844 {"0":144,"1":358.3999938964844,"2":15,"3":false}
2026-03-15 23:36:52 [debug] : 502.3999938964844 {"0":174,"1":328.3999938964844,"2":15,"3":false}
2026-03-15 23:36:52 [debug] : 502.3999938964844 {"0":298,"1":204.39999389648438,"2":15,"3":false}
2026-03-15 23:36:52 [debug] : 502.3999938964844 {"0":626,"1":123.60000610351562,"2":15,"3":false}
2026-03-15 23:36:52 [debug] : 502.3999938964844 {"0":656,"1":153.60000610351562,"2":15,"3":false}
2026-03-15 23:36:52 [debug] : 502.3999938964844 {"0":780,"1":277.6000061035156,"2":15,"3":false}
2026-03-15 23:36:52 [debug] : 502.3999938964844 {"0":883,"1":380.6000061035156,"2":15,"3":false}
2026-03-15 23:36:52 [debug] : 502.3999938964844 {"0":1222,"1":719.6000061035156,"2":15,"3":false}
2026-03-15 23:36:52 [debug] : 502.3999938964844 {"0":1428,"1":925.6000061035156,"2":15,"3":false}
2026-03-15 23:36:52 [debug] : 502.3999938964844 {"0":1458,"1":955.6000061035156,"2":15,"3":false}
2026-03-15 23:36:52 [debug] : 502.3999938964844 {"0":1591,"1":1088.6000061035156,"2":15,"3":false}
2026-03-15 23:36:52 [debug] : 502.3999938964844 {"0":1858,"1":1355.6000061035156,"2":15,"3":false}
2026-03-15 23:36:52 [debug] : 502.3999938964844 {"0":1888,"1":1385.6000061035156,"2":15,"3":false}
2026-03-15 23:36:52 [debug] : 502.3999938964844 {"0":2022,"1":1519.6000061035156,"2":15,"3":false}
2026-03-15 23:36:52 [debug] : 502.3999938964844 {"0":2249,"1":1746.6000061035156,"2":15,"3":false}
2026-03-15 23:36:52 [debug] : 502.3999938964844 {"0":2279,"1":1776.6000061035156,"2":15,"3":false}
2026-03-15 23:36:52 [debug] : 502.3999938964844 {"0":2319,"1":1816.6000061035156,"2":15,"3":false}
2026-03-15 23:36:52 [debug] : 502.3999938964844 {"0":2707,"1":2204.6000061035156,"2":15,"3":false}
2026-03-15 23:36:52 [debug] : 502.3999938964844 {"0":3082,"1":2579.6000061035156,"2":15,"3":false}
2026-03-15 23:36:52 [debug] : 570.4000244140625 {"0":7,"1":563.4000244140625,"2":15,"3":false}
2026-03-15 23:36:52 [debug] : 570.4000244140625 {"0":144,"1":426.4000244140625,"2":15,"3":false}
2026-03-15 23:36:52 [debug] : 570.4000244140625 {"0":174,"1":396.4000244140625,"2":15,"3":false}
2026-03-15 23:36:52 [debug] : 570.4000244140625 {"0":298,"1":272.4000244140625,"2":15,"3":false}
2026-03-15 23:36:52 [debug] : 570.4000244140625 {"0":626,"1":55.5999755859375,"2":15,"3":false}
2026-03-15 23:36:52 [debug] : 570.4000244140625 {"0":656,"1":85.5999755859375,"2":15,"3":false}
2026-03-15 23:36:52 [debug] : 570.4000244140625 {"0":780,"1":209.5999755859375,"2":15,"3":false}
2026-03-15 23:36:52 [debug] : 570.4000244140625 {"0":883,"1":312.5999755859375,"2":15,"3":false}
2026-03-15 23:36:52 [debug] : 570.4000244140625 {"0":1222,"1":651.5999755859375,"2":15,"3":false}
2026-03-15 23:36:52 [debug] : 570.4000244140625 {"0":1428,"1":857.5999755859375,"2":15,"3":false}
2026-03-15 23:36:52 [debug] : 570.4000244140625 {"0":1458,"1":887.5999755859375,"2":15,"3":false}
2026-03-15 23:36:52 [debug] : 570.4000244140625 {"0":1591,"1":1020.5999755859375,"2":15,"3":false}
2026-03-15 23:36:52 [debug] : 570.4000244140625 {"0":1858,"1":1287.5999755859375,"2":15,"3":false}
2026-03-15 23:36:52 [debug] : 570.4000244140625 {"0":1888,"1":1317.5999755859375,"2":15,"3":false}
2026-03-15 23:36:52 [debug] : 570.4000244140625 {"0":2022,"1":1451.5999755859375,"2":15,"3":false}
2026-03-15 23:36:52 [debug] : 570.4000244140625 {"0":2249,"1":1678.5999755859375,"2":15,"3":false}
2026-03-15 23:36:52 [debug] : 570.4000244140625 {"0":2279,"1":1708.5999755859375,"2":15,"3":false}
2026-03-15 23:36:52 [debug] : 570.4000244140625 {"0":2319,"1":1748.5999755859375,"2":15,"3":false}
2026-03-15 23:36:52 [debug] : 570.4000244140625 {"0":2707,"1":2136.5999755859375,"2":15,"3":false}
2026-03-15 23:36:52 [debug] : 570.4000244140625 {"0":3082,"1":2511.5999755859375,"2":15,"3":false}
2026-03-15 23:36:52 [debug] : 620 {"0":7,"1":613,"2":15,"3":false}
2026-03-15 23:36:52 [debug] : 620 {"0":144,"1":476,"2":15,"3":false}
2026-03-15 23:36:52 [debug] : 620 {"0":174,"1":446,"2":15,"3":false}
2026-03-15 23:36:52 [debug] : 620 {"0":298,"1":322,"2":15,"3":false}
2026-03-15 23:36:52 [debug] : 620 {"0":626,"1":6,"2":15,"3":true}
2026-03-15 23:36:52 [debug] : SELECTED {"0":"hls-report-section-hw-interfaces::urn:analysis-report/top-517628394/synthesis-1219712035"}
2026-03-15 23:36:52 [debug] : 620.7999877929688 {"0":7,"1":613.7999877929688,"2":15,"3":false}
2026-03-15 23:36:52 [debug] : 620.7999877929688 {"0":144,"1":476.79998779296875,"2":15,"3":false}
2026-03-15 23:36:52 [debug] : 620.7999877929688 {"0":174,"1":446.79998779296875,"2":15,"3":false}
2026-03-15 23:36:52 [debug] : 620.7999877929688 {"0":298,"1":322.79998779296875,"2":15,"3":false}
2026-03-15 23:36:52 [debug] : 620.7999877929688 {"0":626,"1":5.20001220703125,"2":15,"3":true}
2026-03-15 23:36:52 [debug] : SELECTED {"0":"hls-report-section-hw-interfaces::urn:analysis-report/top-517628394/synthesis-1219712035"}
2026-03-15 23:36:52 [debug] : 628 {"0":7,"1":621,"2":15,"3":false}
2026-03-15 23:36:52 [debug] : 628 {"0":144,"1":484,"2":15,"3":false}
2026-03-15 23:36:52 [debug] : 628 {"0":174,"1":454,"2":15,"3":false}
2026-03-15 23:36:52 [debug] : 628 {"0":298,"1":330,"2":15,"3":false}
2026-03-15 23:36:52 [debug] : 628 {"0":626,"1":2,"2":15,"3":true}
2026-03-15 23:36:52 [debug] : SELECTED {"0":"hls-report-section-hw-interfaces::urn:analysis-report/top-517628394/synthesis-1219712035"}
2026-03-15 23:36:52 [debug] : 663.2000122070312 {"0":7,"1":656.2000122070312,"2":15,"3":false}
2026-03-15 23:36:52 [debug] : 663.2000122070312 {"0":144,"1":519.2000122070312,"2":15,"3":false}
2026-03-15 23:36:52 [debug] : 663.2000122070312 {"0":174,"1":489.20001220703125,"2":15,"3":false}
2026-03-15 23:36:52 [debug] : 663.2000122070312 {"0":298,"1":365.20001220703125,"2":15,"3":false}
2026-03-15 23:36:52 [debug] : 663.2000122070312 {"0":626,"1":37.20001220703125,"2":15,"3":false}
2026-03-15 23:36:52 [debug] : 663.2000122070312 {"0":656,"1":7.20001220703125,"2":15,"3":true}
2026-03-15 23:36:52 [debug] : SELECTED {"0":"hls-report-section-m_axi::urn:analysis-report/top-517628394/synthesis-1219712035"}
2026-03-15 23:36:52 [debug] : 777.5999755859375 {"0":7,"1":770.5999755859375,"2":15,"3":false}
2026-03-15 23:36:52 [debug] : 777.5999755859375 {"0":144,"1":633.5999755859375,"2":15,"3":false}
2026-03-15 23:36:52 [debug] : 777.5999755859375 {"0":174,"1":603.5999755859375,"2":15,"3":false}
2026-03-15 23:36:52 [debug] : 777.5999755859375 {"0":298,"1":479.5999755859375,"2":15,"3":false}
2026-03-15 23:36:52 [debug] : 777.5999755859375 {"0":626,"1":151.5999755859375,"2":15,"3":false}
2026-03-15 23:36:52 [debug] : 777.5999755859375 {"0":656,"1":121.5999755859375,"2":15,"3":false}
2026-03-15 23:36:52 [debug] : 777.5999755859375 {"0":780,"1":2.4000244140625,"2":15,"3":true}
2026-03-15 23:36:52 [debug] : SELECTED {"0":"hls-report-section-s_axilite-interfaces::urn:analysis-report/top-517628394/synthesis-1219712035"}
2026-03-15 23:36:52 [debug] : 872 {"0":7,"1":865,"2":15,"3":false}
2026-03-15 23:36:52 [debug] : 872 {"0":144,"1":728,"2":15,"3":false}
2026-03-15 23:36:52 [debug] : 872 {"0":174,"1":698,"2":15,"3":false}
2026-03-15 23:36:52 [debug] : 872 {"0":298,"1":574,"2":15,"3":false}
2026-03-15 23:36:52 [debug] : 872 {"0":626,"1":246,"2":15,"3":false}
2026-03-15 23:36:52 [debug] : 872 {"0":656,"1":216,"2":15,"3":false}
2026-03-15 23:36:52 [debug] : 872 {"0":780,"1":92,"2":15,"3":false}
2026-03-15 23:36:52 [debug] : 872 {"0":883,"1":11,"2":15,"3":true}
2026-03-15 23:36:52 [debug] : SELECTED {"0":"hls-report-section-s_axilite-registers::urn:analysis-report/top-517628394/synthesis-1219712035"}
2026-03-15 23:36:52 [debug] : 945.5999755859375 {"0":7,"1":938.5999755859375,"2":15,"3":false}
2026-03-15 23:36:52 [debug] : 945.5999755859375 {"0":144,"1":801.5999755859375,"2":15,"3":false}
2026-03-15 23:36:52 [debug] : 945.5999755859375 {"0":174,"1":771.5999755859375,"2":15,"3":false}
2026-03-15 23:36:52 [debug] : 945.5999755859375 {"0":298,"1":647.5999755859375,"2":15,"3":false}
2026-03-15 23:36:52 [debug] : 945.5999755859375 {"0":626,"1":319.5999755859375,"2":15,"3":false}
2026-03-15 23:36:52 [debug] : 945.5999755859375 {"0":656,"1":289.5999755859375,"2":15,"3":false}
2026-03-15 23:36:52 [debug] : 945.5999755859375 {"0":780,"1":165.5999755859375,"2":15,"3":false}
2026-03-15 23:36:52 [debug] : 945.5999755859375 {"0":883,"1":62.5999755859375,"2":15,"3":false}
2026-03-15 23:36:52 [debug] : 945.5999755859375 {"0":1222,"1":276.4000244140625,"2":15,"3":false}
2026-03-15 23:36:52 [debug] : 945.5999755859375 {"0":1428,"1":482.4000244140625,"2":15,"3":false}
2026-03-15 23:36:52 [debug] : 945.5999755859375 {"0":1458,"1":512.4000244140625,"2":15,"3":false}
2026-03-15 23:36:52 [debug] : 945.5999755859375 {"0":1591,"1":645.4000244140625,"2":15,"3":false}
2026-03-15 23:36:52 [debug] : 945.5999755859375 {"0":1858,"1":912.4000244140625,"2":15,"3":false}
2026-03-15 23:36:52 [debug] : 945.5999755859375 {"0":1888,"1":942.4000244140625,"2":15,"3":false}
2026-03-15 23:36:52 [debug] : 945.5999755859375 {"0":2022,"1":1076.4000244140625,"2":15,"3":false}
2026-03-15 23:36:52 [debug] : 945.5999755859375 {"0":2249,"1":1303.4000244140625,"2":15,"3":false}
2026-03-15 23:36:52 [debug] : 945.5999755859375 {"0":2279,"1":1333.4000244140625,"2":15,"3":false}
2026-03-15 23:36:52 [debug] : 945.5999755859375 {"0":2319,"1":1373.4000244140625,"2":15,"3":false}
2026-03-15 23:36:52 [debug] : 945.5999755859375 {"0":2707,"1":1761.4000244140625,"2":15,"3":false}
2026-03-15 23:36:52 [debug] : 945.5999755859375 {"0":3082,"1":2136.4000244140625,"2":15,"3":false}
2026-03-15 23:36:52 [debug] : 984 {"0":7,"1":977,"2":15,"3":false}
2026-03-15 23:36:52 [debug] : 984 {"0":144,"1":840,"2":15,"3":false}
2026-03-15 23:36:52 [debug] : 984 {"0":174,"1":810,"2":15,"3":false}
2026-03-15 23:36:52 [debug] : 984 {"0":298,"1":686,"2":15,"3":false}
2026-03-15 23:36:52 [debug] : 984 {"0":626,"1":358,"2":15,"3":false}
2026-03-15 23:36:52 [debug] : 984 {"0":656,"1":328,"2":15,"3":false}
2026-03-15 23:36:52 [debug] : 984 {"0":780,"1":204,"2":15,"3":false}
2026-03-15 23:36:52 [debug] : 984 {"0":883,"1":101,"2":15,"3":false}
2026-03-15 23:36:52 [debug] : 984 {"0":1222,"1":238,"2":15,"3":false}
2026-03-15 23:36:52 [debug] : 984 {"0":1428,"1":444,"2":15,"3":false}
2026-03-15 23:36:52 [debug] : 984 {"0":1458,"1":474,"2":15,"3":false}
2026-03-15 23:36:52 [debug] : 984 {"0":1591,"1":607,"2":15,"3":false}
2026-03-15 23:36:52 [debug] : 984 {"0":1858,"1":874,"2":15,"3":false}
2026-03-15 23:36:52 [debug] : 984 {"0":1888,"1":904,"2":15,"3":false}
2026-03-15 23:36:52 [debug] : 984 {"0":2022,"1":1038,"2":15,"3":false}
2026-03-15 23:36:52 [debug] : 984 {"0":2249,"1":1265,"2":15,"3":false}
2026-03-15 23:36:52 [debug] : 984 {"0":2279,"1":1295,"2":15,"3":false}
2026-03-15 23:36:52 [debug] : 984 {"0":2319,"1":1335,"2":15,"3":false}
2026-03-15 23:36:52 [debug] : 984 {"0":2707,"1":1723,"2":15,"3":false}
2026-03-15 23:36:52 [debug] : 984 {"0":3082,"1":2098,"2":15,"3":false}
2026-03-15 23:36:52 [debug] : 984.7999877929688 {"0":7,"1":977.7999877929688,"2":15,"3":false}
2026-03-15 23:36:52 [debug] : 984.7999877929688 {"0":144,"1":840.7999877929688,"2":15,"3":false}
2026-03-15 23:36:52 [debug] : 984.7999877929688 {"0":174,"1":810.7999877929688,"2":15,"3":false}
2026-03-15 23:36:52 [debug] : 984.7999877929688 {"0":298,"1":686.7999877929688,"2":15,"3":false}
2026-03-15 23:36:52 [debug] : 984.7999877929688 {"0":626,"1":358.79998779296875,"2":15,"3":false}
2026-03-15 23:36:52 [debug] : 984.7999877929688 {"0":656,"1":328.79998779296875,"2":15,"3":false}
2026-03-15 23:36:52 [debug] : 984.7999877929688 {"0":780,"1":204.79998779296875,"2":15,"3":false}
2026-03-15 23:36:52 [debug] : 984.7999877929688 {"0":883,"1":101.79998779296875,"2":15,"3":false}
2026-03-15 23:36:52 [debug] : 984.7999877929688 {"0":1222,"1":237.20001220703125,"2":15,"3":false}
2026-03-15 23:36:52 [debug] : 984.7999877929688 {"0":1428,"1":443.20001220703125,"2":15,"3":false}
2026-03-15 23:36:52 [debug] : 984.7999877929688 {"0":1458,"1":473.20001220703125,"2":15,"3":false}
2026-03-15 23:36:52 [debug] : 984.7999877929688 {"0":1591,"1":606.2000122070312,"2":15,"3":false}
2026-03-15 23:36:52 [debug] : 984.7999877929688 {"0":1858,"1":873.2000122070312,"2":15,"3":false}
2026-03-15 23:36:52 [debug] : 984.7999877929688 {"0":1888,"1":903.2000122070312,"2":15,"3":false}
2026-03-15 23:36:52 [debug] : 984.7999877929688 {"0":2022,"1":1037.2000122070312,"2":15,"3":false}
2026-03-15 23:36:52 [debug] : 984.7999877929688 {"0":2249,"1":1264.2000122070312,"2":15,"3":false}
2026-03-15 23:36:52 [debug] : 984.7999877929688 {"0":2279,"1":1294.2000122070312,"2":15,"3":false}
2026-03-15 23:36:52 [debug] : 984.7999877929688 {"0":2319,"1":1334.2000122070312,"2":15,"3":false}
2026-03-15 23:36:52 [debug] : 984.7999877929688 {"0":2707,"1":1722.2000122070312,"2":15,"3":false}
2026-03-15 23:36:52 [debug] : 984.7999877929688 {"0":3082,"1":2097.2000122070312,"2":15,"3":false}
2026-03-15 23:36:53 [debug] : 985.5999755859375 {"0":7,"1":978.5999755859375,"2":15,"3":false}
2026-03-15 23:36:53 [debug] : 985.5999755859375 {"0":144,"1":841.5999755859375,"2":15,"3":false}
2026-03-15 23:36:53 [debug] : 985.5999755859375 {"0":174,"1":811.5999755859375,"2":15,"3":false}
2026-03-15 23:36:53 [debug] : 985.5999755859375 {"0":298,"1":687.5999755859375,"2":15,"3":false}
2026-03-15 23:36:53 [debug] : 985.5999755859375 {"0":626,"1":359.5999755859375,"2":15,"3":false}
2026-03-15 23:36:53 [debug] : 985.5999755859375 {"0":656,"1":329.5999755859375,"2":15,"3":false}
2026-03-15 23:36:53 [debug] : 985.5999755859375 {"0":780,"1":205.5999755859375,"2":15,"3":false}
2026-03-15 23:36:53 [debug] : 985.5999755859375 {"0":883,"1":102.5999755859375,"2":15,"3":false}
2026-03-15 23:36:53 [debug] : 985.5999755859375 {"0":1222,"1":236.4000244140625,"2":15,"3":false}
2026-03-15 23:36:53 [debug] : 985.5999755859375 {"0":1428,"1":442.4000244140625,"2":15,"3":false}
2026-03-15 23:36:53 [debug] : 985.5999755859375 {"0":1458,"1":472.4000244140625,"2":15,"3":false}
2026-03-15 23:36:53 [debug] : 985.5999755859375 {"0":1591,"1":605.4000244140625,"2":15,"3":false}
2026-03-15 23:36:53 [debug] : 985.5999755859375 {"0":1858,"1":872.4000244140625,"2":15,"3":false}
2026-03-15 23:36:53 [debug] : 985.5999755859375 {"0":1888,"1":902.4000244140625,"2":15,"3":false}
2026-03-15 23:36:53 [debug] : 985.5999755859375 {"0":2022,"1":1036.4000244140625,"2":15,"3":false}
2026-03-15 23:36:53 [debug] : 985.5999755859375 {"0":2249,"1":1263.4000244140625,"2":15,"3":false}
2026-03-15 23:36:53 [debug] : 985.5999755859375 {"0":2279,"1":1293.4000244140625,"2":15,"3":false}
2026-03-15 23:36:53 [debug] : 985.5999755859375 {"0":2319,"1":1333.4000244140625,"2":15,"3":false}
2026-03-15 23:36:53 [debug] : 985.5999755859375 {"0":2707,"1":1721.4000244140625,"2":15,"3":false}
2026-03-15 23:36:53 [debug] : 985.5999755859375 {"0":3082,"1":2096.4000244140625,"2":15,"3":false}
2026-03-15 23:36:53 [debug] : 987.2000122070312 {"0":7,"1":980.2000122070312,"2":15,"3":false}
2026-03-15 23:36:53 [debug] : 987.2000122070312 {"0":144,"1":843.2000122070312,"2":15,"3":false}
2026-03-15 23:36:53 [debug] : 987.2000122070312 {"0":174,"1":813.2000122070312,"2":15,"3":false}
2026-03-15 23:36:53 [debug] : 987.2000122070312 {"0":298,"1":689.2000122070312,"2":15,"3":false}
2026-03-15 23:36:53 [debug] : 987.2000122070312 {"0":626,"1":361.20001220703125,"2":15,"3":false}
2026-03-15 23:36:53 [debug] : 987.2000122070312 {"0":656,"1":331.20001220703125,"2":15,"3":false}
2026-03-15 23:36:53 [debug] : 987.2000122070312 {"0":780,"1":207.20001220703125,"2":15,"3":false}
2026-03-15 23:36:53 [debug] : 987.2000122070312 {"0":883,"1":104.20001220703125,"2":15,"3":false}
2026-03-15 23:36:53 [debug] : 987.2000122070312 {"0":1222,"1":234.79998779296875,"2":15,"3":false}
2026-03-15 23:36:53 [debug] : 987.2000122070312 {"0":1428,"1":440.79998779296875,"2":15,"3":false}
2026-03-15 23:36:53 [debug] : 987.2000122070312 {"0":1458,"1":470.79998779296875,"2":15,"3":false}
2026-03-15 23:36:53 [debug] : 987.2000122070312 {"0":1591,"1":603.7999877929688,"2":15,"3":false}
2026-03-15 23:36:53 [debug] : 987.2000122070312 {"0":1858,"1":870.7999877929688,"2":15,"3":false}
2026-03-15 23:36:53 [debug] : 987.2000122070312 {"0":1888,"1":900.7999877929688,"2":15,"3":false}
2026-03-15 23:36:53 [debug] : 987.2000122070312 {"0":2022,"1":1034.7999877929688,"2":15,"3":false}
2026-03-15 23:36:53 [debug] : 987.2000122070312 {"0":2249,"1":1261.7999877929688,"2":15,"3":false}
2026-03-15 23:36:53 [debug] : 987.2000122070312 {"0":2279,"1":1291.7999877929688,"2":15,"3":false}
2026-03-15 23:36:53 [debug] : 987.2000122070312 {"0":2319,"1":1331.7999877929688,"2":15,"3":false}
2026-03-15 23:36:53 [debug] : 987.2000122070312 {"0":2707,"1":1719.7999877929688,"2":15,"3":false}
2026-03-15 23:36:53 [debug] : 987.2000122070312 {"0":3082,"1":2094.7999877929688,"2":15,"3":false}
2026-03-15 23:36:53 [debug] : 1040.800048828125 {"0":7,"1":1033.800048828125,"2":15,"3":false}
2026-03-15 23:36:53 [debug] : 1040.800048828125 {"0":144,"1":896.800048828125,"2":15,"3":false}
2026-03-15 23:36:53 [debug] : 1040.800048828125 {"0":174,"1":866.800048828125,"2":15,"3":false}
2026-03-15 23:36:53 [debug] : 1040.800048828125 {"0":298,"1":742.800048828125,"2":15,"3":false}
2026-03-15 23:36:53 [debug] : 1040.800048828125 {"0":626,"1":414.800048828125,"2":15,"3":false}
2026-03-15 23:36:53 [debug] : 1040.800048828125 {"0":656,"1":384.800048828125,"2":15,"3":false}
2026-03-15 23:36:53 [debug] : 1040.800048828125 {"0":780,"1":260.800048828125,"2":15,"3":false}
2026-03-15 23:36:53 [debug] : 1040.800048828125 {"0":883,"1":157.800048828125,"2":15,"3":false}
2026-03-15 23:36:53 [debug] : 1040.800048828125 {"0":1222,"1":181.199951171875,"2":15,"3":false}
2026-03-15 23:36:53 [debug] : 1040.800048828125 {"0":1428,"1":387.199951171875,"2":15,"3":false}
2026-03-15 23:36:53 [debug] : 1040.800048828125 {"0":1458,"1":417.199951171875,"2":15,"3":false}
2026-03-15 23:36:53 [debug] : 1040.800048828125 {"0":1591,"1":550.199951171875,"2":15,"3":false}
2026-03-15 23:36:53 [debug] : 1040.800048828125 {"0":1858,"1":817.199951171875,"2":15,"3":false}
2026-03-15 23:36:53 [debug] : 1040.800048828125 {"0":1888,"1":847.199951171875,"2":15,"3":false}
2026-03-15 23:36:53 [debug] : 1040.800048828125 {"0":2022,"1":981.199951171875,"2":15,"3":false}
2026-03-15 23:36:53 [debug] : 1040.800048828125 {"0":2249,"1":1208.199951171875,"2":15,"3":false}
2026-03-15 23:36:53 [debug] : 1040.800048828125 {"0":2279,"1":1238.199951171875,"2":15,"3":false}
2026-03-15 23:36:53 [debug] : 1040.800048828125 {"0":2319,"1":1278.199951171875,"2":15,"3":false}
2026-03-15 23:36:53 [debug] : 1040.800048828125 {"0":2707,"1":1666.199951171875,"2":15,"3":false}
2026-03-15 23:36:53 [debug] : 1040.800048828125 {"0":3082,"1":2041.199951171875,"2":15,"3":false}
2026-03-15 23:36:53 [debug] : 1324 {"0":7,"1":1317,"2":15,"3":false}
2026-03-15 23:36:53 [debug] : 1324 {"0":144,"1":1180,"2":15,"3":false}
2026-03-15 23:36:53 [debug] : 1324 {"0":174,"1":1150,"2":15,"3":false}
2026-03-15 23:36:53 [debug] : 1324 {"0":298,"1":1026,"2":15,"3":false}
2026-03-15 23:36:53 [debug] : 1324 {"0":626,"1":698,"2":15,"3":false}
2026-03-15 23:36:53 [debug] : 1324 {"0":656,"1":668,"2":15,"3":false}
2026-03-15 23:36:53 [debug] : 1324 {"0":780,"1":544,"2":15,"3":false}
2026-03-15 23:36:53 [debug] : 1324 {"0":883,"1":441,"2":15,"3":false}
2026-03-15 23:36:53 [debug] : 1324 {"0":1222,"1":102,"2":15,"3":false}
2026-03-15 23:36:53 [debug] : 1324 {"0":1428,"1":104,"2":15,"3":false}
2026-03-15 23:36:53 [debug] : 1324 {"0":1458,"1":134,"2":15,"3":false}
2026-03-15 23:36:53 [debug] : 1324 {"0":1591,"1":267,"2":15,"3":false}
2026-03-15 23:36:53 [debug] : 1324 {"0":1858,"1":534,"2":15,"3":false}
2026-03-15 23:36:53 [debug] : 1324 {"0":1888,"1":564,"2":15,"3":false}
2026-03-15 23:36:53 [debug] : 1324 {"0":2022,"1":698,"2":15,"3":false}
2026-03-15 23:36:53 [debug] : 1324 {"0":2249,"1":925,"2":15,"3":false}
2026-03-15 23:36:53 [debug] : 1324 {"0":2279,"1":955,"2":15,"3":false}
2026-03-15 23:36:53 [debug] : 1324 {"0":2319,"1":995,"2":15,"3":false}
2026-03-15 23:36:53 [debug] : 1324 {"0":2707,"1":1383,"2":15,"3":false}
2026-03-15 23:36:53 [debug] : 1324 {"0":3082,"1":1758,"2":15,"3":false}
2026-03-15 23:36:53 [debug] : 1636 {"0":7,"1":1629,"2":15,"3":false}
2026-03-15 23:36:53 [debug] : 1636 {"0":144,"1":1492,"2":15,"3":false}
2026-03-15 23:36:53 [debug] : 1636 {"0":174,"1":1462,"2":15,"3":false}
2026-03-15 23:36:53 [debug] : 1636 {"0":298,"1":1338,"2":15,"3":false}
2026-03-15 23:36:53 [debug] : 1636 {"0":626,"1":1010,"2":15,"3":false}
2026-03-15 23:36:53 [debug] : 1636 {"0":656,"1":980,"2":15,"3":false}
2026-03-15 23:36:53 [debug] : 1636 {"0":780,"1":856,"2":15,"3":false}
2026-03-15 23:36:53 [debug] : 1636 {"0":883,"1":753,"2":15,"3":false}
2026-03-15 23:36:53 [debug] : 1636 {"0":1222,"1":414,"2":15,"3":false}
2026-03-15 23:36:53 [debug] : 1636 {"0":1428,"1":208,"2":15,"3":false}
2026-03-15 23:36:53 [debug] : 1636 {"0":1458,"1":178,"2":15,"3":false}
2026-03-15 23:36:53 [debug] : 1636 {"0":1591,"1":45,"2":15,"3":false}
2026-03-15 23:36:53 [debug] : 1636 {"0":1858,"1":222,"2":15,"3":false}
2026-03-15 23:36:53 [debug] : 1636 {"0":1888,"1":252,"2":15,"3":false}
2026-03-15 23:36:53 [debug] : 1636 {"0":2022,"1":386,"2":15,"3":false}
2026-03-15 23:36:53 [debug] : 1636 {"0":2249,"1":613,"2":15,"3":false}
2026-03-15 23:36:53 [debug] : 1636 {"0":2279,"1":643,"2":15,"3":false}
2026-03-15 23:36:53 [debug] : 1636 {"0":2319,"1":683,"2":15,"3":false}
2026-03-15 23:36:53 [debug] : 1636 {"0":2707,"1":1071,"2":15,"3":false}
2026-03-15 23:36:53 [debug] : 1636 {"0":3082,"1":1446,"2":15,"3":false}
2026-03-15 23:36:53 [debug] : 1715.199951171875 {"0":7,"1":1708.199951171875,"2":15,"3":false}
2026-03-15 23:36:53 [debug] : 1715.199951171875 {"0":144,"1":1571.199951171875,"2":15,"3":false}
2026-03-15 23:36:53 [debug] : 1715.199951171875 {"0":174,"1":1541.199951171875,"2":15,"3":false}
2026-03-15 23:36:53 [debug] : 1715.199951171875 {"0":298,"1":1417.199951171875,"2":15,"3":false}
2026-03-15 23:36:53 [debug] : 1715.199951171875 {"0":626,"1":1089.199951171875,"2":15,"3":false}
2026-03-15 23:36:53 [debug] : 1715.199951171875 {"0":656,"1":1059.199951171875,"2":15,"3":false}
2026-03-15 23:36:53 [debug] : 1715.199951171875 {"0":780,"1":935.199951171875,"2":15,"3":false}
2026-03-15 23:36:53 [debug] : 1715.199951171875 {"0":883,"1":832.199951171875,"2":15,"3":false}
2026-03-15 23:36:53 [debug] : 1715.199951171875 {"0":1222,"1":493.199951171875,"2":15,"3":false}
2026-03-15 23:36:53 [debug] : 1715.199951171875 {"0":1428,"1":287.199951171875,"2":15,"3":false}
2026-03-15 23:36:53 [debug] : 1715.199951171875 {"0":1458,"1":257.199951171875,"2":15,"3":false}
2026-03-15 23:36:53 [debug] : 1715.199951171875 {"0":1591,"1":124.199951171875,"2":15,"3":false}
2026-03-15 23:36:53 [debug] : 1715.199951171875 {"0":1858,"1":142.800048828125,"2":15,"3":false}
2026-03-15 23:36:53 [debug] : 1715.199951171875 {"0":1888,"1":172.800048828125,"2":15,"3":false}
2026-03-15 23:36:53 [debug] : 1715.199951171875 {"0":2022,"1":306.800048828125,"2":15,"3":false}
2026-03-15 23:36:53 [debug] : 1715.199951171875 {"0":2249,"1":533.800048828125,"2":15,"3":false}
2026-03-15 23:36:53 [debug] : 1715.199951171875 {"0":2279,"1":563.800048828125,"2":15,"3":false}
2026-03-15 23:36:53 [debug] : 1715.199951171875 {"0":2319,"1":603.800048828125,"2":15,"3":false}
2026-03-15 23:36:53 [debug] : 1715.199951171875 {"0":2707,"1":991.800048828125,"2":15,"3":false}
2026-03-15 23:36:53 [debug] : 1715.199951171875 {"0":3082,"1":1366.800048828125,"2":15,"3":false}
2026-03-15 23:36:53 [debug] : 1724 {"0":7,"1":1717,"2":15,"3":false}
2026-03-15 23:36:53 [debug] : 1724 {"0":144,"1":1580,"2":15,"3":false}
2026-03-15 23:36:53 [debug] : 1724 {"0":174,"1":1550,"2":15,"3":false}
2026-03-15 23:36:53 [debug] : 1724 {"0":298,"1":1426,"2":15,"3":false}
2026-03-15 23:36:53 [debug] : 1724 {"0":626,"1":1098,"2":15,"3":false}
2026-03-15 23:36:53 [debug] : 1724 {"0":656,"1":1068,"2":15,"3":false}
2026-03-15 23:36:53 [debug] : 1724 {"0":780,"1":944,"2":15,"3":false}
2026-03-15 23:36:53 [debug] : 1724 {"0":883,"1":841,"2":15,"3":false}
2026-03-15 23:36:53 [debug] : 1724 {"0":1222,"1":502,"2":15,"3":false}
2026-03-15 23:36:53 [debug] : 1724 {"0":1428,"1":296,"2":15,"3":false}
2026-03-15 23:36:53 [debug] : 1724 {"0":1458,"1":266,"2":15,"3":false}
2026-03-15 23:36:53 [debug] : 1724 {"0":1591,"1":133,"2":15,"3":false}
2026-03-15 23:36:53 [debug] : 1724 {"0":1858,"1":134,"2":15,"3":false}
2026-03-15 23:36:53 [debug] : 1724 {"0":1888,"1":164,"2":15,"3":false}
2026-03-15 23:36:53 [debug] : 1724 {"0":2022,"1":298,"2":15,"3":false}
2026-03-15 23:36:53 [debug] : 1724 {"0":2249,"1":525,"2":15,"3":false}
2026-03-15 23:36:53 [debug] : 1724 {"0":2279,"1":555,"2":15,"3":false}
2026-03-15 23:36:53 [debug] : 1724 {"0":2319,"1":595,"2":15,"3":false}
2026-03-15 23:36:53 [debug] : 1724 {"0":2707,"1":983,"2":15,"3":false}
2026-03-15 23:36:53 [debug] : 1724 {"0":3082,"1":1358,"2":15,"3":false}
2026-03-15 23:36:53 [debug] : 1729.5999755859375 {"0":7,"1":1722.5999755859375,"2":15,"3":false}
2026-03-15 23:36:53 [debug] : 1729.5999755859375 {"0":144,"1":1585.5999755859375,"2":15,"3":false}
2026-03-15 23:36:53 [debug] : 1729.5999755859375 {"0":174,"1":1555.5999755859375,"2":15,"3":false}
2026-03-15 23:36:53 [debug] : 1729.5999755859375 {"0":298,"1":1431.5999755859375,"2":15,"3":false}
2026-03-15 23:36:53 [debug] : 1729.5999755859375 {"0":626,"1":1103.5999755859375,"2":15,"3":false}
2026-03-15 23:36:53 [debug] : 1729.5999755859375 {"0":656,"1":1073.5999755859375,"2":15,"3":false}
2026-03-15 23:36:53 [debug] : 1729.5999755859375 {"0":780,"1":949.5999755859375,"2":15,"3":false}
2026-03-15 23:36:53 [debug] : 1729.5999755859375 {"0":883,"1":846.5999755859375,"2":15,"3":false}
2026-03-15 23:36:53 [debug] : 1729.5999755859375 {"0":1222,"1":507.5999755859375,"2":15,"3":false}
2026-03-15 23:36:53 [debug] : 1729.5999755859375 {"0":1428,"1":301.5999755859375,"2":15,"3":false}
2026-03-15 23:36:53 [debug] : 1729.5999755859375 {"0":1458,"1":271.5999755859375,"2":15,"3":false}
2026-03-15 23:36:53 [debug] : 1729.5999755859375 {"0":1591,"1":138.5999755859375,"2":15,"3":false}
2026-03-15 23:36:53 [debug] : 1729.5999755859375 {"0":1858,"1":128.4000244140625,"2":15,"3":false}
2026-03-15 23:36:53 [debug] : 1729.5999755859375 {"0":1888,"1":158.4000244140625,"2":15,"3":false}
2026-03-15 23:36:53 [debug] : 1729.5999755859375 {"0":2022,"1":292.4000244140625,"2":15,"3":false}
2026-03-15 23:36:53 [debug] : 1729.5999755859375 {"0":2249,"1":519.4000244140625,"2":15,"3":false}
2026-03-15 23:36:53 [debug] : 1729.5999755859375 {"0":2279,"1":549.4000244140625,"2":15,"3":false}
2026-03-15 23:36:53 [debug] : 1729.5999755859375 {"0":2319,"1":589.4000244140625,"2":15,"3":false}
2026-03-15 23:36:53 [debug] : 1729.5999755859375 {"0":2707,"1":977.4000244140625,"2":15,"3":false}
2026-03-15 23:36:53 [debug] : 1729.5999755859375 {"0":3082,"1":1352.4000244140625,"2":15,"3":false}
2026-03-15 23:36:53 [debug] : 1733.5999755859375 {"0":7,"1":1726.5999755859375,"2":15,"3":false}
2026-03-15 23:36:53 [debug] : 1733.5999755859375 {"0":144,"1":1589.5999755859375,"2":15,"3":false}
2026-03-15 23:36:53 [debug] : 1733.5999755859375 {"0":174,"1":1559.5999755859375,"2":15,"3":false}
2026-03-15 23:36:53 [debug] : 1733.5999755859375 {"0":298,"1":1435.5999755859375,"2":15,"3":false}
2026-03-15 23:36:53 [debug] : 1733.5999755859375 {"0":626,"1":1107.5999755859375,"2":15,"3":false}
2026-03-15 23:36:53 [debug] : 1733.5999755859375 {"0":656,"1":1077.5999755859375,"2":15,"3":false}
2026-03-15 23:36:53 [debug] : 1733.5999755859375 {"0":780,"1":953.5999755859375,"2":15,"3":false}
2026-03-15 23:36:53 [debug] : 1733.5999755859375 {"0":883,"1":850.5999755859375,"2":15,"3":false}
2026-03-15 23:36:53 [debug] : 1733.5999755859375 {"0":1222,"1":511.5999755859375,"2":15,"3":false}
2026-03-15 23:36:53 [debug] : 1733.5999755859375 {"0":1428,"1":305.5999755859375,"2":15,"3":false}
2026-03-15 23:36:53 [debug] : 1733.5999755859375 {"0":1458,"1":275.5999755859375,"2":15,"3":false}
2026-03-15 23:36:53 [debug] : 1733.5999755859375 {"0":1591,"1":142.5999755859375,"2":15,"3":false}
2026-03-15 23:36:53 [debug] : 1733.5999755859375 {"0":1858,"1":124.4000244140625,"2":15,"3":false}
2026-03-15 23:36:53 [debug] : 1733.5999755859375 {"0":1888,"1":154.4000244140625,"2":15,"3":false}
2026-03-15 23:36:53 [debug] : 1733.5999755859375 {"0":2022,"1":288.4000244140625,"2":15,"3":false}
2026-03-15 23:36:53 [debug] : 1733.5999755859375 {"0":2249,"1":515.4000244140625,"2":15,"3":false}
2026-03-15 23:36:53 [debug] : 1733.5999755859375 {"0":2279,"1":545.4000244140625,"2":15,"3":false}
2026-03-15 23:36:53 [debug] : 1733.5999755859375 {"0":2319,"1":585.4000244140625,"2":15,"3":false}
2026-03-15 23:36:53 [debug] : 1733.5999755859375 {"0":2707,"1":973.4000244140625,"2":15,"3":false}
2026-03-15 23:36:53 [debug] : 1733.5999755859375 {"0":3082,"1":1348.4000244140625,"2":15,"3":false}
2026-03-15 23:36:53 [debug] : 1736.800048828125 {"0":7,"1":1729.800048828125,"2":15,"3":false}
2026-03-15 23:36:53 [debug] : 1736.800048828125 {"0":144,"1":1592.800048828125,"2":15,"3":false}
2026-03-15 23:36:53 [debug] : 1736.800048828125 {"0":174,"1":1562.800048828125,"2":15,"3":false}
2026-03-15 23:36:53 [debug] : 1736.800048828125 {"0":298,"1":1438.800048828125,"2":15,"3":false}
2026-03-15 23:36:53 [debug] : 1736.800048828125 {"0":626,"1":1110.800048828125,"2":15,"3":false}
2026-03-15 23:36:53 [debug] : 1736.800048828125 {"0":656,"1":1080.800048828125,"2":15,"3":false}
2026-03-15 23:36:53 [debug] : 1736.800048828125 {"0":780,"1":956.800048828125,"2":15,"3":false}
2026-03-15 23:36:53 [debug] : 1736.800048828125 {"0":883,"1":853.800048828125,"2":15,"3":false}
2026-03-15 23:36:53 [debug] : 1736.800048828125 {"0":1222,"1":514.800048828125,"2":15,"3":false}
2026-03-15 23:36:53 [debug] : 1736.800048828125 {"0":1428,"1":308.800048828125,"2":15,"3":false}
2026-03-15 23:36:53 [debug] : 1736.800048828125 {"0":1458,"1":278.800048828125,"2":15,"3":false}
2026-03-15 23:36:53 [debug] : 1736.800048828125 {"0":1591,"1":145.800048828125,"2":15,"3":false}
2026-03-15 23:36:53 [debug] : 1736.800048828125 {"0":1858,"1":121.199951171875,"2":15,"3":false}
2026-03-15 23:36:53 [debug] : 1736.800048828125 {"0":1888,"1":151.199951171875,"2":15,"3":false}
2026-03-15 23:36:53 [debug] : 1736.800048828125 {"0":2022,"1":285.199951171875,"2":15,"3":false}
2026-03-15 23:36:53 [debug] : 1736.800048828125 {"0":2249,"1":512.199951171875,"2":15,"3":false}
2026-03-15 23:36:53 [debug] : 1736.800048828125 {"0":2279,"1":542.199951171875,"2":15,"3":false}
2026-03-15 23:36:53 [debug] : 1736.800048828125 {"0":2319,"1":582.199951171875,"2":15,"3":false}
2026-03-15 23:36:53 [debug] : 1736.800048828125 {"0":2707,"1":970.199951171875,"2":15,"3":false}
2026-03-15 23:36:53 [debug] : 1736.800048828125 {"0":3082,"1":1345.199951171875,"2":15,"3":false}
2026-03-15 23:40:58 [debug] : MonacoEditorModel.cancelSync {"0":"file:///home/abdullah/Desktop/CNN-on-FPGA/src/conv.cpp"}
2026-03-15 23:40:58 [debug] : MonacoEditorModel.doSync - enter {"0":"file:///home/abdullah/Desktop/CNN-on-FPGA/src/conv.cpp"}
2026-03-15 23:40:58 [debug] : MonacoEditorModel.cancelSync {"0":"file:///home/abdullah/Desktop/CNN-on-FPGA/src/conv.cpp"}
2026-03-15 23:40:58 [debug] : MonacoEditorModel.cancelSync {"0":"file:///home/abdullah/Desktop/CNN-on-FPGA/src/conv.cpp"}
2026-03-15 23:40:58 [debug] : MonacoEditorModel.cancelSync {"0":"file:///home/abdullah/Desktop/CNN-on-FPGA/src/conv.cpp"}
2026-03-15 23:40:58 [debug] : MonacoEditorModel.cancelSync {"0":"file:///home/abdullah/Desktop/CNN-on-FPGA/src/conv.cpp"}
2026-03-15 23:40:58 [debug] : MonacoEditorModel.cancelSync {"0":"file:///home/abdullah/Desktop/CNN-on-FPGA/src/conv.cpp"}
2026-03-15 23:40:58 [debug] : MonacoEditorModel.cancelSync {"0":"file:///home/abdullah/Desktop/CNN-on-FPGA/src/conv.cpp"}
2026-03-15 23:40:58 [debug] : MonacoEditorModel.cancelSync {"0":"file:///home/abdullah/Desktop/CNN-on-FPGA/src/conv.cpp"}
2026-03-15 23:40:58 [debug] : MonacoEditorModel.cancelSync {"0":"file:///home/abdullah/Desktop/CNN-on-FPGA/src/conv.cpp"}
2026-03-15 23:40:58 [debug] : MonacoEditorModel.cancelSync {"0":"file:///home/abdullah/Desktop/CNN-on-FPGA/src/conv.cpp"}
2026-03-15 23:40:58 [debug] : MonacoEditorModel.cancelSync {"0":"file:///home/abdullah/Desktop/CNN-on-FPGA/src/conv.cpp"}
2026-03-15 23:40:58 [debug] : MonacoEditorModel.cancelSync {"0":"file:///home/abdullah/Desktop/CNN-on-FPGA/src/conv.cpp"}
2026-03-15 23:40:58 [debug] : MonacoEditorModel.cancelSync {"0":"file:///home/abdullah/Desktop/CNN-on-FPGA/src/conv.cpp"}
2026-03-15 23:40:58 [debug] : MonacoEditorModel.cancelSync {"0":"file:///home/abdullah/Desktop/CNN-on-FPGA/src/conv.cpp"}
2026-03-15 23:40:58 [debug] : MonacoEditorModel.cancelSync {"0":"file:///home/abdullah/Desktop/CNN-on-FPGA/src/conv.cpp"}
2026-03-15 23:40:58 [debug] : MonacoEditorModel.cancelSync {"0":"file:///home/abdullah/Desktop/CNN-on-FPGA/src/conv.cpp"}
2026-03-15 23:40:58 [debug] : MonacoEditorModel.cancelSync {"0":"file:///home/abdullah/Desktop/CNN-on-FPGA/src/conv.cpp"}
2026-03-15 23:40:58 [debug] : MonacoEditorModel.cancelSync {"0":"file:///home/abdullah/Desktop/CNN-on-FPGA/src/conv.cpp"}
2026-03-15 23:40:58 [debug] : MonacoEditorModel.cancelSync {"0":"file:///home/abdullah/Desktop/CNN-on-FPGA/src/conv.cpp"}
2026-03-15 23:40:58 [debug] : MonacoEditorModel.doSync - exit - cancelled while looking for a resource {"0":"file:///home/abdullah/Desktop/CNN-on-FPGA/src/conv.cpp"}
2026-03-15 23:40:58 [debug] : MonacoEditorModel.doSync - enter {"0":"file:///home/abdullah/Desktop/CNN-on-FPGA/src/conv.cpp"}
2026-03-15 23:40:58 [debug] : MonacoEditorModel.doSync - exit - cancelled {"0":"file:///home/abdullah/Desktop/CNN-on-FPGA/src/conv.cpp"}
2026-03-15 23:40:58 [debug] : MonacoEditorModel.doSync - enter {"0":"file:///home/abdullah/Desktop/CNN-on-FPGA/src/conv.cpp"}
2026-03-15 23:40:58 [debug] : MonacoEditorModel.doSync - exit - cancelled {"0":"file:///home/abdullah/Desktop/CNN-on-FPGA/src/conv.cpp"}
2026-03-15 23:40:58 [debug] : MonacoEditorModel.doSync - enter {"0":"file:///home/abdullah/Desktop/CNN-on-FPGA/src/conv.cpp"}
2026-03-15 23:40:58 [debug] : MonacoEditorModel.doSync - exit - cancelled {"0":"file:///home/abdullah/Desktop/CNN-on-FPGA/src/conv.cpp"}
2026-03-15 23:40:58 [debug] : MonacoEditorModel.doSync - enter {"0":"file:///home/abdullah/Desktop/CNN-on-FPGA/src/conv.cpp"}
2026-03-15 23:40:58 [debug] : MonacoEditorModel.doSync - exit - cancelled {"0":"file:///home/abdullah/Desktop/CNN-on-FPGA/src/conv.cpp"}
2026-03-15 23:40:58 [debug] : MonacoEditorModel.doSync - enter {"0":"file:///home/abdullah/Desktop/CNN-on-FPGA/src/conv.cpp"}
2026-03-15 23:40:58 [debug] : MonacoEditorModel.doSync - exit - cancelled {"0":"file:///home/abdullah/Desktop/CNN-on-FPGA/src/conv.cpp"}
2026-03-15 23:40:58 [debug] : MonacoEditorModel.doSync - enter {"0":"file:///home/abdullah/Desktop/CNN-on-FPGA/src/conv.cpp"}
2026-03-15 23:40:58 [debug] : MonacoEditorModel.doSync - exit - cancelled {"0":"file:///home/abdullah/Desktop/CNN-on-FPGA/src/conv.cpp"}
2026-03-15 23:40:58 [debug] : MonacoEditorModel.doSync - enter {"0":"file:///home/abdullah/Desktop/CNN-on-FPGA/src/conv.cpp"}
2026-03-15 23:40:58 [debug] : MonacoEditorModel.doSync - exit - cancelled {"0":"file:///home/abdullah/Desktop/CNN-on-FPGA/src/conv.cpp"}
2026-03-15 23:40:58 [debug] : MonacoEditorModel.doSync - enter {"0":"file:///home/abdullah/Desktop/CNN-on-FPGA/src/conv.cpp"}
2026-03-15 23:40:58 [debug] : MonacoEditorModel.doSync - exit - cancelled {"0":"file:///home/abdullah/Desktop/CNN-on-FPGA/src/conv.cpp"}
2026-03-15 23:40:58 [debug] : MonacoEditorModel.doSync - enter {"0":"file:///home/abdullah/Desktop/CNN-on-FPGA/src/conv.cpp"}
2026-03-15 23:40:58 [debug] : MonacoEditorModel.doSync - exit - cancelled {"0":"file:///home/abdullah/Desktop/CNN-on-FPGA/src/conv.cpp"}
2026-03-15 23:40:58 [debug] : MonacoEditorModel.doSync - enter {"0":"file:///home/abdullah/Desktop/CNN-on-FPGA/src/conv.cpp"}
2026-03-15 23:40:58 [debug] : MonacoEditorModel.doSync - exit - cancelled {"0":"file:///home/abdullah/Desktop/CNN-on-FPGA/src/conv.cpp"}
2026-03-15 23:40:58 [debug] : MonacoEditorModel.doSync - enter {"0":"file:///home/abdullah/Desktop/CNN-on-FPGA/src/conv.cpp"}
2026-03-15 23:40:58 [debug] : MonacoEditorModel.doSync - exit - cancelled {"0":"file:///home/abdullah/Desktop/CNN-on-FPGA/src/conv.cpp"}
2026-03-15 23:40:58 [debug] : MonacoEditorModel.doSync - enter {"0":"file:///home/abdullah/Desktop/CNN-on-FPGA/src/conv.cpp"}
2026-03-15 23:40:58 [debug] : MonacoEditorModel.doSync - exit - cancelled {"0":"file:///home/abdullah/Desktop/CNN-on-FPGA/src/conv.cpp"}
2026-03-15 23:40:58 [debug] : MonacoEditorModel.doSync - enter {"0":"file:///home/abdullah/Desktop/CNN-on-FPGA/src/conv.cpp"}
2026-03-15 23:40:58 [debug] : MonacoEditorModel.doSync - exit - cancelled {"0":"file:///home/abdullah/Desktop/CNN-on-FPGA/src/conv.cpp"}
2026-03-15 23:40:58 [debug] : MonacoEditorModel.doSync - enter {"0":"file:///home/abdullah/Desktop/CNN-on-FPGA/src/conv.cpp"}
2026-03-15 23:40:58 [debug] : MonacoEditorModel.doSync - exit - cancelled {"0":"file:///home/abdullah/Desktop/CNN-on-FPGA/src/conv.cpp"}
2026-03-15 23:40:58 [debug] : MonacoEditorModel.doSync - enter {"0":"file:///home/abdullah/Desktop/CNN-on-FPGA/src/conv.cpp"}
2026-03-15 23:40:58 [debug] : MonacoEditorModel.doSync - exit - cancelled {"0":"file:///home/abdullah/Desktop/CNN-on-FPGA/src/conv.cpp"}
2026-03-15 23:40:58 [debug] : MonacoEditorModel.doSync - enter {"0":"file:///home/abdullah/Desktop/CNN-on-FPGA/src/conv.cpp"}
2026-03-15 23:40:58 [debug] : MonacoEditorModel.doSync - exit - cancelled {"0":"file:///home/abdullah/Desktop/CNN-on-FPGA/src/conv.cpp"}
2026-03-15 23:40:58 [debug] : MonacoEditorModel.doSync - enter {"0":"file:///home/abdullah/Desktop/CNN-on-FPGA/src/conv.cpp"}
2026-03-15 23:40:58 [debug] : MonacoEditorModel.doSync - exit - cancelled {"0":"file:///home/abdullah/Desktop/CNN-on-FPGA/src/conv.cpp"}
2026-03-15 23:40:58 [debug] : MonacoEditorModel.doSync - enter {"0":"file:///home/abdullah/Desktop/CNN-on-FPGA/src/conv.cpp"}
2026-03-15 23:40:58 [debug] : MonacoEditorModel.fireDidChangeContent - enter - {
  "changes": [
    {
      "range": {
        "startLineNumber": 41,
        "startColumn": 1,
        "endLineNumber": 41,
        "endColumn": 1
      },
      "rangeLength": 0,
      "text": "                            \n",
      "rangeOffset": 1472,
      "forceMoveMarkers": true
    }
  ],
  "eol": "\n",
  "isEolChange": false,
  "versionId": 9,
  "isUndoing": false,
  "isRedoing": false,
  "isFlush": false
} {"0":"file:///home/abdullah/Desktop/CNN-on-FPGA/src/conv.cpp"}
2026-03-15 23:40:58 [debug] : MonacoEditorModel.markAsDirty - enter {"0":"file:///home/abdullah/Desktop/CNN-on-FPGA/src/conv.cpp"}
2026-03-15 23:40:58 [debug] : MonacoEditorModel.markAsDirty - exit - ignoring dirty changes enabled {"0":"file:///home/abdullah/Desktop/CNN-on-FPGA/src/conv.cpp"}
2026-03-15 23:40:58 [debug] : MonacoEditorModel.fireDidChangeContent - exit {"0":"file:///home/abdullah/Desktop/CNN-on-FPGA/src/conv.cpp"}
2026-03-15 23:40:58 [debug] : MonacoEditorModel.doSync - exit {"0":"file:///home/abdullah/Desktop/CNN-on-FPGA/src/conv.cpp"}
2026-03-15 23:40:59 [debug] : MonacoEditorModel.cancelSync {"0":"file:///home/abdullah/Desktop/CNN-on-FPGA/src/conv.cpp"}
2026-03-15 23:40:59 [debug] : MonacoEditorModel.doSync - enter {"0":"file:///home/abdullah/Desktop/CNN-on-FPGA/src/conv.cpp"}
2026-03-15 23:40:59 [debug] : MonacoEditorModel.cancelSync {"0":"file:///home/abdullah/Desktop/CNN-on-FPGA/src/conv.cpp"}
2026-03-15 23:40:59 [debug] : MonacoEditorModel.cancelSync {"0":"file:///home/abdullah/Desktop/CNN-on-FPGA/src/conv.cpp"}
2026-03-15 23:40:59 [debug] : MonacoEditorModel.cancelSync {"0":"file:///home/abdullah/Desktop/CNN-on-FPGA/src/conv.cpp"}
2026-03-15 23:40:59 [debug] : MonacoEditorModel.cancelSync {"0":"file:///home/abdullah/Desktop/CNN-on-FPGA/src/conv.cpp"}
2026-03-15 23:40:59 [debug] : MonacoEditorModel.cancelSync {"0":"file:///home/abdullah/Desktop/CNN-on-FPGA/src/conv.cpp"}
2026-03-15 23:40:59 [debug] : MonacoEditorModel.cancelSync {"0":"file:///home/abdullah/Desktop/CNN-on-FPGA/src/conv.cpp"}
2026-03-15 23:40:59 [debug] : MonacoEditorModel.cancelSync {"0":"file:///home/abdullah/Desktop/CNN-on-FPGA/src/conv.cpp"}
2026-03-15 23:40:59 [debug] : MonacoEditorModel.cancelSync {"0":"file:///home/abdullah/Desktop/CNN-on-FPGA/src/conv.cpp"}
2026-03-15 23:40:59 [debug] : MonacoEditorModel.cancelSync {"0":"file:///home/abdullah/Desktop/CNN-on-FPGA/src/conv.cpp"}
2026-03-15 23:40:59 [debug] : MonacoEditorModel.cancelSync {"0":"file:///home/abdullah/Desktop/CNN-on-FPGA/src/conv.cpp"}
2026-03-15 23:40:59 [debug] : MonacoEditorModel.cancelSync {"0":"file:///home/abdullah/Desktop/CNN-on-FPGA/src/conv.cpp"}
2026-03-15 23:40:59 [debug] : MonacoEditorModel.cancelSync {"0":"file:///home/abdullah/Desktop/CNN-on-FPGA/src/conv.cpp"}
2026-03-15 23:40:59 [debug] : MonacoEditorModel.cancelSync {"0":"file:///home/abdullah/Desktop/CNN-on-FPGA/src/conv.cpp"}
2026-03-15 23:40:59 [debug] : MonacoEditorModel.cancelSync {"0":"file:///home/abdullah/Desktop/CNN-on-FPGA/src/conv.cpp"}
2026-03-15 23:40:59 [debug] : MonacoEditorModel.cancelSync {"0":"file:///home/abdullah/Desktop/CNN-on-FPGA/src/conv.cpp"}
2026-03-15 23:40:59 [debug] : MonacoEditorModel.cancelSync {"0":"file:///home/abdullah/Desktop/CNN-on-FPGA/src/conv.cpp"}
2026-03-15 23:40:59 [debug] : MonacoEditorModel.cancelSync {"0":"file:///home/abdullah/Desktop/CNN-on-FPGA/src/conv.cpp"}
2026-03-15 23:40:59 [debug] : MonacoEditorModel.cancelSync {"0":"file:///home/abdullah/Desktop/CNN-on-FPGA/src/conv.cpp"}
2026-03-15 23:40:59 [debug] : MonacoEditorModel.doSync - exit - cancelled while looking for a resource {"0":"file:///home/abdullah/Desktop/CNN-on-FPGA/src/conv.cpp"}
2026-03-15 23:40:59 [debug] : MonacoEditorModel.doSync - enter {"0":"file:///home/abdullah/Desktop/CNN-on-FPGA/src/conv.cpp"}
2026-03-15 23:40:59 [debug] : MonacoEditorModel.doSync - exit - cancelled {"0":"file:///home/abdullah/Desktop/CNN-on-FPGA/src/conv.cpp"}
2026-03-15 23:40:59 [debug] : MonacoEditorModel.doSync - enter {"0":"file:///home/abdullah/Desktop/CNN-on-FPGA/src/conv.cpp"}
2026-03-15 23:40:59 [debug] : MonacoEditorModel.doSync - exit - cancelled {"0":"file:///home/abdullah/Desktop/CNN-on-FPGA/src/conv.cpp"}
2026-03-15 23:40:59 [debug] : MonacoEditorModel.doSync - enter {"0":"file:///home/abdullah/Desktop/CNN-on-FPGA/src/conv.cpp"}
2026-03-15 23:40:59 [debug] : MonacoEditorModel.doSync - exit - cancelled {"0":"file:///home/abdullah/Desktop/CNN-on-FPGA/src/conv.cpp"}
2026-03-15 23:40:59 [debug] : MonacoEditorModel.doSync - enter {"0":"file:///home/abdullah/Desktop/CNN-on-FPGA/src/conv.cpp"}
2026-03-15 23:40:59 [debug] : MonacoEditorModel.doSync - exit - cancelled {"0":"file:///home/abdullah/Desktop/CNN-on-FPGA/src/conv.cpp"}
2026-03-15 23:40:59 [debug] : MonacoEditorModel.doSync - enter {"0":"file:///home/abdullah/Desktop/CNN-on-FPGA/src/conv.cpp"}
2026-03-15 23:40:59 [debug] : MonacoEditorModel.doSync - exit - cancelled {"0":"file:///home/abdullah/Desktop/CNN-on-FPGA/src/conv.cpp"}
2026-03-15 23:40:59 [debug] : MonacoEditorModel.doSync - enter {"0":"file:///home/abdullah/Desktop/CNN-on-FPGA/src/conv.cpp"}
2026-03-15 23:40:59 [debug] : MonacoEditorModel.doSync - exit - cancelled {"0":"file:///home/abdullah/Desktop/CNN-on-FPGA/src/conv.cpp"}
2026-03-15 23:40:59 [debug] : MonacoEditorModel.doSync - enter {"0":"file:///home/abdullah/Desktop/CNN-on-FPGA/src/conv.cpp"}
2026-03-15 23:40:59 [debug] : MonacoEditorModel.doSync - exit - cancelled {"0":"file:///home/abdullah/Desktop/CNN-on-FPGA/src/conv.cpp"}
2026-03-15 23:40:59 [debug] : MonacoEditorModel.doSync - enter {"0":"file:///home/abdullah/Desktop/CNN-on-FPGA/src/conv.cpp"}
2026-03-15 23:40:59 [debug] : MonacoEditorModel.doSync - exit - cancelled {"0":"file:///home/abdullah/Desktop/CNN-on-FPGA/src/conv.cpp"}
2026-03-15 23:40:59 [debug] : MonacoEditorModel.doSync - enter {"0":"file:///home/abdullah/Desktop/CNN-on-FPGA/src/conv.cpp"}
2026-03-15 23:40:59 [debug] : MonacoEditorModel.doSync - exit - cancelled {"0":"file:///home/abdullah/Desktop/CNN-on-FPGA/src/conv.cpp"}
2026-03-15 23:40:59 [debug] : MonacoEditorModel.doSync - enter {"0":"file:///home/abdullah/Desktop/CNN-on-FPGA/src/conv.cpp"}
2026-03-15 23:40:59 [debug] : MonacoEditorModel.doSync - exit - cancelled {"0":"file:///home/abdullah/Desktop/CNN-on-FPGA/src/conv.cpp"}
2026-03-15 23:40:59 [debug] : MonacoEditorModel.doSync - enter {"0":"file:///home/abdullah/Desktop/CNN-on-FPGA/src/conv.cpp"}
2026-03-15 23:40:59 [debug] : MonacoEditorModel.doSync - exit - cancelled {"0":"file:///home/abdullah/Desktop/CNN-on-FPGA/src/conv.cpp"}
2026-03-15 23:40:59 [debug] : MonacoEditorModel.doSync - enter {"0":"file:///home/abdullah/Desktop/CNN-on-FPGA/src/conv.cpp"}
2026-03-15 23:40:59 [debug] : MonacoEditorModel.doSync - exit - cancelled {"0":"file:///home/abdullah/Desktop/CNN-on-FPGA/src/conv.cpp"}
2026-03-15 23:40:59 [debug] : MonacoEditorModel.doSync - enter {"0":"file:///home/abdullah/Desktop/CNN-on-FPGA/src/conv.cpp"}
2026-03-15 23:40:59 [debug] : MonacoEditorModel.doSync - exit - cancelled {"0":"file:///home/abdullah/Desktop/CNN-on-FPGA/src/conv.cpp"}
2026-03-15 23:40:59 [debug] : MonacoEditorModel.doSync - enter {"0":"file:///home/abdullah/Desktop/CNN-on-FPGA/src/conv.cpp"}
2026-03-15 23:40:59 [debug] : MonacoEditorModel.doSync - exit - cancelled {"0":"file:///home/abdullah/Desktop/CNN-on-FPGA/src/conv.cpp"}
2026-03-15 23:40:59 [debug] : MonacoEditorModel.doSync - enter {"0":"file:///home/abdullah/Desktop/CNN-on-FPGA/src/conv.cpp"}
2026-03-15 23:40:59 [debug] : MonacoEditorModel.doSync - exit - cancelled {"0":"file:///home/abdullah/Desktop/CNN-on-FPGA/src/conv.cpp"}
2026-03-15 23:40:59 [debug] : MonacoEditorModel.doSync - enter {"0":"file:///home/abdullah/Desktop/CNN-on-FPGA/src/conv.cpp"}
2026-03-15 23:40:59 [debug] : MonacoEditorModel.doSync - exit - cancelled {"0":"file:///home/abdullah/Desktop/CNN-on-FPGA/src/conv.cpp"}
2026-03-15 23:40:59 [debug] : MonacoEditorModel.doSync - enter {"0":"file:///home/abdullah/Desktop/CNN-on-FPGA/src/conv.cpp"}
2026-03-15 23:40:59 [debug] : MonacoEditorModel.doSync - exit - cancelled {"0":"file:///home/abdullah/Desktop/CNN-on-FPGA/src/conv.cpp"}
2026-03-15 23:40:59 [debug] : MonacoEditorModel.doSync - enter {"0":"file:///home/abdullah/Desktop/CNN-on-FPGA/src/conv.cpp"}
2026-03-15 23:40:59 [debug] : MonacoEditorModel.fireDidChangeContent - enter - {
  "changes": [
    {
      "range": {
        "startLineNumber": 41,
        "startColumn": 1,
        "endLineNumber": 42,
        "endColumn": 1
      },
      "rangeLength": 29,
      "text": "                            set_directive_bind_op -op mul -impl fabric -latency 2 \"foo\" c\n",
      "rangeOffset": 1472,
      "forceMoveMarkers": true
    }
  ],
  "eol": "\n",
  "isEolChange": false,
  "versionId": 10,
  "isUndoing": false,
  "isRedoing": false,
  "isFlush": false
} {"0":"file:///home/abdullah/Desktop/CNN-on-FPGA/src/conv.cpp"}
2026-03-15 23:40:59 [debug] : MonacoEditorModel.markAsDirty - enter {"0":"file:///home/abdullah/Desktop/CNN-on-FPGA/src/conv.cpp"}
2026-03-15 23:40:59 [debug] : MonacoEditorModel.markAsDirty - exit - ignoring dirty changes enabled {"0":"file:///home/abdullah/Desktop/CNN-on-FPGA/src/conv.cpp"}
2026-03-15 23:40:59 [debug] : MonacoEditorModel.fireDidChangeContent - exit {"0":"file:///home/abdullah/Desktop/CNN-on-FPGA/src/conv.cpp"}
2026-03-15 23:40:59 [debug] : MonacoEditorModel.doSync - exit {"0":"file:///home/abdullah/Desktop/CNN-on-FPGA/src/conv.cpp"}
2026-03-15 23:41:04 [debug] : MonacoEditorModel.cancelSync {"0":"file:///home/abdullah/Desktop/CNN-on-FPGA/src/conv.cpp"}
2026-03-15 23:41:04 [debug] : MonacoEditorModel.doSync - enter {"0":"file:///home/abdullah/Desktop/CNN-on-FPGA/src/conv.cpp"}
2026-03-15 23:41:04 [debug] : MonacoEditorModel.cancelSync {"0":"file:///home/abdullah/Desktop/CNN-on-FPGA/src/conv.cpp"}
2026-03-15 23:41:04 [debug] : MonacoEditorModel.cancelSync {"0":"file:///home/abdullah/Desktop/CNN-on-FPGA/src/conv.cpp"}
2026-03-15 23:41:04 [debug] : MonacoEditorModel.cancelSync {"0":"file:///home/abdullah/Desktop/CNN-on-FPGA/src/conv.cpp"}
2026-03-15 23:41:04 [debug] : MonacoEditorModel.cancelSync {"0":"file:///home/abdullah/Desktop/CNN-on-FPGA/src/conv.cpp"}
2026-03-15 23:41:04 [debug] : MonacoEditorModel.cancelSync {"0":"file:///home/abdullah/Desktop/CNN-on-FPGA/src/conv.cpp"}
2026-03-15 23:41:04 [debug] : MonacoEditorModel.cancelSync {"0":"file:///home/abdullah/Desktop/CNN-on-FPGA/src/conv.cpp"}
2026-03-15 23:41:04 [debug] : MonacoEditorModel.cancelSync {"0":"file:///home/abdullah/Desktop/CNN-on-FPGA/src/conv.cpp"}
2026-03-15 23:41:04 [debug] : MonacoEditorModel.cancelSync {"0":"file:///home/abdullah/Desktop/CNN-on-FPGA/src/conv.cpp"}
2026-03-15 23:41:04 [debug] : MonacoEditorModel.cancelSync {"0":"file:///home/abdullah/Desktop/CNN-on-FPGA/src/conv.cpp"}
2026-03-15 23:41:04 [debug] : MonacoEditorModel.cancelSync {"0":"file:///home/abdullah/Desktop/CNN-on-FPGA/src/conv.cpp"}
2026-03-15 23:41:04 [debug] : MonacoEditorModel.cancelSync {"0":"file:///home/abdullah/Desktop/CNN-on-FPGA/src/conv.cpp"}
2026-03-15 23:41:04 [debug] : MonacoEditorModel.cancelSync {"0":"file:///home/abdullah/Desktop/CNN-on-FPGA/src/conv.cpp"}
2026-03-15 23:41:04 [debug] : MonacoEditorModel.cancelSync {"0":"file:///home/abdullah/Desktop/CNN-on-FPGA/src/conv.cpp"}
2026-03-15 23:41:04 [debug] : MonacoEditorModel.cancelSync {"0":"file:///home/abdullah/Desktop/CNN-on-FPGA/src/conv.cpp"}
2026-03-15 23:41:04 [debug] : MonacoEditorModel.cancelSync {"0":"file:///home/abdullah/Desktop/CNN-on-FPGA/src/conv.cpp"}
2026-03-15 23:41:04 [debug] : MonacoEditorModel.cancelSync {"0":"file:///home/abdullah/Desktop/CNN-on-FPGA/src/conv.cpp"}
2026-03-15 23:41:04 [debug] : MonacoEditorModel.cancelSync {"0":"file:///home/abdullah/Desktop/CNN-on-FPGA/src/conv.cpp"}
2026-03-15 23:41:04 [debug] : MonacoEditorModel.cancelSync {"0":"file:///home/abdullah/Desktop/CNN-on-FPGA/src/conv.cpp"}
2026-03-15 23:41:04 [debug] : MonacoEditorModel.doSync - exit - cancelled while looking for a resource {"0":"file:///home/abdullah/Desktop/CNN-on-FPGA/src/conv.cpp"}
2026-03-15 23:41:04 [debug] : MonacoEditorModel.doSync - enter {"0":"file:///home/abdullah/Desktop/CNN-on-FPGA/src/conv.cpp"}
2026-03-15 23:41:04 [debug] : MonacoEditorModel.doSync - exit - cancelled {"0":"file:///home/abdullah/Desktop/CNN-on-FPGA/src/conv.cpp"}
2026-03-15 23:41:04 [debug] : MonacoEditorModel.doSync - enter {"0":"file:///home/abdullah/Desktop/CNN-on-FPGA/src/conv.cpp"}
2026-03-15 23:41:04 [debug] : MonacoEditorModel.doSync - exit - cancelled {"0":"file:///home/abdullah/Desktop/CNN-on-FPGA/src/conv.cpp"}
2026-03-15 23:41:04 [debug] : MonacoEditorModel.doSync - enter {"0":"file:///home/abdullah/Desktop/CNN-on-FPGA/src/conv.cpp"}
2026-03-15 23:41:04 [debug] : MonacoEditorModel.doSync - exit - cancelled {"0":"file:///home/abdullah/Desktop/CNN-on-FPGA/src/conv.cpp"}
2026-03-15 23:41:04 [debug] : MonacoEditorModel.doSync - enter {"0":"file:///home/abdullah/Desktop/CNN-on-FPGA/src/conv.cpp"}
2026-03-15 23:41:04 [debug] : MonacoEditorModel.doSync - exit - cancelled {"0":"file:///home/abdullah/Desktop/CNN-on-FPGA/src/conv.cpp"}
2026-03-15 23:41:04 [debug] : MonacoEditorModel.doSync - enter {"0":"file:///home/abdullah/Desktop/CNN-on-FPGA/src/conv.cpp"}
2026-03-15 23:41:04 [debug] : MonacoEditorModel.doSync - exit - cancelled {"0":"file:///home/abdullah/Desktop/CNN-on-FPGA/src/conv.cpp"}
2026-03-15 23:41:04 [debug] : MonacoEditorModel.doSync - enter {"0":"file:///home/abdullah/Desktop/CNN-on-FPGA/src/conv.cpp"}
2026-03-15 23:41:04 [debug] : MonacoEditorModel.doSync - exit - cancelled {"0":"file:///home/abdullah/Desktop/CNN-on-FPGA/src/conv.cpp"}
2026-03-15 23:41:04 [debug] : MonacoEditorModel.doSync - enter {"0":"file:///home/abdullah/Desktop/CNN-on-FPGA/src/conv.cpp"}
2026-03-15 23:41:04 [debug] : MonacoEditorModel.doSync - exit - cancelled {"0":"file:///home/abdullah/Desktop/CNN-on-FPGA/src/conv.cpp"}
2026-03-15 23:41:04 [debug] : MonacoEditorModel.doSync - enter {"0":"file:///home/abdullah/Desktop/CNN-on-FPGA/src/conv.cpp"}
2026-03-15 23:41:04 [debug] : MonacoEditorModel.doSync - exit - cancelled {"0":"file:///home/abdullah/Desktop/CNN-on-FPGA/src/conv.cpp"}
2026-03-15 23:41:04 [debug] : MonacoEditorModel.doSync - enter {"0":"file:///home/abdullah/Desktop/CNN-on-FPGA/src/conv.cpp"}
2026-03-15 23:41:04 [debug] : MonacoEditorModel.doSync - exit - cancelled {"0":"file:///home/abdullah/Desktop/CNN-on-FPGA/src/conv.cpp"}
2026-03-15 23:41:04 [debug] : MonacoEditorModel.doSync - enter {"0":"file:///home/abdullah/Desktop/CNN-on-FPGA/src/conv.cpp"}
2026-03-15 23:41:04 [debug] : MonacoEditorModel.doSync - exit - cancelled {"0":"file:///home/abdullah/Desktop/CNN-on-FPGA/src/conv.cpp"}
2026-03-15 23:41:04 [debug] : MonacoEditorModel.doSync - enter {"0":"file:///home/abdullah/Desktop/CNN-on-FPGA/src/conv.cpp"}
2026-03-15 23:41:04 [debug] : MonacoEditorModel.doSync - exit - cancelled {"0":"file:///home/abdullah/Desktop/CNN-on-FPGA/src/conv.cpp"}
2026-03-15 23:41:04 [debug] : MonacoEditorModel.doSync - enter {"0":"file:///home/abdullah/Desktop/CNN-on-FPGA/src/conv.cpp"}
2026-03-15 23:41:04 [debug] : MonacoEditorModel.doSync - exit - cancelled {"0":"file:///home/abdullah/Desktop/CNN-on-FPGA/src/conv.cpp"}
2026-03-15 23:41:04 [debug] : MonacoEditorModel.doSync - enter {"0":"file:///home/abdullah/Desktop/CNN-on-FPGA/src/conv.cpp"}
2026-03-15 23:41:04 [debug] : MonacoEditorModel.doSync - exit - cancelled {"0":"file:///home/abdullah/Desktop/CNN-on-FPGA/src/conv.cpp"}
2026-03-15 23:41:04 [debug] : MonacoEditorModel.doSync - enter {"0":"file:///home/abdullah/Desktop/CNN-on-FPGA/src/conv.cpp"}
2026-03-15 23:41:04 [debug] : MonacoEditorModel.doSync - exit - cancelled {"0":"file:///home/abdullah/Desktop/CNN-on-FPGA/src/conv.cpp"}
2026-03-15 23:41:04 [debug] : MonacoEditorModel.doSync - enter {"0":"file:///home/abdullah/Desktop/CNN-on-FPGA/src/conv.cpp"}
2026-03-15 23:41:04 [debug] : MonacoEditorModel.doSync - exit - cancelled {"0":"file:///home/abdullah/Desktop/CNN-on-FPGA/src/conv.cpp"}
2026-03-15 23:41:04 [debug] : MonacoEditorModel.doSync - enter {"0":"file:///home/abdullah/Desktop/CNN-on-FPGA/src/conv.cpp"}
2026-03-15 23:41:04 [debug] : MonacoEditorModel.doSync - exit - cancelled {"0":"file:///home/abdullah/Desktop/CNN-on-FPGA/src/conv.cpp"}
2026-03-15 23:41:04 [debug] : MonacoEditorModel.doSync - enter {"0":"file:///home/abdullah/Desktop/CNN-on-FPGA/src/conv.cpp"}
2026-03-15 23:41:04 [debug] : MonacoEditorModel.doSync - exit - cancelled {"0":"file:///home/abdullah/Desktop/CNN-on-FPGA/src/conv.cpp"}
2026-03-15 23:41:04 [debug] : MonacoEditorModel.doSync - enter {"0":"file:///home/abdullah/Desktop/CNN-on-FPGA/src/conv.cpp"}
2026-03-15 23:41:04 [debug] : MonacoEditorModel.fireDidChangeContent - enter - {
  "changes": [
    {
      "range": {
        "startLineNumber": 41,
        "startColumn": 1,
        "endLineNumber": 42,
        "endColumn": 1
      },
      "rangeLength": 90,
      "text": "                            #set_directive_bind_op -op mul -impl fabric -latency 2 \"foo\" c\n",
      "rangeOffset": 1472,
      "forceMoveMarkers": true
    }
  ],
  "eol": "\n",
  "isEolChange": false,
  "versionId": 11,
  "isUndoing": false,
  "isRedoing": false,
  "isFlush": false
} {"0":"file:///home/abdullah/Desktop/CNN-on-FPGA/src/conv.cpp"}
2026-03-15 23:41:04 [debug] : MonacoEditorModel.markAsDirty - enter {"0":"file:///home/abdullah/Desktop/CNN-on-FPGA/src/conv.cpp"}
2026-03-15 23:41:04 [debug] : MonacoEditorModel.markAsDirty - exit - ignoring dirty changes enabled {"0":"file:///home/abdullah/Desktop/CNN-on-FPGA/src/conv.cpp"}
2026-03-15 23:41:04 [debug] : MonacoEditorModel.fireDidChangeContent - exit {"0":"file:///home/abdullah/Desktop/CNN-on-FPGA/src/conv.cpp"}
2026-03-15 23:41:04 [debug] : MonacoEditorModel.doSync - exit {"0":"file:///home/abdullah/Desktop/CNN-on-FPGA/src/conv.cpp"}
2026-03-15 23:41:09 [debug] : MonacoEditorModel.cancelSync {"0":"file:///home/abdullah/Desktop/CNN-on-FPGA/src/conv.cpp"}
2026-03-15 23:41:09 [debug] : MonacoEditorModel.doSync - enter {"0":"file:///home/abdullah/Desktop/CNN-on-FPGA/src/conv.cpp"}
2026-03-15 23:41:09 [debug] : MonacoEditorModel.cancelSync {"0":"file:///home/abdullah/Desktop/CNN-on-FPGA/src/conv.cpp"}
2026-03-15 23:41:09 [debug] : MonacoEditorModel.cancelSync {"0":"file:///home/abdullah/Desktop/CNN-on-FPGA/src/conv.cpp"}
2026-03-15 23:41:09 [debug] : MonacoEditorModel.cancelSync {"0":"file:///home/abdullah/Desktop/CNN-on-FPGA/src/conv.cpp"}
2026-03-15 23:41:09 [debug] : MonacoEditorModel.cancelSync {"0":"file:///home/abdullah/Desktop/CNN-on-FPGA/src/conv.cpp"}
2026-03-15 23:41:09 [debug] : MonacoEditorModel.cancelSync {"0":"file:///home/abdullah/Desktop/CNN-on-FPGA/src/conv.cpp"}
2026-03-15 23:41:09 [debug] : MonacoEditorModel.cancelSync {"0":"file:///home/abdullah/Desktop/CNN-on-FPGA/src/conv.cpp"}
2026-03-15 23:41:09 [debug] : MonacoEditorModel.cancelSync {"0":"file:///home/abdullah/Desktop/CNN-on-FPGA/src/conv.cpp"}
2026-03-15 23:41:09 [debug] : MonacoEditorModel.cancelSync {"0":"file:///home/abdullah/Desktop/CNN-on-FPGA/src/conv.cpp"}
2026-03-15 23:41:09 [debug] : MonacoEditorModel.cancelSync {"0":"file:///home/abdullah/Desktop/CNN-on-FPGA/src/conv.cpp"}
2026-03-15 23:41:09 [debug] : MonacoEditorModel.cancelSync {"0":"file:///home/abdullah/Desktop/CNN-on-FPGA/src/conv.cpp"}
2026-03-15 23:41:09 [debug] : MonacoEditorModel.cancelSync {"0":"file:///home/abdullah/Desktop/CNN-on-FPGA/src/conv.cpp"}
2026-03-15 23:41:09 [debug] : MonacoEditorModel.cancelSync {"0":"file:///home/abdullah/Desktop/CNN-on-FPGA/src/conv.cpp"}
2026-03-15 23:41:09 [debug] : MonacoEditorModel.cancelSync {"0":"file:///home/abdullah/Desktop/CNN-on-FPGA/src/conv.cpp"}
2026-03-15 23:41:09 [debug] : MonacoEditorModel.cancelSync {"0":"file:///home/abdullah/Desktop/CNN-on-FPGA/src/conv.cpp"}
2026-03-15 23:41:09 [debug] : MonacoEditorModel.cancelSync {"0":"file:///home/abdullah/Desktop/CNN-on-FPGA/src/conv.cpp"}
2026-03-15 23:41:09 [debug] : MonacoEditorModel.cancelSync {"0":"file:///home/abdullah/Desktop/CNN-on-FPGA/src/conv.cpp"}
2026-03-15 23:41:09 [debug] : MonacoEditorModel.cancelSync {"0":"file:///home/abdullah/Desktop/CNN-on-FPGA/src/conv.cpp"}
2026-03-15 23:41:09 [debug] : MonacoEditorModel.cancelSync {"0":"file:///home/abdullah/Desktop/CNN-on-FPGA/src/conv.cpp"}
2026-03-15 23:41:09 [debug] : MonacoEditorModel.doSync - exit - cancelled while looking for a resource {"0":"file:///home/abdullah/Desktop/CNN-on-FPGA/src/conv.cpp"}
2026-03-15 23:41:09 [debug] : MonacoEditorModel.doSync - enter {"0":"file:///home/abdullah/Desktop/CNN-on-FPGA/src/conv.cpp"}
2026-03-15 23:41:09 [debug] : MonacoEditorModel.doSync - exit - cancelled {"0":"file:///home/abdullah/Desktop/CNN-on-FPGA/src/conv.cpp"}
2026-03-15 23:41:09 [debug] : MonacoEditorModel.doSync - enter {"0":"file:///home/abdullah/Desktop/CNN-on-FPGA/src/conv.cpp"}
2026-03-15 23:41:09 [debug] : MonacoEditorModel.doSync - exit - cancelled {"0":"file:///home/abdullah/Desktop/CNN-on-FPGA/src/conv.cpp"}
2026-03-15 23:41:09 [debug] : MonacoEditorModel.doSync - enter {"0":"file:///home/abdullah/Desktop/CNN-on-FPGA/src/conv.cpp"}
2026-03-15 23:41:09 [debug] : MonacoEditorModel.doSync - exit - cancelled {"0":"file:///home/abdullah/Desktop/CNN-on-FPGA/src/conv.cpp"}
2026-03-15 23:41:09 [debug] : MonacoEditorModel.doSync - enter {"0":"file:///home/abdullah/Desktop/CNN-on-FPGA/src/conv.cpp"}
2026-03-15 23:41:09 [debug] : MonacoEditorModel.doSync - exit - cancelled {"0":"file:///home/abdullah/Desktop/CNN-on-FPGA/src/conv.cpp"}
2026-03-15 23:41:09 [debug] : MonacoEditorModel.doSync - enter {"0":"file:///home/abdullah/Desktop/CNN-on-FPGA/src/conv.cpp"}
2026-03-15 23:41:09 [debug] : MonacoEditorModel.doSync - exit - cancelled {"0":"file:///home/abdullah/Desktop/CNN-on-FPGA/src/conv.cpp"}
2026-03-15 23:41:09 [debug] : MonacoEditorModel.doSync - enter {"0":"file:///home/abdullah/Desktop/CNN-on-FPGA/src/conv.cpp"}
2026-03-15 23:41:09 [debug] : MonacoEditorModel.doSync - exit - cancelled {"0":"file:///home/abdullah/Desktop/CNN-on-FPGA/src/conv.cpp"}
2026-03-15 23:41:09 [debug] : MonacoEditorModel.doSync - enter {"0":"file:///home/abdullah/Desktop/CNN-on-FPGA/src/conv.cpp"}
2026-03-15 23:41:09 [debug] : MonacoEditorModel.doSync - exit - cancelled {"0":"file:///home/abdullah/Desktop/CNN-on-FPGA/src/conv.cpp"}
2026-03-15 23:41:09 [debug] : MonacoEditorModel.doSync - enter {"0":"file:///home/abdullah/Desktop/CNN-on-FPGA/src/conv.cpp"}
2026-03-15 23:41:09 [debug] : MonacoEditorModel.doSync - exit - cancelled {"0":"file:///home/abdullah/Desktop/CNN-on-FPGA/src/conv.cpp"}
2026-03-15 23:41:09 [debug] : MonacoEditorModel.doSync - enter {"0":"file:///home/abdullah/Desktop/CNN-on-FPGA/src/conv.cpp"}
2026-03-15 23:41:09 [debug] : MonacoEditorModel.doSync - exit - cancelled {"0":"file:///home/abdullah/Desktop/CNN-on-FPGA/src/conv.cpp"}
2026-03-15 23:41:09 [debug] : MonacoEditorModel.doSync - enter {"0":"file:///home/abdullah/Desktop/CNN-on-FPGA/src/conv.cpp"}
2026-03-15 23:41:09 [debug] : MonacoEditorModel.doSync - exit - cancelled {"0":"file:///home/abdullah/Desktop/CNN-on-FPGA/src/conv.cpp"}
2026-03-15 23:41:09 [debug] : MonacoEditorModel.doSync - enter {"0":"file:///home/abdullah/Desktop/CNN-on-FPGA/src/conv.cpp"}
2026-03-15 23:41:09 [debug] : MonacoEditorModel.doSync - exit - cancelled {"0":"file:///home/abdullah/Desktop/CNN-on-FPGA/src/conv.cpp"}
2026-03-15 23:41:09 [debug] : MonacoEditorModel.doSync - enter {"0":"file:///home/abdullah/Desktop/CNN-on-FPGA/src/conv.cpp"}
2026-03-15 23:41:09 [debug] : MonacoEditorModel.doSync - exit - cancelled {"0":"file:///home/abdullah/Desktop/CNN-on-FPGA/src/conv.cpp"}
2026-03-15 23:41:09 [debug] : MonacoEditorModel.doSync - enter {"0":"file:///home/abdullah/Desktop/CNN-on-FPGA/src/conv.cpp"}
2026-03-15 23:41:09 [debug] : MonacoEditorModel.doSync - exit - cancelled {"0":"file:///home/abdullah/Desktop/CNN-on-FPGA/src/conv.cpp"}
2026-03-15 23:41:09 [debug] : MonacoEditorModel.doSync - enter {"0":"file:///home/abdullah/Desktop/CNN-on-FPGA/src/conv.cpp"}
2026-03-15 23:41:09 [debug] : MonacoEditorModel.doSync - exit - cancelled {"0":"file:///home/abdullah/Desktop/CNN-on-FPGA/src/conv.cpp"}
2026-03-15 23:41:09 [debug] : MonacoEditorModel.doSync - enter {"0":"file:///home/abdullah/Desktop/CNN-on-FPGA/src/conv.cpp"}
2026-03-15 23:41:09 [debug] : MonacoEditorModel.doSync - exit - cancelled {"0":"file:///home/abdullah/Desktop/CNN-on-FPGA/src/conv.cpp"}
2026-03-15 23:41:09 [debug] : MonacoEditorModel.doSync - enter {"0":"file:///home/abdullah/Desktop/CNN-on-FPGA/src/conv.cpp"}
2026-03-15 23:41:09 [debug] : MonacoEditorModel.doSync - exit - cancelled {"0":"file:///home/abdullah/Desktop/CNN-on-FPGA/src/conv.cpp"}
2026-03-15 23:41:09 [debug] : MonacoEditorModel.doSync - enter {"0":"file:///home/abdullah/Desktop/CNN-on-FPGA/src/conv.cpp"}
2026-03-15 23:41:09 [debug] : MonacoEditorModel.doSync - exit - cancelled {"0":"file:///home/abdullah/Desktop/CNN-on-FPGA/src/conv.cpp"}
2026-03-15 23:41:09 [debug] : MonacoEditorModel.doSync - enter {"0":"file:///home/abdullah/Desktop/CNN-on-FPGA/src/conv.cpp"}
2026-03-15 23:41:09 [debug] : MonacoEditorModel.fireDidChangeContent - enter - {
  "changes": [
    {
      "range": {
        "startLineNumber": 41,
        "startColumn": 1,
        "endLineNumber": 42,
        "endColumn": 1
      },
      "rangeLength": 91,
      "text": "                            #pragma set_directive_bind_op -op mul -impl fabric -latency 2 \"foo\" c\n",
      "rangeOffset": 1472,
      "forceMoveMarkers": true
    }
  ],
  "eol": "\n",
  "isEolChange": false,
  "versionId": 12,
  "isUndoing": false,
  "isRedoing": false,
  "isFlush": false
} {"0":"file:///home/abdullah/Desktop/CNN-on-FPGA/src/conv.cpp"}
2026-03-15 23:41:09 [debug] : MonacoEditorModel.markAsDirty - enter {"0":"file:///home/abdullah/Desktop/CNN-on-FPGA/src/conv.cpp"}
2026-03-15 23:41:09 [debug] : MonacoEditorModel.markAsDirty - exit - ignoring dirty changes enabled {"0":"file:///home/abdullah/Desktop/CNN-on-FPGA/src/conv.cpp"}
2026-03-15 23:41:09 [debug] : MonacoEditorModel.fireDidChangeContent - exit {"0":"file:///home/abdullah/Desktop/CNN-on-FPGA/src/conv.cpp"}
2026-03-15 23:41:09 [debug] : MonacoEditorModel.doSync - exit {"0":"file:///home/abdullah/Desktop/CNN-on-FPGA/src/conv.cpp"}
2026-03-15 23:41:37 [debug] : MonacoEditorModel.cancelSync {"0":"file:///home/abdullah/Desktop/CNN-on-FPGA/src/conv.cpp"}
2026-03-15 23:41:37 [debug] : MonacoEditorModel.doSync - enter {"0":"file:///home/abdullah/Desktop/CNN-on-FPGA/src/conv.cpp"}
2026-03-15 23:41:37 [debug] : MonacoEditorModel.cancelSync {"0":"file:///home/abdullah/Desktop/CNN-on-FPGA/src/conv.cpp"}
2026-03-15 23:41:37 [debug] : MonacoEditorModel.cancelSync {"0":"file:///home/abdullah/Desktop/CNN-on-FPGA/src/conv.cpp"}
2026-03-15 23:41:37 [debug] : MonacoEditorModel.cancelSync {"0":"file:///home/abdullah/Desktop/CNN-on-FPGA/src/conv.cpp"}
2026-03-15 23:41:37 [debug] : MonacoEditorModel.cancelSync {"0":"file:///home/abdullah/Desktop/CNN-on-FPGA/src/conv.cpp"}
2026-03-15 23:41:37 [debug] : MonacoEditorModel.cancelSync {"0":"file:///home/abdullah/Desktop/CNN-on-FPGA/src/conv.cpp"}
2026-03-15 23:41:37 [debug] : MonacoEditorModel.cancelSync {"0":"file:///home/abdullah/Desktop/CNN-on-FPGA/src/conv.cpp"}
2026-03-15 23:41:37 [debug] : MonacoEditorModel.cancelSync {"0":"file:///home/abdullah/Desktop/CNN-on-FPGA/src/conv.cpp"}
2026-03-15 23:41:37 [debug] : MonacoEditorModel.cancelSync {"0":"file:///home/abdullah/Desktop/CNN-on-FPGA/src/conv.cpp"}
2026-03-15 23:41:37 [debug] : MonacoEditorModel.cancelSync {"0":"file:///home/abdullah/Desktop/CNN-on-FPGA/src/conv.cpp"}
2026-03-15 23:41:37 [debug] : MonacoEditorModel.cancelSync {"0":"file:///home/abdullah/Desktop/CNN-on-FPGA/src/conv.cpp"}
2026-03-15 23:41:37 [debug] : MonacoEditorModel.cancelSync {"0":"file:///home/abdullah/Desktop/CNN-on-FPGA/src/conv.cpp"}
2026-03-15 23:41:37 [debug] : MonacoEditorModel.cancelSync {"0":"file:///home/abdullah/Desktop/CNN-on-FPGA/src/conv.cpp"}
2026-03-15 23:41:37 [debug] : MonacoEditorModel.cancelSync {"0":"file:///home/abdullah/Desktop/CNN-on-FPGA/src/conv.cpp"}
2026-03-15 23:41:37 [debug] : MonacoEditorModel.cancelSync {"0":"file:///home/abdullah/Desktop/CNN-on-FPGA/src/conv.cpp"}
2026-03-15 23:41:37 [debug] : MonacoEditorModel.cancelSync {"0":"file:///home/abdullah/Desktop/CNN-on-FPGA/src/conv.cpp"}
2026-03-15 23:41:37 [debug] : MonacoEditorModel.cancelSync {"0":"file:///home/abdullah/Desktop/CNN-on-FPGA/src/conv.cpp"}
2026-03-15 23:41:37 [debug] : MonacoEditorModel.cancelSync {"0":"file:///home/abdullah/Desktop/CNN-on-FPGA/src/conv.cpp"}
2026-03-15 23:41:37 [debug] : MonacoEditorModel.cancelSync {"0":"file:///home/abdullah/Desktop/CNN-on-FPGA/src/conv.cpp"}
2026-03-15 23:41:37 [debug] : MonacoEditorModel.doSync - exit - cancelled while looking for a resource {"0":"file:///home/abdullah/Desktop/CNN-on-FPGA/src/conv.cpp"}
2026-03-15 23:41:37 [debug] : MonacoEditorModel.doSync - enter {"0":"file:///home/abdullah/Desktop/CNN-on-FPGA/src/conv.cpp"}
2026-03-15 23:41:37 [debug] : MonacoEditorModel.doSync - exit - cancelled {"0":"file:///home/abdullah/Desktop/CNN-on-FPGA/src/conv.cpp"}
2026-03-15 23:41:37 [debug] : MonacoEditorModel.doSync - enter {"0":"file:///home/abdullah/Desktop/CNN-on-FPGA/src/conv.cpp"}
2026-03-15 23:41:37 [debug] : MonacoEditorModel.doSync - exit - cancelled {"0":"file:///home/abdullah/Desktop/CNN-on-FPGA/src/conv.cpp"}
2026-03-15 23:41:37 [debug] : MonacoEditorModel.doSync - enter {"0":"file:///home/abdullah/Desktop/CNN-on-FPGA/src/conv.cpp"}
2026-03-15 23:41:37 [debug] : MonacoEditorModel.doSync - exit - cancelled {"0":"file:///home/abdullah/Desktop/CNN-on-FPGA/src/conv.cpp"}
2026-03-15 23:41:37 [debug] : MonacoEditorModel.doSync - enter {"0":"file:///home/abdullah/Desktop/CNN-on-FPGA/src/conv.cpp"}
2026-03-15 23:41:37 [debug] : MonacoEditorModel.doSync - exit - cancelled {"0":"file:///home/abdullah/Desktop/CNN-on-FPGA/src/conv.cpp"}
2026-03-15 23:41:37 [debug] : MonacoEditorModel.doSync - enter {"0":"file:///home/abdullah/Desktop/CNN-on-FPGA/src/conv.cpp"}
2026-03-15 23:41:37 [debug] : MonacoEditorModel.doSync - exit - cancelled {"0":"file:///home/abdullah/Desktop/CNN-on-FPGA/src/conv.cpp"}
2026-03-15 23:41:37 [debug] : MonacoEditorModel.doSync - enter {"0":"file:///home/abdullah/Desktop/CNN-on-FPGA/src/conv.cpp"}
2026-03-15 23:41:37 [debug] : MonacoEditorModel.doSync - exit - cancelled {"0":"file:///home/abdullah/Desktop/CNN-on-FPGA/src/conv.cpp"}
2026-03-15 23:41:37 [debug] : MonacoEditorModel.doSync - enter {"0":"file:///home/abdullah/Desktop/CNN-on-FPGA/src/conv.cpp"}
2026-03-15 23:41:37 [debug] : MonacoEditorModel.doSync - exit - cancelled {"0":"file:///home/abdullah/Desktop/CNN-on-FPGA/src/conv.cpp"}
2026-03-15 23:41:37 [debug] : MonacoEditorModel.doSync - enter {"0":"file:///home/abdullah/Desktop/CNN-on-FPGA/src/conv.cpp"}
2026-03-15 23:41:37 [debug] : MonacoEditorModel.doSync - exit - cancelled {"0":"file:///home/abdullah/Desktop/CNN-on-FPGA/src/conv.cpp"}
2026-03-15 23:41:37 [debug] : MonacoEditorModel.doSync - enter {"0":"file:///home/abdullah/Desktop/CNN-on-FPGA/src/conv.cpp"}
2026-03-15 23:41:37 [debug] : MonacoEditorModel.doSync - exit - cancelled {"0":"file:///home/abdullah/Desktop/CNN-on-FPGA/src/conv.cpp"}
2026-03-15 23:41:37 [debug] : MonacoEditorModel.doSync - enter {"0":"file:///home/abdullah/Desktop/CNN-on-FPGA/src/conv.cpp"}
2026-03-15 23:41:37 [debug] : MonacoEditorModel.doSync - exit - cancelled {"0":"file:///home/abdullah/Desktop/CNN-on-FPGA/src/conv.cpp"}
2026-03-15 23:41:37 [debug] : MonacoEditorModel.doSync - enter {"0":"file:///home/abdullah/Desktop/CNN-on-FPGA/src/conv.cpp"}
2026-03-15 23:41:37 [debug] : MonacoEditorModel.doSync - exit - cancelled {"0":"file:///home/abdullah/Desktop/CNN-on-FPGA/src/conv.cpp"}
2026-03-15 23:41:37 [debug] : MonacoEditorModel.doSync - enter {"0":"file:///home/abdullah/Desktop/CNN-on-FPGA/src/conv.cpp"}
2026-03-15 23:41:37 [debug] : MonacoEditorModel.doSync - exit - cancelled {"0":"file:///home/abdullah/Desktop/CNN-on-FPGA/src/conv.cpp"}
2026-03-15 23:41:37 [debug] : MonacoEditorModel.doSync - enter {"0":"file:///home/abdullah/Desktop/CNN-on-FPGA/src/conv.cpp"}
2026-03-15 23:41:37 [debug] : MonacoEditorModel.doSync - exit - cancelled {"0":"file:///home/abdullah/Desktop/CNN-on-FPGA/src/conv.cpp"}
2026-03-15 23:41:37 [debug] : MonacoEditorModel.doSync - enter {"0":"file:///home/abdullah/Desktop/CNN-on-FPGA/src/conv.cpp"}
2026-03-15 23:41:37 [debug] : MonacoEditorModel.doSync - exit - cancelled {"0":"file:///home/abdullah/Desktop/CNN-on-FPGA/src/conv.cpp"}
2026-03-15 23:41:37 [debug] : MonacoEditorModel.doSync - enter {"0":"file:///home/abdullah/Desktop/CNN-on-FPGA/src/conv.cpp"}
2026-03-15 23:41:37 [debug] : MonacoEditorModel.doSync - exit - cancelled {"0":"file:///home/abdullah/Desktop/CNN-on-FPGA/src/conv.cpp"}
2026-03-15 23:41:37 [debug] : MonacoEditorModel.doSync - enter {"0":"file:///home/abdullah/Desktop/CNN-on-FPGA/src/conv.cpp"}
2026-03-15 23:41:37 [debug] : MonacoEditorModel.doSync - exit - cancelled {"0":"file:///home/abdullah/Desktop/CNN-on-FPGA/src/conv.cpp"}
2026-03-15 23:41:37 [debug] : MonacoEditorModel.doSync - enter {"0":"file:///home/abdullah/Desktop/CNN-on-FPGA/src/conv.cpp"}
2026-03-15 23:41:37 [debug] : MonacoEditorModel.doSync - exit - cancelled {"0":"file:///home/abdullah/Desktop/CNN-on-FPGA/src/conv.cpp"}
2026-03-15 23:41:37 [debug] : MonacoEditorModel.doSync - enter {"0":"file:///home/abdullah/Desktop/CNN-on-FPGA/src/conv.cpp"}
2026-03-15 23:41:37 [debug] : MonacoEditorModel.fireDidChangeContent - enter - {
  "changes": [
    {
      "range": {
        "startLineNumber": 41,
        "startColumn": 1,
        "endLineNumber": 42,
        "endColumn": 1
      },
      "rangeLength": 98,
      "text": "                            #pragma bind_op -op mul -impl fabric -latency 2 \"foo\" c\n",
      "rangeOffset": 1472,
      "forceMoveMarkers": true
    }
  ],
  "eol": "\n",
  "isEolChange": false,
  "versionId": 13,
  "isUndoing": false,
  "isRedoing": false,
  "isFlush": false
} {"0":"file:///home/abdullah/Desktop/CNN-on-FPGA/src/conv.cpp"}
2026-03-15 23:41:37 [debug] : MonacoEditorModel.markAsDirty - enter {"0":"file:///home/abdullah/Desktop/CNN-on-FPGA/src/conv.cpp"}
2026-03-15 23:41:37 [debug] : MonacoEditorModel.markAsDirty - exit - ignoring dirty changes enabled {"0":"file:///home/abdullah/Desktop/CNN-on-FPGA/src/conv.cpp"}
2026-03-15 23:41:37 [debug] : MonacoEditorModel.fireDidChangeContent - exit {"0":"file:///home/abdullah/Desktop/CNN-on-FPGA/src/conv.cpp"}
2026-03-15 23:41:37 [debug] : MonacoEditorModel.doSync - exit {"0":"file:///home/abdullah/Desktop/CNN-on-FPGA/src/conv.cpp"}
2026-03-15 23:41:40 [debug] : MonacoEditorModel.cancelSync {"0":"file:///home/abdullah/Desktop/CNN-on-FPGA/src/conv.cpp"}
2026-03-15 23:41:40 [debug] : MonacoEditorModel.doSync - enter {"0":"file:///home/abdullah/Desktop/CNN-on-FPGA/src/conv.cpp"}
2026-03-15 23:41:40 [debug] : MonacoEditorModel.cancelSync {"0":"file:///home/abdullah/Desktop/CNN-on-FPGA/src/conv.cpp"}
2026-03-15 23:41:40 [debug] : MonacoEditorModel.cancelSync {"0":"file:///home/abdullah/Desktop/CNN-on-FPGA/src/conv.cpp"}
2026-03-15 23:41:40 [debug] : MonacoEditorModel.cancelSync {"0":"file:///home/abdullah/Desktop/CNN-on-FPGA/src/conv.cpp"}
2026-03-15 23:41:40 [debug] : MonacoEditorModel.cancelSync {"0":"file:///home/abdullah/Desktop/CNN-on-FPGA/src/conv.cpp"}
2026-03-15 23:41:40 [debug] : MonacoEditorModel.cancelSync {"0":"file:///home/abdullah/Desktop/CNN-on-FPGA/src/conv.cpp"}
2026-03-15 23:41:40 [debug] : MonacoEditorModel.cancelSync {"0":"file:///home/abdullah/Desktop/CNN-on-FPGA/src/conv.cpp"}
2026-03-15 23:41:40 [debug] : MonacoEditorModel.cancelSync {"0":"file:///home/abdullah/Desktop/CNN-on-FPGA/src/conv.cpp"}
2026-03-15 23:41:40 [debug] : MonacoEditorModel.cancelSync {"0":"file:///home/abdullah/Desktop/CNN-on-FPGA/src/conv.cpp"}
2026-03-15 23:41:40 [debug] : MonacoEditorModel.cancelSync {"0":"file:///home/abdullah/Desktop/CNN-on-FPGA/src/conv.cpp"}
2026-03-15 23:41:40 [debug] : MonacoEditorModel.cancelSync {"0":"file:///home/abdullah/Desktop/CNN-on-FPGA/src/conv.cpp"}
2026-03-15 23:41:40 [debug] : MonacoEditorModel.cancelSync {"0":"file:///home/abdullah/Desktop/CNN-on-FPGA/src/conv.cpp"}
2026-03-15 23:41:40 [debug] : MonacoEditorModel.cancelSync {"0":"file:///home/abdullah/Desktop/CNN-on-FPGA/src/conv.cpp"}
2026-03-15 23:41:40 [debug] : MonacoEditorModel.cancelSync {"0":"file:///home/abdullah/Desktop/CNN-on-FPGA/src/conv.cpp"}
2026-03-15 23:41:40 [debug] : MonacoEditorModel.cancelSync {"0":"file:///home/abdullah/Desktop/CNN-on-FPGA/src/conv.cpp"}
2026-03-15 23:41:40 [debug] : MonacoEditorModel.cancelSync {"0":"file:///home/abdullah/Desktop/CNN-on-FPGA/src/conv.cpp"}
2026-03-15 23:41:40 [debug] : MonacoEditorModel.cancelSync {"0":"file:///home/abdullah/Desktop/CNN-on-FPGA/src/conv.cpp"}
2026-03-15 23:41:40 [debug] : MonacoEditorModel.cancelSync {"0":"file:///home/abdullah/Desktop/CNN-on-FPGA/src/conv.cpp"}
2026-03-15 23:41:40 [debug] : MonacoEditorModel.cancelSync {"0":"file:///home/abdullah/Desktop/CNN-on-FPGA/src/conv.cpp"}
2026-03-15 23:41:40 [debug] : MonacoEditorModel.doSync - exit - cancelled while looking for a resource {"0":"file:///home/abdullah/Desktop/CNN-on-FPGA/src/conv.cpp"}
2026-03-15 23:41:40 [debug] : MonacoEditorModel.doSync - enter {"0":"file:///home/abdullah/Desktop/CNN-on-FPGA/src/conv.cpp"}
2026-03-15 23:41:40 [debug] : MonacoEditorModel.doSync - exit - cancelled {"0":"file:///home/abdullah/Desktop/CNN-on-FPGA/src/conv.cpp"}
2026-03-15 23:41:40 [debug] : MonacoEditorModel.doSync - enter {"0":"file:///home/abdullah/Desktop/CNN-on-FPGA/src/conv.cpp"}
2026-03-15 23:41:40 [debug] : MonacoEditorModel.doSync - exit - cancelled {"0":"file:///home/abdullah/Desktop/CNN-on-FPGA/src/conv.cpp"}
2026-03-15 23:41:40 [debug] : MonacoEditorModel.doSync - enter {"0":"file:///home/abdullah/Desktop/CNN-on-FPGA/src/conv.cpp"}
2026-03-15 23:41:40 [debug] : MonacoEditorModel.doSync - exit - cancelled {"0":"file:///home/abdullah/Desktop/CNN-on-FPGA/src/conv.cpp"}
2026-03-15 23:41:40 [debug] : MonacoEditorModel.doSync - enter {"0":"file:///home/abdullah/Desktop/CNN-on-FPGA/src/conv.cpp"}
2026-03-15 23:41:40 [debug] : MonacoEditorModel.doSync - exit - cancelled {"0":"file:///home/abdullah/Desktop/CNN-on-FPGA/src/conv.cpp"}
2026-03-15 23:41:40 [debug] : MonacoEditorModel.doSync - enter {"0":"file:///home/abdullah/Desktop/CNN-on-FPGA/src/conv.cpp"}
2026-03-15 23:41:40 [debug] : MonacoEditorModel.doSync - exit - cancelled {"0":"file:///home/abdullah/Desktop/CNN-on-FPGA/src/conv.cpp"}
2026-03-15 23:41:40 [debug] : MonacoEditorModel.doSync - enter {"0":"file:///home/abdullah/Desktop/CNN-on-FPGA/src/conv.cpp"}
2026-03-15 23:41:40 [debug] : MonacoEditorModel.doSync - exit - cancelled {"0":"file:///home/abdullah/Desktop/CNN-on-FPGA/src/conv.cpp"}
2026-03-15 23:41:40 [debug] : MonacoEditorModel.doSync - enter {"0":"file:///home/abdullah/Desktop/CNN-on-FPGA/src/conv.cpp"}
2026-03-15 23:41:40 [debug] : MonacoEditorModel.doSync - exit - cancelled {"0":"file:///home/abdullah/Desktop/CNN-on-FPGA/src/conv.cpp"}
2026-03-15 23:41:40 [debug] : MonacoEditorModel.doSync - enter {"0":"file:///home/abdullah/Desktop/CNN-on-FPGA/src/conv.cpp"}
2026-03-15 23:41:40 [debug] : MonacoEditorModel.doSync - exit - cancelled {"0":"file:///home/abdullah/Desktop/CNN-on-FPGA/src/conv.cpp"}
2026-03-15 23:41:40 [debug] : MonacoEditorModel.doSync - enter {"0":"file:///home/abdullah/Desktop/CNN-on-FPGA/src/conv.cpp"}
2026-03-15 23:41:40 [debug] : MonacoEditorModel.doSync - exit - cancelled {"0":"file:///home/abdullah/Desktop/CNN-on-FPGA/src/conv.cpp"}
2026-03-15 23:41:40 [debug] : MonacoEditorModel.doSync - enter {"0":"file:///home/abdullah/Desktop/CNN-on-FPGA/src/conv.cpp"}
2026-03-15 23:41:40 [debug] : MonacoEditorModel.doSync - exit - cancelled {"0":"file:///home/abdullah/Desktop/CNN-on-FPGA/src/conv.cpp"}
2026-03-15 23:41:40 [debug] : MonacoEditorModel.doSync - enter {"0":"file:///home/abdullah/Desktop/CNN-on-FPGA/src/conv.cpp"}
2026-03-15 23:41:40 [debug] : MonacoEditorModel.doSync - exit - cancelled {"0":"file:///home/abdullah/Desktop/CNN-on-FPGA/src/conv.cpp"}
2026-03-15 23:41:40 [debug] : MonacoEditorModel.doSync - enter {"0":"file:///home/abdullah/Desktop/CNN-on-FPGA/src/conv.cpp"}
2026-03-15 23:41:40 [debug] : MonacoEditorModel.doSync - exit - cancelled {"0":"file:///home/abdullah/Desktop/CNN-on-FPGA/src/conv.cpp"}
2026-03-15 23:41:40 [debug] : MonacoEditorModel.doSync - enter {"0":"file:///home/abdullah/Desktop/CNN-on-FPGA/src/conv.cpp"}
2026-03-15 23:41:40 [debug] : MonacoEditorModel.doSync - exit - cancelled {"0":"file:///home/abdullah/Desktop/CNN-on-FPGA/src/conv.cpp"}
2026-03-15 23:41:40 [debug] : MonacoEditorModel.doSync - enter {"0":"file:///home/abdullah/Desktop/CNN-on-FPGA/src/conv.cpp"}
2026-03-15 23:41:40 [debug] : MonacoEditorModel.doSync - exit - cancelled {"0":"file:///home/abdullah/Desktop/CNN-on-FPGA/src/conv.cpp"}
2026-03-15 23:41:40 [debug] : MonacoEditorModel.doSync - enter {"0":"file:///home/abdullah/Desktop/CNN-on-FPGA/src/conv.cpp"}
2026-03-15 23:41:40 [debug] : MonacoEditorModel.doSync - exit - cancelled {"0":"file:///home/abdullah/Desktop/CNN-on-FPGA/src/conv.cpp"}
2026-03-15 23:41:40 [debug] : MonacoEditorModel.doSync - enter {"0":"file:///home/abdullah/Desktop/CNN-on-FPGA/src/conv.cpp"}
2026-03-15 23:41:40 [debug] : MonacoEditorModel.doSync - exit - cancelled {"0":"file:///home/abdullah/Desktop/CNN-on-FPGA/src/conv.cpp"}
2026-03-15 23:41:40 [debug] : MonacoEditorModel.doSync - enter {"0":"file:///home/abdullah/Desktop/CNN-on-FPGA/src/conv.cpp"}
2026-03-15 23:41:40 [debug] : MonacoEditorModel.doSync - exit - cancelled {"0":"file:///home/abdullah/Desktop/CNN-on-FPGA/src/conv.cpp"}
2026-03-15 23:41:40 [debug] : MonacoEditorModel.doSync - enter {"0":"file:///home/abdullah/Desktop/CNN-on-FPGA/src/conv.cpp"}
2026-03-15 23:41:40 [debug] : MonacoEditorModel.fireDidChangeContent - enter - {
  "changes": [
    {
      "range": {
        "startLineNumber": 41,
        "startColumn": 1,
        "endLineNumber": 42,
        "endColumn": 1
      },
      "rangeLength": 84,
      "text": "                            #pragma HLS bind_op -op mul -impl fabric -latency 2 \"foo\" c\n",
      "rangeOffset": 1472,
      "forceMoveMarkers": true
    }
  ],
  "eol": "\n",
  "isEolChange": false,
  "versionId": 14,
  "isUndoing": false,
  "isRedoing": false,
  "isFlush": false
} {"0":"file:///home/abdullah/Desktop/CNN-on-FPGA/src/conv.cpp"}
2026-03-15 23:41:40 [debug] : MonacoEditorModel.markAsDirty - enter {"0":"file:///home/abdullah/Desktop/CNN-on-FPGA/src/conv.cpp"}
2026-03-15 23:41:40 [debug] : MonacoEditorModel.markAsDirty - exit - ignoring dirty changes enabled {"0":"file:///home/abdullah/Desktop/CNN-on-FPGA/src/conv.cpp"}
2026-03-15 23:41:40 [debug] : MonacoEditorModel.fireDidChangeContent - exit {"0":"file:///home/abdullah/Desktop/CNN-on-FPGA/src/conv.cpp"}
2026-03-15 23:41:40 [debug] : MonacoEditorModel.doSync - exit {"0":"file:///home/abdullah/Desktop/CNN-on-FPGA/src/conv.cpp"}
2026-03-15 23:42:33 [debug] : MonacoEditorModel.cancelSync {"0":"file:///home/abdullah/Desktop/CNN-on-FPGA/src/conv.cpp"}
2026-03-15 23:42:33 [debug] : MonacoEditorModel.doSync - enter {"0":"file:///home/abdullah/Desktop/CNN-on-FPGA/src/conv.cpp"}
2026-03-15 23:42:33 [debug] : MonacoEditorModel.cancelSync {"0":"file:///home/abdullah/Desktop/CNN-on-FPGA/src/conv.cpp"}
2026-03-15 23:42:33 [debug] : MonacoEditorModel.cancelSync {"0":"file:///home/abdullah/Desktop/CNN-on-FPGA/src/conv.cpp"}
2026-03-15 23:42:33 [debug] : MonacoEditorModel.cancelSync {"0":"file:///home/abdullah/Desktop/CNN-on-FPGA/src/conv.cpp"}
2026-03-15 23:42:33 [debug] : MonacoEditorModel.cancelSync {"0":"file:///home/abdullah/Desktop/CNN-on-FPGA/src/conv.cpp"}
2026-03-15 23:42:33 [debug] : MonacoEditorModel.cancelSync {"0":"file:///home/abdullah/Desktop/CNN-on-FPGA/src/conv.cpp"}
2026-03-15 23:42:33 [debug] : MonacoEditorModel.cancelSync {"0":"file:///home/abdullah/Desktop/CNN-on-FPGA/src/conv.cpp"}
2026-03-15 23:42:33 [debug] : MonacoEditorModel.cancelSync {"0":"file:///home/abdullah/Desktop/CNN-on-FPGA/src/conv.cpp"}
2026-03-15 23:42:33 [debug] : MonacoEditorModel.cancelSync {"0":"file:///home/abdullah/Desktop/CNN-on-FPGA/src/conv.cpp"}
2026-03-15 23:42:33 [debug] : MonacoEditorModel.cancelSync {"0":"file:///home/abdullah/Desktop/CNN-on-FPGA/src/conv.cpp"}
2026-03-15 23:42:33 [debug] : MonacoEditorModel.cancelSync {"0":"file:///home/abdullah/Desktop/CNN-on-FPGA/src/conv.cpp"}
2026-03-15 23:42:33 [debug] : MonacoEditorModel.cancelSync {"0":"file:///home/abdullah/Desktop/CNN-on-FPGA/src/conv.cpp"}
2026-03-15 23:42:33 [debug] : MonacoEditorModel.cancelSync {"0":"file:///home/abdullah/Desktop/CNN-on-FPGA/src/conv.cpp"}
2026-03-15 23:42:33 [debug] : MonacoEditorModel.cancelSync {"0":"file:///home/abdullah/Desktop/CNN-on-FPGA/src/conv.cpp"}
2026-03-15 23:42:33 [debug] : MonacoEditorModel.cancelSync {"0":"file:///home/abdullah/Desktop/CNN-on-FPGA/src/conv.cpp"}
2026-03-15 23:42:33 [debug] : MonacoEditorModel.cancelSync {"0":"file:///home/abdullah/Desktop/CNN-on-FPGA/src/conv.cpp"}
2026-03-15 23:42:33 [debug] : MonacoEditorModel.cancelSync {"0":"file:///home/abdullah/Desktop/CNN-on-FPGA/src/conv.cpp"}
2026-03-15 23:42:33 [debug] : MonacoEditorModel.cancelSync {"0":"file:///home/abdullah/Desktop/CNN-on-FPGA/src/conv.cpp"}
2026-03-15 23:42:33 [debug] : MonacoEditorModel.cancelSync {"0":"file:///home/abdullah/Desktop/CNN-on-FPGA/src/conv.cpp"}
2026-03-15 23:42:33 [debug] : MonacoEditorModel.doSync - exit - cancelled while looking for a resource {"0":"file:///home/abdullah/Desktop/CNN-on-FPGA/src/conv.cpp"}
2026-03-15 23:42:33 [debug] : MonacoEditorModel.doSync - enter {"0":"file:///home/abdullah/Desktop/CNN-on-FPGA/src/conv.cpp"}
2026-03-15 23:42:33 [debug] : MonacoEditorModel.doSync - exit - cancelled {"0":"file:///home/abdullah/Desktop/CNN-on-FPGA/src/conv.cpp"}
2026-03-15 23:42:33 [debug] : MonacoEditorModel.doSync - enter {"0":"file:///home/abdullah/Desktop/CNN-on-FPGA/src/conv.cpp"}
2026-03-15 23:42:33 [debug] : MonacoEditorModel.doSync - exit - cancelled {"0":"file:///home/abdullah/Desktop/CNN-on-FPGA/src/conv.cpp"}
2026-03-15 23:42:33 [debug] : MonacoEditorModel.doSync - enter {"0":"file:///home/abdullah/Desktop/CNN-on-FPGA/src/conv.cpp"}
2026-03-15 23:42:33 [debug] : MonacoEditorModel.doSync - exit - cancelled {"0":"file:///home/abdullah/Desktop/CNN-on-FPGA/src/conv.cpp"}
2026-03-15 23:42:33 [debug] : MonacoEditorModel.doSync - enter {"0":"file:///home/abdullah/Desktop/CNN-on-FPGA/src/conv.cpp"}
2026-03-15 23:42:33 [debug] : MonacoEditorModel.doSync - exit - cancelled {"0":"file:///home/abdullah/Desktop/CNN-on-FPGA/src/conv.cpp"}
2026-03-15 23:42:33 [debug] : MonacoEditorModel.doSync - enter {"0":"file:///home/abdullah/Desktop/CNN-on-FPGA/src/conv.cpp"}
2026-03-15 23:42:33 [debug] : MonacoEditorModel.doSync - exit - cancelled {"0":"file:///home/abdullah/Desktop/CNN-on-FPGA/src/conv.cpp"}
2026-03-15 23:42:33 [debug] : MonacoEditorModel.doSync - enter {"0":"file:///home/abdullah/Desktop/CNN-on-FPGA/src/conv.cpp"}
2026-03-15 23:42:33 [debug] : MonacoEditorModel.doSync - exit - cancelled {"0":"file:///home/abdullah/Desktop/CNN-on-FPGA/src/conv.cpp"}
2026-03-15 23:42:33 [debug] : MonacoEditorModel.doSync - enter {"0":"file:///home/abdullah/Desktop/CNN-on-FPGA/src/conv.cpp"}
2026-03-15 23:42:33 [debug] : MonacoEditorModel.doSync - exit - cancelled {"0":"file:///home/abdullah/Desktop/CNN-on-FPGA/src/conv.cpp"}
2026-03-15 23:42:33 [debug] : MonacoEditorModel.doSync - enter {"0":"file:///home/abdullah/Desktop/CNN-on-FPGA/src/conv.cpp"}
2026-03-15 23:42:33 [debug] : MonacoEditorModel.doSync - exit - cancelled {"0":"file:///home/abdullah/Desktop/CNN-on-FPGA/src/conv.cpp"}
2026-03-15 23:42:33 [debug] : MonacoEditorModel.doSync - enter {"0":"file:///home/abdullah/Desktop/CNN-on-FPGA/src/conv.cpp"}
2026-03-15 23:42:33 [debug] : MonacoEditorModel.doSync - exit - cancelled {"0":"file:///home/abdullah/Desktop/CNN-on-FPGA/src/conv.cpp"}
2026-03-15 23:42:33 [debug] : MonacoEditorModel.doSync - enter {"0":"file:///home/abdullah/Desktop/CNN-on-FPGA/src/conv.cpp"}
2026-03-15 23:42:33 [debug] : MonacoEditorModel.doSync - exit - cancelled {"0":"file:///home/abdullah/Desktop/CNN-on-FPGA/src/conv.cpp"}
2026-03-15 23:42:33 [debug] : MonacoEditorModel.doSync - enter {"0":"file:///home/abdullah/Desktop/CNN-on-FPGA/src/conv.cpp"}
2026-03-15 23:42:33 [debug] : MonacoEditorModel.doSync - exit - cancelled {"0":"file:///home/abdullah/Desktop/CNN-on-FPGA/src/conv.cpp"}
2026-03-15 23:42:33 [debug] : MonacoEditorModel.doSync - enter {"0":"file:///home/abdullah/Desktop/CNN-on-FPGA/src/conv.cpp"}
2026-03-15 23:42:33 [debug] : MonacoEditorModel.doSync - exit - cancelled {"0":"file:///home/abdullah/Desktop/CNN-on-FPGA/src/conv.cpp"}
2026-03-15 23:42:33 [debug] : MonacoEditorModel.doSync - enter {"0":"file:///home/abdullah/Desktop/CNN-on-FPGA/src/conv.cpp"}
2026-03-15 23:42:33 [debug] : MonacoEditorModel.doSync - exit - cancelled {"0":"file:///home/abdullah/Desktop/CNN-on-FPGA/src/conv.cpp"}
2026-03-15 23:42:33 [debug] : MonacoEditorModel.doSync - enter {"0":"file:///home/abdullah/Desktop/CNN-on-FPGA/src/conv.cpp"}
2026-03-15 23:42:33 [debug] : MonacoEditorModel.doSync - exit - cancelled {"0":"file:///home/abdullah/Desktop/CNN-on-FPGA/src/conv.cpp"}
2026-03-15 23:42:33 [debug] : MonacoEditorModel.doSync - enter {"0":"file:///home/abdullah/Desktop/CNN-on-FPGA/src/conv.cpp"}
2026-03-15 23:42:33 [debug] : MonacoEditorModel.doSync - exit - cancelled {"0":"file:///home/abdullah/Desktop/CNN-on-FPGA/src/conv.cpp"}
2026-03-15 23:42:33 [debug] : MonacoEditorModel.doSync - enter {"0":"file:///home/abdullah/Desktop/CNN-on-FPGA/src/conv.cpp"}
2026-03-15 23:42:33 [debug] : MonacoEditorModel.doSync - exit - cancelled {"0":"file:///home/abdullah/Desktop/CNN-on-FPGA/src/conv.cpp"}
2026-03-15 23:42:33 [debug] : MonacoEditorModel.doSync - enter {"0":"file:///home/abdullah/Desktop/CNN-on-FPGA/src/conv.cpp"}
2026-03-15 23:42:33 [debug] : MonacoEditorModel.doSync - exit - cancelled {"0":"file:///home/abdullah/Desktop/CNN-on-FPGA/src/conv.cpp"}
2026-03-15 23:42:33 [debug] : MonacoEditorModel.doSync - enter {"0":"file:///home/abdullah/Desktop/CNN-on-FPGA/src/conv.cpp"}
2026-03-15 23:42:34 [debug] : MonacoEditorModel.fireDidChangeContent - enter - {
  "changes": [
    {
      "range": {
        "startLineNumber": 41,
        "startColumn": 1,
        "endLineNumber": 42,
        "endColumn": 1
      },
      "rangeLength": 88,
      "text": "",
      "rangeOffset": 1472,
      "forceMoveMarkers": true
    }
  ],
  "eol": "\n",
  "isEolChange": false,
  "versionId": 15,
  "isUndoing": false,
  "isRedoing": false,
  "isFlush": false
} {"0":"file:///home/abdullah/Desktop/CNN-on-FPGA/src/conv.cpp"}
2026-03-15 23:42:34 [debug] : MonacoEditorModel.markAsDirty - enter {"0":"file:///home/abdullah/Desktop/CNN-on-FPGA/src/conv.cpp"}
2026-03-15 23:42:34 [debug] : MonacoEditorModel.markAsDirty - exit - ignoring dirty changes enabled {"0":"file:///home/abdullah/Desktop/CNN-on-FPGA/src/conv.cpp"}
2026-03-15 23:42:34 [debug] : MonacoEditorModel.fireDidChangeContent - exit {"0":"file:///home/abdullah/Desktop/CNN-on-FPGA/src/conv.cpp"}
2026-03-15 23:42:34 [debug] : MonacoEditorModel.doSync - exit {"0":"file:///home/abdullah/Desktop/CNN-on-FPGA/src/conv.cpp"}
2026-03-15 23:42:40 [debug] : MonacoEditorModel.cancelSync {"0":"file:///home/abdullah/Desktop/CNN-on-FPGA/src/conv.cpp"}
2026-03-15 23:42:40 [debug] : MonacoEditorModel.doSync - enter {"0":"file:///home/abdullah/Desktop/CNN-on-FPGA/src/conv.cpp"}
2026-03-15 23:42:40 [debug] : MonacoEditorModel.cancelSync {"0":"file:///home/abdullah/Desktop/CNN-on-FPGA/src/conv.cpp"}
2026-03-15 23:42:40 [debug] : MonacoEditorModel.cancelSync {"0":"file:///home/abdullah/Desktop/CNN-on-FPGA/src/conv.cpp"}
2026-03-15 23:42:40 [debug] : MonacoEditorModel.cancelSync {"0":"file:///home/abdullah/Desktop/CNN-on-FPGA/src/conv.cpp"}
2026-03-15 23:42:40 [debug] : MonacoEditorModel.cancelSync {"0":"file:///home/abdullah/Desktop/CNN-on-FPGA/src/conv.cpp"}
2026-03-15 23:42:40 [debug] : MonacoEditorModel.cancelSync {"0":"file:///home/abdullah/Desktop/CNN-on-FPGA/src/conv.cpp"}
2026-03-15 23:42:40 [debug] : MonacoEditorModel.cancelSync {"0":"file:///home/abdullah/Desktop/CNN-on-FPGA/src/conv.cpp"}
2026-03-15 23:42:40 [debug] : MonacoEditorModel.cancelSync {"0":"file:///home/abdullah/Desktop/CNN-on-FPGA/src/conv.cpp"}
2026-03-15 23:42:40 [debug] : MonacoEditorModel.cancelSync {"0":"file:///home/abdullah/Desktop/CNN-on-FPGA/src/conv.cpp"}
2026-03-15 23:42:40 [debug] : MonacoEditorModel.cancelSync {"0":"file:///home/abdullah/Desktop/CNN-on-FPGA/src/conv.cpp"}
2026-03-15 23:42:40 [debug] : MonacoEditorModel.cancelSync {"0":"file:///home/abdullah/Desktop/CNN-on-FPGA/src/conv.cpp"}
2026-03-15 23:42:40 [debug] : MonacoEditorModel.cancelSync {"0":"file:///home/abdullah/Desktop/CNN-on-FPGA/src/conv.cpp"}
2026-03-15 23:42:40 [debug] : MonacoEditorModel.cancelSync {"0":"file:///home/abdullah/Desktop/CNN-on-FPGA/src/conv.cpp"}
2026-03-15 23:42:40 [debug] : MonacoEditorModel.cancelSync {"0":"file:///home/abdullah/Desktop/CNN-on-FPGA/src/conv.cpp"}
2026-03-15 23:42:40 [debug] : MonacoEditorModel.cancelSync {"0":"file:///home/abdullah/Desktop/CNN-on-FPGA/src/conv.cpp"}
2026-03-15 23:42:40 [debug] : MonacoEditorModel.cancelSync {"0":"file:///home/abdullah/Desktop/CNN-on-FPGA/src/conv.cpp"}
2026-03-15 23:42:40 [debug] : MonacoEditorModel.cancelSync {"0":"file:///home/abdullah/Desktop/CNN-on-FPGA/src/conv.cpp"}
2026-03-15 23:42:40 [debug] : MonacoEditorModel.cancelSync {"0":"file:///home/abdullah/Desktop/CNN-on-FPGA/src/conv.cpp"}
2026-03-15 23:42:40 [debug] : MonacoEditorModel.cancelSync {"0":"file:///home/abdullah/Desktop/CNN-on-FPGA/src/conv.cpp"}
2026-03-15 23:42:40 [debug] : MonacoEditorModel.doSync - exit - cancelled while looking for a resource {"0":"file:///home/abdullah/Desktop/CNN-on-FPGA/src/conv.cpp"}
2026-03-15 23:42:40 [debug] : MonacoEditorModel.doSync - enter {"0":"file:///home/abdullah/Desktop/CNN-on-FPGA/src/conv.cpp"}
2026-03-15 23:42:40 [debug] : MonacoEditorModel.doSync - exit - cancelled {"0":"file:///home/abdullah/Desktop/CNN-on-FPGA/src/conv.cpp"}
2026-03-15 23:42:40 [debug] : MonacoEditorModel.doSync - enter {"0":"file:///home/abdullah/Desktop/CNN-on-FPGA/src/conv.cpp"}
2026-03-15 23:42:40 [debug] : MonacoEditorModel.doSync - exit - cancelled {"0":"file:///home/abdullah/Desktop/CNN-on-FPGA/src/conv.cpp"}
2026-03-15 23:42:40 [debug] : MonacoEditorModel.doSync - enter {"0":"file:///home/abdullah/Desktop/CNN-on-FPGA/src/conv.cpp"}
2026-03-15 23:42:40 [debug] : MonacoEditorModel.doSync - exit - cancelled {"0":"file:///home/abdullah/Desktop/CNN-on-FPGA/src/conv.cpp"}
2026-03-15 23:42:40 [debug] : MonacoEditorModel.doSync - enter {"0":"file:///home/abdullah/Desktop/CNN-on-FPGA/src/conv.cpp"}
2026-03-15 23:42:40 [debug] : MonacoEditorModel.doSync - exit - cancelled {"0":"file:///home/abdullah/Desktop/CNN-on-FPGA/src/conv.cpp"}
2026-03-15 23:42:40 [debug] : MonacoEditorModel.doSync - enter {"0":"file:///home/abdullah/Desktop/CNN-on-FPGA/src/conv.cpp"}
2026-03-15 23:42:40 [debug] : MonacoEditorModel.doSync - exit - cancelled {"0":"file:///home/abdullah/Desktop/CNN-on-FPGA/src/conv.cpp"}
2026-03-15 23:42:40 [debug] : MonacoEditorModel.doSync - enter {"0":"file:///home/abdullah/Desktop/CNN-on-FPGA/src/conv.cpp"}
2026-03-15 23:42:40 [debug] : MonacoEditorModel.doSync - exit - cancelled {"0":"file:///home/abdullah/Desktop/CNN-on-FPGA/src/conv.cpp"}
2026-03-15 23:42:40 [debug] : MonacoEditorModel.doSync - enter {"0":"file:///home/abdullah/Desktop/CNN-on-FPGA/src/conv.cpp"}
2026-03-15 23:42:40 [debug] : MonacoEditorModel.doSync - exit - cancelled {"0":"file:///home/abdullah/Desktop/CNN-on-FPGA/src/conv.cpp"}
2026-03-15 23:42:40 [debug] : MonacoEditorModel.doSync - enter {"0":"file:///home/abdullah/Desktop/CNN-on-FPGA/src/conv.cpp"}
2026-03-15 23:42:40 [debug] : MonacoEditorModel.doSync - exit - cancelled {"0":"file:///home/abdullah/Desktop/CNN-on-FPGA/src/conv.cpp"}
2026-03-15 23:42:40 [debug] : MonacoEditorModel.doSync - enter {"0":"file:///home/abdullah/Desktop/CNN-on-FPGA/src/conv.cpp"}
2026-03-15 23:42:40 [debug] : MonacoEditorModel.doSync - exit - cancelled {"0":"file:///home/abdullah/Desktop/CNN-on-FPGA/src/conv.cpp"}
2026-03-15 23:42:40 [debug] : MonacoEditorModel.doSync - enter {"0":"file:///home/abdullah/Desktop/CNN-on-FPGA/src/conv.cpp"}
2026-03-15 23:42:40 [debug] : MonacoEditorModel.doSync - exit - cancelled {"0":"file:///home/abdullah/Desktop/CNN-on-FPGA/src/conv.cpp"}
2026-03-15 23:42:40 [debug] : MonacoEditorModel.doSync - enter {"0":"file:///home/abdullah/Desktop/CNN-on-FPGA/src/conv.cpp"}
2026-03-15 23:42:40 [debug] : MonacoEditorModel.doSync - exit - cancelled {"0":"file:///home/abdullah/Desktop/CNN-on-FPGA/src/conv.cpp"}
2026-03-15 23:42:40 [debug] : MonacoEditorModel.doSync - enter {"0":"file:///home/abdullah/Desktop/CNN-on-FPGA/src/conv.cpp"}
2026-03-15 23:42:40 [debug] : MonacoEditorModel.doSync - exit - cancelled {"0":"file:///home/abdullah/Desktop/CNN-on-FPGA/src/conv.cpp"}
2026-03-15 23:42:40 [debug] : MonacoEditorModel.doSync - enter {"0":"file:///home/abdullah/Desktop/CNN-on-FPGA/src/conv.cpp"}
2026-03-15 23:42:40 [debug] : MonacoEditorModel.doSync - exit - cancelled {"0":"file:///home/abdullah/Desktop/CNN-on-FPGA/src/conv.cpp"}
2026-03-15 23:42:40 [debug] : MonacoEditorModel.doSync - enter {"0":"file:///home/abdullah/Desktop/CNN-on-FPGA/src/conv.cpp"}
2026-03-15 23:42:40 [debug] : MonacoEditorModel.doSync - exit - cancelled {"0":"file:///home/abdullah/Desktop/CNN-on-FPGA/src/conv.cpp"}
2026-03-15 23:42:40 [debug] : MonacoEditorModel.doSync - enter {"0":"file:///home/abdullah/Desktop/CNN-on-FPGA/src/conv.cpp"}
2026-03-15 23:42:40 [debug] : MonacoEditorModel.doSync - exit - cancelled {"0":"file:///home/abdullah/Desktop/CNN-on-FPGA/src/conv.cpp"}
2026-03-15 23:42:40 [debug] : MonacoEditorModel.doSync - enter {"0":"file:///home/abdullah/Desktop/CNN-on-FPGA/src/conv.cpp"}
2026-03-15 23:42:40 [debug] : MonacoEditorModel.doSync - exit - cancelled {"0":"file:///home/abdullah/Desktop/CNN-on-FPGA/src/conv.cpp"}
2026-03-15 23:42:40 [debug] : MonacoEditorModel.doSync - enter {"0":"file:///home/abdullah/Desktop/CNN-on-FPGA/src/conv.cpp"}
2026-03-15 23:42:40 [debug] : MonacoEditorModel.doSync - exit - cancelled {"0":"file:///home/abdullah/Desktop/CNN-on-FPGA/src/conv.cpp"}
2026-03-15 23:42:40 [debug] : MonacoEditorModel.doSync - enter {"0":"file:///home/abdullah/Desktop/CNN-on-FPGA/src/conv.cpp"}
2026-03-15 23:42:40 [debug] : MonacoEditorModel.fireDidChangeContent - enter - {
  "changes": [
    {
      "range": {
        "startLineNumber": 30,
        "startColumn": 1,
        "endLineNumber": 30,
        "endColumn": 1
      },
      "rangeLength": 0,
      "text": "                #pragma HLS BIND_OP variable=c op=mul impl=fabric latency=2\n",
      "rangeOffset": 902,
      "forceMoveMarkers": true
    }
  ],
  "eol": "\n",
  "isEolChange": false,
  "versionId": 16,
  "isUndoing": false,
  "isRedoing": false,
  "isFlush": false
} {"0":"file:///home/abdullah/Desktop/CNN-on-FPGA/src/conv.cpp"}
2026-03-15 23:42:40 [debug] : MonacoEditorModel.markAsDirty - enter {"0":"file:///home/abdullah/Desktop/CNN-on-FPGA/src/conv.cpp"}
2026-03-15 23:42:40 [debug] : MonacoEditorModel.markAsDirty - exit - ignoring dirty changes enabled {"0":"file:///home/abdullah/Desktop/CNN-on-FPGA/src/conv.cpp"}
2026-03-15 23:42:40 [debug] : MonacoEditorModel.fireDidChangeContent - exit {"0":"file:///home/abdullah/Desktop/CNN-on-FPGA/src/conv.cpp"}
2026-03-15 23:42:40 [debug] : MonacoEditorModel.doSync - exit {"0":"file:///home/abdullah/Desktop/CNN-on-FPGA/src/conv.cpp"}
2026-03-15 23:42:44 [debug] : MonacoEditorModel.cancelSync {"0":"file:///home/abdullah/Desktop/CNN-on-FPGA/src/conv.cpp"}
2026-03-15 23:42:44 [debug] : MonacoEditorModel.doSync - enter {"0":"file:///home/abdullah/Desktop/CNN-on-FPGA/src/conv.cpp"}
2026-03-15 23:42:44 [debug] : MonacoEditorModel.cancelSync {"0":"file:///home/abdullah/Desktop/CNN-on-FPGA/src/conv.cpp"}
2026-03-15 23:42:44 [debug] : MonacoEditorModel.cancelSync {"0":"file:///home/abdullah/Desktop/CNN-on-FPGA/src/conv.cpp"}
2026-03-15 23:42:44 [debug] : MonacoEditorModel.cancelSync {"0":"file:///home/abdullah/Desktop/CNN-on-FPGA/src/conv.cpp"}
2026-03-15 23:42:44 [debug] : MonacoEditorModel.cancelSync {"0":"file:///home/abdullah/Desktop/CNN-on-FPGA/src/conv.cpp"}
2026-03-15 23:42:44 [debug] : MonacoEditorModel.cancelSync {"0":"file:///home/abdullah/Desktop/CNN-on-FPGA/src/conv.cpp"}
2026-03-15 23:42:44 [debug] : MonacoEditorModel.cancelSync {"0":"file:///home/abdullah/Desktop/CNN-on-FPGA/src/conv.cpp"}
2026-03-15 23:42:44 [debug] : MonacoEditorModel.cancelSync {"0":"file:///home/abdullah/Desktop/CNN-on-FPGA/src/conv.cpp"}
2026-03-15 23:42:44 [debug] : MonacoEditorModel.cancelSync {"0":"file:///home/abdullah/Desktop/CNN-on-FPGA/src/conv.cpp"}
2026-03-15 23:42:44 [debug] : MonacoEditorModel.cancelSync {"0":"file:///home/abdullah/Desktop/CNN-on-FPGA/src/conv.cpp"}
2026-03-15 23:42:44 [debug] : MonacoEditorModel.cancelSync {"0":"file:///home/abdullah/Desktop/CNN-on-FPGA/src/conv.cpp"}
2026-03-15 23:42:44 [debug] : MonacoEditorModel.cancelSync {"0":"file:///home/abdullah/Desktop/CNN-on-FPGA/src/conv.cpp"}
2026-03-15 23:42:44 [debug] : MonacoEditorModel.cancelSync {"0":"file:///home/abdullah/Desktop/CNN-on-FPGA/src/conv.cpp"}
2026-03-15 23:42:44 [debug] : MonacoEditorModel.cancelSync {"0":"file:///home/abdullah/Desktop/CNN-on-FPGA/src/conv.cpp"}
2026-03-15 23:42:44 [debug] : MonacoEditorModel.cancelSync {"0":"file:///home/abdullah/Desktop/CNN-on-FPGA/src/conv.cpp"}
2026-03-15 23:42:44 [debug] : MonacoEditorModel.cancelSync {"0":"file:///home/abdullah/Desktop/CNN-on-FPGA/src/conv.cpp"}
2026-03-15 23:42:44 [debug] : MonacoEditorModel.cancelSync {"0":"file:///home/abdullah/Desktop/CNN-on-FPGA/src/conv.cpp"}
2026-03-15 23:42:44 [debug] : MonacoEditorModel.cancelSync {"0":"file:///home/abdullah/Desktop/CNN-on-FPGA/src/conv.cpp"}
2026-03-15 23:42:44 [debug] : MonacoEditorModel.cancelSync {"0":"file:///home/abdullah/Desktop/CNN-on-FPGA/src/conv.cpp"}
2026-03-15 23:42:44 [debug] : MonacoEditorModel.doSync - exit - cancelled while looking for a resource {"0":"file:///home/abdullah/Desktop/CNN-on-FPGA/src/conv.cpp"}
2026-03-15 23:42:44 [debug] : MonacoEditorModel.doSync - enter {"0":"file:///home/abdullah/Desktop/CNN-on-FPGA/src/conv.cpp"}
2026-03-15 23:42:44 [debug] : MonacoEditorModel.doSync - exit - cancelled {"0":"file:///home/abdullah/Desktop/CNN-on-FPGA/src/conv.cpp"}
2026-03-15 23:42:44 [debug] : MonacoEditorModel.doSync - enter {"0":"file:///home/abdullah/Desktop/CNN-on-FPGA/src/conv.cpp"}
2026-03-15 23:42:44 [debug] : MonacoEditorModel.doSync - exit - cancelled {"0":"file:///home/abdullah/Desktop/CNN-on-FPGA/src/conv.cpp"}
2026-03-15 23:42:44 [debug] : MonacoEditorModel.doSync - enter {"0":"file:///home/abdullah/Desktop/CNN-on-FPGA/src/conv.cpp"}
2026-03-15 23:42:44 [debug] : MonacoEditorModel.doSync - exit - cancelled {"0":"file:///home/abdullah/Desktop/CNN-on-FPGA/src/conv.cpp"}
2026-03-15 23:42:44 [debug] : MonacoEditorModel.doSync - enter {"0":"file:///home/abdullah/Desktop/CNN-on-FPGA/src/conv.cpp"}
2026-03-15 23:42:44 [debug] : MonacoEditorModel.doSync - exit - cancelled {"0":"file:///home/abdullah/Desktop/CNN-on-FPGA/src/conv.cpp"}
2026-03-15 23:42:44 [debug] : MonacoEditorModel.doSync - enter {"0":"file:///home/abdullah/Desktop/CNN-on-FPGA/src/conv.cpp"}
2026-03-15 23:42:44 [debug] : MonacoEditorModel.doSync - exit - cancelled {"0":"file:///home/abdullah/Desktop/CNN-on-FPGA/src/conv.cpp"}
2026-03-15 23:42:44 [debug] : MonacoEditorModel.doSync - enter {"0":"file:///home/abdullah/Desktop/CNN-on-FPGA/src/conv.cpp"}
2026-03-15 23:42:44 [debug] : MonacoEditorModel.doSync - exit - cancelled {"0":"file:///home/abdullah/Desktop/CNN-on-FPGA/src/conv.cpp"}
2026-03-15 23:42:44 [debug] : MonacoEditorModel.doSync - enter {"0":"file:///home/abdullah/Desktop/CNN-on-FPGA/src/conv.cpp"}
2026-03-15 23:42:44 [debug] : MonacoEditorModel.doSync - exit - cancelled {"0":"file:///home/abdullah/Desktop/CNN-on-FPGA/src/conv.cpp"}
2026-03-15 23:42:44 [debug] : MonacoEditorModel.doSync - enter {"0":"file:///home/abdullah/Desktop/CNN-on-FPGA/src/conv.cpp"}
2026-03-15 23:42:44 [debug] : MonacoEditorModel.doSync - exit - cancelled {"0":"file:///home/abdullah/Desktop/CNN-on-FPGA/src/conv.cpp"}
2026-03-15 23:42:44 [debug] : MonacoEditorModel.doSync - enter {"0":"file:///home/abdullah/Desktop/CNN-on-FPGA/src/conv.cpp"}
2026-03-15 23:42:44 [debug] : MonacoEditorModel.doSync - exit - cancelled {"0":"file:///home/abdullah/Desktop/CNN-on-FPGA/src/conv.cpp"}
2026-03-15 23:42:44 [debug] : MonacoEditorModel.doSync - enter {"0":"file:///home/abdullah/Desktop/CNN-on-FPGA/src/conv.cpp"}
2026-03-15 23:42:44 [debug] : MonacoEditorModel.doSync - exit - cancelled {"0":"file:///home/abdullah/Desktop/CNN-on-FPGA/src/conv.cpp"}
2026-03-15 23:42:44 [debug] : MonacoEditorModel.doSync - enter {"0":"file:///home/abdullah/Desktop/CNN-on-FPGA/src/conv.cpp"}
2026-03-15 23:42:44 [debug] : MonacoEditorModel.doSync - exit - cancelled {"0":"file:///home/abdullah/Desktop/CNN-on-FPGA/src/conv.cpp"}
2026-03-15 23:42:44 [debug] : MonacoEditorModel.doSync - enter {"0":"file:///home/abdullah/Desktop/CNN-on-FPGA/src/conv.cpp"}
2026-03-15 23:42:44 [debug] : MonacoEditorModel.doSync - exit - cancelled {"0":"file:///home/abdullah/Desktop/CNN-on-FPGA/src/conv.cpp"}
2026-03-15 23:42:44 [debug] : MonacoEditorModel.doSync - enter {"0":"file:///home/abdullah/Desktop/CNN-on-FPGA/src/conv.cpp"}
2026-03-15 23:42:44 [debug] : MonacoEditorModel.doSync - exit - cancelled {"0":"file:///home/abdullah/Desktop/CNN-on-FPGA/src/conv.cpp"}
2026-03-15 23:42:44 [debug] : MonacoEditorModel.doSync - enter {"0":"file:///home/abdullah/Desktop/CNN-on-FPGA/src/conv.cpp"}
2026-03-15 23:42:44 [debug] : MonacoEditorModel.doSync - exit - cancelled {"0":"file:///home/abdullah/Desktop/CNN-on-FPGA/src/conv.cpp"}
2026-03-15 23:42:44 [debug] : MonacoEditorModel.doSync - enter {"0":"file:///home/abdullah/Desktop/CNN-on-FPGA/src/conv.cpp"}
2026-03-15 23:42:44 [debug] : MonacoEditorModel.doSync - exit - cancelled {"0":"file:///home/abdullah/Desktop/CNN-on-FPGA/src/conv.cpp"}
2026-03-15 23:42:44 [debug] : MonacoEditorModel.doSync - enter {"0":"file:///home/abdullah/Desktop/CNN-on-FPGA/src/conv.cpp"}
2026-03-15 23:42:44 [debug] : MonacoEditorModel.doSync - exit - cancelled {"0":"file:///home/abdullah/Desktop/CNN-on-FPGA/src/conv.cpp"}
2026-03-15 23:42:44 [debug] : MonacoEditorModel.doSync - enter {"0":"file:///home/abdullah/Desktop/CNN-on-FPGA/src/conv.cpp"}
2026-03-15 23:42:44 [debug] : MonacoEditorModel.doSync - exit - cancelled {"0":"file:///home/abdullah/Desktop/CNN-on-FPGA/src/conv.cpp"}
2026-03-15 23:42:44 [debug] : MonacoEditorModel.doSync - enter {"0":"file:///home/abdullah/Desktop/CNN-on-FPGA/src/conv.cpp"}
2026-03-15 23:42:44 [debug] : MonacoEditorModel.fireDidChangeContent - enter - {
  "changes": [
    {
      "range": {
        "startLineNumber": 30,
        "startColumn": 1,
        "endLineNumber": 31,
        "endColumn": 1
      },
      "rangeLength": 76,
      "text": "                #pragma HLS BIND_OP variable=sum op=mul impl=fabric latency=2\n",
      "rangeOffset": 902,
      "forceMoveMarkers": true
    }
  ],
  "eol": "\n",
  "isEolChange": false,
  "versionId": 17,
  "isUndoing": false,
  "isRedoing": false,
  "isFlush": false
} {"0":"file:///home/abdullah/Desktop/CNN-on-FPGA/src/conv.cpp"}
2026-03-15 23:42:44 [debug] : MonacoEditorModel.markAsDirty - enter {"0":"file:///home/abdullah/Desktop/CNN-on-FPGA/src/conv.cpp"}
2026-03-15 23:42:44 [debug] : MonacoEditorModel.markAsDirty - exit - ignoring dirty changes enabled {"0":"file:///home/abdullah/Desktop/CNN-on-FPGA/src/conv.cpp"}
2026-03-15 23:42:44 [debug] : MonacoEditorModel.fireDidChangeContent - exit {"0":"file:///home/abdullah/Desktop/CNN-on-FPGA/src/conv.cpp"}
2026-03-15 23:42:44 [debug] : MonacoEditorModel.doSync - exit {"0":"file:///home/abdullah/Desktop/CNN-on-FPGA/src/conv.cpp"}
2026-03-15 23:43:04 [debug] : MonacoEditorModel.cancelSync {"0":"file:///home/abdullah/Desktop/CNN-on-FPGA/src/conv.cpp"}
2026-03-15 23:43:04 [debug] : MonacoEditorModel.doSync - enter {"0":"file:///home/abdullah/Desktop/CNN-on-FPGA/src/conv.cpp"}
2026-03-15 23:43:04 [debug] : MonacoEditorModel.cancelSync {"0":"file:///home/abdullah/Desktop/CNN-on-FPGA/src/conv.cpp"}
2026-03-15 23:43:04 [debug] : MonacoEditorModel.cancelSync {"0":"file:///home/abdullah/Desktop/CNN-on-FPGA/src/conv.cpp"}
2026-03-15 23:43:04 [debug] : MonacoEditorModel.cancelSync {"0":"file:///home/abdullah/Desktop/CNN-on-FPGA/src/conv.cpp"}
2026-03-15 23:43:04 [debug] : MonacoEditorModel.cancelSync {"0":"file:///home/abdullah/Desktop/CNN-on-FPGA/src/conv.cpp"}
2026-03-15 23:43:04 [debug] : MonacoEditorModel.cancelSync {"0":"file:///home/abdullah/Desktop/CNN-on-FPGA/src/conv.cpp"}
2026-03-15 23:43:04 [debug] : MonacoEditorModel.cancelSync {"0":"file:///home/abdullah/Desktop/CNN-on-FPGA/src/conv.cpp"}
2026-03-15 23:43:04 [debug] : MonacoEditorModel.cancelSync {"0":"file:///home/abdullah/Desktop/CNN-on-FPGA/src/conv.cpp"}
2026-03-15 23:43:04 [debug] : MonacoEditorModel.cancelSync {"0":"file:///home/abdullah/Desktop/CNN-on-FPGA/src/conv.cpp"}
2026-03-15 23:43:04 [debug] : MonacoEditorModel.cancelSync {"0":"file:///home/abdullah/Desktop/CNN-on-FPGA/src/conv.cpp"}
2026-03-15 23:43:04 [debug] : MonacoEditorModel.cancelSync {"0":"file:///home/abdullah/Desktop/CNN-on-FPGA/src/conv.cpp"}
2026-03-15 23:43:04 [debug] : MonacoEditorModel.cancelSync {"0":"file:///home/abdullah/Desktop/CNN-on-FPGA/src/conv.cpp"}
2026-03-15 23:43:04 [debug] : MonacoEditorModel.cancelSync {"0":"file:///home/abdullah/Desktop/CNN-on-FPGA/src/conv.cpp"}
2026-03-15 23:43:04 [debug] : MonacoEditorModel.cancelSync {"0":"file:///home/abdullah/Desktop/CNN-on-FPGA/src/conv.cpp"}
2026-03-15 23:43:04 [debug] : MonacoEditorModel.cancelSync {"0":"file:///home/abdullah/Desktop/CNN-on-FPGA/src/conv.cpp"}
2026-03-15 23:43:04 [debug] : MonacoEditorModel.cancelSync {"0":"file:///home/abdullah/Desktop/CNN-on-FPGA/src/conv.cpp"}
2026-03-15 23:43:04 [debug] : MonacoEditorModel.cancelSync {"0":"file:///home/abdullah/Desktop/CNN-on-FPGA/src/conv.cpp"}
2026-03-15 23:43:04 [debug] : MonacoEditorModel.cancelSync {"0":"file:///home/abdullah/Desktop/CNN-on-FPGA/src/conv.cpp"}
2026-03-15 23:43:04 [debug] : MonacoEditorModel.cancelSync {"0":"file:///home/abdullah/Desktop/CNN-on-FPGA/src/conv.cpp"}
2026-03-15 23:43:04 [debug] : MonacoEditorModel.doSync - exit - cancelled while looking for a resource {"0":"file:///home/abdullah/Desktop/CNN-on-FPGA/src/conv.cpp"}
2026-03-15 23:43:04 [debug] : MonacoEditorModel.doSync - enter {"0":"file:///home/abdullah/Desktop/CNN-on-FPGA/src/conv.cpp"}
2026-03-15 23:43:04 [debug] : MonacoEditorModel.doSync - exit - cancelled {"0":"file:///home/abdullah/Desktop/CNN-on-FPGA/src/conv.cpp"}
2026-03-15 23:43:04 [debug] : MonacoEditorModel.doSync - enter {"0":"file:///home/abdullah/Desktop/CNN-on-FPGA/src/conv.cpp"}
2026-03-15 23:43:04 [debug] : MonacoEditorModel.doSync - exit - cancelled {"0":"file:///home/abdullah/Desktop/CNN-on-FPGA/src/conv.cpp"}
2026-03-15 23:43:04 [debug] : MonacoEditorModel.doSync - enter {"0":"file:///home/abdullah/Desktop/CNN-on-FPGA/src/conv.cpp"}
2026-03-15 23:43:04 [debug] : MonacoEditorModel.doSync - exit - cancelled {"0":"file:///home/abdullah/Desktop/CNN-on-FPGA/src/conv.cpp"}
2026-03-15 23:43:04 [debug] : MonacoEditorModel.doSync - enter {"0":"file:///home/abdullah/Desktop/CNN-on-FPGA/src/conv.cpp"}
2026-03-15 23:43:04 [debug] : MonacoEditorModel.doSync - exit - cancelled {"0":"file:///home/abdullah/Desktop/CNN-on-FPGA/src/conv.cpp"}
2026-03-15 23:43:04 [debug] : MonacoEditorModel.doSync - enter {"0":"file:///home/abdullah/Desktop/CNN-on-FPGA/src/conv.cpp"}
2026-03-15 23:43:04 [debug] : MonacoEditorModel.doSync - exit - cancelled {"0":"file:///home/abdullah/Desktop/CNN-on-FPGA/src/conv.cpp"}
2026-03-15 23:43:04 [debug] : MonacoEditorModel.doSync - enter {"0":"file:///home/abdullah/Desktop/CNN-on-FPGA/src/conv.cpp"}
2026-03-15 23:43:04 [debug] : MonacoEditorModel.doSync - exit - cancelled {"0":"file:///home/abdullah/Desktop/CNN-on-FPGA/src/conv.cpp"}
2026-03-15 23:43:04 [debug] : MonacoEditorModel.doSync - enter {"0":"file:///home/abdullah/Desktop/CNN-on-FPGA/src/conv.cpp"}
2026-03-15 23:43:04 [debug] : MonacoEditorModel.doSync - exit - cancelled {"0":"file:///home/abdullah/Desktop/CNN-on-FPGA/src/conv.cpp"}
2026-03-15 23:43:04 [debug] : MonacoEditorModel.doSync - enter {"0":"file:///home/abdullah/Desktop/CNN-on-FPGA/src/conv.cpp"}
2026-03-15 23:43:04 [debug] : MonacoEditorModel.doSync - exit - cancelled {"0":"file:///home/abdullah/Desktop/CNN-on-FPGA/src/conv.cpp"}
2026-03-15 23:43:04 [debug] : MonacoEditorModel.doSync - enter {"0":"file:///home/abdullah/Desktop/CNN-on-FPGA/src/conv.cpp"}
2026-03-15 23:43:04 [debug] : MonacoEditorModel.doSync - exit - cancelled {"0":"file:///home/abdullah/Desktop/CNN-on-FPGA/src/conv.cpp"}
2026-03-15 23:43:04 [debug] : MonacoEditorModel.doSync - enter {"0":"file:///home/abdullah/Desktop/CNN-on-FPGA/src/conv.cpp"}
2026-03-15 23:43:04 [debug] : MonacoEditorModel.doSync - exit - cancelled {"0":"file:///home/abdullah/Desktop/CNN-on-FPGA/src/conv.cpp"}
2026-03-15 23:43:04 [debug] : MonacoEditorModel.doSync - enter {"0":"file:///home/abdullah/Desktop/CNN-on-FPGA/src/conv.cpp"}
2026-03-15 23:43:04 [debug] : MonacoEditorModel.doSync - exit - cancelled {"0":"file:///home/abdullah/Desktop/CNN-on-FPGA/src/conv.cpp"}
2026-03-15 23:43:04 [debug] : MonacoEditorModel.doSync - enter {"0":"file:///home/abdullah/Desktop/CNN-on-FPGA/src/conv.cpp"}
2026-03-15 23:43:04 [debug] : MonacoEditorModel.doSync - exit - cancelled {"0":"file:///home/abdullah/Desktop/CNN-on-FPGA/src/conv.cpp"}
2026-03-15 23:43:04 [debug] : MonacoEditorModel.doSync - enter {"0":"file:///home/abdullah/Desktop/CNN-on-FPGA/src/conv.cpp"}
2026-03-15 23:43:04 [debug] : MonacoEditorModel.doSync - exit - cancelled {"0":"file:///home/abdullah/Desktop/CNN-on-FPGA/src/conv.cpp"}
2026-03-15 23:43:04 [debug] : MonacoEditorModel.doSync - enter {"0":"file:///home/abdullah/Desktop/CNN-on-FPGA/src/conv.cpp"}
2026-03-15 23:43:04 [debug] : MonacoEditorModel.doSync - exit - cancelled {"0":"file:///home/abdullah/Desktop/CNN-on-FPGA/src/conv.cpp"}
2026-03-15 23:43:04 [debug] : MonacoEditorModel.doSync - enter {"0":"file:///home/abdullah/Desktop/CNN-on-FPGA/src/conv.cpp"}
2026-03-15 23:43:04 [debug] : MonacoEditorModel.doSync - exit - cancelled {"0":"file:///home/abdullah/Desktop/CNN-on-FPGA/src/conv.cpp"}
2026-03-15 23:43:04 [debug] : MonacoEditorModel.doSync - enter {"0":"file:///home/abdullah/Desktop/CNN-on-FPGA/src/conv.cpp"}
2026-03-15 23:43:04 [debug] : MonacoEditorModel.doSync - exit - cancelled {"0":"file:///home/abdullah/Desktop/CNN-on-FPGA/src/conv.cpp"}
2026-03-15 23:43:04 [debug] : MonacoEditorModel.doSync - enter {"0":"file:///home/abdullah/Desktop/CNN-on-FPGA/src/conv.cpp"}
2026-03-15 23:43:04 [debug] : MonacoEditorModel.doSync - exit - cancelled {"0":"file:///home/abdullah/Desktop/CNN-on-FPGA/src/conv.cpp"}
2026-03-15 23:43:04 [debug] : MonacoEditorModel.doSync - enter {"0":"file:///home/abdullah/Desktop/CNN-on-FPGA/src/conv.cpp"}
2026-03-15 23:43:04 [debug] : MonacoEditorModel.fireDidChangeContent - enter - {
  "changes": [
    {
      "range": {
        "startLineNumber": 30,
        "startColumn": 1,
        "endLineNumber": 31,
        "endColumn": 1
      },
      "rangeLength": 78,
      "text": "                #pragma HLS BIND_OP variable=sum op=mul impl=fabric\n",
      "rangeOffset": 902,
      "forceMoveMarkers": true
    }
  ],
  "eol": "\n",
  "isEolChange": false,
  "versionId": 18,
  "isUndoing": false,
  "isRedoing": false,
  "isFlush": false
} {"0":"file:///home/abdullah/Desktop/CNN-on-FPGA/src/conv.cpp"}
2026-03-15 23:43:04 [debug] : MonacoEditorModel.markAsDirty - enter {"0":"file:///home/abdullah/Desktop/CNN-on-FPGA/src/conv.cpp"}
2026-03-15 23:43:04 [debug] : MonacoEditorModel.markAsDirty - exit - ignoring dirty changes enabled {"0":"file:///home/abdullah/Desktop/CNN-on-FPGA/src/conv.cpp"}
2026-03-15 23:43:04 [debug] : MonacoEditorModel.fireDidChangeContent - exit {"0":"file:///home/abdullah/Desktop/CNN-on-FPGA/src/conv.cpp"}
2026-03-15 23:43:04 [debug] : MonacoEditorModel.doSync - exit {"0":"file:///home/abdullah/Desktop/CNN-on-FPGA/src/conv.cpp"}
2026-03-15 23:43:15 [debug] : MonacoEditorModel.cancelSync {"0":"file:///home/abdullah/Desktop/CNN-on-FPGA/src/conv.cpp"}
2026-03-15 23:43:15 [debug] : MonacoEditorModel.doSync - enter {"0":"file:///home/abdullah/Desktop/CNN-on-FPGA/src/conv.cpp"}
2026-03-15 23:43:15 [debug] : MonacoEditorModel.cancelSync {"0":"file:///home/abdullah/Desktop/CNN-on-FPGA/src/conv.cpp"}
2026-03-15 23:43:15 [debug] : MonacoEditorModel.cancelSync {"0":"file:///home/abdullah/Desktop/CNN-on-FPGA/src/conv.cpp"}
2026-03-15 23:43:15 [debug] : MonacoEditorModel.cancelSync {"0":"file:///home/abdullah/Desktop/CNN-on-FPGA/src/conv.cpp"}
2026-03-15 23:43:15 [debug] : MonacoEditorModel.cancelSync {"0":"file:///home/abdullah/Desktop/CNN-on-FPGA/src/conv.cpp"}
2026-03-15 23:43:15 [debug] : MonacoEditorModel.cancelSync {"0":"file:///home/abdullah/Desktop/CNN-on-FPGA/src/conv.cpp"}
2026-03-15 23:43:15 [debug] : MonacoEditorModel.cancelSync {"0":"file:///home/abdullah/Desktop/CNN-on-FPGA/src/conv.cpp"}
2026-03-15 23:43:15 [debug] : MonacoEditorModel.cancelSync {"0":"file:///home/abdullah/Desktop/CNN-on-FPGA/src/conv.cpp"}
2026-03-15 23:43:15 [debug] : MonacoEditorModel.cancelSync {"0":"file:///home/abdullah/Desktop/CNN-on-FPGA/src/conv.cpp"}
2026-03-15 23:43:15 [debug] : MonacoEditorModel.cancelSync {"0":"file:///home/abdullah/Desktop/CNN-on-FPGA/src/conv.cpp"}
2026-03-15 23:43:15 [debug] : MonacoEditorModel.cancelSync {"0":"file:///home/abdullah/Desktop/CNN-on-FPGA/src/conv.cpp"}
2026-03-15 23:43:15 [debug] : MonacoEditorModel.cancelSync {"0":"file:///home/abdullah/Desktop/CNN-on-FPGA/src/conv.cpp"}
2026-03-15 23:43:15 [debug] : MonacoEditorModel.cancelSync {"0":"file:///home/abdullah/Desktop/CNN-on-FPGA/src/conv.cpp"}
2026-03-15 23:43:15 [debug] : MonacoEditorModel.cancelSync {"0":"file:///home/abdullah/Desktop/CNN-on-FPGA/src/conv.cpp"}
2026-03-15 23:43:15 [debug] : MonacoEditorModel.cancelSync {"0":"file:///home/abdullah/Desktop/CNN-on-FPGA/src/conv.cpp"}
2026-03-15 23:43:15 [debug] : MonacoEditorModel.cancelSync {"0":"file:///home/abdullah/Desktop/CNN-on-FPGA/src/conv.cpp"}
2026-03-15 23:43:15 [debug] : MonacoEditorModel.cancelSync {"0":"file:///home/abdullah/Desktop/CNN-on-FPGA/src/conv.cpp"}
2026-03-15 23:43:15 [debug] : MonacoEditorModel.cancelSync {"0":"file:///home/abdullah/Desktop/CNN-on-FPGA/src/conv.cpp"}
2026-03-15 23:43:15 [debug] : MonacoEditorModel.cancelSync {"0":"file:///home/abdullah/Desktop/CNN-on-FPGA/src/conv.cpp"}
2026-03-15 23:43:15 [debug] : MonacoEditorModel.doSync - exit - cancelled while looking for a resource {"0":"file:///home/abdullah/Desktop/CNN-on-FPGA/src/conv.cpp"}
2026-03-15 23:43:15 [debug] : MonacoEditorModel.doSync - enter {"0":"file:///home/abdullah/Desktop/CNN-on-FPGA/src/conv.cpp"}
2026-03-15 23:43:15 [debug] : MonacoEditorModel.doSync - exit - cancelled {"0":"file:///home/abdullah/Desktop/CNN-on-FPGA/src/conv.cpp"}
2026-03-15 23:43:15 [debug] : MonacoEditorModel.doSync - enter {"0":"file:///home/abdullah/Desktop/CNN-on-FPGA/src/conv.cpp"}
2026-03-15 23:43:15 [debug] : MonacoEditorModel.doSync - exit - cancelled {"0":"file:///home/abdullah/Desktop/CNN-on-FPGA/src/conv.cpp"}
2026-03-15 23:43:15 [debug] : MonacoEditorModel.doSync - enter {"0":"file:///home/abdullah/Desktop/CNN-on-FPGA/src/conv.cpp"}
2026-03-15 23:43:15 [debug] : MonacoEditorModel.doSync - exit - cancelled {"0":"file:///home/abdullah/Desktop/CNN-on-FPGA/src/conv.cpp"}
2026-03-15 23:43:15 [debug] : MonacoEditorModel.doSync - enter {"0":"file:///home/abdullah/Desktop/CNN-on-FPGA/src/conv.cpp"}
2026-03-15 23:43:15 [debug] : MonacoEditorModel.doSync - exit - cancelled {"0":"file:///home/abdullah/Desktop/CNN-on-FPGA/src/conv.cpp"}
2026-03-15 23:43:15 [debug] : MonacoEditorModel.doSync - enter {"0":"file:///home/abdullah/Desktop/CNN-on-FPGA/src/conv.cpp"}
2026-03-15 23:43:15 [debug] : MonacoEditorModel.doSync - exit - cancelled {"0":"file:///home/abdullah/Desktop/CNN-on-FPGA/src/conv.cpp"}
2026-03-15 23:43:15 [debug] : MonacoEditorModel.doSync - enter {"0":"file:///home/abdullah/Desktop/CNN-on-FPGA/src/conv.cpp"}
2026-03-15 23:43:15 [debug] : MonacoEditorModel.doSync - exit - cancelled {"0":"file:///home/abdullah/Desktop/CNN-on-FPGA/src/conv.cpp"}
2026-03-15 23:43:15 [debug] : MonacoEditorModel.doSync - enter {"0":"file:///home/abdullah/Desktop/CNN-on-FPGA/src/conv.cpp"}
2026-03-15 23:43:15 [debug] : MonacoEditorModel.doSync - exit - cancelled {"0":"file:///home/abdullah/Desktop/CNN-on-FPGA/src/conv.cpp"}
2026-03-15 23:43:15 [debug] : MonacoEditorModel.doSync - enter {"0":"file:///home/abdullah/Desktop/CNN-on-FPGA/src/conv.cpp"}
2026-03-15 23:43:15 [debug] : MonacoEditorModel.doSync - exit - cancelled {"0":"file:///home/abdullah/Desktop/CNN-on-FPGA/src/conv.cpp"}
2026-03-15 23:43:15 [debug] : MonacoEditorModel.doSync - enter {"0":"file:///home/abdullah/Desktop/CNN-on-FPGA/src/conv.cpp"}
2026-03-15 23:43:15 [debug] : MonacoEditorModel.doSync - exit - cancelled {"0":"file:///home/abdullah/Desktop/CNN-on-FPGA/src/conv.cpp"}
2026-03-15 23:43:15 [debug] : MonacoEditorModel.doSync - enter {"0":"file:///home/abdullah/Desktop/CNN-on-FPGA/src/conv.cpp"}
2026-03-15 23:43:15 [debug] : MonacoEditorModel.doSync - exit - cancelled {"0":"file:///home/abdullah/Desktop/CNN-on-FPGA/src/conv.cpp"}
2026-03-15 23:43:15 [debug] : MonacoEditorModel.doSync - enter {"0":"file:///home/abdullah/Desktop/CNN-on-FPGA/src/conv.cpp"}
2026-03-15 23:43:15 [debug] : MonacoEditorModel.doSync - exit - cancelled {"0":"file:///home/abdullah/Desktop/CNN-on-FPGA/src/conv.cpp"}
2026-03-15 23:43:15 [debug] : MonacoEditorModel.doSync - enter {"0":"file:///home/abdullah/Desktop/CNN-on-FPGA/src/conv.cpp"}
2026-03-15 23:43:15 [debug] : MonacoEditorModel.doSync - exit - cancelled {"0":"file:///home/abdullah/Desktop/CNN-on-FPGA/src/conv.cpp"}
2026-03-15 23:43:15 [debug] : MonacoEditorModel.doSync - enter {"0":"file:///home/abdullah/Desktop/CNN-on-FPGA/src/conv.cpp"}
2026-03-15 23:43:15 [debug] : MonacoEditorModel.doSync - exit - cancelled {"0":"file:///home/abdullah/Desktop/CNN-on-FPGA/src/conv.cpp"}
2026-03-15 23:43:15 [debug] : MonacoEditorModel.doSync - enter {"0":"file:///home/abdullah/Desktop/CNN-on-FPGA/src/conv.cpp"}
2026-03-15 23:43:15 [debug] : MonacoEditorModel.doSync - exit - cancelled {"0":"file:///home/abdullah/Desktop/CNN-on-FPGA/src/conv.cpp"}
2026-03-15 23:43:15 [debug] : MonacoEditorModel.doSync - enter {"0":"file:///home/abdullah/Desktop/CNN-on-FPGA/src/conv.cpp"}
2026-03-15 23:43:15 [debug] : MonacoEditorModel.doSync - exit - cancelled {"0":"file:///home/abdullah/Desktop/CNN-on-FPGA/src/conv.cpp"}
2026-03-15 23:43:15 [debug] : MonacoEditorModel.doSync - enter {"0":"file:///home/abdullah/Desktop/CNN-on-FPGA/src/conv.cpp"}
2026-03-15 23:43:15 [debug] : MonacoEditorModel.doSync - exit - cancelled {"0":"file:///home/abdullah/Desktop/CNN-on-FPGA/src/conv.cpp"}
2026-03-15 23:43:15 [debug] : MonacoEditorModel.doSync - enter {"0":"file:///home/abdullah/Desktop/CNN-on-FPGA/src/conv.cpp"}
2026-03-15 23:43:15 [debug] : MonacoEditorModel.doSync - exit - cancelled {"0":"file:///home/abdullah/Desktop/CNN-on-FPGA/src/conv.cpp"}
2026-03-15 23:43:15 [debug] : MonacoEditorModel.doSync - enter {"0":"file:///home/abdullah/Desktop/CNN-on-FPGA/src/conv.cpp"}
2026-03-15 23:43:15 [debug] : MonacoEditorModel.fireDidChangeContent - enter - {
  "changes": [
    {
      "range": {
        "startLineNumber": 31,
        "startColumn": 1,
        "endLineNumber": 31,
        "endColumn": 1
      },
      "rangeLength": 0,
      "text": "                                #pragma HLS BIND_OP variable=sum op=mul impl=fabric\n\n",
      "rangeOffset": 970,
      "forceMoveMarkers": true
    }
  ],
  "eol": "\n",
  "isEolChange": false,
  "versionId": 19,
  "isUndoing": false,
  "isRedoing": false,
  "isFlush": false
} {"0":"file:///home/abdullah/Desktop/CNN-on-FPGA/src/conv.cpp"}
2026-03-15 23:43:15 [debug] : MonacoEditorModel.markAsDirty - enter {"0":"file:///home/abdullah/Desktop/CNN-on-FPGA/src/conv.cpp"}
2026-03-15 23:43:15 [debug] : MonacoEditorModel.markAsDirty - exit - ignoring dirty changes enabled {"0":"file:///home/abdullah/Desktop/CNN-on-FPGA/src/conv.cpp"}
2026-03-15 23:43:15 [debug] : MonacoEditorModel.fireDidChangeContent - exit {"0":"file:///home/abdullah/Desktop/CNN-on-FPGA/src/conv.cpp"}
2026-03-15 23:43:15 [debug] : MonacoEditorModel.doSync - exit {"0":"file:///home/abdullah/Desktop/CNN-on-FPGA/src/conv.cpp"}
2026-03-15 23:43:18 [debug] : MonacoEditorModel.cancelSync {"0":"file:///home/abdullah/Desktop/CNN-on-FPGA/src/conv.cpp"}
2026-03-15 23:43:18 [debug] : MonacoEditorModel.doSync - enter {"0":"file:///home/abdullah/Desktop/CNN-on-FPGA/src/conv.cpp"}
2026-03-15 23:43:18 [debug] : MonacoEditorModel.cancelSync {"0":"file:///home/abdullah/Desktop/CNN-on-FPGA/src/conv.cpp"}
2026-03-15 23:43:18 [debug] : MonacoEditorModel.cancelSync {"0":"file:///home/abdullah/Desktop/CNN-on-FPGA/src/conv.cpp"}
2026-03-15 23:43:18 [debug] : MonacoEditorModel.cancelSync {"0":"file:///home/abdullah/Desktop/CNN-on-FPGA/src/conv.cpp"}
2026-03-15 23:43:18 [debug] : MonacoEditorModel.cancelSync {"0":"file:///home/abdullah/Desktop/CNN-on-FPGA/src/conv.cpp"}
2026-03-15 23:43:18 [debug] : MonacoEditorModel.cancelSync {"0":"file:///home/abdullah/Desktop/CNN-on-FPGA/src/conv.cpp"}
2026-03-15 23:43:18 [debug] : MonacoEditorModel.cancelSync {"0":"file:///home/abdullah/Desktop/CNN-on-FPGA/src/conv.cpp"}
2026-03-15 23:43:18 [debug] : MonacoEditorModel.cancelSync {"0":"file:///home/abdullah/Desktop/CNN-on-FPGA/src/conv.cpp"}
2026-03-15 23:43:18 [debug] : MonacoEditorModel.cancelSync {"0":"file:///home/abdullah/Desktop/CNN-on-FPGA/src/conv.cpp"}
2026-03-15 23:43:18 [debug] : MonacoEditorModel.cancelSync {"0":"file:///home/abdullah/Desktop/CNN-on-FPGA/src/conv.cpp"}
2026-03-15 23:43:18 [debug] : MonacoEditorModel.cancelSync {"0":"file:///home/abdullah/Desktop/CNN-on-FPGA/src/conv.cpp"}
2026-03-15 23:43:18 [debug] : MonacoEditorModel.cancelSync {"0":"file:///home/abdullah/Desktop/CNN-on-FPGA/src/conv.cpp"}
2026-03-15 23:43:18 [debug] : MonacoEditorModel.cancelSync {"0":"file:///home/abdullah/Desktop/CNN-on-FPGA/src/conv.cpp"}
2026-03-15 23:43:18 [debug] : MonacoEditorModel.cancelSync {"0":"file:///home/abdullah/Desktop/CNN-on-FPGA/src/conv.cpp"}
2026-03-15 23:43:18 [debug] : MonacoEditorModel.cancelSync {"0":"file:///home/abdullah/Desktop/CNN-on-FPGA/src/conv.cpp"}
2026-03-15 23:43:18 [debug] : MonacoEditorModel.cancelSync {"0":"file:///home/abdullah/Desktop/CNN-on-FPGA/src/conv.cpp"}
2026-03-15 23:43:18 [debug] : MonacoEditorModel.cancelSync {"0":"file:///home/abdullah/Desktop/CNN-on-FPGA/src/conv.cpp"}
2026-03-15 23:43:18 [debug] : MonacoEditorModel.cancelSync {"0":"file:///home/abdullah/Desktop/CNN-on-FPGA/src/conv.cpp"}
2026-03-15 23:43:18 [debug] : MonacoEditorModel.cancelSync {"0":"file:///home/abdullah/Desktop/CNN-on-FPGA/src/conv.cpp"}
2026-03-15 23:43:18 [debug] : MonacoEditorModel.doSync - exit - cancelled while looking for a resource {"0":"file:///home/abdullah/Desktop/CNN-on-FPGA/src/conv.cpp"}
2026-03-15 23:43:18 [debug] : MonacoEditorModel.doSync - enter {"0":"file:///home/abdullah/Desktop/CNN-on-FPGA/src/conv.cpp"}
2026-03-15 23:43:18 [debug] : MonacoEditorModel.doSync - exit - cancelled {"0":"file:///home/abdullah/Desktop/CNN-on-FPGA/src/conv.cpp"}
2026-03-15 23:43:18 [debug] : MonacoEditorModel.doSync - enter {"0":"file:///home/abdullah/Desktop/CNN-on-FPGA/src/conv.cpp"}
2026-03-15 23:43:18 [debug] : MonacoEditorModel.doSync - exit - cancelled {"0":"file:///home/abdullah/Desktop/CNN-on-FPGA/src/conv.cpp"}
2026-03-15 23:43:18 [debug] : MonacoEditorModel.doSync - enter {"0":"file:///home/abdullah/Desktop/CNN-on-FPGA/src/conv.cpp"}
2026-03-15 23:43:18 [debug] : MonacoEditorModel.doSync - exit - cancelled {"0":"file:///home/abdullah/Desktop/CNN-on-FPGA/src/conv.cpp"}
2026-03-15 23:43:18 [debug] : MonacoEditorModel.doSync - enter {"0":"file:///home/abdullah/Desktop/CNN-on-FPGA/src/conv.cpp"}
2026-03-15 23:43:18 [debug] : MonacoEditorModel.doSync - exit - cancelled {"0":"file:///home/abdullah/Desktop/CNN-on-FPGA/src/conv.cpp"}
2026-03-15 23:43:18 [debug] : MonacoEditorModel.doSync - enter {"0":"file:///home/abdullah/Desktop/CNN-on-FPGA/src/conv.cpp"}
2026-03-15 23:43:18 [debug] : MonacoEditorModel.doSync - exit - cancelled {"0":"file:///home/abdullah/Desktop/CNN-on-FPGA/src/conv.cpp"}
2026-03-15 23:43:18 [debug] : MonacoEditorModel.doSync - enter {"0":"file:///home/abdullah/Desktop/CNN-on-FPGA/src/conv.cpp"}
2026-03-15 23:43:18 [debug] : MonacoEditorModel.doSync - exit - cancelled {"0":"file:///home/abdullah/Desktop/CNN-on-FPGA/src/conv.cpp"}
2026-03-15 23:43:18 [debug] : MonacoEditorModel.doSync - enter {"0":"file:///home/abdullah/Desktop/CNN-on-FPGA/src/conv.cpp"}
2026-03-15 23:43:18 [debug] : MonacoEditorModel.doSync - exit - cancelled {"0":"file:///home/abdullah/Desktop/CNN-on-FPGA/src/conv.cpp"}
2026-03-15 23:43:18 [debug] : MonacoEditorModel.doSync - enter {"0":"file:///home/abdullah/Desktop/CNN-on-FPGA/src/conv.cpp"}
2026-03-15 23:43:18 [debug] : MonacoEditorModel.doSync - exit - cancelled {"0":"file:///home/abdullah/Desktop/CNN-on-FPGA/src/conv.cpp"}
2026-03-15 23:43:18 [debug] : MonacoEditorModel.doSync - enter {"0":"file:///home/abdullah/Desktop/CNN-on-FPGA/src/conv.cpp"}
2026-03-15 23:43:18 [debug] : MonacoEditorModel.doSync - exit - cancelled {"0":"file:///home/abdullah/Desktop/CNN-on-FPGA/src/conv.cpp"}
2026-03-15 23:43:18 [debug] : MonacoEditorModel.doSync - enter {"0":"file:///home/abdullah/Desktop/CNN-on-FPGA/src/conv.cpp"}
2026-03-15 23:43:18 [debug] : MonacoEditorModel.doSync - exit - cancelled {"0":"file:///home/abdullah/Desktop/CNN-on-FPGA/src/conv.cpp"}
2026-03-15 23:43:18 [debug] : MonacoEditorModel.doSync - enter {"0":"file:///home/abdullah/Desktop/CNN-on-FPGA/src/conv.cpp"}
2026-03-15 23:43:18 [debug] : MonacoEditorModel.doSync - exit - cancelled {"0":"file:///home/abdullah/Desktop/CNN-on-FPGA/src/conv.cpp"}
2026-03-15 23:43:18 [debug] : MonacoEditorModel.doSync - enter {"0":"file:///home/abdullah/Desktop/CNN-on-FPGA/src/conv.cpp"}
2026-03-15 23:43:18 [debug] : MonacoEditorModel.doSync - exit - cancelled {"0":"file:///home/abdullah/Desktop/CNN-on-FPGA/src/conv.cpp"}
2026-03-15 23:43:18 [debug] : MonacoEditorModel.doSync - enter {"0":"file:///home/abdullah/Desktop/CNN-on-FPGA/src/conv.cpp"}
2026-03-15 23:43:18 [debug] : MonacoEditorModel.doSync - exit - cancelled {"0":"file:///home/abdullah/Desktop/CNN-on-FPGA/src/conv.cpp"}
2026-03-15 23:43:18 [debug] : MonacoEditorModel.doSync - enter {"0":"file:///home/abdullah/Desktop/CNN-on-FPGA/src/conv.cpp"}
2026-03-15 23:43:18 [debug] : MonacoEditorModel.doSync - exit - cancelled {"0":"file:///home/abdullah/Desktop/CNN-on-FPGA/src/conv.cpp"}
2026-03-15 23:43:18 [debug] : MonacoEditorModel.doSync - enter {"0":"file:///home/abdullah/Desktop/CNN-on-FPGA/src/conv.cpp"}
2026-03-15 23:43:18 [debug] : MonacoEditorModel.doSync - exit - cancelled {"0":"file:///home/abdullah/Desktop/CNN-on-FPGA/src/conv.cpp"}
2026-03-15 23:43:18 [debug] : MonacoEditorModel.doSync - enter {"0":"file:///home/abdullah/Desktop/CNN-on-FPGA/src/conv.cpp"}
2026-03-15 23:43:18 [debug] : MonacoEditorModel.doSync - exit - cancelled {"0":"file:///home/abdullah/Desktop/CNN-on-FPGA/src/conv.cpp"}
2026-03-15 23:43:18 [debug] : MonacoEditorModel.doSync - enter {"0":"file:///home/abdullah/Desktop/CNN-on-FPGA/src/conv.cpp"}
2026-03-15 23:43:18 [debug] : MonacoEditorModel.doSync - exit - cancelled {"0":"file:///home/abdullah/Desktop/CNN-on-FPGA/src/conv.cpp"}
2026-03-15 23:43:18 [debug] : MonacoEditorModel.doSync - enter {"0":"file:///home/abdullah/Desktop/CNN-on-FPGA/src/conv.cpp"}
2026-03-15 23:43:18 [debug] : MonacoEditorModel.fireDidChangeContent - enter - {
  "changes": [
    {
      "range": {
        "startLineNumber": 31,
        "startColumn": 1,
        "endLineNumber": 32,
        "endColumn": 1
      },
      "rangeLength": 84,
      "text": "                #pragma HLS BIND_OP variable=sum op=mul impl=fabric\n",
      "rangeOffset": 970,
      "forceMoveMarkers": true
    }
  ],
  "eol": "\n",
  "isEolChange": false,
  "versionId": 20,
  "isUndoing": false,
  "isRedoing": false,
  "isFlush": false
} {"0":"file:///home/abdullah/Desktop/CNN-on-FPGA/src/conv.cpp"}
2026-03-15 23:43:18 [debug] : MonacoEditorModel.markAsDirty - enter {"0":"file:///home/abdullah/Desktop/CNN-on-FPGA/src/conv.cpp"}
2026-03-15 23:43:18 [debug] : MonacoEditorModel.markAsDirty - exit - ignoring dirty changes enabled {"0":"file:///home/abdullah/Desktop/CNN-on-FPGA/src/conv.cpp"}
2026-03-15 23:43:18 [debug] : MonacoEditorModel.fireDidChangeContent - exit {"0":"file:///home/abdullah/Desktop/CNN-on-FPGA/src/conv.cpp"}
2026-03-15 23:43:18 [debug] : MonacoEditorModel.doSync - exit {"0":"file:///home/abdullah/Desktop/CNN-on-FPGA/src/conv.cpp"}
2026-03-15 23:43:22 [debug] : MonacoEditorModel.cancelSync {"0":"file:///home/abdullah/Desktop/CNN-on-FPGA/src/conv.cpp"}
2026-03-15 23:43:22 [debug] : MonacoEditorModel.doSync - enter {"0":"file:///home/abdullah/Desktop/CNN-on-FPGA/src/conv.cpp"}
2026-03-15 23:43:22 [debug] : MonacoEditorModel.cancelSync {"0":"file:///home/abdullah/Desktop/CNN-on-FPGA/src/conv.cpp"}
2026-03-15 23:43:22 [debug] : MonacoEditorModel.cancelSync {"0":"file:///home/abdullah/Desktop/CNN-on-FPGA/src/conv.cpp"}
2026-03-15 23:43:22 [debug] : MonacoEditorModel.cancelSync {"0":"file:///home/abdullah/Desktop/CNN-on-FPGA/src/conv.cpp"}
2026-03-15 23:43:22 [debug] : MonacoEditorModel.cancelSync {"0":"file:///home/abdullah/Desktop/CNN-on-FPGA/src/conv.cpp"}
2026-03-15 23:43:22 [debug] : MonacoEditorModel.cancelSync {"0":"file:///home/abdullah/Desktop/CNN-on-FPGA/src/conv.cpp"}
2026-03-15 23:43:22 [debug] : MonacoEditorModel.cancelSync {"0":"file:///home/abdullah/Desktop/CNN-on-FPGA/src/conv.cpp"}
2026-03-15 23:43:22 [debug] : MonacoEditorModel.cancelSync {"0":"file:///home/abdullah/Desktop/CNN-on-FPGA/src/conv.cpp"}
2026-03-15 23:43:22 [debug] : MonacoEditorModel.cancelSync {"0":"file:///home/abdullah/Desktop/CNN-on-FPGA/src/conv.cpp"}
2026-03-15 23:43:22 [debug] : MonacoEditorModel.cancelSync {"0":"file:///home/abdullah/Desktop/CNN-on-FPGA/src/conv.cpp"}
2026-03-15 23:43:22 [debug] : MonacoEditorModel.cancelSync {"0":"file:///home/abdullah/Desktop/CNN-on-FPGA/src/conv.cpp"}
2026-03-15 23:43:22 [debug] : MonacoEditorModel.cancelSync {"0":"file:///home/abdullah/Desktop/CNN-on-FPGA/src/conv.cpp"}
2026-03-15 23:43:22 [debug] : MonacoEditorModel.cancelSync {"0":"file:///home/abdullah/Desktop/CNN-on-FPGA/src/conv.cpp"}
2026-03-15 23:43:22 [debug] : MonacoEditorModel.cancelSync {"0":"file:///home/abdullah/Desktop/CNN-on-FPGA/src/conv.cpp"}
2026-03-15 23:43:22 [debug] : MonacoEditorModel.cancelSync {"0":"file:///home/abdullah/Desktop/CNN-on-FPGA/src/conv.cpp"}
2026-03-15 23:43:22 [debug] : MonacoEditorModel.cancelSync {"0":"file:///home/abdullah/Desktop/CNN-on-FPGA/src/conv.cpp"}
2026-03-15 23:43:22 [debug] : MonacoEditorModel.cancelSync {"0":"file:///home/abdullah/Desktop/CNN-on-FPGA/src/conv.cpp"}
2026-03-15 23:43:22 [debug] : MonacoEditorModel.cancelSync {"0":"file:///home/abdullah/Desktop/CNN-on-FPGA/src/conv.cpp"}
2026-03-15 23:43:22 [debug] : MonacoEditorModel.cancelSync {"0":"file:///home/abdullah/Desktop/CNN-on-FPGA/src/conv.cpp"}
2026-03-15 23:43:22 [debug] : MonacoEditorModel.doSync - exit - cancelled while looking for a resource {"0":"file:///home/abdullah/Desktop/CNN-on-FPGA/src/conv.cpp"}
2026-03-15 23:43:22 [debug] : MonacoEditorModel.doSync - enter {"0":"file:///home/abdullah/Desktop/CNN-on-FPGA/src/conv.cpp"}
2026-03-15 23:43:22 [debug] : MonacoEditorModel.doSync - exit - cancelled {"0":"file:///home/abdullah/Desktop/CNN-on-FPGA/src/conv.cpp"}
2026-03-15 23:43:22 [debug] : MonacoEditorModel.doSync - enter {"0":"file:///home/abdullah/Desktop/CNN-on-FPGA/src/conv.cpp"}
2026-03-15 23:43:22 [debug] : MonacoEditorModel.doSync - exit - cancelled {"0":"file:///home/abdullah/Desktop/CNN-on-FPGA/src/conv.cpp"}
2026-03-15 23:43:22 [debug] : MonacoEditorModel.doSync - enter {"0":"file:///home/abdullah/Desktop/CNN-on-FPGA/src/conv.cpp"}
2026-03-15 23:43:22 [debug] : MonacoEditorModel.doSync - exit - cancelled {"0":"file:///home/abdullah/Desktop/CNN-on-FPGA/src/conv.cpp"}
2026-03-15 23:43:22 [debug] : MonacoEditorModel.doSync - enter {"0":"file:///home/abdullah/Desktop/CNN-on-FPGA/src/conv.cpp"}
2026-03-15 23:43:22 [debug] : MonacoEditorModel.doSync - exit - cancelled {"0":"file:///home/abdullah/Desktop/CNN-on-FPGA/src/conv.cpp"}
2026-03-15 23:43:22 [debug] : MonacoEditorModel.doSync - enter {"0":"file:///home/abdullah/Desktop/CNN-on-FPGA/src/conv.cpp"}
2026-03-15 23:43:22 [debug] : MonacoEditorModel.doSync - exit - cancelled {"0":"file:///home/abdullah/Desktop/CNN-on-FPGA/src/conv.cpp"}
2026-03-15 23:43:22 [debug] : MonacoEditorModel.doSync - enter {"0":"file:///home/abdullah/Desktop/CNN-on-FPGA/src/conv.cpp"}
2026-03-15 23:43:22 [debug] : MonacoEditorModel.doSync - exit - cancelled {"0":"file:///home/abdullah/Desktop/CNN-on-FPGA/src/conv.cpp"}
2026-03-15 23:43:22 [debug] : MonacoEditorModel.doSync - enter {"0":"file:///home/abdullah/Desktop/CNN-on-FPGA/src/conv.cpp"}
2026-03-15 23:43:22 [debug] : MonacoEditorModel.doSync - exit - cancelled {"0":"file:///home/abdullah/Desktop/CNN-on-FPGA/src/conv.cpp"}
2026-03-15 23:43:22 [debug] : MonacoEditorModel.doSync - enter {"0":"file:///home/abdullah/Desktop/CNN-on-FPGA/src/conv.cpp"}
2026-03-15 23:43:22 [debug] : MonacoEditorModel.doSync - exit - cancelled {"0":"file:///home/abdullah/Desktop/CNN-on-FPGA/src/conv.cpp"}
2026-03-15 23:43:22 [debug] : MonacoEditorModel.doSync - enter {"0":"file:///home/abdullah/Desktop/CNN-on-FPGA/src/conv.cpp"}
2026-03-15 23:43:22 [debug] : MonacoEditorModel.doSync - exit - cancelled {"0":"file:///home/abdullah/Desktop/CNN-on-FPGA/src/conv.cpp"}
2026-03-15 23:43:22 [debug] : MonacoEditorModel.doSync - enter {"0":"file:///home/abdullah/Desktop/CNN-on-FPGA/src/conv.cpp"}
2026-03-15 23:43:22 [debug] : MonacoEditorModel.doSync - exit - cancelled {"0":"file:///home/abdullah/Desktop/CNN-on-FPGA/src/conv.cpp"}
2026-03-15 23:43:22 [debug] : MonacoEditorModel.doSync - enter {"0":"file:///home/abdullah/Desktop/CNN-on-FPGA/src/conv.cpp"}
2026-03-15 23:43:22 [debug] : MonacoEditorModel.doSync - exit - cancelled {"0":"file:///home/abdullah/Desktop/CNN-on-FPGA/src/conv.cpp"}
2026-03-15 23:43:22 [debug] : MonacoEditorModel.doSync - enter {"0":"file:///home/abdullah/Desktop/CNN-on-FPGA/src/conv.cpp"}
2026-03-15 23:43:22 [debug] : MonacoEditorModel.doSync - exit - cancelled {"0":"file:///home/abdullah/Desktop/CNN-on-FPGA/src/conv.cpp"}
2026-03-15 23:43:22 [debug] : MonacoEditorModel.doSync - enter {"0":"file:///home/abdullah/Desktop/CNN-on-FPGA/src/conv.cpp"}
2026-03-15 23:43:22 [debug] : MonacoEditorModel.doSync - exit - cancelled {"0":"file:///home/abdullah/Desktop/CNN-on-FPGA/src/conv.cpp"}
2026-03-15 23:43:22 [debug] : MonacoEditorModel.doSync - enter {"0":"file:///home/abdullah/Desktop/CNN-on-FPGA/src/conv.cpp"}
2026-03-15 23:43:22 [debug] : MonacoEditorModel.doSync - exit - cancelled {"0":"file:///home/abdullah/Desktop/CNN-on-FPGA/src/conv.cpp"}
2026-03-15 23:43:22 [debug] : MonacoEditorModel.doSync - enter {"0":"file:///home/abdullah/Desktop/CNN-on-FPGA/src/conv.cpp"}
2026-03-15 23:43:22 [debug] : MonacoEditorModel.doSync - exit - cancelled {"0":"file:///home/abdullah/Desktop/CNN-on-FPGA/src/conv.cpp"}
2026-03-15 23:43:22 [debug] : MonacoEditorModel.doSync - enter {"0":"file:///home/abdullah/Desktop/CNN-on-FPGA/src/conv.cpp"}
2026-03-15 23:43:22 [debug] : MonacoEditorModel.doSync - exit - cancelled {"0":"file:///home/abdullah/Desktop/CNN-on-FPGA/src/conv.cpp"}
2026-03-15 23:43:22 [debug] : MonacoEditorModel.doSync - enter {"0":"file:///home/abdullah/Desktop/CNN-on-FPGA/src/conv.cpp"}
2026-03-15 23:43:22 [debug] : MonacoEditorModel.doSync - exit - cancelled {"0":"file:///home/abdullah/Desktop/CNN-on-FPGA/src/conv.cpp"}
2026-03-15 23:43:22 [debug] : MonacoEditorModel.doSync - enter {"0":"file:///home/abdullah/Desktop/CNN-on-FPGA/src/conv.cpp"}
2026-03-15 23:43:22 [debug] : MonacoEditorModel.fireDidChangeContent - enter - {
  "changes": [
    {
      "range": {
        "startLineNumber": 31,
        "startColumn": 1,
        "endLineNumber": 32,
        "endColumn": 1
      },
      "rangeLength": 68,
      "text": "                #pragma HLS BIND_OP variable=sum op=add impl=fabric\n",
      "rangeOffset": 970,
      "forceMoveMarkers": true
    }
  ],
  "eol": "\n",
  "isEolChange": false,
  "versionId": 21,
  "isUndoing": false,
  "isRedoing": false,
  "isFlush": false
} {"0":"file:///home/abdullah/Desktop/CNN-on-FPGA/src/conv.cpp"}
2026-03-15 23:43:22 [debug] : MonacoEditorModel.markAsDirty - enter {"0":"file:///home/abdullah/Desktop/CNN-on-FPGA/src/conv.cpp"}
2026-03-15 23:43:22 [debug] : MonacoEditorModel.markAsDirty - exit - ignoring dirty changes enabled {"0":"file:///home/abdullah/Desktop/CNN-on-FPGA/src/conv.cpp"}
2026-03-15 23:43:22 [debug] : MonacoEditorModel.fireDidChangeContent - exit {"0":"file:///home/abdullah/Desktop/CNN-on-FPGA/src/conv.cpp"}
2026-03-15 23:43:22 [debug] : MonacoEditorModel.doSync - exit {"0":"file:///home/abdullah/Desktop/CNN-on-FPGA/src/conv.cpp"}
2026-03-15 23:43:24 [debug] : MonacoEditorModel.cancelSync {"0":"file:///home/abdullah/Desktop/CNN-on-FPGA/src/conv.cpp"}
2026-03-15 23:43:24 [debug] : MonacoEditorModel.doSync - enter {"0":"file:///home/abdullah/Desktop/CNN-on-FPGA/src/conv.cpp"}
2026-03-15 23:43:24 [debug] : MonacoEditorModel.cancelSync {"0":"file:///home/abdullah/Desktop/CNN-on-FPGA/src/conv.cpp"}
2026-03-15 23:43:24 [debug] : MonacoEditorModel.cancelSync {"0":"file:///home/abdullah/Desktop/CNN-on-FPGA/src/conv.cpp"}
2026-03-15 23:43:24 [debug] : MonacoEditorModel.cancelSync {"0":"file:///home/abdullah/Desktop/CNN-on-FPGA/src/conv.cpp"}
2026-03-15 23:43:24 [debug] : MonacoEditorModel.cancelSync {"0":"file:///home/abdullah/Desktop/CNN-on-FPGA/src/conv.cpp"}
2026-03-15 23:43:24 [debug] : MonacoEditorModel.cancelSync {"0":"file:///home/abdullah/Desktop/CNN-on-FPGA/src/conv.cpp"}
2026-03-15 23:43:24 [debug] : MonacoEditorModel.cancelSync {"0":"file:///home/abdullah/Desktop/CNN-on-FPGA/src/conv.cpp"}
2026-03-15 23:43:24 [debug] : MonacoEditorModel.cancelSync {"0":"file:///home/abdullah/Desktop/CNN-on-FPGA/src/conv.cpp"}
2026-03-15 23:43:24 [debug] : MonacoEditorModel.cancelSync {"0":"file:///home/abdullah/Desktop/CNN-on-FPGA/src/conv.cpp"}
2026-03-15 23:43:24 [debug] : MonacoEditorModel.cancelSync {"0":"file:///home/abdullah/Desktop/CNN-on-FPGA/src/conv.cpp"}
2026-03-15 23:43:24 [debug] : MonacoEditorModel.cancelSync {"0":"file:///home/abdullah/Desktop/CNN-on-FPGA/src/conv.cpp"}
2026-03-15 23:43:24 [debug] : MonacoEditorModel.cancelSync {"0":"file:///home/abdullah/Desktop/CNN-on-FPGA/src/conv.cpp"}
2026-03-15 23:43:24 [debug] : MonacoEditorModel.cancelSync {"0":"file:///home/abdullah/Desktop/CNN-on-FPGA/src/conv.cpp"}
2026-03-15 23:43:24 [debug] : MonacoEditorModel.cancelSync {"0":"file:///home/abdullah/Desktop/CNN-on-FPGA/src/conv.cpp"}
2026-03-15 23:43:24 [debug] : MonacoEditorModel.cancelSync {"0":"file:///home/abdullah/Desktop/CNN-on-FPGA/src/conv.cpp"}
2026-03-15 23:43:24 [debug] : MonacoEditorModel.cancelSync {"0":"file:///home/abdullah/Desktop/CNN-on-FPGA/src/conv.cpp"}
2026-03-15 23:43:24 [debug] : MonacoEditorModel.cancelSync {"0":"file:///home/abdullah/Desktop/CNN-on-FPGA/src/conv.cpp"}
2026-03-15 23:43:24 [debug] : MonacoEditorModel.cancelSync {"0":"file:///home/abdullah/Desktop/CNN-on-FPGA/src/conv.cpp"}
2026-03-15 23:43:24 [debug] : MonacoEditorModel.cancelSync {"0":"file:///home/abdullah/Desktop/CNN-on-FPGA/src/conv.cpp"}
2026-03-15 23:43:24 [debug] : MonacoEditorModel.doSync - exit - cancelled while looking for a resource {"0":"file:///home/abdullah/Desktop/CNN-on-FPGA/src/conv.cpp"}
2026-03-15 23:43:24 [debug] : MonacoEditorModel.doSync - enter {"0":"file:///home/abdullah/Desktop/CNN-on-FPGA/src/conv.cpp"}
2026-03-15 23:43:24 [debug] : MonacoEditorModel.doSync - exit - cancelled {"0":"file:///home/abdullah/Desktop/CNN-on-FPGA/src/conv.cpp"}
2026-03-15 23:43:24 [debug] : MonacoEditorModel.doSync - enter {"0":"file:///home/abdullah/Desktop/CNN-on-FPGA/src/conv.cpp"}
2026-03-15 23:43:24 [debug] : MonacoEditorModel.doSync - exit - cancelled {"0":"file:///home/abdullah/Desktop/CNN-on-FPGA/src/conv.cpp"}
2026-03-15 23:43:24 [debug] : MonacoEditorModel.doSync - enter {"0":"file:///home/abdullah/Desktop/CNN-on-FPGA/src/conv.cpp"}
2026-03-15 23:43:24 [debug] : MonacoEditorModel.doSync - exit - cancelled {"0":"file:///home/abdullah/Desktop/CNN-on-FPGA/src/conv.cpp"}
2026-03-15 23:43:24 [debug] : MonacoEditorModel.doSync - enter {"0":"file:///home/abdullah/Desktop/CNN-on-FPGA/src/conv.cpp"}
2026-03-15 23:43:24 [debug] : MonacoEditorModel.doSync - exit - cancelled {"0":"file:///home/abdullah/Desktop/CNN-on-FPGA/src/conv.cpp"}
2026-03-15 23:43:24 [debug] : MonacoEditorModel.doSync - enter {"0":"file:///home/abdullah/Desktop/CNN-on-FPGA/src/conv.cpp"}
2026-03-15 23:43:24 [debug] : MonacoEditorModel.doSync - exit - cancelled {"0":"file:///home/abdullah/Desktop/CNN-on-FPGA/src/conv.cpp"}
2026-03-15 23:43:24 [debug] : MonacoEditorModel.doSync - enter {"0":"file:///home/abdullah/Desktop/CNN-on-FPGA/src/conv.cpp"}
2026-03-15 23:43:24 [debug] : MonacoEditorModel.doSync - exit - cancelled {"0":"file:///home/abdullah/Desktop/CNN-on-FPGA/src/conv.cpp"}
2026-03-15 23:43:24 [debug] : MonacoEditorModel.doSync - enter {"0":"file:///home/abdullah/Desktop/CNN-on-FPGA/src/conv.cpp"}
2026-03-15 23:43:24 [debug] : MonacoEditorModel.doSync - exit - cancelled {"0":"file:///home/abdullah/Desktop/CNN-on-FPGA/src/conv.cpp"}
2026-03-15 23:43:24 [debug] : MonacoEditorModel.doSync - enter {"0":"file:///home/abdullah/Desktop/CNN-on-FPGA/src/conv.cpp"}
2026-03-15 23:43:24 [debug] : MonacoEditorModel.doSync - exit - cancelled {"0":"file:///home/abdullah/Desktop/CNN-on-FPGA/src/conv.cpp"}
2026-03-15 23:43:24 [debug] : MonacoEditorModel.doSync - enter {"0":"file:///home/abdullah/Desktop/CNN-on-FPGA/src/conv.cpp"}
2026-03-15 23:43:24 [debug] : MonacoEditorModel.doSync - exit - cancelled {"0":"file:///home/abdullah/Desktop/CNN-on-FPGA/src/conv.cpp"}
2026-03-15 23:43:24 [debug] : MonacoEditorModel.doSync - enter {"0":"file:///home/abdullah/Desktop/CNN-on-FPGA/src/conv.cpp"}
2026-03-15 23:43:24 [debug] : MonacoEditorModel.doSync - exit - cancelled {"0":"file:///home/abdullah/Desktop/CNN-on-FPGA/src/conv.cpp"}
2026-03-15 23:43:24 [debug] : MonacoEditorModel.doSync - enter {"0":"file:///home/abdullah/Desktop/CNN-on-FPGA/src/conv.cpp"}
2026-03-15 23:43:24 [debug] : MonacoEditorModel.doSync - exit - cancelled {"0":"file:///home/abdullah/Desktop/CNN-on-FPGA/src/conv.cpp"}
2026-03-15 23:43:24 [debug] : MonacoEditorModel.doSync - enter {"0":"file:///home/abdullah/Desktop/CNN-on-FPGA/src/conv.cpp"}
2026-03-15 23:43:24 [debug] : MonacoEditorModel.doSync - exit - cancelled {"0":"file:///home/abdullah/Desktop/CNN-on-FPGA/src/conv.cpp"}
2026-03-15 23:43:24 [debug] : MonacoEditorModel.doSync - enter {"0":"file:///home/abdullah/Desktop/CNN-on-FPGA/src/conv.cpp"}
2026-03-15 23:43:24 [debug] : MonacoEditorModel.doSync - exit - cancelled {"0":"file:///home/abdullah/Desktop/CNN-on-FPGA/src/conv.cpp"}
2026-03-15 23:43:24 [debug] : MonacoEditorModel.doSync - enter {"0":"file:///home/abdullah/Desktop/CNN-on-FPGA/src/conv.cpp"}
2026-03-15 23:43:24 [debug] : MonacoEditorModel.doSync - exit - cancelled {"0":"file:///home/abdullah/Desktop/CNN-on-FPGA/src/conv.cpp"}
2026-03-15 23:43:24 [debug] : MonacoEditorModel.doSync - enter {"0":"file:///home/abdullah/Desktop/CNN-on-FPGA/src/conv.cpp"}
2026-03-15 23:43:24 [debug] : MonacoEditorModel.doSync - exit - cancelled {"0":"file:///home/abdullah/Desktop/CNN-on-FPGA/src/conv.cpp"}
2026-03-15 23:43:24 [debug] : MonacoEditorModel.doSync - enter {"0":"file:///home/abdullah/Desktop/CNN-on-FPGA/src/conv.cpp"}
2026-03-15 23:43:24 [debug] : MonacoEditorModel.doSync - exit - cancelled {"0":"file:///home/abdullah/Desktop/CNN-on-FPGA/src/conv.cpp"}
2026-03-15 23:43:24 [debug] : MonacoEditorModel.doSync - enter {"0":"file:///home/abdullah/Desktop/CNN-on-FPGA/src/conv.cpp"}
2026-03-15 23:43:24 [debug] : MonacoEditorModel.doSync - exit - cancelled {"0":"file:///home/abdullah/Desktop/CNN-on-FPGA/src/conv.cpp"}
2026-03-15 23:43:24 [debug] : MonacoEditorModel.doSync - enter {"0":"file:///home/abdullah/Desktop/CNN-on-FPGA/src/conv.cpp"}
2026-03-15 23:43:24 [debug] : MonacoEditorModel.fireDidChangeContent - enter - {
  "changes": [
    {
      "range": {
        "startLineNumber": 32,
        "startColumn": 1,
        "endLineNumber": 33,
        "endColumn": 1
      },
      "rangeLength": 1,
      "text": "",
      "rangeOffset": 1038,
      "forceMoveMarkers": true
    }
  ],
  "eol": "\n",
  "isEolChange": false,
  "versionId": 22,
  "isUndoing": false,
  "isRedoing": false,
  "isFlush": false
} {"0":"file:///home/abdullah/Desktop/CNN-on-FPGA/src/conv.cpp"}
2026-03-15 23:43:24 [debug] : MonacoEditorModel.markAsDirty - enter {"0":"file:///home/abdullah/Desktop/CNN-on-FPGA/src/conv.cpp"}
2026-03-15 23:43:24 [debug] : MonacoEditorModel.markAsDirty - exit - ignoring dirty changes enabled {"0":"file:///home/abdullah/Desktop/CNN-on-FPGA/src/conv.cpp"}
2026-03-15 23:43:24 [debug] : MonacoEditorModel.fireDidChangeContent - exit {"0":"file:///home/abdullah/Desktop/CNN-on-FPGA/src/conv.cpp"}
2026-03-15 23:43:24 [debug] : MonacoEditorModel.doSync - exit {"0":"file:///home/abdullah/Desktop/CNN-on-FPGA/src/conv.cpp"}
2026-03-15 23:43:45 [debug] : MonacoEditorModel.cancelSync {"0":"file:///home/abdullah/Desktop/CNN-on-FPGA/src/conv.cpp"}
2026-03-15 23:43:45 [debug] : MonacoEditorModel.doSync - enter {"0":"file:///home/abdullah/Desktop/CNN-on-FPGA/src/conv.cpp"}
2026-03-15 23:43:45 [debug] : MonacoEditorModel.cancelSync {"0":"file:///home/abdullah/Desktop/CNN-on-FPGA/src/conv.cpp"}
2026-03-15 23:43:45 [debug] : MonacoEditorModel.cancelSync {"0":"file:///home/abdullah/Desktop/CNN-on-FPGA/src/conv.cpp"}
2026-03-15 23:43:45 [debug] : MonacoEditorModel.cancelSync {"0":"file:///home/abdullah/Desktop/CNN-on-FPGA/src/conv.cpp"}
2026-03-15 23:43:45 [debug] : MonacoEditorModel.cancelSync {"0":"file:///home/abdullah/Desktop/CNN-on-FPGA/src/conv.cpp"}
2026-03-15 23:43:45 [debug] : MonacoEditorModel.cancelSync {"0":"file:///home/abdullah/Desktop/CNN-on-FPGA/src/conv.cpp"}
2026-03-15 23:43:45 [debug] : MonacoEditorModel.cancelSync {"0":"file:///home/abdullah/Desktop/CNN-on-FPGA/src/conv.cpp"}
2026-03-15 23:43:45 [debug] : MonacoEditorModel.cancelSync {"0":"file:///home/abdullah/Desktop/CNN-on-FPGA/src/conv.cpp"}
2026-03-15 23:43:45 [debug] : MonacoEditorModel.cancelSync {"0":"file:///home/abdullah/Desktop/CNN-on-FPGA/src/conv.cpp"}
2026-03-15 23:43:45 [debug] : MonacoEditorModel.cancelSync {"0":"file:///home/abdullah/Desktop/CNN-on-FPGA/src/conv.cpp"}
2026-03-15 23:43:45 [debug] : MonacoEditorModel.cancelSync {"0":"file:///home/abdullah/Desktop/CNN-on-FPGA/src/conv.cpp"}
2026-03-15 23:43:45 [debug] : MonacoEditorModel.cancelSync {"0":"file:///home/abdullah/Desktop/CNN-on-FPGA/src/conv.cpp"}
2026-03-15 23:43:45 [debug] : MonacoEditorModel.cancelSync {"0":"file:///home/abdullah/Desktop/CNN-on-FPGA/src/conv.cpp"}
2026-03-15 23:43:45 [debug] : MonacoEditorModel.cancelSync {"0":"file:///home/abdullah/Desktop/CNN-on-FPGA/src/conv.cpp"}
2026-03-15 23:43:45 [debug] : MonacoEditorModel.cancelSync {"0":"file:///home/abdullah/Desktop/CNN-on-FPGA/src/conv.cpp"}
2026-03-15 23:43:45 [debug] : MonacoEditorModel.cancelSync {"0":"file:///home/abdullah/Desktop/CNN-on-FPGA/src/conv.cpp"}
2026-03-15 23:43:45 [debug] : MonacoEditorModel.cancelSync {"0":"file:///home/abdullah/Desktop/CNN-on-FPGA/src/conv.cpp"}
2026-03-15 23:43:45 [debug] : MonacoEditorModel.cancelSync {"0":"file:///home/abdullah/Desktop/CNN-on-FPGA/src/conv.cpp"}
2026-03-15 23:43:45 [debug] : MonacoEditorModel.cancelSync {"0":"file:///home/abdullah/Desktop/CNN-on-FPGA/src/conv.cpp"}
2026-03-15 23:43:45 [debug] : MonacoEditorModel.doSync - exit - cancelled while looking for a resource {"0":"file:///home/abdullah/Desktop/CNN-on-FPGA/src/conv.cpp"}
2026-03-15 23:43:45 [debug] : MonacoEditorModel.doSync - enter {"0":"file:///home/abdullah/Desktop/CNN-on-FPGA/src/conv.cpp"}
2026-03-15 23:43:45 [debug] : MonacoEditorModel.doSync - exit - cancelled {"0":"file:///home/abdullah/Desktop/CNN-on-FPGA/src/conv.cpp"}
2026-03-15 23:43:45 [debug] : MonacoEditorModel.doSync - enter {"0":"file:///home/abdullah/Desktop/CNN-on-FPGA/src/conv.cpp"}
2026-03-15 23:43:45 [debug] : MonacoEditorModel.doSync - exit - cancelled {"0":"file:///home/abdullah/Desktop/CNN-on-FPGA/src/conv.cpp"}
2026-03-15 23:43:45 [debug] : MonacoEditorModel.doSync - enter {"0":"file:///home/abdullah/Desktop/CNN-on-FPGA/src/conv.cpp"}
2026-03-15 23:43:45 [debug] : MonacoEditorModel.doSync - exit - cancelled {"0":"file:///home/abdullah/Desktop/CNN-on-FPGA/src/conv.cpp"}
2026-03-15 23:43:45 [debug] : MonacoEditorModel.doSync - enter {"0":"file:///home/abdullah/Desktop/CNN-on-FPGA/src/conv.cpp"}
2026-03-15 23:43:45 [debug] : MonacoEditorModel.doSync - exit - cancelled {"0":"file:///home/abdullah/Desktop/CNN-on-FPGA/src/conv.cpp"}
2026-03-15 23:43:45 [debug] : MonacoEditorModel.doSync - enter {"0":"file:///home/abdullah/Desktop/CNN-on-FPGA/src/conv.cpp"}
2026-03-15 23:43:45 [debug] : MonacoEditorModel.doSync - exit - cancelled {"0":"file:///home/abdullah/Desktop/CNN-on-FPGA/src/conv.cpp"}
2026-03-15 23:43:45 [debug] : MonacoEditorModel.doSync - enter {"0":"file:///home/abdullah/Desktop/CNN-on-FPGA/src/conv.cpp"}
2026-03-15 23:43:45 [debug] : MonacoEditorModel.doSync - exit - cancelled {"0":"file:///home/abdullah/Desktop/CNN-on-FPGA/src/conv.cpp"}
2026-03-15 23:43:45 [debug] : MonacoEditorModel.doSync - enter {"0":"file:///home/abdullah/Desktop/CNN-on-FPGA/src/conv.cpp"}
2026-03-15 23:43:45 [debug] : MonacoEditorModel.doSync - exit - cancelled {"0":"file:///home/abdullah/Desktop/CNN-on-FPGA/src/conv.cpp"}
2026-03-15 23:43:45 [debug] : MonacoEditorModel.doSync - enter {"0":"file:///home/abdullah/Desktop/CNN-on-FPGA/src/conv.cpp"}
2026-03-15 23:43:45 [debug] : MonacoEditorModel.doSync - exit - cancelled {"0":"file:///home/abdullah/Desktop/CNN-on-FPGA/src/conv.cpp"}
2026-03-15 23:43:45 [debug] : MonacoEditorModel.doSync - enter {"0":"file:///home/abdullah/Desktop/CNN-on-FPGA/src/conv.cpp"}
2026-03-15 23:43:45 [debug] : MonacoEditorModel.doSync - exit - cancelled {"0":"file:///home/abdullah/Desktop/CNN-on-FPGA/src/conv.cpp"}
2026-03-15 23:43:45 [debug] : MonacoEditorModel.doSync - enter {"0":"file:///home/abdullah/Desktop/CNN-on-FPGA/src/conv.cpp"}
2026-03-15 23:43:45 [debug] : MonacoEditorModel.doSync - exit - cancelled {"0":"file:///home/abdullah/Desktop/CNN-on-FPGA/src/conv.cpp"}
2026-03-15 23:43:45 [debug] : MonacoEditorModel.doSync - enter {"0":"file:///home/abdullah/Desktop/CNN-on-FPGA/src/conv.cpp"}
2026-03-15 23:43:45 [debug] : MonacoEditorModel.doSync - exit - cancelled {"0":"file:///home/abdullah/Desktop/CNN-on-FPGA/src/conv.cpp"}
2026-03-15 23:43:45 [debug] : MonacoEditorModel.doSync - enter {"0":"file:///home/abdullah/Desktop/CNN-on-FPGA/src/conv.cpp"}
2026-03-15 23:43:45 [debug] : MonacoEditorModel.doSync - exit - cancelled {"0":"file:///home/abdullah/Desktop/CNN-on-FPGA/src/conv.cpp"}
2026-03-15 23:43:45 [debug] : MonacoEditorModel.doSync - enter {"0":"file:///home/abdullah/Desktop/CNN-on-FPGA/src/conv.cpp"}
2026-03-15 23:43:45 [debug] : MonacoEditorModel.doSync - exit - cancelled {"0":"file:///home/abdullah/Desktop/CNN-on-FPGA/src/conv.cpp"}
2026-03-15 23:43:45 [debug] : MonacoEditorModel.doSync - enter {"0":"file:///home/abdullah/Desktop/CNN-on-FPGA/src/conv.cpp"}
2026-03-15 23:43:45 [debug] : MonacoEditorModel.doSync - exit - cancelled {"0":"file:///home/abdullah/Desktop/CNN-on-FPGA/src/conv.cpp"}
2026-03-15 23:43:45 [debug] : MonacoEditorModel.doSync - enter {"0":"file:///home/abdullah/Desktop/CNN-on-FPGA/src/conv.cpp"}
2026-03-15 23:43:45 [debug] : MonacoEditorModel.doSync - exit - cancelled {"0":"file:///home/abdullah/Desktop/CNN-on-FPGA/src/conv.cpp"}
2026-03-15 23:43:45 [debug] : MonacoEditorModel.doSync - enter {"0":"file:///home/abdullah/Desktop/CNN-on-FPGA/src/conv.cpp"}
2026-03-15 23:43:45 [debug] : MonacoEditorModel.doSync - exit - cancelled {"0":"file:///home/abdullah/Desktop/CNN-on-FPGA/src/conv.cpp"}
2026-03-15 23:43:45 [debug] : MonacoEditorModel.doSync - enter {"0":"file:///home/abdullah/Desktop/CNN-on-FPGA/src/conv.cpp"}
2026-03-15 23:43:45 [debug] : MonacoEditorModel.doSync - exit - cancelled {"0":"file:///home/abdullah/Desktop/CNN-on-FPGA/src/conv.cpp"}
2026-03-15 23:43:45 [debug] : MonacoEditorModel.doSync - enter {"0":"file:///home/abdullah/Desktop/CNN-on-FPGA/src/conv.cpp"}
2026-03-15 23:43:45 [debug] : MonacoEditorModel.fireDidChangeContent - enter - {
  "changes": [
    {
      "range": {
        "startLineNumber": 68,
        "startColumn": 1,
        "endLineNumber": 68,
        "endColumn": 1
      },
      "rangeLength": 0,
      "text": "                    #pragma HLS BIND_OP variable=sum op=mul impl=fabric\n\n",
      "rangeOffset": 2435,
      "forceMoveMarkers": true
    }
  ],
  "eol": "\n",
  "isEolChange": false,
  "versionId": 23,
  "isUndoing": false,
  "isRedoing": false,
  "isFlush": false
} {"0":"file:///home/abdullah/Desktop/CNN-on-FPGA/src/conv.cpp"}
2026-03-15 23:43:45 [debug] : MonacoEditorModel.markAsDirty - enter {"0":"file:///home/abdullah/Desktop/CNN-on-FPGA/src/conv.cpp"}
2026-03-15 23:43:45 [debug] : MonacoEditorModel.markAsDirty - exit - ignoring dirty changes enabled {"0":"file:///home/abdullah/Desktop/CNN-on-FPGA/src/conv.cpp"}
2026-03-15 23:43:45 [debug] : MonacoEditorModel.fireDidChangeContent - exit {"0":"file:///home/abdullah/Desktop/CNN-on-FPGA/src/conv.cpp"}
2026-03-15 23:43:45 [debug] : MonacoEditorModel.doSync - exit {"0":"file:///home/abdullah/Desktop/CNN-on-FPGA/src/conv.cpp"}
2026-03-15 23:44:08 [debug] : MonacoEditorModel.cancelSync {"0":"file:///home/abdullah/Desktop/CNN-on-FPGA/src/conv.cpp"}
2026-03-15 23:44:08 [debug] : MonacoEditorModel.doSync - enter {"0":"file:///home/abdullah/Desktop/CNN-on-FPGA/src/conv.cpp"}
2026-03-15 23:44:08 [debug] : MonacoEditorModel.cancelSync {"0":"file:///home/abdullah/Desktop/CNN-on-FPGA/src/conv.cpp"}
2026-03-15 23:44:08 [debug] : MonacoEditorModel.cancelSync {"0":"file:///home/abdullah/Desktop/CNN-on-FPGA/src/conv.cpp"}
2026-03-15 23:44:08 [debug] : MonacoEditorModel.cancelSync {"0":"file:///home/abdullah/Desktop/CNN-on-FPGA/src/conv.cpp"}
2026-03-15 23:44:08 [debug] : MonacoEditorModel.cancelSync {"0":"file:///home/abdullah/Desktop/CNN-on-FPGA/src/conv.cpp"}
2026-03-15 23:44:08 [debug] : MonacoEditorModel.cancelSync {"0":"file:///home/abdullah/Desktop/CNN-on-FPGA/src/conv.cpp"}
2026-03-15 23:44:08 [debug] : MonacoEditorModel.cancelSync {"0":"file:///home/abdullah/Desktop/CNN-on-FPGA/src/conv.cpp"}
2026-03-15 23:44:08 [debug] : MonacoEditorModel.cancelSync {"0":"file:///home/abdullah/Desktop/CNN-on-FPGA/src/conv.cpp"}
2026-03-15 23:44:08 [debug] : MonacoEditorModel.cancelSync {"0":"file:///home/abdullah/Desktop/CNN-on-FPGA/src/conv.cpp"}
2026-03-15 23:44:08 [debug] : MonacoEditorModel.cancelSync {"0":"file:///home/abdullah/Desktop/CNN-on-FPGA/src/conv.cpp"}
2026-03-15 23:44:08 [debug] : MonacoEditorModel.cancelSync {"0":"file:///home/abdullah/Desktop/CNN-on-FPGA/src/conv.cpp"}
2026-03-15 23:44:08 [debug] : MonacoEditorModel.cancelSync {"0":"file:///home/abdullah/Desktop/CNN-on-FPGA/src/conv.cpp"}
2026-03-15 23:44:08 [debug] : MonacoEditorModel.cancelSync {"0":"file:///home/abdullah/Desktop/CNN-on-FPGA/src/conv.cpp"}
2026-03-15 23:44:08 [debug] : MonacoEditorModel.cancelSync {"0":"file:///home/abdullah/Desktop/CNN-on-FPGA/src/conv.cpp"}
2026-03-15 23:44:08 [debug] : MonacoEditorModel.cancelSync {"0":"file:///home/abdullah/Desktop/CNN-on-FPGA/src/conv.cpp"}
2026-03-15 23:44:08 [debug] : MonacoEditorModel.cancelSync {"0":"file:///home/abdullah/Desktop/CNN-on-FPGA/src/conv.cpp"}
2026-03-15 23:44:08 [debug] : MonacoEditorModel.cancelSync {"0":"file:///home/abdullah/Desktop/CNN-on-FPGA/src/conv.cpp"}
2026-03-15 23:44:08 [debug] : MonacoEditorModel.cancelSync {"0":"file:///home/abdullah/Desktop/CNN-on-FPGA/src/conv.cpp"}
2026-03-15 23:44:08 [debug] : MonacoEditorModel.cancelSync {"0":"file:///home/abdullah/Desktop/CNN-on-FPGA/src/conv.cpp"}
2026-03-15 23:44:08 [debug] : MonacoEditorModel.doSync - exit - cancelled while looking for a resource {"0":"file:///home/abdullah/Desktop/CNN-on-FPGA/src/conv.cpp"}
2026-03-15 23:44:08 [debug] : MonacoEditorModel.doSync - enter {"0":"file:///home/abdullah/Desktop/CNN-on-FPGA/src/conv.cpp"}
2026-03-15 23:44:08 [debug] : MonacoEditorModel.doSync - exit - cancelled {"0":"file:///home/abdullah/Desktop/CNN-on-FPGA/src/conv.cpp"}
2026-03-15 23:44:08 [debug] : MonacoEditorModel.doSync - enter {"0":"file:///home/abdullah/Desktop/CNN-on-FPGA/src/conv.cpp"}
2026-03-15 23:44:08 [debug] : MonacoEditorModel.doSync - exit - cancelled {"0":"file:///home/abdullah/Desktop/CNN-on-FPGA/src/conv.cpp"}
2026-03-15 23:44:08 [debug] : MonacoEditorModel.doSync - enter {"0":"file:///home/abdullah/Desktop/CNN-on-FPGA/src/conv.cpp"}
2026-03-15 23:44:08 [debug] : MonacoEditorModel.doSync - exit - cancelled {"0":"file:///home/abdullah/Desktop/CNN-on-FPGA/src/conv.cpp"}
2026-03-15 23:44:08 [debug] : MonacoEditorModel.doSync - enter {"0":"file:///home/abdullah/Desktop/CNN-on-FPGA/src/conv.cpp"}
2026-03-15 23:44:08 [debug] : MonacoEditorModel.doSync - exit - cancelled {"0":"file:///home/abdullah/Desktop/CNN-on-FPGA/src/conv.cpp"}
2026-03-15 23:44:08 [debug] : MonacoEditorModel.doSync - enter {"0":"file:///home/abdullah/Desktop/CNN-on-FPGA/src/conv.cpp"}
2026-03-15 23:44:08 [debug] : MonacoEditorModel.doSync - exit - cancelled {"0":"file:///home/abdullah/Desktop/CNN-on-FPGA/src/conv.cpp"}
2026-03-15 23:44:08 [debug] : MonacoEditorModel.doSync - enter {"0":"file:///home/abdullah/Desktop/CNN-on-FPGA/src/conv.cpp"}
2026-03-15 23:44:08 [debug] : MonacoEditorModel.doSync - exit - cancelled {"0":"file:///home/abdullah/Desktop/CNN-on-FPGA/src/conv.cpp"}
2026-03-15 23:44:08 [debug] : MonacoEditorModel.doSync - enter {"0":"file:///home/abdullah/Desktop/CNN-on-FPGA/src/conv.cpp"}
2026-03-15 23:44:08 [debug] : MonacoEditorModel.doSync - exit - cancelled {"0":"file:///home/abdullah/Desktop/CNN-on-FPGA/src/conv.cpp"}
2026-03-15 23:44:08 [debug] : MonacoEditorModel.doSync - enter {"0":"file:///home/abdullah/Desktop/CNN-on-FPGA/src/conv.cpp"}
2026-03-15 23:44:08 [debug] : MonacoEditorModel.doSync - exit - cancelled {"0":"file:///home/abdullah/Desktop/CNN-on-FPGA/src/conv.cpp"}
2026-03-15 23:44:08 [debug] : MonacoEditorModel.doSync - enter {"0":"file:///home/abdullah/Desktop/CNN-on-FPGA/src/conv.cpp"}
2026-03-15 23:44:08 [debug] : MonacoEditorModel.doSync - exit - cancelled {"0":"file:///home/abdullah/Desktop/CNN-on-FPGA/src/conv.cpp"}
2026-03-15 23:44:08 [debug] : MonacoEditorModel.doSync - enter {"0":"file:///home/abdullah/Desktop/CNN-on-FPGA/src/conv.cpp"}
2026-03-15 23:44:08 [debug] : MonacoEditorModel.doSync - exit - cancelled {"0":"file:///home/abdullah/Desktop/CNN-on-FPGA/src/conv.cpp"}
2026-03-15 23:44:08 [debug] : MonacoEditorModel.doSync - enter {"0":"file:///home/abdullah/Desktop/CNN-on-FPGA/src/conv.cpp"}
2026-03-15 23:44:08 [debug] : MonacoEditorModel.doSync - exit - cancelled {"0":"file:///home/abdullah/Desktop/CNN-on-FPGA/src/conv.cpp"}
2026-03-15 23:44:08 [debug] : MonacoEditorModel.doSync - enter {"0":"file:///home/abdullah/Desktop/CNN-on-FPGA/src/conv.cpp"}
2026-03-15 23:44:08 [debug] : MonacoEditorModel.doSync - exit - cancelled {"0":"file:///home/abdullah/Desktop/CNN-on-FPGA/src/conv.cpp"}
2026-03-15 23:44:08 [debug] : MonacoEditorModel.doSync - enter {"0":"file:///home/abdullah/Desktop/CNN-on-FPGA/src/conv.cpp"}
2026-03-15 23:44:08 [debug] : MonacoEditorModel.doSync - exit - cancelled {"0":"file:///home/abdullah/Desktop/CNN-on-FPGA/src/conv.cpp"}
2026-03-15 23:44:08 [debug] : MonacoEditorModel.doSync - enter {"0":"file:///home/abdullah/Desktop/CNN-on-FPGA/src/conv.cpp"}
2026-03-15 23:44:08 [debug] : MonacoEditorModel.doSync - exit - cancelled {"0":"file:///home/abdullah/Desktop/CNN-on-FPGA/src/conv.cpp"}
2026-03-15 23:44:08 [debug] : MonacoEditorModel.doSync - enter {"0":"file:///home/abdullah/Desktop/CNN-on-FPGA/src/conv.cpp"}
2026-03-15 23:44:08 [debug] : MonacoEditorModel.doSync - exit - cancelled {"0":"file:///home/abdullah/Desktop/CNN-on-FPGA/src/conv.cpp"}
2026-03-15 23:44:08 [debug] : MonacoEditorModel.doSync - enter {"0":"file:///home/abdullah/Desktop/CNN-on-FPGA/src/conv.cpp"}
2026-03-15 23:44:08 [debug] : MonacoEditorModel.doSync - exit - cancelled {"0":"file:///home/abdullah/Desktop/CNN-on-FPGA/src/conv.cpp"}
2026-03-15 23:44:08 [debug] : MonacoEditorModel.doSync - enter {"0":"file:///home/abdullah/Desktop/CNN-on-FPGA/src/conv.cpp"}
2026-03-15 23:44:08 [debug] : MonacoEditorModel.doSync - exit - cancelled {"0":"file:///home/abdullah/Desktop/CNN-on-FPGA/src/conv.cpp"}
2026-03-15 23:44:08 [debug] : MonacoEditorModel.doSync - enter {"0":"file:///home/abdullah/Desktop/CNN-on-FPGA/src/conv.cpp"}
2026-03-15 23:44:08 [debug] : MonacoEditorModel.fireDidChangeContent - enter - {
  "changes": [
    {
      "range": {
        "startLineNumber": 68,
        "startColumn": 1,
        "endLineNumber": 69,
        "endColumn": 1
      },
      "rangeLength": 72,
      "text": "    #pragma HLS BIND_OP variable=sum op=mul impl=fabric\n",
      "rangeOffset": 2435,
      "forceMoveMarkers": true
    }
  ],
  "eol": "\n",
  "isEolChange": false,
  "versionId": 24,
  "isUndoing": false,
  "isRedoing": false,
  "isFlush": false
} {"0":"file:///home/abdullah/Desktop/CNN-on-FPGA/src/conv.cpp"}
2026-03-15 23:44:08 [debug] : MonacoEditorModel.markAsDirty - enter {"0":"file:///home/abdullah/Desktop/CNN-on-FPGA/src/conv.cpp"}
2026-03-15 23:44:08 [debug] : MonacoEditorModel.markAsDirty - exit - ignoring dirty changes enabled {"0":"file:///home/abdullah/Desktop/CNN-on-FPGA/src/conv.cpp"}
2026-03-15 23:44:08 [debug] : MonacoEditorModel.fireDidChangeContent - exit {"0":"file:///home/abdullah/Desktop/CNN-on-FPGA/src/conv.cpp"}
2026-03-15 23:44:08 [debug] : MonacoEditorModel.doSync - exit {"0":"file:///home/abdullah/Desktop/CNN-on-FPGA/src/conv.cpp"}
2026-03-15 23:44:14 [debug] : MonacoEditorModel.cancelSync {"0":"file:///home/abdullah/Desktop/CNN-on-FPGA/src/conv.cpp"}
2026-03-15 23:44:14 [debug] : MonacoEditorModel.doSync - enter {"0":"file:///home/abdullah/Desktop/CNN-on-FPGA/src/conv.cpp"}
2026-03-15 23:44:14 [debug] : MonacoEditorModel.cancelSync {"0":"file:///home/abdullah/Desktop/CNN-on-FPGA/src/conv.cpp"}
2026-03-15 23:44:14 [debug] : MonacoEditorModel.cancelSync {"0":"file:///home/abdullah/Desktop/CNN-on-FPGA/src/conv.cpp"}
2026-03-15 23:44:14 [debug] : MonacoEditorModel.cancelSync {"0":"file:///home/abdullah/Desktop/CNN-on-FPGA/src/conv.cpp"}
2026-03-15 23:44:14 [debug] : MonacoEditorModel.cancelSync {"0":"file:///home/abdullah/Desktop/CNN-on-FPGA/src/conv.cpp"}
2026-03-15 23:44:14 [debug] : MonacoEditorModel.cancelSync {"0":"file:///home/abdullah/Desktop/CNN-on-FPGA/src/conv.cpp"}
2026-03-15 23:44:14 [debug] : MonacoEditorModel.cancelSync {"0":"file:///home/abdullah/Desktop/CNN-on-FPGA/src/conv.cpp"}
2026-03-15 23:44:14 [debug] : MonacoEditorModel.cancelSync {"0":"file:///home/abdullah/Desktop/CNN-on-FPGA/src/conv.cpp"}
2026-03-15 23:44:14 [debug] : MonacoEditorModel.cancelSync {"0":"file:///home/abdullah/Desktop/CNN-on-FPGA/src/conv.cpp"}
2026-03-15 23:44:14 [debug] : MonacoEditorModel.cancelSync {"0":"file:///home/abdullah/Desktop/CNN-on-FPGA/src/conv.cpp"}
2026-03-15 23:44:14 [debug] : MonacoEditorModel.cancelSync {"0":"file:///home/abdullah/Desktop/CNN-on-FPGA/src/conv.cpp"}
2026-03-15 23:44:14 [debug] : MonacoEditorModel.cancelSync {"0":"file:///home/abdullah/Desktop/CNN-on-FPGA/src/conv.cpp"}
2026-03-15 23:44:14 [debug] : MonacoEditorModel.cancelSync {"0":"file:///home/abdullah/Desktop/CNN-on-FPGA/src/conv.cpp"}
2026-03-15 23:44:14 [debug] : MonacoEditorModel.cancelSync {"0":"file:///home/abdullah/Desktop/CNN-on-FPGA/src/conv.cpp"}
2026-03-15 23:44:14 [debug] : MonacoEditorModel.cancelSync {"0":"file:///home/abdullah/Desktop/CNN-on-FPGA/src/conv.cpp"}
2026-03-15 23:44:14 [debug] : MonacoEditorModel.cancelSync {"0":"file:///home/abdullah/Desktop/CNN-on-FPGA/src/conv.cpp"}
2026-03-15 23:44:14 [debug] : MonacoEditorModel.cancelSync {"0":"file:///home/abdullah/Desktop/CNN-on-FPGA/src/conv.cpp"}
2026-03-15 23:44:14 [debug] : MonacoEditorModel.cancelSync {"0":"file:///home/abdullah/Desktop/CNN-on-FPGA/src/conv.cpp"}
2026-03-15 23:44:14 [debug] : MonacoEditorModel.cancelSync {"0":"file:///home/abdullah/Desktop/CNN-on-FPGA/src/conv.cpp"}
2026-03-15 23:44:14 [debug] : MonacoEditorModel.doSync - exit - cancelled while looking for a resource {"0":"file:///home/abdullah/Desktop/CNN-on-FPGA/src/conv.cpp"}
2026-03-15 23:44:14 [debug] : MonacoEditorModel.doSync - enter {"0":"file:///home/abdullah/Desktop/CNN-on-FPGA/src/conv.cpp"}
2026-03-15 23:44:14 [debug] : MonacoEditorModel.doSync - exit - cancelled {"0":"file:///home/abdullah/Desktop/CNN-on-FPGA/src/conv.cpp"}
2026-03-15 23:44:14 [debug] : MonacoEditorModel.doSync - enter {"0":"file:///home/abdullah/Desktop/CNN-on-FPGA/src/conv.cpp"}
2026-03-15 23:44:14 [debug] : MonacoEditorModel.doSync - exit - cancelled {"0":"file:///home/abdullah/Desktop/CNN-on-FPGA/src/conv.cpp"}
2026-03-15 23:44:14 [debug] : MonacoEditorModel.doSync - enter {"0":"file:///home/abdullah/Desktop/CNN-on-FPGA/src/conv.cpp"}
2026-03-15 23:44:14 [debug] : MonacoEditorModel.doSync - exit - cancelled {"0":"file:///home/abdullah/Desktop/CNN-on-FPGA/src/conv.cpp"}
2026-03-15 23:44:14 [debug] : MonacoEditorModel.doSync - enter {"0":"file:///home/abdullah/Desktop/CNN-on-FPGA/src/conv.cpp"}
2026-03-15 23:44:14 [debug] : MonacoEditorModel.doSync - exit - cancelled {"0":"file:///home/abdullah/Desktop/CNN-on-FPGA/src/conv.cpp"}
2026-03-15 23:44:14 [debug] : MonacoEditorModel.doSync - enter {"0":"file:///home/abdullah/Desktop/CNN-on-FPGA/src/conv.cpp"}
2026-03-15 23:44:14 [debug] : MonacoEditorModel.doSync - exit - cancelled {"0":"file:///home/abdullah/Desktop/CNN-on-FPGA/src/conv.cpp"}
2026-03-15 23:44:14 [debug] : MonacoEditorModel.doSync - enter {"0":"file:///home/abdullah/Desktop/CNN-on-FPGA/src/conv.cpp"}
2026-03-15 23:44:14 [debug] : MonacoEditorModel.doSync - exit - cancelled {"0":"file:///home/abdullah/Desktop/CNN-on-FPGA/src/conv.cpp"}
2026-03-15 23:44:14 [debug] : MonacoEditorModel.doSync - enter {"0":"file:///home/abdullah/Desktop/CNN-on-FPGA/src/conv.cpp"}
2026-03-15 23:44:14 [debug] : MonacoEditorModel.doSync - exit - cancelled {"0":"file:///home/abdullah/Desktop/CNN-on-FPGA/src/conv.cpp"}
2026-03-15 23:44:14 [debug] : MonacoEditorModel.doSync - enter {"0":"file:///home/abdullah/Desktop/CNN-on-FPGA/src/conv.cpp"}
2026-03-15 23:44:14 [debug] : MonacoEditorModel.doSync - exit - cancelled {"0":"file:///home/abdullah/Desktop/CNN-on-FPGA/src/conv.cpp"}
2026-03-15 23:44:14 [debug] : MonacoEditorModel.doSync - enter {"0":"file:///home/abdullah/Desktop/CNN-on-FPGA/src/conv.cpp"}
2026-03-15 23:44:14 [debug] : MonacoEditorModel.doSync - exit - cancelled {"0":"file:///home/abdullah/Desktop/CNN-on-FPGA/src/conv.cpp"}
2026-03-15 23:44:14 [debug] : MonacoEditorModel.doSync - enter {"0":"file:///home/abdullah/Desktop/CNN-on-FPGA/src/conv.cpp"}
2026-03-15 23:44:14 [debug] : MonacoEditorModel.doSync - exit - cancelled {"0":"file:///home/abdullah/Desktop/CNN-on-FPGA/src/conv.cpp"}
2026-03-15 23:44:14 [debug] : MonacoEditorModel.doSync - enter {"0":"file:///home/abdullah/Desktop/CNN-on-FPGA/src/conv.cpp"}
2026-03-15 23:44:14 [debug] : MonacoEditorModel.doSync - exit - cancelled {"0":"file:///home/abdullah/Desktop/CNN-on-FPGA/src/conv.cpp"}
2026-03-15 23:44:14 [debug] : MonacoEditorModel.doSync - enter {"0":"file:///home/abdullah/Desktop/CNN-on-FPGA/src/conv.cpp"}
2026-03-15 23:44:14 [debug] : MonacoEditorModel.doSync - exit - cancelled {"0":"file:///home/abdullah/Desktop/CNN-on-FPGA/src/conv.cpp"}
2026-03-15 23:44:14 [debug] : MonacoEditorModel.doSync - enter {"0":"file:///home/abdullah/Desktop/CNN-on-FPGA/src/conv.cpp"}
2026-03-15 23:44:14 [debug] : MonacoEditorModel.doSync - exit - cancelled {"0":"file:///home/abdullah/Desktop/CNN-on-FPGA/src/conv.cpp"}
2026-03-15 23:44:14 [debug] : MonacoEditorModel.doSync - enter {"0":"file:///home/abdullah/Desktop/CNN-on-FPGA/src/conv.cpp"}
2026-03-15 23:44:14 [debug] : MonacoEditorModel.doSync - exit - cancelled {"0":"file:///home/abdullah/Desktop/CNN-on-FPGA/src/conv.cpp"}
2026-03-15 23:44:14 [debug] : MonacoEditorModel.doSync - enter {"0":"file:///home/abdullah/Desktop/CNN-on-FPGA/src/conv.cpp"}
2026-03-15 23:44:14 [debug] : MonacoEditorModel.doSync - exit - cancelled {"0":"file:///home/abdullah/Desktop/CNN-on-FPGA/src/conv.cpp"}
2026-03-15 23:44:14 [debug] : MonacoEditorModel.doSync - enter {"0":"file:///home/abdullah/Desktop/CNN-on-FPGA/src/conv.cpp"}
2026-03-15 23:44:14 [debug] : MonacoEditorModel.doSync - exit - cancelled {"0":"file:///home/abdullah/Desktop/CNN-on-FPGA/src/conv.cpp"}
2026-03-15 23:44:14 [debug] : MonacoEditorModel.doSync - enter {"0":"file:///home/abdullah/Desktop/CNN-on-FPGA/src/conv.cpp"}
2026-03-15 23:44:14 [debug] : MonacoEditorModel.doSync - exit - cancelled {"0":"file:///home/abdullah/Desktop/CNN-on-FPGA/src/conv.cpp"}
2026-03-15 23:44:14 [debug] : MonacoEditorModel.doSync - enter {"0":"file:///home/abdullah/Desktop/CNN-on-FPGA/src/conv.cpp"}
2026-03-15 23:44:14 [debug] : MonacoEditorModel.fireDidChangeContent - enter - {
  "changes": [
    {
      "range": {
        "startLineNumber": 68,
        "startColumn": 1,
        "endLineNumber": 70,
        "endColumn": 1
      },
      "rangeLength": 57,
      "text": "",
      "rangeOffset": 2435,
      "forceMoveMarkers": true
    }
  ],
  "eol": "\n",
  "isEolChange": false,
  "versionId": 25,
  "isUndoing": false,
  "isRedoing": false,
  "isFlush": false
} {"0":"file:///home/abdullah/Desktop/CNN-on-FPGA/src/conv.cpp"}
2026-03-15 23:44:14 [debug] : MonacoEditorModel.markAsDirty - enter {"0":"file:///home/abdullah/Desktop/CNN-on-FPGA/src/conv.cpp"}
2026-03-15 23:44:14 [debug] : MonacoEditorModel.markAsDirty - exit - ignoring dirty changes enabled {"0":"file:///home/abdullah/Desktop/CNN-on-FPGA/src/conv.cpp"}
2026-03-15 23:44:14 [debug] : MonacoEditorModel.fireDidChangeContent - exit {"0":"file:///home/abdullah/Desktop/CNN-on-FPGA/src/conv.cpp"}
2026-03-15 23:44:14 [debug] : MonacoEditorModel.doSync - exit {"0":"file:///home/abdullah/Desktop/CNN-on-FPGA/src/conv.cpp"}
2026-03-15 23:44:41 [debug] : MonacoEditorModel.cancelSync {"0":"file:///home/abdullah/Desktop/CNN-on-FPGA/src/conv.cpp"}
2026-03-15 23:44:41 [debug] : MonacoEditorModel.doSync - enter {"0":"file:///home/abdullah/Desktop/CNN-on-FPGA/src/conv.cpp"}
2026-03-15 23:44:41 [debug] : MonacoEditorModel.cancelSync {"0":"file:///home/abdullah/Desktop/CNN-on-FPGA/src/conv.cpp"}
2026-03-15 23:44:41 [debug] : MonacoEditorModel.cancelSync {"0":"file:///home/abdullah/Desktop/CNN-on-FPGA/src/conv.cpp"}
2026-03-15 23:44:41 [debug] : MonacoEditorModel.cancelSync {"0":"file:///home/abdullah/Desktop/CNN-on-FPGA/src/conv.cpp"}
2026-03-15 23:44:41 [debug] : MonacoEditorModel.cancelSync {"0":"file:///home/abdullah/Desktop/CNN-on-FPGA/src/conv.cpp"}
2026-03-15 23:44:41 [debug] : MonacoEditorModel.cancelSync {"0":"file:///home/abdullah/Desktop/CNN-on-FPGA/src/conv.cpp"}
2026-03-15 23:44:41 [debug] : MonacoEditorModel.cancelSync {"0":"file:///home/abdullah/Desktop/CNN-on-FPGA/src/conv.cpp"}
2026-03-15 23:44:41 [debug] : MonacoEditorModel.cancelSync {"0":"file:///home/abdullah/Desktop/CNN-on-FPGA/src/conv.cpp"}
2026-03-15 23:44:41 [debug] : MonacoEditorModel.cancelSync {"0":"file:///home/abdullah/Desktop/CNN-on-FPGA/src/conv.cpp"}
2026-03-15 23:44:41 [debug] : MonacoEditorModel.cancelSync {"0":"file:///home/abdullah/Desktop/CNN-on-FPGA/src/conv.cpp"}
2026-03-15 23:44:41 [debug] : MonacoEditorModel.cancelSync {"0":"file:///home/abdullah/Desktop/CNN-on-FPGA/src/conv.cpp"}
2026-03-15 23:44:41 [debug] : MonacoEditorModel.cancelSync {"0":"file:///home/abdullah/Desktop/CNN-on-FPGA/src/conv.cpp"}
2026-03-15 23:44:41 [debug] : MonacoEditorModel.cancelSync {"0":"file:///home/abdullah/Desktop/CNN-on-FPGA/src/conv.cpp"}
2026-03-15 23:44:41 [debug] : MonacoEditorModel.cancelSync {"0":"file:///home/abdullah/Desktop/CNN-on-FPGA/src/conv.cpp"}
2026-03-15 23:44:41 [debug] : MonacoEditorModel.cancelSync {"0":"file:///home/abdullah/Desktop/CNN-on-FPGA/src/conv.cpp"}
2026-03-15 23:44:41 [debug] : MonacoEditorModel.cancelSync {"0":"file:///home/abdullah/Desktop/CNN-on-FPGA/src/conv.cpp"}
2026-03-15 23:44:41 [debug] : MonacoEditorModel.cancelSync {"0":"file:///home/abdullah/Desktop/CNN-on-FPGA/src/conv.cpp"}
2026-03-15 23:44:41 [debug] : MonacoEditorModel.cancelSync {"0":"file:///home/abdullah/Desktop/CNN-on-FPGA/src/conv.cpp"}
2026-03-15 23:44:41 [debug] : MonacoEditorModel.cancelSync {"0":"file:///home/abdullah/Desktop/CNN-on-FPGA/src/conv.cpp"}
2026-03-15 23:44:41 [debug] : MonacoEditorModel.doSync - exit - cancelled while looking for a resource {"0":"file:///home/abdullah/Desktop/CNN-on-FPGA/src/conv.cpp"}
2026-03-15 23:44:41 [debug] : MonacoEditorModel.doSync - enter {"0":"file:///home/abdullah/Desktop/CNN-on-FPGA/src/conv.cpp"}
2026-03-15 23:44:41 [debug] : MonacoEditorModel.doSync - exit - cancelled {"0":"file:///home/abdullah/Desktop/CNN-on-FPGA/src/conv.cpp"}
2026-03-15 23:44:41 [debug] : MonacoEditorModel.doSync - enter {"0":"file:///home/abdullah/Desktop/CNN-on-FPGA/src/conv.cpp"}
2026-03-15 23:44:41 [debug] : MonacoEditorModel.doSync - exit - cancelled {"0":"file:///home/abdullah/Desktop/CNN-on-FPGA/src/conv.cpp"}
2026-03-15 23:44:41 [debug] : MonacoEditorModel.doSync - enter {"0":"file:///home/abdullah/Desktop/CNN-on-FPGA/src/conv.cpp"}
2026-03-15 23:44:41 [debug] : MonacoEditorModel.doSync - exit - cancelled {"0":"file:///home/abdullah/Desktop/CNN-on-FPGA/src/conv.cpp"}
2026-03-15 23:44:41 [debug] : MonacoEditorModel.doSync - enter {"0":"file:///home/abdullah/Desktop/CNN-on-FPGA/src/conv.cpp"}
2026-03-15 23:44:41 [debug] : MonacoEditorModel.doSync - exit - cancelled {"0":"file:///home/abdullah/Desktop/CNN-on-FPGA/src/conv.cpp"}
2026-03-15 23:44:41 [debug] : MonacoEditorModel.doSync - enter {"0":"file:///home/abdullah/Desktop/CNN-on-FPGA/src/conv.cpp"}
2026-03-15 23:44:41 [debug] : MonacoEditorModel.doSync - exit - cancelled {"0":"file:///home/abdullah/Desktop/CNN-on-FPGA/src/conv.cpp"}
2026-03-15 23:44:41 [debug] : MonacoEditorModel.doSync - enter {"0":"file:///home/abdullah/Desktop/CNN-on-FPGA/src/conv.cpp"}
2026-03-15 23:44:41 [debug] : MonacoEditorModel.doSync - exit - cancelled {"0":"file:///home/abdullah/Desktop/CNN-on-FPGA/src/conv.cpp"}
2026-03-15 23:44:41 [debug] : MonacoEditorModel.doSync - enter {"0":"file:///home/abdullah/Desktop/CNN-on-FPGA/src/conv.cpp"}
2026-03-15 23:44:41 [debug] : MonacoEditorModel.doSync - exit - cancelled {"0":"file:///home/abdullah/Desktop/CNN-on-FPGA/src/conv.cpp"}
2026-03-15 23:44:41 [debug] : MonacoEditorModel.doSync - enter {"0":"file:///home/abdullah/Desktop/CNN-on-FPGA/src/conv.cpp"}
2026-03-15 23:44:41 [debug] : MonacoEditorModel.doSync - exit - cancelled {"0":"file:///home/abdullah/Desktop/CNN-on-FPGA/src/conv.cpp"}
2026-03-15 23:44:41 [debug] : MonacoEditorModel.doSync - enter {"0":"file:///home/abdullah/Desktop/CNN-on-FPGA/src/conv.cpp"}
2026-03-15 23:44:41 [debug] : MonacoEditorModel.doSync - exit - cancelled {"0":"file:///home/abdullah/Desktop/CNN-on-FPGA/src/conv.cpp"}
2026-03-15 23:44:41 [debug] : MonacoEditorModel.doSync - enter {"0":"file:///home/abdullah/Desktop/CNN-on-FPGA/src/conv.cpp"}
2026-03-15 23:44:41 [debug] : MonacoEditorModel.doSync - exit - cancelled {"0":"file:///home/abdullah/Desktop/CNN-on-FPGA/src/conv.cpp"}
2026-03-15 23:44:41 [debug] : MonacoEditorModel.doSync - enter {"0":"file:///home/abdullah/Desktop/CNN-on-FPGA/src/conv.cpp"}
2026-03-15 23:44:41 [debug] : MonacoEditorModel.doSync - exit - cancelled {"0":"file:///home/abdullah/Desktop/CNN-on-FPGA/src/conv.cpp"}
2026-03-15 23:44:41 [debug] : MonacoEditorModel.doSync - enter {"0":"file:///home/abdullah/Desktop/CNN-on-FPGA/src/conv.cpp"}
2026-03-15 23:44:41 [debug] : MonacoEditorModel.doSync - exit - cancelled {"0":"file:///home/abdullah/Desktop/CNN-on-FPGA/src/conv.cpp"}
2026-03-15 23:44:41 [debug] : MonacoEditorModel.doSync - enter {"0":"file:///home/abdullah/Desktop/CNN-on-FPGA/src/conv.cpp"}
2026-03-15 23:44:41 [debug] : MonacoEditorModel.doSync - exit - cancelled {"0":"file:///home/abdullah/Desktop/CNN-on-FPGA/src/conv.cpp"}
2026-03-15 23:44:41 [debug] : MonacoEditorModel.doSync - enter {"0":"file:///home/abdullah/Desktop/CNN-on-FPGA/src/conv.cpp"}
2026-03-15 23:44:41 [debug] : MonacoEditorModel.doSync - exit - cancelled {"0":"file:///home/abdullah/Desktop/CNN-on-FPGA/src/conv.cpp"}
2026-03-15 23:44:41 [debug] : MonacoEditorModel.doSync - enter {"0":"file:///home/abdullah/Desktop/CNN-on-FPGA/src/conv.cpp"}
2026-03-15 23:44:41 [debug] : MonacoEditorModel.doSync - exit - cancelled {"0":"file:///home/abdullah/Desktop/CNN-on-FPGA/src/conv.cpp"}
2026-03-15 23:44:41 [debug] : MonacoEditorModel.doSync - enter {"0":"file:///home/abdullah/Desktop/CNN-on-FPGA/src/conv.cpp"}
2026-03-15 23:44:41 [debug] : MonacoEditorModel.doSync - exit - cancelled {"0":"file:///home/abdullah/Desktop/CNN-on-FPGA/src/conv.cpp"}
2026-03-15 23:44:41 [debug] : MonacoEditorModel.doSync - enter {"0":"file:///home/abdullah/Desktop/CNN-on-FPGA/src/conv.cpp"}
2026-03-15 23:44:41 [debug] : MonacoEditorModel.doSync - exit - cancelled {"0":"file:///home/abdullah/Desktop/CNN-on-FPGA/src/conv.cpp"}
2026-03-15 23:44:41 [debug] : MonacoEditorModel.doSync - enter {"0":"file:///home/abdullah/Desktop/CNN-on-FPGA/src/conv.cpp"}
2026-03-15 23:44:41 [debug] : MonacoEditorModel.fireDidChangeContent - enter - {
  "changes": [
    {
      "range": {
        "startLineNumber": 98,
        "startColumn": 1,
        "endLineNumber": 98,
        "endColumn": 1
      },
      "rangeLength": 0,
      "text": "                    #pragma HLS BIND_OP variable=sum op=mul impl=fabric\n\n",
      "rangeOffset": 3738,
      "forceMoveMarkers": true
    }
  ],
  "eol": "\n",
  "isEolChange": false,
  "versionId": 26,
  "isUndoing": false,
  "isRedoing": false,
  "isFlush": false
} {"0":"file:///home/abdullah/Desktop/CNN-on-FPGA/src/conv.cpp"}
2026-03-15 23:44:41 [debug] : MonacoEditorModel.markAsDirty - enter {"0":"file:///home/abdullah/Desktop/CNN-on-FPGA/src/conv.cpp"}
2026-03-15 23:44:41 [debug] : MonacoEditorModel.markAsDirty - exit - ignoring dirty changes enabled {"0":"file:///home/abdullah/Desktop/CNN-on-FPGA/src/conv.cpp"}
2026-03-15 23:44:41 [debug] : MonacoEditorModel.fireDidChangeContent - exit {"0":"file:///home/abdullah/Desktop/CNN-on-FPGA/src/conv.cpp"}
2026-03-15 23:44:41 [debug] : MonacoEditorModel.doSync - exit {"0":"file:///home/abdullah/Desktop/CNN-on-FPGA/src/conv.cpp"}
2026-03-15 23:44:42 [debug] : MonacoEditorModel.cancelSync {"0":"file:///home/abdullah/Desktop/CNN-on-FPGA/src/conv.cpp"}
2026-03-15 23:44:42 [debug] : MonacoEditorModel.doSync - enter {"0":"file:///home/abdullah/Desktop/CNN-on-FPGA/src/conv.cpp"}
2026-03-15 23:44:42 [debug] : MonacoEditorModel.cancelSync {"0":"file:///home/abdullah/Desktop/CNN-on-FPGA/src/conv.cpp"}
2026-03-15 23:44:42 [debug] : MonacoEditorModel.cancelSync {"0":"file:///home/abdullah/Desktop/CNN-on-FPGA/src/conv.cpp"}
2026-03-15 23:44:42 [debug] : MonacoEditorModel.cancelSync {"0":"file:///home/abdullah/Desktop/CNN-on-FPGA/src/conv.cpp"}
2026-03-15 23:44:42 [debug] : MonacoEditorModel.cancelSync {"0":"file:///home/abdullah/Desktop/CNN-on-FPGA/src/conv.cpp"}
2026-03-15 23:44:42 [debug] : MonacoEditorModel.cancelSync {"0":"file:///home/abdullah/Desktop/CNN-on-FPGA/src/conv.cpp"}
2026-03-15 23:44:42 [debug] : MonacoEditorModel.cancelSync {"0":"file:///home/abdullah/Desktop/CNN-on-FPGA/src/conv.cpp"}
2026-03-15 23:44:42 [debug] : MonacoEditorModel.cancelSync {"0":"file:///home/abdullah/Desktop/CNN-on-FPGA/src/conv.cpp"}
2026-03-15 23:44:42 [debug] : MonacoEditorModel.cancelSync {"0":"file:///home/abdullah/Desktop/CNN-on-FPGA/src/conv.cpp"}
2026-03-15 23:44:42 [debug] : MonacoEditorModel.cancelSync {"0":"file:///home/abdullah/Desktop/CNN-on-FPGA/src/conv.cpp"}
2026-03-15 23:44:42 [debug] : MonacoEditorModel.cancelSync {"0":"file:///home/abdullah/Desktop/CNN-on-FPGA/src/conv.cpp"}
2026-03-15 23:44:42 [debug] : MonacoEditorModel.cancelSync {"0":"file:///home/abdullah/Desktop/CNN-on-FPGA/src/conv.cpp"}
2026-03-15 23:44:42 [debug] : MonacoEditorModel.cancelSync {"0":"file:///home/abdullah/Desktop/CNN-on-FPGA/src/conv.cpp"}
2026-03-15 23:44:42 [debug] : MonacoEditorModel.cancelSync {"0":"file:///home/abdullah/Desktop/CNN-on-FPGA/src/conv.cpp"}
2026-03-15 23:44:42 [debug] : MonacoEditorModel.cancelSync {"0":"file:///home/abdullah/Desktop/CNN-on-FPGA/src/conv.cpp"}
2026-03-15 23:44:42 [debug] : MonacoEditorModel.cancelSync {"0":"file:///home/abdullah/Desktop/CNN-on-FPGA/src/conv.cpp"}
2026-03-15 23:44:42 [debug] : MonacoEditorModel.cancelSync {"0":"file:///home/abdullah/Desktop/CNN-on-FPGA/src/conv.cpp"}
2026-03-15 23:44:42 [debug] : MonacoEditorModel.cancelSync {"0":"file:///home/abdullah/Desktop/CNN-on-FPGA/src/conv.cpp"}
2026-03-15 23:44:42 [debug] : MonacoEditorModel.cancelSync {"0":"file:///home/abdullah/Desktop/CNN-on-FPGA/src/conv.cpp"}
2026-03-15 23:44:42 [debug] : MonacoEditorModel.doSync - exit - cancelled while looking for a resource {"0":"file:///home/abdullah/Desktop/CNN-on-FPGA/src/conv.cpp"}
2026-03-15 23:44:42 [debug] : MonacoEditorModel.doSync - enter {"0":"file:///home/abdullah/Desktop/CNN-on-FPGA/src/conv.cpp"}
2026-03-15 23:44:42 [debug] : MonacoEditorModel.doSync - exit - cancelled {"0":"file:///home/abdullah/Desktop/CNN-on-FPGA/src/conv.cpp"}
2026-03-15 23:44:42 [debug] : MonacoEditorModel.doSync - enter {"0":"file:///home/abdullah/Desktop/CNN-on-FPGA/src/conv.cpp"}
2026-03-15 23:44:42 [debug] : MonacoEditorModel.doSync - exit - cancelled {"0":"file:///home/abdullah/Desktop/CNN-on-FPGA/src/conv.cpp"}
2026-03-15 23:44:42 [debug] : MonacoEditorModel.doSync - enter {"0":"file:///home/abdullah/Desktop/CNN-on-FPGA/src/conv.cpp"}
2026-03-15 23:44:42 [debug] : MonacoEditorModel.doSync - exit - cancelled {"0":"file:///home/abdullah/Desktop/CNN-on-FPGA/src/conv.cpp"}
2026-03-15 23:44:42 [debug] : MonacoEditorModel.doSync - enter {"0":"file:///home/abdullah/Desktop/CNN-on-FPGA/src/conv.cpp"}
2026-03-15 23:44:42 [debug] : MonacoEditorModel.doSync - exit - cancelled {"0":"file:///home/abdullah/Desktop/CNN-on-FPGA/src/conv.cpp"}
2026-03-15 23:44:42 [debug] : MonacoEditorModel.doSync - enter {"0":"file:///home/abdullah/Desktop/CNN-on-FPGA/src/conv.cpp"}
2026-03-15 23:44:42 [debug] : MonacoEditorModel.doSync - exit - cancelled {"0":"file:///home/abdullah/Desktop/CNN-on-FPGA/src/conv.cpp"}
2026-03-15 23:44:42 [debug] : MonacoEditorModel.doSync - enter {"0":"file:///home/abdullah/Desktop/CNN-on-FPGA/src/conv.cpp"}
2026-03-15 23:44:42 [debug] : MonacoEditorModel.doSync - exit - cancelled {"0":"file:///home/abdullah/Desktop/CNN-on-FPGA/src/conv.cpp"}
2026-03-15 23:44:42 [debug] : MonacoEditorModel.doSync - enter {"0":"file:///home/abdullah/Desktop/CNN-on-FPGA/src/conv.cpp"}
2026-03-15 23:44:42 [debug] : MonacoEditorModel.doSync - exit - cancelled {"0":"file:///home/abdullah/Desktop/CNN-on-FPGA/src/conv.cpp"}
2026-03-15 23:44:42 [debug] : MonacoEditorModel.doSync - enter {"0":"file:///home/abdullah/Desktop/CNN-on-FPGA/src/conv.cpp"}
2026-03-15 23:44:42 [debug] : MonacoEditorModel.doSync - exit - cancelled {"0":"file:///home/abdullah/Desktop/CNN-on-FPGA/src/conv.cpp"}
2026-03-15 23:44:42 [debug] : MonacoEditorModel.doSync - enter {"0":"file:///home/abdullah/Desktop/CNN-on-FPGA/src/conv.cpp"}
2026-03-15 23:44:42 [debug] : MonacoEditorModel.doSync - exit - cancelled {"0":"file:///home/abdullah/Desktop/CNN-on-FPGA/src/conv.cpp"}
2026-03-15 23:44:42 [debug] : MonacoEditorModel.doSync - enter {"0":"file:///home/abdullah/Desktop/CNN-on-FPGA/src/conv.cpp"}
2026-03-15 23:44:42 [debug] : MonacoEditorModel.doSync - exit - cancelled {"0":"file:///home/abdullah/Desktop/CNN-on-FPGA/src/conv.cpp"}
2026-03-15 23:44:42 [debug] : MonacoEditorModel.doSync - enter {"0":"file:///home/abdullah/Desktop/CNN-on-FPGA/src/conv.cpp"}
2026-03-15 23:44:42 [debug] : MonacoEditorModel.doSync - exit - cancelled {"0":"file:///home/abdullah/Desktop/CNN-on-FPGA/src/conv.cpp"}
2026-03-15 23:44:42 [debug] : MonacoEditorModel.doSync - enter {"0":"file:///home/abdullah/Desktop/CNN-on-FPGA/src/conv.cpp"}
2026-03-15 23:44:42 [debug] : MonacoEditorModel.doSync - exit - cancelled {"0":"file:///home/abdullah/Desktop/CNN-on-FPGA/src/conv.cpp"}
2026-03-15 23:44:42 [debug] : MonacoEditorModel.doSync - enter {"0":"file:///home/abdullah/Desktop/CNN-on-FPGA/src/conv.cpp"}
2026-03-15 23:44:42 [debug] : MonacoEditorModel.doSync - exit - cancelled {"0":"file:///home/abdullah/Desktop/CNN-on-FPGA/src/conv.cpp"}
2026-03-15 23:44:42 [debug] : MonacoEditorModel.doSync - enter {"0":"file:///home/abdullah/Desktop/CNN-on-FPGA/src/conv.cpp"}
2026-03-15 23:44:42 [debug] : MonacoEditorModel.doSync - exit - cancelled {"0":"file:///home/abdullah/Desktop/CNN-on-FPGA/src/conv.cpp"}
2026-03-15 23:44:42 [debug] : MonacoEditorModel.doSync - enter {"0":"file:///home/abdullah/Desktop/CNN-on-FPGA/src/conv.cpp"}
2026-03-15 23:44:42 [debug] : MonacoEditorModel.doSync - exit - cancelled {"0":"file:///home/abdullah/Desktop/CNN-on-FPGA/src/conv.cpp"}
2026-03-15 23:44:42 [debug] : MonacoEditorModel.doSync - enter {"0":"file:///home/abdullah/Desktop/CNN-on-FPGA/src/conv.cpp"}
2026-03-15 23:44:42 [debug] : MonacoEditorModel.doSync - exit - cancelled {"0":"file:///home/abdullah/Desktop/CNN-on-FPGA/src/conv.cpp"}
2026-03-15 23:44:42 [debug] : MonacoEditorModel.doSync - enter {"0":"file:///home/abdullah/Desktop/CNN-on-FPGA/src/conv.cpp"}
2026-03-15 23:44:42 [debug] : MonacoEditorModel.doSync - exit - cancelled {"0":"file:///home/abdullah/Desktop/CNN-on-FPGA/src/conv.cpp"}
2026-03-15 23:44:42 [debug] : MonacoEditorModel.doSync - enter {"0":"file:///home/abdullah/Desktop/CNN-on-FPGA/src/conv.cpp"}
2026-03-15 23:44:42 [debug] : MonacoEditorModel.fireDidChangeContent - enter - {
  "changes": [
    {
      "range": {
        "startLineNumber": 98,
        "startColumn": 1,
        "endLineNumber": 99,
        "endColumn": 1
      },
      "rangeLength": 72,
      "text": "                #pragma HLS BIND_OP variable=sum op=mul impl=fabric\n",
      "rangeOffset": 3738,
      "forceMoveMarkers": true
    }
  ],
  "eol": "\n",
  "isEolChange": false,
  "versionId": 27,
  "isUndoing": false,
  "isRedoing": false,
  "isFlush": false
} {"0":"file:///home/abdullah/Desktop/CNN-on-FPGA/src/conv.cpp"}
2026-03-15 23:44:42 [debug] : MonacoEditorModel.markAsDirty - enter {"0":"file:///home/abdullah/Desktop/CNN-on-FPGA/src/conv.cpp"}
2026-03-15 23:44:42 [debug] : MonacoEditorModel.markAsDirty - exit - ignoring dirty changes enabled {"0":"file:///home/abdullah/Desktop/CNN-on-FPGA/src/conv.cpp"}
2026-03-15 23:44:42 [debug] : MonacoEditorModel.fireDidChangeContent - exit {"0":"file:///home/abdullah/Desktop/CNN-on-FPGA/src/conv.cpp"}
2026-03-15 23:44:42 [debug] : MonacoEditorModel.doSync - exit {"0":"file:///home/abdullah/Desktop/CNN-on-FPGA/src/conv.cpp"}
2026-03-15 23:44:44 [debug] : MonacoEditorModel.cancelSync {"0":"file:///home/abdullah/Desktop/CNN-on-FPGA/src/conv.cpp"}
2026-03-15 23:44:44 [debug] : MonacoEditorModel.doSync - enter {"0":"file:///home/abdullah/Desktop/CNN-on-FPGA/src/conv.cpp"}
2026-03-15 23:44:44 [debug] : MonacoEditorModel.cancelSync {"0":"file:///home/abdullah/Desktop/CNN-on-FPGA/src/conv.cpp"}
2026-03-15 23:44:44 [debug] : MonacoEditorModel.cancelSync {"0":"file:///home/abdullah/Desktop/CNN-on-FPGA/src/conv.cpp"}
2026-03-15 23:44:44 [debug] : MonacoEditorModel.cancelSync {"0":"file:///home/abdullah/Desktop/CNN-on-FPGA/src/conv.cpp"}
2026-03-15 23:44:44 [debug] : MonacoEditorModel.cancelSync {"0":"file:///home/abdullah/Desktop/CNN-on-FPGA/src/conv.cpp"}
2026-03-15 23:44:44 [debug] : MonacoEditorModel.cancelSync {"0":"file:///home/abdullah/Desktop/CNN-on-FPGA/src/conv.cpp"}
2026-03-15 23:44:44 [debug] : MonacoEditorModel.cancelSync {"0":"file:///home/abdullah/Desktop/CNN-on-FPGA/src/conv.cpp"}
2026-03-15 23:44:44 [debug] : MonacoEditorModel.cancelSync {"0":"file:///home/abdullah/Desktop/CNN-on-FPGA/src/conv.cpp"}
2026-03-15 23:44:44 [debug] : MonacoEditorModel.cancelSync {"0":"file:///home/abdullah/Desktop/CNN-on-FPGA/src/conv.cpp"}
2026-03-15 23:44:44 [debug] : MonacoEditorModel.cancelSync {"0":"file:///home/abdullah/Desktop/CNN-on-FPGA/src/conv.cpp"}
2026-03-15 23:44:44 [debug] : MonacoEditorModel.cancelSync {"0":"file:///home/abdullah/Desktop/CNN-on-FPGA/src/conv.cpp"}
2026-03-15 23:44:44 [debug] : MonacoEditorModel.cancelSync {"0":"file:///home/abdullah/Desktop/CNN-on-FPGA/src/conv.cpp"}
2026-03-15 23:44:44 [debug] : MonacoEditorModel.cancelSync {"0":"file:///home/abdullah/Desktop/CNN-on-FPGA/src/conv.cpp"}
2026-03-15 23:44:44 [debug] : MonacoEditorModel.cancelSync {"0":"file:///home/abdullah/Desktop/CNN-on-FPGA/src/conv.cpp"}
2026-03-15 23:44:44 [debug] : MonacoEditorModel.cancelSync {"0":"file:///home/abdullah/Desktop/CNN-on-FPGA/src/conv.cpp"}
2026-03-15 23:44:44 [debug] : MonacoEditorModel.cancelSync {"0":"file:///home/abdullah/Desktop/CNN-on-FPGA/src/conv.cpp"}
2026-03-15 23:44:44 [debug] : MonacoEditorModel.cancelSync {"0":"file:///home/abdullah/Desktop/CNN-on-FPGA/src/conv.cpp"}
2026-03-15 23:44:44 [debug] : MonacoEditorModel.cancelSync {"0":"file:///home/abdullah/Desktop/CNN-on-FPGA/src/conv.cpp"}
2026-03-15 23:44:44 [debug] : MonacoEditorModel.cancelSync {"0":"file:///home/abdullah/Desktop/CNN-on-FPGA/src/conv.cpp"}
2026-03-15 23:44:44 [debug] : MonacoEditorModel.doSync - exit - cancelled while looking for a resource {"0":"file:///home/abdullah/Desktop/CNN-on-FPGA/src/conv.cpp"}
2026-03-15 23:44:44 [debug] : MonacoEditorModel.doSync - enter {"0":"file:///home/abdullah/Desktop/CNN-on-FPGA/src/conv.cpp"}
2026-03-15 23:44:44 [debug] : MonacoEditorModel.doSync - exit - cancelled {"0":"file:///home/abdullah/Desktop/CNN-on-FPGA/src/conv.cpp"}
2026-03-15 23:44:44 [debug] : MonacoEditorModel.doSync - enter {"0":"file:///home/abdullah/Desktop/CNN-on-FPGA/src/conv.cpp"}
2026-03-15 23:44:44 [debug] : MonacoEditorModel.doSync - exit - cancelled {"0":"file:///home/abdullah/Desktop/CNN-on-FPGA/src/conv.cpp"}
2026-03-15 23:44:44 [debug] : MonacoEditorModel.doSync - enter {"0":"file:///home/abdullah/Desktop/CNN-on-FPGA/src/conv.cpp"}
2026-03-15 23:44:44 [debug] : MonacoEditorModel.doSync - exit - cancelled {"0":"file:///home/abdullah/Desktop/CNN-on-FPGA/src/conv.cpp"}
2026-03-15 23:44:44 [debug] : MonacoEditorModel.doSync - enter {"0":"file:///home/abdullah/Desktop/CNN-on-FPGA/src/conv.cpp"}
2026-03-15 23:44:44 [debug] : MonacoEditorModel.doSync - exit - cancelled {"0":"file:///home/abdullah/Desktop/CNN-on-FPGA/src/conv.cpp"}
2026-03-15 23:44:44 [debug] : MonacoEditorModel.doSync - enter {"0":"file:///home/abdullah/Desktop/CNN-on-FPGA/src/conv.cpp"}
2026-03-15 23:44:44 [debug] : MonacoEditorModel.doSync - exit - cancelled {"0":"file:///home/abdullah/Desktop/CNN-on-FPGA/src/conv.cpp"}
2026-03-15 23:44:44 [debug] : MonacoEditorModel.doSync - enter {"0":"file:///home/abdullah/Desktop/CNN-on-FPGA/src/conv.cpp"}
2026-03-15 23:44:44 [debug] : MonacoEditorModel.doSync - exit - cancelled {"0":"file:///home/abdullah/Desktop/CNN-on-FPGA/src/conv.cpp"}
2026-03-15 23:44:44 [debug] : MonacoEditorModel.doSync - enter {"0":"file:///home/abdullah/Desktop/CNN-on-FPGA/src/conv.cpp"}
2026-03-15 23:44:44 [debug] : MonacoEditorModel.doSync - exit - cancelled {"0":"file:///home/abdullah/Desktop/CNN-on-FPGA/src/conv.cpp"}
2026-03-15 23:44:44 [debug] : MonacoEditorModel.doSync - enter {"0":"file:///home/abdullah/Desktop/CNN-on-FPGA/src/conv.cpp"}
2026-03-15 23:44:44 [debug] : MonacoEditorModel.doSync - exit - cancelled {"0":"file:///home/abdullah/Desktop/CNN-on-FPGA/src/conv.cpp"}
2026-03-15 23:44:44 [debug] : MonacoEditorModel.doSync - enter {"0":"file:///home/abdullah/Desktop/CNN-on-FPGA/src/conv.cpp"}
2026-03-15 23:44:44 [debug] : MonacoEditorModel.doSync - exit - cancelled {"0":"file:///home/abdullah/Desktop/CNN-on-FPGA/src/conv.cpp"}
2026-03-15 23:44:44 [debug] : MonacoEditorModel.doSync - enter {"0":"file:///home/abdullah/Desktop/CNN-on-FPGA/src/conv.cpp"}
2026-03-15 23:44:44 [debug] : MonacoEditorModel.doSync - exit - cancelled {"0":"file:///home/abdullah/Desktop/CNN-on-FPGA/src/conv.cpp"}
2026-03-15 23:44:44 [debug] : MonacoEditorModel.doSync - enter {"0":"file:///home/abdullah/Desktop/CNN-on-FPGA/src/conv.cpp"}
2026-03-15 23:44:44 [debug] : MonacoEditorModel.doSync - exit - cancelled {"0":"file:///home/abdullah/Desktop/CNN-on-FPGA/src/conv.cpp"}
2026-03-15 23:44:44 [debug] : MonacoEditorModel.doSync - enter {"0":"file:///home/abdullah/Desktop/CNN-on-FPGA/src/conv.cpp"}
2026-03-15 23:44:44 [debug] : MonacoEditorModel.doSync - exit - cancelled {"0":"file:///home/abdullah/Desktop/CNN-on-FPGA/src/conv.cpp"}
2026-03-15 23:44:44 [debug] : MonacoEditorModel.doSync - enter {"0":"file:///home/abdullah/Desktop/CNN-on-FPGA/src/conv.cpp"}
2026-03-15 23:44:44 [debug] : MonacoEditorModel.doSync - exit - cancelled {"0":"file:///home/abdullah/Desktop/CNN-on-FPGA/src/conv.cpp"}
2026-03-15 23:44:44 [debug] : MonacoEditorModel.doSync - enter {"0":"file:///home/abdullah/Desktop/CNN-on-FPGA/src/conv.cpp"}
2026-03-15 23:44:44 [debug] : MonacoEditorModel.doSync - exit - cancelled {"0":"file:///home/abdullah/Desktop/CNN-on-FPGA/src/conv.cpp"}
2026-03-15 23:44:44 [debug] : MonacoEditorModel.doSync - enter {"0":"file:///home/abdullah/Desktop/CNN-on-FPGA/src/conv.cpp"}
2026-03-15 23:44:44 [debug] : MonacoEditorModel.doSync - exit - cancelled {"0":"file:///home/abdullah/Desktop/CNN-on-FPGA/src/conv.cpp"}
2026-03-15 23:44:44 [debug] : MonacoEditorModel.doSync - enter {"0":"file:///home/abdullah/Desktop/CNN-on-FPGA/src/conv.cpp"}
2026-03-15 23:44:44 [debug] : MonacoEditorModel.doSync - exit - cancelled {"0":"file:///home/abdullah/Desktop/CNN-on-FPGA/src/conv.cpp"}
2026-03-15 23:44:44 [debug] : MonacoEditorModel.doSync - enter {"0":"file:///home/abdullah/Desktop/CNN-on-FPGA/src/conv.cpp"}
2026-03-15 23:44:44 [debug] : MonacoEditorModel.doSync - exit - cancelled {"0":"file:///home/abdullah/Desktop/CNN-on-FPGA/src/conv.cpp"}
2026-03-15 23:44:44 [debug] : MonacoEditorModel.doSync - enter {"0":"file:///home/abdullah/Desktop/CNN-on-FPGA/src/conv.cpp"}
2026-03-15 23:44:44 [debug] : MonacoEditorModel.fireDidChangeContent - enter - {
  "changes": [
    {
      "range": {
        "startLineNumber": 99,
        "startColumn": 1,
        "endLineNumber": 99,
        "endColumn": 1
      },
      "rangeLength": 0,
      "text": "    #pragma HLS BIND_OP variable=sum op=mul impl=fabric\n",
      "rangeOffset": 3806,
      "forceMoveMarkers": true
    }
  ],
  "eol": "\n",
  "isEolChange": false,
  "versionId": 28,
  "isUndoing": false,
  "isRedoing": false,
  "isFlush": false
} {"0":"file:///home/abdullah/Desktop/CNN-on-FPGA/src/conv.cpp"}
2026-03-15 23:44:44 [debug] : MonacoEditorModel.markAsDirty - enter {"0":"file:///home/abdullah/Desktop/CNN-on-FPGA/src/conv.cpp"}
2026-03-15 23:44:44 [debug] : MonacoEditorModel.markAsDirty - exit - ignoring dirty changes enabled {"0":"file:///home/abdullah/Desktop/CNN-on-FPGA/src/conv.cpp"}
2026-03-15 23:44:44 [debug] : MonacoEditorModel.fireDidChangeContent - exit {"0":"file:///home/abdullah/Desktop/CNN-on-FPGA/src/conv.cpp"}
2026-03-15 23:44:44 [debug] : MonacoEditorModel.doSync - exit {"0":"file:///home/abdullah/Desktop/CNN-on-FPGA/src/conv.cpp"}
2026-03-15 23:44:46 [debug] : MonacoEditorModel.cancelSync {"0":"file:///home/abdullah/Desktop/CNN-on-FPGA/src/conv.cpp"}
2026-03-15 23:44:46 [debug] : MonacoEditorModel.doSync - enter {"0":"file:///home/abdullah/Desktop/CNN-on-FPGA/src/conv.cpp"}
2026-03-15 23:44:46 [debug] : MonacoEditorModel.cancelSync {"0":"file:///home/abdullah/Desktop/CNN-on-FPGA/src/conv.cpp"}
2026-03-15 23:44:46 [debug] : MonacoEditorModel.cancelSync {"0":"file:///home/abdullah/Desktop/CNN-on-FPGA/src/conv.cpp"}
2026-03-15 23:44:46 [debug] : MonacoEditorModel.cancelSync {"0":"file:///home/abdullah/Desktop/CNN-on-FPGA/src/conv.cpp"}
2026-03-15 23:44:46 [debug] : MonacoEditorModel.cancelSync {"0":"file:///home/abdullah/Desktop/CNN-on-FPGA/src/conv.cpp"}
2026-03-15 23:44:46 [debug] : MonacoEditorModel.cancelSync {"0":"file:///home/abdullah/Desktop/CNN-on-FPGA/src/conv.cpp"}
2026-03-15 23:44:46 [debug] : MonacoEditorModel.cancelSync {"0":"file:///home/abdullah/Desktop/CNN-on-FPGA/src/conv.cpp"}
2026-03-15 23:44:46 [debug] : MonacoEditorModel.cancelSync {"0":"file:///home/abdullah/Desktop/CNN-on-FPGA/src/conv.cpp"}
2026-03-15 23:44:46 [debug] : MonacoEditorModel.cancelSync {"0":"file:///home/abdullah/Desktop/CNN-on-FPGA/src/conv.cpp"}
2026-03-15 23:44:46 [debug] : MonacoEditorModel.cancelSync {"0":"file:///home/abdullah/Desktop/CNN-on-FPGA/src/conv.cpp"}
2026-03-15 23:44:46 [debug] : MonacoEditorModel.cancelSync {"0":"file:///home/abdullah/Desktop/CNN-on-FPGA/src/conv.cpp"}
2026-03-15 23:44:46 [debug] : MonacoEditorModel.cancelSync {"0":"file:///home/abdullah/Desktop/CNN-on-FPGA/src/conv.cpp"}
2026-03-15 23:44:46 [debug] : MonacoEditorModel.cancelSync {"0":"file:///home/abdullah/Desktop/CNN-on-FPGA/src/conv.cpp"}
2026-03-15 23:44:46 [debug] : MonacoEditorModel.cancelSync {"0":"file:///home/abdullah/Desktop/CNN-on-FPGA/src/conv.cpp"}
2026-03-15 23:44:46 [debug] : MonacoEditorModel.cancelSync {"0":"file:///home/abdullah/Desktop/CNN-on-FPGA/src/conv.cpp"}
2026-03-15 23:44:46 [debug] : MonacoEditorModel.cancelSync {"0":"file:///home/abdullah/Desktop/CNN-on-FPGA/src/conv.cpp"}
2026-03-15 23:44:46 [debug] : MonacoEditorModel.cancelSync {"0":"file:///home/abdullah/Desktop/CNN-on-FPGA/src/conv.cpp"}
2026-03-15 23:44:46 [debug] : MonacoEditorModel.cancelSync {"0":"file:///home/abdullah/Desktop/CNN-on-FPGA/src/conv.cpp"}
2026-03-15 23:44:46 [debug] : MonacoEditorModel.cancelSync {"0":"file:///home/abdullah/Desktop/CNN-on-FPGA/src/conv.cpp"}
2026-03-15 23:44:46 [debug] : MonacoEditorModel.doSync - exit - cancelled while looking for a resource {"0":"file:///home/abdullah/Desktop/CNN-on-FPGA/src/conv.cpp"}
2026-03-15 23:44:46 [debug] : MonacoEditorModel.doSync - enter {"0":"file:///home/abdullah/Desktop/CNN-on-FPGA/src/conv.cpp"}
2026-03-15 23:44:46 [debug] : MonacoEditorModel.doSync - exit - cancelled {"0":"file:///home/abdullah/Desktop/CNN-on-FPGA/src/conv.cpp"}
2026-03-15 23:44:46 [debug] : MonacoEditorModel.doSync - enter {"0":"file:///home/abdullah/Desktop/CNN-on-FPGA/src/conv.cpp"}
2026-03-15 23:44:46 [debug] : MonacoEditorModel.doSync - exit - cancelled {"0":"file:///home/abdullah/Desktop/CNN-on-FPGA/src/conv.cpp"}
2026-03-15 23:44:46 [debug] : MonacoEditorModel.doSync - enter {"0":"file:///home/abdullah/Desktop/CNN-on-FPGA/src/conv.cpp"}
2026-03-15 23:44:46 [debug] : MonacoEditorModel.doSync - exit - cancelled {"0":"file:///home/abdullah/Desktop/CNN-on-FPGA/src/conv.cpp"}
2026-03-15 23:44:46 [debug] : MonacoEditorModel.doSync - enter {"0":"file:///home/abdullah/Desktop/CNN-on-FPGA/src/conv.cpp"}
2026-03-15 23:44:46 [debug] : MonacoEditorModel.doSync - exit - cancelled {"0":"file:///home/abdullah/Desktop/CNN-on-FPGA/src/conv.cpp"}
2026-03-15 23:44:46 [debug] : MonacoEditorModel.doSync - enter {"0":"file:///home/abdullah/Desktop/CNN-on-FPGA/src/conv.cpp"}
2026-03-15 23:44:46 [debug] : MonacoEditorModel.doSync - exit - cancelled {"0":"file:///home/abdullah/Desktop/CNN-on-FPGA/src/conv.cpp"}
2026-03-15 23:44:46 [debug] : MonacoEditorModel.doSync - enter {"0":"file:///home/abdullah/Desktop/CNN-on-FPGA/src/conv.cpp"}
2026-03-15 23:44:46 [debug] : MonacoEditorModel.doSync - exit - cancelled {"0":"file:///home/abdullah/Desktop/CNN-on-FPGA/src/conv.cpp"}
2026-03-15 23:44:46 [debug] : MonacoEditorModel.doSync - enter {"0":"file:///home/abdullah/Desktop/CNN-on-FPGA/src/conv.cpp"}
2026-03-15 23:44:46 [debug] : MonacoEditorModel.doSync - exit - cancelled {"0":"file:///home/abdullah/Desktop/CNN-on-FPGA/src/conv.cpp"}
2026-03-15 23:44:46 [debug] : MonacoEditorModel.doSync - enter {"0":"file:///home/abdullah/Desktop/CNN-on-FPGA/src/conv.cpp"}
2026-03-15 23:44:46 [debug] : MonacoEditorModel.doSync - exit - cancelled {"0":"file:///home/abdullah/Desktop/CNN-on-FPGA/src/conv.cpp"}
2026-03-15 23:44:46 [debug] : MonacoEditorModel.doSync - enter {"0":"file:///home/abdullah/Desktop/CNN-on-FPGA/src/conv.cpp"}
2026-03-15 23:44:46 [debug] : MonacoEditorModel.doSync - exit - cancelled {"0":"file:///home/abdullah/Desktop/CNN-on-FPGA/src/conv.cpp"}
2026-03-15 23:44:46 [debug] : MonacoEditorModel.doSync - enter {"0":"file:///home/abdullah/Desktop/CNN-on-FPGA/src/conv.cpp"}
2026-03-15 23:44:46 [debug] : MonacoEditorModel.doSync - exit - cancelled {"0":"file:///home/abdullah/Desktop/CNN-on-FPGA/src/conv.cpp"}
2026-03-15 23:44:46 [debug] : MonacoEditorModel.doSync - enter {"0":"file:///home/abdullah/Desktop/CNN-on-FPGA/src/conv.cpp"}
2026-03-15 23:44:46 [debug] : MonacoEditorModel.doSync - exit - cancelled {"0":"file:///home/abdullah/Desktop/CNN-on-FPGA/src/conv.cpp"}
2026-03-15 23:44:46 [debug] : MonacoEditorModel.doSync - enter {"0":"file:///home/abdullah/Desktop/CNN-on-FPGA/src/conv.cpp"}
2026-03-15 23:44:46 [debug] : MonacoEditorModel.doSync - exit - cancelled {"0":"file:///home/abdullah/Desktop/CNN-on-FPGA/src/conv.cpp"}
2026-03-15 23:44:46 [debug] : MonacoEditorModel.doSync - enter {"0":"file:///home/abdullah/Desktop/CNN-on-FPGA/src/conv.cpp"}
2026-03-15 23:44:46 [debug] : MonacoEditorModel.doSync - exit - cancelled {"0":"file:///home/abdullah/Desktop/CNN-on-FPGA/src/conv.cpp"}
2026-03-15 23:44:46 [debug] : MonacoEditorModel.doSync - enter {"0":"file:///home/abdullah/Desktop/CNN-on-FPGA/src/conv.cpp"}
2026-03-15 23:44:46 [debug] : MonacoEditorModel.doSync - exit - cancelled {"0":"file:///home/abdullah/Desktop/CNN-on-FPGA/src/conv.cpp"}
2026-03-15 23:44:46 [debug] : MonacoEditorModel.doSync - enter {"0":"file:///home/abdullah/Desktop/CNN-on-FPGA/src/conv.cpp"}
2026-03-15 23:44:46 [debug] : MonacoEditorModel.doSync - exit - cancelled {"0":"file:///home/abdullah/Desktop/CNN-on-FPGA/src/conv.cpp"}
2026-03-15 23:44:46 [debug] : MonacoEditorModel.doSync - enter {"0":"file:///home/abdullah/Desktop/CNN-on-FPGA/src/conv.cpp"}
2026-03-15 23:44:46 [debug] : MonacoEditorModel.doSync - exit - cancelled {"0":"file:///home/abdullah/Desktop/CNN-on-FPGA/src/conv.cpp"}
2026-03-15 23:44:46 [debug] : MonacoEditorModel.doSync - enter {"0":"file:///home/abdullah/Desktop/CNN-on-FPGA/src/conv.cpp"}
2026-03-15 23:44:46 [debug] : MonacoEditorModel.doSync - exit - cancelled {"0":"file:///home/abdullah/Desktop/CNN-on-FPGA/src/conv.cpp"}
2026-03-15 23:44:46 [debug] : MonacoEditorModel.doSync - enter {"0":"file:///home/abdullah/Desktop/CNN-on-FPGA/src/conv.cpp"}
2026-03-15 23:44:46 [debug] : MonacoEditorModel.fireDidChangeContent - enter - {
  "changes": [
    {
      "range": {
        "startLineNumber": 99,
        "startColumn": 1,
        "endLineNumber": 100,
        "endColumn": 1
      },
      "rangeLength": 56,
      "text": "                #pragma HLS BIND_OP variable=sum op=mul impl=fabric\n",
      "rangeOffset": 3806,
      "forceMoveMarkers": true
    }
  ],
  "eol": "\n",
  "isEolChange": false,
  "versionId": 29,
  "isUndoing": false,
  "isRedoing": false,
  "isFlush": false
} {"0":"file:///home/abdullah/Desktop/CNN-on-FPGA/src/conv.cpp"}
2026-03-15 23:44:46 [debug] : MonacoEditorModel.markAsDirty - enter {"0":"file:///home/abdullah/Desktop/CNN-on-FPGA/src/conv.cpp"}
2026-03-15 23:44:46 [debug] : MonacoEditorModel.markAsDirty - exit - ignoring dirty changes enabled {"0":"file:///home/abdullah/Desktop/CNN-on-FPGA/src/conv.cpp"}
2026-03-15 23:44:46 [debug] : MonacoEditorModel.fireDidChangeContent - exit {"0":"file:///home/abdullah/Desktop/CNN-on-FPGA/src/conv.cpp"}
2026-03-15 23:44:46 [debug] : MonacoEditorModel.doSync - exit {"0":"file:///home/abdullah/Desktop/CNN-on-FPGA/src/conv.cpp"}
2026-03-15 23:44:48 [debug] : MonacoEditorModel.cancelSync {"0":"file:///home/abdullah/Desktop/CNN-on-FPGA/src/conv.cpp"}
2026-03-15 23:44:48 [debug] : MonacoEditorModel.doSync - enter {"0":"file:///home/abdullah/Desktop/CNN-on-FPGA/src/conv.cpp"}
2026-03-15 23:44:48 [debug] : MonacoEditorModel.cancelSync {"0":"file:///home/abdullah/Desktop/CNN-on-FPGA/src/conv.cpp"}
2026-03-15 23:44:48 [debug] : MonacoEditorModel.cancelSync {"0":"file:///home/abdullah/Desktop/CNN-on-FPGA/src/conv.cpp"}
2026-03-15 23:44:48 [debug] : MonacoEditorModel.cancelSync {"0":"file:///home/abdullah/Desktop/CNN-on-FPGA/src/conv.cpp"}
2026-03-15 23:44:48 [debug] : MonacoEditorModel.cancelSync {"0":"file:///home/abdullah/Desktop/CNN-on-FPGA/src/conv.cpp"}
2026-03-15 23:44:48 [debug] : MonacoEditorModel.cancelSync {"0":"file:///home/abdullah/Desktop/CNN-on-FPGA/src/conv.cpp"}
2026-03-15 23:44:48 [debug] : MonacoEditorModel.cancelSync {"0":"file:///home/abdullah/Desktop/CNN-on-FPGA/src/conv.cpp"}
2026-03-15 23:44:48 [debug] : MonacoEditorModel.cancelSync {"0":"file:///home/abdullah/Desktop/CNN-on-FPGA/src/conv.cpp"}
2026-03-15 23:44:48 [debug] : MonacoEditorModel.cancelSync {"0":"file:///home/abdullah/Desktop/CNN-on-FPGA/src/conv.cpp"}
2026-03-15 23:44:48 [debug] : MonacoEditorModel.cancelSync {"0":"file:///home/abdullah/Desktop/CNN-on-FPGA/src/conv.cpp"}
2026-03-15 23:44:48 [debug] : MonacoEditorModel.cancelSync {"0":"file:///home/abdullah/Desktop/CNN-on-FPGA/src/conv.cpp"}
2026-03-15 23:44:48 [debug] : MonacoEditorModel.cancelSync {"0":"file:///home/abdullah/Desktop/CNN-on-FPGA/src/conv.cpp"}
2026-03-15 23:44:48 [debug] : MonacoEditorModel.cancelSync {"0":"file:///home/abdullah/Desktop/CNN-on-FPGA/src/conv.cpp"}
2026-03-15 23:44:48 [debug] : MonacoEditorModel.cancelSync {"0":"file:///home/abdullah/Desktop/CNN-on-FPGA/src/conv.cpp"}
2026-03-15 23:44:48 [debug] : MonacoEditorModel.cancelSync {"0":"file:///home/abdullah/Desktop/CNN-on-FPGA/src/conv.cpp"}
2026-03-15 23:44:48 [debug] : MonacoEditorModel.cancelSync {"0":"file:///home/abdullah/Desktop/CNN-on-FPGA/src/conv.cpp"}
2026-03-15 23:44:48 [debug] : MonacoEditorModel.cancelSync {"0":"file:///home/abdullah/Desktop/CNN-on-FPGA/src/conv.cpp"}
2026-03-15 23:44:48 [debug] : MonacoEditorModel.cancelSync {"0":"file:///home/abdullah/Desktop/CNN-on-FPGA/src/conv.cpp"}
2026-03-15 23:44:48 [debug] : MonacoEditorModel.cancelSync {"0":"file:///home/abdullah/Desktop/CNN-on-FPGA/src/conv.cpp"}
2026-03-15 23:44:48 [debug] : MonacoEditorModel.doSync - exit - cancelled while looking for a resource {"0":"file:///home/abdullah/Desktop/CNN-on-FPGA/src/conv.cpp"}
2026-03-15 23:44:48 [debug] : MonacoEditorModel.doSync - enter {"0":"file:///home/abdullah/Desktop/CNN-on-FPGA/src/conv.cpp"}
2026-03-15 23:44:48 [debug] : MonacoEditorModel.doSync - exit - cancelled {"0":"file:///home/abdullah/Desktop/CNN-on-FPGA/src/conv.cpp"}
2026-03-15 23:44:48 [debug] : MonacoEditorModel.doSync - enter {"0":"file:///home/abdullah/Desktop/CNN-on-FPGA/src/conv.cpp"}
2026-03-15 23:44:48 [debug] : MonacoEditorModel.doSync - exit - cancelled {"0":"file:///home/abdullah/Desktop/CNN-on-FPGA/src/conv.cpp"}
2026-03-15 23:44:48 [debug] : MonacoEditorModel.doSync - enter {"0":"file:///home/abdullah/Desktop/CNN-on-FPGA/src/conv.cpp"}
2026-03-15 23:44:48 [debug] : MonacoEditorModel.doSync - exit - cancelled {"0":"file:///home/abdullah/Desktop/CNN-on-FPGA/src/conv.cpp"}
2026-03-15 23:44:48 [debug] : MonacoEditorModel.doSync - enter {"0":"file:///home/abdullah/Desktop/CNN-on-FPGA/src/conv.cpp"}
2026-03-15 23:44:48 [debug] : MonacoEditorModel.doSync - exit - cancelled {"0":"file:///home/abdullah/Desktop/CNN-on-FPGA/src/conv.cpp"}
2026-03-15 23:44:48 [debug] : MonacoEditorModel.doSync - enter {"0":"file:///home/abdullah/Desktop/CNN-on-FPGA/src/conv.cpp"}
2026-03-15 23:44:48 [debug] : MonacoEditorModel.doSync - exit - cancelled {"0":"file:///home/abdullah/Desktop/CNN-on-FPGA/src/conv.cpp"}
2026-03-15 23:44:48 [debug] : MonacoEditorModel.doSync - enter {"0":"file:///home/abdullah/Desktop/CNN-on-FPGA/src/conv.cpp"}
2026-03-15 23:44:48 [debug] : MonacoEditorModel.doSync - exit - cancelled {"0":"file:///home/abdullah/Desktop/CNN-on-FPGA/src/conv.cpp"}
2026-03-15 23:44:48 [debug] : MonacoEditorModel.doSync - enter {"0":"file:///home/abdullah/Desktop/CNN-on-FPGA/src/conv.cpp"}
2026-03-15 23:44:48 [debug] : MonacoEditorModel.doSync - exit - cancelled {"0":"file:///home/abdullah/Desktop/CNN-on-FPGA/src/conv.cpp"}
2026-03-15 23:44:48 [debug] : MonacoEditorModel.doSync - enter {"0":"file:///home/abdullah/Desktop/CNN-on-FPGA/src/conv.cpp"}
2026-03-15 23:44:48 [debug] : MonacoEditorModel.doSync - exit - cancelled {"0":"file:///home/abdullah/Desktop/CNN-on-FPGA/src/conv.cpp"}
2026-03-15 23:44:48 [debug] : MonacoEditorModel.doSync - enter {"0":"file:///home/abdullah/Desktop/CNN-on-FPGA/src/conv.cpp"}
2026-03-15 23:44:48 [debug] : MonacoEditorModel.doSync - exit - cancelled {"0":"file:///home/abdullah/Desktop/CNN-on-FPGA/src/conv.cpp"}
2026-03-15 23:44:48 [debug] : MonacoEditorModel.doSync - enter {"0":"file:///home/abdullah/Desktop/CNN-on-FPGA/src/conv.cpp"}
2026-03-15 23:44:48 [debug] : MonacoEditorModel.doSync - exit - cancelled {"0":"file:///home/abdullah/Desktop/CNN-on-FPGA/src/conv.cpp"}
2026-03-15 23:44:48 [debug] : MonacoEditorModel.doSync - enter {"0":"file:///home/abdullah/Desktop/CNN-on-FPGA/src/conv.cpp"}
2026-03-15 23:44:48 [debug] : MonacoEditorModel.doSync - exit - cancelled {"0":"file:///home/abdullah/Desktop/CNN-on-FPGA/src/conv.cpp"}
2026-03-15 23:44:48 [debug] : MonacoEditorModel.doSync - enter {"0":"file:///home/abdullah/Desktop/CNN-on-FPGA/src/conv.cpp"}
2026-03-15 23:44:48 [debug] : MonacoEditorModel.doSync - exit - cancelled {"0":"file:///home/abdullah/Desktop/CNN-on-FPGA/src/conv.cpp"}
2026-03-15 23:44:48 [debug] : MonacoEditorModel.doSync - enter {"0":"file:///home/abdullah/Desktop/CNN-on-FPGA/src/conv.cpp"}
2026-03-15 23:44:48 [debug] : MonacoEditorModel.doSync - exit - cancelled {"0":"file:///home/abdullah/Desktop/CNN-on-FPGA/src/conv.cpp"}
2026-03-15 23:44:48 [debug] : MonacoEditorModel.doSync - enter {"0":"file:///home/abdullah/Desktop/CNN-on-FPGA/src/conv.cpp"}
2026-03-15 23:44:48 [debug] : MonacoEditorModel.doSync - exit - cancelled {"0":"file:///home/abdullah/Desktop/CNN-on-FPGA/src/conv.cpp"}
2026-03-15 23:44:48 [debug] : MonacoEditorModel.doSync - enter {"0":"file:///home/abdullah/Desktop/CNN-on-FPGA/src/conv.cpp"}
2026-03-15 23:44:48 [debug] : MonacoEditorModel.doSync - exit - cancelled {"0":"file:///home/abdullah/Desktop/CNN-on-FPGA/src/conv.cpp"}
2026-03-15 23:44:48 [debug] : MonacoEditorModel.doSync - enter {"0":"file:///home/abdullah/Desktop/CNN-on-FPGA/src/conv.cpp"}
2026-03-15 23:44:48 [debug] : MonacoEditorModel.doSync - exit - cancelled {"0":"file:///home/abdullah/Desktop/CNN-on-FPGA/src/conv.cpp"}
2026-03-15 23:44:48 [debug] : MonacoEditorModel.doSync - enter {"0":"file:///home/abdullah/Desktop/CNN-on-FPGA/src/conv.cpp"}
2026-03-15 23:44:48 [debug] : MonacoEditorModel.doSync - exit - cancelled {"0":"file:///home/abdullah/Desktop/CNN-on-FPGA/src/conv.cpp"}
2026-03-15 23:44:48 [debug] : MonacoEditorModel.doSync - enter {"0":"file:///home/abdullah/Desktop/CNN-on-FPGA/src/conv.cpp"}
2026-03-15 23:44:48 [debug] : MonacoEditorModel.fireDidChangeContent - enter - {
  "changes": [
    {
      "range": {
        "startLineNumber": 100,
        "startColumn": 1,
        "endLineNumber": 101,
        "endColumn": 1
      },
      "rangeLength": 1,
      "text": "",
      "rangeOffset": 3874,
      "forceMoveMarkers": true
    }
  ],
  "eol": "\n",
  "isEolChange": false,
  "versionId": 30,
  "isUndoing": false,
  "isRedoing": false,
  "isFlush": false
} {"0":"file:///home/abdullah/Desktop/CNN-on-FPGA/src/conv.cpp"}
2026-03-15 23:44:48 [debug] : MonacoEditorModel.markAsDirty - enter {"0":"file:///home/abdullah/Desktop/CNN-on-FPGA/src/conv.cpp"}
2026-03-15 23:44:48 [debug] : MonacoEditorModel.markAsDirty - exit - ignoring dirty changes enabled {"0":"file:///home/abdullah/Desktop/CNN-on-FPGA/src/conv.cpp"}
2026-03-15 23:44:48 [debug] : MonacoEditorModel.fireDidChangeContent - exit {"0":"file:///home/abdullah/Desktop/CNN-on-FPGA/src/conv.cpp"}
2026-03-15 23:44:48 [debug] : MonacoEditorModel.doSync - exit {"0":"file:///home/abdullah/Desktop/CNN-on-FPGA/src/conv.cpp"}
2026-03-15 23:44:54 [debug] : MonacoEditorModel.cancelSync {"0":"file:///home/abdullah/Desktop/CNN-on-FPGA/src/conv.cpp"}
2026-03-15 23:44:54 [debug] : MonacoEditorModel.doSync - enter {"0":"file:///home/abdullah/Desktop/CNN-on-FPGA/src/conv.cpp"}
2026-03-15 23:44:54 [debug] : MonacoEditorModel.cancelSync {"0":"file:///home/abdullah/Desktop/CNN-on-FPGA/src/conv.cpp"}
2026-03-15 23:44:54 [debug] : MonacoEditorModel.cancelSync {"0":"file:///home/abdullah/Desktop/CNN-on-FPGA/src/conv.cpp"}
2026-03-15 23:44:54 [debug] : MonacoEditorModel.cancelSync {"0":"file:///home/abdullah/Desktop/CNN-on-FPGA/src/conv.cpp"}
2026-03-15 23:44:54 [debug] : MonacoEditorModel.cancelSync {"0":"file:///home/abdullah/Desktop/CNN-on-FPGA/src/conv.cpp"}
2026-03-15 23:44:54 [debug] : MonacoEditorModel.cancelSync {"0":"file:///home/abdullah/Desktop/CNN-on-FPGA/src/conv.cpp"}
2026-03-15 23:44:54 [debug] : MonacoEditorModel.cancelSync {"0":"file:///home/abdullah/Desktop/CNN-on-FPGA/src/conv.cpp"}
2026-03-15 23:44:54 [debug] : MonacoEditorModel.cancelSync {"0":"file:///home/abdullah/Desktop/CNN-on-FPGA/src/conv.cpp"}
2026-03-15 23:44:54 [debug] : MonacoEditorModel.cancelSync {"0":"file:///home/abdullah/Desktop/CNN-on-FPGA/src/conv.cpp"}
2026-03-15 23:44:54 [debug] : MonacoEditorModel.cancelSync {"0":"file:///home/abdullah/Desktop/CNN-on-FPGA/src/conv.cpp"}
2026-03-15 23:44:54 [debug] : MonacoEditorModel.cancelSync {"0":"file:///home/abdullah/Desktop/CNN-on-FPGA/src/conv.cpp"}
2026-03-15 23:44:54 [debug] : MonacoEditorModel.cancelSync {"0":"file:///home/abdullah/Desktop/CNN-on-FPGA/src/conv.cpp"}
2026-03-15 23:44:54 [debug] : MonacoEditorModel.cancelSync {"0":"file:///home/abdullah/Desktop/CNN-on-FPGA/src/conv.cpp"}
2026-03-15 23:44:54 [debug] : MonacoEditorModel.cancelSync {"0":"file:///home/abdullah/Desktop/CNN-on-FPGA/src/conv.cpp"}
2026-03-15 23:44:54 [debug] : MonacoEditorModel.cancelSync {"0":"file:///home/abdullah/Desktop/CNN-on-FPGA/src/conv.cpp"}
2026-03-15 23:44:54 [debug] : MonacoEditorModel.cancelSync {"0":"file:///home/abdullah/Desktop/CNN-on-FPGA/src/conv.cpp"}
2026-03-15 23:44:54 [debug] : MonacoEditorModel.cancelSync {"0":"file:///home/abdullah/Desktop/CNN-on-FPGA/src/conv.cpp"}
2026-03-15 23:44:54 [debug] : MonacoEditorModel.cancelSync {"0":"file:///home/abdullah/Desktop/CNN-on-FPGA/src/conv.cpp"}
2026-03-15 23:44:54 [debug] : MonacoEditorModel.cancelSync {"0":"file:///home/abdullah/Desktop/CNN-on-FPGA/src/conv.cpp"}
2026-03-15 23:44:54 [debug] : MonacoEditorModel.doSync - exit - cancelled while looking for a resource {"0":"file:///home/abdullah/Desktop/CNN-on-FPGA/src/conv.cpp"}
2026-03-15 23:44:54 [debug] : MonacoEditorModel.doSync - enter {"0":"file:///home/abdullah/Desktop/CNN-on-FPGA/src/conv.cpp"}
2026-03-15 23:44:54 [debug] : MonacoEditorModel.doSync - exit - cancelled {"0":"file:///home/abdullah/Desktop/CNN-on-FPGA/src/conv.cpp"}
2026-03-15 23:44:54 [debug] : MonacoEditorModel.doSync - enter {"0":"file:///home/abdullah/Desktop/CNN-on-FPGA/src/conv.cpp"}
2026-03-15 23:44:54 [debug] : MonacoEditorModel.doSync - exit - cancelled {"0":"file:///home/abdullah/Desktop/CNN-on-FPGA/src/conv.cpp"}
2026-03-15 23:44:54 [debug] : MonacoEditorModel.doSync - enter {"0":"file:///home/abdullah/Desktop/CNN-on-FPGA/src/conv.cpp"}
2026-03-15 23:44:54 [debug] : MonacoEditorModel.doSync - exit - cancelled {"0":"file:///home/abdullah/Desktop/CNN-on-FPGA/src/conv.cpp"}
2026-03-15 23:44:54 [debug] : MonacoEditorModel.doSync - enter {"0":"file:///home/abdullah/Desktop/CNN-on-FPGA/src/conv.cpp"}
2026-03-15 23:44:54 [debug] : MonacoEditorModel.doSync - exit - cancelled {"0":"file:///home/abdullah/Desktop/CNN-on-FPGA/src/conv.cpp"}
2026-03-15 23:44:54 [debug] : MonacoEditorModel.doSync - enter {"0":"file:///home/abdullah/Desktop/CNN-on-FPGA/src/conv.cpp"}
2026-03-15 23:44:54 [debug] : MonacoEditorModel.doSync - exit - cancelled {"0":"file:///home/abdullah/Desktop/CNN-on-FPGA/src/conv.cpp"}
2026-03-15 23:44:54 [debug] : MonacoEditorModel.doSync - enter {"0":"file:///home/abdullah/Desktop/CNN-on-FPGA/src/conv.cpp"}
2026-03-15 23:44:54 [debug] : MonacoEditorModel.doSync - exit - cancelled {"0":"file:///home/abdullah/Desktop/CNN-on-FPGA/src/conv.cpp"}
2026-03-15 23:44:54 [debug] : MonacoEditorModel.doSync - enter {"0":"file:///home/abdullah/Desktop/CNN-on-FPGA/src/conv.cpp"}
2026-03-15 23:44:54 [debug] : MonacoEditorModel.doSync - exit - cancelled {"0":"file:///home/abdullah/Desktop/CNN-on-FPGA/src/conv.cpp"}
2026-03-15 23:44:54 [debug] : MonacoEditorModel.doSync - enter {"0":"file:///home/abdullah/Desktop/CNN-on-FPGA/src/conv.cpp"}
2026-03-15 23:44:54 [debug] : MonacoEditorModel.doSync - exit - cancelled {"0":"file:///home/abdullah/Desktop/CNN-on-FPGA/src/conv.cpp"}
2026-03-15 23:44:54 [debug] : MonacoEditorModel.doSync - enter {"0":"file:///home/abdullah/Desktop/CNN-on-FPGA/src/conv.cpp"}
2026-03-15 23:44:54 [debug] : MonacoEditorModel.doSync - exit - cancelled {"0":"file:///home/abdullah/Desktop/CNN-on-FPGA/src/conv.cpp"}
2026-03-15 23:44:54 [debug] : MonacoEditorModel.doSync - enter {"0":"file:///home/abdullah/Desktop/CNN-on-FPGA/src/conv.cpp"}
2026-03-15 23:44:54 [debug] : MonacoEditorModel.doSync - exit - cancelled {"0":"file:///home/abdullah/Desktop/CNN-on-FPGA/src/conv.cpp"}
2026-03-15 23:44:54 [debug] : MonacoEditorModel.doSync - enter {"0":"file:///home/abdullah/Desktop/CNN-on-FPGA/src/conv.cpp"}
2026-03-15 23:44:54 [debug] : MonacoEditorModel.doSync - exit - cancelled {"0":"file:///home/abdullah/Desktop/CNN-on-FPGA/src/conv.cpp"}
2026-03-15 23:44:54 [debug] : MonacoEditorModel.doSync - enter {"0":"file:///home/abdullah/Desktop/CNN-on-FPGA/src/conv.cpp"}
2026-03-15 23:44:54 [debug] : MonacoEditorModel.doSync - exit - cancelled {"0":"file:///home/abdullah/Desktop/CNN-on-FPGA/src/conv.cpp"}
2026-03-15 23:44:54 [debug] : MonacoEditorModel.doSync - enter {"0":"file:///home/abdullah/Desktop/CNN-on-FPGA/src/conv.cpp"}
2026-03-15 23:44:54 [debug] : MonacoEditorModel.doSync - exit - cancelled {"0":"file:///home/abdullah/Desktop/CNN-on-FPGA/src/conv.cpp"}
2026-03-15 23:44:54 [debug] : MonacoEditorModel.doSync - enter {"0":"file:///home/abdullah/Desktop/CNN-on-FPGA/src/conv.cpp"}
2026-03-15 23:44:54 [debug] : MonacoEditorModel.doSync - exit - cancelled {"0":"file:///home/abdullah/Desktop/CNN-on-FPGA/src/conv.cpp"}
2026-03-15 23:44:54 [debug] : MonacoEditorModel.doSync - enter {"0":"file:///home/abdullah/Desktop/CNN-on-FPGA/src/conv.cpp"}
2026-03-15 23:44:54 [debug] : MonacoEditorModel.doSync - exit - cancelled {"0":"file:///home/abdullah/Desktop/CNN-on-FPGA/src/conv.cpp"}
2026-03-15 23:44:54 [debug] : MonacoEditorModel.doSync - enter {"0":"file:///home/abdullah/Desktop/CNN-on-FPGA/src/conv.cpp"}
2026-03-15 23:44:54 [debug] : MonacoEditorModel.doSync - exit - cancelled {"0":"file:///home/abdullah/Desktop/CNN-on-FPGA/src/conv.cpp"}
2026-03-15 23:44:54 [debug] : MonacoEditorModel.doSync - enter {"0":"file:///home/abdullah/Desktop/CNN-on-FPGA/src/conv.cpp"}
2026-03-15 23:44:54 [debug] : MonacoEditorModel.doSync - exit - cancelled {"0":"file:///home/abdullah/Desktop/CNN-on-FPGA/src/conv.cpp"}
2026-03-15 23:44:54 [debug] : MonacoEditorModel.doSync - enter {"0":"file:///home/abdullah/Desktop/CNN-on-FPGA/src/conv.cpp"}
2026-03-15 23:44:54 [debug] : MonacoEditorModel.fireDidChangeContent - enter - {
  "changes": [
    {
      "range": {
        "startLineNumber": 99,
        "startColumn": 1,
        "endLineNumber": 100,
        "endColumn": 1
      },
      "rangeLength": 68,
      "text": "                #pragma HLS BIND_OP variable=sum op=add impl=fabric\n",
      "rangeOffset": 3806,
      "forceMoveMarkers": true
    }
  ],
  "eol": "\n",
  "isEolChange": false,
  "versionId": 31,
  "isUndoing": false,
  "isRedoing": false,
  "isFlush": false
} {"0":"file:///home/abdullah/Desktop/CNN-on-FPGA/src/conv.cpp"}
2026-03-15 23:44:54 [debug] : MonacoEditorModel.markAsDirty - enter {"0":"file:///home/abdullah/Desktop/CNN-on-FPGA/src/conv.cpp"}
2026-03-15 23:44:54 [debug] : MonacoEditorModel.markAsDirty - exit - ignoring dirty changes enabled {"0":"file:///home/abdullah/Desktop/CNN-on-FPGA/src/conv.cpp"}
2026-03-15 23:44:54 [debug] : MonacoEditorModel.fireDidChangeContent - exit {"0":"file:///home/abdullah/Desktop/CNN-on-FPGA/src/conv.cpp"}
2026-03-15 23:44:54 [debug] : MonacoEditorModel.doSync - exit {"0":"file:///home/abdullah/Desktop/CNN-on-FPGA/src/conv.cpp"}
2026-03-15 23:44:59 [debug] : MonacoEditorModel.cancelSync {"0":"file:///home/abdullah/Desktop/CNN-on-FPGA/src/conv.cpp"}
2026-03-15 23:44:59 [debug] : MonacoEditorModel.doSync - enter {"0":"file:///home/abdullah/Desktop/CNN-on-FPGA/src/conv.cpp"}
2026-03-15 23:44:59 [debug] : MonacoEditorModel.cancelSync {"0":"file:///home/abdullah/Desktop/CNN-on-FPGA/src/conv.cpp"}
2026-03-15 23:44:59 [debug] : MonacoEditorModel.cancelSync {"0":"file:///home/abdullah/Desktop/CNN-on-FPGA/src/conv.cpp"}
2026-03-15 23:44:59 [debug] : MonacoEditorModel.cancelSync {"0":"file:///home/abdullah/Desktop/CNN-on-FPGA/src/conv.cpp"}
2026-03-15 23:44:59 [debug] : MonacoEditorModel.cancelSync {"0":"file:///home/abdullah/Desktop/CNN-on-FPGA/src/conv.cpp"}
2026-03-15 23:44:59 [debug] : MonacoEditorModel.cancelSync {"0":"file:///home/abdullah/Desktop/CNN-on-FPGA/src/conv.cpp"}
2026-03-15 23:44:59 [debug] : MonacoEditorModel.cancelSync {"0":"file:///home/abdullah/Desktop/CNN-on-FPGA/src/conv.cpp"}
2026-03-15 23:44:59 [debug] : MonacoEditorModel.cancelSync {"0":"file:///home/abdullah/Desktop/CNN-on-FPGA/src/conv.cpp"}
2026-03-15 23:44:59 [debug] : MonacoEditorModel.cancelSync {"0":"file:///home/abdullah/Desktop/CNN-on-FPGA/src/conv.cpp"}
2026-03-15 23:44:59 [debug] : MonacoEditorModel.cancelSync {"0":"file:///home/abdullah/Desktop/CNN-on-FPGA/src/conv.cpp"}
2026-03-15 23:44:59 [debug] : MonacoEditorModel.cancelSync {"0":"file:///home/abdullah/Desktop/CNN-on-FPGA/src/conv.cpp"}
2026-03-15 23:44:59 [debug] : MonacoEditorModel.cancelSync {"0":"file:///home/abdullah/Desktop/CNN-on-FPGA/src/conv.cpp"}
2026-03-15 23:44:59 [debug] : MonacoEditorModel.cancelSync {"0":"file:///home/abdullah/Desktop/CNN-on-FPGA/src/conv.cpp"}
2026-03-15 23:44:59 [debug] : MonacoEditorModel.cancelSync {"0":"file:///home/abdullah/Desktop/CNN-on-FPGA/src/conv.cpp"}
2026-03-15 23:44:59 [debug] : MonacoEditorModel.cancelSync {"0":"file:///home/abdullah/Desktop/CNN-on-FPGA/src/conv.cpp"}
2026-03-15 23:44:59 [debug] : MonacoEditorModel.cancelSync {"0":"file:///home/abdullah/Desktop/CNN-on-FPGA/src/conv.cpp"}
2026-03-15 23:44:59 [debug] : MonacoEditorModel.cancelSync {"0":"file:///home/abdullah/Desktop/CNN-on-FPGA/src/conv.cpp"}
2026-03-15 23:44:59 [debug] : MonacoEditorModel.cancelSync {"0":"file:///home/abdullah/Desktop/CNN-on-FPGA/src/conv.cpp"}
2026-03-15 23:44:59 [debug] : MonacoEditorModel.cancelSync {"0":"file:///home/abdullah/Desktop/CNN-on-FPGA/src/conv.cpp"}
2026-03-15 23:44:59 [debug] : MonacoEditorModel.doSync - exit - cancelled while looking for a resource {"0":"file:///home/abdullah/Desktop/CNN-on-FPGA/src/conv.cpp"}
2026-03-15 23:44:59 [debug] : MonacoEditorModel.doSync - enter {"0":"file:///home/abdullah/Desktop/CNN-on-FPGA/src/conv.cpp"}
2026-03-15 23:44:59 [debug] : MonacoEditorModel.doSync - exit - cancelled {"0":"file:///home/abdullah/Desktop/CNN-on-FPGA/src/conv.cpp"}
2026-03-15 23:44:59 [debug] : MonacoEditorModel.doSync - enter {"0":"file:///home/abdullah/Desktop/CNN-on-FPGA/src/conv.cpp"}
2026-03-15 23:44:59 [debug] : MonacoEditorModel.doSync - exit - cancelled {"0":"file:///home/abdullah/Desktop/CNN-on-FPGA/src/conv.cpp"}
2026-03-15 23:44:59 [debug] : MonacoEditorModel.doSync - enter {"0":"file:///home/abdullah/Desktop/CNN-on-FPGA/src/conv.cpp"}
2026-03-15 23:44:59 [debug] : MonacoEditorModel.doSync - exit - cancelled {"0":"file:///home/abdullah/Desktop/CNN-on-FPGA/src/conv.cpp"}
2026-03-15 23:44:59 [debug] : MonacoEditorModel.doSync - enter {"0":"file:///home/abdullah/Desktop/CNN-on-FPGA/src/conv.cpp"}
2026-03-15 23:44:59 [debug] : MonacoEditorModel.doSync - exit - cancelled {"0":"file:///home/abdullah/Desktop/CNN-on-FPGA/src/conv.cpp"}
2026-03-15 23:44:59 [debug] : MonacoEditorModel.doSync - enter {"0":"file:///home/abdullah/Desktop/CNN-on-FPGA/src/conv.cpp"}
2026-03-15 23:44:59 [debug] : MonacoEditorModel.doSync - exit - cancelled {"0":"file:///home/abdullah/Desktop/CNN-on-FPGA/src/conv.cpp"}
2026-03-15 23:44:59 [debug] : MonacoEditorModel.doSync - enter {"0":"file:///home/abdullah/Desktop/CNN-on-FPGA/src/conv.cpp"}
2026-03-15 23:44:59 [debug] : MonacoEditorModel.doSync - exit - cancelled {"0":"file:///home/abdullah/Desktop/CNN-on-FPGA/src/conv.cpp"}
2026-03-15 23:44:59 [debug] : MonacoEditorModel.doSync - enter {"0":"file:///home/abdullah/Desktop/CNN-on-FPGA/src/conv.cpp"}
2026-03-15 23:44:59 [debug] : MonacoEditorModel.doSync - exit - cancelled {"0":"file:///home/abdullah/Desktop/CNN-on-FPGA/src/conv.cpp"}
2026-03-15 23:44:59 [debug] : MonacoEditorModel.doSync - enter {"0":"file:///home/abdullah/Desktop/CNN-on-FPGA/src/conv.cpp"}
2026-03-15 23:44:59 [debug] : MonacoEditorModel.doSync - exit - cancelled {"0":"file:///home/abdullah/Desktop/CNN-on-FPGA/src/conv.cpp"}
2026-03-15 23:44:59 [debug] : MonacoEditorModel.doSync - enter {"0":"file:///home/abdullah/Desktop/CNN-on-FPGA/src/conv.cpp"}
2026-03-15 23:44:59 [debug] : MonacoEditorModel.doSync - exit - cancelled {"0":"file:///home/abdullah/Desktop/CNN-on-FPGA/src/conv.cpp"}
2026-03-15 23:44:59 [debug] : MonacoEditorModel.doSync - enter {"0":"file:///home/abdullah/Desktop/CNN-on-FPGA/src/conv.cpp"}
2026-03-15 23:44:59 [debug] : MonacoEditorModel.doSync - exit - cancelled {"0":"file:///home/abdullah/Desktop/CNN-on-FPGA/src/conv.cpp"}
2026-03-15 23:44:59 [debug] : MonacoEditorModel.doSync - enter {"0":"file:///home/abdullah/Desktop/CNN-on-FPGA/src/conv.cpp"}
2026-03-15 23:44:59 [debug] : MonacoEditorModel.doSync - exit - cancelled {"0":"file:///home/abdullah/Desktop/CNN-on-FPGA/src/conv.cpp"}
2026-03-15 23:44:59 [debug] : MonacoEditorModel.doSync - enter {"0":"file:///home/abdullah/Desktop/CNN-on-FPGA/src/conv.cpp"}
2026-03-15 23:44:59 [debug] : MonacoEditorModel.doSync - exit - cancelled {"0":"file:///home/abdullah/Desktop/CNN-on-FPGA/src/conv.cpp"}
2026-03-15 23:44:59 [debug] : MonacoEditorModel.doSync - enter {"0":"file:///home/abdullah/Desktop/CNN-on-FPGA/src/conv.cpp"}
2026-03-15 23:44:59 [debug] : MonacoEditorModel.doSync - exit - cancelled {"0":"file:///home/abdullah/Desktop/CNN-on-FPGA/src/conv.cpp"}
2026-03-15 23:44:59 [debug] : MonacoEditorModel.doSync - enter {"0":"file:///home/abdullah/Desktop/CNN-on-FPGA/src/conv.cpp"}
2026-03-15 23:44:59 [debug] : MonacoEditorModel.doSync - exit - cancelled {"0":"file:///home/abdullah/Desktop/CNN-on-FPGA/src/conv.cpp"}
2026-03-15 23:44:59 [debug] : MonacoEditorModel.doSync - enter {"0":"file:///home/abdullah/Desktop/CNN-on-FPGA/src/conv.cpp"}
2026-03-15 23:44:59 [debug] : MonacoEditorModel.doSync - exit - cancelled {"0":"file:///home/abdullah/Desktop/CNN-on-FPGA/src/conv.cpp"}
2026-03-15 23:44:59 [debug] : MonacoEditorModel.doSync - enter {"0":"file:///home/abdullah/Desktop/CNN-on-FPGA/src/conv.cpp"}
2026-03-15 23:44:59 [debug] : MonacoEditorModel.doSync - exit - cancelled {"0":"file:///home/abdullah/Desktop/CNN-on-FPGA/src/conv.cpp"}
2026-03-15 23:44:59 [debug] : MonacoEditorModel.doSync - enter {"0":"file:///home/abdullah/Desktop/CNN-on-FPGA/src/conv.cpp"}
2026-03-15 23:44:59 [debug] : MonacoEditorModel.doSync - exit - cancelled {"0":"file:///home/abdullah/Desktop/CNN-on-FPGA/src/conv.cpp"}
2026-03-15 23:44:59 [debug] : MonacoEditorModel.doSync - enter {"0":"file:///home/abdullah/Desktop/CNN-on-FPGA/src/conv.cpp"}
2026-03-15 23:44:59 [debug] : MonacoEditorModel.fireDidChangeContent - enter - {
  "changes": [
    {
      "range": {
        "startLineNumber": 30,
        "startColumn": 1,
        "endLineNumber": 32,
        "endColumn": 1
      },
      "rangeLength": 136,
      "text": "",
      "rangeOffset": 902,
      "forceMoveMarkers": true
    }
  ],
  "eol": "\n",
  "isEolChange": false,
  "versionId": 32,
  "isUndoing": false,
  "isRedoing": false,
  "isFlush": false
} {"0":"file:///home/abdullah/Desktop/CNN-on-FPGA/src/conv.cpp"}
2026-03-15 23:44:59 [debug] : MonacoEditorModel.markAsDirty - enter {"0":"file:///home/abdullah/Desktop/CNN-on-FPGA/src/conv.cpp"}
2026-03-15 23:44:59 [debug] : MonacoEditorModel.markAsDirty - exit - ignoring dirty changes enabled {"0":"file:///home/abdullah/Desktop/CNN-on-FPGA/src/conv.cpp"}
2026-03-15 23:44:59 [debug] : MonacoEditorModel.fireDidChangeContent - exit {"0":"file:///home/abdullah/Desktop/CNN-on-FPGA/src/conv.cpp"}
2026-03-15 23:44:59 [debug] : MonacoEditorModel.doSync - exit {"0":"file:///home/abdullah/Desktop/CNN-on-FPGA/src/conv.cpp"}
2026-03-15 23:45:03 [debug] : MonacoEditorModel.cancelSync {"0":"file:///home/abdullah/Desktop/CNN-on-FPGA/src/conv.cpp"}
2026-03-15 23:45:03 [debug] : MonacoEditorModel.doSync - enter {"0":"file:///home/abdullah/Desktop/CNN-on-FPGA/src/conv.cpp"}
2026-03-15 23:45:03 [debug] : MonacoEditorModel.cancelSync {"0":"file:///home/abdullah/Desktop/CNN-on-FPGA/src/conv.cpp"}
2026-03-15 23:45:03 [debug] : MonacoEditorModel.cancelSync {"0":"file:///home/abdullah/Desktop/CNN-on-FPGA/src/conv.cpp"}
2026-03-15 23:45:03 [debug] : MonacoEditorModel.cancelSync {"0":"file:///home/abdullah/Desktop/CNN-on-FPGA/src/conv.cpp"}
2026-03-15 23:45:03 [debug] : MonacoEditorModel.cancelSync {"0":"file:///home/abdullah/Desktop/CNN-on-FPGA/src/conv.cpp"}
2026-03-15 23:45:03 [debug] : MonacoEditorModel.cancelSync {"0":"file:///home/abdullah/Desktop/CNN-on-FPGA/src/conv.cpp"}
2026-03-15 23:45:03 [debug] : MonacoEditorModel.cancelSync {"0":"file:///home/abdullah/Desktop/CNN-on-FPGA/src/conv.cpp"}
2026-03-15 23:45:03 [debug] : MonacoEditorModel.cancelSync {"0":"file:///home/abdullah/Desktop/CNN-on-FPGA/src/conv.cpp"}
2026-03-15 23:45:03 [debug] : MonacoEditorModel.cancelSync {"0":"file:///home/abdullah/Desktop/CNN-on-FPGA/src/conv.cpp"}
2026-03-15 23:45:03 [debug] : MonacoEditorModel.cancelSync {"0":"file:///home/abdullah/Desktop/CNN-on-FPGA/src/conv.cpp"}
2026-03-15 23:45:03 [debug] : MonacoEditorModel.cancelSync {"0":"file:///home/abdullah/Desktop/CNN-on-FPGA/src/conv.cpp"}
2026-03-15 23:45:03 [debug] : MonacoEditorModel.cancelSync {"0":"file:///home/abdullah/Desktop/CNN-on-FPGA/src/conv.cpp"}
2026-03-15 23:45:03 [debug] : MonacoEditorModel.cancelSync {"0":"file:///home/abdullah/Desktop/CNN-on-FPGA/src/conv.cpp"}
2026-03-15 23:45:03 [debug] : MonacoEditorModel.cancelSync {"0":"file:///home/abdullah/Desktop/CNN-on-FPGA/src/conv.cpp"}
2026-03-15 23:45:03 [debug] : MonacoEditorModel.cancelSync {"0":"file:///home/abdullah/Desktop/CNN-on-FPGA/src/conv.cpp"}
2026-03-15 23:45:03 [debug] : MonacoEditorModel.cancelSync {"0":"file:///home/abdullah/Desktop/CNN-on-FPGA/src/conv.cpp"}
2026-03-15 23:45:03 [debug] : MonacoEditorModel.cancelSync {"0":"file:///home/abdullah/Desktop/CNN-on-FPGA/src/conv.cpp"}
2026-03-15 23:45:03 [debug] : MonacoEditorModel.cancelSync {"0":"file:///home/abdullah/Desktop/CNN-on-FPGA/src/conv.cpp"}
2026-03-15 23:45:03 [debug] : MonacoEditorModel.cancelSync {"0":"file:///home/abdullah/Desktop/CNN-on-FPGA/src/conv.cpp"}
2026-03-15 23:45:03 [debug] : MonacoEditorModel.doSync - exit - cancelled while looking for a resource {"0":"file:///home/abdullah/Desktop/CNN-on-FPGA/src/conv.cpp"}
2026-03-15 23:45:03 [debug] : MonacoEditorModel.doSync - enter {"0":"file:///home/abdullah/Desktop/CNN-on-FPGA/src/conv.cpp"}
2026-03-15 23:45:03 [debug] : MonacoEditorModel.doSync - exit - cancelled {"0":"file:///home/abdullah/Desktop/CNN-on-FPGA/src/conv.cpp"}
2026-03-15 23:45:03 [debug] : MonacoEditorModel.doSync - enter {"0":"file:///home/abdullah/Desktop/CNN-on-FPGA/src/conv.cpp"}
2026-03-15 23:45:03 [debug] : MonacoEditorModel.doSync - exit - cancelled {"0":"file:///home/abdullah/Desktop/CNN-on-FPGA/src/conv.cpp"}
2026-03-15 23:45:03 [debug] : MonacoEditorModel.doSync - enter {"0":"file:///home/abdullah/Desktop/CNN-on-FPGA/src/conv.cpp"}
2026-03-15 23:45:03 [debug] : MonacoEditorModel.doSync - exit - cancelled {"0":"file:///home/abdullah/Desktop/CNN-on-FPGA/src/conv.cpp"}
2026-03-15 23:45:03 [debug] : MonacoEditorModel.doSync - enter {"0":"file:///home/abdullah/Desktop/CNN-on-FPGA/src/conv.cpp"}
2026-03-15 23:45:03 [debug] : MonacoEditorModel.doSync - exit - cancelled {"0":"file:///home/abdullah/Desktop/CNN-on-FPGA/src/conv.cpp"}
2026-03-15 23:45:03 [debug] : MonacoEditorModel.doSync - enter {"0":"file:///home/abdullah/Desktop/CNN-on-FPGA/src/conv.cpp"}
2026-03-15 23:45:03 [debug] : MonacoEditorModel.doSync - exit - cancelled {"0":"file:///home/abdullah/Desktop/CNN-on-FPGA/src/conv.cpp"}
2026-03-15 23:45:03 [debug] : MonacoEditorModel.doSync - enter {"0":"file:///home/abdullah/Desktop/CNN-on-FPGA/src/conv.cpp"}
2026-03-15 23:45:03 [debug] : MonacoEditorModel.doSync - exit - cancelled {"0":"file:///home/abdullah/Desktop/CNN-on-FPGA/src/conv.cpp"}
2026-03-15 23:45:03 [debug] : MonacoEditorModel.doSync - enter {"0":"file:///home/abdullah/Desktop/CNN-on-FPGA/src/conv.cpp"}
2026-03-15 23:45:03 [debug] : MonacoEditorModel.doSync - exit - cancelled {"0":"file:///home/abdullah/Desktop/CNN-on-FPGA/src/conv.cpp"}
2026-03-15 23:45:03 [debug] : MonacoEditorModel.doSync - enter {"0":"file:///home/abdullah/Desktop/CNN-on-FPGA/src/conv.cpp"}
2026-03-15 23:45:03 [debug] : MonacoEditorModel.doSync - exit - cancelled {"0":"file:///home/abdullah/Desktop/CNN-on-FPGA/src/conv.cpp"}
2026-03-15 23:45:03 [debug] : MonacoEditorModel.doSync - enter {"0":"file:///home/abdullah/Desktop/CNN-on-FPGA/src/conv.cpp"}
2026-03-15 23:45:03 [debug] : MonacoEditorModel.doSync - exit - cancelled {"0":"file:///home/abdullah/Desktop/CNN-on-FPGA/src/conv.cpp"}
2026-03-15 23:45:03 [debug] : MonacoEditorModel.doSync - enter {"0":"file:///home/abdullah/Desktop/CNN-on-FPGA/src/conv.cpp"}
2026-03-15 23:45:03 [debug] : MonacoEditorModel.doSync - exit - cancelled {"0":"file:///home/abdullah/Desktop/CNN-on-FPGA/src/conv.cpp"}
2026-03-15 23:45:03 [debug] : MonacoEditorModel.doSync - enter {"0":"file:///home/abdullah/Desktop/CNN-on-FPGA/src/conv.cpp"}
2026-03-15 23:45:03 [debug] : MonacoEditorModel.doSync - exit - cancelled {"0":"file:///home/abdullah/Desktop/CNN-on-FPGA/src/conv.cpp"}
2026-03-15 23:45:03 [debug] : MonacoEditorModel.doSync - enter {"0":"file:///home/abdullah/Desktop/CNN-on-FPGA/src/conv.cpp"}
2026-03-15 23:45:03 [debug] : MonacoEditorModel.doSync - exit - cancelled {"0":"file:///home/abdullah/Desktop/CNN-on-FPGA/src/conv.cpp"}
2026-03-15 23:45:03 [debug] : MonacoEditorModel.doSync - enter {"0":"file:///home/abdullah/Desktop/CNN-on-FPGA/src/conv.cpp"}
2026-03-15 23:45:03 [debug] : MonacoEditorModel.doSync - exit - cancelled {"0":"file:///home/abdullah/Desktop/CNN-on-FPGA/src/conv.cpp"}
2026-03-15 23:45:03 [debug] : MonacoEditorModel.doSync - enter {"0":"file:///home/abdullah/Desktop/CNN-on-FPGA/src/conv.cpp"}
2026-03-15 23:45:03 [debug] : MonacoEditorModel.doSync - exit - cancelled {"0":"file:///home/abdullah/Desktop/CNN-on-FPGA/src/conv.cpp"}
2026-03-15 23:45:03 [debug] : MonacoEditorModel.doSync - enter {"0":"file:///home/abdullah/Desktop/CNN-on-FPGA/src/conv.cpp"}
2026-03-15 23:45:03 [debug] : MonacoEditorModel.doSync - exit - cancelled {"0":"file:///home/abdullah/Desktop/CNN-on-FPGA/src/conv.cpp"}
2026-03-15 23:45:03 [debug] : MonacoEditorModel.doSync - enter {"0":"file:///home/abdullah/Desktop/CNN-on-FPGA/src/conv.cpp"}
2026-03-15 23:45:03 [debug] : MonacoEditorModel.doSync - exit - cancelled {"0":"file:///home/abdullah/Desktop/CNN-on-FPGA/src/conv.cpp"}
2026-03-15 23:45:03 [debug] : MonacoEditorModel.doSync - enter {"0":"file:///home/abdullah/Desktop/CNN-on-FPGA/src/conv.cpp"}
2026-03-15 23:45:03 [debug] : MonacoEditorModel.doSync - exit - cancelled {"0":"file:///home/abdullah/Desktop/CNN-on-FPGA/src/conv.cpp"}
2026-03-15 23:45:03 [debug] : MonacoEditorModel.doSync - enter {"0":"file:///home/abdullah/Desktop/CNN-on-FPGA/src/conv.cpp"}
2026-03-15 23:45:03 [debug] : MonacoEditorModel.fireDidChangeContent - enter - {
  "changes": [
    {
      "range": {
        "startLineNumber": 31,
        "startColumn": 1,
        "endLineNumber": 32,
        "endColumn": 1
      },
      "rangeLength": 17,
      "text": "                                #pragma HLS BIND_OP variable=sum op=mul impl=fabric\n                #pragma HLS BIND_OP variable=sum op=add impl=fabric\n",
      "rangeOffset": 966,
      "forceMoveMarkers": true
    }
  ],
  "eol": "\n",
  "isEolChange": false,
  "versionId": 33,
  "isUndoing": false,
  "isRedoing": false,
  "isFlush": false
} {"0":"file:///home/abdullah/Desktop/CNN-on-FPGA/src/conv.cpp"}
2026-03-15 23:45:03 [debug] : MonacoEditorModel.markAsDirty - enter {"0":"file:///home/abdullah/Desktop/CNN-on-FPGA/src/conv.cpp"}
2026-03-15 23:45:03 [debug] : MonacoEditorModel.markAsDirty - exit - ignoring dirty changes enabled {"0":"file:///home/abdullah/Desktop/CNN-on-FPGA/src/conv.cpp"}
2026-03-15 23:45:03 [debug] : MonacoEditorModel.fireDidChangeContent - exit {"0":"file:///home/abdullah/Desktop/CNN-on-FPGA/src/conv.cpp"}
2026-03-15 23:45:03 [debug] : MonacoEditorModel.doSync - exit {"0":"file:///home/abdullah/Desktop/CNN-on-FPGA/src/conv.cpp"}
2026-03-15 23:45:06 [debug] : MonacoEditorModel.cancelSync {"0":"file:///home/abdullah/Desktop/CNN-on-FPGA/src/conv.cpp"}
2026-03-15 23:45:06 [debug] : MonacoEditorModel.doSync - enter {"0":"file:///home/abdullah/Desktop/CNN-on-FPGA/src/conv.cpp"}
2026-03-15 23:45:06 [debug] : MonacoEditorModel.cancelSync {"0":"file:///home/abdullah/Desktop/CNN-on-FPGA/src/conv.cpp"}
2026-03-15 23:45:06 [debug] : MonacoEditorModel.cancelSync {"0":"file:///home/abdullah/Desktop/CNN-on-FPGA/src/conv.cpp"}
2026-03-15 23:45:06 [debug] : MonacoEditorModel.cancelSync {"0":"file:///home/abdullah/Desktop/CNN-on-FPGA/src/conv.cpp"}
2026-03-15 23:45:06 [debug] : MonacoEditorModel.cancelSync {"0":"file:///home/abdullah/Desktop/CNN-on-FPGA/src/conv.cpp"}
2026-03-15 23:45:06 [debug] : MonacoEditorModel.cancelSync {"0":"file:///home/abdullah/Desktop/CNN-on-FPGA/src/conv.cpp"}
2026-03-15 23:45:06 [debug] : MonacoEditorModel.cancelSync {"0":"file:///home/abdullah/Desktop/CNN-on-FPGA/src/conv.cpp"}
2026-03-15 23:45:06 [debug] : MonacoEditorModel.cancelSync {"0":"file:///home/abdullah/Desktop/CNN-on-FPGA/src/conv.cpp"}
2026-03-15 23:45:06 [debug] : MonacoEditorModel.cancelSync {"0":"file:///home/abdullah/Desktop/CNN-on-FPGA/src/conv.cpp"}
2026-03-15 23:45:06 [debug] : MonacoEditorModel.cancelSync {"0":"file:///home/abdullah/Desktop/CNN-on-FPGA/src/conv.cpp"}
2026-03-15 23:45:06 [debug] : MonacoEditorModel.cancelSync {"0":"file:///home/abdullah/Desktop/CNN-on-FPGA/src/conv.cpp"}
2026-03-15 23:45:06 [debug] : MonacoEditorModel.cancelSync {"0":"file:///home/abdullah/Desktop/CNN-on-FPGA/src/conv.cpp"}
2026-03-15 23:45:06 [debug] : MonacoEditorModel.cancelSync {"0":"file:///home/abdullah/Desktop/CNN-on-FPGA/src/conv.cpp"}
2026-03-15 23:45:06 [debug] : MonacoEditorModel.cancelSync {"0":"file:///home/abdullah/Desktop/CNN-on-FPGA/src/conv.cpp"}
2026-03-15 23:45:06 [debug] : MonacoEditorModel.cancelSync {"0":"file:///home/abdullah/Desktop/CNN-on-FPGA/src/conv.cpp"}
2026-03-15 23:45:06 [debug] : MonacoEditorModel.cancelSync {"0":"file:///home/abdullah/Desktop/CNN-on-FPGA/src/conv.cpp"}
2026-03-15 23:45:06 [debug] : MonacoEditorModel.cancelSync {"0":"file:///home/abdullah/Desktop/CNN-on-FPGA/src/conv.cpp"}
2026-03-15 23:45:06 [debug] : MonacoEditorModel.cancelSync {"0":"file:///home/abdullah/Desktop/CNN-on-FPGA/src/conv.cpp"}
2026-03-15 23:45:06 [debug] : MonacoEditorModel.cancelSync {"0":"file:///home/abdullah/Desktop/CNN-on-FPGA/src/conv.cpp"}
2026-03-15 23:45:06 [debug] : MonacoEditorModel.doSync - exit - cancelled while looking for a resource {"0":"file:///home/abdullah/Desktop/CNN-on-FPGA/src/conv.cpp"}
2026-03-15 23:45:06 [debug] : MonacoEditorModel.doSync - enter {"0":"file:///home/abdullah/Desktop/CNN-on-FPGA/src/conv.cpp"}
2026-03-15 23:45:06 [debug] : MonacoEditorModel.doSync - exit - cancelled {"0":"file:///home/abdullah/Desktop/CNN-on-FPGA/src/conv.cpp"}
2026-03-15 23:45:06 [debug] : MonacoEditorModel.doSync - enter {"0":"file:///home/abdullah/Desktop/CNN-on-FPGA/src/conv.cpp"}
2026-03-15 23:45:06 [debug] : MonacoEditorModel.doSync - exit - cancelled {"0":"file:///home/abdullah/Desktop/CNN-on-FPGA/src/conv.cpp"}
2026-03-15 23:45:06 [debug] : MonacoEditorModel.doSync - enter {"0":"file:///home/abdullah/Desktop/CNN-on-FPGA/src/conv.cpp"}
2026-03-15 23:45:06 [debug] : MonacoEditorModel.doSync - exit - cancelled {"0":"file:///home/abdullah/Desktop/CNN-on-FPGA/src/conv.cpp"}
2026-03-15 23:45:06 [debug] : MonacoEditorModel.doSync - enter {"0":"file:///home/abdullah/Desktop/CNN-on-FPGA/src/conv.cpp"}
2026-03-15 23:45:06 [debug] : MonacoEditorModel.doSync - exit - cancelled {"0":"file:///home/abdullah/Desktop/CNN-on-FPGA/src/conv.cpp"}
2026-03-15 23:45:06 [debug] : MonacoEditorModel.doSync - enter {"0":"file:///home/abdullah/Desktop/CNN-on-FPGA/src/conv.cpp"}
2026-03-15 23:45:06 [debug] : MonacoEditorModel.doSync - exit - cancelled {"0":"file:///home/abdullah/Desktop/CNN-on-FPGA/src/conv.cpp"}
2026-03-15 23:45:06 [debug] : MonacoEditorModel.doSync - enter {"0":"file:///home/abdullah/Desktop/CNN-on-FPGA/src/conv.cpp"}
2026-03-15 23:45:06 [debug] : MonacoEditorModel.doSync - exit - cancelled {"0":"file:///home/abdullah/Desktop/CNN-on-FPGA/src/conv.cpp"}
2026-03-15 23:45:06 [debug] : MonacoEditorModel.doSync - enter {"0":"file:///home/abdullah/Desktop/CNN-on-FPGA/src/conv.cpp"}
2026-03-15 23:45:06 [debug] : MonacoEditorModel.doSync - exit - cancelled {"0":"file:///home/abdullah/Desktop/CNN-on-FPGA/src/conv.cpp"}
2026-03-15 23:45:06 [debug] : MonacoEditorModel.doSync - enter {"0":"file:///home/abdullah/Desktop/CNN-on-FPGA/src/conv.cpp"}
2026-03-15 23:45:06 [debug] : MonacoEditorModel.doSync - exit - cancelled {"0":"file:///home/abdullah/Desktop/CNN-on-FPGA/src/conv.cpp"}
2026-03-15 23:45:06 [debug] : MonacoEditorModel.doSync - enter {"0":"file:///home/abdullah/Desktop/CNN-on-FPGA/src/conv.cpp"}
2026-03-15 23:45:06 [debug] : MonacoEditorModel.doSync - exit - cancelled {"0":"file:///home/abdullah/Desktop/CNN-on-FPGA/src/conv.cpp"}
2026-03-15 23:45:06 [debug] : MonacoEditorModel.doSync - enter {"0":"file:///home/abdullah/Desktop/CNN-on-FPGA/src/conv.cpp"}
2026-03-15 23:45:06 [debug] : MonacoEditorModel.doSync - exit - cancelled {"0":"file:///home/abdullah/Desktop/CNN-on-FPGA/src/conv.cpp"}
2026-03-15 23:45:06 [debug] : MonacoEditorModel.doSync - enter {"0":"file:///home/abdullah/Desktop/CNN-on-FPGA/src/conv.cpp"}
2026-03-15 23:45:06 [debug] : MonacoEditorModel.doSync - exit - cancelled {"0":"file:///home/abdullah/Desktop/CNN-on-FPGA/src/conv.cpp"}
2026-03-15 23:45:06 [debug] : MonacoEditorModel.doSync - enter {"0":"file:///home/abdullah/Desktop/CNN-on-FPGA/src/conv.cpp"}
2026-03-15 23:45:06 [debug] : MonacoEditorModel.doSync - exit - cancelled {"0":"file:///home/abdullah/Desktop/CNN-on-FPGA/src/conv.cpp"}
2026-03-15 23:45:06 [debug] : MonacoEditorModel.doSync - enter {"0":"file:///home/abdullah/Desktop/CNN-on-FPGA/src/conv.cpp"}
2026-03-15 23:45:06 [debug] : MonacoEditorModel.doSync - exit - cancelled {"0":"file:///home/abdullah/Desktop/CNN-on-FPGA/src/conv.cpp"}
2026-03-15 23:45:06 [debug] : MonacoEditorModel.doSync - enter {"0":"file:///home/abdullah/Desktop/CNN-on-FPGA/src/conv.cpp"}
2026-03-15 23:45:06 [debug] : MonacoEditorModel.doSync - exit - cancelled {"0":"file:///home/abdullah/Desktop/CNN-on-FPGA/src/conv.cpp"}
2026-03-15 23:45:06 [debug] : MonacoEditorModel.doSync - enter {"0":"file:///home/abdullah/Desktop/CNN-on-FPGA/src/conv.cpp"}
2026-03-15 23:45:06 [debug] : MonacoEditorModel.doSync - exit - cancelled {"0":"file:///home/abdullah/Desktop/CNN-on-FPGA/src/conv.cpp"}
2026-03-15 23:45:06 [debug] : MonacoEditorModel.doSync - enter {"0":"file:///home/abdullah/Desktop/CNN-on-FPGA/src/conv.cpp"}
2026-03-15 23:45:06 [debug] : MonacoEditorModel.doSync - exit - cancelled {"0":"file:///home/abdullah/Desktop/CNN-on-FPGA/src/conv.cpp"}
2026-03-15 23:45:06 [debug] : MonacoEditorModel.doSync - enter {"0":"file:///home/abdullah/Desktop/CNN-on-FPGA/src/conv.cpp"}
2026-03-15 23:45:06 [debug] : MonacoEditorModel.doSync - exit - cancelled {"0":"file:///home/abdullah/Desktop/CNN-on-FPGA/src/conv.cpp"}
2026-03-15 23:45:06 [debug] : MonacoEditorModel.doSync - enter {"0":"file:///home/abdullah/Desktop/CNN-on-FPGA/src/conv.cpp"}
2026-03-15 23:45:06 [debug] : MonacoEditorModel.fireDidChangeContent - enter - {
  "changes": [
    {
      "range": {
        "startLineNumber": 31,
        "startColumn": 1,
        "endLineNumber": 32,
        "endColumn": 1
      },
      "rangeLength": 84,
      "text": "                #pragma HLS BIND_OP variable=sum op=mul impl=fabric\n",
      "rangeOffset": 966,
      "forceMoveMarkers": true
    }
  ],
  "eol": "\n",
  "isEolChange": false,
  "versionId": 34,
  "isUndoing": false,
  "isRedoing": false,
  "isFlush": false
} {"0":"file:///home/abdullah/Desktop/CNN-on-FPGA/src/conv.cpp"}
2026-03-15 23:45:06 [debug] : MonacoEditorModel.markAsDirty - enter {"0":"file:///home/abdullah/Desktop/CNN-on-FPGA/src/conv.cpp"}
2026-03-15 23:45:06 [debug] : MonacoEditorModel.markAsDirty - exit - ignoring dirty changes enabled {"0":"file:///home/abdullah/Desktop/CNN-on-FPGA/src/conv.cpp"}
2026-03-15 23:45:06 [debug] : MonacoEditorModel.fireDidChangeContent - exit {"0":"file:///home/abdullah/Desktop/CNN-on-FPGA/src/conv.cpp"}
2026-03-15 23:45:06 [debug] : MonacoEditorModel.doSync - exit {"0":"file:///home/abdullah/Desktop/CNN-on-FPGA/src/conv.cpp"}
2026-03-15 23:45:47 [debug] : 1735.199951171875 {"0":7,"1":1728.199951171875,"2":15,"3":false}
2026-03-15 23:45:47 [debug] : 1735.199951171875 {"0":144,"1":1591.199951171875,"2":15,"3":false}
2026-03-15 23:45:47 [debug] : 1735.199951171875 {"0":174,"1":1561.199951171875,"2":15,"3":false}
2026-03-15 23:45:47 [debug] : 1735.199951171875 {"0":298,"1":1437.199951171875,"2":15,"3":false}
2026-03-15 23:45:47 [debug] : 1735.199951171875 {"0":626,"1":1109.199951171875,"2":15,"3":false}
2026-03-15 23:45:47 [debug] : 1735.199951171875 {"0":656,"1":1079.199951171875,"2":15,"3":false}
2026-03-15 23:45:47 [debug] : 1735.199951171875 {"0":780,"1":955.199951171875,"2":15,"3":false}
2026-03-15 23:45:47 [debug] : 1735.199951171875 {"0":883,"1":852.199951171875,"2":15,"3":false}
2026-03-15 23:45:47 [debug] : 1735.199951171875 {"0":1222,"1":513.199951171875,"2":15,"3":false}
2026-03-15 23:45:47 [debug] : 1735.199951171875 {"0":1428,"1":307.199951171875,"2":15,"3":false}
2026-03-15 23:45:47 [debug] : 1735.199951171875 {"0":1458,"1":277.199951171875,"2":15,"3":false}
2026-03-15 23:45:47 [debug] : 1735.199951171875 {"0":1591,"1":144.199951171875,"2":15,"3":false}
2026-03-15 23:45:47 [debug] : 1735.199951171875 {"0":1858,"1":122.800048828125,"2":15,"3":false}
2026-03-15 23:45:47 [debug] : 1735.199951171875 {"0":1888,"1":152.800048828125,"2":15,"3":false}
2026-03-15 23:45:47 [debug] : 1735.199951171875 {"0":2022,"1":286.800048828125,"2":15,"3":false}
2026-03-15 23:45:47 [debug] : 1735.199951171875 {"0":2249,"1":513.800048828125,"2":15,"3":false}
2026-03-15 23:45:47 [debug] : 1735.199951171875 {"0":2279,"1":543.800048828125,"2":15,"3":false}
2026-03-15 23:45:47 [debug] : 1735.199951171875 {"0":2319,"1":583.800048828125,"2":15,"3":false}
2026-03-15 23:45:47 [debug] : 1735.199951171875 {"0":2707,"1":971.800048828125,"2":15,"3":false}
2026-03-15 23:45:47 [debug] : 1735.199951171875 {"0":3082,"1":1346.800048828125,"2":15,"3":false}
2026-03-15 23:45:47 [debug] : 1726.4000244140625 {"0":7,"1":1719.4000244140625,"2":15,"3":false}
2026-03-15 23:45:47 [debug] : 1726.4000244140625 {"0":144,"1":1582.4000244140625,"2":15,"3":false}
2026-03-15 23:45:47 [debug] : 1726.4000244140625 {"0":174,"1":1552.4000244140625,"2":15,"3":false}
2026-03-15 23:45:47 [debug] : 1726.4000244140625 {"0":298,"1":1428.4000244140625,"2":15,"3":false}
2026-03-15 23:45:47 [debug] : 1726.4000244140625 {"0":626,"1":1100.4000244140625,"2":15,"3":false}
2026-03-15 23:45:47 [debug] : 1726.4000244140625 {"0":656,"1":1070.4000244140625,"2":15,"3":false}
2026-03-15 23:45:47 [debug] : 1726.4000244140625 {"0":780,"1":946.4000244140625,"2":15,"3":false}
2026-03-15 23:45:47 [debug] : 1726.4000244140625 {"0":883,"1":843.4000244140625,"2":15,"3":false}
2026-03-15 23:45:47 [debug] : 1726.4000244140625 {"0":1222,"1":504.4000244140625,"2":15,"3":false}
2026-03-15 23:45:47 [debug] : 1726.4000244140625 {"0":1428,"1":298.4000244140625,"2":15,"3":false}
2026-03-15 23:45:47 [debug] : 1726.4000244140625 {"0":1458,"1":268.4000244140625,"2":15,"3":false}
2026-03-15 23:45:47 [debug] : 1726.4000244140625 {"0":1591,"1":135.4000244140625,"2":15,"3":false}
2026-03-15 23:45:47 [debug] : 1726.4000244140625 {"0":1858,"1":131.5999755859375,"2":15,"3":false}
2026-03-15 23:45:47 [debug] : 1726.4000244140625 {"0":1888,"1":161.5999755859375,"2":15,"3":false}
2026-03-15 23:45:47 [debug] : 1726.4000244140625 {"0":2022,"1":295.5999755859375,"2":15,"3":false}
2026-03-15 23:45:47 [debug] : 1726.4000244140625 {"0":2249,"1":522.5999755859375,"2":15,"3":false}
2026-03-15 23:45:47 [debug] : 1726.4000244140625 {"0":2279,"1":552.5999755859375,"2":15,"3":false}
2026-03-15 23:45:47 [debug] : 1726.4000244140625 {"0":2319,"1":592.5999755859375,"2":15,"3":false}
2026-03-15 23:45:47 [debug] : 1726.4000244140625 {"0":2707,"1":980.5999755859375,"2":15,"3":false}
2026-03-15 23:45:47 [debug] : 1726.4000244140625 {"0":3082,"1":1355.5999755859375,"2":15,"3":false}
2026-03-15 23:45:47 [debug] : 1703.199951171875 {"0":7,"1":1696.199951171875,"2":15,"3":false}
2026-03-15 23:45:47 [debug] : 1703.199951171875 {"0":144,"1":1559.199951171875,"2":15,"3":false}
2026-03-15 23:45:47 [debug] : 1703.199951171875 {"0":174,"1":1529.199951171875,"2":15,"3":false}
2026-03-15 23:45:47 [debug] : 1703.199951171875 {"0":298,"1":1405.199951171875,"2":15,"3":false}
2026-03-15 23:45:47 [debug] : 1703.199951171875 {"0":626,"1":1077.199951171875,"2":15,"3":false}
2026-03-15 23:45:47 [debug] : 1703.199951171875 {"0":656,"1":1047.199951171875,"2":15,"3":false}
2026-03-15 23:45:47 [debug] : 1703.199951171875 {"0":780,"1":923.199951171875,"2":15,"3":false}
2026-03-15 23:45:47 [debug] : 1703.199951171875 {"0":883,"1":820.199951171875,"2":15,"3":false}
2026-03-15 23:45:47 [debug] : 1703.199951171875 {"0":1222,"1":481.199951171875,"2":15,"3":false}
2026-03-15 23:45:47 [debug] : 1703.199951171875 {"0":1428,"1":275.199951171875,"2":15,"3":false}
2026-03-15 23:45:47 [debug] : 1703.199951171875 {"0":1458,"1":245.199951171875,"2":15,"3":false}
2026-03-15 23:45:47 [debug] : 1703.199951171875 {"0":1591,"1":112.199951171875,"2":15,"3":false}
2026-03-15 23:45:47 [debug] : 1703.199951171875 {"0":1858,"1":154.800048828125,"2":15,"3":false}
2026-03-15 23:45:47 [debug] : 1703.199951171875 {"0":1888,"1":184.800048828125,"2":15,"3":false}
2026-03-15 23:45:47 [debug] : 1703.199951171875 {"0":2022,"1":318.800048828125,"2":15,"3":false}
2026-03-15 23:45:47 [debug] : 1703.199951171875 {"0":2249,"1":545.800048828125,"2":15,"3":false}
2026-03-15 23:45:47 [debug] : 1703.199951171875 {"0":2279,"1":575.800048828125,"2":15,"3":false}
2026-03-15 23:45:47 [debug] : 1703.199951171875 {"0":2319,"1":615.800048828125,"2":15,"3":false}
2026-03-15 23:45:47 [debug] : 1703.199951171875 {"0":2707,"1":1003.800048828125,"2":15,"3":false}
2026-03-15 23:45:47 [debug] : 1703.199951171875 {"0":3082,"1":1378.800048828125,"2":15,"3":false}
2026-03-15 23:45:47 [debug] : 1668 {"0":7,"1":1661,"2":15,"3":false}
2026-03-15 23:45:47 [debug] : 1668 {"0":144,"1":1524,"2":15,"3":false}
2026-03-15 23:45:47 [debug] : 1668 {"0":174,"1":1494,"2":15,"3":false}
2026-03-15 23:45:47 [debug] : 1668 {"0":298,"1":1370,"2":15,"3":false}
2026-03-15 23:45:47 [debug] : 1668 {"0":626,"1":1042,"2":15,"3":false}
2026-03-15 23:45:47 [debug] : 1668 {"0":656,"1":1012,"2":15,"3":false}
2026-03-15 23:45:47 [debug] : 1668 {"0":780,"1":888,"2":15,"3":false}
2026-03-15 23:45:47 [debug] : 1668 {"0":883,"1":785,"2":15,"3":false}
2026-03-15 23:45:47 [debug] : 1668 {"0":1222,"1":446,"2":15,"3":false}
2026-03-15 23:45:47 [debug] : 1668 {"0":1428,"1":240,"2":15,"3":false}
2026-03-15 23:45:47 [debug] : 1668 {"0":1458,"1":210,"2":15,"3":false}
2026-03-15 23:45:47 [debug] : 1668 {"0":1591,"1":77,"2":15,"3":false}
2026-03-15 23:45:47 [debug] : 1668 {"0":1858,"1":190,"2":15,"3":false}
2026-03-15 23:45:47 [debug] : 1668 {"0":1888,"1":220,"2":15,"3":false}
2026-03-15 23:45:47 [debug] : 1668 {"0":2022,"1":354,"2":15,"3":false}
2026-03-15 23:45:47 [debug] : 1668 {"0":2249,"1":581,"2":15,"3":false}
2026-03-15 23:45:47 [debug] : 1668 {"0":2279,"1":611,"2":15,"3":false}
2026-03-15 23:45:47 [debug] : 1668 {"0":2319,"1":651,"2":15,"3":false}
2026-03-15 23:45:47 [debug] : 1668 {"0":2707,"1":1039,"2":15,"3":false}
2026-03-15 23:45:47 [debug] : 1668 {"0":3082,"1":1414,"2":15,"3":false}
2026-03-15 23:45:47 [debug] : 1613.5999755859375 {"0":7,"1":1606.5999755859375,"2":15,"3":false}
2026-03-15 23:45:47 [debug] : 1613.5999755859375 {"0":144,"1":1469.5999755859375,"2":15,"3":false}
2026-03-15 23:45:47 [debug] : 1613.5999755859375 {"0":174,"1":1439.5999755859375,"2":15,"3":false}
2026-03-15 23:45:47 [debug] : 1613.5999755859375 {"0":298,"1":1315.5999755859375,"2":15,"3":false}
2026-03-15 23:45:47 [debug] : 1613.5999755859375 {"0":626,"1":987.5999755859375,"2":15,"3":false}
2026-03-15 23:45:47 [debug] : 1613.5999755859375 {"0":656,"1":957.5999755859375,"2":15,"3":false}
2026-03-15 23:45:47 [debug] : 1613.5999755859375 {"0":780,"1":833.5999755859375,"2":15,"3":false}
2026-03-15 23:45:47 [debug] : 1613.5999755859375 {"0":883,"1":730.5999755859375,"2":15,"3":false}
2026-03-15 23:45:47 [debug] : 1613.5999755859375 {"0":1222,"1":391.5999755859375,"2":15,"3":false}
2026-03-15 23:45:47 [debug] : 1613.5999755859375 {"0":1428,"1":185.5999755859375,"2":15,"3":false}
2026-03-15 23:45:47 [debug] : 1613.5999755859375 {"0":1458,"1":155.5999755859375,"2":15,"3":false}
2026-03-15 23:45:47 [debug] : 1613.5999755859375 {"0":1591,"1":22.5999755859375,"2":15,"3":false}
2026-03-15 23:45:47 [debug] : 1613.5999755859375 {"0":1858,"1":244.4000244140625,"2":15,"3":false}
2026-03-15 23:45:47 [debug] : 1613.5999755859375 {"0":1888,"1":274.4000244140625,"2":15,"3":false}
2026-03-15 23:45:47 [debug] : 1613.5999755859375 {"0":2022,"1":408.4000244140625,"2":15,"3":false}
2026-03-15 23:45:47 [debug] : 1613.5999755859375 {"0":2249,"1":635.4000244140625,"2":15,"3":false}
2026-03-15 23:45:47 [debug] : 1613.5999755859375 {"0":2279,"1":665.4000244140625,"2":15,"3":false}
2026-03-15 23:45:47 [debug] : 1613.5999755859375 {"0":2319,"1":705.4000244140625,"2":15,"3":false}
2026-03-15 23:45:47 [debug] : 1613.5999755859375 {"0":2707,"1":1093.4000244140625,"2":15,"3":false}
2026-03-15 23:45:47 [debug] : 1613.5999755859375 {"0":3082,"1":1468.4000244140625,"2":15,"3":false}
2026-03-15 23:45:47 [debug] : 1574.4000244140625 {"0":7,"1":1567.4000244140625,"2":15,"3":false}
2026-03-15 23:45:47 [debug] : 1574.4000244140625 {"0":144,"1":1430.4000244140625,"2":15,"3":false}
2026-03-15 23:45:47 [debug] : 1574.4000244140625 {"0":174,"1":1400.4000244140625,"2":15,"3":false}
2026-03-15 23:45:47 [debug] : 1574.4000244140625 {"0":298,"1":1276.4000244140625,"2":15,"3":false}
2026-03-15 23:45:47 [debug] : 1574.4000244140625 {"0":626,"1":948.4000244140625,"2":15,"3":false}
2026-03-15 23:45:47 [debug] : 1574.4000244140625 {"0":656,"1":918.4000244140625,"2":15,"3":false}
2026-03-15 23:45:47 [debug] : 1574.4000244140625 {"0":780,"1":794.4000244140625,"2":15,"3":false}
2026-03-15 23:45:47 [debug] : 1574.4000244140625 {"0":883,"1":691.4000244140625,"2":15,"3":false}
2026-03-15 23:45:47 [debug] : 1574.4000244140625 {"0":1222,"1":352.4000244140625,"2":15,"3":false}
2026-03-15 23:45:47 [debug] : 1574.4000244140625 {"0":1428,"1":146.4000244140625,"2":15,"3":false}
2026-03-15 23:45:47 [debug] : 1574.4000244140625 {"0":1458,"1":116.4000244140625,"2":15,"3":false}
2026-03-15 23:45:47 [debug] : 1574.4000244140625 {"0":1591,"1":16.5999755859375,"2":15,"3":false}
2026-03-15 23:45:47 [debug] : 1574.4000244140625 {"0":1858,"1":283.5999755859375,"2":15,"3":false}
2026-03-15 23:45:47 [debug] : 1574.4000244140625 {"0":1888,"1":313.5999755859375,"2":15,"3":false}
2026-03-15 23:45:47 [debug] : 1574.4000244140625 {"0":2022,"1":447.5999755859375,"2":15,"3":false}
2026-03-15 23:45:47 [debug] : 1574.4000244140625 {"0":2249,"1":674.5999755859375,"2":15,"3":false}
2026-03-15 23:45:47 [debug] : 1574.4000244140625 {"0":2279,"1":704.5999755859375,"2":15,"3":false}
2026-03-15 23:45:47 [debug] : 1574.4000244140625 {"0":2319,"1":744.5999755859375,"2":15,"3":false}
2026-03-15 23:45:47 [debug] : 1574.4000244140625 {"0":2707,"1":1132.5999755859375,"2":15,"3":false}
2026-03-15 23:45:47 [debug] : 1574.4000244140625 {"0":3082,"1":1507.5999755859375,"2":15,"3":false}
2026-03-15 23:45:47 [debug] : 1540.800048828125 {"0":7,"1":1533.800048828125,"2":15,"3":false}
2026-03-15 23:45:47 [debug] : 1540.800048828125 {"0":144,"1":1396.800048828125,"2":15,"3":false}
2026-03-15 23:45:47 [debug] : 1540.800048828125 {"0":174,"1":1366.800048828125,"2":15,"3":false}
2026-03-15 23:45:47 [debug] : 1540.800048828125 {"0":298,"1":1242.800048828125,"2":15,"3":false}
2026-03-15 23:45:47 [debug] : 1540.800048828125 {"0":626,"1":914.800048828125,"2":15,"3":false}
2026-03-15 23:45:47 [debug] : 1540.800048828125 {"0":656,"1":884.800048828125,"2":15,"3":false}
2026-03-15 23:45:47 [debug] : 1540.800048828125 {"0":780,"1":760.800048828125,"2":15,"3":false}
2026-03-15 23:45:47 [debug] : 1540.800048828125 {"0":883,"1":657.800048828125,"2":15,"3":false}
2026-03-15 23:45:47 [debug] : 1540.800048828125 {"0":1222,"1":318.800048828125,"2":15,"3":false}
2026-03-15 23:45:47 [debug] : 1540.800048828125 {"0":1428,"1":112.800048828125,"2":15,"3":false}
2026-03-15 23:45:47 [debug] : 1540.800048828125 {"0":1458,"1":82.800048828125,"2":15,"3":false}
2026-03-15 23:45:47 [debug] : 1540.800048828125 {"0":1591,"1":50.199951171875,"2":15,"3":false}
2026-03-15 23:45:47 [debug] : 1540.800048828125 {"0":1858,"1":317.199951171875,"2":15,"3":false}
2026-03-15 23:45:47 [debug] : 1540.800048828125 {"0":1888,"1":347.199951171875,"2":15,"3":false}
2026-03-15 23:45:47 [debug] : 1540.800048828125 {"0":2022,"1":481.199951171875,"2":15,"3":false}
2026-03-15 23:45:47 [debug] : 1540.800048828125 {"0":2249,"1":708.199951171875,"2":15,"3":false}
2026-03-15 23:45:47 [debug] : 1540.800048828125 {"0":2279,"1":738.199951171875,"2":15,"3":false}
2026-03-15 23:45:47 [debug] : 1540.800048828125 {"0":2319,"1":778.199951171875,"2":15,"3":false}
2026-03-15 23:45:47 [debug] : 1540.800048828125 {"0":2707,"1":1166.199951171875,"2":15,"3":false}
2026-03-15 23:45:47 [debug] : 1540.800048828125 {"0":3082,"1":1541.199951171875,"2":15,"3":false}
2026-03-15 23:45:47 [debug] : 1510.4000244140625 {"0":7,"1":1503.4000244140625,"2":15,"3":false}
2026-03-15 23:45:47 [debug] : 1510.4000244140625 {"0":144,"1":1366.4000244140625,"2":15,"3":false}
2026-03-15 23:45:47 [debug] : 1510.4000244140625 {"0":174,"1":1336.4000244140625,"2":15,"3":false}
2026-03-15 23:45:47 [debug] : 1510.4000244140625 {"0":298,"1":1212.4000244140625,"2":15,"3":false}
2026-03-15 23:45:47 [debug] : 1510.4000244140625 {"0":626,"1":884.4000244140625,"2":15,"3":false}
2026-03-15 23:45:47 [debug] : 1510.4000244140625 {"0":656,"1":854.4000244140625,"2":15,"3":false}
2026-03-15 23:45:47 [debug] : 1510.4000244140625 {"0":780,"1":730.4000244140625,"2":15,"3":false}
2026-03-15 23:45:47 [debug] : 1510.4000244140625 {"0":883,"1":627.4000244140625,"2":15,"3":false}
2026-03-15 23:45:47 [debug] : 1510.4000244140625 {"0":1222,"1":288.4000244140625,"2":15,"3":false}
2026-03-15 23:45:47 [debug] : 1510.4000244140625 {"0":1428,"1":82.4000244140625,"2":15,"3":false}
2026-03-15 23:45:47 [debug] : 1510.4000244140625 {"0":1458,"1":52.4000244140625,"2":15,"3":false}
2026-03-15 23:45:47 [debug] : 1510.4000244140625 {"0":1591,"1":80.5999755859375,"2":15,"3":false}
2026-03-15 23:45:47 [debug] : 1510.4000244140625 {"0":1858,"1":347.5999755859375,"2":15,"3":false}
2026-03-15 23:45:47 [debug] : 1510.4000244140625 {"0":1888,"1":377.5999755859375,"2":15,"3":false}
2026-03-15 23:45:47 [debug] : 1510.4000244140625 {"0":2022,"1":511.5999755859375,"2":15,"3":false}
2026-03-15 23:45:47 [debug] : 1510.4000244140625 {"0":2249,"1":738.5999755859375,"2":15,"3":false}
2026-03-15 23:45:47 [debug] : 1510.4000244140625 {"0":2279,"1":768.5999755859375,"2":15,"3":false}
2026-03-15 23:45:47 [debug] : 1510.4000244140625 {"0":2319,"1":808.5999755859375,"2":15,"3":false}
2026-03-15 23:45:47 [debug] : 1510.4000244140625 {"0":2707,"1":1196.5999755859375,"2":15,"3":false}
2026-03-15 23:45:47 [debug] : 1510.4000244140625 {"0":3082,"1":1571.5999755859375,"2":15,"3":false}
2026-03-15 23:45:47 [debug] : 1484 {"0":7,"1":1477,"2":15,"3":false}
2026-03-15 23:45:47 [debug] : 1484 {"0":144,"1":1340,"2":15,"3":false}
2026-03-15 23:45:47 [debug] : 1484 {"0":174,"1":1310,"2":15,"3":false}
2026-03-15 23:45:47 [debug] : 1484 {"0":298,"1":1186,"2":15,"3":false}
2026-03-15 23:45:47 [debug] : 1484 {"0":626,"1":858,"2":15,"3":false}
2026-03-15 23:45:47 [debug] : 1484 {"0":656,"1":828,"2":15,"3":false}
2026-03-15 23:45:47 [debug] : 1484 {"0":780,"1":704,"2":15,"3":false}
2026-03-15 23:45:47 [debug] : 1484 {"0":883,"1":601,"2":15,"3":false}
2026-03-15 23:45:47 [debug] : 1484 {"0":1222,"1":262,"2":15,"3":false}
2026-03-15 23:45:47 [debug] : 1484 {"0":1428,"1":56,"2":15,"3":false}
2026-03-15 23:45:47 [debug] : 1484 {"0":1458,"1":26,"2":15,"3":false}
2026-03-15 23:45:47 [debug] : 1484 {"0":1591,"1":107,"2":15,"3":false}
2026-03-15 23:45:47 [debug] : 1484 {"0":1858,"1":374,"2":15,"3":false}
2026-03-15 23:45:47 [debug] : 1484 {"0":1888,"1":404,"2":15,"3":false}
2026-03-15 23:45:47 [debug] : 1484 {"0":2022,"1":538,"2":15,"3":false}
2026-03-15 23:45:47 [debug] : 1484 {"0":2249,"1":765,"2":15,"3":false}
2026-03-15 23:45:47 [debug] : 1484 {"0":2279,"1":795,"2":15,"3":false}
2026-03-15 23:45:47 [debug] : 1484 {"0":2319,"1":835,"2":15,"3":false}
2026-03-15 23:45:47 [debug] : 1484 {"0":2707,"1":1223,"2":15,"3":false}
2026-03-15 23:45:47 [debug] : 1484 {"0":3082,"1":1598,"2":15,"3":false}
2026-03-15 23:45:47 [debug] : 1461.5999755859375 {"0":7,"1":1454.5999755859375,"2":15,"3":false}
2026-03-15 23:45:47 [debug] : 1461.5999755859375 {"0":144,"1":1317.5999755859375,"2":15,"3":false}
2026-03-15 23:45:47 [debug] : 1461.5999755859375 {"0":174,"1":1287.5999755859375,"2":15,"3":false}
2026-03-15 23:45:47 [debug] : 1461.5999755859375 {"0":298,"1":1163.5999755859375,"2":15,"3":false}
2026-03-15 23:45:47 [debug] : 1461.5999755859375 {"0":626,"1":835.5999755859375,"2":15,"3":false}
2026-03-15 23:45:47 [debug] : 1461.5999755859375 {"0":656,"1":805.5999755859375,"2":15,"3":false}
2026-03-15 23:45:47 [debug] : 1461.5999755859375 {"0":780,"1":681.5999755859375,"2":15,"3":false}
2026-03-15 23:45:47 [debug] : 1461.5999755859375 {"0":883,"1":578.5999755859375,"2":15,"3":false}
2026-03-15 23:45:47 [debug] : 1461.5999755859375 {"0":1222,"1":239.5999755859375,"2":15,"3":false}
2026-03-15 23:45:47 [debug] : 1461.5999755859375 {"0":1428,"1":33.5999755859375,"2":15,"3":false}
2026-03-15 23:45:47 [debug] : 1461.5999755859375 {"0":1458,"1":3.5999755859375,"2":15,"3":true}
2026-03-15 23:45:47 [debug] : SELECTED {"0":"hls-report-section-top-function-arguments::urn:analysis-report/top-517628394/synthesis-1219712035"}
2026-03-15 23:45:47 [debug] : 1459.199951171875 {"0":7,"1":1452.199951171875,"2":15,"3":false}
2026-03-15 23:45:47 [debug] : 1459.199951171875 {"0":144,"1":1315.199951171875,"2":15,"3":false}
2026-03-15 23:45:47 [debug] : 1459.199951171875 {"0":174,"1":1285.199951171875,"2":15,"3":false}
2026-03-15 23:45:47 [debug] : 1459.199951171875 {"0":298,"1":1161.199951171875,"2":15,"3":false}
2026-03-15 23:45:47 [debug] : 1459.199951171875 {"0":626,"1":833.199951171875,"2":15,"3":false}
2026-03-15 23:45:47 [debug] : 1459.199951171875 {"0":656,"1":803.199951171875,"2":15,"3":false}
2026-03-15 23:45:47 [debug] : 1459.199951171875 {"0":780,"1":679.199951171875,"2":15,"3":false}
2026-03-15 23:45:47 [debug] : 1459.199951171875 {"0":883,"1":576.199951171875,"2":15,"3":false}
2026-03-15 23:45:47 [debug] : 1459.199951171875 {"0":1222,"1":237.199951171875,"2":15,"3":false}
2026-03-15 23:45:47 [debug] : 1459.199951171875 {"0":1428,"1":31.199951171875,"2":15,"3":false}
2026-03-15 23:45:47 [debug] : 1459.199951171875 {"0":1458,"1":1.199951171875,"2":15,"3":true}
2026-03-15 23:45:47 [debug] : SELECTED {"0":"hls-report-section-top-function-arguments::urn:analysis-report/top-517628394/synthesis-1219712035"}
2026-03-15 23:45:47 [debug] : 1458.4000244140625 {"0":7,"1":1451.4000244140625,"2":15,"3":false}
2026-03-15 23:45:47 [debug] : 1458.4000244140625 {"0":144,"1":1314.4000244140625,"2":15,"3":false}
2026-03-15 23:45:47 [debug] : 1458.4000244140625 {"0":174,"1":1284.4000244140625,"2":15,"3":false}
2026-03-15 23:45:47 [debug] : 1458.4000244140625 {"0":298,"1":1160.4000244140625,"2":15,"3":false}
2026-03-15 23:45:47 [debug] : 1458.4000244140625 {"0":626,"1":832.4000244140625,"2":15,"3":false}
2026-03-15 23:45:47 [debug] : 1458.4000244140625 {"0":656,"1":802.4000244140625,"2":15,"3":false}
2026-03-15 23:45:47 [debug] : 1458.4000244140625 {"0":780,"1":678.4000244140625,"2":15,"3":false}
2026-03-15 23:45:47 [debug] : 1458.4000244140625 {"0":883,"1":575.4000244140625,"2":15,"3":false}
2026-03-15 23:45:47 [debug] : 1458.4000244140625 {"0":1222,"1":236.4000244140625,"2":15,"3":false}
2026-03-15 23:45:47 [debug] : 1458.4000244140625 {"0":1428,"1":30.4000244140625,"2":15,"3":false}
2026-03-15 23:45:47 [debug] : 1458.4000244140625 {"0":1458,"1":0.4000244140625,"2":15,"3":true}
2026-03-15 23:45:47 [debug] : SELECTED {"0":"hls-report-section-top-function-arguments::urn:analysis-report/top-517628394/synthesis-1219712035"}
2026-03-15 23:45:47 [debug] : 1457.5999755859375 {"0":7,"1":1450.5999755859375,"2":15,"3":false}
2026-03-15 23:45:47 [debug] : 1457.5999755859375 {"0":144,"1":1313.5999755859375,"2":15,"3":false}
2026-03-15 23:45:47 [debug] : 1457.5999755859375 {"0":174,"1":1283.5999755859375,"2":15,"3":false}
2026-03-15 23:45:47 [debug] : 1457.5999755859375 {"0":298,"1":1159.5999755859375,"2":15,"3":false}
2026-03-15 23:45:47 [debug] : 1457.5999755859375 {"0":626,"1":831.5999755859375,"2":15,"3":false}
2026-03-15 23:45:47 [debug] : 1457.5999755859375 {"0":656,"1":801.5999755859375,"2":15,"3":false}
2026-03-15 23:45:47 [debug] : 1457.5999755859375 {"0":780,"1":677.5999755859375,"2":15,"3":false}
2026-03-15 23:45:47 [debug] : 1457.5999755859375 {"0":883,"1":574.5999755859375,"2":15,"3":false}
2026-03-15 23:45:47 [debug] : 1457.5999755859375 {"0":1222,"1":235.5999755859375,"2":15,"3":false}
2026-03-15 23:45:47 [debug] : 1457.5999755859375 {"0":1428,"1":29.5999755859375,"2":15,"3":false}
2026-03-15 23:45:47 [debug] : 1457.5999755859375 {"0":1458,"1":0.4000244140625,"2":15,"3":true}
2026-03-15 23:45:47 [debug] : SELECTED {"0":"hls-report-section-top-function-arguments::urn:analysis-report/top-517628394/synthesis-1219712035"}
2026-03-15 23:45:47 [debug] : 1456.800048828125 {"0":7,"1":1449.800048828125,"2":15,"3":false}
2026-03-15 23:45:47 [debug] : 1456.800048828125 {"0":144,"1":1312.800048828125,"2":15,"3":false}
2026-03-15 23:45:47 [debug] : 1456.800048828125 {"0":174,"1":1282.800048828125,"2":15,"3":false}
2026-03-15 23:45:47 [debug] : 1456.800048828125 {"0":298,"1":1158.800048828125,"2":15,"3":false}
2026-03-15 23:45:47 [debug] : 1456.800048828125 {"0":626,"1":830.800048828125,"2":15,"3":false}
2026-03-15 23:45:47 [debug] : 1456.800048828125 {"0":656,"1":800.800048828125,"2":15,"3":false}
2026-03-15 23:45:47 [debug] : 1456.800048828125 {"0":780,"1":676.800048828125,"2":15,"3":false}
2026-03-15 23:45:47 [debug] : 1456.800048828125 {"0":883,"1":573.800048828125,"2":15,"3":false}
2026-03-15 23:45:47 [debug] : 1456.800048828125 {"0":1222,"1":234.800048828125,"2":15,"3":false}
2026-03-15 23:45:47 [debug] : 1456.800048828125 {"0":1428,"1":28.800048828125,"2":15,"3":false}
2026-03-15 23:45:47 [debug] : 1456.800048828125 {"0":1458,"1":1.199951171875,"2":15,"3":true}
2026-03-15 23:45:47 [debug] : SELECTED {"0":"hls-report-section-top-function-arguments::urn:analysis-report/top-517628394/synthesis-1219712035"}
2026-03-15 23:45:47 [debug] : 1456 {"0":7,"1":1449,"2":15,"3":false}
2026-03-15 23:45:47 [debug] : 1456 {"0":144,"1":1312,"2":15,"3":false}
2026-03-15 23:45:47 [debug] : 1456 {"0":174,"1":1282,"2":15,"3":false}
2026-03-15 23:45:47 [debug] : 1456 {"0":298,"1":1158,"2":15,"3":false}
2026-03-15 23:45:47 [debug] : 1456 {"0":626,"1":830,"2":15,"3":false}
2026-03-15 23:45:47 [debug] : 1456 {"0":656,"1":800,"2":15,"3":false}
2026-03-15 23:45:47 [debug] : 1456 {"0":780,"1":676,"2":15,"3":false}
2026-03-15 23:45:47 [debug] : 1456 {"0":883,"1":573,"2":15,"3":false}
2026-03-15 23:45:47 [debug] : 1456 {"0":1222,"1":234,"2":15,"3":false}
2026-03-15 23:45:47 [debug] : 1456 {"0":1428,"1":28,"2":15,"3":false}
2026-03-15 23:45:47 [debug] : 1456 {"0":1458,"1":2,"2":15,"3":true}
2026-03-15 23:45:47 [debug] : SELECTED {"0":"hls-report-section-top-function-arguments::urn:analysis-report/top-517628394/synthesis-1219712035"}
2026-03-15 23:45:48 [debug] : 1455.199951171875 {"0":7,"1":1448.199951171875,"2":15,"3":false}
2026-03-15 23:45:48 [debug] : 1455.199951171875 {"0":144,"1":1311.199951171875,"2":15,"3":false}
2026-03-15 23:45:48 [debug] : 1455.199951171875 {"0":174,"1":1281.199951171875,"2":15,"3":false}
2026-03-15 23:45:48 [debug] : 1455.199951171875 {"0":298,"1":1157.199951171875,"2":15,"3":false}
2026-03-15 23:45:48 [debug] : 1455.199951171875 {"0":626,"1":829.199951171875,"2":15,"3":false}
2026-03-15 23:45:48 [debug] : 1455.199951171875 {"0":656,"1":799.199951171875,"2":15,"3":false}
2026-03-15 23:45:48 [debug] : 1455.199951171875 {"0":780,"1":675.199951171875,"2":15,"3":false}
2026-03-15 23:45:48 [debug] : 1455.199951171875 {"0":883,"1":572.199951171875,"2":15,"3":false}
2026-03-15 23:45:48 [debug] : 1455.199951171875 {"0":1222,"1":233.199951171875,"2":15,"3":false}
2026-03-15 23:45:48 [debug] : 1455.199951171875 {"0":1428,"1":27.199951171875,"2":15,"3":false}
2026-03-15 23:45:48 [debug] : 1455.199951171875 {"0":1458,"1":2.800048828125,"2":15,"3":true}
2026-03-15 23:45:48 [debug] : SELECTED {"0":"hls-report-section-top-function-arguments::urn:analysis-report/top-517628394/synthesis-1219712035"}
2026-03-15 23:45:48 [debug] : 1451.199951171875 {"0":7,"1":1444.199951171875,"2":15,"3":false}
2026-03-15 23:45:48 [debug] : 1451.199951171875 {"0":144,"1":1307.199951171875,"2":15,"3":false}
2026-03-15 23:45:48 [debug] : 1451.199951171875 {"0":174,"1":1277.199951171875,"2":15,"3":false}
2026-03-15 23:45:48 [debug] : 1451.199951171875 {"0":298,"1":1153.199951171875,"2":15,"3":false}
2026-03-15 23:45:48 [debug] : 1451.199951171875 {"0":626,"1":825.199951171875,"2":15,"3":false}
2026-03-15 23:45:48 [debug] : 1451.199951171875 {"0":656,"1":795.199951171875,"2":15,"3":false}
2026-03-15 23:45:48 [debug] : 1451.199951171875 {"0":780,"1":671.199951171875,"2":15,"3":false}
2026-03-15 23:45:48 [debug] : 1451.199951171875 {"0":883,"1":568.199951171875,"2":15,"3":false}
2026-03-15 23:45:48 [debug] : 1451.199951171875 {"0":1222,"1":229.199951171875,"2":15,"3":false}
2026-03-15 23:45:48 [debug] : 1451.199951171875 {"0":1428,"1":23.199951171875,"2":15,"3":false}
2026-03-15 23:45:48 [debug] : 1451.199951171875 {"0":1458,"1":6.800048828125,"2":15,"3":true}
2026-03-15 23:45:48 [debug] : SELECTED {"0":"hls-report-section-top-function-arguments::urn:analysis-report/top-517628394/synthesis-1219712035"}
2026-03-15 23:45:48 [debug] : 1435.199951171875 {"0":7,"1":1428.199951171875,"2":15,"3":false}
2026-03-15 23:45:48 [debug] : 1435.199951171875 {"0":144,"1":1291.199951171875,"2":15,"3":false}
2026-03-15 23:45:48 [debug] : 1435.199951171875 {"0":174,"1":1261.199951171875,"2":15,"3":false}
2026-03-15 23:45:48 [debug] : 1435.199951171875 {"0":298,"1":1137.199951171875,"2":15,"3":false}
2026-03-15 23:45:48 [debug] : 1435.199951171875 {"0":626,"1":809.199951171875,"2":15,"3":false}
2026-03-15 23:45:48 [debug] : 1435.199951171875 {"0":656,"1":779.199951171875,"2":15,"3":false}
2026-03-15 23:45:48 [debug] : 1435.199951171875 {"0":780,"1":655.199951171875,"2":15,"3":false}
2026-03-15 23:45:48 [debug] : 1435.199951171875 {"0":883,"1":552.199951171875,"2":15,"3":false}
2026-03-15 23:45:48 [debug] : 1435.199951171875 {"0":1222,"1":213.199951171875,"2":15,"3":false}
2026-03-15 23:45:48 [debug] : 1435.199951171875 {"0":1428,"1":7.199951171875,"2":15,"3":true}
2026-03-15 23:45:48 [debug] : SELECTED {"0":"hls-report-section-sw-i/o-information::urn:analysis-report/top-517628394/synthesis-1219712035"}
2026-03-15 23:45:48 [debug] : 1399.199951171875 {"0":7,"1":1392.199951171875,"2":15,"3":false}
2026-03-15 23:45:48 [debug] : 1399.199951171875 {"0":144,"1":1255.199951171875,"2":15,"3":false}
2026-03-15 23:45:48 [debug] : 1399.199951171875 {"0":174,"1":1225.199951171875,"2":15,"3":false}
2026-03-15 23:45:48 [debug] : 1399.199951171875 {"0":298,"1":1101.199951171875,"2":15,"3":false}
2026-03-15 23:45:48 [debug] : 1399.199951171875 {"0":626,"1":773.199951171875,"2":15,"3":false}
2026-03-15 23:45:48 [debug] : 1399.199951171875 {"0":656,"1":743.199951171875,"2":15,"3":false}
2026-03-15 23:45:48 [debug] : 1399.199951171875 {"0":780,"1":619.199951171875,"2":15,"3":false}
2026-03-15 23:45:48 [debug] : 1399.199951171875 {"0":883,"1":516.199951171875,"2":15,"3":false}
2026-03-15 23:45:48 [debug] : 1399.199951171875 {"0":1222,"1":177.199951171875,"2":15,"3":false}
2026-03-15 23:45:48 [debug] : 1399.199951171875 {"0":1428,"1":28.800048828125,"2":15,"3":false}
2026-03-15 23:45:48 [debug] : 1399.199951171875 {"0":1458,"1":58.800048828125,"2":15,"3":false}
2026-03-15 23:45:48 [debug] : 1399.199951171875 {"0":1591,"1":191.800048828125,"2":15,"3":false}
2026-03-15 23:45:48 [debug] : 1399.199951171875 {"0":1858,"1":458.800048828125,"2":15,"3":false}
2026-03-15 23:45:48 [debug] : 1399.199951171875 {"0":1888,"1":488.800048828125,"2":15,"3":false}
2026-03-15 23:45:48 [debug] : 1399.199951171875 {"0":2022,"1":622.800048828125,"2":15,"3":false}
2026-03-15 23:45:48 [debug] : 1399.199951171875 {"0":2249,"1":849.800048828125,"2":15,"3":false}
2026-03-15 23:45:48 [debug] : 1399.199951171875 {"0":2279,"1":879.800048828125,"2":15,"3":false}
2026-03-15 23:45:48 [debug] : 1399.199951171875 {"0":2319,"1":919.800048828125,"2":15,"3":false}
2026-03-15 23:45:48 [debug] : 1399.199951171875 {"0":2707,"1":1307.800048828125,"2":15,"3":false}
2026-03-15 23:45:48 [debug] : 1399.199951171875 {"0":3082,"1":1682.800048828125,"2":15,"3":false}
2026-03-15 23:45:48 [debug] : 1352.800048828125 {"0":7,"1":1345.800048828125,"2":15,"3":false}
2026-03-15 23:45:48 [debug] : 1352.800048828125 {"0":144,"1":1208.800048828125,"2":15,"3":false}
2026-03-15 23:45:48 [debug] : 1352.800048828125 {"0":174,"1":1178.800048828125,"2":15,"3":false}
2026-03-15 23:45:48 [debug] : 1352.800048828125 {"0":298,"1":1054.800048828125,"2":15,"3":false}
2026-03-15 23:45:48 [debug] : 1352.800048828125 {"0":626,"1":726.800048828125,"2":15,"3":false}
2026-03-15 23:45:48 [debug] : 1352.800048828125 {"0":656,"1":696.800048828125,"2":15,"3":false}
2026-03-15 23:45:48 [debug] : 1352.800048828125 {"0":780,"1":572.800048828125,"2":15,"3":false}
2026-03-15 23:45:48 [debug] : 1352.800048828125 {"0":883,"1":469.800048828125,"2":15,"3":false}
2026-03-15 23:45:48 [debug] : 1352.800048828125 {"0":1222,"1":130.800048828125,"2":15,"3":false}
2026-03-15 23:45:48 [debug] : 1352.800048828125 {"0":1428,"1":75.199951171875,"2":15,"3":false}
2026-03-15 23:45:48 [debug] : 1352.800048828125 {"0":1458,"1":105.199951171875,"2":15,"3":false}
2026-03-15 23:45:48 [debug] : 1352.800048828125 {"0":1591,"1":238.199951171875,"2":15,"3":false}
2026-03-15 23:45:48 [debug] : 1352.800048828125 {"0":1858,"1":505.199951171875,"2":15,"3":false}
2026-03-15 23:45:48 [debug] : 1352.800048828125 {"0":1888,"1":535.199951171875,"2":15,"3":false}
2026-03-15 23:45:48 [debug] : 1352.800048828125 {"0":2022,"1":669.199951171875,"2":15,"3":false}
2026-03-15 23:45:48 [debug] : 1352.800048828125 {"0":2249,"1":896.199951171875,"2":15,"3":false}
2026-03-15 23:45:48 [debug] : 1352.800048828125 {"0":2279,"1":926.199951171875,"2":15,"3":false}
2026-03-15 23:45:48 [debug] : 1352.800048828125 {"0":2319,"1":966.199951171875,"2":15,"3":false}
2026-03-15 23:45:48 [debug] : 1352.800048828125 {"0":2707,"1":1354.199951171875,"2":15,"3":false}
2026-03-15 23:45:48 [debug] : 1352.800048828125 {"0":3082,"1":1729.199951171875,"2":15,"3":false}
2026-03-15 23:45:48 [debug] : 1313.5999755859375 {"0":7,"1":1306.5999755859375,"2":15,"3":false}
2026-03-15 23:45:48 [debug] : 1313.5999755859375 {"0":144,"1":1169.5999755859375,"2":15,"3":false}
2026-03-15 23:45:48 [debug] : 1313.5999755859375 {"0":174,"1":1139.5999755859375,"2":15,"3":false}
2026-03-15 23:45:48 [debug] : 1313.5999755859375 {"0":298,"1":1015.5999755859375,"2":15,"3":false}
2026-03-15 23:45:48 [debug] : 1313.5999755859375 {"0":626,"1":687.5999755859375,"2":15,"3":false}
2026-03-15 23:45:48 [debug] : 1313.5999755859375 {"0":656,"1":657.5999755859375,"2":15,"3":false}
2026-03-15 23:45:48 [debug] : 1313.5999755859375 {"0":780,"1":533.5999755859375,"2":15,"3":false}
2026-03-15 23:45:48 [debug] : 1313.5999755859375 {"0":883,"1":430.5999755859375,"2":15,"3":false}
2026-03-15 23:45:48 [debug] : 1313.5999755859375 {"0":1222,"1":91.5999755859375,"2":15,"3":false}
2026-03-15 23:45:48 [debug] : 1313.5999755859375 {"0":1428,"1":114.4000244140625,"2":15,"3":false}
2026-03-15 23:45:48 [debug] : 1313.5999755859375 {"0":1458,"1":144.4000244140625,"2":15,"3":false}
2026-03-15 23:45:48 [debug] : 1313.5999755859375 {"0":1591,"1":277.4000244140625,"2":15,"3":false}
2026-03-15 23:45:48 [debug] : 1313.5999755859375 {"0":1858,"1":544.4000244140625,"2":15,"3":false}
2026-03-15 23:45:48 [debug] : 1313.5999755859375 {"0":1888,"1":574.4000244140625,"2":15,"3":false}
2026-03-15 23:45:48 [debug] : 1313.5999755859375 {"0":2022,"1":708.4000244140625,"2":15,"3":false}
2026-03-15 23:45:48 [debug] : 1313.5999755859375 {"0":2249,"1":935.4000244140625,"2":15,"3":false}
2026-03-15 23:45:48 [debug] : 1313.5999755859375 {"0":2279,"1":965.4000244140625,"2":15,"3":false}
2026-03-15 23:45:48 [debug] : 1313.5999755859375 {"0":2319,"1":1005.4000244140625,"2":15,"3":false}
2026-03-15 23:45:48 [debug] : 1313.5999755859375 {"0":2707,"1":1393.4000244140625,"2":15,"3":false}
2026-03-15 23:45:48 [debug] : 1313.5999755859375 {"0":3082,"1":1768.4000244140625,"2":15,"3":false}
2026-03-15 23:45:48 [debug] : 1266.4000244140625 {"0":7,"1":1259.4000244140625,"2":15,"3":false}
2026-03-15 23:45:48 [debug] : 1266.4000244140625 {"0":144,"1":1122.4000244140625,"2":15,"3":false}
2026-03-15 23:45:48 [debug] : 1266.4000244140625 {"0":174,"1":1092.4000244140625,"2":15,"3":false}
2026-03-15 23:45:48 [debug] : 1266.4000244140625 {"0":298,"1":968.4000244140625,"2":15,"3":false}
2026-03-15 23:45:48 [debug] : 1266.4000244140625 {"0":626,"1":640.4000244140625,"2":15,"3":false}
2026-03-15 23:45:48 [debug] : 1266.4000244140625 {"0":656,"1":610.4000244140625,"2":15,"3":false}
2026-03-15 23:45:48 [debug] : 1266.4000244140625 {"0":780,"1":486.4000244140625,"2":15,"3":false}
2026-03-15 23:45:48 [debug] : 1266.4000244140625 {"0":883,"1":383.4000244140625,"2":15,"3":false}
2026-03-15 23:45:48 [debug] : 1266.4000244140625 {"0":1222,"1":44.4000244140625,"2":15,"3":false}
2026-03-15 23:45:48 [debug] : 1266.4000244140625 {"0":1428,"1":161.5999755859375,"2":15,"3":false}
2026-03-15 23:45:48 [debug] : 1266.4000244140625 {"0":1458,"1":191.5999755859375,"2":15,"3":false}
2026-03-15 23:45:48 [debug] : 1266.4000244140625 {"0":1591,"1":324.5999755859375,"2":15,"3":false}
2026-03-15 23:45:48 [debug] : 1266.4000244140625 {"0":1858,"1":591.5999755859375,"2":15,"3":false}
2026-03-15 23:45:48 [debug] : 1266.4000244140625 {"0":1888,"1":621.5999755859375,"2":15,"3":false}
2026-03-15 23:45:48 [debug] : 1266.4000244140625 {"0":2022,"1":755.5999755859375,"2":15,"3":false}
2026-03-15 23:45:48 [debug] : 1266.4000244140625 {"0":2249,"1":982.5999755859375,"2":15,"3":false}
2026-03-15 23:45:48 [debug] : 1266.4000244140625 {"0":2279,"1":1012.5999755859375,"2":15,"3":false}
2026-03-15 23:45:48 [debug] : 1266.4000244140625 {"0":2319,"1":1052.5999755859375,"2":15,"3":false}
2026-03-15 23:45:48 [debug] : 1266.4000244140625 {"0":2707,"1":1440.5999755859375,"2":15,"3":false}
2026-03-15 23:45:48 [debug] : 1266.4000244140625 {"0":3082,"1":1815.5999755859375,"2":15,"3":false}
2026-03-15 23:45:48 [debug] : 1203.199951171875 {"0":7,"1":1196.199951171875,"2":15,"3":false}
2026-03-15 23:45:48 [debug] : 1203.199951171875 {"0":144,"1":1059.199951171875,"2":15,"3":false}
2026-03-15 23:45:48 [debug] : 1203.199951171875 {"0":174,"1":1029.199951171875,"2":15,"3":false}
2026-03-15 23:45:48 [debug] : 1203.199951171875 {"0":298,"1":905.199951171875,"2":15,"3":false}
2026-03-15 23:45:48 [debug] : 1203.199951171875 {"0":626,"1":577.199951171875,"2":15,"3":false}
2026-03-15 23:45:48 [debug] : 1203.199951171875 {"0":656,"1":547.199951171875,"2":15,"3":false}
2026-03-15 23:45:48 [debug] : 1203.199951171875 {"0":780,"1":423.199951171875,"2":15,"3":false}
2026-03-15 23:45:48 [debug] : 1203.199951171875 {"0":883,"1":320.199951171875,"2":15,"3":false}
2026-03-15 23:45:48 [debug] : 1203.199951171875 {"0":1222,"1":18.800048828125,"2":15,"3":false}
2026-03-15 23:45:48 [debug] : 1203.199951171875 {"0":1428,"1":224.800048828125,"2":15,"3":false}
2026-03-15 23:45:48 [debug] : 1203.199951171875 {"0":1458,"1":254.800048828125,"2":15,"3":false}
2026-03-15 23:45:48 [debug] : 1203.199951171875 {"0":1591,"1":387.800048828125,"2":15,"3":false}
2026-03-15 23:45:48 [debug] : 1203.199951171875 {"0":1858,"1":654.800048828125,"2":15,"3":false}
2026-03-15 23:45:48 [debug] : 1203.199951171875 {"0":1888,"1":684.800048828125,"2":15,"3":false}
2026-03-15 23:45:48 [debug] : 1203.199951171875 {"0":2022,"1":818.800048828125,"2":15,"3":false}
2026-03-15 23:45:48 [debug] : 1203.199951171875 {"0":2249,"1":1045.800048828125,"2":15,"3":false}
2026-03-15 23:45:48 [debug] : 1203.199951171875 {"0":2279,"1":1075.800048828125,"2":15,"3":false}
2026-03-15 23:45:48 [debug] : 1203.199951171875 {"0":2319,"1":1115.800048828125,"2":15,"3":false}
2026-03-15 23:45:48 [debug] : 1203.199951171875 {"0":2707,"1":1503.800048828125,"2":15,"3":false}
2026-03-15 23:45:48 [debug] : 1203.199951171875 {"0":3082,"1":1878.800048828125,"2":15,"3":false}
2026-03-15 23:45:48 [debug] : 1164.800048828125 {"0":7,"1":1157.800048828125,"2":15,"3":false}
2026-03-15 23:45:48 [debug] : 1164.800048828125 {"0":144,"1":1020.800048828125,"2":15,"3":false}
2026-03-15 23:45:48 [debug] : 1164.800048828125 {"0":174,"1":990.800048828125,"2":15,"3":false}
2026-03-15 23:45:48 [debug] : 1164.800048828125 {"0":298,"1":866.800048828125,"2":15,"3":false}
2026-03-15 23:45:48 [debug] : 1164.800048828125 {"0":626,"1":538.800048828125,"2":15,"3":false}
2026-03-15 23:45:48 [debug] : 1164.800048828125 {"0":656,"1":508.800048828125,"2":15,"3":false}
2026-03-15 23:45:48 [debug] : 1164.800048828125 {"0":780,"1":384.800048828125,"2":15,"3":false}
2026-03-15 23:45:48 [debug] : 1164.800048828125 {"0":883,"1":281.800048828125,"2":15,"3":false}
2026-03-15 23:45:48 [debug] : 1164.800048828125 {"0":1222,"1":57.199951171875,"2":15,"3":false}
2026-03-15 23:45:48 [debug] : 1164.800048828125 {"0":1428,"1":263.199951171875,"2":15,"3":false}
2026-03-15 23:45:48 [debug] : 1164.800048828125 {"0":1458,"1":293.199951171875,"2":15,"3":false}
2026-03-15 23:45:48 [debug] : 1164.800048828125 {"0":1591,"1":426.199951171875,"2":15,"3":false}
2026-03-15 23:45:48 [debug] : 1164.800048828125 {"0":1858,"1":693.199951171875,"2":15,"3":false}
2026-03-15 23:45:48 [debug] : 1164.800048828125 {"0":1888,"1":723.199951171875,"2":15,"3":false}
2026-03-15 23:45:48 [debug] : 1164.800048828125 {"0":2022,"1":857.199951171875,"2":15,"3":false}
2026-03-15 23:45:48 [debug] : 1164.800048828125 {"0":2249,"1":1084.199951171875,"2":15,"3":false}
2026-03-15 23:45:48 [debug] : 1164.800048828125 {"0":2279,"1":1114.199951171875,"2":15,"3":false}
2026-03-15 23:45:48 [debug] : 1164.800048828125 {"0":2319,"1":1154.199951171875,"2":15,"3":false}
2026-03-15 23:45:48 [debug] : 1164.800048828125 {"0":2707,"1":1542.199951171875,"2":15,"3":false}
2026-03-15 23:45:48 [debug] : 1164.800048828125 {"0":3082,"1":1917.199951171875,"2":15,"3":false}
2026-03-15 23:45:48 [debug] : 1148 {"0":7,"1":1141,"2":15,"3":false}
2026-03-15 23:45:48 [debug] : 1148 {"0":144,"1":1004,"2":15,"3":false}
2026-03-15 23:45:48 [debug] : 1148 {"0":174,"1":974,"2":15,"3":false}
2026-03-15 23:45:48 [debug] : 1148 {"0":298,"1":850,"2":15,"3":false}
2026-03-15 23:45:48 [debug] : 1148 {"0":626,"1":522,"2":15,"3":false}
2026-03-15 23:45:48 [debug] : 1148 {"0":656,"1":492,"2":15,"3":false}
2026-03-15 23:45:48 [debug] : 1148 {"0":780,"1":368,"2":15,"3":false}
2026-03-15 23:45:48 [debug] : 1148 {"0":883,"1":265,"2":15,"3":false}
2026-03-15 23:45:48 [debug] : 1148 {"0":1222,"1":74,"2":15,"3":false}
2026-03-15 23:45:48 [debug] : 1148 {"0":1428,"1":280,"2":15,"3":false}
2026-03-15 23:45:48 [debug] : 1148 {"0":1458,"1":310,"2":15,"3":false}
2026-03-15 23:45:48 [debug] : 1148 {"0":1591,"1":443,"2":15,"3":false}
2026-03-15 23:45:48 [debug] : 1148 {"0":1858,"1":710,"2":15,"3":false}
2026-03-15 23:45:48 [debug] : 1148 {"0":1888,"1":740,"2":15,"3":false}
2026-03-15 23:45:48 [debug] : 1148 {"0":2022,"1":874,"2":15,"3":false}
2026-03-15 23:45:48 [debug] : 1148 {"0":2249,"1":1101,"2":15,"3":false}
2026-03-15 23:45:48 [debug] : 1148 {"0":2279,"1":1131,"2":15,"3":false}
2026-03-15 23:45:48 [debug] : 1148 {"0":2319,"1":1171,"2":15,"3":false}
2026-03-15 23:45:48 [debug] : 1148 {"0":2707,"1":1559,"2":15,"3":false}
2026-03-15 23:45:48 [debug] : 1148 {"0":3082,"1":1934,"2":15,"3":false}
2026-03-15 23:45:48 [debug] : 1135.199951171875 {"0":7,"1":1128.199951171875,"2":15,"3":false}
2026-03-15 23:45:48 [debug] : 1135.199951171875 {"0":144,"1":991.199951171875,"2":15,"3":false}
2026-03-15 23:45:48 [debug] : 1135.199951171875 {"0":174,"1":961.199951171875,"2":15,"3":false}
2026-03-15 23:45:48 [debug] : 1135.199951171875 {"0":298,"1":837.199951171875,"2":15,"3":false}
2026-03-15 23:45:48 [debug] : 1135.199951171875 {"0":626,"1":509.199951171875,"2":15,"3":false}
2026-03-15 23:45:48 [debug] : 1135.199951171875 {"0":656,"1":479.199951171875,"2":15,"3":false}
2026-03-15 23:45:48 [debug] : 1135.199951171875 {"0":780,"1":355.199951171875,"2":15,"3":false}
2026-03-15 23:45:48 [debug] : 1135.199951171875 {"0":883,"1":252.199951171875,"2":15,"3":false}
2026-03-15 23:45:48 [debug] : 1135.199951171875 {"0":1222,"1":86.800048828125,"2":15,"3":false}
2026-03-15 23:45:48 [debug] : 1135.199951171875 {"0":1428,"1":292.800048828125,"2":15,"3":false}
2026-03-15 23:45:48 [debug] : 1135.199951171875 {"0":1458,"1":322.800048828125,"2":15,"3":false}
2026-03-15 23:45:48 [debug] : 1135.199951171875 {"0":1591,"1":455.800048828125,"2":15,"3":false}
2026-03-15 23:45:48 [debug] : 1135.199951171875 {"0":1858,"1":722.800048828125,"2":15,"3":false}
2026-03-15 23:45:48 [debug] : 1135.199951171875 {"0":1888,"1":752.800048828125,"2":15,"3":false}
2026-03-15 23:45:48 [debug] : 1135.199951171875 {"0":2022,"1":886.800048828125,"2":15,"3":false}
2026-03-15 23:45:48 [debug] : 1135.199951171875 {"0":2249,"1":1113.800048828125,"2":15,"3":false}
2026-03-15 23:45:48 [debug] : 1135.199951171875 {"0":2279,"1":1143.800048828125,"2":15,"3":false}
2026-03-15 23:45:48 [debug] : 1135.199951171875 {"0":2319,"1":1183.800048828125,"2":15,"3":false}
2026-03-15 23:45:48 [debug] : 1135.199951171875 {"0":2707,"1":1571.800048828125,"2":15,"3":false}
2026-03-15 23:45:48 [debug] : 1135.199951171875 {"0":3082,"1":1946.800048828125,"2":15,"3":false}
2026-03-15 23:45:48 [debug] : 1134.4000244140625 {"0":7,"1":1127.4000244140625,"2":15,"3":false}
2026-03-15 23:45:48 [debug] : 1134.4000244140625 {"0":144,"1":990.4000244140625,"2":15,"3":false}
2026-03-15 23:45:48 [debug] : 1134.4000244140625 {"0":174,"1":960.4000244140625,"2":15,"3":false}
2026-03-15 23:45:48 [debug] : 1134.4000244140625 {"0":298,"1":836.4000244140625,"2":15,"3":false}
2026-03-15 23:45:48 [debug] : 1134.4000244140625 {"0":626,"1":508.4000244140625,"2":15,"3":false}
2026-03-15 23:45:48 [debug] : 1134.4000244140625 {"0":656,"1":478.4000244140625,"2":15,"3":false}
2026-03-15 23:45:48 [debug] : 1134.4000244140625 {"0":780,"1":354.4000244140625,"2":15,"3":false}
2026-03-15 23:45:48 [debug] : 1134.4000244140625 {"0":883,"1":251.4000244140625,"2":15,"3":false}
2026-03-15 23:45:48 [debug] : 1134.4000244140625 {"0":1222,"1":87.5999755859375,"2":15,"3":false}
2026-03-15 23:45:48 [debug] : 1134.4000244140625 {"0":1428,"1":293.5999755859375,"2":15,"3":false}
2026-03-15 23:45:48 [debug] : 1134.4000244140625 {"0":1458,"1":323.5999755859375,"2":15,"3":false}
2026-03-15 23:45:48 [debug] : 1134.4000244140625 {"0":1591,"1":456.5999755859375,"2":15,"3":false}
2026-03-15 23:45:48 [debug] : 1134.4000244140625 {"0":1858,"1":723.5999755859375,"2":15,"3":false}
2026-03-15 23:45:48 [debug] : 1134.4000244140625 {"0":1888,"1":753.5999755859375,"2":15,"3":false}
2026-03-15 23:45:48 [debug] : 1134.4000244140625 {"0":2022,"1":887.5999755859375,"2":15,"3":false}
2026-03-15 23:45:48 [debug] : 1134.4000244140625 {"0":2249,"1":1114.5999755859375,"2":15,"3":false}
2026-03-15 23:45:48 [debug] : 1134.4000244140625 {"0":2279,"1":1144.5999755859375,"2":15,"3":false}
2026-03-15 23:45:48 [debug] : 1134.4000244140625 {"0":2319,"1":1184.5999755859375,"2":15,"3":false}
2026-03-15 23:45:48 [debug] : 1134.4000244140625 {"0":2707,"1":1572.5999755859375,"2":15,"3":false}
2026-03-15 23:45:48 [debug] : 1134.4000244140625 {"0":3082,"1":1947.5999755859375,"2":15,"3":false}
2026-03-15 23:45:48 [debug] : 1132.800048828125 {"0":7,"1":1125.800048828125,"2":15,"3":false}
2026-03-15 23:45:48 [debug] : 1132.800048828125 {"0":144,"1":988.800048828125,"2":15,"3":false}
2026-03-15 23:45:48 [debug] : 1132.800048828125 {"0":174,"1":958.800048828125,"2":15,"3":false}
2026-03-15 23:45:48 [debug] : 1132.800048828125 {"0":298,"1":834.800048828125,"2":15,"3":false}
2026-03-15 23:45:48 [debug] : 1132.800048828125 {"0":626,"1":506.800048828125,"2":15,"3":false}
2026-03-15 23:45:48 [debug] : 1132.800048828125 {"0":656,"1":476.800048828125,"2":15,"3":false}
2026-03-15 23:45:48 [debug] : 1132.800048828125 {"0":780,"1":352.800048828125,"2":15,"3":false}
2026-03-15 23:45:48 [debug] : 1132.800048828125 {"0":883,"1":249.800048828125,"2":15,"3":false}
2026-03-15 23:45:48 [debug] : 1132.800048828125 {"0":1222,"1":89.199951171875,"2":15,"3":false}
2026-03-15 23:45:48 [debug] : 1132.800048828125 {"0":1428,"1":295.199951171875,"2":15,"3":false}
2026-03-15 23:45:48 [debug] : 1132.800048828125 {"0":1458,"1":325.199951171875,"2":15,"3":false}
2026-03-15 23:45:48 [debug] : 1132.800048828125 {"0":1591,"1":458.199951171875,"2":15,"3":false}
2026-03-15 23:45:48 [debug] : 1132.800048828125 {"0":1858,"1":725.199951171875,"2":15,"3":false}
2026-03-15 23:45:48 [debug] : 1132.800048828125 {"0":1888,"1":755.199951171875,"2":15,"3":false}
2026-03-15 23:45:48 [debug] : 1132.800048828125 {"0":2022,"1":889.199951171875,"2":15,"3":false}
2026-03-15 23:45:48 [debug] : 1132.800048828125 {"0":2249,"1":1116.199951171875,"2":15,"3":false}
2026-03-15 23:45:48 [debug] : 1132.800048828125 {"0":2279,"1":1146.199951171875,"2":15,"3":false}
2026-03-15 23:45:48 [debug] : 1132.800048828125 {"0":2319,"1":1186.199951171875,"2":15,"3":false}
2026-03-15 23:45:48 [debug] : 1132.800048828125 {"0":2707,"1":1574.199951171875,"2":15,"3":false}
2026-03-15 23:45:48 [debug] : 1132.800048828125 {"0":3082,"1":1949.199951171875,"2":15,"3":false}
2026-03-15 23:45:48 [debug] : 1130.4000244140625 {"0":7,"1":1123.4000244140625,"2":15,"3":false}
2026-03-15 23:45:48 [debug] : 1130.4000244140625 {"0":144,"1":986.4000244140625,"2":15,"3":false}
2026-03-15 23:45:48 [debug] : 1130.4000244140625 {"0":174,"1":956.4000244140625,"2":15,"3":false}
2026-03-15 23:45:48 [debug] : 1130.4000244140625 {"0":298,"1":832.4000244140625,"2":15,"3":false}
2026-03-15 23:45:48 [debug] : 1130.4000244140625 {"0":626,"1":504.4000244140625,"2":15,"3":false}
2026-03-15 23:45:48 [debug] : 1130.4000244140625 {"0":656,"1":474.4000244140625,"2":15,"3":false}
2026-03-15 23:45:48 [debug] : 1130.4000244140625 {"0":780,"1":350.4000244140625,"2":15,"3":false}
2026-03-15 23:45:48 [debug] : 1130.4000244140625 {"0":883,"1":247.4000244140625,"2":15,"3":false}
2026-03-15 23:45:48 [debug] : 1130.4000244140625 {"0":1222,"1":91.5999755859375,"2":15,"3":false}
2026-03-15 23:45:48 [debug] : 1130.4000244140625 {"0":1428,"1":297.5999755859375,"2":15,"3":false}
2026-03-15 23:45:48 [debug] : 1130.4000244140625 {"0":1458,"1":327.5999755859375,"2":15,"3":false}
2026-03-15 23:45:48 [debug] : 1130.4000244140625 {"0":1591,"1":460.5999755859375,"2":15,"3":false}
2026-03-15 23:45:48 [debug] : 1130.4000244140625 {"0":1858,"1":727.5999755859375,"2":15,"3":false}
2026-03-15 23:45:48 [debug] : 1130.4000244140625 {"0":1888,"1":757.5999755859375,"2":15,"3":false}
2026-03-15 23:45:48 [debug] : 1130.4000244140625 {"0":2022,"1":891.5999755859375,"2":15,"3":false}
2026-03-15 23:45:48 [debug] : 1130.4000244140625 {"0":2249,"1":1118.5999755859375,"2":15,"3":false}
2026-03-15 23:45:48 [debug] : 1130.4000244140625 {"0":2279,"1":1148.5999755859375,"2":15,"3":false}
2026-03-15 23:45:48 [debug] : 1130.4000244140625 {"0":2319,"1":1188.5999755859375,"2":15,"3":false}
2026-03-15 23:45:48 [debug] : 1130.4000244140625 {"0":2707,"1":1576.5999755859375,"2":15,"3":false}
2026-03-15 23:45:48 [debug] : 1130.4000244140625 {"0":3082,"1":1951.5999755859375,"2":15,"3":false}
2026-03-15 23:45:48 [debug] : 1126.4000244140625 {"0":7,"1":1119.4000244140625,"2":15,"3":false}
2026-03-15 23:45:48 [debug] : 1126.4000244140625 {"0":144,"1":982.4000244140625,"2":15,"3":false}
2026-03-15 23:45:48 [debug] : 1126.4000244140625 {"0":174,"1":952.4000244140625,"2":15,"3":false}
2026-03-15 23:45:48 [debug] : 1126.4000244140625 {"0":298,"1":828.4000244140625,"2":15,"3":false}
2026-03-15 23:45:48 [debug] : 1126.4000244140625 {"0":626,"1":500.4000244140625,"2":15,"3":false}
2026-03-15 23:45:48 [debug] : 1126.4000244140625 {"0":656,"1":470.4000244140625,"2":15,"3":false}
2026-03-15 23:45:48 [debug] : 1126.4000244140625 {"0":780,"1":346.4000244140625,"2":15,"3":false}
2026-03-15 23:45:48 [debug] : 1126.4000244140625 {"0":883,"1":243.4000244140625,"2":15,"3":false}
2026-03-15 23:45:48 [debug] : 1126.4000244140625 {"0":1222,"1":95.5999755859375,"2":15,"3":false}
2026-03-15 23:45:48 [debug] : 1126.4000244140625 {"0":1428,"1":301.5999755859375,"2":15,"3":false}
2026-03-15 23:45:48 [debug] : 1126.4000244140625 {"0":1458,"1":331.5999755859375,"2":15,"3":false}
2026-03-15 23:45:48 [debug] : 1126.4000244140625 {"0":1591,"1":464.5999755859375,"2":15,"3":false}
2026-03-15 23:45:48 [debug] : 1126.4000244140625 {"0":1858,"1":731.5999755859375,"2":15,"3":false}
2026-03-15 23:45:48 [debug] : 1126.4000244140625 {"0":1888,"1":761.5999755859375,"2":15,"3":false}
2026-03-15 23:45:48 [debug] : 1126.4000244140625 {"0":2022,"1":895.5999755859375,"2":15,"3":false}
2026-03-15 23:45:48 [debug] : 1126.4000244140625 {"0":2249,"1":1122.5999755859375,"2":15,"3":false}
2026-03-15 23:45:48 [debug] : 1126.4000244140625 {"0":2279,"1":1152.5999755859375,"2":15,"3":false}
2026-03-15 23:45:48 [debug] : 1126.4000244140625 {"0":2319,"1":1192.5999755859375,"2":15,"3":false}
2026-03-15 23:45:48 [debug] : 1126.4000244140625 {"0":2707,"1":1580.5999755859375,"2":15,"3":false}
2026-03-15 23:45:48 [debug] : 1126.4000244140625 {"0":3082,"1":1955.5999755859375,"2":15,"3":false}
2026-03-15 23:45:48 [debug] : 1121.5999755859375 {"0":7,"1":1114.5999755859375,"2":15,"3":false}
2026-03-15 23:45:48 [debug] : 1121.5999755859375 {"0":144,"1":977.5999755859375,"2":15,"3":false}
2026-03-15 23:45:48 [debug] : 1121.5999755859375 {"0":174,"1":947.5999755859375,"2":15,"3":false}
2026-03-15 23:45:48 [debug] : 1121.5999755859375 {"0":298,"1":823.5999755859375,"2":15,"3":false}
2026-03-15 23:45:48 [debug] : 1121.5999755859375 {"0":626,"1":495.5999755859375,"2":15,"3":false}
2026-03-15 23:45:48 [debug] : 1121.5999755859375 {"0":656,"1":465.5999755859375,"2":15,"3":false}
2026-03-15 23:45:48 [debug] : 1121.5999755859375 {"0":780,"1":341.5999755859375,"2":15,"3":false}
2026-03-15 23:45:48 [debug] : 1121.5999755859375 {"0":883,"1":238.5999755859375,"2":15,"3":false}
2026-03-15 23:45:48 [debug] : 1121.5999755859375 {"0":1222,"1":100.4000244140625,"2":15,"3":false}
2026-03-15 23:45:48 [debug] : 1121.5999755859375 {"0":1428,"1":306.4000244140625,"2":15,"3":false}
2026-03-15 23:45:48 [debug] : 1121.5999755859375 {"0":1458,"1":336.4000244140625,"2":15,"3":false}
2026-03-15 23:45:48 [debug] : 1121.5999755859375 {"0":1591,"1":469.4000244140625,"2":15,"3":false}
2026-03-15 23:45:48 [debug] : 1121.5999755859375 {"0":1858,"1":736.4000244140625,"2":15,"3":false}
2026-03-15 23:45:48 [debug] : 1121.5999755859375 {"0":1888,"1":766.4000244140625,"2":15,"3":false}
2026-03-15 23:45:48 [debug] : 1121.5999755859375 {"0":2022,"1":900.4000244140625,"2":15,"3":false}
2026-03-15 23:45:48 [debug] : 1121.5999755859375 {"0":2249,"1":1127.4000244140625,"2":15,"3":false}
2026-03-15 23:45:48 [debug] : 1121.5999755859375 {"0":2279,"1":1157.4000244140625,"2":15,"3":false}
2026-03-15 23:45:48 [debug] : 1121.5999755859375 {"0":2319,"1":1197.4000244140625,"2":15,"3":false}
2026-03-15 23:45:48 [debug] : 1121.5999755859375 {"0":2707,"1":1585.4000244140625,"2":15,"3":false}
2026-03-15 23:45:48 [debug] : 1121.5999755859375 {"0":3082,"1":1960.4000244140625,"2":15,"3":false}
2026-03-15 23:45:48 [debug] : 1120 {"0":7,"1":1113,"2":15,"3":false}
2026-03-15 23:45:48 [debug] : 1120 {"0":144,"1":976,"2":15,"3":false}
2026-03-15 23:45:48 [debug] : 1120 {"0":174,"1":946,"2":15,"3":false}
2026-03-15 23:45:48 [debug] : 1120 {"0":298,"1":822,"2":15,"3":false}
2026-03-15 23:45:48 [debug] : 1120 {"0":626,"1":494,"2":15,"3":false}
2026-03-15 23:45:48 [debug] : 1120 {"0":656,"1":464,"2":15,"3":false}
2026-03-15 23:45:48 [debug] : 1120 {"0":780,"1":340,"2":15,"3":false}
2026-03-15 23:45:48 [debug] : 1120 {"0":883,"1":237,"2":15,"3":false}
2026-03-15 23:45:48 [debug] : 1120 {"0":1222,"1":102,"2":15,"3":false}
2026-03-15 23:45:48 [debug] : 1120 {"0":1428,"1":308,"2":15,"3":false}
2026-03-15 23:45:48 [debug] : 1120 {"0":1458,"1":338,"2":15,"3":false}
2026-03-15 23:45:48 [debug] : 1120 {"0":1591,"1":471,"2":15,"3":false}
2026-03-15 23:45:48 [debug] : 1120 {"0":1858,"1":738,"2":15,"3":false}
2026-03-15 23:45:48 [debug] : 1120 {"0":1888,"1":768,"2":15,"3":false}
2026-03-15 23:45:48 [debug] : 1120 {"0":2022,"1":902,"2":15,"3":false}
2026-03-15 23:45:48 [debug] : 1120 {"0":2249,"1":1129,"2":15,"3":false}
2026-03-15 23:45:48 [debug] : 1120 {"0":2279,"1":1159,"2":15,"3":false}
2026-03-15 23:45:48 [debug] : 1120 {"0":2319,"1":1199,"2":15,"3":false}
2026-03-15 23:45:48 [debug] : 1120 {"0":2707,"1":1587,"2":15,"3":false}
2026-03-15 23:45:48 [debug] : 1120 {"0":3082,"1":1962,"2":15,"3":false}
2026-03-15 23:45:48 [debug] : 1117.5999755859375 {"0":7,"1":1110.5999755859375,"2":15,"3":false}
2026-03-15 23:45:48 [debug] : 1117.5999755859375 {"0":144,"1":973.5999755859375,"2":15,"3":false}
2026-03-15 23:45:48 [debug] : 1117.5999755859375 {"0":174,"1":943.5999755859375,"2":15,"3":false}
2026-03-15 23:45:48 [debug] : 1117.5999755859375 {"0":298,"1":819.5999755859375,"2":15,"3":false}
2026-03-15 23:45:48 [debug] : 1117.5999755859375 {"0":626,"1":491.5999755859375,"2":15,"3":false}
2026-03-15 23:45:48 [debug] : 1117.5999755859375 {"0":656,"1":461.5999755859375,"2":15,"3":false}
2026-03-15 23:45:48 [debug] : 1117.5999755859375 {"0":780,"1":337.5999755859375,"2":15,"3":false}
2026-03-15 23:45:48 [debug] : 1117.5999755859375 {"0":883,"1":234.5999755859375,"2":15,"3":false}
2026-03-15 23:45:48 [debug] : 1117.5999755859375 {"0":1222,"1":104.4000244140625,"2":15,"3":false}
2026-03-15 23:45:48 [debug] : 1117.5999755859375 {"0":1428,"1":310.4000244140625,"2":15,"3":false}
2026-03-15 23:45:48 [debug] : 1117.5999755859375 {"0":1458,"1":340.4000244140625,"2":15,"3":false}
2026-03-15 23:45:48 [debug] : 1117.5999755859375 {"0":1591,"1":473.4000244140625,"2":15,"3":false}
2026-03-15 23:45:48 [debug] : 1117.5999755859375 {"0":1858,"1":740.4000244140625,"2":15,"3":false}
2026-03-15 23:45:48 [debug] : 1117.5999755859375 {"0":1888,"1":770.4000244140625,"2":15,"3":false}
2026-03-15 23:45:48 [debug] : 1117.5999755859375 {"0":2022,"1":904.4000244140625,"2":15,"3":false}
2026-03-15 23:45:48 [debug] : 1117.5999755859375 {"0":2249,"1":1131.4000244140625,"2":15,"3":false}
2026-03-15 23:45:48 [debug] : 1117.5999755859375 {"0":2279,"1":1161.4000244140625,"2":15,"3":false}
2026-03-15 23:45:48 [debug] : 1117.5999755859375 {"0":2319,"1":1201.4000244140625,"2":15,"3":false}
2026-03-15 23:45:48 [debug] : 1117.5999755859375 {"0":2707,"1":1589.4000244140625,"2":15,"3":false}
2026-03-15 23:45:48 [debug] : 1117.5999755859375 {"0":3082,"1":1964.4000244140625,"2":15,"3":false}
2026-03-15 23:45:48 [debug] : 1116.800048828125 {"0":7,"1":1109.800048828125,"2":15,"3":false}
2026-03-15 23:45:48 [debug] : 1116.800048828125 {"0":144,"1":972.800048828125,"2":15,"3":false}
2026-03-15 23:45:48 [debug] : 1116.800048828125 {"0":174,"1":942.800048828125,"2":15,"3":false}
2026-03-15 23:45:48 [debug] : 1116.800048828125 {"0":298,"1":818.800048828125,"2":15,"3":false}
2026-03-15 23:45:48 [debug] : 1116.800048828125 {"0":626,"1":490.800048828125,"2":15,"3":false}
2026-03-15 23:45:48 [debug] : 1116.800048828125 {"0":656,"1":460.800048828125,"2":15,"3":false}
2026-03-15 23:45:48 [debug] : 1116.800048828125 {"0":780,"1":336.800048828125,"2":15,"3":false}
2026-03-15 23:45:48 [debug] : 1116.800048828125 {"0":883,"1":233.800048828125,"2":15,"3":false}
2026-03-15 23:45:48 [debug] : 1116.800048828125 {"0":1222,"1":105.199951171875,"2":15,"3":false}
2026-03-15 23:45:48 [debug] : 1116.800048828125 {"0":1428,"1":311.199951171875,"2":15,"3":false}
2026-03-15 23:45:48 [debug] : 1116.800048828125 {"0":1458,"1":341.199951171875,"2":15,"3":false}
2026-03-15 23:45:48 [debug] : 1116.800048828125 {"0":1591,"1":474.199951171875,"2":15,"3":false}
2026-03-15 23:45:48 [debug] : 1116.800048828125 {"0":1858,"1":741.199951171875,"2":15,"3":false}
2026-03-15 23:45:48 [debug] : 1116.800048828125 {"0":1888,"1":771.199951171875,"2":15,"3":false}
2026-03-15 23:45:48 [debug] : 1116.800048828125 {"0":2022,"1":905.199951171875,"2":15,"3":false}
2026-03-15 23:45:48 [debug] : 1116.800048828125 {"0":2249,"1":1132.199951171875,"2":15,"3":false}
2026-03-15 23:45:48 [debug] : 1116.800048828125 {"0":2279,"1":1162.199951171875,"2":15,"3":false}
2026-03-15 23:45:48 [debug] : 1116.800048828125 {"0":2319,"1":1202.199951171875,"2":15,"3":false}
2026-03-15 23:45:48 [debug] : 1116.800048828125 {"0":2707,"1":1590.199951171875,"2":15,"3":false}
2026-03-15 23:45:48 [debug] : 1116.800048828125 {"0":3082,"1":1965.199951171875,"2":15,"3":false}
2026-03-15 23:45:49 [debug] : 1116 {"0":7,"1":1109,"2":15,"3":false}
2026-03-15 23:45:49 [debug] : 1116 {"0":144,"1":972,"2":15,"3":false}
2026-03-15 23:45:49 [debug] : 1116 {"0":174,"1":942,"2":15,"3":false}
2026-03-15 23:45:49 [debug] : 1116 {"0":298,"1":818,"2":15,"3":false}
2026-03-15 23:45:49 [debug] : 1116 {"0":626,"1":490,"2":15,"3":false}
2026-03-15 23:45:49 [debug] : 1116 {"0":656,"1":460,"2":15,"3":false}
2026-03-15 23:45:49 [debug] : 1116 {"0":780,"1":336,"2":15,"3":false}
2026-03-15 23:45:49 [debug] : 1116 {"0":883,"1":233,"2":15,"3":false}
2026-03-15 23:45:49 [debug] : 1116 {"0":1222,"1":106,"2":15,"3":false}
2026-03-15 23:45:49 [debug] : 1116 {"0":1428,"1":312,"2":15,"3":false}
2026-03-15 23:45:49 [debug] : 1116 {"0":1458,"1":342,"2":15,"3":false}
2026-03-15 23:45:49 [debug] : 1116 {"0":1591,"1":475,"2":15,"3":false}
2026-03-15 23:45:49 [debug] : 1116 {"0":1858,"1":742,"2":15,"3":false}
2026-03-15 23:45:49 [debug] : 1116 {"0":1888,"1":772,"2":15,"3":false}
2026-03-15 23:45:49 [debug] : 1116 {"0":2022,"1":906,"2":15,"3":false}
2026-03-15 23:45:49 [debug] : 1116 {"0":2249,"1":1133,"2":15,"3":false}
2026-03-15 23:45:49 [debug] : 1116 {"0":2279,"1":1163,"2":15,"3":false}
2026-03-15 23:45:49 [debug] : 1116 {"0":2319,"1":1203,"2":15,"3":false}
2026-03-15 23:45:49 [debug] : 1116 {"0":2707,"1":1591,"2":15,"3":false}
2026-03-15 23:45:49 [debug] : 1116 {"0":3082,"1":1966,"2":15,"3":false}
2026-03-15 23:45:49 [debug] : 1108 {"0":7,"1":1101,"2":15,"3":false}
2026-03-15 23:45:49 [debug] : 1108 {"0":144,"1":964,"2":15,"3":false}
2026-03-15 23:45:49 [debug] : 1108 {"0":174,"1":934,"2":15,"3":false}
2026-03-15 23:45:49 [debug] : 1108 {"0":298,"1":810,"2":15,"3":false}
2026-03-15 23:45:49 [debug] : 1108 {"0":626,"1":482,"2":15,"3":false}
2026-03-15 23:45:49 [debug] : 1108 {"0":656,"1":452,"2":15,"3":false}
2026-03-15 23:45:49 [debug] : 1108 {"0":780,"1":328,"2":15,"3":false}
2026-03-15 23:45:49 [debug] : 1108 {"0":883,"1":225,"2":15,"3":false}
2026-03-15 23:45:49 [debug] : 1108 {"0":1222,"1":114,"2":15,"3":false}
2026-03-15 23:45:49 [debug] : 1108 {"0":1428,"1":320,"2":15,"3":false}
2026-03-15 23:45:49 [debug] : 1108 {"0":1458,"1":350,"2":15,"3":false}
2026-03-15 23:45:49 [debug] : 1108 {"0":1591,"1":483,"2":15,"3":false}
2026-03-15 23:45:49 [debug] : 1108 {"0":1858,"1":750,"2":15,"3":false}
2026-03-15 23:45:49 [debug] : 1108 {"0":1888,"1":780,"2":15,"3":false}
2026-03-15 23:45:49 [debug] : 1108 {"0":2022,"1":914,"2":15,"3":false}
2026-03-15 23:45:49 [debug] : 1108 {"0":2249,"1":1141,"2":15,"3":false}
2026-03-15 23:45:49 [debug] : 1108 {"0":2279,"1":1171,"2":15,"3":false}
2026-03-15 23:45:49 [debug] : 1108 {"0":2319,"1":1211,"2":15,"3":false}
2026-03-15 23:45:49 [debug] : 1108 {"0":2707,"1":1599,"2":15,"3":false}
2026-03-15 23:45:49 [debug] : 1108 {"0":3082,"1":1974,"2":15,"3":false}
2026-03-15 23:45:49 [debug] : 1093.5999755859375 {"0":7,"1":1086.5999755859375,"2":15,"3":false}
2026-03-15 23:45:49 [debug] : 1093.5999755859375 {"0":144,"1":949.5999755859375,"2":15,"3":false}
2026-03-15 23:45:49 [debug] : 1093.5999755859375 {"0":174,"1":919.5999755859375,"2":15,"3":false}
2026-03-15 23:45:49 [debug] : 1093.5999755859375 {"0":298,"1":795.5999755859375,"2":15,"3":false}
2026-03-15 23:45:49 [debug] : 1093.5999755859375 {"0":626,"1":467.5999755859375,"2":15,"3":false}
2026-03-15 23:45:49 [debug] : 1093.5999755859375 {"0":656,"1":437.5999755859375,"2":15,"3":false}
2026-03-15 23:45:49 [debug] : 1093.5999755859375 {"0":780,"1":313.5999755859375,"2":15,"3":false}
2026-03-15 23:45:49 [debug] : 1093.5999755859375 {"0":883,"1":210.5999755859375,"2":15,"3":false}
2026-03-15 23:45:49 [debug] : 1093.5999755859375 {"0":1222,"1":128.4000244140625,"2":15,"3":false}
2026-03-15 23:45:49 [debug] : 1093.5999755859375 {"0":1428,"1":334.4000244140625,"2":15,"3":false}
2026-03-15 23:45:49 [debug] : 1093.5999755859375 {"0":1458,"1":364.4000244140625,"2":15,"3":false}
2026-03-15 23:45:49 [debug] : 1093.5999755859375 {"0":1591,"1":497.4000244140625,"2":15,"3":false}
2026-03-15 23:45:49 [debug] : 1093.5999755859375 {"0":1858,"1":764.4000244140625,"2":15,"3":false}
2026-03-15 23:45:49 [debug] : 1093.5999755859375 {"0":1888,"1":794.4000244140625,"2":15,"3":false}
2026-03-15 23:45:49 [debug] : 1093.5999755859375 {"0":2022,"1":928.4000244140625,"2":15,"3":false}
2026-03-15 23:45:49 [debug] : 1093.5999755859375 {"0":2249,"1":1155.4000244140625,"2":15,"3":false}
2026-03-15 23:45:49 [debug] : 1093.5999755859375 {"0":2279,"1":1185.4000244140625,"2":15,"3":false}
2026-03-15 23:45:49 [debug] : 1093.5999755859375 {"0":2319,"1":1225.4000244140625,"2":15,"3":false}
2026-03-15 23:45:49 [debug] : 1093.5999755859375 {"0":2707,"1":1613.4000244140625,"2":15,"3":false}
2026-03-15 23:45:49 [debug] : 1093.5999755859375 {"0":3082,"1":1988.4000244140625,"2":15,"3":false}
2026-03-15 23:45:49 [debug] : 1068 {"0":7,"1":1061,"2":15,"3":false}
2026-03-15 23:45:49 [debug] : 1068 {"0":144,"1":924,"2":15,"3":false}
2026-03-15 23:45:49 [debug] : 1068 {"0":174,"1":894,"2":15,"3":false}
2026-03-15 23:45:49 [debug] : 1068 {"0":298,"1":770,"2":15,"3":false}
2026-03-15 23:45:49 [debug] : 1068 {"0":626,"1":442,"2":15,"3":false}
2026-03-15 23:45:49 [debug] : 1068 {"0":656,"1":412,"2":15,"3":false}
2026-03-15 23:45:49 [debug] : 1068 {"0":780,"1":288,"2":15,"3":false}
2026-03-15 23:45:49 [debug] : 1068 {"0":883,"1":185,"2":15,"3":false}
2026-03-15 23:45:49 [debug] : 1068 {"0":1222,"1":154,"2":15,"3":false}
2026-03-15 23:45:49 [debug] : 1068 {"0":1428,"1":360,"2":15,"3":false}
2026-03-15 23:45:49 [debug] : 1068 {"0":1458,"1":390,"2":15,"3":false}
2026-03-15 23:45:49 [debug] : 1068 {"0":1591,"1":523,"2":15,"3":false}
2026-03-15 23:45:49 [debug] : 1068 {"0":1858,"1":790,"2":15,"3":false}
2026-03-15 23:45:49 [debug] : 1068 {"0":1888,"1":820,"2":15,"3":false}
2026-03-15 23:45:49 [debug] : 1068 {"0":2022,"1":954,"2":15,"3":false}
2026-03-15 23:45:49 [debug] : 1068 {"0":2249,"1":1181,"2":15,"3":false}
2026-03-15 23:45:49 [debug] : 1068 {"0":2279,"1":1211,"2":15,"3":false}
2026-03-15 23:45:49 [debug] : 1068 {"0":2319,"1":1251,"2":15,"3":false}
2026-03-15 23:45:49 [debug] : 1068 {"0":2707,"1":1639,"2":15,"3":false}
2026-03-15 23:45:49 [debug] : 1068 {"0":3082,"1":2014,"2":15,"3":false}
2026-03-15 23:45:49 [debug] : 1032 {"0":7,"1":1025,"2":15,"3":false}
2026-03-15 23:45:49 [debug] : 1032 {"0":144,"1":888,"2":15,"3":false}
2026-03-15 23:45:49 [debug] : 1032 {"0":174,"1":858,"2":15,"3":false}
2026-03-15 23:45:49 [debug] : 1032 {"0":298,"1":734,"2":15,"3":false}
2026-03-15 23:45:49 [debug] : 1032 {"0":626,"1":406,"2":15,"3":false}
2026-03-15 23:45:49 [debug] : 1032 {"0":656,"1":376,"2":15,"3":false}
2026-03-15 23:45:49 [debug] : 1032 {"0":780,"1":252,"2":15,"3":false}
2026-03-15 23:45:49 [debug] : 1032 {"0":883,"1":149,"2":15,"3":false}
2026-03-15 23:45:49 [debug] : 1032 {"0":1222,"1":190,"2":15,"3":false}
2026-03-15 23:45:49 [debug] : 1032 {"0":1428,"1":396,"2":15,"3":false}
2026-03-15 23:45:49 [debug] : 1032 {"0":1458,"1":426,"2":15,"3":false}
2026-03-15 23:45:49 [debug] : 1032 {"0":1591,"1":559,"2":15,"3":false}
2026-03-15 23:45:49 [debug] : 1032 {"0":1858,"1":826,"2":15,"3":false}
2026-03-15 23:45:49 [debug] : 1032 {"0":1888,"1":856,"2":15,"3":false}
2026-03-15 23:45:49 [debug] : 1032 {"0":2022,"1":990,"2":15,"3":false}
2026-03-15 23:45:49 [debug] : 1032 {"0":2249,"1":1217,"2":15,"3":false}
2026-03-15 23:45:49 [debug] : 1032 {"0":2279,"1":1247,"2":15,"3":false}
2026-03-15 23:45:49 [debug] : 1032 {"0":2319,"1":1287,"2":15,"3":false}
2026-03-15 23:45:49 [debug] : 1032 {"0":2707,"1":1675,"2":15,"3":false}
2026-03-15 23:45:49 [debug] : 1032 {"0":3082,"1":2050,"2":15,"3":false}
2026-03-15 23:45:49 [debug] : 976 {"0":7,"1":969,"2":15,"3":false}
2026-03-15 23:45:49 [debug] : 976 {"0":144,"1":832,"2":15,"3":false}
2026-03-15 23:45:49 [debug] : 976 {"0":174,"1":802,"2":15,"3":false}
2026-03-15 23:45:49 [debug] : 976 {"0":298,"1":678,"2":15,"3":false}
2026-03-15 23:45:49 [debug] : 976 {"0":626,"1":350,"2":15,"3":false}
2026-03-15 23:45:49 [debug] : 976 {"0":656,"1":320,"2":15,"3":false}
2026-03-15 23:45:49 [debug] : 976 {"0":780,"1":196,"2":15,"3":false}
2026-03-15 23:45:49 [debug] : 976 {"0":883,"1":93,"2":15,"3":false}
2026-03-15 23:45:49 [debug] : 976 {"0":1222,"1":246,"2":15,"3":false}
2026-03-15 23:45:49 [debug] : 976 {"0":1428,"1":452,"2":15,"3":false}
2026-03-15 23:45:49 [debug] : 976 {"0":1458,"1":482,"2":15,"3":false}
2026-03-15 23:45:49 [debug] : 976 {"0":1591,"1":615,"2":15,"3":false}
2026-03-15 23:45:49 [debug] : 976 {"0":1858,"1":882,"2":15,"3":false}
2026-03-15 23:45:49 [debug] : 976 {"0":1888,"1":912,"2":15,"3":false}
2026-03-15 23:45:49 [debug] : 976 {"0":2022,"1":1046,"2":15,"3":false}
2026-03-15 23:45:49 [debug] : 976 {"0":2249,"1":1273,"2":15,"3":false}
2026-03-15 23:45:49 [debug] : 976 {"0":2279,"1":1303,"2":15,"3":false}
2026-03-15 23:45:49 [debug] : 976 {"0":2319,"1":1343,"2":15,"3":false}
2026-03-15 23:45:49 [debug] : 976 {"0":2707,"1":1731,"2":15,"3":false}
2026-03-15 23:45:49 [debug] : 976 {"0":3082,"1":2106,"2":15,"3":false}
2026-03-15 23:45:49 [debug] : 932.7999877929688 {"0":7,"1":925.7999877929688,"2":15,"3":false}
2026-03-15 23:45:49 [debug] : 932.7999877929688 {"0":144,"1":788.7999877929688,"2":15,"3":false}
2026-03-15 23:45:49 [debug] : 932.7999877929688 {"0":174,"1":758.7999877929688,"2":15,"3":false}
2026-03-15 23:45:49 [debug] : 932.7999877929688 {"0":298,"1":634.7999877929688,"2":15,"3":false}
2026-03-15 23:45:49 [debug] : 932.7999877929688 {"0":626,"1":306.79998779296875,"2":15,"3":false}
2026-03-15 23:45:49 [debug] : 932.7999877929688 {"0":656,"1":276.79998779296875,"2":15,"3":false}
2026-03-15 23:45:49 [debug] : 932.7999877929688 {"0":780,"1":152.79998779296875,"2":15,"3":false}
2026-03-15 23:45:49 [debug] : 932.7999877929688 {"0":883,"1":49.79998779296875,"2":15,"3":false}
2026-03-15 23:45:49 [debug] : 932.7999877929688 {"0":1222,"1":289.20001220703125,"2":15,"3":false}
2026-03-15 23:45:49 [debug] : 932.7999877929688 {"0":1428,"1":495.20001220703125,"2":15,"3":false}
2026-03-15 23:45:49 [debug] : 932.7999877929688 {"0":1458,"1":525.2000122070312,"2":15,"3":false}
2026-03-15 23:45:49 [debug] : 932.7999877929688 {"0":1591,"1":658.2000122070312,"2":15,"3":false}
2026-03-15 23:45:49 [debug] : 932.7999877929688 {"0":1858,"1":925.2000122070312,"2":15,"3":false}
2026-03-15 23:45:49 [debug] : 932.7999877929688 {"0":1888,"1":955.2000122070312,"2":15,"3":false}
2026-03-15 23:45:49 [debug] : 932.7999877929688 {"0":2022,"1":1089.2000122070312,"2":15,"3":false}
2026-03-15 23:45:49 [debug] : 932.7999877929688 {"0":2249,"1":1316.2000122070312,"2":15,"3":false}
2026-03-15 23:45:49 [debug] : 932.7999877929688 {"0":2279,"1":1346.2000122070312,"2":15,"3":false}
2026-03-15 23:45:49 [debug] : 932.7999877929688 {"0":2319,"1":1386.2000122070312,"2":15,"3":false}
2026-03-15 23:45:49 [debug] : 932.7999877929688 {"0":2707,"1":1774.2000122070312,"2":15,"3":false}
2026-03-15 23:45:49 [debug] : 932.7999877929688 {"0":3082,"1":2149.2000122070312,"2":15,"3":false}
2026-03-15 23:45:49 [debug] : 894.4000244140625 {"0":7,"1":887.4000244140625,"2":15,"3":false}
2026-03-15 23:45:49 [debug] : 894.4000244140625 {"0":144,"1":750.4000244140625,"2":15,"3":false}
2026-03-15 23:45:49 [debug] : 894.4000244140625 {"0":174,"1":720.4000244140625,"2":15,"3":false}
2026-03-15 23:45:49 [debug] : 894.4000244140625 {"0":298,"1":596.4000244140625,"2":15,"3":false}
2026-03-15 23:45:49 [debug] : 894.4000244140625 {"0":626,"1":268.4000244140625,"2":15,"3":false}
2026-03-15 23:45:49 [debug] : 894.4000244140625 {"0":656,"1":238.4000244140625,"2":15,"3":false}
2026-03-15 23:45:49 [debug] : 894.4000244140625 {"0":780,"1":114.4000244140625,"2":15,"3":false}
2026-03-15 23:45:49 [debug] : 894.4000244140625 {"0":883,"1":11.4000244140625,"2":15,"3":true}
2026-03-15 23:45:49 [debug] : SELECTED {"0":"hls-report-section-s_axilite-registers::urn:analysis-report/top-517628394/synthesis-1219712035"}
2026-03-15 23:45:49 [debug] : 871.2000122070312 {"0":7,"1":864.2000122070312,"2":15,"3":false}
2026-03-15 23:45:49 [debug] : 871.2000122070312 {"0":144,"1":727.2000122070312,"2":15,"3":false}
2026-03-15 23:45:49 [debug] : 871.2000122070312 {"0":174,"1":697.2000122070312,"2":15,"3":false}
2026-03-15 23:45:49 [debug] : 871.2000122070312 {"0":298,"1":573.2000122070312,"2":15,"3":false}
2026-03-15 23:45:49 [debug] : 871.2000122070312 {"0":626,"1":245.20001220703125,"2":15,"3":false}
2026-03-15 23:45:49 [debug] : 871.2000122070312 {"0":656,"1":215.20001220703125,"2":15,"3":false}
2026-03-15 23:45:49 [debug] : 871.2000122070312 {"0":780,"1":91.20001220703125,"2":15,"3":false}
2026-03-15 23:45:49 [debug] : 871.2000122070312 {"0":883,"1":11.79998779296875,"2":15,"3":true}
2026-03-15 23:45:49 [debug] : SELECTED {"0":"hls-report-section-s_axilite-registers::urn:analysis-report/top-517628394/synthesis-1219712035"}
2026-03-15 23:45:49 [debug] : 836 {"0":7,"1":829,"2":15,"3":false}
2026-03-15 23:45:49 [debug] : 836 {"0":144,"1":692,"2":15,"3":false}
2026-03-15 23:45:49 [debug] : 836 {"0":174,"1":662,"2":15,"3":false}
2026-03-15 23:45:49 [debug] : 836 {"0":298,"1":538,"2":15,"3":false}
2026-03-15 23:45:49 [debug] : 836 {"0":626,"1":210,"2":15,"3":false}
2026-03-15 23:45:49 [debug] : 836 {"0":656,"1":180,"2":15,"3":false}
2026-03-15 23:45:49 [debug] : 836 {"0":780,"1":56,"2":15,"3":false}
2026-03-15 23:45:49 [debug] : 836 {"0":883,"1":47,"2":15,"3":false}
2026-03-15 23:45:49 [debug] : 836 {"0":1222,"1":386,"2":15,"3":false}
2026-03-15 23:45:49 [debug] : 836 {"0":1428,"1":592,"2":15,"3":false}
2026-03-15 23:45:49 [debug] : 836 {"0":1458,"1":622,"2":15,"3":false}
2026-03-15 23:45:49 [debug] : 836 {"0":1591,"1":755,"2":15,"3":false}
2026-03-15 23:45:49 [debug] : 836 {"0":1858,"1":1022,"2":15,"3":false}
2026-03-15 23:45:49 [debug] : 836 {"0":1888,"1":1052,"2":15,"3":false}
2026-03-15 23:45:49 [debug] : 836 {"0":2022,"1":1186,"2":15,"3":false}
2026-03-15 23:45:49 [debug] : 836 {"0":2249,"1":1413,"2":15,"3":false}
2026-03-15 23:45:49 [debug] : 836 {"0":2279,"1":1443,"2":15,"3":false}
2026-03-15 23:45:49 [debug] : 836 {"0":2319,"1":1483,"2":15,"3":false}
2026-03-15 23:45:49 [debug] : 836 {"0":2707,"1":1871,"2":15,"3":false}
2026-03-15 23:45:49 [debug] : 836 {"0":3082,"1":2246,"2":15,"3":false}
2026-03-15 23:45:49 [debug] : 823.2000122070312 {"0":7,"1":816.2000122070312,"2":15,"3":false}
2026-03-15 23:45:49 [debug] : 823.2000122070312 {"0":144,"1":679.2000122070312,"2":15,"3":false}
2026-03-15 23:45:49 [debug] : 823.2000122070312 {"0":174,"1":649.2000122070312,"2":15,"3":false}
2026-03-15 23:45:49 [debug] : 823.2000122070312 {"0":298,"1":525.2000122070312,"2":15,"3":false}
2026-03-15 23:45:49 [debug] : 823.2000122070312 {"0":626,"1":197.20001220703125,"2":15,"3":false}
2026-03-15 23:45:49 [debug] : 823.2000122070312 {"0":656,"1":167.20001220703125,"2":15,"3":false}
2026-03-15 23:45:49 [debug] : 823.2000122070312 {"0":780,"1":43.20001220703125,"2":15,"3":false}
2026-03-15 23:45:49 [debug] : 823.2000122070312 {"0":883,"1":59.79998779296875,"2":15,"3":false}
2026-03-15 23:45:49 [debug] : 823.2000122070312 {"0":1222,"1":398.79998779296875,"2":15,"3":false}
2026-03-15 23:45:49 [debug] : 823.2000122070312 {"0":1428,"1":604.7999877929688,"2":15,"3":false}
2026-03-15 23:45:49 [debug] : 823.2000122070312 {"0":1458,"1":634.7999877929688,"2":15,"3":false}
2026-03-15 23:45:49 [debug] : 823.2000122070312 {"0":1591,"1":767.7999877929688,"2":15,"3":false}
2026-03-15 23:45:49 [debug] : 823.2000122070312 {"0":1858,"1":1034.7999877929688,"2":15,"3":false}
2026-03-15 23:45:49 [debug] : 823.2000122070312 {"0":1888,"1":1064.7999877929688,"2":15,"3":false}
2026-03-15 23:45:49 [debug] : 823.2000122070312 {"0":2022,"1":1198.7999877929688,"2":15,"3":false}
2026-03-15 23:45:49 [debug] : 823.2000122070312 {"0":2249,"1":1425.7999877929688,"2":15,"3":false}
2026-03-15 23:45:49 [debug] : 823.2000122070312 {"0":2279,"1":1455.7999877929688,"2":15,"3":false}
2026-03-15 23:45:49 [debug] : 823.2000122070312 {"0":2319,"1":1495.7999877929688,"2":15,"3":false}
2026-03-15 23:45:49 [debug] : 823.2000122070312 {"0":2707,"1":1883.7999877929688,"2":15,"3":false}
2026-03-15 23:45:49 [debug] : 823.2000122070312 {"0":3082,"1":2258.7999877929688,"2":15,"3":false}
2026-03-15 23:45:49 [debug] : 821.5999755859375 {"0":7,"1":814.5999755859375,"2":15,"3":false}
2026-03-15 23:45:49 [debug] : 821.5999755859375 {"0":144,"1":677.5999755859375,"2":15,"3":false}
2026-03-15 23:45:49 [debug] : 821.5999755859375 {"0":174,"1":647.5999755859375,"2":15,"3":false}
2026-03-15 23:45:49 [debug] : 821.5999755859375 {"0":298,"1":523.5999755859375,"2":15,"3":false}
2026-03-15 23:45:49 [debug] : 821.5999755859375 {"0":626,"1":195.5999755859375,"2":15,"3":false}
2026-03-15 23:45:49 [debug] : 821.5999755859375 {"0":656,"1":165.5999755859375,"2":15,"3":false}
2026-03-15 23:45:49 [debug] : 821.5999755859375 {"0":780,"1":41.5999755859375,"2":15,"3":false}
2026-03-15 23:45:49 [debug] : 821.5999755859375 {"0":883,"1":61.4000244140625,"2":15,"3":false}
2026-03-15 23:45:49 [debug] : 821.5999755859375 {"0":1222,"1":400.4000244140625,"2":15,"3":false}
2026-03-15 23:45:49 [debug] : 821.5999755859375 {"0":1428,"1":606.4000244140625,"2":15,"3":false}
2026-03-15 23:45:49 [debug] : 821.5999755859375 {"0":1458,"1":636.4000244140625,"2":15,"3":false}
2026-03-15 23:45:49 [debug] : 821.5999755859375 {"0":1591,"1":769.4000244140625,"2":15,"3":false}
2026-03-15 23:45:49 [debug] : 821.5999755859375 {"0":1858,"1":1036.4000244140625,"2":15,"3":false}
2026-03-15 23:45:49 [debug] : 821.5999755859375 {"0":1888,"1":1066.4000244140625,"2":15,"3":false}
2026-03-15 23:45:49 [debug] : 821.5999755859375 {"0":2022,"1":1200.4000244140625,"2":15,"3":false}
2026-03-15 23:45:49 [debug] : 821.5999755859375 {"0":2249,"1":1427.4000244140625,"2":15,"3":false}
2026-03-15 23:45:49 [debug] : 821.5999755859375 {"0":2279,"1":1457.4000244140625,"2":15,"3":false}
2026-03-15 23:45:49 [debug] : 821.5999755859375 {"0":2319,"1":1497.4000244140625,"2":15,"3":false}
2026-03-15 23:45:49 [debug] : 821.5999755859375 {"0":2707,"1":1885.4000244140625,"2":15,"3":false}
2026-03-15 23:45:49 [debug] : 821.5999755859375 {"0":3082,"1":2260.4000244140625,"2":15,"3":false}
2026-03-15 23:45:49 [debug] : 820.7999877929688 {"0":7,"1":813.7999877929688,"2":15,"3":false}
2026-03-15 23:45:49 [debug] : 820.7999877929688 {"0":144,"1":676.7999877929688,"2":15,"3":false}
2026-03-15 23:45:49 [debug] : 820.7999877929688 {"0":174,"1":646.7999877929688,"2":15,"3":false}
2026-03-15 23:45:49 [debug] : 820.7999877929688 {"0":298,"1":522.7999877929688,"2":15,"3":false}
2026-03-15 23:45:49 [debug] : 820.7999877929688 {"0":626,"1":194.79998779296875,"2":15,"3":false}
2026-03-15 23:45:49 [debug] : 820.7999877929688 {"0":656,"1":164.79998779296875,"2":15,"3":false}
2026-03-15 23:45:49 [debug] : 820.7999877929688 {"0":780,"1":40.79998779296875,"2":15,"3":false}
2026-03-15 23:45:49 [debug] : 820.7999877929688 {"0":883,"1":62.20001220703125,"2":15,"3":false}
2026-03-15 23:45:49 [debug] : 820.7999877929688 {"0":1222,"1":401.20001220703125,"2":15,"3":false}
2026-03-15 23:45:49 [debug] : 820.7999877929688 {"0":1428,"1":607.2000122070312,"2":15,"3":false}
2026-03-15 23:45:49 [debug] : 820.7999877929688 {"0":1458,"1":637.2000122070312,"2":15,"3":false}
2026-03-15 23:45:49 [debug] : 820.7999877929688 {"0":1591,"1":770.2000122070312,"2":15,"3":false}
2026-03-15 23:45:49 [debug] : 820.7999877929688 {"0":1858,"1":1037.2000122070312,"2":15,"3":false}
2026-03-15 23:45:49 [debug] : 820.7999877929688 {"0":1888,"1":1067.2000122070312,"2":15,"3":false}
2026-03-15 23:45:49 [debug] : 820.7999877929688 {"0":2022,"1":1201.2000122070312,"2":15,"3":false}
2026-03-15 23:45:49 [debug] : 820.7999877929688 {"0":2249,"1":1428.2000122070312,"2":15,"3":false}
2026-03-15 23:45:49 [debug] : 820.7999877929688 {"0":2279,"1":1458.2000122070312,"2":15,"3":false}
2026-03-15 23:45:49 [debug] : 820.7999877929688 {"0":2319,"1":1498.2000122070312,"2":15,"3":false}
2026-03-15 23:45:49 [debug] : 820.7999877929688 {"0":2707,"1":1886.2000122070312,"2":15,"3":false}
2026-03-15 23:45:49 [debug] : 820.7999877929688 {"0":3082,"1":2261.2000122070312,"2":15,"3":false}
2026-03-15 23:45:49 [debug] : 813.5999755859375 {"0":7,"1":806.5999755859375,"2":15,"3":false}
2026-03-15 23:45:49 [debug] : 813.5999755859375 {"0":144,"1":669.5999755859375,"2":15,"3":false}
2026-03-15 23:45:49 [debug] : 813.5999755859375 {"0":174,"1":639.5999755859375,"2":15,"3":false}
2026-03-15 23:45:49 [debug] : 813.5999755859375 {"0":298,"1":515.5999755859375,"2":15,"3":false}
2026-03-15 23:45:49 [debug] : 813.5999755859375 {"0":626,"1":187.5999755859375,"2":15,"3":false}
2026-03-15 23:45:49 [debug] : 813.5999755859375 {"0":656,"1":157.5999755859375,"2":15,"3":false}
2026-03-15 23:45:49 [debug] : 813.5999755859375 {"0":780,"1":33.5999755859375,"2":15,"3":false}
2026-03-15 23:45:49 [debug] : 813.5999755859375 {"0":883,"1":69.4000244140625,"2":15,"3":false}
2026-03-15 23:45:49 [debug] : 813.5999755859375 {"0":1222,"1":408.4000244140625,"2":15,"3":false}
2026-03-15 23:45:49 [debug] : 813.5999755859375 {"0":1428,"1":614.4000244140625,"2":15,"3":false}
2026-03-15 23:45:49 [debug] : 813.5999755859375 {"0":1458,"1":644.4000244140625,"2":15,"3":false}
2026-03-15 23:45:49 [debug] : 813.5999755859375 {"0":1591,"1":777.4000244140625,"2":15,"3":false}
2026-03-15 23:45:49 [debug] : 813.5999755859375 {"0":1858,"1":1044.4000244140625,"2":15,"3":false}
2026-03-15 23:45:49 [debug] : 813.5999755859375 {"0":1888,"1":1074.4000244140625,"2":15,"3":false}
2026-03-15 23:45:49 [debug] : 813.5999755859375 {"0":2022,"1":1208.4000244140625,"2":15,"3":false}
2026-03-15 23:45:49 [debug] : 813.5999755859375 {"0":2249,"1":1435.4000244140625,"2":15,"3":false}
2026-03-15 23:45:49 [debug] : 813.5999755859375 {"0":2279,"1":1465.4000244140625,"2":15,"3":false}
2026-03-15 23:45:49 [debug] : 813.5999755859375 {"0":2319,"1":1505.4000244140625,"2":15,"3":false}
2026-03-15 23:45:49 [debug] : 813.5999755859375 {"0":2707,"1":1893.4000244140625,"2":15,"3":false}
2026-03-15 23:45:49 [debug] : 813.5999755859375 {"0":3082,"1":2268.4000244140625,"2":15,"3":false}
2026-03-15 23:45:49 [debug] : 786.4000244140625 {"0":7,"1":779.4000244140625,"2":15,"3":false}
2026-03-15 23:45:49 [debug] : 786.4000244140625 {"0":144,"1":642.4000244140625,"2":15,"3":false}
2026-03-15 23:45:49 [debug] : 786.4000244140625 {"0":174,"1":612.4000244140625,"2":15,"3":false}
2026-03-15 23:45:49 [debug] : 786.4000244140625 {"0":298,"1":488.4000244140625,"2":15,"3":false}
2026-03-15 23:45:49 [debug] : 786.4000244140625 {"0":626,"1":160.4000244140625,"2":15,"3":false}
2026-03-15 23:45:49 [debug] : 786.4000244140625 {"0":656,"1":130.4000244140625,"2":15,"3":false}
2026-03-15 23:45:49 [debug] : 786.4000244140625 {"0":780,"1":6.4000244140625,"2":15,"3":true}
2026-03-15 23:45:49 [debug] : SELECTED {"0":"hls-report-section-s_axilite-interfaces::urn:analysis-report/top-517628394/synthesis-1219712035"}
2026-03-15 23:45:49 [debug] : 758.4000244140625 {"0":7,"1":751.4000244140625,"2":15,"3":false}
2026-03-15 23:45:49 [debug] : 758.4000244140625 {"0":144,"1":614.4000244140625,"2":15,"3":false}
2026-03-15 23:45:49 [debug] : 758.4000244140625 {"0":174,"1":584.4000244140625,"2":15,"3":false}
2026-03-15 23:45:49 [debug] : 758.4000244140625 {"0":298,"1":460.4000244140625,"2":15,"3":false}
2026-03-15 23:45:49 [debug] : 758.4000244140625 {"0":626,"1":132.4000244140625,"2":15,"3":false}
2026-03-15 23:45:49 [debug] : 758.4000244140625 {"0":656,"1":102.4000244140625,"2":15,"3":false}
2026-03-15 23:45:49 [debug] : 758.4000244140625 {"0":780,"1":21.5999755859375,"2":15,"3":false}
2026-03-15 23:45:49 [debug] : 758.4000244140625 {"0":883,"1":124.5999755859375,"2":15,"3":false}
2026-03-15 23:45:49 [debug] : 758.4000244140625 {"0":1222,"1":463.5999755859375,"2":15,"3":false}
2026-03-15 23:45:49 [debug] : 758.4000244140625 {"0":1428,"1":669.5999755859375,"2":15,"3":false}
2026-03-15 23:45:49 [debug] : 758.4000244140625 {"0":1458,"1":699.5999755859375,"2":15,"3":false}
2026-03-15 23:45:49 [debug] : 758.4000244140625 {"0":1591,"1":832.5999755859375,"2":15,"3":false}
2026-03-15 23:45:49 [debug] : 758.4000244140625 {"0":1858,"1":1099.5999755859375,"2":15,"3":false}
2026-03-15 23:45:49 [debug] : 758.4000244140625 {"0":1888,"1":1129.5999755859375,"2":15,"3":false}
2026-03-15 23:45:49 [debug] : 758.4000244140625 {"0":2022,"1":1263.5999755859375,"2":15,"3":false}
2026-03-15 23:45:49 [debug] : 758.4000244140625 {"0":2249,"1":1490.5999755859375,"2":15,"3":false}
2026-03-15 23:45:49 [debug] : 758.4000244140625 {"0":2279,"1":1520.5999755859375,"2":15,"3":false}
2026-03-15 23:45:49 [debug] : 758.4000244140625 {"0":2319,"1":1560.5999755859375,"2":15,"3":false}
2026-03-15 23:45:49 [debug] : 758.4000244140625 {"0":2707,"1":1948.5999755859375,"2":15,"3":false}
2026-03-15 23:45:49 [debug] : 758.4000244140625 {"0":3082,"1":2323.5999755859375,"2":15,"3":false}
2026-03-15 23:45:50 [debug] : 738.4000244140625 {"0":7,"1":731.4000244140625,"2":15,"3":false}
2026-03-15 23:45:50 [debug] : 738.4000244140625 {"0":144,"1":594.4000244140625,"2":15,"3":false}
2026-03-15 23:45:50 [debug] : 738.4000244140625 {"0":174,"1":564.4000244140625,"2":15,"3":false}
2026-03-15 23:45:50 [debug] : 738.4000244140625 {"0":298,"1":440.4000244140625,"2":15,"3":false}
2026-03-15 23:45:50 [debug] : 738.4000244140625 {"0":626,"1":112.4000244140625,"2":15,"3":false}
2026-03-15 23:45:50 [debug] : 738.4000244140625 {"0":656,"1":82.4000244140625,"2":15,"3":false}
2026-03-15 23:45:50 [debug] : 738.4000244140625 {"0":780,"1":41.5999755859375,"2":15,"3":false}
2026-03-15 23:45:50 [debug] : 738.4000244140625 {"0":883,"1":144.5999755859375,"2":15,"3":false}
2026-03-15 23:45:50 [debug] : 738.4000244140625 {"0":1222,"1":483.5999755859375,"2":15,"3":false}
2026-03-15 23:45:50 [debug] : 738.4000244140625 {"0":1428,"1":689.5999755859375,"2":15,"3":false}
2026-03-15 23:45:50 [debug] : 738.4000244140625 {"0":1458,"1":719.5999755859375,"2":15,"3":false}
2026-03-15 23:45:50 [debug] : 738.4000244140625 {"0":1591,"1":852.5999755859375,"2":15,"3":false}
2026-03-15 23:45:50 [debug] : 738.4000244140625 {"0":1858,"1":1119.5999755859375,"2":15,"3":false}
2026-03-15 23:45:50 [debug] : 738.4000244140625 {"0":1888,"1":1149.5999755859375,"2":15,"3":false}
2026-03-15 23:45:50 [debug] : 738.4000244140625 {"0":2022,"1":1283.5999755859375,"2":15,"3":false}
2026-03-15 23:45:50 [debug] : 738.4000244140625 {"0":2249,"1":1510.5999755859375,"2":15,"3":false}
2026-03-15 23:45:50 [debug] : 738.4000244140625 {"0":2279,"1":1540.5999755859375,"2":15,"3":false}
2026-03-15 23:45:50 [debug] : 738.4000244140625 {"0":2319,"1":1580.5999755859375,"2":15,"3":false}
2026-03-15 23:45:50 [debug] : 738.4000244140625 {"0":2707,"1":1968.5999755859375,"2":15,"3":false}
2026-03-15 23:45:50 [debug] : 738.4000244140625 {"0":3082,"1":2343.5999755859375,"2":15,"3":false}
2026-03-15 23:45:50 [debug] : 714.4000244140625 {"0":7,"1":707.4000244140625,"2":15,"3":false}
2026-03-15 23:45:50 [debug] : 714.4000244140625 {"0":144,"1":570.4000244140625,"2":15,"3":false}
2026-03-15 23:45:50 [debug] : 714.4000244140625 {"0":174,"1":540.4000244140625,"2":15,"3":false}
2026-03-15 23:45:50 [debug] : 714.4000244140625 {"0":298,"1":416.4000244140625,"2":15,"3":false}
2026-03-15 23:45:50 [debug] : 714.4000244140625 {"0":626,"1":88.4000244140625,"2":15,"3":false}
2026-03-15 23:45:50 [debug] : 714.4000244140625 {"0":656,"1":58.4000244140625,"2":15,"3":false}
2026-03-15 23:45:50 [debug] : 714.4000244140625 {"0":780,"1":65.5999755859375,"2":15,"3":false}
2026-03-15 23:45:50 [debug] : 714.4000244140625 {"0":883,"1":168.5999755859375,"2":15,"3":false}
2026-03-15 23:45:50 [debug] : 714.4000244140625 {"0":1222,"1":507.5999755859375,"2":15,"3":false}
2026-03-15 23:45:50 [debug] : 714.4000244140625 {"0":1428,"1":713.5999755859375,"2":15,"3":false}
2026-03-15 23:45:50 [debug] : 714.4000244140625 {"0":1458,"1":743.5999755859375,"2":15,"3":false}
2026-03-15 23:45:50 [debug] : 714.4000244140625 {"0":1591,"1":876.5999755859375,"2":15,"3":false}
2026-03-15 23:45:50 [debug] : 714.4000244140625 {"0":1858,"1":1143.5999755859375,"2":15,"3":false}
2026-03-15 23:45:50 [debug] : 714.4000244140625 {"0":1888,"1":1173.5999755859375,"2":15,"3":false}
2026-03-15 23:45:50 [debug] : 714.4000244140625 {"0":2022,"1":1307.5999755859375,"2":15,"3":false}
2026-03-15 23:45:50 [debug] : 714.4000244140625 {"0":2249,"1":1534.5999755859375,"2":15,"3":false}
2026-03-15 23:45:50 [debug] : 714.4000244140625 {"0":2279,"1":1564.5999755859375,"2":15,"3":false}
2026-03-15 23:45:50 [debug] : 714.4000244140625 {"0":2319,"1":1604.5999755859375,"2":15,"3":false}
2026-03-15 23:45:50 [debug] : 714.4000244140625 {"0":2707,"1":1992.5999755859375,"2":15,"3":false}
2026-03-15 23:45:50 [debug] : 714.4000244140625 {"0":3082,"1":2367.5999755859375,"2":15,"3":false}
2026-03-15 23:45:50 [debug] : 700.7999877929688 {"0":7,"1":693.7999877929688,"2":15,"3":false}
2026-03-15 23:45:50 [debug] : 700.7999877929688 {"0":144,"1":556.7999877929688,"2":15,"3":false}
2026-03-15 23:45:50 [debug] : 700.7999877929688 {"0":174,"1":526.7999877929688,"2":15,"3":false}
2026-03-15 23:45:50 [debug] : 700.7999877929688 {"0":298,"1":402.79998779296875,"2":15,"3":false}
2026-03-15 23:45:50 [debug] : 700.7999877929688 {"0":626,"1":74.79998779296875,"2":15,"3":false}
2026-03-15 23:45:50 [debug] : 700.7999877929688 {"0":656,"1":44.79998779296875,"2":15,"3":false}
2026-03-15 23:45:50 [debug] : 700.7999877929688 {"0":780,"1":79.20001220703125,"2":15,"3":false}
2026-03-15 23:45:50 [debug] : 700.7999877929688 {"0":883,"1":182.20001220703125,"2":15,"3":false}
2026-03-15 23:45:50 [debug] : 700.7999877929688 {"0":1222,"1":521.2000122070312,"2":15,"3":false}
2026-03-15 23:45:50 [debug] : 700.7999877929688 {"0":1428,"1":727.2000122070312,"2":15,"3":false}
2026-03-15 23:45:50 [debug] : 700.7999877929688 {"0":1458,"1":757.2000122070312,"2":15,"3":false}
2026-03-15 23:45:50 [debug] : 700.7999877929688 {"0":1591,"1":890.2000122070312,"2":15,"3":false}
2026-03-15 23:45:50 [debug] : 700.7999877929688 {"0":1858,"1":1157.2000122070312,"2":15,"3":false}
2026-03-15 23:45:50 [debug] : 700.7999877929688 {"0":1888,"1":1187.2000122070312,"2":15,"3":false}
2026-03-15 23:45:50 [debug] : 700.7999877929688 {"0":2022,"1":1321.2000122070312,"2":15,"3":false}
2026-03-15 23:45:50 [debug] : 700.7999877929688 {"0":2249,"1":1548.2000122070312,"2":15,"3":false}
2026-03-15 23:45:50 [debug] : 700.7999877929688 {"0":2279,"1":1578.2000122070312,"2":15,"3":false}
2026-03-15 23:45:50 [debug] : 700.7999877929688 {"0":2319,"1":1618.2000122070312,"2":15,"3":false}
2026-03-15 23:45:50 [debug] : 700.7999877929688 {"0":2707,"1":2006.2000122070312,"2":15,"3":false}
2026-03-15 23:45:50 [debug] : 700.7999877929688 {"0":3082,"1":2381.2000122070312,"2":15,"3":false}
2026-03-15 23:45:50 [debug] : 695.2000122070312 {"0":7,"1":688.2000122070312,"2":15,"3":false}
2026-03-15 23:45:50 [debug] : 695.2000122070312 {"0":144,"1":551.2000122070312,"2":15,"3":false}
2026-03-15 23:45:50 [debug] : 695.2000122070312 {"0":174,"1":521.2000122070312,"2":15,"3":false}
2026-03-15 23:45:50 [debug] : 695.2000122070312 {"0":298,"1":397.20001220703125,"2":15,"3":false}
2026-03-15 23:45:50 [debug] : 695.2000122070312 {"0":626,"1":69.20001220703125,"2":15,"3":false}
2026-03-15 23:45:50 [debug] : 695.2000122070312 {"0":656,"1":39.20001220703125,"2":15,"3":false}
2026-03-15 23:45:50 [debug] : 695.2000122070312 {"0":780,"1":84.79998779296875,"2":15,"3":false}
2026-03-15 23:45:50 [debug] : 695.2000122070312 {"0":883,"1":187.79998779296875,"2":15,"3":false}
2026-03-15 23:45:50 [debug] : 695.2000122070312 {"0":1222,"1":526.7999877929688,"2":15,"3":false}
2026-03-15 23:45:50 [debug] : 695.2000122070312 {"0":1428,"1":732.7999877929688,"2":15,"3":false}
2026-03-15 23:45:50 [debug] : 695.2000122070312 {"0":1458,"1":762.7999877929688,"2":15,"3":false}
2026-03-15 23:45:50 [debug] : 695.2000122070312 {"0":1591,"1":895.7999877929688,"2":15,"3":false}
2026-03-15 23:45:50 [debug] : 695.2000122070312 {"0":1858,"1":1162.7999877929688,"2":15,"3":false}
2026-03-15 23:45:50 [debug] : 695.2000122070312 {"0":1888,"1":1192.7999877929688,"2":15,"3":false}
2026-03-15 23:45:50 [debug] : 695.2000122070312 {"0":2022,"1":1326.7999877929688,"2":15,"3":false}
2026-03-15 23:45:50 [debug] : 695.2000122070312 {"0":2249,"1":1553.7999877929688,"2":15,"3":false}
2026-03-15 23:45:50 [debug] : 695.2000122070312 {"0":2279,"1":1583.7999877929688,"2":15,"3":false}
2026-03-15 23:45:50 [debug] : 695.2000122070312 {"0":2319,"1":1623.7999877929688,"2":15,"3":false}
2026-03-15 23:45:50 [debug] : 695.2000122070312 {"0":2707,"1":2011.7999877929688,"2":15,"3":false}
2026-03-15 23:45:50 [debug] : 695.2000122070312 {"0":3082,"1":2386.7999877929688,"2":15,"3":false}
2026-03-15 23:45:50 [debug] : 694.4000244140625 {"0":7,"1":687.4000244140625,"2":15,"3":false}
2026-03-15 23:45:50 [debug] : 694.4000244140625 {"0":144,"1":550.4000244140625,"2":15,"3":false}
2026-03-15 23:45:50 [debug] : 694.4000244140625 {"0":174,"1":520.4000244140625,"2":15,"3":false}
2026-03-15 23:45:50 [debug] : 694.4000244140625 {"0":298,"1":396.4000244140625,"2":15,"3":false}
2026-03-15 23:45:50 [debug] : 694.4000244140625 {"0":626,"1":68.4000244140625,"2":15,"3":false}
2026-03-15 23:45:50 [debug] : 694.4000244140625 {"0":656,"1":38.4000244140625,"2":15,"3":false}
2026-03-15 23:45:50 [debug] : 694.4000244140625 {"0":780,"1":85.5999755859375,"2":15,"3":false}
2026-03-15 23:45:50 [debug] : 694.4000244140625 {"0":883,"1":188.5999755859375,"2":15,"3":false}
2026-03-15 23:45:50 [debug] : 694.4000244140625 {"0":1222,"1":527.5999755859375,"2":15,"3":false}
2026-03-15 23:45:50 [debug] : 694.4000244140625 {"0":1428,"1":733.5999755859375,"2":15,"3":false}
2026-03-15 23:45:50 [debug] : 694.4000244140625 {"0":1458,"1":763.5999755859375,"2":15,"3":false}
2026-03-15 23:45:50 [debug] : 694.4000244140625 {"0":1591,"1":896.5999755859375,"2":15,"3":false}
2026-03-15 23:45:50 [debug] : 694.4000244140625 {"0":1858,"1":1163.5999755859375,"2":15,"3":false}
2026-03-15 23:45:50 [debug] : 694.4000244140625 {"0":1888,"1":1193.5999755859375,"2":15,"3":false}
2026-03-15 23:45:50 [debug] : 694.4000244140625 {"0":2022,"1":1327.5999755859375,"2":15,"3":false}
2026-03-15 23:45:50 [debug] : 694.4000244140625 {"0":2249,"1":1554.5999755859375,"2":15,"3":false}
2026-03-15 23:45:50 [debug] : 694.4000244140625 {"0":2279,"1":1584.5999755859375,"2":15,"3":false}
2026-03-15 23:45:50 [debug] : 694.4000244140625 {"0":2319,"1":1624.5999755859375,"2":15,"3":false}
2026-03-15 23:45:50 [debug] : 694.4000244140625 {"0":2707,"1":2012.5999755859375,"2":15,"3":false}
2026-03-15 23:45:50 [debug] : 694.4000244140625 {"0":3082,"1":2387.5999755859375,"2":15,"3":false}
2026-03-15 23:45:50 [debug] : 693.5999755859375 {"0":7,"1":686.5999755859375,"2":15,"3":false}
2026-03-15 23:45:50 [debug] : 693.5999755859375 {"0":144,"1":549.5999755859375,"2":15,"3":false}
2026-03-15 23:45:50 [debug] : 693.5999755859375 {"0":174,"1":519.5999755859375,"2":15,"3":false}
2026-03-15 23:45:50 [debug] : 693.5999755859375 {"0":298,"1":395.5999755859375,"2":15,"3":false}
2026-03-15 23:45:50 [debug] : 693.5999755859375 {"0":626,"1":67.5999755859375,"2":15,"3":false}
2026-03-15 23:45:50 [debug] : 693.5999755859375 {"0":656,"1":37.5999755859375,"2":15,"3":false}
2026-03-15 23:45:50 [debug] : 693.5999755859375 {"0":780,"1":86.4000244140625,"2":15,"3":false}
2026-03-15 23:45:50 [debug] : 693.5999755859375 {"0":883,"1":189.4000244140625,"2":15,"3":false}
2026-03-15 23:45:50 [debug] : 693.5999755859375 {"0":1222,"1":528.4000244140625,"2":15,"3":false}
2026-03-15 23:45:50 [debug] : 693.5999755859375 {"0":1428,"1":734.4000244140625,"2":15,"3":false}
2026-03-15 23:45:50 [debug] : 693.5999755859375 {"0":1458,"1":764.4000244140625,"2":15,"3":false}
2026-03-15 23:45:50 [debug] : 693.5999755859375 {"0":1591,"1":897.4000244140625,"2":15,"3":false}
2026-03-15 23:45:50 [debug] : 693.5999755859375 {"0":1858,"1":1164.4000244140625,"2":15,"3":false}
2026-03-15 23:45:50 [debug] : 693.5999755859375 {"0":1888,"1":1194.4000244140625,"2":15,"3":false}
2026-03-15 23:45:50 [debug] : 693.5999755859375 {"0":2022,"1":1328.4000244140625,"2":15,"3":false}
2026-03-15 23:45:50 [debug] : 693.5999755859375 {"0":2249,"1":1555.4000244140625,"2":15,"3":false}
2026-03-15 23:45:50 [debug] : 693.5999755859375 {"0":2279,"1":1585.4000244140625,"2":15,"3":false}
2026-03-15 23:45:50 [debug] : 693.5999755859375 {"0":2319,"1":1625.4000244140625,"2":15,"3":false}
2026-03-15 23:45:50 [debug] : 693.5999755859375 {"0":2707,"1":2013.4000244140625,"2":15,"3":false}
2026-03-15 23:45:50 [debug] : 693.5999755859375 {"0":3082,"1":2388.4000244140625,"2":15,"3":false}
2026-03-15 23:45:50 [debug] : 692 {"0":7,"1":685,"2":15,"3":false}
2026-03-15 23:45:50 [debug] : 692 {"0":144,"1":548,"2":15,"3":false}
2026-03-15 23:45:50 [debug] : 692 {"0":174,"1":518,"2":15,"3":false}
2026-03-15 23:45:50 [debug] : 692 {"0":298,"1":394,"2":15,"3":false}
2026-03-15 23:45:50 [debug] : 692 {"0":626,"1":66,"2":15,"3":false}
2026-03-15 23:45:50 [debug] : 692 {"0":656,"1":36,"2":15,"3":false}
2026-03-15 23:45:50 [debug] : 692 {"0":780,"1":88,"2":15,"3":false}
2026-03-15 23:45:50 [debug] : 692 {"0":883,"1":191,"2":15,"3":false}
2026-03-15 23:45:50 [debug] : 692 {"0":1222,"1":530,"2":15,"3":false}
2026-03-15 23:45:50 [debug] : 692 {"0":1428,"1":736,"2":15,"3":false}
2026-03-15 23:45:50 [debug] : 692 {"0":1458,"1":766,"2":15,"3":false}
2026-03-15 23:45:50 [debug] : 692 {"0":1591,"1":899,"2":15,"3":false}
2026-03-15 23:45:50 [debug] : 692 {"0":1858,"1":1166,"2":15,"3":false}
2026-03-15 23:45:50 [debug] : 692 {"0":1888,"1":1196,"2":15,"3":false}
2026-03-15 23:45:50 [debug] : 692 {"0":2022,"1":1330,"2":15,"3":false}
2026-03-15 23:45:50 [debug] : 692 {"0":2249,"1":1557,"2":15,"3":false}
2026-03-15 23:45:50 [debug] : 692 {"0":2279,"1":1587,"2":15,"3":false}
2026-03-15 23:45:50 [debug] : 692 {"0":2319,"1":1627,"2":15,"3":false}
2026-03-15 23:45:50 [debug] : 692 {"0":2707,"1":2015,"2":15,"3":false}
2026-03-15 23:45:50 [debug] : 692 {"0":3082,"1":2390,"2":15,"3":false}
2026-03-15 23:45:50 [debug] : 691.2000122070312 {"0":7,"1":684.2000122070312,"2":15,"3":false}
2026-03-15 23:45:50 [debug] : 691.2000122070312 {"0":144,"1":547.2000122070312,"2":15,"3":false}
2026-03-15 23:45:50 [debug] : 691.2000122070312 {"0":174,"1":517.2000122070312,"2":15,"3":false}
2026-03-15 23:45:50 [debug] : 691.2000122070312 {"0":298,"1":393.20001220703125,"2":15,"3":false}
2026-03-15 23:45:50 [debug] : 691.2000122070312 {"0":626,"1":65.20001220703125,"2":15,"3":false}
2026-03-15 23:45:50 [debug] : 691.2000122070312 {"0":656,"1":35.20001220703125,"2":15,"3":false}
2026-03-15 23:45:50 [debug] : 691.2000122070312 {"0":780,"1":88.79998779296875,"2":15,"3":false}
2026-03-15 23:45:50 [debug] : 691.2000122070312 {"0":883,"1":191.79998779296875,"2":15,"3":false}
2026-03-15 23:45:50 [debug] : 691.2000122070312 {"0":1222,"1":530.7999877929688,"2":15,"3":false}
2026-03-15 23:45:50 [debug] : 691.2000122070312 {"0":1428,"1":736.7999877929688,"2":15,"3":false}
2026-03-15 23:45:50 [debug] : 691.2000122070312 {"0":1458,"1":766.7999877929688,"2":15,"3":false}
2026-03-15 23:45:50 [debug] : 691.2000122070312 {"0":1591,"1":899.7999877929688,"2":15,"3":false}
2026-03-15 23:45:50 [debug] : 691.2000122070312 {"0":1858,"1":1166.7999877929688,"2":15,"3":false}
2026-03-15 23:45:50 [debug] : 691.2000122070312 {"0":1888,"1":1196.7999877929688,"2":15,"3":false}
2026-03-15 23:45:50 [debug] : 691.2000122070312 {"0":2022,"1":1330.7999877929688,"2":15,"3":false}
2026-03-15 23:45:50 [debug] : 691.2000122070312 {"0":2249,"1":1557.7999877929688,"2":15,"3":false}
2026-03-15 23:45:50 [debug] : 691.2000122070312 {"0":2279,"1":1587.7999877929688,"2":15,"3":false}
2026-03-15 23:45:50 [debug] : 691.2000122070312 {"0":2319,"1":1627.7999877929688,"2":15,"3":false}
2026-03-15 23:45:50 [debug] : 691.2000122070312 {"0":2707,"1":2015.7999877929688,"2":15,"3":false}
2026-03-15 23:45:50 [debug] : 691.2000122070312 {"0":3082,"1":2390.7999877929688,"2":15,"3":false}
2026-03-15 23:45:50 [debug] : 690.4000244140625 {"0":7,"1":683.4000244140625,"2":15,"3":false}
2026-03-15 23:45:50 [debug] : 690.4000244140625 {"0":144,"1":546.4000244140625,"2":15,"3":false}
2026-03-15 23:45:50 [debug] : 690.4000244140625 {"0":174,"1":516.4000244140625,"2":15,"3":false}
2026-03-15 23:45:50 [debug] : 690.4000244140625 {"0":298,"1":392.4000244140625,"2":15,"3":false}
2026-03-15 23:45:50 [debug] : 690.4000244140625 {"0":626,"1":64.4000244140625,"2":15,"3":false}
2026-03-15 23:45:50 [debug] : 690.4000244140625 {"0":656,"1":34.4000244140625,"2":15,"3":false}
2026-03-15 23:45:50 [debug] : 690.4000244140625 {"0":780,"1":89.5999755859375,"2":15,"3":false}
2026-03-15 23:45:50 [debug] : 690.4000244140625 {"0":883,"1":192.5999755859375,"2":15,"3":false}
2026-03-15 23:45:50 [debug] : 690.4000244140625 {"0":1222,"1":531.5999755859375,"2":15,"3":false}
2026-03-15 23:45:50 [debug] : 690.4000244140625 {"0":1428,"1":737.5999755859375,"2":15,"3":false}
2026-03-15 23:45:50 [debug] : 690.4000244140625 {"0":1458,"1":767.5999755859375,"2":15,"3":false}
2026-03-15 23:45:50 [debug] : 690.4000244140625 {"0":1591,"1":900.5999755859375,"2":15,"3":false}
2026-03-15 23:45:50 [debug] : 690.4000244140625 {"0":1858,"1":1167.5999755859375,"2":15,"3":false}
2026-03-15 23:45:50 [debug] : 690.4000244140625 {"0":1888,"1":1197.5999755859375,"2":15,"3":false}
2026-03-15 23:45:50 [debug] : 690.4000244140625 {"0":2022,"1":1331.5999755859375,"2":15,"3":false}
2026-03-15 23:45:50 [debug] : 690.4000244140625 {"0":2249,"1":1558.5999755859375,"2":15,"3":false}
2026-03-15 23:45:50 [debug] : 690.4000244140625 {"0":2279,"1":1588.5999755859375,"2":15,"3":false}
2026-03-15 23:45:50 [debug] : 690.4000244140625 {"0":2319,"1":1628.5999755859375,"2":15,"3":false}
2026-03-15 23:45:50 [debug] : 690.4000244140625 {"0":2707,"1":2016.5999755859375,"2":15,"3":false}
2026-03-15 23:45:50 [debug] : 690.4000244140625 {"0":3082,"1":2391.5999755859375,"2":15,"3":false}
2026-03-15 23:45:50 [debug] : 684 {"0":7,"1":677,"2":15,"3":false}
2026-03-15 23:45:50 [debug] : 684 {"0":144,"1":540,"2":15,"3":false}
2026-03-15 23:45:50 [debug] : 684 {"0":174,"1":510,"2":15,"3":false}
2026-03-15 23:45:50 [debug] : 684 {"0":298,"1":386,"2":15,"3":false}
2026-03-15 23:45:50 [debug] : 684 {"0":626,"1":58,"2":15,"3":false}
2026-03-15 23:45:50 [debug] : 684 {"0":656,"1":28,"2":15,"3":false}
2026-03-15 23:45:50 [debug] : 684 {"0":780,"1":96,"2":15,"3":false}
2026-03-15 23:45:50 [debug] : 684 {"0":883,"1":199,"2":15,"3":false}
2026-03-15 23:45:50 [debug] : 684 {"0":1222,"1":538,"2":15,"3":false}
2026-03-15 23:45:50 [debug] : 684 {"0":1428,"1":744,"2":15,"3":false}
2026-03-15 23:45:50 [debug] : 684 {"0":1458,"1":774,"2":15,"3":false}
2026-03-15 23:45:50 [debug] : 684 {"0":1591,"1":907,"2":15,"3":false}
2026-03-15 23:45:50 [debug] : 684 {"0":1858,"1":1174,"2":15,"3":false}
2026-03-15 23:45:50 [debug] : 684 {"0":1888,"1":1204,"2":15,"3":false}
2026-03-15 23:45:50 [debug] : 684 {"0":2022,"1":1338,"2":15,"3":false}
2026-03-15 23:45:50 [debug] : 684 {"0":2249,"1":1565,"2":15,"3":false}
2026-03-15 23:45:50 [debug] : 684 {"0":2279,"1":1595,"2":15,"3":false}
2026-03-15 23:45:50 [debug] : 684 {"0":2319,"1":1635,"2":15,"3":false}
2026-03-15 23:45:50 [debug] : 684 {"0":2707,"1":2023,"2":15,"3":false}
2026-03-15 23:45:50 [debug] : 684 {"0":3082,"1":2398,"2":15,"3":false}
2026-03-15 23:45:50 [debug] : 660 {"0":7,"1":653,"2":15,"3":false}
2026-03-15 23:45:50 [debug] : 660 {"0":144,"1":516,"2":15,"3":false}
2026-03-15 23:45:50 [debug] : 660 {"0":174,"1":486,"2":15,"3":false}
2026-03-15 23:45:50 [debug] : 660 {"0":298,"1":362,"2":15,"3":false}
2026-03-15 23:45:50 [debug] : 660 {"0":626,"1":34,"2":15,"3":false}
2026-03-15 23:45:50 [debug] : 660 {"0":656,"1":4,"2":15,"3":true}
2026-03-15 23:45:50 [debug] : SELECTED {"0":"hls-report-section-m_axi::urn:analysis-report/top-517628394/synthesis-1219712035"}
2026-03-15 23:45:50 [debug] : 596 {"0":7,"1":589,"2":15,"3":false}
2026-03-15 23:45:50 [debug] : 596 {"0":144,"1":452,"2":15,"3":false}
2026-03-15 23:45:50 [debug] : 596 {"0":174,"1":422,"2":15,"3":false}
2026-03-15 23:45:50 [debug] : 596 {"0":298,"1":298,"2":15,"3":false}
2026-03-15 23:45:50 [debug] : 596 {"0":626,"1":30,"2":15,"3":false}
2026-03-15 23:45:50 [debug] : 596 {"0":656,"1":60,"2":15,"3":false}
2026-03-15 23:45:50 [debug] : 596 {"0":780,"1":184,"2":15,"3":false}
2026-03-15 23:45:50 [debug] : 596 {"0":883,"1":287,"2":15,"3":false}
2026-03-15 23:45:50 [debug] : 596 {"0":1222,"1":626,"2":15,"3":false}
2026-03-15 23:45:50 [debug] : 596 {"0":1428,"1":832,"2":15,"3":false}
2026-03-15 23:45:50 [debug] : 596 {"0":1458,"1":862,"2":15,"3":false}
2026-03-15 23:45:50 [debug] : 596 {"0":1591,"1":995,"2":15,"3":false}
2026-03-15 23:45:50 [debug] : 596 {"0":1858,"1":1262,"2":15,"3":false}
2026-03-15 23:45:50 [debug] : 596 {"0":1888,"1":1292,"2":15,"3":false}
2026-03-15 23:45:50 [debug] : 596 {"0":2022,"1":1426,"2":15,"3":false}
2026-03-15 23:45:50 [debug] : 596 {"0":2249,"1":1653,"2":15,"3":false}
2026-03-15 23:45:50 [debug] : 596 {"0":2279,"1":1683,"2":15,"3":false}
2026-03-15 23:45:50 [debug] : 596 {"0":2319,"1":1723,"2":15,"3":false}
2026-03-15 23:45:50 [debug] : 596 {"0":2707,"1":2111,"2":15,"3":false}
2026-03-15 23:45:50 [debug] : 596 {"0":3082,"1":2486,"2":15,"3":false}
2026-03-15 23:45:50 [debug] : 534.4000244140625 {"0":7,"1":527.4000244140625,"2":15,"3":false}
2026-03-15 23:45:50 [debug] : 534.4000244140625 {"0":144,"1":390.4000244140625,"2":15,"3":false}
2026-03-15 23:45:50 [debug] : 534.4000244140625 {"0":174,"1":360.4000244140625,"2":15,"3":false}
2026-03-15 23:45:50 [debug] : 534.4000244140625 {"0":298,"1":236.4000244140625,"2":15,"3":false}
2026-03-15 23:45:50 [debug] : 534.4000244140625 {"0":626,"1":91.5999755859375,"2":15,"3":false}
2026-03-15 23:45:50 [debug] : 534.4000244140625 {"0":656,"1":121.5999755859375,"2":15,"3":false}
2026-03-15 23:45:50 [debug] : 534.4000244140625 {"0":780,"1":245.5999755859375,"2":15,"3":false}
2026-03-15 23:45:50 [debug] : 534.4000244140625 {"0":883,"1":348.5999755859375,"2":15,"3":false}
2026-03-15 23:45:50 [debug] : 534.4000244140625 {"0":1222,"1":687.5999755859375,"2":15,"3":false}
2026-03-15 23:45:50 [debug] : 534.4000244140625 {"0":1428,"1":893.5999755859375,"2":15,"3":false}
2026-03-15 23:45:50 [debug] : 534.4000244140625 {"0":1458,"1":923.5999755859375,"2":15,"3":false}
2026-03-15 23:45:50 [debug] : 534.4000244140625 {"0":1591,"1":1056.5999755859375,"2":15,"3":false}
2026-03-15 23:45:50 [debug] : 534.4000244140625 {"0":1858,"1":1323.5999755859375,"2":15,"3":false}
2026-03-15 23:45:50 [debug] : 534.4000244140625 {"0":1888,"1":1353.5999755859375,"2":15,"3":false}
2026-03-15 23:45:50 [debug] : 534.4000244140625 {"0":2022,"1":1487.5999755859375,"2":15,"3":false}
2026-03-15 23:45:50 [debug] : 534.4000244140625 {"0":2249,"1":1714.5999755859375,"2":15,"3":false}
2026-03-15 23:45:50 [debug] : 534.4000244140625 {"0":2279,"1":1744.5999755859375,"2":15,"3":false}
2026-03-15 23:45:50 [debug] : 534.4000244140625 {"0":2319,"1":1784.5999755859375,"2":15,"3":false}
2026-03-15 23:45:50 [debug] : 534.4000244140625 {"0":2707,"1":2172.5999755859375,"2":15,"3":false}
2026-03-15 23:45:50 [debug] : 534.4000244140625 {"0":3082,"1":2547.5999755859375,"2":15,"3":false}
2026-03-15 23:45:50 [debug] : 481.6000061035156 {"0":7,"1":474.6000061035156,"2":15,"3":false}
2026-03-15 23:45:50 [debug] : 481.6000061035156 {"0":144,"1":337.6000061035156,"2":15,"3":false}
2026-03-15 23:45:50 [debug] : 481.6000061035156 {"0":174,"1":307.6000061035156,"2":15,"3":false}
2026-03-15 23:45:50 [debug] : 481.6000061035156 {"0":298,"1":183.60000610351562,"2":15,"3":false}
2026-03-15 23:45:50 [debug] : 481.6000061035156 {"0":626,"1":144.39999389648438,"2":15,"3":false}
2026-03-15 23:45:50 [debug] : 481.6000061035156 {"0":656,"1":174.39999389648438,"2":15,"3":false}
2026-03-15 23:45:50 [debug] : 481.6000061035156 {"0":780,"1":298.3999938964844,"2":15,"3":false}
2026-03-15 23:45:50 [debug] : 481.6000061035156 {"0":883,"1":401.3999938964844,"2":15,"3":false}
2026-03-15 23:45:50 [debug] : 481.6000061035156 {"0":1222,"1":740.3999938964844,"2":15,"3":false}
2026-03-15 23:45:50 [debug] : 481.6000061035156 {"0":1428,"1":946.3999938964844,"2":15,"3":false}
2026-03-15 23:45:50 [debug] : 481.6000061035156 {"0":1458,"1":976.3999938964844,"2":15,"3":false}
2026-03-15 23:45:50 [debug] : 481.6000061035156 {"0":1591,"1":1109.3999938964844,"2":15,"3":false}
2026-03-15 23:45:50 [debug] : 481.6000061035156 {"0":1858,"1":1376.3999938964844,"2":15,"3":false}
2026-03-15 23:45:50 [debug] : 481.6000061035156 {"0":1888,"1":1406.3999938964844,"2":15,"3":false}
2026-03-15 23:45:50 [debug] : 481.6000061035156 {"0":2022,"1":1540.3999938964844,"2":15,"3":false}
2026-03-15 23:45:50 [debug] : 481.6000061035156 {"0":2249,"1":1767.3999938964844,"2":15,"3":false}
2026-03-15 23:45:50 [debug] : 481.6000061035156 {"0":2279,"1":1797.3999938964844,"2":15,"3":false}
2026-03-15 23:45:50 [debug] : 481.6000061035156 {"0":2319,"1":1837.3999938964844,"2":15,"3":false}
2026-03-15 23:45:50 [debug] : 481.6000061035156 {"0":2707,"1":2225.3999938964844,"2":15,"3":false}
2026-03-15 23:45:50 [debug] : 481.6000061035156 {"0":3082,"1":2600.3999938964844,"2":15,"3":false}
2026-03-15 23:45:50 [debug] : 446.3999938964844 {"0":7,"1":439.3999938964844,"2":15,"3":false}
2026-03-15 23:45:50 [debug] : 446.3999938964844 {"0":144,"1":302.3999938964844,"2":15,"3":false}
2026-03-15 23:45:50 [debug] : 446.3999938964844 {"0":174,"1":272.3999938964844,"2":15,"3":false}
2026-03-15 23:45:50 [debug] : 446.3999938964844 {"0":298,"1":148.39999389648438,"2":15,"3":false}
2026-03-15 23:45:50 [debug] : 446.3999938964844 {"0":626,"1":179.60000610351562,"2":15,"3":false}
2026-03-15 23:45:50 [debug] : 446.3999938964844 {"0":656,"1":209.60000610351562,"2":15,"3":false}
2026-03-15 23:45:50 [debug] : 446.3999938964844 {"0":780,"1":333.6000061035156,"2":15,"3":false}
2026-03-15 23:45:50 [debug] : 446.3999938964844 {"0":883,"1":436.6000061035156,"2":15,"3":false}
2026-03-15 23:45:50 [debug] : 446.3999938964844 {"0":1222,"1":775.6000061035156,"2":15,"3":false}
2026-03-15 23:45:50 [debug] : 446.3999938964844 {"0":1428,"1":981.6000061035156,"2":15,"3":false}
2026-03-15 23:45:50 [debug] : 446.3999938964844 {"0":1458,"1":1011.6000061035156,"2":15,"3":false}
2026-03-15 23:45:50 [debug] : 446.3999938964844 {"0":1591,"1":1144.6000061035156,"2":15,"3":false}
2026-03-15 23:45:50 [debug] : 446.3999938964844 {"0":1858,"1":1411.6000061035156,"2":15,"3":false}
2026-03-15 23:45:50 [debug] : 446.3999938964844 {"0":1888,"1":1441.6000061035156,"2":15,"3":false}
2026-03-15 23:45:50 [debug] : 446.3999938964844 {"0":2022,"1":1575.6000061035156,"2":15,"3":false}
2026-03-15 23:45:50 [debug] : 446.3999938964844 {"0":2249,"1":1802.6000061035156,"2":15,"3":false}
2026-03-15 23:45:50 [debug] : 446.3999938964844 {"0":2279,"1":1832.6000061035156,"2":15,"3":false}
2026-03-15 23:45:50 [debug] : 446.3999938964844 {"0":2319,"1":1872.6000061035156,"2":15,"3":false}
2026-03-15 23:45:50 [debug] : 446.3999938964844 {"0":2707,"1":2260.6000061035156,"2":15,"3":false}
2026-03-15 23:45:50 [debug] : 446.3999938964844 {"0":3082,"1":2635.6000061035156,"2":15,"3":false}
2026-03-15 23:45:50 [debug] : 436.79998779296875 {"0":7,"1":429.79998779296875,"2":15,"3":false}
2026-03-15 23:45:50 [debug] : 436.79998779296875 {"0":144,"1":292.79998779296875,"2":15,"3":false}
2026-03-15 23:45:50 [debug] : 436.79998779296875 {"0":174,"1":262.79998779296875,"2":15,"3":false}
2026-03-15 23:45:50 [debug] : 436.79998779296875 {"0":298,"1":138.79998779296875,"2":15,"3":false}
2026-03-15 23:45:50 [debug] : 436.79998779296875 {"0":626,"1":189.20001220703125,"2":15,"3":false}
2026-03-15 23:45:50 [debug] : 436.79998779296875 {"0":656,"1":219.20001220703125,"2":15,"3":false}
2026-03-15 23:45:50 [debug] : 436.79998779296875 {"0":780,"1":343.20001220703125,"2":15,"3":false}
2026-03-15 23:45:50 [debug] : 436.79998779296875 {"0":883,"1":446.20001220703125,"2":15,"3":false}
2026-03-15 23:45:50 [debug] : 436.79998779296875 {"0":1222,"1":785.2000122070312,"2":15,"3":false}
2026-03-15 23:45:50 [debug] : 436.79998779296875 {"0":1428,"1":991.2000122070312,"2":15,"3":false}
2026-03-15 23:45:50 [debug] : 436.79998779296875 {"0":1458,"1":1021.2000122070312,"2":15,"3":false}
2026-03-15 23:45:50 [debug] : 436.79998779296875 {"0":1591,"1":1154.2000122070312,"2":15,"3":false}
2026-03-15 23:45:50 [debug] : 436.79998779296875 {"0":1858,"1":1421.2000122070312,"2":15,"3":false}
2026-03-15 23:45:50 [debug] : 436.79998779296875 {"0":1888,"1":1451.2000122070312,"2":15,"3":false}
2026-03-15 23:45:50 [debug] : 436.79998779296875 {"0":2022,"1":1585.2000122070312,"2":15,"3":false}
2026-03-15 23:45:50 [debug] : 436.79998779296875 {"0":2249,"1":1812.2000122070312,"2":15,"3":false}
2026-03-15 23:45:50 [debug] : 436.79998779296875 {"0":2279,"1":1842.2000122070312,"2":15,"3":false}
2026-03-15 23:45:50 [debug] : 436.79998779296875 {"0":2319,"1":1882.2000122070312,"2":15,"3":false}
2026-03-15 23:45:50 [debug] : 436.79998779296875 {"0":2707,"1":2270.2000122070312,"2":15,"3":false}
2026-03-15 23:45:50 [debug] : 436.79998779296875 {"0":3082,"1":2645.2000122070312,"2":15,"3":false}
2026-03-15 23:45:50 [debug] : 436 {"0":7,"1":429,"2":15,"3":false}
2026-03-15 23:45:50 [debug] : 436 {"0":144,"1":292,"2":15,"3":false}
2026-03-15 23:45:50 [debug] : 436 {"0":174,"1":262,"2":15,"3":false}
2026-03-15 23:45:50 [debug] : 436 {"0":298,"1":138,"2":15,"3":false}
2026-03-15 23:45:50 [debug] : 436 {"0":626,"1":190,"2":15,"3":false}
2026-03-15 23:45:50 [debug] : 436 {"0":656,"1":220,"2":15,"3":false}
2026-03-15 23:45:50 [debug] : 436 {"0":780,"1":344,"2":15,"3":false}
2026-03-15 23:45:50 [debug] : 436 {"0":883,"1":447,"2":15,"3":false}
2026-03-15 23:45:50 [debug] : 436 {"0":1222,"1":786,"2":15,"3":false}
2026-03-15 23:45:50 [debug] : 436 {"0":1428,"1":992,"2":15,"3":false}
2026-03-15 23:45:50 [debug] : 436 {"0":1458,"1":1022,"2":15,"3":false}
2026-03-15 23:45:50 [debug] : 436 {"0":1591,"1":1155,"2":15,"3":false}
2026-03-15 23:45:50 [debug] : 436 {"0":1858,"1":1422,"2":15,"3":false}
2026-03-15 23:45:50 [debug] : 436 {"0":1888,"1":1452,"2":15,"3":false}
2026-03-15 23:45:50 [debug] : 436 {"0":2022,"1":1586,"2":15,"3":false}
2026-03-15 23:45:50 [debug] : 436 {"0":2249,"1":1813,"2":15,"3":false}
2026-03-15 23:45:50 [debug] : 436 {"0":2279,"1":1843,"2":15,"3":false}
2026-03-15 23:45:50 [debug] : 436 {"0":2319,"1":1883,"2":15,"3":false}
2026-03-15 23:45:50 [debug] : 436 {"0":2707,"1":2271,"2":15,"3":false}
2026-03-15 23:45:50 [debug] : 436 {"0":3082,"1":2646,"2":15,"3":false}
2026-03-15 23:45:51 [debug] : 435.20001220703125 {"0":7,"1":428.20001220703125,"2":15,"3":false}
2026-03-15 23:45:51 [debug] : 435.20001220703125 {"0":144,"1":291.20001220703125,"2":15,"3":false}
2026-03-15 23:45:51 [debug] : 435.20001220703125 {"0":174,"1":261.20001220703125,"2":15,"3":false}
2026-03-15 23:45:51 [debug] : 435.20001220703125 {"0":298,"1":137.20001220703125,"2":15,"3":false}
2026-03-15 23:45:51 [debug] : 435.20001220703125 {"0":626,"1":190.79998779296875,"2":15,"3":false}
2026-03-15 23:45:51 [debug] : 435.20001220703125 {"0":656,"1":220.79998779296875,"2":15,"3":false}
2026-03-15 23:45:51 [debug] : 435.20001220703125 {"0":780,"1":344.79998779296875,"2":15,"3":false}
2026-03-15 23:45:51 [debug] : 435.20001220703125 {"0":883,"1":447.79998779296875,"2":15,"3":false}
2026-03-15 23:45:51 [debug] : 435.20001220703125 {"0":1222,"1":786.7999877929688,"2":15,"3":false}
2026-03-15 23:45:51 [debug] : 435.20001220703125 {"0":1428,"1":992.7999877929688,"2":15,"3":false}
2026-03-15 23:45:51 [debug] : 435.20001220703125 {"0":1458,"1":1022.7999877929688,"2":15,"3":false}
2026-03-15 23:45:51 [debug] : 435.20001220703125 {"0":1591,"1":1155.7999877929688,"2":15,"3":false}
2026-03-15 23:45:51 [debug] : 435.20001220703125 {"0":1858,"1":1422.7999877929688,"2":15,"3":false}
2026-03-15 23:45:51 [debug] : 435.20001220703125 {"0":1888,"1":1452.7999877929688,"2":15,"3":false}
2026-03-15 23:45:51 [debug] : 435.20001220703125 {"0":2022,"1":1586.7999877929688,"2":15,"3":false}
2026-03-15 23:45:51 [debug] : 435.20001220703125 {"0":2249,"1":1813.7999877929688,"2":15,"3":false}
2026-03-15 23:45:51 [debug] : 435.20001220703125 {"0":2279,"1":1843.7999877929688,"2":15,"3":false}
2026-03-15 23:45:51 [debug] : 435.20001220703125 {"0":2319,"1":1883.7999877929688,"2":15,"3":false}
2026-03-15 23:45:51 [debug] : 435.20001220703125 {"0":2707,"1":2271.7999877929688,"2":15,"3":false}
2026-03-15 23:45:51 [debug] : 435.20001220703125 {"0":3082,"1":2646.7999877929688,"2":15,"3":false}
2026-03-15 23:45:51 [debug] : 430.3999938964844 {"0":7,"1":423.3999938964844,"2":15,"3":false}
2026-03-15 23:45:51 [debug] : 430.3999938964844 {"0":144,"1":286.3999938964844,"2":15,"3":false}
2026-03-15 23:45:51 [debug] : 430.3999938964844 {"0":174,"1":256.3999938964844,"2":15,"3":false}
2026-03-15 23:45:51 [debug] : 430.3999938964844 {"0":298,"1":132.39999389648438,"2":15,"3":false}
2026-03-15 23:45:51 [debug] : 430.3999938964844 {"0":626,"1":195.60000610351562,"2":15,"3":false}
2026-03-15 23:45:51 [debug] : 430.3999938964844 {"0":656,"1":225.60000610351562,"2":15,"3":false}
2026-03-15 23:45:51 [debug] : 430.3999938964844 {"0":780,"1":349.6000061035156,"2":15,"3":false}
2026-03-15 23:45:51 [debug] : 430.3999938964844 {"0":883,"1":452.6000061035156,"2":15,"3":false}
2026-03-15 23:45:51 [debug] : 430.3999938964844 {"0":1222,"1":791.6000061035156,"2":15,"3":false}
2026-03-15 23:45:51 [debug] : 430.3999938964844 {"0":1428,"1":997.6000061035156,"2":15,"3":false}
2026-03-15 23:45:51 [debug] : 430.3999938964844 {"0":1458,"1":1027.6000061035156,"2":15,"3":false}
2026-03-15 23:45:51 [debug] : 430.3999938964844 {"0":1591,"1":1160.6000061035156,"2":15,"3":false}
2026-03-15 23:45:51 [debug] : 430.3999938964844 {"0":1858,"1":1427.6000061035156,"2":15,"3":false}
2026-03-15 23:45:51 [debug] : 430.3999938964844 {"0":1888,"1":1457.6000061035156,"2":15,"3":false}
2026-03-15 23:45:51 [debug] : 430.3999938964844 {"0":2022,"1":1591.6000061035156,"2":15,"3":false}
2026-03-15 23:45:51 [debug] : 430.3999938964844 {"0":2249,"1":1818.6000061035156,"2":15,"3":false}
2026-03-15 23:45:51 [debug] : 430.3999938964844 {"0":2279,"1":1848.6000061035156,"2":15,"3":false}
2026-03-15 23:45:51 [debug] : 430.3999938964844 {"0":2319,"1":1888.6000061035156,"2":15,"3":false}
2026-03-15 23:45:51 [debug] : 430.3999938964844 {"0":2707,"1":2276.6000061035156,"2":15,"3":false}
2026-03-15 23:45:51 [debug] : 430.3999938964844 {"0":3082,"1":2651.6000061035156,"2":15,"3":false}
2026-03-15 23:45:51 [debug] : 405.6000061035156 {"0":7,"1":398.6000061035156,"2":15,"3":false}
2026-03-15 23:45:51 [debug] : 405.6000061035156 {"0":144,"1":261.6000061035156,"2":15,"3":false}
2026-03-15 23:45:51 [debug] : 405.6000061035156 {"0":174,"1":231.60000610351562,"2":15,"3":false}
2026-03-15 23:45:51 [debug] : 405.6000061035156 {"0":298,"1":107.60000610351562,"2":15,"3":false}
2026-03-15 23:45:51 [debug] : 405.6000061035156 {"0":626,"1":220.39999389648438,"2":15,"3":false}
2026-03-15 23:45:51 [debug] : 405.6000061035156 {"0":656,"1":250.39999389648438,"2":15,"3":false}
2026-03-15 23:45:51 [debug] : 405.6000061035156 {"0":780,"1":374.3999938964844,"2":15,"3":false}
2026-03-15 23:45:51 [debug] : 405.6000061035156 {"0":883,"1":477.3999938964844,"2":15,"3":false}
2026-03-15 23:45:51 [debug] : 405.6000061035156 {"0":1222,"1":816.3999938964844,"2":15,"3":false}
2026-03-15 23:45:51 [debug] : 405.6000061035156 {"0":1428,"1":1022.3999938964844,"2":15,"3":false}
2026-03-15 23:45:51 [debug] : 405.6000061035156 {"0":1458,"1":1052.3999938964844,"2":15,"3":false}
2026-03-15 23:45:51 [debug] : 405.6000061035156 {"0":1591,"1":1185.3999938964844,"2":15,"3":false}
2026-03-15 23:45:51 [debug] : 405.6000061035156 {"0":1858,"1":1452.3999938964844,"2":15,"3":false}
2026-03-15 23:45:51 [debug] : 405.6000061035156 {"0":1888,"1":1482.3999938964844,"2":15,"3":false}
2026-03-15 23:45:51 [debug] : 405.6000061035156 {"0":2022,"1":1616.3999938964844,"2":15,"3":false}
2026-03-15 23:45:51 [debug] : 405.6000061035156 {"0":2249,"1":1843.3999938964844,"2":15,"3":false}
2026-03-15 23:45:51 [debug] : 405.6000061035156 {"0":2279,"1":1873.3999938964844,"2":15,"3":false}
2026-03-15 23:45:51 [debug] : 405.6000061035156 {"0":2319,"1":1913.3999938964844,"2":15,"3":false}
2026-03-15 23:45:51 [debug] : 405.6000061035156 {"0":2707,"1":2301.3999938964844,"2":15,"3":false}
2026-03-15 23:45:51 [debug] : 405.6000061035156 {"0":3082,"1":2676.3999938964844,"2":15,"3":false}
2026-03-15 23:45:51 [debug] : 343.20001220703125 {"0":7,"1":336.20001220703125,"2":15,"3":false}
2026-03-15 23:45:51 [debug] : 343.20001220703125 {"0":144,"1":199.20001220703125,"2":15,"3":false}
2026-03-15 23:45:51 [debug] : 343.20001220703125 {"0":174,"1":169.20001220703125,"2":15,"3":false}
2026-03-15 23:45:51 [debug] : 343.20001220703125 {"0":298,"1":45.20001220703125,"2":15,"3":false}
2026-03-15 23:45:51 [debug] : 343.20001220703125 {"0":626,"1":282.79998779296875,"2":15,"3":false}
2026-03-15 23:45:51 [debug] : 343.20001220703125 {"0":656,"1":312.79998779296875,"2":15,"3":false}
2026-03-15 23:45:51 [debug] : 343.20001220703125 {"0":780,"1":436.79998779296875,"2":15,"3":false}
2026-03-15 23:45:51 [debug] : 343.20001220703125 {"0":883,"1":539.7999877929688,"2":15,"3":false}
2026-03-15 23:45:51 [debug] : 343.20001220703125 {"0":1222,"1":878.7999877929688,"2":15,"3":false}
2026-03-15 23:45:51 [debug] : 343.20001220703125 {"0":1428,"1":1084.7999877929688,"2":15,"3":false}
2026-03-15 23:45:51 [debug] : 343.20001220703125 {"0":1458,"1":1114.7999877929688,"2":15,"3":false}
2026-03-15 23:45:51 [debug] : 343.20001220703125 {"0":1591,"1":1247.7999877929688,"2":15,"3":false}
2026-03-15 23:45:51 [debug] : 343.20001220703125 {"0":1858,"1":1514.7999877929688,"2":15,"3":false}
2026-03-15 23:45:51 [debug] : 343.20001220703125 {"0":1888,"1":1544.7999877929688,"2":15,"3":false}
2026-03-15 23:45:51 [debug] : 343.20001220703125 {"0":2022,"1":1678.7999877929688,"2":15,"3":false}
2026-03-15 23:45:51 [debug] : 343.20001220703125 {"0":2249,"1":1905.7999877929688,"2":15,"3":false}
2026-03-15 23:45:51 [debug] : 343.20001220703125 {"0":2279,"1":1935.7999877929688,"2":15,"3":false}
2026-03-15 23:45:51 [debug] : 343.20001220703125 {"0":2319,"1":1975.7999877929688,"2":15,"3":false}
2026-03-15 23:45:51 [debug] : 343.20001220703125 {"0":2707,"1":2363.7999877929688,"2":15,"3":false}
2026-03-15 23:45:51 [debug] : 343.20001220703125 {"0":3082,"1":2738.7999877929688,"2":15,"3":false}
2026-03-15 23:45:51 [debug] : 292.79998779296875 {"0":7,"1":285.79998779296875,"2":15,"3":false}
2026-03-15 23:45:51 [debug] : 292.79998779296875 {"0":144,"1":148.79998779296875,"2":15,"3":false}
2026-03-15 23:45:51 [debug] : 292.79998779296875 {"0":174,"1":118.79998779296875,"2":15,"3":false}
2026-03-15 23:45:51 [debug] : 292.79998779296875 {"0":298,"1":5.20001220703125,"2":15,"3":true}
2026-03-15 23:45:51 [debug] : SELECTED {"0":"hls-report-section-performance-&-resource-estimates::urn:analysis-report/top-517628394/synthesis-1219712035"}
2026-03-15 23:45:51 [debug] : 252 {"0":7,"1":245,"2":15,"3":false}
2026-03-15 23:45:51 [debug] : 252 {"0":144,"1":108,"2":15,"3":false}
2026-03-15 23:45:51 [debug] : 252 {"0":174,"1":78,"2":15,"3":false}
2026-03-15 23:45:51 [debug] : 252 {"0":298,"1":46,"2":15,"3":false}
2026-03-15 23:45:51 [debug] : 252 {"0":626,"1":374,"2":15,"3":false}
2026-03-15 23:45:51 [debug] : 252 {"0":656,"1":404,"2":15,"3":false}
2026-03-15 23:45:51 [debug] : 252 {"0":780,"1":528,"2":15,"3":false}
2026-03-15 23:45:51 [debug] : 252 {"0":883,"1":631,"2":15,"3":false}
2026-03-15 23:45:51 [debug] : 252 {"0":1222,"1":970,"2":15,"3":false}
2026-03-15 23:45:51 [debug] : 252 {"0":1428,"1":1176,"2":15,"3":false}
2026-03-15 23:45:51 [debug] : 252 {"0":1458,"1":1206,"2":15,"3":false}
2026-03-15 23:45:51 [debug] : 252 {"0":1591,"1":1339,"2":15,"3":false}
2026-03-15 23:45:51 [debug] : 252 {"0":1858,"1":1606,"2":15,"3":false}
2026-03-15 23:45:51 [debug] : 252 {"0":1888,"1":1636,"2":15,"3":false}
2026-03-15 23:45:51 [debug] : 252 {"0":2022,"1":1770,"2":15,"3":false}
2026-03-15 23:45:51 [debug] : 252 {"0":2249,"1":1997,"2":15,"3":false}
2026-03-15 23:45:51 [debug] : 252 {"0":2279,"1":2027,"2":15,"3":false}
2026-03-15 23:45:51 [debug] : 252 {"0":2319,"1":2067,"2":15,"3":false}
2026-03-15 23:45:51 [debug] : 252 {"0":2707,"1":2455,"2":15,"3":false}
2026-03-15 23:45:51 [debug] : 252 {"0":3082,"1":2830,"2":15,"3":false}
2026-03-15 23:45:51 [debug] : 227.1999969482422 {"0":7,"1":220.1999969482422,"2":15,"3":false}
2026-03-15 23:45:51 [debug] : 227.1999969482422 {"0":144,"1":83.19999694824219,"2":15,"3":false}
2026-03-15 23:45:51 [debug] : 227.1999969482422 {"0":174,"1":53.19999694824219,"2":15,"3":false}
2026-03-15 23:45:51 [debug] : 227.1999969482422 {"0":298,"1":70.80000305175781,"2":15,"3":false}
2026-03-15 23:45:51 [debug] : 227.1999969482422 {"0":626,"1":398.8000030517578,"2":15,"3":false}
2026-03-15 23:45:51 [debug] : 227.1999969482422 {"0":656,"1":428.8000030517578,"2":15,"3":false}
2026-03-15 23:45:51 [debug] : 227.1999969482422 {"0":780,"1":552.8000030517578,"2":15,"3":false}
2026-03-15 23:45:51 [debug] : 227.1999969482422 {"0":883,"1":655.8000030517578,"2":15,"3":false}
2026-03-15 23:45:51 [debug] : 227.1999969482422 {"0":1222,"1":994.8000030517578,"2":15,"3":false}
2026-03-15 23:45:51 [debug] : 227.1999969482422 {"0":1428,"1":1200.8000030517578,"2":15,"3":false}
2026-03-15 23:45:51 [debug] : 227.1999969482422 {"0":1458,"1":1230.8000030517578,"2":15,"3":false}
2026-03-15 23:45:51 [debug] : 227.1999969482422 {"0":1591,"1":1363.8000030517578,"2":15,"3":false}
2026-03-15 23:45:51 [debug] : 227.1999969482422 {"0":1858,"1":1630.8000030517578,"2":15,"3":false}
2026-03-15 23:45:51 [debug] : 227.1999969482422 {"0":1888,"1":1660.8000030517578,"2":15,"3":false}
2026-03-15 23:45:51 [debug] : 227.1999969482422 {"0":2022,"1":1794.8000030517578,"2":15,"3":false}
2026-03-15 23:45:51 [debug] : 227.1999969482422 {"0":2249,"1":2021.8000030517578,"2":15,"3":false}
2026-03-15 23:45:51 [debug] : 227.1999969482422 {"0":2279,"1":2051.800003051758,"2":15,"3":false}
2026-03-15 23:45:51 [debug] : 227.1999969482422 {"0":2319,"1":2091.800003051758,"2":15,"3":false}
2026-03-15 23:45:51 [debug] : 227.1999969482422 {"0":2707,"1":2479.800003051758,"2":15,"3":false}
2026-03-15 23:45:51 [debug] : 227.1999969482422 {"0":3082,"1":2854.800003051758,"2":15,"3":false}
2026-03-15 23:45:51 [debug] : 224.8000030517578 {"0":7,"1":217.8000030517578,"2":15,"3":false}
2026-03-15 23:45:51 [debug] : 224.8000030517578 {"0":144,"1":80.80000305175781,"2":15,"3":false}
2026-03-15 23:45:51 [debug] : 224.8000030517578 {"0":174,"1":50.80000305175781,"2":15,"3":false}
2026-03-15 23:45:51 [debug] : 224.8000030517578 {"0":298,"1":73.19999694824219,"2":15,"3":false}
2026-03-15 23:45:51 [debug] : 224.8000030517578 {"0":626,"1":401.1999969482422,"2":15,"3":false}
2026-03-15 23:45:51 [debug] : 224.8000030517578 {"0":656,"1":431.1999969482422,"2":15,"3":false}
2026-03-15 23:45:51 [debug] : 224.8000030517578 {"0":780,"1":555.1999969482422,"2":15,"3":false}
2026-03-15 23:45:51 [debug] : 224.8000030517578 {"0":883,"1":658.1999969482422,"2":15,"3":false}
2026-03-15 23:45:51 [debug] : 224.8000030517578 {"0":1222,"1":997.1999969482422,"2":15,"3":false}
2026-03-15 23:45:51 [debug] : 224.8000030517578 {"0":1428,"1":1203.1999969482422,"2":15,"3":false}
2026-03-15 23:45:51 [debug] : 224.8000030517578 {"0":1458,"1":1233.1999969482422,"2":15,"3":false}
2026-03-15 23:45:51 [debug] : 224.8000030517578 {"0":1591,"1":1366.1999969482422,"2":15,"3":false}
2026-03-15 23:45:51 [debug] : 224.8000030517578 {"0":1858,"1":1633.1999969482422,"2":15,"3":false}
2026-03-15 23:45:51 [debug] : 224.8000030517578 {"0":1888,"1":1663.1999969482422,"2":15,"3":false}
2026-03-15 23:45:51 [debug] : 224.8000030517578 {"0":2022,"1":1797.1999969482422,"2":15,"3":false}
2026-03-15 23:45:51 [debug] : 224.8000030517578 {"0":2249,"1":2024.1999969482422,"2":15,"3":false}
2026-03-15 23:45:51 [debug] : 224.8000030517578 {"0":2279,"1":2054.199996948242,"2":15,"3":false}
2026-03-15 23:45:51 [debug] : 224.8000030517578 {"0":2319,"1":2094.199996948242,"2":15,"3":false}
2026-03-15 23:45:51 [debug] : 224.8000030517578 {"0":2707,"1":2482.199996948242,"2":15,"3":false}
2026-03-15 23:45:51 [debug] : 224.8000030517578 {"0":3082,"1":2857.199996948242,"2":15,"3":false}
2026-03-15 23:46:06 [debug] : hls.flow_target {"0":[{"value":"vivado","description":"Vivado IP Flow Target"},{"value":"vitis","description":"Vitis Kernel Flow Target"}],"1":"vivado","2":"vivado","3":"vivado"}
2026-03-15 23:46:08 [debug] : [Hls Flow Server] Executing method:runOperation with connection:(object). {"0":"request:","1":{"componentLocation":"/home/abdullah/Desktop/CNN-on-FPGA/hls_component","operationType":1}}
2026-03-15 23:46:08 [debug] : Received event from notification service: ON_DID_LAUNCH_START. 
2026-03-15 23:46:13 [debug] : Received event from notification service: ON_DID_UPDATE_SUMMARY. 
2026-03-15 23:46:13 [debug] : Event posted using notification server in backend. {"0":{"wrappers_":{},"arrayIndexOffset_":-1,"array":["a8406a91-9c88-44ea-9ec9-970672e13594",null,53,null,null,null,null,"list-reports"],"pivot_":1.7976931348623157e+308,"convertedPrimitiveFields_":{}}}
2026-03-15 23:46:13 [debug] : Received event from notification service: ON_START_ANALYSIS_PROGRESS. 
2026-03-15 23:46:13 [debug] : Event posted using notification server in backend. {"0":{"wrappers_":{},"arrayIndexOffset_":-1,"array":["c4975918-e256-494a-bafe-ee4cfd2f648a",null,54,null,null,null,null,"list-reports"],"pivot_":1.7976931348623157e+308,"convertedPrimitiveFields_":{}}}
2026-03-15 23:46:13 [debug] : Received event from notification service: ON_STOP_ANALYSIS_PROGRESS. 
2026-03-15 23:46:16 [debug] : start navigation 1 
2026-03-15 23:46:16 [debug] : end navigation 0 
2026-03-15 23:46:16 [debug] : ending navigation with location {"uri":"file:///home/abdullah/Desktop/CNN-on-FPGA/src/conv.cpp","type":0,"context":{"line":40,"character":0}} 
2026-03-15 23:46:24 [debug] : MonacoEditorModel.cancelSync {"0":"file:///home/abdullah/Desktop/CNN-on-FPGA/src/eight.cpp"}
2026-03-15 23:46:24 [debug] : MonacoEditorModel.cancelSave {"0":"file:///home/abdullah/Desktop/CNN-on-FPGA/src/eight.cpp"}
2026-03-15 23:46:48 [debug] : Received event from notification service: ON_DID_UPDATE_SUMMARY. 
2026-03-15 23:46:48 [debug] : Event posted using notification server in backend. {"0":{"wrappers_":{},"arrayIndexOffset_":-1,"array":["3f50d7f1-e527-4313-8d60-9f334ab65398",null,53,null,null,null,null,"list-reports"],"pivot_":1.7976931348623157e+308,"convertedPrimitiveFields_":{}}}
2026-03-15 23:46:48 [debug] : Received event from notification service: ON_START_ANALYSIS_PROGRESS. 
2026-03-15 23:46:48 [debug] : Event posted using notification server in backend. {"0":{"wrappers_":{},"arrayIndexOffset_":-1,"array":["03e0e610-14b0-45d3-8171-8f22e0fc5872",null,54,null,null,null,null,"list-reports"],"pivot_":1.7976931348623157e+308,"convertedPrimitiveFields_":{}}}
2026-03-15 23:46:48 [debug] : Received event from notification service: ON_STOP_ANALYSIS_PROGRESS. 
2026-03-15 23:46:48 [debug] : [Hls Flow Server] Executing method:cancelOperation with connection:(object). {"0":"request:","1":{"componentLocation":"/home/abdullah/Desktop/CNN-on-FPGA/hls_component","operationType":1}}
2026-03-15 23:46:48 [debug] : Received event from notification service: ON_DID_LAUNCH_STOP. 
2026-03-15 23:46:48 [debug] : Received event from notification service: ON_DID_UPDATE_SUMMARY. 
2026-03-15 23:46:48 [debug] : Event posted using notification server in backend. {"0":{"wrappers_":{},"arrayIndexOffset_":-1,"array":["edcb34f8-edb8-4fa6-8417-6c0519f721b5",null,53,null,null,null,null,"list-reports"],"pivot_":1.7976931348623157e+308,"convertedPrimitiveFields_":{}}}
2026-03-15 23:46:48 [debug] : Received event from notification service: ON_START_ANALYSIS_PROGRESS. 
2026-03-15 23:46:48 [debug] : Event posted using notification server in backend. {"0":{"wrappers_":{},"arrayIndexOffset_":-1,"array":["bd427c5f-d8b3-44a7-bf22-96b723074109",null,54,null,null,null,null,"list-reports"],"pivot_":1.7976931348623157e+308,"convertedPrimitiveFields_":{}}}
2026-03-15 23:46:48 [debug] : Received event from notification service: ON_STOP_ANALYSIS_PROGRESS. 
2026-03-15 23:46:52 [debug] : Failed to open this link because its target is missing. 
2026-03-15 23:46:54 [debug] : 1.600000023841858 {"0":7,"1":5.399999976158142,"2":15,"3":true}
2026-03-15 23:46:54 [debug] : SELECTED {"0":"hls-report-section-general-information::urn:analysis-report/top-517628394/synthesis-1219712035"}
2026-03-15 23:46:54 [debug] : 18.399999618530273 {"0":7,"1":11.399999618530273,"2":15,"3":true}
2026-03-15 23:46:54 [debug] : SELECTED {"0":"hls-report-section-general-information::urn:analysis-report/top-517628394/synthesis-1219712035"}
2026-03-15 23:46:54 [debug] : Widget was activated, but did not accept focus after 2000ms: rigel-hls:report-widget:urn:analysis-report/top-517628394/synthesis-1219712035 
2026-03-15 23:46:54 [debug] : 68.80000305175781 {"0":7,"1":61.80000305175781,"2":15,"3":false}
2026-03-15 23:46:54 [debug] : 68.80000305175781 {"0":144,"1":75.19999694824219,"2":15,"3":false}
2026-03-15 23:46:54 [debug] : 68.80000305175781 {"0":174,"1":105.19999694824219,"2":15,"3":false}
2026-03-15 23:46:54 [debug] : 68.80000305175781 {"0":298,"1":229.1999969482422,"2":15,"3":false}
2026-03-15 23:46:54 [debug] : 68.80000305175781 {"0":625,"1":556.1999969482422,"2":15,"3":false}
2026-03-15 23:46:54 [debug] : 68.80000305175781 {"0":655,"1":586.1999969482422,"2":15,"3":false}
2026-03-15 23:46:54 [debug] : 68.80000305175781 {"0":779,"1":710.1999969482422,"2":15,"3":false}
2026-03-15 23:46:54 [debug] : 68.80000305175781 {"0":881,"1":812.1999969482422,"2":15,"3":false}
2026-03-15 23:46:54 [debug] : 68.80000305175781 {"0":1221,"1":1152.1999969482422,"2":15,"3":false}
2026-03-15 23:46:54 [debug] : 68.80000305175781 {"0":1426,"1":1357.1999969482422,"2":15,"3":false}
2026-03-15 23:46:54 [debug] : 68.80000305175781 {"0":1456,"1":1387.1999969482422,"2":15,"3":false}
2026-03-15 23:46:54 [debug] : 68.80000305175781 {"0":1590,"1":1521.1999969482422,"2":15,"3":false}
2026-03-15 23:46:54 [debug] : 68.80000305175781 {"0":1857,"1":1788.1999969482422,"2":15,"3":false}
2026-03-15 23:46:54 [debug] : 68.80000305175781 {"0":1887,"1":1818.1999969482422,"2":15,"3":false}
2026-03-15 23:46:54 [debug] : 68.80000305175781 {"0":2020,"1":1951.1999969482422,"2":15,"3":false}
2026-03-15 23:46:54 [debug] : 68.80000305175781 {"0":2247,"1":2178.199996948242,"2":15,"3":false}
2026-03-15 23:46:54 [debug] : 68.80000305175781 {"0":2277,"1":2208.199996948242,"2":15,"3":false}
2026-03-15 23:46:54 [debug] : 68.80000305175781 {"0":2317,"1":2248.199996948242,"2":15,"3":false}
2026-03-15 23:46:54 [debug] : 68.80000305175781 {"0":2706,"1":2637.199996948242,"2":15,"3":false}
2026-03-15 23:46:54 [debug] : 68.80000305175781 {"0":3080,"1":3011.199996948242,"2":15,"3":false}
2026-03-15 23:46:54 [debug] : 165.60000610351562 {"0":7,"1":158.60000610351562,"2":15,"3":false}
2026-03-15 23:46:54 [debug] : 165.60000610351562 {"0":144,"1":21.600006103515625,"2":15,"3":false}
2026-03-15 23:46:54 [debug] : 165.60000610351562 {"0":174,"1":8.399993896484375,"2":15,"3":true}
2026-03-15 23:46:54 [debug] : SELECTED {"0":"hls-report-section-timing-estimate::urn:analysis-report/top-517628394/synthesis-1219712035"}
2026-03-15 23:46:54 [debug] : 223.1999969482422 {"0":7,"1":216.1999969482422,"2":15,"3":false}
2026-03-15 23:46:54 [debug] : 223.1999969482422 {"0":144,"1":79.19999694824219,"2":15,"3":false}
2026-03-15 23:46:54 [debug] : 223.1999969482422 {"0":174,"1":49.19999694824219,"2":15,"3":false}
2026-03-15 23:46:54 [debug] : 223.1999969482422 {"0":298,"1":74.80000305175781,"2":15,"3":false}
2026-03-15 23:46:54 [debug] : 223.1999969482422 {"0":625,"1":401.8000030517578,"2":15,"3":false}
2026-03-15 23:46:54 [debug] : 223.1999969482422 {"0":655,"1":431.8000030517578,"2":15,"3":false}
2026-03-15 23:46:54 [debug] : 223.1999969482422 {"0":779,"1":555.8000030517578,"2":15,"3":false}
2026-03-15 23:46:54 [debug] : 223.1999969482422 {"0":881,"1":657.8000030517578,"2":15,"3":false}
2026-03-15 23:46:54 [debug] : 223.1999969482422 {"0":1221,"1":997.8000030517578,"2":15,"3":false}
2026-03-15 23:46:54 [debug] : 223.1999969482422 {"0":1426,"1":1202.8000030517578,"2":15,"3":false}
2026-03-15 23:46:54 [debug] : 223.1999969482422 {"0":1456,"1":1232.8000030517578,"2":15,"3":false}
2026-03-15 23:46:54 [debug] : 223.1999969482422 {"0":1590,"1":1366.8000030517578,"2":15,"3":false}
2026-03-15 23:46:54 [debug] : 223.1999969482422 {"0":1857,"1":1633.8000030517578,"2":15,"3":false}
2026-03-15 23:46:54 [debug] : 223.1999969482422 {"0":1887,"1":1663.8000030517578,"2":15,"3":false}
2026-03-15 23:46:54 [debug] : 223.1999969482422 {"0":2020,"1":1796.8000030517578,"2":15,"3":false}
2026-03-15 23:46:54 [debug] : 223.1999969482422 {"0":2247,"1":2023.8000030517578,"2":15,"3":false}
2026-03-15 23:46:54 [debug] : 223.1999969482422 {"0":2277,"1":2053.800003051758,"2":15,"3":false}
2026-03-15 23:46:54 [debug] : 223.1999969482422 {"0":2317,"1":2093.800003051758,"2":15,"3":false}
2026-03-15 23:46:54 [debug] : 223.1999969482422 {"0":2706,"1":2482.800003051758,"2":15,"3":false}
2026-03-15 23:46:54 [debug] : 223.1999969482422 {"0":3080,"1":2856.800003051758,"2":15,"3":false}
2026-03-15 23:46:54 [debug] : 252 {"0":7,"1":245,"2":15,"3":false}
2026-03-15 23:46:54 [debug] : 252 {"0":144,"1":108,"2":15,"3":false}
2026-03-15 23:46:54 [debug] : 252 {"0":174,"1":78,"2":15,"3":false}
2026-03-15 23:46:54 [debug] : 252 {"0":298,"1":46,"2":15,"3":false}
2026-03-15 23:46:54 [debug] : 252 {"0":625,"1":373,"2":15,"3":false}
2026-03-15 23:46:54 [debug] : 252 {"0":655,"1":403,"2":15,"3":false}
2026-03-15 23:46:54 [debug] : 252 {"0":779,"1":527,"2":15,"3":false}
2026-03-15 23:46:54 [debug] : 252 {"0":881,"1":629,"2":15,"3":false}
2026-03-15 23:46:54 [debug] : 252 {"0":1221,"1":969,"2":15,"3":false}
2026-03-15 23:46:54 [debug] : 252 {"0":1426,"1":1174,"2":15,"3":false}
2026-03-15 23:46:54 [debug] : 252 {"0":1456,"1":1204,"2":15,"3":false}
2026-03-15 23:46:54 [debug] : 252 {"0":1590,"1":1338,"2":15,"3":false}
2026-03-15 23:46:54 [debug] : 252 {"0":1857,"1":1605,"2":15,"3":false}
2026-03-15 23:46:54 [debug] : 252 {"0":1887,"1":1635,"2":15,"3":false}
2026-03-15 23:46:54 [debug] : 252 {"0":2020,"1":1768,"2":15,"3":false}
2026-03-15 23:46:54 [debug] : 252 {"0":2247,"1":1995,"2":15,"3":false}
2026-03-15 23:46:54 [debug] : 252 {"0":2277,"1":2025,"2":15,"3":false}
2026-03-15 23:46:54 [debug] : 252 {"0":2317,"1":2065,"2":15,"3":false}
2026-03-15 23:46:54 [debug] : 252 {"0":2706,"1":2454,"2":15,"3":false}
2026-03-15 23:46:54 [debug] : 252 {"0":3080,"1":2828,"2":15,"3":false}
2026-03-15 23:46:54 [debug] : 273.6000061035156 {"0":7,"1":266.6000061035156,"2":15,"3":false}
2026-03-15 23:46:54 [debug] : 273.6000061035156 {"0":144,"1":129.60000610351562,"2":15,"3":false}
2026-03-15 23:46:54 [debug] : 273.6000061035156 {"0":174,"1":99.60000610351562,"2":15,"3":false}
2026-03-15 23:46:54 [debug] : 273.6000061035156 {"0":298,"1":24.399993896484375,"2":15,"3":false}
2026-03-15 23:46:54 [debug] : 273.6000061035156 {"0":625,"1":351.3999938964844,"2":15,"3":false}
2026-03-15 23:46:54 [debug] : 273.6000061035156 {"0":655,"1":381.3999938964844,"2":15,"3":false}
2026-03-15 23:46:54 [debug] : 273.6000061035156 {"0":779,"1":505.3999938964844,"2":15,"3":false}
2026-03-15 23:46:54 [debug] : 273.6000061035156 {"0":881,"1":607.3999938964844,"2":15,"3":false}
2026-03-15 23:46:54 [debug] : 273.6000061035156 {"0":1221,"1":947.3999938964844,"2":15,"3":false}
2026-03-15 23:46:54 [debug] : 273.6000061035156 {"0":1426,"1":1152.3999938964844,"2":15,"3":false}
2026-03-15 23:46:54 [debug] : 273.6000061035156 {"0":1456,"1":1182.3999938964844,"2":15,"3":false}
2026-03-15 23:46:54 [debug] : 273.6000061035156 {"0":1590,"1":1316.3999938964844,"2":15,"3":false}
2026-03-15 23:46:54 [debug] : 273.6000061035156 {"0":1857,"1":1583.3999938964844,"2":15,"3":false}
2026-03-15 23:46:54 [debug] : 273.6000061035156 {"0":1887,"1":1613.3999938964844,"2":15,"3":false}
2026-03-15 23:46:54 [debug] : 273.6000061035156 {"0":2020,"1":1746.3999938964844,"2":15,"3":false}
2026-03-15 23:46:54 [debug] : 273.6000061035156 {"0":2247,"1":1973.3999938964844,"2":15,"3":false}
2026-03-15 23:46:54 [debug] : 273.6000061035156 {"0":2277,"1":2003.3999938964844,"2":15,"3":false}
2026-03-15 23:46:54 [debug] : 273.6000061035156 {"0":2317,"1":2043.3999938964844,"2":15,"3":false}
2026-03-15 23:46:54 [debug] : 273.6000061035156 {"0":2706,"1":2432.3999938964844,"2":15,"3":false}
2026-03-15 23:46:54 [debug] : 273.6000061035156 {"0":3080,"1":2806.3999938964844,"2":15,"3":false}
2026-03-15 23:46:54 [debug] : 274.3999938964844 {"0":7,"1":267.3999938964844,"2":15,"3":false}
2026-03-15 23:46:54 [debug] : 274.3999938964844 {"0":144,"1":130.39999389648438,"2":15,"3":false}
2026-03-15 23:46:54 [debug] : 274.3999938964844 {"0":174,"1":100.39999389648438,"2":15,"3":false}
2026-03-15 23:46:54 [debug] : 274.3999938964844 {"0":298,"1":23.600006103515625,"2":15,"3":false}
2026-03-15 23:46:54 [debug] : 274.3999938964844 {"0":625,"1":350.6000061035156,"2":15,"3":false}
2026-03-15 23:46:54 [debug] : 274.3999938964844 {"0":655,"1":380.6000061035156,"2":15,"3":false}
2026-03-15 23:46:54 [debug] : 274.3999938964844 {"0":779,"1":504.6000061035156,"2":15,"3":false}
2026-03-15 23:46:54 [debug] : 274.3999938964844 {"0":881,"1":606.6000061035156,"2":15,"3":false}
2026-03-15 23:46:54 [debug] : 274.3999938964844 {"0":1221,"1":946.6000061035156,"2":15,"3":false}
2026-03-15 23:46:54 [debug] : 274.3999938964844 {"0":1426,"1":1151.6000061035156,"2":15,"3":false}
2026-03-15 23:46:54 [debug] : 274.3999938964844 {"0":1456,"1":1181.6000061035156,"2":15,"3":false}
2026-03-15 23:46:54 [debug] : 274.3999938964844 {"0":1590,"1":1315.6000061035156,"2":15,"3":false}
2026-03-15 23:46:54 [debug] : 274.3999938964844 {"0":1857,"1":1582.6000061035156,"2":15,"3":false}
2026-03-15 23:46:54 [debug] : 274.3999938964844 {"0":1887,"1":1612.6000061035156,"2":15,"3":false}
2026-03-15 23:46:54 [debug] : 274.3999938964844 {"0":2020,"1":1745.6000061035156,"2":15,"3":false}
2026-03-15 23:46:54 [debug] : 274.3999938964844 {"0":2247,"1":1972.6000061035156,"2":15,"3":false}
2026-03-15 23:46:54 [debug] : 274.3999938964844 {"0":2277,"1":2002.6000061035156,"2":15,"3":false}
2026-03-15 23:46:54 [debug] : 274.3999938964844 {"0":2317,"1":2042.6000061035156,"2":15,"3":false}
2026-03-15 23:46:54 [debug] : 274.3999938964844 {"0":2706,"1":2431.6000061035156,"2":15,"3":false}
2026-03-15 23:46:54 [debug] : 274.3999938964844 {"0":3080,"1":2805.6000061035156,"2":15,"3":false}
2026-03-15 23:47:26 [debug] : hls.cosim.rtl {"0":[{"value":"verilog"},{"value":"vhdl"}],"1":"verilog","2":"verilog","3":"verilog"}
2026-03-15 23:47:26 [debug] : hls.cosim.tool {"0":[{"value":"vcs"},{"value":"modelsim"},{"value":"riviera"},{"value":"xsim"},{"value":"xcelium"}],"1":"xsim","2":"xsim","3":"xsim"}
2026-03-15 23:47:26 [debug] : hls.cosim.trace_level {"0":[{"value":"none"},{"value":"all"},{"value":"port"},{"value":"port_hier"}],"1":"none","2":"none","3":"none"}
2026-03-15 23:47:28 [debug] : [Hls Flow Server] Executing method:runOperation with connection:(object). {"0":"request:","1":{"componentLocation":"/home/abdullah/Desktop/CNN-on-FPGA/hls_component","operationType":2}}
2026-03-15 23:47:28 [debug] : Received event from notification service: ON_DID_LAUNCH_START. 
2026-03-15 23:47:33 [debug] : start navigation 1 
2026-03-15 23:47:33 [debug] : end navigation 0 
2026-03-15 23:47:33 [debug] : ending navigation with location {"uri":"file:///home/abdullah/Desktop/CNN-on-FPGA/src/conv.cpp","type":0,"context":{"line":40,"character":0}} 
2026-03-15 23:50:35 [debug] : [Hls Flow Server] Executing method:cancelOperation with connection:(object). {"0":"request:","1":{"componentLocation":"/home/abdullah/Desktop/CNN-on-FPGA/hls_component","operationType":2}}
2026-03-15 23:50:35 [debug] : Received event from notification service: ON_DID_LAUNCH_STOP. 
2026-03-15 23:50:37 [debug] : Received event from notification service: ON_DID_UPDATE_SUMMARY. 
2026-03-15 23:50:37 [debug] : Event posted using notification server in backend. {"0":{"wrappers_":{},"arrayIndexOffset_":-1,"array":["42fd698f-839d-465f-b6b4-a3ef636ac3f3",null,53,null,null,null,null,"list-reports"],"pivot_":1.7976931348623157e+308,"convertedPrimitiveFields_":{}}}
2026-03-15 23:50:37 [debug] : Received event from notification service: ON_START_ANALYSIS_PROGRESS. 
2026-03-15 23:50:37 [debug] : Event posted using notification server in backend. {"0":{"wrappers_":{},"arrayIndexOffset_":-1,"array":["6ea3a733-8940-43bf-9188-9aa44bb79ec9",null,54,null,null,null,null,"list-reports"],"pivot_":1.7976931348623157e+308,"convertedPrimitiveFields_":{}}}
2026-03-15 23:50:37 [debug] : Received event from notification service: ON_STOP_ANALYSIS_PROGRESS. 
2026-03-15 23:52:19 [debug] : Failed to open this link because its target is missing. 
2026-03-15 23:52:20 [debug] : 0.800000011920929 {"0":7,"1":6.199999988079071,"2":15,"3":true}
2026-03-15 23:52:20 [debug] : SELECTED {"0":"hls-report-section-general-information::urn:analysis-report/top-2056749319/cosim-1773029001"}
2026-03-15 23:52:20 [debug] : 11.199999809265137 {"0":7,"1":4.199999809265137,"2":15,"3":true}
2026-03-15 23:52:20 [debug] : SELECTED {"0":"hls-report-section-general-information::urn:analysis-report/top-2056749319/cosim-1773029001"}
2026-03-15 23:52:20 [debug] : 53.599998474121094 {"0":7,"1":46.599998474121094,"2":15,"3":false}
2026-03-15 23:52:20 [debug] : 53.599998474121094 {"0":144,"1":90.4000015258789,"2":15,"3":false}
2026-03-15 23:52:20 [debug] : 53.599998474121094 {"0":340,"1":286.4000015258789,"2":15,"3":false}
2026-03-15 23:52:20 [debug] : 87.19999694824219 {"0":7,"1":80.19999694824219,"2":15,"3":false}
2026-03-15 23:52:20 [debug] : 87.19999694824219 {"0":144,"1":56.80000305175781,"2":15,"3":false}
2026-03-15 23:52:20 [debug] : 87.19999694824219 {"0":340,"1":252.8000030517578,"2":15,"3":false}
2026-03-15 23:52:20 [debug] : 152.8000030517578 {"0":7,"1":145.8000030517578,"2":15,"3":false}
2026-03-15 23:52:20 [debug] : 152.8000030517578 {"0":144,"1":8.800003051757812,"2":15,"3":true}
2026-03-15 23:52:20 [debug] : SELECTED {"0":"hls-report-section-cosim-options::urn:analysis-report/top-2056749319/cosim-1773029001"}
2026-03-15 23:52:20 [debug] : 187.1999969482422 {"0":7,"1":180.1999969482422,"2":15,"3":false}
2026-03-15 23:52:20 [debug] : 187.1999969482422 {"0":144,"1":43.19999694824219,"2":15,"3":false}
2026-03-15 23:52:20 [debug] : 187.1999969482422 {"0":340,"1":152.8000030517578,"2":15,"3":false}
2026-03-15 23:52:20 [debug] : 202.39999389648438 {"0":7,"1":195.39999389648438,"2":15,"3":false}
2026-03-15 23:52:20 [debug] : 202.39999389648438 {"0":144,"1":58.399993896484375,"2":15,"3":false}
2026-03-15 23:52:20 [debug] : 202.39999389648438 {"0":340,"1":137.60000610351562,"2":15,"3":false}
2026-03-15 23:52:20 [debug] : 210.39999389648438 {"0":7,"1":203.39999389648438,"2":15,"3":false}
2026-03-15 23:52:20 [debug] : 210.39999389648438 {"0":144,"1":66.39999389648438,"2":15,"3":false}
2026-03-15 23:52:20 [debug] : 210.39999389648438 {"0":340,"1":129.60000610351562,"2":15,"3":false}
2026-03-15 23:52:20 [debug] : 215.1999969482422 {"0":7,"1":208.1999969482422,"2":15,"3":false}
2026-03-15 23:52:20 [debug] : 215.1999969482422 {"0":144,"1":71.19999694824219,"2":15,"3":false}
2026-03-15 23:52:20 [debug] : 215.1999969482422 {"0":340,"1":124.80000305175781,"2":15,"3":false}
2026-03-15 23:52:21 [debug] : 223.1999969482422 {"0":7,"1":216.1999969482422,"2":15,"3":false}
2026-03-15 23:52:21 [debug] : 223.1999969482422 {"0":144,"1":79.19999694824219,"2":15,"3":false}
2026-03-15 23:52:21 [debug] : 223.1999969482422 {"0":340,"1":116.80000305175781,"2":15,"3":false}
2026-03-15 23:52:21 [debug] : Widget was activated, but did not accept focus after 2000ms: rigel-hls:report-widget:urn:analysis-report/top-2056749319/cosim-1773029001 
2026-03-15 23:52:21 [debug] : 228 {"0":7,"1":221,"2":15,"3":false}
2026-03-15 23:52:21 [debug] : 228 {"0":144,"1":84,"2":15,"3":false}
2026-03-15 23:52:21 [debug] : 228 {"0":340,"1":112,"2":15,"3":false}
2026-03-15 23:52:43 [debug] : hls.package.output.format {"0":[{"value":"ip_catalog","description":"Generate Vivado IP and .zip archive"},{"value":"xo","description":"Generate a Vitis XO"},{"value":"rtl","description":"Generate RTL, skip packaging"}],"1":"ip_catalog","2":"ip_catalog","3":"ip_catalog"}
2026-03-15 23:52:46 [debug] : [Hls Flow Server] Executing method:runOperation with connection:(object). {"0":"request:","1":{"componentLocation":"/home/abdullah/Desktop/CNN-on-FPGA/hls_component","operationType":5}}
2026-03-15 23:52:46 [debug] : Received event from notification service: ON_DID_LAUNCH_START. 
2026-03-15 23:52:52 [debug] : Received event from notification service: ON_DID_UPDATE_SUMMARY. 
2026-03-15 23:52:52 [debug] : Event posted using notification server in backend. {"0":{"wrappers_":{},"arrayIndexOffset_":-1,"array":["df83ad1e-18c8-4cd2-add6-0e069964348c",null,53,null,null,null,null,"list-reports"],"pivot_":1.7976931348623157e+308,"convertedPrimitiveFields_":{}}}
2026-03-15 23:52:52 [debug] : Received event from notification service: ON_START_ANALYSIS_PROGRESS. 
2026-03-15 23:52:52 [debug] : Event posted using notification server in backend. {"0":{"wrappers_":{},"arrayIndexOffset_":-1,"array":["b0a2e573-67f9-4026-b5b3-853de8df134a",null,54,null,null,null,null,"list-reports"],"pivot_":1.7976931348623157e+308,"convertedPrimitiveFields_":{}}}
2026-03-15 23:52:52 [debug] : Received event from notification service: ON_STOP_ANALYSIS_PROGRESS. 
2026-03-15 23:52:57 [debug] : [Hls Flow Server] Executing method:cancelOperation with connection:(object). {"0":"request:","1":{"componentLocation":"/home/abdullah/Desktop/CNN-on-FPGA/hls_component","operationType":5}}
2026-03-15 23:52:57 [debug] : Received event from notification service: ON_DID_LAUNCH_STOP. 
2026-03-15 23:52:57 [debug] : Received event from notification service: ON_DID_UPDATE_SUMMARY. 
2026-03-15 23:52:57 [debug] : Event posted using notification server in backend. {"0":{"wrappers_":{},"arrayIndexOffset_":-1,"array":["adfbab23-933e-454f-8c9d-2d5ec0aa6c06",null,53,null,null,null,null,"list-reports"],"pivot_":1.7976931348623157e+308,"convertedPrimitiveFields_":{}}}
2026-03-15 23:52:57 [debug] : Received event from notification service: ON_START_ANALYSIS_PROGRESS. 
2026-03-15 23:52:57 [debug] : Event posted using notification server in backend. {"0":{"wrappers_":{},"arrayIndexOffset_":-1,"array":["c2255a8b-51d8-4f35-b83b-10c10ce864ed",null,54,null,null,null,null,"list-reports"],"pivot_":1.7976931348623157e+308,"convertedPrimitiveFields_":{}}}
2026-03-15 23:52:57 [debug] : Received event from notification service: ON_STOP_ANALYSIS_PROGRESS. 
2026-03-15 23:55:33 [debug] : Widget was activated, but did not accept focus after 2000ms: rigel-hls:report-widget:urn:analysis-report/top-2056749319/cosim-1773029001 
2026-03-15 23:55:34 [debug] : 136.8000030517578 {"0":7,"1":129.8000030517578,"2":15,"3":false}
2026-03-15 23:55:34 [debug] : 136.8000030517578 {"0":144,"1":7.1999969482421875,"2":15,"3":true}
2026-03-15 23:55:34 [debug] : SELECTED {"0":"hls-report-section-cosim-options::urn:analysis-report/top-2056749319/cosim-1773029001"}
2026-03-15 23:55:35 [debug] : 137.60000610351562 {"0":7,"1":130.60000610351562,"2":15,"3":false}
2026-03-15 23:55:35 [debug] : 137.60000610351562 {"0":144,"1":6.399993896484375,"2":15,"3":true}
2026-03-15 23:55:35 [debug] : SELECTED {"0":"hls-report-section-cosim-options::urn:analysis-report/top-2056749319/cosim-1773029001"}
2026-03-15 23:55:35 [debug] : 148 {"0":7,"1":141,"2":15,"3":false}
2026-03-15 23:55:35 [debug] : 148 {"0":144,"1":4,"2":15,"3":true}
2026-03-15 23:55:35 [debug] : SELECTED {"0":"hls-report-section-cosim-options::urn:analysis-report/top-2056749319/cosim-1773029001"}
2026-03-15 23:55:35 [debug] : 181.60000610351562 {"0":7,"1":174.60000610351562,"2":15,"3":false}
2026-03-15 23:55:35 [debug] : 181.60000610351562 {"0":144,"1":37.600006103515625,"2":15,"3":false}
2026-03-15 23:55:35 [debug] : 181.60000610351562 {"0":340,"1":158.39999389648438,"2":15,"3":false}
2026-03-15 23:55:35 [debug] : 220 {"0":7,"1":213,"2":15,"3":false}
2026-03-15 23:55:35 [debug] : 220 {"0":144,"1":76,"2":15,"3":false}
2026-03-15 23:55:35 [debug] : 220 {"0":340,"1":120,"2":15,"3":false}
2026-03-15 23:55:35 [debug] : 228 {"0":7,"1":221,"2":15,"3":false}
2026-03-15 23:55:35 [debug] : 228 {"0":144,"1":84,"2":15,"3":false}
2026-03-15 23:55:35 [debug] : 228 {"0":340,"1":112,"2":15,"3":false}
2026-03-15 23:55:41 [debug] : hls.vivado.flow {"0":[{"value":"syn","description":"Run only RTL synthesis"},{"value":"impl","description":"Run full implementation (RTL synthesis, place and route)"}],"1":"impl","2":"impl","3":"impl"}
2026-03-15 23:55:41 [debug] : hls.vivado.rtl {"0":[{"value":"verilog"},{"value":"vhdl"}],"1":"verilog","2":"verilog","3":"verilog"}
2026-03-15 23:55:41 [debug] : hls.vivado.phys_opt {"0":[{"value":"none","description":"Disable for post-place and post-route"},{"value":"auto","description":"Enablement is defined by vivado_impl_strategy"},{"value":"place","description":"Enable for post-place, disable for post-route"},{"value":"route","description":"Enable for post-route, disable for post-place"},{"value":"all","description":"Enable for post-place and post-route"}],"1":"auto","2":"auto","3":"auto"}
2026-03-15 23:55:41 [debug] : hls.vivado.report_level {"0":[{"value":"0","description":"Utilization & timing summary"},{"value":"1","description":"Include timing path details"},{"value":"2","description":"Include failfast report"}],"1":"2","2":"2","3":"2"}
2026-03-15 23:55:43 [debug] : [Hls Flow Server] Executing method:runOperation with connection:(object). {"0":"request:","1":{"componentLocation":"/home/abdullah/Desktop/CNN-on-FPGA/hls_component","operationType":3}}
2026-03-15 23:55:43 [debug] : Received event from notification service: ON_DID_LAUNCH_START. 
2026-03-15 23:59:21 [debug] : [Hls Flow Server] Executing method:cancelOperation with connection:(object). {"0":"request:","1":{"componentLocation":"/home/abdullah/Desktop/CNN-on-FPGA/hls_component","operationType":3}}
2026-03-15 23:59:21 [debug] : Received event from notification service: ON_DID_LAUNCH_STOP. 
2026-03-15 23:59:23 [debug] : Received event from notification service: ON_DID_UPDATE_SUMMARY. 
2026-03-15 23:59:23 [debug] : Event posted using notification server in backend. {"0":{"wrappers_":{},"arrayIndexOffset_":-1,"array":["05634e42-0382-484c-81d4-3451558ae4b4",null,53,null,null,null,null,"list-reports"],"pivot_":1.7976931348623157e+308,"convertedPrimitiveFields_":{}}}
2026-03-15 23:59:23 [debug] : Received event from notification service: ON_START_ANALYSIS_PROGRESS. 
2026-03-15 23:59:23 [debug] : Event posted using notification server in backend. {"0":{"wrappers_":{},"arrayIndexOffset_":-1,"array":["7fbb229c-6cd8-48e2-b338-0cdc111934ed",null,54,null,null,null,null,"list-reports"],"pivot_":1.7976931348623157e+308,"convertedPrimitiveFields_":{}}}
2026-03-15 23:59:23 [debug] : Received event from notification service: ON_STOP_ANALYSIS_PROGRESS. 
2026-03-15 23:59:27 [debug] : Failed to open this link because its target is missing. 
2026-03-15 23:59:29 [debug] : Widget was activated, but did not accept focus after 2000ms: rigel-hls:report-widget:urn:analysis-report/top-1803035982/rtl-synt-614077124 
2026-03-15 23:59:30 [debug] : 292.79998779296875 {"0":7,"1":285.79998779296875,"2":15,"3":false}
2026-03-15 23:59:30 [debug] : 292.79998779296875 {"0":234,"1":58.79998779296875,"2":15,"3":false}
2026-03-15 23:59:30 [debug] : 292.79998779296875 {"0":398,"1":105.20001220703125,"2":15,"3":false}
2026-03-15 23:59:30 [debug] : 292.79998779296875 {"0":716,"1":423.20001220703125,"2":15,"3":false}
2026-03-15 23:59:30 [debug] : 292.79998779296875 {"0":880,"1":587.2000122070312,"2":15,"3":false}
2026-03-15 23:59:30 [debug] : 292.79998779296875 {"0":1966,"1":1673.2000122070312,"2":15,"3":false}
2026-03-15 23:59:30 [debug] : 292.79998779296875 {"0":2810,"1":2517.2000122070312,"2":15,"3":false}
2026-03-15 23:59:32 [debug] : 293.6000061035156 {"0":7,"1":286.6000061035156,"2":15,"3":false}
2026-03-15 23:59:32 [debug] : 293.6000061035156 {"0":234,"1":59.600006103515625,"2":15,"3":false}
2026-03-15 23:59:32 [debug] : 293.6000061035156 {"0":398,"1":104.39999389648438,"2":15,"3":false}
2026-03-15 23:59:32 [debug] : 293.6000061035156 {"0":716,"1":422.3999938964844,"2":15,"3":false}
2026-03-15 23:59:32 [debug] : 293.6000061035156 {"0":880,"1":586.3999938964844,"2":15,"3":false}
2026-03-15 23:59:32 [debug] : 293.6000061035156 {"0":1966,"1":1672.3999938964844,"2":15,"3":false}
2026-03-15 23:59:32 [debug] : 293.6000061035156 {"0":2810,"1":2516.3999938964844,"2":15,"3":false}
2026-03-15 23:59:32 [debug] : 295.20001220703125 {"0":7,"1":288.20001220703125,"2":15,"3":false}
2026-03-15 23:59:32 [debug] : 295.20001220703125 {"0":234,"1":61.20001220703125,"2":15,"3":false}
2026-03-15 23:59:32 [debug] : 295.20001220703125 {"0":398,"1":102.79998779296875,"2":15,"3":false}
2026-03-15 23:59:32 [debug] : 295.20001220703125 {"0":716,"1":420.79998779296875,"2":15,"3":false}
2026-03-15 23:59:32 [debug] : 295.20001220703125 {"0":880,"1":584.7999877929688,"2":15,"3":false}
2026-03-15 23:59:32 [debug] : 295.20001220703125 {"0":1966,"1":1670.7999877929688,"2":15,"3":false}
2026-03-15 23:59:32 [debug] : 295.20001220703125 {"0":2810,"1":2514.7999877929688,"2":15,"3":false}
2026-03-15 23:59:32 [debug] : 304.79998779296875 {"0":7,"1":297.79998779296875,"2":15,"3":false}
2026-03-15 23:59:32 [debug] : 304.79998779296875 {"0":234,"1":70.79998779296875,"2":15,"3":false}
2026-03-15 23:59:32 [debug] : 304.79998779296875 {"0":398,"1":93.20001220703125,"2":15,"3":false}
2026-03-15 23:59:32 [debug] : 304.79998779296875 {"0":716,"1":411.20001220703125,"2":15,"3":false}
2026-03-15 23:59:32 [debug] : 304.79998779296875 {"0":880,"1":575.2000122070312,"2":15,"3":false}
2026-03-15 23:59:32 [debug] : 304.79998779296875 {"0":1966,"1":1661.2000122070312,"2":15,"3":false}
2026-03-15 23:59:32 [debug] : 304.79998779296875 {"0":2810,"1":2505.2000122070312,"2":15,"3":false}
2026-03-15 23:59:32 [debug] : 322.3999938964844 {"0":7,"1":315.3999938964844,"2":15,"3":false}
2026-03-15 23:59:32 [debug] : 322.3999938964844 {"0":234,"1":88.39999389648438,"2":15,"3":false}
2026-03-15 23:59:32 [debug] : 322.3999938964844 {"0":398,"1":75.60000610351562,"2":15,"3":false}
2026-03-15 23:59:32 [debug] : 322.3999938964844 {"0":716,"1":393.6000061035156,"2":15,"3":false}
2026-03-15 23:59:32 [debug] : 322.3999938964844 {"0":880,"1":557.6000061035156,"2":15,"3":false}
2026-03-15 23:59:32 [debug] : 322.3999938964844 {"0":1966,"1":1643.6000061035156,"2":15,"3":false}
2026-03-15 23:59:32 [debug] : 322.3999938964844 {"0":2810,"1":2487.6000061035156,"2":15,"3":false}
2026-03-15 23:59:32 [debug] : 332.79998779296875 {"0":7,"1":325.79998779296875,"2":15,"3":false}
2026-03-15 23:59:32 [debug] : 332.79998779296875 {"0":234,"1":98.79998779296875,"2":15,"3":false}
2026-03-15 23:59:32 [debug] : 332.79998779296875 {"0":398,"1":65.20001220703125,"2":15,"3":false}
2026-03-15 23:59:32 [debug] : 332.79998779296875 {"0":716,"1":383.20001220703125,"2":15,"3":false}
2026-03-15 23:59:32 [debug] : 332.79998779296875 {"0":880,"1":547.2000122070312,"2":15,"3":false}
2026-03-15 23:59:32 [debug] : 332.79998779296875 {"0":1966,"1":1633.2000122070312,"2":15,"3":false}
2026-03-15 23:59:32 [debug] : 332.79998779296875 {"0":2810,"1":2477.2000122070312,"2":15,"3":false}
2026-03-15 23:59:32 [debug] : 354.3999938964844 {"0":7,"1":347.3999938964844,"2":15,"3":false}
2026-03-15 23:59:32 [debug] : 354.3999938964844 {"0":234,"1":120.39999389648438,"2":15,"3":false}
2026-03-15 23:59:32 [debug] : 354.3999938964844 {"0":398,"1":43.600006103515625,"2":15,"3":false}
2026-03-15 23:59:32 [debug] : 354.3999938964844 {"0":716,"1":361.6000061035156,"2":15,"3":false}
2026-03-15 23:59:32 [debug] : 354.3999938964844 {"0":880,"1":525.6000061035156,"2":15,"3":false}
2026-03-15 23:59:32 [debug] : 354.3999938964844 {"0":1966,"1":1611.6000061035156,"2":15,"3":false}
2026-03-15 23:59:32 [debug] : 354.3999938964844 {"0":2810,"1":2455.6000061035156,"2":15,"3":false}
2026-03-15 23:59:32 [debug] : 369.6000061035156 {"0":7,"1":362.6000061035156,"2":15,"3":false}
2026-03-15 23:59:32 [debug] : 369.6000061035156 {"0":234,"1":135.60000610351562,"2":15,"3":false}
2026-03-15 23:59:32 [debug] : 369.6000061035156 {"0":398,"1":28.399993896484375,"2":15,"3":false}
2026-03-15 23:59:32 [debug] : 369.6000061035156 {"0":716,"1":346.3999938964844,"2":15,"3":false}
2026-03-15 23:59:32 [debug] : 369.6000061035156 {"0":880,"1":510.3999938964844,"2":15,"3":false}
2026-03-15 23:59:32 [debug] : 369.6000061035156 {"0":1966,"1":1596.3999938964844,"2":15,"3":false}
2026-03-15 23:59:32 [debug] : 369.6000061035156 {"0":2810,"1":2440.3999938964844,"2":15,"3":false}
2026-03-15 23:59:32 [debug] : 379.20001220703125 {"0":7,"1":372.20001220703125,"2":15,"3":false}
2026-03-15 23:59:32 [debug] : 379.20001220703125 {"0":234,"1":145.20001220703125,"2":15,"3":false}
2026-03-15 23:59:32 [debug] : 379.20001220703125 {"0":398,"1":18.79998779296875,"2":15,"3":false}
2026-03-15 23:59:32 [debug] : 379.20001220703125 {"0":716,"1":336.79998779296875,"2":15,"3":false}
2026-03-15 23:59:32 [debug] : 379.20001220703125 {"0":880,"1":500.79998779296875,"2":15,"3":false}
2026-03-15 23:59:32 [debug] : 379.20001220703125 {"0":1966,"1":1586.7999877929688,"2":15,"3":false}
2026-03-15 23:59:32 [debug] : 379.20001220703125 {"0":2810,"1":2430.7999877929688,"2":15,"3":false}
2026-03-15 23:59:32 [debug] : 384.79998779296875 {"0":7,"1":377.79998779296875,"2":15,"3":false}
2026-03-15 23:59:32 [debug] : 384.79998779296875 {"0":234,"1":150.79998779296875,"2":15,"3":false}
2026-03-15 23:59:32 [debug] : 384.79998779296875 {"0":398,"1":13.20001220703125,"2":15,"3":true}
2026-03-15 23:59:32 [debug] : SELECTED {"0":"hls-report-section-resource-usage::urn:analysis-report/top-1803035982/rtl-synt-614077124"}
2026-03-15 23:59:32 [debug] : 389.6000061035156 {"0":7,"1":382.6000061035156,"2":15,"3":false}
2026-03-15 23:59:32 [debug] : 389.6000061035156 {"0":234,"1":155.60000610351562,"2":15,"3":false}
2026-03-15 23:59:32 [debug] : 389.6000061035156 {"0":398,"1":8.399993896484375,"2":15,"3":true}
2026-03-15 23:59:32 [debug] : SELECTED {"0":"hls-report-section-resource-usage::urn:analysis-report/top-1803035982/rtl-synt-614077124"}
2026-03-15 23:59:32 [debug] : 392 {"0":7,"1":385,"2":15,"3":false}
2026-03-15 23:59:32 [debug] : 392 {"0":234,"1":158,"2":15,"3":false}
2026-03-15 23:59:32 [debug] : 392 {"0":398,"1":6,"2":15,"3":true}
2026-03-15 23:59:32 [debug] : SELECTED {"0":"hls-report-section-resource-usage::urn:analysis-report/top-1803035982/rtl-synt-614077124"}
2026-03-15 23:59:32 [debug] : 395.20001220703125 {"0":7,"1":388.20001220703125,"2":15,"3":false}
2026-03-15 23:59:32 [debug] : 395.20001220703125 {"0":234,"1":161.20001220703125,"2":15,"3":false}
2026-03-15 23:59:32 [debug] : 395.20001220703125 {"0":398,"1":2.79998779296875,"2":15,"3":true}
2026-03-15 23:59:32 [debug] : SELECTED {"0":"hls-report-section-resource-usage::urn:analysis-report/top-1803035982/rtl-synt-614077124"}
2026-03-15 23:59:32 [debug] : 398.3999938964844 {"0":7,"1":391.3999938964844,"2":15,"3":false}
2026-03-15 23:59:32 [debug] : 398.3999938964844 {"0":234,"1":164.39999389648438,"2":15,"3":false}
2026-03-15 23:59:32 [debug] : 398.3999938964844 {"0":398,"1":0.399993896484375,"2":15,"3":true}
2026-03-15 23:59:32 [debug] : SELECTED {"0":"hls-report-section-resource-usage::urn:analysis-report/top-1803035982/rtl-synt-614077124"}
2026-03-15 23:59:32 [debug] : 400.79998779296875 {"0":7,"1":393.79998779296875,"2":15,"3":false}
2026-03-15 23:59:32 [debug] : 400.79998779296875 {"0":234,"1":166.79998779296875,"2":15,"3":false}
2026-03-15 23:59:32 [debug] : 400.79998779296875 {"0":398,"1":2.79998779296875,"2":15,"3":true}
2026-03-15 23:59:32 [debug] : SELECTED {"0":"hls-report-section-resource-usage::urn:analysis-report/top-1803035982/rtl-synt-614077124"}
2026-03-15 23:59:32 [debug] : 403.20001220703125 {"0":7,"1":396.20001220703125,"2":15,"3":false}
2026-03-15 23:59:32 [debug] : 403.20001220703125 {"0":234,"1":169.20001220703125,"2":15,"3":false}
2026-03-15 23:59:32 [debug] : 403.20001220703125 {"0":398,"1":5.20001220703125,"2":15,"3":true}
2026-03-15 23:59:32 [debug] : SELECTED {"0":"hls-report-section-resource-usage::urn:analysis-report/top-1803035982/rtl-synt-614077124"}
2026-03-15 23:59:32 [debug] : 404 {"0":7,"1":397,"2":15,"3":false}
2026-03-15 23:59:32 [debug] : 404 {"0":234,"1":170,"2":15,"3":false}
2026-03-15 23:59:32 [debug] : 404 {"0":398,"1":6,"2":15,"3":true}
2026-03-15 23:59:32 [debug] : SELECTED {"0":"hls-report-section-resource-usage::urn:analysis-report/top-1803035982/rtl-synt-614077124"}
2026-03-15 23:59:32 [debug] : 404.79998779296875 {"0":7,"1":397.79998779296875,"2":15,"3":false}
2026-03-15 23:59:32 [debug] : 404.79998779296875 {"0":234,"1":170.79998779296875,"2":15,"3":false}
2026-03-15 23:59:32 [debug] : 404.79998779296875 {"0":398,"1":6.79998779296875,"2":15,"3":true}
2026-03-15 23:59:32 [debug] : SELECTED {"0":"hls-report-section-resource-usage::urn:analysis-report/top-1803035982/rtl-synt-614077124"}
2026-03-15 23:59:33 [debug] : 405.6000061035156 {"0":7,"1":398.6000061035156,"2":15,"3":false}
2026-03-15 23:59:33 [debug] : 405.6000061035156 {"0":234,"1":171.60000610351562,"2":15,"3":false}
2026-03-15 23:59:33 [debug] : 405.6000061035156 {"0":398,"1":7.600006103515625,"2":15,"3":true}
2026-03-15 23:59:33 [debug] : SELECTED {"0":"hls-report-section-resource-usage::urn:analysis-report/top-1803035982/rtl-synt-614077124"}
2026-03-15 23:59:33 [debug] : 406.3999938964844 {"0":7,"1":399.3999938964844,"2":15,"3":false}
2026-03-15 23:59:33 [debug] : 406.3999938964844 {"0":234,"1":172.39999389648438,"2":15,"3":false}
2026-03-15 23:59:33 [debug] : 406.3999938964844 {"0":398,"1":8.399993896484375,"2":15,"3":true}
2026-03-15 23:59:33 [debug] : SELECTED {"0":"hls-report-section-resource-usage::urn:analysis-report/top-1803035982/rtl-synt-614077124"}
2026-03-15 23:59:33 [debug] : 408 {"0":7,"1":401,"2":15,"3":false}
2026-03-15 23:59:33 [debug] : 408 {"0":234,"1":174,"2":15,"3":false}
2026-03-15 23:59:33 [debug] : 408 {"0":398,"1":10,"2":15,"3":true}
2026-03-15 23:59:33 [debug] : SELECTED {"0":"hls-report-section-resource-usage::urn:analysis-report/top-1803035982/rtl-synt-614077124"}
2026-03-15 23:59:33 [debug] : 413.6000061035156 {"0":7,"1":406.6000061035156,"2":15,"3":false}
2026-03-15 23:59:33 [debug] : 413.6000061035156 {"0":234,"1":179.60000610351562,"2":15,"3":false}
2026-03-15 23:59:33 [debug] : 413.6000061035156 {"0":398,"1":15.600006103515625,"2":15,"3":false}
2026-03-15 23:59:33 [debug] : 413.6000061035156 {"0":716,"1":302.3999938964844,"2":15,"3":false}
2026-03-15 23:59:33 [debug] : 413.6000061035156 {"0":880,"1":466.3999938964844,"2":15,"3":false}
2026-03-15 23:59:33 [debug] : 413.6000061035156 {"0":1966,"1":1552.3999938964844,"2":15,"3":false}
2026-03-15 23:59:33 [debug] : 413.6000061035156 {"0":2810,"1":2396.3999938964844,"2":15,"3":false}
2026-03-15 23:59:33 [debug] : 423.20001220703125 {"0":7,"1":416.20001220703125,"2":15,"3":false}
2026-03-15 23:59:33 [debug] : 423.20001220703125 {"0":234,"1":189.20001220703125,"2":15,"3":false}
2026-03-15 23:59:33 [debug] : 423.20001220703125 {"0":398,"1":25.20001220703125,"2":15,"3":false}
2026-03-15 23:59:33 [debug] : 423.20001220703125 {"0":716,"1":292.79998779296875,"2":15,"3":false}
2026-03-15 23:59:33 [debug] : 423.20001220703125 {"0":880,"1":456.79998779296875,"2":15,"3":false}
2026-03-15 23:59:33 [debug] : 423.20001220703125 {"0":1966,"1":1542.7999877929688,"2":15,"3":false}
2026-03-15 23:59:33 [debug] : 423.20001220703125 {"0":2810,"1":2386.7999877929688,"2":15,"3":false}
2026-03-15 23:59:33 [debug] : 431.20001220703125 {"0":7,"1":424.20001220703125,"2":15,"3":false}
2026-03-15 23:59:33 [debug] : 431.20001220703125 {"0":234,"1":197.20001220703125,"2":15,"3":false}
2026-03-15 23:59:33 [debug] : 431.20001220703125 {"0":398,"1":33.20001220703125,"2":15,"3":false}
2026-03-15 23:59:33 [debug] : 431.20001220703125 {"0":716,"1":284.79998779296875,"2":15,"3":false}
2026-03-15 23:59:33 [debug] : 431.20001220703125 {"0":880,"1":448.79998779296875,"2":15,"3":false}
2026-03-15 23:59:33 [debug] : 431.20001220703125 {"0":1966,"1":1534.7999877929688,"2":15,"3":false}
2026-03-15 23:59:33 [debug] : 431.20001220703125 {"0":2810,"1":2378.7999877929688,"2":15,"3":false}
2026-03-15 23:59:33 [debug] : 436.79998779296875 {"0":7,"1":429.79998779296875,"2":15,"3":false}
2026-03-15 23:59:33 [debug] : 436.79998779296875 {"0":234,"1":202.79998779296875,"2":15,"3":false}
2026-03-15 23:59:33 [debug] : 436.79998779296875 {"0":398,"1":38.79998779296875,"2":15,"3":false}
2026-03-15 23:59:33 [debug] : 436.79998779296875 {"0":716,"1":279.20001220703125,"2":15,"3":false}
2026-03-15 23:59:33 [debug] : 436.79998779296875 {"0":880,"1":443.20001220703125,"2":15,"3":false}
2026-03-15 23:59:33 [debug] : 436.79998779296875 {"0":1966,"1":1529.2000122070312,"2":15,"3":false}
2026-03-15 23:59:33 [debug] : 436.79998779296875 {"0":2810,"1":2373.2000122070312,"2":15,"3":false}
2026-03-15 23:59:33 [debug] : 440.79998779296875 {"0":7,"1":433.79998779296875,"2":15,"3":false}
2026-03-15 23:59:33 [debug] : 440.79998779296875 {"0":234,"1":206.79998779296875,"2":15,"3":false}
2026-03-15 23:59:33 [debug] : 440.79998779296875 {"0":398,"1":42.79998779296875,"2":15,"3":false}
2026-03-15 23:59:33 [debug] : 440.79998779296875 {"0":716,"1":275.20001220703125,"2":15,"3":false}
2026-03-15 23:59:33 [debug] : 440.79998779296875 {"0":880,"1":439.20001220703125,"2":15,"3":false}
2026-03-15 23:59:33 [debug] : 440.79998779296875 {"0":1966,"1":1525.2000122070312,"2":15,"3":false}
2026-03-15 23:59:33 [debug] : 440.79998779296875 {"0":2810,"1":2369.2000122070312,"2":15,"3":false}
2026-03-15 23:59:33 [debug] : 442.3999938964844 {"0":7,"1":435.3999938964844,"2":15,"3":false}
2026-03-15 23:59:33 [debug] : 442.3999938964844 {"0":234,"1":208.39999389648438,"2":15,"3":false}
2026-03-15 23:59:33 [debug] : 442.3999938964844 {"0":398,"1":44.399993896484375,"2":15,"3":false}
2026-03-15 23:59:33 [debug] : 442.3999938964844 {"0":716,"1":273.6000061035156,"2":15,"3":false}
2026-03-15 23:59:33 [debug] : 442.3999938964844 {"0":880,"1":437.6000061035156,"2":15,"3":false}
2026-03-15 23:59:33 [debug] : 442.3999938964844 {"0":1966,"1":1523.6000061035156,"2":15,"3":false}
2026-03-15 23:59:33 [debug] : 442.3999938964844 {"0":2810,"1":2367.6000061035156,"2":15,"3":false}
2026-03-15 23:59:33 [debug] : 443.20001220703125 {"0":7,"1":436.20001220703125,"2":15,"3":false}
2026-03-15 23:59:33 [debug] : 443.20001220703125 {"0":234,"1":209.20001220703125,"2":15,"3":false}
2026-03-15 23:59:33 [debug] : 443.20001220703125 {"0":398,"1":45.20001220703125,"2":15,"3":false}
2026-03-15 23:59:33 [debug] : 443.20001220703125 {"0":716,"1":272.79998779296875,"2":15,"3":false}
2026-03-15 23:59:33 [debug] : 443.20001220703125 {"0":880,"1":436.79998779296875,"2":15,"3":false}
2026-03-15 23:59:33 [debug] : 443.20001220703125 {"0":1966,"1":1522.7999877929688,"2":15,"3":false}
2026-03-15 23:59:33 [debug] : 443.20001220703125 {"0":2810,"1":2366.7999877929688,"2":15,"3":false}
2026-03-15 23:59:33 [debug] : 444 {"0":7,"1":437,"2":15,"3":false}
2026-03-15 23:59:33 [debug] : 444 {"0":234,"1":210,"2":15,"3":false}
2026-03-15 23:59:33 [debug] : 444 {"0":398,"1":46,"2":15,"3":false}
2026-03-15 23:59:33 [debug] : 444 {"0":716,"1":272,"2":15,"3":false}
2026-03-15 23:59:33 [debug] : 444 {"0":880,"1":436,"2":15,"3":false}
2026-03-15 23:59:33 [debug] : 444 {"0":1966,"1":1522,"2":15,"3":false}
2026-03-15 23:59:33 [debug] : 444 {"0":2810,"1":2366,"2":15,"3":false}
2026-03-15 23:59:33 [debug] : 444.79998779296875 {"0":7,"1":437.79998779296875,"2":15,"3":false}
2026-03-15 23:59:33 [debug] : 444.79998779296875 {"0":234,"1":210.79998779296875,"2":15,"3":false}
2026-03-15 23:59:33 [debug] : 444.79998779296875 {"0":398,"1":46.79998779296875,"2":15,"3":false}
2026-03-15 23:59:33 [debug] : 444.79998779296875 {"0":716,"1":271.20001220703125,"2":15,"3":false}
2026-03-15 23:59:33 [debug] : 444.79998779296875 {"0":880,"1":435.20001220703125,"2":15,"3":false}
2026-03-15 23:59:33 [debug] : 444.79998779296875 {"0":1966,"1":1521.2000122070312,"2":15,"3":false}
2026-03-15 23:59:33 [debug] : 444.79998779296875 {"0":2810,"1":2365.2000122070312,"2":15,"3":false}
2026-03-15 23:59:33 [debug] : 447.20001220703125 {"0":7,"1":440.20001220703125,"2":15,"3":false}
2026-03-15 23:59:33 [debug] : 447.20001220703125 {"0":234,"1":213.20001220703125,"2":15,"3":false}
2026-03-15 23:59:33 [debug] : 447.20001220703125 {"0":398,"1":49.20001220703125,"2":15,"3":false}
2026-03-15 23:59:33 [debug] : 447.20001220703125 {"0":716,"1":268.79998779296875,"2":15,"3":false}
2026-03-15 23:59:33 [debug] : 447.20001220703125 {"0":880,"1":432.79998779296875,"2":15,"3":false}
2026-03-15 23:59:33 [debug] : 447.20001220703125 {"0":1966,"1":1518.7999877929688,"2":15,"3":false}
2026-03-15 23:59:33 [debug] : 447.20001220703125 {"0":2810,"1":2362.7999877929688,"2":15,"3":false}
2026-03-15 23:59:33 [debug] : 448.79998779296875 {"0":7,"1":441.79998779296875,"2":15,"3":false}
2026-03-15 23:59:33 [debug] : 448.79998779296875 {"0":234,"1":214.79998779296875,"2":15,"3":false}
2026-03-15 23:59:33 [debug] : 448.79998779296875 {"0":398,"1":50.79998779296875,"2":15,"3":false}
2026-03-15 23:59:33 [debug] : 448.79998779296875 {"0":716,"1":267.20001220703125,"2":15,"3":false}
2026-03-15 23:59:33 [debug] : 448.79998779296875 {"0":880,"1":431.20001220703125,"2":15,"3":false}
2026-03-15 23:59:33 [debug] : 448.79998779296875 {"0":1966,"1":1517.2000122070312,"2":15,"3":false}
2026-03-15 23:59:33 [debug] : 448.79998779296875 {"0":2810,"1":2361.2000122070312,"2":15,"3":false}
2026-03-15 23:59:33 [debug] : 451.20001220703125 {"0":7,"1":444.20001220703125,"2":15,"3":false}
2026-03-15 23:59:33 [debug] : 451.20001220703125 {"0":234,"1":217.20001220703125,"2":15,"3":false}
2026-03-15 23:59:33 [debug] : 451.20001220703125 {"0":398,"1":53.20001220703125,"2":15,"3":false}
2026-03-15 23:59:33 [debug] : 451.20001220703125 {"0":716,"1":264.79998779296875,"2":15,"3":false}
2026-03-15 23:59:33 [debug] : 451.20001220703125 {"0":880,"1":428.79998779296875,"2":15,"3":false}
2026-03-15 23:59:33 [debug] : 451.20001220703125 {"0":1966,"1":1514.7999877929688,"2":15,"3":false}
2026-03-15 23:59:33 [debug] : 451.20001220703125 {"0":2810,"1":2358.7999877929688,"2":15,"3":false}
2026-03-15 23:59:33 [debug] : 452 {"0":7,"1":445,"2":15,"3":false}
2026-03-15 23:59:33 [debug] : 452 {"0":234,"1":218,"2":15,"3":false}
2026-03-15 23:59:33 [debug] : 452 {"0":398,"1":54,"2":15,"3":false}
2026-03-15 23:59:33 [debug] : 452 {"0":716,"1":264,"2":15,"3":false}
2026-03-15 23:59:33 [debug] : 452 {"0":880,"1":428,"2":15,"3":false}
2026-03-15 23:59:33 [debug] : 452 {"0":1966,"1":1514,"2":15,"3":false}
2026-03-15 23:59:33 [debug] : 452 {"0":2810,"1":2358,"2":15,"3":false}
2026-03-15 23:59:33 [debug] : 453.6000061035156 {"0":7,"1":446.6000061035156,"2":15,"3":false}
2026-03-15 23:59:33 [debug] : 453.6000061035156 {"0":234,"1":219.60000610351562,"2":15,"3":false}
2026-03-15 23:59:33 [debug] : 453.6000061035156 {"0":398,"1":55.600006103515625,"2":15,"3":false}
2026-03-15 23:59:33 [debug] : 453.6000061035156 {"0":716,"1":262.3999938964844,"2":15,"3":false}
2026-03-15 23:59:33 [debug] : 453.6000061035156 {"0":880,"1":426.3999938964844,"2":15,"3":false}
2026-03-15 23:59:33 [debug] : 453.6000061035156 {"0":1966,"1":1512.3999938964844,"2":15,"3":false}
2026-03-15 23:59:33 [debug] : 453.6000061035156 {"0":2810,"1":2356.3999938964844,"2":15,"3":false}
2026-03-15 23:59:33 [debug] : 454.3999938964844 {"0":7,"1":447.3999938964844,"2":15,"3":false}
2026-03-15 23:59:33 [debug] : 454.3999938964844 {"0":234,"1":220.39999389648438,"2":15,"3":false}
2026-03-15 23:59:33 [debug] : 454.3999938964844 {"0":398,"1":56.399993896484375,"2":15,"3":false}
2026-03-15 23:59:33 [debug] : 454.3999938964844 {"0":716,"1":261.6000061035156,"2":15,"3":false}
2026-03-15 23:59:33 [debug] : 454.3999938964844 {"0":880,"1":425.6000061035156,"2":15,"3":false}
2026-03-15 23:59:33 [debug] : 454.3999938964844 {"0":1966,"1":1511.6000061035156,"2":15,"3":false}
2026-03-15 23:59:33 [debug] : 454.3999938964844 {"0":2810,"1":2355.6000061035156,"2":15,"3":false}
2026-03-15 23:59:34 [debug] : 455.20001220703125 {"0":7,"1":448.20001220703125,"2":15,"3":false}
2026-03-15 23:59:34 [debug] : 455.20001220703125 {"0":234,"1":221.20001220703125,"2":15,"3":false}
2026-03-15 23:59:34 [debug] : 455.20001220703125 {"0":398,"1":57.20001220703125,"2":15,"3":false}
2026-03-15 23:59:34 [debug] : 455.20001220703125 {"0":716,"1":260.79998779296875,"2":15,"3":false}
2026-03-15 23:59:34 [debug] : 455.20001220703125 {"0":880,"1":424.79998779296875,"2":15,"3":false}
2026-03-15 23:59:34 [debug] : 455.20001220703125 {"0":1966,"1":1510.7999877929688,"2":15,"3":false}
2026-03-15 23:59:34 [debug] : 455.20001220703125 {"0":2810,"1":2354.7999877929688,"2":15,"3":false}
2026-03-15 23:59:34 [debug] : 456 {"0":7,"1":449,"2":15,"3":false}
2026-03-15 23:59:34 [debug] : 456 {"0":234,"1":222,"2":15,"3":false}
2026-03-15 23:59:34 [debug] : 456 {"0":398,"1":58,"2":15,"3":false}
2026-03-15 23:59:34 [debug] : 456 {"0":716,"1":260,"2":15,"3":false}
2026-03-15 23:59:34 [debug] : 456 {"0":880,"1":424,"2":15,"3":false}
2026-03-15 23:59:34 [debug] : 456 {"0":1966,"1":1510,"2":15,"3":false}
2026-03-15 23:59:34 [debug] : 456 {"0":2810,"1":2354,"2":15,"3":false}
2026-03-15 23:59:34 [debug] : 456.79998779296875 {"0":7,"1":449.79998779296875,"2":15,"3":false}
2026-03-15 23:59:34 [debug] : 456.79998779296875 {"0":234,"1":222.79998779296875,"2":15,"3":false}
2026-03-15 23:59:34 [debug] : 456.79998779296875 {"0":398,"1":58.79998779296875,"2":15,"3":false}
2026-03-15 23:59:34 [debug] : 456.79998779296875 {"0":716,"1":259.20001220703125,"2":15,"3":false}
2026-03-15 23:59:34 [debug] : 456.79998779296875 {"0":880,"1":423.20001220703125,"2":15,"3":false}
2026-03-15 23:59:34 [debug] : 456.79998779296875 {"0":1966,"1":1509.2000122070312,"2":15,"3":false}
2026-03-15 23:59:34 [debug] : 456.79998779296875 {"0":2810,"1":2353.2000122070312,"2":15,"3":false}
2026-03-16 00:00:39 [debug] : 456 {"0":7,"1":449,"2":15,"3":false}
2026-03-16 00:00:39 [debug] : 456 {"0":234,"1":222,"2":15,"3":false}
2026-03-16 00:00:39 [debug] : 456 {"0":398,"1":58,"2":15,"3":false}
2026-03-16 00:00:39 [debug] : 456 {"0":716,"1":260,"2":15,"3":false}
2026-03-16 00:00:39 [debug] : 456 {"0":880,"1":424,"2":15,"3":false}
2026-03-16 00:00:39 [debug] : 456 {"0":1966,"1":1510,"2":15,"3":false}
2026-03-16 00:00:39 [debug] : 456 {"0":2810,"1":2354,"2":15,"3":false}
2026-03-16 00:00:39 [debug] : 416.79998779296875 {"0":7,"1":409.79998779296875,"2":15,"3":false}
2026-03-16 00:00:39 [debug] : 416.79998779296875 {"0":234,"1":182.79998779296875,"2":15,"3":false}
2026-03-16 00:00:39 [debug] : 416.79998779296875 {"0":398,"1":18.79998779296875,"2":15,"3":false}
2026-03-16 00:00:39 [debug] : 416.79998779296875 {"0":716,"1":299.20001220703125,"2":15,"3":false}
2026-03-16 00:00:39 [debug] : 416.79998779296875 {"0":880,"1":463.20001220703125,"2":15,"3":false}
2026-03-16 00:00:39 [debug] : 416.79998779296875 {"0":1966,"1":1549.2000122070312,"2":15,"3":false}
2026-03-16 00:00:39 [debug] : 416.79998779296875 {"0":2810,"1":2393.2000122070312,"2":15,"3":false}
2026-03-16 00:00:39 [debug] : 309.6000061035156 {"0":7,"1":302.6000061035156,"2":15,"3":false}
2026-03-16 00:00:39 [debug] : 309.6000061035156 {"0":234,"1":75.60000610351562,"2":15,"3":false}
2026-03-16 00:00:39 [debug] : 309.6000061035156 {"0":398,"1":88.39999389648438,"2":15,"3":false}
2026-03-16 00:00:39 [debug] : 309.6000061035156 {"0":716,"1":406.3999938964844,"2":15,"3":false}
2026-03-16 00:00:39 [debug] : 309.6000061035156 {"0":880,"1":570.3999938964844,"2":15,"3":false}
2026-03-16 00:00:39 [debug] : 309.6000061035156 {"0":1966,"1":1656.3999938964844,"2":15,"3":false}
2026-03-16 00:00:39 [debug] : 309.6000061035156 {"0":2810,"1":2500.3999938964844,"2":15,"3":false}
2026-03-16 00:00:39 [debug] : 216.8000030517578 {"0":7,"1":209.8000030517578,"2":15,"3":false}
2026-03-16 00:00:39 [debug] : 216.8000030517578 {"0":234,"1":17.199996948242188,"2":15,"3":false}
2026-03-16 00:00:39 [debug] : 216.8000030517578 {"0":398,"1":181.1999969482422,"2":15,"3":false}
2026-03-16 00:00:39 [debug] : 216.8000030517578 {"0":716,"1":499.1999969482422,"2":15,"3":false}
2026-03-16 00:00:39 [debug] : 216.8000030517578 {"0":880,"1":663.1999969482422,"2":15,"3":false}
2026-03-16 00:00:39 [debug] : 216.8000030517578 {"0":1966,"1":1749.1999969482422,"2":15,"3":false}
2026-03-16 00:00:39 [debug] : 216.8000030517578 {"0":2810,"1":2593.199996948242,"2":15,"3":false}
2026-03-16 00:00:39 [debug] : 104 {"0":7,"1":97,"2":15,"3":false}
2026-03-16 00:00:39 [debug] : 104 {"0":234,"1":130,"2":15,"3":false}
2026-03-16 00:00:39 [debug] : 104 {"0":398,"1":294,"2":15,"3":false}
2026-03-16 00:00:39 [debug] : 104 {"0":716,"1":612,"2":15,"3":false}
2026-03-16 00:00:39 [debug] : 104 {"0":880,"1":776,"2":15,"3":false}
2026-03-16 00:00:39 [debug] : 104 {"0":1966,"1":1862,"2":15,"3":false}
2026-03-16 00:00:39 [debug] : 104 {"0":2810,"1":2706,"2":15,"3":false}
2026-03-16 00:00:39 [debug] : 69.5999984741211 {"0":7,"1":62.599998474121094,"2":15,"3":false}
2026-03-16 00:00:39 [debug] : 69.5999984741211 {"0":234,"1":164.4000015258789,"2":15,"3":false}
2026-03-16 00:00:39 [debug] : 69.5999984741211 {"0":398,"1":328.4000015258789,"2":15,"3":false}
2026-03-16 00:00:39 [debug] : 69.5999984741211 {"0":716,"1":646.4000015258789,"2":15,"3":false}
2026-03-16 00:00:39 [debug] : 69.5999984741211 {"0":880,"1":810.4000015258789,"2":15,"3":false}
2026-03-16 00:00:39 [debug] : 69.5999984741211 {"0":1966,"1":1896.400001525879,"2":15,"3":false}
2026-03-16 00:00:39 [debug] : 69.5999984741211 {"0":2810,"1":2740.400001525879,"2":15,"3":false}
2026-03-16 00:00:39 [debug] : 64 {"0":7,"1":57,"2":15,"3":false}
2026-03-16 00:00:39 [debug] : 64 {"0":234,"1":170,"2":15,"3":false}
2026-03-16 00:00:39 [debug] : 64 {"0":398,"1":334,"2":15,"3":false}
2026-03-16 00:00:39 [debug] : 64 {"0":716,"1":652,"2":15,"3":false}
2026-03-16 00:00:39 [debug] : 64 {"0":880,"1":816,"2":15,"3":false}
2026-03-16 00:00:39 [debug] : 64 {"0":1966,"1":1902,"2":15,"3":false}
2026-03-16 00:00:39 [debug] : 64 {"0":2810,"1":2746,"2":15,"3":false}
2026-03-16 00:00:39 [debug] : 63.20000076293945 {"0":7,"1":56.20000076293945,"2":15,"3":false}
2026-03-16 00:00:39 [debug] : 63.20000076293945 {"0":234,"1":170.79999923706055,"2":15,"3":false}
2026-03-16 00:00:39 [debug] : 63.20000076293945 {"0":398,"1":334.79999923706055,"2":15,"3":false}
2026-03-16 00:00:39 [debug] : 63.20000076293945 {"0":716,"1":652.7999992370605,"2":15,"3":false}
2026-03-16 00:00:39 [debug] : 63.20000076293945 {"0":880,"1":816.7999992370605,"2":15,"3":false}
2026-03-16 00:00:39 [debug] : 63.20000076293945 {"0":1966,"1":1902.7999992370605,"2":15,"3":false}
2026-03-16 00:00:39 [debug] : 63.20000076293945 {"0":2810,"1":2746.7999992370605,"2":15,"3":false}
2026-03-16 00:00:39 [debug] : 62.400001525878906 {"0":7,"1":55.400001525878906,"2":15,"3":false}
2026-03-16 00:00:39 [debug] : 62.400001525878906 {"0":234,"1":171.5999984741211,"2":15,"3":false}
2026-03-16 00:00:39 [debug] : 62.400001525878906 {"0":398,"1":335.5999984741211,"2":15,"3":false}
2026-03-16 00:00:39 [debug] : 62.400001525878906 {"0":716,"1":653.5999984741211,"2":15,"3":false}
2026-03-16 00:00:39 [debug] : 62.400001525878906 {"0":880,"1":817.5999984741211,"2":15,"3":false}
2026-03-16 00:00:39 [debug] : 62.400001525878906 {"0":1966,"1":1903.599998474121,"2":15,"3":false}
2026-03-16 00:00:39 [debug] : 62.400001525878906 {"0":2810,"1":2747.599998474121,"2":15,"3":false}
2026-03-16 00:00:39 [debug] : 60.79999923706055 {"0":7,"1":53.79999923706055,"2":15,"3":false}
2026-03-16 00:00:39 [debug] : 60.79999923706055 {"0":234,"1":173.20000076293945,"2":15,"3":false}
2026-03-16 00:00:39 [debug] : 60.79999923706055 {"0":398,"1":337.20000076293945,"2":15,"3":false}
2026-03-16 00:00:39 [debug] : 60.79999923706055 {"0":716,"1":655.2000007629395,"2":15,"3":false}
2026-03-16 00:00:39 [debug] : 60.79999923706055 {"0":880,"1":819.2000007629395,"2":15,"3":false}
2026-03-16 00:00:39 [debug] : 60.79999923706055 {"0":1966,"1":1905.2000007629395,"2":15,"3":false}
2026-03-16 00:00:39 [debug] : 60.79999923706055 {"0":2810,"1":2749.2000007629395,"2":15,"3":false}
2026-03-16 00:00:39 [debug] : 60 {"0":7,"1":53,"2":15,"3":false}
2026-03-16 00:00:39 [debug] : 60 {"0":234,"1":174,"2":15,"3":false}
2026-03-16 00:00:39 [debug] : 60 {"0":398,"1":338,"2":15,"3":false}
2026-03-16 00:00:39 [debug] : 60 {"0":716,"1":656,"2":15,"3":false}
2026-03-16 00:00:39 [debug] : 60 {"0":880,"1":820,"2":15,"3":false}
2026-03-16 00:00:39 [debug] : 60 {"0":1966,"1":1906,"2":15,"3":false}
2026-03-16 00:00:39 [debug] : 60 {"0":2810,"1":2750,"2":15,"3":false}
2026-03-16 00:00:39 [debug] : 57.599998474121094 {"0":7,"1":50.599998474121094,"2":15,"3":false}
2026-03-16 00:00:39 [debug] : 57.599998474121094 {"0":234,"1":176.4000015258789,"2":15,"3":false}
2026-03-16 00:00:39 [debug] : 57.599998474121094 {"0":398,"1":340.4000015258789,"2":15,"3":false}
2026-03-16 00:00:39 [debug] : 57.599998474121094 {"0":716,"1":658.4000015258789,"2":15,"3":false}
2026-03-16 00:00:39 [debug] : 57.599998474121094 {"0":880,"1":822.4000015258789,"2":15,"3":false}
2026-03-16 00:00:39 [debug] : 57.599998474121094 {"0":1966,"1":1908.400001525879,"2":15,"3":false}
2026-03-16 00:00:39 [debug] : 57.599998474121094 {"0":2810,"1":2752.400001525879,"2":15,"3":false}
2026-03-16 00:00:39 [debug] : 54.400001525878906 {"0":7,"1":47.400001525878906,"2":15,"3":false}
2026-03-16 00:00:39 [debug] : 54.400001525878906 {"0":234,"1":179.5999984741211,"2":15,"3":false}
2026-03-16 00:00:39 [debug] : 54.400001525878906 {"0":398,"1":343.5999984741211,"2":15,"3":false}
2026-03-16 00:00:39 [debug] : 54.400001525878906 {"0":716,"1":661.5999984741211,"2":15,"3":false}
2026-03-16 00:00:39 [debug] : 54.400001525878906 {"0":880,"1":825.5999984741211,"2":15,"3":false}
2026-03-16 00:00:39 [debug] : 54.400001525878906 {"0":1966,"1":1911.599998474121,"2":15,"3":false}
2026-03-16 00:00:39 [debug] : 54.400001525878906 {"0":2810,"1":2755.599998474121,"2":15,"3":false}
2026-03-16 00:00:39 [debug] : 52.79999923706055 {"0":7,"1":45.79999923706055,"2":15,"3":false}
2026-03-16 00:00:39 [debug] : 52.79999923706055 {"0":234,"1":181.20000076293945,"2":15,"3":false}
2026-03-16 00:00:39 [debug] : 52.79999923706055 {"0":398,"1":345.20000076293945,"2":15,"3":false}
2026-03-16 00:00:39 [debug] : 52.79999923706055 {"0":716,"1":663.2000007629395,"2":15,"3":false}
2026-03-16 00:00:39 [debug] : 52.79999923706055 {"0":880,"1":827.2000007629395,"2":15,"3":false}
2026-03-16 00:00:39 [debug] : 52.79999923706055 {"0":1966,"1":1913.2000007629395,"2":15,"3":false}
2026-03-16 00:00:39 [debug] : 52.79999923706055 {"0":2810,"1":2757.2000007629395,"2":15,"3":false}
2026-03-16 00:00:40 [debug] : 52 {"0":7,"1":45,"2":15,"3":false}
2026-03-16 00:00:40 [debug] : 52 {"0":234,"1":182,"2":15,"3":false}
2026-03-16 00:00:40 [debug] : 52 {"0":398,"1":346,"2":15,"3":false}
2026-03-16 00:00:40 [debug] : 52 {"0":716,"1":664,"2":15,"3":false}
2026-03-16 00:00:40 [debug] : 52 {"0":880,"1":828,"2":15,"3":false}
2026-03-16 00:00:40 [debug] : 52 {"0":1966,"1":1914,"2":15,"3":false}
2026-03-16 00:00:40 [debug] : 52 {"0":2810,"1":2758,"2":15,"3":false}
2026-03-16 00:00:40 [debug] : 48 {"0":7,"1":41,"2":15,"3":false}
2026-03-16 00:00:40 [debug] : 48 {"0":234,"1":186,"2":15,"3":false}
2026-03-16 00:00:40 [debug] : 48 {"0":398,"1":350,"2":15,"3":false}
2026-03-16 00:00:40 [debug] : 48 {"0":716,"1":668,"2":15,"3":false}
2026-03-16 00:00:40 [debug] : 48 {"0":880,"1":832,"2":15,"3":false}
2026-03-16 00:00:40 [debug] : 48 {"0":1966,"1":1918,"2":15,"3":false}
2026-03-16 00:00:40 [debug] : 48 {"0":2810,"1":2762,"2":15,"3":false}
2026-03-16 00:00:40 [debug] : 34.400001525878906 {"0":7,"1":27.400001525878906,"2":15,"3":false}
2026-03-16 00:00:40 [debug] : 34.400001525878906 {"0":234,"1":199.5999984741211,"2":15,"3":false}
2026-03-16 00:00:40 [debug] : 34.400001525878906 {"0":398,"1":363.5999984741211,"2":15,"3":false}
2026-03-16 00:00:40 [debug] : 34.400001525878906 {"0":716,"1":681.5999984741211,"2":15,"3":false}
2026-03-16 00:00:40 [debug] : 34.400001525878906 {"0":880,"1":845.5999984741211,"2":15,"3":false}
2026-03-16 00:00:40 [debug] : 34.400001525878906 {"0":1966,"1":1931.599998474121,"2":15,"3":false}
2026-03-16 00:00:40 [debug] : 34.400001525878906 {"0":2810,"1":2775.599998474121,"2":15,"3":false}
2026-03-16 00:00:40 [debug] : 20.799999237060547 {"0":7,"1":13.799999237060547,"2":15,"3":true}
2026-03-16 00:00:40 [debug] : SELECTED {"0":"hls-report-section-general-information::urn:analysis-report/top-1803035982/rtl-synt-614077124"}
2026-03-16 00:00:40 [debug] : 1.600000023841858 {"0":7,"1":5.399999976158142,"2":15,"3":true}
2026-03-16 00:00:40 [debug] : SELECTED {"0":"hls-report-section-general-information::urn:analysis-report/top-1803035982/rtl-synt-614077124"}
2026-03-16 00:00:40 [debug] : SELECTED {"0":"hls-report-section-general-information::urn:analysis-report/top-1803035982/rtl-synt-614077124"}
2026-03-16 00:00:40 [debug] : 0.800000011920929 {"0":7,"1":6.199999988079071,"2":15,"3":true}
2026-03-16 00:00:40 [debug] : SELECTED {"0":"hls-report-section-general-information::urn:analysis-report/top-1803035982/rtl-synt-614077124"}
2026-03-16 00:00:40 [debug] : 4 {"0":7,"1":3,"2":15,"3":true}
2026-03-16 00:00:40 [debug] : SELECTED {"0":"hls-report-section-general-information::urn:analysis-report/top-1803035982/rtl-synt-614077124"}
2026-03-16 00:00:40 [debug] : 16.799999237060547 {"0":7,"1":9.799999237060547,"2":15,"3":true}
2026-03-16 00:00:40 [debug] : SELECTED {"0":"hls-report-section-general-information::urn:analysis-report/top-1803035982/rtl-synt-614077124"}
2026-03-16 00:00:41 [debug] : 51.20000076293945 {"0":7,"1":44.20000076293945,"2":15,"3":false}
2026-03-16 00:00:41 [debug] : 51.20000076293945 {"0":234,"1":182.79999923706055,"2":15,"3":false}
2026-03-16 00:00:41 [debug] : 51.20000076293945 {"0":398,"1":346.79999923706055,"2":15,"3":false}
2026-03-16 00:00:41 [debug] : 51.20000076293945 {"0":716,"1":664.7999992370605,"2":15,"3":false}
2026-03-16 00:00:41 [debug] : 51.20000076293945 {"0":880,"1":828.7999992370605,"2":15,"3":false}
2026-03-16 00:00:41 [debug] : 51.20000076293945 {"0":1966,"1":1914.7999992370605,"2":15,"3":false}
2026-03-16 00:00:41 [debug] : 51.20000076293945 {"0":2810,"1":2758.7999992370605,"2":15,"3":false}
2026-03-16 00:00:41 [debug] : 85.5999984741211 {"0":7,"1":78.5999984741211,"2":15,"3":false}
2026-03-16 00:00:41 [debug] : 85.5999984741211 {"0":234,"1":148.4000015258789,"2":15,"3":false}
2026-03-16 00:00:41 [debug] : 85.5999984741211 {"0":398,"1":312.4000015258789,"2":15,"3":false}
2026-03-16 00:00:41 [debug] : 85.5999984741211 {"0":716,"1":630.4000015258789,"2":15,"3":false}
2026-03-16 00:00:41 [debug] : 85.5999984741211 {"0":880,"1":794.4000015258789,"2":15,"3":false}
2026-03-16 00:00:41 [debug] : 85.5999984741211 {"0":1966,"1":1880.400001525879,"2":15,"3":false}
2026-03-16 00:00:41 [debug] : 85.5999984741211 {"0":2810,"1":2724.400001525879,"2":15,"3":false}
2026-03-16 00:00:41 [debug] : 120.80000305175781 {"0":7,"1":113.80000305175781,"2":15,"3":false}
2026-03-16 00:00:41 [debug] : 120.80000305175781 {"0":234,"1":113.19999694824219,"2":15,"3":false}
2026-03-16 00:00:41 [debug] : 120.80000305175781 {"0":398,"1":277.1999969482422,"2":15,"3":false}
2026-03-16 00:00:41 [debug] : 120.80000305175781 {"0":716,"1":595.1999969482422,"2":15,"3":false}
2026-03-16 00:00:41 [debug] : 120.80000305175781 {"0":880,"1":759.1999969482422,"2":15,"3":false}
2026-03-16 00:00:41 [debug] : 120.80000305175781 {"0":1966,"1":1845.1999969482422,"2":15,"3":false}
2026-03-16 00:00:41 [debug] : 120.80000305175781 {"0":2810,"1":2689.199996948242,"2":15,"3":false}
2026-03-16 00:00:41 [debug] : 150.39999389648438 {"0":7,"1":143.39999389648438,"2":15,"3":false}
2026-03-16 00:00:41 [debug] : 150.39999389648438 {"0":234,"1":83.60000610351562,"2":15,"3":false}
2026-03-16 00:00:41 [debug] : 150.39999389648438 {"0":398,"1":247.60000610351562,"2":15,"3":false}
2026-03-16 00:00:41 [debug] : 150.39999389648438 {"0":716,"1":565.6000061035156,"2":15,"3":false}
2026-03-16 00:00:41 [debug] : 150.39999389648438 {"0":880,"1":729.6000061035156,"2":15,"3":false}
2026-03-16 00:00:41 [debug] : 150.39999389648438 {"0":1966,"1":1815.6000061035156,"2":15,"3":false}
2026-03-16 00:00:41 [debug] : 150.39999389648438 {"0":2810,"1":2659.6000061035156,"2":15,"3":false}
2026-03-16 00:00:41 [debug] : 169.60000610351562 {"0":7,"1":162.60000610351562,"2":15,"3":false}
2026-03-16 00:00:41 [debug] : 169.60000610351562 {"0":234,"1":64.39999389648438,"2":15,"3":false}
2026-03-16 00:00:41 [debug] : 169.60000610351562 {"0":398,"1":228.39999389648438,"2":15,"3":false}
2026-03-16 00:00:41 [debug] : 169.60000610351562 {"0":716,"1":546.3999938964844,"2":15,"3":false}
2026-03-16 00:00:41 [debug] : 169.60000610351562 {"0":880,"1":710.3999938964844,"2":15,"3":false}
2026-03-16 00:00:41 [debug] : 169.60000610351562 {"0":1966,"1":1796.3999938964844,"2":15,"3":false}
2026-03-16 00:00:41 [debug] : 169.60000610351562 {"0":2810,"1":2640.3999938964844,"2":15,"3":false}
2026-03-16 00:00:41 [debug] : 170.39999389648438 {"0":7,"1":163.39999389648438,"2":15,"3":false}
2026-03-16 00:00:41 [debug] : 170.39999389648438 {"0":234,"1":63.600006103515625,"2":15,"3":false}
2026-03-16 00:00:41 [debug] : 170.39999389648438 {"0":398,"1":227.60000610351562,"2":15,"3":false}
2026-03-16 00:00:41 [debug] : 170.39999389648438 {"0":716,"1":545.6000061035156,"2":15,"3":false}
2026-03-16 00:00:41 [debug] : 170.39999389648438 {"0":880,"1":709.6000061035156,"2":15,"3":false}
2026-03-16 00:00:41 [debug] : 170.39999389648438 {"0":1966,"1":1795.6000061035156,"2":15,"3":false}
2026-03-16 00:00:41 [debug] : 170.39999389648438 {"0":2810,"1":2639.6000061035156,"2":15,"3":false}
2026-03-16 00:00:49 [debug] : 2768.800048828125 {"0":7,"1":2761.800048828125,"2":15,"3":false}
2026-03-16 00:00:49 [debug] : 2768.800048828125 {"0":234,"1":2534.800048828125,"2":15,"3":false}
2026-03-16 00:00:49 [debug] : 2768.800048828125 {"0":398,"1":2370.800048828125,"2":15,"3":false}
2026-03-16 00:00:49 [debug] : 2768.800048828125 {"0":716,"1":2052.800048828125,"2":15,"3":false}
2026-03-16 00:00:49 [debug] : 2768.800048828125 {"0":880,"1":1888.800048828125,"2":15,"3":false}
2026-03-16 00:00:49 [debug] : 2768.800048828125 {"0":1966,"1":802.800048828125,"2":15,"3":false}
2026-03-16 00:00:49 [debug] : 2768.800048828125 {"0":2810,"1":41.199951171875,"2":15,"3":false}
2026-03-16 00:00:51 [debug] : 1543.199951171875 {"0":7,"1":1536.199951171875,"2":15,"3":false}
2026-03-16 00:00:51 [debug] : 1543.199951171875 {"0":234,"1":1309.199951171875,"2":15,"3":false}
2026-03-16 00:00:51 [debug] : 1543.199951171875 {"0":398,"1":1145.199951171875,"2":15,"3":false}
2026-03-16 00:00:51 [debug] : 1543.199951171875 {"0":716,"1":827.199951171875,"2":15,"3":false}
2026-03-16 00:00:51 [debug] : 1543.199951171875 {"0":880,"1":663.199951171875,"2":15,"3":false}
2026-03-16 00:00:51 [debug] : 1543.199951171875 {"0":1966,"1":422.800048828125,"2":15,"3":false}
2026-03-16 00:00:51 [debug] : 1543.199951171875 {"0":2810,"1":1266.800048828125,"2":15,"3":false}
2026-03-16 00:00:52 [debug] : 1542.4000244140625 {"0":7,"1":1535.4000244140625,"2":15,"3":false}
2026-03-16 00:00:52 [debug] : 1542.4000244140625 {"0":234,"1":1308.4000244140625,"2":15,"3":false}
2026-03-16 00:00:52 [debug] : 1542.4000244140625 {"0":398,"1":1144.4000244140625,"2":15,"3":false}
2026-03-16 00:00:52 [debug] : 1542.4000244140625 {"0":716,"1":826.4000244140625,"2":15,"3":false}
2026-03-16 00:00:52 [debug] : 1542.4000244140625 {"0":880,"1":662.4000244140625,"2":15,"3":false}
2026-03-16 00:00:52 [debug] : 1542.4000244140625 {"0":1966,"1":423.5999755859375,"2":15,"3":false}
2026-03-16 00:00:52 [debug] : 1542.4000244140625 {"0":2810,"1":1267.5999755859375,"2":15,"3":false}
2026-03-16 00:00:52 [debug] : 1490.4000244140625 {"0":7,"1":1483.4000244140625,"2":15,"3":false}
2026-03-16 00:00:52 [debug] : 1490.4000244140625 {"0":234,"1":1256.4000244140625,"2":15,"3":false}
2026-03-16 00:00:52 [debug] : 1490.4000244140625 {"0":398,"1":1092.4000244140625,"2":15,"3":false}
2026-03-16 00:00:52 [debug] : 1490.4000244140625 {"0":716,"1":774.4000244140625,"2":15,"3":false}
2026-03-16 00:00:52 [debug] : 1490.4000244140625 {"0":880,"1":610.4000244140625,"2":15,"3":false}
2026-03-16 00:00:52 [debug] : 1490.4000244140625 {"0":1966,"1":475.5999755859375,"2":15,"3":false}
2026-03-16 00:00:52 [debug] : 1490.4000244140625 {"0":2810,"1":1319.5999755859375,"2":15,"3":false}
2026-03-16 00:00:52 [debug] : 1301.5999755859375 {"0":7,"1":1294.5999755859375,"2":15,"3":false}
2026-03-16 00:00:52 [debug] : 1301.5999755859375 {"0":234,"1":1067.5999755859375,"2":15,"3":false}
2026-03-16 00:00:52 [debug] : 1301.5999755859375 {"0":398,"1":903.5999755859375,"2":15,"3":false}
2026-03-16 00:00:52 [debug] : 1301.5999755859375 {"0":716,"1":585.5999755859375,"2":15,"3":false}
2026-03-16 00:00:52 [debug] : 1301.5999755859375 {"0":880,"1":421.5999755859375,"2":15,"3":false}
2026-03-16 00:00:52 [debug] : 1301.5999755859375 {"0":1966,"1":664.4000244140625,"2":15,"3":false}
2026-03-16 00:00:52 [debug] : 1301.5999755859375 {"0":2810,"1":1508.4000244140625,"2":15,"3":false}
2026-03-16 00:00:52 [debug] : 832.7999877929688 {"0":7,"1":825.7999877929688,"2":15,"3":false}
2026-03-16 00:00:52 [debug] : 832.7999877929688 {"0":234,"1":598.7999877929688,"2":15,"3":false}
2026-03-16 00:00:52 [debug] : 832.7999877929688 {"0":398,"1":434.79998779296875,"2":15,"3":false}
2026-03-16 00:00:52 [debug] : 832.7999877929688 {"0":716,"1":116.79998779296875,"2":15,"3":false}
2026-03-16 00:00:52 [debug] : 832.7999877929688 {"0":880,"1":47.20001220703125,"2":15,"3":false}
2026-03-16 00:00:52 [debug] : 832.7999877929688 {"0":1966,"1":1133.2000122070312,"2":15,"3":false}
2026-03-16 00:00:52 [debug] : 832.7999877929688 {"0":2810,"1":1977.2000122070312,"2":15,"3":false}
2026-03-16 00:00:52 [debug] : 470.3999938964844 {"0":7,"1":463.3999938964844,"2":15,"3":false}
2026-03-16 00:00:52 [debug] : 470.3999938964844 {"0":234,"1":236.39999389648438,"2":15,"3":false}
2026-03-16 00:00:52 [debug] : 470.3999938964844 {"0":398,"1":72.39999389648438,"2":15,"3":false}
2026-03-16 00:00:52 [debug] : 470.3999938964844 {"0":716,"1":245.60000610351562,"2":15,"3":false}
2026-03-16 00:00:52 [debug] : 470.3999938964844 {"0":880,"1":409.6000061035156,"2":15,"3":false}
2026-03-16 00:00:52 [debug] : 470.3999938964844 {"0":1966,"1":1495.6000061035156,"2":15,"3":false}
2026-03-16 00:00:52 [debug] : 470.3999938964844 {"0":2810,"1":2339.6000061035156,"2":15,"3":false}
2026-03-16 00:00:52 [debug] : 362.3999938964844 {"0":7,"1":355.3999938964844,"2":15,"3":false}
2026-03-16 00:00:52 [debug] : 362.3999938964844 {"0":234,"1":128.39999389648438,"2":15,"3":false}
2026-03-16 00:00:52 [debug] : 362.3999938964844 {"0":398,"1":35.600006103515625,"2":15,"3":false}
2026-03-16 00:00:52 [debug] : 362.3999938964844 {"0":716,"1":353.6000061035156,"2":15,"3":false}
2026-03-16 00:00:52 [debug] : 362.3999938964844 {"0":880,"1":517.6000061035156,"2":15,"3":false}
2026-03-16 00:00:52 [debug] : 362.3999938964844 {"0":1966,"1":1603.6000061035156,"2":15,"3":false}
2026-03-16 00:00:52 [debug] : 362.3999938964844 {"0":2810,"1":2447.6000061035156,"2":15,"3":false}
2026-03-16 00:00:53 [debug] : 361.6000061035156 {"0":7,"1":354.6000061035156,"2":15,"3":false}
2026-03-16 00:00:53 [debug] : 361.6000061035156 {"0":234,"1":127.60000610351562,"2":15,"3":false}
2026-03-16 00:00:53 [debug] : 361.6000061035156 {"0":398,"1":36.399993896484375,"2":15,"3":false}
2026-03-16 00:00:53 [debug] : 361.6000061035156 {"0":716,"1":354.3999938964844,"2":15,"3":false}
2026-03-16 00:00:53 [debug] : 361.6000061035156 {"0":880,"1":518.3999938964844,"2":15,"3":false}
2026-03-16 00:00:53 [debug] : 361.6000061035156 {"0":1966,"1":1604.3999938964844,"2":15,"3":false}
2026-03-16 00:00:53 [debug] : 361.6000061035156 {"0":2810,"1":2448.3999938964844,"2":15,"3":false}
2026-03-16 00:00:53 [debug] : 360.79998779296875 {"0":7,"1":353.79998779296875,"2":15,"3":false}
2026-03-16 00:00:53 [debug] : 360.79998779296875 {"0":234,"1":126.79998779296875,"2":15,"3":false}
2026-03-16 00:00:53 [debug] : 360.79998779296875 {"0":398,"1":37.20001220703125,"2":15,"3":false}
2026-03-16 00:00:53 [debug] : 360.79998779296875 {"0":716,"1":355.20001220703125,"2":15,"3":false}
2026-03-16 00:00:53 [debug] : 360.79998779296875 {"0":880,"1":519.2000122070312,"2":15,"3":false}
2026-03-16 00:00:53 [debug] : 360.79998779296875 {"0":1966,"1":1605.2000122070312,"2":15,"3":false}
2026-03-16 00:00:53 [debug] : 360.79998779296875 {"0":2810,"1":2449.2000122070312,"2":15,"3":false}
2026-03-16 00:00:53 [debug] : 358.3999938964844 {"0":7,"1":351.3999938964844,"2":15,"3":false}
2026-03-16 00:00:53 [debug] : 358.3999938964844 {"0":234,"1":124.39999389648438,"2":15,"3":false}
2026-03-16 00:00:53 [debug] : 358.3999938964844 {"0":398,"1":39.600006103515625,"2":15,"3":false}
2026-03-16 00:00:53 [debug] : 358.3999938964844 {"0":716,"1":357.6000061035156,"2":15,"3":false}
2026-03-16 00:00:53 [debug] : 358.3999938964844 {"0":880,"1":521.6000061035156,"2":15,"3":false}
2026-03-16 00:00:53 [debug] : 358.3999938964844 {"0":1966,"1":1607.6000061035156,"2":15,"3":false}
2026-03-16 00:00:53 [debug] : 358.3999938964844 {"0":2810,"1":2451.6000061035156,"2":15,"3":false}
2026-03-16 00:00:53 [debug] : 356.79998779296875 {"0":7,"1":349.79998779296875,"2":15,"3":false}
2026-03-16 00:00:53 [debug] : 356.79998779296875 {"0":234,"1":122.79998779296875,"2":15,"3":false}
2026-03-16 00:00:53 [debug] : 356.79998779296875 {"0":398,"1":41.20001220703125,"2":15,"3":false}
2026-03-16 00:00:53 [debug] : 356.79998779296875 {"0":716,"1":359.20001220703125,"2":15,"3":false}
2026-03-16 00:00:53 [debug] : 356.79998779296875 {"0":880,"1":523.2000122070312,"2":15,"3":false}
2026-03-16 00:00:53 [debug] : 356.79998779296875 {"0":1966,"1":1609.2000122070312,"2":15,"3":false}
2026-03-16 00:00:53 [debug] : 356.79998779296875 {"0":2810,"1":2453.2000122070312,"2":15,"3":false}
2026-03-16 00:00:53 [debug] : 355.20001220703125 {"0":7,"1":348.20001220703125,"2":15,"3":false}
2026-03-16 00:00:53 [debug] : 355.20001220703125 {"0":234,"1":121.20001220703125,"2":15,"3":false}
2026-03-16 00:00:53 [debug] : 355.20001220703125 {"0":398,"1":42.79998779296875,"2":15,"3":false}
2026-03-16 00:00:53 [debug] : 355.20001220703125 {"0":716,"1":360.79998779296875,"2":15,"3":false}
2026-03-16 00:00:53 [debug] : 355.20001220703125 {"0":880,"1":524.7999877929688,"2":15,"3":false}
2026-03-16 00:00:53 [debug] : 355.20001220703125 {"0":1966,"1":1610.7999877929688,"2":15,"3":false}
2026-03-16 00:00:53 [debug] : 355.20001220703125 {"0":2810,"1":2454.7999877929688,"2":15,"3":false}
2026-03-16 00:00:53 [debug] : 354.3999938964844 {"0":7,"1":347.3999938964844,"2":15,"3":false}
2026-03-16 00:00:53 [debug] : 354.3999938964844 {"0":234,"1":120.39999389648438,"2":15,"3":false}
2026-03-16 00:00:53 [debug] : 354.3999938964844 {"0":398,"1":43.600006103515625,"2":15,"3":false}
2026-03-16 00:00:53 [debug] : 354.3999938964844 {"0":716,"1":361.6000061035156,"2":15,"3":false}
2026-03-16 00:00:53 [debug] : 354.3999938964844 {"0":880,"1":525.6000061035156,"2":15,"3":false}
2026-03-16 00:00:53 [debug] : 354.3999938964844 {"0":1966,"1":1611.6000061035156,"2":15,"3":false}
2026-03-16 00:00:53 [debug] : 354.3999938964844 {"0":2810,"1":2455.6000061035156,"2":15,"3":false}
2026-03-16 00:00:53 [debug] : 356 {"0":7,"1":349,"2":15,"3":false}
2026-03-16 00:00:53 [debug] : 356 {"0":234,"1":122,"2":15,"3":false}
2026-03-16 00:00:53 [debug] : 356 {"0":398,"1":42,"2":15,"3":false}
2026-03-16 00:00:53 [debug] : 356 {"0":716,"1":360,"2":15,"3":false}
2026-03-16 00:00:53 [debug] : 356 {"0":880,"1":524,"2":15,"3":false}
2026-03-16 00:00:53 [debug] : 356 {"0":1966,"1":1610,"2":15,"3":false}
2026-03-16 00:00:53 [debug] : 356 {"0":2810,"1":2454,"2":15,"3":false}
2026-03-16 00:00:53 [debug] : 367.20001220703125 {"0":7,"1":360.20001220703125,"2":15,"3":false}
2026-03-16 00:00:53 [debug] : 367.20001220703125 {"0":234,"1":133.20001220703125,"2":15,"3":false}
2026-03-16 00:00:53 [debug] : 367.20001220703125 {"0":398,"1":30.79998779296875,"2":15,"3":false}
2026-03-16 00:00:53 [debug] : 367.20001220703125 {"0":716,"1":348.79998779296875,"2":15,"3":false}
2026-03-16 00:00:53 [debug] : 367.20001220703125 {"0":880,"1":512.7999877929688,"2":15,"3":false}
2026-03-16 00:00:53 [debug] : 367.20001220703125 {"0":1966,"1":1598.7999877929688,"2":15,"3":false}
2026-03-16 00:00:53 [debug] : 367.20001220703125 {"0":2810,"1":2442.7999877929688,"2":15,"3":false}
2026-03-16 00:00:53 [debug] : 400.79998779296875 {"0":7,"1":393.79998779296875,"2":15,"3":false}
2026-03-16 00:00:53 [debug] : 400.79998779296875 {"0":234,"1":166.79998779296875,"2":15,"3":false}
2026-03-16 00:00:53 [debug] : 400.79998779296875 {"0":398,"1":2.79998779296875,"2":15,"3":true}
2026-03-16 00:00:53 [debug] : SELECTED {"0":"hls-report-section-resource-usage::urn:analysis-report/top-1803035982/rtl-synt-614077124"}
2026-03-16 00:00:53 [debug] : 436.79998779296875 {"0":7,"1":429.79998779296875,"2":15,"3":false}
2026-03-16 00:00:53 [debug] : 436.79998779296875 {"0":234,"1":202.79998779296875,"2":15,"3":false}
2026-03-16 00:00:53 [debug] : 436.79998779296875 {"0":398,"1":38.79998779296875,"2":15,"3":false}
2026-03-16 00:00:53 [debug] : 436.79998779296875 {"0":716,"1":279.20001220703125,"2":15,"3":false}
2026-03-16 00:00:53 [debug] : 436.79998779296875 {"0":880,"1":443.20001220703125,"2":15,"3":false}
2026-03-16 00:00:53 [debug] : 436.79998779296875 {"0":1966,"1":1529.2000122070312,"2":15,"3":false}
2026-03-16 00:00:53 [debug] : 436.79998779296875 {"0":2810,"1":2373.2000122070312,"2":15,"3":false}
2026-03-16 00:00:53 [debug] : 477.6000061035156 {"0":7,"1":470.6000061035156,"2":15,"3":false}
2026-03-16 00:00:53 [debug] : 477.6000061035156 {"0":234,"1":243.60000610351562,"2":15,"3":false}
2026-03-16 00:00:53 [debug] : 477.6000061035156 {"0":398,"1":79.60000610351562,"2":15,"3":false}
2026-03-16 00:00:53 [debug] : 477.6000061035156 {"0":716,"1":238.39999389648438,"2":15,"3":false}
2026-03-16 00:00:53 [debug] : 477.6000061035156 {"0":880,"1":402.3999938964844,"2":15,"3":false}
2026-03-16 00:00:53 [debug] : 477.6000061035156 {"0":1966,"1":1488.3999938964844,"2":15,"3":false}
2026-03-16 00:00:53 [debug] : 477.6000061035156 {"0":2810,"1":2332.3999938964844,"2":15,"3":false}
2026-03-16 00:00:53 [debug] : 544.7999877929688 {"0":7,"1":537.7999877929688,"2":15,"3":false}
2026-03-16 00:00:53 [debug] : 544.7999877929688 {"0":234,"1":310.79998779296875,"2":15,"3":false}
2026-03-16 00:00:53 [debug] : 544.7999877929688 {"0":398,"1":146.79998779296875,"2":15,"3":false}
2026-03-16 00:00:53 [debug] : 544.7999877929688 {"0":716,"1":171.20001220703125,"2":15,"3":false}
2026-03-16 00:00:53 [debug] : 544.7999877929688 {"0":880,"1":335.20001220703125,"2":15,"3":false}
2026-03-16 00:00:53 [debug] : 544.7999877929688 {"0":1966,"1":1421.2000122070312,"2":15,"3":false}
2026-03-16 00:00:53 [debug] : 544.7999877929688 {"0":2810,"1":2265.2000122070312,"2":15,"3":false}
2026-03-16 00:00:53 [debug] : 585.5999755859375 {"0":7,"1":578.5999755859375,"2":15,"3":false}
2026-03-16 00:00:53 [debug] : 585.5999755859375 {"0":234,"1":351.5999755859375,"2":15,"3":false}
2026-03-16 00:00:53 [debug] : 585.5999755859375 {"0":398,"1":187.5999755859375,"2":15,"3":false}
2026-03-16 00:00:53 [debug] : 585.5999755859375 {"0":716,"1":130.4000244140625,"2":15,"3":false}
2026-03-16 00:00:53 [debug] : 585.5999755859375 {"0":880,"1":294.4000244140625,"2":15,"3":false}
2026-03-16 00:00:53 [debug] : 585.5999755859375 {"0":1966,"1":1380.4000244140625,"2":15,"3":false}
2026-03-16 00:00:53 [debug] : 585.5999755859375 {"0":2810,"1":2224.4000244140625,"2":15,"3":false}
2026-03-16 00:00:53 [debug] : 666.4000244140625 {"0":7,"1":659.4000244140625,"2":15,"3":false}
2026-03-16 00:00:53 [debug] : 666.4000244140625 {"0":234,"1":432.4000244140625,"2":15,"3":false}
2026-03-16 00:00:53 [debug] : 666.4000244140625 {"0":398,"1":268.4000244140625,"2":15,"3":false}
2026-03-16 00:00:53 [debug] : 666.4000244140625 {"0":716,"1":49.5999755859375,"2":15,"3":false}
2026-03-16 00:00:53 [debug] : 666.4000244140625 {"0":880,"1":213.5999755859375,"2":15,"3":false}
2026-03-16 00:00:53 [debug] : 666.4000244140625 {"0":1966,"1":1299.5999755859375,"2":15,"3":false}
2026-03-16 00:00:53 [debug] : 666.4000244140625 {"0":2810,"1":2143.5999755859375,"2":15,"3":false}
2026-03-16 00:00:53 [debug] : 700.7999877929688 {"0":7,"1":693.7999877929688,"2":15,"3":false}
2026-03-16 00:00:53 [debug] : 700.7999877929688 {"0":234,"1":466.79998779296875,"2":15,"3":false}
2026-03-16 00:00:53 [debug] : 700.7999877929688 {"0":398,"1":302.79998779296875,"2":15,"3":false}
2026-03-16 00:00:53 [debug] : 700.7999877929688 {"0":716,"1":15.20001220703125,"2":15,"3":false}
2026-03-16 00:00:53 [debug] : 700.7999877929688 {"0":880,"1":179.20001220703125,"2":15,"3":false}
2026-03-16 00:00:53 [debug] : 700.7999877929688 {"0":1966,"1":1265.2000122070312,"2":15,"3":false}
2026-03-16 00:00:53 [debug] : 700.7999877929688 {"0":2810,"1":2109.2000122070312,"2":15,"3":false}
2026-03-16 00:00:53 [debug] : 739.2000122070312 {"0":7,"1":732.2000122070312,"2":15,"3":false}
2026-03-16 00:00:53 [debug] : 739.2000122070312 {"0":234,"1":505.20001220703125,"2":15,"3":false}
2026-03-16 00:00:53 [debug] : 739.2000122070312 {"0":398,"1":341.20001220703125,"2":15,"3":false}
2026-03-16 00:00:53 [debug] : 739.2000122070312 {"0":716,"1":23.20001220703125,"2":15,"3":false}
2026-03-16 00:00:53 [debug] : 739.2000122070312 {"0":880,"1":140.79998779296875,"2":15,"3":false}
2026-03-16 00:00:53 [debug] : 739.2000122070312 {"0":1966,"1":1226.7999877929688,"2":15,"3":false}
2026-03-16 00:00:53 [debug] : 739.2000122070312 {"0":2810,"1":2070.7999877929688,"2":15,"3":false}
2026-03-16 00:00:53 [debug] : 761.5999755859375 {"0":7,"1":754.5999755859375,"2":15,"3":false}
2026-03-16 00:00:53 [debug] : 761.5999755859375 {"0":234,"1":527.5999755859375,"2":15,"3":false}
2026-03-16 00:00:53 [debug] : 761.5999755859375 {"0":398,"1":363.5999755859375,"2":15,"3":false}
2026-03-16 00:00:53 [debug] : 761.5999755859375 {"0":716,"1":45.5999755859375,"2":15,"3":false}
2026-03-16 00:00:53 [debug] : 761.5999755859375 {"0":880,"1":118.4000244140625,"2":15,"3":false}
2026-03-16 00:00:53 [debug] : 761.5999755859375 {"0":1966,"1":1204.4000244140625,"2":15,"3":false}
2026-03-16 00:00:53 [debug] : 761.5999755859375 {"0":2810,"1":2048.4000244140625,"2":15,"3":false}
2026-03-16 00:00:53 [debug] : 776.7999877929688 {"0":7,"1":769.7999877929688,"2":15,"3":false}
2026-03-16 00:00:53 [debug] : 776.7999877929688 {"0":234,"1":542.7999877929688,"2":15,"3":false}
2026-03-16 00:00:53 [debug] : 776.7999877929688 {"0":398,"1":378.79998779296875,"2":15,"3":false}
2026-03-16 00:00:53 [debug] : 776.7999877929688 {"0":716,"1":60.79998779296875,"2":15,"3":false}
2026-03-16 00:00:53 [debug] : 776.7999877929688 {"0":880,"1":103.20001220703125,"2":15,"3":false}
2026-03-16 00:00:53 [debug] : 776.7999877929688 {"0":1966,"1":1189.2000122070312,"2":15,"3":false}
2026-03-16 00:00:53 [debug] : 776.7999877929688 {"0":2810,"1":2033.2000122070312,"2":15,"3":false}
2026-03-16 00:00:54 [debug] : 780.7999877929688 {"0":7,"1":773.7999877929688,"2":15,"3":false}
2026-03-16 00:00:54 [debug] : 780.7999877929688 {"0":234,"1":546.7999877929688,"2":15,"3":false}
2026-03-16 00:00:54 [debug] : 780.7999877929688 {"0":398,"1":382.79998779296875,"2":15,"3":false}
2026-03-16 00:00:54 [debug] : 780.7999877929688 {"0":716,"1":64.79998779296875,"2":15,"3":false}
2026-03-16 00:00:54 [debug] : 780.7999877929688 {"0":880,"1":99.20001220703125,"2":15,"3":false}
2026-03-16 00:00:54 [debug] : 780.7999877929688 {"0":1966,"1":1185.2000122070312,"2":15,"3":false}
2026-03-16 00:00:54 [debug] : 780.7999877929688 {"0":2810,"1":2029.2000122070312,"2":15,"3":false}
2026-03-16 00:00:54 [debug] : 792.7999877929688 {"0":7,"1":785.7999877929688,"2":15,"3":false}
2026-03-16 00:00:54 [debug] : 792.7999877929688 {"0":234,"1":558.7999877929688,"2":15,"3":false}
2026-03-16 00:00:54 [debug] : 792.7999877929688 {"0":398,"1":394.79998779296875,"2":15,"3":false}
2026-03-16 00:00:54 [debug] : 792.7999877929688 {"0":716,"1":76.79998779296875,"2":15,"3":false}
2026-03-16 00:00:54 [debug] : 792.7999877929688 {"0":880,"1":87.20001220703125,"2":15,"3":false}
2026-03-16 00:00:54 [debug] : 792.7999877929688 {"0":1966,"1":1173.2000122070312,"2":15,"3":false}
2026-03-16 00:00:54 [debug] : 792.7999877929688 {"0":2810,"1":2017.2000122070312,"2":15,"3":false}
2026-03-16 00:00:54 [debug] : 821.5999755859375 {"0":7,"1":814.5999755859375,"2":15,"3":false}
2026-03-16 00:00:54 [debug] : 821.5999755859375 {"0":234,"1":587.5999755859375,"2":15,"3":false}
2026-03-16 00:00:54 [debug] : 821.5999755859375 {"0":398,"1":423.5999755859375,"2":15,"3":false}
2026-03-16 00:00:54 [debug] : 821.5999755859375 {"0":716,"1":105.5999755859375,"2":15,"3":false}
2026-03-16 00:00:54 [debug] : 821.5999755859375 {"0":880,"1":58.4000244140625,"2":15,"3":false}
2026-03-16 00:00:54 [debug] : 821.5999755859375 {"0":1966,"1":1144.4000244140625,"2":15,"3":false}
2026-03-16 00:00:54 [debug] : 821.5999755859375 {"0":2810,"1":1988.4000244140625,"2":15,"3":false}
2026-03-16 00:00:54 [debug] : 846.4000244140625 {"0":7,"1":839.4000244140625,"2":15,"3":false}
2026-03-16 00:00:54 [debug] : 846.4000244140625 {"0":234,"1":612.4000244140625,"2":15,"3":false}
2026-03-16 00:00:54 [debug] : 846.4000244140625 {"0":398,"1":448.4000244140625,"2":15,"3":false}
2026-03-16 00:00:54 [debug] : 846.4000244140625 {"0":716,"1":130.4000244140625,"2":15,"3":false}
2026-03-16 00:00:54 [debug] : 846.4000244140625 {"0":880,"1":33.5999755859375,"2":15,"3":false}
2026-03-16 00:00:54 [debug] : 846.4000244140625 {"0":1966,"1":1119.5999755859375,"2":15,"3":false}
2026-03-16 00:00:54 [debug] : 846.4000244140625 {"0":2810,"1":1963.5999755859375,"2":15,"3":false}
2026-03-16 00:00:54 [debug] : 867.2000122070312 {"0":7,"1":860.2000122070312,"2":15,"3":false}
2026-03-16 00:00:54 [debug] : 867.2000122070312 {"0":234,"1":633.2000122070312,"2":15,"3":false}
2026-03-16 00:00:54 [debug] : 867.2000122070312 {"0":398,"1":469.20001220703125,"2":15,"3":false}
2026-03-16 00:00:54 [debug] : 867.2000122070312 {"0":716,"1":151.20001220703125,"2":15,"3":false}
2026-03-16 00:00:54 [debug] : 867.2000122070312 {"0":880,"1":12.79998779296875,"2":15,"3":true}
2026-03-16 00:00:54 [debug] : SELECTED {"0":"hls-report-section-resources::urn:analysis-report/top-1803035982/rtl-synt-614077124"}
2026-03-16 00:00:54 [debug] : 880 {"0":7,"1":873,"2":15,"3":false}
2026-03-16 00:00:54 [debug] : 880 {"0":234,"1":646,"2":15,"3":false}
2026-03-16 00:00:54 [debug] : 880 {"0":398,"1":482,"2":15,"3":false}
2026-03-16 00:00:54 [debug] : 880 {"0":716,"1":164,"2":15,"3":false}
2026-03-16 00:00:54 [debug] : 880 {"0":880,"1":0,"2":15,"3":true}
2026-03-16 00:00:54 [debug] : SELECTED {"0":"hls-report-section-resources::urn:analysis-report/top-1803035982/rtl-synt-614077124"}
2026-03-16 00:00:54 [debug] : 883.2000122070312 {"0":7,"1":876.2000122070312,"2":15,"3":false}
2026-03-16 00:00:54 [debug] : 883.2000122070312 {"0":234,"1":649.2000122070312,"2":15,"3":false}
2026-03-16 00:00:54 [debug] : 883.2000122070312 {"0":398,"1":485.20001220703125,"2":15,"3":false}
2026-03-16 00:00:54 [debug] : 883.2000122070312 {"0":716,"1":167.20001220703125,"2":15,"3":false}
2026-03-16 00:00:54 [debug] : 883.2000122070312 {"0":880,"1":3.20001220703125,"2":15,"3":true}
2026-03-16 00:00:54 [debug] : SELECTED {"0":"hls-report-section-resources::urn:analysis-report/top-1803035982/rtl-synt-614077124"}
2026-03-16 00:01:01 [debug] : 708.7999877929688 {"0":7,"1":701.7999877929688,"2":15,"3":false}
2026-03-16 00:01:01 [debug] : 708.7999877929688 {"0":234,"1":474.79998779296875,"2":15,"3":false}
2026-03-16 00:01:01 [debug] : 708.7999877929688 {"0":398,"1":310.79998779296875,"2":15,"3":false}
2026-03-16 00:01:01 [debug] : 708.7999877929688 {"0":716,"1":7.20001220703125,"2":15,"3":true}
2026-03-16 00:01:01 [debug] : SELECTED {"0":"hls-report-section-final-timing::urn:analysis-report/top-1803035982/rtl-synt-614077124"}
2026-03-16 00:01:02 [debug] : 706.4000244140625 {"0":7,"1":699.4000244140625,"2":15,"3":false}
2026-03-16 00:01:02 [debug] : 706.4000244140625 {"0":234,"1":472.4000244140625,"2":15,"3":false}
2026-03-16 00:01:02 [debug] : 706.4000244140625 {"0":398,"1":308.4000244140625,"2":15,"3":false}
2026-03-16 00:01:02 [debug] : 706.4000244140625 {"0":716,"1":9.5999755859375,"2":15,"3":true}
2026-03-16 00:01:02 [debug] : SELECTED {"0":"hls-report-section-final-timing::urn:analysis-report/top-1803035982/rtl-synt-614077124"}
2026-03-16 00:01:02 [debug] : 663.2000122070312 {"0":7,"1":656.2000122070312,"2":15,"3":false}
2026-03-16 00:01:02 [debug] : 663.2000122070312 {"0":234,"1":429.20001220703125,"2":15,"3":false}
2026-03-16 00:01:02 [debug] : 663.2000122070312 {"0":398,"1":265.20001220703125,"2":15,"3":false}
2026-03-16 00:01:02 [debug] : 663.2000122070312 {"0":716,"1":52.79998779296875,"2":15,"3":false}
2026-03-16 00:01:02 [debug] : 663.2000122070312 {"0":880,"1":216.79998779296875,"2":15,"3":false}
2026-03-16 00:01:02 [debug] : 663.2000122070312 {"0":1966,"1":1302.7999877929688,"2":15,"3":false}
2026-03-16 00:01:02 [debug] : 663.2000122070312 {"0":2810,"1":2146.7999877929688,"2":15,"3":false}
2026-03-16 00:01:02 [debug] : 490.3999938964844 {"0":7,"1":483.3999938964844,"2":15,"3":false}
2026-03-16 00:01:02 [debug] : 490.3999938964844 {"0":234,"1":256.3999938964844,"2":15,"3":false}
2026-03-16 00:01:02 [debug] : 490.3999938964844 {"0":398,"1":92.39999389648438,"2":15,"3":false}
2026-03-16 00:01:02 [debug] : 490.3999938964844 {"0":716,"1":225.60000610351562,"2":15,"3":false}
2026-03-16 00:01:02 [debug] : 490.3999938964844 {"0":880,"1":389.6000061035156,"2":15,"3":false}
2026-03-16 00:01:02 [debug] : 490.3999938964844 {"0":1966,"1":1475.6000061035156,"2":15,"3":false}
2026-03-16 00:01:02 [debug] : 490.3999938964844 {"0":2810,"1":2319.6000061035156,"2":15,"3":false}
2026-03-16 00:01:02 [debug] : 208.8000030517578 {"0":7,"1":201.8000030517578,"2":15,"3":false}
2026-03-16 00:01:02 [debug] : 208.8000030517578 {"0":234,"1":25.199996948242188,"2":15,"3":false}
2026-03-16 00:01:02 [debug] : 208.8000030517578 {"0":398,"1":189.1999969482422,"2":15,"3":false}
2026-03-16 00:01:02 [debug] : 208.8000030517578 {"0":716,"1":507.1999969482422,"2":15,"3":false}
2026-03-16 00:01:02 [debug] : 208.8000030517578 {"0":880,"1":671.1999969482422,"2":15,"3":false}
2026-03-16 00:01:02 [debug] : 208.8000030517578 {"0":1966,"1":1757.1999969482422,"2":15,"3":false}
2026-03-16 00:01:02 [debug] : 208.8000030517578 {"0":2810,"1":2601.199996948242,"2":15,"3":false}
2026-03-16 00:01:02 [debug] : 144.8000030517578 {"0":7,"1":137.8000030517578,"2":15,"3":false}
2026-03-16 00:01:02 [debug] : 144.8000030517578 {"0":234,"1":89.19999694824219,"2":15,"3":false}
2026-03-16 00:01:02 [debug] : 144.8000030517578 {"0":398,"1":253.1999969482422,"2":15,"3":false}
2026-03-16 00:01:02 [debug] : 144.8000030517578 {"0":716,"1":571.1999969482422,"2":15,"3":false}
2026-03-16 00:01:02 [debug] : 144.8000030517578 {"0":880,"1":735.1999969482422,"2":15,"3":false}
2026-03-16 00:01:02 [debug] : 144.8000030517578 {"0":1966,"1":1821.1999969482422,"2":15,"3":false}
2026-03-16 00:01:02 [debug] : 144.8000030517578 {"0":2810,"1":2665.199996948242,"2":15,"3":false}
2026-03-16 00:01:02 [debug] : 144 {"0":7,"1":137,"2":15,"3":false}
2026-03-16 00:01:02 [debug] : 144 {"0":234,"1":90,"2":15,"3":false}
2026-03-16 00:01:02 [debug] : 144 {"0":398,"1":254,"2":15,"3":false}
2026-03-16 00:01:02 [debug] : 144 {"0":716,"1":572,"2":15,"3":false}
2026-03-16 00:01:02 [debug] : 144 {"0":880,"1":736,"2":15,"3":false}
2026-03-16 00:01:02 [debug] : 144 {"0":1966,"1":1822,"2":15,"3":false}
2026-03-16 00:01:02 [debug] : 144 {"0":2810,"1":2666,"2":15,"3":false}
2026-03-16 00:01:02 [debug] : 143.1999969482422 {"0":7,"1":136.1999969482422,"2":15,"3":false}
2026-03-16 00:01:02 [debug] : 143.1999969482422 {"0":234,"1":90.80000305175781,"2":15,"3":false}
2026-03-16 00:01:02 [debug] : 143.1999969482422 {"0":398,"1":254.8000030517578,"2":15,"3":false}
2026-03-16 00:01:02 [debug] : 143.1999969482422 {"0":716,"1":572.8000030517578,"2":15,"3":false}
2026-03-16 00:01:02 [debug] : 143.1999969482422 {"0":880,"1":736.8000030517578,"2":15,"3":false}
2026-03-16 00:01:02 [debug] : 143.1999969482422 {"0":1966,"1":1822.8000030517578,"2":15,"3":false}
2026-03-16 00:01:02 [debug] : 143.1999969482422 {"0":2810,"1":2666.800003051758,"2":15,"3":false}
2026-03-16 00:01:02 [debug] : 142.39999389648438 {"0":7,"1":135.39999389648438,"2":15,"3":false}
2026-03-16 00:01:02 [debug] : 142.39999389648438 {"0":234,"1":91.60000610351562,"2":15,"3":false}
2026-03-16 00:01:02 [debug] : 142.39999389648438 {"0":398,"1":255.60000610351562,"2":15,"3":false}
2026-03-16 00:01:02 [debug] : 142.39999389648438 {"0":716,"1":573.6000061035156,"2":15,"3":false}
2026-03-16 00:01:02 [debug] : 142.39999389648438 {"0":880,"1":737.6000061035156,"2":15,"3":false}
2026-03-16 00:01:02 [debug] : 142.39999389648438 {"0":1966,"1":1823.6000061035156,"2":15,"3":false}
2026-03-16 00:01:02 [debug] : 142.39999389648438 {"0":2810,"1":2667.6000061035156,"2":15,"3":false}
2026-03-16 00:01:02 [debug] : 140.8000030517578 {"0":7,"1":133.8000030517578,"2":15,"3":false}
2026-03-16 00:01:02 [debug] : 140.8000030517578 {"0":234,"1":93.19999694824219,"2":15,"3":false}
2026-03-16 00:01:02 [debug] : 140.8000030517578 {"0":398,"1":257.1999969482422,"2":15,"3":false}
2026-03-16 00:01:02 [debug] : 140.8000030517578 {"0":716,"1":575.1999969482422,"2":15,"3":false}
2026-03-16 00:01:02 [debug] : 140.8000030517578 {"0":880,"1":739.1999969482422,"2":15,"3":false}
2026-03-16 00:01:02 [debug] : 140.8000030517578 {"0":1966,"1":1825.1999969482422,"2":15,"3":false}
2026-03-16 00:01:02 [debug] : 140.8000030517578 {"0":2810,"1":2669.199996948242,"2":15,"3":false}
2026-03-16 00:01:02 [debug] : 140 {"0":7,"1":133,"2":15,"3":false}
2026-03-16 00:01:02 [debug] : 140 {"0":234,"1":94,"2":15,"3":false}
2026-03-16 00:01:02 [debug] : 140 {"0":398,"1":258,"2":15,"3":false}
2026-03-16 00:01:02 [debug] : 140 {"0":716,"1":576,"2":15,"3":false}
2026-03-16 00:01:02 [debug] : 140 {"0":880,"1":740,"2":15,"3":false}
2026-03-16 00:01:02 [debug] : 140 {"0":1966,"1":1826,"2":15,"3":false}
2026-03-16 00:01:02 [debug] : 140 {"0":2810,"1":2670,"2":15,"3":false}
2026-03-16 00:01:02 [debug] : 141.60000610351562 {"0":7,"1":134.60000610351562,"2":15,"3":false}
2026-03-16 00:01:02 [debug] : 141.60000610351562 {"0":234,"1":92.39999389648438,"2":15,"3":false}
2026-03-16 00:01:02 [debug] : 141.60000610351562 {"0":398,"1":256.3999938964844,"2":15,"3":false}
2026-03-16 00:01:03 [debug] : 141.60000610351562 {"0":716,"1":574.3999938964844,"2":15,"3":false}
2026-03-16 00:01:03 [debug] : 141.60000610351562 {"0":880,"1":738.3999938964844,"2":15,"3":false}
2026-03-16 00:01:03 [debug] : 141.60000610351562 {"0":1966,"1":1824.3999938964844,"2":15,"3":false}
2026-03-16 00:01:03 [debug] : 141.60000610351562 {"0":2810,"1":2668.3999938964844,"2":15,"3":false}
2026-03-16 00:01:03 [debug] : 149.60000610351562 {"0":7,"1":142.60000610351562,"2":15,"3":false}
2026-03-16 00:01:03 [debug] : 149.60000610351562 {"0":234,"1":84.39999389648438,"2":15,"3":false}
2026-03-16 00:01:03 [debug] : 149.60000610351562 {"0":398,"1":248.39999389648438,"2":15,"3":false}
2026-03-16 00:01:03 [debug] : 149.60000610351562 {"0":716,"1":566.3999938964844,"2":15,"3":false}
2026-03-16 00:01:03 [debug] : 149.60000610351562 {"0":880,"1":730.3999938964844,"2":15,"3":false}
2026-03-16 00:01:03 [debug] : 149.60000610351562 {"0":1966,"1":1816.3999938964844,"2":15,"3":false}
2026-03-16 00:01:03 [debug] : 149.60000610351562 {"0":2810,"1":2660.3999938964844,"2":15,"3":false}
2026-03-16 00:01:03 [debug] : 179.1999969482422 {"0":7,"1":172.1999969482422,"2":15,"3":false}
2026-03-16 00:01:03 [debug] : 179.1999969482422 {"0":234,"1":54.80000305175781,"2":15,"3":false}
2026-03-16 00:01:03 [debug] : 179.1999969482422 {"0":398,"1":218.8000030517578,"2":15,"3":false}
2026-03-16 00:01:03 [debug] : 179.1999969482422 {"0":716,"1":536.8000030517578,"2":15,"3":false}
2026-03-16 00:01:03 [debug] : 179.1999969482422 {"0":880,"1":700.8000030517578,"2":15,"3":false}
2026-03-16 00:01:03 [debug] : 179.1999969482422 {"0":1966,"1":1786.8000030517578,"2":15,"3":false}
2026-03-16 00:01:03 [debug] : 179.1999969482422 {"0":2810,"1":2630.800003051758,"2":15,"3":false}
2026-03-16 00:01:03 [debug] : 280.79998779296875 {"0":7,"1":273.79998779296875,"2":15,"3":false}
2026-03-16 00:01:03 [debug] : 280.79998779296875 {"0":234,"1":46.79998779296875,"2":15,"3":false}
2026-03-16 00:01:03 [debug] : 280.79998779296875 {"0":398,"1":117.20001220703125,"2":15,"3":false}
2026-03-16 00:01:03 [debug] : 280.79998779296875 {"0":716,"1":435.20001220703125,"2":15,"3":false}
2026-03-16 00:01:03 [debug] : 280.79998779296875 {"0":880,"1":599.2000122070312,"2":15,"3":false}
2026-03-16 00:01:03 [debug] : 280.79998779296875 {"0":1966,"1":1685.2000122070312,"2":15,"3":false}
2026-03-16 00:01:03 [debug] : 280.79998779296875 {"0":2810,"1":2529.2000122070312,"2":15,"3":false}
2026-03-16 00:01:03 [debug] : 364.79998779296875 {"0":7,"1":357.79998779296875,"2":15,"3":false}
2026-03-16 00:01:03 [debug] : 364.79998779296875 {"0":234,"1":130.79998779296875,"2":15,"3":false}
2026-03-16 00:01:03 [debug] : 364.79998779296875 {"0":398,"1":33.20001220703125,"2":15,"3":false}
2026-03-16 00:01:03 [debug] : 364.79998779296875 {"0":716,"1":351.20001220703125,"2":15,"3":false}
2026-03-16 00:01:03 [debug] : 364.79998779296875 {"0":880,"1":515.2000122070312,"2":15,"3":false}
2026-03-16 00:01:03 [debug] : 364.79998779296875 {"0":1966,"1":1601.2000122070312,"2":15,"3":false}
2026-03-16 00:01:03 [debug] : 364.79998779296875 {"0":2810,"1":2445.2000122070312,"2":15,"3":false}
2026-03-16 00:01:03 [debug] : 529.5999755859375 {"0":7,"1":522.5999755859375,"2":15,"3":false}
2026-03-16 00:01:03 [debug] : 529.5999755859375 {"0":234,"1":295.5999755859375,"2":15,"3":false}
2026-03-16 00:01:03 [debug] : 529.5999755859375 {"0":398,"1":131.5999755859375,"2":15,"3":false}
2026-03-16 00:01:03 [debug] : 529.5999755859375 {"0":716,"1":186.4000244140625,"2":15,"3":false}
2026-03-16 00:01:03 [debug] : 529.5999755859375 {"0":880,"1":350.4000244140625,"2":15,"3":false}
2026-03-16 00:01:03 [debug] : 529.5999755859375 {"0":1966,"1":1436.4000244140625,"2":15,"3":false}
2026-03-16 00:01:03 [debug] : 529.5999755859375 {"0":2810,"1":2280.4000244140625,"2":15,"3":false}
2026-03-16 00:01:03 [debug] : 620.7999877929688 {"0":7,"1":613.7999877929688,"2":15,"3":false}
2026-03-16 00:01:03 [debug] : 620.7999877929688 {"0":234,"1":386.79998779296875,"2":15,"3":false}
2026-03-16 00:01:03 [debug] : 620.7999877929688 {"0":398,"1":222.79998779296875,"2":15,"3":false}
2026-03-16 00:01:03 [debug] : 620.7999877929688 {"0":716,"1":95.20001220703125,"2":15,"3":false}
2026-03-16 00:01:03 [debug] : 620.7999877929688 {"0":880,"1":259.20001220703125,"2":15,"3":false}
2026-03-16 00:01:03 [debug] : 620.7999877929688 {"0":1966,"1":1345.2000122070312,"2":15,"3":false}
2026-03-16 00:01:03 [debug] : 620.7999877929688 {"0":2810,"1":2189.2000122070312,"2":15,"3":false}
2026-03-16 00:01:03 [debug] : 657.5999755859375 {"0":7,"1":650.5999755859375,"2":15,"3":false}
2026-03-16 00:01:03 [debug] : 657.5999755859375 {"0":234,"1":423.5999755859375,"2":15,"3":false}
2026-03-16 00:01:03 [debug] : 657.5999755859375 {"0":398,"1":259.5999755859375,"2":15,"3":false}
2026-03-16 00:01:03 [debug] : 657.5999755859375 {"0":716,"1":58.4000244140625,"2":15,"3":false}
2026-03-16 00:01:03 [debug] : 657.5999755859375 {"0":880,"1":222.4000244140625,"2":15,"3":false}
2026-03-16 00:01:03 [debug] : 657.5999755859375 {"0":1966,"1":1308.4000244140625,"2":15,"3":false}
2026-03-16 00:01:03 [debug] : 657.5999755859375 {"0":2810,"1":2152.4000244140625,"2":15,"3":false}
2026-03-16 00:01:03 [debug] : 671.2000122070312 {"0":7,"1":664.2000122070312,"2":15,"3":false}
2026-03-16 00:01:03 [debug] : 671.2000122070312 {"0":234,"1":437.20001220703125,"2":15,"3":false}
2026-03-16 00:01:03 [debug] : 671.2000122070312 {"0":398,"1":273.20001220703125,"2":15,"3":false}
2026-03-16 00:01:03 [debug] : 671.2000122070312 {"0":716,"1":44.79998779296875,"2":15,"3":false}
2026-03-16 00:01:03 [debug] : 671.2000122070312 {"0":880,"1":208.79998779296875,"2":15,"3":false}
2026-03-16 00:01:03 [debug] : 671.2000122070312 {"0":1966,"1":1294.7999877929688,"2":15,"3":false}
2026-03-16 00:01:03 [debug] : 671.2000122070312 {"0":2810,"1":2138.7999877929688,"2":15,"3":false}
2026-03-16 00:01:03 [debug] : 672 {"0":7,"1":665,"2":15,"3":false}
2026-03-16 00:01:03 [debug] : 672 {"0":234,"1":438,"2":15,"3":false}
2026-03-16 00:01:03 [debug] : 672 {"0":398,"1":274,"2":15,"3":false}
2026-03-16 00:01:03 [debug] : 672 {"0":716,"1":44,"2":15,"3":false}
2026-03-16 00:01:03 [debug] : 672 {"0":880,"1":208,"2":15,"3":false}
2026-03-16 00:01:03 [debug] : 672 {"0":1966,"1":1294,"2":15,"3":false}
2026-03-16 00:01:03 [debug] : 672 {"0":2810,"1":2138,"2":15,"3":false}
2026-03-16 00:01:03 [debug] : 676 {"0":7,"1":669,"2":15,"3":false}
2026-03-16 00:01:03 [debug] : 676 {"0":234,"1":442,"2":15,"3":false}
2026-03-16 00:01:03 [debug] : 676 {"0":398,"1":278,"2":15,"3":false}
2026-03-16 00:01:03 [debug] : 676 {"0":716,"1":40,"2":15,"3":false}
2026-03-16 00:01:03 [debug] : 676 {"0":880,"1":204,"2":15,"3":false}
2026-03-16 00:01:03 [debug] : 676 {"0":1966,"1":1290,"2":15,"3":false}
2026-03-16 00:01:03 [debug] : 676 {"0":2810,"1":2134,"2":15,"3":false}
2026-03-16 00:01:03 [debug] : 684.7999877929688 {"0":7,"1":677.7999877929688,"2":15,"3":false}
2026-03-16 00:01:03 [debug] : 684.7999877929688 {"0":234,"1":450.79998779296875,"2":15,"3":false}
2026-03-16 00:01:03 [debug] : 684.7999877929688 {"0":398,"1":286.79998779296875,"2":15,"3":false}
2026-03-16 00:01:03 [debug] : 684.7999877929688 {"0":716,"1":31.20001220703125,"2":15,"3":false}
2026-03-16 00:01:03 [debug] : 684.7999877929688 {"0":880,"1":195.20001220703125,"2":15,"3":false}
2026-03-16 00:01:03 [debug] : 684.7999877929688 {"0":1966,"1":1281.2000122070312,"2":15,"3":false}
2026-03-16 00:01:03 [debug] : 684.7999877929688 {"0":2810,"1":2125.2000122070312,"2":15,"3":false}
2026-03-16 00:01:03 [debug] : 699.2000122070312 {"0":7,"1":692.2000122070312,"2":15,"3":false}
2026-03-16 00:01:03 [debug] : 699.2000122070312 {"0":234,"1":465.20001220703125,"2":15,"3":false}
2026-03-16 00:01:03 [debug] : 699.2000122070312 {"0":398,"1":301.20001220703125,"2":15,"3":false}
2026-03-16 00:01:03 [debug] : 699.2000122070312 {"0":716,"1":16.79998779296875,"2":15,"3":false}
2026-03-16 00:01:03 [debug] : 699.2000122070312 {"0":880,"1":180.79998779296875,"2":15,"3":false}
2026-03-16 00:01:03 [debug] : 699.2000122070312 {"0":1966,"1":1266.7999877929688,"2":15,"3":false}
2026-03-16 00:01:03 [debug] : 699.2000122070312 {"0":2810,"1":2110.7999877929688,"2":15,"3":false}
2026-03-16 00:01:03 [debug] : 704.7999877929688 {"0":7,"1":697.7999877929688,"2":15,"3":false}
2026-03-16 00:01:03 [debug] : 704.7999877929688 {"0":234,"1":470.79998779296875,"2":15,"3":false}
2026-03-16 00:01:03 [debug] : 704.7999877929688 {"0":398,"1":306.79998779296875,"2":15,"3":false}
2026-03-16 00:01:03 [debug] : 704.7999877929688 {"0":716,"1":11.20001220703125,"2":15,"3":true}
2026-03-16 00:01:03 [debug] : SELECTED {"0":"hls-report-section-final-timing::urn:analysis-report/top-1803035982/rtl-synt-614077124"}
2026-03-16 00:01:03 [debug] : 708 {"0":7,"1":701,"2":15,"3":false}
2026-03-16 00:01:03 [debug] : 708 {"0":234,"1":474,"2":15,"3":false}
2026-03-16 00:01:03 [debug] : 708 {"0":398,"1":310,"2":15,"3":false}
2026-03-16 00:01:03 [debug] : 708 {"0":716,"1":8,"2":15,"3":true}
2026-03-16 00:01:03 [debug] : SELECTED {"0":"hls-report-section-final-timing::urn:analysis-report/top-1803035982/rtl-synt-614077124"}
2026-03-16 00:01:04 [debug] : 708.7999877929688 {"0":7,"1":701.7999877929688,"2":15,"3":false}
2026-03-16 00:01:04 [debug] : 708.7999877929688 {"0":234,"1":474.79998779296875,"2":15,"3":false}
2026-03-16 00:01:04 [debug] : 708.7999877929688 {"0":398,"1":310.79998779296875,"2":15,"3":false}
2026-03-16 00:01:04 [debug] : 708.7999877929688 {"0":716,"1":7.20001220703125,"2":15,"3":true}
2026-03-16 00:01:04 [debug] : SELECTED {"0":"hls-report-section-final-timing::urn:analysis-report/top-1803035982/rtl-synt-614077124"}
2026-03-16 00:01:04 [debug] : 716 {"0":7,"1":709,"2":15,"3":false}
2026-03-16 00:01:04 [debug] : 716 {"0":234,"1":482,"2":15,"3":false}
2026-03-16 00:01:04 [debug] : 716 {"0":398,"1":318,"2":15,"3":false}
2026-03-16 00:01:04 [debug] : 716 {"0":716,"1":0,"2":15,"3":true}
2026-03-16 00:01:04 [debug] : SELECTED {"0":"hls-report-section-final-timing::urn:analysis-report/top-1803035982/rtl-synt-614077124"}
2026-03-16 00:01:04 [debug] : 746.4000244140625 {"0":7,"1":739.4000244140625,"2":15,"3":false}
2026-03-16 00:01:04 [debug] : 746.4000244140625 {"0":234,"1":512.4000244140625,"2":15,"3":false}
2026-03-16 00:01:04 [debug] : 746.4000244140625 {"0":398,"1":348.4000244140625,"2":15,"3":false}
2026-03-16 00:01:04 [debug] : 746.4000244140625 {"0":716,"1":30.4000244140625,"2":15,"3":false}
2026-03-16 00:01:04 [debug] : 746.4000244140625 {"0":880,"1":133.5999755859375,"2":15,"3":false}
2026-03-16 00:01:04 [debug] : 746.4000244140625 {"0":1966,"1":1219.5999755859375,"2":15,"3":false}
2026-03-16 00:01:04 [debug] : 746.4000244140625 {"0":2810,"1":2063.5999755859375,"2":15,"3":false}
2026-03-16 00:01:04 [debug] : 784 {"0":7,"1":777,"2":15,"3":false}
2026-03-16 00:01:04 [debug] : 784 {"0":234,"1":550,"2":15,"3":false}
2026-03-16 00:01:04 [debug] : 784 {"0":398,"1":386,"2":15,"3":false}
2026-03-16 00:01:04 [debug] : 784 {"0":716,"1":68,"2":15,"3":false}
2026-03-16 00:01:04 [debug] : 784 {"0":880,"1":96,"2":15,"3":false}
2026-03-16 00:01:04 [debug] : 784 {"0":1966,"1":1182,"2":15,"3":false}
2026-03-16 00:01:04 [debug] : 784 {"0":2810,"1":2026,"2":15,"3":false}
2026-03-16 00:01:04 [debug] : 821.5999755859375 {"0":7,"1":814.5999755859375,"2":15,"3":false}
2026-03-16 00:01:04 [debug] : 821.5999755859375 {"0":234,"1":587.5999755859375,"2":15,"3":false}
2026-03-16 00:01:04 [debug] : 821.5999755859375 {"0":398,"1":423.5999755859375,"2":15,"3":false}
2026-03-16 00:01:04 [debug] : 821.5999755859375 {"0":716,"1":105.5999755859375,"2":15,"3":false}
2026-03-16 00:01:04 [debug] : 821.5999755859375 {"0":880,"1":58.4000244140625,"2":15,"3":false}
2026-03-16 00:01:04 [debug] : 821.5999755859375 {"0":1966,"1":1144.4000244140625,"2":15,"3":false}
2026-03-16 00:01:04 [debug] : 821.5999755859375 {"0":2810,"1":1988.4000244140625,"2":15,"3":false}
2026-03-16 00:01:04 [debug] : 852 {"0":7,"1":845,"2":15,"3":false}
2026-03-16 00:01:04 [debug] : 852 {"0":234,"1":618,"2":15,"3":false}
2026-03-16 00:01:04 [debug] : 852 {"0":398,"1":454,"2":15,"3":false}
2026-03-16 00:01:04 [debug] : 852 {"0":716,"1":136,"2":15,"3":false}
2026-03-16 00:01:04 [debug] : 852 {"0":880,"1":28,"2":15,"3":false}
2026-03-16 00:01:04 [debug] : 852 {"0":1966,"1":1114,"2":15,"3":false}
2026-03-16 00:01:04 [debug] : 852 {"0":2810,"1":1958,"2":15,"3":false}
2026-03-16 00:01:04 [debug] : 868.7999877929688 {"0":7,"1":861.7999877929688,"2":15,"3":false}
2026-03-16 00:01:04 [debug] : 868.7999877929688 {"0":234,"1":634.7999877929688,"2":15,"3":false}
2026-03-16 00:01:04 [debug] : 868.7999877929688 {"0":398,"1":470.79998779296875,"2":15,"3":false}
2026-03-16 00:01:04 [debug] : 868.7999877929688 {"0":716,"1":152.79998779296875,"2":15,"3":false}
2026-03-16 00:01:04 [debug] : 868.7999877929688 {"0":880,"1":11.20001220703125,"2":15,"3":true}
2026-03-16 00:01:04 [debug] : SELECTED {"0":"hls-report-section-resources::urn:analysis-report/top-1803035982/rtl-synt-614077124"}
2026-03-16 00:01:04 [debug] : 870.4000244140625 {"0":7,"1":863.4000244140625,"2":15,"3":false}
2026-03-16 00:01:04 [debug] : 870.4000244140625 {"0":234,"1":636.4000244140625,"2":15,"3":false}
2026-03-16 00:01:04 [debug] : 870.4000244140625 {"0":398,"1":472.4000244140625,"2":15,"3":false}
2026-03-16 00:01:04 [debug] : 870.4000244140625 {"0":716,"1":154.4000244140625,"2":15,"3":false}
2026-03-16 00:01:04 [debug] : 870.4000244140625 {"0":880,"1":9.5999755859375,"2":15,"3":true}
2026-03-16 00:01:04 [debug] : SELECTED {"0":"hls-report-section-resources::urn:analysis-report/top-1803035982/rtl-synt-614077124"}
2026-03-16 00:01:04 [debug] : 871.2000122070312 {"0":7,"1":864.2000122070312,"2":15,"3":false}
2026-03-16 00:01:04 [debug] : 871.2000122070312 {"0":234,"1":637.2000122070312,"2":15,"3":false}
2026-03-16 00:01:04 [debug] : 871.2000122070312 {"0":398,"1":473.20001220703125,"2":15,"3":false}
2026-03-16 00:01:04 [debug] : 871.2000122070312 {"0":716,"1":155.20001220703125,"2":15,"3":false}
2026-03-16 00:01:04 [debug] : 871.2000122070312 {"0":880,"1":8.79998779296875,"2":15,"3":true}
2026-03-16 00:01:04 [debug] : SELECTED {"0":"hls-report-section-resources::urn:analysis-report/top-1803035982/rtl-synt-614077124"}
2026-03-16 00:01:04 [debug] : 871.2000122070312 {"0":7,"1":864.2000122070312,"2":15,"3":false}
2026-03-16 00:01:04 [debug] : 871.2000122070312 {"0":234,"1":637.2000122070312,"2":15,"3":false}
2026-03-16 00:01:04 [debug] : 871.2000122070312 {"0":398,"1":473.20001220703125,"2":15,"3":false}
2026-03-16 00:01:04 [debug] : 871.2000122070312 {"0":716,"1":155.20001220703125,"2":15,"3":false}
2026-03-16 00:01:04 [debug] : 871.2000122070312 {"0":880,"1":8.79998779296875,"2":15,"3":true}
2026-03-16 00:01:04 [debug] : SELECTED {"0":"hls-report-section-resources::urn:analysis-report/top-1803035982/rtl-synt-614077124"}
2026-03-16 00:01:04 [debug] : 871.2000122070312 {"0":7,"1":864.2000122070312,"2":15,"3":false}
2026-03-16 00:01:04 [debug] : 871.2000122070312 {"0":234,"1":637.2000122070312,"2":15,"3":false}
2026-03-16 00:01:04 [debug] : 871.2000122070312 {"0":398,"1":473.20001220703125,"2":15,"3":false}
2026-03-16 00:01:04 [debug] : 871.2000122070312 {"0":716,"1":155.20001220703125,"2":15,"3":false}
2026-03-16 00:01:04 [debug] : 871.2000122070312 {"0":880,"1":8.79998779296875,"2":15,"3":true}
2026-03-16 00:01:04 [debug] : SELECTED {"0":"hls-report-section-resources::urn:analysis-report/top-1803035982/rtl-synt-614077124"}
2026-03-16 00:01:04 [debug] : 871.2000122070312 {"0":7,"1":864.2000122070312,"2":15,"3":false}
2026-03-16 00:01:04 [debug] : 871.2000122070312 {"0":234,"1":637.2000122070312,"2":15,"3":false}
2026-03-16 00:01:04 [debug] : 871.2000122070312 {"0":398,"1":473.20001220703125,"2":15,"3":false}
2026-03-16 00:01:04 [debug] : 871.2000122070312 {"0":716,"1":155.20001220703125,"2":15,"3":false}
2026-03-16 00:01:04 [debug] : 871.2000122070312 {"0":880,"1":8.79998779296875,"2":15,"3":true}
2026-03-16 00:01:04 [debug] : SELECTED {"0":"hls-report-section-resources::urn:analysis-report/top-1803035982/rtl-synt-614077124"}
2026-03-16 00:01:04 [debug] : 871.2000122070312 {"0":7,"1":864.2000122070312,"2":15,"3":false}
2026-03-16 00:01:04 [debug] : 871.2000122070312 {"0":234,"1":637.2000122070312,"2":15,"3":false}
2026-03-16 00:01:04 [debug] : 871.2000122070312 {"0":398,"1":473.20001220703125,"2":15,"3":false}
2026-03-16 00:01:04 [debug] : 871.2000122070312 {"0":716,"1":155.20001220703125,"2":15,"3":false}
2026-03-16 00:01:04 [debug] : 871.2000122070312 {"0":880,"1":8.79998779296875,"2":15,"3":true}
2026-03-16 00:01:04 [debug] : SELECTED {"0":"hls-report-section-resources::urn:analysis-report/top-1803035982/rtl-synt-614077124"}
2026-03-16 00:01:04 [debug] : 871.2000122070312 {"0":7,"1":864.2000122070312,"2":15,"3":false}
2026-03-16 00:01:04 [debug] : 871.2000122070312 {"0":234,"1":637.2000122070312,"2":15,"3":false}
2026-03-16 00:01:04 [debug] : 871.2000122070312 {"0":398,"1":473.20001220703125,"2":15,"3":false}
2026-03-16 00:01:04 [debug] : 871.2000122070312 {"0":716,"1":155.20001220703125,"2":15,"3":false}
2026-03-16 00:01:04 [debug] : 871.2000122070312 {"0":880,"1":8.79998779296875,"2":15,"3":true}
2026-03-16 00:01:04 [debug] : SELECTED {"0":"hls-report-section-resources::urn:analysis-report/top-1803035982/rtl-synt-614077124"}
2026-03-16 00:01:05 [debug] : 871.2000122070312 {"0":7,"1":864.2000122070312,"2":15,"3":false}
2026-03-16 00:01:05 [debug] : 871.2000122070312 {"0":234,"1":637.2000122070312,"2":15,"3":false}
2026-03-16 00:01:05 [debug] : 871.2000122070312 {"0":398,"1":473.20001220703125,"2":15,"3":false}
2026-03-16 00:01:05 [debug] : 871.2000122070312 {"0":716,"1":155.20001220703125,"2":15,"3":false}
2026-03-16 00:01:05 [debug] : 871.2000122070312 {"0":880,"1":8.79998779296875,"2":15,"3":true}
2026-03-16 00:01:05 [debug] : SELECTED {"0":"hls-report-section-resources::urn:analysis-report/top-1803035982/rtl-synt-614077124"}
2026-03-16 00:01:05 [debug] : 871.2000122070312 {"0":7,"1":864.2000122070312,"2":15,"3":false}
2026-03-16 00:01:05 [debug] : 871.2000122070312 {"0":234,"1":637.2000122070312,"2":15,"3":false}
2026-03-16 00:01:05 [debug] : 871.2000122070312 {"0":398,"1":473.20001220703125,"2":15,"3":false}
2026-03-16 00:01:05 [debug] : 871.2000122070312 {"0":716,"1":155.20001220703125,"2":15,"3":false}
2026-03-16 00:01:05 [debug] : 871.2000122070312 {"0":880,"1":8.79998779296875,"2":15,"3":true}
2026-03-16 00:01:05 [debug] : SELECTED {"0":"hls-report-section-resources::urn:analysis-report/top-1803035982/rtl-synt-614077124"}
2026-03-16 00:01:05 [debug] : 871.2000122070312 {"0":7,"1":864.2000122070312,"2":15,"3":false}
2026-03-16 00:01:05 [debug] : 871.2000122070312 {"0":234,"1":637.2000122070312,"2":15,"3":false}
2026-03-16 00:01:05 [debug] : 871.2000122070312 {"0":398,"1":473.20001220703125,"2":15,"3":false}
2026-03-16 00:01:05 [debug] : 871.2000122070312 {"0":716,"1":155.20001220703125,"2":15,"3":false}
2026-03-16 00:01:05 [debug] : 871.2000122070312 {"0":880,"1":8.79998779296875,"2":15,"3":true}
2026-03-16 00:01:05 [debug] : SELECTED {"0":"hls-report-section-resources::urn:analysis-report/top-1803035982/rtl-synt-614077124"}
2026-03-16 00:01:05 [debug] : 871.2000122070312 {"0":7,"1":864.2000122070312,"2":15,"3":false}
2026-03-16 00:01:05 [debug] : 871.2000122070312 {"0":234,"1":637.2000122070312,"2":15,"3":false}
2026-03-16 00:01:05 [debug] : 871.2000122070312 {"0":398,"1":473.20001220703125,"2":15,"3":false}
2026-03-16 00:01:05 [debug] : 871.2000122070312 {"0":716,"1":155.20001220703125,"2":15,"3":false}
2026-03-16 00:01:05 [debug] : 871.2000122070312 {"0":880,"1":8.79998779296875,"2":15,"3":true}
2026-03-16 00:01:05 [debug] : SELECTED {"0":"hls-report-section-resources::urn:analysis-report/top-1803035982/rtl-synt-614077124"}
2026-03-16 00:01:05 [debug] : 871.2000122070312 {"0":7,"1":864.2000122070312,"2":15,"3":false}
2026-03-16 00:01:05 [debug] : 871.2000122070312 {"0":234,"1":637.2000122070312,"2":15,"3":false}
2026-03-16 00:01:05 [debug] : 871.2000122070312 {"0":398,"1":473.20001220703125,"2":15,"3":false}
2026-03-16 00:01:05 [debug] : 871.2000122070312 {"0":716,"1":155.20001220703125,"2":15,"3":false}
2026-03-16 00:01:05 [debug] : 871.2000122070312 {"0":880,"1":8.79998779296875,"2":15,"3":true}
2026-03-16 00:01:05 [debug] : SELECTED {"0":"hls-report-section-resources::urn:analysis-report/top-1803035982/rtl-synt-614077124"}
2026-03-16 00:01:05 [debug] : 870.4000244140625 {"0":7,"1":863.4000244140625,"2":15,"3":false}
2026-03-16 00:01:05 [debug] : 870.4000244140625 {"0":234,"1":636.4000244140625,"2":15,"3":false}
2026-03-16 00:01:05 [debug] : 870.4000244140625 {"0":398,"1":472.4000244140625,"2":15,"3":false}
2026-03-16 00:01:05 [debug] : 870.4000244140625 {"0":716,"1":154.4000244140625,"2":15,"3":false}
2026-03-16 00:01:05 [debug] : 870.4000244140625 {"0":880,"1":9.5999755859375,"2":15,"3":true}
2026-03-16 00:01:05 [debug] : SELECTED {"0":"hls-report-section-resources::urn:analysis-report/top-1803035982/rtl-synt-614077124"}
2026-03-16 00:01:05 [debug] : 856 {"0":7,"1":849,"2":15,"3":false}
2026-03-16 00:01:05 [debug] : 856 {"0":234,"1":622,"2":15,"3":false}
2026-03-16 00:01:05 [debug] : 856 {"0":398,"1":458,"2":15,"3":false}
2026-03-16 00:01:05 [debug] : 856 {"0":716,"1":140,"2":15,"3":false}
2026-03-16 00:01:05 [debug] : 856 {"0":880,"1":24,"2":15,"3":false}
2026-03-16 00:01:05 [debug] : 856 {"0":1966,"1":1110,"2":15,"3":false}
2026-03-16 00:01:05 [debug] : 856 {"0":2810,"1":1954,"2":15,"3":false}
2026-03-16 00:01:05 [debug] : 724 {"0":7,"1":717,"2":15,"3":false}
2026-03-16 00:01:05 [debug] : 724 {"0":234,"1":490,"2":15,"3":false}
2026-03-16 00:01:05 [debug] : 724 {"0":398,"1":326,"2":15,"3":false}
2026-03-16 00:01:05 [debug] : 724 {"0":716,"1":8,"2":15,"3":true}
2026-03-16 00:01:05 [debug] : SELECTED {"0":"hls-report-section-final-timing::urn:analysis-report/top-1803035982/rtl-synt-614077124"}
2026-03-16 00:01:05 [debug] : 409.6000061035156 {"0":7,"1":402.6000061035156,"2":15,"3":false}
2026-03-16 00:01:05 [debug] : 409.6000061035156 {"0":234,"1":175.60000610351562,"2":15,"3":false}
2026-03-16 00:01:05 [debug] : 409.6000061035156 {"0":398,"1":11.600006103515625,"2":15,"3":true}
2026-03-16 00:01:05 [debug] : SELECTED {"0":"hls-report-section-resource-usage::urn:analysis-report/top-1803035982/rtl-synt-614077124"}
2026-03-16 00:01:05 [debug] : 290.3999938964844 {"0":7,"1":283.3999938964844,"2":15,"3":false}
2026-03-16 00:01:05 [debug] : 290.3999938964844 {"0":234,"1":56.399993896484375,"2":15,"3":false}
2026-03-16 00:01:05 [debug] : 290.3999938964844 {"0":398,"1":107.60000610351562,"2":15,"3":false}
2026-03-16 00:01:05 [debug] : 290.3999938964844 {"0":716,"1":425.6000061035156,"2":15,"3":false}
2026-03-16 00:01:05 [debug] : 290.3999938964844 {"0":880,"1":589.6000061035156,"2":15,"3":false}
2026-03-16 00:01:05 [debug] : 290.3999938964844 {"0":1966,"1":1675.6000061035156,"2":15,"3":false}
2026-03-16 00:01:05 [debug] : 290.3999938964844 {"0":2810,"1":2519.6000061035156,"2":15,"3":false}
2026-03-16 00:01:05 [debug] : 277.6000061035156 {"0":7,"1":270.6000061035156,"2":15,"3":false}
2026-03-16 00:01:05 [debug] : 277.6000061035156 {"0":234,"1":43.600006103515625,"2":15,"3":false}
2026-03-16 00:01:05 [debug] : 277.6000061035156 {"0":398,"1":120.39999389648438,"2":15,"3":false}
2026-03-16 00:01:05 [debug] : 277.6000061035156 {"0":716,"1":438.3999938964844,"2":15,"3":false}
2026-03-16 00:01:05 [debug] : 277.6000061035156 {"0":880,"1":602.3999938964844,"2":15,"3":false}
2026-03-16 00:01:05 [debug] : 277.6000061035156 {"0":1966,"1":1688.3999938964844,"2":15,"3":false}
2026-03-16 00:01:05 [debug] : 277.6000061035156 {"0":2810,"1":2532.3999938964844,"2":15,"3":false}
2026-03-16 00:01:06 [debug] : 276 {"0":7,"1":269,"2":15,"3":false}
2026-03-16 00:01:06 [debug] : 276 {"0":234,"1":42,"2":15,"3":false}
2026-03-16 00:01:06 [debug] : 276 {"0":398,"1":122,"2":15,"3":false}
2026-03-16 00:01:06 [debug] : 276 {"0":716,"1":440,"2":15,"3":false}
2026-03-16 00:01:06 [debug] : 276 {"0":880,"1":604,"2":15,"3":false}
2026-03-16 00:01:06 [debug] : 276 {"0":1966,"1":1690,"2":15,"3":false}
2026-03-16 00:01:06 [debug] : 276 {"0":2810,"1":2534,"2":15,"3":false}
2026-03-16 00:01:06 [debug] : 274.3999938964844 {"0":7,"1":267.3999938964844,"2":15,"3":false}
2026-03-16 00:01:06 [debug] : 274.3999938964844 {"0":234,"1":40.399993896484375,"2":15,"3":false}
2026-03-16 00:01:06 [debug] : 274.3999938964844 {"0":398,"1":123.60000610351562,"2":15,"3":false}
2026-03-16 00:01:06 [debug] : 274.3999938964844 {"0":716,"1":441.6000061035156,"2":15,"3":false}
2026-03-16 00:01:06 [debug] : 274.3999938964844 {"0":880,"1":605.6000061035156,"2":15,"3":false}
2026-03-16 00:01:06 [debug] : 274.3999938964844 {"0":1966,"1":1691.6000061035156,"2":15,"3":false}
2026-03-16 00:01:06 [debug] : 274.3999938964844 {"0":2810,"1":2535.6000061035156,"2":15,"3":false}
2026-03-16 00:01:06 [debug] : 272.79998779296875 {"0":7,"1":265.79998779296875,"2":15,"3":false}
2026-03-16 00:01:06 [debug] : 272.79998779296875 {"0":234,"1":38.79998779296875,"2":15,"3":false}
2026-03-16 00:01:06 [debug] : 272.79998779296875 {"0":398,"1":125.20001220703125,"2":15,"3":false}
2026-03-16 00:01:06 [debug] : 272.79998779296875 {"0":716,"1":443.20001220703125,"2":15,"3":false}
2026-03-16 00:01:06 [debug] : 272.79998779296875 {"0":880,"1":607.2000122070312,"2":15,"3":false}
2026-03-16 00:01:06 [debug] : 272.79998779296875 {"0":1966,"1":1693.2000122070312,"2":15,"3":false}
2026-03-16 00:01:06 [debug] : 272.79998779296875 {"0":2810,"1":2537.2000122070312,"2":15,"3":false}
2026-03-16 00:01:06 [debug] : 271.20001220703125 {"0":7,"1":264.20001220703125,"2":15,"3":false}
2026-03-16 00:01:06 [debug] : 271.20001220703125 {"0":234,"1":37.20001220703125,"2":15,"3":false}
2026-03-16 00:01:06 [debug] : 271.20001220703125 {"0":398,"1":126.79998779296875,"2":15,"3":false}
2026-03-16 00:01:06 [debug] : 271.20001220703125 {"0":716,"1":444.79998779296875,"2":15,"3":false}
2026-03-16 00:01:06 [debug] : 271.20001220703125 {"0":880,"1":608.7999877929688,"2":15,"3":false}
2026-03-16 00:01:06 [debug] : 271.20001220703125 {"0":1966,"1":1694.7999877929688,"2":15,"3":false}
2026-03-16 00:01:06 [debug] : 271.20001220703125 {"0":2810,"1":2538.7999877929688,"2":15,"3":false}
2026-03-16 00:01:06 [debug] : 272 {"0":7,"1":265,"2":15,"3":false}
2026-03-16 00:01:06 [debug] : 272 {"0":234,"1":38,"2":15,"3":false}
2026-03-16 00:01:06 [debug] : 272 {"0":398,"1":126,"2":15,"3":false}
2026-03-16 00:01:06 [debug] : 272 {"0":716,"1":444,"2":15,"3":false}
2026-03-16 00:01:06 [debug] : 272 {"0":880,"1":608,"2":15,"3":false}
2026-03-16 00:01:06 [debug] : 272 {"0":1966,"1":1694,"2":15,"3":false}
2026-03-16 00:01:06 [debug] : 272 {"0":2810,"1":2538,"2":15,"3":false}
2026-03-16 00:01:06 [debug] : 273.6000061035156 {"0":7,"1":266.6000061035156,"2":15,"3":false}
2026-03-16 00:01:06 [debug] : 273.6000061035156 {"0":234,"1":39.600006103515625,"2":15,"3":false}
2026-03-16 00:01:06 [debug] : 273.6000061035156 {"0":398,"1":124.39999389648438,"2":15,"3":false}
2026-03-16 00:01:06 [debug] : 273.6000061035156 {"0":716,"1":442.3999938964844,"2":15,"3":false}
2026-03-16 00:01:06 [debug] : 273.6000061035156 {"0":880,"1":606.3999938964844,"2":15,"3":false}
2026-03-16 00:01:06 [debug] : 273.6000061035156 {"0":1966,"1":1692.3999938964844,"2":15,"3":false}
2026-03-16 00:01:06 [debug] : 273.6000061035156 {"0":2810,"1":2536.3999938964844,"2":15,"3":false}
2026-03-16 00:01:06 [debug] : 279.20001220703125 {"0":7,"1":272.20001220703125,"2":15,"3":false}
2026-03-16 00:01:06 [debug] : 279.20001220703125 {"0":234,"1":45.20001220703125,"2":15,"3":false}
2026-03-16 00:01:06 [debug] : 279.20001220703125 {"0":398,"1":118.79998779296875,"2":15,"3":false}
2026-03-16 00:01:06 [debug] : 279.20001220703125 {"0":716,"1":436.79998779296875,"2":15,"3":false}
2026-03-16 00:01:06 [debug] : 279.20001220703125 {"0":880,"1":600.7999877929688,"2":15,"3":false}
2026-03-16 00:01:06 [debug] : 279.20001220703125 {"0":1966,"1":1686.7999877929688,"2":15,"3":false}
2026-03-16 00:01:06 [debug] : 279.20001220703125 {"0":2810,"1":2530.7999877929688,"2":15,"3":false}
2026-03-16 00:01:06 [debug] : 289.6000061035156 {"0":7,"1":282.6000061035156,"2":15,"3":false}
2026-03-16 00:01:06 [debug] : 289.6000061035156 {"0":234,"1":55.600006103515625,"2":15,"3":false}
2026-03-16 00:01:06 [debug] : 289.6000061035156 {"0":398,"1":108.39999389648438,"2":15,"3":false}
2026-03-16 00:01:06 [debug] : 289.6000061035156 {"0":716,"1":426.3999938964844,"2":15,"3":false}
2026-03-16 00:01:06 [debug] : 289.6000061035156 {"0":880,"1":590.3999938964844,"2":15,"3":false}
2026-03-16 00:01:06 [debug] : 289.6000061035156 {"0":1966,"1":1676.3999938964844,"2":15,"3":false}
2026-03-16 00:01:06 [debug] : 289.6000061035156 {"0":2810,"1":2520.3999938964844,"2":15,"3":false}
2026-03-16 00:01:06 [debug] : 299.20001220703125 {"0":7,"1":292.20001220703125,"2":15,"3":false}
2026-03-16 00:01:06 [debug] : 299.20001220703125 {"0":234,"1":65.20001220703125,"2":15,"3":false}
2026-03-16 00:01:06 [debug] : 299.20001220703125 {"0":398,"1":98.79998779296875,"2":15,"3":false}
2026-03-16 00:01:06 [debug] : 299.20001220703125 {"0":716,"1":416.79998779296875,"2":15,"3":false}
2026-03-16 00:01:06 [debug] : 299.20001220703125 {"0":880,"1":580.7999877929688,"2":15,"3":false}
2026-03-16 00:01:06 [debug] : 299.20001220703125 {"0":1966,"1":1666.7999877929688,"2":15,"3":false}
2026-03-16 00:01:06 [debug] : 299.20001220703125 {"0":2810,"1":2510.7999877929688,"2":15,"3":false}
2026-03-16 00:01:06 [debug] : 315.20001220703125 {"0":7,"1":308.20001220703125,"2":15,"3":false}
2026-03-16 00:01:06 [debug] : 315.20001220703125 {"0":234,"1":81.20001220703125,"2":15,"3":false}
2026-03-16 00:01:06 [debug] : 315.20001220703125 {"0":398,"1":82.79998779296875,"2":15,"3":false}
2026-03-16 00:01:06 [debug] : 315.20001220703125 {"0":716,"1":400.79998779296875,"2":15,"3":false}
2026-03-16 00:01:06 [debug] : 315.20001220703125 {"0":880,"1":564.7999877929688,"2":15,"3":false}
2026-03-16 00:01:06 [debug] : 315.20001220703125 {"0":1966,"1":1650.7999877929688,"2":15,"3":false}
2026-03-16 00:01:06 [debug] : 315.20001220703125 {"0":2810,"1":2494.7999877929688,"2":15,"3":false}
2026-03-16 00:01:06 [debug] : 344.79998779296875 {"0":7,"1":337.79998779296875,"2":15,"3":false}
2026-03-16 00:01:06 [debug] : 344.79998779296875 {"0":234,"1":110.79998779296875,"2":15,"3":false}
2026-03-16 00:01:06 [debug] : 344.79998779296875 {"0":398,"1":53.20001220703125,"2":15,"3":false}
2026-03-16 00:01:06 [debug] : 344.79998779296875 {"0":716,"1":371.20001220703125,"2":15,"3":false}
2026-03-16 00:01:06 [debug] : 344.79998779296875 {"0":880,"1":535.2000122070312,"2":15,"3":false}
2026-03-16 00:01:06 [debug] : 344.79998779296875 {"0":1966,"1":1621.2000122070312,"2":15,"3":false}
2026-03-16 00:01:06 [debug] : 344.79998779296875 {"0":2810,"1":2465.2000122070312,"2":15,"3":false}
2026-03-16 00:01:06 [debug] : 377.6000061035156 {"0":7,"1":370.6000061035156,"2":15,"3":false}
2026-03-16 00:01:06 [debug] : 377.6000061035156 {"0":234,"1":143.60000610351562,"2":15,"3":false}
2026-03-16 00:01:06 [debug] : 377.6000061035156 {"0":398,"1":20.399993896484375,"2":15,"3":false}
2026-03-16 00:01:06 [debug] : 377.6000061035156 {"0":716,"1":338.3999938964844,"2":15,"3":false}
2026-03-16 00:01:06 [debug] : 377.6000061035156 {"0":880,"1":502.3999938964844,"2":15,"3":false}
2026-03-16 00:01:06 [debug] : 377.6000061035156 {"0":1966,"1":1588.3999938964844,"2":15,"3":false}
2026-03-16 00:01:06 [debug] : 377.6000061035156 {"0":2810,"1":2432.3999938964844,"2":15,"3":false}
2026-03-16 00:01:06 [debug] : 458.3999938964844 {"0":7,"1":451.3999938964844,"2":15,"3":false}
2026-03-16 00:01:06 [debug] : 458.3999938964844 {"0":234,"1":224.39999389648438,"2":15,"3":false}
2026-03-16 00:01:06 [debug] : 458.3999938964844 {"0":398,"1":60.399993896484375,"2":15,"3":false}
2026-03-16 00:01:06 [debug] : 458.3999938964844 {"0":716,"1":257.6000061035156,"2":15,"3":false}
2026-03-16 00:01:06 [debug] : 458.3999938964844 {"0":880,"1":421.6000061035156,"2":15,"3":false}
2026-03-16 00:01:06 [debug] : 458.3999938964844 {"0":1966,"1":1507.6000061035156,"2":15,"3":false}
2026-03-16 00:01:06 [debug] : 458.3999938964844 {"0":2810,"1":2351.6000061035156,"2":15,"3":false}
2026-03-16 00:01:06 [debug] : 496.79998779296875 {"0":7,"1":489.79998779296875,"2":15,"3":false}
2026-03-16 00:01:06 [debug] : 496.79998779296875 {"0":234,"1":262.79998779296875,"2":15,"3":false}
2026-03-16 00:01:06 [debug] : 496.79998779296875 {"0":398,"1":98.79998779296875,"2":15,"3":false}
2026-03-16 00:01:06 [debug] : 496.79998779296875 {"0":716,"1":219.20001220703125,"2":15,"3":false}
2026-03-16 00:01:06 [debug] : 496.79998779296875 {"0":880,"1":383.20001220703125,"2":15,"3":false}
2026-03-16 00:01:06 [debug] : 496.79998779296875 {"0":1966,"1":1469.2000122070312,"2":15,"3":false}
2026-03-16 00:01:06 [debug] : 496.79998779296875 {"0":2810,"1":2313.2000122070312,"2":15,"3":false}
2026-03-16 00:01:06 [debug] : 544.7999877929688 {"0":7,"1":537.7999877929688,"2":15,"3":false}
2026-03-16 00:01:06 [debug] : 544.7999877929688 {"0":234,"1":310.79998779296875,"2":15,"3":false}
2026-03-16 00:01:06 [debug] : 544.7999877929688 {"0":398,"1":146.79998779296875,"2":15,"3":false}
2026-03-16 00:01:06 [debug] : 544.7999877929688 {"0":716,"1":171.20001220703125,"2":15,"3":false}
2026-03-16 00:01:06 [debug] : 544.7999877929688 {"0":880,"1":335.20001220703125,"2":15,"3":false}
2026-03-16 00:01:06 [debug] : 544.7999877929688 {"0":1966,"1":1421.2000122070312,"2":15,"3":false}
2026-03-16 00:01:06 [debug] : 544.7999877929688 {"0":2810,"1":2265.2000122070312,"2":15,"3":false}
2026-03-16 00:01:06 [debug] : 580.7999877929688 {"0":7,"1":573.7999877929688,"2":15,"3":false}
2026-03-16 00:01:06 [debug] : 580.7999877929688 {"0":234,"1":346.79998779296875,"2":15,"3":false}
2026-03-16 00:01:06 [debug] : 580.7999877929688 {"0":398,"1":182.79998779296875,"2":15,"3":false}
2026-03-16 00:01:06 [debug] : 580.7999877929688 {"0":716,"1":135.20001220703125,"2":15,"3":false}
2026-03-16 00:01:06 [debug] : 580.7999877929688 {"0":880,"1":299.20001220703125,"2":15,"3":false}
2026-03-16 00:01:06 [debug] : 580.7999877929688 {"0":1966,"1":1385.2000122070312,"2":15,"3":false}
2026-03-16 00:01:06 [debug] : 580.7999877929688 {"0":2810,"1":2229.2000122070312,"2":15,"3":false}
2026-03-16 00:01:06 [debug] : 588.7999877929688 {"0":7,"1":581.7999877929688,"2":15,"3":false}
2026-03-16 00:01:06 [debug] : 588.7999877929688 {"0":234,"1":354.79998779296875,"2":15,"3":false}
2026-03-16 00:01:06 [debug] : 588.7999877929688 {"0":398,"1":190.79998779296875,"2":15,"3":false}
2026-03-16 00:01:06 [debug] : 588.7999877929688 {"0":716,"1":127.20001220703125,"2":15,"3":false}
2026-03-16 00:01:06 [debug] : 588.7999877929688 {"0":880,"1":291.20001220703125,"2":15,"3":false}
2026-03-16 00:01:06 [debug] : 588.7999877929688 {"0":1966,"1":1377.2000122070312,"2":15,"3":false}
2026-03-16 00:01:06 [debug] : 588.7999877929688 {"0":2810,"1":2221.2000122070312,"2":15,"3":false}
2026-03-16 00:01:07 [debug] : 589.5999755859375 {"0":7,"1":582.5999755859375,"2":15,"3":false}
2026-03-16 00:01:07 [debug] : 589.5999755859375 {"0":234,"1":355.5999755859375,"2":15,"3":false}
2026-03-16 00:01:07 [debug] : 589.5999755859375 {"0":398,"1":191.5999755859375,"2":15,"3":false}
2026-03-16 00:01:07 [debug] : 589.5999755859375 {"0":716,"1":126.4000244140625,"2":15,"3":false}
2026-03-16 00:01:07 [debug] : 589.5999755859375 {"0":880,"1":290.4000244140625,"2":15,"3":false}
2026-03-16 00:01:07 [debug] : 589.5999755859375 {"0":1966,"1":1376.4000244140625,"2":15,"3":false}
2026-03-16 00:01:07 [debug] : 589.5999755859375 {"0":2810,"1":2220.4000244140625,"2":15,"3":false}
2026-03-16 00:01:07 [debug] : 590.4000244140625 {"0":7,"1":583.4000244140625,"2":15,"3":false}
2026-03-16 00:01:07 [debug] : 590.4000244140625 {"0":234,"1":356.4000244140625,"2":15,"3":false}
2026-03-16 00:01:07 [debug] : 590.4000244140625 {"0":398,"1":192.4000244140625,"2":15,"3":false}
2026-03-16 00:01:07 [debug] : 590.4000244140625 {"0":716,"1":125.5999755859375,"2":15,"3":false}
2026-03-16 00:01:07 [debug] : 590.4000244140625 {"0":880,"1":289.5999755859375,"2":15,"3":false}
2026-03-16 00:01:07 [debug] : 590.4000244140625 {"0":1966,"1":1375.5999755859375,"2":15,"3":false}
2026-03-16 00:01:07 [debug] : 590.4000244140625 {"0":2810,"1":2219.5999755859375,"2":15,"3":false}
2026-03-16 00:01:07 [debug] : 591.2000122070312 {"0":7,"1":584.2000122070312,"2":15,"3":false}
2026-03-16 00:01:07 [debug] : 591.2000122070312 {"0":234,"1":357.20001220703125,"2":15,"3":false}
2026-03-16 00:01:07 [debug] : 591.2000122070312 {"0":398,"1":193.20001220703125,"2":15,"3":false}
2026-03-16 00:01:07 [debug] : 591.2000122070312 {"0":716,"1":124.79998779296875,"2":15,"3":false}
2026-03-16 00:01:07 [debug] : 591.2000122070312 {"0":880,"1":288.79998779296875,"2":15,"3":false}
2026-03-16 00:01:07 [debug] : 591.2000122070312 {"0":1966,"1":1374.7999877929688,"2":15,"3":false}
2026-03-16 00:01:07 [debug] : 591.2000122070312 {"0":2810,"1":2218.7999877929688,"2":15,"3":false}
2026-03-16 00:01:07 [debug] : 592 {"0":7,"1":585,"2":15,"3":false}
2026-03-16 00:01:07 [debug] : 592 {"0":234,"1":358,"2":15,"3":false}
2026-03-16 00:01:07 [debug] : 592 {"0":398,"1":194,"2":15,"3":false}
2026-03-16 00:01:07 [debug] : 592 {"0":716,"1":124,"2":15,"3":false}
2026-03-16 00:01:07 [debug] : 592 {"0":880,"1":288,"2":15,"3":false}
2026-03-16 00:01:07 [debug] : 592 {"0":1966,"1":1374,"2":15,"3":false}
2026-03-16 00:01:07 [debug] : 592 {"0":2810,"1":2218,"2":15,"3":false}
2026-03-16 00:01:07 [debug] : 591.2000122070312 {"0":7,"1":584.2000122070312,"2":15,"3":false}
2026-03-16 00:01:07 [debug] : 591.2000122070312 {"0":234,"1":357.20001220703125,"2":15,"3":false}
2026-03-16 00:01:07 [debug] : 591.2000122070312 {"0":398,"1":193.20001220703125,"2":15,"3":false}
2026-03-16 00:01:07 [debug] : 591.2000122070312 {"0":716,"1":124.79998779296875,"2":15,"3":false}
2026-03-16 00:01:07 [debug] : 591.2000122070312 {"0":880,"1":288.79998779296875,"2":15,"3":false}
2026-03-16 00:01:07 [debug] : 591.2000122070312 {"0":1966,"1":1374.7999877929688,"2":15,"3":false}
2026-03-16 00:01:07 [debug] : 591.2000122070312 {"0":2810,"1":2218.7999877929688,"2":15,"3":false}
2026-03-16 00:01:07 [debug] : 587.2000122070312 {"0":7,"1":580.2000122070312,"2":15,"3":false}
2026-03-16 00:01:07 [debug] : 587.2000122070312 {"0":234,"1":353.20001220703125,"2":15,"3":false}
2026-03-16 00:01:07 [debug] : 587.2000122070312 {"0":398,"1":189.20001220703125,"2":15,"3":false}
2026-03-16 00:01:07 [debug] : 587.2000122070312 {"0":716,"1":128.79998779296875,"2":15,"3":false}
2026-03-16 00:01:07 [debug] : 587.2000122070312 {"0":880,"1":292.79998779296875,"2":15,"3":false}
2026-03-16 00:01:07 [debug] : 587.2000122070312 {"0":1966,"1":1378.7999877929688,"2":15,"3":false}
2026-03-16 00:01:07 [debug] : 587.2000122070312 {"0":2810,"1":2222.7999877929688,"2":15,"3":false}
2026-03-16 00:01:07 [debug] : 578.4000244140625 {"0":7,"1":571.4000244140625,"2":15,"3":false}
2026-03-16 00:01:07 [debug] : 578.4000244140625 {"0":234,"1":344.4000244140625,"2":15,"3":false}
2026-03-16 00:01:07 [debug] : 578.4000244140625 {"0":398,"1":180.4000244140625,"2":15,"3":false}
2026-03-16 00:01:07 [debug] : 578.4000244140625 {"0":716,"1":137.5999755859375,"2":15,"3":false}
2026-03-16 00:01:07 [debug] : 578.4000244140625 {"0":880,"1":301.5999755859375,"2":15,"3":false}
2026-03-16 00:01:07 [debug] : 578.4000244140625 {"0":1966,"1":1387.5999755859375,"2":15,"3":false}
2026-03-16 00:01:07 [debug] : 578.4000244140625 {"0":2810,"1":2231.5999755859375,"2":15,"3":false}
2026-03-16 00:01:07 [debug] : 569.5999755859375 {"0":7,"1":562.5999755859375,"2":15,"3":false}
2026-03-16 00:01:07 [debug] : 569.5999755859375 {"0":234,"1":335.5999755859375,"2":15,"3":false}
2026-03-16 00:01:07 [debug] : 569.5999755859375 {"0":398,"1":171.5999755859375,"2":15,"3":false}
2026-03-16 00:01:07 [debug] : 569.5999755859375 {"0":716,"1":146.4000244140625,"2":15,"3":false}
2026-03-16 00:01:07 [debug] : 569.5999755859375 {"0":880,"1":310.4000244140625,"2":15,"3":false}
2026-03-16 00:01:07 [debug] : 569.5999755859375 {"0":1966,"1":1396.4000244140625,"2":15,"3":false}
2026-03-16 00:01:07 [debug] : 569.5999755859375 {"0":2810,"1":2240.4000244140625,"2":15,"3":false}
2026-03-16 00:01:07 [debug] : 559.2000122070312 {"0":7,"1":552.2000122070312,"2":15,"3":false}
2026-03-16 00:01:07 [debug] : 559.2000122070312 {"0":234,"1":325.20001220703125,"2":15,"3":false}
2026-03-16 00:01:07 [debug] : 559.2000122070312 {"0":398,"1":161.20001220703125,"2":15,"3":false}
2026-03-16 00:01:07 [debug] : 559.2000122070312 {"0":716,"1":156.79998779296875,"2":15,"3":false}
2026-03-16 00:01:07 [debug] : 559.2000122070312 {"0":880,"1":320.79998779296875,"2":15,"3":false}
2026-03-16 00:01:07 [debug] : 559.2000122070312 {"0":1966,"1":1406.7999877929688,"2":15,"3":false}
2026-03-16 00:01:07 [debug] : 559.2000122070312 {"0":2810,"1":2250.7999877929688,"2":15,"3":false}
2026-03-16 00:01:07 [debug] : 546.4000244140625 {"0":7,"1":539.4000244140625,"2":15,"3":false}
2026-03-16 00:01:07 [debug] : 546.4000244140625 {"0":234,"1":312.4000244140625,"2":15,"3":false}
2026-03-16 00:01:07 [debug] : 546.4000244140625 {"0":398,"1":148.4000244140625,"2":15,"3":false}
2026-03-16 00:01:07 [debug] : 546.4000244140625 {"0":716,"1":169.5999755859375,"2":15,"3":false}
2026-03-16 00:01:07 [debug] : 546.4000244140625 {"0":880,"1":333.5999755859375,"2":15,"3":false}
2026-03-16 00:01:07 [debug] : 546.4000244140625 {"0":1966,"1":1419.5999755859375,"2":15,"3":false}
2026-03-16 00:01:07 [debug] : 546.4000244140625 {"0":2810,"1":2263.5999755859375,"2":15,"3":false}
2026-03-16 00:01:07 [debug] : 540 {"0":7,"1":533,"2":15,"3":false}
2026-03-16 00:01:07 [debug] : 540 {"0":234,"1":306,"2":15,"3":false}
2026-03-16 00:01:07 [debug] : 540 {"0":398,"1":142,"2":15,"3":false}
2026-03-16 00:01:07 [debug] : 540 {"0":716,"1":176,"2":15,"3":false}
2026-03-16 00:01:07 [debug] : 540 {"0":880,"1":340,"2":15,"3":false}
2026-03-16 00:01:07 [debug] : 540 {"0":1966,"1":1426,"2":15,"3":false}
2026-03-16 00:01:07 [debug] : 540 {"0":2810,"1":2270,"2":15,"3":false}
2026-03-16 00:01:07 [debug] : 529.5999755859375 {"0":7,"1":522.5999755859375,"2":15,"3":false}
2026-03-16 00:01:07 [debug] : 529.5999755859375 {"0":234,"1":295.5999755859375,"2":15,"3":false}
2026-03-16 00:01:07 [debug] : 529.5999755859375 {"0":398,"1":131.5999755859375,"2":15,"3":false}
2026-03-16 00:01:07 [debug] : 529.5999755859375 {"0":716,"1":186.4000244140625,"2":15,"3":false}
2026-03-16 00:01:07 [debug] : 529.5999755859375 {"0":880,"1":350.4000244140625,"2":15,"3":false}
2026-03-16 00:01:07 [debug] : 529.5999755859375 {"0":1966,"1":1436.4000244140625,"2":15,"3":false}
2026-03-16 00:01:07 [debug] : 529.5999755859375 {"0":2810,"1":2280.4000244140625,"2":15,"3":false}
2026-03-16 00:01:07 [debug] : 516 {"0":7,"1":509,"2":15,"3":false}
2026-03-16 00:01:07 [debug] : 516 {"0":234,"1":282,"2":15,"3":false}
2026-03-16 00:01:07 [debug] : 516 {"0":398,"1":118,"2":15,"3":false}
2026-03-16 00:01:07 [debug] : 516 {"0":716,"1":200,"2":15,"3":false}
2026-03-16 00:01:07 [debug] : 516 {"0":880,"1":364,"2":15,"3":false}
2026-03-16 00:01:07 [debug] : 516 {"0":1966,"1":1450,"2":15,"3":false}
2026-03-16 00:01:07 [debug] : 516 {"0":2810,"1":2294,"2":15,"3":false}
2026-03-16 00:01:07 [debug] : 490.3999938964844 {"0":7,"1":483.3999938964844,"2":15,"3":false}
2026-03-16 00:01:07 [debug] : 490.3999938964844 {"0":234,"1":256.3999938964844,"2":15,"3":false}
2026-03-16 00:01:07 [debug] : 490.3999938964844 {"0":398,"1":92.39999389648438,"2":15,"3":false}
2026-03-16 00:01:07 [debug] : 490.3999938964844 {"0":716,"1":225.60000610351562,"2":15,"3":false}
2026-03-16 00:01:07 [debug] : 490.3999938964844 {"0":880,"1":389.6000061035156,"2":15,"3":false}
2026-03-16 00:01:07 [debug] : 490.3999938964844 {"0":1966,"1":1475.6000061035156,"2":15,"3":false}
2026-03-16 00:01:07 [debug] : 490.3999938964844 {"0":2810,"1":2319.6000061035156,"2":15,"3":false}
2026-03-16 00:01:07 [debug] : 466.3999938964844 {"0":7,"1":459.3999938964844,"2":15,"3":false}
2026-03-16 00:01:07 [debug] : 466.3999938964844 {"0":234,"1":232.39999389648438,"2":15,"3":false}
2026-03-16 00:01:07 [debug] : 466.3999938964844 {"0":398,"1":68.39999389648438,"2":15,"3":false}
2026-03-16 00:01:07 [debug] : 466.3999938964844 {"0":716,"1":249.60000610351562,"2":15,"3":false}
2026-03-16 00:01:07 [debug] : 466.3999938964844 {"0":880,"1":413.6000061035156,"2":15,"3":false}
2026-03-16 00:01:07 [debug] : 466.3999938964844 {"0":1966,"1":1499.6000061035156,"2":15,"3":false}
2026-03-16 00:01:07 [debug] : 466.3999938964844 {"0":2810,"1":2343.6000061035156,"2":15,"3":false}
2026-03-16 00:01:07 [debug] : 434.3999938964844 {"0":7,"1":427.3999938964844,"2":15,"3":false}
2026-03-16 00:01:07 [debug] : 434.3999938964844 {"0":234,"1":200.39999389648438,"2":15,"3":false}
2026-03-16 00:01:07 [debug] : 434.3999938964844 {"0":398,"1":36.399993896484375,"2":15,"3":false}
2026-03-16 00:01:07 [debug] : 434.3999938964844 {"0":716,"1":281.6000061035156,"2":15,"3":false}
2026-03-16 00:01:07 [debug] : 434.3999938964844 {"0":880,"1":445.6000061035156,"2":15,"3":false}
2026-03-16 00:01:07 [debug] : 434.3999938964844 {"0":1966,"1":1531.6000061035156,"2":15,"3":false}
2026-03-16 00:01:07 [debug] : 434.3999938964844 {"0":2810,"1":2375.6000061035156,"2":15,"3":false}
2026-03-16 00:01:07 [debug] : 376 {"0":7,"1":369,"2":15,"3":false}
2026-03-16 00:01:07 [debug] : 376 {"0":234,"1":142,"2":15,"3":false}
2026-03-16 00:01:07 [debug] : 376 {"0":398,"1":22,"2":15,"3":false}
2026-03-16 00:01:07 [debug] : 376 {"0":716,"1":340,"2":15,"3":false}
2026-03-16 00:01:07 [debug] : 376 {"0":880,"1":504,"2":15,"3":false}
2026-03-16 00:01:07 [debug] : 376 {"0":1966,"1":1590,"2":15,"3":false}
2026-03-16 00:01:07 [debug] : 376 {"0":2810,"1":2434,"2":15,"3":false}
2026-03-16 00:01:08 [debug] : 315.20001220703125 {"0":7,"1":308.20001220703125,"2":15,"3":false}
2026-03-16 00:01:08 [debug] : 315.20001220703125 {"0":234,"1":81.20001220703125,"2":15,"3":false}
2026-03-16 00:01:08 [debug] : 315.20001220703125 {"0":398,"1":82.79998779296875,"2":15,"3":false}
2026-03-16 00:01:08 [debug] : 315.20001220703125 {"0":716,"1":400.79998779296875,"2":15,"3":false}
2026-03-16 00:01:08 [debug] : 315.20001220703125 {"0":880,"1":564.7999877929688,"2":15,"3":false}
2026-03-16 00:01:08 [debug] : 315.20001220703125 {"0":1966,"1":1650.7999877929688,"2":15,"3":false}
2026-03-16 00:01:08 [debug] : 315.20001220703125 {"0":2810,"1":2494.7999877929688,"2":15,"3":false}
2026-03-16 00:01:08 [debug] : 222.39999389648438 {"0":7,"1":215.39999389648438,"2":15,"3":false}
2026-03-16 00:01:08 [debug] : 222.39999389648438 {"0":234,"1":11.600006103515625,"2":15,"3":true}
2026-03-16 00:01:08 [debug] : SELECTED {"0":"hls-report-section-run-constraints-&-options::urn:analysis-report/top-1803035982/rtl-synt-614077124"}
2026-03-16 00:01:08 [debug] : 132 {"0":7,"1":125,"2":15,"3":false}
2026-03-16 00:01:08 [debug] : 132 {"0":234,"1":102,"2":15,"3":false}
2026-03-16 00:01:08 [debug] : 132 {"0":398,"1":266,"2":15,"3":false}
2026-03-16 00:01:08 [debug] : 132 {"0":716,"1":584,"2":15,"3":false}
2026-03-16 00:01:08 [debug] : 132 {"0":880,"1":748,"2":15,"3":false}
2026-03-16 00:01:08 [debug] : 132 {"0":1966,"1":1834,"2":15,"3":false}
2026-03-16 00:01:08 [debug] : 132 {"0":2810,"1":2678,"2":15,"3":false}
2026-03-16 00:01:08 [debug] : 110.4000015258789 {"0":7,"1":103.4000015258789,"2":15,"3":false}
2026-03-16 00:01:08 [debug] : 110.4000015258789 {"0":234,"1":123.5999984741211,"2":15,"3":false}
2026-03-16 00:01:08 [debug] : 110.4000015258789 {"0":398,"1":287.5999984741211,"2":15,"3":false}
2026-03-16 00:01:08 [debug] : 110.4000015258789 {"0":716,"1":605.5999984741211,"2":15,"3":false}
2026-03-16 00:01:08 [debug] : 110.4000015258789 {"0":880,"1":769.5999984741211,"2":15,"3":false}
2026-03-16 00:01:08 [debug] : 110.4000015258789 {"0":1966,"1":1855.599998474121,"2":15,"3":false}
2026-03-16 00:01:08 [debug] : 110.4000015258789 {"0":2810,"1":2699.599998474121,"2":15,"3":false}
2026-03-16 00:01:08 [debug] : 100 {"0":7,"1":93,"2":15,"3":false}
2026-03-16 00:01:08 [debug] : 100 {"0":234,"1":134,"2":15,"3":false}
2026-03-16 00:01:08 [debug] : 100 {"0":398,"1":298,"2":15,"3":false}
2026-03-16 00:01:08 [debug] : 100 {"0":716,"1":616,"2":15,"3":false}
2026-03-16 00:01:08 [debug] : 100 {"0":880,"1":780,"2":15,"3":false}
2026-03-16 00:01:08 [debug] : 100 {"0":1966,"1":1866,"2":15,"3":false}
2026-03-16 00:01:08 [debug] : 100 {"0":2810,"1":2710,"2":15,"3":false}
2026-03-16 00:01:08 [debug] : 99.19999694824219 {"0":7,"1":92.19999694824219,"2":15,"3":false}
2026-03-16 00:01:08 [debug] : 99.19999694824219 {"0":234,"1":134.8000030517578,"2":15,"3":false}
2026-03-16 00:01:08 [debug] : 99.19999694824219 {"0":398,"1":298.8000030517578,"2":15,"3":false}
2026-03-16 00:01:08 [debug] : 99.19999694824219 {"0":716,"1":616.8000030517578,"2":15,"3":false}
2026-03-16 00:01:08 [debug] : 99.19999694824219 {"0":880,"1":780.8000030517578,"2":15,"3":false}
2026-03-16 00:01:08 [debug] : 99.19999694824219 {"0":1966,"1":1866.8000030517578,"2":15,"3":false}
2026-03-16 00:01:08 [debug] : 99.19999694824219 {"0":2810,"1":2710.800003051758,"2":15,"3":false}
2026-03-16 00:01:08 [debug] : 98.4000015258789 {"0":7,"1":91.4000015258789,"2":15,"3":false}
2026-03-16 00:01:08 [debug] : 98.4000015258789 {"0":234,"1":135.5999984741211,"2":15,"3":false}
2026-03-16 00:01:08 [debug] : 98.4000015258789 {"0":398,"1":299.5999984741211,"2":15,"3":false}
2026-03-16 00:01:08 [debug] : 98.4000015258789 {"0":716,"1":617.5999984741211,"2":15,"3":false}
2026-03-16 00:01:08 [debug] : 98.4000015258789 {"0":880,"1":781.5999984741211,"2":15,"3":false}
2026-03-16 00:01:08 [debug] : 98.4000015258789 {"0":1966,"1":1867.599998474121,"2":15,"3":false}
2026-03-16 00:01:08 [debug] : 98.4000015258789 {"0":2810,"1":2711.599998474121,"2":15,"3":false}
2026-03-16 00:01:08 [debug] : 96.80000305175781 {"0":7,"1":89.80000305175781,"2":15,"3":false}
2026-03-16 00:01:08 [debug] : 96.80000305175781 {"0":234,"1":137.1999969482422,"2":15,"3":false}
2026-03-16 00:01:08 [debug] : 96.80000305175781 {"0":398,"1":301.1999969482422,"2":15,"3":false}
2026-03-16 00:01:08 [debug] : 96.80000305175781 {"0":716,"1":619.1999969482422,"2":15,"3":false}
2026-03-16 00:01:08 [debug] : 96.80000305175781 {"0":880,"1":783.1999969482422,"2":15,"3":false}
2026-03-16 00:01:08 [debug] : 96.80000305175781 {"0":1966,"1":1869.1999969482422,"2":15,"3":false}
2026-03-16 00:01:08 [debug] : 96.80000305175781 {"0":2810,"1":2713.199996948242,"2":15,"3":false}
2026-03-16 00:01:08 [debug] : 93.5999984741211 {"0":7,"1":86.5999984741211,"2":15,"3":false}
2026-03-16 00:01:08 [debug] : 93.5999984741211 {"0":234,"1":140.4000015258789,"2":15,"3":false}
2026-03-16 00:01:08 [debug] : 93.5999984741211 {"0":398,"1":304.4000015258789,"2":15,"3":false}
2026-03-16 00:01:08 [debug] : 93.5999984741211 {"0":716,"1":622.4000015258789,"2":15,"3":false}
2026-03-16 00:01:08 [debug] : 93.5999984741211 {"0":880,"1":786.4000015258789,"2":15,"3":false}
2026-03-16 00:01:08 [debug] : 93.5999984741211 {"0":1966,"1":1872.400001525879,"2":15,"3":false}
2026-03-16 00:01:08 [debug] : 93.5999984741211 {"0":2810,"1":2716.400001525879,"2":15,"3":false}
2026-03-16 00:01:08 [debug] : 92.80000305175781 {"0":7,"1":85.80000305175781,"2":15,"3":false}
2026-03-16 00:01:08 [debug] : 92.80000305175781 {"0":234,"1":141.1999969482422,"2":15,"3":false}
2026-03-16 00:01:08 [debug] : 92.80000305175781 {"0":398,"1":305.1999969482422,"2":15,"3":false}
2026-03-16 00:01:08 [debug] : 92.80000305175781 {"0":716,"1":623.1999969482422,"2":15,"3":false}
2026-03-16 00:01:08 [debug] : 92.80000305175781 {"0":880,"1":787.1999969482422,"2":15,"3":false}
2026-03-16 00:01:08 [debug] : 92.80000305175781 {"0":1966,"1":1873.1999969482422,"2":15,"3":false}
2026-03-16 00:01:08 [debug] : 92.80000305175781 {"0":2810,"1":2717.199996948242,"2":15,"3":false}
2026-03-16 00:01:08 [debug] : 92 {"0":7,"1":85,"2":15,"3":false}
2026-03-16 00:01:08 [debug] : 92 {"0":234,"1":142,"2":15,"3":false}
2026-03-16 00:01:08 [debug] : 92 {"0":398,"1":306,"2":15,"3":false}
2026-03-16 00:01:08 [debug] : 92 {"0":716,"1":624,"2":15,"3":false}
2026-03-16 00:01:08 [debug] : 92 {"0":880,"1":788,"2":15,"3":false}
2026-03-16 00:01:08 [debug] : 92 {"0":1966,"1":1874,"2":15,"3":false}
2026-03-16 00:01:08 [debug] : 92 {"0":2810,"1":2718,"2":15,"3":false}
2026-03-16 00:01:08 [debug] : 91.19999694824219 {"0":7,"1":84.19999694824219,"2":15,"3":false}
2026-03-16 00:01:08 [debug] : 91.19999694824219 {"0":234,"1":142.8000030517578,"2":15,"3":false}
2026-03-16 00:01:08 [debug] : 91.19999694824219 {"0":398,"1":306.8000030517578,"2":15,"3":false}
2026-03-16 00:01:08 [debug] : 91.19999694824219 {"0":716,"1":624.8000030517578,"2":15,"3":false}
2026-03-16 00:01:08 [debug] : 91.19999694824219 {"0":880,"1":788.8000030517578,"2":15,"3":false}
2026-03-16 00:01:08 [debug] : 91.19999694824219 {"0":1966,"1":1874.8000030517578,"2":15,"3":false}
2026-03-16 00:01:08 [debug] : 91.19999694824219 {"0":2810,"1":2718.800003051758,"2":15,"3":false}
2026-03-16 00:01:09 [debug] : 90.4000015258789 {"0":7,"1":83.4000015258789,"2":15,"3":false}
2026-03-16 00:01:09 [debug] : 90.4000015258789 {"0":234,"1":143.5999984741211,"2":15,"3":false}
2026-03-16 00:01:09 [debug] : 90.4000015258789 {"0":398,"1":307.5999984741211,"2":15,"3":false}
2026-03-16 00:01:09 [debug] : 90.4000015258789 {"0":716,"1":625.5999984741211,"2":15,"3":false}
2026-03-16 00:01:09 [debug] : 90.4000015258789 {"0":880,"1":789.5999984741211,"2":15,"3":false}
2026-03-16 00:01:09 [debug] : 90.4000015258789 {"0":1966,"1":1875.599998474121,"2":15,"3":false}
2026-03-16 00:01:09 [debug] : 90.4000015258789 {"0":2810,"1":2719.599998474121,"2":15,"3":false}
2026-03-16 00:01:09 [debug] : 89.5999984741211 {"0":7,"1":82.5999984741211,"2":15,"3":false}
2026-03-16 00:01:09 [debug] : 89.5999984741211 {"0":234,"1":144.4000015258789,"2":15,"3":false}
2026-03-16 00:01:09 [debug] : 89.5999984741211 {"0":398,"1":308.4000015258789,"2":15,"3":false}
2026-03-16 00:01:09 [debug] : 89.5999984741211 {"0":716,"1":626.4000015258789,"2":15,"3":false}
2026-03-16 00:01:09 [debug] : 89.5999984741211 {"0":880,"1":790.4000015258789,"2":15,"3":false}
2026-03-16 00:01:09 [debug] : 89.5999984741211 {"0":1966,"1":1876.400001525879,"2":15,"3":false}
2026-03-16 00:01:09 [debug] : 89.5999984741211 {"0":2810,"1":2720.400001525879,"2":15,"3":false}
2026-03-16 00:01:09 [debug] : 87.19999694824219 {"0":7,"1":80.19999694824219,"2":15,"3":false}
2026-03-16 00:01:09 [debug] : 87.19999694824219 {"0":234,"1":146.8000030517578,"2":15,"3":false}
2026-03-16 00:01:09 [debug] : 87.19999694824219 {"0":398,"1":310.8000030517578,"2":15,"3":false}
2026-03-16 00:01:09 [debug] : 87.19999694824219 {"0":716,"1":628.8000030517578,"2":15,"3":false}
2026-03-16 00:01:09 [debug] : 87.19999694824219 {"0":880,"1":792.8000030517578,"2":15,"3":false}
2026-03-16 00:01:09 [debug] : 87.19999694824219 {"0":1966,"1":1878.8000030517578,"2":15,"3":false}
2026-03-16 00:01:09 [debug] : 87.19999694824219 {"0":2810,"1":2722.800003051758,"2":15,"3":false}
2026-03-16 00:01:09 [debug] : 84 {"0":7,"1":77,"2":15,"3":false}
2026-03-16 00:01:09 [debug] : 84 {"0":234,"1":150,"2":15,"3":false}
2026-03-16 00:01:09 [debug] : 84 {"0":398,"1":314,"2":15,"3":false}
2026-03-16 00:01:09 [debug] : 84 {"0":716,"1":632,"2":15,"3":false}
2026-03-16 00:01:09 [debug] : 84 {"0":880,"1":796,"2":15,"3":false}
2026-03-16 00:01:09 [debug] : 84 {"0":1966,"1":1882,"2":15,"3":false}
2026-03-16 00:01:09 [debug] : 84 {"0":2810,"1":2726,"2":15,"3":false}
2026-03-16 00:01:09 [debug] : 79.19999694824219 {"0":7,"1":72.19999694824219,"2":15,"3":false}
2026-03-16 00:01:09 [debug] : 79.19999694824219 {"0":234,"1":154.8000030517578,"2":15,"3":false}
2026-03-16 00:01:09 [debug] : 79.19999694824219 {"0":398,"1":318.8000030517578,"2":15,"3":false}
2026-03-16 00:01:09 [debug] : 79.19999694824219 {"0":716,"1":636.8000030517578,"2":15,"3":false}
2026-03-16 00:01:09 [debug] : 79.19999694824219 {"0":880,"1":800.8000030517578,"2":15,"3":false}
2026-03-16 00:01:09 [debug] : 79.19999694824219 {"0":1966,"1":1886.8000030517578,"2":15,"3":false}
2026-03-16 00:01:09 [debug] : 79.19999694824219 {"0":2810,"1":2730.800003051758,"2":15,"3":false}
2026-03-16 00:01:09 [debug] : 76 {"0":7,"1":69,"2":15,"3":false}
2026-03-16 00:01:09 [debug] : 76 {"0":234,"1":158,"2":15,"3":false}
2026-03-16 00:01:09 [debug] : 76 {"0":398,"1":322,"2":15,"3":false}
2026-03-16 00:01:09 [debug] : 76 {"0":716,"1":640,"2":15,"3":false}
2026-03-16 00:01:09 [debug] : 76 {"0":880,"1":804,"2":15,"3":false}
2026-03-16 00:01:09 [debug] : 76 {"0":1966,"1":1890,"2":15,"3":false}
2026-03-16 00:01:09 [debug] : 76 {"0":2810,"1":2734,"2":15,"3":false}
2026-03-16 00:01:09 [debug] : 72 {"0":7,"1":65,"2":15,"3":false}
2026-03-16 00:01:09 [debug] : 72 {"0":234,"1":162,"2":15,"3":false}
2026-03-16 00:01:09 [debug] : 72 {"0":398,"1":326,"2":15,"3":false}
2026-03-16 00:01:09 [debug] : 72 {"0":716,"1":644,"2":15,"3":false}
2026-03-16 00:01:09 [debug] : 72 {"0":880,"1":808,"2":15,"3":false}
2026-03-16 00:01:09 [debug] : 72 {"0":1966,"1":1894,"2":15,"3":false}
2026-03-16 00:01:09 [debug] : 72 {"0":2810,"1":2738,"2":15,"3":false}
2026-03-16 00:01:09 [debug] : 68.80000305175781 {"0":7,"1":61.80000305175781,"2":15,"3":false}
2026-03-16 00:01:09 [debug] : 68.80000305175781 {"0":234,"1":165.1999969482422,"2":15,"3":false}
2026-03-16 00:01:09 [debug] : 68.80000305175781 {"0":398,"1":329.1999969482422,"2":15,"3":false}
2026-03-16 00:01:09 [debug] : 68.80000305175781 {"0":716,"1":647.1999969482422,"2":15,"3":false}
2026-03-16 00:01:09 [debug] : 68.80000305175781 {"0":880,"1":811.1999969482422,"2":15,"3":false}
2026-03-16 00:01:09 [debug] : 68.80000305175781 {"0":1966,"1":1897.1999969482422,"2":15,"3":false}
2026-03-16 00:01:09 [debug] : 68.80000305175781 {"0":2810,"1":2741.199996948242,"2":15,"3":false}
2026-03-16 00:01:09 [debug] : 64.80000305175781 {"0":7,"1":57.80000305175781,"2":15,"3":false}
2026-03-16 00:01:09 [debug] : 64.80000305175781 {"0":234,"1":169.1999969482422,"2":15,"3":false}
2026-03-16 00:01:09 [debug] : 64.80000305175781 {"0":398,"1":333.1999969482422,"2":15,"3":false}
2026-03-16 00:01:09 [debug] : 64.80000305175781 {"0":716,"1":651.1999969482422,"2":15,"3":false}
2026-03-16 00:01:09 [debug] : 64.80000305175781 {"0":880,"1":815.1999969482422,"2":15,"3":false}
2026-03-16 00:01:09 [debug] : 64.80000305175781 {"0":1966,"1":1901.1999969482422,"2":15,"3":false}
2026-03-16 00:01:09 [debug] : 64.80000305175781 {"0":2810,"1":2745.199996948242,"2":15,"3":false}
2026-03-16 00:01:09 [debug] : 57.599998474121094 {"0":7,"1":50.599998474121094,"2":15,"3":false}
2026-03-16 00:01:09 [debug] : 57.599998474121094 {"0":234,"1":176.4000015258789,"2":15,"3":false}
2026-03-16 00:01:09 [debug] : 57.599998474121094 {"0":398,"1":340.4000015258789,"2":15,"3":false}
2026-03-16 00:01:09 [debug] : 57.599998474121094 {"0":716,"1":658.4000015258789,"2":15,"3":false}
2026-03-16 00:01:09 [debug] : 57.599998474121094 {"0":880,"1":822.4000015258789,"2":15,"3":false}
2026-03-16 00:01:09 [debug] : 57.599998474121094 {"0":1966,"1":1908.400001525879,"2":15,"3":false}
2026-03-16 00:01:09 [debug] : 57.599998474121094 {"0":2810,"1":2752.400001525879,"2":15,"3":false}
2026-03-16 00:01:09 [debug] : 44.79999923706055 {"0":7,"1":37.79999923706055,"2":15,"3":false}
2026-03-16 00:01:09 [debug] : 44.79999923706055 {"0":234,"1":189.20000076293945,"2":15,"3":false}
2026-03-16 00:01:09 [debug] : 44.79999923706055 {"0":398,"1":353.20000076293945,"2":15,"3":false}
2026-03-16 00:01:09 [debug] : 44.79999923706055 {"0":716,"1":671.2000007629395,"2":15,"3":false}
2026-03-16 00:01:09 [debug] : 44.79999923706055 {"0":880,"1":835.2000007629395,"2":15,"3":false}
2026-03-16 00:01:09 [debug] : 44.79999923706055 {"0":1966,"1":1921.2000007629395,"2":15,"3":false}
2026-03-16 00:01:09 [debug] : 44.79999923706055 {"0":2810,"1":2765.2000007629395,"2":15,"3":false}
2026-03-16 00:01:09 [debug] : 28 {"0":7,"1":21,"2":15,"3":false}
2026-03-16 00:01:09 [debug] : 28 {"0":234,"1":206,"2":15,"3":false}
2026-03-16 00:01:09 [debug] : 28 {"0":398,"1":370,"2":15,"3":false}
2026-03-16 00:01:09 [debug] : 28 {"0":716,"1":688,"2":15,"3":false}
2026-03-16 00:01:09 [debug] : 28 {"0":880,"1":852,"2":15,"3":false}
2026-03-16 00:01:09 [debug] : 28 {"0":1966,"1":1938,"2":15,"3":false}
2026-03-16 00:01:09 [debug] : 28 {"0":2810,"1":2782,"2":15,"3":false}
2026-03-16 00:01:09 [debug] : 10.399999618530273 {"0":7,"1":3.3999996185302734,"2":15,"3":true}
2026-03-16 00:01:09 [debug] : SELECTED {"0":"hls-report-section-general-information::urn:analysis-report/top-1803035982/rtl-synt-614077124"}
2026-03-16 00:01:09 [debug] : 1.600000023841858 {"0":7,"1":5.399999976158142,"2":15,"3":true}
2026-03-16 00:01:09 [debug] : SELECTED {"0":"hls-report-section-general-information::urn:analysis-report/top-1803035982/rtl-synt-614077124"}
2026-03-16 00:01:09 [debug] : SELECTED {"0":"hls-report-section-general-information::urn:analysis-report/top-1803035982/rtl-synt-614077124"}
2026-03-16 00:01:23 [debug] : Widget was activated, but did not accept focus after 2000ms: rigel-hls:report-widget:urn:analysis-report/top-1803035982/rtl-synt-614077124 
2026-03-16 00:01:27 [debug] : 54.400001525878906 {"0":7,"1":47.400001525878906,"2":15,"3":false}
2026-03-16 00:01:27 [debug] : 54.400001525878906 {"0":144,"1":89.5999984741211,"2":15,"3":false}
2026-03-16 00:01:27 [debug] : 54.400001525878906 {"0":340,"1":285.5999984741211,"2":15,"3":false}
2026-03-16 00:01:28 [debug] : start navigation 1 
2026-03-16 00:01:28 [debug] : end navigation 0 
2026-03-16 00:01:28 [debug] : ending navigation with location {"uri":"file:///home/abdullah/Desktop/CNN-on-FPGA/src/conv.cpp","type":0,"context":{"line":40,"character":0}} 
2026-03-16 00:01:34 [debug] : MonacoEditorModel.cancelSync {"0":"file:///home/abdullah/Desktop/CNN-on-FPGA/src/conv.cpp"}
2026-03-16 00:01:34 [debug] : MonacoEditorModel.cancelSave {"0":"file:///home/abdullah/Desktop/CNN-on-FPGA/src/conv.cpp"}
2026-03-16 00:01:34 [debug] : TextEditor is disposed! 
