Copyright 1986-2022 Xilinx, Inc. All Rights Reserved. Copyright 2022-2025 Advanced Micro Devices, Inc. All Rights Reserved.
------------------------------------------------------------------------------------------------------------------------------------------------------------------------------------------------------------------------------------------------
| Tool Version : Vivado v.2025.2 (lin64) Build 6299465 Fri Nov 14 12:34:56 MST 2025
| Date         : Sat Mar  7 19:19:38 2026
| Host         : universal-constructor running 64-bit Ubuntu 24.04.3 LTS
| Command      : report_timing_summary -max_paths 10 -routable_nets -report_unconstrained -file bd_0_wrapper_timing_summary_routed.rpt -pb bd_0_wrapper_timing_summary_routed.pb -rpx bd_0_wrapper_timing_summary_routed.rpx -warn_on_violation
| Design       : bd_0_wrapper
| Device       : 7z020-clg484
| Speed File   : -1  PRODUCTION 1.12 2019-11-22
| Design State : Routed
------------------------------------------------------------------------------------------------------------------------------------------------------------------------------------------------------------------------------------------------

Timing Summary Report

------------------------------------------------------------------------------------------------
| Timer Settings
| --------------
------------------------------------------------------------------------------------------------

  Enable Multi Corner Analysis               :  Yes
  Enable Pessimism Removal                   :  Yes
  Pessimism Removal Resolution               :  Nearest Common Node
  Enable Input Delay Default Clock           :  No
  Enable Preset / Clear Arcs                 :  No
  Disable Flight Delays                      :  No
  Ignore I/O Paths                           :  No
  Timing Early Launch at Borrowing Latches   :  No
  Borrow Time for Max Delay Exceptions       :  Yes
  Merge Timing Exceptions                    :  Yes
  Inter-SLR Compensation                     :  Conservative

  Corner  Analyze    Analyze    
  Name    Max Paths  Min Paths  
  ------  ---------  ---------  
  Slow    Yes        Yes        
  Fast    Yes        Yes        


------------------------------------------------------------------------------------------------
| Report Methodology
| ------------------
------------------------------------------------------------------------------------------------

Rule       Severity  Description                    Violations  
---------  --------  -----------------------------  ----------  
TIMING-18  Warning   Missing input or output delay  429         

Note: This report is based on the most recent report_methodology run and may not be up-to-date. Run report_methodology on the current design for the latest report.



check_timing report

Table of Contents
-----------------
1. checking no_clock (0)
2. checking constant_clock (0)
3. checking pulse_width_clock (0)
4. checking unconstrained_internal_endpoints (0)
5. checking no_input_delay (129)
6. checking no_output_delay (280)
7. checking multiple_clock (0)
8. checking generated_clocks (0)
9. checking loops (0)
10. checking partial_input_delay (0)
11. checking partial_output_delay (0)
12. checking latch_loops (0)

1. checking no_clock (0)
------------------------
 There are 0 register/latch pins with no clock.


2. checking constant_clock (0)
------------------------------
 There are 0 register/latch pins with constant_clock.


3. checking pulse_width_clock (0)
---------------------------------
 There are 0 register/latch pins which need pulse_width check


4. checking unconstrained_internal_endpoints (0)
------------------------------------------------
 There are 0 pins that are not constrained for maximum delay.

 There are 0 pins that are not constrained for maximum delay due to constant clock.


5. checking no_input_delay (129)
--------------------------------
 There are 129 input ports with no input delay specified. (HIGH)

 There are 0 input ports with no input delay but user has a false path constraint.


6. checking no_output_delay (280)
---------------------------------
 There are 280 ports with no output delay specified. (HIGH)

 There are 0 ports with no output delay but user has a false path constraint

 There are 0 ports with no output delay but with a timing clock defined on it or propagating through it


7. checking multiple_clock (0)
------------------------------
 There are 0 register/latch pins with multiple clocks.


8. checking generated_clocks (0)
--------------------------------
 There are 0 generated clocks that are not connected to a clock source.


9. checking loops (0)
---------------------
 There are 0 combinational loops in the design.


10. checking partial_input_delay (0)
------------------------------------
 There are 0 input ports with partial input delay specified.


11. checking partial_output_delay (0)
-------------------------------------
 There are 0 ports with partial output delay specified.


12. checking latch_loops (0)
----------------------------
 There are 0 combinational latch loops in the design through latch input



------------------------------------------------------------------------------------------------
| Design Timing Summary
| ---------------------
------------------------------------------------------------------------------------------------

    WNS(ns)      TNS(ns)  TNS Failing Endpoints  TNS Total Endpoints      WHS(ns)      THS(ns)  THS Failing Endpoints  THS Total Endpoints     WPWS(ns)     TPWS(ns)  TPWS Failing Endpoints  TPWS Total Endpoints  
    -------      -------  ---------------------  -------------------      -------      -------  ---------------------  -------------------     --------     --------  ----------------------  --------------------  
      0.699        0.000                      0                18289        0.046        0.000                      0                18289        4.020        0.000                       0                  7886  


All user specified timing constraints are met.


------------------------------------------------------------------------------------------------
| Clock Summary
| -------------
------------------------------------------------------------------------------------------------

Clock   Waveform(ns)       Period(ns)      Frequency(MHz)
-----   ------------       ----------      --------------
ap_clk  {0.000 5.000}      10.000          100.000         


------------------------------------------------------------------------------------------------
| Intra Clock Table
| -----------------
------------------------------------------------------------------------------------------------

Clock             WNS(ns)      TNS(ns)  TNS Failing Endpoints  TNS Total Endpoints      WHS(ns)      THS(ns)  THS Failing Endpoints  THS Total Endpoints     WPWS(ns)     TPWS(ns)  TPWS Failing Endpoints  TPWS Total Endpoints  
-----             -------      -------  ---------------------  -------------------      -------      -------  ---------------------  -------------------     --------     --------  ----------------------  --------------------  
ap_clk              0.699        0.000                      0                18289        0.046        0.000                      0                18289        4.020        0.000                       0                  7886  


------------------------------------------------------------------------------------------------
| Inter Clock Table
| -----------------
------------------------------------------------------------------------------------------------

From Clock    To Clock          WNS(ns)      TNS(ns)  TNS Failing Endpoints  TNS Total Endpoints      WHS(ns)      THS(ns)  THS Failing Endpoints  THS Total Endpoints  
----------    --------          -------      -------  ---------------------  -------------------      -------      -------  ---------------------  -------------------  


------------------------------------------------------------------------------------------------
| Other Path Groups Table
| -----------------------
------------------------------------------------------------------------------------------------

Path Group    From Clock    To Clock          WNS(ns)      TNS(ns)  TNS Failing Endpoints  TNS Total Endpoints      WHS(ns)      THS(ns)  THS Failing Endpoints  THS Total Endpoints  
----------    ----------    --------          -------      -------  ---------------------  -------------------      -------      -------  ---------------------  -------------------  


------------------------------------------------------------------------------------------------
| User Ignored Path Table
| -----------------------
------------------------------------------------------------------------------------------------

Path Group    From Clock    To Clock    
----------    ----------    --------    


------------------------------------------------------------------------------------------------
| Unconstrained Path Table
| ------------------------
------------------------------------------------------------------------------------------------

Path Group    From Clock    To Clock    
----------    ----------    --------    
(none)        ap_clk                      
(none)                      ap_clk        


------------------------------------------------------------------------------------------------
| Timing Details
| --------------
------------------------------------------------------------------------------------------------


---------------------------------------------------------------------------------------------------
From Clock:  ap_clk
  To Clock:  ap_clk

Setup :            0  Failing Endpoints,  Worst Slack        0.699ns,  Total Violation        0.000ns
Hold  :            0  Failing Endpoints,  Worst Slack        0.046ns,  Total Violation        0.000ns
PW    :            0  Failing Endpoints,  Worst Slack        4.020ns,  Total Violation        0.000ns
---------------------------------------------------------------------------------------------------


Max Delay Paths
--------------------------------------------------------------------------------------
Slack (MET) :             0.699ns  (required time - arrival time)
  Source:                 bd_0_i/hls_inst/inst/gmem1_m_axi_U/load_unit_0/bus_wide_gen.data_buf_reg[4]/C
                            (rising edge-triggered cell FDRE clocked by ap_clk  {rise@0.000ns fall@5.000ns period=10.000ns})
  Destination:            bd_0_i/hls_inst/inst/grp_conv1_fu_527/conv1_ap_fixed_8_5_ap_q_mode_5_ap_o_mode_3_0_ap_fixed_8_5_ap_q_mode_5_ap_o_mode_3_0_ap_fixed_8_5_ap_q_mode_5_ap_o_mode_3_0_ap_fixed_8_5_ap_q_mode_5_ap_o_mode_3_0_local_wei_25_reg[4]/D
                            (rising edge-triggered cell FDRE clocked by ap_clk  {rise@0.000ns fall@5.000ns period=10.000ns})
  Path Group:             ap_clk
  Path Type:              Setup (Max at Slow Process Corner)
  Requirement:            10.000ns  (ap_clk rise@10.000ns - ap_clk rise@0.000ns)
  Data Path Delay:        9.156ns  (logic 0.456ns (4.980%)  route 8.700ns (95.020%))
  Logic Levels:           0  
  Clock Path Skew:        -0.049ns (DCD - SCD + CPR)
    Destination Clock Delay (DCD):    0.924ns = ( 10.924 - 10.000 ) 
    Source Clock Delay      (SCD):    0.973ns
    Clock Pessimism Removal (CPR):    0.000ns
  Clock Uncertainty:      0.035ns  ((TSJ^2 + TIJ^2)^1/2 + DJ) / 2 + PE
    Total System Jitter     (TSJ):    0.071ns
    Total Input Jitter      (TIJ):    0.000ns
    Discrete Jitter          (DJ):    0.000ns
    Phase Error              (PE):    0.000ns

    Location             Delay type                Incr(ns)  Path(ns)    Netlist Resource(s)
  -------------------------------------------------------------------    -------------------
                         (clock ap_clk rise edge)     0.000     0.000 r  
                                                      0.000     0.000 r  ap_clk (IN)
                         net (fo=7885, unset)         0.973     0.973    bd_0_i/hls_inst/inst/gmem1_m_axi_U/load_unit_0/ap_clk
    SLICE_X81Y25         FDRE                                         r  bd_0_i/hls_inst/inst/gmem1_m_axi_U/load_unit_0/bus_wide_gen.data_buf_reg[4]/C
  -------------------------------------------------------------------    -------------------
    SLICE_X81Y25         FDRE (Prop_fdre_C_Q)         0.456     1.429 r  bd_0_i/hls_inst/inst/gmem1_m_axi_U/load_unit_0/bus_wide_gen.data_buf_reg[4]/Q
                         net (fo=108, routed)         8.700    10.129    bd_0_i/hls_inst/inst/grp_conv1_fu_527/p_ZZ5conv1P8ap_fixedILi8ELi5EL9ap_q_mode5EL9ap_o_mode3ELi0EES3_S3_S3_E12local_wei_9_reg[7]_0[4]
    SLICE_X13Y20         FDRE                                         r  bd_0_i/hls_inst/inst/grp_conv1_fu_527/conv1_ap_fixed_8_5_ap_q_mode_5_ap_o_mode_3_0_ap_fixed_8_5_ap_q_mode_5_ap_o_mode_3_0_ap_fixed_8_5_ap_q_mode_5_ap_o_mode_3_0_ap_fixed_8_5_ap_q_mode_5_ap_o_mode_3_0_local_wei_25_reg[4]/D
  -------------------------------------------------------------------    -------------------

                         (clock ap_clk rise edge)    10.000    10.000 r  
                                                      0.000    10.000 r  ap_clk (IN)
                         net (fo=7885, unset)         0.924    10.924    bd_0_i/hls_inst/inst/grp_conv1_fu_527/ap_clk
    SLICE_X13Y20         FDRE                                         r  bd_0_i/hls_inst/inst/grp_conv1_fu_527/conv1_ap_fixed_8_5_ap_q_mode_5_ap_o_mode_3_0_ap_fixed_8_5_ap_q_mode_5_ap_o_mode_3_0_ap_fixed_8_5_ap_q_mode_5_ap_o_mode_3_0_ap_fixed_8_5_ap_q_mode_5_ap_o_mode_3_0_local_wei_25_reg[4]/C
                         clock pessimism              0.000    10.924    
                         clock uncertainty           -0.035    10.889    
    SLICE_X13Y20         FDRE (Setup_fdre_C_D)       -0.061    10.828    bd_0_i/hls_inst/inst/grp_conv1_fu_527/conv1_ap_fixed_8_5_ap_q_mode_5_ap_o_mode_3_0_ap_fixed_8_5_ap_q_mode_5_ap_o_mode_3_0_ap_fixed_8_5_ap_q_mode_5_ap_o_mode_3_0_ap_fixed_8_5_ap_q_mode_5_ap_o_mode_3_0_local_wei_25_reg[4]
  -------------------------------------------------------------------
                         required time                         10.828    
                         arrival time                         -10.129    
  -------------------------------------------------------------------
                         slack                                  0.699    

Slack (MET) :             0.758ns  (required time - arrival time)
  Source:                 bd_0_i/hls_inst/inst/gmem1_m_axi_U/load_unit_0/bus_wide_gen.data_buf_reg[4]/C
                            (rising edge-triggered cell FDRE clocked by ap_clk  {rise@0.000ns fall@5.000ns period=10.000ns})
  Destination:            bd_0_i/hls_inst/inst/grp_conv1_fu_527/conv1_ap_fixed_ap_fixed_ap_fixed_ap_fixed_8_5_5_3_0_local_weight_8_reg[4]/D
                            (rising edge-triggered cell FDRE clocked by ap_clk  {rise@0.000ns fall@5.000ns period=10.000ns})
  Path Group:             ap_clk
  Path Type:              Setup (Max at Slow Process Corner)
  Requirement:            10.000ns  (ap_clk rise@10.000ns - ap_clk rise@0.000ns)
  Data Path Delay:        9.130ns  (logic 0.456ns (4.994%)  route 8.674ns (95.006%))
  Logic Levels:           0  
  Clock Path Skew:        -0.049ns (DCD - SCD + CPR)
    Destination Clock Delay (DCD):    0.924ns = ( 10.924 - 10.000 ) 
    Source Clock Delay      (SCD):    0.973ns
    Clock Pessimism Removal (CPR):    0.000ns
  Clock Uncertainty:      0.035ns  ((TSJ^2 + TIJ^2)^1/2 + DJ) / 2 + PE
    Total System Jitter     (TSJ):    0.071ns
    Total Input Jitter      (TIJ):    0.000ns
    Discrete Jitter          (DJ):    0.000ns
    Phase Error              (PE):    0.000ns

    Location             Delay type                Incr(ns)  Path(ns)    Netlist Resource(s)
  -------------------------------------------------------------------    -------------------
                         (clock ap_clk rise edge)     0.000     0.000 r  
                                                      0.000     0.000 r  ap_clk (IN)
                         net (fo=7885, unset)         0.973     0.973    bd_0_i/hls_inst/inst/gmem1_m_axi_U/load_unit_0/ap_clk
    SLICE_X81Y25         FDRE                                         r  bd_0_i/hls_inst/inst/gmem1_m_axi_U/load_unit_0/bus_wide_gen.data_buf_reg[4]/C
  -------------------------------------------------------------------    -------------------
    SLICE_X81Y25         FDRE (Prop_fdre_C_Q)         0.456     1.429 r  bd_0_i/hls_inst/inst/gmem1_m_axi_U/load_unit_0/bus_wide_gen.data_buf_reg[4]/Q
                         net (fo=108, routed)         8.674    10.103    bd_0_i/hls_inst/inst/grp_conv1_fu_527/p_ZZ5conv1P8ap_fixedILi8ELi5EL9ap_q_mode5EL9ap_o_mode3ELi0EES3_S3_S3_E12local_wei_9_reg[7]_0[4]
    SLICE_X16Y19         FDRE                                         r  bd_0_i/hls_inst/inst/grp_conv1_fu_527/conv1_ap_fixed_ap_fixed_ap_fixed_ap_fixed_8_5_5_3_0_local_weight_8_reg[4]/D
  -------------------------------------------------------------------    -------------------

                         (clock ap_clk rise edge)    10.000    10.000 r  
                                                      0.000    10.000 r  ap_clk (IN)
                         net (fo=7885, unset)         0.924    10.924    bd_0_i/hls_inst/inst/grp_conv1_fu_527/ap_clk
    SLICE_X16Y19         FDRE                                         r  bd_0_i/hls_inst/inst/grp_conv1_fu_527/conv1_ap_fixed_ap_fixed_ap_fixed_ap_fixed_8_5_5_3_0_local_weight_8_reg[4]/C
                         clock pessimism              0.000    10.924    
                         clock uncertainty           -0.035    10.889    
    SLICE_X16Y19         FDRE (Setup_fdre_C_D)       -0.028    10.861    bd_0_i/hls_inst/inst/grp_conv1_fu_527/conv1_ap_fixed_ap_fixed_ap_fixed_ap_fixed_8_5_5_3_0_local_weight_8_reg[4]
  -------------------------------------------------------------------
                         required time                         10.861    
                         arrival time                         -10.103    
  -------------------------------------------------------------------
                         slack                                  0.758    

Slack (MET) :             0.838ns  (required time - arrival time)
  Source:                 bd_0_i/hls_inst/inst/grp_pool_1_fu_795/grp_pool_1_Pipeline_CO_LOOP_H_LOOP_W_LOOP_fu_110/val_reg_1180_reg[1]/C
                            (rising edge-triggered cell FDRE clocked by ap_clk  {rise@0.000ns fall@5.000ns period=10.000ns})
  Destination:            bd_0_i/hls_inst/inst/grp_pool_1_fu_795/grp_pool_1_Pipeline_CO_LOOP_H_LOOP_W_LOOP_fu_110/max_val_10_reg_1225_reg[5]/D
                            (rising edge-triggered cell FDRE clocked by ap_clk  {rise@0.000ns fall@5.000ns period=10.000ns})
  Path Group:             ap_clk
  Path Type:              Setup (Max at Slow Process Corner)
  Requirement:            10.000ns  (ap_clk rise@10.000ns - ap_clk rise@0.000ns)
  Data Path Delay:        9.107ns  (logic 3.159ns (34.686%)  route 5.948ns (65.314%))
  Logic Levels:           9  (CARRY4=3 LUT3=2 LUT4=1 LUT5=1 LUT6=2)
  Clock Path Skew:        -0.049ns (DCD - SCD + CPR)
    Destination Clock Delay (DCD):    0.924ns = ( 10.924 - 10.000 ) 
    Source Clock Delay      (SCD):    0.973ns
    Clock Pessimism Removal (CPR):    0.000ns
  Clock Uncertainty:      0.035ns  ((TSJ^2 + TIJ^2)^1/2 + DJ) / 2 + PE
    Total System Jitter     (TSJ):    0.071ns
    Total Input Jitter      (TIJ):    0.000ns
    Discrete Jitter          (DJ):    0.000ns
    Phase Error              (PE):    0.000ns

    Location             Delay type                Incr(ns)  Path(ns)    Netlist Resource(s)
  -------------------------------------------------------------------    -------------------
                         (clock ap_clk rise edge)     0.000     0.000 r  
                                                      0.000     0.000 r  ap_clk (IN)
                         net (fo=7885, unset)         0.973     0.973    bd_0_i/hls_inst/inst/grp_pool_1_fu_795/grp_pool_1_Pipeline_CO_LOOP_H_LOOP_W_LOOP_fu_110/ap_clk
    SLICE_X29Y16         FDRE                                         r  bd_0_i/hls_inst/inst/grp_pool_1_fu_795/grp_pool_1_Pipeline_CO_LOOP_H_LOOP_W_LOOP_fu_110/val_reg_1180_reg[1]/C
  -------------------------------------------------------------------    -------------------
    SLICE_X29Y16         FDRE (Prop_fdre_C_Q)         0.419     1.392 r  bd_0_i/hls_inst/inst/grp_pool_1_fu_795/grp_pool_1_Pipeline_CO_LOOP_H_LOOP_W_LOOP_fu_110/val_reg_1180_reg[1]/Q
                         net (fo=6, routed)           1.178     2.570    bd_0_i/hls_inst/inst/grp_pool_1_fu_795/grp_pool_1_Pipeline_CO_LOOP_H_LOOP_W_LOOP_fu_110/val_reg_1180[1]
    SLICE_X28Y12         LUT4 (Prop_lut4_I1_O)        0.299     2.869 r  bd_0_i/hls_inst/inst/grp_pool_1_fu_795/grp_pool_1_Pipeline_CO_LOOP_H_LOOP_W_LOOP_fu_110/icmp_ln37_1_fu_900_p2_carry_i_8/O
                         net (fo=1, routed)           0.000     2.869    bd_0_i/hls_inst/inst/grp_pool_1_fu_795/grp_pool_1_Pipeline_CO_LOOP_H_LOOP_W_LOOP_fu_110/icmp_ln37_1_fu_900_p2_carry_i_8_n_6
    SLICE_X28Y12         CARRY4 (Prop_carry4_S[0]_CO[3])
                                                      0.532     3.401 r  bd_0_i/hls_inst/inst/grp_pool_1_fu_795/grp_pool_1_Pipeline_CO_LOOP_H_LOOP_W_LOOP_fu_110/icmp_ln37_1_fu_900_p2_carry/CO[3]
                         net (fo=18, routed)          0.977     4.377    bd_0_i/hls_inst/inst/grp_pool_1_fu_795/grp_pool_1_Pipeline_CO_LOOP_H_LOOP_W_LOOP_fu_110/icmp_ln37_1_fu_900_p2_carry_n_6
    SLICE_X29Y12         LUT3 (Prop_lut3_I1_O)        0.153     4.530 f  bd_0_i/hls_inst/inst/grp_pool_1_fu_795/grp_pool_1_Pipeline_CO_LOOP_H_LOOP_W_LOOP_fu_110/max_val_10_reg_1225[2]_i_3/O
                         net (fo=5, routed)           0.435     4.965    bd_0_i/hls_inst/inst/grp_pool_1_fu_795/grp_pool_1_Pipeline_CO_LOOP_H_LOOP_W_LOOP_fu_110/max_val_10_reg_1225[2]_i_3_n_6
    SLICE_X29Y13         LUT6 (Prop_lut6_I1_O)        0.327     5.292 r  bd_0_i/hls_inst/inst/grp_pool_1_fu_795/grp_pool_1_Pipeline_CO_LOOP_H_LOOP_W_LOOP_fu_110/icmp_ln37_2_fu_915_p2_carry_i_3/O
                         net (fo=1, routed)           0.546     5.838    bd_0_i/hls_inst/inst/grp_pool_1_fu_795/grp_pool_1_Pipeline_CO_LOOP_H_LOOP_W_LOOP_fu_110/icmp_ln37_2_fu_915_p2_carry_i_3_n_6
    SLICE_X29Y15         CARRY4 (Prop_carry4_DI[1]_CO[3])
                                                      0.507     6.345 r  bd_0_i/hls_inst/inst/grp_pool_1_fu_795/grp_pool_1_Pipeline_CO_LOOP_H_LOOP_W_LOOP_fu_110/icmp_ln37_2_fu_915_p2_carry/CO[3]
                         net (fo=16, routed)          0.828     7.173    bd_0_i/hls_inst/inst/grp_pool_1_fu_795/grp_pool_1_Pipeline_CO_LOOP_H_LOOP_W_LOOP_fu_110/icmp_ln37_2_fu_915_p2_carry_n_6
    SLICE_X31Y15         LUT5 (Prop_lut5_I1_O)        0.124     7.297 f  bd_0_i/hls_inst/inst/grp_pool_1_fu_795/grp_pool_1_Pipeline_CO_LOOP_H_LOOP_W_LOOP_fu_110/max_val_10_reg_1225[1]_i_3/O
                         net (fo=2, routed)           0.538     7.835    bd_0_i/hls_inst/inst/grp_pool_1_fu_795/grp_pool_1_Pipeline_CO_LOOP_H_LOOP_W_LOOP_fu_110/p_0_in0_in[1]
    SLICE_X30Y15         LUT6 (Prop_lut6_I4_O)        0.124     7.959 r  bd_0_i/hls_inst/inst/grp_pool_1_fu_795/grp_pool_1_Pipeline_CO_LOOP_H_LOOP_W_LOOP_fu_110/icmp_ln37_3_fu_962_p2_carry_i_4/O
                         net (fo=1, routed)           0.473     8.432    bd_0_i/hls_inst/inst/grp_pool_1_fu_795/grp_pool_1_Pipeline_CO_LOOP_H_LOOP_W_LOOP_fu_110/icmp_ln37_3_fu_962_p2_carry_i_4_n_6
    SLICE_X30Y14         CARRY4 (Prop_carry4_DI[0]_CO[3])
                                                      0.550     8.982 r  bd_0_i/hls_inst/inst/grp_pool_1_fu_795/grp_pool_1_Pipeline_CO_LOOP_H_LOOP_W_LOOP_fu_110/icmp_ln37_3_fu_962_p2_carry/CO[3]
                         net (fo=7, routed)           0.975     9.956    bd_0_i/hls_inst/inst/grp_pool_1_fu_795/grp_pool_1_Pipeline_CO_LOOP_H_LOOP_W_LOOP_fu_110/icmp_ln37_3_fu_962_p2_carry_n_6
    SLICE_X31Y14         LUT3 (Prop_lut3_I1_O)        0.124    10.080 r  bd_0_i/hls_inst/inst/grp_pool_1_fu_795/grp_pool_1_Pipeline_CO_LOOP_H_LOOP_W_LOOP_fu_110/max_val_10_reg_1225[5]_i_1/O
                         net (fo=1, routed)           0.000    10.080    bd_0_i/hls_inst/inst/grp_pool_1_fu_795/grp_pool_1_Pipeline_CO_LOOP_H_LOOP_W_LOOP_fu_110/max_val_10_fu_968_p3[5]
    SLICE_X31Y14         FDRE                                         r  bd_0_i/hls_inst/inst/grp_pool_1_fu_795/grp_pool_1_Pipeline_CO_LOOP_H_LOOP_W_LOOP_fu_110/max_val_10_reg_1225_reg[5]/D
  -------------------------------------------------------------------    -------------------

                         (clock ap_clk rise edge)    10.000    10.000 r  
                                                      0.000    10.000 r  ap_clk (IN)
                         net (fo=7885, unset)         0.924    10.924    bd_0_i/hls_inst/inst/grp_pool_1_fu_795/grp_pool_1_Pipeline_CO_LOOP_H_LOOP_W_LOOP_fu_110/ap_clk
    SLICE_X31Y14         FDRE                                         r  bd_0_i/hls_inst/inst/grp_pool_1_fu_795/grp_pool_1_Pipeline_CO_LOOP_H_LOOP_W_LOOP_fu_110/max_val_10_reg_1225_reg[5]/C
                         clock pessimism              0.000    10.924    
                         clock uncertainty           -0.035    10.889    
    SLICE_X31Y14         FDRE (Setup_fdre_C_D)        0.029    10.918    bd_0_i/hls_inst/inst/grp_pool_1_fu_795/grp_pool_1_Pipeline_CO_LOOP_H_LOOP_W_LOOP_fu_110/max_val_10_reg_1225_reg[5]
  -------------------------------------------------------------------
                         required time                         10.918    
                         arrival time                         -10.080    
  -------------------------------------------------------------------
                         slack                                  0.838    

Slack (MET) :             0.851ns  (required time - arrival time)
  Source:                 bd_0_i/hls_inst/inst/gmem1_m_axi_U/load_unit_0/bus_wide_gen.data_buf_reg[4]/C
                            (rising edge-triggered cell FDRE clocked by ap_clk  {rise@0.000ns fall@5.000ns period=10.000ns})
  Destination:            bd_0_i/hls_inst/inst/grp_conv1_fu_527/conv1_ap_fixed_8_5_ap_q_mode_5_ap_o_mode_3_0_ap_fixed_8_5_ap_q_mode_5_ap_o_mode_3_0_ap_fixed_8_5_ap_q_mode_5_ap_o_mode_3_0_ap_fixed_8_5_ap_q_mode_5_ap_o_mode_3_0_local_wei_52_reg[4]/D
                            (rising edge-triggered cell FDRE clocked by ap_clk  {rise@0.000ns fall@5.000ns period=10.000ns})
  Path Group:             ap_clk
  Path Type:              Setup (Max at Slow Process Corner)
  Requirement:            10.000ns  (ap_clk rise@10.000ns - ap_clk rise@0.000ns)
  Data Path Delay:        8.984ns  (logic 0.456ns (5.075%)  route 8.528ns (94.925%))
  Logic Levels:           0  
  Clock Path Skew:        -0.049ns (DCD - SCD + CPR)
    Destination Clock Delay (DCD):    0.924ns = ( 10.924 - 10.000 ) 
    Source Clock Delay      (SCD):    0.973ns
    Clock Pessimism Removal (CPR):    0.000ns
  Clock Uncertainty:      0.035ns  ((TSJ^2 + TIJ^2)^1/2 + DJ) / 2 + PE
    Total System Jitter     (TSJ):    0.071ns
    Total Input Jitter      (TIJ):    0.000ns
    Discrete Jitter          (DJ):    0.000ns
    Phase Error              (PE):    0.000ns

    Location             Delay type                Incr(ns)  Path(ns)    Netlist Resource(s)
  -------------------------------------------------------------------    -------------------
                         (clock ap_clk rise edge)     0.000     0.000 r  
                                                      0.000     0.000 r  ap_clk (IN)
                         net (fo=7885, unset)         0.973     0.973    bd_0_i/hls_inst/inst/gmem1_m_axi_U/load_unit_0/ap_clk
    SLICE_X81Y25         FDRE                                         r  bd_0_i/hls_inst/inst/gmem1_m_axi_U/load_unit_0/bus_wide_gen.data_buf_reg[4]/C
  -------------------------------------------------------------------    -------------------
    SLICE_X81Y25         FDRE (Prop_fdre_C_Q)         0.456     1.429 r  bd_0_i/hls_inst/inst/gmem1_m_axi_U/load_unit_0/bus_wide_gen.data_buf_reg[4]/Q
                         net (fo=108, routed)         8.528     9.957    bd_0_i/hls_inst/inst/grp_conv1_fu_527/p_ZZ5conv1P8ap_fixedILi8ELi5EL9ap_q_mode5EL9ap_o_mode3ELi0EES3_S3_S3_E12local_wei_9_reg[7]_0[4]
    SLICE_X15Y19         FDRE                                         r  bd_0_i/hls_inst/inst/grp_conv1_fu_527/conv1_ap_fixed_8_5_ap_q_mode_5_ap_o_mode_3_0_ap_fixed_8_5_ap_q_mode_5_ap_o_mode_3_0_ap_fixed_8_5_ap_q_mode_5_ap_o_mode_3_0_ap_fixed_8_5_ap_q_mode_5_ap_o_mode_3_0_local_wei_52_reg[4]/D
  -------------------------------------------------------------------    -------------------

                         (clock ap_clk rise edge)    10.000    10.000 r  
                                                      0.000    10.000 r  ap_clk (IN)
                         net (fo=7885, unset)         0.924    10.924    bd_0_i/hls_inst/inst/grp_conv1_fu_527/ap_clk
    SLICE_X15Y19         FDRE                                         r  bd_0_i/hls_inst/inst/grp_conv1_fu_527/conv1_ap_fixed_8_5_ap_q_mode_5_ap_o_mode_3_0_ap_fixed_8_5_ap_q_mode_5_ap_o_mode_3_0_ap_fixed_8_5_ap_q_mode_5_ap_o_mode_3_0_ap_fixed_8_5_ap_q_mode_5_ap_o_mode_3_0_local_wei_52_reg[4]/C
                         clock pessimism              0.000    10.924    
                         clock uncertainty           -0.035    10.889    
    SLICE_X15Y19         FDRE (Setup_fdre_C_D)       -0.081    10.808    bd_0_i/hls_inst/inst/grp_conv1_fu_527/conv1_ap_fixed_8_5_ap_q_mode_5_ap_o_mode_3_0_ap_fixed_8_5_ap_q_mode_5_ap_o_mode_3_0_ap_fixed_8_5_ap_q_mode_5_ap_o_mode_3_0_ap_fixed_8_5_ap_q_mode_5_ap_o_mode_3_0_local_wei_52_reg[4]
  -------------------------------------------------------------------
                         required time                         10.808    
                         arrival time                          -9.957    
  -------------------------------------------------------------------
                         slack                                  0.851    

Slack (MET) :             0.890ns  (required time - arrival time)
  Source:                 bd_0_i/hls_inst/inst/grp_pool_1_fu_795/grp_pool_1_Pipeline_CO_LOOP_H_LOOP_W_LOOP_fu_110/val_reg_1180_reg[1]/C
                            (rising edge-triggered cell FDRE clocked by ap_clk  {rise@0.000ns fall@5.000ns period=10.000ns})
  Destination:            bd_0_i/hls_inst/inst/grp_pool_1_fu_795/grp_pool_1_Pipeline_CO_LOOP_H_LOOP_W_LOOP_fu_110/max_val_10_reg_1225_reg[6]/D
                            (rising edge-triggered cell FDRE clocked by ap_clk  {rise@0.000ns fall@5.000ns period=10.000ns})
  Path Group:             ap_clk
  Path Type:              Setup (Max at Slow Process Corner)
  Requirement:            10.000ns  (ap_clk rise@10.000ns - ap_clk rise@0.000ns)
  Data Path Delay:        9.101ns  (logic 3.153ns (34.643%)  route 5.948ns (65.357%))
  Logic Levels:           9  (CARRY4=3 LUT3=2 LUT4=1 LUT5=1 LUT6=2)
  Clock Path Skew:        -0.049ns (DCD - SCD + CPR)
    Destination Clock Delay (DCD):    0.924ns = ( 10.924 - 10.000 ) 
    Source Clock Delay      (SCD):    0.973ns
    Clock Pessimism Removal (CPR):    0.000ns
  Clock Uncertainty:      0.035ns  ((TSJ^2 + TIJ^2)^1/2 + DJ) / 2 + PE
    Total System Jitter     (TSJ):    0.071ns
    Total Input Jitter      (TIJ):    0.000ns
    Discrete Jitter          (DJ):    0.000ns
    Phase Error              (PE):    0.000ns

    Location             Delay type                Incr(ns)  Path(ns)    Netlist Resource(s)
  -------------------------------------------------------------------    -------------------
                         (clock ap_clk rise edge)     0.000     0.000 r  
                                                      0.000     0.000 r  ap_clk (IN)
                         net (fo=7885, unset)         0.973     0.973    bd_0_i/hls_inst/inst/grp_pool_1_fu_795/grp_pool_1_Pipeline_CO_LOOP_H_LOOP_W_LOOP_fu_110/ap_clk
    SLICE_X29Y16         FDRE                                         r  bd_0_i/hls_inst/inst/grp_pool_1_fu_795/grp_pool_1_Pipeline_CO_LOOP_H_LOOP_W_LOOP_fu_110/val_reg_1180_reg[1]/C
  -------------------------------------------------------------------    -------------------
    SLICE_X29Y16         FDRE (Prop_fdre_C_Q)         0.419     1.392 r  bd_0_i/hls_inst/inst/grp_pool_1_fu_795/grp_pool_1_Pipeline_CO_LOOP_H_LOOP_W_LOOP_fu_110/val_reg_1180_reg[1]/Q
                         net (fo=6, routed)           1.178     2.570    bd_0_i/hls_inst/inst/grp_pool_1_fu_795/grp_pool_1_Pipeline_CO_LOOP_H_LOOP_W_LOOP_fu_110/val_reg_1180[1]
    SLICE_X28Y12         LUT4 (Prop_lut4_I1_O)        0.299     2.869 r  bd_0_i/hls_inst/inst/grp_pool_1_fu_795/grp_pool_1_Pipeline_CO_LOOP_H_LOOP_W_LOOP_fu_110/icmp_ln37_1_fu_900_p2_carry_i_8/O
                         net (fo=1, routed)           0.000     2.869    bd_0_i/hls_inst/inst/grp_pool_1_fu_795/grp_pool_1_Pipeline_CO_LOOP_H_LOOP_W_LOOP_fu_110/icmp_ln37_1_fu_900_p2_carry_i_8_n_6
    SLICE_X28Y12         CARRY4 (Prop_carry4_S[0]_CO[3])
                                                      0.532     3.401 r  bd_0_i/hls_inst/inst/grp_pool_1_fu_795/grp_pool_1_Pipeline_CO_LOOP_H_LOOP_W_LOOP_fu_110/icmp_ln37_1_fu_900_p2_carry/CO[3]
                         net (fo=18, routed)          0.977     4.377    bd_0_i/hls_inst/inst/grp_pool_1_fu_795/grp_pool_1_Pipeline_CO_LOOP_H_LOOP_W_LOOP_fu_110/icmp_ln37_1_fu_900_p2_carry_n_6
    SLICE_X29Y12         LUT3 (Prop_lut3_I1_O)        0.153     4.530 f  bd_0_i/hls_inst/inst/grp_pool_1_fu_795/grp_pool_1_Pipeline_CO_LOOP_H_LOOP_W_LOOP_fu_110/max_val_10_reg_1225[2]_i_3/O
                         net (fo=5, routed)           0.435     4.965    bd_0_i/hls_inst/inst/grp_pool_1_fu_795/grp_pool_1_Pipeline_CO_LOOP_H_LOOP_W_LOOP_fu_110/max_val_10_reg_1225[2]_i_3_n_6
    SLICE_X29Y13         LUT6 (Prop_lut6_I1_O)        0.327     5.292 r  bd_0_i/hls_inst/inst/grp_pool_1_fu_795/grp_pool_1_Pipeline_CO_LOOP_H_LOOP_W_LOOP_fu_110/icmp_ln37_2_fu_915_p2_carry_i_3/O
                         net (fo=1, routed)           0.546     5.838    bd_0_i/hls_inst/inst/grp_pool_1_fu_795/grp_pool_1_Pipeline_CO_LOOP_H_LOOP_W_LOOP_fu_110/icmp_ln37_2_fu_915_p2_carry_i_3_n_6
    SLICE_X29Y15         CARRY4 (Prop_carry4_DI[1]_CO[3])
                                                      0.507     6.345 r  bd_0_i/hls_inst/inst/grp_pool_1_fu_795/grp_pool_1_Pipeline_CO_LOOP_H_LOOP_W_LOOP_fu_110/icmp_ln37_2_fu_915_p2_carry/CO[3]
                         net (fo=16, routed)          0.828     7.173    bd_0_i/hls_inst/inst/grp_pool_1_fu_795/grp_pool_1_Pipeline_CO_LOOP_H_LOOP_W_LOOP_fu_110/icmp_ln37_2_fu_915_p2_carry_n_6
    SLICE_X31Y15         LUT5 (Prop_lut5_I1_O)        0.124     7.297 f  bd_0_i/hls_inst/inst/grp_pool_1_fu_795/grp_pool_1_Pipeline_CO_LOOP_H_LOOP_W_LOOP_fu_110/max_val_10_reg_1225[1]_i_3/O
                         net (fo=2, routed)           0.538     7.835    bd_0_i/hls_inst/inst/grp_pool_1_fu_795/grp_pool_1_Pipeline_CO_LOOP_H_LOOP_W_LOOP_fu_110/p_0_in0_in[1]
    SLICE_X30Y15         LUT6 (Prop_lut6_I4_O)        0.124     7.959 r  bd_0_i/hls_inst/inst/grp_pool_1_fu_795/grp_pool_1_Pipeline_CO_LOOP_H_LOOP_W_LOOP_fu_110/icmp_ln37_3_fu_962_p2_carry_i_4/O
                         net (fo=1, routed)           0.473     8.432    bd_0_i/hls_inst/inst/grp_pool_1_fu_795/grp_pool_1_Pipeline_CO_LOOP_H_LOOP_W_LOOP_fu_110/icmp_ln37_3_fu_962_p2_carry_i_4_n_6
    SLICE_X30Y14         CARRY4 (Prop_carry4_DI[0]_CO[3])
                                                      0.550     8.982 r  bd_0_i/hls_inst/inst/grp_pool_1_fu_795/grp_pool_1_Pipeline_CO_LOOP_H_LOOP_W_LOOP_fu_110/icmp_ln37_3_fu_962_p2_carry/CO[3]
                         net (fo=7, routed)           0.975     9.956    bd_0_i/hls_inst/inst/grp_pool_1_fu_795/grp_pool_1_Pipeline_CO_LOOP_H_LOOP_W_LOOP_fu_110/icmp_ln37_3_fu_962_p2_carry_n_6
    SLICE_X31Y14         LUT3 (Prop_lut3_I1_O)        0.118    10.074 r  bd_0_i/hls_inst/inst/grp_pool_1_fu_795/grp_pool_1_Pipeline_CO_LOOP_H_LOOP_W_LOOP_fu_110/max_val_10_reg_1225[6]_i_1/O
                         net (fo=1, routed)           0.000    10.074    bd_0_i/hls_inst/inst/grp_pool_1_fu_795/grp_pool_1_Pipeline_CO_LOOP_H_LOOP_W_LOOP_fu_110/max_val_10_fu_968_p3[6]
    SLICE_X31Y14         FDRE                                         r  bd_0_i/hls_inst/inst/grp_pool_1_fu_795/grp_pool_1_Pipeline_CO_LOOP_H_LOOP_W_LOOP_fu_110/max_val_10_reg_1225_reg[6]/D
  -------------------------------------------------------------------    -------------------

                         (clock ap_clk rise edge)    10.000    10.000 r  
                                                      0.000    10.000 r  ap_clk (IN)
                         net (fo=7885, unset)         0.924    10.924    bd_0_i/hls_inst/inst/grp_pool_1_fu_795/grp_pool_1_Pipeline_CO_LOOP_H_LOOP_W_LOOP_fu_110/ap_clk
    SLICE_X31Y14         FDRE                                         r  bd_0_i/hls_inst/inst/grp_pool_1_fu_795/grp_pool_1_Pipeline_CO_LOOP_H_LOOP_W_LOOP_fu_110/max_val_10_reg_1225_reg[6]/C
                         clock pessimism              0.000    10.924    
                         clock uncertainty           -0.035    10.889    
    SLICE_X31Y14         FDRE (Setup_fdre_C_D)        0.075    10.964    bd_0_i/hls_inst/inst/grp_pool_1_fu_795/grp_pool_1_Pipeline_CO_LOOP_H_LOOP_W_LOOP_fu_110/max_val_10_reg_1225_reg[6]
  -------------------------------------------------------------------
                         required time                         10.964    
                         arrival time                         -10.074    
  -------------------------------------------------------------------
                         slack                                  0.890    

Slack (MET) :             0.916ns  (required time - arrival time)
  Source:                 bd_0_i/hls_inst/inst/gmem1_m_axi_U/load_unit_0/bus_wide_gen.data_buf_reg[4]/C
                            (rising edge-triggered cell FDRE clocked by ap_clk  {rise@0.000ns fall@5.000ns period=10.000ns})
  Destination:            bd_0_i/hls_inst/inst/grp_conv1_fu_527/conv1_ap_fixed_8_5_ap_q_mode_5_ap_o_mode_3_0_ap_fixed_8_5_ap_q_mode_5_ap_o_mode_3_0_ap_fixed_8_5_ap_q_mode_5_ap_o_mode_3_0_ap_fixed_8_5_ap_q_mode_5_ap_o_mode_3_0_local_wei_16_reg[4]/D
                            (rising edge-triggered cell FDRE clocked by ap_clk  {rise@0.000ns fall@5.000ns period=10.000ns})
  Path Group:             ap_clk
  Path Type:              Setup (Max at Slow Process Corner)
  Requirement:            10.000ns  (ap_clk rise@10.000ns - ap_clk rise@0.000ns)
  Data Path Delay:        8.955ns  (logic 0.456ns (5.092%)  route 8.499ns (94.908%))
  Logic Levels:           0  
  Clock Path Skew:        -0.049ns (DCD - SCD + CPR)
    Destination Clock Delay (DCD):    0.924ns = ( 10.924 - 10.000 ) 
    Source Clock Delay      (SCD):    0.973ns
    Clock Pessimism Removal (CPR):    0.000ns
  Clock Uncertainty:      0.035ns  ((TSJ^2 + TIJ^2)^1/2 + DJ) / 2 + PE
    Total System Jitter     (TSJ):    0.071ns
    Total Input Jitter      (TIJ):    0.000ns
    Discrete Jitter          (DJ):    0.000ns
    Phase Error              (PE):    0.000ns

    Location             Delay type                Incr(ns)  Path(ns)    Netlist Resource(s)
  -------------------------------------------------------------------    -------------------
                         (clock ap_clk rise edge)     0.000     0.000 r  
                                                      0.000     0.000 r  ap_clk (IN)
                         net (fo=7885, unset)         0.973     0.973    bd_0_i/hls_inst/inst/gmem1_m_axi_U/load_unit_0/ap_clk
    SLICE_X81Y25         FDRE                                         r  bd_0_i/hls_inst/inst/gmem1_m_axi_U/load_unit_0/bus_wide_gen.data_buf_reg[4]/C
  -------------------------------------------------------------------    -------------------
    SLICE_X81Y25         FDRE (Prop_fdre_C_Q)         0.456     1.429 r  bd_0_i/hls_inst/inst/gmem1_m_axi_U/load_unit_0/bus_wide_gen.data_buf_reg[4]/Q
                         net (fo=108, routed)         8.499     9.928    bd_0_i/hls_inst/inst/grp_conv1_fu_527/p_ZZ5conv1P8ap_fixedILi8ELi5EL9ap_q_mode5EL9ap_o_mode3ELi0EES3_S3_S3_E12local_wei_9_reg[7]_0[4]
    SLICE_X14Y19         FDRE                                         r  bd_0_i/hls_inst/inst/grp_conv1_fu_527/conv1_ap_fixed_8_5_ap_q_mode_5_ap_o_mode_3_0_ap_fixed_8_5_ap_q_mode_5_ap_o_mode_3_0_ap_fixed_8_5_ap_q_mode_5_ap_o_mode_3_0_ap_fixed_8_5_ap_q_mode_5_ap_o_mode_3_0_local_wei_16_reg[4]/D
  -------------------------------------------------------------------    -------------------

                         (clock ap_clk rise edge)    10.000    10.000 r  
                                                      0.000    10.000 r  ap_clk (IN)
                         net (fo=7885, unset)         0.924    10.924    bd_0_i/hls_inst/inst/grp_conv1_fu_527/ap_clk
    SLICE_X14Y19         FDRE                                         r  bd_0_i/hls_inst/inst/grp_conv1_fu_527/conv1_ap_fixed_8_5_ap_q_mode_5_ap_o_mode_3_0_ap_fixed_8_5_ap_q_mode_5_ap_o_mode_3_0_ap_fixed_8_5_ap_q_mode_5_ap_o_mode_3_0_ap_fixed_8_5_ap_q_mode_5_ap_o_mode_3_0_local_wei_16_reg[4]/C
                         clock pessimism              0.000    10.924    
                         clock uncertainty           -0.035    10.889    
    SLICE_X14Y19         FDRE (Setup_fdre_C_D)       -0.045    10.844    bd_0_i/hls_inst/inst/grp_conv1_fu_527/conv1_ap_fixed_8_5_ap_q_mode_5_ap_o_mode_3_0_ap_fixed_8_5_ap_q_mode_5_ap_o_mode_3_0_ap_fixed_8_5_ap_q_mode_5_ap_o_mode_3_0_ap_fixed_8_5_ap_q_mode_5_ap_o_mode_3_0_local_wei_16_reg[4]
  -------------------------------------------------------------------
                         required time                         10.844    
                         arrival time                          -9.928    
  -------------------------------------------------------------------
                         slack                                  0.916    

Slack (MET) :             0.916ns  (required time - arrival time)
  Source:                 bd_0_i/hls_inst/inst/gmem1_m_axi_U/load_unit_0/bus_wide_gen.data_buf_reg[4]/C
                            (rising edge-triggered cell FDRE clocked by ap_clk  {rise@0.000ns fall@5.000ns period=10.000ns})
  Destination:            bd_0_i/hls_inst/inst/grp_conv1_fu_527/conv1_ap_fixed_8_5_ap_q_mode_5_ap_o_mode_3_0_ap_fixed_8_5_ap_q_mode_5_ap_o_mode_3_0_ap_fixed_8_5_ap_q_mode_5_ap_o_mode_3_0_ap_fixed_8_5_ap_q_mode_5_ap_o_mode_3_0_local_wei_51_reg[4]/D
                            (rising edge-triggered cell FDRE clocked by ap_clk  {rise@0.000ns fall@5.000ns period=10.000ns})
  Path Group:             ap_clk
  Path Type:              Setup (Max at Slow Process Corner)
  Requirement:            10.000ns  (ap_clk rise@10.000ns - ap_clk rise@0.000ns)
  Data Path Delay:        8.933ns  (logic 0.456ns (5.105%)  route 8.477ns (94.895%))
  Logic Levels:           0  
  Clock Path Skew:        -0.049ns (DCD - SCD + CPR)
    Destination Clock Delay (DCD):    0.924ns = ( 10.924 - 10.000 ) 
    Source Clock Delay      (SCD):    0.973ns
    Clock Pessimism Removal (CPR):    0.000ns
  Clock Uncertainty:      0.035ns  ((TSJ^2 + TIJ^2)^1/2 + DJ) / 2 + PE
    Total System Jitter     (TSJ):    0.071ns
    Total Input Jitter      (TIJ):    0.000ns
    Discrete Jitter          (DJ):    0.000ns
    Phase Error              (PE):    0.000ns

    Location             Delay type                Incr(ns)  Path(ns)    Netlist Resource(s)
  -------------------------------------------------------------------    -------------------
                         (clock ap_clk rise edge)     0.000     0.000 r  
                                                      0.000     0.000 r  ap_clk (IN)
                         net (fo=7885, unset)         0.973     0.973    bd_0_i/hls_inst/inst/gmem1_m_axi_U/load_unit_0/ap_clk
    SLICE_X81Y25         FDRE                                         r  bd_0_i/hls_inst/inst/gmem1_m_axi_U/load_unit_0/bus_wide_gen.data_buf_reg[4]/C
  -------------------------------------------------------------------    -------------------
    SLICE_X81Y25         FDRE (Prop_fdre_C_Q)         0.456     1.429 r  bd_0_i/hls_inst/inst/gmem1_m_axi_U/load_unit_0/bus_wide_gen.data_buf_reg[4]/Q
                         net (fo=108, routed)         8.477     9.906    bd_0_i/hls_inst/inst/grp_conv1_fu_527/p_ZZ5conv1P8ap_fixedILi8ELi5EL9ap_q_mode5EL9ap_o_mode3ELi0EES3_S3_S3_E12local_wei_9_reg[7]_0[4]
    SLICE_X11Y19         FDRE                                         r  bd_0_i/hls_inst/inst/grp_conv1_fu_527/conv1_ap_fixed_8_5_ap_q_mode_5_ap_o_mode_3_0_ap_fixed_8_5_ap_q_mode_5_ap_o_mode_3_0_ap_fixed_8_5_ap_q_mode_5_ap_o_mode_3_0_ap_fixed_8_5_ap_q_mode_5_ap_o_mode_3_0_local_wei_51_reg[4]/D
  -------------------------------------------------------------------    -------------------

                         (clock ap_clk rise edge)    10.000    10.000 r  
                                                      0.000    10.000 r  ap_clk (IN)
                         net (fo=7885, unset)         0.924    10.924    bd_0_i/hls_inst/inst/grp_conv1_fu_527/ap_clk
    SLICE_X11Y19         FDRE                                         r  bd_0_i/hls_inst/inst/grp_conv1_fu_527/conv1_ap_fixed_8_5_ap_q_mode_5_ap_o_mode_3_0_ap_fixed_8_5_ap_q_mode_5_ap_o_mode_3_0_ap_fixed_8_5_ap_q_mode_5_ap_o_mode_3_0_ap_fixed_8_5_ap_q_mode_5_ap_o_mode_3_0_local_wei_51_reg[4]/C
                         clock pessimism              0.000    10.924    
                         clock uncertainty           -0.035    10.889    
    SLICE_X11Y19         FDRE (Setup_fdre_C_D)       -0.067    10.822    bd_0_i/hls_inst/inst/grp_conv1_fu_527/conv1_ap_fixed_8_5_ap_q_mode_5_ap_o_mode_3_0_ap_fixed_8_5_ap_q_mode_5_ap_o_mode_3_0_ap_fixed_8_5_ap_q_mode_5_ap_o_mode_3_0_ap_fixed_8_5_ap_q_mode_5_ap_o_mode_3_0_local_wei_51_reg[4]
  -------------------------------------------------------------------
                         required time                         10.822    
                         arrival time                          -9.906    
  -------------------------------------------------------------------
                         slack                                  0.916    

Slack (MET) :             0.918ns  (required time - arrival time)
  Source:                 bd_0_i/hls_inst/inst/gmem1_m_axi_U/load_unit_0/bus_wide_gen.data_buf_reg[4]/C
                            (rising edge-triggered cell FDRE clocked by ap_clk  {rise@0.000ns fall@5.000ns period=10.000ns})
  Destination:            bd_0_i/hls_inst/inst/grp_conv1_fu_527/p_ZZ5conv1P8ap_fixedILi8ELi5EL9ap_q_mode5EL9ap_o_mode3ELi0EES3_S3_S3_E12local_wei_7_reg[4]/D
                            (rising edge-triggered cell FDRE clocked by ap_clk  {rise@0.000ns fall@5.000ns period=10.000ns})
  Path Group:             ap_clk
  Path Type:              Setup (Max at Slow Process Corner)
  Requirement:            10.000ns  (ap_clk rise@10.000ns - ap_clk rise@0.000ns)
  Data Path Delay:        8.967ns  (logic 0.456ns (5.085%)  route 8.511ns (94.915%))
  Logic Levels:           0  
  Clock Path Skew:        -0.049ns (DCD - SCD + CPR)
    Destination Clock Delay (DCD):    0.924ns = ( 10.924 - 10.000 ) 
    Source Clock Delay      (SCD):    0.973ns
    Clock Pessimism Removal (CPR):    0.000ns
  Clock Uncertainty:      0.035ns  ((TSJ^2 + TIJ^2)^1/2 + DJ) / 2 + PE
    Total System Jitter     (TSJ):    0.071ns
    Total Input Jitter      (TIJ):    0.000ns
    Discrete Jitter          (DJ):    0.000ns
    Phase Error              (PE):    0.000ns

    Location             Delay type                Incr(ns)  Path(ns)    Netlist Resource(s)
  -------------------------------------------------------------------    -------------------
                         (clock ap_clk rise edge)     0.000     0.000 r  
                                                      0.000     0.000 r  ap_clk (IN)
                         net (fo=7885, unset)         0.973     0.973    bd_0_i/hls_inst/inst/gmem1_m_axi_U/load_unit_0/ap_clk
    SLICE_X81Y25         FDRE                                         r  bd_0_i/hls_inst/inst/gmem1_m_axi_U/load_unit_0/bus_wide_gen.data_buf_reg[4]/C
  -------------------------------------------------------------------    -------------------
    SLICE_X81Y25         FDRE (Prop_fdre_C_Q)         0.456     1.429 r  bd_0_i/hls_inst/inst/gmem1_m_axi_U/load_unit_0/bus_wide_gen.data_buf_reg[4]/Q
                         net (fo=108, routed)         8.511     9.940    bd_0_i/hls_inst/inst/grp_conv1_fu_527/p_ZZ5conv1P8ap_fixedILi8ELi5EL9ap_q_mode5EL9ap_o_mode3ELi0EES3_S3_S3_E12local_wei_9_reg[7]_0[4]
    SLICE_X12Y20         FDRE                                         r  bd_0_i/hls_inst/inst/grp_conv1_fu_527/p_ZZ5conv1P8ap_fixedILi8ELi5EL9ap_q_mode5EL9ap_o_mode3ELi0EES3_S3_S3_E12local_wei_7_reg[4]/D
  -------------------------------------------------------------------    -------------------

                         (clock ap_clk rise edge)    10.000    10.000 r  
                                                      0.000    10.000 r  ap_clk (IN)
                         net (fo=7885, unset)         0.924    10.924    bd_0_i/hls_inst/inst/grp_conv1_fu_527/ap_clk
    SLICE_X12Y20         FDRE                                         r  bd_0_i/hls_inst/inst/grp_conv1_fu_527/p_ZZ5conv1P8ap_fixedILi8ELi5EL9ap_q_mode5EL9ap_o_mode3ELi0EES3_S3_S3_E12local_wei_7_reg[4]/C
                         clock pessimism              0.000    10.924    
                         clock uncertainty           -0.035    10.889    
    SLICE_X12Y20         FDRE (Setup_fdre_C_D)       -0.031    10.858    bd_0_i/hls_inst/inst/grp_conv1_fu_527/p_ZZ5conv1P8ap_fixedILi8ELi5EL9ap_q_mode5EL9ap_o_mode3ELi0EES3_S3_S3_E12local_wei_7_reg[4]
  -------------------------------------------------------------------
                         required time                         10.858    
                         arrival time                          -9.940    
  -------------------------------------------------------------------
                         slack                                  0.918    

Slack (MET) :             0.919ns  (required time - arrival time)
  Source:                 bd_0_i/hls_inst/inst/gmem1_m_axi_U/load_unit_0/bus_wide_gen.data_buf_reg[4]/C
                            (rising edge-triggered cell FDRE clocked by ap_clk  {rise@0.000ns fall@5.000ns period=10.000ns})
  Destination:            bd_0_i/hls_inst/inst/grp_conv1_fu_527/conv1_ap_fixed_8_5_ap_q_mode_5_ap_o_mode_3_0_ap_fixed_8_5_ap_q_mode_5_ap_o_mode_3_0_ap_fixed_8_5_ap_q_mode_5_ap_o_mode_3_0_ap_fixed_8_5_ap_q_mode_5_ap_o_mode_3_0_local_wei_43_reg[4]/D
                            (rising edge-triggered cell FDRE clocked by ap_clk  {rise@0.000ns fall@5.000ns period=10.000ns})
  Path Group:             ap_clk
  Path Type:              Setup (Max at Slow Process Corner)
  Requirement:            10.000ns  (ap_clk rise@10.000ns - ap_clk rise@0.000ns)
  Data Path Delay:        8.950ns  (logic 0.456ns (5.095%)  route 8.494ns (94.905%))
  Logic Levels:           0  
  Clock Path Skew:        -0.049ns (DCD - SCD + CPR)
    Destination Clock Delay (DCD):    0.924ns = ( 10.924 - 10.000 ) 
    Source Clock Delay      (SCD):    0.973ns
    Clock Pessimism Removal (CPR):    0.000ns
  Clock Uncertainty:      0.035ns  ((TSJ^2 + TIJ^2)^1/2 + DJ) / 2 + PE
    Total System Jitter     (TSJ):    0.071ns
    Total Input Jitter      (TIJ):    0.000ns
    Discrete Jitter          (DJ):    0.000ns
    Phase Error              (PE):    0.000ns

    Location             Delay type                Incr(ns)  Path(ns)    Netlist Resource(s)
  -------------------------------------------------------------------    -------------------
                         (clock ap_clk rise edge)     0.000     0.000 r  
                                                      0.000     0.000 r  ap_clk (IN)
                         net (fo=7885, unset)         0.973     0.973    bd_0_i/hls_inst/inst/gmem1_m_axi_U/load_unit_0/ap_clk
    SLICE_X81Y25         FDRE                                         r  bd_0_i/hls_inst/inst/gmem1_m_axi_U/load_unit_0/bus_wide_gen.data_buf_reg[4]/C
  -------------------------------------------------------------------    -------------------
    SLICE_X81Y25         FDRE (Prop_fdre_C_Q)         0.456     1.429 r  bd_0_i/hls_inst/inst/gmem1_m_axi_U/load_unit_0/bus_wide_gen.data_buf_reg[4]/Q
                         net (fo=108, routed)         8.494     9.923    bd_0_i/hls_inst/inst/grp_conv1_fu_527/p_ZZ5conv1P8ap_fixedILi8ELi5EL9ap_q_mode5EL9ap_o_mode3ELi0EES3_S3_S3_E12local_wei_9_reg[7]_0[4]
    SLICE_X13Y18         FDRE                                         r  bd_0_i/hls_inst/inst/grp_conv1_fu_527/conv1_ap_fixed_8_5_ap_q_mode_5_ap_o_mode_3_0_ap_fixed_8_5_ap_q_mode_5_ap_o_mode_3_0_ap_fixed_8_5_ap_q_mode_5_ap_o_mode_3_0_ap_fixed_8_5_ap_q_mode_5_ap_o_mode_3_0_local_wei_43_reg[4]/D
  -------------------------------------------------------------------    -------------------

                         (clock ap_clk rise edge)    10.000    10.000 r  
                                                      0.000    10.000 r  ap_clk (IN)
                         net (fo=7885, unset)         0.924    10.924    bd_0_i/hls_inst/inst/grp_conv1_fu_527/ap_clk
    SLICE_X13Y18         FDRE                                         r  bd_0_i/hls_inst/inst/grp_conv1_fu_527/conv1_ap_fixed_8_5_ap_q_mode_5_ap_o_mode_3_0_ap_fixed_8_5_ap_q_mode_5_ap_o_mode_3_0_ap_fixed_8_5_ap_q_mode_5_ap_o_mode_3_0_ap_fixed_8_5_ap_q_mode_5_ap_o_mode_3_0_local_wei_43_reg[4]/C
                         clock pessimism              0.000    10.924    
                         clock uncertainty           -0.035    10.889    
    SLICE_X13Y18         FDRE (Setup_fdre_C_D)       -0.047    10.842    bd_0_i/hls_inst/inst/grp_conv1_fu_527/conv1_ap_fixed_8_5_ap_q_mode_5_ap_o_mode_3_0_ap_fixed_8_5_ap_q_mode_5_ap_o_mode_3_0_ap_fixed_8_5_ap_q_mode_5_ap_o_mode_3_0_ap_fixed_8_5_ap_q_mode_5_ap_o_mode_3_0_local_wei_43_reg[4]
  -------------------------------------------------------------------
                         required time                         10.842    
                         arrival time                          -9.923    
  -------------------------------------------------------------------
                         slack                                  0.919    

Slack (MET) :             0.966ns  (required time - arrival time)
  Source:                 bd_0_i/hls_inst/inst/gmem1_m_axi_U/load_unit_0/bus_wide_gen.data_buf_reg[4]/C
                            (rising edge-triggered cell FDRE clocked by ap_clk  {rise@0.000ns fall@5.000ns period=10.000ns})
  Destination:            bd_0_i/hls_inst/inst/grp_conv1_fu_527/conv1_ap_fixed_8_5_ap_q_mode_5_ap_o_mode_3_0_ap_fixed_8_5_ap_q_mode_5_ap_o_mode_3_0_ap_fixed_8_5_ap_q_mode_5_ap_o_mode_3_0_ap_fixed_8_5_ap_q_mode_5_ap_o_mode_3_0_local_wei_12_reg[4]/D
                            (rising edge-triggered cell FDRE clocked by ap_clk  {rise@0.000ns fall@5.000ns period=10.000ns})
  Path Group:             ap_clk
  Path Type:              Setup (Max at Slow Process Corner)
  Requirement:            10.000ns  (ap_clk rise@10.000ns - ap_clk rise@0.000ns)
  Data Path Delay:        8.869ns  (logic 0.456ns (5.141%)  route 8.413ns (94.859%))
  Logic Levels:           0  
  Clock Path Skew:        -0.049ns (DCD - SCD + CPR)
    Destination Clock Delay (DCD):    0.924ns = ( 10.924 - 10.000 ) 
    Source Clock Delay      (SCD):    0.973ns
    Clock Pessimism Removal (CPR):    0.000ns
  Clock Uncertainty:      0.035ns  ((TSJ^2 + TIJ^2)^1/2 + DJ) / 2 + PE
    Total System Jitter     (TSJ):    0.071ns
    Total Input Jitter      (TIJ):    0.000ns
    Discrete Jitter          (DJ):    0.000ns
    Phase Error              (PE):    0.000ns

    Location             Delay type                Incr(ns)  Path(ns)    Netlist Resource(s)
  -------------------------------------------------------------------    -------------------
                         (clock ap_clk rise edge)     0.000     0.000 r  
                                                      0.000     0.000 r  ap_clk (IN)
                         net (fo=7885, unset)         0.973     0.973    bd_0_i/hls_inst/inst/gmem1_m_axi_U/load_unit_0/ap_clk
    SLICE_X81Y25         FDRE                                         r  bd_0_i/hls_inst/inst/gmem1_m_axi_U/load_unit_0/bus_wide_gen.data_buf_reg[4]/C
  -------------------------------------------------------------------    -------------------
    SLICE_X81Y25         FDRE (Prop_fdre_C_Q)         0.456     1.429 r  bd_0_i/hls_inst/inst/gmem1_m_axi_U/load_unit_0/bus_wide_gen.data_buf_reg[4]/Q
                         net (fo=108, routed)         8.413     9.842    bd_0_i/hls_inst/inst/grp_conv1_fu_527/p_ZZ5conv1P8ap_fixedILi8ELi5EL9ap_q_mode5EL9ap_o_mode3ELi0EES3_S3_S3_E12local_wei_9_reg[7]_0[4]
    SLICE_X11Y34         FDRE                                         r  bd_0_i/hls_inst/inst/grp_conv1_fu_527/conv1_ap_fixed_8_5_ap_q_mode_5_ap_o_mode_3_0_ap_fixed_8_5_ap_q_mode_5_ap_o_mode_3_0_ap_fixed_8_5_ap_q_mode_5_ap_o_mode_3_0_ap_fixed_8_5_ap_q_mode_5_ap_o_mode_3_0_local_wei_12_reg[4]/D
  -------------------------------------------------------------------    -------------------

                         (clock ap_clk rise edge)    10.000    10.000 r  
                                                      0.000    10.000 r  ap_clk (IN)
                         net (fo=7885, unset)         0.924    10.924    bd_0_i/hls_inst/inst/grp_conv1_fu_527/ap_clk
    SLICE_X11Y34         FDRE                                         r  bd_0_i/hls_inst/inst/grp_conv1_fu_527/conv1_ap_fixed_8_5_ap_q_mode_5_ap_o_mode_3_0_ap_fixed_8_5_ap_q_mode_5_ap_o_mode_3_0_ap_fixed_8_5_ap_q_mode_5_ap_o_mode_3_0_ap_fixed_8_5_ap_q_mode_5_ap_o_mode_3_0_local_wei_12_reg[4]/C
                         clock pessimism              0.000    10.924    
                         clock uncertainty           -0.035    10.889    
    SLICE_X11Y34         FDRE (Setup_fdre_C_D)       -0.081    10.808    bd_0_i/hls_inst/inst/grp_conv1_fu_527/conv1_ap_fixed_8_5_ap_q_mode_5_ap_o_mode_3_0_ap_fixed_8_5_ap_q_mode_5_ap_o_mode_3_0_ap_fixed_8_5_ap_q_mode_5_ap_o_mode_3_0_ap_fixed_8_5_ap_q_mode_5_ap_o_mode_3_0_local_wei_12_reg[4]
  -------------------------------------------------------------------
                         required time                         10.808    
                         arrival time                          -9.842    
  -------------------------------------------------------------------
                         slack                                  0.966    





Min Delay Paths
--------------------------------------------------------------------------------------
Slack (MET) :             0.046ns  (arrival time - required time)
  Source:                 bd_0_i/hls_inst/inst/gmem0_m_axi_U/bus_write/wreq_burst_conv/burst_sequential/could_multi_bursts.burst_addr_base_reg[37]/C
                            (rising edge-triggered cell FDRE clocked by ap_clk  {rise@0.000ns fall@5.000ns period=10.000ns})
  Destination:            bd_0_i/hls_inst/inst/gmem0_m_axi_U/bus_write/wreq_throttle/fifo_burst_gen[0].fifo_req/U_fifo_srl/mem_reg[14][49]_srl15/D
                            (rising edge-triggered cell SRL16E clocked by ap_clk  {rise@0.000ns fall@5.000ns period=10.000ns})
  Path Group:             ap_clk
  Path Type:              Hold (Min at Fast Process Corner)
  Requirement:            0.000ns  (ap_clk rise@0.000ns - ap_clk rise@0.000ns)
  Data Path Delay:        0.251ns  (logic 0.141ns (56.174%)  route 0.110ns (43.826%))
  Logic Levels:           0  
  Clock Path Skew:        0.022ns (DCD - SCD - CPR)
    Destination Clock Delay (DCD):    0.432ns
    Source Clock Delay      (SCD):    0.410ns
    Clock Pessimism Removal (CPR):    -0.000ns

    Location             Delay type                Incr(ns)  Path(ns)    Netlist Resource(s)
  -------------------------------------------------------------------    -------------------
                         (clock ap_clk rise edge)     0.000     0.000 r  
                                                      0.000     0.000 r  ap_clk (IN)
                         net (fo=7885, unset)         0.410     0.410    bd_0_i/hls_inst/inst/gmem0_m_axi_U/bus_write/wreq_burst_conv/burst_sequential/ap_clk
    SLICE_X39Y43         FDRE                                         r  bd_0_i/hls_inst/inst/gmem0_m_axi_U/bus_write/wreq_burst_conv/burst_sequential/could_multi_bursts.burst_addr_base_reg[37]/C
  -------------------------------------------------------------------    -------------------
    SLICE_X39Y43         FDRE (Prop_fdre_C_Q)         0.141     0.551 r  bd_0_i/hls_inst/inst/gmem0_m_axi_U/bus_write/wreq_burst_conv/burst_sequential/could_multi_bursts.burst_addr_base_reg[37]/Q
                         net (fo=1, routed)           0.110     0.661    bd_0_i/hls_inst/inst/gmem0_m_axi_U/bus_write/wreq_throttle/fifo_burst_gen[0].fifo_req/U_fifo_srl/in[47]
    SLICE_X38Y42         SRL16E                                       r  bd_0_i/hls_inst/inst/gmem0_m_axi_U/bus_write/wreq_throttle/fifo_burst_gen[0].fifo_req/U_fifo_srl/mem_reg[14][49]_srl15/D
  -------------------------------------------------------------------    -------------------

                         (clock ap_clk rise edge)     0.000     0.000 r  
                                                      0.000     0.000 r  ap_clk (IN)
                         net (fo=7885, unset)         0.432     0.432    bd_0_i/hls_inst/inst/gmem0_m_axi_U/bus_write/wreq_throttle/fifo_burst_gen[0].fifo_req/U_fifo_srl/ap_clk
    SLICE_X38Y42         SRL16E                                       r  bd_0_i/hls_inst/inst/gmem0_m_axi_U/bus_write/wreq_throttle/fifo_burst_gen[0].fifo_req/U_fifo_srl/mem_reg[14][49]_srl15/CLK
                         clock pessimism              0.000     0.432    
    SLICE_X38Y42         SRL16E (Hold_srl16e_CLK_D)
                                                      0.183     0.615    bd_0_i/hls_inst/inst/gmem0_m_axi_U/bus_write/wreq_throttle/fifo_burst_gen[0].fifo_req/U_fifo_srl/mem_reg[14][49]_srl15
  -------------------------------------------------------------------
                         required time                         -0.615    
                         arrival time                           0.661    
  -------------------------------------------------------------------
                         slack                                  0.046    

Slack (MET) :             0.058ns  (arrival time - required time)
  Source:                 bd_0_i/hls_inst/inst/gmem0_m_axi_U/bus_write/wreq_burst_conv/burst_sequential/could_multi_bursts.burst_addr_base_reg[42]/C
                            (rising edge-triggered cell FDRE clocked by ap_clk  {rise@0.000ns fall@5.000ns period=10.000ns})
  Destination:            bd_0_i/hls_inst/inst/gmem0_m_axi_U/bus_write/wreq_throttle/fifo_burst_gen[0].fifo_req/U_fifo_srl/mem_reg[14][54]_srl15/D
                            (rising edge-triggered cell SRL16E clocked by ap_clk  {rise@0.000ns fall@5.000ns period=10.000ns})
  Path Group:             ap_clk
  Path Type:              Hold (Min at Fast Process Corner)
  Requirement:            0.000ns  (ap_clk rise@0.000ns - ap_clk rise@0.000ns)
  Data Path Delay:        0.197ns  (logic 0.141ns (71.611%)  route 0.056ns (28.389%))
  Logic Levels:           0  
  Clock Path Skew:        0.022ns (DCD - SCD - CPR)
    Destination Clock Delay (DCD):    0.432ns
    Source Clock Delay      (SCD):    0.410ns
    Clock Pessimism Removal (CPR):    -0.000ns

    Location             Delay type                Incr(ns)  Path(ns)    Netlist Resource(s)
  -------------------------------------------------------------------    -------------------
                         (clock ap_clk rise edge)     0.000     0.000 r  
                                                      0.000     0.000 r  ap_clk (IN)
                         net (fo=7885, unset)         0.410     0.410    bd_0_i/hls_inst/inst/gmem0_m_axi_U/bus_write/wreq_burst_conv/burst_sequential/ap_clk
    SLICE_X35Y43         FDRE                                         r  bd_0_i/hls_inst/inst/gmem0_m_axi_U/bus_write/wreq_burst_conv/burst_sequential/could_multi_bursts.burst_addr_base_reg[42]/C
  -------------------------------------------------------------------    -------------------
    SLICE_X35Y43         FDRE (Prop_fdre_C_Q)         0.141     0.551 r  bd_0_i/hls_inst/inst/gmem0_m_axi_U/bus_write/wreq_burst_conv/burst_sequential/could_multi_bursts.burst_addr_base_reg[42]/Q
                         net (fo=1, routed)           0.056     0.607    bd_0_i/hls_inst/inst/gmem0_m_axi_U/bus_write/wreq_throttle/fifo_burst_gen[0].fifo_req/U_fifo_srl/in[52]
    SLICE_X34Y43         SRL16E                                       r  bd_0_i/hls_inst/inst/gmem0_m_axi_U/bus_write/wreq_throttle/fifo_burst_gen[0].fifo_req/U_fifo_srl/mem_reg[14][54]_srl15/D
  -------------------------------------------------------------------    -------------------

                         (clock ap_clk rise edge)     0.000     0.000 r  
                                                      0.000     0.000 r  ap_clk (IN)
                         net (fo=7885, unset)         0.432     0.432    bd_0_i/hls_inst/inst/gmem0_m_axi_U/bus_write/wreq_throttle/fifo_burst_gen[0].fifo_req/U_fifo_srl/ap_clk
    SLICE_X34Y43         SRL16E                                       r  bd_0_i/hls_inst/inst/gmem0_m_axi_U/bus_write/wreq_throttle/fifo_burst_gen[0].fifo_req/U_fifo_srl/mem_reg[14][54]_srl15/CLK
                         clock pessimism              0.000     0.432    
    SLICE_X34Y43         SRL16E (Hold_srl16e_CLK_D)
                                                      0.117     0.549    bd_0_i/hls_inst/inst/gmem0_m_axi_U/bus_write/wreq_throttle/fifo_burst_gen[0].fifo_req/U_fifo_srl/mem_reg[14][54]_srl15
  -------------------------------------------------------------------
                         required time                         -0.549    
                         arrival time                           0.607    
  -------------------------------------------------------------------
                         slack                                  0.058    

Slack (MET) :             0.070ns  (arrival time - required time)
  Source:                 bd_0_i/hls_inst/inst/gmem0_m_axi_U/bus_read/rs_rdata/data_p1_reg[21]/C
                            (rising edge-triggered cell FDRE clocked by ap_clk  {rise@0.000ns fall@5.000ns period=10.000ns})
  Destination:            bd_0_i/hls_inst/inst/gmem0_m_axi_U/load_unit_0/buff_rdata/U_fifo_mem/mem_reg/DIBDI[5]
                            (rising edge-triggered cell RAMB18E1 clocked by ap_clk  {rise@0.000ns fall@5.000ns period=10.000ns})
  Path Group:             ap_clk
  Path Type:              Hold (Min at Fast Process Corner)
  Requirement:            0.000ns  (ap_clk rise@0.000ns - ap_clk rise@0.000ns)
  Data Path Delay:        0.247ns  (logic 0.141ns (57.072%)  route 0.106ns (42.928%))
  Logic Levels:           0  
  Clock Path Skew:        0.022ns (DCD - SCD - CPR)
    Destination Clock Delay (DCD):    0.432ns
    Source Clock Delay      (SCD):    0.410ns
    Clock Pessimism Removal (CPR):    -0.000ns

    Location             Delay type                Incr(ns)  Path(ns)    Netlist Resource(s)
  -------------------------------------------------------------------    -------------------
                         (clock ap_clk rise edge)     0.000     0.000 r  
                                                      0.000     0.000 r  ap_clk (IN)
                         net (fo=7885, unset)         0.410     0.410    bd_0_i/hls_inst/inst/gmem0_m_axi_U/bus_read/rs_rdata/ap_clk
    SLICE_X55Y22         FDRE                                         r  bd_0_i/hls_inst/inst/gmem0_m_axi_U/bus_read/rs_rdata/data_p1_reg[21]/C
  -------------------------------------------------------------------    -------------------
    SLICE_X55Y22         FDRE (Prop_fdre_C_Q)         0.141     0.551 r  bd_0_i/hls_inst/inst/gmem0_m_axi_U/bus_read/rs_rdata/data_p1_reg[21]/Q
                         net (fo=1, routed)           0.106     0.657    bd_0_i/hls_inst/inst/gmem0_m_axi_U/load_unit_0/buff_rdata/U_fifo_mem/mem_reg_1[21]
    RAMB18_X3Y8          RAMB18E1                                     r  bd_0_i/hls_inst/inst/gmem0_m_axi_U/load_unit_0/buff_rdata/U_fifo_mem/mem_reg/DIBDI[5]
  -------------------------------------------------------------------    -------------------

                         (clock ap_clk rise edge)     0.000     0.000 r  
                                                      0.000     0.000 r  ap_clk (IN)
                         net (fo=7885, unset)         0.432     0.432    bd_0_i/hls_inst/inst/gmem0_m_axi_U/load_unit_0/buff_rdata/U_fifo_mem/ap_clk
    RAMB18_X3Y8          RAMB18E1                                     r  bd_0_i/hls_inst/inst/gmem0_m_axi_U/load_unit_0/buff_rdata/U_fifo_mem/mem_reg/CLKBWRCLK
                         clock pessimism              0.000     0.432    
    RAMB18_X3Y8          RAMB18E1 (Hold_ramb18e1_CLKBWRCLK_DIBDI[5])
                                                      0.155     0.587    bd_0_i/hls_inst/inst/gmem0_m_axi_U/load_unit_0/buff_rdata/U_fifo_mem/mem_reg
  -------------------------------------------------------------------
                         required time                         -0.587    
                         arrival time                           0.657    
  -------------------------------------------------------------------
                         slack                                  0.070    

Slack (MET) :             0.071ns  (arrival time - required time)
  Source:                 bd_0_i/hls_inst/inst/gmem0_m_axi_U/bus_write/wreq_burst_conv/burst_sequential/could_multi_bursts.burst_addr_base_reg[21]/C
                            (rising edge-triggered cell FDRE clocked by ap_clk  {rise@0.000ns fall@5.000ns period=10.000ns})
  Destination:            bd_0_i/hls_inst/inst/gmem0_m_axi_U/bus_write/wreq_throttle/fifo_burst_gen[0].fifo_req/U_fifo_srl/mem_reg[14][33]_srl15/D
                            (rising edge-triggered cell SRL16E clocked by ap_clk  {rise@0.000ns fall@5.000ns period=10.000ns})
  Path Group:             ap_clk
  Path Type:              Hold (Min at Fast Process Corner)
  Requirement:            0.000ns  (ap_clk rise@0.000ns - ap_clk rise@0.000ns)
  Data Path Delay:        0.276ns  (logic 0.164ns (59.419%)  route 0.112ns (40.581%))
  Logic Levels:           0  
  Clock Path Skew:        0.022ns (DCD - SCD - CPR)
    Destination Clock Delay (DCD):    0.432ns
    Source Clock Delay      (SCD):    0.410ns
    Clock Pessimism Removal (CPR):    -0.000ns

    Location             Delay type                Incr(ns)  Path(ns)    Netlist Resource(s)
  -------------------------------------------------------------------    -------------------
                         (clock ap_clk rise edge)     0.000     0.000 r  
                                                      0.000     0.000 r  ap_clk (IN)
                         net (fo=7885, unset)         0.410     0.410    bd_0_i/hls_inst/inst/gmem0_m_axi_U/bus_write/wreq_burst_conv/burst_sequential/ap_clk
    SLICE_X38Y39         FDRE                                         r  bd_0_i/hls_inst/inst/gmem0_m_axi_U/bus_write/wreq_burst_conv/burst_sequential/could_multi_bursts.burst_addr_base_reg[21]/C
  -------------------------------------------------------------------    -------------------
    SLICE_X38Y39         FDRE (Prop_fdre_C_Q)         0.164     0.574 r  bd_0_i/hls_inst/inst/gmem0_m_axi_U/bus_write/wreq_burst_conv/burst_sequential/could_multi_bursts.burst_addr_base_reg[21]/Q
                         net (fo=1, routed)           0.112     0.686    bd_0_i/hls_inst/inst/gmem0_m_axi_U/bus_write/wreq_throttle/fifo_burst_gen[0].fifo_req/U_fifo_srl/in[31]
    SLICE_X38Y40         SRL16E                                       r  bd_0_i/hls_inst/inst/gmem0_m_axi_U/bus_write/wreq_throttle/fifo_burst_gen[0].fifo_req/U_fifo_srl/mem_reg[14][33]_srl15/D
  -------------------------------------------------------------------    -------------------

                         (clock ap_clk rise edge)     0.000     0.000 r  
                                                      0.000     0.000 r  ap_clk (IN)
                         net (fo=7885, unset)         0.432     0.432    bd_0_i/hls_inst/inst/gmem0_m_axi_U/bus_write/wreq_throttle/fifo_burst_gen[0].fifo_req/U_fifo_srl/ap_clk
    SLICE_X38Y40         SRL16E                                       r  bd_0_i/hls_inst/inst/gmem0_m_axi_U/bus_write/wreq_throttle/fifo_burst_gen[0].fifo_req/U_fifo_srl/mem_reg[14][33]_srl15/CLK
                         clock pessimism              0.000     0.432    
    SLICE_X38Y40         SRL16E (Hold_srl16e_CLK_D)
                                                      0.183     0.615    bd_0_i/hls_inst/inst/gmem0_m_axi_U/bus_write/wreq_throttle/fifo_burst_gen[0].fifo_req/U_fifo_srl/mem_reg[14][33]_srl15
  -------------------------------------------------------------------
                         required time                         -0.615    
                         arrival time                           0.686    
  -------------------------------------------------------------------
                         slack                                  0.071    

Slack (MET) :             0.076ns  (arrival time - required time)
  Source:                 bd_0_i/hls_inst/inst/gmem0_m_axi_U/bus_write/wreq_burst_conv/burst_sequential/could_multi_bursts.burst_addr_base_reg[13]/C
                            (rising edge-triggered cell FDRE clocked by ap_clk  {rise@0.000ns fall@5.000ns period=10.000ns})
  Destination:            bd_0_i/hls_inst/inst/gmem0_m_axi_U/bus_write/wreq_throttle/fifo_burst_gen[0].fifo_req/U_fifo_srl/mem_reg[14][25]_srl15/D
                            (rising edge-triggered cell SRL16E clocked by ap_clk  {rise@0.000ns fall@5.000ns period=10.000ns})
  Path Group:             ap_clk
  Path Type:              Hold (Min at Fast Process Corner)
  Requirement:            0.000ns  (ap_clk rise@0.000ns - ap_clk rise@0.000ns)
  Data Path Delay:        0.280ns  (logic 0.164ns (58.537%)  route 0.116ns (41.463%))
  Logic Levels:           0  
  Clock Path Skew:        0.022ns (DCD - SCD - CPR)
    Destination Clock Delay (DCD):    0.432ns
    Source Clock Delay      (SCD):    0.410ns
    Clock Pessimism Removal (CPR):    -0.000ns

    Location             Delay type                Incr(ns)  Path(ns)    Netlist Resource(s)
  -------------------------------------------------------------------    -------------------
                         (clock ap_clk rise edge)     0.000     0.000 r  
                                                      0.000     0.000 r  ap_clk (IN)
                         net (fo=7885, unset)         0.410     0.410    bd_0_i/hls_inst/inst/gmem0_m_axi_U/bus_write/wreq_burst_conv/burst_sequential/ap_clk
    SLICE_X38Y39         FDRE                                         r  bd_0_i/hls_inst/inst/gmem0_m_axi_U/bus_write/wreq_burst_conv/burst_sequential/could_multi_bursts.burst_addr_base_reg[13]/C
  -------------------------------------------------------------------    -------------------
    SLICE_X38Y39         FDRE (Prop_fdre_C_Q)         0.164     0.574 r  bd_0_i/hls_inst/inst/gmem0_m_axi_U/bus_write/wreq_burst_conv/burst_sequential/could_multi_bursts.burst_addr_base_reg[13]/Q
                         net (fo=1, routed)           0.116     0.690    bd_0_i/hls_inst/inst/gmem0_m_axi_U/bus_write/wreq_throttle/fifo_burst_gen[0].fifo_req/U_fifo_srl/in[23]
    SLICE_X38Y38         SRL16E                                       r  bd_0_i/hls_inst/inst/gmem0_m_axi_U/bus_write/wreq_throttle/fifo_burst_gen[0].fifo_req/U_fifo_srl/mem_reg[14][25]_srl15/D
  -------------------------------------------------------------------    -------------------

                         (clock ap_clk rise edge)     0.000     0.000 r  
                                                      0.000     0.000 r  ap_clk (IN)
                         net (fo=7885, unset)         0.432     0.432    bd_0_i/hls_inst/inst/gmem0_m_axi_U/bus_write/wreq_throttle/fifo_burst_gen[0].fifo_req/U_fifo_srl/ap_clk
    SLICE_X38Y38         SRL16E                                       r  bd_0_i/hls_inst/inst/gmem0_m_axi_U/bus_write/wreq_throttle/fifo_burst_gen[0].fifo_req/U_fifo_srl/mem_reg[14][25]_srl15/CLK
                         clock pessimism              0.000     0.432    
    SLICE_X38Y38         SRL16E (Hold_srl16e_CLK_D)
                                                      0.183     0.615    bd_0_i/hls_inst/inst/gmem0_m_axi_U/bus_write/wreq_throttle/fifo_burst_gen[0].fifo_req/U_fifo_srl/mem_reg[14][25]_srl15
  -------------------------------------------------------------------
                         required time                         -0.615    
                         arrival time                           0.690    
  -------------------------------------------------------------------
                         slack                                  0.076    

Slack (MET) :             0.090ns  (arrival time - required time)
  Source:                 bd_0_i/hls_inst/inst/gmem0_m_axi_U/store_unit_0/bus_wide_gen.data_gen[2].data_buf_reg[23]/C
                            (rising edge-triggered cell FDRE clocked by ap_clk  {rise@0.000ns fall@5.000ns period=10.000ns})
  Destination:            bd_0_i/hls_inst/inst/gmem0_m_axi_U/store_unit_0/buff_wdata/U_fifo_srl/mem_reg[14][23]_srl15/D
                            (rising edge-triggered cell SRL16E clocked by ap_clk  {rise@0.000ns fall@5.000ns period=10.000ns})
  Path Group:             ap_clk
  Path Type:              Hold (Min at Fast Process Corner)
  Requirement:            0.000ns  (ap_clk rise@0.000ns - ap_clk rise@0.000ns)
  Data Path Delay:        0.241ns  (logic 0.128ns (53.025%)  route 0.113ns (46.975%))
  Logic Levels:           0  
  Clock Path Skew:        0.022ns (DCD - SCD - CPR)
    Destination Clock Delay (DCD):    0.432ns
    Source Clock Delay      (SCD):    0.410ns
    Clock Pessimism Removal (CPR):    -0.000ns

    Location             Delay type                Incr(ns)  Path(ns)    Netlist Resource(s)
  -------------------------------------------------------------------    -------------------
                         (clock ap_clk rise edge)     0.000     0.000 r  
                                                      0.000     0.000 r  ap_clk (IN)
                         net (fo=7885, unset)         0.410     0.410    bd_0_i/hls_inst/inst/gmem0_m_axi_U/store_unit_0/ap_clk
    SLICE_X35Y27         FDRE                                         r  bd_0_i/hls_inst/inst/gmem0_m_axi_U/store_unit_0/bus_wide_gen.data_gen[2].data_buf_reg[23]/C
  -------------------------------------------------------------------    -------------------
    SLICE_X35Y27         FDRE (Prop_fdre_C_Q)         0.128     0.538 r  bd_0_i/hls_inst/inst/gmem0_m_axi_U/store_unit_0/bus_wide_gen.data_gen[2].data_buf_reg[23]/Q
                         net (fo=1, routed)           0.113     0.652    bd_0_i/hls_inst/inst/gmem0_m_axi_U/store_unit_0/buff_wdata/U_fifo_srl/in[23]
    SLICE_X34Y27         SRL16E                                       r  bd_0_i/hls_inst/inst/gmem0_m_axi_U/store_unit_0/buff_wdata/U_fifo_srl/mem_reg[14][23]_srl15/D
  -------------------------------------------------------------------    -------------------

                         (clock ap_clk rise edge)     0.000     0.000 r  
                                                      0.000     0.000 r  ap_clk (IN)
                         net (fo=7885, unset)         0.432     0.432    bd_0_i/hls_inst/inst/gmem0_m_axi_U/store_unit_0/buff_wdata/U_fifo_srl/ap_clk
    SLICE_X34Y27         SRL16E                                       r  bd_0_i/hls_inst/inst/gmem0_m_axi_U/store_unit_0/buff_wdata/U_fifo_srl/mem_reg[14][23]_srl15/CLK
                         clock pessimism              0.000     0.432    
    SLICE_X34Y27         SRL16E (Hold_srl16e_CLK_D)
                                                      0.130     0.562    bd_0_i/hls_inst/inst/gmem0_m_axi_U/store_unit_0/buff_wdata/U_fifo_srl/mem_reg[14][23]_srl15
  -------------------------------------------------------------------
                         required time                         -0.562    
                         arrival time                           0.652    
  -------------------------------------------------------------------
                         slack                                  0.090    

Slack (MET) :             0.090ns  (arrival time - required time)
  Source:                 bd_0_i/hls_inst/inst/gmem0_m_axi_U/store_unit_0/bus_wide_gen.data_gen[3].data_buf_reg[31]/C
                            (rising edge-triggered cell FDRE clocked by ap_clk  {rise@0.000ns fall@5.000ns period=10.000ns})
  Destination:            bd_0_i/hls_inst/inst/gmem0_m_axi_U/store_unit_0/buff_wdata/U_fifo_srl/mem_reg[14][31]_srl15/D
                            (rising edge-triggered cell SRL16E clocked by ap_clk  {rise@0.000ns fall@5.000ns period=10.000ns})
  Path Group:             ap_clk
  Path Type:              Hold (Min at Fast Process Corner)
  Requirement:            0.000ns  (ap_clk rise@0.000ns - ap_clk rise@0.000ns)
  Data Path Delay:        0.241ns  (logic 0.128ns (53.025%)  route 0.113ns (46.975%))
  Logic Levels:           0  
  Clock Path Skew:        0.022ns (DCD - SCD - CPR)
    Destination Clock Delay (DCD):    0.432ns
    Source Clock Delay      (SCD):    0.410ns
    Clock Pessimism Removal (CPR):    -0.000ns

    Location             Delay type                Incr(ns)  Path(ns)    Netlist Resource(s)
  -------------------------------------------------------------------    -------------------
                         (clock ap_clk rise edge)     0.000     0.000 r  
                                                      0.000     0.000 r  ap_clk (IN)
                         net (fo=7885, unset)         0.410     0.410    bd_0_i/hls_inst/inst/gmem0_m_axi_U/store_unit_0/ap_clk
    SLICE_X35Y26         FDRE                                         r  bd_0_i/hls_inst/inst/gmem0_m_axi_U/store_unit_0/bus_wide_gen.data_gen[3].data_buf_reg[31]/C
  -------------------------------------------------------------------    -------------------
    SLICE_X35Y26         FDRE (Prop_fdre_C_Q)         0.128     0.538 r  bd_0_i/hls_inst/inst/gmem0_m_axi_U/store_unit_0/bus_wide_gen.data_gen[3].data_buf_reg[31]/Q
                         net (fo=1, routed)           0.113     0.652    bd_0_i/hls_inst/inst/gmem0_m_axi_U/store_unit_0/buff_wdata/U_fifo_srl/in[31]
    SLICE_X34Y26         SRL16E                                       r  bd_0_i/hls_inst/inst/gmem0_m_axi_U/store_unit_0/buff_wdata/U_fifo_srl/mem_reg[14][31]_srl15/D
  -------------------------------------------------------------------    -------------------

                         (clock ap_clk rise edge)     0.000     0.000 r  
                                                      0.000     0.000 r  ap_clk (IN)
                         net (fo=7885, unset)         0.432     0.432    bd_0_i/hls_inst/inst/gmem0_m_axi_U/store_unit_0/buff_wdata/U_fifo_srl/ap_clk
    SLICE_X34Y26         SRL16E                                       r  bd_0_i/hls_inst/inst/gmem0_m_axi_U/store_unit_0/buff_wdata/U_fifo_srl/mem_reg[14][31]_srl15/CLK
                         clock pessimism              0.000     0.432    
    SLICE_X34Y26         SRL16E (Hold_srl16e_CLK_D)
                                                      0.130     0.562    bd_0_i/hls_inst/inst/gmem0_m_axi_U/store_unit_0/buff_wdata/U_fifo_srl/mem_reg[14][31]_srl15
  -------------------------------------------------------------------
                         required time                         -0.562    
                         arrival time                           0.652    
  -------------------------------------------------------------------
                         slack                                  0.090    

Slack (MET) :             0.091ns  (arrival time - required time)
  Source:                 bd_0_i/hls_inst/inst/gmem0_m_axi_U/store_unit_0/bus_wide_gen.data_gen[1].data_buf_reg[15]/C
                            (rising edge-triggered cell FDRE clocked by ap_clk  {rise@0.000ns fall@5.000ns period=10.000ns})
  Destination:            bd_0_i/hls_inst/inst/gmem0_m_axi_U/store_unit_0/buff_wdata/U_fifo_srl/mem_reg[14][15]_srl15/D
                            (rising edge-triggered cell SRL16E clocked by ap_clk  {rise@0.000ns fall@5.000ns period=10.000ns})
  Path Group:             ap_clk
  Path Type:              Hold (Min at Fast Process Corner)
  Requirement:            0.000ns  (ap_clk rise@0.000ns - ap_clk rise@0.000ns)
  Data Path Delay:        0.295ns  (logic 0.141ns (47.774%)  route 0.154ns (52.226%))
  Logic Levels:           0  
  Clock Path Skew:        0.022ns (DCD - SCD - CPR)
    Destination Clock Delay (DCD):    0.432ns
    Source Clock Delay      (SCD):    0.410ns
    Clock Pessimism Removal (CPR):    -0.000ns

    Location             Delay type                Incr(ns)  Path(ns)    Netlist Resource(s)
  -------------------------------------------------------------------    -------------------
                         (clock ap_clk rise edge)     0.000     0.000 r  
                                                      0.000     0.000 r  ap_clk (IN)
                         net (fo=7885, unset)         0.410     0.410    bd_0_i/hls_inst/inst/gmem0_m_axi_U/store_unit_0/ap_clk
    SLICE_X37Y27         FDRE                                         r  bd_0_i/hls_inst/inst/gmem0_m_axi_U/store_unit_0/bus_wide_gen.data_gen[1].data_buf_reg[15]/C
  -------------------------------------------------------------------    -------------------
    SLICE_X37Y27         FDRE (Prop_fdre_C_Q)         0.141     0.551 r  bd_0_i/hls_inst/inst/gmem0_m_axi_U/store_unit_0/bus_wide_gen.data_gen[1].data_buf_reg[15]/Q
                         net (fo=1, routed)           0.154     0.705    bd_0_i/hls_inst/inst/gmem0_m_axi_U/store_unit_0/buff_wdata/U_fifo_srl/in[15]
    SLICE_X38Y27         SRL16E                                       r  bd_0_i/hls_inst/inst/gmem0_m_axi_U/store_unit_0/buff_wdata/U_fifo_srl/mem_reg[14][15]_srl15/D
  -------------------------------------------------------------------    -------------------

                         (clock ap_clk rise edge)     0.000     0.000 r  
                                                      0.000     0.000 r  ap_clk (IN)
                         net (fo=7885, unset)         0.432     0.432    bd_0_i/hls_inst/inst/gmem0_m_axi_U/store_unit_0/buff_wdata/U_fifo_srl/ap_clk
    SLICE_X38Y27         SRL16E                                       r  bd_0_i/hls_inst/inst/gmem0_m_axi_U/store_unit_0/buff_wdata/U_fifo_srl/mem_reg[14][15]_srl15/CLK
                         clock pessimism              0.000     0.432    
    SLICE_X38Y27         SRL16E (Hold_srl16e_CLK_D)
                                                      0.183     0.615    bd_0_i/hls_inst/inst/gmem0_m_axi_U/store_unit_0/buff_wdata/U_fifo_srl/mem_reg[14][15]_srl15
  -------------------------------------------------------------------
                         required time                         -0.615    
                         arrival time                           0.705    
  -------------------------------------------------------------------
                         slack                                  0.091    

Slack (MET) :             0.094ns  (arrival time - required time)
  Source:                 bd_0_i/hls_inst/inst/gmem0_m_axi_U/bus_write/wreq_burst_conv/burst_sequential/could_multi_bursts.burst_addr_base_reg[29]/C
                            (rising edge-triggered cell FDRE clocked by ap_clk  {rise@0.000ns fall@5.000ns period=10.000ns})
  Destination:            bd_0_i/hls_inst/inst/gmem0_m_axi_U/bus_write/wreq_throttle/fifo_burst_gen[0].fifo_req/U_fifo_srl/mem_reg[14][41]_srl15/D
                            (rising edge-triggered cell SRL16E clocked by ap_clk  {rise@0.000ns fall@5.000ns period=10.000ns})
  Path Group:             ap_clk
  Path Type:              Hold (Min at Fast Process Corner)
  Requirement:            0.000ns  (ap_clk rise@0.000ns - ap_clk rise@0.000ns)
  Data Path Delay:        0.245ns  (logic 0.128ns (52.327%)  route 0.117ns (47.673%))
  Logic Levels:           0  
  Clock Path Skew:        0.022ns (DCD - SCD - CPR)
    Destination Clock Delay (DCD):    0.432ns
    Source Clock Delay      (SCD):    0.410ns
    Clock Pessimism Removal (CPR):    -0.000ns

    Location             Delay type                Incr(ns)  Path(ns)    Netlist Resource(s)
  -------------------------------------------------------------------    -------------------
                         (clock ap_clk rise edge)     0.000     0.000 r  
                                                      0.000     0.000 r  ap_clk (IN)
                         net (fo=7885, unset)         0.410     0.410    bd_0_i/hls_inst/inst/gmem0_m_axi_U/bus_write/wreq_burst_conv/burst_sequential/ap_clk
    SLICE_X39Y38         FDRE                                         r  bd_0_i/hls_inst/inst/gmem0_m_axi_U/bus_write/wreq_burst_conv/burst_sequential/could_multi_bursts.burst_addr_base_reg[29]/C
  -------------------------------------------------------------------    -------------------
    SLICE_X39Y38         FDRE (Prop_fdre_C_Q)         0.128     0.538 r  bd_0_i/hls_inst/inst/gmem0_m_axi_U/bus_write/wreq_burst_conv/burst_sequential/could_multi_bursts.burst_addr_base_reg[29]/Q
                         net (fo=1, routed)           0.117     0.655    bd_0_i/hls_inst/inst/gmem0_m_axi_U/bus_write/wreq_throttle/fifo_burst_gen[0].fifo_req/U_fifo_srl/in[39]
    SLICE_X38Y37         SRL16E                                       r  bd_0_i/hls_inst/inst/gmem0_m_axi_U/bus_write/wreq_throttle/fifo_burst_gen[0].fifo_req/U_fifo_srl/mem_reg[14][41]_srl15/D
  -------------------------------------------------------------------    -------------------

                         (clock ap_clk rise edge)     0.000     0.000 r  
                                                      0.000     0.000 r  ap_clk (IN)
                         net (fo=7885, unset)         0.432     0.432    bd_0_i/hls_inst/inst/gmem0_m_axi_U/bus_write/wreq_throttle/fifo_burst_gen[0].fifo_req/U_fifo_srl/ap_clk
    SLICE_X38Y37         SRL16E                                       r  bd_0_i/hls_inst/inst/gmem0_m_axi_U/bus_write/wreq_throttle/fifo_burst_gen[0].fifo_req/U_fifo_srl/mem_reg[14][41]_srl15/CLK
                         clock pessimism              0.000     0.432    
    SLICE_X38Y37         SRL16E (Hold_srl16e_CLK_D)
                                                      0.129     0.561    bd_0_i/hls_inst/inst/gmem0_m_axi_U/bus_write/wreq_throttle/fifo_burst_gen[0].fifo_req/U_fifo_srl/mem_reg[14][41]_srl15
  -------------------------------------------------------------------
                         required time                         -0.561    
                         arrival time                           0.655    
  -------------------------------------------------------------------
                         slack                                  0.094    

Slack (MET) :             0.094ns  (arrival time - required time)
  Source:                 bd_0_i/hls_inst/inst/gmem0_m_axi_U/bus_read/rs_rdata/data_p1_reg[5]/C
                            (rising edge-triggered cell FDRE clocked by ap_clk  {rise@0.000ns fall@5.000ns period=10.000ns})
  Destination:            bd_0_i/hls_inst/inst/gmem0_m_axi_U/load_unit_0/buff_rdata/U_fifo_mem/mem_reg/DIADI[5]
                            (rising edge-triggered cell RAMB18E1 clocked by ap_clk  {rise@0.000ns fall@5.000ns period=10.000ns})
  Path Group:             ap_clk
  Path Type:              Hold (Min at Fast Process Corner)
  Requirement:            0.000ns  (ap_clk rise@0.000ns - ap_clk rise@0.000ns)
  Data Path Delay:        0.271ns  (logic 0.164ns (60.558%)  route 0.107ns (39.442%))
  Logic Levels:           0  
  Clock Path Skew:        0.022ns (DCD - SCD - CPR)
    Destination Clock Delay (DCD):    0.432ns
    Source Clock Delay      (SCD):    0.410ns
    Clock Pessimism Removal (CPR):    -0.000ns

    Location             Delay type                Incr(ns)  Path(ns)    Netlist Resource(s)
  -------------------------------------------------------------------    -------------------
                         (clock ap_clk rise edge)     0.000     0.000 r  
                                                      0.000     0.000 r  ap_clk (IN)
                         net (fo=7885, unset)         0.410     0.410    bd_0_i/hls_inst/inst/gmem0_m_axi_U/bus_read/rs_rdata/ap_clk
    SLICE_X54Y21         FDRE                                         r  bd_0_i/hls_inst/inst/gmem0_m_axi_U/bus_read/rs_rdata/data_p1_reg[5]/C
  -------------------------------------------------------------------    -------------------
    SLICE_X54Y21         FDRE (Prop_fdre_C_Q)         0.164     0.574 r  bd_0_i/hls_inst/inst/gmem0_m_axi_U/bus_read/rs_rdata/data_p1_reg[5]/Q
                         net (fo=1, routed)           0.107     0.681    bd_0_i/hls_inst/inst/gmem0_m_axi_U/load_unit_0/buff_rdata/U_fifo_mem/mem_reg_1[5]
    RAMB18_X3Y8          RAMB18E1                                     r  bd_0_i/hls_inst/inst/gmem0_m_axi_U/load_unit_0/buff_rdata/U_fifo_mem/mem_reg/DIADI[5]
  -------------------------------------------------------------------    -------------------

                         (clock ap_clk rise edge)     0.000     0.000 r  
                                                      0.000     0.000 r  ap_clk (IN)
                         net (fo=7885, unset)         0.432     0.432    bd_0_i/hls_inst/inst/gmem0_m_axi_U/load_unit_0/buff_rdata/U_fifo_mem/ap_clk
    RAMB18_X3Y8          RAMB18E1                                     r  bd_0_i/hls_inst/inst/gmem0_m_axi_U/load_unit_0/buff_rdata/U_fifo_mem/mem_reg/CLKBWRCLK
                         clock pessimism              0.000     0.432    
    RAMB18_X3Y8          RAMB18E1 (Hold_ramb18e1_CLKBWRCLK_DIADI[5])
                                                      0.155     0.587    bd_0_i/hls_inst/inst/gmem0_m_axi_U/load_unit_0/buff_rdata/U_fifo_mem/mem_reg
  -------------------------------------------------------------------
                         required time                         -0.587    
                         arrival time                           0.681    
  -------------------------------------------------------------------
                         slack                                  0.094    





Pulse Width Checks
--------------------------------------------------------------------------------------
Clock Name:         ap_clk
Waveform(ns):       { 0.000 5.000 }
Period(ns):         10.000
Sources:            { ap_clk }

Check Type        Corner  Lib Pin             Reference Pin  Required(ns)  Actual(ns)  Slack(ns)  Location      Pin
Min Period        n/a     DSP48E1/CLK         n/a            3.884         10.000      6.116      DSP48_X2Y1    bd_0_i/hls_inst/inst/grp_pool_1_fu_795/grp_pool_1_Pipeline_CO_LOOP_H_LOOP_W_LOOP_fu_110/add_ln34_2_reg_1065_reg/CLK
Min Period        n/a     DSP48E1/CLK         n/a            3.884         10.000      6.116      DSP48_X1Y1    bd_0_i/hls_inst/inst/grp_pool_1_fu_795/grp_pool_1_Pipeline_CO_LOOP_H_LOOP_W_LOOP_fu_110/add_ln34_reg_1059_reg/CLK
Min Period        n/a     DSP48E1/CLK         n/a            3.884         10.000      6.116      DSP48_X2Y2    bd_0_i/hls_inst/inst/grp_pool_fu_699/grp_pool_Pipeline_CO_LOOP_H_LOOP_W_LOOP_fu_110/add_ln34_3_reg_1099_reg/CLK
Min Period        n/a     DSP48E1/CLK         n/a            3.884         10.000      6.116      DSP48_X2Y5    bd_0_i/hls_inst/inst/grp_pool_fu_699/grp_pool_Pipeline_CO_LOOP_H_LOOP_W_LOOP_fu_110/add_ln34_reg_1093_reg/CLK
Min Period        n/a     RAMB18E1/CLKARDCLK  n/a            2.944         10.000      7.056      RAMB18_X3Y8   bd_0_i/hls_inst/inst/gmem0_m_axi_U/load_unit_0/buff_rdata/U_fifo_mem/mem_reg/CLKARDCLK
Min Period        n/a     RAMB18E1/CLKBWRCLK  n/a            2.944         10.000      7.056      RAMB18_X3Y8   bd_0_i/hls_inst/inst/gmem0_m_axi_U/load_unit_0/buff_rdata/U_fifo_mem/mem_reg/CLKBWRCLK
Min Period        n/a     RAMB18E1/CLKARDCLK  n/a            2.944         10.000      7.056      RAMB18_X4Y10  bd_0_i/hls_inst/inst/gmem1_m_axi_U/load_unit_0/buff_rdata/U_fifo_mem/mem_reg/CLKARDCLK
Min Period        n/a     RAMB18E1/CLKBWRCLK  n/a            2.944         10.000      7.056      RAMB18_X4Y10  bd_0_i/hls_inst/inst/gmem1_m_axi_U/load_unit_0/buff_rdata/U_fifo_mem/mem_reg/CLKBWRCLK
Min Period        n/a     RAMB18E1/CLKARDCLK  n/a            2.944         10.000      7.056      RAMB18_X0Y5   bd_0_i/hls_inst/inst/grp_conv1_fu_527/temp_10_U/ram_reg/CLKARDCLK
Min Period        n/a     RAMB18E1/CLKARDCLK  n/a            2.944         10.000      7.056      RAMB18_X0Y2   bd_0_i/hls_inst/inst/grp_conv1_fu_527/temp_11_U/ram_reg/CLKARDCLK
Low Pulse Width   Slow    SRL16E/CLK          n/a            0.980         5.000       4.020      SLICE_X92Y30  bd_0_i/hls_inst/inst/bus_read/ost_ctrl_gen[0].fifo_burst/U_fifo_srl/mem_reg[14][0]_srl15/CLK
Low Pulse Width   Fast    SRL16E/CLK          n/a            0.980         5.000       4.020      SLICE_X92Y30  bd_0_i/hls_inst/inst/bus_read/ost_ctrl_gen[0].fifo_burst/U_fifo_srl/mem_reg[14][0]_srl15/CLK
Low Pulse Width   Slow    SRL16E/CLK          n/a            0.980         5.000       4.020      SLICE_X58Y24  bd_0_i/hls_inst/inst/gmem0_m_axi_U/bus_read/ost_ctrl_gen[0].fifo_burst/U_fifo_srl/mem_reg[14][0]_srl15/CLK
Low Pulse Width   Fast    SRL16E/CLK          n/a            0.980         5.000       4.020      SLICE_X58Y24  bd_0_i/hls_inst/inst/gmem0_m_axi_U/bus_read/ost_ctrl_gen[0].fifo_burst/U_fifo_srl/mem_reg[14][0]_srl15/CLK
Low Pulse Width   Slow    SRL16E/CLK          n/a            0.980         5.000       4.020      SLICE_X50Y30  bd_0_i/hls_inst/inst/gmem0_m_axi_U/bus_write/fifo_resp_gen[0].fifo_resp/U_fifo_srl/mem_reg[14][0]_srl15/CLK
Low Pulse Width   Fast    SRL16E/CLK          n/a            0.980         5.000       4.020      SLICE_X50Y30  bd_0_i/hls_inst/inst/gmem0_m_axi_U/bus_write/fifo_resp_gen[0].fifo_resp/U_fifo_srl/mem_reg[14][0]_srl15/CLK
Low Pulse Width   Slow    SRL16E/CLK          n/a            0.980         5.000       4.020      SLICE_X42Y36  bd_0_i/hls_inst/inst/gmem0_m_axi_U/bus_write/wreq_throttle/fifo_burst_gen[0].fifo_req/U_fifo_srl/mem_reg[14][10]_srl15/CLK
Low Pulse Width   Fast    SRL16E/CLK          n/a            0.980         5.000       4.020      SLICE_X42Y36  bd_0_i/hls_inst/inst/gmem0_m_axi_U/bus_write/wreq_throttle/fifo_burst_gen[0].fifo_req/U_fifo_srl/mem_reg[14][10]_srl15/CLK
Low Pulse Width   Slow    SRL16E/CLK          n/a            0.980         5.000       4.020      SLICE_X42Y36  bd_0_i/hls_inst/inst/gmem0_m_axi_U/bus_write/wreq_throttle/fifo_burst_gen[0].fifo_req/U_fifo_srl/mem_reg[14][11]_srl15/CLK
Low Pulse Width   Fast    SRL16E/CLK          n/a            0.980         5.000       4.020      SLICE_X42Y36  bd_0_i/hls_inst/inst/gmem0_m_axi_U/bus_write/wreq_throttle/fifo_burst_gen[0].fifo_req/U_fifo_srl/mem_reg[14][11]_srl15/CLK
High Pulse Width  Slow    SRL16E/CLK          n/a            0.980         5.000       4.020      SLICE_X92Y30  bd_0_i/hls_inst/inst/bus_read/ost_ctrl_gen[0].fifo_burst/U_fifo_srl/mem_reg[14][0]_srl15/CLK
High Pulse Width  Fast    SRL16E/CLK          n/a            0.980         5.000       4.020      SLICE_X92Y30  bd_0_i/hls_inst/inst/bus_read/ost_ctrl_gen[0].fifo_burst/U_fifo_srl/mem_reg[14][0]_srl15/CLK
High Pulse Width  Slow    SRL16E/CLK          n/a            0.980         5.000       4.020      SLICE_X58Y24  bd_0_i/hls_inst/inst/gmem0_m_axi_U/bus_read/ost_ctrl_gen[0].fifo_burst/U_fifo_srl/mem_reg[14][0]_srl15/CLK
High Pulse Width  Fast    SRL16E/CLK          n/a            0.980         5.000       4.020      SLICE_X58Y24  bd_0_i/hls_inst/inst/gmem0_m_axi_U/bus_read/ost_ctrl_gen[0].fifo_burst/U_fifo_srl/mem_reg[14][0]_srl15/CLK
High Pulse Width  Slow    SRL16E/CLK          n/a            0.980         5.000       4.020      SLICE_X50Y30  bd_0_i/hls_inst/inst/gmem0_m_axi_U/bus_write/fifo_resp_gen[0].fifo_resp/U_fifo_srl/mem_reg[14][0]_srl15/CLK
High Pulse Width  Fast    SRL16E/CLK          n/a            0.980         5.000       4.020      SLICE_X50Y30  bd_0_i/hls_inst/inst/gmem0_m_axi_U/bus_write/fifo_resp_gen[0].fifo_resp/U_fifo_srl/mem_reg[14][0]_srl15/CLK
High Pulse Width  Slow    SRL16E/CLK          n/a            0.980         5.000       4.020      SLICE_X42Y36  bd_0_i/hls_inst/inst/gmem0_m_axi_U/bus_write/wreq_throttle/fifo_burst_gen[0].fifo_req/U_fifo_srl/mem_reg[14][10]_srl15/CLK
High Pulse Width  Fast    SRL16E/CLK          n/a            0.980         5.000       4.020      SLICE_X42Y36  bd_0_i/hls_inst/inst/gmem0_m_axi_U/bus_write/wreq_throttle/fifo_burst_gen[0].fifo_req/U_fifo_srl/mem_reg[14][10]_srl15/CLK
High Pulse Width  Slow    SRL16E/CLK          n/a            0.980         5.000       4.020      SLICE_X42Y36  bd_0_i/hls_inst/inst/gmem0_m_axi_U/bus_write/wreq_throttle/fifo_burst_gen[0].fifo_req/U_fifo_srl/mem_reg[14][11]_srl15/CLK
High Pulse Width  Fast    SRL16E/CLK          n/a            0.980         5.000       4.020      SLICE_X42Y36  bd_0_i/hls_inst/inst/gmem0_m_axi_U/bus_write/wreq_throttle/fifo_burst_gen[0].fifo_req/U_fifo_srl/mem_reg[14][11]_srl15/CLK



--------------------------------------------------------------------------------------
Path Group:  (none)
From Clock:  ap_clk
  To Clock:  

Max Delay           280 Endpoints
Min Delay           280 Endpoints
--------------------------------------------------------------------------------------


Max Delay Paths
--------------------------------------------------------------------------------------
Slack:                    inf
  Source:                 bd_0_i/hls_inst/inst/gmem0_m_axi_U/bus_read/rreq_burst_conv/burst_sequential/could_multi_bursts.burst_addr_base_reg[0]/C
                            (rising edge-triggered cell FDRE clocked by ap_clk  {rise@0.000ns fall@5.000ns period=10.000ns})
  Destination:            m_axi_gmem0_araddr[12]
                            (output port)
  Path Group:             (none)
  Path Type:              Max at Slow Process Corner
  Data Path Delay:        1.491ns  (logic 0.518ns (34.742%)  route 0.973ns (65.258%))
  Logic Levels:           0  
  Clock Uncertainty:      0.025ns  ((TSJ^2 + TIJ^2)^1/2 + DJ) / 2 + PE
    Total System Jitter     (TSJ):    0.050ns
    Total Input Jitter      (TIJ):    0.000ns
    Discrete Jitter          (DJ):    0.000ns
    Phase Error              (PE):    0.000ns

    Location             Delay type                Incr(ns)  Path(ns)    Netlist Resource(s)
  -------------------------------------------------------------------    -------------------
                         (clock ap_clk rise edge)     0.000     0.000 r  
                                                      0.000     0.000 r  ap_clk (IN)
                         net (fo=7885, unset)         0.973     0.973    bd_0_i/hls_inst/inst/gmem0_m_axi_U/bus_read/rreq_burst_conv/burst_sequential/ap_clk
    SLICE_X66Y39         FDRE                                         r  bd_0_i/hls_inst/inst/gmem0_m_axi_U/bus_read/rreq_burst_conv/burst_sequential/could_multi_bursts.burst_addr_base_reg[0]/C
  -------------------------------------------------------------------    -------------------
    SLICE_X66Y39         FDRE (Prop_fdre_C_Q)         0.518     1.491 r  bd_0_i/hls_inst/inst/gmem0_m_axi_U/bus_read/rreq_burst_conv/burst_sequential/could_multi_bursts.burst_addr_base_reg[0]/Q
                         net (fo=0)                   0.973     2.464    m_axi_gmem0_araddr[12]
                                                                      r  m_axi_gmem0_araddr[12] (OUT)
  -------------------------------------------------------------------    -------------------

Slack:                    inf
  Source:                 bd_0_i/hls_inst/inst/gmem0_m_axi_U/bus_read/rreq_burst_conv/burst_sequential/could_multi_bursts.burst_addr_base_reg[1]/C
                            (rising edge-triggered cell FDRE clocked by ap_clk  {rise@0.000ns fall@5.000ns period=10.000ns})
  Destination:            m_axi_gmem0_araddr[13]
                            (output port)
  Path Group:             (none)
  Path Type:              Max at Slow Process Corner
  Data Path Delay:        1.491ns  (logic 0.518ns (34.742%)  route 0.973ns (65.258%))
  Logic Levels:           0  
  Clock Uncertainty:      0.025ns  ((TSJ^2 + TIJ^2)^1/2 + DJ) / 2 + PE
    Total System Jitter     (TSJ):    0.050ns
    Total Input Jitter      (TIJ):    0.000ns
    Discrete Jitter          (DJ):    0.000ns
    Phase Error              (PE):    0.000ns

    Location             Delay type                Incr(ns)  Path(ns)    Netlist Resource(s)
  -------------------------------------------------------------------    -------------------
                         (clock ap_clk rise edge)     0.000     0.000 r  
                                                      0.000     0.000 r  ap_clk (IN)
                         net (fo=7885, unset)         0.973     0.973    bd_0_i/hls_inst/inst/gmem0_m_axi_U/bus_read/rreq_burst_conv/burst_sequential/ap_clk
    SLICE_X66Y39         FDRE                                         r  bd_0_i/hls_inst/inst/gmem0_m_axi_U/bus_read/rreq_burst_conv/burst_sequential/could_multi_bursts.burst_addr_base_reg[1]/C
  -------------------------------------------------------------------    -------------------
    SLICE_X66Y39         FDRE (Prop_fdre_C_Q)         0.518     1.491 r  bd_0_i/hls_inst/inst/gmem0_m_axi_U/bus_read/rreq_burst_conv/burst_sequential/could_multi_bursts.burst_addr_base_reg[1]/Q
                         net (fo=0)                   0.973     2.464    m_axi_gmem0_araddr[13]
                                                                      r  m_axi_gmem0_araddr[13] (OUT)
  -------------------------------------------------------------------    -------------------

Slack:                    inf
  Source:                 bd_0_i/hls_inst/inst/gmem0_m_axi_U/bus_read/rreq_burst_conv/burst_sequential/could_multi_bursts.burst_addr_base_reg[2]/C
                            (rising edge-triggered cell FDRE clocked by ap_clk  {rise@0.000ns fall@5.000ns period=10.000ns})
  Destination:            m_axi_gmem0_araddr[14]
                            (output port)
  Path Group:             (none)
  Path Type:              Max at Slow Process Corner
  Data Path Delay:        1.491ns  (logic 0.518ns (34.742%)  route 0.973ns (65.258%))
  Logic Levels:           0  
  Clock Uncertainty:      0.025ns  ((TSJ^2 + TIJ^2)^1/2 + DJ) / 2 + PE
    Total System Jitter     (TSJ):    0.050ns
    Total Input Jitter      (TIJ):    0.000ns
    Discrete Jitter          (DJ):    0.000ns
    Phase Error              (PE):    0.000ns

    Location             Delay type                Incr(ns)  Path(ns)    Netlist Resource(s)
  -------------------------------------------------------------------    -------------------
                         (clock ap_clk rise edge)     0.000     0.000 r  
                                                      0.000     0.000 r  ap_clk (IN)
                         net (fo=7885, unset)         0.973     0.973    bd_0_i/hls_inst/inst/gmem0_m_axi_U/bus_read/rreq_burst_conv/burst_sequential/ap_clk
    SLICE_X66Y40         FDRE                                         r  bd_0_i/hls_inst/inst/gmem0_m_axi_U/bus_read/rreq_burst_conv/burst_sequential/could_multi_bursts.burst_addr_base_reg[2]/C
  -------------------------------------------------------------------    -------------------
    SLICE_X66Y40         FDRE (Prop_fdre_C_Q)         0.518     1.491 r  bd_0_i/hls_inst/inst/gmem0_m_axi_U/bus_read/rreq_burst_conv/burst_sequential/could_multi_bursts.burst_addr_base_reg[2]/Q
                         net (fo=0)                   0.973     2.464    m_axi_gmem0_araddr[14]
                                                                      r  m_axi_gmem0_araddr[14] (OUT)
  -------------------------------------------------------------------    -------------------

Slack:                    inf
  Source:                 bd_0_i/hls_inst/inst/gmem0_m_axi_U/bus_read/rreq_burst_conv/burst_sequential/could_multi_bursts.burst_addr_base_reg[3]/C
                            (rising edge-triggered cell FDRE clocked by ap_clk  {rise@0.000ns fall@5.000ns period=10.000ns})
  Destination:            m_axi_gmem0_araddr[15]
                            (output port)
  Path Group:             (none)
  Path Type:              Max at Slow Process Corner
  Data Path Delay:        1.491ns  (logic 0.518ns (34.742%)  route 0.973ns (65.258%))
  Logic Levels:           0  
  Clock Uncertainty:      0.025ns  ((TSJ^2 + TIJ^2)^1/2 + DJ) / 2 + PE
    Total System Jitter     (TSJ):    0.050ns
    Total Input Jitter      (TIJ):    0.000ns
    Discrete Jitter          (DJ):    0.000ns
    Phase Error              (PE):    0.000ns

    Location             Delay type                Incr(ns)  Path(ns)    Netlist Resource(s)
  -------------------------------------------------------------------    -------------------
                         (clock ap_clk rise edge)     0.000     0.000 r  
                                                      0.000     0.000 r  ap_clk (IN)
                         net (fo=7885, unset)         0.973     0.973    bd_0_i/hls_inst/inst/gmem0_m_axi_U/bus_read/rreq_burst_conv/burst_sequential/ap_clk
    SLICE_X66Y40         FDRE                                         r  bd_0_i/hls_inst/inst/gmem0_m_axi_U/bus_read/rreq_burst_conv/burst_sequential/could_multi_bursts.burst_addr_base_reg[3]/C
  -------------------------------------------------------------------    -------------------
    SLICE_X66Y40         FDRE (Prop_fdre_C_Q)         0.518     1.491 r  bd_0_i/hls_inst/inst/gmem0_m_axi_U/bus_read/rreq_burst_conv/burst_sequential/could_multi_bursts.burst_addr_base_reg[3]/Q
                         net (fo=0)                   0.973     2.464    m_axi_gmem0_araddr[15]
                                                                      r  m_axi_gmem0_araddr[15] (OUT)
  -------------------------------------------------------------------    -------------------

Slack:                    inf
  Source:                 bd_0_i/hls_inst/inst/gmem0_m_axi_U/bus_read/rreq_burst_conv/burst_sequential/could_multi_bursts.burst_addr_base_reg[5]/C
                            (rising edge-triggered cell FDRE clocked by ap_clk  {rise@0.000ns fall@5.000ns period=10.000ns})
  Destination:            m_axi_gmem0_araddr[17]
                            (output port)
  Path Group:             (none)
  Path Type:              Max at Slow Process Corner
  Data Path Delay:        1.491ns  (logic 0.518ns (34.742%)  route 0.973ns (65.258%))
  Logic Levels:           0  
  Clock Uncertainty:      0.025ns  ((TSJ^2 + TIJ^2)^1/2 + DJ) / 2 + PE
    Total System Jitter     (TSJ):    0.050ns
    Total Input Jitter      (TIJ):    0.000ns
    Discrete Jitter          (DJ):    0.000ns
    Phase Error              (PE):    0.000ns

    Location             Delay type                Incr(ns)  Path(ns)    Netlist Resource(s)
  -------------------------------------------------------------------    -------------------
                         (clock ap_clk rise edge)     0.000     0.000 r  
                                                      0.000     0.000 r  ap_clk (IN)
                         net (fo=7885, unset)         0.973     0.973    bd_0_i/hls_inst/inst/gmem0_m_axi_U/bus_read/rreq_burst_conv/burst_sequential/ap_clk
    SLICE_X66Y39         FDRE                                         r  bd_0_i/hls_inst/inst/gmem0_m_axi_U/bus_read/rreq_burst_conv/burst_sequential/could_multi_bursts.burst_addr_base_reg[5]/C
  -------------------------------------------------------------------    -------------------
    SLICE_X66Y39         FDRE (Prop_fdre_C_Q)         0.518     1.491 r  bd_0_i/hls_inst/inst/gmem0_m_axi_U/bus_read/rreq_burst_conv/burst_sequential/could_multi_bursts.burst_addr_base_reg[5]/Q
                         net (fo=0)                   0.973     2.464    m_axi_gmem0_araddr[17]
                                                                      r  m_axi_gmem0_araddr[17] (OUT)
  -------------------------------------------------------------------    -------------------

Slack:                    inf
  Source:                 bd_0_i/hls_inst/inst/gmem0_m_axi_U/bus_read/rreq_burst_conv/burst_sequential/could_multi_bursts.burst_addr_base_reg[9]/C
                            (rising edge-triggered cell FDRE clocked by ap_clk  {rise@0.000ns fall@5.000ns period=10.000ns})
  Destination:            m_axi_gmem0_araddr[21]
                            (output port)
  Path Group:             (none)
  Path Type:              Max at Slow Process Corner
  Data Path Delay:        1.491ns  (logic 0.518ns (34.742%)  route 0.973ns (65.258%))
  Logic Levels:           0  
  Clock Uncertainty:      0.025ns  ((TSJ^2 + TIJ^2)^1/2 + DJ) / 2 + PE
    Total System Jitter     (TSJ):    0.050ns
    Total Input Jitter      (TIJ):    0.000ns
    Discrete Jitter          (DJ):    0.000ns
    Phase Error              (PE):    0.000ns

    Location             Delay type                Incr(ns)  Path(ns)    Netlist Resource(s)
  -------------------------------------------------------------------    -------------------
                         (clock ap_clk rise edge)     0.000     0.000 r  
                                                      0.000     0.000 r  ap_clk (IN)
                         net (fo=7885, unset)         0.973     0.973    bd_0_i/hls_inst/inst/gmem0_m_axi_U/bus_read/rreq_burst_conv/burst_sequential/ap_clk
    SLICE_X66Y41         FDRE                                         r  bd_0_i/hls_inst/inst/gmem0_m_axi_U/bus_read/rreq_burst_conv/burst_sequential/could_multi_bursts.burst_addr_base_reg[9]/C
  -------------------------------------------------------------------    -------------------
    SLICE_X66Y41         FDRE (Prop_fdre_C_Q)         0.518     1.491 r  bd_0_i/hls_inst/inst/gmem0_m_axi_U/bus_read/rreq_burst_conv/burst_sequential/could_multi_bursts.burst_addr_base_reg[9]/Q
                         net (fo=0)                   0.973     2.464    m_axi_gmem0_araddr[21]
                                                                      r  m_axi_gmem0_araddr[21] (OUT)
  -------------------------------------------------------------------    -------------------

Slack:                    inf
  Source:                 bd_0_i/hls_inst/inst/gmem0_m_axi_U/bus_read/rreq_burst_conv/burst_sequential/could_multi_bursts.burst_addr_base_reg[12]/C
                            (rising edge-triggered cell FDRE clocked by ap_clk  {rise@0.000ns fall@5.000ns period=10.000ns})
  Destination:            m_axi_gmem0_araddr[24]
                            (output port)
  Path Group:             (none)
  Path Type:              Max at Slow Process Corner
  Data Path Delay:        1.491ns  (logic 0.518ns (34.742%)  route 0.973ns (65.258%))
  Logic Levels:           0  
  Clock Uncertainty:      0.025ns  ((TSJ^2 + TIJ^2)^1/2 + DJ) / 2 + PE
    Total System Jitter     (TSJ):    0.050ns
    Total Input Jitter      (TIJ):    0.000ns
    Discrete Jitter          (DJ):    0.000ns
    Phase Error              (PE):    0.000ns

    Location             Delay type                Incr(ns)  Path(ns)    Netlist Resource(s)
  -------------------------------------------------------------------    -------------------
                         (clock ap_clk rise edge)     0.000     0.000 r  
                                                      0.000     0.000 r  ap_clk (IN)
                         net (fo=7885, unset)         0.973     0.973    bd_0_i/hls_inst/inst/gmem0_m_axi_U/bus_read/rreq_burst_conv/burst_sequential/ap_clk
    SLICE_X66Y42         FDRE                                         r  bd_0_i/hls_inst/inst/gmem0_m_axi_U/bus_read/rreq_burst_conv/burst_sequential/could_multi_bursts.burst_addr_base_reg[12]/C
  -------------------------------------------------------------------    -------------------
    SLICE_X66Y42         FDRE (Prop_fdre_C_Q)         0.518     1.491 r  bd_0_i/hls_inst/inst/gmem0_m_axi_U/bus_read/rreq_burst_conv/burst_sequential/could_multi_bursts.burst_addr_base_reg[12]/Q
                         net (fo=0)                   0.973     2.464    m_axi_gmem0_araddr[24]
                                                                      r  m_axi_gmem0_araddr[24] (OUT)
  -------------------------------------------------------------------    -------------------

Slack:                    inf
  Source:                 bd_0_i/hls_inst/inst/gmem0_m_axi_U/bus_read/rreq_burst_conv/burst_sequential/could_multi_bursts.burst_addr_base_reg[13]/C
                            (rising edge-triggered cell FDRE clocked by ap_clk  {rise@0.000ns fall@5.000ns period=10.000ns})
  Destination:            m_axi_gmem0_araddr[25]
                            (output port)
  Path Group:             (none)
  Path Type:              Max at Slow Process Corner
  Data Path Delay:        1.491ns  (logic 0.518ns (34.742%)  route 0.973ns (65.258%))
  Logic Levels:           0  
  Clock Uncertainty:      0.025ns  ((TSJ^2 + TIJ^2)^1/2 + DJ) / 2 + PE
    Total System Jitter     (TSJ):    0.050ns
    Total Input Jitter      (TIJ):    0.000ns
    Discrete Jitter          (DJ):    0.000ns
    Phase Error              (PE):    0.000ns

    Location             Delay type                Incr(ns)  Path(ns)    Netlist Resource(s)
  -------------------------------------------------------------------    -------------------
                         (clock ap_clk rise edge)     0.000     0.000 r  
                                                      0.000     0.000 r  ap_clk (IN)
                         net (fo=7885, unset)         0.973     0.973    bd_0_i/hls_inst/inst/gmem0_m_axi_U/bus_read/rreq_burst_conv/burst_sequential/ap_clk
    SLICE_X66Y42         FDRE                                         r  bd_0_i/hls_inst/inst/gmem0_m_axi_U/bus_read/rreq_burst_conv/burst_sequential/could_multi_bursts.burst_addr_base_reg[13]/C
  -------------------------------------------------------------------    -------------------
    SLICE_X66Y42         FDRE (Prop_fdre_C_Q)         0.518     1.491 r  bd_0_i/hls_inst/inst/gmem0_m_axi_U/bus_read/rreq_burst_conv/burst_sequential/could_multi_bursts.burst_addr_base_reg[13]/Q
                         net (fo=0)                   0.973     2.464    m_axi_gmem0_araddr[25]
                                                                      r  m_axi_gmem0_araddr[25] (OUT)
  -------------------------------------------------------------------    -------------------

Slack:                    inf
  Source:                 bd_0_i/hls_inst/inst/gmem0_m_axi_U/bus_read/rreq_burst_conv/burst_sequential/could_multi_bursts.burst_addr_base_reg[16]/C
                            (rising edge-triggered cell FDRE clocked by ap_clk  {rise@0.000ns fall@5.000ns period=10.000ns})
  Destination:            m_axi_gmem0_araddr[28]
                            (output port)
  Path Group:             (none)
  Path Type:              Max at Slow Process Corner
  Data Path Delay:        1.491ns  (logic 0.518ns (34.742%)  route 0.973ns (65.258%))
  Logic Levels:           0  
  Clock Uncertainty:      0.025ns  ((TSJ^2 + TIJ^2)^1/2 + DJ) / 2 + PE
    Total System Jitter     (TSJ):    0.050ns
    Total Input Jitter      (TIJ):    0.000ns
    Discrete Jitter          (DJ):    0.000ns
    Phase Error              (PE):    0.000ns

    Location             Delay type                Incr(ns)  Path(ns)    Netlist Resource(s)
  -------------------------------------------------------------------    -------------------
                         (clock ap_clk rise edge)     0.000     0.000 r  
                                                      0.000     0.000 r  ap_clk (IN)
                         net (fo=7885, unset)         0.973     0.973    bd_0_i/hls_inst/inst/gmem0_m_axi_U/bus_read/rreq_burst_conv/burst_sequential/ap_clk
    SLICE_X66Y42         FDRE                                         r  bd_0_i/hls_inst/inst/gmem0_m_axi_U/bus_read/rreq_burst_conv/burst_sequential/could_multi_bursts.burst_addr_base_reg[16]/C
  -------------------------------------------------------------------    -------------------
    SLICE_X66Y42         FDRE (Prop_fdre_C_Q)         0.518     1.491 r  bd_0_i/hls_inst/inst/gmem0_m_axi_U/bus_read/rreq_burst_conv/burst_sequential/could_multi_bursts.burst_addr_base_reg[16]/Q
                         net (fo=0)                   0.973     2.464    m_axi_gmem0_araddr[28]
                                                                      r  m_axi_gmem0_araddr[28] (OUT)
  -------------------------------------------------------------------    -------------------

Slack:                    inf
  Source:                 bd_0_i/hls_inst/inst/gmem0_m_axi_U/bus_read/rreq_burst_conv/burst_sequential/could_multi_bursts.burst_addr_base_reg[21]/C
                            (rising edge-triggered cell FDRE clocked by ap_clk  {rise@0.000ns fall@5.000ns period=10.000ns})
  Destination:            m_axi_gmem0_araddr[33]
                            (output port)
  Path Group:             (none)
  Path Type:              Max at Slow Process Corner
  Data Path Delay:        1.491ns  (logic 0.518ns (34.742%)  route 0.973ns (65.258%))
  Logic Levels:           0  
  Clock Uncertainty:      0.025ns  ((TSJ^2 + TIJ^2)^1/2 + DJ) / 2 + PE
    Total System Jitter     (TSJ):    0.050ns
    Total Input Jitter      (TIJ):    0.000ns
    Discrete Jitter          (DJ):    0.000ns
    Phase Error              (PE):    0.000ns

    Location             Delay type                Incr(ns)  Path(ns)    Netlist Resource(s)
  -------------------------------------------------------------------    -------------------
                         (clock ap_clk rise edge)     0.000     0.000 r  
                                                      0.000     0.000 r  ap_clk (IN)
                         net (fo=7885, unset)         0.973     0.973    bd_0_i/hls_inst/inst/gmem0_m_axi_U/bus_read/rreq_burst_conv/burst_sequential/ap_clk
    SLICE_X66Y40         FDRE                                         r  bd_0_i/hls_inst/inst/gmem0_m_axi_U/bus_read/rreq_burst_conv/burst_sequential/could_multi_bursts.burst_addr_base_reg[21]/C
  -------------------------------------------------------------------    -------------------
    SLICE_X66Y40         FDRE (Prop_fdre_C_Q)         0.518     1.491 r  bd_0_i/hls_inst/inst/gmem0_m_axi_U/bus_read/rreq_burst_conv/burst_sequential/could_multi_bursts.burst_addr_base_reg[21]/Q
                         net (fo=0)                   0.973     2.464    m_axi_gmem0_araddr[33]
                                                                      r  m_axi_gmem0_araddr[33] (OUT)
  -------------------------------------------------------------------    -------------------





Min Delay Paths
--------------------------------------------------------------------------------------
Slack:                    inf
  Source:                 bd_0_i/hls_inst/inst/gmem0_m_axi_U/bus_read/rreq_burst_conv/burst_sequential/could_multi_bursts.burst_addr_base_reg[28]/C
                            (rising edge-triggered cell FDRE clocked by ap_clk  {rise@0.000ns fall@5.000ns period=10.000ns})
  Destination:            m_axi_gmem0_araddr[40]
                            (output port)
  Path Group:             (none)
  Path Type:              Min at Fast Process Corner
  Data Path Delay:        0.538ns  (logic 0.128ns (23.786%)  route 0.410ns (76.214%))
  Logic Levels:           0  
  Clock Uncertainty:      0.025ns  ((TSJ^2 + TIJ^2)^1/2 + DJ) / 2 + PE
    Total System Jitter     (TSJ):    0.050ns
    Total Input Jitter      (TIJ):    0.000ns
    Discrete Jitter          (DJ):    0.000ns
    Phase Error              (PE):    0.000ns

    Location             Delay type                Incr(ns)  Path(ns)    Netlist Resource(s)
  -------------------------------------------------------------------    -------------------
                         (clock ap_clk rise edge)     0.000     0.000 r  
                                                      0.000     0.000 r  ap_clk (IN)
                         net (fo=7885, unset)         0.410     0.410    bd_0_i/hls_inst/inst/gmem0_m_axi_U/bus_read/rreq_burst_conv/burst_sequential/ap_clk
    SLICE_X70Y43         FDRE                                         r  bd_0_i/hls_inst/inst/gmem0_m_axi_U/bus_read/rreq_burst_conv/burst_sequential/could_multi_bursts.burst_addr_base_reg[28]/C
  -------------------------------------------------------------------    -------------------
    SLICE_X70Y43         FDRE (Prop_fdre_C_Q)         0.128     0.538 r  bd_0_i/hls_inst/inst/gmem0_m_axi_U/bus_read/rreq_burst_conv/burst_sequential/could_multi_bursts.burst_addr_base_reg[28]/Q
                         net (fo=0)                   0.410     0.948    m_axi_gmem0_araddr[40]
                                                                      r  m_axi_gmem0_araddr[40] (OUT)
  -------------------------------------------------------------------    -------------------

Slack:                    inf
  Source:                 bd_0_i/hls_inst/inst/gmem0_m_axi_U/bus_read/rreq_burst_conv/burst_sequential/could_multi_bursts.burst_addr_base_reg[29]/C
                            (rising edge-triggered cell FDRE clocked by ap_clk  {rise@0.000ns fall@5.000ns period=10.000ns})
  Destination:            m_axi_gmem0_araddr[41]
                            (output port)
  Path Group:             (none)
  Path Type:              Min at Fast Process Corner
  Data Path Delay:        0.538ns  (logic 0.128ns (23.786%)  route 0.410ns (76.214%))
  Logic Levels:           0  
  Clock Uncertainty:      0.025ns  ((TSJ^2 + TIJ^2)^1/2 + DJ) / 2 + PE
    Total System Jitter     (TSJ):    0.050ns
    Total Input Jitter      (TIJ):    0.000ns
    Discrete Jitter          (DJ):    0.000ns
    Phase Error              (PE):    0.000ns

    Location             Delay type                Incr(ns)  Path(ns)    Netlist Resource(s)
  -------------------------------------------------------------------    -------------------
                         (clock ap_clk rise edge)     0.000     0.000 r  
                                                      0.000     0.000 r  ap_clk (IN)
                         net (fo=7885, unset)         0.410     0.410    bd_0_i/hls_inst/inst/gmem0_m_axi_U/bus_read/rreq_burst_conv/burst_sequential/ap_clk
    SLICE_X70Y43         FDRE                                         r  bd_0_i/hls_inst/inst/gmem0_m_axi_U/bus_read/rreq_burst_conv/burst_sequential/could_multi_bursts.burst_addr_base_reg[29]/C
  -------------------------------------------------------------------    -------------------
    SLICE_X70Y43         FDRE (Prop_fdre_C_Q)         0.128     0.538 r  bd_0_i/hls_inst/inst/gmem0_m_axi_U/bus_read/rreq_burst_conv/burst_sequential/could_multi_bursts.burst_addr_base_reg[29]/Q
                         net (fo=0)                   0.410     0.948    m_axi_gmem0_araddr[41]
                                                                      r  m_axi_gmem0_araddr[41] (OUT)
  -------------------------------------------------------------------    -------------------

Slack:                    inf
  Source:                 bd_0_i/hls_inst/inst/gmem0_m_axi_U/bus_read/rreq_burst_conv/burst_sequential/could_multi_bursts.burst_addr_base_reg[31]/C
                            (rising edge-triggered cell FDRE clocked by ap_clk  {rise@0.000ns fall@5.000ns period=10.000ns})
  Destination:            m_axi_gmem0_araddr[43]
                            (output port)
  Path Group:             (none)
  Path Type:              Min at Fast Process Corner
  Data Path Delay:        0.538ns  (logic 0.128ns (23.786%)  route 0.410ns (76.214%))
  Logic Levels:           0  
  Clock Uncertainty:      0.025ns  ((TSJ^2 + TIJ^2)^1/2 + DJ) / 2 + PE
    Total System Jitter     (TSJ):    0.050ns
    Total Input Jitter      (TIJ):    0.000ns
    Discrete Jitter          (DJ):    0.000ns
    Phase Error              (PE):    0.000ns

    Location             Delay type                Incr(ns)  Path(ns)    Netlist Resource(s)
  -------------------------------------------------------------------    -------------------
                         (clock ap_clk rise edge)     0.000     0.000 r  
                                                      0.000     0.000 r  ap_clk (IN)
                         net (fo=7885, unset)         0.410     0.410    bd_0_i/hls_inst/inst/gmem0_m_axi_U/bus_read/rreq_burst_conv/burst_sequential/ap_clk
    SLICE_X70Y43         FDRE                                         r  bd_0_i/hls_inst/inst/gmem0_m_axi_U/bus_read/rreq_burst_conv/burst_sequential/could_multi_bursts.burst_addr_base_reg[31]/C
  -------------------------------------------------------------------    -------------------
    SLICE_X70Y43         FDRE (Prop_fdre_C_Q)         0.128     0.538 r  bd_0_i/hls_inst/inst/gmem0_m_axi_U/bus_read/rreq_burst_conv/burst_sequential/could_multi_bursts.burst_addr_base_reg[31]/Q
                         net (fo=0)                   0.410     0.948    m_axi_gmem0_araddr[43]
                                                                      r  m_axi_gmem0_araddr[43] (OUT)
  -------------------------------------------------------------------    -------------------

Slack:                    inf
  Source:                 bd_0_i/hls_inst/inst/gmem0_m_axi_U/bus_read/rreq_burst_conv/burst_sequential/could_multi_bursts.burst_addr_base_reg[35]/C
                            (rising edge-triggered cell FDRE clocked by ap_clk  {rise@0.000ns fall@5.000ns period=10.000ns})
  Destination:            m_axi_gmem0_araddr[47]
                            (output port)
  Path Group:             (none)
  Path Type:              Min at Fast Process Corner
  Data Path Delay:        0.538ns  (logic 0.128ns (23.786%)  route 0.410ns (76.214%))
  Logic Levels:           0  
  Clock Uncertainty:      0.025ns  ((TSJ^2 + TIJ^2)^1/2 + DJ) / 2 + PE
    Total System Jitter     (TSJ):    0.050ns
    Total Input Jitter      (TIJ):    0.000ns
    Discrete Jitter          (DJ):    0.000ns
    Phase Error              (PE):    0.000ns

    Location             Delay type                Incr(ns)  Path(ns)    Netlist Resource(s)
  -------------------------------------------------------------------    -------------------
                         (clock ap_clk rise edge)     0.000     0.000 r  
                                                      0.000     0.000 r  ap_clk (IN)
                         net (fo=7885, unset)         0.410     0.410    bd_0_i/hls_inst/inst/gmem0_m_axi_U/bus_read/rreq_burst_conv/burst_sequential/ap_clk
    SLICE_X70Y43         FDRE                                         r  bd_0_i/hls_inst/inst/gmem0_m_axi_U/bus_read/rreq_burst_conv/burst_sequential/could_multi_bursts.burst_addr_base_reg[35]/C
  -------------------------------------------------------------------    -------------------
    SLICE_X70Y43         FDRE (Prop_fdre_C_Q)         0.128     0.538 r  bd_0_i/hls_inst/inst/gmem0_m_axi_U/bus_read/rreq_burst_conv/burst_sequential/could_multi_bursts.burst_addr_base_reg[35]/Q
                         net (fo=0)                   0.410     0.948    m_axi_gmem0_araddr[47]
                                                                      r  m_axi_gmem0_araddr[47] (OUT)
  -------------------------------------------------------------------    -------------------

Slack:                    inf
  Source:                 bd_0_i/hls_inst/inst/gmem0_m_axi_U/bus_read/rreq_burst_conv/burst_sequential/could_multi_bursts.burst_addr_base_reg[49]/C
                            (rising edge-triggered cell FDRE clocked by ap_clk  {rise@0.000ns fall@5.000ns period=10.000ns})
  Destination:            m_axi_gmem0_araddr[61]
                            (output port)
  Path Group:             (none)
  Path Type:              Min at Fast Process Corner
  Data Path Delay:        0.538ns  (logic 0.128ns (23.786%)  route 0.410ns (76.214%))
  Logic Levels:           0  
  Clock Uncertainty:      0.025ns  ((TSJ^2 + TIJ^2)^1/2 + DJ) / 2 + PE
    Total System Jitter     (TSJ):    0.050ns
    Total Input Jitter      (TIJ):    0.000ns
    Discrete Jitter          (DJ):    0.000ns
    Phase Error              (PE):    0.000ns

    Location             Delay type                Incr(ns)  Path(ns)    Netlist Resource(s)
  -------------------------------------------------------------------    -------------------
                         (clock ap_clk rise edge)     0.000     0.000 r  
                                                      0.000     0.000 r  ap_clk (IN)
                         net (fo=7885, unset)         0.410     0.410    bd_0_i/hls_inst/inst/gmem0_m_axi_U/bus_read/rreq_burst_conv/burst_sequential/ap_clk
    SLICE_X70Y47         FDRE                                         r  bd_0_i/hls_inst/inst/gmem0_m_axi_U/bus_read/rreq_burst_conv/burst_sequential/could_multi_bursts.burst_addr_base_reg[49]/C
  -------------------------------------------------------------------    -------------------
    SLICE_X70Y47         FDRE (Prop_fdre_C_Q)         0.128     0.538 r  bd_0_i/hls_inst/inst/gmem0_m_axi_U/bus_read/rreq_burst_conv/burst_sequential/could_multi_bursts.burst_addr_base_reg[49]/Q
                         net (fo=0)                   0.410     0.948    m_axi_gmem0_araddr[61]
                                                                      r  m_axi_gmem0_araddr[61] (OUT)
  -------------------------------------------------------------------    -------------------

Slack:                    inf
  Source:                 bd_0_i/hls_inst/inst/gmem0_m_axi_U/bus_read/rreq_burst_conv/burst_sequential/could_multi_bursts.burst_addr_base_reg[51]/C
                            (rising edge-triggered cell FDRE clocked by ap_clk  {rise@0.000ns fall@5.000ns period=10.000ns})
  Destination:            m_axi_gmem0_araddr[63]
                            (output port)
  Path Group:             (none)
  Path Type:              Min at Fast Process Corner
  Data Path Delay:        0.538ns  (logic 0.128ns (23.786%)  route 0.410ns (76.214%))
  Logic Levels:           0  
  Clock Uncertainty:      0.025ns  ((TSJ^2 + TIJ^2)^1/2 + DJ) / 2 + PE
    Total System Jitter     (TSJ):    0.050ns
    Total Input Jitter      (TIJ):    0.000ns
    Discrete Jitter          (DJ):    0.000ns
    Phase Error              (PE):    0.000ns

    Location             Delay type                Incr(ns)  Path(ns)    Netlist Resource(s)
  -------------------------------------------------------------------    -------------------
                         (clock ap_clk rise edge)     0.000     0.000 r  
                                                      0.000     0.000 r  ap_clk (IN)
                         net (fo=7885, unset)         0.410     0.410    bd_0_i/hls_inst/inst/gmem0_m_axi_U/bus_read/rreq_burst_conv/burst_sequential/ap_clk
    SLICE_X70Y47         FDRE                                         r  bd_0_i/hls_inst/inst/gmem0_m_axi_U/bus_read/rreq_burst_conv/burst_sequential/could_multi_bursts.burst_addr_base_reg[51]/C
  -------------------------------------------------------------------    -------------------
    SLICE_X70Y47         FDRE (Prop_fdre_C_Q)         0.128     0.538 r  bd_0_i/hls_inst/inst/gmem0_m_axi_U/bus_read/rreq_burst_conv/burst_sequential/could_multi_bursts.burst_addr_base_reg[51]/Q
                         net (fo=0)                   0.410     0.948    m_axi_gmem0_araddr[63]
                                                                      r  m_axi_gmem0_araddr[63] (OUT)
  -------------------------------------------------------------------    -------------------

Slack:                    inf
  Source:                 bd_0_i/hls_inst/inst/gmem0_m_axi_U/bus_read/rreq_burst_conv/burst_sequential/could_multi_bursts.burst_addr_reg[7]/C
                            (rising edge-triggered cell FDRE clocked by ap_clk  {rise@0.000ns fall@5.000ns period=10.000ns})
  Destination:            m_axi_gmem0_araddr[7]
                            (output port)
  Path Group:             (none)
  Path Type:              Min at Fast Process Corner
  Data Path Delay:        0.538ns  (logic 0.128ns (23.786%)  route 0.410ns (76.214%))
  Logic Levels:           0  
  Clock Uncertainty:      0.025ns  ((TSJ^2 + TIJ^2)^1/2 + DJ) / 2 + PE
    Total System Jitter     (TSJ):    0.050ns
    Total Input Jitter      (TIJ):    0.000ns
    Discrete Jitter          (DJ):    0.000ns
    Phase Error              (PE):    0.000ns

    Location             Delay type                Incr(ns)  Path(ns)    Netlist Resource(s)
  -------------------------------------------------------------------    -------------------
                         (clock ap_clk rise edge)     0.000     0.000 r  
                                                      0.000     0.000 r  ap_clk (IN)
                         net (fo=7885, unset)         0.410     0.410    bd_0_i/hls_inst/inst/gmem0_m_axi_U/bus_read/rreq_burst_conv/burst_sequential/ap_clk
    SLICE_X71Y28         FDRE                                         r  bd_0_i/hls_inst/inst/gmem0_m_axi_U/bus_read/rreq_burst_conv/burst_sequential/could_multi_bursts.burst_addr_reg[7]/C
  -------------------------------------------------------------------    -------------------
    SLICE_X71Y28         FDRE (Prop_fdre_C_Q)         0.128     0.538 r  bd_0_i/hls_inst/inst/gmem0_m_axi_U/bus_read/rreq_burst_conv/burst_sequential/could_multi_bursts.burst_addr_reg[7]/Q
                         net (fo=4, unset)            0.410     0.948    m_axi_gmem0_araddr[7]
                                                                      r  m_axi_gmem0_araddr[7] (OUT)
  -------------------------------------------------------------------    -------------------

Slack:                    inf
  Source:                 bd_0_i/hls_inst/inst/gmem0_m_axi_U/bus_read/rreq_burst_conv/burst_sequential/could_multi_bursts.burst_len_reg[1]/C
                            (rising edge-triggered cell FDRE clocked by ap_clk  {rise@0.000ns fall@5.000ns period=10.000ns})
  Destination:            m_axi_gmem0_arlen[1]
                            (output port)
  Path Group:             (none)
  Path Type:              Min at Fast Process Corner
  Data Path Delay:        0.538ns  (logic 0.128ns (23.786%)  route 0.410ns (76.214%))
  Logic Levels:           0  
  Clock Uncertainty:      0.025ns  ((TSJ^2 + TIJ^2)^1/2 + DJ) / 2 + PE
    Total System Jitter     (TSJ):    0.050ns
    Total Input Jitter      (TIJ):    0.000ns
    Discrete Jitter          (DJ):    0.000ns
    Phase Error              (PE):    0.000ns

    Location             Delay type                Incr(ns)  Path(ns)    Netlist Resource(s)
  -------------------------------------------------------------------    -------------------
                         (clock ap_clk rise edge)     0.000     0.000 r  
                                                      0.000     0.000 r  ap_clk (IN)
                         net (fo=7885, unset)         0.410     0.410    bd_0_i/hls_inst/inst/gmem0_m_axi_U/bus_read/rreq_burst_conv/burst_sequential/ap_clk
    SLICE_X70Y27         FDRE                                         r  bd_0_i/hls_inst/inst/gmem0_m_axi_U/bus_read/rreq_burst_conv/burst_sequential/could_multi_bursts.burst_len_reg[1]/C
  -------------------------------------------------------------------    -------------------
    SLICE_X70Y27         FDRE (Prop_fdre_C_Q)         0.128     0.538 r  bd_0_i/hls_inst/inst/gmem0_m_axi_U/bus_read/rreq_burst_conv/burst_sequential/could_multi_bursts.burst_len_reg[1]/Q
                         net (fo=0)                   0.410     0.948    m_axi_gmem0_arlen[1]
                                                                      r  m_axi_gmem0_arlen[1] (OUT)
  -------------------------------------------------------------------    -------------------

Slack:                    inf
  Source:                 bd_0_i/hls_inst/inst/gmem0_m_axi_U/bus_read/rreq_burst_conv/burst_sequential/could_multi_bursts.burst_len_reg[3]/C
                            (rising edge-triggered cell FDRE clocked by ap_clk  {rise@0.000ns fall@5.000ns period=10.000ns})
  Destination:            m_axi_gmem0_arlen[3]
                            (output port)
  Path Group:             (none)
  Path Type:              Min at Fast Process Corner
  Data Path Delay:        0.538ns  (logic 0.128ns (23.786%)  route 0.410ns (76.214%))
  Logic Levels:           0  
  Clock Uncertainty:      0.025ns  ((TSJ^2 + TIJ^2)^1/2 + DJ) / 2 + PE
    Total System Jitter     (TSJ):    0.050ns
    Total Input Jitter      (TIJ):    0.000ns
    Discrete Jitter          (DJ):    0.000ns
    Phase Error              (PE):    0.000ns

    Location             Delay type                Incr(ns)  Path(ns)    Netlist Resource(s)
  -------------------------------------------------------------------    -------------------
                         (clock ap_clk rise edge)     0.000     0.000 r  
                                                      0.000     0.000 r  ap_clk (IN)
                         net (fo=7885, unset)         0.410     0.410    bd_0_i/hls_inst/inst/gmem0_m_axi_U/bus_read/rreq_burst_conv/burst_sequential/ap_clk
    SLICE_X70Y27         FDRE                                         r  bd_0_i/hls_inst/inst/gmem0_m_axi_U/bus_read/rreq_burst_conv/burst_sequential/could_multi_bursts.burst_len_reg[3]/C
  -------------------------------------------------------------------    -------------------
    SLICE_X70Y27         FDRE (Prop_fdre_C_Q)         0.128     0.538 r  bd_0_i/hls_inst/inst/gmem0_m_axi_U/bus_read/rreq_burst_conv/burst_sequential/could_multi_bursts.burst_len_reg[3]/Q
                         net (fo=0)                   0.410     0.948    m_axi_gmem0_arlen[3]
                                                                      r  m_axi_gmem0_arlen[3] (OUT)
  -------------------------------------------------------------------    -------------------

Slack:                    inf
  Source:                 bd_0_i/hls_inst/inst/gmem0_m_axi_U/bus_write/rs_resp/s_ready_t_reg/C
                            (rising edge-triggered cell FDRE clocked by ap_clk  {rise@0.000ns fall@5.000ns period=10.000ns})
  Destination:            m_axi_gmem0_bready
                            (output port)
  Path Group:             (none)
  Path Type:              Min at Fast Process Corner
  Data Path Delay:        0.538ns  (logic 0.128ns (23.786%)  route 0.410ns (76.214%))
  Logic Levels:           0  
  Clock Uncertainty:      0.025ns  ((TSJ^2 + TIJ^2)^1/2 + DJ) / 2 + PE
    Total System Jitter     (TSJ):    0.050ns
    Total Input Jitter      (TIJ):    0.000ns
    Discrete Jitter          (DJ):    0.000ns
    Phase Error              (PE):    0.000ns

    Location             Delay type                Incr(ns)  Path(ns)    Netlist Resource(s)
  -------------------------------------------------------------------    -------------------
                         (clock ap_clk rise edge)     0.000     0.000 r  
                                                      0.000     0.000 r  ap_clk (IN)
                         net (fo=7885, unset)         0.410     0.410    bd_0_i/hls_inst/inst/gmem0_m_axi_U/bus_write/rs_resp/ap_clk
    SLICE_X51Y28         FDRE                                         r  bd_0_i/hls_inst/inst/gmem0_m_axi_U/bus_write/rs_resp/s_ready_t_reg/C
  -------------------------------------------------------------------    -------------------
    SLICE_X51Y28         FDRE (Prop_fdre_C_Q)         0.128     0.538 r  bd_0_i/hls_inst/inst/gmem0_m_axi_U/bus_write/rs_resp/s_ready_t_reg/Q
                         net (fo=3, unset)            0.410     0.948    m_axi_gmem0_bready
                                                                      r  m_axi_gmem0_bready (OUT)
  -------------------------------------------------------------------    -------------------





--------------------------------------------------------------------------------------
Path Group:  (none)
From Clock:  
  To Clock:  ap_clk

Max Delay          6509 Endpoints
Min Delay          6509 Endpoints
--------------------------------------------------------------------------------------


Max Delay Paths
--------------------------------------------------------------------------------------
Slack:                    inf
  Source:                 ap_rst_n
                            (input port)
  Destination:            bd_0_i/hls_inst/inst/grp_pool_1_fu_795/grp_pool_1_Pipeline_CO_LOOP_H_LOOP_W_LOOP_fu_110_ap_start_reg_reg/R
                            (rising edge-triggered cell FDRE clocked by ap_clk  {rise@0.000ns fall@5.000ns period=10.000ns})
  Path Group:             (none)
  Path Type:              Setup (Max at Slow Process Corner)
  Data Path Delay:        14.869ns  (logic 0.124ns (0.834%)  route 14.745ns (99.166%))
  Logic Levels:           1  (LUT1=1)
  Clock Path Skew:        0.924ns (DCD - SCD + CPR)
    Destination Clock Delay (DCD):    0.924ns
    Source Clock Delay      (SCD):    0.000ns
    Clock Pessimism Removal (CPR):    0.000ns
  Clock Uncertainty:      0.025ns  ((TSJ^2 + TIJ^2)^1/2 + DJ) / 2 + PE
    Total System Jitter     (TSJ):    0.050ns
    Total Input Jitter      (TIJ):    0.000ns
    Discrete Jitter          (DJ):    0.000ns
    Phase Error              (PE):    0.000ns

    Location             Delay type                Incr(ns)  Path(ns)    Netlist Resource(s)
  -------------------------------------------------------------------    -------------------
                                                      0.000     0.000 f  ap_rst_n (IN)
                         net (fo=54, unset)           0.973     0.973    bd_0_i/hls_inst/inst/gmem0_m_axi_U/bus_write/wreq_burst_conv/burst_sequential/rs_req/ap_rst_n
    SLICE_X26Y59         LUT1 (Prop_lut1_I0_O)        0.124     1.097 r  bd_0_i/hls_inst/inst/gmem0_m_axi_U/bus_write/wreq_burst_conv/burst_sequential/rs_req/state[0]_i_1__7/O
                         net (fo=3117, routed)       13.772    14.869    bd_0_i/hls_inst/inst/grp_pool_1_fu_795/ap_rst_n_inv
    SLICE_X41Y4          FDRE                                         r  bd_0_i/hls_inst/inst/grp_pool_1_fu_795/grp_pool_1_Pipeline_CO_LOOP_H_LOOP_W_LOOP_fu_110_ap_start_reg_reg/R
  -------------------------------------------------------------------    -------------------

                         (clock ap_clk rise edge)     0.000     0.000 r  
                                                      0.000     0.000 r  ap_clk (IN)
                         net (fo=7885, unset)         0.924     0.924    bd_0_i/hls_inst/inst/grp_pool_1_fu_795/ap_clk
    SLICE_X41Y4          FDRE                                         r  bd_0_i/hls_inst/inst/grp_pool_1_fu_795/grp_pool_1_Pipeline_CO_LOOP_H_LOOP_W_LOOP_fu_110_ap_start_reg_reg/C

Slack:                    inf
  Source:                 ap_rst_n
                            (input port)
  Destination:            bd_0_i/hls_inst/inst/grp_pool_1_fu_795/grp_pool_1_Pipeline_CO_LOOP_H_LOOP_W_LOOP_fu_110/ap_enable_reg_pp0_iter2_reg/R
                            (rising edge-triggered cell FDRE clocked by ap_clk  {rise@0.000ns fall@5.000ns period=10.000ns})
  Path Group:             (none)
  Path Type:              Setup (Max at Slow Process Corner)
  Data Path Delay:        14.435ns  (logic 0.124ns (0.859%)  route 14.311ns (99.141%))
  Logic Levels:           1  (LUT1=1)
  Clock Path Skew:        0.924ns (DCD - SCD + CPR)
    Destination Clock Delay (DCD):    0.924ns
    Source Clock Delay      (SCD):    0.000ns
    Clock Pessimism Removal (CPR):    0.000ns
  Clock Uncertainty:      0.025ns  ((TSJ^2 + TIJ^2)^1/2 + DJ) / 2 + PE
    Total System Jitter     (TSJ):    0.050ns
    Total Input Jitter      (TIJ):    0.000ns
    Discrete Jitter          (DJ):    0.000ns
    Phase Error              (PE):    0.000ns

    Location             Delay type                Incr(ns)  Path(ns)    Netlist Resource(s)
  -------------------------------------------------------------------    -------------------
                                                      0.000     0.000 f  ap_rst_n (IN)
                         net (fo=54, unset)           0.973     0.973    bd_0_i/hls_inst/inst/gmem0_m_axi_U/bus_write/wreq_burst_conv/burst_sequential/rs_req/ap_rst_n
    SLICE_X26Y59         LUT1 (Prop_lut1_I0_O)        0.124     1.097 r  bd_0_i/hls_inst/inst/gmem0_m_axi_U/bus_write/wreq_burst_conv/burst_sequential/rs_req/state[0]_i_1__7/O
                         net (fo=3117, routed)       13.338    14.435    bd_0_i/hls_inst/inst/grp_pool_1_fu_795/grp_pool_1_Pipeline_CO_LOOP_H_LOOP_W_LOOP_fu_110/ap_rst_n_inv
    SLICE_X39Y6          FDRE                                         r  bd_0_i/hls_inst/inst/grp_pool_1_fu_795/grp_pool_1_Pipeline_CO_LOOP_H_LOOP_W_LOOP_fu_110/ap_enable_reg_pp0_iter2_reg/R
  -------------------------------------------------------------------    -------------------

                         (clock ap_clk rise edge)     0.000     0.000 r  
                                                      0.000     0.000 r  ap_clk (IN)
                         net (fo=7885, unset)         0.924     0.924    bd_0_i/hls_inst/inst/grp_pool_1_fu_795/grp_pool_1_Pipeline_CO_LOOP_H_LOOP_W_LOOP_fu_110/ap_clk
    SLICE_X39Y6          FDRE                                         r  bd_0_i/hls_inst/inst/grp_pool_1_fu_795/grp_pool_1_Pipeline_CO_LOOP_H_LOOP_W_LOOP_fu_110/ap_enable_reg_pp0_iter2_reg/C

Slack:                    inf
  Source:                 ap_rst_n
                            (input port)
  Destination:            bd_0_i/hls_inst/inst/grp_pool_1_fu_795/grp_pool_1_Pipeline_CO_LOOP_H_LOOP_W_LOOP_fu_110/ap_enable_reg_pp0_iter3_reg/R
                            (rising edge-triggered cell FDRE clocked by ap_clk  {rise@0.000ns fall@5.000ns period=10.000ns})
  Path Group:             (none)
  Path Type:              Setup (Max at Slow Process Corner)
  Data Path Delay:        14.435ns  (logic 0.124ns (0.859%)  route 14.311ns (99.141%))
  Logic Levels:           1  (LUT1=1)
  Clock Path Skew:        0.924ns (DCD - SCD + CPR)
    Destination Clock Delay (DCD):    0.924ns
    Source Clock Delay      (SCD):    0.000ns
    Clock Pessimism Removal (CPR):    0.000ns
  Clock Uncertainty:      0.025ns  ((TSJ^2 + TIJ^2)^1/2 + DJ) / 2 + PE
    Total System Jitter     (TSJ):    0.050ns
    Total Input Jitter      (TIJ):    0.000ns
    Discrete Jitter          (DJ):    0.000ns
    Phase Error              (PE):    0.000ns

    Location             Delay type                Incr(ns)  Path(ns)    Netlist Resource(s)
  -------------------------------------------------------------------    -------------------
                                                      0.000     0.000 f  ap_rst_n (IN)
                         net (fo=54, unset)           0.973     0.973    bd_0_i/hls_inst/inst/gmem0_m_axi_U/bus_write/wreq_burst_conv/burst_sequential/rs_req/ap_rst_n
    SLICE_X26Y59         LUT1 (Prop_lut1_I0_O)        0.124     1.097 r  bd_0_i/hls_inst/inst/gmem0_m_axi_U/bus_write/wreq_burst_conv/burst_sequential/rs_req/state[0]_i_1__7/O
                         net (fo=3117, routed)       13.338    14.435    bd_0_i/hls_inst/inst/grp_pool_1_fu_795/grp_pool_1_Pipeline_CO_LOOP_H_LOOP_W_LOOP_fu_110/ap_rst_n_inv
    SLICE_X39Y6          FDRE                                         r  bd_0_i/hls_inst/inst/grp_pool_1_fu_795/grp_pool_1_Pipeline_CO_LOOP_H_LOOP_W_LOOP_fu_110/ap_enable_reg_pp0_iter3_reg/R
  -------------------------------------------------------------------    -------------------

                         (clock ap_clk rise edge)     0.000     0.000 r  
                                                      0.000     0.000 r  ap_clk (IN)
                         net (fo=7885, unset)         0.924     0.924    bd_0_i/hls_inst/inst/grp_pool_1_fu_795/grp_pool_1_Pipeline_CO_LOOP_H_LOOP_W_LOOP_fu_110/ap_clk
    SLICE_X39Y6          FDRE                                         r  bd_0_i/hls_inst/inst/grp_pool_1_fu_795/grp_pool_1_Pipeline_CO_LOOP_H_LOOP_W_LOOP_fu_110/ap_enable_reg_pp0_iter3_reg/C

Slack:                    inf
  Source:                 ap_rst_n
                            (input port)
  Destination:            bd_0_i/hls_inst/inst/grp_pool_1_fu_795/grp_pool_1_Pipeline_CO_LOOP_H_LOOP_W_LOOP_fu_110/ap_enable_reg_pp0_iter4_reg/R
                            (rising edge-triggered cell FDRE clocked by ap_clk  {rise@0.000ns fall@5.000ns period=10.000ns})
  Path Group:             (none)
  Path Type:              Setup (Max at Slow Process Corner)
  Data Path Delay:        14.435ns  (logic 0.124ns (0.859%)  route 14.311ns (99.141%))
  Logic Levels:           1  (LUT1=1)
  Clock Path Skew:        0.924ns (DCD - SCD + CPR)
    Destination Clock Delay (DCD):    0.924ns
    Source Clock Delay      (SCD):    0.000ns
    Clock Pessimism Removal (CPR):    0.000ns
  Clock Uncertainty:      0.025ns  ((TSJ^2 + TIJ^2)^1/2 + DJ) / 2 + PE
    Total System Jitter     (TSJ):    0.050ns
    Total Input Jitter      (TIJ):    0.000ns
    Discrete Jitter          (DJ):    0.000ns
    Phase Error              (PE):    0.000ns

    Location             Delay type                Incr(ns)  Path(ns)    Netlist Resource(s)
  -------------------------------------------------------------------    -------------------
                                                      0.000     0.000 f  ap_rst_n (IN)
                         net (fo=54, unset)           0.973     0.973    bd_0_i/hls_inst/inst/gmem0_m_axi_U/bus_write/wreq_burst_conv/burst_sequential/rs_req/ap_rst_n
    SLICE_X26Y59         LUT1 (Prop_lut1_I0_O)        0.124     1.097 r  bd_0_i/hls_inst/inst/gmem0_m_axi_U/bus_write/wreq_burst_conv/burst_sequential/rs_req/state[0]_i_1__7/O
                         net (fo=3117, routed)       13.338    14.435    bd_0_i/hls_inst/inst/grp_pool_1_fu_795/grp_pool_1_Pipeline_CO_LOOP_H_LOOP_W_LOOP_fu_110/ap_rst_n_inv
    SLICE_X38Y6          FDRE                                         r  bd_0_i/hls_inst/inst/grp_pool_1_fu_795/grp_pool_1_Pipeline_CO_LOOP_H_LOOP_W_LOOP_fu_110/ap_enable_reg_pp0_iter4_reg/R
  -------------------------------------------------------------------    -------------------

                         (clock ap_clk rise edge)     0.000     0.000 r  
                                                      0.000     0.000 r  ap_clk (IN)
                         net (fo=7885, unset)         0.924     0.924    bd_0_i/hls_inst/inst/grp_pool_1_fu_795/grp_pool_1_Pipeline_CO_LOOP_H_LOOP_W_LOOP_fu_110/ap_clk
    SLICE_X38Y6          FDRE                                         r  bd_0_i/hls_inst/inst/grp_pool_1_fu_795/grp_pool_1_Pipeline_CO_LOOP_H_LOOP_W_LOOP_fu_110/ap_enable_reg_pp0_iter4_reg/C

Slack:                    inf
  Source:                 ap_rst_n
                            (input port)
  Destination:            bd_0_i/hls_inst/inst/grp_pool_1_fu_795/grp_pool_1_Pipeline_CO_LOOP_H_LOOP_W_LOOP_fu_110/ap_enable_reg_pp0_iter5_reg/R
                            (rising edge-triggered cell FDRE clocked by ap_clk  {rise@0.000ns fall@5.000ns period=10.000ns})
  Path Group:             (none)
  Path Type:              Setup (Max at Slow Process Corner)
  Data Path Delay:        14.435ns  (logic 0.124ns (0.859%)  route 14.311ns (99.141%))
  Logic Levels:           1  (LUT1=1)
  Clock Path Skew:        0.924ns (DCD - SCD + CPR)
    Destination Clock Delay (DCD):    0.924ns
    Source Clock Delay      (SCD):    0.000ns
    Clock Pessimism Removal (CPR):    0.000ns
  Clock Uncertainty:      0.025ns  ((TSJ^2 + TIJ^2)^1/2 + DJ) / 2 + PE
    Total System Jitter     (TSJ):    0.050ns
    Total Input Jitter      (TIJ):    0.000ns
    Discrete Jitter          (DJ):    0.000ns
    Phase Error              (PE):    0.000ns

    Location             Delay type                Incr(ns)  Path(ns)    Netlist Resource(s)
  -------------------------------------------------------------------    -------------------
                                                      0.000     0.000 f  ap_rst_n (IN)
                         net (fo=54, unset)           0.973     0.973    bd_0_i/hls_inst/inst/gmem0_m_axi_U/bus_write/wreq_burst_conv/burst_sequential/rs_req/ap_rst_n
    SLICE_X26Y59         LUT1 (Prop_lut1_I0_O)        0.124     1.097 r  bd_0_i/hls_inst/inst/gmem0_m_axi_U/bus_write/wreq_burst_conv/burst_sequential/rs_req/state[0]_i_1__7/O
                         net (fo=3117, routed)       13.338    14.435    bd_0_i/hls_inst/inst/grp_pool_1_fu_795/grp_pool_1_Pipeline_CO_LOOP_H_LOOP_W_LOOP_fu_110/ap_rst_n_inv
    SLICE_X38Y6          FDRE                                         r  bd_0_i/hls_inst/inst/grp_pool_1_fu_795/grp_pool_1_Pipeline_CO_LOOP_H_LOOP_W_LOOP_fu_110/ap_enable_reg_pp0_iter5_reg/R
  -------------------------------------------------------------------    -------------------

                         (clock ap_clk rise edge)     0.000     0.000 r  
                                                      0.000     0.000 r  ap_clk (IN)
                         net (fo=7885, unset)         0.924     0.924    bd_0_i/hls_inst/inst/grp_pool_1_fu_795/grp_pool_1_Pipeline_CO_LOOP_H_LOOP_W_LOOP_fu_110/ap_clk
    SLICE_X38Y6          FDRE                                         r  bd_0_i/hls_inst/inst/grp_pool_1_fu_795/grp_pool_1_Pipeline_CO_LOOP_H_LOOP_W_LOOP_fu_110/ap_enable_reg_pp0_iter5_reg/C

Slack:                    inf
  Source:                 ap_rst_n
                            (input port)
  Destination:            bd_0_i/hls_inst/inst/grp_pool_1_fu_795/grp_pool_1_Pipeline_CO_LOOP_H_LOOP_W_LOOP_fu_110/ap_enable_reg_pp0_iter6_reg/R
                            (rising edge-triggered cell FDRE clocked by ap_clk  {rise@0.000ns fall@5.000ns period=10.000ns})
  Path Group:             (none)
  Path Type:              Setup (Max at Slow Process Corner)
  Data Path Delay:        14.435ns  (logic 0.124ns (0.859%)  route 14.311ns (99.141%))
  Logic Levels:           1  (LUT1=1)
  Clock Path Skew:        0.924ns (DCD - SCD + CPR)
    Destination Clock Delay (DCD):    0.924ns
    Source Clock Delay      (SCD):    0.000ns
    Clock Pessimism Removal (CPR):    0.000ns
  Clock Uncertainty:      0.025ns  ((TSJ^2 + TIJ^2)^1/2 + DJ) / 2 + PE
    Total System Jitter     (TSJ):    0.050ns
    Total Input Jitter      (TIJ):    0.000ns
    Discrete Jitter          (DJ):    0.000ns
    Phase Error              (PE):    0.000ns

    Location             Delay type                Incr(ns)  Path(ns)    Netlist Resource(s)
  -------------------------------------------------------------------    -------------------
                                                      0.000     0.000 f  ap_rst_n (IN)
                         net (fo=54, unset)           0.973     0.973    bd_0_i/hls_inst/inst/gmem0_m_axi_U/bus_write/wreq_burst_conv/burst_sequential/rs_req/ap_rst_n
    SLICE_X26Y59         LUT1 (Prop_lut1_I0_O)        0.124     1.097 r  bd_0_i/hls_inst/inst/gmem0_m_axi_U/bus_write/wreq_burst_conv/burst_sequential/rs_req/state[0]_i_1__7/O
                         net (fo=3117, routed)       13.338    14.435    bd_0_i/hls_inst/inst/grp_pool_1_fu_795/grp_pool_1_Pipeline_CO_LOOP_H_LOOP_W_LOOP_fu_110/ap_rst_n_inv
    SLICE_X38Y6          FDRE                                         r  bd_0_i/hls_inst/inst/grp_pool_1_fu_795/grp_pool_1_Pipeline_CO_LOOP_H_LOOP_W_LOOP_fu_110/ap_enable_reg_pp0_iter6_reg/R
  -------------------------------------------------------------------    -------------------

                         (clock ap_clk rise edge)     0.000     0.000 r  
                                                      0.000     0.000 r  ap_clk (IN)
                         net (fo=7885, unset)         0.924     0.924    bd_0_i/hls_inst/inst/grp_pool_1_fu_795/grp_pool_1_Pipeline_CO_LOOP_H_LOOP_W_LOOP_fu_110/ap_clk
    SLICE_X38Y6          FDRE                                         r  bd_0_i/hls_inst/inst/grp_pool_1_fu_795/grp_pool_1_Pipeline_CO_LOOP_H_LOOP_W_LOOP_fu_110/ap_enable_reg_pp0_iter6_reg/C

Slack:                    inf
  Source:                 ap_rst_n
                            (input port)
  Destination:            bd_0_i/hls_inst/inst/grp_pool_1_fu_795/grp_pool_1_Pipeline_CO_LOOP_H_LOOP_W_LOOP_fu_110/ap_enable_reg_pp0_iter7_reg/R
                            (rising edge-triggered cell FDRE clocked by ap_clk  {rise@0.000ns fall@5.000ns period=10.000ns})
  Path Group:             (none)
  Path Type:              Setup (Max at Slow Process Corner)
  Data Path Delay:        14.435ns  (logic 0.124ns (0.859%)  route 14.311ns (99.141%))
  Logic Levels:           1  (LUT1=1)
  Clock Path Skew:        0.924ns (DCD - SCD + CPR)
    Destination Clock Delay (DCD):    0.924ns
    Source Clock Delay      (SCD):    0.000ns
    Clock Pessimism Removal (CPR):    0.000ns
  Clock Uncertainty:      0.025ns  ((TSJ^2 + TIJ^2)^1/2 + DJ) / 2 + PE
    Total System Jitter     (TSJ):    0.050ns
    Total Input Jitter      (TIJ):    0.000ns
    Discrete Jitter          (DJ):    0.000ns
    Phase Error              (PE):    0.000ns

    Location             Delay type                Incr(ns)  Path(ns)    Netlist Resource(s)
  -------------------------------------------------------------------    -------------------
                                                      0.000     0.000 f  ap_rst_n (IN)
                         net (fo=54, unset)           0.973     0.973    bd_0_i/hls_inst/inst/gmem0_m_axi_U/bus_write/wreq_burst_conv/burst_sequential/rs_req/ap_rst_n
    SLICE_X26Y59         LUT1 (Prop_lut1_I0_O)        0.124     1.097 r  bd_0_i/hls_inst/inst/gmem0_m_axi_U/bus_write/wreq_burst_conv/burst_sequential/rs_req/state[0]_i_1__7/O
                         net (fo=3117, routed)       13.338    14.435    bd_0_i/hls_inst/inst/grp_pool_1_fu_795/grp_pool_1_Pipeline_CO_LOOP_H_LOOP_W_LOOP_fu_110/ap_rst_n_inv
    SLICE_X38Y6          FDRE                                         r  bd_0_i/hls_inst/inst/grp_pool_1_fu_795/grp_pool_1_Pipeline_CO_LOOP_H_LOOP_W_LOOP_fu_110/ap_enable_reg_pp0_iter7_reg/R
  -------------------------------------------------------------------    -------------------

                         (clock ap_clk rise edge)     0.000     0.000 r  
                                                      0.000     0.000 r  ap_clk (IN)
                         net (fo=7885, unset)         0.924     0.924    bd_0_i/hls_inst/inst/grp_pool_1_fu_795/grp_pool_1_Pipeline_CO_LOOP_H_LOOP_W_LOOP_fu_110/ap_clk
    SLICE_X38Y6          FDRE                                         r  bd_0_i/hls_inst/inst/grp_pool_1_fu_795/grp_pool_1_Pipeline_CO_LOOP_H_LOOP_W_LOOP_fu_110/ap_enable_reg_pp0_iter7_reg/C

Slack:                    inf
  Source:                 ap_rst_n
                            (input port)
  Destination:            bd_0_i/hls_inst/inst/grp_conv2_fu_717/ap_CS_fsm_reg[33]/R
                            (rising edge-triggered cell FDRE clocked by ap_clk  {rise@0.000ns fall@5.000ns period=10.000ns})
  Path Group:             (none)
  Path Type:              Setup (Max at Slow Process Corner)
  Data Path Delay:        14.153ns  (logic 0.124ns (0.876%)  route 14.029ns (99.124%))
  Logic Levels:           1  (LUT1=1)
  Clock Path Skew:        0.924ns (DCD - SCD + CPR)
    Destination Clock Delay (DCD):    0.924ns
    Source Clock Delay      (SCD):    0.000ns
    Clock Pessimism Removal (CPR):    0.000ns
  Clock Uncertainty:      0.025ns  ((TSJ^2 + TIJ^2)^1/2 + DJ) / 2 + PE
    Total System Jitter     (TSJ):    0.050ns
    Total Input Jitter      (TIJ):    0.000ns
    Discrete Jitter          (DJ):    0.000ns
    Phase Error              (PE):    0.000ns

    Location             Delay type                Incr(ns)  Path(ns)    Netlist Resource(s)
  -------------------------------------------------------------------    -------------------
                                                      0.000     0.000 f  ap_rst_n (IN)
                         net (fo=54, unset)           0.973     0.973    bd_0_i/hls_inst/inst/gmem0_m_axi_U/bus_write/wreq_burst_conv/burst_sequential/rs_req/ap_rst_n
    SLICE_X26Y59         LUT1 (Prop_lut1_I0_O)        0.124     1.097 r  bd_0_i/hls_inst/inst/gmem0_m_axi_U/bus_write/wreq_burst_conv/burst_sequential/rs_req/state[0]_i_1__7/O
                         net (fo=3117, routed)       13.056    14.153    bd_0_i/hls_inst/inst/grp_conv2_fu_717/ap_rst_n_inv
    SLICE_X67Y11         FDRE                                         r  bd_0_i/hls_inst/inst/grp_conv2_fu_717/ap_CS_fsm_reg[33]/R
  -------------------------------------------------------------------    -------------------

                         (clock ap_clk rise edge)     0.000     0.000 r  
                                                      0.000     0.000 r  ap_clk (IN)
                         net (fo=7885, unset)         0.924     0.924    bd_0_i/hls_inst/inst/grp_conv2_fu_717/ap_clk
    SLICE_X67Y11         FDRE                                         r  bd_0_i/hls_inst/inst/grp_conv2_fu_717/ap_CS_fsm_reg[33]/C

Slack:                    inf
  Source:                 ap_rst_n
                            (input port)
  Destination:            bd_0_i/hls_inst/inst/grp_pool_1_fu_795/grp_pool_1_Pipeline_CO_LOOP_H_LOOP_W_LOOP_fu_110/ap_enable_reg_pp0_iter16_reg/R
                            (rising edge-triggered cell FDRE clocked by ap_clk  {rise@0.000ns fall@5.000ns period=10.000ns})
  Path Group:             (none)
  Path Type:              Setup (Max at Slow Process Corner)
  Data Path Delay:        14.131ns  (logic 0.124ns (0.877%)  route 14.007ns (99.123%))
  Logic Levels:           1  (LUT1=1)
  Clock Path Skew:        0.924ns (DCD - SCD + CPR)
    Destination Clock Delay (DCD):    0.924ns
    Source Clock Delay      (SCD):    0.000ns
    Clock Pessimism Removal (CPR):    0.000ns
  Clock Uncertainty:      0.025ns  ((TSJ^2 + TIJ^2)^1/2 + DJ) / 2 + PE
    Total System Jitter     (TSJ):    0.050ns
    Total Input Jitter      (TIJ):    0.000ns
    Discrete Jitter          (DJ):    0.000ns
    Phase Error              (PE):    0.000ns

    Location             Delay type                Incr(ns)  Path(ns)    Netlist Resource(s)
  -------------------------------------------------------------------    -------------------
                                                      0.000     0.000 f  ap_rst_n (IN)
                         net (fo=54, unset)           0.973     0.973    bd_0_i/hls_inst/inst/gmem0_m_axi_U/bus_write/wreq_burst_conv/burst_sequential/rs_req/ap_rst_n
    SLICE_X26Y59         LUT1 (Prop_lut1_I0_O)        0.124     1.097 r  bd_0_i/hls_inst/inst/gmem0_m_axi_U/bus_write/wreq_burst_conv/burst_sequential/rs_req/state[0]_i_1__7/O
                         net (fo=3117, routed)       13.034    14.131    bd_0_i/hls_inst/inst/grp_pool_1_fu_795/grp_pool_1_Pipeline_CO_LOOP_H_LOOP_W_LOOP_fu_110/ap_rst_n_inv
    SLICE_X36Y6          FDRE                                         r  bd_0_i/hls_inst/inst/grp_pool_1_fu_795/grp_pool_1_Pipeline_CO_LOOP_H_LOOP_W_LOOP_fu_110/ap_enable_reg_pp0_iter16_reg/R
  -------------------------------------------------------------------    -------------------

                         (clock ap_clk rise edge)     0.000     0.000 r  
                                                      0.000     0.000 r  ap_clk (IN)
                         net (fo=7885, unset)         0.924     0.924    bd_0_i/hls_inst/inst/grp_pool_1_fu_795/grp_pool_1_Pipeline_CO_LOOP_H_LOOP_W_LOOP_fu_110/ap_clk
    SLICE_X36Y6          FDRE                                         r  bd_0_i/hls_inst/inst/grp_pool_1_fu_795/grp_pool_1_Pipeline_CO_LOOP_H_LOOP_W_LOOP_fu_110/ap_enable_reg_pp0_iter16_reg/C

Slack:                    inf
  Source:                 ap_rst_n
                            (input port)
  Destination:            bd_0_i/hls_inst/inst/grp_pool_1_fu_795/grp_pool_1_Pipeline_CO_LOOP_H_LOOP_W_LOOP_fu_110/ap_enable_reg_pp0_iter17_reg/R
                            (rising edge-triggered cell FDRE clocked by ap_clk  {rise@0.000ns fall@5.000ns period=10.000ns})
  Path Group:             (none)
  Path Type:              Setup (Max at Slow Process Corner)
  Data Path Delay:        14.131ns  (logic 0.124ns (0.877%)  route 14.007ns (99.123%))
  Logic Levels:           1  (LUT1=1)
  Clock Path Skew:        0.924ns (DCD - SCD + CPR)
    Destination Clock Delay (DCD):    0.924ns
    Source Clock Delay      (SCD):    0.000ns
    Clock Pessimism Removal (CPR):    0.000ns
  Clock Uncertainty:      0.025ns  ((TSJ^2 + TIJ^2)^1/2 + DJ) / 2 + PE
    Total System Jitter     (TSJ):    0.050ns
    Total Input Jitter      (TIJ):    0.000ns
    Discrete Jitter          (DJ):    0.000ns
    Phase Error              (PE):    0.000ns

    Location             Delay type                Incr(ns)  Path(ns)    Netlist Resource(s)
  -------------------------------------------------------------------    -------------------
                                                      0.000     0.000 f  ap_rst_n (IN)
                         net (fo=54, unset)           0.973     0.973    bd_0_i/hls_inst/inst/gmem0_m_axi_U/bus_write/wreq_burst_conv/burst_sequential/rs_req/ap_rst_n
    SLICE_X26Y59         LUT1 (Prop_lut1_I0_O)        0.124     1.097 r  bd_0_i/hls_inst/inst/gmem0_m_axi_U/bus_write/wreq_burst_conv/burst_sequential/rs_req/state[0]_i_1__7/O
                         net (fo=3117, routed)       13.034    14.131    bd_0_i/hls_inst/inst/grp_pool_1_fu_795/grp_pool_1_Pipeline_CO_LOOP_H_LOOP_W_LOOP_fu_110/ap_rst_n_inv
    SLICE_X36Y6          FDRE                                         r  bd_0_i/hls_inst/inst/grp_pool_1_fu_795/grp_pool_1_Pipeline_CO_LOOP_H_LOOP_W_LOOP_fu_110/ap_enable_reg_pp0_iter17_reg/R
  -------------------------------------------------------------------    -------------------

                         (clock ap_clk rise edge)     0.000     0.000 r  
                                                      0.000     0.000 r  ap_clk (IN)
                         net (fo=7885, unset)         0.924     0.924    bd_0_i/hls_inst/inst/grp_pool_1_fu_795/grp_pool_1_Pipeline_CO_LOOP_H_LOOP_W_LOOP_fu_110/ap_clk
    SLICE_X36Y6          FDRE                                         r  bd_0_i/hls_inst/inst/grp_pool_1_fu_795/grp_pool_1_Pipeline_CO_LOOP_H_LOOP_W_LOOP_fu_110/ap_enable_reg_pp0_iter17_reg/C





Min Delay Paths
--------------------------------------------------------------------------------------
Slack:                    inf
  Source:                 s_axi_control_awaddr[2]
                            (input port)
  Destination:            bd_0_i/hls_inst/inst/control_s_axi_U/waddr_reg[2]/D
                            (rising edge-triggered cell FDRE clocked by ap_clk  {rise@0.000ns fall@5.000ns period=10.000ns})
  Path Group:             (none)
  Path Type:              Hold (Min at Fast Process Corner)
  Data Path Delay:        0.410ns  (logic 0.000ns (0.000%)  route 0.410ns (100.000%))
  Logic Levels:           0  
  Clock Path Skew:        0.432ns (DCD - SCD - CPR)
    Destination Clock Delay (DCD):    0.432ns
    Source Clock Delay      (SCD):    0.000ns
    Clock Pessimism Removal (CPR):    -0.000ns

    Location             Delay type                Incr(ns)  Path(ns)    Netlist Resource(s)
  -------------------------------------------------------------------    -------------------
                                                      0.000     0.000 r  s_axi_control_awaddr[2] (IN)
                         net (fo=0)                   0.410     0.410    bd_0_i/hls_inst/inst/control_s_axi_U/s_axi_control_AWADDR[0]
    SLICE_X66Y38         FDRE                                         r  bd_0_i/hls_inst/inst/control_s_axi_U/waddr_reg[2]/D
  -------------------------------------------------------------------    -------------------

                         (clock ap_clk rise edge)     0.000     0.000 r  
                                                      0.000     0.000 r  ap_clk (IN)
                         net (fo=7885, unset)         0.432     0.432    bd_0_i/hls_inst/inst/control_s_axi_U/ap_clk
    SLICE_X66Y38         FDRE                                         r  bd_0_i/hls_inst/inst/control_s_axi_U/waddr_reg[2]/C

Slack:                    inf
  Source:                 s_axi_control_awaddr[3]
                            (input port)
  Destination:            bd_0_i/hls_inst/inst/control_s_axi_U/waddr_reg[3]/D
                            (rising edge-triggered cell FDRE clocked by ap_clk  {rise@0.000ns fall@5.000ns period=10.000ns})
  Path Group:             (none)
  Path Type:              Hold (Min at Fast Process Corner)
  Data Path Delay:        0.410ns  (logic 0.000ns (0.000%)  route 0.410ns (100.000%))
  Logic Levels:           0  
  Clock Path Skew:        0.432ns (DCD - SCD - CPR)
    Destination Clock Delay (DCD):    0.432ns
    Source Clock Delay      (SCD):    0.000ns
    Clock Pessimism Removal (CPR):    -0.000ns

    Location             Delay type                Incr(ns)  Path(ns)    Netlist Resource(s)
  -------------------------------------------------------------------    -------------------
                                                      0.000     0.000 r  s_axi_control_awaddr[3] (IN)
                         net (fo=0)                   0.410     0.410    bd_0_i/hls_inst/inst/control_s_axi_U/s_axi_control_AWADDR[1]
    SLICE_X65Y39         FDRE                                         r  bd_0_i/hls_inst/inst/control_s_axi_U/waddr_reg[3]/D
  -------------------------------------------------------------------    -------------------

                         (clock ap_clk rise edge)     0.000     0.000 r  
                                                      0.000     0.000 r  ap_clk (IN)
                         net (fo=7885, unset)         0.432     0.432    bd_0_i/hls_inst/inst/control_s_axi_U/ap_clk
    SLICE_X65Y39         FDRE                                         r  bd_0_i/hls_inst/inst/control_s_axi_U/waddr_reg[3]/C

Slack:                    inf
  Source:                 s_axi_control_awaddr[4]
                            (input port)
  Destination:            bd_0_i/hls_inst/inst/control_s_axi_U/waddr_reg[4]/D
                            (rising edge-triggered cell FDRE clocked by ap_clk  {rise@0.000ns fall@5.000ns period=10.000ns})
  Path Group:             (none)
  Path Type:              Hold (Min at Fast Process Corner)
  Data Path Delay:        0.410ns  (logic 0.000ns (0.000%)  route 0.410ns (100.000%))
  Logic Levels:           0  
  Clock Path Skew:        0.432ns (DCD - SCD - CPR)
    Destination Clock Delay (DCD):    0.432ns
    Source Clock Delay      (SCD):    0.000ns
    Clock Pessimism Removal (CPR):    -0.000ns

    Location             Delay type                Incr(ns)  Path(ns)    Netlist Resource(s)
  -------------------------------------------------------------------    -------------------
                                                      0.000     0.000 r  s_axi_control_awaddr[4] (IN)
                         net (fo=0)                   0.410     0.410    bd_0_i/hls_inst/inst/control_s_axi_U/s_axi_control_AWADDR[2]
    SLICE_X65Y39         FDRE                                         r  bd_0_i/hls_inst/inst/control_s_axi_U/waddr_reg[4]/D
  -------------------------------------------------------------------    -------------------

                         (clock ap_clk rise edge)     0.000     0.000 r  
                                                      0.000     0.000 r  ap_clk (IN)
                         net (fo=7885, unset)         0.432     0.432    bd_0_i/hls_inst/inst/control_s_axi_U/ap_clk
    SLICE_X65Y39         FDRE                                         r  bd_0_i/hls_inst/inst/control_s_axi_U/waddr_reg[4]/C

Slack:                    inf
  Source:                 s_axi_control_awaddr[5]
                            (input port)
  Destination:            bd_0_i/hls_inst/inst/control_s_axi_U/waddr_reg[5]/D
                            (rising edge-triggered cell FDRE clocked by ap_clk  {rise@0.000ns fall@5.000ns period=10.000ns})
  Path Group:             (none)
  Path Type:              Hold (Min at Fast Process Corner)
  Data Path Delay:        0.410ns  (logic 0.000ns (0.000%)  route 0.410ns (100.000%))
  Logic Levels:           0  
  Clock Path Skew:        0.432ns (DCD - SCD - CPR)
    Destination Clock Delay (DCD):    0.432ns
    Source Clock Delay      (SCD):    0.000ns
    Clock Pessimism Removal (CPR):    -0.000ns

    Location             Delay type                Incr(ns)  Path(ns)    Netlist Resource(s)
  -------------------------------------------------------------------    -------------------
                                                      0.000     0.000 r  s_axi_control_awaddr[5] (IN)
                         net (fo=0)                   0.410     0.410    bd_0_i/hls_inst/inst/control_s_axi_U/s_axi_control_AWADDR[3]
    SLICE_X66Y38         FDRE                                         r  bd_0_i/hls_inst/inst/control_s_axi_U/waddr_reg[5]/D
  -------------------------------------------------------------------    -------------------

                         (clock ap_clk rise edge)     0.000     0.000 r  
                                                      0.000     0.000 r  ap_clk (IN)
                         net (fo=7885, unset)         0.432     0.432    bd_0_i/hls_inst/inst/control_s_axi_U/ap_clk
    SLICE_X66Y38         FDRE                                         r  bd_0_i/hls_inst/inst/control_s_axi_U/waddr_reg[5]/C

Slack:                    inf
  Source:                 s_axi_control_awaddr[6]
                            (input port)
  Destination:            bd_0_i/hls_inst/inst/control_s_axi_U/waddr_reg[6]/D
                            (rising edge-triggered cell FDRE clocked by ap_clk  {rise@0.000ns fall@5.000ns period=10.000ns})
  Path Group:             (none)
  Path Type:              Hold (Min at Fast Process Corner)
  Data Path Delay:        0.410ns  (logic 0.000ns (0.000%)  route 0.410ns (100.000%))
  Logic Levels:           0  
  Clock Path Skew:        0.432ns (DCD - SCD - CPR)
    Destination Clock Delay (DCD):    0.432ns
    Source Clock Delay      (SCD):    0.000ns
    Clock Pessimism Removal (CPR):    -0.000ns

    Location             Delay type                Incr(ns)  Path(ns)    Netlist Resource(s)
  -------------------------------------------------------------------    -------------------
                                                      0.000     0.000 r  s_axi_control_awaddr[6] (IN)
                         net (fo=0)                   0.410     0.410    bd_0_i/hls_inst/inst/control_s_axi_U/s_axi_control_AWADDR[4]
    SLICE_X65Y39         FDRE                                         r  bd_0_i/hls_inst/inst/control_s_axi_U/waddr_reg[6]/D
  -------------------------------------------------------------------    -------------------

                         (clock ap_clk rise edge)     0.000     0.000 r  
                                                      0.000     0.000 r  ap_clk (IN)
                         net (fo=7885, unset)         0.432     0.432    bd_0_i/hls_inst/inst/control_s_axi_U/ap_clk
    SLICE_X65Y39         FDRE                                         r  bd_0_i/hls_inst/inst/control_s_axi_U/waddr_reg[6]/C

Slack:                    inf
  Source:                 s_axi_control_awaddr[7]
                            (input port)
  Destination:            bd_0_i/hls_inst/inst/control_s_axi_U/waddr_reg[7]/D
                            (rising edge-triggered cell FDRE clocked by ap_clk  {rise@0.000ns fall@5.000ns period=10.000ns})
  Path Group:             (none)
  Path Type:              Hold (Min at Fast Process Corner)
  Data Path Delay:        0.410ns  (logic 0.000ns (0.000%)  route 0.410ns (100.000%))
  Logic Levels:           0  
  Clock Path Skew:        0.432ns (DCD - SCD - CPR)
    Destination Clock Delay (DCD):    0.432ns
    Source Clock Delay      (SCD):    0.000ns
    Clock Pessimism Removal (CPR):    -0.000ns

    Location             Delay type                Incr(ns)  Path(ns)    Netlist Resource(s)
  -------------------------------------------------------------------    -------------------
                                                      0.000     0.000 r  s_axi_control_awaddr[7] (IN)
                         net (fo=0)                   0.410     0.410    bd_0_i/hls_inst/inst/control_s_axi_U/s_axi_control_AWADDR[5]
    SLICE_X65Y39         FDRE                                         r  bd_0_i/hls_inst/inst/control_s_axi_U/waddr_reg[7]/D
  -------------------------------------------------------------------    -------------------

                         (clock ap_clk rise edge)     0.000     0.000 r  
                                                      0.000     0.000 r  ap_clk (IN)
                         net (fo=7885, unset)         0.432     0.432    bd_0_i/hls_inst/inst/control_s_axi_U/ap_clk
    SLICE_X65Y39         FDRE                                         r  bd_0_i/hls_inst/inst/control_s_axi_U/waddr_reg[7]/C

Slack:                    inf
  Source:                 m_axi_gmem0_rdata[0]
                            (input port)
  Destination:            bd_0_i/hls_inst/inst/gmem0_m_axi_U/bus_read/rs_rdata/data_p2_reg[0]/D
                            (rising edge-triggered cell FDRE clocked by ap_clk  {rise@0.000ns fall@5.000ns period=10.000ns})
  Path Group:             (none)
  Path Type:              Hold (Min at Fast Process Corner)
  Data Path Delay:        0.410ns  (logic 0.000ns (0.000%)  route 0.410ns (100.000%))
  Logic Levels:           0  
  Clock Path Skew:        0.432ns (DCD - SCD - CPR)
    Destination Clock Delay (DCD):    0.432ns
    Source Clock Delay      (SCD):    0.000ns
    Clock Pessimism Removal (CPR):    -0.000ns

    Location             Delay type                Incr(ns)  Path(ns)    Netlist Resource(s)
  -------------------------------------------------------------------    -------------------
                                                      0.000     0.000 r  m_axi_gmem0_rdata[0] (IN)
                         net (fo=1, unset)            0.410     0.410    bd_0_i/hls_inst/inst/gmem0_m_axi_U/bus_read/rs_rdata/data_p2_reg[32]_0[0]
    SLICE_X54Y22         FDRE                                         r  bd_0_i/hls_inst/inst/gmem0_m_axi_U/bus_read/rs_rdata/data_p2_reg[0]/D
  -------------------------------------------------------------------    -------------------

                         (clock ap_clk rise edge)     0.000     0.000 r  
                                                      0.000     0.000 r  ap_clk (IN)
                         net (fo=7885, unset)         0.432     0.432    bd_0_i/hls_inst/inst/gmem0_m_axi_U/bus_read/rs_rdata/ap_clk
    SLICE_X54Y22         FDRE                                         r  bd_0_i/hls_inst/inst/gmem0_m_axi_U/bus_read/rs_rdata/data_p2_reg[0]/C

Slack:                    inf
  Source:                 m_axi_gmem0_rdata[10]
                            (input port)
  Destination:            bd_0_i/hls_inst/inst/gmem0_m_axi_U/bus_read/rs_rdata/data_p2_reg[10]/D
                            (rising edge-triggered cell FDRE clocked by ap_clk  {rise@0.000ns fall@5.000ns period=10.000ns})
  Path Group:             (none)
  Path Type:              Hold (Min at Fast Process Corner)
  Data Path Delay:        0.410ns  (logic 0.000ns (0.000%)  route 0.410ns (100.000%))
  Logic Levels:           0  
  Clock Path Skew:        0.432ns (DCD - SCD - CPR)
    Destination Clock Delay (DCD):    0.432ns
    Source Clock Delay      (SCD):    0.000ns
    Clock Pessimism Removal (CPR):    -0.000ns

    Location             Delay type                Incr(ns)  Path(ns)    Netlist Resource(s)
  -------------------------------------------------------------------    -------------------
                                                      0.000     0.000 r  m_axi_gmem0_rdata[10] (IN)
                         net (fo=1, unset)            0.410     0.410    bd_0_i/hls_inst/inst/gmem0_m_axi_U/bus_read/rs_rdata/data_p2_reg[32]_0[10]
    SLICE_X54Y22         FDRE                                         r  bd_0_i/hls_inst/inst/gmem0_m_axi_U/bus_read/rs_rdata/data_p2_reg[10]/D
  -------------------------------------------------------------------    -------------------

                         (clock ap_clk rise edge)     0.000     0.000 r  
                                                      0.000     0.000 r  ap_clk (IN)
                         net (fo=7885, unset)         0.432     0.432    bd_0_i/hls_inst/inst/gmem0_m_axi_U/bus_read/rs_rdata/ap_clk
    SLICE_X54Y22         FDRE                                         r  bd_0_i/hls_inst/inst/gmem0_m_axi_U/bus_read/rs_rdata/data_p2_reg[10]/C

Slack:                    inf
  Source:                 m_axi_gmem0_rdata[11]
                            (input port)
  Destination:            bd_0_i/hls_inst/inst/gmem0_m_axi_U/bus_read/rs_rdata/data_p2_reg[11]/D
                            (rising edge-triggered cell FDRE clocked by ap_clk  {rise@0.000ns fall@5.000ns period=10.000ns})
  Path Group:             (none)
  Path Type:              Hold (Min at Fast Process Corner)
  Data Path Delay:        0.410ns  (logic 0.000ns (0.000%)  route 0.410ns (100.000%))
  Logic Levels:           0  
  Clock Path Skew:        0.432ns (DCD - SCD - CPR)
    Destination Clock Delay (DCD):    0.432ns
    Source Clock Delay      (SCD):    0.000ns
    Clock Pessimism Removal (CPR):    -0.000ns

    Location             Delay type                Incr(ns)  Path(ns)    Netlist Resource(s)
  -------------------------------------------------------------------    -------------------
                                                      0.000     0.000 r  m_axi_gmem0_rdata[11] (IN)
                         net (fo=1, unset)            0.410     0.410    bd_0_i/hls_inst/inst/gmem0_m_axi_U/bus_read/rs_rdata/data_p2_reg[32]_0[11]
    SLICE_X55Y23         FDRE                                         r  bd_0_i/hls_inst/inst/gmem0_m_axi_U/bus_read/rs_rdata/data_p2_reg[11]/D
  -------------------------------------------------------------------    -------------------

                         (clock ap_clk rise edge)     0.000     0.000 r  
                                                      0.000     0.000 r  ap_clk (IN)
                         net (fo=7885, unset)         0.432     0.432    bd_0_i/hls_inst/inst/gmem0_m_axi_U/bus_read/rs_rdata/ap_clk
    SLICE_X55Y23         FDRE                                         r  bd_0_i/hls_inst/inst/gmem0_m_axi_U/bus_read/rs_rdata/data_p2_reg[11]/C

Slack:                    inf
  Source:                 m_axi_gmem0_rdata[12]
                            (input port)
  Destination:            bd_0_i/hls_inst/inst/gmem0_m_axi_U/bus_read/rs_rdata/data_p2_reg[12]/D
                            (rising edge-triggered cell FDRE clocked by ap_clk  {rise@0.000ns fall@5.000ns period=10.000ns})
  Path Group:             (none)
  Path Type:              Hold (Min at Fast Process Corner)
  Data Path Delay:        0.410ns  (logic 0.000ns (0.000%)  route 0.410ns (100.000%))
  Logic Levels:           0  
  Clock Path Skew:        0.432ns (DCD - SCD - CPR)
    Destination Clock Delay (DCD):    0.432ns
    Source Clock Delay      (SCD):    0.000ns
    Clock Pessimism Removal (CPR):    -0.000ns

    Location             Delay type                Incr(ns)  Path(ns)    Netlist Resource(s)
  -------------------------------------------------------------------    -------------------
                                                      0.000     0.000 r  m_axi_gmem0_rdata[12] (IN)
                         net (fo=1, unset)            0.410     0.410    bd_0_i/hls_inst/inst/gmem0_m_axi_U/bus_read/rs_rdata/data_p2_reg[32]_0[12]
    SLICE_X55Y23         FDRE                                         r  bd_0_i/hls_inst/inst/gmem0_m_axi_U/bus_read/rs_rdata/data_p2_reg[12]/D
  -------------------------------------------------------------------    -------------------

                         (clock ap_clk rise edge)     0.000     0.000 r  
                                                      0.000     0.000 r  ap_clk (IN)
                         net (fo=7885, unset)         0.432     0.432    bd_0_i/hls_inst/inst/gmem0_m_axi_U/bus_read/rs_rdata/ap_clk
    SLICE_X55Y23         FDRE                                         r  bd_0_i/hls_inst/inst/gmem0_m_axi_U/bus_read/rs_rdata/data_p2_reg[12]/C





